No,Ch1,Ch2,Ch3,Ch4
21566,0.232607232393715,0.0945226760926876,0.559872244270352,0.112997847243245
21567,0.0191387586228897,0.26509634000018,0.532262239019065,0.183502662357866
21568,0.337646656917509,0.422378635398919,0.100647783161857,0.139326924521714
21569,0.379545871936417,0.0783063256564186,0.341823372079981,0.200324430327184
21570,0.175204246061444,0.254901541126296,0.522390588623195,0.0475036241890652
21571,0.0972772249155521,0.567271138995471,0.252859482625962,0.0825921534630153
21572,0.0865743490157002,0.0190262314468444,0.740524968829542,0.153874450707914
21573,0.0310401357823785,0.0792544575946258,0.207190985847811,0.682514420775185
21574,0.1152777416177,0.312638011380118,0.408609601362062,0.163474645640119
21575,0.0119910645886021,0.0387068358618155,0.89318129578094,0.0561208037686421
21576,0.0752498843705149,0.136882866450581,0.419672720625424,0.36819452855348
21577,0.0582924541733013,0.0380376411941982,0.873235367140891,0.0304345374916091
21578,0.413056404791834,0.291872225960651,0.109378932503865,0.185692436743651
21579,0.0158305325961776,0.0476204735221991,0.079522848629301,0.857026145252322
21580,0.0376183431144074,0.275503743093608,0.257358403700738,0.429519510091247
21581,0.261779998850542,0.0550062207861326,0.291579015223404,0.391634765139921
21582,0.0280978240319046,0.172407632720087,0.355936779031451,0.443557764216558
21583,0.0744739539477281,0.127951304841969,0.299805114931097,0.497769626279206
21584,0.240741988084787,0.26332295928025,0.0333932934667941,0.462541759168169
21585,0.358557362027781,0.186272840356767,0.264235799530192,0.190933998085261
21586,0.189723829648432,0.303462018399656,0.385566362390128,0.121247789561783
21587,0.044189325806729,0.589912061861294,0.237628888967747,0.12826972336423
21588,0.0751809185454682,0.1537907526106,0.615206660148977,0.155821668694955
21589,0.195393980573476,0.155129252077482,0.47553445800605,0.173942309342992
21590,0.0311040581539099,0.179575403722,0.653369760688167,0.135950777435924
21591,0.0221883295302369,0.141768037469356,0.534551214255007,0.3014924187454
21592,0.0446861530334701,0.175390805112375,0.0722774341607132,0.707645607693442
21593,0.775138961516809,0.0655304915058837,0.113310891511103,0.0460196554662051
21594,0.109347719088899,0.17585849646935,0.166530314411187,0.548263470030563
21595,0.423108135237232,0.110617614073221,0.0530770397114798,0.413197210978067
21596,0.0885493028376228,0.657761765605968,0.149856153017958,0.103832778538452
21597,0.546493687511766,0.158495051418143,0.0271025140226396,0.267908747047451
21598,0.109681044343231,0.3995297210166,0.276063890566764,0.214725344073405
21599,0.173795793376554,0.59640663851606,0.176879833779909,0.0529177343274761
21600,0.0444259108544525,0.160121790892094,0.126612766691283,0.668839531562171
21601,0.0290115405490915,0.138759156457038,0.456451256433868,0.375778046560003
21602,0.0313148746962854,0.644545249866573,0.201623225210618,0.122516650226524
21603,0.586424631573062,0.0274062323076462,0.0748398271636561,0.311329308955636
21604,0.0495276791462614,0.283756700048686,0.326478052871198,0.340237567933854
21605,0.0688992876070651,0.0707449340217739,0.696678177161068,0.163677601210093
21606,0.375675847205823,0.020663600527399,0.314558668032527,0.289101884234252
21607,0.597375706499029,0.0782312889848019,0.0554680162904363,0.268924988225733
21608,0.0801473034467893,0.577766309084761,0.0212381985432512,0.320848188925199
21609,0.0262374921428631,0.0695142689089596,0.630050756146526,0.274197482801652
21610,0.201602756864565,0.431137358421641,0.0121693471510083,0.355090537562785
21611,0.0541395636276695,0.0388077498241273,0.6634643170972,0.243588369451003
21612,0.781964216988804,0.0513759000617094,0.0881583042305303,0.0785015787189564
21613,0.0211752145121726,0.238190582223621,0.294533946485173,0.446100256779034
21614,0.055665701291473,0.46446969015401,0.259429694885677,0.22043491366884
21615,0.189467140535564,0.422814668995304,0.0226044851439987,0.365113705325133
21616,0.0833908818464349,0.0649469508443676,0.638655433026688,0.213006734282509
21617,0.297574275308654,0.344346806917296,0.158790232838093,0.199288684935956
21618,0.117013449432043,0.157890093580932,0.221538077798104,0.503558379188921
21619,0.125165640867562,0.169192396057222,0.0435934682672104,0.662048494808005
21620,0.0446686091747912,0.788466200402831,0.0527882051129799,0.114076985309398
21621,0.0930348664037727,0.360127823489405,0.142003473785893,0.404833836320929
21622,0.0646975625232853,0.269631668363405,0.101524988178849,0.564145780934461
21623,0.419331989549105,0.227273705200913,0.15433549728573,0.199058807964251
21624,0.606122893992732,0.133312115811201,0.0653140095607886,0.195250980635279
21625,0.0512585611533271,0.0455032587658426,0.725447038627155,0.177791141453675
21626,0.624882184780212,0.0455641433258244,0.159557930654037,0.169995741239927
21627,0.140319571179317,0.0606274519504821,0.518713956576395,0.280339020293807
21628,0.137448277648032,0.486858691558062,0.321150499862961,0.0545425309309451
21629,0.589267974028689,0.0983119542749433,0.048897487734961,0.263522583961407
21630,0.300934109631869,0.130892237847216,0.135713750825693,0.432459901695222
21631,0.118495095682976,0.0711322830466149,0.775380864874251,0.0349917563961585
21632,0.0269595709761498,0.212623830652311,0.609852778503675,0.150563819867865
21633,0.235324916609975,0.426160890913066,0.104323485924789,0.23419070655217
21634,0.133865883399572,0.719172191959039,0.0999962431598038,0.0469656814815855
21635,0.0781041484262249,0.701169741909892,0.155787655795623,0.0649384538682592
21636,0.605774135936641,0.111162153712532,0.0677048281199755,0.215358882230852
21637,0.450380041972152,0.329322999017595,0.108783193270625,0.111513765739628
21638,0.10675939990059,0.31465195764886,0.452398314527457,0.126190327923093
21639,0.101422801712648,0.643549145834102,0.0860581276257488,0.168969924827501
21640,0.515140191357911,0.363136128468708,0.0485819826007736,0.0731416975726077
21641,0.286612681958805,0.185876054748574,0.413040639674822,0.114470623617799
21642,0.260669665139548,0.38843375545242,0.110319415446284,0.240577163961748
21643,0.0973685194018141,0.219598201323806,0.54469565804796,0.13833762122642
21644,0.176707276465212,0.360000947336295,0.233264763487944,0.230027012710549
21645,0.0466344603171019,0.715385920032836,0.138703778604254,0.0992758410458081
21646,0.407471417662649,0.111869064918632,0.41389034832979,0.066769169088929
21647,0.129990837551959,0.183648733001906,0.459935719621336,0.226424709824799
21648,0.307264879719317,0.0445986915875528,0.284009234197842,0.364127194495288
21649,0.620859965325865,0.101810165701661,0.1301849982344,0.147144870738073
21650,0.232605655266248,0.320441488325837,0.234113964019989,0.212838892387926
21651,0.554331502152944,0.0567905513378222,0.0908144493083159,0.298063497200918
21652,0.037300589663781,0.0710034627538108,0.0576363536214937,0.834059593960915
21653,0.750286109117942,0.0950694243364642,0.104936269191913,0.0497081973536809
21654,0.722833474678056,0.121823561127496,0.0921740808465202,0.0631688833479284
21655,0.213831621172166,0.0999425895049928,0.644355615258157,0.0418701740646849
21656,0.48365707470593,0.102180890429993,0.18863322119221,0.225528813671868
21657,0.660713134846729,0.142494854290109,0.0665723447974425,0.13021966606572
21658,0.404171535179513,0.0855944701274093,0.302163065759962,0.208070928933116
21659,0.487067113794553,0.146741533433091,0.103287137057123,0.262904215715234
21660,0.0999478030244922,0.0702851595908562,0.219493031446204,0.610274005938448
21661,0.11152788784975,0.426474292937959,0.19435020010522,0.267647619107071
21662,0.0277615932779383,0.59839033981266,0.0586033375379862,0.315244729371415
21663,0.138724971110325,0.150247159364162,0.63447107418279,0.0765567953427228
21664,0.0403213947366369,0.495349855107894,0.214177088546117,0.250151661609353
21665,0.241987920251819,0.392072657524004,0.185858746361503,0.180080675862673
21666,0.0565615070482696,0.391813494102253,0.280560197475032,0.271064801374445
21667,0.0192801362242189,0.40104534029042,0.339386270501699,0.240288252983663
21668,0.21417923267259,0.208057634966096,0.414410650093238,0.163352482268076
21669,0.174076524451467,0.347515513006506,0.0892436556868021,0.389164306855225
21670,0.107627448159707,0.458203454024433,0.145331683331775,0.288837414484086
21671,0.088386370945929,0.476389204635058,0.412102794837606,0.0231216295814067
21672,0.0369510734394823,0.183238153183837,0.575965317338915,0.203845456037766
21673,0.406361517454776,0.203740117290003,0.0191607991552287,0.370737566099993
21674,0.255741728689428,0.0607032477303652,0.525367496126778,0.158187527453429
21675,0.403087485713308,0.196965880967658,0.0960673322387728,0.303879301080261
21676,0.065561922665058,0.622179720087442,0.222789190193459,0.0894691670540415
21677,0.740014102090266,0.0600091698448301,0.136687391812657,0.0632893362522463
21678,0.074025001653048,0.527463122741783,0.355411028058862,0.0431008475463072
21679,0.0741701042780439,0.608369869093916,0.0718196434388622,0.245640383189178
21680,0.0998675935632311,0.177542907595964,0.610131911945805,0.112457586895
21681,0.186921669040605,0.0386359170092038,0.329700878209799,0.444741535740392
21682,0.247445762176857,0.292560391758257,0.0696136458506101,0.390380200214276
21683,0.220847905281715,0.0264510245215571,0.472520130331668,0.28018093986506
21684,0.256217255363562,0.0336481929625738,0.315313048528116,0.394821503145748
21685,0.119907907939072,0.178601323759961,0.0678583551000722,0.633632413200895
21686,0.0579021314741408,0.544865683424599,0.099787636841359,0.297444548259902
21687,0.165575890320267,0.144120190595404,0.312225161642552,0.378078757441777
21688,0.196437723313589,0.204504425209219,0.0889623316488672,0.510095519828325
21689,0.166092595602658,0.60777653061633,0.0721555657376882,0.153975308043324
21690,0.786973355064014,0.135224103842223,0.020557791103631,0.0572447499901324
21691,0.0737636546352258,0.408651425390557,0.0643261648782396,0.453258755095978
21692,0.0275566329900994,0.269510416866621,0.589444125951175,0.113488824192105
21693,0.11367633738184,0.357774117414396,0.0755276634015655,0.453021881802199
21694,0.0378544275033194,0.25017386824898,0.102527169669956,0.609444534577745
21695,0.627162291765504,0.181463416600242,0.123864866286515,0.067509425347738
21696,0.629263709859037,0.173327999989129,0.0447167365132304,0.152691553638604
21697,0.659285921673546,0.092893450719639,0.079779705775078,0.168040921831737
21698,0.0875673822482436,0.0745460968952458,0.771129822146182,0.066756698710329
21699,0.467699481747825,0.446517452750102,0.0244978979767545,0.0612851675253187
21700,0.328852536954871,0.341702168024622,0.208648807688547,0.12079648733196
21701,0.436510064037021,0.25707735212877,0.169533985506967,0.136878598327241
21702,0.072277086187291,0.472316195318074,0.24420423073366,0.211202487760974
21703,0.222407544124039,0.506360356873003,0.0518294325391384,0.219402666463819
21704,0.0449867701370146,0.270275030759378,0.453182334482968,0.23155586462064
21705,0.062493086636048,0.0511475943200079,0.664080849757268,0.222278469286676
21706,0.0651441687797659,0.547465820915388,0.0549562847963428,0.332433725508504
21707,0.0484770151650441,0.638691449157094,0.138656461453873,0.17417507422399
21708,0.0290402380233759,0.535035941057437,0.118441255012774,0.317482565906413
21709,0.307035900880289,0.1632704999774,0.0161517791476636,0.513541819994648
21710,0.400799130171477,0.0764476691683044,0.0568326306216482,0.46592057003857
21711,0.0202334276588506,0.513575988741013,0.221079885205625,0.245110698394512
21712,0.0345690503781829,0.389239640423972,0.0364055349641898,0.539785774233656
21713,0.733739295984496,0.11193446772365,0.0954250820060286,0.0589011542858258
21714,0.0676205675134343,0.600824621483741,0.096797278108523,0.234757532894302
21715,0.489992182767984,0.184169281928422,0.210719984462011,0.115118550841583
21716,0.110774606356465,0.113147004346143,0.324485113918635,0.451593275378757
21717,0.196431646971373,0.0592675723367243,0.523547335629932,0.22075344506197
21718,0.273250577023135,0.513131848194913,0.0204131989928916,0.19320437578906
21719,0.237404572131765,0.240327546785494,0.160824272719942,0.361443608362799
21720,0.290314991438506,0.256653180574288,0.0667874616425396,0.386244366344667
21721,0.14736957802209,0.144998687555847,0.358431868221481,0.349199866200582
21722,0.58499831574553,0.249959304696249,0.0328541691048738,0.132188210453348
21723,0.0710898190182805,0.390746023056838,0.160834903066745,0.377329254858137
21724,0.163879349052089,0.307942626264224,0.230830140024922,0.297347884658764
21725,0.0432845481186731,0.145155677767948,0.219254834279189,0.59230493983419
21726,0.0171096671656709,0.348735617423963,0.327697799851595,0.30645691555877
21727,0.150070115264903,0.0454448232910889,0.646138034937583,0.158347026506425
21728,0.0431800972294675,0.0809778065023834,0.308761326004594,0.567080770263555
21729,0.213201664355068,0.295751306594121,0.166600261873421,0.32444676717739
21730,0.476886340626347,0.0246017913160122,0.110893776696486,0.387618091361156
21731,0.328108684615943,0.122027387152798,0.324456484867662,0.225407443363598
21732,0.316385631995276,0.118445497505529,0.0322257869765421,0.532943083522654
21733,0.600855656018257,0.243875634156354,0.0355923798509384,0.11967632997445
21734,0.0170032230778263,0.491010652074337,0.424213286348592,0.0677728384992447
21735,0.174480312944391,0.281826628710078,0.028574136239201,0.51511892210633
21736,0.86667010710194,0.0204100417769119,0.0412874053538842,0.0716324457672643
21737,0.374392630372238,0.144813488194846,0.385028873862261,0.0957650075706551
21738,0.322783690271231,0.30416103562315,0.181323498081074,0.191731776024545
21739,0.163354523236611,0.296997358162062,0.419662590180389,0.119985528420939
21740,0.0514537653613719,0.568406898608454,0.268709645268395,0.111429690761779
21741,0.163258311413998,0.503299645619092,0.171929028766156,0.161513014200754
21742,0.252260035708651,0.177567686394896,0.375854033799306,0.194318244097147
21743,0.450707890682389,0.270596556481641,0.0278529049457916,0.250842647890178
21744,0.230175642690985,0.273394284534791,0.412841184756626,0.083588888017598
21745,0.157937578803612,0.0726520136014997,0.387222964895417,0.382187442699472
21746,0.404206226792234,0.341333239954816,0.104662194010196,0.149798339242754
21747,0.754140565848345,0.090018657081026,0.10533895501326,0.0505018220573687
21748,0.423093475930007,0.397579927709309,0.0849223692390792,0.0944042271216049
21749,0.0497394180532898,0.485826760653071,0.289723372283441,0.174710449010198
21750,0.0712529970975468,0.0740878138470604,0.565574095782051,0.289085093273342
21751,0.558899751153494,0.0668887147459787,0.319814412352713,0.0543971217478146
21752,0.456696236866762,0.0861696912066845,0.185500552466654,0.271633519459899
21753,0.319800973476938,0.176852716506961,0.183760545192669,0.319585764823431
21754,0.0350608217560324,0.676493800288673,0.0289742916787102,0.259471086276584
21755,0.127816004739833,0.256607704772691,0.258246004641289,0.357330285846187
21756,0.0272100699677655,0.395061751141518,0.265088587473483,0.312639591417234
21757,0.121935093091365,0.614104937419704,0.0306179762697413,0.23334199321919
21758,0.238943314314557,0.153525442619118,0.298946962494612,0.308584280571713
21759,0.33512734090818,0.485667872381104,0.143131522460777,0.0360732642499391
21760,0.0727696874141158,0.060613568463024,0.583901045939659,0.282715698183201
21761,0.0729205984431996,0.129207253843149,0.581588875619677,0.216283272093975
21762,0.0176703363715022,0.92980550756849,0.00906242180502401,0.0434617342549835
21763,0.450584070787535,0.0509412623781559,0.0242637918038544,0.474210875030455
21764,0.245248161799596,0.0586447322920471,0.53027164890877,0.165835456999587
21765,0.555605513452939,0.152912505249537,0.112654150070684,0.178827831226841
21766,0.0223519315757372,0.440343294492482,0.0333191092487803,0.503985664683
21767,0.239949917494571,0.14603188578388,0.372611228454021,0.241406968267528
21768,0.151140491012982,0.486949900809092,0.237649498819529,0.124260109358397
21769,0.232614044045753,0.14756458561132,0.0285334913857707,0.591287878957156
21770,0.0468381436989219,0.323025048319399,0.546075898920183,0.0840609090614953
21771,0.0164223633967039,0.121711097011437,0.56725884424119,0.294607695350669
21772,0.133723065629886,0.276296150849238,0.237154877353635,0.352825906167241
21773,0.169236048716714,0.637398873779007,0.0832420051770846,0.110123072327195
21774,0.0246590849028793,0.0898696049385479,0.583574801107509,0.301896509051064
21775,0.25480327832453,0.282755853410535,0.273201623007254,0.189239245257681
21776,0.295914939583905,0.41784468525981,0.144404544178813,0.141835830977472
21777,0.0307053642572926,0.0173805612058175,0.792190228238226,0.159723846298664
21778,0.401322534626748,0.170796990293339,0.128161607951756,0.299718867128157
21779,0.145164935884762,0.483415893303236,0.0960151480060872,0.275404022805915
21780,0.112221378591818,0.0574358521442014,0.588304346394182,0.242038422869798
21781,0.0974032489493022,0.0523841359373718,0.616756413097082,0.233456202016245
21782,0.526308873914242,0.0310299968862474,0.357608636331601,0.0850524928679097
21783,0.236293367111839,0.0431896679883239,0.12106087282113,0.599456092078707
21784,0.727865635601501,0.11799028670407,0.07588556793423,0.0782585097601985
21785,0.0121913295802463,0.894051959561227,0.0727578560807279,0.0209988547777984
21786,0.022103777268971,0.0327117247254751,0.429488488208469,0.515696009797085
21787,0.0141217051503519,0.90725983629492,0.0253032483458113,0.0533152102089169
21788,0.541918925805311,0.130511398750516,0.0215601267001874,0.306009548743986
21789,0.0925906380222208,0.179424917881478,0.207374320907751,0.52061012318855
21790,0.828649868888382,0.0494057861638423,0.0240934773402675,0.0978508676075078
21791,0.275360114489079,0.0930313576859286,0.20172459082187,0.429883937003123
21792,0.0609695082953873,0.184516360127902,0.511708433359475,0.242805698217236
21793,0.0715957676063282,0.172638503868084,0.600701553539573,0.155064174986015
21794,0.177671050862298,0.515000523694799,0.210359241699734,0.0969691837431687
21795,0.243337074588042,0.0107479936654047,0.668735201705112,0.0771797300414414
21796,0.281573549091336,0.233048887904677,0.18719487445978,0.298182688544207
21797,0.277236902134233,0.437906596967011,0.12026251967568,0.164593981223077
21798,0.637090667535656,0.0517252622508882,0.141639806905201,0.169544263308255
21799,0.0746439330606796,0.0573859289101775,0.218573253634425,0.649396884394719
21800,0.0747348257304611,0.0657980551159255,0.513464719879977,0.346002399273636
21801,0.059745902054885,0.191001454629023,0.221732596520919,0.527520046795173
21802,0.00915251228891778,0.1020448779077,0.670773337232343,0.218029272571039
21803,0.0656603662248025,0.0731347949224789,0.663561438766246,0.197643400086472
21804,0.172471592982252,0.628406341758499,0.0609926410962924,0.138129424162957
21805,0.587286122157448,0.0600847647828605,0.0904520261859984,0.262177086873694
21806,0.0422742530403915,0.591833040133276,0.128036492231838,0.237856214594495
21807,0.0875312300186752,0.397197113553311,0.140863977591966,0.374407678836048
21808,0.18217819394234,0.0781200506546275,0.098542417240408,0.641159338162624
21809,0.656269810063513,0.0296070321758853,0.0445966475455034,0.269526510215099
21810,0.898648018606186,0.0216525422336484,0.0360355833202868,0.0436638558398793
21811,0.223097010248665,0.643736724775227,0.090887308445251,0.0422789565308569
21812,0.0891718837608632,0.0141802528354079,0.60825627787172,0.288391585532009
21813,0.324885476885613,0.427991351427822,0.103936523572382,0.143186648114182
21814,0.19073893837433,0.390375524311008,0.292680695487259,0.126204841827404
21815,0.366313246564628,0.0551634323142149,0.397989769079125,0.180533552042032
21816,0.431657860899381,0.394071246138527,0.0681482314425219,0.106122661519571
21817,0.110527068339868,0.12932965666386,0.651755834381682,0.10838744061459
21818,0.0622809667183411,0.067206854275488,0.621320456391891,0.249191722614281
21819,0.297084355073905,0.219492573088642,0.074551377282695,0.408871694554759
21820,0.760799161747022,0.130402386354821,0.0524313540114257,0.0563670978867315
21821,0.113662125532369,0.0706211019259253,0.649911367614358,0.165805404927348
21822,0.391819486791484,0.491486041839586,0.0420970129741827,0.0745974583947471
21823,0.206225661750393,0.454775137789081,0.21613432236325,0.122864878097277
21824,0.116453411395866,0.499772886635709,0.25613973596926,0.127633965999166
21825,0.0139290165093106,0.573993045931393,0.078363558922406,0.33371437863689
21826,0.242324854767444,0.293635374002487,0.413686502645949,0.050353268584121
21827,0.0264094499930773,0.0379095227158542,0.852870797347651,0.0828102299434171
21828,0.049188473263227,0.420685991472354,0.216832263148871,0.313293272115548
21829,0.164188924671168,0.166673999061371,0.516874583576625,0.152262492690837
21830,0.115530462530477,0.0488219150554777,0.757196077620255,0.0784515447937897
21831,0.305594579853627,0.261548341143629,0.104841820231891,0.328015258770854
21832,0.170024394696384,0.407920441512455,0.0555884712617263,0.366466692529434
21833,0.523221876099905,0.121125283864176,0.167467803252797,0.188185036783121
21834,0.614313758810171,0.146340816849765,0.115299959204936,0.124045465135129
21835,0.0663169905785787,0.402109628315925,0.116953874213164,0.414619506892332
21836,0.0651195818312041,0.1653619184989,0.513805156205403,0.255713343464493
21837,0.0807408504509609,0.0424859944575347,0.602160997867081,0.274612157224424
21838,0.186224381921187,0.0630412745400191,0.472259367995226,0.278474975543568
21839,0.0689006276010298,0.613832212870713,0.0963939715608958,0.220873187967362
21840,0.791529468138881,0.0222171760110791,0.0866201338461815,0.0996332220038584
21841,0.458791263152179,0.0797136410161369,0.0732204650779407,0.388274630753744
21842,0.0424562843260891,0.170290804293252,0.664101462643666,0.123151448736993
21843,0.637859257778866,0.0821552940722132,0.0559862622663152,0.223999185882606
21844,0.0190888414608153,0.583380043309585,0.10160835332346,0.29592276190614
21845,0.267685578317743,0.138789648808702,0.228182250867326,0.365342522006228
21846,0.0633818292571658,0.55739914919075,0.0916847854095906,0.287534236142494
21847,0.428132230687898,0.0458772824057628,0.338130288655165,0.187860198251174
21848,0.0612277956401164,0.156934409477615,0.0128718129760726,0.768965981906196
21849,0.609226136438747,0.133295697274564,0.0565917616109803,0.200886404675708
21850,0.522528091904694,0.0829737490001811,0.043281000768765,0.35121715832636
21851,0.178961458422116,0.652568654360034,0.089308658138309,0.0791612290795416
21852,0.406608838929097,0.0979349640544965,0.272253770612661,0.223202426403746
21853,0.134767936380645,0.197056651618602,0.415824658017172,0.252350753983581
21854,0.409919586073393,0.159272988540912,0.198060926623122,0.232746498762573
21855,0.0978706960189299,0.538631069736437,0.134632827621603,0.22886540662303
21856,0.40426651040648,0.104242843125333,0.382181660285366,0.109308986182822
21857,0.0441434551208428,0.630181405202409,0.114857724371368,0.21081741530538
21858,0.664981194511605,0.0414762979385609,0.0460982335248697,0.247444274024965
21859,0.841976987788052,0.0401472783493935,0.0523354700994425,0.0655402637631122
21860,0.657483860296031,0.158331048229407,0.0838195808973724,0.100365510577191
21861,0.273967349323804,0.168068027084566,0.491067756651969,0.066896866939661
21862,0.0686256715530552,0.491369143886291,0.347190021684011,0.0928151628766426
21863,0.0520880484336683,0.312069348782542,0.24010664247763,0.39573596030616
21864,0.120537308943858,0.747095083811368,0.0565090482183577,0.0758585590264157
21865,0.119534690523981,0.368516806905978,0.426572784521209,0.0853757180488319
21866,0.256585073461136,0.0950246071836504,0.516247235721647,0.132143083633566
21867,0.0358051957931398,0.0973117651189981,0.354867010587813,0.51201602850005
21868,0.160806676999352,0.105796506453512,0.482687304285184,0.250709512261952
21869,0.215317888302184,0.0509387360619971,0.209146608233314,0.524596767402505
21870,0.271872204260426,0.342924726561035,0.119608186868246,0.265594882310293
21871,0.545965383468056,0.154598325618605,0.0442685623960514,0.255167728517287
21872,0.0667934054463198,0.443913503388762,0.372784092763856,0.116508998401062
21873,0.444926088504812,0.314760432381211,0.203055866637598,0.0372576124763784
21874,0.234120454671844,0.518574575540482,0.125312293086089,0.121992676701585
21875,0.327014938419519,0.219926851291917,0.0528257252710303,0.400232485017533
21876,0.512410269385998,0.103269760388688,0.274512608175914,0.109807362049401
21877,0.0619902595033786,0.311337269348043,0.107043719007555,0.519628752141023
21878,0.235806596517488,0.607565830562129,0.0826681503752387,0.0739594225451445
21879,0.293575342962136,0.139866616739854,0.0296688814062083,0.536889158891802
21880,0.532434787437937,0.156651099856786,0.217316693321285,0.0935974193839915
21881,0.17844294602892,0.348340688319821,0.148767230499424,0.324449135151834
21882,0.163799897419944,0.186453356705026,0.261297911366075,0.388448834508956
21883,0.0236674563366336,0.386802290416931,0.293130510392759,0.296399742853676
21884,0.0980802702845067,0.465915804779214,0.0219814533223753,0.414022471613904
21885,0.0523386419952142,0.356337103924867,0.0681614186240238,0.523162835455895
21886,0.334547706994015,0.217736345357178,0.0786553104259194,0.369060637222887
21887,0.0875382024311165,0.0786035068518711,0.562186895468019,0.271671395248994
21888,0.0376829430892462,0.283426748172172,0.555641397368858,0.123248911369724
21889,0.12183055224724,0.416533966519013,0.338505743374297,0.12312973785945
21890,0.222659921514259,0.323523175716383,0.166557918027464,0.287258984741894
21891,0.526202559355505,0.0306616559521259,0.344294039845902,0.0988417448464672
21892,0.0595986582677296,0.431947384819645,0.13335296771323,0.375100989199395
21893,0.121174301142516,0.369325158156255,0.090436463073984,0.419064077627245
21894,0.183147365444449,0.108791200912124,0.208245993485809,0.499815440157618
21895,0.0237197315072982,0.0545825954690293,0.849723352054969,0.0719743209687036
21896,0.400342417088594,0.130078525356244,0.287349384090491,0.182229673464671
21897,0.157428745615476,0.370952469304525,0.225687302145647,0.245931482934352
21898,0.172976847422624,0.308616538199875,0.30820303909146,0.210203575286041
21899,0.406483419213453,0.0734890756028916,0.440332910121277,0.0796945950623787
21900,0.0357494522896259,0.0558880338628816,0.0587198637779166,0.849642650069576
21901,0.184882022287195,0.739882466051181,0.0123537406398602,0.0628817710217639
21902,0.0305942350126814,0.0811688282119339,0.681568700490701,0.206668236284684
21903,0.0416473701736243,0.0494468607806033,0.613835362283574,0.295070406762199
21904,0.123571911460951,0.0850944235597868,0.202706847406715,0.588626817572547
21905,0.0179407173950282,0.46697220410186,0.296399713692678,0.218687364810434
21906,0.0445163557808541,0.17897280788511,0.0719653036501376,0.704545532683898
21907,0.0384844924089313,0.273005830408399,0.0539614897982207,0.634548187384449
21908,0.287374659239392,0.280385900320908,0.171411668251049,0.260827772188651
21909,0.349787014469523,0.0668855813311231,0.297653077029302,0.285674327170053
21910,0.529264858710065,0.124307161984742,0.0944562004932845,0.251971778811908
21911,0.200550770415132,0.546972015321798,0.1559419975925,0.0965352166705704
21912,0.136910897736531,0.668033876755725,0.0257466334653761,0.169308592042368
21913,0.150412239158275,0.458800335154954,0.0748550766176006,0.31593234906917
21914,0.133271260599313,0.0874411705952144,0.238629852108043,0.54065771669743
21915,0.269668816688906,0.0329847773334754,0.318550863944511,0.378795542033108
21916,0.0222735409136247,0.0988193230338221,0.290476101370682,0.588431034681871
21917,0.198011502052436,0.120786614811403,0.28220909827731,0.398992784858851
21918,0.0794380230375668,0.0575987588768906,0.807730460489795,0.0552327575957474
21919,0.205778773569603,0.0383431706209748,0.602904068842789,0.152973986966634
21920,0.240284764100808,0.129032199797526,0.146101826669897,0.484581209431769
21921,0.045073043430603,0.798081469850236,0.0559148545586092,0.100930632160552
21922,0.507484158444784,0.250317554269071,0.0372401299371753,0.20495815734897
21923,0.185609059168503,0.0475898407804356,0.197601443263228,0.569199656787833
21924,0.250823684972956,0.107187024881576,0.20223742308781,0.439751867057657
21925,0.699195267617299,0.0836522126392849,0.0954643164263041,0.121688203317112
21926,0.481412857059389,0.0832419538281157,0.033235709149059,0.402109479963437
21927,0.105466127686935,0.192381546636344,0.599821684789901,0.10233064088682
21928,0.0709757443997834,0.729194494238773,0.0864014268615529,0.113428334499891
21929,0.122944588985602,0.0898388311916424,0.171086708822106,0.616129871000649
21930,0.0130330530030602,0.502021817141873,0.247863521070226,0.237081608784841
21931,0.132835335575341,0.539646833325115,0.044001345378454,0.28351648572109
21932,0.0967803779945628,0.0760762092000481,0.622849040533977,0.204294372271412
21933,0.070950913474923,0.625587215704752,0.0755627859600472,0.227899084860278
21934,0.110169326988766,0.517528770263217,0.135465436381369,0.236836466366647
21935,0.0797598523775444,0.245752365833422,0.0686795198294874,0.605808261959547
21936,0.119205841444321,0.272823764025721,0.159476276977178,0.44849411755278
21937,0.099285701649461,0.162668659312572,0.537158555422545,0.200887083615422
21938,0.0126491769916605,0.540266939104579,0.245625069392233,0.201458814511528
21939,0.0541123543667383,0.480678983263198,0.0967551791771537,0.36845348319291
21940,0.465955513990609,0.185246293828553,0.121155453145151,0.227642739035688
21941,0.194994069812771,0.0542081893844974,0.165215733241389,0.585582007561342
21942,0.0754366614811862,0.878208266937449,0.024686462675856,0.0216686089055085
21943,0.0458390673942086,0.582809581678372,0.0494351330931111,0.321916217834308
21944,0.133877593059249,0.206381880444898,0.434788997119347,0.224951529376507
21945,0.0949685689981505,0.528366080872205,0.0320518538133834,0.344613496316261
21946,0.392350687663261,0.291393082209494,0.12225187197323,0.194004358154015
21947,0.45251804923345,0.257975353267909,0.118073465149559,0.171433132349082
21948,0.0521910897073741,0.532496777087138,0.169812338907811,0.245499794297677
21949,0.148777152267891,0.415309868676122,0.132441343550716,0.303471635505271
21950,0.196454355897913,0.444595420429704,0.0606564796053579,0.298293744067026
21951,0.0523492140983828,0.299214991636509,0.393774199359686,0.254661594905423
21952,0.33384471362465,0.0508995200414048,0.0600488357938359,0.55520693054011
21953,0.494686308938419,0.189116436698193,0.0532230499684537,0.262974204394935
21954,0.144427006503237,0.0570684294736907,0.0637224498175191,0.734782114205553
21955,0.347864318968598,0.0373022140591167,0.21628317617911,0.398550290793176
21956,0.0111912428261106,0.10605130421457,0.157495452365012,0.725262000594308
21957,0.406661358702024,0.118149654188205,0.172779238329201,0.30240974878057
21958,0.0116743318264497,0.875848163945285,0.0415763900139529,0.0709011142143129
21959,0.0638015369204168,0.103114721871717,0.0669637447651167,0.76611999644275
21960,0.112139930969452,0.531764873939885,0.0151325354961988,0.340962659594465
21961,0.156650951092325,0.234465188394521,0.291177323474517,0.317706537038637
21962,0.727633559218131,0.0807496292887407,0.0858420599434665,0.105774751549662
21963,0.0602856023798823,0.683411855674328,0.207144886185937,0.0491576557598528
21964,0.0806927312497573,0.0392397421536267,0.812827681988808,0.0672398446078081
21965,0.0955011752611805,0.0620436344585606,0.167163618069618,0.675291572210641
21966,0.0624441594624612,0.0418873468442452,0.345123299995125,0.550545193698169
21967,0.572540276821616,0.0422691577177818,0.238018334861043,0.147172230599559
21968,0.19528516522294,0.605306630049652,0.0565603835461059,0.142847821181303
21969,0.0161353669921351,0.104318028224131,0.13696704218829,0.742579562595445
21970,0.228109332885571,0.236572265836781,0.177621825902245,0.357696575375404
21971,0.127806683711012,0.498317416094662,0.322256517260691,0.0516193829336346
21972,0.327388736278218,0.127607152919523,0.118910628360726,0.426093482441534
21973,0.428549589119914,0.196298879526512,0.0507611971767338,0.32439033417684
21974,0.566740928541931,0.194792025152228,0.0308776586149831,0.207589387690858
21975,0.0197163722010993,0.0648979641132712,0.1852059489567,0.73017971472893
21976,0.342470179726253,0.197606157616392,0.277023065465625,0.182900597191731
21977,0.189058453305794,0.410533996037584,0.14953711572493,0.250870434931693
21978,0.209860829447963,0.0565669323503343,0.36701696420859,0.366555273993113
21979,0.183187575817798,0.111360583479801,0.0524867764625846,0.652965064239817
21980,0.0580880615203546,0.545234774648892,0.0386579302116712,0.358019233619082
21981,0.130096360224941,0.509911381621792,0.0925609289695698,0.267431329183697
21982,0.0640627929271954,0.210633447789302,0.14727169028653,0.578032068996973
21983,0.0286703037698156,0.0468799820863565,0.186222033874609,0.738227680269219
21984,0.108034788038769,0.398580807561639,0.192966094894423,0.30041830950517
21985,0.0263398762472652,0.585454104099201,0.056152307947194,0.33205371170634
21986,0.12133918352999,0.13977720287881,0.658007269274513,0.0808763443166864
21987,0.0410576370381496,0.469555340528791,0.205565208071674,0.283821814361385
21988,0.248490380201021,0.37327767937342,0.177491671222891,0.200740269202669
21989,0.0571464188241221,0.377452983520425,0.266482586119558,0.298918011535895
21990,0.0195575381859742,0.396939799261778,0.319972104145183,0.263530558407065
21991,0.225993239925203,0.19600385651535,0.396689012535988,0.181313891023458
21992,0.158246609163782,0.317279251408457,0.0867105169256701,0.437763622502091
21993,0.0982715686806537,0.44911065274484,0.137365795263408,0.315251983311098
21994,0.0864259986344476,0.474191723429386,0.415227219468412,0.0241550584677549
21995,0.0387668672976215,0.169188163653629,0.569453667684667,0.222591301364083
21996,0.387388437439447,0.188946068600077,0.0188535366844747,0.404811957276001
21997,0.249513429460732,0.0592222810371106,0.515422568341947,0.17584172116021
21998,0.371799141539805,0.180670066524286,0.0907409948572502,0.356789797078659
21999,0.0608100724796119,0.640570033632353,0.205681094510434,0.0929387993776011
22000,0.743157085625564,0.0605362633914915,0.128718294729689,0.0675883562532555
22001,0.0704200364187563,0.539503415457517,0.343451667188226,0.0466248809355004
22002,0.0660020934902278,0.596324473545847,0.071321063157424,0.266352369806502
22003,0.0500018073343246,0.28565769400281,0.478376841970899,0.185963656691966
22004,0.571939077529659,0.246630570330147,0.116154577420959,0.0652757747192359
22005,0.525667083661759,0.0690558224084422,0.165116286092954,0.240160807836845
22006,0.0462323385759968,0.343809125991171,0.23260534859422,0.377353186838612
22007,0.175855328614634,0.394745284672346,0.141033864936165,0.288365521776855
22008,0.0566956705950157,0.174286031232332,0.380633957937329,0.388384340235323
22009,0.303726640770167,0.180498828322896,0.175254702194487,0.34051982871245
22010,0.122343984036701,0.351417611604591,0.12064289620298,0.405595508155728
22011,0.0556003312611374,0.44643442420252,0.130403353540947,0.367561890995396
22012,0.29472603809695,0.100945842862628,0.139423201378657,0.464904917661765
22013,0.379945577993615,0.0642682899851549,0.197984759303942,0.357801372717288
22014,0.0893126637238221,0.0794044383418894,0.739955217626866,0.0913276803074224
22015,0.0433609449935285,0.0978220319362827,0.354528497004618,0.504288526065571
22016,0.0814907619670871,0.484072728241529,0.062962638203362,0.371473871588022
22017,0.0633498231329542,0.856875266149845,0.0177721516386068,0.0620027590785935
22018,0.330903788606857,0.158653770688183,0.27327820615292,0.23716423455204
22019,0.116066576917346,0.0755781137679486,0.378807202467728,0.429548106846977
22020,0.107483448736729,0.0940167485970605,0.522669309636872,0.275830493029339
22021,0.0386979300947505,0.254474929175101,0.323859878681621,0.382967262048528
22022,0.523381738964897,0.0278646641355431,0.283827570973301,0.16492602592626
22023,0.299722298268077,0.0921727812689697,0.409981817535676,0.198123102927277
22024,0.421466947831385,0.0866999079327441,0.212514345290894,0.279318798944976
22025,0.450532227945695,0.221201468385449,0.0463941774046945,0.281872126264162
22026,0.681904397271697,0.0901254030074941,0.0329997398365362,0.194970459884273
22027,0.267885619899494,0.290220010419234,0.104497527565267,0.337396842116004
22028,0.58820531063537,0.060893855701798,0.0514172054828354,0.299483628179997
22029,0.0580153843707916,0.138549313104889,0.116583555477221,0.686851747047098
22030,0.613602095057592,0.0307573206091074,0.244806858795282,0.110833725538019
22031,0.187358674844805,0.195404719379432,0.053604317046381,0.563632288729382
22032,0.0526760903470286,0.239658624521983,0.0795415071297965,0.628123778001192
22033,0.103105530722922,0.101081008408456,0.703121295930505,0.0926921649381176
22034,0.798283692885714,0.0556225755582404,0.0469123985749781,0.0991813329810679
22035,0.264359808100899,0.0702688436760705,0.0820709145182919,0.583300433704739
22036,0.626953729234089,0.130323702790883,0.0500969970037609,0.192625570971267
22037,0.130806272703667,0.157104362761776,0.0252742401083322,0.686815124426224
22038,0.0851059182268559,0.251881253211256,0.0610545241237778,0.601958304438111
22039,0.475857378220086,0.334814109469557,0.0239191311529077,0.16540938115745
22040,0.124134191939309,0.561805083794987,0.108805886913583,0.205254837352121
22041,0.200639964082977,0.0571166728830509,0.612054502912641,0.130188860121331
22042,0.264444565788729,0.333019717430889,0.264029914576189,0.138505802204192
22043,0.240012338756029,0.514630688711937,0.0743809077239955,0.170976064808038
22044,0.0954898032377876,0.212025246830255,0.403252245353619,0.289232704578339
22045,0.0499227238861108,0.733554924067951,0.0759495207052821,0.140572831340657
22046,0.111989769005074,0.344031581304247,0.230056419010263,0.313922230680417
22047,0.0845035054852291,0.501731819070743,0.123778254803771,0.289986420640257
22048,0.067888431754501,0.810420932756749,0.0131547283566871,0.108535907132063
22049,0.118924795880023,0.560234908633393,0.0673938132132703,0.253446482273313
22050,0.146539722675885,0.293685244395457,0.492025316276161,0.067749716652497
22051,0.0449056656894162,0.0719830071041307,0.679191273909112,0.203920053297341
22052,0.1435610629557,0.463107898743804,0.176777946568425,0.216553091732071
22053,0.0157632555746264,0.852032665429543,0.0579180668034795,0.0742860121923513
22054,0.0538492306419972,0.0866270678191644,0.746115284021882,0.113408417516956
22055,0.196268487972051,0.115361060854817,0.558958815536778,0.129411635636354
22056,0.125077419100858,0.0699511188839517,0.743572286061258,0.0613991759539325
22057,0.452941029487159,0.171503533641965,0.200687189560916,0.17486824730996
22058,0.272602989406127,0.651436081633378,0.0583566444855917,0.0176042844749035
22059,0.181572768269261,0.553843396978521,0.106214701718706,0.158369133033513
22060,0.252646565364221,0.232588020802639,0.0532709531663648,0.461494460666775
22061,0.108558872726775,0.213393730219695,0.372140256920104,0.305907140133425
22062,0.333785270100297,0.132825881014913,0.402917244622315,0.130471604262475
22063,0.0163089069056454,0.767122265650476,0.0990842704167506,0.117484557027128
22064,0.398473607758685,0.237532180061364,0.114028968145456,0.249965244034496
22065,0.183654295884022,0.0884139177340614,0.33108553829686,0.396846248085056
22066,0.544701623581182,0.101656520244429,0.0933515640957611,0.260290292078628
22067,0.473101531357887,0.1237286522429,0.0588995633061493,0.344270253093064
22068,0.11421636711323,0.781361743929347,0.027413103320342,0.0770087856370811
22069,0.0331759816197858,0.464130228961884,0.0831079098073791,0.419585879610951
22070,0.584323248191005,0.0239607636641713,0.0484313612082804,0.343284626936544
22071,0.288740335593223,0.243412485325519,0.0628620735514302,0.404985105529828
22072,0.0590518617139671,0.568703819511573,0.254507812537566,0.117736506236894
22073,0.0515148068951428,0.0849741956304153,0.379170005082139,0.484340992392303
22074,0.0330994142037236,0.740490771595574,0.130139806710949,0.0962700074897527
22075,0.0331962329809749,0.226424558048104,0.211886904327627,0.528492304643295
22076,0.781867050120219,0.0989824004690682,0.0285701117825237,0.0905804376281894
22077,0.17523319397497,0.07346950361012,0.161628422760967,0.589668879653943
22078,0.318218620378032,0.1236931331994,0.0507444239742003,0.507343822448368
22079,0.575163382061045,0.0537441556163241,0.1189120573292,0.252180404993432
22080,0.105353187846425,0.102297244406677,0.52020110735414,0.272148460392759
22081,0.193292196193207,0.549055950228129,0.155160382112203,0.102491471466462
22082,0.671281151877018,0.160553494291679,0.0824134618186941,0.0857518920126094
22083,0.027153656801489,0.678906078399529,0.109371787982422,0.18456847681656
22084,0.197183520208514,0.128969423636474,0.0606335603284236,0.613213495826588
22085,0.24147230774899,0.105150703719661,0.182405666283974,0.470971322247375
22086,0.0304422610720561,0.366448802862663,0.0483293012993292,0.554779634765952
22087,0.0393610291030098,0.0514676900463086,0.66573561064725,0.243435670203432
22088,0.057634600489191,0.100379081175565,0.0717445442830502,0.770241774052194
22089,0.0218271377770896,0.474939009394196,0.225599196873981,0.277634655954733
22090,0.121180490094064,0.189304891840017,0.214508508948467,0.475006109117452
22091,0.0395535823726275,0.223237671833694,0.632581703543024,0.104627042250654
22092,0.723972312761676,0.172124107363209,0.0411201498129682,0.0627834300621475
22093,0.064747448273369,0.113661228982784,0.59561875095735,0.225972571786497
22094,0.0697220981018432,0.0553505099231987,0.329976607750819,0.544950784224139
22095,0.0474006767261379,0.290601769915536,0.145698420563453,0.516299132794873
22096,0.161970503615899,0.0200120295767392,0.710337145792286,0.107680321015076
22097,0.510721814929116,0.0207925943600185,0.0425351133499458,0.42595047736092
22098,0.340093410888531,0.0497539136787964,0.49129798011594,0.118854695316733
22099,0.0727188331725158,0.343170623050473,0.385090809120764,0.199019734656247
22100,0.0524446243454298,0.240697641457081,0.583263599363196,0.123594134834293
22101,0.493700762351837,0.253167276766018,0.100677620585468,0.152454340296677
22102,0.0864447258868669,0.470614217428483,0.0922333676403195,0.35070768904433
22103,0.300098320267022,0.26872117321579,0.238603018045466,0.192577488471723
22104,0.345129119834544,0.269168764233723,0.0840599974569692,0.301642118474764
22105,0.0174763037808616,0.217906434032437,0.346802382792499,0.417814879394203
22106,0.811599524402319,0.0595596955052957,0.0193456722989347,0.109495107793451
22107,0.0957217152517994,0.0444443601628023,0.627514451413351,0.232319473172047
22108,0.361362956429639,0.0858469252298454,0.323739546718723,0.229050571621792
22109,0.317212704599436,0.48487924092484,0.113217709012785,0.084690345462939
22110,0.0623866963227349,0.0752623785951871,0.220740915446844,0.641610009635235
22111,0.328339683385423,0.276992806293976,0.127055234632175,0.267612275688426
22112,0.0332435422676661,0.142471436846568,0.625521251015049,0.198763769870717
22113,0.075406554327012,0.47573691683536,0.1714412730965,0.277415255741128
22114,0.25903531352761,0.100009547644537,0.184726083356944,0.456229055470909
22115,0.135252832322556,0.114783924156344,0.10799760906455,0.64196563445655
22116,0.023656633355545,0.112721058204706,0.674616050511181,0.189006257928568
22117,0.291376265875414,0.0432533565336618,0.577535931668654,0.0878344459222708
22118,0.709303428391501,0.0845109367998484,0.0765602377319574,0.129625397076693
22119,0.0452748053807656,0.605927213195628,0.105242222400717,0.24355575902289
22120,0.116823326583524,0.0967022090805366,0.494824037386337,0.291650426949602
22121,0.0259158469776027,0.323990089822703,0.185301289478511,0.464792773721183
22122,0.0531919511055687,0.265663443635017,0.619113928767467,0.0620306764919478
22123,0.0995503921661295,0.291479773485056,0.247818837279286,0.361150997069529
22124,0.0242968810519466,0.357802435783363,0.280320951591784,0.337579731572907
22125,0.211173553431899,0.105351829361991,0.101215410346292,0.582259206859818
22126,0.174188489334058,0.127085175910982,0.244079239479873,0.454647095275087
22127,0.681783125346346,0.130339771009562,0.0729385406384196,0.114938563005672
22128,0.486329596029269,0.182733323230192,0.125651484525972,0.205285596214568
22129,0.0250298829945027,0.0742082235737168,0.115832310939459,0.784929582492322
22130,0.044742431760874,0.187172400867544,0.645025244681552,0.12305992269003
22131,0.74694023555168,0.0526446383227494,0.117558497642611,0.0828566284829596
22132,0.0736700206321281,0.087230937058349,0.624963039627057,0.214136002682466
22133,0.0499891298294769,0.132677590027161,0.612739822244987,0.204593457898375
22134,0.347034698402837,0.126650001994583,0.0724633215535176,0.453851978049063
22135,0.855128377336861,0.0220525410626069,0.0279427417750539,0.0948763398254784
22136,0.426106583796019,0.166397347692308,0.13247913435634,0.275016934155333
22137,0.367466679079706,0.0835059618272341,0.220189089450545,0.328838269642515
22138,0.415727224101767,0.152745993345904,0.184809441422447,0.246717341129882
22139,0.11275019424419,0.450877066128335,0.186376016461837,0.249996723165638
22140,0.0373323608431095,0.109769050843459,0.309357819702738,0.543540768610693
22141,0.0346716202667394,0.218373605040471,0.236135190273955,0.510819584418836
22142,0.183850965258067,0.0702163262568241,0.632567197056593,0.113365511428517
22143,0.190141932474572,0.136328582018979,0.232597469478601,0.440932016027848
22144,0.02478821798211,0.241627404441639,0.578834758599347,0.154749618976904
22145,0.0410860266106213,0.142820500850723,0.30221337730674,0.513880095231915
22146,0.28356622782099,0.111650647852158,0.261086982434839,0.343696141892013
22147,0.398104062234076,0.0769382309978952,0.140672357237734,0.384285349530294
22148,0.141726829678342,0.0708750589020444,0.218557097670333,0.568841013749281
22149,0.0588172226202651,0.293903222850587,0.0433860330748923,0.603893521454256
22150,0.0372199769926231,0.0660449872886973,0.838999100670405,0.0577359350482745
22151,0.23488388142708,0.0881803695892157,0.357371154522762,0.319564594460943
22152,0.272166296109179,0.0522558681899179,0.0603197647122599,0.615258070988643
22153,0.0272743520827581,0.202980292519222,0.666237636562207,0.103507718835813
22154,0.0809800768141216,0.315899602342949,0.206123922164233,0.396996398678696
22155,0.144349704982414,0.204106900903438,0.328331502351809,0.323211891762339
22156,0.0632132312883524,0.431929504296194,0.146246796629015,0.358610467786439
22157,0.113489491808928,0.197741195341836,0.387831132450528,0.300938180398708
22158,0.0427203383535914,0.274383918583113,0.185522859086802,0.497372883976493
22159,0.105900950413185,0.181905362246669,0.529107596033226,0.18308609130692
22160,0.147339501246279,0.237847119132425,0.135365685536089,0.479447694085207
22161,0.0989566112212683,0.276545715340524,0.165135902826688,0.45936177061152
22162,0.0764813728574253,0.232780156302673,0.146164641865328,0.544573828974574
22163,0.468347605030826,0.0594821555887285,0.0565276780788594,0.415642561301586
22164,0.045389673352671,0.0308316701882966,0.520129735710836,0.403648920748197
22165,0.0444595976193935,0.627138669049354,0.136755959073892,0.19164577425736
22166,0.480140387558598,0.3940756543406,0.0381174665748589,0.0876664915259431
22167,0.360620312337516,0.161547051463268,0.175504510641385,0.302328125557831
22168,0.126124279869966,0.128744022848659,0.267978178693766,0.477153518587609
22169,0.217701177526822,0.0292418983720353,0.13554244743286,0.617514476668282
22170,0.0527008412985554,0.0840600158530597,0.77657692822975,0.0866622146186348
22171,0.0503168301792552,0.257588865157591,0.221839277911586,0.470255026751568
22172,0.0585757734356361,0.274190723972391,0.0523302515683847,0.614903251023588
22173,0.0945038458266376,0.567194661358767,0.061971921576871,0.276329571237724
22174,0.632040648915318,0.129824689404048,0.0955148760768598,0.142619785603775
22175,0.0658493276346648,0.601301642177776,0.17350488246086,0.159344147726699
22176,0.393002501082077,0.0727889524773259,0.3993877335238,0.134820812916797
22177,0.259814166761614,0.109590802823726,0.350193713691748,0.280401316722912
22178,0.235279979850629,0.242486269160124,0.131290448560502,0.390943302428746
22179,0.0322577080883511,0.375360634195304,0.0676523657817821,0.524729291934563
22180,0.102634997203377,0.102479496406374,0.739580842359197,0.0553046640310513
22181,0.128277589256286,0.611232301834629,0.131314743023645,0.12917536588544
22182,0.44160205324293,0.0858866750952085,0.343140747628419,0.129370524033442
22183,0.251638411442898,0.498316177512272,0.12749212571639,0.12255328532844
22184,0.470960531428754,0.0326048491440345,0.0357038336460031,0.460730785781209
22185,0.0748383774264843,0.386056269126768,0.0553350124218739,0.483770341024874
22186,0.0375507764078767,0.648848457680843,0.071481496355945,0.242119269555335
22187,0.0455437656589191,0.0506236366912134,0.0384880616117795,0.865344536038088
22188,0.392162741563133,0.183681315762148,0.224866802057514,0.199289140617206
22189,0.128203190361522,0.0208884567151903,0.52210316091366,0.328805192009629
22190,0.051229380863179,0.476018673066711,0.196616334584749,0.276135611485361
22191,0.165348674069028,0.105297015348401,0.680351746413187,0.0490025641693842
22192,0.0839245998425568,0.221005034865173,0.306628607612138,0.388441757680132
22193,0.181496930678595,0.198099471631871,0.159165675288747,0.461237922400788
22194,0.211511938276611,0.551171257968833,0.0220752062807563,0.2152415974738
22195,0.208043209993019,0.586266529354662,0.172927291524418,0.0327629691279012
22196,0.254758772298205,0.0296104290983215,0.110053566857507,0.605577231745967
22197,0.146091278435667,0.391273201925096,0.0609789698723348,0.401656549766902
22198,0.0380023938971252,0.0218804531393615,0.069281152088797,0.870836000874716
22199,0.846126310128795,0.0593558805274204,0.0260467888088519,0.0684710205349328
22200,0.453517298357085,0.159457392929998,0.152415153778448,0.234610154934469
22201,0.204494227400816,0.403930703755464,0.195924042983295,0.195651025860424
22202,0.57902524625648,0.230046357821917,0.0636721446204958,0.127256251301107
22203,0.625924679640108,0.242688822575955,0.051488608657482,0.0798978891264542
22204,0.0285075909479303,0.224200565979917,0.0117440456852131,0.73554779738694
22205,0.443950935692539,0.25746065079479,0.0998635459191392,0.198724867593532
22206,0.0863603268787086,0.15002222192899,0.525157561006793,0.238459890185509
22207,0.115232018790341,0.0739015493561944,0.416244858003916,0.394621573849548
22208,0.184448006299331,0.527398842432149,0.101208655099667,0.186944496168853
22209,0.208485789416786,0.0528545916219005,0.0299732031117011,0.708686415849612
22210,0.123138108363878,0.0525491442970875,0.104975408671411,0.719337338667624
22211,0.0465609393010165,0.288556191321973,0.0177989000262617,0.647083969350749
22212,0.014350252965631,0.340013700601212,0.429947891992716,0.215688154440441
22213,0.0234183942936645,0.245833733415892,0.331669603235653,0.399078269054791
22214,0.0472293525382689,0.141998573172547,0.604971691722439,0.205800382566745
22215,0.0239056581473106,0.122442711169886,0.745436984977038,0.108214645705766
22216,0.4313788144995,0.121316053387933,0.126917062305466,0.320388069807102
22217,0.128851005950351,0.0953232144702491,0.590670049762069,0.185155729817331
22218,0.0529086071479445,0.563250522957867,0.0315210215969244,0.352319848297265
22219,0.360638677782541,0.030055311252731,0.0684018475511261,0.540904163413602
22220,0.898263291209893,0.0193105879170368,0.0208897035513193,0.0615364173217505
22221,0.0101285539454387,0.36566077263675,0.0930403942234282,0.531170279194383
22222,0.805821943304647,0.0740809900293238,0.0233790437908907,0.0967180228751388
22223,0.180512828714177,0.444863231729175,0.0308127195231662,0.343811220033481
22224,0.203783739882605,0.0346798778261154,0.178311821206064,0.583224561085216
22225,0.849162593049456,0.0463876921577409,0.0608974595327662,0.0435522552600373
22226,0.0313027908122241,0.0212968863357465,0.895683947633458,0.0517163752185716
22227,0.702889413634023,0.125676759573327,0.0941790535656974,0.0772547732269529
22228,0.0212967862681973,0.745933352505881,0.067390043384103,0.165379817841819
22229,0.247423849891107,0.461522148652092,0.0402614013236109,0.25079260013319
22230,0.0770907635301719,0.0607499691444154,0.793820283523748,0.0683389838016645
22231,0.713535910083969,0.085671533396869,0.156704291791195,0.0440882647279663
22232,0.723085939994961,0.0921241659804807,0.0292466716978715,0.155543222326687
22233,0.10763770960943,0.0772729070421016,0.643425248392873,0.171664134955596
22234,0.243902355704981,0.441494652695059,0.0676461636706721,0.246956827929289
22235,0.517564651427783,0.0506776819955561,0.227577167221713,0.204180499354948
22236,0.841815598554568,0.0655808831836236,0.0384077534712467,0.0541957647905614
22237,0.235289757292727,0.0411223098113213,0.250514747608546,0.473073185287406
22238,0.0192912056442058,0.300685670433634,0.536823755134555,0.143199368787605
22239,0.136713552704739,0.262802249130214,0.364722165989745,0.235762032175302
22240,0.063841328402374,0.249818443195982,0.272926189862142,0.413414038539502
22241,0.43216714832672,0.140518510337117,0.0788601562654752,0.348454185070688
22242,0.546831849010349,0.207541601274546,0.0155175225355557,0.230109027179549
22243,0.019796944645902,0.774170123088462,0.0568999758889687,0.149132956376667
22244,0.162656435751529,0.572889528641783,0.175341690930577,0.0891123446761111
22245,0.744548865156888,0.0376610260672205,0.0375025340984969,0.180287574677395
22246,0.0578293878198375,0.734257624810434,0.0329150913887907,0.174997895980938
22247,0.0432035533763496,0.0667520668920658,0.645653017462267,0.244391362269318
22248,0.600048822074391,0.128563792848358,0.234623118641009,0.0367642664362417
22249,0.0288848101729241,0.102568048124348,0.339075618502547,0.529471523200182
22250,0.340358040416629,0.0561887710883798,0.308298536857718,0.295154651637273
22251,0.106115397150955,0.161975573120465,0.508326781902028,0.223582247826553
22252,0.112114754017803,0.0885408435736231,0.600997144736157,0.198347257672417
22253,0.152819874527036,0.554128678641225,0.0587199352858917,0.234331511545847
22254,0.105852355531785,0.260833338354884,0.346583582608992,0.286730723504339
22255,0.0794233021629583,0.0242942096040366,0.500354957415892,0.395927530817113
22256,0.331999404865105,0.0548142389802925,0.269380407151484,0.343805949003118
22257,0.788864777444056,0.0352978297040708,0.0884716382513985,0.0873657546004749
22258,0.0365226478656935,0.620515920512487,0.151480736734244,0.191480694887576
22259,0.169470056204286,0.105377849612308,0.224112832356984,0.501039261826423
22260,0.0207902286760328,0.0288886960379078,0.460025691293127,0.490295383992933
22261,0.322195590114314,0.0554885308254488,0.334079059384116,0.288236819676122
22262,0.299284060702671,0.380700253329875,0.0611756656000895,0.258840020367365
22263,0.0710857260983335,0.655737150814604,0.0200147602752417,0.253162362811821
22264,0.505090212157351,0.198665815812666,0.0801584880294574,0.216085484000526
22265,0.202787786110274,0.215712495647861,0.386305148686438,0.195194569555427
22266,0.0631933362205253,0.0416741564642784,0.545304582685573,0.349827924629624
22267,0.0381448515464294,0.0323373615705411,0.479604513904291,0.449913272978739
22268,0.349902394363522,0.159643608964346,0.0657541973484694,0.424699799323662
22269,0.252464198970409,0.574129720825103,0.0239570510447451,0.149449029159743
22270,0.075378834603071,0.305309671992529,0.42391419272325,0.19539730068115
22271,0.146106208157463,0.33101118369959,0.421478497332702,0.101404110810246
22272,0.205975684137507,0.466558147980812,0.157065456924293,0.170400710957387
22273,0.192877293982704,0.112090494068367,0.400464626207032,0.294567585741898
22274,0.156651129883529,0.638391111438232,0.053488985010519,0.151468773667721
22275,0.0934530972285039,0.603412519028316,0.0540891462642131,0.249045237478968
22276,0.0227439767239128,0.14101856424202,0.455931378747695,0.380306080286372
22277,0.198003458948824,0.167946597623707,0.58783336958145,0.0462165738460192
22278,0.0784653989056949,0.39796734196888,0.270525362302717,0.253041896822708
22279,0.46358235840476,0.158005581226033,0.164260355826438,0.214151704542769
22280,0.207184627720233,0.0816301690276302,0.491623397039841,0.219561806212296
22281,0.6659264960709,0.0883184217695872,0.0998772485021333,0.14587783365738
22282,0.0594809961614966,0.245830445303295,0.647233357657457,0.0474552008777519
22283,0.1428416505732,0.310229045968842,0.260315970011938,0.28661333344602
22284,0.226180308507103,0.110452932530989,0.493219237109986,0.170147521851922
22285,0.0894420977439238,0.416242082219811,0.100195963395781,0.394119856640484
22286,0.139601984601782,0.0259322484102577,0.636449485619564,0.198016281368397
22287,0.400759980017308,0.299350613173021,0.0288864649503766,0.271002941859294
22288,0.232912140076498,0.186747011933041,0.251179995950416,0.329160852040045
22289,0.147750120839174,0.225127333945585,0.261836805693778,0.365285739521463
22290,0.560378559951989,0.0527732218153964,0.302329021126367,0.0845191971062481
22291,0.697649188752815,0.0668428870226125,0.0576710644338777,0.177836859790695
22292,0.222624850927569,0.305462208014057,0.178973741914672,0.292939199143702
22293,0.100193029543706,0.278011131223053,0.0423502970990719,0.579445542134169
22294,0.226915312926192,0.115620506663512,0.0683707242563059,0.589093456153991
22295,0.112959956700917,0.295197250665376,0.395397419039626,0.19644537359408
22296,0.328386768226933,0.0368613739018659,0.324984857549106,0.309767000322094
22297,0.208462068247502,0.136452154893574,0.296431220150107,0.358654556708816
22298,0.0924067104038183,0.123539845779697,0.373608011169327,0.410445432647157
22299,0.0233767685962683,0.771363953227483,0.0526979442087566,0.152561333967492
22300,0.63102087038111,0.216226949781381,0.0522348077030842,0.100517372134425
22301,0.0624928708705033,0.138267142674754,0.696093441097783,0.10314654535696
22302,0.0528408115644204,0.522227066425913,0.164560658592691,0.260371463416976
22303,0.428977742003554,0.112846799890909,0.109894669894923,0.348280788210615
22304,0.246688409654817,0.287062372851534,0.0442309163058584,0.422018301187791
22305,0.14119845850086,0.296836617013626,0.254024981622022,0.307939942863492
22306,0.0770038406963537,0.160289284965682,0.627924956308714,0.13478191802925
22307,0.0741914539182516,0.338900580372739,0.0209097989098898,0.56599816679912
22308,0.166985976260642,0.266179868820075,0.195179295302242,0.371654859617042
22309,0.626255959798494,0.0944369815112354,0.0252603542566992,0.254046704433571
22310,0.246468489314766,0.0652638211244766,0.363363235068591,0.324904454492166
22311,0.129901808737507,0.236828705483844,0.171163120216832,0.462106365561816
22312,0.586452923640784,0.124613093317688,0.0726079069890507,0.216326076052477
22313,0.516228317413228,0.139594742705213,0.0838166012541814,0.260360338627378
22314,0.384166427868097,0.177127733105592,0.223719924138502,0.21498591488781
22315,0.110649082265135,0.274699422308692,0.18692915400743,0.427722341418743
22316,0.0399279541841627,0.377881757011405,0.14619749825774,0.435992790546692
22317,0.0459116562851155,0.427178465379249,0.0769319347527127,0.449977943582923
22318,0.139226353714924,0.0212718919131688,0.298098009646001,0.541403744725906
22319,0.355342665217303,0.178254007076402,0.0631259150169105,0.403277412689385
22320,0.0870731413756081,0.300938684848536,0.466458232048323,0.145529941727534
22321,0.140177853359838,0.116453007941433,0.156985695541425,0.586383443157305
22322,0.032272021129893,0.0572862348716484,0.327355597157736,0.583086146840722
22323,0.0240810677656209,0.360486736396793,0.082216198680405,0.533215997157181
22324,0.0569694821253816,0.320049345388213,0.248413191101749,0.374567981384657
22325,0.107926169449045,0.142008056491504,0.0643272908925585,0.685738483166892
22326,0.395418451319518,0.110089401308513,0.109075377941007,0.385416769430962
22327,0.358918525609555,0.168005388057772,0.397209060341507,0.0758670259911667
22328,0.32167423547561,0.114134427362879,0.287631828388002,0.276559508773509
22329,0.333992760196305,0.179893887818546,0.204959336905504,0.281154015079645
22330,0.0903552018216516,0.113693140257256,0.492123075396469,0.303828582524624
22331,0.361572812170815,0.142083125934533,0.0298452808987056,0.466498780995946
22332,0.0915935219578385,0.111080372786077,0.239376469822649,0.557949635433436
22333,0.794969791259651,0.0171577780495478,0.138375333678126,0.0494970970126754
22334,0.141854836654587,0.0943914792843097,0.551119139087236,0.212634544973868
22335,0.209381990480999,0.398580561459379,0.103682205938,0.288355242121621
22336,0.419085985012243,0.158282990241252,0.192261602945939,0.230369421800566
22337,0.0567172558425118,0.408854982079299,0.261875462166754,0.272552299911435
22338,0.0478149252308375,0.156497480277678,0.0872494582011348,0.70843813629035
22339,0.072716067303399,0.0398390791938417,0.778606778383855,0.108838075118905
22340,0.0580950568815949,0.51380324049484,0.0627926613294234,0.365309041294142
22341,0.170827723791972,0.0900447669263476,0.280331015498927,0.458796493782753
22342,0.191585593271674,0.107475282824196,0.534798559751217,0.166140564152913
22343,0.130480804905417,0.64383389622973,0.0764869218706769,0.149198376994176
22344,0.0566214990251583,0.184658916958998,0.682155906646448,0.0765636773693957
22345,0.884518945895393,0.0232437651007496,0.0589124940098218,0.0333247949940359
22346,0.438700124700771,0.160568276022992,0.060816533431667,0.339915065844571
22347,0.0872154742616098,0.2863314523227,0.540583842311982,0.0858692311037079
22348,0.0399883441713053,0.265085661073062,0.643042727893765,0.0518832668618676
22349,0.105613085779776,0.520358211472655,0.264962905746685,0.109065797000885
22350,0.132175627047041,0.519776306740238,0.226552479551119,0.121495586661603
22351,0.0588262240391758,0.151551680385563,0.729515538789766,0.0601065567854952
22352,0.745656443335603,0.0258265048730976,0.134504095722424,0.0940129560688749
22353,0.259598764021249,0.0472009144040886,0.289393386177997,0.403806935396666
22354,0.197439834070697,0.407884139444334,0.171133603563227,0.223542422921743
22355,0.113786646824709,0.406687743380114,0.249163710040219,0.230361899754958
22356,0.101455758721238,0.0329146884568534,0.534831767625839,0.330797785196069
22357,0.0851314406495086,0.695419428522112,0.111830515812777,0.107618615015603
22358,0.881339760139498,0.0291546532165199,0.0363916705454119,0.05311391609857
22359,0.0998371116258664,0.304443969323282,0.564736972739025,0.0309819463118268
22360,0.208779169476949,0.545502741013711,0.0124251633791282,0.233292926130212
22361,0.294659833553713,0.106164130292292,0.100492717853073,0.498683318300922
22362,0.0518419124181434,0.190996185686201,0.275111395785235,0.482050506110421
22363,0.0225610699740132,0.0490159598419532,0.225024556058146,0.703398414125888
22364,0.221448464952683,0.279765390922805,0.200238184435838,0.298547959688674
22365,0.190158973683375,0.275465767436867,0.332906558145171,0.201468700734587
22366,0.1231725257939,0.602446620644288,0.204791762385946,0.0695890911758659
22367,0.496750201615184,0.0434199684094836,0.298890555710827,0.160939274264505
22368,0.141225605973959,0.494398062317082,0.0978067432026844,0.266569588506275
22369,0.104827550931707,0.589970276737898,0.190873125708475,0.11432904662192
22370,0.080727477601157,0.414563107872591,0.140160434671614,0.364548979854638
22371,0.478520078411456,0.0352135817793247,0.180365897661361,0.305900442147858
22372,0.48892009897128,0.320573247070541,0.0390268866601734,0.151479767298006
22373,0.21156341517295,0.0623521283466402,0.183428434768444,0.542656021711966
22374,0.187058342701019,0.64152972362062,0.0860323852320296,0.0853795484463317
22375,0.0551811867469465,0.64811599769571,0.0881567904332817,0.208546025124061
22376,0.23715499496256,0.0429878383446959,0.101138662282237,0.618718504410506
22377,0.23822825368254,0.379794454146074,0.108286958607109,0.273690333564277
22378,0.0448352978185477,0.0707555589970478,0.82971696187277,0.0546921813116343
22379,0.235882103317455,0.410124304372147,0.0393564997378906,0.314637092572507
22380,0.069400634372007,0.156839862518199,0.117645419901604,0.656114083208189
22381,0.056668566205401,0.486679374908383,0.162543863244885,0.294108195641331
22382,0.0240233769841533,0.610867235194218,0.0562717051350914,0.308837682686537
22383,0.276312788211742,0.164620190615675,0.350976833030295,0.208090188142289
22384,0.117719288171205,0.645333331136946,0.0879042429484615,0.149043137743387
22385,0.328420049694301,0.201303508980458,0.35374279506481,0.116533646260432
22386,0.323117500265739,0.348569196123645,0.218971134535651,0.109342169074965
22387,0.206592755674837,0.115277578978856,0.353629417263842,0.324500248082465
22388,0.633920070575053,0.219956969365534,0.068442867959586,0.0776800920998274
22389,0.168878381298374,0.145645247973123,0.576702720201785,0.108773650526718
22390,0.25730785733747,0.173337701072933,0.0763069253719235,0.493047516217674
22391,0.328795781006669,0.14466629927534,0.16517445022596,0.36136346949203
22392,0.228412293568528,0.337902875417671,0.0744836462262674,0.359201184787533
22393,0.104015650927707,0.162131689245363,0.628922127168261,0.104930532658669
22394,0.0648035247795891,0.241993279970174,0.183126195916898,0.510076999333339
22395,0.382158667347643,0.299042663040251,0.15113033345156,0.167668336160546
22396,0.0384463314987719,0.059982905083634,0.327057226274546,0.574513537143048
22397,0.426726853906448,0.333921348984032,0.0492330392017844,0.190118757907736
22398,0.330704609890206,0.14603315275115,0.284752009892428,0.238510227466216
22399,0.0443560206446032,0.141560848474684,0.712446485595463,0.10163664528525
22400,0.0480462188936113,0.0985933264576589,0.782613300962204,0.0707471536865262
22401,0.747629021131806,0.0357792901420312,0.0750165090330465,0.141575179693116
22402,0.116285029929485,0.434436813741662,0.355783207783951,0.0934949485449012
22403,0.231176899030897,0.35286380768609,0.175099086327542,0.240860206955471
22404,0.506378338084923,0.036214543595196,0.380856753467874,0.0765503648520077
22405,0.0582882530649515,0.466337724184015,0.139551179332363,0.33582284341867
22406,0.116949174607076,0.432603500593968,0.10012514085976,0.350322183939196
22407,0.180791424247505,0.112700413579836,0.223716847755981,0.482791314416678
22408,0.0257619916816763,0.0693498164443428,0.849308075425628,0.0555801164483532
22409,0.430870028129898,0.141441697486602,0.287437591804646,0.140250682578855
22410,0.182056193988887,0.372803409311993,0.250238541268806,0.194901855430315
22411,0.187733455990243,0.343227008454918,0.300797543155662,0.168241992399178
22412,0.431398723337215,0.0793736584286738,0.425269256039134,0.0639583621949769
22413,0.0354441796030401,0.06338261935544,0.0677737673638064,0.833399433677714
22414,0.191775103646069,0.743261801103416,0.0144029472678045,0.0505601479827104
22415,0.0339829764320005,0.0898298382678201,0.721376280235456,0.154810905064724
22416,0.0475470398534582,0.0553913303668863,0.667715053949072,0.229346575830584
22417,0.129880400984547,0.108872818094732,0.223606888998584,0.537639891922137
22418,0.0210349021478571,0.46107726781212,0.340880744731662,0.177007085308361
22419,0.0524085325184447,0.176372577097752,0.0841338440244186,0.687085046359385
22420,0.0446777752535851,0.31601321153373,0.0597074492790058,0.579601563933679
22421,0.337974321222579,0.0632309283808148,0.479876425726024,0.118918324670583
22422,0.0768400142691356,0.328479055130886,0.381450845692734,0.213230084907244
22423,0.0556374547153021,0.245657560205623,0.577363273682336,0.121341711396739
22424,0.492847614841666,0.251087958715802,0.104617477492926,0.151446948949606
22425,0.0957970940413681,0.446027139450756,0.0877597318974281,0.370416034610448
22426,0.300858636147149,0.269125853162184,0.237845036286988,0.19217047440368
22427,0.339059281396274,0.26248505264233,0.0985171798241257,0.29993848613727
22428,0.0189567517492426,0.208670419564001,0.334312081173168,0.438060747513589
22429,0.806112473460287,0.0609760082825845,0.0250787102688566,0.107832807988272
22430,0.101794196619453,0.0486600529975061,0.618808776038734,0.230736974344306
22431,0.355183837822375,0.0911435780466152,0.318076021104417,0.235596563026593
22432,0.311846639268384,0.477890484072314,0.125836962179229,0.0844259144800732
22433,0.0671658357129078,0.0809068903622866,0.212708125720617,0.639219148204189
22434,0.317118186217796,0.281449812220091,0.129514697239484,0.271917304322629
22435,0.040774768926641,0.141123308484096,0.619366042851584,0.198735879737679
22436,0.0852773875555812,0.463527170821053,0.172193929408751,0.279001512214614
22437,0.249365503544744,0.108194982994734,0.170332853094158,0.472106660366364
22438,0.129772045875638,0.121336530992096,0.109045209389489,0.639846213742777
22439,0.0269846063798047,0.112990579115135,0.670155025355972,0.189869789149088
22440,0.102331492700918,0.47435676502975,0.14020634393986,0.283105398329472
22441,0.374776331205327,0.159627521562616,0.275137083952312,0.190459063279745
22442,0.0788568346215129,0.214487788592284,0.539517149973365,0.167138226812838
22443,0.0564273949970089,0.761424648583265,0.0187734552583904,0.163374501161336
22444,0.335803325186412,0.142729072500189,0.390713271280061,0.130754331033338
22445,0.0311961553305512,0.414208557461668,0.213960176389594,0.340635110818188
22446,0.103438309797953,0.341431999506262,0.511540966409652,0.0435887242861327
22447,0.148607673296715,0.501244672845317,0.199720945089501,0.150426708768467
22448,0.099332010318764,0.341797257985336,0.470104869872297,0.0887658618236028
22449,0.0778832379123248,0.58914849636585,0.110200838269118,0.222767427452707
22450,0.128560274635678,0.127200254958379,0.423512751710163,0.32072671869578
22451,0.0246566283277406,0.56547528803347,0.167326968022662,0.242541115616127
22452,0.0623714443481892,0.647645509096837,0.0820180620985971,0.207964984456377
22453,0.145861854938586,0.0554117042334141,0.133183165270529,0.665543275557471
22454,0.223771634064491,0.619599481740755,0.0913963857265169,0.0652324984682373
22455,0.444271884613582,0.167279645913932,0.134726251310209,0.253722218162277
22456,0.416751426464708,0.0403160940769623,0.209643706708501,0.333288772749829
22457,0.164201395074446,0.268101469985162,0.363358922568621,0.204338212371772
22458,0.0959312362080635,0.443380609047762,0.162575078038493,0.298113076705682
22459,0.184057747135679,0.137098704584484,0.62266293487089,0.0561806134089471
22460,0.063955076538443,0.0571162921312106,0.77560390487415,0.103324726456197
22461,0.26422880664151,0.288912246422942,0.180202799068009,0.266656147867538
22462,0.439043206652107,0.163028495556142,0.194590696849334,0.203337600942417
22463,0.0810484184143202,0.646834083458838,0.101786442881557,0.170331055245285
22464,0.318866281921616,0.286551212956252,0.185791882916057,0.208790622206075
22465,0.255657682735682,0.477760423080302,0.141481676818642,0.125100217365374
22466,0.335869653667316,0.178252133414716,0.0760666928538251,0.409811520064143
22467,0.1434278100192,0.633918946265398,0.0659914856839483,0.156661758031454
22468,0.239322732883412,0.345601071542468,0.127227582302246,0.287848613271875
22469,0.382066516660232,0.151364857869239,0.229717639274348,0.236850986196181
22470,0.0649855563639916,0.680089521299003,0.0676875668616031,0.187237355475402
22471,0.759211020216032,0.118770212603048,0.0880786408971688,0.0339401262837519
22472,0.0236556029069463,0.336386456093188,0.410668124862667,0.229289816137198
22473,0.699973752269591,0.0672603551844925,0.0909592730058951,0.141806619540021
22474,0.604714690169487,0.0271687867788159,0.292418781467107,0.0756977415845898
22475,0.178873629890476,0.712736296830219,0.0382574355557758,0.0701326377235294
22476,0.0805537971132186,0.193931055661968,0.344053622398795,0.381461524826019
22477,0.0795294184773241,0.223555976214417,0.447361854861645,0.249552750446614
22478,0.229578393658868,0.097049364626262,0.484289639785556,0.189082601929315
22479,0.35532123831189,0.0392915818161522,0.167740794504514,0.437646385367444
22480,0.0545912142905864,0.231526194957607,0.190658383396496,0.523224207355311
22481,0.283099816324209,0.40613675887549,0.0264531880676498,0.284310236732651
22482,0.149019260623285,0.139248527956242,0.0302660764685978,0.681466134951875
22483,0.053597448872027,0.212521583150882,0.0360627351633515,0.697818232813739
22484,0.163930378906576,0.34525733423883,0.0121181693224435,0.47869411753215
22485,0.023266271373375,0.171250649636075,0.0780514655192202,0.72743161347133
22486,0.0991375358134523,0.22644578877722,0.383452680443497,0.290963994965831
22487,0.0755125701971631,0.0191867606607901,0.20158520629752,0.703715462844527
22488,0.0559686755566255,0.0465955236123633,0.537448833452396,0.359986967378616
22489,0.388795449172164,0.0343827492279168,0.157788370188473,0.419033431411447
22490,0.0587766301401998,0.590007139299469,0.0637493676990944,0.287466862861237
22491,0.0361586250658172,0.605926369390178,0.0438456070330315,0.314069398510973
22492,0.0725857448690022,0.143338197663493,0.241409120144763,0.542666937322742
22493,0.156509184257635,0.509604383471667,0.261920710499863,0.0719657217708339
22494,0.163463985923713,0.0687008832422244,0.287125057694844,0.480710073139219
22495,0.09079304838525,0.240643545673907,0.130423055278859,0.538140350661984
22496,0.335265284651991,0.0396268170632026,0.155615679187789,0.469492219097018
22497,0.214797908119169,0.308613838543927,0.278746912565327,0.197841340771578
22498,0.0755919338397421,0.19007823560229,0.278822637581783,0.455507192976186
22499,0.498994582192885,0.165216283420172,0.140204544201387,0.195584590185556
22500,0.604014196580323,0.0731412118592722,0.0274689150224764,0.295375676537928
22501,0.293460995717876,0.282955678589201,0.187874103284589,0.235709222408334
22502,0.270411107031122,0.131980664391944,0.166111590757571,0.431496637819363
22503,0.132328675580742,0.20941882860164,0.0401233996682662,0.618129096149352
22504,0.147675711478724,0.462704018283476,0.0553551646024139,0.334265105635386
22505,0.169151825535507,0.0736290231870954,0.203417488242038,0.55380166303536
22506,0.229471608081062,0.184793916936767,0.356167655649673,0.229566819332499
22507,0.0320856771521723,0.448109240260927,0.100914043794792,0.418891038792109
22508,0.234963883593745,0.549271022320972,0.0718059159570832,0.1439591781282
22509,0.589231940906675,0.0659759011605494,0.0678168239254223,0.276975334007353
22510,0.0407515900080097,0.82576268057141,0.0333426748762457,0.100143054544335
22511,0.121543595499271,0.0639439085820682,0.692774929803284,0.121737566115376
22512,0.0886177190782925,0.11937910119796,0.284986617329666,0.507016562394082
22513,0.154703573752745,0.0795143399021716,0.292548138422805,0.473233947922278
22514,0.245241734575894,0.582800102362802,0.0733864795106493,0.0985716835506547
22515,0.0591931901737403,0.0333118193720433,0.501532801985118,0.405962188469099
22516,0.0621456593034257,0.446410863531201,0.225741274360371,0.265702202805003
22517,0.14846694129612,0.195892787207796,0.436132018059322,0.219508253436762
22518,0.108004450163751,0.212976403676675,0.31863067274942,0.360388473410155
22519,0.123685784740817,0.433099016115801,0.0746428959677581,0.368572303175624
22520,0.346489231036515,0.261986589736282,0.201601003390987,0.189923175836216
22521,0.0551891634304181,0.530889126499667,0.230764850561748,0.183156859508167
22522,0.0208663456128178,0.0507236424633903,0.766589186801598,0.161820825122194
22523,0.0429546322499602,0.741372632101063,0.138755640824174,0.076917094824803
22524,0.0323037268432182,0.0246614360584302,0.3898203883853,0.553214448713052
22525,0.207725412999348,0.0268855067091527,0.718478528376667,0.0469105519148327
22526,0.398745139655334,0.350113745441852,0.0514756416497784,0.199665473253036
22527,0.0794525281595345,0.359311208719372,0.119404927955169,0.441831335165924
22528,0.0883830337370172,0.0679270946198921,0.630053446703166,0.213636424939925
22529,0.169476004717261,0.389471638049669,0.123394050501021,0.317658306732048
22530,0.207191987774844,0.0210251917880922,0.132554506752916,0.639228313684148
22531,0.0656220748151391,0.0378090697322812,0.745117169079747,0.151451686372833
22532,0.292148291084662,0.163514082237633,0.0614233590214347,0.48291426765627
22533,0.0486319721522931,0.398007418726109,0.0489461199744075,0.50441448914719
22534,0.128765865948326,0.394411865916188,0.0611704161552198,0.415651851980267
22535,0.160576726047416,0.220610867796422,0.328422538609527,0.290389867546635
22536,0.0652762130984849,0.452470426529498,0.153800431663608,0.328452928708409
22537,0.127405277100886,0.194753801594933,0.408442081651157,0.269398839653024
22538,0.041269368849496,0.29878537365409,0.18978988942151,0.470155368074905
22539,0.112603702650321,0.201818774028556,0.527636711487592,0.15794081183353
22540,0.161103795337755,0.245388949863709,0.13072145706936,0.462785797729177
22541,0.120315890042373,0.286862764121597,0.174179375150138,0.418641970685891
22542,0.0903474242833884,0.2532145826094,0.151115102874224,0.505322890232988
22543,0.490804983568809,0.0715248537563452,0.0632041416727054,0.374466021002141
22544,0.0571664062564261,0.0348777231556964,0.541162387566038,0.366793483021839
22545,0.0524344757034428,0.646112161601875,0.132414312617207,0.169039050077475
22546,0.467136451253551,0.406666033706511,0.0488390001805589,0.0773585148593794
22547,0.377025144732924,0.167258086208635,0.187914799828696,0.267801969229746
22548,0.128847740082696,0.156864783456214,0.272554339137419,0.441733137323672
22549,0.228002399868529,0.0339977900428798,0.148394329647605,0.589605480440986
22550,0.0645150874963014,0.0987717058630378,0.759051630405441,0.0776615762352196
22551,0.0601184219657913,0.276713040243096,0.23941146019198,0.423757077599132
22552,0.0697710589608711,0.329964931227912,0.0614243480885351,0.538839661722681
22553,0.110378364738132,0.563480697328439,0.079641800903939,0.246499137029489
22554,0.2013360937395,0.10445151757197,0.54468364713618,0.14952874155235
22555,0.0660337666460744,0.50116109405446,0.284643899521327,0.14816123977814
22556,0.490750086040707,0.317898180450742,0.112644954715826,0.0787067787927249
22557,0.0483910442665215,0.587056668145529,0.196981460809983,0.167570826777967
22558,0.083684026845918,0.110409088825117,0.721859499458264,0.0840473848707008
22559,0.0735064440656647,0.292109175143464,0.360010871767229,0.274373509023642
22560,0.101622866102344,0.211964015679312,0.454706394606211,0.231706723612133
22561,0.11296692771248,0.255093844310183,0.548969336731442,0.0829698912458955
22562,0.14541186227307,0.508092535077584,0.30788207207532,0.0386135305740259
22563,0.3868228990127,0.132081976740899,0.309477639256985,0.171617484989416
22564,0.46898553916131,0.062243601139866,0.279159749461205,0.189611110237619
22565,0.0866096797450423,0.0891771270461759,0.58232075460257,0.241892438606212
22566,0.104372778620346,0.517973072464428,0.304578041783017,0.0730761071322096
22567,0.28224850897263,0.0691675874641237,0.398186119771576,0.25039778379167
22568,0.417845197138769,0.104538489714431,0.128802215264603,0.348814097882197
22569,0.305062816962488,0.112443055161165,0.460878543304282,0.121615584572066
22570,0.371708384763095,0.30158581399137,0.083025402243552,0.243680399001984
22571,0.218239268327793,0.517754261806243,0.0830314440683729,0.180975025797591
22572,0.20647061683276,0.427445492336294,0.0649243515873209,0.301159539243625
22573,0.29134639243897,0.254998030135075,0.247623735836773,0.206031841589182
22574,0.226975240283113,0.0760703426742436,0.347011676180609,0.349942740862034
22575,0.0252083077873442,0.417976340120589,0.343887412125831,0.212927939966236
22576,0.233940416043621,0.33963030438265,0.062132160475992,0.364297119097738
22577,0.36625162375589,0.35620546056317,0.181353118005128,0.0961897976758122
22578,0.0271254796388913,0.367934992383514,0.496278629055962,0.108660898921633
22579,0.0319364675458462,0.235922933208086,0.132935754283908,0.59920484496216
22580,0.494703277846979,0.141319210108767,0.224300677625726,0.139676834418528
22581,0.0220421234058265,0.283996119230631,0.275619838387074,0.418341918976468
22582,0.407485869495424,0.0876760085564551,0.399796181149185,0.105041940798936
22583,0.286578292522777,0.224787168106995,0.272748470987,0.215886068383228
22584,0.0373165648578395,0.40506723657685,0.370131086934351,0.18748511163096
22585,0.162091900990991,0.539212338323639,0.115748028378343,0.182947732307027
22586,0.0452744914677866,0.632647485510334,0.101449254768537,0.220628768253342
22587,0.321019973961902,0.035661793843139,0.0265979993707236,0.616720232824235
22588,0.186938614196528,0.136934416879951,0.237415978729599,0.438710990193922
22589,0.376849153656383,0.444443988584669,0.0846748374994751,0.0940320202594729
22590,0.0426639755087366,0.0285638851025482,0.49674251030523,0.432029629083485
22591,0.39570960744997,0.054750318345204,0.417927775944162,0.131612298260664
22592,0.303029882710783,0.457826890713326,0.149198036170975,0.0899451904049161
22593,0.225584072525843,0.289420025832376,0.215337284908304,0.269658616733477
22594,0.0983120989242433,0.0704831946569743,0.602461755754455,0.228742950664327
22595,0.0907662481670691,0.167365640398433,0.253092267917403,0.488775843517095
22596,0.327236696827667,0.53515829463895,0.0952928215561105,0.0423121869772724
22597,0.0624374305302096,0.120532353677955,0.714439716724581,0.102590499067255
22598,0.0936715135248788,0.58174487908733,0.0601656445060995,0.264417962881692
22599,0.0642108469530884,0.19673922065578,0.274298557642819,0.464751374748313
22600,0.130686169907285,0.28183655881387,0.194642592264685,0.392834679014161
22601,0.41287165064639,0.166176433757529,0.0707763221535735,0.350175593442507
22602,0.770605665980203,0.108209915598219,0.0579722856725988,0.0632121327489794
22603,0.289464046281301,0.115925412959346,0.18307699653357,0.411533544225783
22604,0.0361912833086037,0.294638705914105,0.301178423549219,0.367991587228072
22605,0.571934229111178,0.139799624768699,0.096729408176846,0.191536737943277
22606,0.101516992792694,0.160048014222256,0.598276793534676,0.140158199450373
22607,0.139268198975307,0.0975171242941088,0.396696371540424,0.366518305190161
22608,0.113960369572856,0.562847852829552,0.120154487533612,0.20303729006398
22609,0.280625887413973,0.356147169271048,0.0932868383568098,0.269940104958169
22610,0.034292593885699,0.775812000133756,0.124218949868327,0.0656764561122186
22611,0.086373662399427,0.163327947143676,0.616833312994515,0.133465077462382
22612,0.0889905311646348,0.199970208008845,0.524162529375088,0.186876731451433
22613,0.439080974698437,0.299857707920986,0.134372750313708,0.126688567066869
22614,0.397599455892285,0.314500128585155,0.105304361215055,0.182596054307505
22615,0.115743151226385,0.693149013064448,0.1657792419525,0.0253285937566671
22616,0.702404933653128,0.0375193131368984,0.228280537460556,0.0317952157494177
22617,0.0605876090735491,0.132084991201256,0.656952384005634,0.150375015719561
22618,0.513441432260058,0.104586366154331,0.167274478597801,0.21469772298781
22619,0.0567433875006059,0.57536611921007,0.0638568449644389,0.304033648324885
22620,0.06884044579366,0.760295323318984,0.095706363756414,0.0751578671309419
22621,0.037984576775783,0.0387688191963571,0.755497430040235,0.167749173987625
22622,0.109189497262009,0.0805852799513255,0.15541115991709,0.654814062869575
22623,0.046574023467738,0.727591193565886,0.0581125768126878,0.167722206153688
22624,0.0916085488083877,0.470538628071685,0.0731355118841025,0.364717311235825
22625,0.282299176901261,0.175695928183641,0.173767879390284,0.368237015524814
22626,0.419675047300227,0.0881450982844015,0.156880022947169,0.335299831468203
22627,0.303269089699453,0.0600989197797888,0.395788005926856,0.240843984593903
22628,0.0579800251596614,0.231099691059631,0.663942427221931,0.0469778565587772
22629,0.159556144194977,0.516699767538138,0.170496491933788,0.153247596333097
22630,0.279705594850262,0.49355887487842,0.124930155237051,0.101805375034266
22631,0.552957539577609,0.275553980353151,0.0159594413868656,0.155529038682374
22632,0.125101199410445,0.655262830909922,0.0386847953696016,0.180951174310032
22633,0.118795569906567,0.0750605870598739,0.428946820264101,0.377197022769459
22634,0.0206216318972256,0.617471606209483,0.1573285453626,0.204578216530691
22635,0.0348818245960132,0.728439429578748,0.0250187265326419,0.211660019292597
22636,0.0268071881918165,0.696803482806161,0.155530988365409,0.120858340636613
22637,0.691659782954249,0.0496173709052424,0.0355600127911031,0.223162833349406
22638,0.11806574417337,0.166275899649282,0.121401506766426,0.594256849410922
22639,0.0420933700689907,0.397384671690725,0.0690757190118198,0.491446239228465
22640,0.0403034299593546,0.0696807617034911,0.597960950303574,0.29205485803358
22641,0.025911725276548,0.767867436052823,0.116505647085608,0.0897151915850213
22642,0.0601441714835887,0.426063822014052,0.0979058305937446,0.415886175908614
22643,0.295171016284702,0.05338323154718,0.186131493244782,0.465314258923335
22644,0.0285050909289348,0.202944287780946,0.649766049213931,0.118784572076189
22645,0.342699550161295,0.019672879067644,0.291150181098157,0.346477389672904
22646,0.265135445132407,0.153737710547318,0.15768380691497,0.423443037405304
22647,0.776603667015243,0.160495301980922,0.0152244495579646,0.0476765814458709
22648,0.79944869387844,0.128439932151614,0.0097366538829381,0.0623747200870084
22649,0.094561267848859,0.261594559290199,0.229395362023604,0.414448810837338
22650,0.117322868111096,0.451557390069203,0.107181222871484,0.323938518948217
22651,0.184074273561889,0.0628743783498332,0.555557762319077,0.197493585769201
22652,0.0307605050915335,0.109788412759938,0.21411685520158,0.645334226946949
22653,0.0210960818499836,0.103311578739278,0.77160232216327,0.103990017247469
22654,0.0517312429315596,0.0743503709897515,0.223167610780545,0.650750775298144
22655,0.0446284726988503,0.753256169320751,0.0326748025482755,0.169440555432123
22656,0.128209541349112,0.129567405805165,0.571102528395257,0.171120524450466
22657,0.389663001895584,0.140427974372176,0.0509162021864297,0.418992821545811
22658,0.0325387948527903,0.0139285735066684,0.0618316470972294,0.891700984543312
22659,0.0421777588570847,0.041363610437429,0.771142637075759,0.145315993629727
22660,0.867970433011026,0.064282846561524,0.0136446702717548,0.0541020501556953
22661,0.500923020548185,0.105231686490952,0.192812196190969,0.201033096769894
22662,0.0827943649259694,0.067473932364428,0.781818602748325,0.0679130999612777
22663,0.108282267137524,0.760703745363142,0.0763530411577393,0.0546609463415954
22664,0.101921956353703,0.680612475738414,0.0280584597642662,0.189407108143617
22665,0.257303034862665,0.18063378150278,0.485221817911155,0.0768413657234005
22666,0.332656637661635,0.246588110222896,0.0255651709232293,0.395190081192239
22667,0.0544890646396795,0.128946185237721,0.708415004982118,0.108149745140482
22668,0.199864938668851,0.361137772211037,0.0574328850077865,0.381564404112326
22669,0.132137514548595,0.117014257520954,0.312095944925842,0.43875228300461
22670,0.123577944786131,0.34596239588763,0.100797143230571,0.429662516095669
22671,0.186874230599608,0.0885171186624152,0.486093911392201,0.238514739345776
22672,0.396126150075292,0.0899760280993836,0.181577020778178,0.332320801047146
22673,0.272692155042586,0.194628994715564,0.0813408802869433,0.451337969954907
22674,0.0825753657927388,0.154785454329813,0.577981726484912,0.184657453392537
22675,0.0577875060863248,0.280632290155497,0.144201085600589,0.51737911815759
22676,0.114712781025867,0.653188626885517,0.0519122110561805,0.180186381032436
22677,0.64942225832791,0.0606881663883575,0.0775376803939123,0.21235189488982
22678,0.130948251846236,0.153466997943744,0.133737821355613,0.581846928854407
22679,0.0336469438472119,0.431405791701831,0.0663463411370111,0.468600923313946
22680,0.0277880446403569,0.0831271177908223,0.449636836316056,0.439448001252765
22681,0.0616813903582254,0.32569110415661,0.074023984378717,0.538603521106448
22682,0.224488710741988,0.625654153186464,0.0543827159478716,0.0954744201236763
22683,0.0786072879493157,0.0152132076857263,0.614031571321887,0.292147933043071
22684,0.0604650796698396,0.830735941298349,0.0532479374049056,0.0555510416269058
22685,0.207240886475738,0.096291790244257,0.16176722012047,0.534700103159535
22686,0.884650646186795,0.0404617303951071,0.0207690915957862,0.0541185318223119
22687,0.0534916193554548,0.515756680827456,0.15508460368231,0.275667096134779
22688,0.382975771374091,0.213210533536115,0.304408964140869,0.0994047309489241
22689,0.261897659454628,0.349608781829047,0.166661012861265,0.22183254585506
22690,0.130660617330495,0.215211188842151,0.567420248369708,0.0867079454576462
22691,0.12653936129852,0.511884877417619,0.284139845375124,0.0774359159087373
22692,0.0773296034195144,0.27560595683177,0.270924360663577,0.376140079085139
22693,0.129836682794326,0.532372226216681,0.064858676771421,0.272932414217571
22694,0.609620533182809,0.0419606097186373,0.268569848488225,0.0798490086103291
22695,0.145890184479314,0.137945718147388,0.534589456763797,0.181574640609501
22696,0.0513637227770667,0.472046304993965,0.0416559126950082,0.43493405953396
22697,0.0290374294255935,0.469512746999506,0.0948429217067315,0.406606901868169
22698,0.235825393467925,0.347635057660424,0.0890529676993825,0.327486581172269
22699,0.762349611749724,0.0133818621884657,0.0964552077347313,0.127813318327079
22700,0.309203137527142,0.105112145315781,0.0584441961815296,0.527240520975547
22701,0.0583575275630869,0.461585028948242,0.043293775889358,0.436763667599313
22702,0.032716625503653,0.216339671492896,0.413981597989629,0.336962105013822
22703,0.204529994455425,0.123331198859927,0.61667204780792,0.0554667588767282
22704,0.10398813150751,0.497067635771187,0.0966728022757405,0.302271430445563
22705,0.0344011209697287,0.281989051889861,0.261630873476941,0.42197895366347
22706,0.0587896004092575,0.42800495902067,0.365529334528356,0.147676106041717
22707,0.122690364070348,0.670351593153103,0.109930763670527,0.0970272791060217
22708,0.0446251751864699,0.125032353258476,0.591559365752494,0.23878310580256
22709,0.0646965736150139,0.848642343714497,0.01588718110567,0.070773901564819
22710,0.114660575825398,0.419207369232476,0.0727133066290706,0.393418748313056
22711,0.596881901033593,0.0843265662375188,0.266668242976781,0.0521232897521077
22712,0.362679315694904,0.336122907236256,0.0497336890176964,0.251464088051144
22713,0.0676468465710161,0.25416959092811,0.433269092201684,0.244914470299191
22714,0.065861860168811,0.214780468365629,0.623391979547991,0.0959656919175696
22715,0.22074841999424,0.346012969618868,0.197574263377862,0.23566434700903
22716,0.114623688586104,0.435372736125262,0.174259071087274,0.275744504201361
22717,0.131116123524626,0.0733809344860186,0.34119373193844,0.454309210050915
22718,0.504679539845189,0.118124706995776,0.080316201016108,0.296879552142927
22719,0.567766703711555,0.16922028392398,0.153120937662124,0.109892074702341
22720,0.121122278017525,0.286459012982572,0.159133212881341,0.433285496118563
22721,0.530344867681691,0.156339750270945,0.0802106737905248,0.23310470825684
22722,0.117340645311289,0.247983326904464,0.147484370393571,0.487191657390676
22723,0.129560219639103,0.517349358847032,0.015834330108393,0.337256091405472
22724,0.0839789199675137,0.210503690493456,0.590209321042999,0.115308068496032
22725,0.13226902417606,0.470194389338279,0.195207485289112,0.202329101196549
22726,0.0331008826733493,0.61149816235025,0.0682270642250289,0.287173890751372
22727,0.144233232945382,0.187872020540383,0.598426923054838,0.0694678234593979
22728,0.0497245912496869,0.523545721397846,0.228723596125941,0.198006091226526
22729,0.23662706458735,0.421122352035737,0.200152061337084,0.14209852203983
22730,0.0727692742784848,0.396298596008273,0.298340189422155,0.232591940291088
22731,0.0218572386882943,0.401318252223479,0.379978454574123,0.196846054514104
22732,0.20725654811031,0.214944197162858,0.441947841670704,0.135851413056128
22733,0.190362596534137,0.382710002605591,0.10487695628042,0.322050444579852
22734,0.11536107317959,0.469507246424588,0.159024987711341,0.256106692684481
22735,0.0956280923950141,0.475026428913781,0.407671201537194,0.0216742771540107
22736,0.0422928296747727,0.191036926915081,0.588887165559087,0.177783077851059
22737,0.425768453991679,0.218226651870046,0.0203806912134365,0.335624202924838
22738,0.261130014800103,0.0654521365479933,0.538189629458996,0.135228219192907
22739,0.438075010015584,0.206906075410466,0.104410692700355,0.250608221873595
22740,0.064610830273103,0.635625395668791,0.218932166494762,0.0808316075633443
22741,0.742868831124283,0.0642729122820697,0.136598516375476,0.0562597402181712
22742,0.0745262219822675,0.523186406348126,0.362484498302533,0.0398028733670736
22743,0.071070895734743,0.634116737294601,0.0777404033862784,0.217071963584378
22744,0.169851904814251,0.541367599975413,0.130639223833807,0.158141271376529
22745,0.499840959081647,0.145829439335265,0.0619527031177768,0.292376898465311
22746,0.150361465317503,0.262075299797462,0.342455958929593,0.245107275955442
22747,0.661304687957747,0.0810563937180141,0.04572602526109,0.211912893063149
22748,0.498314429162453,0.165102093304729,0.289009109757781,0.0475743677750363
22749,0.104049566341879,0.212250365996026,0.574170580425321,0.109529487236775
22750,0.0625449505959551,0.0345339299763709,0.874440789904691,0.0284803295229826
22751,0.0971053392118207,0.32343196275835,0.48558569131817,0.0938770067116591
22752,0.323633354821872,0.16303805367325,0.215804200887205,0.297524390617672
22753,0.262925573656478,0.548569176307038,0.0626695055643693,0.125835744472115
22754,0.323000120224951,0.378166625791981,0.260789530092402,0.0380437238906663
22755,0.0801354650798379,0.053617124975115,0.623863307971491,0.242384101973556
22756,0.131776019903373,0.0936374362962622,0.237838473817542,0.536748069982822
22757,0.375656363271022,0.0940242812619982,0.0487374393086778,0.481581916158302
22758,0.173952443261982,0.0757810279783232,0.523854654914057,0.226411873845638
22759,0.32136429616657,0.303193162518941,0.0371361050735332,0.338306436240956
22760,0.109908742244294,0.134515861952207,0.490604645207717,0.264970750595782
22761,0.0596702771367596,0.388162744031574,0.0652340139172407,0.486932964914425
22762,0.0470710258962187,0.292331275479501,0.542989434579548,0.117608264044732
22763,0.0323030630386458,0.387450287283062,0.345315651219066,0.234930998459227
22764,0.141870989387434,0.636962595353245,0.0479826565384775,0.173183758720844
22765,0.245989333810623,0.168810682304218,0.350763325325432,0.234436658559727
22766,0.340099889707316,0.456283021641531,0.17296807486845,0.0306490137827019
22767,0.0824433829293316,0.0822165669781972,0.627196566150302,0.208143483942169
22768,0.0948720868101797,0.134244643226703,0.598110070679348,0.17277319928377
22769,0.0277800864261801,0.923894105595844,0.0126428573294649,0.0356829506485108
22770,0.506680625803063,0.0715691630393038,0.0360626570754828,0.38568755408215
22771,0.275351260177357,0.0925184469728408,0.50155091667946,0.130579376170341
22772,0.549715934643206,0.172389494194358,0.142168904350089,0.135725666812347
22773,0.0305197411410647,0.503941646121246,0.0509329186933466,0.414605694044343
22774,0.301918393368098,0.158549412652499,0.362733647076731,0.176798546902672
22775,0.16534018313891,0.537611258223622,0.206112600389098,0.0909359582483699
22776,0.286033347252826,0.195007080173768,0.0349203001695927,0.484039272403813
22777,0.0500610117289574,0.296996052156797,0.592736065150072,0.0602068709641739
22778,0.0211399358088789,0.154330401022139,0.599236026795493,0.22529363637349
22779,0.172068894552112,0.316744872636053,0.235208108583145,0.275978124228691
22780,0.228230103900694,0.578585829674868,0.105062639327773,0.088121427096665
22781,0.0387481342018863,0.11393156557459,0.610620471977201,0.236699828246323
22782,0.033095809964261,0.0623066689918477,0.65977252634439,0.244824994699502
22783,0.131898113555394,0.107684331372286,0.580858421184862,0.179559133887459
22784,0.0586135739191533,0.532864271114973,0.0765714654239364,0.331950689541937
22785,0.174387435920243,0.36480047952353,0.289710134995301,0.171101949560926
22786,0.299225864011753,0.0454952446037761,0.294266080648352,0.361012810736118
22787,0.526098389706965,0.0544912262955941,0.0806242667036121,0.338786117293829
22788,0.647195751589006,0.0374770405013362,0.198895518175622,0.116431689734036
22789,0.460690499746134,0.138676271849824,0.081716608014535,0.318916620389507
22790,0.0685230456689701,0.263485794251043,0.528084470155365,0.139906689924622
22791,0.0506606620038512,0.390099033428477,0.0871836445739455,0.472056659993726
22792,0.0384516462736622,0.027381191217069,0.887263882393036,0.0469032801162331
22793,0.871766531556975,0.0473377216450028,0.0303896559252548,0.0505060908727677
22794,0.098553441999677,0.26978458765445,0.362853040213879,0.268808930131995
22795,0.0516047119660551,0.479329725975927,0.0588031110997159,0.410262450958302
22796,0.561690972905359,0.0358597581595694,0.188429708724782,0.214019560210289
22797,0.0252357230470069,0.0677659552834325,0.850895186302832,0.0561031353667287
22798,0.0254714084227949,0.0618535741882959,0.319385715715561,0.593289301673348
22799,0.602065733011532,0.0609057831495119,0.0423799517256311,0.294648532113325
22800,0.197446434099578,0.118239517345444,0.2197365714808,0.464577477074178
22801,0.0651830350922063,0.277683071842377,0.304971500244332,0.352162392821084
22802,0.054531445929658,0.490535822778459,0.207356853598547,0.247575877693337
22803,0.567425782497603,0.314939238381522,0.0402049369291472,0.0774300421917277
22804,0.296143358907484,0.0606576985378554,0.344525058338418,0.298673884216243
22805,0.231714315503215,0.344202870581706,0.110667249256435,0.313415564658644
22806,0.0786026148057206,0.61327412779836,0.0374472115715743,0.270676045824345
22807,0.438463197209953,0.02307148477364,0.303140458439498,0.235324859576909
22808,0.0506804152806147,0.522863966124021,0.185995898224132,0.240459720371233
22809,0.0868335508982636,0.118829750517037,0.644250210626816,0.150086487957883
22810,0.0461372868024944,0.580308288200153,0.149643919227317,0.223910505770036
22811,0.126297305814445,0.127967771871616,0.457470016612406,0.288264905701534
22812,0.110748680440352,0.588654716048359,0.078683292983511,0.221913310527779
22813,0.423175171165225,0.0938709911763132,0.201848800478161,0.281105037180301
22814,0.0978719475026368,0.644633282776201,0.0390339521877492,0.218460817533413
22815,0.0987865343830764,0.467755165513606,0.206962937161688,0.22649536294163
22816,0.0672646455531997,0.238047393544685,0.0481975172590432,0.646490443643072
22817,0.486172516416089,0.0779395915281145,0.0379712107958061,0.397916681259991
22818,0.0389309904605256,0.615889242707365,0.243904384416796,0.101275382415314
22819,0.11454141157005,0.0704171801478592,0.539801381647587,0.275240026634505
22820,0.0603418082829232,0.167611967426108,0.628919349894951,0.143126874396018
22821,0.0708361742563543,0.201056670893136,0.338747172107614,0.389359982742896
22822,0.398992018625399,0.0414885183917186,0.249711531443066,0.309807931539816
22823,0.118627159181754,0.490961962746349,0.0849324927612455,0.305478385310651
22824,0.0348261540974109,0.376430998085612,0.320907863145479,0.267834984671498
22825,0.180033705427782,0.0407323649772777,0.684051650052743,0.0951822795421978
22826,0.0532670597303885,0.137789683876521,0.275962090791153,0.532981165601937
22827,0.532570307722145,0.0436525684200885,0.185020033542354,0.238757090315413
22828,0.0338619129447468,0.210576924276232,0.694740728805638,0.060820433973383
22829,0.0841663968612551,0.452203935633398,0.344711359326029,0.118918308179319
22830,0.113560949192147,0.0397455047787116,0.703456006913792,0.143237539115349
22831,0.0577244416146293,0.648732561519503,0.0199352432401094,0.273607753625758
22832,0.0343467822719337,0.0255873480595117,0.752485989001474,0.187579880667081
22833,0.148787859296209,0.677229416490579,0.0807042598321626,0.0932784643810497
22834,0.0255586389246392,0.0341843339456228,0.140980799544663,0.799276227585076
22835,0.210325260450537,0.123297746691389,0.130434537983791,0.535942454874283
22836,0.122909726188972,0.329660807419151,0.0421038389893998,0.505325627402478
22837,0.0255953976385345,0.328559586540491,0.146847153951398,0.498997861869576
22838,0.254620001407294,0.137640216661598,0.0290767565771385,0.57866302535397
22839,0.240325708124598,0.253039734710199,0.197922039568393,0.30871251759681
22840,0.342369299128312,0.0338023503604582,0.27383633210236,0.34999201840887
22841,0.284530116449862,0.175611122273866,0.123712928005606,0.416145833270666
22842,0.427038928982987,0.0589942255407822,0.230618235675042,0.283348609801189
22843,0.334488269485393,0.110900191871289,0.188144081244577,0.366467457398741
22844,0.706656899641857,0.121932202368877,0.113578292183684,0.0578326058055833
22845,0.668799933842396,0.173034758126499,0.106356990042081,0.0518083179890252
22846,0.0541976612252165,0.749199980543367,0.0256528587703305,0.170949499461086
22847,0.261845740413659,0.507803393248417,0.0999707766843288,0.130380089653595
22848,0.155002170025967,0.262329243705256,0.0662574230839393,0.516411163184838
22849,0.24862344557596,0.0455992960377233,0.591981291797648,0.11379596658867
22850,0.531694052023527,0.0889727533052269,0.220979615254939,0.158353579416308
22851,0.119411556110763,0.444097369937967,0.118076645448786,0.318414428502483
22852,0.587951496532989,0.0758627298768832,0.0260874580965507,0.310098315493577
22853,0.537960641378599,0.110362083693634,0.296311530510507,0.0553657444172595
22854,0.0906021222611321,0.12398180805029,0.0451625348036977,0.74025353488488
22855,0.465962453217845,0.195373994006819,0.0319017423946561,0.30676181038068
22856,0.0239814092318867,0.0454430593591333,0.467431355019048,0.463144176389932
22857,0.0266704672088445,0.0497988584030882,0.31939027690432,0.604140397483748
22858,0.177404771388371,0.213974852404873,0.28528264097076,0.323337735235996
22859,0.189153947836568,0.678770554531098,0.0502594600362754,0.0818160375960586
22860,0.15205539771043,0.198793170881309,0.113242717619425,0.535908713788837
22861,0.168604945685704,0.357848104762601,0.286606995276696,0.186939954274999
22862,0.148431863008404,0.120602100089161,0.180372142192811,0.550593894709625
22863,0.101018125235177,0.589982425929791,0.198092825197345,0.110906623637687
22864,0.0150383068760773,0.30481809770034,0.122950236927024,0.557193358496558
22865,0.176677744056218,0.349980574446883,0.061426205736509,0.411915475760391
22866,0.141854569638584,0.0283659769052221,0.573817864197491,0.255961589258703
22867,0.0862115163939661,0.0327461814241445,0.677572454026337,0.203469848155553
22868,0.131264549430498,0.141792104046551,0.291059626981666,0.435883719541286
22869,0.429968833123526,0.102841337524949,0.0994295338237374,0.367760295527788
22870,0.105688285335779,0.260795217225904,0.145339420135494,0.488177077302823
22871,0.153731965770432,0.488094409512148,0.0373043352608772,0.320869289456543
22872,0.152058047512277,0.66213136773335,0.0182529097472563,0.167557675007118
22873,0.0403699701968253,0.219407159123909,0.283448320956389,0.456774549722877
22874,0.0669459569927776,0.382485913118972,0.0188940775998922,0.531674052288359
22875,0.0254694879352452,0.523527584009306,0.054968361698756,0.396034566356692
22876,0.171459770399453,0.457728779598738,0.154427057730364,0.216384392271446
22877,0.325545868015007,0.09569874682669,0.191856078983965,0.386899306174339
22878,0.0779446400225857,0.0195632444466558,0.73883058960135,0.163661525929409
22879,0.13955710914187,0.0746240581409818,0.720278970440739,0.0655398622764089
22880,0.0893712182283673,0.195469993986365,0.645853955886048,0.0693048318992202
22881,0.345247991509965,0.190593932278503,0.258606039974806,0.205552036236726
22882,0.0643474459434108,0.786852692568878,0.0336710398573016,0.11512882163041
22883,0.137682510869408,0.0647376731316371,0.535370823550739,0.262208992448216
22884,0.0849722245690423,0.343884066409835,0.278000260941021,0.293143448080102
22885,0.317449710349125,0.197836353523399,0.0275110876909159,0.45720284843656
22886,0.256136613029563,0.0323779608795826,0.141682274859767,0.569803151231088
22887,0.0945218936935289,0.775952674123694,0.0598886740447027,0.0696367581380747
22888,0.763435579091305,0.171554005566354,0.028094606143337,0.0369158091990041
22889,0.0408351102019569,0.0212431273161319,0.887681504179129,0.0502402583027822
22890,0.37594525751091,0.550835044819309,0.0415836259351699,0.0316360717346119
22891,0.115225758459913,0.377920387328104,0.275742040205314,0.231111814006669
22892,0.200906269815516,0.0882669082119087,0.495368129907513,0.215458692065062
22893,0.684983353240531,0.180514165591908,0.0905552521680795,0.043947228999481
22894,0.102055197312936,0.0685153841223428,0.0172889122111151,0.812140506353606
22895,0.69585961653113,0.0945432915992513,0.0855687750192072,0.124028316850412
22896,0.430729033149466,0.431731066157684,0.0905482068206576,0.0469916938721921
22897,0.096201449254344,0.235748418688193,0.413588765104889,0.254461366952575
22898,0.0531365725122053,0.231738527539168,0.551710262398404,0.163414637550223
22899,0.689446296412261,0.0829497353045236,0.0933258881875683,0.134278080095647
22900,0.544111676737773,0.122854479738215,0.106144913639418,0.226888929884594
22901,0.177676426678647,0.263675710769233,0.199517569349428,0.359130293202693
22902,0.151390641601351,0.339827598593459,0.12069660008872,0.388085159716469
22903,0.186855771465324,0.299427561277693,0.452820248895263,0.0608964183617203
22904,0.804618989960655,0.0557124686815395,0.0510444755808578,0.0886240657769481
22905,0.279633276529952,0.429764439400718,0.0663096973732216,0.224292586696109
22906,0.673311406096014,0.168393190637579,0.0424716688436912,0.115823734422716
22907,0.175661560648851,0.108998850849133,0.494242896178696,0.22109669232332
22908,0.100924869923794,0.191822675383593,0.48861584317458,0.218636611518033
22909,0.093378505863144,0.806836247623932,0.0294944303349041,0.0702908161780196
22910,0.179270293393686,0.268115524092113,0.103613603057695,0.449000579456505
22911,0.125487424889474,0.165617355469602,0.283323015940205,0.425572203700718
22912,0.174292332706386,0.585162109106291,0.198614909721642,0.0419306484656808
22913,0.100772247605263,0.121051273834318,0.675546370715268,0.102630107845151
22914,0.0853462020314808,0.510418577912719,0.109297526305391,0.294937693750409
22915,0.642927198746882,0.0355326487523414,0.209634653760853,0.111905498739923
22916,0.237275913257159,0.467800327148256,0.0452290551318433,0.249694704462742
22917,0.297924499113045,0.335219873579647,0.0453928340643097,0.321462793242999
22918,0.587769457594183,0.176677957826778,0.0136086192249662,0.221943965354072
22919,0.102623900445809,0.816448799742977,0.0306652268422855,0.0502620729689291
22920,0.140722589611951,0.152198497474429,0.460090161517758,0.246988751395863
22921,0.451116875458517,0.169224261185091,0.0565247084371401,0.323134154919252
22922,0.229735948702731,0.519031477895703,0.103073056507632,0.148159516893934
22923,0.0208717185486333,0.545603666844584,0.0912097486665393,0.342314865940244
22924,0.638809520992807,0.0976564959952288,0.114142000265212,0.149391982746752
22925,0.173626528639968,0.359230205747708,0.0284268943513746,0.43871637126095
22926,0.348365583802442,0.0647600021281694,0.240345794386682,0.346528619682706
22927,0.0704360793504603,0.080142865208698,0.166703764841522,0.68271729059932
22928,0.686729197303064,0.213071512653046,0.0116568117369517,0.0885424783069388
22929,0.0423754333084304,0.661478332653637,0.128202435242411,0.167943798795521
22930,0.0835176283771499,0.148035583464724,0.418077688218977,0.350369099939149
22931,0.126015425563221,0.176939816696466,0.608357975594254,0.0886867821460591
22932,0.0478638696754002,0.0616159526016788,0.0444668608025683,0.846053316920353
22933,0.527647740331298,0.102653725127877,0.147753354085718,0.221945180455107
22934,0.160112484760703,0.0536038051801786,0.369822389743313,0.416461320315806
22935,0.0566777199013256,0.687626445201667,0.114632307167572,0.141063527729435
22936,0.423675042728495,0.137932774258196,0.140768703200453,0.297623479812856
22937,0.518791322958339,0.148583570991318,0.0992846408842332,0.23334046516611
22938,0.47443677092523,0.311528623488451,0.0677550172098778,0.146279588376441
22939,0.165591017491248,0.21618824789869,0.16408621487819,0.454134519731872
22940,0.0912615067170956,0.0280980044149621,0.485636297984855,0.395004190883088
22941,0.130225803075108,0.0828976514045053,0.510125527594113,0.276751017926274
22942,0.0205447196671959,0.245069534040089,0.651709939708329,0.0826758065843865
22943,0.0680436298750155,0.540495554854034,0.130516493193173,0.260944322077777
22944,0.0358146831514551,0.578949963178427,0.0338387237330196,0.351396629937099
22945,0.199617955378192,0.285086598683257,0.141964276166388,0.373331169772163
22946,0.0423153441591844,0.103183427195714,0.206565013839588,0.647936214805514
22947,0.201819635147951,0.65041532492637,0.0452653774333964,0.102499662492283
22948,0.26923468009121,0.0622417847510897,0.059398305674372,0.609125229483328
22949,0.029838160862307,0.289816477749854,0.338630925868407,0.341714435519432
22950,0.132117727743717,0.229260640742644,0.0451790880207036,0.593442543492935
22951,0.0789178005127489,0.619106804156887,0.0690752929012552,0.232900102429109
22952,0.14826108907672,0.161249362569231,0.0379293851846891,0.65256016316936
22953,0.355308754752734,0.218815024258378,0.243588857332097,0.182287363656791
22954,0.140655302026455,0.0636108939576442,0.148871538784085,0.646862265231816
22955,0.210354982885558,0.597242128190702,0.110570604227475,0.081832284696266
22956,0.370679053142684,0.0854593349916257,0.163997437816589,0.379864174049102
22957,0.182863046034777,0.100876376385694,0.483713326338349,0.23254725124118
22958,0.674416426861883,0.11715553285941,0.0478580270819368,0.16057001319677
22959,0.0441005218263607,0.0980561652850532,0.581151647387984,0.276691665500602
22960,0.349519560961134,0.496563633486778,0.0615139424267665,0.0924028631253221
22961,0.134260415413465,0.22733452169227,0.205853924451199,0.432551138443065
22962,0.121349956794582,0.0717847930103722,0.759541854066618,0.0473233961284278
22963,0.0248235406956856,0.288285619224487,0.0197523490870411,0.667138490992786
22964,0.0608492017271636,0.10253948986402,0.600929999214819,0.235681309193998
22965,0.326263452814397,0.299621123644222,0.0885312263048656,0.285584197236516
22966,0.087949207408868,0.101503899120992,0.650435927604733,0.160110965865407
22967,0.0369035952206215,0.524778490026452,0.383732484416377,0.0545854303365489
22968,0.152745533923987,0.168417488058374,0.481429992853168,0.197406985164471
22969,0.247929643860171,0.229932441955723,0.276252437266275,0.245885476917831
22970,0.548424570207345,0.0956299026198054,0.089271411590602,0.266674115582247
22971,0.064228645666104,0.132811357663863,0.736197149617552,0.0667628470524812
22972,0.211780917351075,0.621468085086363,0.0861153558107063,0.0806356417518557
22973,0.0328479134294881,0.554058385185832,0.0500352805620432,0.363058420822637
22974,0.042790504533442,0.074386026194777,0.413140328931367,0.469683140340414
22975,0.209838003857644,0.136714686538655,0.583220699512021,0.0702266100916805
22976,0.0317113802057654,0.245520773263025,0.49868594969239,0.22408189683882
22977,0.0379322716136386,0.265815075835665,0.462943125671736,0.233309526878961
22978,0.010501013626804,0.26039829686095,0.617012779337498,0.112087910174749
22979,0.0261322255015751,0.214544963740184,0.655684469735375,0.103638341022866
22980,0.447511632247207,0.481445556597232,0.02123571406417,0.0498070970913916
22981,0.125575182007029,0.689880710369998,0.1311756939092,0.053368413713774
22982,0.271994745291862,0.0718278111819401,0.207202782247729,0.448974661278469
22983,0.711829101979337,0.190886483680097,0.0169954863002909,0.0802889280402753
22984,0.0138803525900987,0.418925840375663,0.310913831441472,0.256279975592767
22985,0.482341339568344,0.104535466684053,0.136873864040487,0.276249329707116
22986,0.410249165948516,0.242577339324989,0.0418211123396366,0.305352382386858
22987,0.0237038806935313,0.0639936759613672,0.539873536773493,0.372428906571608
22988,0.0886771474657262,0.111278164220673,0.610546805921059,0.189497882392542
22989,0.551935244402661,0.0953318253009948,0.114925354010444,0.237807576285901
22990,0.0611106354524733,0.481259805016852,0.0530786933489637,0.404550866181711
22991,0.796324847969696,0.0341970010356295,0.0196063982443344,0.14987175275034
22992,0.22910135178657,0.555394778886795,0.12896925818775,0.0865346111388852
22993,0.0435451719677093,0.0306602184780573,0.863661969490361,0.0621326400638728
22994,0.824012029341449,0.0836674024238801,0.0592620811509741,0.0330584870836967
22995,0.0616878407040169,0.328547579982472,0.412250672669452,0.19751390664406
22996,0.815435894303771,0.0700875964323,0.0621987972702194,0.0522777119937094
22997,0.213499215031061,0.436898086587573,0.0947061430683817,0.254896555312985
22998,0.165745782185354,0.0662620096293611,0.182378868103288,0.585613340081997
22999,0.709712403589294,0.0448941729384475,0.145858396638162,0.0995350268340968
23000,0.0388181638389287,0.15260514003344,0.782593444522285,0.0259832516053457
23001,0.194752713784135,0.390057672814596,0.323893943148269,0.0912956702529995
23002,0.036168522715021,0.43333583696526,0.288153407654952,0.242342232664767
23003,0.83806584020224,0.0522462139089608,0.0656650602285639,0.0440228856602351
23004,0.0652792141346161,0.312317396817349,0.452600140655777,0.169803248392258
23005,0.113314259742783,0.753355516141791,0.0498484010591957,0.0834818230562297
23006,0.0913938967335883,0.106024747776433,0.722242248561022,0.0803391069289577
23007,0.0206276915192746,0.539369291891099,0.374122700450919,0.0658803161387072
23008,0.0268000776417464,0.599832947843167,0.229135385409993,0.144231589105094
23009,0.277962537488045,0.0437844035568613,0.378903273947474,0.29934978500762
23010,0.406950445163496,0.411964904969146,0.109139537494905,0.0719451123724524
23011,0.408085007724211,0.0669469680504956,0.341812087589736,0.183155936635557
23012,0.220248234779584,0.111696208088561,0.550530821979029,0.117524735152827
23013,0.390185960937607,0.0687303451059014,0.373890015714329,0.167193678242162
23014,0.0236522954435811,0.31753365738707,0.467486282761429,0.191327764407921
23015,0.0808118977167821,0.112510042448075,0.651499484912288,0.155178574922855
23016,0.282461291280947,0.182059690041458,0.464996621201689,0.0704823974759058
23017,0.201880414964245,0.1393290533856,0.527437624067985,0.131352907582171
23018,0.712300238671767,0.149531853853167,0.0663472951937636,0.0718206122813016
23019,0.0581571160742022,0.0939159549379153,0.812844929121742,0.0350819998661407
23020,0.441394706202717,0.0763426389170081,0.0664528120324054,0.41580984284787
23021,0.494012583023171,0.26195010874834,0.018215629065106,0.225821679163383
23022,0.12541058518644,0.192361426390894,0.0270331176555049,0.655194870767161
23023,0.640642268638985,0.102167432057058,0.0818641268576652,0.175326172446291
23024,0.319402501848146,0.360373500674768,0.0292297091483643,0.290994288328722
23025,0.0579152163962816,0.656611447756878,0.153543093193366,0.131930242653475
23026,0.880706629643973,0.0291981377779498,0.0342328887498961,0.0558623438281814
23027,0.23505509880292,0.35012010322304,0.141531357765684,0.273293440208357
23028,0.067369863871511,0.756750943329475,0.0142276562716481,0.161651536527366
23029,0.0331360486787121,0.0731029248307048,0.765556117558614,0.12820490893197
23030,0.379922872831521,0.147660135690618,0.115953601499413,0.356463389978448
23031,0.0311758287964181,0.313082143524053,0.311236198614054,0.344505829065475
23032,0.129493845737062,0.594029547350161,0.101523891740009,0.174952715172768
23033,0.467229095666375,0.224035786688388,0.0457185127964253,0.263016604848812
23034,0.105124618768522,0.444930539728704,0.0545895508176463,0.395355290685128
23035,0.35688089140318,0.403703154853623,0.0447647898217404,0.194651163921457
23036,0.0661234877192101,0.407248767444441,0.0675633767040109,0.459064368132338
23037,0.583453564604283,0.256236513708816,0.0656287687708146,0.0946811529160857
23038,0.293493890829219,0.582727891368832,0.0710727542704171,0.0527054635315316
23039,0.695648927473581,0.193983478872359,0.0115498997860564,0.0988176938680028
23040,0.104379744812232,0.0786351875482216,0.275964076222778,0.541020991416768
23041,0.400203806262924,0.085915841407303,0.361207100804019,0.152673251525754
23042,0.220707926355593,0.125350351179417,0.156681120109066,0.497260602355925
23043,0.113609873532994,0.180524330099155,0.239229683509511,0.46663611285834
23044,0.0596496382394966,0.112400513500719,0.546175024494655,0.281774823765129
23045,0.374640069536796,0.315971029979476,0.126141209439608,0.18324769104412
23046,0.806775883869516,0.0467380020950682,0.100954881867449,0.0455312321679672
23047,0.0944574029795191,0.248442697041598,0.509289757946518,0.147810142032365
23048,0.695201190264476,0.0772569205947873,0.08197782374401,0.145564065396727
23049,0.375821478618859,0.262500868013549,0.0849210772923319,0.27675657607526
23050,0.280163295579966,0.509797114011545,0.105600431179392,0.104439159229098
23051,0.410367272106886,0.251285950668959,0.153960489832246,0.18438628739191
23052,0.0621883454411547,0.739404141702895,0.143903871932687,0.0545036409232636
23053,0.501487404815758,0.055497670986188,0.169280869419906,0.273734054778149
23054,0.385011191580104,0.130747632670726,0.41157998262153,0.0726611931276401
23055,0.750530097961806,0.0972933823511109,0.0522633272207063,0.099913192466377
23056,0.14486567580775,0.103120211701857,0.221807194556493,0.5302069179339
23057,0.0873372044975549,0.659721756180525,0.0259462635213191,0.226994775800601
23058,0.0371860319038978,0.532655560730303,0.254806061334462,0.175352346031337
23059,0.391927844427703,0.0851424418920502,0.108130923354627,0.41479879032562
23060,0.573317018536996,0.0588081912173553,0.0396855275533073,0.328189262692341
23061,0.653258413513384,0.125574461970456,0.190940559346505,0.0302265651696552
23062,0.131648913169719,0.15175758441693,0.0374225796322247,0.679170922781125
23063,0.0674822787810843,0.0656926937874279,0.763684164067146,0.103140863364342
23064,0.163174626645082,0.0583337039978596,0.620617094440677,0.157874574916382
23065,0.0723455898869372,0.235125096925474,0.472573198929825,0.219956114257764
23066,0.0796127529707836,0.73302467238816,0.0377443768393064,0.14961819780175
23067,0.21622325311893,0.146399066783202,0.363295973722596,0.274081706375272
23068,0.719945601679933,0.157654563165465,0.0231691103843857,0.0992307247702164
23069,0.0182269297096219,0.618065387325234,0.248351924170358,0.115355758794786
23070,0.237614505123394,0.584741218549051,0.0565620976834952,0.12108217864406
23071,0.0317040103749677,0.477978481791921,0.366786199929438,0.123531307903673
23072,0.118142541058852,0.124262449853631,0.58843987778493,0.169155131302588
23073,0.0365163839234286,0.0201667947763122,0.741374657842404,0.201942163457856
23074,0.753017533112184,0.0311076905815172,0.0451890150551677,0.170685761251131
23075,0.4009550918328,0.215504297152224,0.162217512126381,0.221323098888596
23076,0.83005081767261,0.045074920468179,0.0205395633850251,0.104334698474186
23077,0.897896982469367,0.0322398418376975,0.0288431589877832,0.0410200167051521
23078,0.0319299102444212,0.0573752505097833,0.861947763800086,0.0487470754457091
23079,0.6221509464009,0.0859578539217727,0.198453783165312,0.0934374165120154
23080,0.210914779659626,0.343193780055182,0.107292650822886,0.338598789462306
23081,0.0208589305724734,0.0555039152376383,0.782127487265543,0.141509666924345
23082,0.166673090216777,0.735644206898052,0.0450174136034456,0.0526652892817258
23083,0.0979754242668792,0.433552788303153,0.246262278670336,0.222209508759632
23084,0.0597017068461848,0.171270256732715,0.624663366521399,0.144364669899701
23085,0.145396683963049,0.0523555147536756,0.0875458857524392,0.714701915530837
23086,0.305357643313912,0.331986935064724,0.144984162429574,0.21767125919179
23087,0.116065473838511,0.275128397972857,0.37562507197143,0.233181056217202
23088,0.356413805153829,0.0954745510857113,0.448004537912932,0.100107105847528
23089,0.409801826034384,0.401273798515446,0.142313339123041,0.0466110363271287
23090,0.0758321000900514,0.148455145778445,0.485501352976782,0.290211401154722
23091,0.396083537243754,0.331965530650762,0.110059222584918,0.161891709520566
23092,0.201431506041171,0.091540045045964,0.270479293296847,0.436549155616019
23093,0.454596109809258,0.0641372409041992,0.119013955937025,0.362252693349518
23094,0.652812350003013,0.155408782837351,0.0986862083689432,0.0930926587906923
23095,0.164891429020226,0.30799801795811,0.0543477454014089,0.472762807620255
23096,0.24361459339366,0.127639989132461,0.344609058503734,0.284136358970145
23097,0.763298312552528,0.0390406040232006,0.146404925597047,0.0512561578272237
23098,0.41452372204502,0.107626902484272,0.300938074142597,0.17691130132811
23099,0.462087473056427,0.214227584285405,0.103627475579928,0.220057467078239
23100,0.0670890154950316,0.0746296518799925,0.785779222690216,0.0725021099347603
23101,0.106409214514462,0.5949793460994,0.0460525212225921,0.252558918163546
23102,0.405760681792092,0.105167109148749,0.139391442502208,0.349680766556952
23103,0.13294985985334,0.402697707824429,0.375266001432953,0.0890864308892782
23104,0.135041629758692,0.457786290925481,0.151286892831289,0.255885186484538
23105,0.0587570669498101,0.289520601818661,0.382708027414359,0.26901430381717
23106,0.348012808988735,0.279570785080441,0.191238048381641,0.181178357549183
23107,0.256894288834542,0.0913316096182188,0.581517607672431,0.0702564938748073
23108,0.246682337215453,0.142562607774489,0.109788966749174,0.500966088260884
23109,0.0557348287243159,0.433471339666334,0.389185821953971,0.121608009655379
23110,0.679774434238886,0.0213452521528693,0.169861274559521,0.129019039048723
23111,0.0482003016496708,0.626848499010911,0.222258288000519,0.102692911338899
23112,0.0668823944104221,0.0758715986828333,0.754129818555888,0.103116188350857
23113,0.157379364327467,0.314186545567433,0.266718506284711,0.26171558382039
23114,0.0628921945849174,0.218561316353345,0.568306855462798,0.150239633598939
23115,0.0924294030585019,0.229437852764677,0.328744157913234,0.349388586263588
23116,0.0362561171397733,0.563555965869501,0.0281080326821842,0.372079884308541
23117,0.100141483255888,0.0541840591984444,0.705701952022281,0.139972505523387
23118,0.0270953855869886,0.0362259988645353,0.46306320617149,0.473615409376986
23119,0.0172035377040305,0.382823362813421,0.171818600779888,0.428154498702661
23120,0.60931663902615,0.0914330100770992,0.0188901692650656,0.280360181631686
23121,0.410784794842005,0.191282350724816,0.0708567649849414,0.327076089448237
23122,0.361113423883915,0.11879169445155,0.132121118912093,0.387973762752442
23123,0.0216847976245936,0.474263863641609,0.219052158949992,0.284999179783806
23124,0.264712971546743,0.571681460920516,0.0581648165273358,0.105440751005406
23125,0.321457316026496,0.475211957984886,0.0606074685721261,0.142723257416492
23126,0.450706999087037,0.304707087597605,0.0831444425258732,0.161441470789486
23127,0.351136412813811,0.184038271241904,0.329078624362304,0.135746691581982
23128,0.80351073008179,0.0970431733381826,0.0383671985299848,0.0610788980500422
23129,0.466038969114741,0.280791402471615,0.102553156646498,0.150616471767145
23130,0.160276018050568,0.419002166460174,0.0764567351147468,0.344265080374511
23131,0.0940911111896831,0.0617889559827533,0.714691683692135,0.129428249135428
23132,0.466354742929918,0.182774289624148,0.165881657094354,0.18498931035158
23133,0.0732336382370136,0.0659267564007312,0.774071611125829,0.0867679942364262
23134,0.0227370176809615,0.124215362260026,0.192457219173906,0.660590400885107
23135,0.078068628253889,0.416823780393103,0.204536485323877,0.30057110602913
23136,0.179065533210987,0.0422622992421306,0.541606775449441,0.237065392097441
23137,0.0436673993274333,0.171742477404645,0.123231531241909,0.661358592026013
23138,0.0501734618927139,0.043896160850678,0.73767320259067,0.168257174665938
23139,0.349616967880723,0.215627567047649,0.0815350471230402,0.353220417948588
23140,0.0767773509316308,0.650626505422936,0.044926380194985,0.227669763450448
23141,0.027516453028461,0.546349585635096,0.0679093425101002,0.358224618826342
23142,0.451565115335723,0.0722454387354498,0.382076904775421,0.094112541153407
23143,0.27073172459414,0.177027905073011,0.40080684520143,0.151433525131418
23144,0.0720208907528369,0.45439429631185,0.302815988864923,0.17076882407039
23145,0.150647932773768,0.362558541962011,0.251438971929565,0.235354553334656
23146,0.135905289064248,0.634299608882687,0.182098432906832,0.0476966691462325
23147,0.066681624202064,0.0611719307981879,0.226566721900749,0.645579723098999
23148,0.190242138115717,0.488864682885166,0.0687461809038358,0.252146998095281
23149,0.479325322850259,0.240348420591655,0.0464886405096874,0.233837616048399
23150,0.0939350920153801,0.490162023571648,0.0924702013393817,0.32343268307359
23151,0.216390427884612,0.0808136317318481,0.558403176462079,0.144392763921461
23152,0.13194825620983,0.0513075219822828,0.461900395415814,0.354843826392074
23153,0.300949414827384,0.193250970817315,0.122375966174731,0.38342364818057
23154,0.0933109998487046,0.152391079136798,0.172003389963877,0.582294531050621
23155,0.439715020633496,0.244040738479919,0.0753758208907057,0.240868419995879
23156,0.311263267952108,0.0666877750308397,0.253937763076982,0.36811119394007
23157,0.0489130630391846,0.722481134221813,0.050135624979419,0.178470177759583
23158,0.66566294706296,0.0503867987412965,0.118424781510798,0.165525472684946
23159,0.227672906045113,0.154625839214496,0.239339948756427,0.378361305983964
23160,0.00820301821730602,0.0323594688955499,0.163323980235025,0.796113532652119
23161,0.251313734827879,0.253804263572938,0.316831167354076,0.178050834245107
23162,0.170235736740484,0.382942667089018,0.116525534266991,0.330296061903507
23163,0.098422835655435,0.804009821330106,0.0351894830303907,0.0623778599840687
23164,0.195434961634333,0.499766593497138,0.145662085463951,0.159136359404579
23165,0.0197597150970101,0.257684850139486,0.445541808899417,0.277013625864087
23166,0.560913979944005,0.120133609755733,0.067170077226583,0.25178233307368
23167,0.388197618575742,0.143077016523077,0.205019148970638,0.263706215930543
23168,0.282406609330408,0.0619170746749233,0.156575585494157,0.499100730500512
23169,0.25105463535268,0.249026238564038,0.441503542689672,0.0584155833936107
23170,0.0779678215402322,0.0912400374116008,0.310142569490397,0.520649571557771
23171,0.259528363160966,0.146606282789583,0.256629356318169,0.337235997731283
23172,0.0813357985443098,0.760207581300261,0.0507433950046814,0.107713225150747
23173,0.0162985114336916,0.0439989642254212,0.235445999352322,0.704256524988565
23174,0.937834319062382,0.0187089619558146,0.0126026826783083,0.030854036303495
23175,0.344991986689466,0.0906454375713835,0.0559239262157129,0.508438649523438
23176,0.0466788622138852,0.673989652428136,0.0539714821336397,0.225360003224339
23177,0.575262928873527,0.106289954917915,0.267555386476192,0.0508917297323659
23178,0.185793394377577,0.512802601885883,0.132578749836824,0.168825253899716
23179,0.0683636346234267,0.790744374991597,0.0554619197627816,0.0854300706221951
23180,0.036378046545054,0.227564054780952,0.573425548898248,0.162632349775747
23181,0.176057863419262,0.529056414939065,0.119838510904732,0.17504721073694
23182,0.53658973431127,0.287115568385413,0.095825028828084,0.0804696684752338
23183,0.144925153178673,0.381071992308306,0.145259973437816,0.328742881075204
23184,0.221721308904213,0.300242078793433,0.338263112942102,0.139773499360252
23185,0.392949043564573,0.0690969978498917,0.369999963151812,0.167953995433724
23186,0.309068777928484,0.114927709524029,0.0680774621646886,0.507926050382798
23187,0.0402927565848578,0.0821961768152851,0.783857406850025,0.093653659749832
23188,0.516150840251017,0.350248900203672,0.0292420945196639,0.104358165025647
23189,0.206199053773287,0.136790802611834,0.0818823437806702,0.575127799834209
23190,0.182503729753503,0.178171825488363,0.165657946793545,0.473666497964589
23191,0.30066851136957,0.47672256581102,0.0357633797238129,0.186845543095597
23192,0.307931032038047,0.416048394891332,0.0291926751843183,0.246827897886303
23193,0.14401417565639,0.23389550035078,0.0495079772355126,0.572582346757318
23194,0.571704071459255,0.225497310206406,0.0435689809369474,0.159229637397392
23195,0.497947566459656,0.156183673968373,0.185921061311888,0.159947698260083
23196,0.112068003980862,0.301868554599027,0.234858290875276,0.351205150544835
23197,0.120295803544878,0.0632648959518051,0.208289362385975,0.608149938117342
23198,0.272600966023287,0.0604730375761108,0.189620569061222,0.47730542733938
23199,0.602112794739295,0.0713031629243446,0.0189474175077167,0.307636624828644
23200,0.348358615506162,0.117114454452756,0.420766639526944,0.113760290514137
23201,0.306655772026706,0.275235574873877,0.172450946517856,0.245657706581561
23202,0.133859334832538,0.291901370089818,0.434404319413538,0.139834975664106
23203,0.0432088943228484,0.59029159046519,0.233835519003733,0.132663996208229
23204,0.139117790102147,0.490340028145718,0.164755363098137,0.205786818653998
23205,0.23250483663654,0.149855902433099,0.380197546826524,0.237441714103837
23206,0.428109916038492,0.24224258437841,0.0251440051697014,0.304503494413397
23207,0.252239100399557,0.2374323810673,0.407352507381813,0.10297601115133
23208,0.14361137931361,0.061391199529135,0.336158117882858,0.458839303274397
23209,0.374693064988368,0.346587954271038,0.0882602533997206,0.190458727340874
23210,0.767482376178447,0.0832557409959266,0.0894562137423564,0.0598056690832703
23211,0.438928678316998,0.361899156983292,0.0794530087933276,0.119719155906383
23212,0.0410258618345501,0.466876179756976,0.273230434184584,0.21886752422389
23213,0.0592883873730686,0.061622369178402,0.543854383984631,0.335234859463899
23214,0.576308867734468,0.052508545216661,0.304739569306536,0.0664430177423344
23215,0.436681082696372,0.0724601585006357,0.161723545625642,0.329135213177351
23216,0.289048217493607,0.151926498921528,0.172735119583415,0.386290164001449
23217,0.0284538159764647,0.629798553307976,0.0264001818854687,0.315347448830091
23218,0.108577278209203,0.222206410430991,0.239320406079415,0.429895905280392
23219,0.232213209030078,0.126417254244842,0.0453747973002152,0.595994739424865
23220,0.704519646126395,0.159662520918826,0.0754910662614564,0.060326766693322
23221,0.722320685397523,0.0593520374861431,0.0335446730171008,0.184782604099233
23222,0.0672711847643304,0.212586139030714,0.539526607724207,0.180616068480749
23223,0.12833340080862,0.476778593442372,0.10016476490677,0.294723240842238
23224,0.0413863307140199,0.300617389107107,0.408622588820458,0.249373691358415
23225,0.152434766997755,0.671023930707743,0.0228765478635102,0.153664754430992
23226,0.064717236208926,0.100233887504593,0.378642074942928,0.456406801343552
23227,0.850130499571288,0.0409249969266816,0.0245450796160551,0.0843994238859751
23228,0.0418955425290362,0.0242875426518589,0.103790899401322,0.830026015417783
23229,0.105952420114013,0.104465050650035,0.345509128329708,0.444073400906244
23230,0.0455858221497948,0.267120722097422,0.0254484605772064,0.661844995175577
23231,0.0271423739066916,0.327221527442156,0.130953367915709,0.514682730735444
23232,0.157595100846529,0.207030849568811,0.167395089358802,0.467978960225858
23233,0.0976162797457476,0.0938561731437882,0.233526540964993,0.575001006145471
23234,0.229770135494102,0.026779820385014,0.0478038204139856,0.695646223706898
23235,0.0843007165315853,0.0197685313443619,0.569754981239925,0.326175770884128
23236,0.451056683671479,0.0448670635011605,0.19481988207677,0.30925637075059
23237,0.0503263464121356,0.304558046525705,0.248232714791647,0.396882892270513
23238,0.135832745065325,0.29478269201054,0.308067343585526,0.26131721933861
23239,0.207534931982516,0.527202319550331,0.0487968763504512,0.216465872116702
23240,0.214065069584207,0.529824911447211,0.108205513766798,0.147904505201784
23241,0.443030451569569,0.109259287791301,0.144204620885293,0.303505639753837
23242,0.41190247122467,0.260018049209957,0.064169523361403,0.263909956203969
23243,0.266261248223096,0.0762956433610415,0.427656663174463,0.2297864452414
23244,0.0693946727938516,0.537211902686649,0.116420532842399,0.276972891677101
23245,0.682976096261347,0.0470936254118116,0.128580771897758,0.141349506429084
23246,0.283662977551264,0.377355608627613,0.0724905837138844,0.266490830107239
23247,0.113171576352719,0.0590773067801202,0.401508052710886,0.426243064156275
23248,0.0902753417111639,0.452280223226464,0.131293301934699,0.326151133127673
23249,0.181597871645955,0.253976767334116,0.184152381577472,0.380272979442456
23250,0.178873675265556,0.136349446274063,0.515863070075917,0.168913808384464
23251,0.0691934309279229,0.641121460187739,0.0755947085508918,0.214090400333446
23252,0.0804672060505382,0.388259215893019,0.289628626978187,0.241644951078255
23253,0.0566160099953764,0.122040674118898,0.718895117355959,0.102448198529767
23254,0.737417327199601,0.0594151297615856,0.12790254612658,0.0752649969122334
23255,0.354328998442839,0.242541382251797,0.141596451721537,0.261533167583827
23256,0.725155713297527,0.0750114252011947,0.0774846643200982,0.122348197181181
23257,0.184115547333659,0.479974815921707,0.03785801411658,0.298051622628055
23258,0.566209363438845,0.176634057512622,0.101862747395125,0.155293831653408
23259,0.0441440648708687,0.175925497892511,0.256474903465964,0.523455533770656
23260,0.208608692487027,0.0454947070890906,0.560885702146668,0.185010898277214
23261,0.141678171194245,0.542919851275178,0.0424625481317064,0.272939429398871
23262,0.606454530778971,0.0833199113235087,0.102680179047646,0.207545378849874
23263,0.49696338785251,0.214637284943284,0.164701777082315,0.123697550121892
23264,0.0249722714290853,0.375290958072286,0.304753314184981,0.294983456313648
23265,0.749856431865787,0.0914188708927057,0.0633894002645639,0.0953352969769435
23266,0.194946620100279,0.108707511747502,0.162026654592474,0.534319213559745
23267,0.252906722363537,0.234262389120326,0.309928117807537,0.2029027707086
23268,0.215043873325626,0.0972968270083611,0.0303128465082894,0.657346453157724
23269,0.17200325244839,0.50459867747946,0.0343478470707832,0.289050223001367
23270,0.126456524412969,0.19566328899368,0.557449518003234,0.120430668590117
23271,0.384341456499604,0.0710222337656586,0.0386517784232762,0.505984531311461
23272,0.202162898354925,0.103429904057977,0.50397076869722,0.190436428889878
23273,0.0769494770424768,0.559046434781397,0.0804453068174054,0.283558781358721
23274,0.241006395145815,0.0888536515382262,0.0560448418626077,0.614095111453351
23275,0.0279366421093227,0.145426735029854,0.366791580492782,0.459845042368041
23276,0.133218715443412,0.392635077679301,0.232686070476537,0.24146013640075
23277,0.504570116028113,0.324131035219975,0.0601635527916026,0.11113529596031
23278,0.161523497665568,0.171876437677966,0.295002492831549,0.371597571824917
23279,0.379573658892267,0.362014713057624,0.0488631148725944,0.209548513177515
23280,0.370739533028409,0.110017301736985,0.159060714036373,0.360182451198234
23281,0.120447086930648,0.482714596933772,0.0961299393394279,0.300708376796152
23282,0.26912340651208,0.298707740067338,0.280720465644249,0.151448387776334
23283,0.0994008225204779,0.439863322915881,0.268843607042491,0.19189224752115
23284,0.0948447132119025,0.357244090841058,0.248876309192273,0.299034886754767
23285,0.465229744465736,0.0852064815920772,0.0824260523591586,0.367137721583029
23286,0.258597100999315,0.150809715392294,0.479554531824728,0.111038651783662
23287,0.101730919469651,0.153887037160525,0.500342771862172,0.244039271507652
23288,0.779158698134474,0.0681439513207026,0.0831574258352793,0.0695399247095445
23289,0.15268649281119,0.502349907747927,0.193572520063074,0.151391079377809
23290,0.211470376409725,0.502245203738609,0.0483745657289371,0.237909854122728
23291,0.375558932504527,0.230950699429364,0.0457417727598594,0.34774859530625
23292,0.194758700585377,0.241609492517996,0.37127470483515,0.192357102061477
23293,0.567247407711277,0.318649270232678,0.0383890726406758,0.075714249415369
23294,0.14733875172264,0.26037151425745,0.0554643697077807,0.536825364312129
23295,0.310049787462429,0.0227231040869964,0.495847834657539,0.171379273793035
23296,0.14452621233698,0.245913173886716,0.416097551248282,0.193463062528022
23297,0.169332938019838,0.0528250435501757,0.443562517419274,0.334279501010713
23298,0.347246298902705,0.0256944790891257,0.398023961106133,0.229035260902036
23299,0.391544725853397,0.17210504025321,0.0366479533537257,0.399702280539668
23300,0.498943536246884,0.190094025472409,0.237389017702552,0.0735734205781546
23301,0.520916634450779,0.0398789177357995,0.15747154091551,0.281732906897911
23302,0.334417910279103,0.243508541303087,0.249862295279453,0.172211253138357
23303,0.132090605574975,0.182314469878575,0.411819461341819,0.273775463204631
23304,0.0260277495386587,0.467194715221045,0.0753141618514636,0.431463373388833
23305,0.264929260292178,0.0373870558054376,0.0301418017084168,0.667541882193968
23306,0.214550229623596,0.510098761565976,0.0895960438849554,0.185754964925473
23307,0.0644612967299135,0.302373890837415,0.124184905041834,0.508979907390837
23308,0.191320661758269,0.0262148791701708,0.618594253911177,0.163870205160384
23309,0.0562107602055242,0.110902450828983,0.0108415682896707,0.822045220675823
23310,0.0329214985238904,0.0581850590182276,0.587664813112783,0.321228629345099
23311,0.137117427887893,0.0747955256456398,0.177966306265941,0.610120740200526
23312,0.260072489868542,0.101754084890705,0.482567265039257,0.155606160201497
23313,0.0571335389039544,0.167610365280283,0.154778228602488,0.620477867213274
23314,0.418670278178393,0.0980522928460579,0.0981849243001236,0.385092504675426
23315,0.365731930897302,0.149351157389618,0.409058553955837,0.0758583577572433
23316,0.333865898074597,0.107819724183236,0.283677715287583,0.274636662454584
23317,0.339629847768951,0.180240674159645,0.202152727431459,0.277976750639946
23318,0.0751366780785214,0.0934489746630518,0.533208714689316,0.298205632569111
23319,0.372064997852758,0.134903455868989,0.0263930775144675,0.466638468763786
23320,0.0858672767861726,0.0948655115921267,0.257233855597577,0.562033356024124
23321,0.804898562025271,0.0142044542558226,0.131683795124884,0.0492131885940222
23322,0.139194509023181,0.0771646406356216,0.5755228813683,0.208117968972897
23323,0.218271100435145,0.406334411744871,0.0803565738667927,0.295037913953191
23324,0.444988636501883,0.135364076703763,0.184736286736726,0.234911000057629
23325,0.0434396310099054,0.422725389362684,0.264122172000155,0.269712807627255
23326,0.0432780214654133,0.135634722047634,0.0737536040466364,0.747333652440316
23327,0.0579392526068449,0.0307249176377365,0.803640674790542,0.107695154964877
23328,0.0466631886715093,0.527827135082098,0.0519449215915486,0.373564754654844
23329,0.179691606359651,0.0743664769554868,0.260533681885379,0.485408234799483
23330,0.168048313595665,0.0868111725099251,0.575523334957166,0.169617178937244
23331,0.119427205371512,0.670412649469406,0.057891531662869,0.152268613496213
23332,0.0556701578680442,0.17843810785703,0.689496627342841,0.0763951069320852
23333,0.544744608763058,0.0801107397932597,0.150826038006185,0.224318613437497
23334,0.222407057878173,0.15007711349001,0.172656662748168,0.454859165883649
23335,0.177678508795417,0.273518997782372,0.11692180619278,0.431880687229431
23336,0.0496681029226473,0.196157682400812,0.356664596796672,0.397509617879869
23337,0.527885143523907,0.0927083705433497,0.168769116845935,0.210637369086808
23338,0.167936657707035,0.0749170118804528,0.605175161512021,0.151971168900492
23339,0.148464162661711,0.1116571220447,0.439540612431283,0.300338102862306
23340,0.0984957819198059,0.0505625060331624,0.400857135681451,0.450084576365581
23341,0.0684421841001214,0.0432968462065076,0.619652916355971,0.2686080533374
23342,0.264074503679271,0.0871310383674539,0.268960491272286,0.379833966680989
23343,0.0763523274186517,0.293908211677462,0.0761564103741402,0.553583050529746
23344,0.0970008050257478,0.24240678602135,0.11971698739195,0.540875421560952
23345,0.0398227811835801,0.153375356617905,0.163807387708378,0.642994474490137
23346,0.0638037404885919,0.471237808285581,0.0708246387004903,0.394133812525337
23347,0.109579011462132,0.123078688063769,0.056669076342297,0.710673224131801
23348,0.0679526406031435,0.15374073336607,0.400562695485364,0.377743930545422
23349,0.145771423091243,0.248699504046455,0.398911369416157,0.206617703446145
23350,0.145968317288182,0.292178875492989,0.0277997599072478,0.534053047311582
23351,0.0575541698116559,0.225896534964654,0.264030763993061,0.452518531230629
23352,0.187469912567108,0.189544502398393,0.45339606481965,0.169589520214849
23353,0.0324109687761136,0.549915074981788,0.166679026562392,0.250994929679707
23354,0.0746221844241465,0.693487991439834,0.0982965900604506,0.133593234075569
23355,0.160013855410571,0.582882157813499,0.0855359787339192,0.17156800804201
23356,0.474315899594457,0.0923736746901637,0.323884696190478,0.109425729524901
23357,0.078691660435449,0.440140502247216,0.0733146390440429,0.407853198273292
23358,0.294848807122523,0.0837906667964204,0.299280813510872,0.322079712570185
23359,0.240559913889265,0.1563680300384,0.319917553031834,0.283154503040501
23360,0.36538812003042,0.411321419112226,0.135807351127528,0.0874831097298264
23361,0.163463357017008,0.0542883706814759,0.44102593615933,0.341222336142186
23362,0.104804222731396,0.234387380078402,0.240058591989093,0.420749805201109
23363,0.103713024888494,0.43133126920868,0.292139642992962,0.172816062909864
23364,0.0833608864040855,0.115840011443282,0.416760688702136,0.384038413450496
23365,0.399592549507825,0.157170987112243,0.245329758825206,0.197906704554726
23366,0.139447270305468,0.0510974146996173,0.54036593661393,0.269089378380984
23367,0.370553803331568,0.0751184366820137,0.454301579587788,0.10002618039863
23368,0.0260720976028358,0.305266078533812,0.486729076841157,0.181932747022195
23369,0.370193596100434,0.207619689076999,0.0763452680435333,0.345841446779033
23370,0.0744618946507794,0.204456447598945,0.32131337085536,0.399768286894916
23371,0.89210768682169,0.0203039813346241,0.0533230846946326,0.0342652471490531
23372,0.455245607275478,0.147597242397619,0.0547128738703446,0.342444276456559
23373,0.0864985833652631,0.287618545415347,0.537253352455354,0.0886295187640362
23374,0.0323087686424333,0.272536736567936,0.641156047039562,0.0539984477500681
23375,0.104320780524269,0.520450492151774,0.262781767612706,0.112446959711251
23376,0.133710096465393,0.516566052966975,0.224359140431265,0.125364710136368
23377,0.0603019985099986,0.149742257955622,0.726799096724904,0.0631566468094753
23378,0.742798640351591,0.0227996352997448,0.135794089652589,0.0986076346960755
23379,0.257615334881476,0.0454011091632661,0.29583069069718,0.401152865258079
23380,0.203234426265418,0.403688205404662,0.172297084897397,0.220780283432522
23381,0.114143007744266,0.409530868281284,0.251586928912271,0.224739195062179
23382,0.0930436471131553,0.0292039745506028,0.547698097981618,0.330054280354624
23383,0.0741045518177384,0.708725653744451,0.104221740270436,0.112948054167375
23384,0.882946694128406,0.026521308401189,0.0352735001671087,0.0552584973032966
23385,0.100485778142406,0.310648987858567,0.556328487017886,0.0325367469811408
23386,0.200227728975405,0.547219619501844,0.0109689856159392,0.241583665906812
23387,0.318118733053944,0.110403022014266,0.0918930048838602,0.47958524004793
23388,0.0512928110098703,0.190164370800389,0.271557247206076,0.486985570983665
23389,0.0213872964358797,0.0439859088597663,0.241710989569896,0.692915805134458
23390,0.305533407703603,0.269091290427708,0.0551001958507341,0.370275106017956
23391,0.11986804731864,0.239695535972627,0.403059129460957,0.237377287247776
23392,0.353422902051494,0.13752030788143,0.393266834744898,0.115789955322179
23393,0.0136436341099877,0.784445974838057,0.103798074589631,0.098112316462325
23394,0.392650036924731,0.271949186436497,0.12575231421858,0.209648462420192
23395,0.201287623650281,0.100063223893914,0.375607946868051,0.323041205587755
23396,0.596748855629433,0.107570015756624,0.0973004949562202,0.198380633657723
23397,0.52988809928802,0.138195796027305,0.0519333933442454,0.279982711340429
23398,0.117445718267466,0.795524112818813,0.0208805821782706,0.0661495867354505
23399,0.0309143186495117,0.561597288020803,0.0916689626985381,0.315819430631147
23400,0.653072493224075,0.0222358727371736,0.0478965039883941,0.276795130050358
23401,0.334822390552961,0.263900329226304,0.0666435110463649,0.334633769174371
23402,0.043884980441752,0.596036592939299,0.24631424603488,0.11376418058407
23403,0.0595954114382176,0.0973602770551611,0.446900018577688,0.396144292928934
23404,0.0254581684443933,0.769153265510801,0.121412272405055,0.0839762936397511
23405,0.0374181369326915,0.270051177992427,0.255530085389937,0.437000599684945
23406,0.801295293750943,0.0940345799396389,0.0263018207122561,0.0783683055971617
23407,0.188546133022826,0.0692643695369404,0.153569308948512,0.588620188491721
23408,0.387051366705693,0.133594840519554,0.0543571558130683,0.424996636961686
23409,0.275904304909992,0.235371149745078,0.230134130978839,0.258590414366091
23410,0.132502502259125,0.413006772728815,0.256169542954328,0.198321182057732
23411,0.11041833103834,0.358656915992479,0.316900381305388,0.214024371663793
23412,0.0774066217586119,0.580527175550008,0.183878931938121,0.158187270753259
23413,0.186861896891377,0.235045935056447,0.257984583899667,0.320107584152509
23414,0.270487207002627,0.425099927025031,0.0773233324942732,0.227089533478069
23415,0.424637649773959,0.344925406288859,0.0782289815829725,0.15220796235421
23416,0.0853723053791498,0.663752107790008,0.054776043732215,0.196099543098627
23417,0.296231388302093,0.0689210775073211,0.395440386505098,0.239407147685488
23418,0.0432581038356878,0.199417986734735,0.174197515094954,0.583126394334624
23419,0.0442791393661144,0.508486220998676,0.0911227957454532,0.356111843889756
23420,0.0608162560062002,0.068074939463769,0.720334667729661,0.15077413680037
23421,0.424412277278677,0.124418213956819,0.0349971903554708,0.416172318409034
23422,0.0695353420317019,0.0460682112777913,0.462919392201085,0.421477054489422
23423,0.489860219118599,0.124029698699127,0.20238860751225,0.183721474670024
23424,0.40703789866153,0.0665962526899138,0.0612281000141083,0.465137748634448
23425,0.266490118930553,0.352300085132527,0.0488454173874157,0.332364378549505
23426,0.149509323845893,0.490157669868797,0.107644111312779,0.252688894972532
23427,0.53097120954288,0.0421136397446756,0.334598455856221,0.0923166948562232
23428,0.342649404293326,0.200050273229386,0.313346386345273,0.143953936132015
23429,0.157917031376408,0.606483970689942,0.114165662835755,0.121433335097895
23430,0.293474919690008,0.233707808154222,0.375897231982974,0.0969200401727963
23431,0.340153435984515,0.315228045937283,0.255786376218697,0.0888321418595048
23432,0.217363640026793,0.146175262374672,0.410052742964896,0.226408354633639
23433,0.605607968161742,0.260159116451953,0.0720791027560119,0.0621538126302933
23434,0.178954493764652,0.158749839838219,0.580998912607349,0.0812967537897801
23435,0.305147002996768,0.225057334621819,0.0986933782106492,0.371102284170764
23436,0.358403900448396,0.178822138496031,0.193347541098265,0.269426419957309
23437,0.248288962702548,0.369123401658579,0.0907340399028069,0.291853595736066
23438,0.115161198454146,0.174781994698782,0.626584118465149,0.0834726883819232
23439,0.0838894200591515,0.277012642951447,0.240697319238085,0.398400617751317
23440,0.379263240028452,0.315099301812468,0.169454566127238,0.136182892031841
23441,0.0463506297774444,0.0725910201631492,0.430101012559914,0.450957337499492
23442,0.412371085446488,0.377079690922649,0.0587009489374658,0.151848274693397
23443,0.356572354305926,0.171467605567846,0.284275275476367,0.187684764649861
23444,0.0523472279336014,0.163319821878179,0.699991692750359,0.0843412574378609
23445,0.0529304321824329,0.115799529476925,0.770976756746424,0.0602932815942178
23446,0.760547711551506,0.0401540270967669,0.0847415738861545,0.114556687465573
23447,0.128158747117765,0.154557016276056,0.514791955298149,0.202492281308031
23448,0.198901008241662,0.43194452575842,0.153506771263641,0.215647694736277
23449,0.573440502454174,0.0535207871738299,0.166197314868012,0.206841395503985
23450,0.0279940600328996,0.175023089475733,0.467624146492089,0.329358703999279
23451,0.125970783441943,0.229933155339403,0.391949540632918,0.252146520585736
23452,0.0529348558982115,0.575113294058946,0.0433564637946193,0.328595386248223
23453,0.581436467724876,0.0713151828288841,0.115519955736169,0.231728393710072
23454,0.181343244698481,0.189390469746948,0.0431668221123781,0.586099463442193
23455,0.244802755899799,0.0591116111792982,0.151262760999007,0.544822871921896
23456,0.170477100384925,0.491841013415685,0.0648303904150832,0.272851495784307
23457,0.109007920861645,0.0559783564513802,0.287249787543262,0.547763935143713
23458,0.0211479191803926,0.544572222986282,0.253890478356789,0.180389379476536
23459,0.31453691187194,0.351329173795623,0.0287786633662608,0.305355250966177
23460,0.156557170264148,0.615609545952178,0.0666521835115266,0.161181100272147
23461,0.0243542276394998,0.306469271756152,0.388467029692402,0.280709470911946
23462,0.694039678504325,0.157783512985556,0.0363962494073258,0.111780559102794
23463,0.07796541093833,0.0861507524648151,0.42377935846133,0.412104478135525
23464,0.0369051653191977,0.0202672906974051,0.639342383062084,0.303485160921313
23465,0.240387738101257,0.338439426809805,0.0550914488679085,0.36608138622103
23466,0.395096026293831,0.0899243669330838,0.295546370684168,0.219433236088917
23467,0.0504140884757083,0.650944494085328,0.163409587467124,0.13523182997184
23468,0.452984760886859,0.130631408797554,0.151866289571525,0.264517540744061
23469,0.0622643333985451,0.049151147011472,0.79607683647302,0.0925076831169634
23470,0.540441171823842,0.198053719194229,0.125574692793881,0.135930416188049
23471,0.0702534537910668,0.205118331014708,0.665577880182758,0.0590503350114669
23472,0.447211808209418,0.198322994949402,0.173751584183867,0.180713612657314
23473,0.125158910840284,0.114729305888201,0.565442390648604,0.194669392622911
23474,0.226007791699952,0.0748183434213773,0.284138627946726,0.415035236931944
23475,0.0555514695728535,0.548590587913574,0.0614355378299674,0.334422404683605
23476,0.0745291872875263,0.628460832275495,0.0573777331165597,0.239632247320419
23477,0.522432304175463,0.0392673098317319,0.280964877221615,0.157335508771191
23478,0.229234554617186,0.372007503536659,0.256313371286625,0.142444570559531
23479,0.0663514230513483,0.208300532895298,0.379148325426605,0.346199718626749
23480,0.0899937828965004,0.451657936906414,0.285297582718108,0.173050697478978
23481,0.145144587039575,0.658137644198207,0.155060893743647,0.0416568750185718
23482,0.699610439132725,0.0880295304036397,0.0826189106213075,0.129741119842327
23483,0.128816649607689,0.193661585989103,0.24337301729722,0.434148747105988
23484,0.0279034867623816,0.287040854510607,0.64886395359144,0.0361917051355718
23485,0.338476245420744,0.274119137746509,0.146890635508078,0.240513981324669
23486,0.0321707292019571,0.289047952711537,0.290821976630762,0.387959341455744
23487,0.254178969127586,0.439966271937361,0.0431854422009462,0.262669316734108
23488,0.224906045971844,0.406116005398067,0.0985464799243467,0.270431468705743
23489,0.297293197700442,0.0566613332436877,0.154521703659833,0.491523765396038
23490,0.206038746047814,0.03188297993422,0.146017107210915,0.616061166807051
23491,0.154994862419027,0.221785750316308,0.355071120536421,0.268148266728244
23492,0.0524178873363407,0.423292268494911,0.366974125991976,0.157315718176772
23493,0.0610894214396692,0.103396843291433,0.0924885958102854,0.743025139458612
23494,0.12136568207309,0.606270955144423,0.0738608430053769,0.19850251977711
23495,0.132788924628445,0.665783156221836,0.0413868009099052,0.160041118239814
23496,0.0720995189644869,0.449927672531884,0.0221613598839489,0.455811448619681
23497,0.057822133552926,0.70064763890076,0.134966950562586,0.106563276983728
23498,0.217911537749566,0.0606202102270837,0.359761669477941,0.361706582545409
23499,0.10120416546696,0.0682090216470459,0.191999550526663,0.638587262359332
23500,0.0338826985652507,0.155791457629038,0.449156418964985,0.361169424840726
23501,0.580743681462876,0.0729505611719974,0.148256909321831,0.198048848043296
23502,0.115509121210888,0.0495782998483668,0.260116121756419,0.574796457184327
23503,0.590099429793802,0.0618180367206683,0.0650243234065916,0.283058210078938
23504,0.29038699579567,0.299086533757582,0.1319531469746,0.278573323472148
23505,0.0727802592462025,0.257680178347979,0.375992116937907,0.293547445467912
23506,0.37028209828763,0.0632944444715169,0.440055443330822,0.126368013910031
23507,0.447851339487518,0.359168965549705,0.130190762202942,0.0627889327598353
23508,0.0663686071099797,0.13063377545446,0.421955349228586,0.381042268206974
23509,0.377418164948753,0.315538532292194,0.086071721484038,0.220971581275015
23510,0.175481957036703,0.0670416384491364,0.221498310503683,0.535978094010478
23511,0.398259548915012,0.0521999673797041,0.0969047080802406,0.452635775625043
23512,0.653106006800654,0.154515559352443,0.0738493329610747,0.118529100885829
23513,0.137074218774052,0.27878449905695,0.0439429222506986,0.5401983599183
23514,0.217128943438025,0.10304194934321,0.320611947954232,0.359217159264533
23515,0.764529070130936,0.0313608011655692,0.136340269854539,0.0677698588489559
23516,0.368100945205985,0.0935149428468425,0.307758573162047,0.230625538785126
23517,0.449394939100903,0.181861447359755,0.0810521940118996,0.287691419527443
23518,0.0567421132477646,0.0519442064514576,0.799821903142112,0.0914917771586656
23519,0.085248963509958,0.550267801912643,0.0407603527515328,0.323722881825866
23520,0.370901757324816,0.0876440235626233,0.114284636659816,0.427169582452744
23521,0.122572456096732,0.416442578260859,0.347329188001691,0.113655777640718
23522,0.118329601557762,0.425095871676562,0.138259696725443,0.318314830040233
23523,0.0722432912911711,0.673511008612855,0.0591776381909995,0.195068061904975
23524,0.0680260912731971,0.655333303458433,0.113371861477978,0.163268743790392
23525,0.32079514358915,0.155695163757695,0.110577692086109,0.412932000567046
23526,0.117315922416205,0.304338085751275,0.431857607359909,0.146488384472611
23527,0.105102981209959,0.135270075791291,0.330279143287754,0.429347799710996
23528,0.0771039345528526,0.756344145124133,0.0868636755545269,0.0796882447684881
23529,0.148233469836952,0.421375321289143,0.0324634005629487,0.397927808310957
23530,0.0700709528645677,0.0701937823170268,0.730461375778737,0.129273889039669
23531,0.450365483582454,0.033247621782085,0.0643499004464796,0.452036994188981
23532,0.236542146818166,0.193071470532776,0.0570381733746714,0.513348209274387
23533,0.302339224681689,0.151790382703662,0.171385873945737,0.374484518668913
23534,0.239405924138911,0.0808891493036728,0.234286892168174,0.445418034389242
23535,0.113249712436724,0.0723515869393444,0.0915243006124843,0.722874400011447
23536,0.0414347910619873,0.0755353377597291,0.231805787378126,0.651224083800158
23537,0.134349927921494,0.166894412503601,0.0543334729355883,0.644422186639316
23538,0.410858700116665,0.196592593260618,0.0366473037738974,0.355901402848819
23539,0.0547224930086433,0.0842510417264538,0.135057866188029,0.725968599076874
23540,0.0544417778031067,0.0302819243822221,0.401603391912279,0.513672905902392
23541,0.0497453303799838,0.157054078988464,0.0275035508434665,0.765697039788086
23542,0.0381424786065754,0.155355972439907,0.563702079234161,0.242799469719357
23543,0.314222463214626,0.265169902824908,0.117594615955074,0.303013018005392
23544,0.0569164507627429,0.120057176189076,0.707950146195963,0.115076226852218
23545,0.160512837195066,0.0420228545893377,0.0699682216022113,0.727496086613385
23546,0.0332100742723326,0.0671837527079577,0.785495578814625,0.114110594205085
23547,0.479669476050538,0.204468713754496,0.0214156087785584,0.294446201416408
23548,0.235508370353827,0.0612713829036674,0.0752567327502396,0.627963513992266
23549,0.22606089587479,0.0478660270589773,0.148456617400041,0.577616459666192
23550,0.0709338043266389,0.292129055277519,0.122222445457528,0.514714694938314
23551,0.636861419338263,0.0799269073459538,0.150453914596578,0.132757758719206
23552,0.0304015112407847,0.455041082474959,0.489031466196956,0.0255259400873
23553,0.0738001918094546,0.704890174091014,0.0460250736817416,0.17528456041779
23554,0.830291162598408,0.0410466566793484,0.0712737569589822,0.0573884237632614
23555,0.0260364867543612,0.0637611244541822,0.756856035564228,0.153346353227229
23556,0.46006683871431,0.0662141637966124,0.0469700680590513,0.426748929430026
23557,0.0431640650031447,0.0421804326827405,0.546891679234831,0.367763823079284
23558,0.165079668323008,0.0940657555359318,0.465304494568266,0.275550081572794
23559,0.127813527806896,0.0511272691592359,0.373964809782145,0.447094393251724
23560,0.0315219833511868,0.044949339902705,0.461362858015905,0.462165818730203
23561,0.433663407095031,0.357700723945051,0.147414345173269,0.0612215237866489
23562,0.433167437990181,0.118826027976484,0.0662063037804375,0.381800230252897
23563,0.187667311095676,0.351020183730352,0.318004722227315,0.143307782946656
23564,0.107614790363129,0.489401359183956,0.150715392145647,0.252268458307268
23565,0.0648629372465569,0.0791461098431365,0.641239587682407,0.214751365227899
23566,0.496628964741421,0.165879570466405,0.0299641444957166,0.307527320296457
23567,0.105019197399194,0.665206806690383,0.121228636498886,0.108545359411537
23568,0.225225931010516,0.598686131673832,0.0289033646708365,0.147184572644816
23569,0.86015376020279,0.045340845008309,0.0597272553220213,0.0347781394668799
23570,0.0585879522697393,0.812078215759322,0.055429541374823,0.0739042905961156
23571,0.0414506150484144,0.0144395589654145,0.110207467368857,0.833902358617314
23572,0.182545620492881,0.57976522877274,0.0232988070006394,0.214390343733739
23573,0.051907705388876,0.0405557620954603,0.111060759978969,0.796475772536695
23574,0.0240660342551583,0.564034440868811,0.15958974858532,0.252309776290711
23575,0.0213638952765136,0.229543020304754,0.0929872799327618,0.656105804485971
23576,0.0437623840070123,0.0517724854482349,0.0602278193813703,0.844237311163383
23577,0.858388680652242,0.0471367073803571,0.0439490162183763,0.0505255957490242
23578,0.141067527784035,0.123449418367887,0.0201931923592504,0.715289861488828
23579,0.0221094605269658,0.44062383666698,0.11182268225052,0.425444020555534
23580,0.155854546224324,0.702779206965776,0.0307069022708404,0.11065934453906
23581,0.151048930654497,0.236565453363955,0.444920175330098,0.16746544065145
23582,0.115342191399901,0.143749530485279,0.694305641126227,0.0466026369885931
23583,0.807436339494582,0.045987283466555,0.0544169680066705,0.0921594090321923
23584,0.866817089800111,0.0761428373601443,0.0231141478711553,0.0339259249685894
23585,0.630531496534514,0.200447193546428,0.0592033049932947,0.109818004925763
23586,0.304995573609356,0.189785993588261,0.395442038419581,0.109776394382801
23587,0.0742423128756924,0.161575971785118,0.372633331520813,0.391548383818376
23588,0.533197897732392,0.0411233498414477,0.186409132639256,0.239269619786904
23589,0.764192024082368,0.0250926373129847,0.0208934865377085,0.189821852066939
23590,0.374592489103675,0.0816468948017484,0.259824210787051,0.283936405307526
23591,0.865721111076843,0.033935412223229,0.0470511572835724,0.0532923194163557
23592,0.398928586766508,0.0958661001958972,0.0402867545173517,0.464918558520243
23593,0.0455820732917784,0.579740842534393,0.154567419776408,0.220109664397421
23594,0.805842771209483,0.0290821846578861,0.12740414050664,0.0376709036259909
23595,0.0730692047479624,0.0529211898823359,0.83441634255764,0.0395932628120613
23596,0.0612271867980174,0.309798088558374,0.231507647168266,0.397467077475342
23597,0.296522409311995,0.0277703315868091,0.269319498978601,0.406387760122595
23598,0.795086178344584,0.0312964050736102,0.0198204907627781,0.153796925819028
23599,0.184019025008256,0.375822737754357,0.25085851753788,0.189299719699507
23600,0.351077091174002,0.267973233543281,0.212756880601805,0.168192794680912
23601,0.141353620006407,0.470818734596573,0.24533469779533,0.14249294760169
23602,0.122980213806424,0.582872361661778,0.151085458301905,0.143061966229894
23603,0.0618071927799496,0.286042073659069,0.451576152186683,0.200574581374298
23604,0.269738730935569,0.445886200289407,0.141885749355542,0.142489319419482
23605,0.362612320410435,0.128958879656642,0.0690967385020403,0.439332061430883
23606,0.307758928409656,0.259049407656159,0.0556716135805274,0.377520050353658
23607,0.139286234404715,0.350598835858696,0.227091641199897,0.283023288536693
23608,0.444872496537105,0.0748294172419747,0.0808884162143747,0.399409670006545
23609,0.388981127992189,0.29257918044172,0.138054642496453,0.180385049069638
23610,0.228285324456033,0.510140519303904,0.119648564528565,0.141925591711498
23611,0.10803000879629,0.179934576047595,0.60757703950187,0.104458375654246
23612,0.209838867111982,0.383066998205076,0.0793375955218364,0.327756539161106
23613,0.461485636349483,0.112453391881451,0.294934428538876,0.13112654323019
23614,0.265064669635631,0.530802679410316,0.135039643129009,0.0690930078250445
23615,0.185262885419545,0.20581757146949,0.0453708786528769,0.563548664458089
23616,0.411558226219642,0.196587722660533,0.267117074328918,0.124736976790908
23617,0.219133362971805,0.553455354890422,0.0544755448479882,0.172935737289785
23618,0.379917203252788,0.0254683751225215,0.404945323906043,0.189669097718648
23619,0.0822239598468261,0.360941757912305,0.17090566280863,0.385928619432239
23620,0.150257954480964,0.44584228085631,0.0333706234643716,0.370529141198355
23621,0.429948384748636,0.244428290682959,0.0819027687319705,0.243720555836435
23622,0.25987760553997,0.404122981431324,0.0364876651270857,0.29951174790162
23623,0.0309042804187439,0.244467042821574,0.0643300395604704,0.660298637199212
23624,0.0731757958533856,0.695188872788386,0.100372363941113,0.131262967417116
23625,0.183104204892354,0.232359634678481,0.312533512117344,0.272002648311821
23626,0.0522873023236809,0.641347426921946,0.0984035144464613,0.207961756307912
23627,0.152781469846505,0.0476463358098938,0.713011833876434,0.0865603604671668
23628,0.44890383246549,0.135543296136328,0.113495063149265,0.302057808248918
23629,0.165317379921116,0.240320552765016,0.161699489971843,0.432662577342025
23630,0.271424629028879,0.374790421843158,0.104848283122146,0.248936666005817
23631,0.0298410540581637,0.232525516702191,0.494607948193107,0.243025481046538
23632,0.0636018073884157,0.0407043818507978,0.18207477624437,0.713619034516417
23633,0.0981865211703626,0.294120598030239,0.0950925882248653,0.512600292574534
23634,0.858475066858591,0.0533992581714012,0.00956345542562002,0.0785622195443881
23635,0.0291854392156767,0.598956166612002,0.151064544991854,0.220793849180468
23636,0.0770878034734449,0.279054837152256,0.283049951873533,0.360807407500766
23637,0.520685236755524,0.231809153567368,0.0559258159414838,0.191579793735624
23638,0.609499201915144,0.0667829529440434,0.163270298201096,0.160447546939717
23639,0.23317620801502,0.0650188474962892,0.540894335001718,0.160910609486973
23640,0.309068668686807,0.0674278131287488,0.421903906723882,0.201599611460562
23641,0.0524788265547035,0.569743413156552,0.1500778982245,0.227699862064245
23642,0.119771672887139,0.080345310571907,0.486767198573704,0.31311581796725
23643,0.242076753103263,0.477458109421393,0.207676039485055,0.0727890979902891
23644,0.177457552278661,0.578273026240573,0.0384173591938204,0.205852062286946
23645,0.035667949331243,0.397524263370075,0.0469683815526258,0.519839405746056
23646,0.180199017107077,0.400185940771911,0.143124111930023,0.276490930190989
23647,0.190698561930845,0.536291834425133,0.108097570340599,0.164912033303423
23648,0.169092494112738,0.568569939908233,0.0489600052655212,0.213377560713508
23649,0.255718034439676,0.2737071885208,0.113270877841266,0.357303899198258
23650,0.214399167751838,0.149635215562769,0.0714961702390741,0.564469446446319
23651,0.0544524250199908,0.674363977179681,0.0590193030945605,0.212164294705767
23652,0.0256597040025327,0.148269846142135,0.80214406613394,0.023926383721392
23653,0.0707540619176068,0.0332442192492158,0.769346429968072,0.126655288865105
23654,0.0218146448685271,0.137714455948368,0.657222786244281,0.183248112938824
23655,0.172350641376815,0.484191901882027,0.0568913746570258,0.286566082084133
23656,0.140137124940827,0.165944736818163,0.373607674758399,0.320310463482611
23657,0.405210221437973,0.329753774659074,0.124138259903716,0.140897743999237
23658,0.443945347156953,0.119700354616709,0.221186113060594,0.215168185165745
23659,0.564698437713683,0.276330239023262,0.112359476503454,0.0466118467596012
23660,0.432318524645135,0.245603067672762,0.057462401122379,0.264616006559724
23661,0.177443671861754,0.0362887702869035,0.129796481013563,0.65647107683778
23662,0.0768779438073941,0.425833440172825,0.14866539180814,0.348623224211641
23663,0.19930593833168,0.136424026683242,0.328088401398906,0.336181633586172
23664,0.0345912021297922,0.17023887341933,0.102574985886879,0.692594938563999
23665,0.358605994013553,0.26931510151844,0.0490234732387685,0.323055431229238
23666,0.339853782557428,0.0830841899132596,0.215523594997963,0.36153843253135
23667,0.342997159455773,0.0306953992839197,0.519316776681589,0.106990664578719
23668,0.560309985220948,0.0433499920412788,0.107034912835377,0.289305109902397
23669,0.264881156192332,0.310784705316987,0.128859866469226,0.295474272021455
23670,0.112924198014519,0.105516865287768,0.512798362712084,0.26876057398563
23671,0.0618230599621094,0.183134081526456,0.55485872174933,0.200184136762105
23672,0.113286012888,0.126525282481941,0.281722424399954,0.478466280230104
23673,0.248449891783169,0.573747039744317,0.0660088485359953,0.111794219936519
23674,0.0272454913116338,0.339139307713373,0.530454206563524,0.103160994411469
23675,0.108437635119703,0.618462656894566,0.0816315363722772,0.191468171613454
23676,0.397894473082226,0.11895574836026,0.0531021877049277,0.430047590852586
23677,0.133418325951917,0.23531145153362,0.328605174970394,0.302665047544068
23678,0.644594671373629,0.0589398053910796,0.0292065503912523,0.267258972844039
23679,0.500473932136283,0.116666639612433,0.325420287701318,0.0574391405499662
23680,0.0730048201541211,0.163392687229728,0.623407388483371,0.140195104132779
23681,0.0484083463460966,0.0346751100650138,0.883639486128062,0.0332770574608277
23682,0.0653377745195809,0.310573315333558,0.506938990746191,0.11714991940067
23683,0.334384986742759,0.11810458336945,0.185035931520132,0.362474498367659
23684,0.191079947584602,0.600475725963626,0.0544127723550493,0.154031554096723
23685,0.33056596304898,0.350595180898525,0.274171008280231,0.0446678477722639
23686,0.0597977850307313,0.0408929914665929,0.60011806352931,0.299191159973366
23687,0.0907909530799494,0.0685947079504404,0.212445324082138,0.628169014887472
23688,0.285619807929293,0.0743278183602132,0.038404520586871,0.601647853123623
23689,0.134688826633012,0.0683239724060502,0.534074429287806,0.262912771673133
23690,0.305959861051355,0.245634041904329,0.0265691935072672,0.42183690353705
23691,0.0864601555253278,0.118515777770624,0.461592651322862,0.333431415381186
23692,0.0387070027938238,0.351259229391747,0.0519317754373309,0.558101992377098
23693,0.0370056539220884,0.2756668466063,0.550517842501011,0.136809656970601
23694,0.0668102673103622,0.280108388281976,0.309235393027937,0.343845951379725
23695,0.0574581692343471,0.482488293507196,0.213786648179926,0.246266889078532
23696,0.566232118455054,0.313983861780164,0.0418645141728604,0.077919505591922
23697,0.296845931307662,0.0628192346928661,0.345980052830244,0.294354781169228
23698,0.236298996065156,0.338848382205842,0.114279916731933,0.310572704997069
23699,0.0807775018750269,0.610527727349013,0.0380369173763337,0.270657853399626
23700,0.436912528052023,0.0236586067511854,0.300994649143243,0.238434216053548
23701,0.0516304354815904,0.523060297652742,0.18620428907607,0.239104977789597
23702,0.0867061212015727,0.118219975814198,0.645366065493388,0.149707837490842
23703,0.0470636553556325,0.577355467981111,0.149836841078848,0.225744035584408
23704,0.126638278494183,0.129478729771002,0.462801591543525,0.281081400191289
23705,0.112475479423892,0.587126788914564,0.0786579182349298,0.221739813426614
23706,0.419771060285271,0.0948536673601011,0.203193148840305,0.282182123514323
23707,0.0965889831137858,0.645969141164795,0.0394855979467712,0.217956277774648
23708,0.0989046748043156,0.467172541449592,0.206352838167099,0.227569945578994
23709,0.0697277154944873,0.242190274327717,0.0491689622976246,0.638913047880171
23710,0.489735942188136,0.0767748348685668,0.0377810664596365,0.395708156483661
23711,0.0396677742232541,0.612280412939049,0.245172934620005,0.102878878217692
23712,0.114174754710163,0.0699213014333975,0.544137884539124,0.271766059317315
23713,0.0795974707455,0.31595254644663,0.336185653330869,0.268264329477001
23714,0.0678197032838301,0.110215887968649,0.683982671275805,0.137981737471716
23715,0.461983121452189,0.0307026502933596,0.286305432556254,0.221008795698197
23716,0.585387024475095,0.112840204537395,0.0788290254783504,0.222943745509159
23717,0.085739477406445,0.618389228093973,0.0334808490597183,0.262390445439864
23718,0.0390060649368864,0.103203081816173,0.625177188355267,0.232613664891674
23719,0.206924719025219,0.482125295338325,0.0168235245703522,0.294126461066104
23720,0.0789226075946034,0.0585819294810034,0.665159608698176,0.197335854226217
23721,0.77031736001743,0.0637033072614026,0.0954569593447673,0.0705223733763998
23722,0.0300464579207222,0.278584067471015,0.354496919512371,0.336872555095892
23723,0.0723121291039141,0.458526181225482,0.281063725015913,0.188097964654691
23724,0.206223125486505,0.461105113846072,0.032783373972945,0.299888386694478
23725,0.082351971906463,0.106750484478064,0.635316397531794,0.17558114608368
23726,0.303839379125051,0.353158382252236,0.177529127815035,0.165473110807678
23727,0.131972567747832,0.21077585857653,0.265348552811664,0.391903020863974
23728,0.151343245664926,0.225156848661882,0.060449436250714,0.563050469422478
23729,0.0599859502440029,0.765693574899934,0.0740733710083268,0.100247103847737
23730,0.105817170550272,0.376072408259914,0.17435785580957,0.343752565380245
23731,0.0800876940750219,0.326709708618664,0.127701000246953,0.465501597059361
23732,0.414278417976611,0.198144287941705,0.100508670185219,0.287068623896465
23733,0.616521831095195,0.0890372728469937,0.0452075589474533,0.249233337110358
23734,0.0385425240816788,0.0348504746748013,0.655002258812188,0.271604742431332
23735,0.628398070344512,0.0303483677275394,0.112212531677431,0.229041030250517
23736,0.0998353655201008,0.0520876922947712,0.43519042498038,0.412886517204748
23737,0.11082613237381,0.586493175057503,0.225801311946241,0.0768793806224456
23738,0.550025309741269,0.0684204617638773,0.0338223742501039,0.34773185424475
23739,0.21700947069769,0.0926739951763211,0.0973743053475346,0.592942228778454
23740,0.0927882011116039,0.0437550431220055,0.816516687959087,0.0469400678073034
23741,0.0195524188334957,0.174408169469249,0.578856190334219,0.227183221363037
23742,0.189184610247577,0.373541650560049,0.0835691465491854,0.353704592643189
23743,0.092158481306418,0.767436366885498,0.0744034761856792,0.0660016756224053
23744,0.0510981893291424,0.74747443208794,0.112437959969666,0.0889894186132513
23745,0.588478407211982,0.074834783391219,0.0468653126813655,0.289821496715434
23746,0.505552691876969,0.248436250749638,0.0817728902010744,0.164238167172319
23747,0.0672676726249235,0.262245415064679,0.502935753470154,0.167551158840244
23748,0.0953380588598492,0.585326395343423,0.065350784116593,0.253984761680135
23749,0.581978908795833,0.276436083877921,0.0328961137970601,0.108688893529187
23750,0.204714778969101,0.198215697190809,0.44120830458905,0.155861219251041
23751,0.294029450106227,0.179689990368845,0.230316085911795,0.295964473613133
23752,0.281077837334341,0.221757830268684,0.129322413198645,0.36784191919833
23753,0.236888547760814,0.160965978913054,0.187494493056582,0.414650980269549
23754,0.187284647754405,0.19672214317704,0.208979773600387,0.407013435468168
23755,0.436070379290908,0.208307453807972,0.25073516343524,0.10488700346588
23756,0.0673148973068786,0.336361994795592,0.101628797449702,0.494694310447827
23757,0.180459485016956,0.443784883182862,0.165917080292768,0.209838551507414
23758,0.459944167735154,0.194750015028173,0.0377197815902001,0.307586035646473
23759,0.0672575242549996,0.386214748568393,0.287599737875876,0.258927989300731
23760,0.398084449027221,0.0531007976446491,0.317762405047112,0.231052348281018
23761,0.144589476415852,0.192835373874473,0.319212387278627,0.343362762431048
23762,0.352361524142617,0.255862945833659,0.129965057937174,0.261810472086549
23763,0.587185592204767,0.155672487384831,0.0370172887173206,0.220124631693081
23764,0.395411833770237,0.0440311543929621,0.234805249668133,0.325751762168668
23765,0.0116528409354734,0.0374599325327514,0.66210989684999,0.288777329681785
23766,0.0180222154573998,0.0492197779711061,0.897664296707848,0.0350937098636464
23767,0.338896773574877,0.13832362491924,0.136921165507897,0.385858435997987
23768,0.0521448499587813,0.038327346461554,0.263726107797255,0.64580169578241
23769,0.069844841524822,0.0613224651617937,0.235238745150053,0.633593948163331
23770,0.161832165348795,0.103023281857777,0.619780801305106,0.115363751488322
23771,0.0980561130030925,0.415558383842597,0.11877553624449,0.367609966909821
23772,0.0762148314398461,0.257810423676422,0.11734171645989,0.548633028423842
23773,0.0610763872678667,0.312843356128187,0.523892489782409,0.102187766821537
23774,0.139052445673554,0.342314462575655,0.137073997163597,0.381559094587195
23775,0.377678117708246,0.27134416222358,0.06362657267573,0.287351147392444
23776,0.31356761053904,0.0655100112336069,0.191915677862809,0.429006700364544
23777,0.282127149821058,0.448437410974795,0.180973408118901,0.0884620310852463
23778,0.0813394708874452,0.386880493621115,0.0815968601890448,0.450183175302395
23779,0.444281510665801,0.256893674333929,0.147546276570106,0.151278538430164
23780,0.396708631606699,0.30911011074387,0.0765363232268179,0.217644934422613
23781,0.567326967360586,0.110519304380811,0.12037388410348,0.201779844155123
23782,0.136602724701873,0.202152823250215,0.210187971818997,0.451056480228915
23783,0.330222145957362,0.0312114108493273,0.348941557249491,0.28962488594382
23784,0.0731946512691992,0.0318353334768416,0.614358846442677,0.280611168811282
23785,0.587398178072605,0.0803397010865909,0.0535889443586053,0.278673176482199
23786,0.127485383816654,0.453073782896401,0.0321378700106519,0.387302963276293
23787,0.592751000023933,0.163901677549792,0.0433362192951514,0.200011103131124
23788,0.0763545136873137,0.505904468841929,0.108452722204229,0.309288295266528
23789,0.694084028745202,0.0891642813131291,0.0658557372032557,0.150895952738413
23790,0.0199486086364022,0.124044805582247,0.632154928500284,0.223851657281066
23791,0.174898415969074,0.0436793076965271,0.649210311347653,0.132211964986746
23792,0.187872267774079,0.613944382683501,0.0900722688821089,0.108111080660311
23793,0.160236811685094,0.0787978146131613,0.281472875217732,0.479492498484013
23794,0.21102318536578,0.150970445669915,0.185532785326752,0.452473583637553
23795,0.29894074663216,0.28070693010913,0.0709823589346723,0.349369964324038
23796,0.244897691221292,0.0713516826176258,0.071253183600287,0.612497442560795
23797,0.345703418945414,0.0801970352565965,0.515487995594725,0.0586115502032648
23798,0.297815610654247,0.0339505910459027,0.181072588337552,0.487161209962298
23799,0.669971326886774,0.0396327778797692,0.0606191491694772,0.22977674606398
23800,0.208281569720714,0.542978974800339,0.0627250966505146,0.186014358828432
23801,0.0348701054290779,0.143331947294388,0.7432067798139,0.0785911674626342
23802,0.0745903031179983,0.724915378652498,0.139713168992804,0.0607811492366997
23803,0.191566967896696,0.091460029490491,0.0504243408275762,0.666548661785236
23804,0.360076137336827,0.0972596043894935,0.236390831486864,0.306273426786815
23805,0.220881845354788,0.0305421978964882,0.565207903292814,0.183368053455909
23806,0.0543616908908291,0.336762672178184,0.162636458297896,0.446239178633092
23807,0.588350678463526,0.0672911020246898,0.0376259325387507,0.306732286973033
23808,0.1134625554699,0.439675430409699,0.1866081483995,0.260253865720902
23809,0.391788523389448,0.397692686109998,0.0507224426059478,0.159796347894606
23810,0.0574903499160841,0.630068566371835,0.213963379538753,0.0984777041733278
23811,0.488058291857079,0.172506133380229,0.136826190043908,0.202609384718783
23812,0.206427616494489,0.31864691300927,0.321858863859549,0.153066606636692
23813,0.488682964449003,0.233755289003484,0.0628306030407568,0.214731143506756
23814,0.315342308805061,0.214363444822609,0.294064813477071,0.17622943289526
23815,0.049130498426852,0.0929779486505717,0.459029293054599,0.398862259867978
23816,0.42667278195058,0.247005063945792,0.0869971570408041,0.239324997062824
23817,0.253616132134555,0.10586901231371,0.432979843080511,0.207535012471223
23818,0.0774306713995495,0.170678895231072,0.311033061627243,0.440857371742136
23819,0.106814901685392,0.578237617171508,0.126929650684922,0.188017830458178
23820,0.391383473988171,0.116665384898222,0.226975609296472,0.264975531817135
23821,0.0357328587047407,0.150066024123007,0.25198717514144,0.562213942030813
23822,0.117420836457147,0.2147383061351,0.0390857761277878,0.628755081279966
23823,0.0470375947988679,0.0534151202302027,0.348888397457161,0.550658887513769
23824,0.0284194819565984,0.60616005129469,0.0873047223901724,0.278115744358539
23825,0.497252796424047,0.109843352432689,0.132205010007733,0.26069884113553
23826,0.0720191475310435,0.514276740334088,0.0873770066143095,0.326327105520559
23827,0.254322631754205,0.365230116085092,0.10123358983835,0.279213662322353
23828,0.0719389240323106,0.220159481247764,0.547665889258838,0.160235705461088
23829,0.174705433874806,0.346461796265499,0.217585832835695,0.261246937023999
23830,0.042417369963588,0.710567975385269,0.130655086855149,0.116359567795993
23831,0.395381496999403,0.117600649978202,0.411765016842202,0.0752528361801922
23832,0.124419678707815,0.167750558410715,0.450360887090513,0.257468875790956
23833,0.286238179755755,0.0366898357197679,0.266428750497719,0.410643234026758
23834,0.613971030975085,0.0885041090614351,0.126899238536141,0.17062562142734
23835,0.218718524736555,0.308278569095526,0.23209814397244,0.240904762195479
23836,0.555829861693226,0.0467542930246997,0.0822525514806006,0.315163293801474
23837,0.0305901122176131,0.0574848210039777,0.0575896603148252,0.854335406463584
23838,0.765279389370675,0.0940992628248816,0.0827461075174854,0.0578752402869579
23839,0.743599744679023,0.101661694970333,0.0806207653018804,0.0741177950487636
23840,0.216579169233524,0.0680745989700697,0.668254902459456,0.0470913293369506
23841,0.470559767517868,0.0894647325016103,0.178956892494774,0.261018607485747
23842,0.672990155857137,0.120631600865204,0.0570661741742464,0.149312069103413
23843,0.393153446749367,0.0764478466297801,0.291907011873557,0.238491694747297
23844,0.482243192800575,0.121195481368521,0.0941625720044804,0.302398753826424
23845,0.0884831837829853,0.0590752169305556,0.227265945605803,0.625175653680657
23846,0.463245675608088,0.405161175044631,0.0905036375662393,0.0410895117810416
23847,0.124496756958007,0.681666151612192,0.120905684770135,0.0729314066596663
23848,0.0295691701312016,0.108282492320153,0.739283844171907,0.122864493376739
23849,0.3452492808838,0.180543747811495,0.164465551650792,0.309741419653914
23850,0.0470375813679272,0.148841200153467,0.589476819773456,0.21464439870515
23851,0.659603886716573,0.102532910441741,0.179636320463252,0.0582268823784339
23852,0.298681502469532,0.233069360775776,0.190749665458628,0.277499471296064
23853,0.0356897489808969,0.144830675539423,0.700192984184322,0.119286591295358
23854,0.617600966336049,0.100220447183949,0.181438216882093,0.10074036959791
23855,0.206212382095528,0.242471051595365,0.0776866105309726,0.473629955778135
23856,0.102562513174215,0.521734373992764,0.0396381770123886,0.336064935820633
23857,0.514121015803237,0.381610618027313,0.0596532337331492,0.0446151324363
23858,0.60054458769154,0.0902029468599722,0.117435717252434,0.191816748196054
23859,0.790875372729022,0.0198253130045595,0.036797203771962,0.152502110494457
23860,0.190326958186778,0.299236580391176,0.0847180355254214,0.425718425896625
23861,0.138022713704545,0.0358351509180267,0.755136754383908,0.0710053809935202
23862,0.0872889611792159,0.0655609905249142,0.707375473244218,0.139774575051652
23863,0.256530832064028,0.0833320335601863,0.494573701827664,0.165563432548122
23864,0.240486851657972,0.412158750100335,0.0355288650035938,0.311825533238099
23865,0.097736055182054,0.226664444722772,0.445827375895164,0.229772124200011
23866,0.31127442856461,0.272338443597317,0.184342203396486,0.232044924441588
23867,0.0483259416517456,0.306750692809531,0.173310618149592,0.471612747389131
23868,0.0268975997795813,0.193690914379137,0.444312347482126,0.335099138359157
23869,0.300714838798614,0.0695110577730991,0.183040977050463,0.446733126377824
23870,0.131035291862154,0.0506375707507304,0.745280842304311,0.0730462950828048
23871,0.0234076585172983,0.125851635312284,0.730574750973648,0.12016595519677
23872,0.0540992079661088,0.15562830030953,0.678919035222173,0.111353456502188
23873,0.064280026276275,0.331198613667329,0.326200022276169,0.278321337780227
23874,0.452636504020204,0.323511227585047,0.032422072122277,0.191430196272472
23875,0.0584487431641468,0.627525155912287,0.252491743439323,0.0615343574842431
23876,0.339015847164019,0.243852239479245,0.0728783187991608,0.344253594557576
23877,0.241353150416703,0.263255816668432,0.0438877322182799,0.451503300696586
23878,0.159447828538137,0.255667324052466,0.142890787679538,0.441994059729859
23879,0.132259122218878,0.617744084585626,0.167827061225089,0.0821697319704073
23880,0.476667718958117,0.316451276414734,0.0422916293733499,0.1645893752538
23881,0.570008371687149,0.137994894430681,0.145870541494086,0.146126192388084
23882,0.154212056044633,0.710422101558064,0.0388212479871989,0.0965445944101041
23883,0.409564112998845,0.0737226742580409,0.338369734533515,0.178343478209599
23884,0.119997190630892,0.524048148254255,0.224946150834594,0.13100851028026
23885,0.533808669667338,0.217442029800422,0.0169732016341906,0.23177609889805
23886,0.235404962040027,0.22160787110756,0.238676032467653,0.30431113438476
23887,0.348861372225229,0.219758631762429,0.117729094088642,0.3136509019237
23888,0.2348919791239,0.286214131057749,0.385090054301499,0.0938038355168526
23889,0.712652510675059,0.148832153945433,0.0428896600156585,0.0956256753638497
23890,0.183804763758056,0.575725286136237,0.0527845779768405,0.187685372128866
23891,0.540786148651225,0.0522142681603546,0.0537100016873172,0.353289581501103
23892,0.0562840701683565,0.466588147259374,0.0961363183964917,0.380991464175777
23893,0.187495764034756,0.507130775511245,0.0406940607779192,0.26467939967608
23894,0.115917930156249,0.382746473467872,0.0968101447860368,0.404525451589843
23895,0.0909856670104823,0.160518746506842,0.625333438131726,0.12316214835095
23896,0.0531328598828911,0.12441129668033,0.496719518352021,0.325736325084758
23897,0.156498913512457,0.274778338672223,0.0440050209146003,0.52471772690072
23898,0.0875980040355126,0.60123461970549,0.0549258276442854,0.256241548614712
23899,0.237872447888851,0.151908007579345,0.171023121692593,0.439196422839211
23900,0.0772069764907195,0.302231899467521,0.0517465551611413,0.568814568880618
23901,0.109646344182584,0.6441320694403,0.0904088222363813,0.155812764140735
23902,0.0513525002566629,0.67209887661228,0.140915098307421,0.135633524823637
23903,0.259911096830622,0.1506557862097,0.203828281896565,0.385604835063114
23904,0.124885147141626,0.240324620006605,0.249893513113286,0.384896719738483
23905,0.571347211672392,0.0451081479885318,0.304440258633653,0.0791043817054228
23906,0.735350818582853,0.054757354807278,0.0489385915565975,0.160953235053272
23907,0.238981123334635,0.244068221439703,0.178963063338295,0.337987591887367
23908,0.0843390341268595,0.295368588396121,0.032307186263722,0.587985191213297
23909,0.187149583778274,0.0998984052936444,0.0554381027459396,0.657513908182142
23910,0.095697599388382,0.277707050302803,0.441838941698823,0.184756408609992
23911,0.293809574077512,0.0334632337320137,0.291426010413833,0.381301181776641
23912,0.190459650446143,0.123340869543522,0.307393482153361,0.378805997856974
23913,0.0848622379800446,0.109082358775412,0.3965670268502,0.409488376394343
23914,0.019951749072937,0.800567375299933,0.0464159723641959,0.133064903262934
23915,0.672099004353416,0.194023398662471,0.0483512567436287,0.085526340240485
23916,0.0570714831565984,0.130642841333817,0.716894207555099,0.0953914679544857
23917,0.044278277215654,0.547177548575132,0.140953392114153,0.267590782095061
23918,0.424796041544605,0.102999779852408,0.0955649478545887,0.376639230748399
23919,0.22769473896232,0.302728769144503,0.0387023315853072,0.43087416030787
23920,0.12788461642062,0.320553651506888,0.263084413687402,0.28847731838509
23921,0.0740957636495328,0.152671322071828,0.650714924003045,0.122517990275594
23922,0.062173778674921,0.188143000723256,0.577372926051532,0.172310294550291
23923,0.432933680557596,0.473978622305211,0.0406370500934455,0.052450647043747
23924,0.125610918266832,0.770794186417249,0.0670778459633314,0.0365170493525882
23925,0.141667615815609,0.278018355307626,0.0903960855423474,0.489917943334418
23926,0.377219163684146,0.447216513549835,0.0973227121910059,0.078241610575013
23927,0.177233725773784,0.0870478018126123,0.489549879429755,0.246168592983848
23928,0.0684312043135128,0.257844011167799,0.464917126374689,0.208807658143999
23929,0.0356990994874525,0.346353035322891,0.069414207388131,0.548533657801526
23930,0.0612272065983518,0.238158518617083,0.131834272797668,0.568780001986897
23931,0.0276899275109309,0.915164909296888,0.029243742122727,0.0279014210694544
23932,0.449504980397558,0.321923066514486,0.0341758331929989,0.194396119894958
23933,0.0119452323591816,0.803031256448776,0.0994264085393474,0.0855971026526951
23934,0.0239227863019739,0.800466572696192,0.136402118362058,0.0392085226397762
23935,0.272984481186789,0.0694616129533828,0.102425640319376,0.555128265540453
23936,0.496580206237909,0.0640967184201284,0.112263117539474,0.327059957802489
23937,0.0816284392233758,0.141199958141339,0.564316251050285,0.212855351585
23938,0.553169941044865,0.0685241127008088,0.0327038109918955,0.345602135262431
23939,0.203886871628871,0.0965979536374702,0.396111517656659,0.303403657077
23940,0.133266426141611,0.0280031891354466,0.08793145513897,0.750798929583973
23941,0.104270531929786,0.192969482686734,0.532766432814843,0.169993552568637
23942,0.586515036152028,0.107704599619174,0.210117020086113,0.0956633441426849
23943,0.106377658647586,0.395993930779017,0.227758887234203,0.269869523339193
23944,0.44632941122713,0.0587604329665439,0.396962243138261,0.0979479126680648
23945,0.0804655015810447,0.122287683838219,0.525639602096402,0.271607212484334
23946,0.179891664345642,0.655144335051516,0.0479643656399637,0.116999634962877
23947,0.0951782512200571,0.420083268745213,0.192665161903222,0.292073318131508
23948,0.139415936316365,0.101128755320232,0.521859113921702,0.237596194441701
23949,0.104050640359754,0.380925725448699,0.0493336488966864,0.465689985294861
23950,0.0351949792833375,0.654083547817395,0.262684776593553,0.0480366963057143
23951,0.644898320982958,0.071021622006994,0.123180669564553,0.160899387445495
23952,0.214553238735973,0.172334007452138,0.410759021621855,0.202353732190034
23953,0.570034179240083,0.080933376567103,0.0984626734531635,0.250569770739651
23954,0.574954838703482,0.0749879398088352,0.229149995711138,0.120907225776544
23955,0.050624724733825,0.150423163488916,0.152550270914789,0.64640184086247
23956,0.222006291265273,0.117881569089732,0.388393918254461,0.271718221390534
23957,0.0368565477017165,0.391801047482033,0.0636863061615329,0.507656098654718
23958,0.057661530035198,0.686883884609263,0.0310361555443553,0.224418429811184
23959,0.233838552042616,0.101750069877773,0.133437147525266,0.530974230554345
23960,0.213269407347866,0.146545065193071,0.352495073582962,0.287690453876101
23961,0.705165400856175,0.172087723181424,0.0271204945617117,0.0956263814006892
23962,0.0191512695896295,0.622090930980329,0.243868379823916,0.114889419606126
23963,0.2308179323667,0.580011593289111,0.064026756220161,0.125143718124027
23964,0.0384330905476393,0.478217546006983,0.363383893773728,0.11996546967165
23965,0.11490370227873,0.132875290668662,0.587956763708121,0.164264243344486
23966,0.0361673042190438,0.0234253611050988,0.733365032437011,0.207042302238847
23967,0.73856583514959,0.032915647485782,0.0491006743808033,0.179417842983825
23968,0.399026345955283,0.208060089333896,0.166459057911323,0.226454506799499
23969,0.810476746920564,0.0538196377843867,0.0239073293913039,0.111796285903745
23970,0.887147967777532,0.0395142829384081,0.0334206096189787,0.0399171396650813
23971,0.0365502862758911,0.0611626884727933,0.854984395280266,0.04730262997105
23972,0.617388667703575,0.0983416418186499,0.194141912742921,0.0901277777348539
23973,0.208448135017302,0.338902521088178,0.111408018342847,0.341241325551673
23974,0.0238321717621081,0.0640558804877799,0.776414784624798,0.135697163125314
23975,0.172758244811393,0.7224043867581,0.0548133777111212,0.0500239907193851
23976,0.098441200572995,0.435140015947112,0.244770925614174,0.221647857865719
23977,0.0679643014781973,0.17794444700234,0.612911320754677,0.141179930764786
23978,0.154495974882886,0.0595624640628773,0.0980547359661305,0.687886825088106
23979,0.413718852307063,0.157447767627204,0.0835491713529688,0.345284208712764
23980,0.091259545767045,0.572000159710117,0.0698283388251965,0.266911955697642
23981,0.0878335474864475,0.215376227230592,0.600926502100298,0.0958637231826628
23982,0.131270231292682,0.0506246194343261,0.776322638630122,0.0417825106428692
23983,0.215391049914966,0.247639044864912,0.101834015334814,0.435135889885308
23984,0.166485903611688,0.47544328120977,0.0679819422546036,0.290088872923939
23985,0.170601916623574,0.0601422999617383,0.0770363911210107,0.692219392293677
23986,0.39738958694045,0.367826434537292,0.0665313697502201,0.168252608772038
23987,0.208001173634598,0.372460070529397,0.0560499506311866,0.363488805204819
23988,0.32943521578466,0.371505448026976,0.201305170445854,0.0977541657425105
23989,0.0853855245952189,0.115050095288986,0.554481271444611,0.245083108671184
23990,0.122299682460835,0.398297602895489,0.160085669478925,0.31931704516475
23991,0.0225647624285701,0.146695979219,0.312810059191243,0.517929199161187
23992,0.0827676320998152,0.600486111780122,0.0920575738538917,0.224688682266172
23993,0.0729292004798585,0.153129842118612,0.52306843864442,0.25087251875711
23994,0.111116105439327,0.246314929450944,0.132485175182388,0.510083789927341
23995,0.0155382122546748,0.298891434316127,0.317928661525676,0.367641691903522
23996,0.0549591804606858,0.1396968088521,0.725173669891761,0.0801703407954534
23997,0.142011350321799,0.187014581842306,0.410425077377128,0.260548990458767
23998,0.176436597071287,0.196378551549468,0.442992999927033,0.184191851452211
23999,0.386193288155212,0.351169359934436,0.0854927499000785,0.177144602010274
24000,0.315210750978263,0.533527377143583,0.0684265403015665,0.0828353315765872
24001,0.390731840791199,0.421197909852692,0.0478545740833667,0.140215675272743
24002,0.312992387513709,0.437447820175698,0.0378181697825305,0.211741622528062
24003,0.31979301251178,0.463965768701077,0.0215529404341869,0.194688278352955
24004,0.196196347112297,0.178162476312367,0.340179775172471,0.285461401402865
24005,0.167534417758485,0.621724040631228,0.0361980827070193,0.174543458903267
24006,0.208370168060761,0.233148297738207,0.393925792858815,0.164555741342217
24007,0.207683367309437,0.433285046664291,0.112995440118237,0.246036145908036
24008,0.0456468930496286,0.63896788810548,0.0917251318552525,0.223660086989639
24009,0.492356654304785,0.0638531361689361,0.193106653647558,0.250683555878721
24010,0.637932710045984,0.117454613293723,0.172942262896139,0.071670413764155
24011,0.0611905494597163,0.678414599847448,0.0585905221798759,0.20180432851296
24012,0.0777740715396605,0.129509847457439,0.485548749715286,0.307167331287614
24013,0.0523830469892756,0.119468807932091,0.554923805368779,0.273224339709855
24014,0.0525849417474462,0.191891137489008,0.608657012491775,0.146866908271771
24015,0.0210702389005576,0.47449491350382,0.224010916349514,0.280423931246108
24016,0.280201928086713,0.407848908844479,0.0340946305080344,0.277854532560773
24017,0.428511332387093,0.35622768548783,0.149478977103453,0.0657820050216242
24018,0.447567935408372,0.108494368043671,0.0633509529418621,0.380586743606095
24019,0.181739202916258,0.346898760885552,0.31684982737125,0.15451220882694
24020,0.101019620183004,0.48384975713952,0.150182310584859,0.264948312092617
24021,0.0613827508518561,0.0730076984642336,0.631917776301216,0.233691774382695
24022,0.489179466070483,0.167898906888573,0.0289411176724757,0.313980509368469
24023,0.109649643886856,0.663783201760822,0.113817103540818,0.112750050811504
24024,0.224868620391464,0.595549349545686,0.0263324079939365,0.153249622068913
24025,0.857969369539283,0.0436318137836286,0.0608733965694391,0.0375254201076489
24026,0.0594969313136681,0.812430936325408,0.0483648200711938,0.07970731228973
24027,0.0428752271991678,0.014158224968719,0.117013788881049,0.825952758951065
24028,0.183494720828206,0.569808435621519,0.0203006791472219,0.226396164403053
24029,0.0521285574841441,0.0387764450852813,0.114366120205559,0.794728877225016
24030,0.0212150517492281,0.550934051555141,0.158532484871566,0.269318411824065
24031,0.0196888701975163,0.240630360470956,0.095953660650938,0.64372710868059
24032,0.0453158397905435,0.0489130071033772,0.064631378009055,0.841139775097024
24033,0.862345346551452,0.0415305339384872,0.0422147427264467,0.053909376783614
24034,0.149372652127085,0.115774450685466,0.019518252792046,0.715334644395404
24035,0.0203089377323355,0.445190949589025,0.105880656052865,0.428619456625775
24036,0.307644510072765,0.0776226948404677,0.511802020532364,0.102930774554403
24037,0.193528282860985,0.608534793424249,0.0620793680937211,0.135857555621045
24038,0.156296116014353,0.0535966875778688,0.574078446455091,0.216028749952687
24039,0.344907818751363,0.435404360185664,0.0358039553552159,0.183883865707757
24040,0.0397426526396206,0.177493941190757,0.553508231859491,0.229255174310131
24041,0.134595715186226,0.491178681613083,0.103786668120831,0.27043893507986
24042,0.0353937587510361,0.600594699894371,0.270430157187955,0.0935813841666385
24043,0.331570238403459,0.243406472412064,0.0801414049126324,0.344881884271845
24044,0.343367600724941,0.262322212827241,0.22804973576366,0.166260450684158
24045,0.493385519030657,0.0558921134841047,0.22036237325791,0.230359994227329
24046,0.0223044477743247,0.814754827841041,0.12867070828746,0.0342700160971742
24047,0.29453243230458,0.0230761520123607,0.643026546927164,0.0393648687558957
24048,0.0569803992317204,0.18524813552579,0.678835500587456,0.078935964655033
24049,0.501768702277081,0.124024468716957,0.252687645310421,0.121519183695541
24050,0.090778131682412,0.097298811098708,0.33806562191275,0.47385743530613
24051,0.0746810580536952,0.561848155139003,0.0398581716697355,0.323612615137567
24052,0.865087827472918,0.0606048913890865,0.029928683340741,0.0443785977972549
24053,0.514767290064864,0.0613865454001305,0.277205454318019,0.146640710216987
24054,0.439520474727127,0.070886649306419,0.0502379819308244,0.439354894035629
24055,0.25160947585753,0.397832747027035,0.126911565637908,0.223646211477528
24056,0.262684967536601,0.383281502103108,0.116727042965143,0.237306487395149
24057,0.204615277998271,0.173000838429197,0.289515960163905,0.332867923408627
24058,0.0384048944087823,0.240674892137205,0.447499986773885,0.273420226680128
24059,0.223410763538806,0.536057171968497,0.0361346032478749,0.204397461244822
24060,0.473469265902732,0.224973865436386,0.0467138752937697,0.254842993367112
24061,0.0975202687740923,0.602922949981604,0.141714344853154,0.15784243639115
24062,0.338536636767536,0.111979098002619,0.349659756719517,0.199824508510329
24063,0.0802298156337181,0.632772510134416,0.23259218226675,0.0544054919651162
24064,0.589366845282083,0.132819147881214,0.161354789107852,0.116459217728852
24065,0.0738888450906579,0.188272890108196,0.633630522057598,0.104207742743548
24066,0.501602519202802,0.28239481559131,0.061816643657912,0.154186021547976
24067,0.188287827357263,0.395177014873514,0.123476286155792,0.293058871613431
24068,0.587737719301879,0.141466013009458,0.0901359141623249,0.180660353526337
24069,0.293663802075354,0.112686243310385,0.0950639486477835,0.498586005966478
24070,0.644579828971914,0.197486518882921,0.0783260210588456,0.0796076310863193
24071,0.0491876499854978,0.0436651938749527,0.39060593713309,0.516541219006459
24072,0.0464700144719205,0.400246877306942,0.0316328656109843,0.521650242610153
24073,0.420096399203047,0.103802088632998,0.123196526990445,0.35290498517351
24074,0.280797533255359,0.269521860380003,0.120763722434907,0.328916883929731
24075,0.413689268136623,0.10327438141056,0.198001460964095,0.285034889488721
24076,0.0567388335759902,0.482299753783977,0.202035925610852,0.25892548702918
24077,0.560867912114082,0.190261716881058,0.0611172163539522,0.187753154650908
24078,0.330386223426808,0.256131846649477,0.104640382343125,0.30884154758059
24079,0.379377703120697,0.226310925030232,0.0149633004818847,0.379348071367186
24080,0.460021349349015,0.14630546153836,0.0540232796768308,0.339649909435794
24081,0.0560068134977915,0.306859363691497,0.18303461806612,0.454099204744591
24082,0.242531041094525,0.36051251066492,0.309005207120695,0.0879512411198597
24083,0.155165591903863,0.337163123648204,0.0185245950058083,0.489146689442125
24084,0.361435551044854,0.44375059715271,0.0847807226994245,0.110033129103012
24085,0.21772859066931,0.210130675165255,0.0236597794717521,0.548480954693683
24086,0.177336408335981,0.311890420617881,0.120984691463838,0.3897884795823
24087,0.116456068547297,0.321200937401477,0.145063247426679,0.417279746624548
24088,0.0686944475525333,0.09007701629564,0.64343969477515,0.197788841376677
24089,0.215199464602103,0.488315185909943,0.0413143952781807,0.255170954209774
24090,0.0197513421950875,0.0616187135844639,0.396269913522619,0.522360030697829
24091,0.195806311700181,0.259963465053971,0.3432802443394,0.200949978906448
24092,0.502111859449207,0.0416732585361094,0.0613253750724304,0.394889506942254
24093,0.33684970181916,0.280142605692074,0.21500882233013,0.167998870158636
24094,0.0530072828388484,0.740694527501982,0.158661095983566,0.0476370936756044
24095,0.249796865087532,0.0151210869684358,0.518270706565037,0.216811341378995
24096,0.145871009007223,0.514360156073172,0.0496205867438412,0.290148248175764
24097,0.037918985755265,0.124932997503632,0.752841271140476,0.0843067456006267
24098,0.634915662927745,0.165625735605264,0.0463832300605329,0.153075371406458
24099,0.0768144434605227,0.530050012416244,0.0629723399364237,0.330163204186809
24100,0.43186544011357,0.432042283255738,0.0243448926860451,0.111747383944647
24101,0.0883517227528331,0.373505460175519,0.0723602218121481,0.4657825952595
24102,0.292868073825104,0.236216186791829,0.196262160172361,0.274653579210706
24103,0.0720391246587185,0.436488427930746,0.370853811966432,0.120618635444104
24104,0.532534493788172,0.0203965768992735,0.0483413649770204,0.398727564335534
24105,0.657016270858822,0.0488377535037801,0.0864549791420344,0.207690996495364
24106,0.0152478291015788,0.880908055386103,0.0457181584058144,0.0581259571065035
24107,0.218551410938676,0.0787400833787209,0.345198147959394,0.357510357723209
24108,0.124380278401556,0.0386409328123713,0.550250962474951,0.286727826311122
24109,0.38726176588836,0.264110995618361,0.0188040658734551,0.329823172619824
24110,0.352831251647023,0.177531686565008,0.105694963892184,0.363942097895785
24111,0.0434042046846106,0.282267330290978,0.0246238417485055,0.649704623275906
24112,0.392148433925174,0.169141089690039,0.145761675222583,0.292948801162205
24113,0.193809082479884,0.51316450307047,0.186889191336273,0.106137223113373
24114,0.145161791312396,0.184377245705551,0.448460886474372,0.222000076507681
24115,0.0513838623264824,0.447501550698039,0.421266352926139,0.0798482340493395
24116,0.285022122856746,0.0578727853367294,0.482910639493259,0.174194452313266
24117,0.624141710848806,0.164056107590398,0.0790223714056217,0.132779810155175
24118,0.0762744169266948,0.0833240699303808,0.593817546975337,0.246583966167587
24119,0.157633684726706,0.631821540308414,0.0644854058801721,0.146059369084708
24120,0.0984593649156707,0.69304836502625,0.123974692779486,0.0845175772785927
24121,0.629408974186925,0.0560449548331356,0.153388416803792,0.161157654176148
24122,0.0460205057112225,0.163901081344353,0.592074949068135,0.198003463876289
24123,0.127790397789561,0.0631797064051356,0.302457027841371,0.506572867963933
24124,0.145261129780352,0.520510353030545,0.150107765044866,0.184120752144236
24125,0.03973899654147,0.0690136595344286,0.715759906128328,0.175487437795773
24126,0.0638010583593609,0.542255574254657,0.210389665275922,0.18355370211006
24127,0.427121641543459,0.272086028351087,0.136022403319229,0.164769926786225
24128,0.387372780364237,0.050967907112124,0.0199732562467072,0.541686056276931
24129,0.364816337652358,0.133418928269203,0.0765735453505392,0.4251911887279
24130,0.238210666973796,0.151170602102905,0.0167380151094825,0.593880715813817
24131,0.033027081175814,0.404075813696106,0.360266203445822,0.202630901682258
24132,0.151994954147957,0.653722167664286,0.0500408704378569,0.1442420077499
24133,0.251953234480221,0.178437523464515,0.36544042016692,0.204168821888344
24134,0.346903821010925,0.443705195356112,0.180087906824633,0.02930307680833
24135,0.0875140610499783,0.0880310868299037,0.649187491347183,0.175267360772935
24136,0.101570796380389,0.1396153974177,0.606538759926493,0.152275046275418
24137,0.0290577884846127,0.926311730480945,0.0131242862908502,0.0315061947435918
24138,0.535686211899817,0.0780120365479938,0.0389351669174522,0.347366584634737
24139,0.287156091707558,0.0990901688342853,0.496821345029726,0.116932394428431
24140,0.548244412169863,0.181900865926988,0.152869837393871,0.116984884509279
24141,0.0326354620513017,0.535990579577579,0.0552501787646709,0.376123779606449
24142,0.313192054353953,0.164198581321469,0.364297388735041,0.158311975589537
24143,0.170348460806013,0.555468445265065,0.198816337521956,0.0753667564069665
24144,0.307435686106396,0.205579627450286,0.037328717052332,0.449655969390987
24145,0.050808423711046,0.285162302723192,0.613363406986709,0.0506658665790535
24146,0.0221909747460308,0.164029180214132,0.612681291375889,0.201098553663948
24147,0.184290178968116,0.336580847645757,0.239225714726445,0.239903258659682
24148,0.246287511371027,0.558061483873924,0.114085423700526,0.0815655810545225
24149,0.0415794647515172,0.126152643308376,0.629075757957334,0.203192133982773
24150,0.329270160725552,0.199864051325416,0.280422100282605,0.190443687666428
24151,0.176405772779534,0.298807562823159,0.401302831390649,0.123483833006659
24152,0.0659499373657699,0.521794708317736,0.276670879991896,0.135584474324598
24153,0.105643875734931,0.206708589219106,0.536473700330156,0.151173834715807
24154,0.205185843117475,0.204926236109022,0.415585745737359,0.174302175036145
24155,0.0497031814681311,0.200655053102349,0.603707650082813,0.145934115346707
24156,0.0330172201777826,0.150055671593465,0.498893198801683,0.31803390942707
24157,0.0624259619334453,0.186311232424807,0.0986360642122794,0.652626741429469
24158,0.754459824104309,0.0627886414808579,0.134240519791528,0.048511014623305
24159,0.115667533869004,0.203590733349101,0.176261208091581,0.504480524690314
24160,0.421648889965128,0.117931196185101,0.0692108412597953,0.391209072589976
24161,0.0941785988859628,0.604961089655061,0.187524475287993,0.113335836170984
24162,0.546806081675096,0.152451766068573,0.0322463708814519,0.26849578137488
24163,0.122447974587889,0.370011254068949,0.278421875315305,0.229118896027857
24164,0.177990640055077,0.580763383324768,0.183890429394502,0.0573555472256528
24165,0.048487372672181,0.178576192744385,0.138598631905868,0.634337802677566
24166,0.0343697059943633,0.142097793172476,0.488719204246621,0.33481329658654
24167,0.0444891845864011,0.625201791974017,0.199321391940634,0.130987631498948
24168,0.562703075681546,0.0353421298494513,0.0820888981399729,0.31986589632903
24169,0.128300440333294,0.204567163373425,0.468481428743995,0.198650967549286
24170,0.093352505065309,0.108363815209315,0.702233647026161,0.0960500326992153
24171,0.0542069535952208,0.721669981773273,0.129807718078155,0.0943153465533516
24172,0.183888457896886,0.096597531295726,0.611447517786742,0.108066493020645
24173,0.154250773523406,0.31712434601045,0.156878606755456,0.371746273710689
24174,0.0640857776854074,0.817696457220007,0.0644781425274759,0.0537396225671099
24175,0.279972457919041,0.294499420596107,0.153220820382113,0.272307301102739
24176,0.130004697372902,0.108432563107445,0.486473888707939,0.275088850811714
24177,0.677414991362655,0.157876907771781,0.0713950351525757,0.0933130657129879
24178,0.227259783215694,0.0271254371309138,0.317848453683657,0.427766325969736
24179,0.0350766573906671,0.564371186647207,0.330690539328559,0.0698616166335672
24180,0.527433097241888,0.0459831490319639,0.194127311367302,0.232456442358847
24181,0.026139618682162,0.406024369396002,0.13104991085768,0.436786101064155
24182,0.0906730191691508,0.112672378822627,0.604070265214147,0.192584336794075
24183,0.619055812154136,0.171502001495257,0.105978181959373,0.103464004391234
24184,0.238266166708754,0.501267268627715,0.195991914532319,0.0644746501312113
24185,0.169248394518669,0.249704983725791,0.216494584245623,0.364552037509917
24186,0.0383654629123397,0.219795558391508,0.116127530437602,0.62571144825855
24187,0.416292115896399,0.0262821700043644,0.077722982805113,0.479702731294124
24188,0.0229252032045972,0.379928179679129,0.452435267385299,0.144711349730976
24189,0.0282047783801358,0.264738841732537,0.468570009724768,0.238486370162559
24190,0.0704121141789319,0.150197470109593,0.66048997164767,0.118900444063805
24191,0.0343358528926113,0.190223372632485,0.69440170904449,0.0810390654304137
24192,0.41142930362497,0.165168272898606,0.192468021769411,0.230934401707013
24193,0.188151183911898,0.125142962632181,0.56838193947246,0.11832391398346
24194,0.0751197152320503,0.664071415374433,0.0467655674888869,0.21404330190463
24195,0.45972887737418,0.0471578115954619,0.105185977403079,0.387927333627279
24196,0.899970759116964,0.0314533471631546,0.0268102031570443,0.041765690562837
24197,0.012635377975049,0.479032166197509,0.12373594440642,0.384596511421023
24198,0.795787262436823,0.0941064085993862,0.03872660830546,0.0713797206583313
24199,0.225821136579398,0.494032292523478,0.0457378325031861,0.234408738393938
24200,0.295980662551697,0.0463206840039958,0.223136464385602,0.434562189058705
24201,0.839395381094307,0.0520417307425404,0.0769138095372714,0.0316490786258812
24202,0.0386234195825559,0.0327059605905226,0.892624513415105,0.0360461064118164
24203,0.702406356479568,0.146976864636834,0.0960513072748048,0.0545654716087935
24204,0.0340448387370804,0.76564623115767,0.0830635987277128,0.117245331377537
24205,0.294789247614803,0.495110447190182,0.0505128039884712,0.159587501206544
24206,0.0917357631650874,0.0865580657100969,0.772497387116818,0.0492087840079974
24207,0.538692501737577,0.0741475184018733,0.205736393698434,0.181423586162116
24208,0.153921613103634,0.25477628296548,0.20666718732859,0.384634916602296
24209,0.0967689832703835,0.307809066285763,0.489246506135446,0.106175444308407
24210,0.250907060419669,0.121006018323158,0.342977288234777,0.285109633022396
24211,0.110443364949498,0.11697446713725,0.32469754419115,0.447884623722102
24212,0.415348275312106,0.160691034809784,0.134367560024118,0.289593129853991
24213,0.0839400800107978,0.32182265031362,0.428748689449682,0.165488580225901
24214,0.187869027584745,0.0486011905896153,0.291382409784941,0.472147372040699
24215,0.151607839521416,0.155016127424257,0.524129252045934,0.169246781008393
24216,0.131994557916756,0.0840842687139705,0.510844091472205,0.27307708189707
24217,0.133768076971338,0.324820670199264,0.0782972140218804,0.463114038807518
24218,0.0931457818162936,0.0266103525278605,0.488224828784584,0.392019036871262
24219,0.477314219200415,0.0883689049308225,0.221927048993407,0.212389826875355
24220,0.255440173293925,0.266713299318182,0.0989548626240401,0.378891664763852
24221,0.451717829159238,0.397637665559246,0.0711706235612505,0.0794738817202652
24222,0.569824191875473,0.0870141262357721,0.289226380843489,0.0539353010452661
24223,0.331621282642198,0.0691542812691039,0.225498342948113,0.373726093140585
24224,0.152142900254115,0.280554266419187,0.16393333513687,0.403369498189828
24225,0.403616162324816,0.177332928777658,0.0741625801103232,0.344888328787203
24226,0.291359594459601,0.0778512140907665,0.314042494481705,0.316746696967928
24227,0.190249993070386,0.289019528959295,0.309689308394424,0.211041169575895
24228,0.107004230890051,0.400061400004181,0.0751368016467464,0.417797567459022
24229,0.156555707228535,0.508579066014699,0.172957173736655,0.161908053020112
24230,0.0518188431407593,0.467608608271362,0.150628794445984,0.329943754141895
24231,0.267412244013834,0.198212981135574,0.162180523196895,0.372194251653697
24232,0.112226572720302,0.476596215895084,0.189587895835444,0.22158931554917
24233,0.261163701398251,0.268077507588282,0.0897292654332761,0.381029525580191
24234,0.23188168317874,0.134383002419549,0.36579764323568,0.267937671166032
24235,0.629034244454212,0.144726884178328,0.0608485688349374,0.165390302532522
24236,0.107307080131141,0.106829291551235,0.696572462318584,0.0892911659990401
24237,0.437734384788297,0.0338887737054805,0.307955186695222,0.220421654811
24238,0.0226660510961465,0.28415533970716,0.355280228407326,0.337898380789367
24239,0.359388860588238,0.306407166428879,0.0933904490496278,0.240813523933256
24240,0.0582855686059771,0.401651805395596,0.140354680291492,0.399707945706936
24241,0.0263996131692498,0.116342944598525,0.230003051082383,0.627254391149842
24242,0.314021392308505,0.141954688812449,0.247476221172723,0.296547697706324
24243,0.209403176863662,0.415907315807939,0.155840024565869,0.218849482762529
24244,0.428600634468367,0.0875906391465228,0.217862917509054,0.265945808876056
24245,0.0728119605053898,0.372917709853036,0.456174396311975,0.0980959333295992
24246,0.119082607131199,0.48820288588279,0.292704963625675,0.100009543360336
24247,0.264556095127343,0.0680977019276041,0.604765781742901,0.0625804212021513
24248,0.448723303513235,0.0543891277914532,0.245912652102501,0.250974916592811
24249,0.410064551565565,0.350902646399579,0.0649873058317913,0.174045496203064
24250,0.136452278596182,0.303248012381637,0.135035178795663,0.425264530226519
24251,0.126587028402429,0.298403622127276,0.234298885594619,0.340710463875676
24252,0.0579930825767955,0.371349051293701,0.115051885557305,0.455605980572198
24253,0.0902238071429939,0.253464437333238,0.482578024979431,0.173733730544337
24254,0.12193794701611,0.18269902471593,0.408061981379455,0.287301046888504
24255,0.028133368774342,0.385199648939802,0.407278445216377,0.17938853706948
24256,0.0851699476291893,0.205971989044368,0.107907129373454,0.600950933952988
24257,0.148691338395194,0.174163413605298,0.549732106980834,0.127413141018674
24258,0.230231183957116,0.416541316327713,0.0284222464374797,0.324805253277691
24259,0.0797721090157207,0.285534772351378,0.150529440200528,0.484163678432373
24260,0.0903032839447842,0.509449196583841,0.20322925744725,0.197018262024124
24261,0.361026334417291,0.0853782139526987,0.0980224615319731,0.455572990098037
24262,0.399151613753607,0.171379674367581,0.305423835005585,0.124044876873227
24263,0.264833110725086,0.114434965380393,0.202981468010408,0.417750455884113
24264,0.10430171157329,0.442926489674197,0.205849851805917,0.246921946946597
24265,0.514775415464631,0.345598107264033,0.0274814913674454,0.11214498590389
24266,0.116276321486801,0.118785025272743,0.346434640389731,0.418504012850726
24267,0.38443820056982,0.368210532445827,0.0437900002438751,0.203561266740478
24268,0.369099659799708,0.118317022228999,0.140685866909899,0.371897451061394
24269,0.0960965949917449,0.521744448867251,0.088982845780764,0.29317611036024
24270,0.249652408063748,0.345083214495634,0.244164686326651,0.161099691113967
24271,0.0753885417388565,0.466128156718346,0.280862150305115,0.177621151237682
24272,0.0754421875868072,0.392770327042031,0.224728966457587,0.307058518913574
24273,0.503819308051312,0.0776809806912945,0.0594093745348497,0.359090336722544
24274,0.265098280981378,0.0665622808090403,0.555034753820593,0.113304684388989
24275,0.0652844237987045,0.137197578715602,0.545202709028342,0.252315288457351
24276,0.841254658034259,0.0369851587291548,0.0490849940869247,0.0726751891496618
24277,0.116555194844906,0.53033246503778,0.203142645808922,0.149969694308391
24278,0.210906601303656,0.516516715259988,0.0325425269505552,0.240034156485801
24279,0.421993934560955,0.170704764356095,0.0463035120859274,0.360997788997023
24280,0.13100231692026,0.179254242082324,0.482325345609936,0.207418095387481
24281,0.695665962857861,0.212610262387824,0.0155547040402331,0.0761690707140821
24282,0.116357736462364,0.241166591640675,0.0546432214023079,0.587832450494653
24283,0.259688919439888,0.373674131401974,0.103772560002758,0.262864389155381
24284,0.118454223701453,0.119943033709658,0.656412717030952,0.105190025557937
24285,0.0187627487474524,0.607635784619845,0.137394247669087,0.236207218963616
24286,0.0759317167522048,0.0543974356090202,0.694154330878535,0.17551651676024
24287,0.157755362785751,0.709626805716313,0.0188164988164889,0.113801332681447
24288,0.0818123070031746,0.699677430244084,0.118110804496264,0.100399458256477
24289,0.0372386558559531,0.568202399349483,0.309677413076685,0.0848815317178794
24290,0.194029625246456,0.35846702953216,0.113170765579492,0.334332579641892
24291,0.317997899629498,0.124314977988687,0.287107368231096,0.27057975415072
24292,0.0619228024910358,0.0444440335363728,0.456773506240958,0.436859657731634
24293,0.396737130301314,0.317542691309027,0.190718934486298,0.0950012439033606
24294,0.0511492317678085,0.72953621964767,0.0572534528789671,0.162061095705554
24295,0.086243706296099,0.451322474713833,0.220468870433294,0.241964948556774
24296,0.233570008294563,0.333816979107191,0.0760712575016439,0.356541755096602
24297,0.511934065164601,0.0583319742208452,0.0555658068227779,0.374168153791776
24298,0.301222868100419,0.296759565453207,0.0823648205860312,0.319652745860342
24299,0.180178448045174,0.0618602300139273,0.0682806479739175,0.689680673966981
24300,0.235410618010743,0.135000070046849,0.130702794652181,0.498886517290227
24301,0.0713358759632166,0.0408450589772853,0.159015078722844,0.728803986336654
24302,0.727208333156857,0.0849490533988755,0.151437177805733,0.0364054356385345
24303,0.724295835507994,0.0926425903539872,0.0272156434804505,0.155845930657569
24304,0.107799436309414,0.0780219330091692,0.626569961332099,0.187608669349318
24305,0.240767698026921,0.479310061712163,0.0669393678899587,0.212982872370957
24306,0.512653259275344,0.0506542336850152,0.223977609880352,0.21271489715929
24307,0.851299710798898,0.0663463967911604,0.0374891737397315,0.0448647186702106
24308,0.254573140178131,0.0411855231082601,0.252793939630356,0.451447397083252
24309,0.0182312741593179,0.292270218323159,0.567168929168411,0.122329578349112
24310,0.139332776321888,0.292455477452724,0.370121105368751,0.198090640856637
24311,0.0630921028290242,0.256364536427698,0.275193655705029,0.405349705038249
24312,0.419559488386044,0.14350264623625,0.0796993239203022,0.357238541457404
24313,0.564970372448087,0.207716562933729,0.0156022292340027,0.211710835384181
24314,0.0190745066747204,0.813375981072546,0.0533885978073035,0.11416091444543
24315,0.165002281367794,0.583810530834206,0.176460569581104,0.0747266182168957
24316,0.758284375519841,0.037490112967119,0.0378823431481978,0.166343168364842
24317,0.0591349055863914,0.754057998321494,0.0328521256103117,0.153954970481803
24318,0.043873050470184,0.0685798103168477,0.674615808866262,0.212931330346707
24319,0.624542648968608,0.129625311369476,0.217524747994656,0.0283072916672605
24320,0.0298726366881421,0.106876130053878,0.338038252308636,0.525212980949344
24321,0.534345589823885,0.100708374169922,0.089822721508088,0.275123314498104
24322,0.618777715041023,0.194821877641728,0.053291353935943,0.133109053381307
24323,0.0743151259772868,0.051855900716331,0.736461743434326,0.137367229872057
24324,0.1346777555681,0.0721828478322921,0.412811378412843,0.380328018186764
24325,0.515751091482883,0.155089764056548,0.0558762439355506,0.273282900525018
24326,0.0385196698953133,0.103462180064167,0.455307121606717,0.402711028433803
24327,0.114151779761571,0.197800330308397,0.153300817420799,0.534747072509233
24328,0.0478957135546511,0.0464962545212484,0.632492488363464,0.273115543560637
24329,0.0815184541008513,0.840756692521123,0.0146432460765585,0.0630816073014675
24330,0.627499530424934,0.0340147785591067,0.200230905171279,0.13825478584468
24331,0.0755491336123461,0.0678280812092574,0.271141288316105,0.585481496862292
24332,0.620059356670703,0.0631545132853297,0.210421810258431,0.106364319785536
24333,0.375548315285291,0.244089481238,0.123814307614921,0.256547895861788
24334,0.237584776626095,0.184103638727658,0.10011267003462,0.478198914611627
24335,0.0326073501263578,0.612048894187093,0.0290775339394269,0.326266221747123
24336,0.0752228029143657,0.327068276291661,0.183012902035942,0.414696018758032
24337,0.66509438074712,0.0478562909029929,0.194374195946777,0.0926751324031109
24338,0.695431227154657,0.0272642241569079,0.10525217737938,0.172052371309054
24339,0.369086411888268,0.419527449615401,0.0295425034044274,0.181843635091903
24340,0.167243457904043,0.415676030225171,0.0501532362734983,0.366927275597287
24341,0.533505992567808,0.11645545769722,0.165312219626822,0.184726330108151
24342,0.620912511855155,0.146734703754815,0.11156366815585,0.12078911623418
24343,0.0602413546697342,0.410698010961417,0.111049614130887,0.418011020237962
24344,0.060267546115103,0.159193965685786,0.528946791743526,0.251591696455586
24345,0.0758683956864158,0.0396371925169585,0.607743998705947,0.276750413090678
24346,0.187645864386554,0.0605536817927497,0.477743050818814,0.274057403001883
24347,0.0654379016906673,0.618432152819962,0.0943248030303306,0.22180514245904
24348,0.792213446317234,0.0214596070254261,0.087862729512093,0.0984642171452471
24349,0.468755424614908,0.0785893240769629,0.071440459579119,0.38121479172901
24350,0.0411468744859518,0.171137050824152,0.666062279037678,0.121653795652218
24351,0.646709547959139,0.0794654576043058,0.0532031606506488,0.220621833785907
24352,0.0176746646976512,0.595243730903434,0.0983347762889867,0.288746828109928
24353,0.26940356270988,0.135669653102142,0.230817263790983,0.364109520396996
24354,0.0585885751587603,0.564388721706151,0.0916095543360689,0.28541314879902
24355,0.426672052797314,0.0436945069593255,0.344555247523559,0.185078192719802
24356,0.058672708231085,0.159693404311161,0.0129624035327266,0.768671483925027
24357,0.623311975247472,0.130487771919494,0.0519867932633246,0.194213459569709
24358,0.527068901491555,0.0824264964088082,0.0421781025098638,0.348326499589773
24359,0.195571938269702,0.653819823839602,0.0149452350225429,0.135663002868153
24360,0.0392717020048586,0.31272974218037,0.310418934385648,0.337579621429124
24361,0.230587008540628,0.487032033781369,0.0209795429724626,0.26140141470554
24362,0.742139207986129,0.033325452962904,0.161284857404626,0.0632504816463411
24363,0.06867142754824,0.0927026558166634,0.647365648116205,0.191260268518892
24364,0.0488840070608131,0.793917101762151,0.0469699663826362,0.1102289247944
24365,0.444420920917556,0.106422399845305,0.169175787311673,0.279980891925465
24366,0.0632196548408623,0.311911815444297,0.217047318704706,0.407821211010134
24367,0.273829945300509,0.0785329208568976,0.0303363285297724,0.617300805312821
24368,0.0773668044992092,0.270139847667152,0.441871240471238,0.2106221073624
24369,0.503600439688453,0.160291568545212,0.193229824797866,0.14287816696847
24370,0.101700748674121,0.397439862006959,0.370905817104304,0.129953572214616
24371,0.23437829693423,0.173035780479454,0.486581500438278,0.106004422148038
24372,0.0380814430760076,0.0172829125853562,0.666532157886698,0.278103486451938
24373,0.315836510512795,0.37530219726888,0.202534947537213,0.106326344681112
24374,0.337928853804767,0.123984250697314,0.176753694720175,0.361333200777744
24375,0.0915571166523407,0.0457014339510206,0.411199456695806,0.451541992700832
24376,0.0722978947284851,0.190517906430131,0.684659535710741,0.0525246631306429
24377,0.0191825724056314,0.835468696773705,0.0748312465251629,0.0705174842955011
24378,0.0232025843782876,0.647074940464203,0.0434556877807681,0.286266787376742
24379,0.037189875260593,0.545736831433871,0.190081269059491,0.226992024246045
24380,0.068130002634959,0.444563144878684,0.0633019123868712,0.424004940099485
24381,0.556017341835969,0.169622546795431,0.016769666430027,0.257590444938573
24382,0.594231140958862,0.0725012321535226,0.223707964002202,0.109559662885414
24383,0.0913508551609314,0.0368230675029219,0.741148939057889,0.130677138278258
24384,0.0860113277555386,0.175029147122061,0.513940527032767,0.225018998089634
24385,0.516015790212314,0.073362616185194,0.201835160186591,0.208786433415901
24386,0.010962493359943,0.0205068991692784,0.823379903543417,0.145150703927362
24387,0.670228368237579,0.0338072632572835,0.0857928762973067,0.210171492207831
24388,0.602053761424754,0.0252799551965887,0.0730835081426037,0.299582775236053
24389,0.51505794080082,0.177016641668255,0.0792948417831104,0.228630575747815
24390,0.299160581525871,0.0534624175923083,0.5568260148633,0.090550986018521
24391,0.125445806920053,0.294807429851156,0.0384885755850848,0.541258187643706
24392,0.0169177743659542,0.385456156523053,0.306605898512437,0.291020170598556
24393,0.0117328844196688,0.0308429801317142,0.912398988712437,0.0450251467361798
24394,0.0411117089840057,0.876376136676842,0.0294352400061494,0.0530769143330024
24395,0.10915581154794,0.25095108018153,0.606729091976106,0.0331640162944244
24396,0.484914624272679,0.263429611862738,0.0335461569678977,0.218109606896685
24397,0.107935966189869,0.239902498353197,0.442297041533053,0.209864493923881
24398,0.314168665289163,0.271861247829422,0.201726887692718,0.212243199188698
24399,0.0533206774283213,0.318635742192495,0.190813091830832,0.437230488548352
24400,0.0305324936299576,0.215773181381238,0.446653736731137,0.307040588257667
24401,0.311274169523611,0.0816391042159582,0.193344965795344,0.413741760465087
24402,0.146995285519207,0.0571837646384442,0.728457105566446,0.0673638442759029
24403,0.0244278929140729,0.134268828416597,0.733062249121671,0.10824102954766
24404,0.0639278493089596,0.173246042800742,0.661303287550484,0.101522820339814
24405,0.072956804519239,0.332318368182269,0.336671967133266,0.258052860165226
24406,0.43805129428702,0.350490369393957,0.0376302687150958,0.173828067603927
24407,0.0694290855825572,0.598684002439156,0.275219479402433,0.0566674325758539
24408,0.336738057528219,0.262098034515748,0.0803367666348623,0.320827141321171
24409,0.245841086045005,0.291869763296306,0.0510508984666939,0.411238252191995
24410,0.175271421609854,0.254356883698513,0.168133613271196,0.402238081420437
24411,0.146532511359565,0.60115183465809,0.177543330879847,0.0747723231024983
24412,0.459003413700888,0.336748326570887,0.0507568701047669,0.153491389623459
24413,0.537068134177096,0.167924078351843,0.161724013830656,0.133283773640405
24414,0.18712078551464,0.678051116612456,0.0464319891033857,0.0883961087695194
24415,0.412602007097679,0.0861064432142278,0.336087647165467,0.165203902522626
24416,0.470174787022822,0.105880318149397,0.247068960178309,0.176875934649472
24417,0.211900847064556,0.0946631446363246,0.302123391759225,0.391312616539895
24418,0.104333428083443,0.389156684741646,0.101808081105552,0.40470180606936
24419,0.444479991265141,0.210888043665454,0.258865293381535,0.0857666716878699
24420,0.0870592851746089,0.491008872040121,0.301389510132881,0.12054233265239
24421,0.342207450047277,0.170765166347005,0.0370101535908692,0.450017230014849
24422,0.477194049441657,0.0798241901933268,0.043600235253997,0.399381525111019
24423,0.0360749941458266,0.55082171175523,0.0956581834796996,0.317445110619244
24424,0.0653373888087382,0.276929107983417,0.491803872555192,0.165929630652653
24425,0.135340418312045,0.024737612096411,0.22491043074223,0.615011538849314
24426,0.590824537984864,0.16147273613404,0.0297406520981792,0.217962073782918
24427,0.0551766874541355,0.0337140000264114,0.700742614552848,0.210366697966606
24428,0.177719859872259,0.658090457266877,0.0600689006645882,0.104120782196276
24429,0.079687674781279,0.842887528561665,0.026591632254476,0.0508331644025795
24430,0.186717700822809,0.047135537953697,0.0786318465405709,0.687514914682923
24431,0.0532918298081033,0.791099886754692,0.0952017140246607,0.0604065694125446
24432,0.0375730689542789,0.375304654402323,0.0583674335504467,0.528754843092952
24433,0.0899513321109818,0.113944524790064,0.232779048020791,0.563325095078164
24434,0.20652414409031,0.225048723616634,0.442820463019193,0.125606669273863
24435,0.789678021140365,0.122806969778375,0.028391824892387,0.0591231841888729
24436,0.173113266593733,0.181952767910705,0.342869862203683,0.302064103291879
24437,0.393498488876764,0.286998110337662,0.0503832845819698,0.269120116203605
24438,0.88174471882676,0.0307083173915411,0.0640106997683145,0.023536264013385
24439,0.0387208060856941,0.0199736300140631,0.75772882046486,0.183576743435383
24440,0.0536087504985988,0.524259644937927,0.0392086115169696,0.382922993046504
24441,0.448205457227226,0.134681006775737,0.0132040445075823,0.403909491489455
24442,0.830719993469134,0.0967354377326572,0.0425048204736695,0.0300397483245389
24443,0.718815892699613,0.0439046569226434,0.202790261517192,0.0344891888605522
24444,0.016533894983413,0.107731684643909,0.782099448122516,0.0936349722501623
24445,0.234615416596586,0.107415710394147,0.0423754643031955,0.615593408706071
24446,0.585237443697632,0.06730282065018,0.0314747090693928,0.315985026582795
24447,0.0921092575888531,0.863062682589167,0.0223177664691787,0.0225102933528016
24448,0.0535313898871752,0.687217316081841,0.056400471346239,0.202850822684745
24449,0.616142221767346,0.0455663667855084,0.0441676070803852,0.294123804366761
24450,0.0524348591109515,0.0789574316598307,0.387893683296311,0.480714025932907
24451,0.0304547880934546,0.0484328950668487,0.422605261926227,0.498507054913469
24452,0.137554064452647,0.0249642903330957,0.575179297868705,0.262302347345552
24453,0.234195785108954,0.0968085931136952,0.602537442947951,0.0664581788293999
24454,0.278143444893145,0.348115894708244,0.0508929744637535,0.322847685934858
24455,0.256526605660347,0.0421164425768126,0.374478890277106,0.326878061485735
24456,0.0490335233855542,0.0466982837527976,0.421622192124694,0.482646000736954
24457,0.1681051607503,0.0199230175038384,0.260147893488974,0.551823928256888
24458,0.0146902429971517,0.325243914580259,0.107782950015559,0.55228289240703
24459,0.0473020022837555,0.103746724769273,0.660233370186489,0.188717902760482
24460,0.0140340685098604,0.250722717773385,0.0955933660085593,0.639649847708195
24461,0.0265675963626128,0.0510067792204503,0.431321808236348,0.491103816180589
24462,0.139767421286455,0.288815534866566,0.0368251618633594,0.53459188198362
24463,0.228607853019556,0.591670497417767,0.070130641936021,0.109591007626655
24464,0.0619570034144447,0.138980959427088,0.311260492483001,0.487801544675466
24465,0.0733594395309689,0.750281744596729,0.0635846877058442,0.112774128166458
24466,0.29521565315552,0.309312637594093,0.0360488471205103,0.359422862129877
24467,0.0991648569427893,0.368534085903035,0.0157964125856655,0.51650464456851
24468,0.0448754955036975,0.470401302060375,0.0870623885512168,0.397660813884711
24469,0.0365286072191251,0.475514217365285,0.0275270773643773,0.460430098051212
24470,0.0571706035925254,0.0990469882253683,0.0327520911067463,0.81103031707536
24471,0.0711414697674211,0.596883600690121,0.0614443816518666,0.270530547890591
24472,0.516785926120942,0.0782276953678655,0.173596507288943,0.23138987122225
24473,0.221473268213598,0.153827971649529,0.358143181682145,0.266555578454727
24474,0.697435317113625,0.178486960666279,0.0277564224221158,0.0963212997979804
24475,0.019911405969404,0.61813634759652,0.250979410239838,0.110972836194238
24476,0.240324094689379,0.576041472263072,0.0663088196334606,0.117325613414089
24477,0.0386172066563231,0.473782860663069,0.368418785047284,0.119181147633325
24478,0.119313035709674,0.13752261320915,0.582121464356845,0.161042886724331
24479,0.037941502627976,0.0239236956809627,0.739992818344399,0.198141983346662
24480,0.746959903187693,0.0340760356196217,0.0517302888328878,0.167233772359797
24481,0.39732030097841,0.217801182503115,0.173068866352294,0.211809650166181
24482,0.81883527910307,0.0539989619682159,0.0241426039675547,0.10302315496116
24483,0.885146094307281,0.0399120891709701,0.034271203237873,0.0406706132838763
24484,0.0378655334133962,0.0644518356770163,0.849395122414711,0.0482875084948763
24485,0.608261526866191,0.100699048901139,0.199811425880456,0.0912279983522133
24486,0.210998393356806,0.347811300632552,0.116366642055493,0.324823663955149
24487,0.024728797933798,0.0659639488610821,0.770758536201083,0.138548717004037
24488,0.178995952969129,0.714699977857518,0.0551643663666216,0.0511397028067315
24489,0.101081955745864,0.442358887305647,0.242507126506009,0.214052030442479
24490,0.0696610037453678,0.184157140174461,0.605927531810521,0.140254324269651
24491,0.161883859406673,0.0611882287075004,0.101027014123289,0.675900897762538
24492,0.280691197450083,0.069118076953054,0.584197555739943,0.0659931698569198
24493,0.052973056499068,0.333726779988533,0.525219319558948,0.0880808439534506
24494,0.0257653368271243,0.481650215535713,0.401453564691366,0.0911308829457962
24495,0.152967732810804,0.628163641856267,0.0642511536488164,0.154617471684112
24496,0.114893941704028,0.213347544534987,0.402238775431627,0.269519738329359
24497,0.158926825505765,0.0538997611361259,0.659422044061695,0.127751369296415
24498,0.302549507838923,0.264769194421866,0.396298329419365,0.0363829683198468
24499,0.448470562909902,0.0470728095990171,0.28733153463849,0.217125092852591
24500,0.0747314060308667,0.727870732586566,0.0448772660949057,0.152520595287661
24501,0.287184148146125,0.349538064347036,0.0824767633907556,0.280801024116083
24502,0.54168492921742,0.120840480200566,0.0830824147237328,0.254392175858282
24503,0.0295414601431936,0.0961309713126171,0.263118376519208,0.611209192024981
24504,0.0533979283481506,0.719852759549661,0.0502235994219414,0.176525712680247
24505,0.111127161230575,0.40176562256977,0.126385400699826,0.360721815499829
24506,0.0885663967242775,0.0250610183394021,0.687628837784993,0.198743747151328
24507,0.0800069176836375,0.176949892557734,0.268485787382975,0.474557402375654
24508,0.709560451340869,0.105027716924989,0.13150296602289,0.0539088657112527
24509,0.150998062151771,0.0294593178535682,0.625511530055334,0.194031089939327
24510,0.05404414112886,0.0632513776207968,0.76107234585661,0.121632135393733
24511,0.187850806833996,0.679351968809811,0.0856510254646963,0.047146198891496
24512,0.297912591193936,0.0759305186493374,0.281377313193894,0.344779576962832
24513,0.512891392975273,0.118385211315472,0.109221165605722,0.259502230103534
24514,0.32171856068338,0.354588869261118,0.0891564103562888,0.234536159699214
24515,0.0797471479507997,0.312689163380934,0.331077192894314,0.276486495773952
24516,0.44223219523233,0.118110097164254,0.136197327089402,0.303460380514014
24517,0.488478350736038,0.323638182741573,0.0732404032080577,0.114643063314331
24518,0.0434157665984055,0.184546326704703,0.100874745538083,0.671163161158808
24519,0.0468458573784361,0.0931429746223974,0.766597755772667,0.0934134122264997
24520,0.0137860714526599,0.32792717024029,0.314778963638917,0.343507794668133
24521,0.0827214276282758,0.415527559744814,0.0601431382082254,0.441607874418685
24522,0.0517915046698425,0.163700326935602,0.533252575035233,0.251255593359323
24523,0.0315140533096321,0.18449423233329,0.501795784958437,0.282195929398641
24524,0.0759414897713476,0.0569144560772786,0.604328475811954,0.26281557833942
24525,0.0776054072848125,0.105420834507285,0.0600409262599156,0.756932831947987
24526,0.606541787166101,0.0995936094702489,0.184029881527925,0.109834721835726
24527,0.0753680124169605,0.0209848560352936,0.56553599574231,0.338111135805436
24528,0.765227957537823,0.114895751443332,0.0409064127653957,0.0789698782534499
24529,0.0794891467322559,0.0657249176184399,0.349563775310672,0.505222160338632
24530,0.276212528730527,0.187854464573714,0.319500633511528,0.216432373184231
24531,0.0840644235015662,0.614917131271464,0.151624008520039,0.149394436706931
24532,0.217238599626941,0.194164431544457,0.511688027440867,0.0769089413877356
24533,0.340177675864847,0.255952199534025,0.0679369081663654,0.335933216434763
24534,0.0365604972951597,0.670891785933164,0.05691668125698,0.235631035514697
24535,0.804471810025643,0.0473178942117776,0.0483165056944616,0.0998937900681178
24536,0.0833691729053975,0.248752092462296,0.407505485547214,0.260373249085093
24537,0.403728058487324,0.165647498166812,0.048102701743894,0.38252174160197
24538,0.128117357800494,0.635723744959035,0.0357439401953709,0.2004149570451
24539,0.400306571387735,0.104190450915432,0.0846868739657586,0.410816103731074
24540,0.571898268269054,0.0809349299000854,0.235214029864337,0.111952771966524
24541,0.520221300752311,0.0951565939411942,0.158949543457628,0.225672561848867
24542,0.0727805840725784,0.531263897966058,0.0497363179490842,0.34621920001228
24543,0.0113010062371992,0.117738456225987,0.818241273457217,0.0527192640795962
24544,0.0527836419009919,0.599535320521808,0.168876667849634,0.178804369727566
24545,0.231557051916142,0.0841394150898868,0.519595832429572,0.164707700564399
24546,0.030423898178641,0.594536733004908,0.187871085008264,0.187168283808187
24547,0.294219793530452,0.395280135434116,0.0811629674861136,0.229337103549318
24548,0.0237578473666005,0.40312822325529,0.345811239023547,0.227302690354562
24549,0.668072759605406,0.167948074661011,0.0707066935415202,0.0932724721920627
24550,0.115241095372803,0.498308102611263,0.317005629476455,0.0694451725394798
24551,0.0324299797260129,0.501280351074309,0.126487390588043,0.339802278611635
24552,0.0492133395326611,0.430127478259678,0.0844508837061154,0.436208298501546
24553,0.525589445865698,0.112107309467004,0.112419715524473,0.249883529142825
24554,0.303613682861604,0.121631738216335,0.323626344389849,0.251128234532212
24555,0.144646034133141,0.578494694973778,0.120071121452894,0.156788149440188
24556,0.566664744212995,0.221727303181064,0.0238262173417334,0.187781735264208
24557,0.193598342354364,0.221466761209684,0.313285180184047,0.271649716251905
24558,0.111813525387888,0.575130901307612,0.0207340351115685,0.292321538192931
24559,0.0754066622707554,0.688881129343559,0.141633225365153,0.0940789830205321
24560,0.0652800672933354,0.295433368578124,0.0771530019312228,0.562133562197318
24561,0.186108635156462,0.0901935753875423,0.060298851506958,0.663398937949038
24562,0.470527869952254,0.312423770166853,0.0778702934086431,0.13917806647225
24563,0.0100056893324377,0.477113763724752,0.0532709586820912,0.459609588260719
24564,0.0184682812303331,0.3568640566238,0.0444796662534649,0.580187995892402
24565,0.0403970305980114,0.310652060092044,0.210159432328133,0.438791476981811
24566,0.132647304605704,0.666296643799282,0.0435302769624746,0.157525774632539
24567,0.160462248677221,0.26791785114793,0.448084995322006,0.123534904852842
24568,0.336153669257256,0.42040043476752,0.0888789144366993,0.154566981538525
24569,0.187873714058156,0.130115674557417,0.423869372699436,0.258141238684992
24570,0.0964921705297221,0.507579258967548,0.187750637119486,0.208177933383244
24571,0.0437832626588155,0.450038855128397,0.226508961520061,0.279668920692727
24572,0.18440581372936,0.195893217573106,0.347484737744982,0.272216230952552
24573,0.0750551861574278,0.216307417585858,0.546406474324257,0.162230921932457
24574,0.0962154067103133,0.359584939621444,0.405638934573319,0.138560719094923
24575,0.245273894411282,0.134486343065016,0.228945972074771,0.391293790448931
24576,0.0409964242770636,0.165878093305341,0.70977892449475,0.0833465579228454
24577,0.112494434751267,0.234800217846537,0.31614507795419,0.336560269448006
24578,0.226659631594109,0.152896019939031,0.289745255428406,0.330699093038454
24579,0.352120702944418,0.472438049924457,0.0665697232181622,0.108871523912963
24580,0.24269395428335,0.0755444843231766,0.435253991215006,0.246507570178468
24581,0.227848943208447,0.0647638991516198,0.638326834252423,0.0690603233875108
24582,0.0594381009692962,0.120676775479695,0.650686436841424,0.169198686709584
24583,0.0100350110995314,0.154373321082661,0.632814881185671,0.202776786632137
24584,0.0342512723488296,0.0919322789256932,0.820070615144179,0.0537458335812986
24585,0.116045687642965,0.376728936157414,0.0386205406797287,0.468604835519893
24586,0.0590775484366409,0.0669289468570752,0.460396428546823,0.413597076159461
24587,0.284992863377362,0.313223873403681,0.146177935890804,0.255605327328152
24588,0.407342810711999,0.165522805124812,0.194179694676392,0.232954689486797
24589,0.0654859950444068,0.49971780171748,0.233544880818432,0.201251322419681
24590,0.577723594405769,0.182212273735471,0.0892271775633902,0.15083695429537
24591,0.330944447491087,0.255720271099313,0.163795319414687,0.249539961994914
24592,0.410953835088344,0.260971586501387,0.0211531546342201,0.306921423776048
24593,0.443266293678106,0.202245441548147,0.0827744815273694,0.271713783246378
24594,0.0673707064492463,0.376763490720142,0.190615443104543,0.365250359726069
24595,0.297230366127063,0.331573741675387,0.300969659785094,0.0702262324124557
24596,0.191763235182478,0.353272659748769,0.0287042872466098,0.426259817822143
24597,0.325714473905925,0.458002393579371,0.125595017940364,0.0906881145743398
24598,0.229573823287253,0.280805377712727,0.0355759572457348,0.454044841754286
24599,0.203803788116615,0.362493800308008,0.117626787654589,0.316075623920788
24600,0.141716568719625,0.347253977894734,0.1654518976926,0.345577555693041
24601,0.106618790247474,0.13234703447257,0.603246945281313,0.157787229998644
24602,0.212594804218109,0.524477116918786,0.0629753868180068,0.199952692045098
24603,0.0278228051317033,0.0919564876100703,0.418576657365503,0.461644049892723
24604,0.229690431492503,0.284825512064938,0.320448820742566,0.165035235699993
24605,0.537275756090158,0.0573992285087891,0.0803737864915483,0.324951228909505
24606,0.0799484725876927,0.612302997210027,0.196382016493141,0.111366513709139
24607,0.458779108168266,0.1900003476918,0.220945607780465,0.13027493635947
24608,0.17586423872663,0.357927226486885,0.11358970688651,0.352618827899976
24609,0.675628032550804,0.0955921160674066,0.0642241910109195,0.16455566037087
24610,0.0938577775096784,0.094511081576996,0.139324487685853,0.672306653227473
24611,0.065871607318608,0.323554949264778,0.130976959389655,0.479596484026959
24612,0.058401698388352,0.725266547768737,0.0521704540181119,0.164161299824799
24613,0.112597690262498,0.155511306756933,0.619824030647561,0.112066972333008
24614,0.0980628119144709,0.111009103144418,0.66221608574139,0.128711999199721
24615,0.469856968459086,0.235708700628857,0.0224190528146666,0.272015278097391
24616,0.209377699718811,0.130921489285791,0.396421069117213,0.263279741878184
24617,0.373286752690673,0.143271357310182,0.396003396616772,0.0874384933823731
24618,0.447460132172002,0.0542082348152521,0.427354471019838,0.0709771619929084
24619,0.0675647991949094,0.252078557863154,0.41764970658907,0.262706936352866
24620,0.188659730638683,0.216112890399478,0.0803266848370039,0.514900694124835
24621,0.0908597076768114,0.121307538467014,0.365443875398462,0.422388878457713
24622,0.0451569769129845,0.20222164427709,0.198789553548524,0.553831825261402
24623,0.183591448560904,0.0619490713682559,0.382255834553972,0.372203645516868
24624,0.211917603671376,0.155592561151985,0.326976327766425,0.305513507410215
24625,0.338255711469518,0.0689411985321389,0.397857068073468,0.194946021924875
24626,0.505596993702601,0.157129721683656,0.107630357332819,0.229642927280924
24627,0.210146547109828,0.215677896378477,0.0632320238983633,0.510943532613332
24628,0.708183379249984,0.0567175876531469,0.0423677102924043,0.192731322804465
24629,0.0423298705781025,0.671770874335226,0.0721050321048352,0.213794222981836
24630,0.0950199599998023,0.17009240021462,0.0893093590347285,0.64557828075085
24631,0.369371595494408,0.204947377535725,0.0798901109773789,0.345790915992488
24632,0.0691442827928095,0.365258941961413,0.322174359942329,0.243422415303449
24633,0.171086419100339,0.0424511390600124,0.581352407953974,0.205110033885674
24634,0.123021897931871,0.0202368478833301,0.591229791741586,0.265511462443214
24635,0.554535879259164,0.0707765807659634,0.12368928652461,0.250998253450263
24636,0.214839582033025,0.471399758068403,0.0904885093412802,0.223272150557292
24637,0.150786090567546,0.0977364254447073,0.617081632712316,0.13439585127543
24638,0.0656797260538392,0.430574360379628,0.0482851981178498,0.455460715448684
24639,0.432220051702444,0.249492412558395,0.0529647820872643,0.265322753651897
24640,0.691778027440346,0.118497305085622,0.088612797595047,0.101111869878985
24641,0.214700067709713,0.605884381198888,0.0280488008039685,0.151366750287431
24642,0.140596927179657,0.0804875984272778,0.521566623995614,0.257348850397451
24643,0.0221606225247003,0.0497226518521928,0.533860996966328,0.394255728656779
24644,0.0275218895916011,0.415013366136439,0.281032629465819,0.276432114806141
24645,0.128518189482194,0.634757857060243,0.033975132283325,0.202748821174238
24646,0.247649581400711,0.162794751667196,0.313063047709343,0.276492619222751
24647,0.346178366545497,0.465401140491026,0.154525393046406,0.0338950999170704
24648,0.0761748743639864,0.0663811383212395,0.610976174449425,0.246467812865349
24649,0.0802358128421925,0.134855060862036,0.589861860957462,0.19504726533831
24650,0.0199732248377869,0.931290567008743,0.00990734084533783,0.0388288673081327
24651,0.486307870848375,0.0570682978296378,0.0272834665130735,0.429340364808913
24652,0.254127828756348,0.0683555479113066,0.528077378127453,0.149439245204893
24653,0.558758634011629,0.159248620315381,0.123983011774784,0.158009733898206
24654,0.0244274904495607,0.47215884676548,0.0380363086601115,0.465377354124848
24655,0.256876143617137,0.151962142893812,0.373092640186456,0.218069073302594
24656,0.156439419536898,0.508479455283281,0.229788461931886,0.105292663247935
24657,0.249074864478226,0.156667601913558,0.0304749272760826,0.563782606332134
24658,0.0473067854208666,0.311463112415479,0.569427297560371,0.0718028046032832
24659,0.0177985991635992,0.133375805414181,0.582066975060644,0.266758620361576
24660,0.144182567065112,0.297782048957596,0.244795082498261,0.313240301479032
24661,0.193158895368097,0.612194260292896,0.0938471290498824,0.100799715289125
24662,0.0282760421395357,0.100724054702033,0.607551803325017,0.263448099833415
24663,0.0741935006818177,0.190060152991394,0.625752503176399,0.109993843150389
24664,0.0916092066512736,0.250773857747812,0.374753776637512,0.282863158963402
24665,0.43073318522957,0.0548266947189037,0.285991302714308,0.228448817337218
24666,0.150343290533084,0.527821234270533,0.103593008165979,0.218242467030405
24667,0.0430999604400493,0.360384389327796,0.408478607639947,0.188037042592208
24668,0.166813223192093,0.06281839688687,0.694525644951692,0.0758427349693454
24669,0.069120332524283,0.197225285879189,0.310185007312758,0.423469374283771
24670,0.535587652543587,0.0571749143457272,0.232278394210357,0.174959038900329
24671,0.0401089979475243,0.249698370968122,0.662898972763913,0.0472936583204413
24672,0.114146523277319,0.435514005595409,0.35951996936655,0.0908195017607223
24673,0.150776906050521,0.0538420576831635,0.685834297678643,0.109546738587672
24674,0.0757878803431906,0.692193985321148,0.0254398600309413,0.20657827430472
24675,0.043130950550487,0.033194796160374,0.783999045185153,0.139675208103986
24676,0.167335342515113,0.651462889251268,0.107811222968501,0.0733905452651171
24677,0.0360079552538253,0.0463532654532522,0.19254376055426,0.725095018738662
24678,0.256904730252631,0.160447835616475,0.159250068240017,0.423397365890876
24679,0.153890400190668,0.373214204014016,0.0636947179152806,0.409200677880035
24680,0.0326761270169328,0.376231338852424,0.203022883351618,0.388069650779025
24681,0.306452151145655,0.179106775011482,0.0408168891584202,0.473624184684442
24682,0.423051248596028,0.427015549559952,0.107995976810016,0.0419372250340039
24683,0.0975686361660299,0.242085296930294,0.436322014329185,0.224024052574491
24684,0.0572228025800834,0.230758673350138,0.564833868291372,0.147184655778407
24685,0.709112474310046,0.0809108114959408,0.094365162147431,0.115611552046582
24686,0.541986377433246,0.126022697759847,0.108570146204475,0.223420778602431
24687,0.183610315399037,0.272010676676344,0.206463784869498,0.337915223055121
24688,0.153406970319918,0.353386033378828,0.121953988781532,0.371253007519722
24689,0.187822486546786,0.298914377376059,0.460666242819379,0.0525968932577752
24690,0.815959729046338,0.0549109950169775,0.0515967719615029,0.077532503975182
24691,0.282335196874855,0.447545628868494,0.0708002037713557,0.199318970485296
24692,0.683788799877035,0.165075722239452,0.0501469931162651,0.100988484767249
24693,0.177156559233799,0.109499640525584,0.517170231225058,0.19617356901556
24694,0.102074290065576,0.195156931646221,0.507893427946484,0.194875350341719
24695,0.0935455429028872,0.812988989582447,0.0327154638185393,0.0607500036961266
24696,0.181088398390547,0.273985569321343,0.103023586940604,0.441902445347506
24697,0.124771594705367,0.165354028627111,0.282497249615319,0.427377127052204
24698,0.175910543391326,0.589078247828904,0.197645749179832,0.0373654595999382
24699,0.0980918518571375,0.136896637124601,0.676317271414846,0.0886942396034155
24700,0.0878137687554077,0.517110570643706,0.110477834603687,0.284597825997199
24701,0.0663038889320961,0.078415162832464,0.681221966103912,0.174058982131528
24702,0.0990519983934116,0.7437016223274,0.064257583095936,0.0929887961832526
24703,0.22596156396696,0.304217318826934,0.325468424661047,0.144352692545059
24704,0.0175321728824835,0.555246198110848,0.24044449508017,0.186777133926499
24705,0.674570500561293,0.189347973875249,0.0363211488587527,0.0997603767047056
24706,0.250664192806936,0.38163750043615,0.208378846194484,0.159319460562431
24707,0.251168618797429,0.0589466781981083,0.115065817294254,0.574818885710209
24708,0.686336710568581,0.0161333023518041,0.0938449119320424,0.203685075147573
24709,0.0213390478554263,0.078750281851669,0.80758193580703,0.0923287344858748
24710,0.352083656656073,0.225486289726736,0.190527145019363,0.231902908597828
24711,0.454442785594998,0.12341237681919,0.189932107728344,0.232212729857467
24712,0.319039499088781,0.351697909717772,0.0405497429938715,0.288712848199576
24713,0.0467437252145127,0.592734864663145,0.0603233613913679,0.300198048730975
24714,0.289926601465779,0.309895610413252,0.0969545735654214,0.303223214555547
24715,0.0312336468425178,0.318641671753673,0.0791956024574242,0.570929078946385
24716,0.495396880993684,0.225268976457171,0.0430197549035163,0.236314387645629
24717,0.112690103084472,0.653261739705092,0.0910210725869029,0.143027084623534
24718,0.125359848234259,0.622479908886796,0.0512649610127247,0.20089528186622
24719,0.214127833504346,0.117743401162309,0.0733152692040969,0.594813496129248
24720,0.118162554717637,0.445180708589604,0.189670979008705,0.246985757684054
24721,0.376167063044316,0.420770913279917,0.0536759541458468,0.14938606952992
24722,0.0582802330566654,0.622425363239984,0.226118054954952,0.0931763487483996
24723,0.487236626049924,0.179785966080619,0.143290250158216,0.189687157711242
24724,0.218486795535713,0.322382702025244,0.315388485304998,0.143742017134045
24725,0.489958121524486,0.246375775285156,0.0638851407932479,0.19978096239711
24726,0.311286528183855,0.223367801581968,0.299626398146853,0.165719272087324
24727,0.0509490378380035,0.0971240882543361,0.483634519769958,0.368292354137702
24728,0.429740509819095,0.24987931587674,0.0920158673512472,0.228364306952918
24729,0.263044101733428,0.109375114898088,0.436939992577852,0.190640790790633
24730,0.0820457887840689,0.184118039631331,0.316802609567479,0.417033562017121
24731,0.109310369899494,0.585043671713732,0.129160250563628,0.176485707823146
24732,0.40615371855799,0.122139120542146,0.224942072784077,0.246765088115787
24733,0.0375945336677175,0.164604115081644,0.270522326665577,0.527279024585062
24734,0.128246007291669,0.237533712624136,0.0418348899394423,0.592385390144753
24735,0.0499742053998402,0.0576025752302763,0.378391790698565,0.514031428671319
24736,0.0288906178390803,0.621084320550538,0.0894378826100491,0.260587179000333
24737,0.506368568276339,0.112391093630339,0.138559872796583,0.242680465296739
24738,0.0731430284128835,0.535552417810116,0.0903698629568636,0.300934690820137
24739,0.408213230702817,0.0490223088736027,0.294840921172916,0.247923539250665
24740,0.188303313486217,0.45702410385974,0.0632860800118016,0.291386502642242
24741,0.101092112029293,0.337000747598492,0.466615832190347,0.0952913081818677
24742,0.258371596075679,0.329545651872009,0.135592272993879,0.276490479058434
24743,0.19617168116303,0.383747689115057,0.119062676212999,0.301017953508914
24744,0.415225183910273,0.0432611517708077,0.29935519668679,0.242158467632129
24745,0.130554405994337,0.0650848835675621,0.0749622882950194,0.729398422143081
24746,0.0820841615314314,0.34576961404264,0.0285308416712674,0.543615382754661
24747,0.0389827078149317,0.356093361221723,0.172287754630962,0.432636176332382
24748,0.0244271749283244,0.0475914351435213,0.608333035868325,0.319648354059829
24749,0.190144020279625,0.328309913134417,0.237188658780716,0.244357407805242
24750,0.23328605731779,0.262433136838525,0.364754841564784,0.139525964278902
24751,0.439034316515154,0.164246957532045,0.0542269840638,0.342491741889
24752,0.150595411118418,0.470962020465373,0.0582179041122253,0.320224664303984
24753,0.167756699426532,0.0444537117282176,0.448230637475997,0.339558951369253
24754,0.223290678532882,0.357560728222021,0.0970494890861209,0.322099104158976
24755,0.080988290729161,0.177723073814846,0.49299613446873,0.248292500987263
24756,0.158180014192661,0.21202006800751,0.323028196019355,0.306771721780474
24757,0.10329191507566,0.0726563826146739,0.0588583456401633,0.765193356669503
24758,0.157232046415832,0.0675676289689013,0.500465731088058,0.274734593527209
24759,0.124720445510732,0.147419466357672,0.275317776912131,0.452542311219465
24760,0.219134199387502,0.259479823650586,0.168836963556741,0.352549013405171
24761,0.324900752090486,0.116977960072003,0.286262678178642,0.271858609658868
24762,0.132235172005498,0.427620171489695,0.107506748439189,0.332637908065619
24763,0.0890872177396504,0.623878017702246,0.0992354541878521,0.187799310370252
24764,0.660068237996143,0.0341832090294373,0.0226477308576724,0.283100822116748
24765,0.334379444721177,0.193609188544536,0.256544491272619,0.215466875461668
24766,0.0306395184222045,0.38132299170314,0.300285019156482,0.287752470718174
24767,0.12870623866267,0.111290919258365,0.0846332738531039,0.675369568225861
24768,0.1552269446107,0.355741610140519,0.155841833841458,0.333189611407322
24769,0.272227378295526,0.0739937926526595,0.576821206622806,0.0769576224290091
24770,0.150762132379141,0.329246427838857,0.0453909037813505,0.474600536000651
24771,0.0972478372067572,0.0774543605419452,0.492603741097795,0.332694061153502
24772,0.19714746546233,0.195260606875003,0.0683666109627852,0.539225316699882
24773,0.0477836544187,0.285254772641821,0.573697183918976,0.0932643890205031
24774,0.404003003865622,0.112986232599005,0.0508515302520148,0.432159233283358
24775,0.098675975059824,0.562462788107877,0.0749255021474846,0.263935734684814
24776,0.643467199166788,0.037017150821901,0.109507945757226,0.210007704254085
24777,0.447341097834502,0.299755820857528,0.130891452778722,0.122011628529249
24778,0.364761438511883,0.260493436753155,0.108979380181305,0.265765744553657
24779,0.0571283586645029,0.239836277988953,0.299945515537058,0.403089847809486
24780,0.724697848386078,0.0869300273462306,0.134247807963638,0.0541243163040532
24781,0.0434486349284709,0.111686823941528,0.804546390156069,0.0403181509739323
24782,0.594279081370328,0.0420753631147434,0.0534371849293507,0.310208370585579
24783,0.0197429458933482,0.168004050761981,0.569525738417173,0.242727264927497
24784,0.18962365334662,0.111175011730255,0.251528904180168,0.447672430742957
24785,0.0423418234864761,0.208585381697006,0.0860804523660764,0.662992342450442
24786,0.1679821195277,0.142859434239075,0.401187787103491,0.287970659129734
24787,0.286346160637246,0.215902396752046,0.206229162648341,0.291522279962368
24788,0.0766087273399581,0.178519302990644,0.459902880393535,0.284969089275863
24789,0.555657787875702,0.133316165184264,0.0356373850638547,0.27538866187618
24790,0.0970690907571716,0.129251827588241,0.458102240404083,0.315576841250505
24791,0.185951124148775,0.0630660203078726,0.348377919335396,0.402604936207956
24792,0.180508410556641,0.135570207673234,0.204878948230489,0.479042433539636
24793,0.0636270248136171,0.0593025930094322,0.646921067683142,0.230149314493808
24794,0.0592997076826966,0.748330548990881,0.072180428037053,0.12018931528937
24795,0.314162819848373,0.132640645601457,0.0597893436425285,0.493407190907641
24796,0.467491285439722,0.390848800238825,0.0913670926184786,0.0502928217029747
24797,0.118250180901145,0.681354606592256,0.117191984910601,0.083203227595998
24798,0.0286733162051186,0.100884541525478,0.725218246191254,0.145223896078149
24799,0.327366119547679,0.164959555045383,0.155685503906529,0.35198882150041
24800,0.0428930975330532,0.140681253989784,0.558424132054186,0.258001516422976
24801,0.666420454337397,0.0993607366443396,0.167993585129742,0.0662252238885216
24802,0.277871309759928,0.221642102174153,0.179997260421721,0.320489327644198
24803,0.033638635386769,0.133382416569015,0.698226134631508,0.134752813412708
24804,0.626594025843984,0.0927923496232301,0.171428730573514,0.109184893959272
24805,0.193603059504811,0.230562553575602,0.0727855474947206,0.503048839424866
24806,0.0978277913172962,0.485671328690478,0.0359446435428942,0.380556236449332
24807,0.514607627602163,0.376314051870694,0.0541930346885674,0.054885285838576
24808,0.577964691505497,0.0861115475354073,0.114345128768521,0.221578632190575
24809,0.760549256222781,0.0183800423249304,0.0337186686961398,0.187352032756148
24810,0.177000570831761,0.283615258430762,0.080200561519775,0.459183609217702
24811,0.135189496837405,0.0317688357840583,0.748074758610201,0.084966908768336
24812,0.0787759473715778,0.0597576811615886,0.699809412863237,0.161656958603597
24813,0.246907177122511,0.0764126885174073,0.484660427257727,0.192019707102355
24814,0.226105649056615,0.393053628196199,0.0321346430882768,0.34870607965891
24815,0.415669041498419,0.133395533812721,0.285590319388334,0.165345105300526
24816,0.21757236056742,0.117226381664089,0.313288062087188,0.351913195681304
24817,0.120007603062812,0.4258591739626,0.125320281970878,0.32881294100371
24818,0.431427089634735,0.217510701867885,0.268169121102373,0.0828930873950073
24819,0.105170467953546,0.441790192251749,0.341838867422917,0.111200472371789
24820,0.390053511752025,0.199641170729433,0.0456474004158031,0.364657917102739
24821,0.469703439507813,0.0946944307227113,0.0643463856538441,0.371255744115631
24822,0.0445594951288883,0.543578082871946,0.12576573544502,0.286096686554146
24823,0.075208691061407,0.286977046474399,0.486471700781348,0.151342561682846
24824,0.162458425051082,0.0312527116157805,0.297672800438829,0.508616062894309
24825,0.58458584594959,0.1720740226382,0.0411298130414358,0.202210318370774
24826,0.0690111744559944,0.0416969420503222,0.68507181269716,0.204220070796523
24827,0.189270375574075,0.618356157150273,0.0927480779915658,0.0996253892840869
24828,0.101030620453731,0.811239418555369,0.037552784106511,0.05017717688439
24829,0.235150265801488,0.0624160516699795,0.101422090134412,0.601011592394121
24830,0.0568387478228112,0.76562347845075,0.116896266734959,0.0606415069914799
24831,0.053996931795426,0.387133665303559,0.0665546281142792,0.492314774786736
24832,0.111945478174043,0.14345054063586,0.280201737063899,0.464402244126197
24833,0.210214629641907,0.23618864201972,0.429695368977469,0.123901359360904
24834,0.142752590023379,0.132155773578811,0.247674811667821,0.477416824729989
24835,0.155417975798311,0.265578587803865,0.25090406108328,0.328099375314544
24836,0.166400622526346,0.219678479316184,0.329142293070167,0.284778605087303
24837,0.678621387118124,0.01072400097057,0.0941480732772806,0.216506538634026
24838,0.0990704383122753,0.409981496534752,0.115558262960442,0.375389802192531
24839,0.632938097219261,0.190012839369813,0.103746278365633,0.0733027850452944
24840,0.654696644297265,0.112440876259532,0.0960306306810554,0.136831848762148
24841,0.0499266268593401,0.691037718650639,0.2074350171603,0.0516006373297207
24842,0.123429620659234,0.246063913297006,0.0831884457647809,0.54731802027898
24843,0.165108036400319,0.0610215758859853,0.454092614377763,0.319777773335932
24844,0.776731524617971,0.0631305341012179,0.105956876037216,0.0541810652435952
24845,0.702649079953198,0.0431386760406733,0.0371198086181046,0.217092435388024
24846,0.161733527636026,0.601008117692818,0.0373177293182334,0.199940625352922
24847,0.0825115002919573,0.0652455587463787,0.659278038534734,0.19296490242693
24848,0.0831314478437674,0.181343545347199,0.101917679880136,0.633607326928898
24849,0.360757795270342,0.10314921008171,0.0686795129442727,0.467413481703675
24850,0.102857233445651,0.585252513683275,0.040515544162326,0.271374708708748
24851,0.210333417280631,0.0648559883932566,0.307978051485112,0.416832542841001
24852,0.6399830837056,0.0439925379130503,0.0420824595000667,0.273941918881283
24853,0.310049094675549,0.0742377211864149,0.326008520253668,0.289704663884368
24854,0.433565088363727,0.0853633043651221,0.23753069743546,0.243540909835692
24855,0.0817671031750732,0.122664387154015,0.514002787863477,0.281565721807435
24856,0.1156809155314,0.600947291079456,0.0688999957927789,0.214471797596365
24857,0.124893876458083,0.22337052929449,0.42907100889845,0.222664585348978
24858,0.117215085239417,0.441877677610385,0.226863913955561,0.214043323194638
24859,0.102307641755783,0.371436122535174,0.0224925039540682,0.503763731754974
24860,0.0986280610618008,0.103373464687108,0.7043835963194,0.0936148779316916
24861,0.366589433430804,0.0938202937139632,0.13512937908238,0.404460893772853
24862,0.047353009913497,0.757835155748492,0.0870764533985756,0.107735380939436
24863,0.436181116331234,0.080836695406988,0.128150736097798,0.35483145216398
24864,0.0993686639113471,0.0772142447916017,0.482213758271033,0.341203333026018
24865,0.0930256069847445,0.055840299440049,0.579314171142238,0.271819922432968
24866,0.8420963092712,0.0508981955247519,0.055084286443004,0.051921208761044
24867,0.480362127489946,0.0514541722408549,0.142821965528668,0.325361734740531
24868,0.472966981782326,0.0457540131107537,0.162283952063423,0.318995053043498
24869,0.380148073367489,0.0479039515070897,0.152738262775676,0.419209712349745
24870,0.577073072378574,0.0814083694760194,0.14072627032924,0.200792287816167
24871,0.105234547116193,0.02220410463521,0.550607563033334,0.321953785215264
24872,0.236628689432138,0.16888256307687,0.345049586469501,0.249439161021491
24873,0.660113266273675,0.208917149583092,0.0332625098465188,0.0977070742967142
24874,0.0223045135243712,0.60528583889232,0.2638691612044,0.108540486378909
24875,0.258262779230136,0.55249620025304,0.0778406802046205,0.111400340312204
24876,0.0466271960213727,0.460031299452294,0.37404138225035,0.119300122275984
24877,0.123990564984841,0.159399084563344,0.555095068990179,0.161515281461636
24878,0.0416096657455344,0.0284994724007216,0.737661962181051,0.192228899672693
24879,0.741522069603163,0.0384177444681965,0.0599838680964852,0.160076317832156
24880,0.37455955891539,0.230462716511921,0.193446415329698,0.201531309242991
24881,0.809195190071734,0.0643123031076314,0.028154251062278,0.0983382557583568
24882,0.867731744006409,0.0493101492971486,0.0406355023950119,0.0423226043014301
24883,0.0464340119614995,0.0761925529995369,0.826709442591903,0.0506639924470603
24884,0.57760390706638,0.120703717150407,0.20895027189971,0.0927421038835031
24885,0.205252177789197,0.356604682383668,0.127242787532023,0.310900352295111
24886,0.0289202740699992,0.0783731764165831,0.749231697900257,0.143474851613161
24887,0.198128869075467,0.682509167627297,0.0670738609648972,0.0522881023323386
24888,0.107532052982492,0.456426459908995,0.231430523843583,0.20461096326493
24889,0.0814636111443151,0.207224606470981,0.573515420004918,0.137796362379787
24890,0.18513857480318,0.071207252987209,0.116810518961041,0.62684365324857
24891,0.423371500811801,0.163707807725189,0.129003893222105,0.283916798240905
24892,0.368896757833197,0.0855541025134756,0.213449824928706,0.332099314724621
24893,0.412718887613502,0.150096061605356,0.185121661807811,0.252063388973332
24894,0.112199603496406,0.443334478801143,0.190380298602201,0.254085619100249
24895,0.0351371386470922,0.117387223085509,0.305738788263209,0.54173685000419
24896,0.0377108634006447,0.218647256317982,0.238350657686754,0.50529122259462
24897,0.185089826029256,0.0739375072533913,0.627865979535732,0.113106687181621
24898,0.184947864194177,0.13935146108272,0.231784493131001,0.443916181592102
24899,0.0249995169814122,0.248257945769245,0.572136906753682,0.154605630495661
24900,0.0399178752723725,0.145122806658895,0.303914840702185,0.511044477366548
24901,0.283970355155182,0.115876959131424,0.253909764793931,0.346242920919463
24902,0.391665501070212,0.0820241241167175,0.144101668021417,0.382208706791653
24903,0.137835841457445,0.0740761098084261,0.223421998688611,0.564666050045519
24904,0.0645705977794565,0.29697694763618,0.0470867218861315,0.591365732698232
24905,0.0396109322881561,0.0722483633655422,0.830240321731162,0.0579003826151396
24906,0.236902251492017,0.0944366560431277,0.353687596339707,0.314973496125149
24907,0.283756334814622,0.0559931297939886,0.0635431174082439,0.596707417983145
24908,0.0290664268966964,0.21286646654883,0.654913005035914,0.10315410151856
24909,0.084303843211441,0.307894089962375,0.213907431946018,0.393894634880167
24910,0.136782968373509,0.285381061984102,0.36278489623691,0.215051073405479
24911,0.126353416118221,0.737097404342161,0.0511350722613023,0.0854141072783158
24912,0.0332940286057327,0.22806930029481,0.459100788732253,0.279535882367204
24913,0.0336268631581504,0.599792919983129,0.0522856354732944,0.314294581385426
24914,0.354869565124902,0.087665640538124,0.195618788007862,0.361846006329112
24915,0.0216216638632084,0.470993281417771,0.151340317112945,0.356044737606076
24916,0.635368438203837,0.119565320616336,0.0754658174478773,0.16960042373195
24917,0.0744599043524727,0.0385348984298174,0.347318167075378,0.539687030142332
24918,0.129123350266197,0.0573147751134292,0.18164552451658,0.631916350103794
24919,0.0509747958988991,0.292116477436844,0.447593627866889,0.209315098797368
24920,0.0429467413182911,0.441695708090076,0.450011939161704,0.0653456114299289
24921,0.742084514736776,0.120857017566522,0.0226046837846875,0.114453783912014
24922,0.416363455762779,0.0784265652308599,0.0479769634128845,0.457233015593476
24923,0.0475903659370288,0.0844930310037822,0.731258493842638,0.136658109216551
24924,0.0658284170622238,0.207204986086362,0.38915331314703,0.337813283704384
24925,0.146013588315675,0.679496974703787,0.109067103918392,0.0654223330621447
24926,0.144478476682922,0.119702138314489,0.486090951408789,0.249728433593799
24927,0.0985205643438282,0.450764546609467,0.0555346553979572,0.395180233648748
24928,0.0395540712713037,0.212668641412367,0.227500238259044,0.520277049057286
24929,0.252289326879847,0.393334606530658,0.150794675521265,0.20358139106823
24930,0.29537182485039,0.37528399016582,0.14071855893065,0.188625626053141
24931,0.220349871726447,0.205194183959319,0.304193868009542,0.270262076304692
24932,0.0502237400723158,0.246393084942294,0.492849587432601,0.210533587552789
24933,0.228087042315242,0.544237116896493,0.0454905587549913,0.182185282033274
24934,0.46613920361292,0.26770264966438,0.0564195004491138,0.209738646273586
24935,0.117838570943728,0.585826104570646,0.155922350538749,0.140412973946878
24936,0.349703983216631,0.135960654548337,0.336800622739095,0.177534739495937
24937,0.0973247121505295,0.61697893435042,0.235783707634906,0.0499126458641444
24938,0.575415290519832,0.149040760995682,0.175255401277796,0.10028854720669
24939,0.0875574775214315,0.207063059910127,0.609717874255017,0.0956615883134255
24940,0.488943253862546,0.289892004901018,0.0853947211691716,0.135770020067265
24941,0.197786432192066,0.402269771883344,0.153730582003436,0.246213213921154
24942,0.572362101869626,0.143435612368415,0.117077620727734,0.167124665034226
24943,0.303861329100371,0.121930804387937,0.115043835465981,0.459164031045712
24944,0.615093389124373,0.233547450414069,0.0786986220009769,0.072660538460582
24945,0.0578709850395989,0.0531269534659267,0.413522004528923,0.475480056965552
24946,0.0534811317465298,0.423396365794323,0.037228303308073,0.485894199151074
24947,0.422701100289249,0.122306571651695,0.127650974500612,0.327341353558444
24948,0.624882508244429,0.189858530502069,0.10031993762766,0.0849390236258425
24949,0.146541080029492,0.486410270910396,0.303388432961286,0.0636602160988258
24950,0.0419665012073054,0.488692466939949,0.179041544737055,0.29029948711569
24951,0.0659635695971264,0.463686538231697,0.108953945634289,0.361395946536887
24952,0.506401596498633,0.148468931470623,0.124974639324524,0.22015483270622
24953,0.302236293326701,0.148615235352782,0.350024696662006,0.199123774658511
24954,0.158203351111268,0.547224984676667,0.157423301595044,0.137148362617021
24955,0.541613416491378,0.267175798844781,0.0303616751060163,0.160849109557825
24956,0.218321170511572,0.252972948822271,0.310418371132258,0.218287509533899
24957,0.14558186225958,0.575750615421051,0.02585647675945,0.252811045559919
24958,0.0946442393042121,0.647535581060162,0.17528058821095,0.082539591424676
24959,0.0867036977585796,0.333052921487473,0.107467076743202,0.472776304010746
24960,0.225142461057139,0.122354174486582,0.0770959262439843,0.575407438212294
24961,0.432207446710043,0.343943029771834,0.101092593698902,0.122756929819221
24962,0.0119024330376555,0.507210173774517,0.071340410087722,0.409546983100106
24963,0.0236938674079168,0.411088509752483,0.0615037923802974,0.503713830459303
24964,0.0538601920735624,0.313307731737944,0.248580707030515,0.384251369157979
24965,0.165324672899861,0.640110848639642,0.0558631358593082,0.138701342601189
24966,0.1812614949165,0.312225341118465,0.400671848095861,0.105841315869175
24967,0.396092690681608,0.043399632683267,0.417190466872807,0.143317209762318
24968,0.128313430465188,0.412720541689859,0.175428567282728,0.283537460562226
24969,0.217531757785089,0.507370719404099,0.0447742709061815,0.230323251904631
24970,0.417677480223943,0.311611756158374,0.098865491095912,0.171845272521771
24971,0.286344137444814,0.449361929255636,0.0503743440062008,0.213919589293349
24972,0.0444951283937571,0.381153223299466,0.0936199426592045,0.480731705647573
24973,0.120867599274381,0.646459875481273,0.130571606758743,0.102100918485603
24974,0.210903123147783,0.29152068496066,0.327715224626491,0.169860967265066
24975,0.0819346824493973,0.617555518843997,0.139782695497698,0.160727103208908
24976,0.19267164320018,0.0845983666232062,0.653464160977056,0.0692658291995576
24977,0.472181825848881,0.172527682232198,0.160999461802267,0.194291030116654
24978,0.173075533089515,0.330513187964914,0.189692357639711,0.30671892130586
24979,0.275119824433951,0.372345517158479,0.156637344707621,0.195897313699949
24980,0.0457701369077082,0.305532698415088,0.463592028827547,0.185105135849656
24981,0.106768041496878,0.066752150166806,0.232144635755659,0.594335172580657
24982,0.136792248186655,0.302185401463877,0.138368914835046,0.422653435514422
24983,0.845369283452091,0.0761231086258025,0.0142256747301612,0.0642819331919458
24984,0.0363873308363814,0.63446105170825,0.189540316560197,0.139611300895172
24985,0.108908088870079,0.270468630263152,0.34701087719343,0.273612403673339
24986,0.389503547890675,0.0724177262152603,0.22121152996964,0.316867195924425
24987,0.0538229989799766,0.495457165058714,0.357851028413231,0.0928688075480778
24988,0.356619178961985,0.152512252943408,0.15386587230719,0.337002695787416
24989,0.175156906395227,0.473829831137594,0.26677373226644,0.0842395302007396
24990,0.0789962124976525,0.661754168878556,0.139246426238441,0.120003192385351
24991,0.294610739081475,0.0418479476595015,0.38465845354027,0.278882859718753
24992,0.135735304432356,0.154510188328457,0.654673533742171,0.0550809734970155
24993,0.696587274180123,0.0635643709318613,0.110553076672962,0.129295278215054
24994,0.562620298834986,0.152357300007908,0.119785447930507,0.165236953226599
24995,0.614622471656853,0.110696788214727,0.16211059358139,0.11257014654703
24996,0.215152071754662,0.12934519927627,0.0831675592505852,0.572335169718482
24997,0.307656542311792,0.350279864736444,0.085337665768442,0.256725927183322
24998,0.175458033703562,0.0531431280730858,0.323137611800677,0.448261226422675
24999,0.14811450481812,0.626677266817174,0.0501548740449476,0.175053354319759
25000,0.180068234555688,0.134771251369808,0.36054259343588,0.324617920638623
25001,0.114475221523484,0.743423395244367,0.0586403752157585,0.0834610080163911
25002,0.16992254553318,0.0643105941493521,0.532157943233698,0.23360891708377
25003,0.205030090501976,0.152121269830484,0.237314108398486,0.405534531269054
25004,0.0147774477909718,0.0331906667339395,0.7801634404886,0.171868444986489
25005,0.321931393127279,0.298869448857882,0.273066542386034,0.106132615628805
25006,0.537551514747171,0.155851166335112,0.154839389899232,0.151757929018485
25007,0.290564067293967,0.348042250734853,0.0625374284536828,0.298856253517498
25008,0.131490381358843,0.0312022465695725,0.740178979257779,0.0971283928138052
25009,0.449984703998469,0.0419366422509851,0.292485740492142,0.215592913258403
25010,0.361280103343429,0.0337197058418844,0.347986099848982,0.257014090965706
25011,0.0460914296781344,0.867603236474919,0.0303546526711927,0.0559506811757542
25012,0.0347916647487289,0.373552638895702,0.132198310548313,0.459457385807256
25013,0.240407891201027,0.0234493937810118,0.363546774597697,0.372595940420263
25014,0.0341241884550221,0.192107034306697,0.729187013616339,0.0445817636219416
25015,0.342300697431647,0.275602850480264,0.157067735816214,0.225028716271875
25016,0.135191417096842,0.458160857099194,0.0749656184326582,0.331682107371306
25017,0.0368576883286209,0.0960287834895617,0.811577929677678,0.0555355985041394
25018,0.738472421626387,0.121507390593259,0.0461107092333536,0.0939094785470008
25019,0.116249869127777,0.68649242905161,0.0767686645946993,0.120489037225914
25020,0.113517722381137,0.0625892016324994,0.137926299699286,0.685966776287078
25021,0.276470148112574,0.126223813758161,0.200051350852357,0.397254687276908
25022,0.0470943152992074,0.199075159517694,0.295694819866576,0.458135705316523
25023,0.0961003028059473,0.162749159693929,0.65176071140053,0.089389826099594
25024,0.528238829590321,0.0815784861820126,0.161846382468806,0.228336301758861
25025,0.23620329735861,0.175612582873307,0.198137730139403,0.39004638962868
25026,0.166826064890881,0.300697253906142,0.124951280681421,0.407525400521556
25027,0.0530591657162766,0.213308658539893,0.372507019938056,0.361125155805775
25028,0.514511629160845,0.0938780023592867,0.17516723659207,0.216443131887798
25029,0.173276107168021,0.0761334651199318,0.592547707440826,0.158042720271221
25030,0.150218732325414,0.113544969438289,0.458444782541333,0.277791515694964
25031,0.101384029163407,0.0521942729846319,0.423272665415479,0.423149032436482
25032,0.0678235542709309,0.0427547409715135,0.612305021666493,0.277116683091062
25033,0.269350504848392,0.0905870312205371,0.281604247746236,0.358458216184835
25034,0.0861358558042075,0.323628831897774,0.0858450893101916,0.504390222987827
25035,0.111431570936708,0.269354966691346,0.135114042919861,0.484099419452085
25036,0.0412787334446824,0.16660864943045,0.19194840140597,0.600164215718897
25037,0.068004686279142,0.482523326299888,0.0716720943848737,0.377799893036096
25038,0.119980164039199,0.136813028419008,0.0622267028749882,0.680980104666805
25039,0.0698070943695921,0.164524688882009,0.415484289384502,0.350183927363897
25040,0.147860135377229,0.267932173453793,0.377043346527542,0.207164344641436
25041,0.150688996726421,0.289371260670883,0.0275115631295466,0.53242817947315
25042,0.0574558214086645,0.24458782152672,0.282739264556299,0.415217092508316
25043,0.0952755362857822,0.459836977229986,0.132283076189825,0.312604410294407
25044,0.381272570032773,0.126802980286466,0.290884741480865,0.201039708199896
25045,0.0697382996971589,0.187815699630903,0.56682636935721,0.175619631314728
25046,0.0440523327934306,0.774679119515625,0.0151306772049475,0.166137870485996
25047,0.328605476388785,0.11842011264191,0.41676186753722,0.136212543432085
25048,0.0251109704694436,0.413191577811936,0.199270398242405,0.362427053476216
25049,0.085154710630929,0.338227505847987,0.531337350221461,0.0452804332996229
25050,0.16557812754082,0.506224197582483,0.161440463989512,0.166757210887185
25051,0.0801868008297769,0.321944984180749,0.504079193078941,0.0937890219105339
25052,0.0643152522508986,0.608566565231234,0.0930634017679926,0.234054780749875
25053,0.123129643334169,0.117306098159827,0.387836950351825,0.37172730815418
25054,0.0198318489400457,0.563447171104304,0.163078666050475,0.253642313905175
25055,0.0530466238965115,0.664761635901431,0.0660214767023794,0.216170263499678
25056,0.122738406231852,0.0454292771332624,0.118403737615122,0.713428579019763
25057,0.208129253978744,0.652420768907353,0.0723806105947463,0.0670693665191574
25058,0.45891931271668,0.165053547992944,0.112328337685563,0.263698801604813
25059,0.391782823277314,0.0338208529854736,0.195109803709327,0.379286520027886
25060,0.137451622299168,0.270737880147557,0.369894574264299,0.221915923288976
25061,0.0766859610109084,0.437184917739495,0.152716122654644,0.333412998594953
25062,0.332447398462943,0.265117375753271,0.145977530241646,0.25645769554214
25063,0.0314751571530313,0.278541291737082,0.286491453107508,0.403492098002379
25064,0.251928129798165,0.427208363760706,0.0426130455587815,0.278250460882348
25065,0.218873049859799,0.395649998969806,0.096688375134415,0.28878857603598
25066,0.294793989677701,0.054459871177083,0.151066184031059,0.499679955114157
25067,0.198570622167235,0.0305457587582291,0.14193279153847,0.628950827536066
25068,0.152517137694658,0.220880822237345,0.35213249095061,0.274469549117387
25069,0.0520084502813895,0.420744711254782,0.359664107045942,0.167582731417886
25070,0.0580922503182995,0.0983507549612912,0.0873769262241336,0.756180068496276
25071,0.117694046784429,0.598760626604998,0.0723147953465863,0.211230531263987
25072,0.126466205266988,0.661642839120093,0.0399478481189238,0.171943107493996
25073,0.0692789514926656,0.437795129278115,0.021947917985,0.470978001244219
25074,0.0559396564588826,0.696293962571392,0.130269353435659,0.117497027534066
25075,0.214606326343825,0.0585990896613929,0.355695866126259,0.371098717868522
25076,0.0962637571431761,0.0641908982382753,0.180508207873436,0.659037136745113
25077,0.032994852761109,0.148284670666499,0.438609123170884,0.380111353401508
25078,0.570396929636071,0.0726373777402834,0.14445145331395,0.212514239309696
25079,0.11088196615577,0.0474073044481542,0.25345767170768,0.588253057688396
25080,0.577947515602025,0.060489999717015,0.0621842504283724,0.299378234252588
25081,0.333939297536555,0.0826301071180464,0.349340834216106,0.234089761129294
25082,0.116139838147153,0.236770998926232,0.330474270363893,0.316614892562723
25083,0.0792728089962438,0.421107859931354,0.159114859825643,0.340504471246759
25084,0.473640868448829,0.0635443290367237,0.377800252953553,0.0850145495608947
25085,0.22539315255235,0.29778157161947,0.387345847067424,0.089479428760755
25086,0.691200347879012,0.073849249745744,0.129422316137649,0.105528086237595
25087,0.0732423612933398,0.505378805872589,0.292085355093602,0.129293477740469
25088,0.52613404421611,0.138388605486357,0.254918052545842,0.0805592977516905
25089,0.0988520845550019,0.0405433821746483,0.63512444363199,0.22548008963836
25090,0.549077429230439,0.19903334671724,0.162767559995611,0.0891216640567098
25091,0.258648946062538,0.0471430859205369,0.229621773461191,0.464586194555734
25092,0.0771461632051356,0.0994556748001643,0.0692977691721432,0.754100392822557
25093,0.434951885012103,0.0435537829024461,0.0860699619562863,0.435424370129164
25094,0.0245526135137284,0.0422900221504902,0.876780977702664,0.0563763866331173
25095,0.0748091093050353,0.503570152056447,0.279959238997374,0.141661499641144
25096,0.0213148382549466,0.0793495591626993,0.0486701942224568,0.850665408359897
25097,0.0398850971170725,0.107918629406599,0.76694009582307,0.0852561776532587
25098,0.195212095426487,0.110828796656051,0.11440536771732,0.579553740200142
25099,0.030745828477095,0.283648838944265,0.491588759674501,0.194016572904139
25100,0.0519610153066231,0.276797729989238,0.547067777102229,0.124173477601911
25101,0.441826654490766,0.118713385427336,0.303634275556282,0.135825684525616
25102,0.307412524968081,0.277267346301811,0.142458661480375,0.272861467249733
25103,0.362485878047059,0.372537574297724,0.0904994521390228,0.174477095516195
25104,0.0654756824267908,0.228368083550301,0.642499296040341,0.0636569379825672
25105,0.0643853000388999,0.24963547045813,0.330248755973198,0.355730473529771
25106,0.257436350383569,0.392331929328632,0.169898215750831,0.180333504536968
25107,0.15307350871473,0.355727076037629,0.110678664656217,0.380520750591424
25108,0.0643905198575139,0.581500949177601,0.235616371491293,0.118492159473592
25109,0.277328764183642,0.294555696974464,0.240761609197288,0.187353929644606
25110,0.0712639358958547,0.144634119449758,0.112693890749699,0.671408053904689
25111,0.171713000011012,0.0619134108859968,0.109873207476462,0.65650038162653
25112,0.0782811126136417,0.241116337013753,0.28701747889206,0.393585071480545
25113,0.526998505972616,0.296906469367622,0.0374922870186982,0.138602737641065
25114,0.146665324007785,0.327413152598905,0.224755105684386,0.301166417708925
25115,0.0663507024996829,0.113474802345729,0.257549289219378,0.56262520593521
25116,0.18289387696657,0.491536172874327,0.0679430609251638,0.257626889233939
25117,0.811582380864896,0.103830546396473,0.0551355402105001,0.0294515325281308
25118,0.549263846622646,0.118772967427494,0.188678801800033,0.143284384149827
25119,0.117101204984479,0.38937174965997,0.305046775221958,0.188480270133593
25120,0.327902012041992,0.288646006696709,0.0363041338767635,0.347147847384536
25121,0.344931864191387,0.122566975641907,0.212627113940251,0.319874046226456
25122,0.498269993867539,0.135972375307627,0.182090024802818,0.183667606022016
25123,0.426500315656706,0.0496464713446256,0.467058748851749,0.0567944641469191
25124,0.125136958176657,0.176975754569392,0.515797104777163,0.182090182476789
25125,0.712172655697115,0.164665730845987,0.0371805407505153,0.085981072706383
25126,0.0525668014249947,0.392690972189369,0.205248425306703,0.349493801078933
25127,0.182558257240637,0.189596744458549,0.142584439731881,0.485260558568934
25128,0.183232343421872,0.0694643988337399,0.0795660476899188,0.667737210054469
25129,0.421281437554406,0.199305557265844,0.317381821079875,0.0620311840998748
25130,0.17587806386928,0.259974982037196,0.0797493087088679,0.484397645384656
25131,0.274362038185272,0.415868832227405,0.0116657871465046,0.298103342440819
25132,0.515906772957566,0.245316826361322,0.0850907100498703,0.153685690631242
25133,0.67647370557968,0.0435579002273027,0.152897204361285,0.127071189831733
25134,0.317298461535415,0.270276282986995,0.0500793884241081,0.362345867053482
25135,0.0345795063036459,0.477185108138232,0.0515138841497963,0.436721501408325
25136,0.224062286680304,0.202005353163018,0.49253682477392,0.0813955353827588
25137,0.0567623595372956,0.809238512785944,0.0403269586756147,0.093672169001146
25138,0.0794549380097358,0.3625864227605,0.132216133513175,0.425742505716589
25139,0.158003703011104,0.422550217233746,0.163272769117289,0.256173310637861
25140,0.0986079293216481,0.0723421754888422,0.582991374360516,0.246058520828994
25141,0.194228347891307,0.49747318485693,0.104662462800878,0.203636004450885
25142,0.198189590730095,0.358798127736505,0.0672846287273939,0.375727652806006
25143,0.107752918723994,0.203375975861505,0.0614972653067971,0.627373840107705
25144,0.0794990209154846,0.199410090994751,0.0678844169255141,0.65320647116425
25145,0.602063134847256,0.106028821048411,0.0655790142392259,0.226329029865107
25146,0.120859892597342,0.603827544005493,0.048462412765234,0.226850150631931
25147,0.20766971640913,0.0632718013652209,0.362382047827373,0.366676434398276
25148,0.144808106772114,0.528725909264001,0.0380578914288931,0.288408092534992
25149,0.148925593978973,0.652548284284538,0.0673251435780029,0.131200978158486
25150,0.1317096298799,0.0573552508205678,0.453111863004534,0.357823256294998
25151,0.0202529331952124,0.29262209617098,0.0997976229479891,0.587327347685819
25152,0.395477593607225,0.0392934979985597,0.030570568950488,0.534658339443727
25153,0.355976160844062,0.484256951287692,0.0715386727181378,0.0882282151501081
25154,0.147633228910608,0.0777793610652986,0.341729085493798,0.432858324530295
25155,0.0604593026738119,0.454220765000589,0.0220883502358597,0.46323158208974
25156,0.123861564977595,0.659497077085432,0.0758048456512157,0.140836512285758
25157,0.164307964782129,0.549508314211062,0.117351575426295,0.168832145580515
25158,0.547561464068098,0.291280761992446,0.0828894927806907,0.0782682811587655
25159,0.140348052864669,0.393386180305654,0.1442311516955,0.322034615134178
25160,0.219069476271754,0.296083659694665,0.348785140527791,0.13606172350579
25161,0.406265242072431,0.0654452665582106,0.359378637253703,0.168910854115655
25162,0.321920427610311,0.107980836762209,0.0669860931395952,0.503112642487885
25163,0.0402558204686484,0.0751328120823825,0.793784299257079,0.0908270681918906
25164,0.524954912907477,0.350297754936413,0.0255982952965547,0.0991490368595548
25165,0.195427127938224,0.129701388225427,0.078356306063644,0.596515177772705
25166,0.185491980077001,0.172062570556787,0.176182999375532,0.46626244999068
25167,0.301981064746217,0.4855111559828,0.0321238823491056,0.180383896921878
25168,0.311396364856044,0.412972242156349,0.0275753217232373,0.248056071264369
25169,0.140427023886713,0.228507165911507,0.0468230433752142,0.584242766826566
25170,0.58064203794892,0.22888122675361,0.0368996698161823,0.153577065481288
25171,0.51231910397539,0.150553200915031,0.18375645744694,0.153371237662639
25172,0.106497780414117,0.31454813063115,0.24169646435361,0.337257624601123
25173,0.120098279228458,0.0587669576936334,0.212463419354296,0.608671343723613
25174,0.280918072217103,0.0542857268672129,0.196248508444038,0.468547692471647
25175,0.624760680545817,0.0649062532742937,0.0182853619336586,0.292047704246231
25176,0.172997267292981,0.165804985334671,0.526979348428469,0.134218398943879
25177,0.0887931874173447,0.259762780510795,0.245886594854891,0.405557437216969
25178,0.22396103007814,0.188885232633478,0.433389930656545,0.153763806631838
25179,0.75308430436404,0.0788022098752998,0.137686228525009,0.0304272572356511
25180,0.344447852920047,0.0380217068110836,0.289835281963819,0.32769515830505
25181,0.0494519257118595,0.0632168118502606,0.819335087560067,0.0679961748778128
25182,0.149229009693233,0.15505889199093,0.199784486112685,0.495927612203152
25183,0.553667127852473,0.160213581484609,0.14205397023308,0.144065320429839
25184,0.249525835698581,0.161119014686279,0.243523249649663,0.345831899965477
25185,0.264712736528214,0.0921982842836778,0.207535864786759,0.435553114401349
25186,0.193941894939853,0.675695365422964,0.0357470655835582,0.0946156740536254
25187,0.205145754118661,0.22488226007669,0.0810988097190625,0.488873176085587
25188,0.0843506405333791,0.111841936798797,0.419959370380715,0.383848052287109
25189,0.178200388309729,0.137154024581726,0.174933500264985,0.509712086843561
25190,0.467260084358232,0.335956992007516,0.0117000440135035,0.185082879620748
25191,0.0261553076477112,0.607417392494996,0.184083350661412,0.182343949195881
25192,0.151698601740139,0.277587997356756,0.196762675042257,0.373950725860847
25193,0.516773323324288,0.186896602733334,0.0656031471346554,0.230726926807723
25194,0.139596967608964,0.610036418287566,0.143330911048248,0.107035703055222
25195,0.162500480147758,0.166935547240174,0.492115310435653,0.178448662176415
25196,0.0302307604223594,0.537528527774302,0.15083242071981,0.281408291083529
25197,0.0673578340142491,0.708430467221325,0.0883461920613934,0.135865506703032
25198,0.143404438572532,0.5892030239302,0.0815220497219908,0.185870487775278
25199,0.453195568525814,0.0877118961819602,0.345177669824498,0.113914865467727
25200,0.0691107226384817,0.429671867628346,0.0666363129377473,0.434581096795425
25201,0.272663813355128,0.0757948285616588,0.28606780543115,0.365473552652063
25202,0.256970092149372,0.145433081639101,0.292517885265509,0.305078940946018
25203,0.375139445110674,0.407777459732761,0.130684835491351,0.0863982596652151
25204,0.163508586662955,0.0519959712388306,0.436944341546804,0.347551100551411
25205,0.0967697885637428,0.215886916647249,0.218522996819576,0.468820297969432
25206,0.0963363070974584,0.424731603037775,0.297056699557396,0.18187539030737
25207,0.0740886657692159,0.104059498680601,0.360488865569928,0.461362969980255
25208,0.413686929383643,0.148906201456098,0.24026396425086,0.1971429049094
25209,0.129588231075551,0.0514126135529148,0.522173046383294,0.29682610898824
25210,0.36844256676612,0.070386802938617,0.460972583989487,0.100198046305776
25211,0.0258443143256421,0.285962369542472,0.504786710404077,0.183406605727809
25212,0.376387164154349,0.188382332269625,0.0714324607220424,0.363798042853984
25213,0.0707904363930153,0.205436867590543,0.324953168574313,0.398819527442129
25214,0.175216322366777,0.19442649472483,0.438578867898629,0.191778315009763
25215,0.397628904373641,0.334158834878816,0.087374937279444,0.180837323468099
25216,0.311623078550055,0.529262590343541,0.0750394981918044,0.0840748329146002
25217,0.386846271014329,0.412149330540349,0.0591682079068595,0.141836190538462
25218,0.307607782481318,0.431516653867891,0.0421804412394244,0.218695122411367
25219,0.323351113850521,0.453545263577636,0.0244125414175327,0.19869108115431
25220,0.197946089541777,0.183322884467877,0.329641590987909,0.289089435002438
25221,0.166320526013803,0.613790499153999,0.0415408808737792,0.178348093958418
25222,0.207477101739626,0.234971002255745,0.392483683192422,0.165068212812206
25223,0.210582375956894,0.419199989886417,0.115910982918491,0.254306651238199
25224,0.0504690570468194,0.626601780377968,0.098038792870145,0.224890369705067
25225,0.476177350763606,0.0711935202283922,0.198978179283254,0.253650949724747
25226,0.620771532566826,0.120243339567663,0.187729172079551,0.0712559557859607
25227,0.0711460231696209,0.653739685009455,0.0730390038183115,0.202075288002613
25228,0.0864905479037366,0.13775387201226,0.462661039408509,0.313094540675495
25229,0.0588714589535236,0.134257041123093,0.530528129510947,0.276343370412436
25230,0.051000059759861,0.222784975773103,0.581964030502913,0.144250933964122
25231,0.0249386841443312,0.462870526829178,0.22657414411295,0.285616644913541
25232,0.289469010775742,0.389732460661864,0.0398130183093477,0.280985510253046
25233,0.116962761481837,0.324458317140327,0.327006859516868,0.231572061860969
25234,0.0654604578725682,0.151625724664391,0.662249305620483,0.120664511842558
25235,0.504896459770682,0.0432027314483081,0.271693170380094,0.180207638400916
25236,0.568303060052473,0.150095894191929,0.0962058817273867,0.185395164028211
25237,0.0881627156419893,0.64098091047307,0.0519280114522354,0.218928362432706
25238,0.0530989958184471,0.127599056355325,0.608207796855284,0.211094150970944
25239,0.207792202838451,0.508279729413184,0.0245791695544496,0.259348898193916
25240,0.102301530053887,0.0865351052500787,0.646650450093504,0.164512914602531
25241,0.759846051149547,0.0746267174518363,0.100058095708591,0.0654691356900263
25242,0.0435084688075961,0.296365256778873,0.373713523885865,0.286412750527666
25243,0.0886454360683029,0.450952159705117,0.292326124432706,0.168076279793874
25244,0.211876500881574,0.475607072239762,0.0497323294351553,0.262784097443509
25245,0.0775614563115957,0.175746667960126,0.596576657965246,0.150115217763033
25246,0.306723362923072,0.360229412898725,0.192271084874268,0.140776139303935
25247,0.132006109236212,0.261438877180867,0.27411315108884,0.332441862494081
25248,0.15892573413898,0.256218874436133,0.0832363558738277,0.501619035551059
25249,0.0774142427028705,0.731187108192103,0.102000825284392,0.0893978238206342
25250,0.11409154644248,0.38382875303187,0.198544515826466,0.303535184699184
25251,0.0890731611533015,0.343814511152581,0.150732047469991,0.416380280224126
25252,0.625515900713844,0.0422454540765178,0.232905071621301,0.0993335735883372
25253,0.246908171794418,0.465810875556282,0.0522863839235817,0.234994568725719
25254,0.293106729538136,0.335540599344569,0.0476544810010325,0.323698190116262
25255,0.585548670458027,0.193715116356153,0.0149253027960154,0.205810910389804
25256,0.130361046342907,0.786087347788953,0.0379567856952089,0.0455948201729307
25257,0.138341111138209,0.178519101024208,0.461751511581748,0.221388276255835
25258,0.437722319353851,0.180403870874042,0.0667837560089383,0.315090053763169
25259,0.236944506783895,0.521542002438222,0.110525792357424,0.130987698420459
25260,0.0251813549200504,0.561309161146416,0.0928295006390558,0.320679983294478
25261,0.631558862329364,0.107418134640562,0.126428078970794,0.13459492405928
25262,0.183724018438058,0.356244715588045,0.0344004478344633,0.425630818139433
25263,0.348019019363545,0.0769393025632223,0.260395116044253,0.31464656202898
25264,0.0830215981512762,0.0839473729615496,0.161802323928081,0.671228704959094
25265,0.645874844055206,0.261105994477785,0.0139869380174999,0.0790322234495089
25266,0.0529489901611804,0.647950432590868,0.151396057580253,0.147704519667699
25267,0.0852848344148853,0.177015561613987,0.420783590005232,0.316916013965896
25268,0.154518783297727,0.17850333065461,0.58933681616891,0.0776410698787527
25269,0.0488316356664679,0.068443948914939,0.0550109419496217,0.827713473468972
25270,0.509954659962666,0.112933397248111,0.168316458993732,0.208795483795492
25271,0.0261932818254805,0.134649275707878,0.749174602729812,0.0899828397368294
25272,0.14012583020454,0.301074265273903,0.204790671470083,0.354009233051475
25273,0.199879958639431,0.290380627173077,0.241959688442326,0.267779725745166
25274,0.264555627715976,0.167075042302815,0.33273496743548,0.235634362545729
25275,0.294483204710108,0.507984719168389,0.113108639754331,0.0844234363671714
25276,0.0880425179750952,0.569308517572488,0.197943620067255,0.144705344385161
25277,0.119600248936969,0.0307964884499714,0.700859923232398,0.148743339380661
25278,0.397777075547917,0.401289596904603,0.0729161024402852,0.128017225107194
25279,0.530192844031016,0.0999017317832387,0.0201770811923799,0.349728342993365
25280,0.0377330855083438,0.0407114523339283,0.863672729758475,0.0578827323992529
25281,0.316686948159872,0.0613383935300051,0.557259943480673,0.0647147148294502
25282,0.675670021031522,0.0292659819989499,0.0686938725601606,0.226370124409367
25283,0.193267974682288,0.0698430430889037,0.436568837830108,0.3003201443987
25284,0.158322899986038,0.517395886679761,0.122121668447677,0.202159544886524
25285,0.470238392066952,0.101112349288794,0.128569119652087,0.300080138992167
25286,0.552713012516009,0.158181706396167,0.110303285767496,0.178801995320329
25287,0.0629852982734269,0.658250492434101,0.2013697929647,0.0773944163277718
25288,0.0328411680802109,0.0228373816410232,0.158385036421945,0.785936413856821
25289,0.0332943955625467,0.502173353996263,0.204346184066864,0.260186066374327
25290,0.25403568350321,0.357148313128341,0.131201853558824,0.257614149809625
25291,0.430893846455308,0.20195384449305,0.143897534786067,0.223254774265575
25292,0.212190200349048,0.0599698875885207,0.299248651451105,0.428591260611326
25293,0.0517766633759846,0.490738693125881,0.20567474716359,0.251809896334543
25294,0.163501383022206,0.467284376101615,0.0620368966604259,0.307177344215753
25295,0.0915459442836753,0.129331688329657,0.295342144187,0.483780223199667
25296,0.0848165594908165,0.757299517742626,0.0373373369945288,0.120546585772029
25297,0.0418853217545424,0.538300647434943,0.150145443764457,0.269668587046058
25298,0.669669748909251,0.112261966242371,0.0280931200147558,0.189975164833622
25299,0.559387494223847,0.115426530246011,0.232436202521309,0.0927497730088335
25300,0.268343721051402,0.514409390863923,0.0547481819402401,0.162498706144436
25301,0.441529356281629,0.057052515647658,0.119774324403434,0.381643803667279
25302,0.58362230212672,0.0372994318266567,0.0699541012878353,0.309124164758789
25303,0.0747001951345425,0.648159186410708,0.143193159896359,0.13394745855839
25304,0.0322573392512924,0.106238047104894,0.576656233736082,0.284848379907732
25305,0.831146538710339,0.0701377958120002,0.0395889570377166,0.0591267084399443
25306,0.141760058977836,0.37165248352562,0.0298628670612512,0.456724590435293
25307,0.046619286409077,0.279187716152135,0.0938818999829639,0.580311097455824
25308,0.180301663200847,0.612123447725532,0.0402620074474509,0.16731288162617
25309,0.180564357173303,0.150292959938384,0.12300456672424,0.546138116164074
25310,0.307340381877156,0.478813212682082,0.0442335191920629,0.1696128862487
25311,0.628827187520564,0.169059141480645,0.126514740917721,0.0755989300810696
25312,0.197363765388904,0.0658665986500159,0.660269973479957,0.0764996624811235
25313,0.294960857487592,0.119134672410475,0.286659400343961,0.299245069757972
25314,0.37070675396475,0.0851181458555083,0.0288375155808331,0.515337584598909
25315,0.643376046064011,0.119670458855286,0.144082178378464,0.0928713167022395
25316,0.253544915046067,0.172379771120761,0.108601007890315,0.465474305942857
25317,0.21458312730907,0.234683037637035,0.293830776907664,0.256903058146231
25318,0.479487603159433,0.174416337939623,0.179926107211635,0.16616995168931
25319,0.137637196114022,0.710816866786342,0.046767541533234,0.104778395566402
25320,0.10960184110775,0.118647974492337,0.369374426098689,0.402375758301223
25321,0.0714220385766836,0.135437011788851,0.498750402524237,0.294390547110228
25322,0.294403952885363,0.0923885873287064,0.483421792834255,0.129785666951675
25323,0.4786755210913,0.0800092029057794,0.239259950263419,0.202055325739502
25324,0.136874140787651,0.505248567028204,0.0462476364715775,0.311629655712568
25325,0.147086552071976,0.313606939810829,0.0531156863755739,0.486190821741622
25326,0.112223351209833,0.026560452278974,0.255314521703787,0.605901674807406
25327,0.0413780199591575,0.247175810975776,0.123520452585124,0.587925716479943
25328,0.232958898286764,0.0916997693138327,0.513316058920629,0.162025273478774
25329,0.388302371580889,0.0377684411129131,0.183215067329785,0.390714119976413
25330,0.0551214899650149,0.261802089001034,0.217103363760521,0.46597305727343
25331,0.289525780443039,0.439832674516058,0.0245520083152223,0.24608953672568
25332,0.163036623168489,0.159585449724077,0.0298558891837232,0.647522037923712
25333,0.0573302478199712,0.236469884756868,0.0375134987070175,0.668686368716143
25334,0.187444065133996,0.39104248671257,0.0116662872100059,0.409847160943428
25335,0.022906558732167,0.193177228863267,0.0839136971680699,0.700002515236496
25336,0.0958331992187845,0.240317682136494,0.408204966551026,0.255644152093695
25337,0.0738102556034539,0.0189254548342041,0.229709681800384,0.677554607761958
25338,0.0539739154726804,0.0453276334920995,0.593817554522952,0.306880896512268
25339,0.436935403218035,0.0341757032526484,0.169679948301752,0.359208945227565
25340,0.0573525919236593,0.639493122937551,0.0611955237325749,0.241958761406215
25341,0.0347811306495108,0.65936638029496,0.0419164983364695,0.26393599071906
25342,0.0739840463039115,0.158132804278466,0.280565269737163,0.48731787968046
25343,0.159949601011162,0.509253015652558,0.271118297600112,0.0596790857361678
25344,0.179856971191106,0.0712720814183145,0.329495556373131,0.419375391017449
25345,0.0901675215119617,0.266228663411626,0.142679304382431,0.500924510693982
25346,0.375167336604955,0.0374502625575714,0.159105955237314,0.42827644560016
25347,0.496292608038274,0.28588968094091,0.0947104595847184,0.123107251436097
25348,0.363792631835086,0.13174438236516,0.131375717202299,0.373087268597455
25349,0.0659703818026374,0.146354628286964,0.69923948344104,0.0884355064693588
25350,0.474983506243464,0.249135041416008,0.0701784207718328,0.205703031568696
25351,0.20442229234096,0.0832372369288657,0.366674552399739,0.345665918330435
25352,0.36212444000817,0.0389693261121306,0.0690947994488125,0.529811434430887
25353,0.116667140386897,0.0730703031933209,0.352915913073357,0.457346643346425
25354,0.538919320855202,0.128519732713477,0.228135772946957,0.104425173484364
25355,0.0595697263264891,0.390253564088393,0.0535134154771319,0.496663294107986
25356,0.0736073662467076,0.13165666974757,0.256238040054143,0.53849792395158
25357,0.155523876675379,0.412534127340555,0.299338495706043,0.132603500278023
25358,0.498180354700584,0.136792611280342,0.178038745889671,0.186988288129403
25359,0.437860453023534,0.0458821421699825,0.364099944778867,0.152157460027616
25360,0.0607207262973686,0.188868963218778,0.400675876145724,0.349734434338129
25361,0.333824543615234,0.110205374647657,0.33855129593557,0.217418785801539
25362,0.059488859535546,0.111145557812215,0.408269840632549,0.42109574201969
25363,0.0810152630756169,0.190043555352987,0.198760920773027,0.530180260798368
25364,0.0616878155905673,0.0565092706539742,0.646936965886308,0.23486594786915
25365,0.257414771781909,0.0199925415512161,0.0536405640703256,0.668952122596549
25366,0.0914024683890879,0.297994455741844,0.323913788905867,0.286689286963201
25367,0.0713447156765232,0.473924175351757,0.253502748518697,0.201228360453023
25368,0.522053008655984,0.347132712979732,0.062608787141355,0.06820549122293
25369,0.310057984059406,0.0820856444904077,0.360685581615589,0.247170789834598
25370,0.273785744618219,0.33045625959523,0.136960018553719,0.258797977232832
25371,0.103654627322013,0.618118978622358,0.048564569932954,0.229661824122675
25372,0.47008502404633,0.0332114793845397,0.297044826212535,0.199658670356595
25373,0.0735887542262224,0.505353989150662,0.219690455876382,0.201366800746734
25374,0.105308719348376,0.157399918246327,0.607970753386764,0.129320609018533
25375,0.0661742327696639,0.578517602259978,0.160305638845112,0.195002526125246
25376,0.137262860133001,0.147013539781569,0.492225635143356,0.223497964942074
25377,0.126729177396635,0.587760045111523,0.0998796005997433,0.1856311768921
25378,0.409590387378909,0.126129941532831,0.227645001022735,0.236634670065525
25379,0.124648710220857,0.618284425064273,0.0574573423888813,0.199609522325989
25380,0.122134912995497,0.436181979945807,0.256699760526645,0.184983346532051
25381,0.0882520547013798,0.313810039285407,0.0643312020935412,0.533606703919672
25382,0.512155308872827,0.0966572693086328,0.0530893443412906,0.33809807747725
25383,0.0539217368107325,0.595270997251642,0.268459646882341,0.0823476190552843
25384,0.137477325826759,0.0910011108530778,0.544729928314688,0.226791635005475
25385,0.0575065498380095,0.212711949144977,0.506066608400647,0.223714892616366
25386,0.439433035878148,0.195740035387169,0.0615317584443863,0.303295170290297
25387,0.157744841996106,0.076259019582116,0.0585539219376766,0.707442216484102
25388,0.231537048576062,0.302112699940961,0.337244000887878,0.129106250595099
25389,0.287743862534336,0.230114891734896,0.188980750202716,0.293160495528052
25390,0.0953612421444991,0.0999473403667434,0.747054653619307,0.0576367638694511
25391,0.22116381156209,0.241051649791172,0.315189779074297,0.222594759572442
25392,0.153205636675315,0.0696960679557947,0.550761797367272,0.226336498001618
25393,0.0679539929108169,0.655916607050803,0.100826487417923,0.175302912620458
25394,0.0562315323433836,0.172362226771618,0.703944131141139,0.0674621097438588
25395,0.0393786024006596,0.227239651294841,0.377365470299452,0.356016276005048
25396,0.146727944609613,0.637821433664186,0.0699968591400986,0.145453762586103
25397,0.0954519490291111,0.0845195555873679,0.584819236478989,0.235209258904533
25398,0.100022542069889,0.0904605043541331,0.196146292255174,0.613370661320804
25399,0.0836350833036239,0.22157680786328,0.136676116534942,0.558111992298154
25400,0.078492389534151,0.599585568923321,0.135430268632379,0.18649177291015
25401,0.226924200713715,0.114244054860304,0.1202635981851,0.538568146240881
25402,0.523691147194014,0.0451129434645871,0.111031538384046,0.320164370957354
25403,0.0930045129162986,0.21908421164638,0.499827693866332,0.188083581570989
25404,0.280333902374573,0.258532387011777,0.140431941016588,0.320701769597063
25405,0.527307102490898,0.173533966119647,0.196399166209281,0.102759765180174
25406,0.0875916745805688,0.437277488903492,0.151983926652444,0.323146909863495
25407,0.176840106582153,0.0440132975801226,0.45168475590981,0.327461839927914
25408,0.22488355751926,0.401370925492978,0.0981134552295179,0.275632061758244
25409,0.0749555042324181,0.0698581136600353,0.744117118483398,0.111069263624148
25410,0.0143102836181872,0.263169099508417,0.533436077313835,0.189084539559561
25411,0.154624566266091,0.168242348503877,0.12567766738396,0.551455417846072
25412,0.553309424064679,0.220721748405193,0.10542148520054,0.120547342329588
25413,0.818244992856451,0.0716722672875415,0.0610512676049982,0.0490314722510093
25414,0.0404041203888478,0.0668269061672996,0.783435311354267,0.109333662089586
25415,0.0441745719904708,0.14169293881772,0.382378317214029,0.43175417197778
25416,0.104352918208339,0.257312243686196,0.363322516974096,0.275012321131369
25417,0.0531902562188069,0.172404471333045,0.694354431447589,0.0800508410005587
25418,0.0432561834066827,0.657015177141104,0.0778682159575943,0.221860423494619
25419,0.141749162701435,0.423924331801799,0.360676998845504,0.0736495066512615
25420,0.0714899700087664,0.279697363678591,0.18464520166192,0.464167464650723
25421,0.546038652695361,0.294306863841338,0.113233586189532,0.0464208972737687
25422,0.332910835825188,0.112009983903182,0.0408299798904996,0.514249200381131
25423,0.316089117859933,0.0659082823972306,0.346120422359,0.271882177383836
25424,0.117797967874048,0.184432216301136,0.491213584117675,0.206556231707141
25425,0.12784661729627,0.104738719466433,0.578969461077637,0.18844520215966
25426,0.160665966469786,0.549320356913472,0.0691212883461352,0.220892388270607
25427,0.123278597965153,0.294316839999666,0.33706232037783,0.245342241657351
25428,0.0944232170661028,0.028432820591597,0.523850980489238,0.353292981853062
25429,0.331335494282645,0.0652923927582296,0.296279263866642,0.307092849092484
25430,0.766006308530952,0.0428216580142615,0.102192933559097,0.0889790998956892
25431,0.0427490396548258,0.619846476579735,0.152798238580406,0.184606245185033
25432,0.190835010137571,0.125065549556636,0.242471461658992,0.441627978646802
25433,0.024708045025511,0.0347832719752899,0.495959937988087,0.444548745011113
25434,0.354431661803994,0.0641405191336848,0.319066197707251,0.26236162135507
25435,0.291820603666203,0.397666226185596,0.0662703958246194,0.244242774323581
25436,0.0823232605518311,0.676283155636069,0.0228523607097486,0.218541223102351
25437,0.486909528208002,0.21187079626199,0.0958622139550414,0.205357461574967
25438,0.20734466216272,0.254386939979196,0.350948893415916,0.187319504442168
25439,0.0718073364406724,0.0483963758677072,0.582386615131985,0.297409672559635
25440,0.0457373247118118,0.0385836772695569,0.483435135183192,0.432243862835439
25441,0.367067696217555,0.173240260902755,0.0777381076608369,0.381953935218853
25442,0.0454573982005404,0.108439372162686,0.731647076723816,0.114456152912958
25443,0.367191478395946,0.151058484055032,0.161091344348737,0.320658693200285
25444,0.0385449287427577,0.360076534761644,0.323164749381179,0.27821378711442
25445,0.137804722962648,0.576428246697314,0.108054496510531,0.177712533829508
25446,0.433225838862087,0.280014350842007,0.0576441980308746,0.229115612265031
25447,0.134245492868116,0.461838803933002,0.0706517190572234,0.333263984141658
25448,0.32415810912515,0.436111783182184,0.0559653105290865,0.18376479716358
25449,0.0832998964479697,0.415976665685304,0.0906817225814655,0.410041715285261
25450,0.549487031664679,0.283765662787413,0.0718576926032998,0.0948896129446079
25451,0.28738341226062,0.566715244772672,0.0890366262741519,0.0568647166925565
25452,0.654355684365703,0.232747917960936,0.0146717975262748,0.0982246001470861
25453,0.118639602662877,0.0894600003291099,0.314914452860537,0.476985944147477
25454,0.405709794640625,0.106091582477753,0.342209077348175,0.145989545533446
25455,0.216658330519056,0.13766140853799,0.20006608541783,0.445614175525124
25456,0.143386620490135,0.196209968881354,0.253064930267409,0.407338480361102
25457,0.0605475601407143,0.113363558076202,0.533231240336577,0.292857641446507
25458,0.346758136281046,0.364071827329344,0.124915253591582,0.164254782798029
25459,0.776556053549077,0.0557594437895549,0.121923499927012,0.045761002734356
25460,0.104046643406564,0.251452548509886,0.490201014138878,0.154299793944672
25461,0.0931687117065089,0.138427408621012,0.543425639027163,0.224978240645317
25462,0.260724729174512,0.364468378165019,0.0433446041722001,0.331462288488269
25463,0.461490454456771,0.0553135592090861,0.210986384276892,0.27220960205725
25464,0.0269218490429565,0.664518180462651,0.111462901184307,0.197097069310085
25465,0.819571506193398,0.10736596982088,0.0453048038270778,0.0277577201586441
25466,0.0793823947215443,0.158361808615379,0.689186586351087,0.0730692103119895
25467,0.298233047721702,0.267887278690381,0.0745841273002148,0.359295546287703
25468,0.0860465142079563,0.330924753446471,0.323183403305503,0.25984532904007
25469,0.102351338211316,0.719523116410093,0.028712002382471,0.14941354299612
25470,0.0258035966828394,0.0837157536531318,0.826788739870969,0.0636919097930601
25471,0.0530592857631657,0.593611552140739,0.0440079769516372,0.309321185144458
25472,0.134282556216142,0.270213974217102,0.148877701595992,0.446625767970764
25473,0.54064306210226,0.0700700413529512,0.2832324426177,0.106054453927088
25474,0.081651804262699,0.730822194186582,0.0286726903332561,0.158853311217463
25475,0.0926694156749647,0.708918450057329,0.0869653113548345,0.111446822912872
25476,0.225042611188122,0.36347988298248,0.0200232148194589,0.391454291009939
25477,0.0971851924970806,0.218706603089722,0.349055273366589,0.335052931046609
25478,0.0829836949756339,0.347141278483336,0.0424479926074678,0.527427033933562
25479,0.0145229151929588,0.0176543079717285,0.934425955333376,0.0333968215019369
25480,0.27931222895385,0.16697997310938,0.345205248120095,0.208502549816675
25481,0.119575780463633,0.648183138189857,0.0874283881400917,0.144812693206418
25482,0.321890608681325,0.205572603250782,0.358012837819088,0.114523950248804
25483,0.325522440413234,0.345673619680479,0.226417573477824,0.102386366428463
25484,0.208282568781732,0.114574934398379,0.357897950850757,0.319244545969133
25485,0.626186755057926,0.229235689606868,0.0705443234257403,0.0740332319094661
25486,0.167148871915546,0.144547471357183,0.582279011889351,0.106024644837921
25487,0.257249086074244,0.185025878208636,0.0800412196328141,0.477683816084307
25488,0.326085267507306,0.149750459024345,0.17577376614783,0.348390507320519
25489,0.235851626682798,0.336210673161772,0.0774899407937733,0.350447759361656
25490,0.109172917434264,0.170863739784789,0.622904161702298,0.0970591810786488
25491,0.0659348281484645,0.249913494400322,0.190864399304556,0.493287278146657
25492,0.373244406305428,0.31238684160172,0.157199931460307,0.157168820632546
25493,0.0419427882662341,0.0660441465758273,0.366532028932245,0.525481036225694
25494,0.409150411150675,0.362980133799347,0.0483825033845618,0.179486951665416
25495,0.343743569598044,0.15174053012863,0.272230493307984,0.232285406965342
25496,0.0455843590580841,0.152670117298919,0.706903461546979,0.0948420620960188
25497,0.0498912101266555,0.0964888318962982,0.782926442118809,0.0706935158582369
25498,0.756130063057244,0.0359060875273933,0.074899693359674,0.133064156055688
25499,0.104501043556138,0.182489378252656,0.507406528656512,0.205603049534695
25500,0.574359357721871,0.101340605171128,0.198293643814442,0.126006393292559
25501,0.106135615357232,0.358071292800497,0.206885122189873,0.328907969652398
25502,0.463065110084924,0.0529556515908876,0.365052959647506,0.118926278676682
25503,0.082956116364121,0.113931317178916,0.472777591399942,0.330334975057022
25504,0.175390581681551,0.632724899260211,0.04422578114259,0.147658737915648
25505,0.0878311252156837,0.38673341578931,0.184618884882757,0.340816574112249
25506,0.12735635459372,0.101048513494048,0.483514471523055,0.288080660389178
25507,0.0965977741919377,0.351325602600173,0.0472782202990069,0.504798402908882
25508,0.0317892931407842,0.632133523926449,0.275935607291462,0.0601415756413047
25509,0.621298773855413,0.0668510919972767,0.116570545004944,0.195279589142367
25510,0.201472408757388,0.160590891294613,0.390581103747604,0.247355596200395
25511,0.520015257286666,0.0759177746124615,0.0884457309018377,0.315621237199035
25512,0.543282562272374,0.0694904711479611,0.224121893001828,0.163105073577837
25513,0.0474371480785251,0.133925948913302,0.138666255655599,0.679970647352574
25514,0.199925626619038,0.106759173825732,0.361347624589153,0.331967574966077
25515,0.0344891014613139,0.353146496447161,0.0612276261165034,0.551136775975022
25516,0.054199701162919,0.642227157727355,0.0284827407486072,0.275090400361119
25517,0.205838937666152,0.0896577606160513,0.116813285073168,0.587690016644628
25518,0.274412057124741,0.195746429426744,0.347088579075274,0.182752934373242
25519,0.108599156987635,0.622054196518562,0.136530132561066,0.132816513932737
25520,0.236444821884486,0.210023912852848,0.485853780459993,0.0676774848026732
25521,0.354837584619218,0.279001333689153,0.0760846334305494,0.29007644826108
25522,0.0460365108554025,0.674197485557883,0.0719117572120454,0.20785424637467
25523,0.794151304894861,0.0585130733972858,0.0579498559797688,0.0893857657280841
25524,0.0947732633759604,0.270483543814331,0.407561133248824,0.227182059560885
25525,0.435587884313649,0.183328873525187,0.0551552024588294,0.325928039702334
25526,0.134281157757784,0.636909380086707,0.0457834571938737,0.183026004961635
25527,0.4060560114852,0.120966521536337,0.102933901243759,0.370043565734703
25528,0.565647736336,0.0897801612904418,0.243955141346394,0.100616961027164
25529,0.515685551826759,0.113641268355498,0.168916638129787,0.201756541687957
25530,0.0813929355302692,0.543728053205852,0.0602701723055978,0.314608838958281
25531,0.0133174627768724,0.132036282931335,0.806090191504983,0.0485560627868092
25532,0.0523552395242126,0.609258540929945,0.176945844680991,0.161440374864851
25533,0.243359664653376,0.101391714089455,0.508003123510648,0.147245497746521
25534,0.033741155090463,0.588332817397327,0.209831211387361,0.16809481612485
25535,0.281769674901652,0.419631353689082,0.100369330374548,0.198229641034719
25536,0.0259505701792763,0.425536428483751,0.349272503495689,0.199240497841284
25537,0.0874172434777524,0.238050754569372,0.307016365469177,0.367515636483699
25538,0.489138213225956,0.0544152354121339,0.264208332464497,0.192238218897413
25539,0.561592213192043,0.130741590500753,0.123050990002942,0.184615206304262
25540,0.0466018367186156,0.113990181818822,0.677862239332303,0.161545742130259
25541,0.390408154392027,0.452862396891466,0.129144942805755,0.0275845059107516
25542,0.197241537189063,0.502647711322902,0.0571329447385322,0.242977806749503
25543,0.242379941343435,0.144450109193416,0.298402080451232,0.314767869011918
25544,0.416478453331144,0.377512671665979,0.018767810468852,0.187241064534024
25545,0.38104575521069,0.0893860493708865,0.378831277637643,0.15073691778078
25546,0.391536045456208,0.421529470181854,0.0583267886180243,0.128607695743914
25547,0.0491243720149401,0.128612272547551,0.747709506832907,0.0745538486046026
25548,0.114537543658072,0.179319174735003,0.312461957599808,0.393681324007118
25549,0.049013877954999,0.118528683943978,0.563686089197556,0.268771348903468
25550,0.316035395953321,0.0504439258536478,0.0837855566806373,0.549735121512394
25551,0.174697935498415,0.211490901027958,0.127072594012152,0.486738569461475
25552,0.147773447644718,0.458059104670708,0.0973993362836948,0.29676811140088
25553,0.0931892910330826,0.646015403048567,0.0822578229248306,0.17853748299352
25554,0.0247090251478514,0.772909754234827,0.0899796653191551,0.112401555298167
25555,0.540965308191549,0.0869002159227731,0.018092598490645,0.354041877395033
25556,0.0474662788771623,0.871965693634564,0.047809361323278,0.0327586661649962
25557,0.470597423160435,0.349419855039534,0.11112055861226,0.0688621631877704
25558,0.585167794037091,0.133258674760805,0.157769098861082,0.123804432341022
25559,0.783901147143298,0.0536091724074709,0.119719712946062,0.0427699675031689
25560,0.315126771552204,0.341287065608333,0.0863839401839129,0.25720222265555
25561,0.0539601228921114,0.418355141831332,0.225085163954619,0.302599571321938
25562,0.174809749672253,0.172401597451073,0.367431476743209,0.285357176133465
25563,0.673678034777271,0.0766830106003548,0.173704059111981,0.0759348955103935
25564,0.0260684631877424,0.114947673634124,0.735896764624185,0.123087098553949
25565,0.32741278396066,0.0331507225977768,0.177504104609036,0.461932388832527
25566,0.0430084172362426,0.200598712733332,0.0261325803899581,0.730260289640467
25567,0.0120505468984068,0.42003836939395,0.231411468731631,0.336499614976012
25568,0.663471568633536,0.158459024538672,0.113326721606544,0.0647426852212485
25569,0.562630361512691,0.112667004728541,0.263386046115693,0.0613165876430752
25570,0.229583008130173,0.0758209947128685,0.254590889466337,0.440005107690622
25571,0.0775336732778588,0.0496284705352734,0.0464335374017635,0.826404318785104
25572,0.517179368456869,0.105916499949319,0.107119766422159,0.269784365171653
25573,0.160159333251094,0.701204167460591,0.044768012607209,0.0938684866811061
25574,0.144349937122517,0.0275155033968653,0.355256520140871,0.472878039339747
25575,0.472995933462271,0.0415388240719169,0.354772441941476,0.130692800524336
25576,0.294099431983187,0.140961644241671,0.417353460988809,0.147585462786333
25577,0.461223998426237,0.10679604034455,0.240086731915669,0.191893229313544
25578,0.45836566422335,0.271363820013532,0.0590879847353561,0.211182531027762
25579,0.693220400124405,0.110895808012461,0.0472796977702013,0.148604094092934
25580,0.2698174451787,0.335836028520772,0.14350021479954,0.250846311500988
25581,0.634437482355337,0.073045913561191,0.0706000935175685,0.221916510565904
25582,0.076379758872851,0.183963590147516,0.156513654503159,0.583142996476474
25583,0.589201875184227,0.0511485183379774,0.272579177162145,0.0870704293156509
25584,0.234527866099397,0.257186777377194,0.0712007549481,0.437084601575309
25585,0.0719503111499619,0.301214291729154,0.109701015517317,0.517134381603567
25586,0.141281379053379,0.13058973257642,0.655459117273622,0.072669771096579
25587,0.790618888001788,0.0757219768293847,0.0607160113021498,0.0729431238666778
25588,0.349571704599224,0.0873938610440297,0.107870872355867,0.455163562000879
25589,0.656621363816331,0.135798434339698,0.063391858823273,0.144188343020699
25590,0.167654268219129,0.212533930846615,0.0334868369574862,0.58632496397677
25591,0.110796256024352,0.314144575460081,0.0869409839169712,0.488118184598596
25592,0.464441905503826,0.378247793452223,0.0349208901907515,0.1223894108532
25593,0.125904464523723,0.600244066684823,0.12708736430309,0.146764104488364
25594,0.263597511469204,0.297887241784736,0.272382125197977,0.166133121548083
25595,0.313848366112287,0.425789853706331,0.142789107708678,0.117572672472704
25596,0.0344434236666492,0.01900725835426,0.81461039475999,0.131938923219101
25597,0.411282735361363,0.172701271990527,0.126038801326068,0.289977191322042
25598,0.155003984727126,0.487977502014835,0.0986556601657916,0.258362853092247
25599,0.111146314493202,0.0589813660143021,0.614531809303957,0.215340510188539
25600,0.102387679738303,0.0553314832104474,0.64825087968947,0.194029957361779
25601,0.548688655233394,0.0424129677800779,0.338234373691082,0.0706640032954469
25602,0.22802490948476,0.0442945392985051,0.118054860435471,0.609625690781264
25603,0.729586290306973,0.116608813459126,0.089648733992004,0.064156162241897
25604,0.0120888485298215,0.902448107954526,0.068487677497197,0.0169753660184552
25605,0.0230399878547783,0.0341235333610405,0.400934268393653,0.541902210390529
25606,0.0159206091199127,0.912426974786386,0.029324592080105,0.0423278240135968
25607,0.575320506254829,0.128371958207446,0.0261262630358014,0.270181272501923
25608,0.0969242706956204,0.179121721925523,0.204711383882381,0.519242623496476
25609,0.845332603374384,0.0508075476866744,0.0245616767769884,0.0792981721619536
25610,0.272272496856856,0.0906268754370232,0.202222841607901,0.434877786098219
25611,0.0713761002570737,0.180263883063903,0.532273375775017,0.216086640904007
25612,0.072264793253914,0.169831884360044,0.633644101564212,0.12425922082183
25613,0.504696374229009,0.094241796938721,0.182784268615198,0.218277560217072
25614,0.237896106385666,0.187514856692559,0.211362360507178,0.363226676414596
25615,0.156168139463162,0.332265628516988,0.131715270166995,0.379850961852856
25616,0.0601779677791156,0.241672721150131,0.361284957528498,0.336864353542256
25617,0.494475778551921,0.104355878332534,0.196405803634233,0.204762539481313
25618,0.181768685528905,0.084416123807993,0.584742773039688,0.149072417623414
25619,0.168127026603976,0.125872947417506,0.45076825976862,0.255231766209899
25620,0.117048254287659,0.0594177674927295,0.429648614846563,0.393885363373048
25621,0.077837250977718,0.0483728005681239,0.611958624802357,0.261831323651801
25622,0.268252443285215,0.100995592790705,0.294458651069107,0.336293312854973
25623,0.0917937474985634,0.340742170016024,0.095545249212159,0.471918833273254
25624,0.115225732890082,0.294522899174658,0.148951717282138,0.441299650653122
25625,0.0474699443516653,0.191543421078847,0.207749050222108,0.55323758434738
25626,0.0704918725412655,0.495341116505075,0.0834984749815295,0.35066853597213
25627,0.125395280889841,0.154331245097658,0.0683548105772862,0.651918663435215
25628,0.0784977693162582,0.176242844516735,0.417777380645088,0.327482005521919
25629,0.167199479226798,0.285368935270367,0.353562418034382,0.193869167468453
25630,0.164009390099728,0.299335958358842,0.0319668497646482,0.504687801776783
25631,0.0664598605999554,0.261276038288376,0.288954979453196,0.383309121658473
25632,0.220076450353483,0.305625451994123,0.292661393419005,0.181636704233389
25633,0.0874557578278711,0.208080368237678,0.299828158045435,0.404635715889016
25634,0.494371270775559,0.180647400843841,0.156767101384328,0.168214226996272
25635,0.616127650491031,0.0860198204151308,0.0314460294800296,0.266406499613808
25636,0.288918516488007,0.307476929478705,0.199148320481318,0.20445623355197
25637,0.287089507904345,0.145016637124758,0.185139149074579,0.382754705896318
25638,0.141411399864843,0.2421319036663,0.0461739088719903,0.570282787596867
25639,0.157345430642835,0.485174410660146,0.0633038564756933,0.294176302221326
25640,0.179109180486632,0.0856443579459065,0.228922733178873,0.506323728388589
25641,0.23331874507224,0.195801458514689,0.369740317380802,0.201139479032269
25642,0.0375936197375197,0.470500418973713,0.114312718704994,0.377593242583773
25643,0.255190782645379,0.541689092745878,0.0804784371381168,0.122641687470626
25644,0.596463636929787,0.0774105259751591,0.0781469933569254,0.247978843738128
25645,0.047585651721054,0.823517914383058,0.0381045475519747,0.0907918863439139
25646,0.133599532614801,0.073460037496829,0.681657596714327,0.111282833174043
25647,0.0982565248045789,0.136825899967189,0.306280886709607,0.458636688518625
25648,0.170683955427163,0.0908412924676552,0.315300572384527,0.423174179720654
25649,0.274512335441234,0.557259372834695,0.0817657830392719,0.0864625086847988
25650,0.0682870674825344,0.0383181779833976,0.526223272149984,0.367171482384084
25651,0.416895244288588,0.366975695930834,0.152283018566246,0.0638460412143313
25652,0.423080769397955,0.141293851077534,0.076765723615358,0.358859655909153
25653,0.212815223116388,0.333373789131665,0.308671549602508,0.145139438149439
25654,0.124337450355777,0.471173875500757,0.15681656251862,0.247672111624845
25655,0.0744386456637585,0.0921711935591748,0.609566905732662,0.223823255044405
25656,0.468005323247955,0.186070202502969,0.0347887357522488,0.311135738496827
25657,0.114171491226611,0.632605956142622,0.144977409434211,0.108245143196555
25658,0.229456890204607,0.587670296829928,0.0338909037549393,0.148981909210525
25659,0.842485144319351,0.0537534399734495,0.0660813980584507,0.0376800176487489
25660,0.0621376358531704,0.79181195011788,0.067169504683807,0.0788809093451426
25661,0.0494874874974434,0.01696486709745,0.130753932015964,0.802793713389143
25662,0.199609942692361,0.55123176060015,0.0281051335409126,0.221053163166576
25663,0.0611415123838568,0.0485331300710824,0.130323645409597,0.760001712135464
25664,0.0282430198305158,0.544389877860946,0.164166100604461,0.263201001704078
25665,0.0255877819812117,0.254212813487654,0.106849268914706,0.613350135616429
25666,0.0514353994515669,0.063675398386671,0.0681666416301674,0.816722560531595
25667,0.8393346612412,0.0567626531351426,0.0508325002981241,0.0530701853255333
25668,0.159353715596305,0.14715075663202,0.023099907246695,0.670395620524981
25669,0.0255540786569212,0.428145191476909,0.129973433287753,0.416327296578417
25670,0.63928444323912,0.184224873036179,0.0846263390372328,0.0918643446874677
25671,0.132064150817902,0.489012226152249,0.310009035067721,0.0689145879621282
25672,0.0348925081669867,0.493249825465467,0.14819777647773,0.323659889889816
25673,0.0545878043155984,0.445957631855796,0.0937920753389282,0.405662488489677
25674,0.503461315078533,0.132386942677556,0.117139995989678,0.247011746254233
25675,0.296009941798699,0.136343104983974,0.333111660359254,0.234535292858073
25676,0.153017981076486,0.560377955801292,0.135924303050159,0.150679760072062
25677,0.540337333821971,0.250854299481775,0.026014848126721,0.182793518569533
25678,0.203708630886305,0.236643425210658,0.307364893122357,0.25228305078068
25679,0.128589930801346,0.566285117275123,0.0226904041972653,0.282434547726266
25680,0.0841863847340401,0.661066082126912,0.162718426613953,0.092029106525095
25681,0.0761494538107114,0.316809346239688,0.091597421495937,0.515443778453663
25682,0.205567622483002,0.106821671821502,0.0692218903285185,0.618388815366977
25683,0.44171616528979,0.332328059172755,0.0911906577087616,0.134765117828694
25684,0.0106936217882204,0.485299947378781,0.0613448765893618,0.442661554243637
25685,0.0210874897449191,0.390934537401435,0.0525601076091148,0.535417865244532
25686,0.046038695805011,0.305133664423238,0.229855471980527,0.418972167791224
25687,0.15354761899165,0.644983339792642,0.0480217439316167,0.153447297284091
25688,0.17184373067526,0.29688029217546,0.412925662655003,0.118350314494277
25689,0.804704328810742,0.0281713756532066,0.0749110330515439,0.0922132624845074
25690,0.124295088506197,0.527619075077719,0.220989866316804,0.12709597009928
25691,0.155539502163975,0.15320363379267,0.638623772728695,0.0526330913146589
25692,0.427548379666616,0.116987143304158,0.0700624857329739,0.385401991296252
25693,0.198602188596448,0.418042855833898,0.224201604967052,0.159153350602603
25694,0.540645751668426,0.0955605333160332,0.123344905513136,0.240448809502405
25695,0.371405234261942,0.221059766211524,0.0720156127411272,0.335519386785407
25696,0.162503855246776,0.380865181729107,0.260578392229935,0.196052570794182
25697,0.0522633031733167,0.160983306851458,0.505925380817362,0.280828009157864
25698,0.125582684248474,0.391398513014039,0.156410173465504,0.326608629271984
25699,0.132800623725821,0.104485604282562,0.41495412306431,0.347759648927307
25700,0.122573712552223,0.163511741426707,0.375428681435507,0.338485864585563
25701,0.102258808091772,0.778577524051192,0.0314457054885059,0.0877179623685298
25702,0.0827972563642987,0.382842647608135,0.299161046903507,0.235199049124059
25703,0.146994703589019,0.442322754412542,0.106067321867733,0.304615220130706
25704,0.757640781025009,0.0548235433836567,0.0697729372360026,0.117762738355332
25705,0.0294629344244543,0.227652970663959,0.549750391497132,0.193133703414455
25706,0.557392064474664,0.141676408020114,0.0715452492347291,0.229386278270492
25707,0.225974097531768,0.488529272485108,0.0395118481229299,0.245984781860195
25708,0.318641800135491,0.0452722445823933,0.506736193167289,0.129349762114827
25709,0.169686902483185,0.277615662310556,0.385211668605369,0.16748576660089
25710,0.230225614195936,0.0864384892364343,0.421325787713439,0.262010108854191
25711,0.371184090408556,0.0392555268611296,0.419308662491134,0.17025172023918
25712,0.42036052403869,0.223607181381116,0.0520923763645988,0.303939918215595
25713,0.455079457380129,0.214438877283231,0.274864169716742,0.055617495619898
25714,0.521015737037225,0.0548522960642267,0.213351874189527,0.210780092709021
25715,0.348038265206971,0.292195249212765,0.221265084075927,0.138501401504336
25716,0.169384850593585,0.210231789016731,0.401683705738416,0.218699654651268
25717,0.0420178272186476,0.526476763348604,0.108720986126535,0.322784423306214
25718,0.323940112031128,0.0646620465375796,0.0498097390689405,0.561588102362352
25719,0.247402168727254,0.467363706202841,0.137828086975698,0.147406038094208
25720,0.0858674669068162,0.315150013432277,0.175423938836054,0.423558580824852
25721,0.205934742450364,0.0493913603771989,0.609598953498423,0.135074943674014
25722,0.0768096301937405,0.171669642079708,0.0158595922469467,0.735661135479605
25723,0.0434385136063877,0.103089395321701,0.585586814862596,0.267885276209316
25724,0.193244679242695,0.114753786856546,0.206731794260752,0.485269739640007
25725,0.248879579895058,0.150180374237256,0.463522608906803,0.137417436960883
25726,0.10332860228374,0.20079200654321,0.161442243890811,0.534437147282239
25727,0.188350097070294,0.159280476436978,0.537437104144553,0.114932322348175
25728,0.0941265065884092,0.290803251819468,0.251044398810167,0.364025842781955
25729,0.232795026505969,0.195763037901647,0.436985387586965,0.134456548005419
25730,0.749582699961325,0.0780293189581408,0.145120279812081,0.0272677012684538
25731,0.362415549158183,0.0423814317378126,0.297831194018891,0.297371825085113
25732,0.0520340374264816,0.0698075473066847,0.818266100368405,0.0598923148984286
25733,0.159491983504362,0.162887541527904,0.219448955275177,0.458171519692557
25734,0.561296870829861,0.164625070729997,0.147979834119869,0.126098224320274
25735,0.269483661430847,0.165891659281361,0.254939484955802,0.309685194331991
25736,0.286416236125171,0.0981749096680739,0.220542044819193,0.394866809387563
25737,0.196323641068916,0.678781705678744,0.0391507117903183,0.0857439414620222
25738,0.215047359867787,0.233391084273748,0.0871037841416842,0.464457771716781
25739,0.0888537135658363,0.117597332057755,0.44160246572086,0.351946488655549
25740,0.19269187488954,0.147560220771373,0.191908279929066,0.467839624410021
25741,0.489666959221575,0.332643518943149,0.0120721509111027,0.165617370924174
25742,0.0273281875055732,0.626128710265466,0.187407369477432,0.159135732751529
25743,0.157407645508021,0.288171581377,0.197399524661439,0.35702124845354
25744,0.540535106591604,0.185501614823763,0.0694787941335246,0.204484484451108
25745,0.138376236090489,0.625395577816894,0.140922547213625,0.0953056388789925
25746,0.805324206992661,0.0492563219864695,0.11419097156126,0.0312284994596091
25747,0.599386011878464,0.167505089000045,0.110913358016621,0.12219554110487
25748,0.082557593859969,0.470487363131176,0.061640324296532,0.385314718712324
25749,0.553634446565919,0.118451211416014,0.17220658270763,0.155707759310437
25750,0.222323925530084,0.0831267681378406,0.617396487180457,0.0771528191516183
25751,0.146130905051532,0.21077117305796,0.526847485220163,0.116250436670345
25752,0.18147373873367,0.0637411813276878,0.212931281888759,0.541853798049883
25753,0.603068616030323,0.0870081206376947,0.195504449380441,0.114418813951542
25754,0.718240430111921,0.0639107356786993,0.0633197903145773,0.154529043894803
25755,0.278402167614867,0.0249645837274778,0.0928137985945846,0.60381945006307
25756,0.169901237004596,0.729931972382299,0.0462374750745414,0.0539293155385633
25757,0.36676118696662,0.0586390724054082,0.0951187097390702,0.479481030888902
25758,0.0868463630544766,0.0187859001461416,0.530129015616804,0.364238721182578
25759,0.233250694916083,0.542777484122972,0.0928133192306172,0.131158501730328
25760,0.768443482997018,0.093023074504106,0.0850746538240552,0.0534587886748209
25761,0.0885759482376325,0.354509398830795,0.120643047472618,0.436271605458954
25762,0.114525474824644,0.527465041549681,0.0910053405594395,0.267004143066235
25763,0.324739102149843,0.187045680254042,0.158451157161175,0.329764060434941
25764,0.357442082569637,0.0506026023123871,0.250064192393043,0.341891122724933
25765,0.276764532932805,0.104515800669507,0.421880510233276,0.196839156164411
25766,0.0852390711155969,0.595141462470633,0.201642599542273,0.117976866871498
25767,0.325272055839149,0.318787679027445,0.103702269903658,0.252237995229749
25768,0.274753792285116,0.201161274673769,0.107777316848637,0.416307616192478
25769,0.6761650295069,0.145839064552491,0.0876013339387276,0.090394572001881
25770,0.217708715103756,0.214004244099428,0.289888623286782,0.278398417510034
25771,0.0541548293612994,0.67688740630563,0.191319134130171,0.0776386302028997
25772,0.132808104151505,0.287699150955182,0.119018331260785,0.460474413632529
25773,0.634436768487962,0.0510307065933357,0.0268412509276308,0.287691273991072
25774,0.110181152638141,0.23308237478371,0.575621824296745,0.0811146482814044
25775,0.367226531737605,0.0505672664286899,0.530167279092574,0.052038922741132
25776,0.167254633394204,0.033291325896739,0.245588656185204,0.553865384523853
25777,0.0463148598789651,0.0949496395029091,0.784091163818169,0.0746443367999564
25778,0.227354119385222,0.569725392290942,0.0407597127554975,0.162160775568338
25779,0.0929594038439702,0.36114808349291,0.0983972237866197,0.4474952888765
25780,0.0884409866505658,0.251890230398729,0.216245401645789,0.443423381304917
25781,0.455318079711363,0.203372990916782,0.0455196321901057,0.29578929718175
25782,0.0782920498282129,0.364201783811089,0.0131602029104882,0.54434596345021
25783,0.291601417903849,0.121441873108979,0.373053275777288,0.213903433209884
25784,0.380447175940371,0.230913019604871,0.199505243943082,0.189134560511676
25785,0.0804847554314886,0.296456756011874,0.21462080697447,0.408437681582167
25786,0.364120216335211,0.196805443394637,0.132477674738429,0.306596665531723
25787,0.095721213657965,0.567374827849587,0.234893162572917,0.102010795919531
25788,0.439487187591931,0.208634415391414,0.145690120928682,0.206188276087973
25789,0.452106816617318,0.0587706773682403,0.255455188164597,0.233667317849845
25790,0.229789578535102,0.411852040715058,0.0334294744894446,0.324928906260396
25791,0.215887140084547,0.492580603747805,0.136414462704775,0.155117793462874
25792,0.319072297742528,0.108570797384229,0.345544060378795,0.226812844494448
25793,0.0779859472098117,0.550483145549458,0.0808153847702073,0.290715522470523
25794,0.348298560503796,0.18031285693196,0.0792578437574265,0.392130738806818
25795,0.0849281854865134,0.319629370706392,0.417863971720307,0.177578472086787
25796,0.169711408102608,0.0992248032951168,0.629629460551684,0.101434328050591
25797,0.104312917346302,0.37591591929066,0.104726401887585,0.415044761475453
25798,0.144785192642559,0.407786926016202,0.119859074325917,0.327568807015323
25799,0.16596986380953,0.0900134313956924,0.579456581866872,0.164560122927906
25800,0.374651881930996,0.119512407507459,0.090307481425535,0.41552822913601
25801,0.0937453627430115,0.257338397981988,0.121212728042788,0.527703511232212
25802,0.230243772873632,0.100344462033867,0.0434511501760733,0.625960614916428
25803,0.594487896437547,0.19409687756569,0.0312555957282146,0.180159630268549
25804,0.0931273958998353,0.170409418276601,0.553157473177367,0.183305712646196
25805,0.222187134867574,0.629344576370696,0.0640605348342733,0.0844077539274569
25806,0.59766631888039,0.107060203320227,0.212535210237474,0.0827382675619099
25807,0.0531095137402641,0.546828246512947,0.0363245788442019,0.363737660902588
25808,0.46474497026751,0.18078240502063,0.0693810144978013,0.285091610214058
25809,0.0559004797594588,0.0667491632333915,0.385553920054704,0.491796436952445
25810,0.178131476625018,0.0775797708735787,0.386065908530923,0.35822284397048
25811,0.191852997369154,0.60291743589619,0.110138287890541,0.0950912788441147
25812,0.335917383700768,0.0919074158429509,0.367741827055388,0.204433373400894
25813,0.63274380437284,0.1371303608467,0.0714665235297679,0.158659311250692
25814,0.079102463153951,0.377747072391062,0.0994304617806107,0.443720002674376
25815,0.083181099967971,0.679311783573388,0.144317953515657,0.093189162942984
25816,0.0223652925314984,0.452960093159105,0.227222021063283,0.297452593246114
25817,0.0271348929207019,0.0354258855235825,0.0338786553119409,0.903560566243775
25818,0.0917613116423211,0.228295207675566,0.311741800006623,0.36820168067549
25819,0.479176940236624,0.0754498667243257,0.114933844718685,0.330439348320365
25820,0.0645197171704158,0.0601906949973769,0.280424526273319,0.594865061558888
25821,0.171073875798855,0.0282053673231052,0.376116196829556,0.424604560048484
25822,0.239210769452628,0.154345910752753,0.445864117939793,0.160579201854826
25823,0.37964374863043,0.171365871656555,0.21650295735393,0.232487422359086
25824,0.513427913798019,0.054058639068011,0.202789029081174,0.229724418052796
25825,0.033678380014285,0.223954196537916,0.609221390210768,0.133146033237032
25826,0.148003635837869,0.422734247332432,0.199275839946522,0.229986276883176
25827,0.517740641073949,0.147869213500884,0.113872761819919,0.220517383605248
25828,0.180589029257542,0.67241854025713,0.0428705933164592,0.104121837168869
25829,0.120677680949946,0.591755539764971,0.0307134926227191,0.256853286662364
25830,0.099307836165955,0.267610271255708,0.584654902192792,0.0484269903855447
25831,0.224079697660154,0.150659905011271,0.210901785281877,0.414358612046698
25832,0.0503665996193796,0.592747150168538,0.131663333185774,0.225222917026308
25833,0.13985184958706,0.412571493638801,0.360649523332123,0.0869271334420162
25834,0.615568632995244,0.107872061857924,0.192109130232657,0.0844501749141755
25835,0.0570805922505361,0.0341292234536312,0.550546164515411,0.358244019780422
25836,0.0499498962331182,0.0983530872638341,0.629324891882509,0.222372124620539
25837,0.118990424829937,0.131320912625836,0.510370887644731,0.239317774899497
25838,0.153346156721055,0.558552197486653,0.0184903711227844,0.269611274669509
25839,0.700885650251967,0.161139139766125,0.0428799079890206,0.095095301992888
25840,0.0674239943620948,0.42880493479354,0.218541472436034,0.285229598408331
25841,0.219328368325977,0.156478044568439,0.407153180372383,0.217040406733202
25842,0.226719132794294,0.645312514815639,0.0623979851930495,0.0655703671970174
25843,0.366721516101462,0.46019280950893,0.0824555334185391,0.0906301409710689
25844,0.679265628822142,0.0505930360155422,0.126166955261685,0.143974379900631
25845,0.202333974400927,0.308493900209088,0.429541035192535,0.0596310901974506
25846,0.218543864265621,0.0958785931103038,0.243913251120867,0.441664291503208
25847,0.568660603993698,0.0338250649065423,0.04619598174957,0.35131834935019
25848,0.155954105018802,0.453292168294591,0.0557079907639559,0.335045735922652
25849,0.329011410558556,0.132547241907237,0.384007862514698,0.15443348501951
25850,0.172120196098561,0.43243676042028,0.290682639630209,0.104760403850951
25851,0.77132422339916,0.126493544467155,0.0372348314120692,0.0649474007216155
25852,0.124938897678468,0.341710431158386,0.166961085769214,0.366389585393932
25853,0.0813832338708869,0.320849982917773,0.423001377847896,0.174765405363444
25854,0.357856672619493,0.180157461202645,0.0574183191295194,0.404567547048343
25855,0.576685881849705,0.0670958747355049,0.117352525566943,0.238865717847847
25856,0.742845737824678,0.119326302241917,0.0293565289305272,0.108471431002878
25857,0.0519762264220189,0.121878492516788,0.298913816755965,0.527231464305228
25858,0.0776986360948038,0.410065099819958,0.0899567680172145,0.422279496068024
25859,0.081271927366599,0.0457760365254048,0.212887160934655,0.660064875173341
25860,0.484897357105824,0.0977519666896791,0.221848447778766,0.195502228425731
25861,0.18086281919946,0.160403422125943,0.505357862083496,0.153375896591101
25862,0.260635992166572,0.0909762303673627,0.509493223103823,0.138894554362242
25863,0.0513468769605426,0.0427685545364296,0.83648312196084,0.0694014465421882
25864,0.556998021159172,0.169387485287038,0.113401477527939,0.160213016025851
25865,0.0749214905670233,0.425422153294083,0.346297413373932,0.153358942764961
25866,0.160970487516814,0.231173615557028,0.48314676197646,0.124709134949698
25867,0.174658056098241,0.412417516257338,0.136794949355572,0.276129478288849
25868,0.0938063066199563,0.484070381221664,0.099670753329991,0.322452558828389
25869,0.0590305551806028,0.259368160168469,0.32098255707052,0.360618727580408
25870,0.110910814815706,0.0820839614626059,0.237144889145102,0.569860334576586
25871,0.0272492875079405,0.228984271635423,0.67171439783017,0.0720520430264667
25872,0.0499180301750227,0.156561226948645,0.656469521552474,0.137051221323859
25873,0.0271537023872879,0.114841984928088,0.133521554312362,0.724482758372262
25874,0.583170577689665,0.0753939592650679,0.179399698785432,0.162035764259835
25875,0.0840069489295098,0.276938413870511,0.474512225229129,0.16454241197085
25876,0.615055896171279,0.0284965780986667,0.0781589310359622,0.278288594694092
25877,0.723724427613891,0.0343841468178076,0.0647450832289955,0.177146342339306
25878,0.270662900617059,0.0559479775095179,0.124628960808198,0.548760161065225
25879,0.200921728564086,0.51689262173315,0.0756893379205593,0.206496311782204
25880,0.0519270792703057,0.888100599277909,0.0386051319309496,0.0213671895208354
25881,0.226006788290893,0.620412916367963,0.10196702459743,0.0516132707437143
25882,0.393278410857187,0.33012237063453,0.126299719001223,0.15029949950706
25883,0.771575668056852,0.0773146661593291,0.094958435303649,0.0561512304801699
25884,0.273825248612222,0.443778079812428,0.180092498076884,0.102304173498466
25885,0.220992028682055,0.138150265551851,0.196353405723556,0.444504300042538
25886,0.0306031301991547,0.787218746690959,0.082516410064472,0.0996617130454141
25887,0.360515536309473,0.0525606616689245,0.235867245992386,0.351056556029217
25888,0.457448612810555,0.11262762905004,0.119214697383864,0.310709060755542
25889,0.217678790381095,0.172723048941781,0.41602021571207,0.193577944965054
25890,0.636414251361185,0.107400674494973,0.0540166887941987,0.202168385349643
25891,0.114462319232961,0.138425205405931,0.620745996838646,0.126366478522462
25892,0.15052853072796,0.236406563172231,0.316518678232573,0.296546227867236
25893,0.235182940970469,0.44306453262957,0.0365345138489149,0.285218012551046
25894,0.434962761881791,0.324151961901187,0.0355582447363234,0.205327031480699
25895,0.511575394528737,0.0698009828339844,0.22680728781529,0.191816334821988
25896,0.0684233189125316,0.183644455295076,0.632812467703864,0.115119758088528
25897,0.234212394731161,0.447319124586355,0.138779988685097,0.179688491997387
25898,0.224592648733449,0.582234294354995,0.120406415769165,0.0727666411423916
25899,0.0424739504464143,0.623346069152007,0.0652833318849179,0.268896648516661
25900,0.0554692443226113,0.101203888502722,0.432436541696643,0.410890325478024
25901,0.216083414907517,0.168993243944051,0.552194871424728,0.0627284697237044
25902,0.0431628024807302,0.293173081975694,0.492015715454679,0.171648400088897
25903,0.053849532948338,0.280970527299548,0.459974461849376,0.205205477902738
25904,0.0123995603899675,0.315421058328224,0.579464485164472,0.0927148961173368
25905,0.0342863997467235,0.24043574020113,0.638904987510746,0.0863728725414001
25906,0.426329270888964,0.497724502185979,0.0296743479614708,0.0462718789635863
25907,0.137831980727718,0.652674880456756,0.161064553915595,0.0484285848999308
25908,0.32221957028387,0.0859175093025375,0.23865283121285,0.353210089200742
25909,0.708773514257253,0.190256598193268,0.025212297894263,0.075757589655216
25910,0.0182835410060702,0.414355574273184,0.353164077015065,0.214196807705681
25911,0.50762990398504,0.125257975848376,0.158729473182786,0.208382646983797
25912,0.432223560033738,0.274381619485181,0.0522668512725713,0.24112796920851
25913,0.0273936815726871,0.0778523877873067,0.588111943137658,0.306641987502348
25914,0.105990618741554,0.150996290533606,0.577566688434348,0.165446402290493
25915,0.538867160721293,0.117864532045204,0.136710805280644,0.206557501952859
25916,0.070020403228908,0.542553269524832,0.0626396732074612,0.324786654038799
25917,0.301418856265407,0.447215091083198,0.090297926129922,0.161068126521473
25918,0.163657372190864,0.366783665982396,0.3257377623935,0.14382119943324
25919,0.342777384990902,0.0469966375130085,0.400859004585922,0.209366972910168
25920,0.414550195118016,0.406565246763509,0.0608778707564472,0.118006687362027
25921,0.100034932631396,0.119911785846361,0.662080413458549,0.117972868063694
25922,0.0562069050155404,0.0626577911415812,0.572759880737945,0.308375423104934
25923,0.260434854429933,0.187028821044257,0.0671434742187229,0.485392850307087
25924,0.770175539330759,0.121965406995097,0.0479071150718759,0.0599519386022683
25925,0.10437399344419,0.0633858610463188,0.653726729235553,0.178513416273938
25926,0.398854313612128,0.482896916086076,0.0384559027644807,0.0797928675373155
25927,0.19617071749423,0.445845599639661,0.21423995565362,0.143743727212489
25928,0.109956507112613,0.496623916084675,0.254626385437267,0.138793191365445
25929,0.0128023914705437,0.528111911975847,0.0740140620465484,0.385071634507061
25930,0.248488149200257,0.291338551012173,0.405779800433909,0.0543934993536607
25931,0.0241964162125672,0.0337585686720658,0.854497006638426,0.0875480084769413
25932,0.0454417788993959,0.406736761694712,0.202275979924224,0.345545479481668
25933,0.163451073681459,0.15081975332517,0.521699207957025,0.164029965036346
25934,0.102710863860746,0.0471595972280718,0.762360694029926,0.0877688448812556
25935,0.276787590816297,0.24311818310041,0.0973700200304331,0.38272420605286
25936,0.29436015851723,0.0451157586680965,0.576102990203924,0.0844210926107493
25937,0.717347154029187,0.0880950975208863,0.0776477023090043,0.116910046140922
25938,0.0476911544233093,0.609789219554742,0.112198137834998,0.230321488186951
25939,0.117684099503103,0.0990453971071897,0.497624284130098,0.28564621925961
25940,0.0267955566385904,0.322250076236399,0.181337266180907,0.469617100944103
25941,0.0505515415052605,0.26847839296639,0.623671102486499,0.0572989630418511
25942,0.105956569643405,0.2997105603411,0.256916091054285,0.337416778961211
25943,0.0242838865722553,0.367810743292633,0.277175560224298,0.330729809910814
25944,0.209144293820802,0.106876690188672,0.102265690530016,0.581713325460511
25945,0.175842407947971,0.128305892034199,0.234741717505149,0.461109982512681
25946,0.680903615994634,0.139638741816255,0.075789910008113,0.103667732180998
25947,0.495252668550777,0.191867076139249,0.128335967474776,0.184544287835197
25948,0.027280938923841,0.082864793848208,0.131231419613372,0.758622847614579
25949,0.0468224335756084,0.197958016300808,0.638427093710953,0.116792456412631
25950,0.734920916681831,0.0564817320685695,0.130381325062278,0.0782160261873209
25951,0.0776533686548282,0.0893818369608781,0.630537479381326,0.202427315002968
25952,0.0521347071809519,0.140661366719967,0.621379428233255,0.185824497865825
25953,0.338983198926614,0.134765927012856,0.0760261949759542,0.450224679084576
25954,0.860360163536985,0.0222971598366811,0.0281749174142894,0.0891677592120448
25955,0.0844061329503124,0.662939988960619,0.131102717224368,0.1215511608647
25956,0.0896352524636374,0.184850550362782,0.650513695844916,0.0750005013286646
25957,0.558280664420406,0.324676740267289,0.0740142999264259,0.0430282953858793
25958,0.234136499600907,0.370481049805365,0.0698696344380737,0.325512816155654
25959,0.0384903004249136,0.129762585428628,0.707543176809223,0.124203937337236
25960,0.533840097333309,0.282592497630819,0.0505127372019792,0.133054667833894
25961,0.390622254306484,0.0830990918647273,0.428435710295672,0.0978429435331166
25962,0.619822311931488,0.144857250224982,0.0530600977209323,0.182260340122597
25963,0.0562961988305679,0.482580261389539,0.240445725203922,0.220677814575971
25964,0.625697009534564,0.206574556323776,0.0519020749032207,0.11582635923844
25965,0.118659504637092,0.150935152608247,0.496152650927879,0.234252691826783
25966,0.198674642865709,0.071281963292615,0.446714025941866,0.28332936789981
25967,0.224754145749385,0.0506316951757929,0.0463397077692298,0.678274451305593
25968,0.204222632170387,0.230594908351202,0.103926898976766,0.461255560501645
25969,0.0469677631644007,0.276435050346791,0.608272407565106,0.0683247789237019
25970,0.129955941348958,0.443989341953944,0.142370187229484,0.283684529467614
25971,0.497501010432878,0.19614944069669,0.166079447528455,0.140270101341978
25972,0.0885737006726974,0.426409205907523,0.0783089284303502,0.40670816498943
25973,0.131605312179782,0.149371338191616,0.359055126067643,0.359968223560958
25974,0.347506158004456,0.0849503850421166,0.343065734294224,0.224477722659204
25975,0.117965041882572,0.250935929021418,0.343444456413366,0.287654572682644
25976,0.078952944946058,0.416728939243274,0.158859297408184,0.345458818402484
25977,0.472963836399009,0.0669323959571493,0.385716372549319,0.0743873950945235
25978,0.234837425734939,0.30131025904261,0.389044151845487,0.0748081633769651
25979,0.685717120274147,0.0789573932889145,0.140477173259974,0.0948483131769648
25980,0.074032041954372,0.516842860494315,0.294275088537963,0.11485000901335
25981,0.52230064675053,0.145211635194814,0.261426047706026,0.0710616703486298
25982,0.105340074646481,0.0431854444111297,0.653388753255371,0.198085727687018
25983,0.543218803050059,0.210886647146393,0.164740538839279,0.0811540109642698
25984,0.267667372697226,0.0505805873470678,0.240548557924999,0.441203482030707
25985,0.0827225227177363,0.108935483417878,0.0717650526416268,0.736576941222759
25986,0.454499903272431,0.046334737803966,0.0887726573793181,0.410392701544285
25987,0.0271177488706016,0.0475487864196351,0.872078020502645,0.053255444207118
25988,0.0792599187824904,0.513584891144278,0.286137759974957,0.121017430098275
25989,0.0237932563399207,0.0898186466354717,0.0552018020740565,0.831186294950551
25990,0.0431120422025262,0.118335241789275,0.757960538435136,0.0805921775730625
25991,0.202121687624418,0.118622813139298,0.108406143118423,0.570849356117861
25992,0.0331750199795019,0.308940240535714,0.490642282192778,0.167242457292006
25993,0.227774484078008,0.397983860171651,0.0730428627747449,0.301198792975596
25994,0.158208731759173,0.141628322144012,0.356159919773471,0.344003026323344
25995,0.153251083015565,0.396341246567923,0.111136915709101,0.339270754707411
25996,0.214073095796596,0.126820946499744,0.473022198936117,0.186083758767543
25997,0.399471836682495,0.13266839997897,0.210586225088665,0.25727353824987
25998,0.301758850384789,0.227622128580587,0.10922392313742,0.361395097897204
25999,0.0956322521814834,0.202984518999146,0.550330466891762,0.151052761927609
26000,0.0868879420474705,0.328273006936777,0.154774106649578,0.430064944366175
26001,0.143512610930129,0.655991050583356,0.0601350472969507,0.140361291189564
26002,0.677153304904038,0.0771186797576776,0.0841558673388941,0.16157214799939
26003,0.168218317882973,0.175583452343354,0.164816415492472,0.491381814281202
26004,0.0560882325879493,0.458910890708677,0.0933714894470486,0.391629387256325
26005,0.0374905722632243,0.0981563495247861,0.502605708346231,0.361747369865759
26006,0.0846652775482489,0.354329296104183,0.100832619047839,0.460172807299729
26007,0.230844249561324,0.600538371291892,0.0898321129471869,0.0787852661995971
26008,0.124856816496991,0.0220554395248847,0.62912378363494,0.223963960343184
26009,0.0588520301929817,0.837411108318809,0.0581930181266654,0.045543843361544
26010,0.237675557776501,0.131429989724079,0.183428049898536,0.447466402600884
26011,0.858910967043036,0.06265980556258,0.033449432183136,0.0449797952112483
26012,0.358989319489073,0.227600005358829,0.20644602188379,0.206964653268307
26013,0.0750546850227131,0.290537724560302,0.205174707455711,0.429232882961275
26014,0.358956511819189,0.197197863342437,0.12253784896175,0.321307775876625
26015,0.0794127975886301,0.579723373722275,0.236790831547967,0.104072997141128
26016,0.449839263332743,0.196274132302046,0.135984451551433,0.217902152813778
26017,0.453611616336043,0.0516772098747353,0.248459060784337,0.246252113004886
26018,0.229787549007187,0.399356524224824,0.0285510732921247,0.342304853475864
26019,0.189607799705972,0.525400187030887,0.122561015048581,0.16243099821456
26020,0.306101403972621,0.0976936518099542,0.357147252171574,0.239057692045851
26021,0.0699691324699954,0.563290040649896,0.0672564205857412,0.299484406294368
26022,0.346757433537952,0.182580810552999,0.0625929083672363,0.408068847541813
26023,0.0756716420595799,0.318376771695155,0.423166587238838,0.182784999006427
26024,0.171164398967182,0.0805872791764135,0.645514718904169,0.102733602952236
26025,0.101412158390149,0.390638290820457,0.0843163512633176,0.423633199526077
26026,0.146745470515869,0.402784422106802,0.106087123042065,0.344382984335264
26027,0.15638119652084,0.0732889882932171,0.603763905096234,0.166565910089709
26028,0.391091610553997,0.106984104779037,0.0788989555812916,0.423025329085674
26029,0.0879895210053234,0.259498159268285,0.109251579010604,0.543260740715788
26030,0.229080184208231,0.0958349248251754,0.0373515241746892,0.637733366791905
26031,0.345229038147306,0.278461916473254,0.277617947243888,0.0986910981355523
26032,0.513156827868887,0.168507065217469,0.164131320079699,0.154204786833945
26033,0.278249775343855,0.357246313909946,0.0688656516410201,0.295638259105179
26034,0.146442370741118,0.0343680671336757,0.721459833143154,0.0977297289820522
26035,0.441659833197778,0.046348526387525,0.304188276006305,0.207803364408392
26036,0.361988675585692,0.0375098791138466,0.349549299744717,0.250952145555744
26037,0.0503641030809639,0.859417211168133,0.03297518719114,0.0572434985597636
26038,0.038518457206974,0.40096474086443,0.143861988676168,0.416654813252428
26039,0.256675853750871,0.0255817604183747,0.377965095596402,0.339777290234353
26040,0.0347592134224363,0.203601603371584,0.716892031473131,0.0447471517328487
26041,0.336301799452498,0.289596435642019,0.160839727792741,0.213262037112742
26042,0.142725835957573,0.48565828835689,0.0799646479374944,0.291651227748043
26043,0.0403552096365034,0.100142443390856,0.803169331455407,0.056333015517233
26044,0.728730708505248,0.125490210537561,0.0508245923033021,0.0949544886538892
26045,0.117651279427521,0.676988761926956,0.08329038368212,0.122069574963403
26046,0.128576100805117,0.0674797613570499,0.149452729885139,0.654491407952694
26047,0.297027824310579,0.133327108192167,0.210208011788051,0.359437055709204
26048,0.0520668620672113,0.213278550625687,0.316518379423303,0.418136207883799
26049,0.103608653163297,0.164339033637535,0.644085019376034,0.0879672938231345
26050,0.171988732941304,0.121297779210939,0.607188984705513,0.0995245031422438
26051,0.112544206245907,0.428678564359857,0.143501847840383,0.315275381553853
26052,0.0870249957564576,0.280943969776001,0.135147754888502,0.496883279579039
26053,0.0746744721429743,0.33622816647929,0.500675116290369,0.088422245087367
26054,0.157410110526306,0.360177495090925,0.155414577790618,0.326997816592151
26055,0.359116586313359,0.31901279199366,0.0718227879476654,0.250047833745315
26056,0.345091083206284,0.077941690841133,0.201788317143621,0.375178908808962
26057,0.309491693496364,0.431716540247963,0.184962882144622,0.0738288841110517
26058,0.0952810173347821,0.414621715764015,0.0970973852814947,0.392999881619708
26059,0.452336108139579,0.261452442452727,0.164515834511432,0.121695614896262
26060,0.413856855497004,0.312233161500564,0.0979897231327558,0.175920259869675
26061,0.539835973609401,0.124987205494744,0.164738897966666,0.170437922929189
26062,0.173606094728379,0.21126160318249,0.220728334441739,0.394403967647392
26063,0.363683954232162,0.039731387514679,0.355858534795113,0.240726123458047
26064,0.0922194282339421,0.0426175151354738,0.627518783313283,0.237644273317302
26065,0.597109228251213,0.0909927078053588,0.0744902032577286,0.2374078606857
26066,0.134168320137099,0.496846454889923,0.0358640276031297,0.333121197369848
26067,0.56373049213886,0.214085006767612,0.0527154008124288,0.169469100281099
26068,0.0826494802180853,0.532359403635027,0.13001123063155,0.254979885515338
26069,0.0553416529663422,0.196811704177173,0.545114459056286,0.202732183800199
26070,0.480353930399358,0.185413929214671,0.0541680017226547,0.280064138663317
26071,0.174744144684881,0.0770592879754225,0.0585358293115591,0.689660738028137
26072,0.238784014155261,0.297977881880929,0.350364508276638,0.112873595687173
26073,0.304907936426622,0.254572076481615,0.181151597140474,0.25936838995129
26074,0.086851494542642,0.0966085821511731,0.769497626292293,0.0470422970138918
26075,0.234056004008504,0.248732547460345,0.315172964577223,0.202038483953928
26076,0.137427936106705,0.0613296654273124,0.600588933739737,0.200653464726246
26077,0.0630213568597037,0.700013494419703,0.0951815635480448,0.141783585172549
26078,0.0503519786604921,0.180036459358175,0.71378838688378,0.0558231750975532
26079,0.0366937234628674,0.236795875419765,0.405478515962345,0.321031885155023
26080,0.140501343676995,0.6742397959964,0.0658862589502804,0.119372601376325
26081,0.0913906612097713,0.0803950249739427,0.635633402594956,0.19258091122133
26082,0.109127170457709,0.0899877801496111,0.21642469959932,0.58446034979336
26083,0.0840164160934443,0.251590804008958,0.143928449255162,0.520464330642436
26084,0.0750337187925434,0.638648990093981,0.128286576233509,0.158030714879967
26085,0.224383517607497,0.107968936151556,0.125122721178803,0.542524825062144
26086,0.581358047981942,0.0404713780077628,0.101041630491225,0.27712894351907
26087,0.0871437245304464,0.224810416344231,0.541719026847743,0.14632683227758
26088,0.161261743929569,0.248626121797713,0.112900033818066,0.477212100454653
26089,0.191487082209504,0.0876780520375237,0.130545455893829,0.590289409859144
26090,0.349630981027118,0.048821818449973,0.41728039737099,0.184266803151919
26091,0.0984980685380496,0.0905393206501494,0.719939057300565,0.091023553511236
26092,0.129746856580353,0.27325425665943,0.0166713698715625,0.580327516888655
26093,0.488595343532279,0.145327080196313,0.102034950214671,0.264042626056737
26094,0.260799608772226,0.0205019685301096,0.0788228113519385,0.639875611345726
26095,0.0214331364158969,0.184151127037071,0.178470169946945,0.615945566600087
26096,0.689274289469026,0.0932779022900419,0.102714864422009,0.114732943818924
26097,0.0166345764481693,0.414163145289428,0.0639371449206022,0.505265133341801
26098,0.765558595919563,0.0768158432716351,0.0849727007929178,0.0726528600158845
26099,0.103284491051512,0.206648339724474,0.0715304256859491,0.618536743538065
26100,0.561244834609753,0.112995579836719,0.120920310368903,0.204839275184625
26101,0.672979357363761,0.229550182061891,0.0328070559006029,0.0646634046737454
26102,0.0657799659361039,0.103620335455358,0.128291036350074,0.702308662258464
26103,0.0951446771771561,0.581873637621676,0.192237057292725,0.130744627908443
26104,0.0798487887303251,0.272402103299166,0.0679760860760427,0.579773021894466
26105,0.238986651777437,0.0762691779145678,0.0321293808913361,0.65261478941666
26106,0.032670516217135,0.610330749552672,0.11616958394807,0.240829150282123
26107,0.759915005528253,0.14985925476927,0.0298368259410488,0.0603889137614281
26108,0.180013226965466,0.234322816529853,0.329242175622676,0.256421780882005
26109,0.370960716734081,0.320835346194064,0.067294333478038,0.240909603593817
26110,0.866564968454336,0.0355875844426779,0.0744636784110772,0.023383768691909
26111,0.0440667612900612,0.0305318841568148,0.749472159434054,0.17592919511907
26112,0.0785434962277759,0.505780879980783,0.0605386267357938,0.355136997055647
26113,0.412740791941316,0.190609560414202,0.0189393996571883,0.377710247987294
26114,0.774067277660941,0.140195768456858,0.0538758209881129,0.0318611328940884
26115,0.689085634795439,0.0464142404356731,0.230278304087773,0.0342218206811147
26116,0.0197796160847582,0.108765922051878,0.78896969020299,0.0824847716603744
26117,0.275148062130721,0.126268363863675,0.0453909136797042,0.5531926603259
26118,0.635482869826539,0.0871443459664069,0.037907429343177,0.239465354863878
26119,0.112257852162026,0.833269371826699,0.032262387000652,0.0222103890106226
26120,0.0568555040292673,0.689946414123124,0.073798112294319,0.17939996955329
26121,0.637571458856477,0.0638374934732472,0.0492172001159858,0.249373847554291
26122,0.0651593786969596,0.101965334191937,0.444902130120445,0.387973156990659
26123,0.0456235400882278,0.0671756441669692,0.453044177455133,0.43415663828967
26124,0.168134240668076,0.0325677347285695,0.587103281186686,0.212194743416669
26125,0.23911015645931,0.137371128274538,0.561369927207452,0.0621487880586998
26126,0.521160163106546,0.139000353105763,0.159267468953332,0.180572014834359
26127,0.677459105944705,0.139805450160401,0.108968375280808,0.0737670686140858
26128,0.157776204581435,0.200206810650161,0.218209566819658,0.423807417948746
26129,0.183695553423971,0.265319365613002,0.496619306481917,0.0543657744811101
26130,0.561541325834444,0.183789253811448,0.0979677564458642,0.156701663908243
26131,0.370575397759427,0.0927399548952999,0.360736500781329,0.175948146563945
26132,0.228254770818418,0.0551881720932489,0.552694317285229,0.163862739803104
26133,0.0514295241832207,0.557459176332364,0.195309462704744,0.195801836779671
26134,0.105486997025461,0.705544688571279,0.0870471652679583,0.101921149135302
26135,0.0650173582119728,0.343547169713178,0.239177464098118,0.352258007976731
26136,0.276797935520909,0.266528313256842,0.116370222892301,0.340303528329948
26137,0.0646445741609886,0.652346702438518,0.146772583299854,0.136236140100639
26138,0.100865742331533,0.317814168854843,0.0434857637606919,0.537834325052932
26139,0.0830811137241321,0.583299204482623,0.0533593918323539,0.280260289960891
26140,0.229851005714158,0.0565408494133508,0.417931921799523,0.295676223072968
26141,0.288667719432775,0.120108091563814,0.112563021535088,0.478661167468323
26142,0.0336736543169152,0.651192637228368,0.140051459074548,0.175082249380169
26143,0.0844610318693141,0.358413881444176,0.347999607723722,0.209125478962789
26144,0.025103717240096,0.129155492603466,0.429364555386651,0.416376234769788
26145,0.557123300747974,0.0814347738039909,0.180061870326895,0.181380055121139
26146,0.130765058306546,0.149032335073133,0.529280155143498,0.190922451476823
26147,0.274007420126197,0.460486696544633,0.188895894730353,0.0766099885988184
26148,0.621185086531404,0.196482698914377,0.115756965944952,0.066575248609267
26149,0.0431626776303665,0.683376861350271,0.141835773100175,0.131624687919187
26150,0.250590216699724,0.179872754799866,0.0948949067421613,0.47464212175825
26151,0.270068890978089,0.158168021445024,0.218889275306674,0.352873812270213
26152,0.0427650669216804,0.43158576412766,0.084870057998885,0.440779110951774
26153,0.0576329149646705,0.0709545060639198,0.704813583086875,0.166598995884534
26154,0.0867156706230744,0.143887042423687,0.109827231827862,0.659570055125377
26155,0.0372301244604043,0.488059216704291,0.271269560205674,0.203441098629631
26156,0.170865055714559,0.236595971602512,0.240113618360145,0.352425354322784
26157,0.05989736439634,0.301219398385781,0.563291493540215,0.0755917436776649
26158,0.680308701334362,0.199438894992339,0.0717522196017598,0.0485001840715395
26159,0.0998330831714447,0.144614670328478,0.587524246695013,0.168027999805065
26160,0.0980891857095986,0.0839001172874005,0.381136221185715,0.436874475817286
26161,0.0667664148239089,0.356881706622309,0.188948361081983,0.387403517471799
26162,0.217990600848959,0.0313157233320863,0.662356766944486,0.0883369088744689
26163,0.548910255875164,0.0376318028373787,0.0690225473883958,0.344435393899062
26164,0.0476501660769019,0.326258426908963,0.38586209411336,0.240229312900775
26165,0.38285931615364,0.254228194995739,0.186550363215659,0.176362125634962
26166,0.246015658349405,0.0752020913224027,0.615232665468822,0.0635495848593704
26167,0.214916405389079,0.166862554342573,0.106803185106925,0.511417855161423
26168,0.0453783353432722,0.453051263716909,0.400762480082588,0.10080792085723
26169,0.712371426602169,0.0184416384539131,0.150250178450432,0.118936756493485
26170,0.040050633542108,0.66479501386952,0.199829660034884,0.0953246925534876
26171,0.0581704667810338,0.0733150996416098,0.778968830368608,0.089545603208748
26172,0.145107053107517,0.35162403281288,0.257656168890383,0.24561274518922
26173,0.0533927149727099,0.223556922480784,0.593298725929379,0.129751636617127
26174,0.0923689446740639,0.215953277570315,0.376389258953742,0.315288518801879
26175,0.0282096777110579,0.626942311123263,0.0227407766861713,0.322107234479508
26176,0.101376864854652,0.049039213484293,0.724657166928194,0.124926754732861
26177,0.022051555458916,0.0301864033965712,0.480557448662564,0.467204592481949
26178,0.0155521655266696,0.362546465402698,0.153918180886428,0.467983188184204
26179,0.64633554103824,0.0875506976533895,0.0158676071095777,0.250246154198793
26180,0.438414375606058,0.180871699267448,0.0624553270112777,0.318258598115216
26181,0.367362018602255,0.11624661188266,0.119277627311328,0.397113742203756
26182,0.0176509289228507,0.500567792903531,0.215766414774148,0.266014863399469
26183,0.063922071695723,0.379609959657911,0.489076724689401,0.0673912439569653
26184,0.0203209639413035,0.104237857832492,0.414258114612423,0.461183063613782
26185,0.43238803163522,0.453189373474053,0.0779621520241935,0.0364604428665337
26186,0.0487506251345894,0.169988252489595,0.442915836799089,0.338345285576727
26187,0.534494286643106,0.190081938869012,0.0798775724681022,0.19554620201978
26188,0.0729021101339026,0.245711980684834,0.396415469872689,0.284970439308574
26189,0.469712459617316,0.0501124243323888,0.152660322256478,0.327514793793818
26190,0.704101190336878,0.103081495565222,0.0767100440733236,0.116107270024576
26191,0.446412492039335,0.276513144426201,0.128300244368887,0.148774119165577
26192,0.0762990003181108,0.175456104603226,0.644555567570923,0.10368932750774
26193,0.236535093039479,0.188273092136565,0.239569642823346,0.335622172000611
26194,0.102216605391305,0.624026622116611,0.0497702825918961,0.223986489900188
26195,0.0828436811395366,0.44759688555991,0.177603422480596,0.291956010819957
26196,0.252350576767135,0.056547894585325,0.322340042311256,0.368761486336284
26197,0.0958090423377346,0.212752990468501,0.198998372351228,0.492439594842536
26198,0.120353492381629,0.784248313355345,0.0431589240502682,0.0522392702127574
26199,0.274653334329975,0.0704526398687864,0.120664565214001,0.534229460587237
26200,0.035146910125937,0.284487037183197,0.143073492265453,0.537292560425413
26201,0.377535012854431,0.20438918541002,0.0212926052206952,0.396783196514854
26202,0.617253831476256,0.119833827436192,0.145522071296285,0.117390269791267
26203,0.589371585457641,0.280619399455667,0.0428461694943127,0.0871628455923789
26204,0.331046064282024,0.11463295572299,0.201865525839398,0.352455454155588
26205,0.112967978396731,0.409386949529715,0.230633066085226,0.247012005988328
26206,0.205923286292052,0.191783889709089,0.103932356777592,0.498360467221268
26207,0.174126995148807,0.275963955793773,0.200128283581735,0.349780765475685
26208,0.445094433966065,0.0705694128973687,0.35054608908934,0.133790064047227
26209,0.488667483185291,0.358645635895435,0.0209469858442299,0.131739895075044
26210,0.736960476785571,0.126943401059209,0.0300538008619903,0.10604232129323
26211,0.130538601381423,0.411695496356138,0.0682125627606308,0.389553339501808
26212,0.143745798892727,0.38680382103289,0.0881997978451541,0.381250582229229
26213,0.293513661882585,0.384202193628443,0.0635133471357792,0.258770797353193
26214,0.0677354464241734,0.188129827929951,0.672439918578263,0.0716948070676123
26215,0.327947601004756,0.37678159877661,0.0568213957732706,0.238449404445364
26216,0.0909625360126946,0.18411040864994,0.397519617561207,0.327407437776158
26217,0.229680107842142,0.0573455886728,0.233317255719089,0.479657047765969
26218,0.0613074352399376,0.774363062194212,0.108554513988862,0.0557749885769883
26219,0.16842453178067,0.0609291195550089,0.212036776572237,0.558609572092084
26220,0.0630033937445041,0.114894474243832,0.759106198915844,0.0629959330958206
26221,0.112430415978124,0.195483087274713,0.532801227349148,0.159285269398015
26222,0.581613953063018,0.11164140477369,0.216584604962458,0.0901600372008345
26223,0.109721136065215,0.396509805605286,0.242067732290236,0.251701326039263
26224,0.441810698694777,0.0624333550507493,0.401328299689935,0.094427646564539
26225,0.086535127024335,0.128124567991966,0.535700566595516,0.249639738388183
26226,0.18100423662479,0.653327593231123,0.0518767963765872,0.113791373767499
26227,0.101430409747314,0.422776678366136,0.194722394301842,0.281070517584708
26228,0.142365167855069,0.104264460118549,0.529232744792738,0.224137627233644
26229,0.109739919277442,0.391947923501982,0.0521748019605191,0.446137355260057
26230,0.0382861003248627,0.652271172860354,0.262521530832613,0.0469211959821701
26231,0.645860418312215,0.073030259050575,0.125922715434955,0.155186607202255
26232,0.218433244736205,0.178045003576067,0.410789626456804,0.192732125230924
26233,0.571370819844339,0.083138646524492,0.10471245062916,0.240778083002009
26234,0.575693446603235,0.0783764238673211,0.229765936469718,0.116164193059726
26235,0.0537203035457438,0.156107896461376,0.159144456862572,0.631027343130309
26236,0.229419567418351,0.118888390127865,0.389058197652394,0.26263384480139
26237,0.0385627362927948,0.406515865827607,0.0674894560051476,0.48743194187445
26238,0.0580956298742348,0.693572289795259,0.03340563322458,0.214926447105927
26239,0.239724858399895,0.105734928482909,0.136445948972945,0.518094264144251
26240,0.322710457261774,0.0790716183016287,0.542771811364041,0.0554461130725565
26241,0.0706484906470317,0.349061261518041,0.506005552881055,0.0742846949538717
26242,0.0371294014504511,0.487314366284316,0.40123794755224,0.0743182847129929
26243,0.177036871666165,0.638739309501195,0.0716998362541457,0.112523982578495
26244,0.118565154789212,0.243759825796278,0.417021187733447,0.220653831681063
26245,0.162907307748055,0.070022399566902,0.668411995863785,0.0986582968212586
26246,0.307352479061392,0.281918911650724,0.379996756737504,0.03073185255038
26247,0.472711933846199,0.0599450964486481,0.296358029850677,0.170984939854476
26248,0.0902917103183956,0.734052784436173,0.0567803903934567,0.118875114851975
26249,0.301541931289335,0.363870201044062,0.103602319557126,0.230985548109478
26250,0.570350996792772,0.130565010303328,0.0946595502691364,0.204424442634763
26251,0.0310911073425694,0.107447027859702,0.278252344901594,0.583209519896134
26252,0.0660652610377795,0.740831156299209,0.0586698611597819,0.13443372150323
26253,0.123562379900922,0.429688892684389,0.140941684141189,0.3058070432735
26254,0.0988365114998494,0.0295916147195127,0.716816113818406,0.154755759962232
26255,0.0876778768591804,0.188964164568657,0.280918623226197,0.442439335345966
26256,0.708947858141325,0.119461366711391,0.127690635073064,0.0439001400742201
26257,0.15520712974358,0.0342228546576954,0.647678760089552,0.162891255509172
26258,0.057114253649658,0.0672306617782707,0.77913493747141,0.096520147100661
26259,0.349167475762437,0.0751124679839402,0.40810286519593,0.167617191057693
26260,0.517732606418086,0.167442775906769,0.116964591843011,0.197860025832133
26261,0.230317298100815,0.241316740622657,0.0696306719912902,0.458735289285238
26262,0.721638966843129,0.0613434913944707,0.0444003237225016,0.172617218039899
26263,0.0430279739505089,0.700460092972232,0.0758553493775588,0.1806565836997
26264,0.106353258225616,0.191690947359911,0.0966161203014484,0.605339674113025
26265,0.38352577446789,0.227015343366891,0.0846916286691395,0.30476725349608
26266,0.0743613942643301,0.376650294571247,0.337542861336916,0.211445449827507
26267,0.177016468245979,0.0458141154364117,0.599712401406612,0.177457014910998
26268,0.130102777911742,0.0217433701209625,0.615244628954781,0.232909223012514
26269,0.580452452604409,0.0739727765028083,0.126727102343143,0.21884766854964
26270,0.225149526270485,0.486563576907818,0.0953456555522653,0.192941241269432
26271,0.160356272390877,0.103786040032832,0.618292018084291,0.117565669492
26272,0.0711101035801719,0.460531279359166,0.0526019354995948,0.415756681561067
26273,0.455865293491592,0.261524492721961,0.0541545566597118,0.228455657126736
26274,0.696354460482023,0.124102742393344,0.0901115599146782,0.0894312372099549
26275,0.228133433318656,0.609623611798925,0.0302457321394794,0.131997222742939
26276,0.148174156725279,0.0834714112908725,0.543057369005201,0.225297062978648
26277,0.0236106012236865,0.0527809370587916,0.558572905788271,0.365035555929251
26278,0.099246964324328,0.320320801369065,0.321098165506456,0.259334068800151
26279,0.0663925874473228,0.136442412920366,0.660293288135968,0.136871711496344
26280,0.472807255138196,0.0364203224525294,0.274959037952788,0.215813384456487
26281,0.555122385486186,0.134154148836779,0.0873306667066949,0.22339279897034
26282,0.0840017790008828,0.616515111974393,0.0429026885762409,0.256580420448483
26283,0.0483074441230618,0.116655316902813,0.6018854806828,0.233151758291326
26284,0.20013286195615,0.491019294266596,0.0213756860805207,0.287472157696733
26285,0.0926801714058036,0.0764664723087824,0.634727725413046,0.196125630872368
26286,0.76001887324258,0.0713088040641533,0.0986687378469833,0.0700035848462831
26287,0.0374333488241824,0.283183397884712,0.348835050573735,0.33054820271737
26288,0.0829580352768167,0.445078867569546,0.286950255093011,0.185012842060626
26289,0.2040387698403,0.459646530350085,0.0430133497577205,0.293301350051894
26290,0.0776841592518114,0.152663793681856,0.603006023419447,0.166646023646885
26291,0.300029425256277,0.354320431920384,0.185613270878878,0.160036871944461
26292,0.126763097555725,0.239112521138694,0.260889847700472,0.373234533605109
26293,0.15000174093727,0.234718496723999,0.0728342810717849,0.542445481266946
26294,0.0741833896821994,0.730500461376063,0.0953896899281938,0.099926459013544
26295,0.10885880039401,0.371444450003196,0.185491123492691,0.334205626110103
26296,0.0833278377925503,0.32601114646107,0.141321035526921,0.449339980219459
26297,0.122408668917364,0.18536843109374,0.464703127748093,0.227519772240803
26298,0.0794179454913112,0.107591523607834,0.709604402796535,0.10338612810432
26299,0.0476562025227486,0.727668124329362,0.121966908840396,0.102708764307494
26300,0.175501700789776,0.0856443686761492,0.621296573560781,0.117557356973294
26301,0.148467088371994,0.305375531217761,0.142926329348251,0.403231051061994
26302,0.0608771170331859,0.823879573797709,0.0549200859660369,0.0603232232030682
26303,0.274644645690983,0.290645974046755,0.136568285374893,0.298141094887369
26304,0.120906745766527,0.0988498061111434,0.473740052516883,0.306503395605447
26305,0.684871441022083,0.147408545550262,0.060517308168714,0.107202705258941
26306,0.227211093800856,0.0251843332666223,0.291245058999764,0.456359513932758
26307,0.0293497178051828,0.565004707855347,0.328142468551777,0.0775031057876927
26308,0.52100747882992,0.0421631594486971,0.188469621954271,0.248359739767112
26309,0.0231973957912283,0.39857328307472,0.117013861441857,0.461215459692195
26310,0.0777493468086799,0.105478172138558,0.60722105472534,0.209551426327423
26311,0.62877423771301,0.166298838059893,0.0896239543300064,0.115302969897091
26312,0.242037664994637,0.507143630861467,0.179535960945022,0.071282743198874
26313,0.164745561365161,0.246489719030495,0.194049210458535,0.394715509145808
26314,0.0309529948534748,0.208039282445412,0.109506534440049,0.651501188261064
26315,0.405108240719325,0.0234126806822204,0.0681047185259331,0.503374360072522
26316,0.147110166160086,0.138477518786502,0.257452288758962,0.45696002629445
26317,0.16116615348622,0.273136638393885,0.26299004612356,0.302707161996335
26318,0.174677532998325,0.225239115838936,0.332730482825474,0.267352868337266
26319,0.685644739803089,0.0117002729112396,0.106518278224054,0.196136709061618
26320,0.104155805862382,0.417930331052586,0.120040421320896,0.357873441764136
26321,0.634492898415887,0.186645323445408,0.111136305620333,0.0677254725183715
26322,0.656705145167406,0.116431325812364,0.0997957088093278,0.127067820210902
26323,0.056908896053529,0.698116330574081,0.197437476815682,0.0475372965567074
26324,0.129037794952948,0.251173055311624,0.0850408867981698,0.534748262937258
26325,0.169309752286655,0.0645721616901467,0.471041164382075,0.295076921641124
26326,0.777843363926119,0.065936570613202,0.106517798910719,0.0497022665499596
26327,0.711568383924412,0.0489673897431566,0.0420458190838272,0.197418407248605
26328,0.165176847757189,0.607443458155384,0.0438056987667264,0.183573995320701
26329,0.084483410432453,0.068663993847226,0.669802781583483,0.177049814136838
26330,0.0832661802607232,0.180379008536396,0.103087921933134,0.633266889269747
26331,0.369382207705977,0.106668853812979,0.0728992538355571,0.451049684645487
26332,0.104420420355386,0.600163170905179,0.0429916963651858,0.252424712374249
26333,0.210018170543144,0.0667295422394364,0.312613556407784,0.410638730809635
26334,0.647051854177697,0.0483772760322502,0.0475115547043878,0.257059315085665
26335,0.112977473601782,0.433221649842893,0.352873620113583,0.100927256441743
26336,0.225441586172461,0.340125481188183,0.173047232558197,0.261385700081159
26337,0.511237533003783,0.0335207271537015,0.376139714106417,0.0791020257360985
26338,0.0555186851705055,0.451163240733894,0.133478617282263,0.359839456813337
26339,0.110454543960761,0.426704419942534,0.0947849600913962,0.36805607600531
26340,0.174146733643993,0.109680889454471,0.217322260028201,0.498850116873336
26341,0.0245251789373845,0.0650033292819978,0.853325397295083,0.0571460944855351
26342,0.428168189495814,0.139331912075914,0.287002150453043,0.145497747975229
26343,0.177512054889834,0.374573605134228,0.247819606339282,0.200094733636656
26344,0.183085535546072,0.338731415957019,0.30250595668543,0.175677091811479
26345,0.428316333755206,0.0784829139743215,0.427132421927674,0.0660683303427992
26346,0.0348435595492417,0.0637533412767862,0.0673286997785641,0.834074399395408
26347,0.186542860500861,0.747958098352488,0.0134362112211732,0.0520628299254779
26348,0.0321406247036654,0.0893591075815986,0.718127143620874,0.160373124093863
26349,0.0447413952942468,0.0548175645281879,0.663596372053117,0.236844668124448
26350,0.125484364684052,0.102291661184806,0.217686712696893,0.554537261434249
26351,0.0196790645158022,0.459331688455418,0.338955393527542,0.182033853501238
26352,0.0515485524671976,0.176773537542468,0.0826483076466271,0.689029602343708
26353,0.0415542333233087,0.306334507297327,0.0581811516458956,0.593930107733469
26354,0.249222492172586,0.397996814195575,0.188416648653242,0.164364044978597
26355,0.108649717642147,0.165016656821489,0.310950371417828,0.415383254118537
26356,0.253942058847182,0.0480701737280668,0.652041852023093,0.0459459154016592
26357,0.0542946135341348,0.250607946218682,0.374642271297172,0.320455168950011
26358,0.126246296455435,0.259505958466674,0.556165536983243,0.0580822080946483
26359,0.151622893921268,0.228558464851562,0.0785520648054152,0.541266576421756
26360,0.129291801135517,0.681107137290344,0.102501735398319,0.0870993261758198
26361,0.109659302022519,0.0986768582100217,0.561245053386157,0.230418786381303
26362,0.254866209268445,0.114189561056982,0.0889508451696313,0.541993384504942
26363,0.0312756907702699,0.44644029697893,0.0949997598207142,0.427284252430086
26364,0.649877502969154,0.140856008798921,0.0417138892270164,0.167552599004909
26365,0.0163307236651245,0.334403863072955,0.305783042341656,0.343482370920264
26366,0.320167972746824,0.128267374041423,0.306004775432391,0.245559877779362
26367,0.28632232419477,0.0770248200323013,0.0708067194701885,0.56584613630274
26368,0.110409513368092,0.0983154778451138,0.621072093173994,0.170202915612801
26369,0.0568144580952897,0.411233864511909,0.118432648785079,0.413519028607723
26370,0.773067423123926,0.0818578730444023,0.0655877360031451,0.0794869678285268
26371,0.0570779249178007,0.0715166911629506,0.197198911701312,0.674206472217937
26372,0.0720363919354816,0.854426087474844,0.028627343377558,0.0449101772121169
26373,0.0518687696664096,0.572127249569801,0.166431619337263,0.209572361426526
26374,0.0850221264957034,0.101864104261817,0.148722955298592,0.664390813943887
26375,0.0519639412278291,0.173737161227772,0.586182110798703,0.188116786745697
26376,0.562706627986867,0.1221783620504,0.0781800436190456,0.236934966343688
26377,0.162541561015063,0.265451542361657,0.116372231566395,0.455634665056884
26378,0.116389391891512,0.0550837774518099,0.334562623103797,0.493964207552881
26379,0.0474151283127966,0.082926174873477,0.772298368017947,0.0973603287957792
26380,0.0824986227041076,0.150734338375902,0.349118051908154,0.417648987011837
26381,0.69083714555525,0.103754718193238,0.0701917993664847,0.135216336885027
26382,0.191915567692161,0.149703392567997,0.147942068127645,0.510438971612197
26383,0.109728367789404,0.687409326474389,0.0420713122998797,0.160790993436327
26384,0.158280805577383,0.0511665814193094,0.429216091413446,0.361336521589862
26385,0.0170792504735276,0.23534972442487,0.0529245876604706,0.694646437441132
26386,0.0247467116749221,0.0772522869254215,0.541377153950093,0.356623847449564
26387,0.063041941838764,0.0975862696290086,0.189551710778741,0.649820077753487
26388,0.127328447765794,0.119208246659403,0.192141585617715,0.561321719957087
26389,0.0871638595102037,0.472519970018775,0.195361241783636,0.244954928687385
26390,0.241790677367549,0.423382290939236,0.103931297968001,0.230895733725215
26391,0.189746717030976,0.146584535611434,0.576216825501628,0.087451921855963
26392,0.215860718271504,0.298980078871783,0.299987319324192,0.185171883532521
26393,0.0934170366004693,0.218879095505711,0.301239219513515,0.386464648380305
26394,0.474697030570927,0.191340242848573,0.165416247415319,0.168546479165181
26395,0.59777015467575,0.0929346137666235,0.0336755300419405,0.275619701515686
26396,0.273530678886741,0.32235489366505,0.204532463681534,0.199581963766675
26397,0.282121104173301,0.149259624155519,0.190613319256763,0.378005952414418
26398,0.142938680011618,0.264983993433769,0.0509190083717023,0.541158318182912
26399,0.157819224985352,0.483789470243473,0.0670018095646534,0.291389495206522
26400,0.178928041329127,0.0927386500774206,0.247419601743849,0.480913706849603
26401,0.22795199222756,0.198428848708003,0.370007775459113,0.203611383605323
26402,0.0390655841311626,0.464420654406689,0.121842001218503,0.374671760243645
26403,0.268917854991569,0.521918218471723,0.084428151718609,0.124735774818099
26404,0.578645481666567,0.0820999287871501,0.0844296264550003,0.254824963091283
26405,0.0496653428868296,0.815005222629392,0.0404590959494912,0.094870338534287
26406,0.142780576952873,0.078854976202962,0.661890251655575,0.116474195188589
26407,0.104524970243788,0.148265980698492,0.309125657631512,0.438083391426208
26408,0.181206570477705,0.0987242340801277,0.324932946738343,0.395136248703824
26409,0.297368786505471,0.527858523386464,0.0883776565124988,0.0863950335955662
26410,0.0729408070043322,0.040529586768853,0.529735318970979,0.356794287255836
26411,0.298940272748507,0.452964817375904,0.158840033678938,0.0892548761966511
26412,0.212983052885596,0.293580632418621,0.241837855069156,0.251598459626627
26413,0.106522143757041,0.0784187940814795,0.597374235072323,0.217684827089157
26414,0.108497659761243,0.198074031344026,0.281673116897045,0.411755191997687
26415,0.342367265348228,0.518967790391807,0.0966619725097591,0.0420029717502056
26416,0.0711650130218026,0.128376824531592,0.697878672110813,0.102579490335792
26417,0.104072038336974,0.571764511686308,0.0678109495783502,0.256352500398368
26418,0.0741955062598321,0.218650471530312,0.306768386426888,0.400385635782968
26419,0.145077584411138,0.305047125162142,0.220881351367795,0.328993939058924
26420,0.443023806826251,0.185785912664569,0.0826975291631474,0.288492751346033
26421,0.755155423129632,0.118770091387643,0.0632663343391064,0.0628081511436189
26422,0.291074396638067,0.132240904114453,0.199479549019544,0.377205150227937
26423,0.041888465398177,0.306005828372669,0.296735295023317,0.355370411205837
26424,0.554020853409541,0.154698463852731,0.10632329934257,0.184957383395158
26425,0.100660811241702,0.174027984506664,0.590471244538823,0.134839959712811
26426,0.153857906379856,0.108163810375417,0.406987483496014,0.330990799748713
26427,0.122877746300973,0.545232366009017,0.127441412180306,0.204448475509704
26428,0.29197796849864,0.354138704024983,0.105541274814472,0.248342052661906
26429,0.0399995101205875,0.761508474108074,0.132901517602803,0.0655904981685354
26430,0.274938841823389,0.290510920475294,0.225626362076698,0.208923875624619
26431,0.362109159528933,0.428270451851776,0.140698500523253,0.0689218880960378
26432,0.0502669939249779,0.491967232937538,0.16225172841047,0.295514044727015
26433,0.162112307142396,0.235859895920471,0.246924556357767,0.355103240579366
26434,0.180817765107573,0.185555605761477,0.159195486785564,0.474431142345386
26435,0.122049090338224,0.193041030616644,0.105925255702288,0.578984623342844
26436,0.484461830975199,0.120146671421199,0.131788327468313,0.263603170135289
26437,0.0805176394569011,0.0801172492293187,0.600562304660698,0.238802806653083
26438,0.0944598820790186,0.32860285906536,0.438486461184642,0.138450797670979
26439,0.0482946025051115,0.059850403826413,0.834181884471528,0.0576731091969474
26440,0.0982880130625901,0.623723365331775,0.145543893076821,0.132444728528815
26441,0.0679560293528797,0.733130785590483,0.0859295972493377,0.112983587807299
26442,0.383344417038112,0.129848484380663,0.131346647183649,0.355460451397576
26443,0.715325264570719,0.117747800460874,0.0822796084072712,0.0846473265611354
26444,0.77135468965517,0.0487925516422502,0.116545658529241,0.063307100173339
26445,0.236888631269431,0.368786979147932,0.0524891311572848,0.341835258425353
26446,0.54386202105857,0.246357023204825,0.036352739259389,0.173428216477216
26447,0.207476042390674,0.308789647999591,0.358707921608499,0.125026388001236
26448,0.180335633415877,0.151056088530265,0.495890894704854,0.172717383349004
26449,0.502150197925307,0.185269286924164,0.0736402127020065,0.238940302448523
26450,0.340239803682342,0.187440923401159,0.0417963063208525,0.430522966595647
26451,0.246305728208303,0.373524424768969,0.302263683017944,0.0779061640047847
26452,0.069922648694172,0.468405513310796,0.280265246210488,0.181406591784544
26453,0.0580130688191574,0.0662333366740847,0.702062715368291,0.173690879138467
26454,0.230260284730165,0.0669445757297823,0.422762472872582,0.28003266666747
26455,0.144481576440583,0.492635458596274,0.0385866228071116,0.324296342156031
26456,0.21609221929155,0.113231269585259,0.152076944470856,0.518599566652335
26457,0.0891895147857072,0.170275580973305,0.433310984410693,0.307223919830295
26458,0.0621991849707258,0.438647270069282,0.0530987140052137,0.446054830954779
26459,0.0197696873261985,0.0365321216333932,0.682585089838772,0.261113101201636
26460,0.0548811906884511,0.255273930176889,0.0985644857455829,0.591280393389078
26461,0.0825829744616361,0.220070531970295,0.521825592614252,0.175520900953817
26462,0.507004949416999,0.205480231833186,0.0372761068699418,0.250238711879873
26463,0.0367028732825394,0.0403978320045581,0.467654197010754,0.455245097702148
26464,0.023883257846437,0.223684240278678,0.272911066891795,0.47952143498309
26465,0.0279032366997741,0.252171385310982,0.181667192749631,0.538258185239613
26466,0.169475499891746,0.596100793822149,0.0288654147599365,0.205558291526168
26467,0.797555536895126,0.0229099369195839,0.0149193195423872,0.164615206642903
26468,0.421676768629465,0.340807646763581,0.145943683772122,0.0915719008348328
26469,0.38098186428801,0.292872364287488,0.129263362706761,0.196882408717741
26470,0.0731938533784256,0.26364920718155,0.355203823724664,0.30795311571536
26471,0.707456413304033,0.107772159443346,0.140953573707357,0.0438178535452641
26472,0.0517734624566178,0.132776311905331,0.784695745508398,0.0307544801296528
26473,0.651259268730154,0.0527385677717897,0.0676896120933049,0.228312551404751
26474,0.0253688366970693,0.197134135162628,0.590856271560444,0.186640756579859
26475,0.205728611790993,0.136326045797176,0.298799987374498,0.359145355037333
26476,0.0583416297392722,0.244335763086971,0.101348162493124,0.595974444680633
26477,0.196637852963475,0.159626016122816,0.425147005513602,0.218589125400107
26478,0.300303106474573,0.23457305033371,0.242849567586738,0.222274275604979
26479,0.0934130405398258,0.205556200064027,0.479814213831956,0.221216545564191
26480,0.585653376156187,0.148739515816637,0.0468114947927028,0.218795613234474
26481,0.115309127337627,0.14877461708726,0.48712570408615,0.248790551488963
26482,0.220245631034097,0.0786588084622093,0.389164135819718,0.311931424683976
26483,0.200472238729428,0.180073463271171,0.219120059492584,0.400334238506818
26484,0.0683621821873037,0.080379902482425,0.673176429394537,0.178081485935734
26485,0.0728500265594871,0.741194216015441,0.0916196751817986,0.0943360822432732
26486,0.338515952731661,0.1527044880503,0.0718580474027931,0.436921511815246
26487,0.0255798655790416,0.134500161803908,0.751063224123497,0.0888567484935539
26488,0.144375518118823,0.313507476979247,0.21984754159402,0.32226946330791
26489,0.209930508657266,0.294856060435745,0.251527600985813,0.243685829921176
26490,0.272884052659521,0.171133235158105,0.343687909228802,0.212294802953572
26491,0.287260278979621,0.522322956675802,0.109263758967928,0.0811530053766499
26492,0.0823528222062637,0.584158246191227,0.196149596790474,0.137339334812036
26493,0.11619996632001,0.0299631751613183,0.713660726321826,0.140176132196846
26494,0.398865520476361,0.404548965300263,0.0719219681518921,0.124663546071484
26495,0.553277702002518,0.100818544690427,0.0199305272796797,0.325973226027376
26496,0.0372784785278049,0.040598887915439,0.864538556886121,0.0575840766706352
26497,0.321751424003318,0.0591827071149396,0.554919974249946,0.0641458946317966
26498,0.686190862124742,0.0282417034977616,0.0667445028823811,0.218822931495115
26499,0.199031942255172,0.0686378002422251,0.452856608878035,0.279473648624567
26500,0.160680852141199,0.520938905166387,0.119227912923567,0.199152329768846
26501,0.475408094469085,0.102796445453305,0.130187358085189,0.291608101992421
26502,0.564142967306541,0.154843709364602,0.10715355552562,0.173859767803238
26503,0.0620858383914183,0.663583524778941,0.197049063326129,0.0772815735035114
26504,0.0346354546271363,0.0226958100335266,0.167275288490177,0.77539344684916
26505,0.0324532736683161,0.521413552588913,0.207290870406115,0.238842303336656
26506,0.0861460837300557,0.286032439391533,0.351153857619532,0.276667619258879
26507,0.474773687151721,0.298668492468575,0.0700997995673707,0.156458020812334
26508,0.18061844925035,0.372867333812667,0.0366502041500311,0.409864012786952
26509,0.11795105661571,0.710478730174356,0.060295488785278,0.111274724424656
26510,0.185437743169239,0.176005838190566,0.192531087237692,0.446025331402503
26511,0.0703942372160038,0.469713849439168,0.421201068153468,0.0386908451913604
26512,0.0968447550940479,0.157770720328956,0.210178988904515,0.535205535672482
26513,0.0937709188150913,0.339998511948501,0.482088360278797,0.084142208957611
26514,0.0753080291318754,0.370498082638342,0.296569956991387,0.257623931238395
26515,0.341330238128763,0.0598476054669866,0.540049527069635,0.0587726293346155
26516,0.193850328343424,0.103444939491925,0.239768593971434,0.462936138193218
26517,0.16324934763454,0.28702267824769,0.151941036138127,0.397786937979643
26518,0.0907918712096476,0.0527055215568318,0.422528603671964,0.433974003561557
26519,0.31232799597061,0.110855171119083,0.301853399048418,0.274963433861889
26520,0.519114587492498,0.208835474174394,0.0596135848369035,0.212436353496205
26521,0.13545631996397,0.440700979180582,0.108641447032303,0.315201253823146
26522,0.899110707943967,0.0345257485062927,0.0352885906924714,0.0310749528572695
26523,0.038504396769983,0.552366646593974,0.205664757102583,0.20346419953346
26524,0.372973150603865,0.0618877996873173,0.0470703678653665,0.518068681843451
26525,0.398961976053335,0.18677157411187,0.155866404050693,0.258400045784102
26526,0.229627143338528,0.496065826282246,0.18417879055836,0.0901282398208661
26527,0.149426352127296,0.197870247214678,0.465727808447621,0.186975592210406
26528,0.0633960371354607,0.423712563993268,0.444329392744359,0.0685620061269123
26529,0.289821679096048,0.0696423532631425,0.484069873822084,0.156466093818726
26530,0.618204284150704,0.180203341564747,0.0878468059872664,0.113745568297283
26531,0.0752295721789961,0.0926942923671489,0.620961510753192,0.211114624700663
26532,0.175677285971334,0.622733114843269,0.0762996682242556,0.125289930961141
26533,0.112805981698834,0.672586982534195,0.142546653065747,0.072060382701224
26534,0.618532193174194,0.0651208478014024,0.17579627964913,0.140550679375274
26535,0.058613335601881,0.175181922072855,0.591222856584419,0.174981885740846
26536,0.143823035039892,0.0664282354691864,0.321348513505759,0.468400215985163
26537,0.155434628541401,0.500938741352481,0.180990325852019,0.162636304254098
26538,0.0479527708810185,0.0876207045612809,0.716593770623486,0.147832753934214
26539,0.0755490223944592,0.552311207693021,0.216277406524828,0.155862363387692
26540,0.429904677352169,0.281286410535773,0.150283637164859,0.138525274947199
26541,0.414555746913673,0.0578359070591577,0.0226250361762034,0.504983309850966
26542,0.391730177798671,0.148011511033855,0.0823160613643956,0.377942249803078
26543,0.258578507502559,0.171548768208283,0.0203645283612608,0.549508195927897
26544,0.136236307741237,0.581471467383983,0.110855640604438,0.171436584270343
26545,0.430606320653129,0.138369079113028,0.058610514017982,0.372414086215861
26546,0.14235514549709,0.255472054431122,0.332694437170497,0.269478362901292
26547,0.649752256212464,0.0736920900813635,0.0392383670309671,0.237317286675205
26548,0.489144379412079,0.152428443058121,0.30671940284016,0.0517077746896396
26549,0.099302077744674,0.201857531603884,0.575966433557336,0.122873957094107
26550,0.0613816085271492,0.0366579684846172,0.870837820997855,0.0311226019903786
26551,0.0859654895756413,0.320656166878197,0.490102134206688,0.103276209339474
26552,0.316534297031052,0.154228043716115,0.205448373537032,0.3237892857158
26553,0.253558305365356,0.548746877268854,0.0617879749313687,0.135906842434422
26554,0.317143172383329,0.368242813691558,0.274274847385357,0.0403391665397571
26555,0.0812723635432678,0.0548018950822994,0.592435352570035,0.271490388804398
26556,0.118566530941553,0.086408981614719,0.216076486923987,0.578948000519741
26557,0.323287347693858,0.0934551695560778,0.047448506324509,0.535808976425556
26558,0.16353461710207,0.0761510843903401,0.515896254946754,0.244418043560837
26559,0.305038587779662,0.287253676572094,0.0345710235244353,0.373136712123809
26560,0.104457258458179,0.129030126439284,0.472468128387064,0.294044486715473
26561,0.0554197193960189,0.362135055064377,0.0663253169104927,0.516119908629111
26562,0.0466665589953089,0.292331509969098,0.534797957567309,0.126203973468285
