No,Ch1,Ch2,Ch3,Ch4
21566,0.229891913560225,0.167898918450091,0.466918348563401,0.135290819426284
21567,0.0779682082811745,0.453671476936386,0.322722474349797,0.145637840432642
21568,0.375122906366237,0.362141613277793,0.164112819226028,0.0986226611299425
21569,0.432654256054174,0.154799466555761,0.285085787801325,0.127460489588741
21570,0.267762812598664,0.242971118880983,0.428004357099744,0.0612617114206089
21571,0.107961073422859,0.611373356148658,0.198709045898447,0.0819565245300364
21572,0.218090700715393,0.0571970795640253,0.559187908047115,0.165524311673467
21573,0.116535095120453,0.166227739646413,0.220043910553557,0.497193254679577
21574,0.159995852040578,0.262254051833915,0.427508471427594,0.150241624697913
21575,0.0514286357422585,0.120896286878489,0.709255841881614,0.118419235497639
21576,0.182871313860987,0.142742220132757,0.396859169530498,0.277527296475759
21577,0.105362948999514,0.131161529486404,0.702322440418805,0.0611530810952771
21578,0.360082371508471,0.288251888300875,0.170286366102758,0.181379374087897
21579,0.0589697237080064,0.150538278289366,0.183413869641421,0.607078128361207
21580,0.0786111388906356,0.393690150762247,0.270734652394657,0.25696405795246
21581,0.323304646357451,0.0945842816544667,0.271542098373637,0.310568973614445
21582,0.110776786050301,0.176752158458545,0.345312093042259,0.367158962448895
21583,0.101844530035576,0.158119616313663,0.317653104611841,0.42238274903892
21584,0.239574106780682,0.25297806209419,0.0643844654184487,0.443063365706679
21585,0.367301856804044,0.198112162468618,0.16865971092008,0.265926269807258
21586,0.204210891723505,0.328958418905608,0.277989138580861,0.188841550790027
21587,0.0313025185449908,0.546965260228149,0.211844954143025,0.209887267083836
21588,0.059615534612778,0.0999848925024601,0.584255676745711,0.256143896139051
21589,0.147149509428672,0.0995692782792794,0.54299811371626,0.210283098575789
21590,0.0265572777994982,0.200540265521175,0.528585060050745,0.244317396628582
21591,0.0244541875519478,0.206474354249175,0.48352365902272,0.285547799176158
21592,0.0654732831818413,0.262710916182352,0.0695759449994046,0.602239855636403
21593,0.669695442874905,0.106626872600596,0.118025217300229,0.10565246722427
21594,0.133652136791198,0.163952171367709,0.218399147238339,0.483996544602755
21595,0.333211421772018,0.124545511324034,0.0599017554876303,0.482341311416318
21596,0.124371627172365,0.615936222258471,0.103083579597343,0.156608570971821
21597,0.404155536877627,0.176309838832105,0.0393559559799083,0.38017866831036
21598,0.116840014849523,0.353422503326153,0.294469083651136,0.235268398173189
21599,0.197596305971334,0.499202980510862,0.194759046523085,0.10844166699472
21600,0.0563416087810299,0.169044651014458,0.0803747879664735,0.694238952238038
21601,0.037058545233541,0.143994097978246,0.291491006924567,0.527456349863646
21602,0.026557922996214,0.462605745978888,0.333034197356394,0.177802133668504
21603,0.555190767195483,0.0236688944606568,0.0955210466316958,0.325619291712165
21604,0.0278538738565015,0.22774079399759,0.340517285748735,0.403888046397174
21605,0.17223896493267,0.0432435815657862,0.523014183989752,0.261503269511792
21606,0.266706689705023,0.0192415577786428,0.337821726856324,0.37623002566001
21607,0.483643457222286,0.0527648645462618,0.0494870217444494,0.414104656487003
21608,0.185027222485329,0.474604107333844,0.0138719251211511,0.326496745059676
21609,0.0355998237561032,0.0431013125143633,0.439803390900354,0.481495472829179
21610,0.282024993088877,0.311207861836859,0.0131815532498993,0.393585591824365
21611,0.0372839888525506,0.0258494659344088,0.592496222426441,0.344370322786599
21612,0.717577771280812,0.0688334144863731,0.124639152304807,0.0889496619280081
21613,0.0163235258127516,0.165694145048094,0.235988051125452,0.581994278013703
21614,0.0536164682505072,0.413643339898288,0.245543111338026,0.287197080513179
21615,0.188179010344134,0.343550102864721,0.0181285600879655,0.450142326703179
21616,0.208952252236596,0.0149694107793797,0.595049854691442,0.181028482292582
21617,0.266170980081612,0.316932818637904,0.157199461980402,0.259696739300082
21618,0.117420330196087,0.0577875778964375,0.18385644139451,0.640935650512965
21619,0.0803796392666236,0.095859512041563,0.0281639804135437,0.79559686827827
21620,0.0387443034144021,0.800955879656466,0.0355886967545545,0.124711120174578
21621,0.147277550002847,0.280305715196614,0.119454616089622,0.452962118710916
21622,0.0629190854766793,0.151972517343311,0.0811611336224222,0.703947263557588
21623,0.344527759228167,0.221858863313127,0.341009310708557,0.092604066750149
21624,0.34485468043098,0.339645200500424,0.200196863220004,0.115303255848592
21625,0.152514863002025,0.158001773206812,0.583372831270379,0.106110532520785
21626,0.403562072189339,0.206523301758188,0.28813009855243,0.101784527500043
21627,0.270215856662875,0.143563563822273,0.431553966309613,0.154666613205239
21628,0.15381810700776,0.319026894269546,0.476893573221257,0.0502614255014378
21629,0.358303277873374,0.255766391382667,0.244168547980458,0.1417617827635
21630,0.282559284199437,0.253111607573811,0.20863195217807,0.255697156048682
21631,0.145131058213719,0.255770134260011,0.569870437755749,0.0292283697705217
21632,0.173009203620432,0.217679058619856,0.481509680226287,0.127802057533424
21633,0.205280017247487,0.367209990465027,0.218874759253593,0.208635233033893
21634,0.258836900296175,0.525092147533483,0.169897758874246,0.0461731932960953
21635,0.165982548932936,0.527889498311646,0.246686751814446,0.0594412009409714
21636,0.470350129440365,0.199136128292757,0.216728660056237,0.113785082210642
21637,0.33160257146689,0.440114774740823,0.149299504294183,0.0789831494981037
21638,0.309629040775852,0.266096206151496,0.335395746581811,0.0888790064908414
21639,0.197848418928218,0.54920603606827,0.170275619722588,0.0826699252809227
21640,0.425046043340854,0.362397494488438,0.16148354373746,0.0510729184332485
21641,0.425289832737197,0.145534594891991,0.345428739138911,0.0837468332319004
21642,0.341424537007865,0.357033506730769,0.161753127579213,0.139788828682153
21643,0.177597438367234,0.253376338227985,0.394083732959438,0.174942490445343
21644,0.233816521741807,0.279498111131909,0.258364865515868,0.228320501610416
21645,0.0985044877421663,0.602944027539907,0.170772791841374,0.127778692876553
21646,0.236005172981945,0.168243502333914,0.498317253666638,0.0974340710175032
21647,0.160381102343443,0.266034374211115,0.423043837886769,0.150540685558674
21648,0.338444297933803,0.143044701452947,0.349106681777867,0.169404318835383
21649,0.561805709513675,0.144490540660326,0.210614356794965,0.083089393031035
21650,0.249468159001909,0.363177664958248,0.22255679965649,0.164797376383353
21651,0.372371833259863,0.13886826772298,0.176735753701398,0.312024145315759
21652,0.0874945831125048,0.142116218070364,0.166362012591205,0.604027186225927
21653,0.62438778180465,0.125562405344094,0.165582090557337,0.084467722293919
21654,0.600753901235184,0.177122651053182,0.153669139586904,0.0684543081247293
21655,0.24769748654771,0.175046582399378,0.516178378114119,0.0610775529387925
21656,0.449234025187404,0.131995079421046,0.214516550593454,0.204254344798096
21657,0.56878340330668,0.113114356338195,0.150077373330651,0.168024867024474
21658,0.348074487055849,0.129346856529933,0.329101781560373,0.193476874853845
21659,0.504337099938498,0.189002338865685,0.110704543050524,0.195956018145293
21660,0.113462417405302,0.11565194455872,0.236794354938391,0.534091283097586
21661,0.106747593259562,0.388231770228465,0.17729440078419,0.327726235727784
21662,0.0618269855978328,0.571631380129752,0.121096278702569,0.245445355569847
21663,0.208224234779405,0.167967479802657,0.510122699206818,0.11368558621112
21664,0.0360044792781506,0.485856481354456,0.209553610461627,0.268585428905767
21665,0.308610647920095,0.300067989934602,0.152891311073733,0.238430051071571
21666,0.0677156057431017,0.359290560799648,0.2780555295506,0.294938303906651
21667,0.028869314887698,0.448389237135152,0.301861640275348,0.220879807701802
21668,0.219094931441677,0.276892654775319,0.239569434070138,0.264442979712866
21669,0.296982835472884,0.225272047154407,0.0812526406426875,0.396492476730022
21670,0.145763626099956,0.426544577778108,0.126480666080374,0.301211130041563
21671,0.10330592542139,0.514137697332068,0.333091023941396,0.0494653533051459
21672,0.0482142267292996,0.20314787395207,0.526728786568754,0.221909112749877
21673,0.358505133888133,0.212411750836232,0.045192072099468,0.383891043176167
21674,0.375981655110537,0.0943048517109651,0.319574823223649,0.210138669954848
21675,0.39663080397659,0.13239034749787,0.0891983115255567,0.381780536999984
21676,0.08441078964393,0.599296098198413,0.181561253440361,0.134731858717296
21677,0.522107028210249,0.0592409237259609,0.267784915292599,0.150867132771191
21678,0.113950666519758,0.622243803318571,0.202751907624849,0.0610536225368221
21679,0.153235424786397,0.521143898190356,0.0721235183751807,0.253497158648066
21680,0.242116816157899,0.159426631947654,0.488359694591898,0.110096857302548
21681,0.307325242551469,0.0452828155174605,0.258567561279688,0.388824380651382
21682,0.326551659409554,0.297961861940116,0.0596891507658494,0.31579732788448
21683,0.294866046008629,0.023999638362422,0.423139665536041,0.257994650092908
21684,0.392539150224212,0.031580741602385,0.25961491825726,0.316265189916143
21685,0.0924964343152391,0.313919687272925,0.0916667515393778,0.501917126872458
21686,0.0678243730995476,0.537224220570379,0.143446067216517,0.251505339113557
21687,0.176200493486212,0.115560640392689,0.355171654989396,0.353067211131704
21688,0.231392805820818,0.156683966367193,0.053809813024708,0.558113414787281
21689,0.153783744095562,0.644155608732055,0.0630353805441801,0.139025266628203
21690,0.681049891588048,0.195280411128181,0.0212230455637459,0.102446651720025
21691,0.119639043461549,0.47069517460052,0.0890146191803385,0.320651162757592
21692,0.0265439380756694,0.359965470982779,0.52127055160349,0.0922200393380621
21693,0.0688560104528418,0.637651650741502,0.0566373490639835,0.236854989741673
21694,0.0633213610000453,0.390814769819766,0.0943906235950054,0.451473245585183
21695,0.505554102235931,0.260964316482667,0.114930173663705,0.118551407617696
21696,0.563337877688385,0.18153897872836,0.0308811352843884,0.224242008298867
21697,0.557186182288203,0.129898639618099,0.120760461722962,0.192154716370736
21698,0.0944439310324298,0.0383985966913958,0.797816686167992,0.0693407861081825
21699,0.272489230725129,0.529087902352296,0.0366142415963681,0.161808625326207
21700,0.232345281719443,0.258423447271647,0.201087033062035,0.308144237946875
21701,0.403725808781617,0.186426679891295,0.132683920923567,0.27716359040352
21702,0.0584412120661173,0.53232441262284,0.120255896268397,0.288978479042646
21703,0.0976682207832881,0.442807856044763,0.0587385120957444,0.400785411076204
21704,0.0666961718611161,0.234771301429234,0.404147945980769,0.294384580728881
21705,0.130916333281868,0.0399028000530085,0.422017941874522,0.407162924790601
21706,0.0732082232963106,0.437410273725716,0.0587785425688863,0.430602960409087
21707,0.0603019356181186,0.506969181816808,0.148235096882713,0.284493785682361
21708,0.0381695626759132,0.445678078330188,0.135772137078588,0.380380221915311
21709,0.327023889016586,0.143409956481039,0.0215198796824827,0.508046274819891
21710,0.297171314999818,0.0629376054450554,0.0589519829125644,0.580939096642562
21711,0.030988788594039,0.47738462494391,0.106345784188877,0.385280802273174
21712,0.0477911093623246,0.320410465646326,0.0381671784271682,0.593631246564182
21713,0.687356943595835,0.0706321946098753,0.0791102619260118,0.162900599868278
21714,0.0435698795607228,0.632235768711346,0.0517660844805209,0.272428267247411
21715,0.497754556700999,0.104695324980192,0.168155374342714,0.229394743976095
21716,0.06930676176443,0.104603283867831,0.178104420905841,0.647985533461898
21717,0.221177943543607,0.0257331067437716,0.383483971309004,0.369604978403617
21718,0.352779792008453,0.401768161050481,0.0249216778715338,0.220530369069533
21719,0.219267414594079,0.168018382180237,0.148500359889777,0.464213843335907
21720,0.300792342018791,0.290738549955763,0.0486765088974528,0.359792599127993
21721,0.114993267761219,0.16896856303283,0.41970488959594,0.296333279610011
21722,0.600095253917632,0.207928614186094,0.0409448217281989,0.151031310168075
21723,0.0335613849697787,0.309182324965359,0.194704650429968,0.462551639634894
21724,0.277909090023025,0.204692001370907,0.220480215199511,0.296918693406558
21725,0.0413095752991478,0.145806805110069,0.186356723020687,0.626526896570096
21726,0.0172894676572312,0.327927140846218,0.338067456022958,0.316715935473592
21727,0.186807559952186,0.0539691321636023,0.608551707402058,0.150671600482154
21728,0.0537933591998075,0.0911663614069246,0.317218228239926,0.537822051153342
21729,0.197832414120057,0.209962939115381,0.0921608689909261,0.500043777773637
21730,0.414045097894958,0.0294026549878126,0.057568927284669,0.498983319832561
21731,0.227901073939226,0.126713612355569,0.423677757787584,0.221707555917621
21732,0.286957163229758,0.138954786645296,0.0437084222168823,0.530379627908063
21733,0.53317359629579,0.28085505487091,0.0509766201379045,0.134994728695396
21734,0.0201250989802728,0.641204081922975,0.195833401977628,0.142837417119124
21735,0.172146040010616,0.306076351241742,0.0239275740143686,0.497850034733274
21736,0.741234585513817,0.0486378089513247,0.0653040835457946,0.144823521989064
21737,0.373792761633911,0.275574359638744,0.297035203108218,0.0535976756191282
21738,0.321857916666904,0.348696327802145,0.252436179525148,0.0770095760058028
21739,0.291728401160158,0.301152628821748,0.333505466346925,0.0736135036711696
21740,0.0888002554832792,0.567218764537568,0.28161149993302,0.0623694800461335
21741,0.206847832392081,0.4500787371417,0.207210916339606,0.135862514126613
21742,0.286597529947868,0.243658202064805,0.326292254152596,0.143452013834731
21743,0.361348259606016,0.425879425142012,0.0622044195283265,0.150567895723646
21744,0.280423225307978,0.279364162041194,0.369011099903383,0.0712015127474461
21745,0.227552034376827,0.139593158723602,0.443237416291296,0.189617390608275
21746,0.33844464876707,0.404429803520573,0.139122082350347,0.11800346536201
21747,0.650863001663854,0.143987363580943,0.143310696351479,0.0618389384037238
21748,0.340577922258009,0.445765909825428,0.128497596529736,0.085158571386827
21749,0.118539622810572,0.444239009141609,0.307867096350826,0.129354271696993
21750,0.125347104823288,0.166946579130463,0.468354490463151,0.239351825583098
21751,0.558539498084569,0.109571282377152,0.287594413465151,0.0442948060731284
21752,0.458140717705244,0.118552479460637,0.220473649230571,0.202833153603548
21753,0.334618203399432,0.21163499923916,0.249239820544263,0.204506976817145
21754,0.103480005779531,0.628689877387041,0.0839055612994781,0.18392455553395
21755,0.16397920234904,0.313920585150382,0.309615737751835,0.212484474748742
21756,0.058164496568689,0.333025623956853,0.152252216793117,0.456557662681342
21757,0.107612418041677,0.531896641843199,0.0164571548235337,0.344033785291591
21758,0.182517781804349,0.177578060759372,0.183454424578703,0.456449732857575
21759,0.349489533354539,0.412102827038226,0.119631563136149,0.118776076471086
21760,0.102910645990252,0.033280453423886,0.392494401554692,0.47131449903117
21761,0.074781541414196,0.116725391633629,0.443951900873946,0.364541166078229
21762,0.018866999063749,0.832190665731382,0.0119364825496183,0.137005852655251
21763,0.442346892504555,0.0384670988916789,0.0177359624570829,0.501450046146683
21764,0.251216135826226,0.0298460817632478,0.501686763327522,0.217251019083005
21765,0.449606312614481,0.13375889809257,0.0715452599133475,0.345089529379602
21766,0.0301703190980954,0.353230031938398,0.0223929448518819,0.594206704111625
21767,0.0458244978055836,0.114964167604112,0.341054566385339,0.498156768204965
21768,0.179551928562832,0.250286122747354,0.337286577849703,0.232875370840111
21769,0.162463609394568,0.112078661250524,0.0374957088906893,0.687962020464219
21770,0.0523566033101679,0.395005916139029,0.227689397829254,0.32494808272155
21771,0.0121286242388026,0.0659366872824656,0.348196989909964,0.573737698568768
21772,0.07472459358054,0.254804456328864,0.194008522307284,0.476462427783312
21773,0.0873904657996799,0.490530622221561,0.0360354564448059,0.386043455533954
21774,0.0166235503922564,0.0885905905688193,0.50885781564041,0.385928043398514
21775,0.236108662554109,0.289132502311291,0.242098784848771,0.232660050285829
21776,0.280210282006287,0.376246938171499,0.141728307426049,0.201814472396166
21777,0.0528048826089713,0.0305743760995279,0.679738929858728,0.236881811432772
21778,0.373240917414228,0.129662097134495,0.153572409288523,0.343524576162753
21779,0.20139831252273,0.344334185693091,0.113021432607183,0.341246069176996
21780,0.205845503830726,0.0927254077661877,0.416073781836992,0.285355306566095
21781,0.11884386445502,0.0906031556908394,0.524472006708764,0.266080973145376
21782,0.4715604345414,0.0291998575513849,0.365764517994647,0.133475189912569
21783,0.276937555556428,0.054403007179532,0.202763569497443,0.465895867766597
21784,0.606809204192647,0.177025625277386,0.0744612905512721,0.141703879978695
21785,0.0771226037492548,0.65930431843475,0.192223996879832,0.0713490809361626
21786,0.0572585673755168,0.0514423093479113,0.284042742110143,0.607256381166429
21787,0.0465582805886629,0.73746407243281,0.0611050837946422,0.154872563183885
21788,0.346429218173667,0.27885714641807,0.0386210373222989,0.336092598085965
21789,0.0774543966963989,0.228982871665737,0.209228762701964,0.4843339689359
21790,0.646525430517949,0.0760225939201152,0.0508734113783957,0.22657856418354
21791,0.284159671758987,0.118368111813237,0.143243605983111,0.454228610444666
21792,0.0544114054533027,0.286611649992099,0.404723733174916,0.254253211379683
21793,0.0890215861076966,0.229258327282413,0.523654022588378,0.158066064021512
21794,0.0613444761848997,0.61877643741552,0.200533615870117,0.119345470529463
21795,0.303101836812042,0.0225049766232917,0.547715442047775,0.126677744516891
21796,0.261004928353281,0.212624335940196,0.190001974371014,0.33636876133551
21797,0.280080073410754,0.368686684415426,0.134062220131962,0.217171022041857
21798,0.481552266607593,0.0489370543723733,0.219942618183595,0.24956806083644
21799,0.0541859166655057,0.0513804373609025,0.266270329707677,0.628163316265915
21800,0.0831049425466708,0.0769968155723285,0.362311512001924,0.477586729879076
21801,0.135916297869379,0.140440909864909,0.193549848888854,0.530092943376859
21802,0.0223346874030107,0.156407250556564,0.450748114494557,0.370509947545868
21803,0.0785691193083497,0.0917832566416144,0.595573598240327,0.234074025809709
21804,0.181903322732312,0.481255089228899,0.0883690164252299,0.24847257161356
21805,0.523351771483051,0.065695655230658,0.0920537594031439,0.318898813883147
21806,0.081199462668815,0.405469144474703,0.14982465021094,0.363506742645542
21807,0.142158269761766,0.366317958870223,0.132219093206049,0.359304678161962
21808,0.190191279655598,0.0807935825061457,0.129688650331771,0.599326487506485
21809,0.571298264990584,0.0330045493770198,0.059291266949259,0.336405918683137
21810,0.8229698347275,0.0292259534930397,0.0755861561548312,0.0722180556246287
21811,0.29269193106356,0.501322027375806,0.125961869612251,0.0800241719483831
21812,0.117258106679299,0.0376961806202705,0.494498102911539,0.350547609788891
21813,0.319514532942847,0.386732301776951,0.137720556745298,0.156032608534905
21814,0.196462852348318,0.401014771063552,0.281951811475176,0.120570565112954
21815,0.365899776374382,0.0737067061384445,0.337418879434177,0.222974638052997
21816,0.347734287995674,0.394377933772704,0.111082368187654,0.146805410043967
21817,0.109488367571593,0.164411939183097,0.633035695616859,0.0930639976284515
21818,0.0564390222706866,0.0711402619027277,0.553695708126858,0.318725007699727
21819,0.357159806558609,0.201643450165152,0.0816705680790174,0.359526175197222
21820,0.683169579998956,0.139607633059489,0.0893225425118927,0.0879002444296615
21821,0.129348820115338,0.121553903804148,0.629985586945559,0.119111689134955
21822,0.439968092642131,0.402246493871454,0.0763450785440501,0.0814403349423651
21823,0.130467068082003,0.462243195049041,0.211284508663689,0.196005228205267
21824,0.159831526175013,0.44609559367811,0.251093898190833,0.142978981956043
21825,0.0360881452962261,0.498062734293394,0.114209786112405,0.351639334297975
21826,0.267981116213891,0.340960786303467,0.312293913640505,0.0787641838421374
21827,0.0443081335890637,0.0673188189100288,0.805678741884989,0.0826943056159186
21828,0.0620597570936513,0.501844944568149,0.145339958361988,0.290755339976212
21829,0.13759331659394,0.15518937041553,0.546450898561089,0.160766414429442
21830,0.097709862418757,0.0823268702972464,0.590869714006507,0.22909355327749
21831,0.249645265945409,0.296413444183532,0.114361534890789,0.33957975498027
21832,0.232979475453722,0.41411273944724,0.046955136634437,0.305952648464601
21833,0.560378511012709,0.0763191198835864,0.219549437874294,0.143752931229411
21834,0.616466837278262,0.15339337250094,0.0880623118785021,0.142077478342297
21835,0.0763449793273256,0.430251012295203,0.113287401820346,0.380116606557125
21836,0.0465169530789201,0.141931893240212,0.531767227959525,0.279783925721343
21837,0.11240225155094,0.0394543804430519,0.504539509876052,0.343603858129957
21838,0.264488491455039,0.0629407502556084,0.476094904583986,0.196475853705367
21839,0.0832795092612587,0.544325511744822,0.147238744643751,0.225156234350169
21840,0.733688456888287,0.0278325655964746,0.119443261824952,0.119035715690286
21841,0.500480450795442,0.118395072798735,0.0844007572322551,0.296723719173568
21842,0.0361069243889993,0.242298083868244,0.566853282413515,0.154741709329242
21843,0.548979771193865,0.0652804746003997,0.0681015443455105,0.317638209860225
21844,0.0283050316182362,0.601897128771874,0.113198739804694,0.256599099805196
21845,0.244205498659343,0.100986347712888,0.266245863161979,0.38856229046579
21846,0.063994829925805,0.477390423693585,0.123493791477238,0.335120954903372
21847,0.364140415031845,0.0584097229786249,0.338476632109049,0.238973229880482
21848,0.0561824209902797,0.158644573498187,0.0328240848638776,0.752348920647656
21849,0.574090494614179,0.217923280173579,0.0323193564345837,0.175666868777658
21850,0.520802582407808,0.07343416129792,0.0392457632388933,0.366517493055379
21851,0.141771028246883,0.669025712715953,0.0737012134346284,0.115502045602536
21852,0.420179367394326,0.112900586287475,0.257699924559885,0.209220121758314
21853,0.106136803991487,0.202153152935252,0.476430935005098,0.215279108068163
21854,0.365836070290489,0.14211520480508,0.165767526900985,0.326281198003446
21855,0.0966045667445047,0.537478298110907,0.12701470375783,0.238902431386758
21856,0.491774605532099,0.111276779538146,0.305450884192392,0.0914977307373637
21857,0.0847596863991706,0.659667726647957,0.0718244491066291,0.183748137846244
21858,0.555409412701257,0.0745124501870838,0.0576297402240009,0.312448396887659
21859,0.595314723911677,0.0651736132305349,0.0707386856291856,0.268772977228603
21860,0.643146183339896,0.170175326674912,0.0965276456301499,0.0901508443550424
21861,0.204718408781109,0.12372035071697,0.564432333544006,0.107128906957915
21862,0.0377272699567372,0.44271670723232,0.349615007250229,0.169941015560714
21863,0.0497175485799813,0.295121400210359,0.177741627966464,0.477419423243196
21864,0.23487800402904,0.612310084480523,0.0398369451423649,0.112974966348072
21865,0.113283700788332,0.282249884446195,0.469222656387035,0.135243758378438
21866,0.17474433777015,0.114693872713446,0.558722659322476,0.151839130193928
21867,0.0428765859114632,0.0776601276388662,0.219590374912223,0.659872911537447
21868,0.126104246625524,0.0954449314588832,0.567562088455135,0.210888733460457
21869,0.247339384466477,0.0682924438961911,0.167591440457188,0.516776731180144
21870,0.272909635215011,0.278159955042569,0.198949385502833,0.249981024239587
21871,0.586116121866875,0.186751995654922,0.0623438128077437,0.16478806967046
21872,0.0862264405093796,0.381824645166838,0.420256617466147,0.111692296857636
21873,0.390307747172594,0.360810593879787,0.192350032771352,0.0565316261762667
21874,0.141104535505283,0.638993645317618,0.118584423519216,0.101317395657883
21875,0.380532671930833,0.385899096696401,0.0618494480862446,0.171718783286522
21876,0.54228631468572,0.131692576921012,0.213224406071893,0.112796702321375
21877,0.0858913296090068,0.430384276704145,0.133615933698727,0.350108459988122
21878,0.3010807564508,0.545774465032456,0.0918993558986704,0.0612454226180739
21879,0.398167063490657,0.243218079887703,0.0613631625160329,0.297251694105608
21880,0.421376068822286,0.163441768017412,0.308116820363965,0.107065342796337
21881,0.11256773612092,0.391964409986388,0.200585651270186,0.294882202622506
21882,0.2140198860217,0.237787186089108,0.233351326278341,0.31484160161085
21883,0.0567809163438341,0.382331596909091,0.234145726484925,0.32674176026215
21884,0.140316210902248,0.551127901877696,0.0514294668334771,0.257126420386579
21885,0.0810227659299929,0.409788774506821,0.0880516275394451,0.421136832023741
21886,0.281090566864831,0.277306399252736,0.0905978669205922,0.351005166961842
21887,0.169713944645969,0.0907784915749865,0.517933374057848,0.221574189721197
21888,0.0513952978036495,0.326639268295059,0.499909657280224,0.122055776621067
21889,0.127572974642835,0.313617768905009,0.284767368969115,0.274041887483041
21890,0.171544892527701,0.229428408030986,0.214718599204253,0.384308100237061
21891,0.509406370923874,0.0424780717482686,0.302794297756519,0.145321259571338
21892,0.0716473566122067,0.337383786288423,0.094003511512087,0.496965345587283
21893,0.13229261115633,0.322533167444466,0.0745681077295309,0.470606113669673
21894,0.189321539749072,0.0842349227114061,0.189771123753979,0.536672413785542
21895,0.0425355355019391,0.0551523030799036,0.749549178612157,0.152762982806
21896,0.33601578954902,0.153537049767369,0.264769150251003,0.245678010432608
21897,0.189173932650221,0.365451592914212,0.195582147825431,0.249792326610136
21898,0.166623978909772,0.210126782365343,0.333879296953363,0.289369941771522
21899,0.266199296921526,0.0971574102406245,0.504926816372276,0.131716476465574
21900,0.0537899485756582,0.0642915320195403,0.0759707293289964,0.805947790075805
21901,0.16069361252884,0.668239231824387,0.0270234810361869,0.144043674610586
21902,0.0543312983467062,0.0915189483511443,0.543446117578239,0.31070363572391
21903,0.0562723632970027,0.0774617731133497,0.496480542349817,0.36978532123983
21904,0.206741137028787,0.0524649970231139,0.232817418203126,0.507976447744973
21905,0.0229692144780768,0.488751065527226,0.209247494364813,0.279032225629885
21906,0.0607605058922879,0.186932698964656,0.0627554821933872,0.689551312949668
21907,0.0488030424033339,0.317977326902427,0.0896821693599587,0.54353746133428
21908,0.286100133202904,0.213486240225096,0.271544604236724,0.228869022335277
21909,0.310412526409362,0.112782316451459,0.327962267618485,0.248842889520694
21910,0.472728782496638,0.131491192422563,0.158618808299457,0.237161216781342
21911,0.145660724796128,0.618483341701514,0.139942368349027,0.0959135651533317
21912,0.137769630728543,0.553676361915164,0.0454302026901463,0.263123804666147
21913,0.107605691634209,0.534873931232594,0.10322536332721,0.254295013805986
21914,0.111669061784207,0.124862532575553,0.188578647930553,0.574889757709687
21915,0.308062455832756,0.0651180110350459,0.321162915369835,0.305656617762363
21916,0.0388626333828838,0.0831502800796164,0.268000072319023,0.609987014218477
21917,0.13209304682932,0.12176547464675,0.235841879245197,0.510299599278734
21918,0.0874104763093362,0.0867318535278191,0.725958538503734,0.0998991316591111
21919,0.163574066009704,0.0715372154768778,0.602017533192183,0.162871185321235
21920,0.220318514408226,0.121992655564506,0.140931889082398,0.516756940944869
21921,0.100313137330333,0.650401936675266,0.105135714656476,0.144149211337925
21922,0.475183985621843,0.217138347492022,0.0478845755572582,0.259793091328877
21923,0.149328057976747,0.0691337180088963,0.203474446196756,0.5780637778176
21924,0.186365231584117,0.0742492424268629,0.253540609748987,0.485844916240033
21925,0.57977934503412,0.0707154159698717,0.154024599552328,0.19548063944368
21926,0.405734904955542,0.0881903796400423,0.0623173813692771,0.443757334035139
21927,0.0976473165144088,0.153347203787152,0.560928306086096,0.188077173612343
21928,0.0766282224043701,0.669245630303357,0.054282437595537,0.199843709696736
21929,0.0564601231622353,0.0711192876966755,0.110199143881957,0.762221445259133
21930,0.0228302625205658,0.348279119051511,0.151083811589913,0.47780680683801
21931,0.11389399558796,0.324855882185162,0.0482348081446736,0.513015314082205
21932,0.0859229377106357,0.0571228007931942,0.470716015263538,0.386238246232632
21933,0.0656200104234548,0.484552978930443,0.0442277396610393,0.405599270985063
21934,0.0850725631242054,0.330106673232489,0.134194943435549,0.450625820207757
21935,0.0819216896078807,0.15829981296247,0.0615085304050082,0.698269967024642
21936,0.0950302862407964,0.169464859220844,0.0766708466643387,0.658834007874021
21937,0.0544072822395643,0.108491182535641,0.609999983369059,0.227101551855736
21938,0.0197156364027743,0.435938255483573,0.0962962424634801,0.448049865650172
21939,0.0323036069954018,0.269049884135831,0.0497908210315772,0.64885568783719
21940,0.42163467311429,0.115757657008471,0.0728464220568561,0.389761247820383
21941,0.0647739972950154,0.0301368410958281,0.127518463395089,0.777570698214068
21942,0.0715803331716355,0.777974106220055,0.0517569213050685,0.0986886393032409
21943,0.0378561356291093,0.286376128045158,0.0263325570145174,0.649435179311216
21944,0.052707146992109,0.338273272234093,0.250872734825893,0.358146845947905
21945,0.0546802767499656,0.225238224119382,0.0300652198189635,0.690016279311688
21946,0.401999660529011,0.226343689362055,0.102175291639886,0.269481358469048
21947,0.415117368618031,0.234040931129607,0.116144962189593,0.234696738062769
21948,0.0815967612795186,0.487886910767156,0.18351421288891,0.247002115064415
21949,0.115810849366775,0.342734166035716,0.123042924940044,0.418412059657464
21950,0.151166510182496,0.443774840866189,0.090082222557357,0.314976426393959
21951,0.0928985721285597,0.229713902798173,0.30863175972092,0.368755765352347
21952,0.358072293316363,0.059715898689616,0.0732505590710715,0.50896124892295
21953,0.456846287622826,0.177904816893302,0.0545815766861732,0.310667318797699
21954,0.181534856418495,0.0558529844305251,0.082391435733003,0.680220723417977
21955,0.355329841756014,0.0556688545252363,0.199195587361608,0.389805716357142
21956,0.0220390728552921,0.0867161633093467,0.127496564285257,0.763748199550104
21957,0.416697787401499,0.099718922281906,0.172750722697945,0.310832567618651
21958,0.0262391097936329,0.756085685229354,0.0761668261144326,0.141508378862581
21959,0.0564717117579814,0.077872269282222,0.0618598107387813,0.803796208221015
21960,0.0929747340844597,0.569387676325735,0.0254138219903971,0.312223767599409
21961,0.15878140474095,0.142207244919747,0.323997980723467,0.375013369615837
21962,0.706358362297827,0.0878808790380879,0.0719079696618039,0.133852789002281
21963,0.0772117036970301,0.533570913061985,0.229537733943659,0.159679649297326
21964,0.106285611023075,0.0295053298693076,0.713433655416656,0.150775403690961
21965,0.0805866404038921,0.0601808676259179,0.27299953524996,0.586232956720231
21966,0.0694826270574581,0.048939601470175,0.340416726050829,0.541161045421538
21967,0.464567406747509,0.0304046373925515,0.244279574522978,0.260748381336961
21968,0.151089764145266,0.586695554068264,0.0560491366079036,0.206165545178566
21969,0.0184128123734022,0.146913981452957,0.201382345632674,0.633290860540968
21970,0.155987139914427,0.183673416559723,0.120862377810871,0.539477065714979
21971,0.212041495664073,0.30006369018654,0.351792407281909,0.136102406867478
21972,0.328029305560762,0.11993879891478,0.127808644765984,0.424223250758474
21973,0.392044157986479,0.174770572365645,0.0412688048532928,0.391916464794584
21974,0.502604662843735,0.166231709294737,0.0389058418891769,0.292257785972352
21975,0.0247848744056169,0.0695805532431593,0.22427872901092,0.681355843340304
21976,0.372363754595613,0.255376243039485,0.229073997600837,0.143186004764065
21977,0.123459579832601,0.390374407099761,0.143713289409391,0.342452723658248
21978,0.231207272245155,0.0355554298760537,0.249410121153681,0.483827176725111
21979,0.205841470715547,0.149228018959343,0.0379226134039303,0.60700789692118
21980,0.0602019258522117,0.571876582817159,0.0536262228637165,0.314295268466913
21981,0.079444653471664,0.528507653152504,0.132883334978351,0.259164358397481
21982,0.07940081057292,0.187815602746386,0.157119348181506,0.575664238499189
21983,0.0230666935397573,0.0427471385376448,0.178030598196828,0.75615556972577
21984,0.107564430024912,0.290147760919003,0.162129832693682,0.440157976362403
21985,0.0746136074115772,0.45650674364316,0.184676198156382,0.284203450788881
21986,0.165308296247694,0.176596580561555,0.508380848034682,0.149714275156069
21987,0.0618044328095173,0.37571636957154,0.160015942833572,0.402463254785371
21988,0.272004701140408,0.245863496804883,0.138291496061297,0.343840305993412
21989,0.0997800927230622,0.272558717033447,0.238874137831251,0.38878705241224
21990,0.0483952037270661,0.393015035114504,0.258811738208212,0.299778022950219
21991,0.188447182542925,0.214128836929289,0.219522552655206,0.377901427872581
21992,0.208108826529766,0.137103541738406,0.101205676413168,0.55358195531866
21993,0.118721457244446,0.338803823817364,0.150287907952284,0.392186810985905
21994,0.134949355909128,0.450297802728942,0.346197070174892,0.0685557711870385
21995,0.0989394506648569,0.153107150084117,0.447630407021421,0.300322992229606
21996,0.276544833588935,0.198119423655777,0.064691375989859,0.46064436676543
21997,0.313827106630665,0.10196525983482,0.284535260989689,0.299672372544826
21998,0.285598628854512,0.0934880442973603,0.0826562631369201,0.538257063711208
21999,0.091965348915558,0.569959424581832,0.175313537610818,0.162761688891792
22000,0.474394609964309,0.0782856791970648,0.229688746454727,0.2176309643839
22001,0.133447203168391,0.606284295949756,0.165955648115382,0.0943128527664714
22002,0.107339550242158,0.426750262381539,0.108957681900895,0.356952505475409
22003,0.076321319309865,0.251652466925751,0.447537248967893,0.224488964796491
22004,0.555575881673743,0.162565431307924,0.106755606622774,0.175103080395561
22005,0.413335103052404,0.0783483487460245,0.173345981804285,0.334970566397286
22006,0.0475235808333062,0.324208113701601,0.219253157934099,0.409015147530994
22007,0.227853097072751,0.349136826394541,0.160319541966649,0.262690534566059
22008,0.0556794767781883,0.183654576610774,0.425962735142234,0.334703211468804
22009,0.338724728643578,0.138048026888796,0.182091588703478,0.341135655764149
22010,0.140811849321419,0.385732160774474,0.0701563814025853,0.403299608501522
22011,0.0662259395780182,0.414662341599651,0.14809683365036,0.371014885171971
22012,0.25791490055884,0.108187707330844,0.147627339603007,0.486270052507309
22013,0.358858159414758,0.108621400464675,0.236603363749784,0.295917076370782
22014,0.104375953435119,0.0937865331519845,0.630421266745963,0.171416246666934
22015,0.0680236656131923,0.0727907919641894,0.33369848031961,0.525487062103009
22016,0.0461827353761005,0.403322448323251,0.0520624777069742,0.498432338593675
22017,0.0708545267741452,0.7132567075127,0.0419579182835967,0.173930847429558
22018,0.269839478319536,0.134892574160391,0.274050630883612,0.321217316636461
22019,0.174743600810666,0.0834037029936578,0.276686640978942,0.465166055216734
22020,0.107366057327728,0.0784196806376965,0.359662251897064,0.454552010137511
22021,0.0390820775425878,0.269111171706854,0.279073736066954,0.412733014683605
22022,0.588125294362758,0.0452633096663009,0.165786211123756,0.200825184847185
22023,0.344515688850835,0.0529431666776745,0.284844590703889,0.317696553767601
22024,0.322397153446866,0.0407684514898543,0.123996988452415,0.512837406610865
22025,0.427548968679392,0.186061321173767,0.045978836879776,0.340410873267065
22026,0.652268292311816,0.0759175300983924,0.0320091487333564,0.239805028856436
22027,0.228574786537343,0.21269404597656,0.0717388225147209,0.486992344971376
22028,0.356087632494488,0.0637830756644396,0.0271200535457705,0.553009238295302
22029,0.036193074055742,0.0629933402494068,0.0525981865002088,0.848215399194643
22030,0.61891351449541,0.020147705570197,0.187706392878154,0.173232387056239
22031,0.176139096625183,0.138247645794154,0.0401522782345411,0.645460979346122
22032,0.0503188245829818,0.16056144329034,0.0346489753135255,0.754470756813153
22033,0.0471639135399516,0.0817059959220099,0.738451737947573,0.132678352590466
22034,0.704195770199797,0.0593973884980241,0.0393045586691808,0.197102282632998
22035,0.136580666983781,0.0777422511455955,0.0703737145973554,0.715303367273268
22036,0.528103816519236,0.157745947310572,0.0439133741155978,0.270236862054594
22037,0.0929452935294674,0.108616043348043,0.0254709316702144,0.772967731452276
22038,0.0667952723943101,0.225999374625128,0.0356059112293572,0.671599441751204
22039,0.396413901564747,0.306199810274971,0.0125834024075629,0.284802885752718
22040,0.111531141136728,0.378209070945914,0.112742344947096,0.397517442970262
22041,0.199797061334056,0.0885776733480439,0.526092782071381,0.185532483246519
22042,0.237118150317836,0.274970439907116,0.28591771387343,0.201993695901618
22043,0.21983253356391,0.494610232006991,0.112327554611273,0.173229679817826
22044,0.0751134552441846,0.165556374897279,0.45906042821066,0.300269741647876
22045,0.0810102111911584,0.557100860041208,0.080406117486671,0.281482811280963
22046,0.149592514027175,0.291198668662372,0.267987847693173,0.29122096961728
22047,0.146212749797209,0.501416985412719,0.0688590018989252,0.283511262891147
22048,0.10912134555034,0.749185896143286,0.0308269853148997,0.110865772991475
22049,0.142580059239133,0.568958277399277,0.0573024509999173,0.231159212361673
22050,0.18932762510918,0.29303495108455,0.412304994652332,0.105332429153938
22051,0.0572774580237334,0.0870809275374567,0.61279804835058,0.24284356608823
22052,0.181752075279324,0.449937751403658,0.14849903127361,0.219811142043408
22053,0.0267458192153021,0.761133213612925,0.101956242789195,0.110164724382578
22054,0.0781994721926314,0.068451702624317,0.686453797254787,0.166895027928265
22055,0.180148111267123,0.120236022926868,0.517042826227223,0.182573039578787
22056,0.189248802140077,0.0767326257946848,0.591013386836665,0.143005185228574
22057,0.286760368403798,0.154098987583176,0.207136497069359,0.352004146943667
22058,0.242192018119555,0.615555446720856,0.0685358085178375,0.0737167266417511
22059,0.141137931836808,0.515881158058278,0.0932309019667056,0.249750008138208
22060,0.19518399205605,0.234580390709683,0.0661964206733408,0.504039196560927
22061,0.114187215154479,0.187849879817482,0.36116566244737,0.336797242580669
22062,0.207492540593818,0.246925152795294,0.370894850882118,0.174687455728771
22063,0.0219952731601573,0.647004186645479,0.174445913434058,0.156554626760306
22064,0.443242769200003,0.231638533580533,0.112197500717982,0.212921196501481
22065,0.116508706853878,0.127021059718323,0.387491480787103,0.368978752640696
22066,0.465890518873645,0.105311634621373,0.0815878277677741,0.347210018737208
22067,0.385479536090287,0.181219769349583,0.0379807495202107,0.39531994503992
22068,0.120682840296132,0.766407196727495,0.0166250780102441,0.096284884966129
22069,0.0280481475818031,0.529424045182933,0.0638038592400281,0.378723947995236
22070,0.392256953333226,0.0332219297842456,0.0942084618605725,0.480312655021956
22071,0.307119823854635,0.172531575384419,0.0622432421168679,0.458105358644078
22072,0.0387283256556581,0.599825620993649,0.258826777047638,0.102619276303054
22073,0.0918436930031121,0.0990145717109021,0.267621186643914,0.541520548642072
22074,0.0356750662945631,0.678582303693069,0.147493992290218,0.138248637722149
22075,0.0448959593928812,0.261968934477609,0.15692153033696,0.536213575792551
22076,0.695811240661364,0.120766180995709,0.0519655217540833,0.131457056588844
22077,0.152094932066843,0.0739121269623771,0.071450141314506,0.702542799656274
22078,0.337040310751467,0.133447650231893,0.06906334063467,0.460448698381971
22079,0.418070870451451,0.0246256142207366,0.0610848585966155,0.496218656731197
22080,0.0868632393640392,0.0487276319448922,0.48066866631567,0.383740462375399
22081,0.0911901220898774,0.577102493129225,0.109469007887581,0.222238376893317
22082,0.625400919141457,0.127042920828152,0.0680057568630849,0.179550403167306
22083,0.0154444104531506,0.574875034244679,0.104935613073302,0.304744942228869
22084,0.126677758126089,0.0745732358895376,0.0306105822190868,0.768138423765287
22085,0.264894152532094,0.0823832951985057,0.131123209365339,0.521599342904061
22086,0.026550730939438,0.372079441792257,0.0223202410327072,0.579049586235598
22087,0.0219765365426737,0.0334144231364226,0.461833892302668,0.482775148018235
22088,0.0578010992113424,0.0751728478037545,0.0920478684151553,0.774978184569748
22089,0.00986267289787605,0.512790453270648,0.133685347206337,0.343661526625139
22090,0.0629756185049395,0.140038855269838,0.192238550549192,0.604746975676031
22091,0.0305844304596939,0.0906033286044096,0.648262810501913,0.230549430433984
22092,0.688133215113499,0.132688319184127,0.020644491044806,0.158533974657568
22093,0.0393625391819172,0.0722804576490174,0.504735571214633,0.383621431954432
22094,0.0591924723098067,0.0484260165808152,0.301040177787361,0.591341333322017
22095,0.0276602335084653,0.233595341889651,0.0921230997639516,0.646621324837932
22096,0.126903876320093,0.0157678553437487,0.682660568887305,0.174667699448854
22097,0.490448585227527,0.0158789499529477,0.041853196961209,0.451819267858317
22098,0.259682212010294,0.0835620745670391,0.48780686004354,0.168948853379127
22099,0.0468175346565591,0.347500918036167,0.308859097109337,0.296822450197937
22100,0.0770649107243185,0.214430194835006,0.523013547642575,0.1854913467981
22101,0.435923425532348,0.226451144881562,0.108896596789705,0.228728832796385
22102,0.0976167054539251,0.393694288402646,0.121546072590814,0.387142933552615
22103,0.297776919128217,0.27796267620008,0.188171367902325,0.236089036769378
22104,0.387040603394402,0.264706964222857,0.0724496468695911,0.27580278551315
22105,0.0271976820243902,0.307763353096539,0.303885236978175,0.361153727900896
22106,0.722267199443239,0.10898348190278,0.0359762565578691,0.132773062096112
22107,0.105743857342284,0.0707558388165019,0.531070576935934,0.29242972690528
22108,0.297374205854689,0.0898960381103429,0.280311029474851,0.332418726560118
22109,0.283748305475081,0.423771750349389,0.113487272456636,0.178992671718895
22110,0.0695746440145496,0.0695198859510742,0.190387436735076,0.670518033299301
22111,0.394981554235904,0.140580042250931,0.111516045064349,0.352922358448816
22112,0.0370390998357132,0.194299061451075,0.455621982357658,0.313039856355554
22113,0.060796373116005,0.431789702290306,0.18180040897389,0.3256135156198
22114,0.174249054984805,0.0917887395223114,0.187275834959068,0.546686370533816
22115,0.148940987911763,0.115045306887361,0.0682943322757598,0.667719372925116
22116,0.04375210436791,0.157697114791656,0.521000529219298,0.277550251621137
22117,0.300141307435898,0.0859782224902119,0.487988658443895,0.125891811629996
22118,0.675615687204311,0.0870255849076533,0.0829884763330749,0.154370251554961
22119,0.0629447136276878,0.584267407779248,0.103243619094766,0.249544259498299
22120,0.153274361494867,0.0921953911922531,0.46824100263515,0.28628924467773
22121,0.0425388048668852,0.302633169178292,0.166461788267262,0.488366237687561
22122,0.0925634807160216,0.321160349467544,0.484902502397868,0.101373667418567
22123,0.0847519266406248,0.352703938409071,0.272423605031583,0.290120529918721
22124,0.0397669646654315,0.379039177778541,0.274955541560695,0.306238315995333
22125,0.245978607196048,0.109917672041507,0.142157684400078,0.501946036362367
22126,0.185330929339611,0.118963314034945,0.267645782237742,0.428059974387702
22127,0.573561294010526,0.15031855989672,0.0855914907706382,0.190528655322117
22128,0.384632409608422,0.197659079902862,0.159418028972971,0.258290481515745
22129,0.0354402529309075,0.103181871176734,0.133580673908375,0.727797201983984
22130,0.0524318084354887,0.224828637854215,0.522537602137717,0.200201951572579
22131,0.706138681589262,0.081432188909421,0.103758046098009,0.108671083403308
22132,0.0718976091275461,0.157886356394852,0.476447039894513,0.293768994583089
22133,0.0397728824606674,0.104931946729539,0.552934492640384,0.30236067816941
22134,0.356149016737141,0.106583238121095,0.103419402950262,0.433848342191502
22135,0.629966013933028,0.0336747732951338,0.0393713742928064,0.296987838479032
22136,0.317440547376771,0.147883272117862,0.0658509271849566,0.46882525332041
22137,0.28222394955126,0.077956416010405,0.164236559402249,0.475583075036086
22138,0.246702546043532,0.211476905263202,0.136275833327286,0.40554471536598
22139,0.104085258262871,0.399248358711442,0.132006134085491,0.364660248940197
22140,0.0321504000532728,0.0355775119769045,0.381419473519738,0.550852614450085
22141,0.0248671424609761,0.189446288094284,0.155335196934995,0.630351372509744
22142,0.139028371850933,0.0530302593021086,0.6259246075385,0.182016761308459
22143,0.221056048805458,0.106455654149062,0.207063401401341,0.465424895644139
22144,0.0166943759630745,0.213758853555944,0.557260283502288,0.212286486978694
22145,0.0538237535545933,0.096847902798867,0.282670665182268,0.566657678464272
22146,0.199529188957109,0.0342218731182788,0.31488020994285,0.451368727981763
22147,0.355880138729021,0.0471162817146733,0.124092707229224,0.472910872327082
22148,0.229748173339676,0.0602672884370606,0.106686866518889,0.603297671704374
22149,0.0377918160440961,0.274990246302303,0.0175931030487347,0.669624834604866
22150,0.0535801064671782,0.0462884800884233,0.754611804715229,0.14551960872917
22151,0.135877229939941,0.0296775141090396,0.30429560983634,0.53014964611468
22152,0.145190823348388,0.0407581477789654,0.0209100856842597,0.793140943188386
22153,0.0212648751296762,0.242175245912462,0.520129687937703,0.216430191020158
22154,0.0458135852336687,0.414372754738545,0.0993306548484727,0.440483005179313
22155,0.108741968679749,0.180214758534914,0.30286225326852,0.408181019516818
22156,0.0759579878523502,0.465145923135946,0.0869033503605152,0.371992738651188
22157,0.0781429416531696,0.297908179764584,0.307552835365605,0.316396043216641
22158,0.0667285939222919,0.329706916104232,0.119615304451155,0.483949185522321
22159,0.101103144798104,0.15765043192325,0.431628649886974,0.309617773391672
22160,0.134446332048664,0.22721738607471,0.11327232154925,0.525063960327377
22161,0.0520492632044841,0.217794667774808,0.148091561948954,0.582064507071754
22162,0.0896499804072072,0.20492109507427,0.217016946190517,0.488411978328006
22163,0.337202659807173,0.0608433487803383,0.0479125206001073,0.554041470812381
22164,0.0350130097506171,0.0317288538319441,0.449051727145278,0.484206409272161
22165,0.048410414232439,0.446516175612974,0.0946910373527601,0.410382372801827
22166,0.444229011103059,0.362976080048787,0.0495712625384429,0.143223646309711
22167,0.342138697110997,0.168832410285989,0.160202436898241,0.328826455704773
22168,0.0978092122458954,0.124278205652965,0.26083700937022,0.51707557273092
22169,0.265451393850128,0.0319982536798865,0.153404417002894,0.549145935467091
22170,0.0457804293300048,0.148205906477622,0.599643597127408,0.206370067064965
22171,0.0475742725880685,0.250666587051358,0.260436014005584,0.44132312635499
22172,0.0449069238856798,0.111374529067955,0.0432527244266595,0.800465822619706
22173,0.121378690005512,0.499258057276182,0.0375743197396817,0.341788932978624
22174,0.546179756342232,0.138092427583187,0.0810324393441973,0.234695376730384
22175,0.0759932959830992,0.43018570963715,0.173423009582162,0.320397984797589
22176,0.278992355287187,0.0809961715965589,0.312567235617554,0.3274442374987
22177,0.16033096081947,0.0811289748448983,0.214683646307613,0.543856418028019
22178,0.173004888333652,0.381252067774869,0.123826178298597,0.321916865592882
22179,0.0471929327125012,0.350161821046308,0.0500763581079781,0.552568888133213
22180,0.210364576864489,0.0804345226860099,0.578982475031781,0.130218425417721
22181,0.103346482987017,0.54999749628211,0.0920019965520154,0.254654024178858
22182,0.365378767041573,0.0879387931795984,0.254056535914156,0.292625903864672
22183,0.197356007287575,0.482011151928489,0.0909464729351356,0.2296863678488
22184,0.328676858136895,0.0502420888117984,0.0744259656790159,0.546655087372291
22185,0.114885860091161,0.271874902067574,0.0424259316064145,0.570813306234851
22186,0.0549623255556705,0.478343816078334,0.078079574520829,0.388614283845167
22187,0.0615860809859205,0.108261470327741,0.0554203534064685,0.77473209527987
22188,0.270466407600091,0.123797071228696,0.254239597207926,0.351496923963287
22189,0.140622247875674,0.0282332266679591,0.446377606353122,0.384766919103245
22190,0.0405381664245869,0.440769138082333,0.126851182470694,0.391841513022387
22191,0.194203099488407,0.0936476648504186,0.562883239473208,0.149265996187966
22192,0.0863819615965247,0.147478515589826,0.202968728570897,0.563170794242752
22193,0.0603082001752525,0.196451671987695,0.0886591101291033,0.654581017707949
22194,0.239541098308748,0.325286932623018,0.0170539654754841,0.41811800359275
22195,0.249047422852288,0.554325177013622,0.125818888220374,0.0708085119137163
22196,0.282221153098987,0.0206398476075302,0.068002852134747,0.629136147158736
22197,0.079750938752884,0.446894901645814,0.0259848943025299,0.447369265298772
22198,0.0340925186467695,0.0251056244918494,0.0541768173685798,0.886625039492801
22199,0.679910169996491,0.0627131785915635,0.042912855692185,0.214463795719761
22200,0.413056936343279,0.0581016056891087,0.0985622875278452,0.430279170439767
22201,0.160049474568194,0.466202221858779,0.129430276241686,0.24431802733134
22202,0.605290489855194,0.188047582606309,0.030047589481603,0.176614338056894
22203,0.507074734313205,0.29721500771843,0.0384282579143777,0.157282000053987
22204,0.0525668334932476,0.252691928436598,0.0119483080439737,0.68279293002618
22205,0.309710473614053,0.241434874072323,0.0951238122661348,0.35373084004749
22206,0.0345595203793781,0.108456928540412,0.440305089130333,0.416678461949877
22207,0.0454131869673003,0.0305052347942445,0.324347664561791,0.599733913676665
22208,0.161105226127591,0.518559168381926,0.029120871556428,0.291214733934055
22209,0.0996125546941549,0.0481456675137273,0.0234582561886752,0.828783521603443
22210,0.0622344522141711,0.103923381436667,0.10903365358158,0.724808512767581
22211,0.0483991842166809,0.253350967008319,0.0136660132966405,0.68458383547836
22212,0.0256819402707512,0.333871098816278,0.337006671790897,0.303440289122074
22213,0.0571489020335516,0.217395438298232,0.212374077838359,0.513081581829858
22214,0.0362926518827377,0.202411892756763,0.406215193679694,0.355080261680806
22215,0.0527647144056544,0.100804532896935,0.661783082716071,0.18464766998134
22216,0.400552652767838,0.134325158060414,0.114073486983118,0.35104870218863
22217,0.114018252761795,0.0732865701235692,0.50370433173246,0.308990845382177
22218,0.0453831333971681,0.382191914428981,0.026319907422698,0.546105044751153
22219,0.326002563228845,0.034280797959522,0.119668131596615,0.520048507215019
22220,0.775166654945055,0.0254377488240241,0.0503686037544606,0.149026992476461
22221,0.0239821467983179,0.194356619762413,0.0586818820197037,0.722979351419565
22222,0.725337345668955,0.0702994133436141,0.0388678644296696,0.165495376557761
22223,0.141708432748305,0.367191128736073,0.0364625985463556,0.454637839969267
22224,0.18048047567893,0.053343686880699,0.151807057581904,0.614368779858467
22225,0.657187086595762,0.147965629644186,0.0924393546570308,0.102407929103021
22226,0.0706150737474025,0.0341569728594814,0.70864998076733,0.186577972625786
22227,0.558457618614671,0.186638010675178,0.101355485538287,0.153548885171865
22228,0.0236773496553825,0.646794359168509,0.0850709327030525,0.244457358473056
22229,0.204110174634765,0.3520567611671,0.0552939195009263,0.388539144697209
22230,0.0764848947298484,0.0690628902892992,0.701951886955497,0.152500328025356
22231,0.485586987249901,0.176977115834624,0.219758094821162,0.117677802094313
22232,0.451430603179086,0.251466683719217,0.0734196019827434,0.223683111118954
22233,0.155854401266987,0.101975721764513,0.40838307003154,0.33378680693696
22234,0.258163644154016,0.295321725712662,0.123761534561273,0.322753095572049
22235,0.308367034342284,0.0804281163980738,0.194550937936575,0.416653911323067
22236,0.564640525838891,0.164365028228491,0.124477475698828,0.14651697023379
22237,0.257439540189045,0.0934996469593022,0.334164764655483,0.31489604819617
22238,0.0544737272492537,0.238360956947137,0.340909871174652,0.366255444628958
22239,0.221498139669818,0.320766657092736,0.192779094526257,0.264956108711189
22240,0.160307557991662,0.168305738690429,0.280770169283037,0.390616534034872
22241,0.357075149400547,0.122017612398262,0.148779352541333,0.372127885659857
22242,0.387165899372528,0.225376318929407,0.0557446799416064,0.331713101756459
22243,0.0473462261422152,0.596239167165114,0.095770564540599,0.260644042152072
22244,0.215531268525053,0.398593624128501,0.24069764724469,0.145177460101756
22245,0.468615026379288,0.107946179491961,0.0844628966643248,0.338975897464427
22246,0.148901105169458,0.451745052768717,0.0773143164286824,0.322039525633142
22247,0.0879982644030163,0.110276250715697,0.539900330862372,0.261825154018915
22248,0.483483317453207,0.180489005637166,0.235917702243238,0.10010997466639
22249,0.0815972047304065,0.136831366027219,0.263989742825625,0.517581686416749
22250,0.385397369673522,0.0546965979137177,0.209182764412519,0.350723268000242
22251,0.101026627911815,0.111719915724874,0.497668787939615,0.289584668423696
22252,0.0983826353296645,0.0599255186339181,0.54485637612871,0.296835469907708
22253,0.133433895494341,0.52829695370933,0.0416456694375174,0.296623481358812
22254,0.0709880568857184,0.13152734507762,0.30227064581241,0.495213952224252
22255,0.0421863248210385,0.0221817374866711,0.462178568967323,0.473453368724968
22256,0.283408399556017,0.0402623047998721,0.19094177445499,0.485387521189121
22257,0.623296679541427,0.041809011932823,0.118971409019619,0.215922899506131
22258,0.0406569424518298,0.572715050928562,0.140294545193558,0.24633346142605
22259,0.151023154541906,0.0626062205964055,0.181656769265252,0.604713855596437
22260,0.020576255558254,0.0308402187847137,0.400326588865659,0.548256936791373
22261,0.273730658463569,0.0516415581823322,0.241628861783062,0.432998921571037
22262,0.416496582693084,0.22751385433605,0.0706936086893837,0.285295954281483
22263,0.0552266739686501,0.468652127692064,0.0168643644593328,0.459256833879953
22264,0.452413411914347,0.184513616389748,0.0598355833648858,0.303237388331019
22265,0.149760802267161,0.120655936631675,0.532682346544516,0.196900914556649
22266,0.0618168082011214,0.0336892660473137,0.34765417402301,0.556839751728555
22267,0.0305657130289733,0.0285747826490552,0.573597040917707,0.367262463404264
22268,0.301978503809472,0.13628579288106,0.0674676694494976,0.49426803385997
22269,0.282525849569857,0.56166639464333,0.055236377087771,0.100571378699042
22270,0.0965198194218198,0.283429690033945,0.396833826500849,0.223216664043386
22271,0.183841979512692,0.311604434798273,0.371088810268803,0.133464775420232
22272,0.233734037119597,0.440579100197546,0.152659568391,0.173027294291857
22273,0.201930814586468,0.182475791055587,0.305646353837,0.309947040520945
22274,0.166281499439976,0.593979229873134,0.0609179883838015,0.178821282303088
22275,0.12654879220546,0.531377454662823,0.147627290775562,0.194446462356155
22276,0.0390544309828344,0.108969037660418,0.569652902892723,0.282323628464024
22277,0.249498188522073,0.147820541590036,0.534536624039661,0.0681446458482301
22278,0.0857705987170178,0.383764437617655,0.265367650484469,0.265097313180858
22279,0.428196676005572,0.176370938749126,0.128589978778759,0.266842406466544
22280,0.205347968818742,0.086210062619874,0.372508746930286,0.335933221631098
22281,0.658134115081796,0.0817109107620826,0.131651721351138,0.128503252804983
22282,0.0748117752666845,0.309165518612376,0.548492690018105,0.0675300161028343
22283,0.110499047132059,0.302071920534865,0.13544366138678,0.451985370946296
22284,0.292274514469695,0.12298216428961,0.462238942041915,0.12250437919878
22285,0.068630599093579,0.401149250937006,0.146569114394473,0.383651035574943
22286,0.130407202042098,0.0501533137612284,0.613125319125442,0.206314165071232
22287,0.384222852847815,0.258502389962451,0.0623598611768767,0.294914896012858
22288,0.251277182584013,0.308360280359488,0.216856573026147,0.223505964030352
22289,0.196170202247448,0.277767604752642,0.297156304670076,0.228905888329834
22290,0.522893240475558,0.0995617120360091,0.291473425271374,0.0860716222170587
22291,0.581121716007148,0.101427016926135,0.127634711924632,0.189816555142084
22292,0.190957701869078,0.324048876536487,0.247547817035137,0.237445604559298
22293,0.240047055172799,0.329961952418499,0.121012174223255,0.308978818185447
22294,0.296893903343301,0.182515193247696,0.09274371110387,0.427847192305133
22295,0.116946495608346,0.262215369306548,0.4256388096014,0.195199325483705
22296,0.286253806215046,0.0740307856180289,0.297714968190179,0.342000439976747
22297,0.20910972284448,0.171865922486977,0.359756970073491,0.259267384595052
22298,0.140314207460564,0.181386922114283,0.427766020281011,0.250532850144143
22299,0.0486792716394764,0.654688704880041,0.0825026278932359,0.214129395587246
22300,0.5632150911272,0.184037317926218,0.0881936985367177,0.164553892409864
22301,0.123476420381637,0.150964213026334,0.581087153933971,0.144472212658059
22302,0.0957671466591601,0.485063229269261,0.18362847815521,0.235541145916369
22303,0.453715645922128,0.117143083828422,0.118988808921384,0.310152461328066
22304,0.250187489674138,0.328449882811245,0.058839682376782,0.362522945137835
22305,0.180317800819985,0.240017613276144,0.311723637324885,0.267940948578986
22306,0.152625279346784,0.146600151612419,0.533366025424385,0.167408543616412
22307,0.103466436514858,0.324397490211931,0.0560978876119166,0.516038185661294
22308,0.141166387832109,0.263892082844302,0.196519253383862,0.398422275939727
22309,0.473220342348637,0.0804539238084105,0.0356897162576061,0.410636017585347
22310,0.269410713342093,0.0457831734677147,0.233971172081464,0.450834941108728
22311,0.157010510267812,0.253324330459806,0.175824443310075,0.413840715962307
22312,0.662589095982359,0.0963961524837692,0.0642039205528034,0.176810830981068
22313,0.481205367744849,0.181528884091037,0.0558238360961567,0.281441912067958
22314,0.403354971261929,0.18011446823208,0.17102212046418,0.245508440041812
22315,0.125756892861785,0.282197715279325,0.148718697314136,0.443326694544754
22316,0.0411999366474187,0.363514066522365,0.134290740811417,0.460995256018799
22317,0.0579714056150632,0.428422989842423,0.0838567538075611,0.429748850734953
22318,0.144562343192014,0.0359712478409868,0.520368601454446,0.299097807512553
22319,0.341226875881868,0.182886810158965,0.0600590248159901,0.415827289143176
22320,0.0980739440129304,0.319919586247198,0.366374311932582,0.21563215780729
22321,0.181085812597733,0.118307245181736,0.117086385284808,0.583520556935724
22322,0.0411563404302583,0.0814017724446152,0.443359068740698,0.434082818384428
22323,0.0262477537431405,0.31137414537243,0.094955230966784,0.567422869917645
22324,0.0533438583280175,0.384495571345386,0.276432273578457,0.285728296748139
22325,0.135615108582541,0.171324336158613,0.0527163480546642,0.640344207204182
22326,0.321613917577644,0.104774765322122,0.132811593846541,0.440799723253693
22327,0.351502540162816,0.220682875431753,0.321452857482203,0.106361726923228
22328,0.272809895513144,0.121297988110519,0.145770742460719,0.460121373915619
22329,0.222128573155683,0.152703900994159,0.159604701722047,0.465562824128111
22330,0.146112447007371,0.156523592045327,0.254752194654016,0.442611766293287
22331,0.189925553489369,0.143170278009061,0.0650816875887165,0.601822480912853
22332,0.17630732889,0.128108477442299,0.124641984026881,0.570942209640821
22333,0.629065276817448,0.0341305190299124,0.217341185644313,0.119463018508327
22334,0.148418019119857,0.143935633536867,0.295306483673338,0.412339863669938
22335,0.220655918868466,0.282747321151098,0.102963266081392,0.393633493899044
22336,0.389861180992723,0.16652415410039,0.123264012502095,0.320350652404792
22337,0.121807059383211,0.277034030756053,0.283936992868744,0.317221916991992
22338,0.0455082745499565,0.155549752143734,0.124755848929007,0.674186124377303
22339,0.153922002700013,0.0811721195864419,0.572076946344677,0.192828931368868
22340,0.0447894677794378,0.353630290703732,0.0736028813637453,0.527977360153084
22341,0.11691141394471,0.100745810962252,0.157779932055089,0.62456284303795
22342,0.200356410413011,0.137366855444067,0.399910777532601,0.262365956610322
22343,0.0887345607666909,0.635350703748247,0.0897694334094022,0.186145302075659
22344,0.0916296634767999,0.233241475458777,0.522068753704898,0.153060107359526
22345,0.724086548263584,0.084803930602662,0.102289752802783,0.0888197683309707
22346,0.422005373891634,0.158740810804098,0.0733306622542732,0.345923153049994
22347,0.110528887508782,0.28305312836428,0.436820755819349,0.16959722830759
22348,0.0857194838879635,0.278197902600954,0.559656804091151,0.0764258094199319
22349,0.201668461431936,0.31984507303194,0.353955749042872,0.124530716493251
22350,0.205918879304054,0.331756979030043,0.331609070702428,0.130715070963475
22351,0.113342969208001,0.206992093123181,0.584789621457115,0.0948753162117026
22352,0.626486213949489,0.0758355668339229,0.179578053274432,0.118100165942157
22353,0.155619126095654,0.0862092726023493,0.392360987921334,0.365810613380663
22354,0.204691682185439,0.353825113930455,0.181599573186307,0.259883630697798
22355,0.120264604116055,0.342175894421376,0.249128549985916,0.288430951476653
22356,0.141897788309134,0.070364021629202,0.425084941809044,0.362653248252619
22357,0.0922008468418207,0.614841231930626,0.119438244698952,0.173519676528601
22358,0.72895252232231,0.0745173778884605,0.0924209314693871,0.104109168319842
22359,0.185026278385944,0.281742780000921,0.452768488958134,0.0804624526550022
22360,0.19398424972831,0.487812584807065,0.0375585822387958,0.280644583225829
22361,0.210800825533182,0.17804865365192,0.097926357053545,0.513224163761353
22362,0.0999708391209478,0.244084774387943,0.341284968920445,0.314659417570664
22363,0.0561191844028078,0.0890248165366319,0.352676195657847,0.502179803402714
22364,0.237391631095687,0.363139905750238,0.17131389946848,0.228154563685595
22365,0.226231674860653,0.310306198212691,0.282626576636982,0.180835550289675
22366,0.205966227226399,0.550402553963293,0.181534609989138,0.0620966088211707
22367,0.484988397363849,0.083634413133185,0.260967557305752,0.170409632197214
22368,0.190094857078352,0.444620394798405,0.122890278316719,0.242394469806523
22369,0.128871748171823,0.637135353827254,0.129342839898802,0.104650058102122
22370,0.09838722408303,0.431413866161227,0.179173455205334,0.291025454550409
22371,0.530806631198046,0.0614568106482085,0.185220438185485,0.22251611996826
22372,0.437238016230026,0.378684239209048,0.0543725916770671,0.129705152883859
22373,0.225031159676288,0.0799477655618483,0.261483598477451,0.433537476284412
22374,0.216855519265052,0.616740627169269,0.0872535496609229,0.0791503039047563
22375,0.100720109792326,0.568710372490204,0.0963998224144997,0.234169695302971
22376,0.25224811324301,0.0823217987967563,0.126477761658425,0.538952326301808
22377,0.322583045532682,0.369530941348724,0.0849185958494751,0.222967417269119
22378,0.0796638762179323,0.103471366642456,0.740965446960038,0.0758993101795736
22379,0.386890135597919,0.323610383323146,0.0611839452016119,0.228315535877324
22380,0.0622374706200777,0.201971109310738,0.173095979399953,0.562695440669231
22381,0.0679066247213879,0.435220072292317,0.166898804735588,0.329974498250707
22382,0.0402494626310506,0.598709499524134,0.0859791452428931,0.275061892601922
22383,0.219739132039934,0.120866992327468,0.332319570410181,0.327074305222417
22384,0.183547420090473,0.568977816612732,0.0826530093796692,0.164821753917125
22385,0.329449074066625,0.227764242767026,0.293026778930067,0.149759904236283
22386,0.239492067126282,0.400984802490696,0.25055871202146,0.108964418361563
22387,0.218864183759228,0.097982823244446,0.260824404150095,0.422328588846231
22388,0.503895216849024,0.212870588662753,0.113161518283506,0.170072676204717
22389,0.188274370977285,0.206947798952589,0.4049017127886,0.199876117281526
22390,0.292926317971624,0.162539103130295,0.111446647617273,0.433087931280808
22391,0.294052014702596,0.115193510341506,0.167862855487462,0.422891619468436
22392,0.235925988239171,0.335795579460615,0.152089345596116,0.276189086704099
22393,0.116706273513745,0.16193377379401,0.566360955696098,0.154998996996147
22394,0.0874558514634682,0.360896593826931,0.151663080946011,0.39998447376359
22395,0.431706621015484,0.208136587987989,0.179615808352218,0.180540982644308
22396,0.0465580515656136,0.0667511735841501,0.28399450068665,0.602696274163586
22397,0.359196306057764,0.281591983656751,0.0895174192170977,0.269694291068387
22398,0.324161903863801,0.114698118325266,0.33684903146271,0.224290946348222
22399,0.0644010956912874,0.180380728548788,0.616468823256793,0.138749352503132
22400,0.0671140231780214,0.104850074315988,0.69151061930102,0.136525283204971
22401,0.594630753757188,0.0698563631266106,0.0862043491674186,0.249308533948783
22402,0.155224479469493,0.374622740365403,0.352663839987834,0.11748894017727
22403,0.219427654580124,0.314769836791972,0.22316307591438,0.242639432713524
22404,0.474745496189759,0.0741394021586808,0.393310035116107,0.0578050665354537
22405,0.0783633326615766,0.462730258623524,0.114461952629594,0.344444456085306
22406,0.124446690191705,0.516003454602538,0.120483370032428,0.239066485173329
22407,0.20174235586702,0.115514068443093,0.262270661455922,0.420472914233965
22408,0.0535801970934666,0.115529198718492,0.768327135484092,0.0625634687039498
22409,0.410135086550247,0.204525343710175,0.283546538909542,0.101793030830036
22410,0.284241680274888,0.349141477598194,0.256567146857222,0.110049695269697
22411,0.189403022004635,0.322150852397569,0.339765105901138,0.148681019696658
22412,0.323673351370258,0.141918043153464,0.476056254836715,0.0583523506395634
22413,0.0594644977660147,0.103699263328644,0.137579068875114,0.699257170030227
22414,0.183165512429804,0.71191138481216,0.0377093384554265,0.0672137643026093
22415,0.0834663002703238,0.149321335080789,0.643421685993073,0.123790678655814
22416,0.0815815096198689,0.103171081911689,0.652371185208755,0.162876223259688
22417,0.230312427610903,0.123818359503567,0.256494393610677,0.389374819274853
22418,0.0365141807731267,0.542600367080611,0.292233192036333,0.128652260109929
22419,0.102921708539749,0.220858665907291,0.110071303549209,0.566148322003751
22420,0.0589779331463851,0.510502795223286,0.105592198331418,0.324927073298911
22421,0.260273892393055,0.144186848252552,0.435426005169434,0.160113254184958
22422,0.0596098061624784,0.273285848723103,0.278817225669238,0.388287119445181
22423,0.0767652970611171,0.196778241704542,0.556491237781774,0.169965223452567
22424,0.423747110120642,0.196536751725477,0.10168412921794,0.278032008935941
22425,0.123742824178394,0.296401904082789,0.0900973458497757,0.489757925889042
22426,0.294950960369038,0.247318877037749,0.155397277251142,0.302332885342071
22427,0.355661270535891,0.250287426143659,0.0857671818020298,0.30828412151842
22428,0.0322713646523975,0.264803068295185,0.229844856466327,0.47308071058609
22429,0.711042239749242,0.0991945805486181,0.0655552531667937,0.124207926535346
22430,0.100589088806228,0.0760855381242449,0.485408840452568,0.337916532616959
22431,0.241598295870456,0.0814171506533463,0.241636801559877,0.435347751916321
22432,0.267197185787318,0.404425809860236,0.124235574874906,0.204141429477541
22433,0.0779801080571907,0.0811168184690252,0.144572040292688,0.696331033181096
22434,0.343973489406604,0.109400875109169,0.0921174958057404,0.454508139678487
22435,0.0542519298340908,0.18161376250743,0.411997411077937,0.352136896580542
22436,0.0652185039896621,0.378135048552709,0.151382018322435,0.405264429135194
22437,0.124809497198844,0.101414932309537,0.13029724455051,0.643478325941109
22438,0.111541112002559,0.128493955487941,0.0580122301997128,0.701952702309788
22439,0.0477379150104475,0.137880727075644,0.451461536831487,0.362919821082422
22440,0.173713782927533,0.525699924420368,0.16895020959367,0.131636083058428
22441,0.284446475483828,0.344325711783072,0.281855569928258,0.0893722428048417
22442,0.155650881714964,0.336499729721722,0.437830507280127,0.0700188812831863
22443,0.207958223355607,0.639850116910495,0.0757461311488292,0.0764455285850685
22444,0.325787746318314,0.395251389896593,0.184256174773886,0.0947046890112073
22445,0.16641826819013,0.408357021866953,0.267516177490959,0.157708532451958
22446,0.17514395378847,0.382262193727349,0.412593649801998,0.0300002026821834
22447,0.21153809795433,0.446281560364597,0.251896841755907,0.0902834999251663
22448,0.211231920004963,0.443836135262491,0.274239480990707,0.0706924637418394
22449,0.239678299683018,0.43935818201849,0.186651873536708,0.134311644761784
22450,0.135695356756045,0.295742502633711,0.322144839661068,0.246417300949177
22451,0.0934568404928075,0.637900061358437,0.177567677463705,0.0910754206850508
22452,0.132470343413825,0.567111975813119,0.177790963686815,0.122626717086241
22453,0.261974079710483,0.194107947282474,0.223270623798395,0.320647349208648
22454,0.226854365862322,0.451176301836673,0.252039325962224,0.0699300063387803
22455,0.436558072888742,0.183639550790521,0.264863400484536,0.114938975836201
22456,0.384479459002045,0.130458468250167,0.247061139880602,0.238000932867186
22457,0.260657983090975,0.341522733253345,0.276800657465202,0.121018626190478
22458,0.142588651964545,0.448030724918361,0.250211450311197,0.159169172805897
22459,0.274917970381751,0.264443029646461,0.413717574452001,0.046921425519787
22460,0.211993425126505,0.196869657831551,0.497657667141657,0.0934792499002877
22461,0.301003466005785,0.3058289663615,0.235589388199416,0.157578179433299
22462,0.386453645779425,0.314928119005894,0.189994636089996,0.108623599124685
22463,0.117763187523665,0.499624711978354,0.147866374411927,0.234745726086054
22464,0.225387867462765,0.312007202443617,0.263985057410215,0.198619872683403
22465,0.324075338946403,0.397234444065917,0.20061268683948,0.0780775301482005
22466,0.230864226769013,0.370893947428684,0.0758203182902197,0.322421507512083
22467,0.208360216744883,0.562142568824316,0.121918466681662,0.10757874774914
22468,0.216955702839251,0.322340897081593,0.249090059874156,0.211613340205001
22469,0.386840396934949,0.187801618437226,0.284822452173091,0.140535532454734
22470,0.204584455878626,0.621334922291232,0.0725085044654612,0.101572117364681
22471,0.566846213234092,0.228792158667804,0.129919227371121,0.0744424007269829
22472,0.0706650122488547,0.4349432927023,0.33392839800182,0.160463297047025
22473,0.547181655498482,0.19436297924556,0.160489245918809,0.097966119337149
22474,0.57320522066201,0.0726447216956097,0.286146246070601,0.0680038115717796
22475,0.291873736117435,0.574022212304061,0.0612258347142962,0.0728782168642073
22476,0.144724181641633,0.213649256733038,0.344754683160277,0.296871878465052
22477,0.10430782419263,0.252154602524952,0.471831013675009,0.171706559607409
22478,0.137751083901931,0.0933573552112675,0.535180781133389,0.233710779753413
22479,0.243283992602683,0.0865385099504422,0.162064483810697,0.508113013636178
22480,0.0917079635985499,0.153196588061931,0.357448286318694,0.397647162020825
22481,0.228891167188289,0.362615040603977,0.0526775101694817,0.355816282038253
22482,0.24517564142494,0.175183402227391,0.0706526017385305,0.508988354609139
22483,0.100800168564049,0.292334529224957,0.0716616357418596,0.535203666469135
22484,0.244056026335774,0.314191272722536,0.0354691191246736,0.406283581817017
22485,0.0566399773624183,0.231729454243905,0.155970237177622,0.555660331216055
22486,0.0831720118982167,0.195515470443652,0.441968915261838,0.279343602396293
22487,0.089833145418322,0.0512376794549009,0.34443409702413,0.514495078102647
22488,0.109297712312501,0.0810143409499805,0.41395579048702,0.395732156250499
22489,0.316963255672756,0.0662139253468003,0.276876674464567,0.339946144515877
22490,0.0650020204227152,0.568288277471519,0.0920340630454736,0.274675639060292
22491,0.0619918037056924,0.531364230885262,0.080041767016523,0.326602198392523
22492,0.0737091435433784,0.188631075935192,0.419117731124023,0.318542049397407
22493,0.147231819337416,0.440136902703856,0.271594774776263,0.141036503182464
22494,0.171282746884386,0.108063807288543,0.32859437536445,0.392059070462622
22495,0.125054217652033,0.182742792911544,0.292616296163606,0.399586693272817
22496,0.268530765620043,0.0521752993746864,0.215098913551091,0.46419502145418
22497,0.158964165186794,0.446653014165665,0.250625643029793,0.143757177617748
22498,0.0578148422581913,0.15918415248828,0.289327235779437,0.493673769474093
22499,0.464692533870908,0.124379870985911,0.117014443408319,0.293913151734862
22500,0.616291850363841,0.0823957496376458,0.0408990182252386,0.260413381773275
22501,0.348966270189277,0.125800739439993,0.14908185895281,0.37615113141792
22502,0.296759625031558,0.121650047190727,0.170574387266596,0.411015940511119
22503,0.20265689478183,0.157646670211926,0.04380396359248,0.595892471413764
22504,0.132087605590007,0.469865042088358,0.0681936688336749,0.32985368348796
22505,0.185524915268097,0.065704161582818,0.152957321040967,0.595813602108118
22506,0.20957915443312,0.236102956795868,0.247947648935757,0.306370239835254
22507,0.0204820033940244,0.532955097155473,0.0845048026635792,0.362058096786923
22508,0.117023634834625,0.666522481092092,0.0444159787555484,0.172037905317734
22509,0.573780551693486,0.0528318841401817,0.0789024730281828,0.294485091138149
22510,0.0369210401840589,0.780348095162855,0.0481756452710442,0.134555219382042
22511,0.137416755581349,0.058112333623921,0.66230519232563,0.142165718469101
22512,0.0867090015600508,0.0834983225618567,0.331778127866537,0.498014548011556
22513,0.133213524997797,0.059293302962468,0.295244010978324,0.512249161061411
22514,0.125014065928176,0.639805187616264,0.0629644279740669,0.172216318481494
22515,0.0376739150546428,0.0409110184335589,0.466925400203456,0.454489666308342
22516,0.0638203010526357,0.504426991598157,0.155519514412837,0.27623319293637
22517,0.190483646198325,0.10561666704216,0.388488491584399,0.315411195175116
22518,0.10505259798994,0.18412072500344,0.238116122247995,0.472710554758624
22519,0.132175538261183,0.33625905995657,0.0570931614010181,0.474472240381228
22520,0.332695279450523,0.277162027633952,0.139130483020728,0.251012209894797
22521,0.0578130000289234,0.435614436086535,0.269647284841588,0.236925279042954
22522,0.0256465410894133,0.0887782215256763,0.575863001677313,0.309712235707598
22523,0.0262540002966849,0.715520803396697,0.137460971785786,0.120764224520831
22524,0.049585359557186,0.0454472699713557,0.255726553443801,0.649240817027657
22525,0.226745095015111,0.0476148818935672,0.660782620291476,0.0648574027998454
22526,0.391630940357809,0.345079682492476,0.0545341210371808,0.208755256112534
22527,0.0726725230959686,0.320941754370331,0.113653923028344,0.492731799505356
22528,0.0802138807124424,0.0641113502620943,0.577738037741562,0.277936731283901
22529,0.125251851734339,0.40834554639202,0.120204914255012,0.34619768761863
22530,0.141625896143624,0.0353178641784651,0.094486103306795,0.728570136371116
22531,0.0557503081951309,0.040804306844662,0.765427097905898,0.138018287054309
22532,0.213961881856331,0.136486071727045,0.0411040359003455,0.608448010516279
22533,0.0386847620420909,0.396059159161439,0.0531564871117004,0.51209959168477
22534,0.11272722690803,0.348756424236673,0.0720144011921415,0.466501947663155
22535,0.129509760846139,0.236111611628484,0.330451064658454,0.303927562866924
22536,0.0675364544373325,0.55101088737816,0.0904843597823507,0.290968298402157
22537,0.0920529678865245,0.307149333783206,0.357945052141387,0.242852646188883
22538,0.0614099874703459,0.411206839036107,0.120694020523935,0.406689152969612
22539,0.114012714918936,0.206928220408792,0.453334405644224,0.225724659028048
22540,0.148964611198224,0.274657133139697,0.0924065350575989,0.48397172060448
22541,0.0728559975695261,0.279743666924205,0.164013622397742,0.483386713108527
22542,0.0943495635421028,0.244428327046907,0.261722466378515,0.399499643032475
22543,0.402408203632864,0.0724968926547724,0.0488297517896915,0.476265151922672
22544,0.042680115894782,0.0368451738205952,0.529552197204265,0.390922513080358
22545,0.0580394560774703,0.536232712465374,0.0936616527419289,0.312066178715227
22546,0.424412173717006,0.423846805264174,0.0619196455083052,0.0898213755105147
22547,0.377216363497661,0.188548200797237,0.173714594281883,0.26052084142322
22548,0.128087273188375,0.159085791621306,0.285045214226094,0.427781720964226
22549,0.308031151706766,0.0312603495697748,0.194223071836327,0.466485426887132
22550,0.0575508635426037,0.211039983578137,0.581379550234459,0.150029602644801
22551,0.05534732250753,0.292186787098558,0.3093253069752,0.343140583418712
22552,0.0740525887623252,0.172611740992229,0.0591172142572092,0.694218455988237
22553,0.173350331334325,0.500768870742302,0.0544918497895113,0.271388948133862
22554,0.332745866098601,0.190990521653715,0.3266669834878,0.149596628759885
22555,0.125520972174142,0.471921221265414,0.28153856195667,0.121019244603774
22556,0.449692272811089,0.280574346611136,0.210279755462422,0.0594536251153529
22557,0.112368896426583,0.56228877920847,0.194654529287871,0.130687795077077
22558,0.158588486159853,0.2259212990925,0.547422789677399,0.0680674250702486
22559,0.173012356506411,0.293693153458356,0.290096975540051,0.243197514495182
22560,0.213506532762578,0.205215863687057,0.421737290302031,0.159540313248334
22561,0.140912817157169,0.332568303079928,0.432136125185414,0.0943827545774888
22562,0.173236250595253,0.479848382090197,0.302243448143454,0.0446719191710955
22563,0.42688317796261,0.193723374128351,0.281820994405746,0.0975724535032924
22564,0.430964219296792,0.126544047008082,0.309547431946022,0.132944301749105
22565,0.124302520180301,0.150833359251034,0.462479444833953,0.262384675734712
22566,0.18644171350065,0.502354082481482,0.238340389136576,0.0728638148812923
22567,0.30185235448145,0.12443085491414,0.307926678704555,0.265790111899856
22568,0.326162644053887,0.17086822685891,0.182256902279647,0.320712226807557
22569,0.275401009516516,0.154999491874471,0.50849996618176,0.0610995324272523
22570,0.324806416638366,0.268234577582472,0.149841893155787,0.257117112623375
22571,0.234823873205433,0.448598852206816,0.143181487417684,0.173395787170068
22572,0.243367497786802,0.273497532489211,0.172117748186514,0.311017221537472
22573,0.245201155992682,0.270589601343932,0.327801082675627,0.156408159987759
22574,0.35489732449096,0.0991522500968092,0.336275818038834,0.209674607373397
22575,0.0911146864045487,0.426852656946374,0.314525351209282,0.167507305439796
22576,0.353387474920434,0.26579726657888,0.199649193233446,0.18116606526724
22577,0.373508083383165,0.316605911111191,0.23802994834337,0.0718560571622739
22578,0.0920131708420526,0.433889035836285,0.36277897472626,0.111318818595402
22579,0.0904005035551843,0.352442219842098,0.236822580644639,0.320334695958079
22580,0.463943806959471,0.260281481510427,0.187516939242444,0.0882577722876585
22581,0.0777637136789862,0.307291678078338,0.334798628164962,0.280145980077714
22582,0.399274469755371,0.194915422655871,0.306415497003649,0.0993946105851085
22583,0.266131142068494,0.259930738906512,0.356974935581417,0.116963183443577
22584,0.120367929269987,0.345571055899066,0.368258729754452,0.165802285076496
22585,0.198010232092058,0.457161607692473,0.205862754898619,0.138965405316851
22586,0.116879373337096,0.570817687682867,0.159914545212087,0.15238839376795
22587,0.360125894441871,0.0969759586643588,0.0751255209666735,0.467772625927097
22588,0.267738169579378,0.154425899668104,0.332255103732363,0.245580827020156
22589,0.349736649195034,0.431713920116282,0.137741476300139,0.0808079543885449
22590,0.102256000601954,0.0909042851642778,0.472688143290343,0.334151570943426
22591,0.275489178090396,0.109474134764623,0.494020015516492,0.121016671628488
22592,0.272054792855785,0.446971898772252,0.155856140696242,0.125117167675721
22593,0.311070180600442,0.283653935789137,0.15945525034163,0.245820633268792
22594,0.118147633607534,0.0765364581753586,0.460909352471491,0.344406555745616
22595,0.0684621864567865,0.123003945432784,0.234331436888053,0.574202431222378
22596,0.274075142218937,0.522534098735245,0.0893196883615134,0.114071070684304
22597,0.0739507634435318,0.180380795585104,0.582740005676893,0.162928435294471
22598,0.0895641948671408,0.469867331258144,0.0743563164559498,0.366212157418766
22599,0.125487550846102,0.118413484139435,0.110710504425679,0.645388460588785
22600,0.087714864214402,0.223053931753418,0.12764669883407,0.56158450519811
22601,0.343263990075151,0.0646952554677733,0.084679468581497,0.507361285875579
22602,0.717279120771423,0.103964782221657,0.0617128155608687,0.117043281446052
22603,0.221767972056564,0.0617857240771425,0.164074856400084,0.552371447466209
22604,0.0506425537676708,0.323332373841732,0.268423115762438,0.357601956628159
22605,0.509998841956836,0.0734912346892205,0.0655960566639068,0.350913866690037
22606,0.151929241193671,0.116127728232399,0.454140165842237,0.277802864731693
22607,0.0879542592538912,0.0814721043334659,0.35049799778693,0.480075638625713
22608,0.0943444801599688,0.564621871298673,0.126545635805415,0.214488012735943
22609,0.209626823331819,0.35663861552367,0.0600140133861537,0.373720547758357
22610,0.0250468374301851,0.702649696916154,0.143265613958634,0.129037851695027
22611,0.121606496988682,0.258534786417044,0.443003515313784,0.17685520128049
22612,0.103319588780156,0.164882657488003,0.44637205957237,0.285425694159471
22613,0.484134237372029,0.270626404948092,0.1016353010517,0.143604056628179
22614,0.413886839749329,0.207963993811204,0.176566113781278,0.201583052658189
22615,0.136994564907741,0.542954532070476,0.236499061155001,0.0835518418667812
22616,0.561215442925582,0.0738340661384305,0.312665150136791,0.0522853407991962
22617,0.150349617439795,0.143188918135331,0.538580182228899,0.167881282195975
22618,0.510585806242236,0.0909122909035325,0.183406355540112,0.21509554731412
22619,0.0813120102658313,0.488988878180436,0.1139601040224,0.315739007531333
22620,0.0806278106250973,0.707790192468224,0.0974475658936809,0.114134431012998
22621,0.0821976099968885,0.0577815443697114,0.663308892588943,0.196711953044457
22622,0.203710027274728,0.0919314551397042,0.166007594901254,0.538350922684313
22623,0.105560047905546,0.586295631905862,0.112329912547077,0.195814407641515
22624,0.147034350860609,0.476631341304062,0.0868180342964675,0.289516273538861
22625,0.283439672085194,0.177101834377185,0.1367190957342,0.40273939780342
22626,0.339114776047067,0.113581213687873,0.16917470258052,0.37812930768454
22627,0.238470025040059,0.0850075882664707,0.383262764125618,0.293259622567852
22628,0.0630747273821021,0.273826418375232,0.553086615162033,0.110012239080632
22629,0.119861317967805,0.40853968644189,0.175152610669438,0.296446384920867
22630,0.287350316939827,0.447783476868794,0.13169800057146,0.133168205619919
22631,0.414157931685212,0.358633846180001,0.0328200058015309,0.194388216333256
22632,0.126046925632099,0.465864516065715,0.0724125756798237,0.335675982622362
22633,0.106806900664305,0.103202283719853,0.310245845068236,0.479744970547607
22634,0.023409182016226,0.437581119197575,0.191802976293244,0.347206722492956
22635,0.0418665326658003,0.589635299374701,0.0366484173401329,0.331849750619366
22636,0.0296270991188667,0.619966448215667,0.14759125718535,0.202815195480116
22637,0.574484645497825,0.0511885757096822,0.0427306425978067,0.331596136194686
22638,0.0934962592336341,0.221494772340085,0.111335742948302,0.57367322547798
22639,0.0407159867866066,0.240209163467402,0.100536111156711,0.61853873858928
22640,0.0514852936645906,0.0962070745805074,0.540127392878128,0.312180238876774
22641,0.0343213144075184,0.681132757429284,0.104580089846701,0.179965838316496
22642,0.0707798612947441,0.245912241429372,0.0923930935821257,0.590914803693758
22643,0.21865080772656,0.0824601756520722,0.313246295469269,0.385642721152098
22644,0.0423785627742005,0.206041242934077,0.606697478603897,0.144882715687825
22645,0.166989767519772,0.0348000510641327,0.169721280395535,0.62848890102056
22646,0.212971158789579,0.246341605788559,0.15363400482486,0.387053230597003
22647,0.645526395581631,0.223911725734275,0.0187029229874757,0.111858955696618
22648,0.730237786468827,0.125141524132064,0.0123158991704218,0.132304790228687
22649,0.0725622671670574,0.240906635307441,0.255524181695364,0.431006915830138
22650,0.0806738163770851,0.413468453457682,0.077177302892577,0.428680427272656
22651,0.0822164809592863,0.0882547978783545,0.474970142624047,0.354558578538312
22652,0.0425927127131697,0.0878175357710715,0.187413914013372,0.682175837502387
22653,0.0381458606271598,0.211657272781369,0.589901736905911,0.160295129685561
22654,0.0377824410621106,0.079323541138848,0.16715080658123,0.715743211217812
22655,0.0944775748249424,0.556644433449554,0.0450535536204523,0.303824438105051
22656,0.151410795219303,0.123914701018576,0.482488161364439,0.242186342397681
22657,0.346201463742234,0.161210805866414,0.0707035957877104,0.421884134603642
22658,0.0488604231147041,0.0275588469394372,0.0988630248210524,0.824717705124806
22659,0.101188519702247,0.0837020513926263,0.571871388885709,0.243238040019418
22660,0.608658967477506,0.118214237933685,0.0238562837516312,0.249270510837178
22661,0.400555035908652,0.106633225126483,0.236603967369393,0.256207771595473
22662,0.070258243897219,0.104890758812664,0.675565465764078,0.14928553152604
22663,0.145953943869706,0.670926833338871,0.068788126999028,0.114331095792395
22664,0.0720466298147304,0.498814801493081,0.0368664388276827,0.392272129864506
22665,0.300364410280335,0.187094139714266,0.364087233020287,0.148454216985113
22666,0.308650880097377,0.21704241309942,0.0251128069662249,0.449193899836978
22667,0.0577318943802048,0.143984502587674,0.549889595684293,0.248394007347828
22668,0.164446577919891,0.301175564633833,0.0562408380016663,0.478137019444609
22669,0.0953384301050949,0.0664885548870644,0.140697953631943,0.697475061375898
22670,0.122832775648888,0.391996204585419,0.125044209469926,0.360126810295767
22671,0.229658884284798,0.0992178552935892,0.42907213666211,0.242051123759502
22672,0.385698570997975,0.0790735084270737,0.130199140280276,0.405028780294676
22673,0.310278317240992,0.176440174270831,0.112683478517294,0.400598029970884
22674,0.110897163710379,0.166364464219319,0.526746843310637,0.195991528759666
22675,0.0702049818104247,0.306404546915089,0.139036889981559,0.484353581292927
22676,0.135858311715926,0.521555956340574,0.0779761057563109,0.26460962618719
22677,0.477921503892972,0.087790862690869,0.143723214492077,0.290564418924083
22678,0.133130825090927,0.107928266891223,0.0937253577207828,0.665215550297067
22679,0.034782426942411,0.45129023666468,0.0655691936360796,0.448358142756829
22680,0.0374882221397133,0.133330963731825,0.388379923369866,0.440800890758595
22681,0.062899084464061,0.329934472089543,0.0943666208058087,0.512799822640587
22682,0.256217483973325,0.539690824389107,0.0556948188260488,0.14839687281152
22683,0.0518847550586751,0.0258971721588752,0.576237146614614,0.345980926167836
22684,0.137966531942682,0.673777535520397,0.0630467326004352,0.125209199936486
22685,0.16456976880595,0.0812704644841736,0.129804041998079,0.624355724711797
22686,0.768625769306429,0.0475435307977861,0.0376883733058069,0.146142326589978
22687,0.114269770593223,0.531147843055206,0.165875649077452,0.188706737274119
22688,0.397022598524603,0.313115268137467,0.230376499124292,0.0594856342136384
22689,0.256037617271051,0.345650352741287,0.237082942984084,0.161229087003577
22690,0.0975883815692006,0.291426261368056,0.551987904614783,0.0589974524479604
22691,0.158846364251469,0.474698101032512,0.309653152470726,0.0568023822452932
22692,0.208744104935099,0.268415308341838,0.286183524860015,0.236657061863049
22693,0.258599941581827,0.377503762427915,0.1450281438574,0.218868152132857
22694,0.4842370954748,0.105195638571617,0.325141476622191,0.085425789331393
22695,0.180932879679496,0.205811895901924,0.470612487819341,0.142642736599239
22696,0.112267690475409,0.468760944256776,0.126654963511191,0.292316401756624
22697,0.0602743624097104,0.470518061607935,0.155097307386532,0.314110268595823
22698,0.329577546754337,0.357589179742707,0.100476302239577,0.212356971263378
22699,0.548286992957058,0.0810455888686129,0.184743432543384,0.185923985630946
22700,0.2787033511442,0.166273433850138,0.120458614890953,0.434564600114709
22701,0.10519215655753,0.455930351260952,0.0506712377351794,0.388206254446338
22702,0.0471613073894828,0.196908649041966,0.523970953063786,0.231959090504765
22703,0.235212438460157,0.14482983763684,0.511711329448849,0.108246394454155
22704,0.107789943917704,0.509709788323462,0.15505642938592,0.227443838372914
22705,0.0969339482750218,0.281680907445518,0.319003112383054,0.302382031896406
22706,0.155601022889647,0.228943715888729,0.390063859811686,0.225391401409938
22707,0.0929394110391871,0.624025585227661,0.161528916253754,0.121506087479397
22708,0.143481491259574,0.167779533721749,0.493231287651464,0.195507687367213
22709,0.158532820552134,0.656871599781531,0.0518645126174044,0.132731067048931
22710,0.140094668487224,0.494374369628494,0.113410136076538,0.252120825807744
22711,0.625421755654721,0.107487483910976,0.158734959147941,0.108355801286362
22712,0.258680763094575,0.349979218728923,0.0697945589101071,0.321545459266395
22713,0.14382693244425,0.17842001303523,0.36131029129832,0.3164427632222
22714,0.096071685719726,0.180413452761409,0.609392749509736,0.114122112009129
22715,0.242176593782992,0.301213771600354,0.141440956529198,0.315168678087455
22716,0.129695725639197,0.281434194219322,0.214007585561224,0.374862494580256
22717,0.134081366026016,0.100881035164541,0.426236304835533,0.338801293973909
22718,0.439651337357455,0.100147000039584,0.111780860399484,0.348420802203477
22719,0.577870673146842,0.192409671108337,0.112639234943649,0.117080420801171
22720,0.0853657008738548,0.410890289212625,0.195638927290586,0.308105082622935
22721,0.489834701930798,0.233441928065864,0.109955593297223,0.166767776706115
22722,0.136604204876106,0.20931151580091,0.208928720935196,0.445155558387788
22723,0.14217667133489,0.448852946294691,0.0372381979647582,0.37173218440566
22724,0.0876956473622149,0.155488466004406,0.646108096375763,0.110707790257616
22725,0.155464631878273,0.5329103636765,0.193363649655281,0.118261354789946
22726,0.121704555328691,0.49264344092447,0.251688600805256,0.133963402941584
22727,0.260708425103189,0.302139187623348,0.358746145876334,0.0784062413971299
22728,0.0943396004636663,0.563395752145855,0.227563449365773,0.114701198024706
22729,0.296422523204864,0.402226145857828,0.201910251050138,0.0994410798871705
22730,0.152324796705211,0.365911461518041,0.334745260605404,0.147018481171344
22731,0.0749367987481572,0.433102632134455,0.384265886974004,0.107694682143384
22732,0.213445903738358,0.356940632265875,0.31613518787629,0.113478276119477
22733,0.379251074198816,0.274724099863171,0.177764698265449,0.168260127672565
22734,0.207289600681179,0.395032459314337,0.237795755651185,0.159882184353299
22735,0.176580604876741,0.477911287670212,0.303957433827884,0.0415506736251623
22736,0.128420983176524,0.238561578651655,0.508289431168814,0.124728007003007
22737,0.42211763790475,0.288364335996197,0.0856609432561795,0.203857082842874
22738,0.376657095044441,0.173020653051184,0.351857517921818,0.0984647339825568
22739,0.444253250058613,0.21529680253281,0.160964424400272,0.179485523008306
22740,0.124806749546228,0.524614399974475,0.244468325191279,0.106110525288018
22741,0.494345808216586,0.112618708237047,0.295423085837862,0.0976123977085053
22742,0.163430521728026,0.598833814453361,0.183307107153682,0.054428556664931
22743,0.151760046815622,0.545608684727973,0.1521100328947,0.150521235561705
22744,0.226024019255291,0.392940761475191,0.232520285841426,0.148514933428092
22745,0.353324556211672,0.259101869852062,0.180369637661115,0.207203936275151
22746,0.251222704143061,0.303901304076842,0.296785070395555,0.148090921384542
22747,0.542332879921603,0.170522840740949,0.118725668261052,0.168418611076397
22748,0.470403912750273,0.210812484429058,0.260225605375815,0.0585579974448538
22749,0.147382558759204,0.212494655544045,0.544837209819159,0.095285575877592
22750,0.166789497816301,0.0930961040668759,0.684546242875413,0.05556815524141
22751,0.168487868141455,0.324361965714275,0.408759849575847,0.098390316568423
22752,0.317021148252892,0.208541769885993,0.279395137876037,0.195041943985077
22753,0.252575976853994,0.49202898328729,0.125391461748596,0.13000357811012
22754,0.350121648597613,0.368749493687554,0.229902905314722,0.0512259524001116
22755,0.15302352472028,0.0837331879160569,0.582193267103112,0.181050020260551
22756,0.214974292238343,0.218897234410917,0.280758275290153,0.285370198060587
22757,0.48681897618819,0.133329538897747,0.0858775833942887,0.293973901519774
22758,0.229728413887513,0.168517531423125,0.494777196109774,0.106976858579588
22759,0.328420209154596,0.389385218622981,0.0612610388900949,0.220933533332329
22760,0.155973722942751,0.191959918641347,0.517371947612739,0.134694410803164
22761,0.131263428628859,0.482780081571635,0.130902070522456,0.25505441927705
22762,0.101591285101467,0.343429322760525,0.423520832403131,0.131458559734878
22763,0.0882983890158936,0.379099179031377,0.287523674595199,0.245078757357531
22764,0.162580824311802,0.601575416523172,0.0506335532759913,0.185210205889035
22765,0.220295092460936,0.23066327516244,0.271055778361805,0.27798585401482
22766,0.380616668697291,0.338846280313037,0.201337658550245,0.0791993924394276
22767,0.146570441606386,0.0992381968380693,0.503652546051163,0.250538815504382
22768,0.132575381782184,0.141161496610093,0.476017679502139,0.250245442105584
22769,0.0563658986063433,0.827653217300214,0.0384282980821247,0.0775525860113177
22770,0.567371381987225,0.0975191012495161,0.0569503430679649,0.278159173695294
22771,0.334025213327414,0.102643850372984,0.443100311036519,0.120230625263083
22772,0.454976326834695,0.200181066501739,0.137592493271492,0.207250113392074
22773,0.0683213386525933,0.511848716578183,0.0764851542955382,0.343344790473685
22774,0.0968321836560618,0.207602775684488,0.403867664948829,0.291697375710621
22775,0.231023427661483,0.371645442056776,0.267578619558922,0.129752510722819
22776,0.255665947085353,0.23644077839298,0.0754112524552912,0.432482022066376
22777,0.0655614574059338,0.44905065157704,0.307385231966195,0.178002659050831
22778,0.029392436257339,0.144665212115356,0.504767373785839,0.321174977841466
22779,0.145767202886382,0.359798539588458,0.202134923546653,0.292299333978507
22780,0.203946136415353,0.480914654571173,0.085876487345936,0.229262721667538
22781,0.0531842212640583,0.158879690046307,0.555249188804091,0.232686899885544
22782,0.0424418252909867,0.0644843526833097,0.515893632887419,0.377180189138285
22783,0.174208368427626,0.113431236119945,0.473114631011985,0.239245764440444
22784,0.0716316981784959,0.516554407262131,0.0744340465487982,0.337379848010575
22785,0.146155522484631,0.394231546475157,0.254991347436726,0.204621583603486
22786,0.281343640805186,0.0575391275920586,0.303426673862816,0.35769055773994
22787,0.331516071220489,0.119587240031586,0.130776946479521,0.418119742268404
22788,0.412410898710004,0.030429698724097,0.185856755006769,0.37130264755913
22789,0.387366365863891,0.100087406116008,0.0856134485166758,0.426932779503426
22790,0.0650634790667191,0.216537193782454,0.464350691477979,0.254048635672848
22791,0.0784842275971134,0.346713478294829,0.0705092968983982,0.50429299720966
22792,0.0564728840872107,0.0607035411118157,0.716765600281167,0.166057974519807
22793,0.714860608493021,0.0884509436730555,0.0469734459662967,0.149715001867627
22794,0.0887452574691845,0.22907273752552,0.356350202127069,0.325831802878226
22795,0.127154007445242,0.396120702667374,0.0590323449356515,0.417692944951732
22796,0.57358097795479,0.0442913129434405,0.16337361455579,0.218754094545979
22797,0.0328637109159262,0.0693644816807584,0.766727587349445,0.13104422005387
22798,0.0475035964372711,0.0631439394853275,0.290093565678334,0.599258898399068
22799,0.452477077001742,0.0653334472080393,0.0554468104893934,0.426742665300825
22800,0.214292862499134,0.0987532206302249,0.208551769685076,0.478402147185565
22801,0.0598967252854083,0.26390462664655,0.259628415621729,0.416570232446313
22802,0.0471439433421988,0.417511247970197,0.207841802403633,0.327503006283971
22803,0.475354937879447,0.36120821557715,0.035060836339698,0.128376010203705
22804,0.235002482514891,0.0871159329234303,0.333332661941272,0.344548922620407
22805,0.182525886183291,0.276283735464839,0.15051120066937,0.390679177682501
22806,0.0919695327989419,0.538784177526636,0.0638645329527709,0.305381756721651
22807,0.388735811536278,0.0266183055804532,0.344398062739197,0.240247820144071
22808,0.0348626852660323,0.423719172439132,0.201198792586289,0.340219349708547
22809,0.0765227023812532,0.161947090799791,0.573829126571972,0.187701080246984
22810,0.0634125494037556,0.505109288652561,0.135310195128002,0.296167966815681
22811,0.150009197529178,0.129598026470379,0.304749469914794,0.415643306085649
22812,0.125928456260001,0.421373375589667,0.130829803773588,0.321868364376744
22813,0.32248760813225,0.0934894987592239,0.262617414920596,0.32140547818793
22814,0.212957347399414,0.546854506230732,0.0440652753823782,0.196122870987476
22815,0.152970572410608,0.416004502645905,0.12250933388669,0.308515591056797
22816,0.0859162090391989,0.193069573872376,0.0533125920437441,0.667701625044681
22817,0.443314384465945,0.0885030228517742,0.0466906895502194,0.421491903132061
22818,0.0317442841837008,0.577555034311617,0.170184353316661,0.220516328188021
22819,0.138753112606637,0.0923208485299691,0.402030709316331,0.366895329547063
22820,0.089944066959711,0.17832735999545,0.487406756566562,0.244321816478277
22821,0.0663725990942937,0.172082951935547,0.329610319559894,0.431934129410266
22822,0.308960627540579,0.0690166248225252,0.259211264290698,0.362811483346198
22823,0.0799009824517933,0.384589276686954,0.0686071915976021,0.466902549263651
22824,0.0476751974242715,0.413826464776843,0.162448638505831,0.376049699293054
22825,0.133026281905664,0.0354932711299993,0.7074620912392,0.124018355725137
22826,0.0801155173943075,0.122610963162502,0.308234301074764,0.489039218368426
22827,0.44042788073501,0.0409180178667614,0.167559503810336,0.351094597587893
22828,0.055190885378034,0.213421049533187,0.588129826345999,0.14325823874278
22829,0.0790169214080616,0.471038996019674,0.290542153604887,0.159401928967378
22830,0.106739790348713,0.0403787142399969,0.639884405742309,0.212997089668981
22831,0.0764729981923231,0.531775616390855,0.0414691586941106,0.350282226722711
22832,0.0812359807665909,0.0646717025779848,0.569024291590517,0.285068025064908
22833,0.137657755817929,0.532589144259054,0.0877265159398126,0.242026583983204
22834,0.0323074986571286,0.0751045070255141,0.215305129069391,0.677282865247966
22835,0.146092844418697,0.127639607227858,0.106448956122886,0.61981859223056
22836,0.179445660703791,0.316312992985332,0.0551347210181891,0.449106625292688
22837,0.0407153233045825,0.358750236802357,0.108643749935475,0.491890689957585
22838,0.269493764662871,0.131412918500281,0.0312802510735845,0.567813065763264
22839,0.142501292054422,0.249169675847032,0.283563279209687,0.324765752888859
22840,0.474447342109949,0.0312155688843108,0.215964551552869,0.278372537452872
22841,0.232301887885089,0.113898483289744,0.144202024609253,0.509597604215914
22842,0.36401921836355,0.0465929911269022,0.221850029529005,0.367537760980543
22843,0.348784246388977,0.0720797372126853,0.242854880294796,0.336281136103542
22844,0.669708234029379,0.0627822827383717,0.161899255585539,0.105610227646711
22845,0.642807288922584,0.181407864704974,0.0959646593150145,0.0798201870574271
22846,0.0726796098454657,0.681741786459281,0.0233781723415733,0.22220043135368
22847,0.242280606832355,0.520058662452034,0.0734875377948153,0.164173192920796
22848,0.210692523375673,0.183956374636402,0.0747198758270053,0.53063122616092
22849,0.337999339831136,0.0290892473741129,0.52084422527357,0.112067187521181
22850,0.490765787616318,0.0738939436023831,0.237299647723286,0.198040621058013
22851,0.120498665800174,0.449340902010116,0.0912978677931591,0.338862564396552
22852,0.542283887650462,0.0506870820492952,0.03486061789538,0.372168412404863
22853,0.622063897340109,0.080967832408601,0.203052741928778,0.0939155283225118
22854,0.090952136995728,0.131187629000569,0.0475589884068203,0.730301245596883
22855,0.463717857024206,0.151840381330507,0.0303237648048567,0.354117996840431
22856,0.0207449039919728,0.0348131361165606,0.487150090918753,0.457291868972714
22857,0.0172266169368486,0.0321238044309101,0.278607857444363,0.672041721187878
22858,0.246951625743517,0.247652608481975,0.299771199382736,0.205624566391771
22859,0.169536418767054,0.683459442938839,0.0776721052694638,0.0693320330246436
22860,0.189166933466678,0.307580204577098,0.141383331427955,0.36186953052827
22861,0.212446413999324,0.364623709198889,0.283319842503222,0.139610034298565
22862,0.148184707415352,0.16707711565525,0.192455526266687,0.492282650662711
22863,0.0970750600401011,0.661958763659223,0.157585919490597,0.0833802568100789
22864,0.0486799967016615,0.404249046165637,0.184517296216795,0.362553660915907
22865,0.242461207436032,0.323945710604267,0.123062074134632,0.310531007825069
22866,0.232581013222123,0.0506310483275916,0.568066745295194,0.148721193155092
22867,0.178928849323829,0.0792796420833626,0.552927167460099,0.188864341132709
22868,0.122969978717669,0.17785883976932,0.333465699932614,0.365705481580397
22869,0.354420673155445,0.140990349712494,0.149353902744319,0.355235074387742
22870,0.234703242018353,0.281730101432547,0.199682820679081,0.283883835870019
22871,0.168764993108236,0.496837841498093,0.0980513092809641,0.236345856112707
22872,0.144006126441349,0.674926063198419,0.038960373375786,0.142107436984446
22873,0.065997432130613,0.255488495642849,0.319258726973855,0.359255345252683
22874,0.123152389435386,0.567651137927706,0.0597945532445416,0.249401919392366
22875,0.0591314571408814,0.583169156722712,0.0843722844351838,0.273327101701223
22876,0.180816854379131,0.485876448822199,0.149981450188007,0.183325246610662
22877,0.343838057215217,0.110772951254324,0.158018738614339,0.38737025291612
22878,0.0972226283419317,0.0539243309076067,0.485318388088693,0.363534652661769
22879,0.185502477034675,0.114205608319591,0.578995117089713,0.121296797556021
22880,0.117256923438851,0.173695044670679,0.607025337283188,0.102022694607282
22881,0.261871827331694,0.158670326610736,0.288939941018457,0.290517905039113
22882,0.0434105324542218,0.796077720506114,0.0313785868014084,0.129133160238255
22883,0.152799370832529,0.0800036154755031,0.423874288899814,0.343322724792154
22884,0.0688684657651175,0.246819430696117,0.327289578867829,0.357022524670936
22885,0.399626157210035,0.15261869979458,0.0301514259965581,0.417603716998827
22886,0.24066876270029,0.0328634720826624,0.131367658502733,0.595100106714314
22887,0.1052923804777,0.667251858422033,0.0765275747180008,0.150928186382266
22888,0.606006594669342,0.222290701837399,0.0405854775415387,0.131117225951721
22889,0.0265896557279827,0.04526547885594,0.807976120885321,0.120168744530757
22890,0.302028315465665,0.480908645410788,0.0745565332594482,0.142506505864099
22891,0.138527685552303,0.380788748846568,0.204518851326014,0.276164714275115
22892,0.164514528565775,0.0820591703692656,0.528985340572785,0.224440960492175
22893,0.543726800959798,0.173067423758678,0.130272799824205,0.152932975457319
22894,0.099212634911304,0.0774387543624381,0.0321144542804874,0.791234156445771
22895,0.451597462437373,0.148051494714286,0.114303299255702,0.28604774359264
22896,0.435903825281163,0.443753686873393,0.0479858806333761,0.0723566072120671
22897,0.099446523266534,0.261618778858172,0.393379087243671,0.245555610631623
22898,0.105347025926452,0.200142819810821,0.444582283245349,0.249927871017379
22899,0.516338134613506,0.143617655639474,0.130607668714096,0.209436541032923
22900,0.415687711422823,0.125129829297936,0.0799665403117725,0.379215918967468
22901,0.190222790540372,0.304532229852182,0.159064732450329,0.346180247157117
22902,0.146461578909865,0.318274974553201,0.169766559684791,0.365496886852143
22903,0.200496272099212,0.243530539512218,0.433303776567288,0.122669411821281
22904,0.659296407582797,0.0839271284679867,0.119337328440305,0.137439135508911
22905,0.3570306934739,0.320472324701957,0.0741936868359643,0.248303294988179
22906,0.635215531747988,0.190911779193198,0.0455485247959418,0.128324164262872
22907,0.167247248027774,0.151042498824272,0.445775653390375,0.235934599757579
22908,0.203234519754378,0.232362601368842,0.320109876372304,0.244293002504476
22909,0.140346042680924,0.704901192331305,0.0434511498259712,0.1113016151618
22910,0.19104244625465,0.266674841000074,0.124061487776608,0.418221224968668
22911,0.106447216508417,0.162811445821067,0.265209299364687,0.46553203830583
22912,0.247252542259779,0.499218184541119,0.164174359283431,0.0893549139156714
22913,0.156324906475127,0.118181009384777,0.616375677948866,0.10911840619123
22914,0.0825503635969653,0.41246020275794,0.131697245408235,0.37329218823686
22915,0.667469960218731,0.0709032198509981,0.0872915954430653,0.174335224487206
22916,0.22132214268658,0.314044662917772,0.0847631610974565,0.379870033298192
22917,0.373815291387059,0.247543280363128,0.037175835667557,0.341465592582255
22918,0.517164819746952,0.171027346361824,0.034796776501977,0.277011057389247
22919,0.066344854811937,0.794403035390244,0.0469562587089406,0.0922958510888789
22920,0.139137612765584,0.147786790427607,0.422808133561973,0.290267463244836
22921,0.449217205914429,0.127628694358491,0.0645285484921958,0.358625551234885
22922,0.166427624136773,0.445096820451445,0.126170031646402,0.26230552376538
22923,0.0294854832215039,0.483379689625427,0.139795707809679,0.34733911934339
22924,0.580428334584247,0.126163294551146,0.148753466290864,0.144654904573743
22925,0.184138469008033,0.301235233085316,0.0400436915132354,0.474582606393415
22926,0.367229415602526,0.0892302207449695,0.210210451072819,0.333329912579685
22927,0.0633275782191766,0.0896864198609906,0.238556676261583,0.60842932565825
22928,0.710910293814067,0.149967941492946,0.0245937104189682,0.114528054274018
22929,0.0607895130717667,0.581433042661782,0.15685340705822,0.200924037208231
22930,0.0811594883414282,0.126631443765214,0.449296053015695,0.342913014877663
22931,0.0854022114765168,0.204209959209715,0.570359150037538,0.140028679276231
22932,0.10825015454107,0.109256413207484,0.0520669796901304,0.730426452561316
22933,0.429325202899746,0.1127846856946,0.1118087834731,0.346081327932555
22934,0.130412710942077,0.0767614980549698,0.36036507855909,0.432460712443864
22935,0.0871031582344679,0.558190873612136,0.150791964850748,0.203914003302648
22936,0.4361117287348,0.112319200089679,0.214676694165747,0.236892377009774
22937,0.428329496023041,0.160493326635019,0.124508961932468,0.286668215409472
22938,0.424940008123357,0.260284668437806,0.067411370696944,0.247363952741893
22939,0.114870258688618,0.254463744997113,0.194477722718772,0.436188273595498
22940,0.114929549155443,0.0424070973641565,0.519175285869316,0.323488067611084
22941,0.21194708044498,0.0769756214354518,0.430571784231435,0.280505513888134
22942,0.0384829223901534,0.240785604500146,0.593342392012208,0.127389081097493
22943,0.0893281259961631,0.312794096473994,0.0816888239371365,0.516188953592707
22944,0.0672853737462069,0.417093610792639,0.0453331447180303,0.470287870743124
22945,0.167516544569581,0.273526242698434,0.117239972448184,0.441717240283802
22946,0.0588789987530464,0.110109179205619,0.249447759095411,0.581564062945923
22947,0.199065718836325,0.589015106213956,0.0466101314584219,0.165309043491297
22948,0.235437503418655,0.0882754434923575,0.0656940575015421,0.610592995587445
22949,0.0530223371125858,0.268406551182514,0.323983488642253,0.354587623062647
22950,0.144819548155845,0.263893688759926,0.0459594699956389,0.54532729308859
22951,0.120487975732957,0.417495814677585,0.125259651988389,0.33675655760107
22952,0.176328371913856,0.250526491324779,0.0663919476212377,0.506753189140127
22953,0.382713197193101,0.233221811802225,0.240941812227848,0.143123178776826
22954,0.174685553124288,0.200500019326315,0.268987945013414,0.355826482535984
22955,0.202046102197746,0.532970128127424,0.152372452921727,0.112611316753103
22956,0.397933458524785,0.199140470680959,0.168694652000493,0.234231418793763
22957,0.246420711241572,0.19143497640091,0.388087411694489,0.174056900663029
22958,0.557156302472005,0.177537338605869,0.113578340014105,0.151728018908021
22959,0.118120814504667,0.168290197800992,0.46479587945543,0.24879310823891
22960,0.412680749534902,0.373015256341074,0.10610201752138,0.108201976602645
22961,0.17952122915197,0.222509175644546,0.343802880828941,0.254166714374543
22962,0.182207661806202,0.12844331800772,0.624661380550162,0.0646876396359164
22963,0.0664632464892912,0.349817999050373,0.068815280205845,0.514903474254491
22964,0.112462864621245,0.12445708111698,0.530476828042501,0.232603226219274
22965,0.30102856441423,0.364472665691043,0.109836910604055,0.224661859290671
22966,0.14882004774287,0.143451409755386,0.571925165038138,0.135803377463606
22967,0.0743272727345156,0.506748557227842,0.362737316005608,0.0561868540320339
22968,0.149195221115807,0.243585979229617,0.467753337233332,0.139465462421244
22969,0.302659857937175,0.246860478819176,0.294901157447083,0.155578505796566
22970,0.450233644893425,0.159185214792014,0.188358224818571,0.202222915495991
22971,0.143853639778829,0.176283186720332,0.608624647499488,0.0712385260013518
22972,0.242042879720185,0.576931503876607,0.0990227039083211,0.0820029124948872
22973,0.0413468470610636,0.457241389447325,0.0556699359583858,0.445741827533226
22974,0.065602646506307,0.106943961665056,0.440252423563926,0.387200968264711
22975,0.223951207735587,0.149207576272766,0.516194031999385,0.110647183992262
22976,0.0302266651711065,0.186952522369768,0.477890714973078,0.304930097486048
22977,0.06832629204829,0.244922578690417,0.466375675245183,0.220375454016111
22978,0.0255632020374131,0.201473402803667,0.579395104442097,0.193568290716824
22979,0.0608238823512248,0.236276744472408,0.469758386699928,0.233140986476439
22980,0.423261250808598,0.459560603874371,0.0429708163937063,0.0742073289233245
22981,0.139547990338751,0.662450986977678,0.108139795450184,0.0898612272333875
22982,0.178249031025558,0.0612671768859078,0.184835920320148,0.575647871768386
22983,0.533019800177861,0.316674207493743,0.0372863879945054,0.113019604333891
22984,0.0183100178246835,0.456115181129553,0.268723517335179,0.256851283710585
22985,0.323617058699584,0.0575773103258997,0.117757540519128,0.501048090455388
22986,0.336494650658789,0.218065912672641,0.0600178826135337,0.385421554055037
22987,0.040896143981958,0.0981244723264783,0.373471148788086,0.487508234903477
22988,0.0968899321512994,0.063261923852677,0.627602600798112,0.212245543197912
22989,0.573257374667501,0.0797031872200679,0.142039127435941,0.20500031067649
22990,0.0762984786751438,0.348525762006752,0.0647806257903554,0.510395133527748
22991,0.599397869752746,0.0951423952597578,0.0445122616452215,0.260947473342275
22992,0.23541095805736,0.372782066552977,0.208858962108311,0.182948013281352
22993,0.142414071231682,0.1193768210224,0.619515572241797,0.11869353550412
22994,0.617681377002208,0.171233378106705,0.112983226552434,0.0981020183386531
22995,0.0903239848026006,0.310486555543595,0.270288536757033,0.328900922896771
22996,0.564962351165348,0.181302218479942,0.145183442480094,0.108551987874616
22997,0.199834652725089,0.363219966896763,0.160810011121205,0.276135369256943
22998,0.175146433436659,0.110389850831487,0.124013893273349,0.590449822458505
22999,0.42176225749774,0.121719977382991,0.233133670704047,0.223384094415223
23000,0.122960346171917,0.237649778473294,0.554478239316293,0.0849116360384964
23001,0.200156852064166,0.395296461488726,0.16924000232348,0.235306684123628
23002,0.069061872066713,0.381860367270628,0.164640224913141,0.384437535749517
23003,0.646917375975573,0.132948380761426,0.106978874492517,0.113155368770483
23004,0.105993539993672,0.305427051593442,0.362502484004839,0.226076924408047
23005,0.203153043189604,0.56428975681366,0.0883531762768832,0.144204023719853
23006,0.107140228361023,0.140054182671968,0.624352418356524,0.128453170610485
23007,0.0395226061306508,0.418931667855919,0.457247525445778,0.084298200567652
23008,0.0663727864345624,0.474656637528741,0.259389355223221,0.199581220813475
23009,0.236553762006999,0.105814407156304,0.301026722106409,0.356605108730288
23010,0.431652404813185,0.31727073199695,0.108700371689432,0.142376491500432
23011,0.37115955573229,0.092630515896126,0.269019746478729,0.267190181892854
23012,0.275350043483063,0.0942143335270829,0.431783233385652,0.198652389604202
23013,0.348398184906479,0.0938493583636317,0.272469798240634,0.285282658489255
23014,0.0595543261998591,0.296524683650813,0.398660079852906,0.245260910296422
23015,0.119857680311682,0.123568654865563,0.510530830921145,0.24604283390161
23016,0.341041846307423,0.179917624943633,0.348896091937288,0.130144436811657
23017,0.20242014017514,0.177677704466225,0.366888678983334,0.253013476375301
23018,0.575528517948726,0.164081554025549,0.131690729886849,0.128699198138877
23019,0.0652366406411417,0.131815591257676,0.714406561611303,0.0885412064898791
23020,0.319080353042005,0.0828828412302561,0.0822906589450846,0.515746146782655
23021,0.406770495110839,0.270932134245443,0.0320362393206201,0.290261131323098
23022,0.172457603188291,0.203169719205753,0.0563489956118855,0.568023681994071
23023,0.523037240694861,0.110189462538182,0.106234984804141,0.260538311962816
23024,0.291560548543649,0.324741845802518,0.046564760524022,0.337132845129811
23025,0.0707678382767396,0.463024886950446,0.196891831414607,0.269315443358207
23026,0.753133365706564,0.0656268970141078,0.0719138544759632,0.109325882803365
23027,0.212125652251371,0.316738095255544,0.0946366353980822,0.376499617095003
23028,0.0875261624494806,0.624631387761665,0.0454960253128878,0.242346424475967
23029,0.0429813400566549,0.0450465780277671,0.614073097608225,0.297898984307353
23030,0.394389845905586,0.195816528510568,0.0692293792097757,0.340564246374071
23031,0.0513381962525338,0.217605709612553,0.294192550504797,0.436863543630117
23032,0.147631695229379,0.551821214072515,0.100886258548053,0.199660832150054
23033,0.378641524796441,0.131201493445074,0.043702571498852,0.446454410259633
23034,0.0835586322951039,0.303321787774016,0.0565500734787378,0.556569506452143
23035,0.349468670581831,0.299072224257852,0.0443329826577219,0.307126122502595
23036,0.0517436839768876,0.414626436702044,0.0565513480643858,0.477078531256682
23037,0.583914430595431,0.147160632784787,0.104975756652819,0.163949179966963
23038,0.317369402572389,0.475213222593552,0.087220091998453,0.120197282835607
23039,0.601352262715818,0.137046683006339,0.0209054267678965,0.240695627509947
23040,0.056445538109325,0.0707457695243999,0.144193447539705,0.72861524482657
23041,0.289824761789573,0.078631953615529,0.400586676576007,0.230956608018891
23042,0.340723568506881,0.117455053633697,0.0604654337900362,0.481355944069386
23043,0.0744787891427002,0.114715738196884,0.15268447367461,0.658120998985806
23044,0.0978207659344196,0.141748123787762,0.519305244713628,0.24112586556419
23045,0.556048623144612,0.0915244940925922,0.117739111676508,0.234687771086288
23046,0.769794845160123,0.0391139361551053,0.0777339340509608,0.113357284633811
23047,0.0641756961700873,0.197060683912425,0.580715248136585,0.158048371780903
23048,0.579452893070897,0.143958875829611,0.130416654772423,0.146171576327069
23049,0.390241850794084,0.276816294503035,0.134313649118658,0.198628205584223
23050,0.27615238977903,0.484436971730897,0.129862540127716,0.109548098362357
23051,0.413861654865875,0.227336601599749,0.199510676581961,0.159291066952416
23052,0.114966333161869,0.678181348644805,0.146363560964712,0.0604887572286152
23053,0.511350108345522,0.0739397415733057,0.201108302438588,0.213601847642584
23054,0.457319424647909,0.076099254318726,0.345026164010553,0.121555157022812
23055,0.648407685811562,0.205607379714064,0.0683563864494953,0.0776285480248787
23056,0.188887131131159,0.130958128601976,0.227015965876841,0.453138774390025
23057,0.156451879920366,0.57033852520933,0.0333698214899465,0.239839773380357
23058,0.0426383951172409,0.481595483536007,0.329416875888618,0.146349245458135
23059,0.3651883757892,0.127820776924391,0.122191945848995,0.384798901437414
23060,0.512991231866753,0.0963341615009803,0.0493204658598176,0.341354140772449
23061,0.561343953612891,0.132226754931418,0.237045683471187,0.0693836079845034
23062,0.134166055550236,0.220469418405544,0.0735023933821637,0.571862132662056
23063,0.101103767727351,0.0775683082330912,0.69211599729567,0.129211926743888
23064,0.140414100321728,0.0749542613830425,0.591145093288708,0.193486545006521
23065,0.101421317488834,0.204068101924965,0.485842538982664,0.208668041603537
23066,0.101976187275763,0.676370765467463,0.0501087332509619,0.171544314005812
23067,0.166623457643478,0.145938038112081,0.298576720012011,0.38886178423243
23068,0.697789788509489,0.166878762907984,0.0241474269476902,0.111184021634838
23069,0.0399212675308641,0.457027803355418,0.245195181358249,0.257855747755468
23070,0.192865599653086,0.442908383906577,0.0602068491027117,0.304019167337625
23071,0.0348013023086263,0.492660544891153,0.282597503258861,0.18994064954136
23072,0.165720803254525,0.0960169351666554,0.490914823691263,0.247347437887557
23073,0.0964281308128078,0.0372442225953794,0.514590098094447,0.351737548497366
23074,0.535772221309125,0.0726247010727877,0.0614766072415261,0.330126470376561
23075,0.29947337429092,0.217323246728688,0.159932667703205,0.323270711277187
23076,0.563255400874417,0.043423300483611,0.0414531470882847,0.351868151553688
23077,0.794077669393299,0.0509855340450794,0.0511765169781987,0.103760279583423
23078,0.0608334908088556,0.142198158981497,0.630567536241152,0.166400813968496
23079,0.499740577447762,0.108466884773791,0.228515034067883,0.163277503710564
23080,0.263961590743149,0.304113684439459,0.0931576039134941,0.338767120903898
23081,0.0325644561993172,0.0619337467702058,0.670337173273678,0.235164623756799
23082,0.183230785189355,0.672912595098073,0.0401874977880992,0.103669121924473
23083,0.145803712591408,0.297776715826991,0.227896475723313,0.328523095858288
23084,0.0507052217506714,0.207041069648226,0.58144220905332,0.160811499547782
23085,0.0723493361036851,0.0440259160895695,0.0851130688356171,0.798511678971128
23086,0.268758298270567,0.402915586989302,0.22181992409645,0.10650619064368
23087,0.282464544587021,0.263023486477286,0.347118102161832,0.107393866773861
23088,0.325332630953133,0.228768159852641,0.383211446436173,0.0626877627580536
23089,0.403350928651243,0.362760060694126,0.196859867767784,0.0370291428868477
23090,0.0740903353812525,0.224115188498035,0.533255373627051,0.168539102493662
23091,0.342940247291147,0.301551938499716,0.239594418925245,0.115913395283893
23092,0.300836626826402,0.153362888440455,0.381193433289788,0.164607051443355
23093,0.40121475843183,0.150661259771729,0.226709196728635,0.221414785067805
23094,0.603743183384013,0.179632736786666,0.169029835938299,0.0475942438910219
23095,0.296847557086761,0.258378357861468,0.121814684557054,0.322959400494718
23096,0.297946740997962,0.228736030597923,0.300167710472276,0.173149517931839
23097,0.621301325089767,0.106010019859226,0.22459931953271,0.0480893355182972
23098,0.422492659786123,0.167964153790809,0.262843750474031,0.146699435949038
23099,0.471129359010424,0.194388886293015,0.199406895129788,0.135074859566774
23100,0.140160984720382,0.189933042287003,0.622296948428877,0.0476090245637376
23101,0.177484221492967,0.552860189174634,0.101506605773318,0.168148983559082
23102,0.367855851381111,0.159249172352662,0.275711506492238,0.197183469773989
23103,0.166408239849122,0.352863460855638,0.416080492795589,0.0646478064996503
23104,0.204521941312746,0.377307444117032,0.213828017240513,0.204342597329709
23105,0.0904164955300713,0.310298148617705,0.348523924783785,0.250761431068439
23106,0.277440837789651,0.254912925258982,0.251707942159104,0.215938294792263
23107,0.195577048573982,0.136429541765798,0.571379457311558,0.0966139523486626
23108,0.186479308649659,0.210239604577284,0.192209274906967,0.41107181186609
23109,0.10933824571955,0.353138356067176,0.352203512939502,0.185319885273772
23110,0.51697086929072,0.0539281402513371,0.247491077480247,0.181609912977695
23111,0.0816312481983564,0.551195440250483,0.235458445839689,0.131714865711472
23112,0.127246535260208,0.100315803732426,0.678235740853654,0.0942019201537111
23113,0.154404984508692,0.388108598670599,0.231515484486594,0.225970932334114
23114,0.0828134291819596,0.282389518181091,0.481913699266912,0.152883353370038
23115,0.112220729002852,0.288289215450417,0.280343362195666,0.319146693351065
23116,0.0647822356642243,0.654002883163809,0.0276628827481021,0.253551998423865
23117,0.1382155128411,0.0891143348392759,0.602422970249523,0.170247182070101
23118,0.0372514386954418,0.0576017978869889,0.502695234262383,0.402451529155186
23119,0.0328649109333725,0.332673278476274,0.108390922861166,0.526070887729187
23120,0.574559892403871,0.118287213419509,0.0382826692483049,0.268870224928315
23121,0.332723614093063,0.243609442101192,0.056253567430292,0.367413376375453
23122,0.294839994867578,0.120125204242541,0.138519721252558,0.446515079637323
23123,0.0387198237090467,0.487826168560859,0.187167026053168,0.286286981676926
23124,0.318882832647595,0.409046327500993,0.149131054008901,0.122939785842511
23125,0.323434970961886,0.358347503216254,0.201112780130455,0.117104745691405
23126,0.361787837844635,0.322284058801104,0.152258077425577,0.163670025928684
23127,0.302963861329401,0.227552815965823,0.365001640886051,0.104481681818725
23128,0.554085655163936,0.244183041201134,0.109421865886402,0.0923094377485283
23129,0.401092626107237,0.312131301423648,0.141544426269552,0.145231646199563
23130,0.180462031851765,0.455048270316467,0.165554872093843,0.198934825737926
23131,0.24097186699585,0.171683644110933,0.471744240126604,0.115600248766613
23132,0.395459274114562,0.281015126417022,0.191177350027917,0.132348249440499
23133,0.151896163720045,0.139002972709235,0.5903562195173,0.11874464405342
23134,0.150002744913337,0.203552514335467,0.378734289371941,0.267710451379256
23135,0.142351960201764,0.406659397286331,0.287279547250979,0.163709095260927
23136,0.16100890922779,0.0978799040860385,0.536092739885022,0.205018446801149
23137,0.120541477663794,0.245608979790926,0.150441213954541,0.483408328590739
23138,0.169865291131791,0.13017996747872,0.54308018731147,0.15687455407802
23139,0.395532440554498,0.228893503876818,0.154622113242676,0.220951942326008
23140,0.189618714136034,0.527759142408899,0.10213697515903,0.180485168296037
23141,0.0977538421120192,0.520482014340801,0.133323074290877,0.248441069256303
23142,0.348180137412106,0.143658385550176,0.355053376644628,0.153108100393089
23143,0.225045303168295,0.285703076105058,0.401612528963748,0.0876390917628981
23144,0.211206583170718,0.31504780869376,0.372155894356884,0.101589713778637
23145,0.253563489375987,0.347051245056127,0.273147458428877,0.12623780713901
23146,0.26209077951159,0.496687059937609,0.194327290522137,0.0468948700286633
23147,0.236675949727951,0.227804921838608,0.3256031880169,0.209915940416541
23148,0.234220454032127,0.46858799043309,0.190420572416284,0.1067709831185
23149,0.460836755794113,0.31037164448728,0.101685267929276,0.127106331789331
23150,0.204965347124836,0.450952180896458,0.176276027395048,0.167806444583658
23151,0.254813762986501,0.209201682833341,0.445568890570214,0.0904156636099437
23152,0.235987504671444,0.154505255823434,0.469571569236036,0.139935670269086
23153,0.345027453583149,0.289192237594377,0.195916872200551,0.169863436621924
23154,0.226586723755463,0.272872663859293,0.265016302346586,0.235524310038659
23155,0.449676207797465,0.252150712180527,0.154430578711234,0.143742501310774
23156,0.453178026065073,0.194140944229226,0.209841683019355,0.142839346686347
23157,0.124265840495883,0.584071379160482,0.167081188882285,0.124581591461349
23158,0.505461014268226,0.152386938467335,0.252992356702343,0.0891596905620967
23159,0.274293312594956,0.230292970581363,0.319687305219327,0.175726411604354
23160,0.0850480961038486,0.182798935405508,0.364956549525843,0.3671964189648
23161,0.316814278529522,0.221265595235415,0.330006682612479,0.131913443622585
23162,0.170158646763314,0.22483522037699,0.0653339130535523,0.539672219806144
23163,0.0853953961541388,0.786655851115686,0.0333396664428181,0.0946090862873571
23164,0.165902703937869,0.59279606077871,0.0968667811965283,0.144434454086893
23165,0.0219227513868743,0.159995475606815,0.345103861776488,0.472977911229823
23166,0.55839922732111,0.108250713393342,0.0487768766066014,0.284573182678946
23167,0.294987263195158,0.0681046042455397,0.181704861464066,0.455203271095236
23168,0.169760025884021,0.029963792801983,0.15512317231443,0.645153008999566
23169,0.203199975987677,0.267916926985475,0.423510893400869,0.105372203625979
23170,0.0651688326111028,0.0665596968434342,0.16335791636824,0.704913554177223
23171,0.184480321427313,0.0741466366803545,0.202711542417085,0.538661499475247
23172,0.176783261654436,0.575871517497355,0.0678428433213765,0.179502377526833
23173,0.0218962113069652,0.0385708026407524,0.266630810514817,0.672902175537465
23174,0.834947698657536,0.0632327842146895,0.0174376481927475,0.0843818689350273
23175,0.308314752366158,0.0843201950014467,0.121343001648422,0.486022050983974
23176,0.022447216714476,0.594221220699485,0.062642960023945,0.320688602562094
23177,0.390316129776103,0.157509316651844,0.372487243978583,0.0796873095934703
23178,0.125355008203633,0.538897780223686,0.125844941499825,0.209902270072856
23179,0.105329230085841,0.616438432398748,0.0455569601703837,0.232675377345028
23180,0.0201388731451143,0.197134996375955,0.583559244762642,0.199166885716289
23181,0.241488058503074,0.444110855487277,0.155226977581129,0.15917410842852
23182,0.361241097924709,0.411528749496333,0.140441073547894,0.0867890790310648
23183,0.163774760216632,0.399615262035305,0.183372866535957,0.253237111212107
23184,0.271822817690335,0.322370910042335,0.24512526989718,0.160681002370151
23185,0.354419663299488,0.130673172997604,0.269548264145518,0.24535889955739
23186,0.334059455457917,0.238245110865346,0.0851911410012236,0.342504292675513
23187,0.101587488521861,0.184526613889617,0.561172961958352,0.15271293563017
23188,0.514680437192408,0.294326753696901,0.0895717324654109,0.10142107664528
23189,0.213641419016678,0.179910744589419,0.187566137275125,0.418881699118779
23190,0.194223925820079,0.222146368574751,0.263445829319188,0.320183876285983
23191,0.334198648358346,0.352708098813642,0.129062175304569,0.184031077523443
23192,0.2729861779376,0.406686699651778,0.0468201703093033,0.273506952101318
23193,0.250449063665638,0.240109245053399,0.0985690047887641,0.410872686492199
23194,0.408840697854492,0.358247497097124,0.0962658438678726,0.136645961180511
23195,0.457794431312281,0.186837548999107,0.184717132796156,0.170650886892456
23196,0.205515240606167,0.37140296581293,0.181757962606851,0.241323830974052
23197,0.284190905318386,0.0856580511668675,0.23222508607762,0.397925957437126
23198,0.41118029463198,0.0941258511686019,0.173828923673789,0.32086493052563
23199,0.525333471908485,0.151867800698497,0.0606543726898027,0.262144354703215
23200,0.305436142028794,0.18697296914773,0.402600519703925,0.104990369119551
23201,0.298496689778772,0.267725517743448,0.236062310707161,0.197715481770619
23202,0.221446286817099,0.267690463233096,0.354681877832236,0.156181372117569
23203,0.0734865478629491,0.619863253346276,0.187376598831552,0.119273599959223
23204,0.167417280128246,0.391745251463032,0.160405492088063,0.280431976320659
23205,0.200971356902328,0.182829704785385,0.328107272389661,0.288091665922626
23206,0.290756221615504,0.338406175709262,0.0552557804931996,0.315581822182035
23207,0.329398458077415,0.201905128845901,0.324998024184818,0.143698388891866
23208,0.185430127786151,0.104228174942149,0.318139222683156,0.392202474588545
23209,0.253050677034535,0.391301732993205,0.117963059513898,0.237684530458363
23210,0.659476658090675,0.0995030623138317,0.111446582064713,0.12957369753078
23211,0.345252889408447,0.343769720978312,0.110771852617901,0.20020553699534
23212,0.0909672595896323,0.377724184023587,0.252593280848949,0.278715275537832
23213,0.0822998423899221,0.115838256269467,0.387960272604669,0.413901628735942
23214,0.631392949642649,0.0758600355401786,0.202935481065538,0.0898115337516353
23215,0.39456209864991,0.0769908811069049,0.183223780516794,0.345223239726391
23216,0.244771397728828,0.161618922736493,0.217815338884251,0.375794340650427
23217,0.0719038054392209,0.530245427801384,0.0633248713895334,0.334525895369862
23218,0.144522031596619,0.209189650668025,0.248794080307924,0.397494237427433
23219,0.282651253394013,0.0682820740415288,0.0501994178469487,0.59886725471751
23220,0.657937153702975,0.168671167615853,0.0592319270339695,0.114159751647203
23221,0.784433134963878,0.0253613914157805,0.0178341601511646,0.172371313469177
23222,0.0745253103896378,0.093968568148767,0.59199610424393,0.239510017217665
23223,0.117798328445177,0.377766608648493,0.0911583627220966,0.413276700184233
23224,0.0387995042174956,0.247967706663334,0.215176412087853,0.498056377031317
23225,0.219941178441554,0.542235867262825,0.0178474166701018,0.219975537625519
23226,0.0659914233263197,0.097480956020855,0.264925613706194,0.571602006946632
23227,0.704268314317249,0.10364727152017,0.035297169069434,0.156787245093147
23228,0.0491296702045247,0.0323663533305962,0.0926183070773331,0.825885669387546
23229,0.101354494484863,0.107004130397106,0.319437714366385,0.472203660751646
23230,0.0633043473033362,0.310970046100685,0.0218208480365999,0.603904758559379
23231,0.023802255659051,0.246530919842788,0.0949956759582326,0.634671148539929
23232,0.207247283012079,0.238013892650478,0.123830756164459,0.430908068172985
23233,0.0807566259490066,0.0818372580966165,0.270877667654469,0.566528448299908
23234,0.162661652381742,0.0271723527637283,0.0624174909843032,0.747748503870227
23235,0.0754761618811747,0.0118858677137845,0.403995128455423,0.508642841949618
23236,0.512059704014292,0.0203479955817561,0.249176161978234,0.218416138425719
23237,0.0229798271550222,0.132945285672201,0.234985369838862,0.609089517333916
23238,0.135784511609325,0.268072540925857,0.296125047968223,0.300017899496595
23239,0.25152590085968,0.503538744166208,0.0390474225828641,0.205887932391248
23240,0.161762259505922,0.602402285730934,0.0708062960101271,0.165029158753017
23241,0.483188161795775,0.127176191947404,0.184150475719721,0.2054851705371
23242,0.618232492073113,0.173247387211243,0.0476560658248269,0.160864054890817
23243,0.297196427546255,0.0620631920928687,0.376061825037728,0.264678555323149
23244,0.141569055888745,0.53530624632072,0.127716848432327,0.195407849358207
23245,0.629044366288134,0.0240705972681674,0.140462702283603,0.206422334160096
23246,0.33811150458517,0.294733170163908,0.0884380351774527,0.278717290073469
23247,0.0710477704830906,0.0629884471162443,0.334406536022117,0.531557246378548
23248,0.0936859855519686,0.528686937809549,0.156030943304963,0.221596133333519
23249,0.257311767274257,0.257026737721129,0.192877983156774,0.29278351184784
23250,0.215829272184595,0.101928898254279,0.546388306826126,0.135853522735001
23251,0.0675088565877328,0.680129218590015,0.079681329358725,0.172680595463527
23252,0.091186181177549,0.266147558867268,0.278479356387599,0.364186903567584
23253,0.0588919411196578,0.160927429595652,0.662264121971419,0.117916507313271
23254,0.614659015936188,0.0633119106619529,0.244552153550357,0.0774769198515023
23255,0.358980440170564,0.265080398563826,0.0300625890996551,0.345876572165955
23256,0.675130733130112,0.0319013976477254,0.131379153015086,0.161588716207076
23257,0.200182477261319,0.540645057274083,0.0538913689690589,0.20528109649554
23258,0.589270491717261,0.113986373478322,0.155569201215721,0.141173933588696
23259,0.0659733623442744,0.182590843408569,0.283956201161079,0.467479593086078
23260,0.192190692274253,0.0573355690464811,0.558452703897858,0.192021034781408
23261,0.119738520918716,0.48543004050534,0.0980446276234047,0.296786810952539
23262,0.542357537678568,0.102681383037615,0.134784823871007,0.22017625541281
23263,0.502021207442095,0.193534455376081,0.159710975728563,0.144733361453261
23264,0.0394203362365857,0.391629376922932,0.309056170824333,0.25989411601615
23265,0.59742902183118,0.135642389905446,0.100685871043535,0.16624271721984
23266,0.190895469668123,0.103303643321346,0.137363803368074,0.568437083642457
23267,0.227011363774939,0.204277665593648,0.332316380848687,0.236394589782726
23268,0.175429667621756,0.104926478047597,0.0513303868863611,0.668313467444286
23269,0.244246695906104,0.395125979106578,0.0379330996551473,0.322694225332171
23270,0.164702027151247,0.214971248149678,0.48927640112734,0.131050323571735
23271,0.277263975543718,0.0723500450465405,0.0698802398355979,0.580505739574143
23272,0.13260237090163,0.17071863575497,0.520252655243085,0.176426338100315
23273,0.0924854326214123,0.476578896627416,0.0975126419858315,0.33342302876534
23274,0.330868355099782,0.127586109658679,0.078426227570605,0.463119307670934
23275,0.0552399148541305,0.149965539146866,0.274175576534855,0.520618969464148
23276,0.184519602871257,0.437532272847083,0.169436277711456,0.208511846570204
23277,0.44346084542615,0.304105635022686,0.0841883697129946,0.168245149838169
23278,0.128111554185767,0.148861048519444,0.350420846033376,0.372606551261413
23279,0.317029131464412,0.359947372881962,0.110875097370468,0.212148398283157
23280,0.310229705693492,0.155429187744729,0.214953279024477,0.319387827537302
23281,0.110561083369132,0.486084612570736,0.138811630066061,0.264542673994071
23282,0.252800165778538,0.388810279039231,0.158376158964041,0.200013396218191
23283,0.108129450350912,0.343015097633912,0.275029131666869,0.273826320348306
23284,0.108557674597396,0.34934087955228,0.23904008861867,0.303061357231654
23285,0.369962548384231,0.170631221768274,0.120049213859196,0.339357015988299
23286,0.19206661962234,0.117461477393082,0.420630645383514,0.269841257601065
23287,0.11543721746967,0.200548132261787,0.342767078244273,0.341247572024269
23288,0.651459035503451,0.104282067105194,0.115644650881848,0.128614246509508
23289,0.168719816677047,0.568192143862285,0.13178309340321,0.131304946057458
23290,0.184850352507347,0.417011680800593,0.0730428968161153,0.325095069875944
23291,0.372940885827081,0.13047807932459,0.132548139021468,0.364032895826861
23292,0.150228907037467,0.138614553545738,0.473542847937332,0.237613691479464
23293,0.568399698167996,0.215306506885294,0.0701571878878483,0.146136607058862
23294,0.153420074645869,0.196486890793768,0.0989941871880704,0.551098847372292
23295,0.322628657740317,0.0151562490561328,0.505981873736974,0.156233219466577
23296,0.22045878334594,0.248805004148891,0.40746563396623,0.123270578538939
23297,0.127482910756216,0.0511155119600288,0.529773688986328,0.291627888297427
23298,0.396318062786944,0.0366750874582167,0.335998176428673,0.231008673326166
23299,0.400696298526301,0.17811605369517,0.0588070582187917,0.362380589559737
23300,0.414987707198301,0.210464765819751,0.267421229236787,0.10712629774516
23301,0.530851486507443,0.0529014272703902,0.0997989137047607,0.316448172517406
23302,0.316723294522211,0.19994217784992,0.378572513482641,0.104762014145228
23303,0.13818470754799,0.186130766857298,0.402899324093643,0.272785201501069
23304,0.0287868384666006,0.43457712594875,0.064669913053473,0.471966122531176
23305,0.429818616686968,0.0321842035927007,0.0362608202704483,0.501736359449883
23306,0.350362113116665,0.42408012410605,0.0620050503427491,0.163552712434535
23307,0.103145948087338,0.319776427375125,0.14424310170522,0.432834522832317
23308,0.240829879923916,0.029122927470097,0.56365657813092,0.166390614475067
23309,0.0921209240016674,0.0919097685323177,0.0215751312880554,0.79439417617796
23310,0.0845412107228088,0.0407421256033169,0.619854216288349,0.254862447385525
23311,0.0885199875732373,0.035117479881162,0.245403402658999,0.630959129886602
23312,0.280296105759749,0.100370321505083,0.499363772197397,0.119969800537771
23313,0.0569987044851324,0.245306028890069,0.250973729321693,0.446721537303105
23314,0.440968701231889,0.0730960427981608,0.109341549727472,0.376593706242479
23315,0.404377712955699,0.122969040414993,0.37553604136402,0.0971172052652885
23316,0.339387428248006,0.123498450209728,0.220354446838485,0.316759674703781
23317,0.293604069176648,0.202176783615238,0.180527437856262,0.323691709351853
23318,0.0707011480909197,0.0754449631893258,0.469394279586842,0.384459609132912
23319,0.313947218130531,0.157155942857965,0.0278103149671134,0.501086524044391
23320,0.118912838570309,0.0590826516056606,0.237170119107691,0.584834390716341
23321,0.67549616364056,0.013425108611045,0.20040547171646,0.110673256031935
23322,0.18722746761004,0.0515904382786159,0.447626016522327,0.313556077589017
23323,0.271186297769571,0.321547641431972,0.0373029892001603,0.369963071598297
23324,0.486790085579922,0.0849458334989997,0.124139729563728,0.30412435135735
23325,0.0449719713446369,0.409147555412767,0.295042463201488,0.250838010041108
23326,0.0665393674795603,0.152478758097631,0.068353036120962,0.712628838301847
23327,0.0792109308162717,0.0266436679894129,0.708942248937996,0.185203152256319
23328,0.0171133136811148,0.482873441531698,0.0324817078672807,0.467531536919907
23329,0.15102878423157,0.0430827749267728,0.194318711632853,0.611569729208804
23330,0.182198068990001,0.049594442031112,0.459025784768415,0.309181704210473
23331,0.0874801937650113,0.684189408101005,0.0275556019218894,0.200774796212094
23332,0.0853274445577947,0.220357075663615,0.536192612052136,0.158122867726454
23333,0.50702567963576,0.111897583751183,0.19829138223703,0.182785354376028
23334,0.302029132307224,0.162287035544818,0.128756122112223,0.406927710035736
23335,0.349607396235483,0.315075712069088,0.143536420039389,0.19178047165604
23336,0.0674781157881198,0.210510885797478,0.322238558126334,0.399772440288068
23337,0.604561357283651,0.0985017764573135,0.186508709129168,0.110428157129868
23338,0.109506959855351,0.139042479936548,0.608962644159027,0.142487916049075
23339,0.132796976965731,0.0596981275908118,0.462361269552097,0.34514362589136
23340,0.111419283811024,0.057776531357617,0.402554263301158,0.428249921530202
23341,0.109095852928531,0.0508880916771858,0.655980210643743,0.184035844750541
23342,0.312906457931084,0.125189683624735,0.258664605175991,0.303239253268191
23343,0.116256266284336,0.333647231692855,0.0850496055919079,0.465046896430901
23344,0.168748606416503,0.12932567345173,0.152633411360024,0.549292308771743
23345,0.0807640410597275,0.133203011183112,0.116278921904819,0.669754025852341
23346,0.139144862867936,0.442407669857767,0.0777715392262773,0.34067592804802
23347,0.249544759051291,0.201300042725579,0.111937480309406,0.437217717913724
23348,0.0951801407949431,0.203503419999091,0.301046364997763,0.400270074208203
23349,0.192620586907295,0.256342417088748,0.419686464632844,0.131350531371113
23350,0.185926930964147,0.482042720322943,0.0503651266647996,0.28166522204811
23351,0.117878972629934,0.128047549199461,0.260605170123063,0.493468308047543
23352,0.185839125760784,0.256067056249003,0.34975768308516,0.208336134905053
23353,0.0909729514788282,0.427950777067498,0.237623465579223,0.243452805874451
23354,0.127302706859843,0.55485406342896,0.130529652846309,0.187313576864889
23355,0.228605842118293,0.445224662014094,0.0950638134162316,0.231105682451382
23356,0.330747129786391,0.132379707794034,0.371513281233529,0.165359881186046
23357,0.142341117537114,0.471929438573338,0.111523242216087,0.274206201673461
23358,0.230504868679602,0.162014958052883,0.299336871047761,0.308143302219755
23359,0.215890638630781,0.174787395327536,0.365183532041835,0.244138433999848
23360,0.418155556925045,0.337521648182942,0.146957098298318,0.0973656965936942
23361,0.110709451410721,0.0971798099958066,0.508599605113809,0.283511133479664
23362,0.142183971678973,0.277922251098214,0.242526998474566,0.337366778748247
23363,0.171994442768135,0.363672841484173,0.244167885805992,0.2201648299417
23364,0.122145184103353,0.196012323730881,0.307313535423662,0.374528956742104
23365,0.294361726088915,0.235916165991041,0.244665309064849,0.225056798855195
23366,0.168826899766036,0.0619566236168384,0.491378130132581,0.277838346484545
23367,0.231628534328967,0.126737206908384,0.509593324216314,0.132040934546335
23368,0.0702958615872768,0.311130622201272,0.372449840014507,0.246123676196944
23369,0.341049399000572,0.213061790934569,0.153784112961957,0.292104697102903
23370,0.115006116519357,0.15180039987138,0.471609435118825,0.261584048490438
23371,0.759270320087581,0.0432786876851602,0.087667105158582,0.109783887068677
23372,0.447024639746875,0.0911375677035875,0.0411014105244793,0.420736382025058
23373,0.116190447255568,0.280720347977564,0.429156959129179,0.173932245637689
23374,0.0340998631127119,0.277729803052653,0.581447204439258,0.106723129395378
23375,0.186201692273484,0.326944404065733,0.35084112441257,0.136012779248214
23376,0.206704069047145,0.328876503827012,0.317855608839502,0.146563818286341
23377,0.114998183373775,0.195957407508239,0.570654741347726,0.11838966777026
23378,0.628240507554235,0.0509540279972435,0.174348409122188,0.146457055326333
23379,0.156261727890041,0.0718444760035099,0.373179328396569,0.39871446770988
23380,0.20339298508191,0.330408877700136,0.156538362853357,0.309659774364597
23381,0.119413392887637,0.333161249340827,0.250599371985053,0.296825985786484
23382,0.0852553688982085,0.0377855460715158,0.467937988408693,0.409021096621582
23383,0.0577921740202031,0.623243719529121,0.0943379777535049,0.224626128697171
23384,0.742106964193773,0.0497304913455089,0.0823934963706856,0.125769048090033
23385,0.173509921099496,0.35658496231526,0.375311073058753,0.0945940435264918
23386,0.176005805611234,0.495848507960386,0.0180874153356304,0.310058271092749
23387,0.257236006660572,0.196024244527927,0.0511917505859569,0.495547998225544
23388,0.086199684264725,0.224826768920971,0.329809351601771,0.359164195212533
23389,0.032939407870436,0.0469694660767716,0.374362572212247,0.545728553840545
23390,0.29089032825532,0.384359258468257,0.141756015386668,0.182994397889755
23391,0.171199981403051,0.3371270173244,0.356993758700443,0.134679242572105
23392,0.297417824328308,0.277475726044044,0.315449839772457,0.109656609855191
23393,0.0320882862993207,0.610701193912269,0.25046625545388,0.10674426433453
23394,0.320890386092853,0.379601721469421,0.197337149371817,0.102170743065909
23395,0.150695861614869,0.250829921913508,0.436650350158558,0.161823866313065
23396,0.543962203332764,0.186166193127096,0.117711295458685,0.152160308081454
23397,0.480631334571987,0.285140636037143,0.0571736988851992,0.177054330505671
23398,0.161109391564855,0.749488931747622,0.020512581957673,0.0688890947298502
23399,0.0389854073843998,0.717873739315832,0.0977333930696132,0.145407460230156
23400,0.593518817902764,0.05591041661149,0.135680347878689,0.214890417607057
23401,0.401620151036017,0.303837282322675,0.0996310590900537,0.194911507551254
23402,0.0506281725156326,0.586041214531964,0.277543374108258,0.0857872388441451
23403,0.147452515575485,0.208876715728935,0.428674474647668,0.214996294047912
23404,0.0410272802510479,0.671925156188283,0.187493012847423,0.099554550713246
23405,0.0680657676501942,0.455480945567543,0.245767120346306,0.230686166435957
23406,0.655033053167037,0.165289688713866,0.0890457435051863,0.0906315146139106
23407,0.231862148459181,0.150688658407604,0.127210295284469,0.490238897848746
23408,0.470738009051241,0.23250537954566,0.100749635812662,0.196006975590436
23409,0.23209209422691,0.368415713116758,0.245560393586754,0.153931799069578
23410,0.252756483308179,0.353152108225322,0.199308820044903,0.194782588421595
23411,0.197768985619574,0.267179605163364,0.348165877706294,0.186885531510768
23412,0.162668511343709,0.456241532136684,0.176044822770521,0.205045133749086
23413,0.194781051166858,0.203176482821963,0.372622167772742,0.229420298238437
23414,0.333421704840029,0.264755700885936,0.161178259347442,0.240644334926593
23415,0.293095032839452,0.337989552796795,0.215436401771764,0.153479012591989
23416,0.171338663380125,0.497476970530204,0.184236027624487,0.146948338465184
23417,0.310667917165032,0.230487189482491,0.243827674847193,0.215017218505285
23418,0.142819089446632,0.262302450128414,0.238334759191041,0.356543701233913
23419,0.154397112254538,0.409758518164872,0.124591250180549,0.311253119400041
23420,0.166267558291913,0.20051069173285,0.434505058262421,0.198716691712816
23421,0.320316301663913,0.287239522690918,0.138319303545179,0.25412487209999
23422,0.193497342278235,0.154016765074079,0.358881882570329,0.293604010077356
23423,0.441781878132332,0.16809567798478,0.257736364387005,0.132386079495883
23424,0.343632227704333,0.174659910073332,0.130611971808752,0.351095890413583
23425,0.30444866706019,0.298075769369295,0.129657061887279,0.267818501683236
23426,0.251980491102788,0.394000233198441,0.109478645812847,0.244540629885924
23427,0.397922687125949,0.114471638464589,0.400816185753887,0.0867894886555752
23428,0.43045907333249,0.240954167285811,0.229731790711808,0.0988549686698909
23429,0.370342599200275,0.360018865340465,0.194720593800017,0.0749179416592427
23430,0.236228628324866,0.36956132461198,0.321838584111992,0.0723714629511616
23431,0.269081432217117,0.261812645032913,0.409370250349193,0.0597356724007773
23432,0.243921549017779,0.276492531555555,0.333593934711034,0.145991984715632
23433,0.373578091452342,0.402192012746475,0.14739573293841,0.0768341628627729
23434,0.230863970919408,0.291502558775111,0.392339214891389,0.0852942554140931
23435,0.31499050487966,0.250834052389985,0.279289626747598,0.154885815982757
23436,0.289947681376722,0.335337104118183,0.221789325784869,0.152925888720227
23437,0.254042405148268,0.321206751184202,0.301845778725101,0.122905064942429
23438,0.210668632779949,0.191407955928821,0.521651747577099,0.0762716637141318
23439,0.230117183524023,0.354689490125083,0.245629502868457,0.169563823482437
23440,0.386069256942808,0.227744534271412,0.291523091204949,0.0946631175808303
23441,0.142196452053511,0.178837868781245,0.438381791285059,0.240583887880184
23442,0.30239567052455,0.349685676442676,0.219930815441777,0.127987837590997
23443,0.355614662389081,0.292163896182716,0.244078258451178,0.108143182977025
23444,0.142720507712045,0.316775056431989,0.476282802281909,0.0642216335740578
23445,0.109374413216996,0.252750487619823,0.572447157340879,0.0654279418223029
23446,0.522356735841245,0.16878286037882,0.182442646232613,0.126417757547322
23447,0.214523587242582,0.106766859880084,0.445609199600144,0.233100353277189
23448,0.171467604944054,0.325956083414644,0.120614630449035,0.381961681192267
23449,0.542405510779286,0.0578535558170086,0.175182667688865,0.224558265714841
23450,0.0472270090315198,0.156270111234326,0.44297838680234,0.353524492931814
23451,0.172232146594089,0.222249335808971,0.30494619372903,0.30057232386791
23452,0.0480417673776857,0.592866381695046,0.0430369639029396,0.316054887024329
23453,0.541965825825125,0.106161739402677,0.125574729013742,0.226297705758456
23454,0.161264274064344,0.10542026066419,0.0377355375625771,0.69557992770889
23455,0.296195114237609,0.0564146887642517,0.0897680453579644,0.557622151640175
23456,0.110715907610866,0.621099387234722,0.0434533344137756,0.224731370740636
23457,0.0872703420258769,0.0405640639071824,0.211742074775248,0.660423519291693
23458,0.016192207935777,0.439029302465226,0.246449847763552,0.298328641835445
23459,0.260150266510092,0.410383682249812,0.0352008006116483,0.294265250628448
23460,0.14432139133,0.694176900781133,0.044682435639445,0.116819272249422
23461,0.0199622822614416,0.266903064834745,0.455202966588905,0.257931686314908
23462,0.654975835855638,0.152892826064832,0.0434199078827362,0.148711430196794
23463,0.0397646907618971,0.0871788609206864,0.481296857318235,0.391759590999182
23464,0.0444635802059007,0.019337191842414,0.57666794445152,0.359531283500166
23465,0.305595661101269,0.341480586465539,0.0582501382238548,0.294673614209338
23466,0.330291907930252,0.121404866433092,0.165571270235251,0.382731955401404
23467,0.0602355676793642,0.684198785653429,0.0920316327793273,0.163534013887879
23468,0.483841480680328,0.0961106308787094,0.105821310175247,0.314226578265715
23469,0.128605925587242,0.0635099312844288,0.739847606283974,0.0680365368443554
23470,0.494696481495864,0.208251707610169,0.211147122381682,0.085904688512285
23471,0.0743386494551525,0.267338035503013,0.548452601435685,0.10987071360615
23472,0.32136933374694,0.259122453303929,0.239719189079356,0.179789023869774
23473,0.158776468058769,0.120041623095017,0.477584065057346,0.243597843788869
23474,0.207983400428827,0.0938672298956055,0.371463762527544,0.326685607148024
23475,0.0844993742782891,0.579539163778821,0.0783760545950721,0.257585407347818
23476,0.137458577813621,0.649160770083358,0.0726013924978072,0.140779259605213
23477,0.440021392644591,0.0556411260146209,0.283659816643193,0.220677664697596
23478,0.23501965126698,0.392668822774433,0.180559981519143,0.191751544439444
23479,0.0446680376179903,0.159821968213116,0.272445731805949,0.523064262362945
23480,0.0688878254349863,0.501948942709999,0.307841543069264,0.12132168878575
23481,0.236948406773737,0.576398032598189,0.101606606536821,0.0850469540912534
23482,0.722991886124494,0.0585078821170216,0.0860917569958857,0.132408474762599
23483,0.102674395675765,0.247854195420498,0.200584676904286,0.448886731999451
23484,0.0342932091852735,0.266241833445019,0.634525726743463,0.0649392306262451
23485,0.235468786564873,0.412051186585596,0.0489691450048358,0.303510881844695
23486,0.0306088815515683,0.343809118910083,0.19812284632476,0.427459153213588
23487,0.225022556152401,0.416001095818496,0.0382267340074272,0.320749614021676
23488,0.156185263224569,0.500235325009543,0.0730210605259175,0.270558351239971
23489,0.23195388909286,0.0441489878313856,0.16110076983853,0.562796353237225
23490,0.0903074480789593,0.0270943572183671,0.224980767558564,0.65761742714411
23491,0.0532845369637428,0.150801491873511,0.266037019022381,0.529876952140365
23492,0.0417749193227515,0.373783412186892,0.327492069113337,0.256949599377019
23493,0.0569212769805685,0.0923002243820245,0.087990124438854,0.762788374198553
23494,0.135766655587085,0.551454208311712,0.0572638216426707,0.255515314458532
23495,0.076723183550668,0.719243781016562,0.0408199315175749,0.163213103915195
23496,0.0717212395624779,0.418394580355907,0.0151030102089933,0.494781169872622
23497,0.0945434819362494,0.618785580678458,0.0765790643686184,0.210091873016675
23498,0.147729780320023,0.0328392876315498,0.327567137637465,0.491863794410962
23499,0.0298430741275424,0.0537781975332891,0.219666105809467,0.696712622529701
23500,0.0247509872055282,0.129555693564729,0.475865848631109,0.369827470598634
23501,0.504952469010732,0.0368886984274704,0.184475103682403,0.273683728879394
23502,0.096747141785184,0.0378571193072928,0.305403067221825,0.559992671685698
23503,0.575948168005188,0.0557979284207674,0.0420909904775967,0.326162913096447
23504,0.276743076136106,0.304960406382285,0.167113994302119,0.251182523179491
23505,0.0829008491483118,0.26146613761308,0.402380592585833,0.253252420652776
23506,0.471526665323683,0.0522017394359227,0.35648898767931,0.119782607561085
23507,0.601838746005734,0.216296460185996,0.102114033922985,0.0797507598852857
23508,0.0516024342661403,0.126484764797478,0.402373539179295,0.419539261757087
23509,0.345194298653383,0.276128780504397,0.092975179990967,0.285701740851253
23510,0.251075117148162,0.0593716698808567,0.272786513173941,0.41676669979704
23511,0.3165630280615,0.0588621378622478,0.0819458110096171,0.542629023066636
23512,0.732293067667354,0.131888574587408,0.0524137949554517,0.0834045627897868
23513,0.142036232311756,0.20093115047828,0.0435815549908572,0.613451062219107
23514,0.270302907223511,0.0928573672931102,0.25036557207283,0.386474153410548
23515,0.721484513469021,0.0357676534628612,0.145866191886227,0.0968816411818909
23516,0.322864304740751,0.0734985936121303,0.265807862487201,0.337829239159918
23517,0.51488355029075,0.114833512140799,0.0789704362114862,0.291312501356965
23518,0.0766587179949293,0.0499404014206541,0.788394106377039,0.0850067742073781
23519,0.0710517790400639,0.500922625650021,0.0597663249364976,0.368259270373417
23520,0.370520167490115,0.0733307271991683,0.145916846514241,0.410232258796476
23521,0.134391038384238,0.431170121157511,0.311859760207834,0.122579080250417
23522,0.0915175564422459,0.301875230560696,0.143750123716617,0.462857089280441
23523,0.0645101952000246,0.677918680120127,0.0903116144432701,0.167259510236578
23524,0.0441726340190842,0.663575338067436,0.0673390009071626,0.224913027006317
23525,0.163533766882361,0.126241062785274,0.0559111207729198,0.654314049559445
23526,0.0797212660499765,0.200547763736385,0.544776251230849,0.174954718982789
23527,0.0843888749243853,0.147313800742318,0.297265842965451,0.471031481367846
23528,0.0374896885320891,0.683992686921084,0.0902344006434807,0.188283223903346
23529,0.11940095617342,0.408463803151678,0.0279132089493838,0.444222031725518
23530,0.059479108230989,0.0542402795862332,0.694648851377679,0.191631760805099
23531,0.328075802027066,0.0217215980667262,0.0293293722573389,0.620873227648869
23532,0.127285340743962,0.101824855798507,0.0408943020762361,0.729995501381295
23533,0.235197476802584,0.0772300940108268,0.0898459181380101,0.597726511048579
23534,0.0877884073871356,0.0385300756647391,0.158426045317646,0.71525547163048
23535,0.0548504606198113,0.0355496164302043,0.06518278738371,0.844417135566274
23536,0.0526576375057636,0.0437097494270471,0.175010073206936,0.728622539860253
23537,0.113780199552403,0.136277770577718,0.0243390012510638,0.725603028618815
23538,0.378435555200748,0.0707017117975175,0.0121569031393833,0.538705829862351
23539,0.0245791968545451,0.055424854988191,0.0801012995802254,0.839894648577039
23540,0.0290700298118726,0.0162810481061545,0.23604175852046,0.718607163561513
23541,0.0375204624411873,0.1624438060893,0.0197846739569609,0.780251057512552
23542,0.0489333551815039,0.186121324973964,0.520944409912481,0.244000909932051
23543,0.285358290536871,0.289201507894871,0.131601437091111,0.293838764477147
23544,0.050854122371425,0.14698260048235,0.725607897568247,0.0765553795779791
23545,0.272699625657392,0.0559737280025668,0.0697223918401001,0.601604254499941
23546,0.0661893252816914,0.0935625478644654,0.722342847856881,0.117905278996962
23547,0.400118303561652,0.362483920080527,0.0229216151618368,0.214476161195985
23548,0.283055368713785,0.0710605592195597,0.0460764519337916,0.599807620132863
23549,0.293077537396998,0.0704096500920357,0.148721857548729,0.487790954962237
23550,0.0429914096529286,0.21132602431627,0.099759139401083,0.645923426629719
23551,0.56674705931324,0.105684189661329,0.179199248196544,0.148369502828887
23552,0.0318018615547706,0.477936376467285,0.451983501387453,0.0382782605904916
23553,0.0699716855766481,0.687066729137534,0.0763645847526304,0.166597000533188
23554,0.700464784003061,0.130375495148676,0.0699189467334434,0.0992407741148198
23555,0.0316095093688251,0.125132597617936,0.730085417601291,0.113172475411947
23556,0.448901464135861,0.0823465291855987,0.082273737583573,0.386478269094967
23557,0.057052380341643,0.0471662447825763,0.593137674415733,0.302643700460048
23558,0.184168741511367,0.114563344080406,0.480037924019352,0.221229990388875
23559,0.145430117645723,0.0505936395711372,0.447559154241276,0.356417088541864
23560,0.0576747070520703,0.0543406475181683,0.431210991396005,0.456773654033757
23561,0.470568829798715,0.279720107550182,0.176637264856349,0.0730737977947534
23562,0.394465025565457,0.121900672890846,0.069682661997665,0.413951639546032
23563,0.148172050456278,0.349048322646317,0.294187924964017,0.208591701933387
23564,0.0785421942995715,0.473921058284514,0.193303641980644,0.25423310543527
23565,0.0711685746170461,0.0780491136836683,0.672215840267118,0.178566471432168
23566,0.466109946534418,0.160256990028434,0.0569332856425462,0.316699777794601
23567,0.124909384732701,0.558836798681304,0.155138044034999,0.161115772550997
23568,0.208651368859664,0.595631767069113,0.0517904342984773,0.143926429772745
23569,0.725881064120137,0.0794875393492066,0.100257981721869,0.0943734148087877
23570,0.0820117614483511,0.72210858543206,0.0959888866689918,0.099890766450597
23571,0.0760506069680384,0.0338546885953015,0.18476451196698,0.70533019246968
23572,0.22411431546795,0.528921051267886,0.0227020774579515,0.224262555806212
23573,0.0637603330967621,0.0514293899807699,0.11563893806946,0.769171338853009
23574,0.0441633020080462,0.589654964533362,0.156855764055956,0.209325969402635
23575,0.0317748812795194,0.201968287625048,0.166034506753475,0.600222324341957
23576,0.0632733683335196,0.086747007398988,0.105454536636418,0.744525087631075
23577,0.767292085365123,0.0663472904861074,0.0680434851734585,0.0983171389753113
23578,0.121667204567523,0.0784383800054504,0.0257004334408384,0.774193981986189
23579,0.0380401194678928,0.464907509054683,0.0983025364256691,0.398749835051755
23580,0.162364382334364,0.599752293641177,0.0389712805447829,0.198912043479676
23581,0.168148406343457,0.242661629592378,0.293951597268043,0.295238366796122
23582,0.107974719826565,0.174284183574548,0.611528830727147,0.106212265871741
23583,0.690328332643126,0.08393000746285,0.0846483010169782,0.141093358877046
23584,0.631815933765947,0.149500007412276,0.0654049864158296,0.153279072405948
23585,0.654634406932416,0.174252181286353,0.0624684172411961,0.108644994540035
23586,0.277146695915624,0.276591763914854,0.241087960172315,0.205173579997207
23587,0.106056529626293,0.121675733656235,0.324117446931329,0.448150289786142
23588,0.235791883559627,0.0472582091889514,0.265068320221926,0.451881587029495
23589,0.657263800697147,0.0524355086585481,0.0459693373419372,0.244331353302368
23590,0.210340145917039,0.0911128969703188,0.202193421265007,0.496353535847635
23591,0.738245569834869,0.0561008891974682,0.0732308951397871,0.132422645827876
23592,0.37639710130698,0.0803170853434934,0.0552810337639636,0.488004779585563
23593,0.0506693017902245,0.48896912379954,0.112190429418484,0.348171144991751
23594,0.716689345911989,0.0482595061294792,0.146379551285913,0.0886715966726193
23595,0.130637496493173,0.0849638044358658,0.668174624437102,0.11622407463386
23596,0.052441839078481,0.266850888136651,0.204884402299932,0.475822870484937
23597,0.240539996087731,0.0420057347327391,0.231732905107015,0.485721364072515
23598,0.658605216883596,0.0588048968166748,0.033293335721997,0.249296550577733
23599,0.213622726448385,0.364872628325086,0.241554517660813,0.179950127565716
23600,0.301084734712015,0.363933057479328,0.210296923388786,0.124685284419871
23601,0.194597158147623,0.430678020346741,0.237854246075212,0.136870575430425
23602,0.179598865635264,0.533395259079521,0.152484471269453,0.134521404015762
23603,0.105788430907333,0.300773011100979,0.432024246609459,0.161414311382229
23604,0.311174415071711,0.492197701866159,0.102915436178044,0.0937124468840867
23605,0.452153644013174,0.092395251518577,0.130837485170676,0.324613619297573
23606,0.309748048288599,0.340119668980398,0.0909985910343472,0.259133691696655
23607,0.154456080241476,0.303502897935571,0.235641885948649,0.306399135874303
23608,0.47156259483422,0.131506402519333,0.093687439024412,0.303243563622035
23609,0.316110890858476,0.205219982705639,0.278148631285538,0.200520495150346
23610,0.20398929237306,0.477831543327014,0.179240333433019,0.138938830866906
23611,0.116986776009514,0.215732967344818,0.525736307223023,0.141543949422646
23612,0.155234633290409,0.380254932852658,0.161415091689488,0.303095342167445
23613,0.377122125436088,0.192245039052294,0.347525824756287,0.0831070107553301
23614,0.223160521530648,0.579704328048487,0.113056111570542,0.0840790388503228
23615,0.238113499194758,0.241095282592495,0.10128958199577,0.419501636216978
23616,0.286267400592457,0.216023551396674,0.410629808980036,0.0870792390308326
23617,0.165417515221609,0.517023608742489,0.138716186748853,0.178842689287048
23618,0.305297244064065,0.0192028164912238,0.337087401900417,0.338412537544294
23619,0.056977959750516,0.273183634109025,0.161442038174977,0.508396367965482
23620,0.0651634633649306,0.246189034015805,0.0186816403263312,0.669965862292933
23621,0.30504745578568,0.103468697954419,0.0643001036309313,0.52718374262897
23622,0.190092880374467,0.351445156410471,0.0289381187311724,0.42952384448389
23623,0.0220224857130898,0.139339224601116,0.040779964507503,0.797858325178292
23624,0.0411648720400189,0.765608512955232,0.0489316637213887,0.144294951283361
23625,0.106729553033765,0.0988155424517231,0.166488693613012,0.627966210901499
23626,0.0481466836579831,0.460999493792894,0.0857186218251517,0.405135200723971
23627,0.125078981112201,0.0227462399462992,0.650598795241024,0.201575983700476
23628,0.253679533361138,0.0705257049269472,0.0282895346618302,0.647505227050084
23629,0.1303148288167,0.124904820053683,0.0866693881230068,0.65811096300661
23630,0.303567726610076,0.353389929342436,0.061563951510995,0.281478392536493
23631,0.024207800789837,0.162328137710659,0.416169268091636,0.397294793407868
23632,0.0352998502471585,0.0242973550644653,0.169843219453933,0.770559575234443
23633,0.0690934803975267,0.488878651950888,0.0726881806559296,0.369339686995656
23634,0.757806122552518,0.0530415350208015,0.00785831142985866,0.181294030996822
23635,0.0165353421116531,0.239072781757938,0.0620040106275442,0.682387865502864
23636,0.0308576967468544,0.38714672263072,0.149233935660275,0.432761644962151
23637,0.38420037685723,0.391165728187294,0.111163280690995,0.113470614264481
23638,0.437414514598572,0.212670346718499,0.232546082644859,0.11736905603807
23639,0.228600149257621,0.206548661624138,0.397626771898496,0.167224417219745
23640,0.286101720776141,0.162168808769195,0.425242913622816,0.126486556831848
23641,0.161360315311603,0.427700831269163,0.23645156629149,0.174487287127744
23642,0.239448692922237,0.193954559764788,0.330564041676156,0.236032705636819
23643,0.257563857715141,0.351164895350952,0.311189697679333,0.0800815492545735
23644,0.267381261513063,0.432523304098502,0.114909277862306,0.18518615652613
23645,0.120878801293753,0.447241967580584,0.168713215579273,0.26316601554639
23646,0.222295123638779,0.392368217466456,0.177131626689024,0.208205032205742
23647,0.176819637789708,0.553231130142682,0.143746270208062,0.126202961859549
23648,0.255152773790924,0.540296348909132,0.0816096262997122,0.122941251000232
23649,0.274938791465273,0.296722983776117,0.182209192364531,0.246129032394079
23650,0.28878956848379,0.199808392059682,0.122718942147765,0.388683097308763
23651,0.178678476877153,0.537571155745118,0.140230786840939,0.143519580536791
23652,0.0938310921104418,0.31280186130575,0.535147781502507,0.0582192650813013
23653,0.152664765382871,0.120445484565297,0.603084334854865,0.123805415196967
23654,0.107734274592028,0.193441721812462,0.556354584051636,0.142469419543874
23655,0.233832686948456,0.412199074421001,0.16111182315753,0.192856415473014
23656,0.173596498038645,0.203965680442867,0.369820148453041,0.252617673065447
23657,0.436553685292309,0.327984416504371,0.122330388593535,0.113131509609785
23658,0.405295688141063,0.0983494971937638,0.326583995931258,0.169770818733916
23659,0.563539309282852,0.270797396126465,0.112038411761947,0.0536248828287363
23660,0.421279852186545,0.240165864461554,0.0638292360926207,0.27472504725928
23661,0.257616831764722,0.080737363806991,0.19342805969415,0.468217744734137
23662,0.140890161861207,0.391739939844119,0.169433219032315,0.297936679262358
23663,0.238622088664184,0.178865870625685,0.278223237505177,0.304288803204953
23664,0.0763457316821625,0.3925212446524,0.124322485557652,0.406810538107786
23665,0.310219957303287,0.282690468083901,0.0506746713586537,0.356414903254159
23666,0.34893242545963,0.127410418726533,0.271611195648264,0.252045960165573
23667,0.379512789985902,0.0644920441498229,0.417649054144148,0.138346111720128
23668,0.585611542405209,0.0690695237317985,0.116841217055454,0.228477716807539
23669,0.279280234451147,0.298760304427587,0.106077596988174,0.315881864133092
23670,0.203142038382884,0.120344839598533,0.484348707034561,0.192164414984022
23671,0.0622199466939078,0.265858205416102,0.503252777691459,0.168669070198531
23672,0.157336086123299,0.162136303242301,0.394340509812199,0.286187100822201
23673,0.291346459389571,0.530319002485116,0.0716736329495249,0.106660905175789
23674,0.02957139777972,0.275773423682777,0.593148846289877,0.101506332247627
23675,0.103757495668299,0.547468289568551,0.0972969504014224,0.251477264361727
23676,0.207828280378712,0.132153495905395,0.104871966085816,0.555146257630077
23677,0.190163313289795,0.237742406611877,0.285418261439871,0.286676018658457
23678,0.515765170410603,0.0774212978140637,0.046366103917147,0.360447427858186
23679,0.487078350656013,0.0990931841542725,0.318133569303893,0.0956948958858207
23680,0.0729670376636719,0.10349595335374,0.65130544110403,0.172231567878559
23681,0.087479399111209,0.0915398760055285,0.740199036628779,0.0807816882544834
23682,0.0742469463214948,0.282722069721928,0.469639887129556,0.173391096827021
23683,0.362801784981706,0.10096097228137,0.189359557788508,0.346877684948416
23684,0.127740924033728,0.589413140953553,0.0726987236176723,0.210147211395047
23685,0.366543426772376,0.307455618074562,0.247805000400363,0.078195954752699
23686,0.0868178722668228,0.046839364707638,0.540335030595378,0.326007732430162
23687,0.113342555018402,0.0920360015131523,0.249451944731538,0.545169498736908
23688,0.253744552626042,0.0710020997192368,0.0503767245686488,0.624876623086073
23689,0.129231210100834,0.138711203636962,0.563254530671715,0.168803055590489
23690,0.302369569978147,0.22950923097951,0.0292021071324902,0.438919091909853
23691,0.084766493814231,0.13310491434084,0.483593603277997,0.298534988566932
23692,0.051948710988738,0.434897663007449,0.0710986249651166,0.442055001038696
23693,0.0520889540404992,0.299324195560067,0.457811139334032,0.190775711065402
23694,0.079718177792546,0.296679790934396,0.285858628705673,0.337743402567385
23695,0.0730401386685068,0.455545604965268,0.225619983547921,0.245794272818304
23696,0.485189741067994,0.360162713767837,0.049730733762616,0.104916811401553
23697,0.290217143397741,0.110022306186549,0.344767773846579,0.254992776569131
23698,0.175826822685907,0.290602542788238,0.200128727627808,0.333441906898047
23699,0.103639678959086,0.59448779444141,0.0783218410062154,0.223550685593289
23700,0.414121631801206,0.0312390347847352,0.37517714544953,0.179462187964529
23701,0.0502186141877215,0.463182002724452,0.20002204315555,0.286577339932276
23702,0.0747378310288629,0.164046308520459,0.590028464187693,0.171187396262985
23703,0.0871708953594841,0.549667554100331,0.127003122941143,0.236158427599042
23704,0.17818055501134,0.128485009481054,0.319028542745455,0.374305892762151
23705,0.130123631872842,0.444126078283894,0.133774737186049,0.291975552657214
23706,0.384272728634735,0.107178580269373,0.242904017578795,0.265644673517098
23707,0.167763484781043,0.60795973723919,0.0621058677213698,0.162170910258398
23708,0.13444709730875,0.471459004817593,0.124991599682035,0.269102298191622
23709,0.127060644481382,0.244325589633251,0.0873686474822088,0.541245118403158
23710,0.482983571800347,0.0883391195855401,0.0715514710744256,0.357125837539688
23711,0.038902496729659,0.593619093681236,0.185259330039246,0.182219079549859
23712,0.12181727681617,0.0917108659369521,0.456368556727983,0.330103300518895
23713,0.139296632439075,0.368314925873952,0.291829860237788,0.200558581449185
23714,0.176091677591715,0.205395541703237,0.44639355077809,0.172119229926958
23715,0.440222103729037,0.0840236057261719,0.28540308183292,0.190351208711871
23716,0.360330191390166,0.222340841113467,0.184325319786099,0.233003647710268
23717,0.235516231513257,0.492454308213312,0.0873100138942546,0.184719446379177
23718,0.169895251157421,0.17355558512339,0.393808129369232,0.262741034349958
23719,0.290903078135879,0.420695181073065,0.0634406119235632,0.224961128867493
23720,0.134845531994832,0.133475313859498,0.544781597956132,0.186897556189538
23721,0.595448063144383,0.167450268342148,0.166694967900093,0.0704067006133763
23722,0.0954574100698252,0.291723736691309,0.36631191955408,0.246506933684786
23723,0.156439956014693,0.364375142386541,0.298145814187677,0.18103908741109
23724,0.241167826634214,0.421795063816066,0.0873500832161903,0.24968702633353
23725,0.215133907410098,0.0942674925762201,0.566178240931101,0.124420359082581
23726,0.275488682822561,0.340478226206012,0.234632769378232,0.149400321593195
23727,0.209646588911358,0.198049853406175,0.310677567461337,0.28162599022113
23728,0.17680566841555,0.252658339824258,0.120019667615662,0.45051632414453
23729,0.122055875119145,0.649038994590701,0.141520514084705,0.0873846162054489
23730,0.201652559209841,0.289270686731466,0.240294789961793,0.2687819640969
23731,0.152145647528366,0.270112136844857,0.238620372271574,0.339121843355203
23732,0.465988499928732,0.156054422239831,0.091533966273428,0.286423111558008
23733,0.510663777392143,0.122158098811421,0.0835331905632251,0.283644933233211
23734,0.0653346718520015,0.0529321109232428,0.555796005588293,0.325937211636462
23735,0.532573914957745,0.0597272522974359,0.135598508765074,0.272100323979745
23736,0.104909074854344,0.094723187846976,0.349926562236086,0.450441175062594
23737,0.0841917196727735,0.585600901324616,0.184044228533016,0.146163150469595
23738,0.38333215002505,0.114580270302417,0.085187607002916,0.416899972669617
23739,0.163675805083141,0.0837174581547414,0.0774246481889777,0.67518208857314
23740,0.0815924774900326,0.0522009163434176,0.788293732234433,0.0779128739321166
23741,0.0468524688924804,0.129339656542972,0.43541407031603,0.388393804248518
23742,0.105482930388061,0.244601409773634,0.0744827922825969,0.575432867555708
23743,0.0891019941952438,0.72279070194354,0.0684432911632779,0.119664012697938
23744,0.043054590676235,0.700585965300822,0.116684930137737,0.139674513885206
23745,0.559803821000368,0.0693250131815054,0.0736667200850219,0.297204445733105
23746,0.519683814020188,0.193664737684974,0.0556568414717944,0.230994606823044
23747,0.075527826218831,0.188516190079197,0.532765734571336,0.203190249130636
23748,0.172941679457151,0.502601706892056,0.063931134676576,0.260525478974217
23749,0.624078408763862,0.196505582970552,0.0392008628763302,0.140215145389256
23750,0.156967912829954,0.165661565988059,0.448374474474269,0.228996046707718
23751,0.330773420265884,0.209496738096414,0.280678942371051,0.179050899266651
23752,0.300462441131187,0.240319628576703,0.159941695986926,0.299276234305184
23753,0.235055468547743,0.186240953849108,0.186947027888739,0.39175654971441
23754,0.291564375669402,0.212620756001723,0.228586608794329,0.267228259534547
23755,0.365848715779334,0.248617666199345,0.251824681884335,0.133708936136987
23756,0.107883131820217,0.326352310046368,0.172059852889255,0.393704705244159
23757,0.27029265606812,0.421032309692652,0.136925976540483,0.171749057698746
23758,0.407719747272454,0.177177188439539,0.0678190399751476,0.34728402431286
23759,0.098497852393612,0.372807074508656,0.247883173527757,0.280811899569975
23760,0.270013227624011,0.0928778315679393,0.501546485367943,0.135562455440107
23761,0.186036988138589,0.158815751194303,0.327530695404398,0.32761656526271
23762,0.184055474056059,0.312094777982973,0.182295410653943,0.321554337307025
23763,0.476687402336131,0.201931886442484,0.0840017467302826,0.237378964491103
23764,0.393430807039467,0.0853452903913511,0.166162484880453,0.355061417688729
23765,0.0412576360578686,0.0595813457538513,0.489392204732464,0.409768813455816
23766,0.0464696914308124,0.0726633019337255,0.826041695033935,0.0548253116015272
23767,0.331322968316256,0.209047414687882,0.170314468265079,0.289315148730783
23768,0.0714134044475726,0.0587610163831956,0.243106265809217,0.626719313360014
23769,0.115117469568129,0.114964242452667,0.329190217078691,0.440728070900514
23770,0.215049901659373,0.108608138719528,0.529373953238008,0.146968006383091
23771,0.0761546334688634,0.497096790343326,0.0801517699471909,0.346596806240619
23772,0.07043818927385,0.302334807648487,0.0922689230076731,0.53495808006999
23773,0.0759595084155075,0.281873919649111,0.48215236418456,0.160014207750822
23774,0.146643453263473,0.354990796303196,0.13050476557707,0.367860984856262
23775,0.444729840024335,0.191814361217058,0.0702237311818093,0.293232067576798
23776,0.29289593661734,0.0625548144955031,0.233269995649796,0.411279253237361
23777,0.269396634990521,0.366825083542801,0.195468402289008,0.16830987917767
23778,0.0734728450762673,0.466453169694582,0.0580381966239815,0.402035788605169
23779,0.471751851967123,0.266724320561043,0.11689732456559,0.144626502906243
23780,0.398990492007512,0.337983252809868,0.0574789834381999,0.20554727174442
23781,0.540791816924241,0.145086184989809,0.060585592315401,0.253536405770549
23782,0.116037560874079,0.245040554379603,0.312866256729023,0.326055628017296
23783,0.326908412787187,0.0242810402247486,0.297440522952475,0.35137002403559
23784,0.0855322894231207,0.0385236074224196,0.510330124075266,0.365613979079194
23785,0.605658025644962,0.123283348314963,0.0393227733072407,0.231735852732834
23786,0.217152709904803,0.345891310556292,0.0629143060580509,0.374041673480854
23787,0.580298747897929,0.126972605518744,0.0723056431689763,0.220423003414351
23788,0.104577701081385,0.540332275710271,0.0920785670084848,0.263011456199859
23789,0.656653496413095,0.0911596964250796,0.082293523706467,0.169893283455359
23790,0.0356115474560065,0.103337239766964,0.549560875265456,0.311490337511574
23791,0.194105118472379,0.0705033948793729,0.527162870376759,0.20822861627149
23792,0.161641630761012,0.604815007160221,0.0900853937702217,0.143457968308546
23793,0.139540981049139,0.0689041123154336,0.183599160567549,0.607955746067879
23794,0.173422681785033,0.107389246470958,0.10815090421288,0.611037167531129
23795,0.226869635427575,0.151585375328935,0.0480200283919103,0.57352496085158
23796,0.126696569726982,0.117255385871111,0.0864245222902562,0.669623522111651
23797,0.44657519027459,0.131292511110738,0.29406873828862,0.128063560326052
23798,0.209031423508779,0.0285312588681248,0.152255960446174,0.610181357176922
23799,0.524107808978356,0.0517562301621609,0.0565553400565541,0.367580620802929
23800,0.159725083802332,0.640674944903283,0.0619553897645276,0.137644581529858
23801,0.0374608636584006,0.107454285524844,0.730717318307165,0.124367532509591
23802,0.0668447605958558,0.697845319298298,0.0907217461462194,0.144588173959627
23803,0.204295763835139,0.0882210373525343,0.0382363629616389,0.669246835850688
23804,0.220775588778381,0.0594407754273687,0.201584371259614,0.518199264534636
23805,0.177053151003001,0.0405252496175562,0.556552909221177,0.225868690158266
23806,0.0588220412301384,0.264913519766385,0.0957836442012909,0.580480794802185
23807,0.390478374233221,0.0616187740404412,0.0520987320915341,0.495804119634804
23808,0.212036102804451,0.466759352047592,0.145867660400343,0.175336884747614
23809,0.302712387952381,0.355436592507701,0.14067394715694,0.201177072382977
23810,0.179726897033576,0.519211415829675,0.169881455551057,0.131180231585692
23811,0.437234312045341,0.1985724302441,0.204421474756774,0.159771782953785
23812,0.288622207967432,0.251850566812395,0.290386009024054,0.16914121619612
23813,0.480188467878489,0.24509420983917,0.0744634128925281,0.200253909389813
23814,0.253117453549702,0.363543608097022,0.214653316808771,0.168685621544506
23815,0.0868820433016641,0.110087096836171,0.360215557213894,0.442815302648271
23816,0.394476231126197,0.251165398016089,0.163696519140648,0.190661851717066
23817,0.251312855183034,0.184419356114726,0.296891279835361,0.26737650886688
23818,0.137435789409467,0.161870294984737,0.341414527254566,0.359279388351231
23819,0.115052867341516,0.552854639823107,0.163608924262497,0.168483568572879
23820,0.258475546218881,0.142699308300066,0.353122931508498,0.245702213972556
23821,0.0712686419305802,0.180706821155435,0.147025628567524,0.600998908346461
23822,0.158341306201359,0.266021517716152,0.0870086511805356,0.488628524901953
23823,0.0602961473291632,0.126515172355789,0.411380803226658,0.401807877088389
23824,0.120922952277117,0.540721968978858,0.110206149450148,0.228148929293877
23825,0.455150906869237,0.122711638646689,0.177647685662046,0.244489768822028
23826,0.0796714560095772,0.524414226086305,0.0846166790729592,0.311297638831159
23827,0.334904649269366,0.324867348246815,0.150409116209712,0.189818886274107
23828,0.0546916268860035,0.260753673799483,0.460287972643853,0.224266726670661
23829,0.230309283419507,0.26594372125876,0.207713325278463,0.29603367004327
23830,0.076119465482949,0.616521170700134,0.147894707118129,0.159464656698789
23831,0.223339438894274,0.17448498880776,0.482577143268147,0.119598429029818
23832,0.1486772269148,0.235173963616289,0.434450333544616,0.181698475924296
23833,0.329958516840127,0.10350285281544,0.334815635070842,0.231722995273591
23834,0.573973459194044,0.113480683716503,0.203745265684585,0.108800591404868
23835,0.184796341158298,0.362955846588516,0.222167640195886,0.230080172057301
23836,0.407373157852165,0.0587597100101748,0.147248473269133,0.386618658868527
23837,0.0364609288399489,0.061973915749432,0.186751429018682,0.714813726391937
23838,0.673296756022261,0.108219417083545,0.100844022984975,0.117639803909219
23839,0.69332105472274,0.100486197028337,0.114110367452293,0.0920823807966296
23840,0.258352831271618,0.055037812010225,0.609040852612877,0.0775685041052801
23841,0.403249020730833,0.0888929359258678,0.2183324463428,0.2895255970005
23842,0.602488839386506,0.0947057786402436,0.100397898926295,0.202407483046956
23843,0.330051500661094,0.0951842553883422,0.321769145833337,0.252995098117227
23844,0.541834873396493,0.0941593820507003,0.0913056427315701,0.272700101821236
23845,0.0632932789276447,0.0537124356980563,0.253492526876491,0.629501758497808
23846,0.462620135358361,0.390289211625738,0.111754895889673,0.035335757126228
23847,0.175681538049016,0.50897058335098,0.24251183820491,0.0728360403950945
23848,0.0584800656238544,0.139250336945973,0.680070913007803,0.12219868442237
23849,0.348369858957269,0.190331347425567,0.281993692661823,0.179305100955341
23850,0.0860167458681567,0.214689594717208,0.58218720593272,0.117106453481915
23851,0.453520727687571,0.227248091240798,0.259862163611472,0.0593690174601596
23852,0.314337793503146,0.303582307960934,0.204508208368194,0.177571690167726
23853,0.0891231421592235,0.225178299969378,0.59948251889029,0.0862160389811093
23854,0.511029236079584,0.175129860127193,0.209901886916235,0.103939016876988
23855,0.251362592029349,0.342490951131891,0.0954034703724546,0.310742986466305
23856,0.179408256660043,0.547960155178695,0.0864496276457018,0.18618196051556
23857,0.500649852919715,0.385919205031471,0.0665063441037724,0.0469245979450416
23858,0.449888801819619,0.165747284197277,0.248424445780766,0.135939468202338
23859,0.740448079689604,0.0613939378047545,0.103221896618873,0.0949360858867679
23860,0.167009481604987,0.389532197360685,0.180090206066029,0.263368114968299
23861,0.21337420897618,0.0831070642733146,0.630381662873737,0.0731370638767683
23862,0.111627070292474,0.111317601232182,0.711021442328473,0.0660338861468714
23863,0.270803423437421,0.0892723197867605,0.465641821902005,0.174282434873813
23864,0.244969111786829,0.493656796649426,0.0497669856031236,0.211607105960621
23865,0.0758063835285983,0.249789872367757,0.395973920673226,0.278429823430419
23866,0.367114016534352,0.260594171541603,0.184431631327736,0.187860180596309
23867,0.0526007622989705,0.384261246021595,0.110465915155338,0.452672076524096
23868,0.0393040700140836,0.139034769329258,0.503606400283769,0.318054760372889
23869,0.298059302347976,0.068113554225909,0.241333998481483,0.392493144944632
23870,0.163923740800068,0.0759446849944513,0.624885356733643,0.135246217471838
23871,0.0474282569580009,0.17517817136507,0.577564102336856,0.199829469340073
23872,0.0369750137995517,0.170910499257883,0.604137175450788,0.187977311491777
23873,0.109327593360373,0.286079139805632,0.3963846653091,0.208208601524895
23874,0.488943136826434,0.303914287608147,0.057514838249289,0.14962773731613
23875,0.036195041135889,0.590887618168862,0.279570958492617,0.0933463822026322
23876,0.277630316195479,0.277718131365634,0.0903779997237982,0.354273552715089
23877,0.267447437295961,0.173704539275525,0.0373137500161486,0.521534273412366
23878,0.147383338400417,0.328947836342569,0.0845051173969968,0.439163707860017
23879,0.117685567963043,0.508089034526131,0.227493598718733,0.146731798792093
23880,0.489833363592008,0.256823400019111,0.0699822331270163,0.183361003261865
23881,0.60389111825817,0.0735560105221898,0.185008392538269,0.137544478681371
23882,0.0985092096138611,0.721520584397178,0.0449920816388408,0.13497812435012
23883,0.322036626783869,0.0795626031264365,0.402137818006586,0.196262952083109
23884,0.209791409464674,0.451375838473973,0.24831340882728,0.090519343234073
23885,0.381766132597871,0.226000447986629,0.0350607957558257,0.357172623659674
23886,0.250150018336954,0.143939866943198,0.278189032816863,0.327721081902986
23887,0.340889551841764,0.212520314146673,0.119319469242065,0.327270664769497
23888,0.256169824475482,0.265972501497821,0.391812631111446,0.086045042915252
23889,0.707675309240884,0.155719708562229,0.0585504051763156,0.0780545770205716
23890,0.175889217385008,0.616973066223922,0.0424973437206956,0.164640372670375
23891,0.546924425072584,0.0520758902259029,0.0846182866891735,0.31638139801234
23892,0.0609754470144763,0.449703376019323,0.103430998363424,0.385890178602776
23893,0.172767329048329,0.431268373105371,0.0341890961187038,0.361775201727596
23894,0.143632276658435,0.351287925846769,0.113192012572698,0.391887784922098
23895,0.0733800117439061,0.187554989476159,0.642464794767565,0.0966002040123699
23896,0.064084021049377,0.144130279497724,0.520560848594988,0.27122485085791
23897,0.128498440947993,0.257427178453356,0.0568722686816396,0.557202111917011
23898,0.124297734286329,0.624409206941589,0.0668145977007667,0.184478461071316
23899,0.171210356674353,0.145803954842245,0.119829807506945,0.563155880976456
23900,0.0669559391743897,0.275429225755804,0.0581770989189321,0.599437736150874
23901,0.16518494059455,0.583527375093125,0.0728600552887343,0.17842762902359
23902,0.0693956523293837,0.465578117993948,0.237738947333587,0.227287282343082
23903,0.285340948020935,0.139683509563498,0.113732411576526,0.461243130839041
23904,0.100756290401516,0.308001129469246,0.223430937797768,0.36781164233147
23905,0.591250755307095,0.0560241921351559,0.269143075860534,0.0835819766972151
23906,0.677938646199695,0.0466114304911714,0.0682703957588747,0.207179527550259
23907,0.182207201223925,0.142412740415275,0.202947275115501,0.472432783245298
23908,0.110825067687578,0.38474663760044,0.0502373973814839,0.454190897330498
23909,0.157385257653933,0.0659032317293001,0.0408726476351948,0.735838862981572
23910,0.0552368237618777,0.20146195888061,0.468377298310074,0.274923919047439
23911,0.127231316359906,0.0314270379617339,0.110702888803403,0.730638756874957
23912,0.133942798916097,0.114798823184339,0.336184386818612,0.415073991080952
23913,0.0781759863684977,0.102206510418261,0.498120928274818,0.321496574938424
23914,0.022161526078878,0.698764638548296,0.0422443151009036,0.236829520271923
23915,0.705595448382578,0.130735787669892,0.0470130453852172,0.116655718562313
23916,0.0594275755180732,0.127528069458295,0.677803286935616,0.135241068088016
23917,0.0562085735120184,0.454993109988194,0.0788389340024375,0.409959382497351
23918,0.32826666337254,0.0546948448852596,0.0622576171105349,0.554780874631665
23919,0.142924143203327,0.312527591088514,0.0276658639783041,0.516882401729855
23920,0.113281969968207,0.225962626832636,0.319552285770893,0.341203117428265
23921,0.140212762117594,0.11271357349257,0.60437063065698,0.142703033732856
23922,0.133183911468577,0.26717926239239,0.457199888729814,0.14243693740922
23923,0.519245317831979,0.327231691467354,0.0762006335340072,0.0773223571666594
23924,0.174925785926693,0.672111658271227,0.0974932637522835,0.0554692920497971
23925,0.216237249810019,0.280562815093735,0.110533342940229,0.392666592156017
23926,0.364657443915665,0.435789145019415,0.122441870485078,0.077111540579842
23927,0.201430012879126,0.141601073945564,0.36885950317268,0.28810941000263
23928,0.0852142033772275,0.334582066528954,0.358340703538696,0.221863026555123
23929,0.0581273803695431,0.450299800089586,0.103623180345216,0.387949639195655
23930,0.0971404470018242,0.247323511285865,0.171613050894564,0.483922990817746
23931,0.111970356566894,0.742040670605737,0.0866791771173724,0.059309795709996
23932,0.335835510304802,0.374043945685353,0.0622274168030848,0.22789312720676
23933,0.060293653219041,0.663834649895698,0.172365671012408,0.103506025872853
23934,0.0476155226759825,0.724198368446338,0.153831680373431,0.0743544285042487
23935,0.261211616063314,0.127531196206775,0.19633850357999,0.414918684149922
23936,0.48163833342954,0.108954807782959,0.14699641746723,0.262410441320271
23937,0.088748384955352,0.163883986924416,0.508889679145196,0.238477948975036
23938,0.487008923638158,0.113947596764084,0.045961448957425,0.353082030640333
23939,0.280265127406831,0.120472651779544,0.409162203438527,0.190100017375098
23940,0.217501686173149,0.0583791468364235,0.139025196863366,0.585093970127062
23941,0.125678969533545,0.194459480173078,0.545900678083445,0.133960872209931
23942,0.576790767792368,0.117526389510745,0.210548594363818,0.0951342483330696
23943,0.161340327920738,0.475557612595536,0.208383751154267,0.154718308329459
23944,0.34881569706462,0.109489906848787,0.446681735583627,0.0950126605029663
23945,0.0818043949587779,0.159945826813395,0.548146362451562,0.210103415776265
23946,0.24599477969084,0.592077242793379,0.0729867073284909,0.0889412701872902
23947,0.117515806014872,0.437227084208371,0.248079896744022,0.197177213032734
23948,0.218741075068821,0.140992017481458,0.446705316090156,0.193561591359566
23949,0.143217360069122,0.285532761915319,0.0789404148974718,0.492309463118087
23950,0.0556922021936704,0.647075843091611,0.223920845710057,0.0733111090046615
23951,0.530002188519346,0.108530891727005,0.198781028269202,0.162685891484447
23952,0.265519702204849,0.190153883342067,0.339220331826746,0.205106082626338
23953,0.61741425557948,0.101476800490568,0.0859636481441016,0.19514529578585
23954,0.494696135405059,0.11267005110409,0.275818361905857,0.116815451584994
23955,0.067859744511665,0.243619731892911,0.15767858658513,0.530841937010294
23956,0.14152279221408,0.267253929376654,0.412153380645238,0.179069897764029
23957,0.0746487349878473,0.449144754179407,0.0611856105899711,0.415020900242775
23958,0.129224634318818,0.613658559769677,0.0545712656541387,0.202545540257367
23959,0.293778491046499,0.177382776005195,0.183025874410982,0.345812858537324
23960,0.193878683369187,0.165578057852891,0.292503275107604,0.348039983670317
23961,0.677798445405418,0.199808501675009,0.040311553566499,0.0820814993530738
23962,0.0588924844354632,0.453983748985048,0.266737263703128,0.22038650287636
23963,0.186206553982741,0.448999322179957,0.0931060702847004,0.271688053552602
23964,0.0591173503454133,0.504936952470862,0.293350178505618,0.142595518678107
23965,0.143397217195234,0.125436215649521,0.563813824777592,0.167352742377653
23966,0.111043896466188,0.0553380625281491,0.515563255256928,0.318054785748734
23967,0.512744722825374,0.0898716951412897,0.0847765139082627,0.312607068125073
23968,0.317510201324912,0.214845383992445,0.185357762444613,0.28228665223803
23969,0.522647876945796,0.0694612016400998,0.0714423757506945,0.336448545663409
23970,0.795486805204643,0.0722782066679754,0.0620262291802035,0.0702087589471782
23971,0.0883003382744817,0.166840144375454,0.623261456221879,0.121598061128186
23972,0.533858920839044,0.129412400987217,0.220719833819749,0.11600884435399
23973,0.291758341995092,0.33047807915334,0.104596834951954,0.273166743899614
23974,0.0495402802287295,0.0864061880898632,0.684392690771675,0.179660840909732
23975,0.201010371008315,0.652203276155723,0.0679189931301751,0.0788673597057864
23976,0.163899557499615,0.3525635468912,0.216957697607744,0.266579198001442
23977,0.064484619225953,0.195678297449834,0.624729213749466,0.115107869574747
23978,0.0918819381377067,0.0693501871828706,0.123038647723396,0.715729226956027
23979,0.37384608686328,0.164610182932282,0.118190939451696,0.343352790752742
23980,0.113761378774787,0.51014592745795,0.0952346049329662,0.280858088834297
23981,0.0973485531961067,0.246244725140915,0.509777908894943,0.146628812768035
23982,0.161430213970782,0.0696329886227908,0.621506988038007,0.14742980936842
23983,0.176099026806393,0.247733300878852,0.165043988853823,0.411123683460932
23984,0.249841534856418,0.375857904689718,0.0977815346333165,0.276519025820548
23985,0.197265307925413,0.102982787920012,0.134005263108524,0.565746641046051
23986,0.416833956123542,0.32621172480804,0.0995113750538173,0.157442944014601
23987,0.232359485633294,0.3033293509295,0.086739504774221,0.377571658662985
23988,0.290689981714771,0.347443413635355,0.249708786209052,0.112157818440822
23989,0.118131441086188,0.14798414956029,0.471365356690265,0.262519052663257
23990,0.120286703068699,0.40092218017383,0.170272179479204,0.308518937278267
23991,0.0377626941784581,0.143193075772128,0.336145973170278,0.482898256879136
23992,0.0833678952502264,0.525718655766216,0.141653619462116,0.249259829521442
23993,0.100722454878349,0.192095391306549,0.440947705196936,0.266234448618166
23994,0.0838479734053273,0.28567300209107,0.195201213971872,0.435277810531731
23995,0.0283492384676214,0.234241686091374,0.402882057945841,0.334527017495164
23996,0.0779292975337702,0.149230917848063,0.669385679399759,0.103454105218408
23997,0.218871731977604,0.198470311105411,0.312021716431643,0.270636240485343
23998,0.217155609318179,0.21898628385128,0.37806407667506,0.185794030155481
23999,0.382065509866437,0.302377577196589,0.193738330366449,0.121818582570525
24000,0.339470107863479,0.392535375042944,0.142580446085309,0.125414071008268
24001,0.462678943854067,0.339348683405333,0.120175092408762,0.0777972803318383
24002,0.37347435754582,0.364626675580806,0.0845409653095202,0.177358001563854
24003,0.279705575458529,0.476776312563344,0.0658658804990104,0.177652231479117
24004,0.253429557162727,0.171113268108356,0.378603746227657,0.196853428501259
24005,0.140881598134672,0.633522237752401,0.109231602570517,0.116364561542411
24006,0.162272537053184,0.308799027835879,0.420830769320195,0.108097665790742
24007,0.215056907145085,0.377856448493804,0.151567914717583,0.255518729643528
24008,0.0721281212802343,0.691737561282399,0.0980514735619593,0.138082843875407
24009,0.419667650665906,0.0894940998726997,0.235646276375845,0.255191973085549
24010,0.643766129077188,0.14344908242994,0.148601301553755,0.0641834869391173
24011,0.0666441820570169,0.698141016492143,0.119182642103861,0.116032159346979
24012,0.104219246251962,0.111957356407961,0.566034707317511,0.217788690022567
24013,0.0740754047727999,0.136697794530325,0.553667156924115,0.23555964377276
24014,0.108268261743126,0.16234443287171,0.607216524186944,0.12217078119822
24015,0.0652210388189389,0.521682295158033,0.202699393428663,0.210397272594366
24016,0.214273730391418,0.454108948152939,0.0797238717038974,0.251893449751746
24017,0.427565402387649,0.343369901860026,0.1673204873753,0.0617442083770246
24018,0.493526134026928,0.134465106732806,0.0687133955836512,0.303295363656614
24019,0.167078024400933,0.342587423626877,0.321254639887567,0.169079912084623
24020,0.0700033805648401,0.517703158761514,0.212916989865554,0.199376470808092
24021,0.0796734205713264,0.0740608210654614,0.682197889021532,0.16406786934168
24022,0.484197770113847,0.233576356037248,0.055594833279357,0.226631040569548
24023,0.157828181473755,0.465197696669373,0.197280140600611,0.17969398125626
24024,0.289721422939818,0.543137883951901,0.0467389640438888,0.120401729064392
24025,0.695979117884259,0.0866326164785334,0.131903167022899,0.0854850986143088
24026,0.129301862122704,0.666627549496979,0.0945393257289727,0.109531262651345
24027,0.125534285100055,0.0416146241626843,0.330968969714347,0.501882121022913
24028,0.285041057770027,0.497209149494004,0.0178459514388956,0.199903841297073
24029,0.111735467631416,0.0664487362804564,0.196186287512328,0.6256295085758
24030,0.0434346809987305,0.568783594153753,0.205741780982837,0.18203994386468
24031,0.0281488243843538,0.286250803598247,0.248869800350314,0.436730571667085
24032,0.117135796883208,0.105330127148545,0.213764072136494,0.563770003831753
24033,0.779836546250866,0.0622980079092764,0.068130292154262,0.0897351536855952
24034,0.222977054398156,0.102384863649442,0.0330501878877364,0.641587894064666
24035,0.0387486274778513,0.54971217942518,0.12016446196322,0.291374731133749
24036,0.30791500600983,0.126360354317515,0.476374924257623,0.0893497154150325
24037,0.23758991078694,0.534579980042939,0.125299871774777,0.102530237395344
24038,0.207220685620475,0.100889893103058,0.45058733228759,0.241302088988877
24039,0.376567917277153,0.385217730468398,0.0547972662723056,0.183417085982143
24040,0.1001882847466,0.177028637970497,0.58047889644134,0.142304180841564
24041,0.224674987377073,0.414584734323787,0.120676349146723,0.240063929152417
24042,0.0588891758419776,0.412536729978667,0.372051027609075,0.156523066570281
24043,0.322005441731153,0.288431619839083,0.117882814812823,0.271680123616941
24044,0.287484682423484,0.368898549331564,0.21529008323597,0.128326685008982
24045,0.426335011397424,0.0759903311963985,0.203214835313443,0.294459822092735
24046,0.100078739776445,0.565934592434443,0.250517830632274,0.0834688371568379
24047,0.318502125726672,0.0514090855842115,0.564105875478839,0.065982913210278
24048,0.101682628038213,0.219058021735103,0.558890900349038,0.120368449877647
24049,0.498629426578806,0.185299582361883,0.176063866701953,0.140007124357358
24050,0.103908345196212,0.079765949107267,0.251265124178066,0.565060581518455
24051,0.0859381681746746,0.466231682821002,0.0655936827551601,0.382236466249164
24052,0.715904454415661,0.0857706149286694,0.115167323439217,0.0831576072164524
24053,0.422075773400614,0.07013920326956,0.316412413117612,0.191372610212214
24054,0.373291878817954,0.113692596687864,0.0959692029792722,0.41704632151491
24055,0.282727524148679,0.324239407917492,0.20131598174146,0.191717086192369
24056,0.279698103516505,0.393297847097318,0.1366613399976,0.190342709388577
24057,0.241746670060628,0.158484384131953,0.28001324003038,0.31975570577704
24058,0.0602702589492015,0.274255843144677,0.392772676546321,0.2727012213598
24059,0.27555016406087,0.445714708555702,0.0600830865757964,0.218652040807631
24060,0.434415245643316,0.145841312430433,0.0688996246719084,0.350843817254343
24061,0.115546960147697,0.406117817125468,0.225972660465323,0.252362562261512
24062,0.346846282845445,0.147874393289004,0.274016743433489,0.231262580432063
24063,0.0854381493215571,0.587111209892147,0.256624626698997,0.0708260140872991
24064,0.488908838959811,0.133675849033619,0.204902341809928,0.172512970196641
24065,0.118749282308906,0.183668868146205,0.563594977242541,0.133986872302348
24066,0.365562834608454,0.349456948088921,0.0734909815822936,0.211489235720331
24067,0.205132233057173,0.373628742486724,0.114439526254074,0.306799498202029
24068,0.607534263516111,0.118035077893521,0.146047388630543,0.128383269959825
24069,0.230865196531379,0.112627094854983,0.112078539192733,0.544429169420905
24070,0.56626720912172,0.208097039527631,0.107842747587255,0.117793003763393
24071,0.0808928164775489,0.0609685546437776,0.327734362013902,0.530404266864771
24072,0.0559879217852884,0.302159513260737,0.074086776256894,0.567765788697081
24073,0.332042239504235,0.141601773154135,0.185328359863624,0.341027627478006
24074,0.400203245707868,0.161739522814784,0.132674540026392,0.305382691450956
24075,0.276572478339972,0.10484136858153,0.246082895568062,0.372503257510436
24076,0.0924438558148423,0.414459941372979,0.184050159507878,0.309046043304301
24077,0.436075193653638,0.300016426953634,0.102364087485203,0.161544291907524
24078,0.321552596489412,0.210369673178889,0.115357124492991,0.352720605838708
24079,0.292405969119081,0.240477189121652,0.0395478193246186,0.427569022434649
24080,0.449482000894798,0.0994650575830231,0.0705626701869771,0.380490271335201
24081,0.127766149400242,0.17807578846931,0.14363201843606,0.550526043694389
24082,0.207659396878277,0.307409148784818,0.341753189515134,0.143178264821771
24083,0.315138581536315,0.219300964933752,0.0279061900149814,0.437654263514952
24084,0.414661546491363,0.336705458016578,0.0836398481130885,0.164993147378971
24085,0.355781857436038,0.0833672552681762,0.030415750559867,0.530435136735918
24086,0.219829372382622,0.214893029444783,0.168568506090163,0.396709092082432
24087,0.183065670586163,0.320045728028668,0.120187507182786,0.376701094202382
24088,0.0485805497170664,0.0466813172429383,0.622920977449383,0.281817155590613
24089,0.188282856774066,0.443124757426364,0.045016963227682,0.323575422571888
24090,0.0491556606756591,0.0529744990976844,0.3090283053605,0.588841534866157
24091,0.199509347045162,0.14682709848944,0.46695840306466,0.186705151400738
24092,0.364032601328437,0.0519713951766207,0.0777555423071492,0.506240461187793
24093,0.262280314326183,0.325363785486204,0.274051543043509,0.138304357144105
24094,0.155119142846901,0.604111556126693,0.189856915004413,0.0509123860219926
24095,0.317407710126017,0.0991256621903411,0.456762670934301,0.126703956749341
24096,0.188975244858983,0.497461966064983,0.152798103595383,0.160764685480651
24097,0.14301368282588,0.254509184897347,0.501147316088651,0.101329816188122
24098,0.5214655638734,0.188006685786421,0.141227361397118,0.149300388943061
24099,0.142537411600889,0.498279264980043,0.161263914739174,0.197919408679894
24100,0.371486309024928,0.416874609304954,0.0816434002404562,0.129995681429661
24101,0.207238188949355,0.380605196937768,0.160079765127056,0.252076848985821
24102,0.334218337977401,0.21530011110515,0.295445831825548,0.155035719091901
24103,0.188390215008665,0.508044000999699,0.179174040458796,0.12439174353284
24104,0.562367087564196,0.101793705170055,0.129532767307512,0.206306439958237
24105,0.45428981397675,0.138110043483158,0.246249319081895,0.161350823458197
24106,0.0643454752085267,0.716446344745719,0.13159593325179,0.0876122467939644
24107,0.23095252526525,0.146474521270142,0.345793007990831,0.276779945473777
24108,0.257991120500828,0.11095708904936,0.440214075814076,0.190837714635736
24109,0.368261110581236,0.317266383827881,0.0967805999208594,0.217691905670023
24110,0.306126123180032,0.290479459429886,0.170976196479467,0.232418220910615
24111,0.120358775636284,0.304017239693586,0.0986744946724605,0.476949489997669
24112,0.278386416839772,0.142287916336321,0.153844271413377,0.425481395410529
24113,0.123291348185098,0.549843387311086,0.200600640375371,0.126264624128445
24114,0.178851075209695,0.152553660713333,0.388505897650947,0.280089366426025
24115,0.0598697334608781,0.545039695141893,0.284387253488531,0.110703317908698
24116,0.252453461900901,0.0931858036794023,0.509363386880645,0.144997347539052
24117,0.53039641430228,0.209397847376787,0.089315758186416,0.170889980134517
24118,0.0825448305997962,0.220183704708167,0.435535882855223,0.261735581836814
24119,0.175371343134348,0.591087326168051,0.0712074554766595,0.162333875220942
24120,0.102511228761826,0.592783199754759,0.124740089824932,0.179965481658483
24121,0.647780525917956,0.107001572100465,0.117651694049689,0.127566207931891
24122,0.0540851066756096,0.214303919222805,0.550381963230625,0.18122901087096
24123,0.137090018264928,0.108366081916411,0.187373447345654,0.567170452473007
24124,0.161432058606038,0.503531489170504,0.119810932043185,0.215225520180274
24125,0.0508568420357989,0.0707437970692791,0.643501815210894,0.234897545684028
24126,0.083759873533497,0.377711268904275,0.284144844103223,0.254384013459006
24127,0.314527667208584,0.307732618535698,0.15234952394104,0.225390190314678
24128,0.336047568481153,0.0805932847289268,0.0339422307372354,0.549416916052684
24129,0.293635124275084,0.200415451223511,0.133571037186645,0.37237838731476
24130,0.265772420638895,0.231542834782159,0.0308511152166064,0.47183362936234
24131,0.10433291993279,0.353277691311326,0.371560492722462,0.170828896033422
24132,0.202842221742436,0.603341521501242,0.0777674843238302,0.116048772432491
24133,0.229516149338998,0.254603052932382,0.351584276799698,0.164296520928921
24134,0.371728575087507,0.334948461325162,0.227622434609795,0.0657005289775362
24135,0.169442074433733,0.140587644708789,0.522876089198397,0.167094191659081
24136,0.208565307272078,0.150523597995754,0.480028638807809,0.16088245592436
24137,0.0947695259605838,0.769536832241229,0.0634617504514153,0.0722318913467722
24138,0.561982569308412,0.136629143830311,0.0880310515929486,0.213357235268329
24139,0.338253841435079,0.144276568340429,0.431581596604248,0.0858879936202438
24140,0.425031218334717,0.273851817289048,0.183680466004568,0.117436498371667
24141,0.104130012463771,0.522607808969326,0.10898170376097,0.264280474805933
24142,0.142634646140656,0.246989051176139,0.390661113677063,0.219715189006141
24143,0.29267958085442,0.368672464084428,0.252024769445395,0.0866231856157579
24144,0.275555838799072,0.285711091227241,0.0950475881097219,0.343685481863966
24145,0.0952068865132913,0.395247135823533,0.39133239961886,0.118213578044315
24146,0.0452453148040201,0.202665837699693,0.496274918652667,0.25581392884362
24147,0.209812079299512,0.410112393541757,0.210402284211721,0.16967324294701
24148,0.293412531069555,0.406471408723809,0.122399035344781,0.177717024861855
24149,0.0846480856282994,0.192890300211805,0.571015866749712,0.151445747410184
24150,0.334775744797236,0.261297894089607,0.202861377303669,0.201064983809488
24151,0.177170519025096,0.286784761801429,0.374778984347802,0.161265734825673
24152,0.085650784747336,0.426870789263013,0.303355630060266,0.184122795929385
24153,0.167050128360102,0.220877996208713,0.409900918815025,0.20217095661616
24154,0.199049640069181,0.238533755665366,0.387265053657149,0.175151550608305
24155,0.0930413931919703,0.293416461090325,0.401422822868638,0.212119322849067
24156,0.0795452222808379,0.278419718660258,0.378238492887264,0.263796566171641
24157,0.153478219584856,0.278264970028581,0.185804027972773,0.382452782413791
24158,0.591576603816196,0.0965479361786085,0.229366887296748,0.0825085727084476
24159,0.162694994022441,0.291743987576721,0.242653119258023,0.302907899142815
24160,0.348620411950772,0.182509623561723,0.142416016023816,0.326453948463689
24161,0.176673396790794,0.462726320319786,0.22894756550745,0.13165271738197
24162,0.439625720969087,0.20069948734225,0.0681168866824507,0.291557905006212
24163,0.175995185582525,0.332680580876851,0.283922539110918,0.207401694429706
24164,0.230347898013857,0.469098248415096,0.215040426765237,0.08551342680581
24165,0.0958802085122355,0.243644382814093,0.130822149502163,0.529653259171509
24166,0.0867071395697455,0.180322508632076,0.364109822753937,0.368860529044241
24167,0.0777426013239683,0.431800850748809,0.336827197822194,0.153629350105029
24168,0.500762595242761,0.0659664998695801,0.147090852985435,0.286180051902224
24169,0.279145406963745,0.276656893325449,0.341807848999138,0.102389850711668
24170,0.201640428380948,0.129524161385335,0.608846728839498,0.0599886813942194
24171,0.150903840455675,0.45032017398287,0.336377471765372,0.062398513796083
24172,0.268159418865835,0.218104830894929,0.382018110539658,0.131717639699577
24173,0.149277588421661,0.440818032943735,0.258664541727077,0.151239836907527
24174,0.082215471380975,0.686166261569837,0.178960596847888,0.0526576702013008
24175,0.325721128070189,0.297654083106198,0.251978814322388,0.124645974501225
24176,0.183911994781207,0.160336973872833,0.48616386880683,0.16958716253913
24177,0.545960950210351,0.240985787945973,0.127660062832495,0.0853931990111806
24178,0.328350187782196,0.11796700823065,0.220770129304262,0.332912674682892
24179,0.141206767018475,0.497954851281532,0.307098112583055,0.0537402691169379
24180,0.371450775187268,0.110240885430299,0.15680920612433,0.361499133258103
24181,0.0822653731597221,0.458576858094221,0.205125613005983,0.254032155740074
24182,0.16518666176258,0.24543813923572,0.510414877499173,0.0789603215025269
24183,0.437616552126727,0.277499963075062,0.224445804190701,0.0604376806075098
24184,0.205776205004896,0.554399631332256,0.183251311244522,0.0565728524183258
24185,0.123464356468327,0.398296085291006,0.34706418458205,0.131175373658617
24186,0.121451480959212,0.441572959251137,0.183228317534299,0.253747242255352
24187,0.454231398626578,0.197768515945327,0.154551164915284,0.193448920512811
24188,0.122034495217079,0.439991396288804,0.346464549215141,0.0915095592789765
24189,0.108101446196697,0.269480411656274,0.499587379044631,0.122830763102399
24190,0.137953125925128,0.256409288733298,0.517568305514128,0.0880692798274458
24191,0.145679052253659,0.317205778917031,0.464958302811797,0.0721568660175126
24192,0.270503686725209,0.309250997266071,0.304579509635692,0.115665806373028
24193,0.328269402034715,0.203338931428561,0.398399280958424,0.0699923855782998
24194,0.151807686741451,0.574089396440745,0.115812999785402,0.158289917032402
24195,0.41767166303788,0.126554916265466,0.292362029304927,0.163411391391727
24196,0.700204299722327,0.132775017505798,0.11473176816112,0.0522889146107547
24197,0.0801141345536271,0.452404600729369,0.184031583596411,0.283449681120593
24198,0.556774591503587,0.17638485656407,0.18931252077021,0.0775280311621323
24199,0.286806873317163,0.43903018146088,0.149088284563556,0.1250746606584
24200,0.502722976185432,0.112925106959678,0.212795618246638,0.171556298608252
24201,0.535179875177195,0.210159850497111,0.204760538017319,0.049899736308375
24202,0.130293851024488,0.143594047929432,0.654827885169421,0.0712842158766593
24203,0.487568960487622,0.314566736464934,0.130278136896551,0.0675861661508936
24204,0.113337726416741,0.634761101918677,0.164215361704557,0.0876858099600251
24205,0.376087678267298,0.396989231603376,0.13139223503181,0.0955308550975159
24206,0.138627407282293,0.195851177557292,0.598710809675513,0.0668106054849019
24207,0.462597870592093,0.0791036443651111,0.189865743113477,0.268432741929319
24208,0.188863133971549,0.414139357934363,0.103174618340412,0.293822889753675
24209,0.121228391483775,0.280010711881405,0.361372324110413,0.237388572524407
24210,0.177489355562487,0.100044964966849,0.310513129775757,0.411952549694907
24211,0.0559045403557131,0.0974123595459216,0.341454938381134,0.505228161717231
24212,0.375156498616927,0.058978696684651,0.106687252994286,0.459177551704136
24213,0.0469409638944307,0.183901593106325,0.576694965090242,0.192462477909002
24214,0.162056448255934,0.0446582584602622,0.272651249050667,0.520634044233137
24215,0.106689518186207,0.111043066433056,0.497833684551256,0.28443373082948
24216,0.135754599693224,0.13583681148081,0.29574316471022,0.432665424115746
24217,0.126381419253148,0.402222041088773,0.0426235318375956,0.428773007820483
24218,0.0937030210166956,0.0347890223968403,0.363592125054853,0.507915831531611
24219,0.297868518621223,0.0940281463198534,0.260862197835248,0.347241137223675
24220,0.21248196904982,0.237573219316328,0.10808701418242,0.441857797451431
24221,0.278467163039498,0.459811939637059,0.11033196917567,0.151388928147773
24222,0.584311650647529,0.114804954039512,0.154023310823519,0.146860084489441
24223,0.345939831256786,0.083260727923165,0.0893864377375043,0.481413003082545
24224,0.105636188167734,0.0867927528724161,0.300206708335187,0.507364350624664
24225,0.241871532454436,0.22601569693593,0.100004838277535,0.432107932332099
24226,0.355981321220981,0.221019426324501,0.268321731068353,0.154677521386166
24227,0.288326087112884,0.363973105079548,0.217808854129097,0.129891953678471
24228,0.277898184251176,0.320670282290959,0.187146723152394,0.21428481030547
24229,0.217190534732686,0.366713456732489,0.298654963037761,0.117441045497065
24230,0.148594246337562,0.470543582764327,0.197135731036199,0.183726439861912
24231,0.285424283318842,0.277577816649414,0.228105755267171,0.208892144764573
24232,0.221735856751598,0.342861882533672,0.250383021055452,0.185019239659278
24233,0.294544212018882,0.316740657765479,0.178839449744241,0.209875680471398
24234,0.380319536281134,0.202597238406722,0.291684331372506,0.125398893939638
24235,0.422084495605473,0.248433485863945,0.210038122646731,0.11944389588385
24236,0.259415187446755,0.197401247011557,0.459126524262556,0.0840570412791321
24237,0.48349412187246,0.0911967529041616,0.237572253406211,0.187736871817167
24238,0.0816777725647619,0.286257970261047,0.411681038541582,0.220383218632609
24239,0.278538510860231,0.340987008886969,0.237779608710793,0.142694871542007
24240,0.158882282257261,0.406510462040786,0.232164431778263,0.20244282392369
24241,0.0883568321179086,0.223527109131478,0.271090658203182,0.417025400547431
24242,0.23940929216199,0.288256138017988,0.318994406325606,0.153340163494417
24243,0.226366099871758,0.403484877702576,0.189641887164708,0.180507135260958
24244,0.287263250006992,0.229445783602851,0.306676101635603,0.176614864754554
24245,0.230961470243623,0.331976814446601,0.361560275516672,0.0755014397931036
24246,0.164338949876841,0.401136258018639,0.31711423382343,0.11741055828109
24247,0.261559276936483,0.215194925890205,0.437110654111505,0.0861351430618066
24248,0.338484981553305,0.102717265322962,0.309815334537997,0.248982418585735
24249,0.364077631033516,0.325516561751777,0.179965450834275,0.130440356380432
24250,0.171608215910987,0.320684543828692,0.182446895268295,0.325260344992025
24251,0.179348375015254,0.370379189038141,0.206770653583846,0.243501782362759
24252,0.125941423417279,0.42993715372514,0.132498507495431,0.31162291536215
24253,0.126303162631578,0.290001248541692,0.440838837340354,0.142856751486376
24254,0.137874766286754,0.247839983583627,0.397337425686442,0.216947824443176
24255,0.0821124968690108,0.397308726604677,0.296626741356852,0.223952035169461
24256,0.184598878417558,0.235469615879289,0.16269731700644,0.417234188696713
24257,0.227495366291727,0.255435362702074,0.350774113555891,0.166295157450309
24258,0.257545540992449,0.4468810801364,0.0638799153706709,0.231693463500481
24259,0.120858371414631,0.235279131624094,0.218484337124094,0.425378159837181
24260,0.140464136103756,0.386752282866439,0.271647742978991,0.201135838050814
24261,0.339126248356043,0.1143877654192,0.145760180130355,0.400725806094402
24262,0.372433054450683,0.196080684269979,0.256531468118309,0.174954793161029
24263,0.300574434403159,0.171562906200711,0.24316886832782,0.28469379106831
24264,0.207510026689665,0.499922591941985,0.194064166738178,0.0985032146301732
24265,0.438529187227897,0.391861144785911,0.069541768473888,0.100067899512304
24266,0.160993098396129,0.177478622174068,0.399699482300748,0.261828797129055
24267,0.347292890547794,0.421012680193084,0.1269079315607,0.104786497698422
24268,0.376546779243949,0.18437957826377,0.293989422535774,0.145084219956507
24269,0.138090309281275,0.583429647008716,0.148637475958679,0.129842567751331
24270,0.262559729505259,0.439754730403062,0.184677239433621,0.113008300658058
24271,0.146825747630608,0.452729525062538,0.270246632344788,0.130198094962066
24272,0.125999914043305,0.467793687041622,0.266630041724449,0.139576357190623
24273,0.451446347718216,0.245701715200276,0.143308177575889,0.159543759505619
24274,0.262561127231932,0.0776413240110522,0.516302257294194,0.143495291462822
24275,0.117537286099141,0.229672650955739,0.417092116099861,0.235697946845259
24276,0.685499638932431,0.106932810624952,0.103677556551741,0.103889993890876
24277,0.176262556405674,0.550200865697753,0.196373692426347,0.0771628854702263
24278,0.230803454128595,0.49394149224078,0.0957978214584728,0.179457232172152
24279,0.470702184533529,0.173130787286183,0.14963803287008,0.206528995310208
24280,0.140993318921195,0.132489164863452,0.600360546926086,0.126156969289267
24281,0.714753677477916,0.157114918327836,0.0366657651826025,0.0914656390116458
24282,0.231703304472102,0.278577763616894,0.129245693203829,0.360473238707175
24283,0.18895851848683,0.42631645950458,0.121611561744336,0.263113460264254
24284,0.117231571126993,0.192812489989855,0.60160855582935,0.0883473830538009
24285,0.0352275449336252,0.556664578782044,0.12952842225788,0.278579454026452
24286,0.107944537335832,0.0867298166532364,0.645002390885921,0.16032325512501
24287,0.175578060305002,0.505381725315093,0.0377971487443253,0.28124306563558
24288,0.07824279506081,0.668259309752738,0.168649736141483,0.0848481590449691
24289,0.0589696074701631,0.521903395773929,0.29376840261599,0.125358594139918
24290,0.114163285772537,0.346463680489812,0.123342245512769,0.416030788224882
24291,0.29846027804902,0.125282070246525,0.228896691430231,0.347360960274224
24292,0.0799299211728615,0.0862697920126678,0.436579974358672,0.397220312455798
24293,0.401475999529328,0.313507024773085,0.20529702275565,0.0797199529419368
24294,0.116086257320705,0.595788436358791,0.0718689044582382,0.216256401862265
24295,0.0906895319699443,0.308479026173823,0.238655834189332,0.362175607666902
24296,0.246856659951105,0.290710597876576,0.0648128584048119,0.397619883767507
24297,0.368417670915785,0.112942359879375,0.080407777081367,0.438232192123473
24298,0.273871908422495,0.373449822394737,0.127120510988012,0.225557758194756
24299,0.198335052196512,0.100041060550327,0.0794279797960653,0.622195907457096
24300,0.231512275513722,0.146776692361328,0.147520198934837,0.474190833190113
24301,0.128545757921136,0.0588376369036122,0.189612151567493,0.623004453607759
24302,0.58494454623116,0.161473705839691,0.165843766553937,0.0877379813752117
24303,0.435104600098706,0.186958736603809,0.0498861020846539,0.32805056121283
24304,0.0890542321985329,0.0697877426075881,0.353561757644546,0.487596267549333
24305,0.217327188734017,0.476129941664607,0.0856564332631022,0.220886436338273
24306,0.256685746596654,0.0467707415839921,0.140419611653137,0.556123900166217
24307,0.637747685916724,0.151082122185323,0.100641074867516,0.110529117030437
24308,0.284339078480702,0.0454971909214637,0.318389319895349,0.351774410702486
24309,0.0307663505327723,0.255594641593923,0.444928854563058,0.268710153310247
24310,0.140827720248782,0.46090868221258,0.211671565017598,0.18659203252104
24311,0.0965524268132332,0.20870337593477,0.246721052366968,0.448023144885028
24312,0.306467736143578,0.0950562904430764,0.104308027491789,0.494167945921557
24313,0.406057199752984,0.202379612819646,0.0395564483751191,0.352006739052251
24314,0.0337943286998688,0.718321188775769,0.0446662211064043,0.203218261417958
24315,0.215291324761062,0.497743759144834,0.15727450230467,0.129690413789434
24316,0.54029059751935,0.0736416578304608,0.0500524878026781,0.336015256847511
24317,0.144325808641519,0.542649315964537,0.0613288395592157,0.251696035834728
24318,0.07035738708035,0.0800420605795757,0.615165773342602,0.234434778997472
24319,0.523198282284338,0.125303526892776,0.286879053221206,0.0646191376016804
24320,0.0415184926889329,0.125931200046472,0.212819319057982,0.619730988206613
24321,0.539080148023926,0.147162371383058,0.0742846129506886,0.239472867642327
24322,0.501679216598816,0.1978242998555,0.0883010158968785,0.212195467648806
24323,0.097247422427617,0.0588480384055807,0.664989372081641,0.178915167085162
24324,0.170751594757616,0.0884128311812795,0.411043084338384,0.329792489722721
24325,0.345547932986978,0.170041630175477,0.0666958928577451,0.417714543979799
24326,0.079413315522869,0.120444595547381,0.431706626711504,0.368435462218246
24327,0.122863185676176,0.282557952929895,0.167379796181442,0.427199065212487
24328,0.0613713632606536,0.0532866818785286,0.553454067220308,0.331887887640509
24329,0.16113524373971,0.562507105389377,0.0410274357222009,0.235330215148712
24330,0.606404472697681,0.0522453047189863,0.192399466074775,0.148950756508557
24331,0.0704414800601829,0.100736725681442,0.311125873284562,0.517695920973814
24332,0.495903873179893,0.0955455268686808,0.22750537423715,0.181045225714276
24333,0.410451461210977,0.200997118604151,0.0908025119219037,0.297748908262967
24334,0.302288684045565,0.219354365832954,0.113550053424212,0.364806896697269
24335,0.0467225501883976,0.525239390309858,0.0324447549774709,0.395593304524273
24336,0.0804754726200449,0.24088044350183,0.158466358845109,0.520177725033016
24337,0.639239664698386,0.0597165433044465,0.182422254168227,0.11862153782894
24338,0.637892319545022,0.0336063619909981,0.128930035176323,0.199571283287657
24339,0.423120659818679,0.348780901751606,0.0406254118141056,0.187473026615609
24340,0.21619885267188,0.397080202093197,0.0319635801479337,0.354757365086989
24341,0.592897744550442,0.0629362401552116,0.172627822213911,0.171538193080435
24342,0.646112243978643,0.131394837645287,0.0716922420736286,0.150800676302442
24343,0.0498635486492465,0.431915922694875,0.07249690988011,0.445723618775769
24344,0.0359523150231133,0.108751285928755,0.552745735640816,0.302550663407316
24345,0.0615321334298313,0.0237354105769934,0.534320637678557,0.380411818314618
24346,0.221143289589506,0.0517605386568439,0.475252501733867,0.251843670019783
24347,0.0597731763583852,0.571938979968781,0.111810247567373,0.256477596105461
24348,0.751551344877708,0.0214712127449875,0.104658439564752,0.122319002812553
24349,0.496983524889687,0.0886617814911853,0.056818575471907,0.357536118147221
24350,0.0229788317942419,0.190766815980625,0.600655703102904,0.185598649122229
24351,0.52953709193015,0.0502143225866922,0.0485339986259908,0.371714586857167
24352,0.016853860576659,0.57438509160147,0.0747637122943258,0.333997335527545
24353,0.263154545873568,0.0754771106634494,0.214405625466725,0.446962717996258
24354,0.0357249444304015,0.428051716902696,0.0990131314781453,0.437210207188757
24355,0.319600211996041,0.0448093782178458,0.347876155300373,0.28771425448574
24356,0.0452219509548875,0.109291892149956,0.0265538215849401,0.818932335310216
24357,0.605653054351429,0.184339441610011,0.0201208399675145,0.189886664071046
24358,0.488334730038984,0.0516086577798,0.0299776686607864,0.430078943520429
24359,0.155915866650525,0.61894046884473,0.0552188902808889,0.169924774223856
24360,0.0866606001642647,0.353986193421907,0.25964051360135,0.299712692812478
24361,0.231177232511335,0.364966331676348,0.0622698959091026,0.341586539903215
24362,0.567650710316856,0.0846228910055158,0.225217676781324,0.122508721896304
24363,0.0686394515514071,0.148901829626378,0.52496188269491,0.257496836127306
24364,0.0763981984057916,0.698366512269792,0.0806981111671533,0.144537178157263
24365,0.372153478233076,0.108056513970702,0.147320152356353,0.37246985543987
24366,0.102300139433027,0.362649227003592,0.193191926679657,0.341858706883725
24367,0.176829788598179,0.148018836389716,0.0841649951526949,0.59098637985941
24368,0.0889772881890624,0.263619140086405,0.414185231048466,0.233218340676067
24369,0.413728731310154,0.232984436994522,0.156790668807021,0.196496162888303
24370,0.0997129470131516,0.376260399712054,0.38533750083451,0.138689152440284
24371,0.252683030897718,0.12315500816768,0.448334031457176,0.175827929477426
24372,0.0638829124152842,0.0484669209510429,0.490252062509157,0.397398104124516
24373,0.311972201958338,0.38745463240633,0.201200834167222,0.0993723314681101
24374,0.299354961474708,0.207903355153246,0.188465759169452,0.304275924202594
24375,0.10947633050137,0.0751422048637366,0.360563357845874,0.45481810678902
24376,0.0890714228021543,0.170660401653312,0.641994329048801,0.0982738464957323
24377,0.0901282012310229,0.585206570171969,0.171396057615465,0.153269170981544
24378,0.0422216914613475,0.580504203112316,0.0693650858203096,0.307909019606027
24379,0.076744891837091,0.503879299817394,0.155121508333316,0.2642543000122
24380,0.0715756632670119,0.425994529665215,0.0734845168189048,0.428945290248869
24381,0.444200037544477,0.135024103925613,0.0498292731411981,0.370946585388712
24382,0.511410139534064,0.0971402662654681,0.299790123294254,0.0916594709062138
24383,0.0942912576664388,0.0637148007904222,0.715495062671195,0.126498878871944
24384,0.09649940320681,0.137998434306287,0.569656755960614,0.19584540652629
24385,0.538516024193739,0.0694632787143009,0.19204390080892,0.199976796283039
24386,0.0393319541527712,0.0614886846967395,0.659604212843759,0.23957514830673
24387,0.56619005694717,0.0417748883062109,0.101368898369736,0.290666156376883
24388,0.442236674863651,0.0359358240922717,0.128768586646079,0.393058914397998
24389,0.385548782854172,0.114432122992933,0.181159819089706,0.318859275063189
24390,0.2546338072397,0.0767489553881797,0.564246404162693,0.104370833209427
24391,0.0942249235117472,0.175864207487472,0.0494860616201941,0.680424807380587
24392,0.0299591724233505,0.250916566195224,0.369868679595345,0.349255581786081
24393,0.025674407535056,0.07651215996735,0.784349422079292,0.113464010418302
24394,0.0895281669582921,0.737132506969011,0.0742145758742039,0.0991247501984935
24395,0.218402032185301,0.193540402604961,0.536893234763812,0.0511643304459267
24396,0.512902194584783,0.147308324759425,0.0454723611380517,0.294317119517741
24397,0.119759559193427,0.261156713772289,0.373415710787546,0.245668016246738
24398,0.320947583837627,0.232758506883501,0.257700861500094,0.188593047778778
24399,0.0689636905103726,0.370083256512488,0.19268927140126,0.36826378157588
24400,0.0607053534322296,0.223448673760961,0.450740563056116,0.265105409750694
24401,0.280008122853578,0.147756228708839,0.247842100842213,0.32439354759537
24402,0.238675308988994,0.104582958270922,0.521904645336041,0.134837087404043
24403,0.0526271230894263,0.165879289619313,0.598938972198833,0.182554615092428
24404,0.0691390332635834,0.195547327753127,0.544388278524665,0.190925360458625
24405,0.154186106749361,0.256659524795218,0.387529481279556,0.201624887175865
24406,0.454371073362663,0.287918323974943,0.102368036629205,0.155342566033189
24407,0.0706795082242215,0.536909257548616,0.309239920775722,0.0831713134514409
24408,0.251220443037882,0.31490658635024,0.123344991497142,0.310527979114736
24409,0.247236137732053,0.252871386103975,0.0598108190555628,0.44008165710841
24410,0.175706795183118,0.279198051928346,0.160912344069361,0.384182808819175
24411,0.152850279098561,0.496518806149097,0.22186079753553,0.128770117216812
24412,0.452444654148499,0.241635961154438,0.129601067954712,0.17631831674235
24413,0.503206118746216,0.170623114987866,0.205971360036229,0.120199406229689
24414,0.20172704155655,0.606607250900202,0.0781322161127355,0.113533491430512
24415,0.297564376724226,0.133165841216154,0.36759739522321,0.20167238683641
24416,0.564123738606772,0.104049040682437,0.162530118180622,0.169297102530169
24417,0.22866576638674,0.0786488312116614,0.316477420871666,0.376207981529933
24418,0.148177448414904,0.247143420753336,0.068832384761749,0.535846746070011
24419,0.356714350934824,0.27674056520017,0.19256854245056,0.173976541414446
24420,0.0984431500342492,0.444123053622674,0.221064686941387,0.236369109401689
24421,0.273347189950922,0.102346445428053,0.0300975266223085,0.594208837998717
24422,0.451343933089483,0.120613898408947,0.0293327744734232,0.398709394028147
24423,0.0519834463129674,0.517301784894125,0.0453409983319927,0.385373770460915
24424,0.0805563459026002,0.29639241345726,0.288564780895101,0.334486459745038
24425,0.127070135809186,0.0316949745538758,0.100425974115431,0.740808915521508
24426,0.459259292075606,0.153810724863364,0.0313793826811443,0.355550600379886
24427,0.0488216262616424,0.0527933817042076,0.656614355036235,0.241770636997915
24428,0.194303152840189,0.588223922591162,0.0255591641567939,0.191913760411856
24429,0.0796537962702417,0.795872581426163,0.0243077746658976,0.100165847637698
24430,0.0954388493048352,0.048702371830815,0.0403097586614087,0.815549020202941
24431,0.11554402108129,0.591280712534201,0.116446389159043,0.176728877225466
24432,0.0239977811540897,0.418835193271773,0.0988022273442565,0.45836479822988
24433,0.0622521236886407,0.0865176202406726,0.150895549785554,0.700334706285133
24434,0.251810467587927,0.187686772271468,0.360889790773609,0.199612969366997
24435,0.484915729644525,0.304981011788712,0.106070115772536,0.104033142794228
24436,0.198127972649205,0.117256033781739,0.29741338960169,0.387202603967367
24437,0.380734097954944,0.191897550917817,0.118931860395446,0.308436490731793
24438,0.666890177368987,0.0931242439464328,0.138307082815878,0.101678495868703
24439,0.0996414349308036,0.0281262437147394,0.665151910876934,0.207080410477523
24440,0.0327279318760245,0.64618837603127,0.0415454774268521,0.279538214665853
24441,0.558445125109934,0.147610771929988,0.0299663163555891,0.26397778660449
24442,0.65689166977222,0.152735549943699,0.106634075642361,0.0837387046417212
24443,0.470340864404277,0.0969920281979271,0.343611788870019,0.0890553185277775
24444,0.0496861783518435,0.164830314873049,0.569348697153849,0.216134809621259
24445,0.241156141079888,0.11527174938884,0.10489049968073,0.538681609850542
24446,0.302807165779945,0.0581815918641416,0.0416466036954291,0.597364638660484
24447,0.110024274705704,0.789732883562695,0.0355217831641425,0.0647210585674588
24448,0.116538243119189,0.531721351310423,0.075748203452062,0.275992202118325
24449,0.375862707749405,0.030431875584349,0.119692258189223,0.474013158477024
24450,0.0518148539073582,0.053127932771281,0.222297834049851,0.67275937927151
24451,0.0384290314955345,0.0618037079256694,0.45248122300884,0.447286037569956
24452,0.113499327456045,0.0427900449193918,0.40325027248169,0.440460355142873
24453,0.349369019167027,0.0786002133232132,0.427769723092097,0.144261044417663
24454,0.244740208549652,0.356071543521359,0.0790493257151635,0.320138922213826
24455,0.183767866583325,0.0573643947070106,0.446844062201058,0.312023676508606
24456,0.0742191701262433,0.101235032770894,0.280498037821326,0.544047759281537
24457,0.184733878088252,0.0515512543735192,0.207203437931837,0.556511429606392
24458,0.038707101804954,0.270366163566348,0.0733406874037296,0.617586047224968
24459,0.110578528208347,0.126209813202429,0.493419222634294,0.269792435954931
24460,0.0244180496207687,0.161286222730584,0.153456795406814,0.660838932241833
24461,0.0314813736433237,0.05933108559159,0.364877748359133,0.544309792405954
24462,0.105432140096521,0.19766754068925,0.0681326953179384,0.628767623896291
24463,0.299952740732228,0.455151256640125,0.114789624302332,0.130106378325315
24464,0.096045336485838,0.106241735380498,0.221153270107039,0.576559658026625
24465,0.114435708755668,0.594071899043116,0.0753490134013026,0.216143378799914
24466,0.354067077619646,0.302426239376,0.0448007261728039,0.29870595683155
24467,0.0878364265935326,0.291626309507281,0.0205665196521459,0.599970744247041
24468,0.0481279858468661,0.443931278745798,0.13268096601444,0.375259769392896
24469,0.0657526473994,0.330589147865497,0.0415819627183017,0.562076242016802
24470,0.0918863076833223,0.0881317089614606,0.0481536699226597,0.771828313432557
24471,0.117518691983308,0.551983161991766,0.071802811719424,0.258695334305503
24472,0.47524797191405,0.0785356611368789,0.174466021848933,0.271750345100138
24473,0.18361186121757,0.147045999411583,0.292431477413977,0.37691066195687
24474,0.640611582277285,0.216017454606825,0.0321265203647563,0.111244442751134
24475,0.04811190056978,0.443793065847716,0.250194246385018,0.257900787197486
24476,0.210566285568682,0.423708738122255,0.0707267600043642,0.294998216304698
24477,0.0485891968249948,0.459528223939532,0.291993256328965,0.199889322906508
24478,0.174974635584734,0.105237224413648,0.485644245677872,0.234143894323745
24479,0.103809553199771,0.048819337523118,0.496330777923743,0.351040331353368
24480,0.506228488008442,0.0890119864623132,0.0699913306798297,0.334768194849416
24481,0.300309807441994,0.226157082883046,0.165801551072595,0.307731558602365
24482,0.510876502860838,0.065095776235939,0.0536891278896271,0.370338593013596
24483,0.746335210828241,0.073195244529046,0.0679221285806721,0.112547416062041
24484,0.0774854367531546,0.172128473404885,0.579312095767271,0.17107399407469
24485,0.49189660916855,0.129044349060759,0.231299208606005,0.147759833164686
24486,0.262681192219864,0.298615948792118,0.104892577576075,0.333810281411943
24487,0.0460463868514041,0.0837312811307976,0.635335294411961,0.234887037605838
24488,0.219157740335354,0.623501492555961,0.052586873635486,0.104753893473198
24489,0.151850389544044,0.325208774595451,0.219111395667113,0.303829440193392
24490,0.064218496222581,0.239534800286246,0.544460364998512,0.151786338492662
24491,0.0904019323838452,0.0536519731360743,0.119237370660924,0.736708723819157
24492,0.264939368643137,0.0831748491151666,0.465357980704274,0.186527801537423
24493,0.0962271331013427,0.242698780467271,0.531809399248564,0.129264687182823
24494,0.0593305133198975,0.479256921329669,0.280345161796363,0.181067403554071
24495,0.141068966066589,0.524728832612067,0.0712375955170228,0.262964605804321
24496,0.131116742687729,0.19871671915045,0.312892814843267,0.357273723318554
24497,0.156271143653021,0.0939737256327328,0.570279613950482,0.179475516763764
24498,0.284151961806091,0.249042033180032,0.360610734564228,0.106195270449649
24499,0.400124863523737,0.0881482110192426,0.242879630861496,0.268847294595524
24500,0.0882417460143303,0.554543932501009,0.101260569316828,0.255953752167834
24501,0.228612183793022,0.29056037743744,0.0944967243637309,0.386330714405807
24502,0.396558837998097,0.12839023197126,0.124444169302676,0.350606760727967
24503,0.0576386992745018,0.0873706245548793,0.18189641719332,0.673094258977299
24504,0.0590867961800269,0.569198162612586,0.0566574436285156,0.315057597578871
24505,0.108852928045987,0.297566615735945,0.14245712206213,0.451123334155938
24506,0.108423301663436,0.0546570558409062,0.543599705519712,0.293319936975947
24507,0.078521941767034,0.142554418849403,0.192826905410947,0.586096733972616
24508,0.409297329360176,0.143490425954362,0.253773890308197,0.193438354377265
24509,0.139138929338021,0.0509806062147894,0.367268920970605,0.442611543476584
24510,0.0649955355216128,0.116621335971981,0.574552972520597,0.243830155985809
24511,0.226208137215088,0.60637363110879,0.0864363665644272,0.0809818651116949
24512,0.337410497291291,0.0767348128073172,0.29877904611072,0.287075643790672
24513,0.591028558569876,0.0912341498215929,0.140057106388617,0.177680185219914
24514,0.347249715450661,0.374759624144156,0.0785652607305335,0.199425399674649
24515,0.141376856376798,0.22824752226621,0.330536058624661,0.299839562732331
24516,0.441231787617229,0.0962329244341779,0.127108736677889,0.335426551270704
24517,0.492919710682787,0.263960801532516,0.13244072805734,0.110678759727357
24518,0.0482409462630921,0.118879615920785,0.129982694666872,0.702896743149251
24519,0.0614475378277486,0.148653447580618,0.708101593822607,0.0817974207690267
24520,0.0208209297867645,0.32296050957995,0.306423669614075,0.34979489101921
24521,0.0777403211103775,0.403708098967616,0.0451450259408211,0.473406553981185
24522,0.0304607411592748,0.110852973647387,0.690823127521427,0.167863157671911
24523,0.0537813277103529,0.249641569313325,0.398526279458927,0.298050823517395
24524,0.0959718424721314,0.101029273463153,0.542417064014419,0.260581820050296
24525,0.0934328575499244,0.154086816733708,0.0620101248239318,0.690470200892436
24526,0.637443381718153,0.102981247862828,0.165595672827606,0.093979697591413
24527,0.110249623491402,0.0310403791456471,0.484771187119897,0.373938810243054
24528,0.728612416641198,0.161555490355177,0.0303743783423124,0.0794577146613127
24529,0.10131396863564,0.0524541480164087,0.216145904026605,0.630085979321347
24530,0.339511257081266,0.23776887538563,0.233490138455788,0.189229729077315
24531,0.13986107021953,0.509703532034291,0.216715346538256,0.133720051207924
24532,0.178870970648371,0.299574394328901,0.390031391929648,0.13152324309308
24533,0.284399334798959,0.26849521524977,0.092971823354315,0.354133626596956
24534,0.0942232988060279,0.539659045095469,0.100292364662167,0.265825291436336
24535,0.659076943945466,0.0719507201000766,0.087838110890177,0.18113422506428
24536,0.135576126940514,0.226452692077415,0.350062467387701,0.287908713594371
24537,0.373101463150663,0.169324230474282,0.07394001751761,0.383634288857446
24538,0.194289492633616,0.558907470312696,0.0741195014354677,0.17268353561822
24539,0.36875849768859,0.155145243894227,0.153631674956119,0.322464583461064
24540,0.447198743697069,0.0858737364099783,0.282663000342935,0.184264519550017
24541,0.452343544585014,0.121248408624446,0.219488247569735,0.206919799220805
24542,0.131233572152397,0.483571088765941,0.0848806437066741,0.300314695374987
24543,0.0376897242186917,0.148885353229336,0.739578282834899,0.0738466397170734
24544,0.11640556974391,0.519562084803967,0.202355644317224,0.161676701134899
24545,0.284768372660934,0.0984506707094803,0.454854341792464,0.161926614837122
24546,0.0673132548761309,0.567178873760342,0.154747889636589,0.210759981726939
24547,0.28691898279098,0.359859811439926,0.0543673481074245,0.29885385766167
24548,0.0480142687562766,0.323381285135253,0.369814337351955,0.258790108756515
24549,0.596154483488895,0.194176268185918,0.105508808515816,0.104160439809371
24550,0.17161037336058,0.453620192231911,0.291732788233802,0.0830366461737069
24551,0.0599934059997317,0.459975340274414,0.166528566572544,0.313502687153311
24552,0.0708838580267514,0.471843392163141,0.112680143400238,0.34459260640987
24553,0.466459140178055,0.147854845036604,0.141283385037949,0.244402629747393
24554,0.29942695742805,0.102397995559754,0.29265770516465,0.305517341847546
24555,0.12077979419055,0.644383306178948,0.0986779267111117,0.13615897291939
24556,0.524350414494842,0.20966621234026,0.0441477758694473,0.221835597295451
24557,0.118479858244046,0.261314983515832,0.328449143031357,0.291756015208765
24558,0.108863207245065,0.558836890410909,0.0528920386055844,0.279407863738441
24559,0.0625883667265806,0.730586122793957,0.10997259915578,0.0968529113236824
24560,0.0672053529331424,0.347162554642672,0.124312558259506,0.461319534164679
24561,0.187764809590921,0.151220673334154,0.104416101574004,0.556598415500922
24562,0.453519679422275,0.246150237061975,0.145693922441451,0.154636161074299
24563,0.0270806191427559,0.509681553821782,0.0974851358864962,0.365752691148966
24564,0.0548312538660233,0.394511876301713,0.0670067733372035,0.48365009649506
24565,0.0595718484717362,0.327604585031119,0.224557326477664,0.388266240019481
24566,0.116124337283011,0.692237954020583,0.0630424964838637,0.128595212212542
24567,0.127375609557343,0.269489990891005,0.456019397610803,0.147115001940849
24568,0.387086850682802,0.325596923967546,0.0793455038406816,0.207970721508971
24569,0.194892917347307,0.110992470356716,0.293201789681858,0.400912822614119
24570,0.0590872966538356,0.476787805992467,0.137493160897875,0.326631736455823
24571,0.0526447396616598,0.267476238426722,0.319780621679793,0.360098400231826
24572,0.181452212785188,0.115218648379541,0.310987053545247,0.392342085290024
24573,0.122185339476177,0.137455646275496,0.52430994346748,0.216049070780847
24574,0.0554221200329612,0.246589880869333,0.47665196937826,0.221336029719446
24575,0.158789109612877,0.0736497844662055,0.133342679498584,0.634218426422334
24576,0.0423357472552267,0.169854679547124,0.598987714500021,0.188821858697629
24577,0.064802945481812,0.185269047229181,0.316268750449899,0.433659256839108
24578,0.204657398956367,0.100283468222099,0.235729340982837,0.459329791838697
24579,0.413904452086432,0.375330352201208,0.0631898810808175,0.147575314631542
24580,0.106306343537466,0.0617892539187487,0.446860360047558,0.385044042496228
24581,0.174864383503497,0.0336015694557634,0.644892757382659,0.146641289658081
24582,0.0567170242255415,0.115251264695576,0.686952535866577,0.141079175212306
24583,0.0171594063472291,0.121283061049196,0.531582877341066,0.32997465526251
24584,0.0323087369265693,0.0472275129109786,0.812253310789998,0.108210439372454
24585,0.0727291564076247,0.177209858065236,0.0188033986634846,0.731257586863655
24586,0.0434490581020842,0.0775792586743529,0.354568668102435,0.524403015121128
24587,0.417646904048518,0.220488068678891,0.199830478765057,0.162034548507534
24588,0.237925323778806,0.374172491437854,0.191135064899402,0.196767119883938
24589,0.123647787765147,0.457404254752119,0.252605002788993,0.166342954693742
24590,0.429130405166161,0.251613736675025,0.225445099543571,0.0938107586152429
24591,0.298572278738835,0.196172555521634,0.335210061101039,0.170045104638492
24592,0.331306744991513,0.312110868410307,0.119811204870137,0.236771181728043
24593,0.378412311739682,0.219445510582709,0.196336820705584,0.205805356972026
24594,0.17610192180802,0.281031747656736,0.185954041376277,0.356912289158968
24595,0.280720788558698,0.339680347983166,0.295431339096771,0.0841675243613654
24596,0.395324651458822,0.205747161759095,0.0950005321272454,0.303927654654837
24597,0.346055124518856,0.348270718383796,0.199291291069693,0.106382866027655
24598,0.387119994780561,0.121872822642228,0.0997983057846294,0.391208876792581
24599,0.287593245625172,0.296789238470983,0.149216339671906,0.266401176231939
24600,0.250673694979499,0.323726220269532,0.173148111475363,0.252451973275605
24601,0.160477490923994,0.135469124017523,0.531472502397754,0.172580882660729
24602,0.190387983293482,0.485838693548253,0.135032318252993,0.188741004905271
24603,0.124451700725633,0.15356242771202,0.313429519323922,0.408556352238425
24604,0.260022548171325,0.201053028335627,0.411561302692974,0.127363120800074
24605,0.427215113236786,0.119483514440911,0.1445576577019,0.308743714620404
24606,0.0986249382833758,0.483221690509704,0.274851801918777,0.143301569288143
24607,0.381703552485592,0.197469593444686,0.297980674582939,0.122846179486784
24608,0.19538149612347,0.38186895275338,0.124875746367599,0.29787380475555
24609,0.519881824839203,0.202067034468519,0.098981248145064,0.179069892547214
24610,0.0883713107653061,0.233225957624347,0.1436003569643,0.534802374646047
24611,0.168210982739524,0.221827902714836,0.176218307244732,0.433742807300909
24612,0.075429393200289,0.586426310977767,0.163674563396551,0.174469732425393
24613,0.160724405946481,0.17654819958445,0.518157189974229,0.14457020449484
24614,0.123677295874636,0.159229569071805,0.571690971556533,0.145402163497026
24615,0.392018365220403,0.206072772191784,0.0603400229396809,0.341568839648131
24616,0.217459420917006,0.163134657789146,0.331398946135453,0.288006975158395
24617,0.350012226840211,0.124868730274448,0.35958788171058,0.165531161174761
24618,0.280607059421405,0.113120631703819,0.477098746150338,0.129173562724438
24619,0.146084122084962,0.344508191174012,0.348683586875348,0.160724099865677
24620,0.174093796872024,0.195587094976826,0.118880504532201,0.511438603618949
24621,0.13334392092729,0.124785828577595,0.274366682453435,0.46750356804168
24622,0.0688309428178646,0.275835844277349,0.236435922525033,0.418897290379754
24623,0.184253961526541,0.104539081932995,0.272543459579396,0.438663496961068
24624,0.179302527111807,0.254858344605833,0.343228079732354,0.222611048550006
24625,0.368595054584326,0.104471048350219,0.27883536292632,0.248098534139135
24626,0.370511517906392,0.19945618647631,0.178810247409012,0.251222048208285
24627,0.17415542471071,0.192084873153748,0.121455624157885,0.512304077977658
24628,0.613746758964048,0.128643783709057,0.0735764876679342,0.184032969658961
24629,0.0844420451407905,0.556925674130878,0.124000696042765,0.234631584685567
24630,0.172915562620271,0.165986123152991,0.176956575222353,0.484141739004385
24631,0.228566343393583,0.213977583157558,0.130442562848506,0.427013510600353
24632,0.166705420683955,0.197510635911612,0.243992196100675,0.391791747303759
24633,0.21784374537479,0.0586170857736886,0.461420395288398,0.262118773563123
24634,0.215257744193254,0.0348463894866443,0.489819904422265,0.260075961897837
24635,0.383053036680139,0.101080962732518,0.128122680682898,0.387743319904445
24636,0.23124067193397,0.358663134167363,0.121097532768789,0.288998661129877
24637,0.188658642621737,0.127612913158917,0.481973950964009,0.201754493255337
24638,0.117703977913425,0.464866981359447,0.0859362036543246,0.331492837072803
24639,0.358869917808751,0.199260557937859,0.0949388306798536,0.346930693573536
24640,0.635350960127541,0.134924889315699,0.092163254080193,0.137560896476567
24641,0.115538479990221,0.673951750715614,0.0427858277230203,0.167723941571145
24642,0.174424045102994,0.0957534767667696,0.372560392838597,0.35726208529164
24643,0.0630736045466127,0.0585791966900074,0.383220141694793,0.495127057068587
24644,0.0613404395042713,0.429142327961045,0.197350520962249,0.312166711572435
24645,0.122323275187284,0.619154383174974,0.0212009031792384,0.237321438458503
24646,0.22347508751652,0.212463339713707,0.221223873369004,0.34283769940077
24647,0.405495723990108,0.387307889319948,0.125428417723366,0.0817679689665785
24648,0.114569499640699,0.0492400705712818,0.475291356123848,0.360899073664171
24649,0.106285945080002,0.144790425393562,0.503939949048299,0.244983680478137
24650,0.0263780599515561,0.867819807078945,0.0161517079118231,0.0896504250576761
24651,0.532276236813729,0.0538800742374712,0.0271323426654752,0.386711346283325
24652,0.282628105221927,0.0433577489162112,0.537343390611119,0.136670755250743
24653,0.490716575261975,0.176392760139909,0.0982050083694333,0.234685656228683
24654,0.0407712747473948,0.456408376421217,0.0361758389264052,0.466644509904983
24655,0.0622626668397181,0.148680832325669,0.392822641061415,0.396233859773198
24656,0.212984376491201,0.285148284879294,0.358697365271028,0.143169973358476
24657,0.190401240700201,0.137932494318856,0.0491335014905387,0.622532763490404
24658,0.0648724727079946,0.466535798448662,0.273287587170905,0.195304141672439
24659,0.0172898276353843,0.093801918732651,0.442564626815037,0.446343626816928
24660,0.103766663996773,0.336217225957274,0.232200523784173,0.32781558626178
24661,0.14084307010072,0.552536081940913,0.0572339118236913,0.249386936134676
24662,0.024776221018854,0.117195442192268,0.58840729383877,0.269621042950108
24663,0.133997028479247,0.23903430544846,0.514916049226202,0.112052616846091
24664,0.109270747071952,0.274930757902671,0.407985078990043,0.207813416035335
24665,0.345905531459157,0.127781248099572,0.380816730757705,0.145496489683565
24666,0.118450695486529,0.558273888136971,0.0949186969231736,0.228356719453326
24667,0.0719371618428315,0.459723452718547,0.271087589965147,0.197251795473475
24668,0.119064300080897,0.0841373125592447,0.731537954446916,0.0652604329129429
24669,0.128921335528221,0.229468881519785,0.345807873065068,0.295801909886927
24670,0.536295716535349,0.0717515566808789,0.246885138677374,0.145067588106398
24671,0.0692632814802007,0.323095311377112,0.540800153676722,0.0668412534659659
24672,0.127485467746893,0.484480871115392,0.314218209650143,0.0738154514875725
24673,0.144441485580902,0.0815358638387247,0.671108786685413,0.10291386389496
24674,0.121707158416199,0.655538991213539,0.0665333734914254,0.156220476878837
24675,0.118737511072634,0.102013723928383,0.652842575941552,0.126406189057431
24676,0.169023490647351,0.573273804368658,0.138913452545903,0.118789252438089
24677,0.051546401205371,0.146122845715382,0.33065704901196,0.471673704067286
24678,0.233414090111007,0.233568781113136,0.148841687211177,0.38417544156468
24679,0.223461621525266,0.413558805383863,0.0997063358926278,0.263273237198243
24680,0.0662341921870774,0.452892445307405,0.178973202501377,0.301900160004141
24681,0.350348310891507,0.219922703152588,0.0554305060897764,0.374298479866129
24682,0.441913367985876,0.450434880026009,0.0559173001760948,0.0517344518120204
24683,0.106762786202647,0.261993926270017,0.468430167406045,0.162813120121291
24684,0.0951445570487914,0.198872900736698,0.53740370835206,0.168578833862451
24685,0.607935557529511,0.13715656583396,0.123653651041237,0.131254225595292
24686,0.487540535062073,0.111934865003982,0.0753652913803187,0.325159308553626
24687,0.228467031166377,0.302854003638554,0.194304081068092,0.274374884126977
24688,0.139719581665977,0.395483022957539,0.14465227410766,0.320145121268825
24689,0.232966760114398,0.227666737107248,0.469356047314208,0.0700104554641455
24690,0.711137451796716,0.0848642447849868,0.111757732905188,0.0922405705131094
24691,0.381296392546434,0.392232641673753,0.07785201457801,0.148618951201803
24692,0.69377201535931,0.173682142445088,0.050284670907465,0.0822611712881375
24693,0.179115137152595,0.151988943595634,0.500567723618575,0.168328195633196
24694,0.176786876509564,0.269861754360615,0.399905015270777,0.153446353859044
24695,0.13773418744054,0.749069338258597,0.0462126842094507,0.0669837900914133
24696,0.177007553919659,0.312468366932848,0.129511657002017,0.381012422145476
24697,0.119101736708613,0.14529633785926,0.287607654478481,0.447994270953646
24698,0.240126578717044,0.54223794423356,0.151996929590682,0.0656385474587144
24699,0.16301148110792,0.104535254834902,0.659734228417054,0.0727190356401244
24700,0.0806624702573179,0.464554498435369,0.117883820809475,0.336899210497838
24701,0.145371156828532,0.148581585491263,0.601505050187988,0.104542207492217
24702,0.152898384420888,0.529535907415072,0.235480535722579,0.082085172441461
24703,0.302668687722762,0.326065179687506,0.278046160217471,0.0932199723722614
24704,0.11462651304405,0.459403633271922,0.332707084333049,0.09326276935098
24705,0.395930553259573,0.351613210073777,0.154152379341633,0.0983038573250166
24706,0.160635679842406,0.420470417886606,0.314719702566561,0.104174199704426
24707,0.283262866751664,0.196844937959724,0.271599237243835,0.248292958044777
24708,0.595919332996499,0.0917622002276974,0.20164185911273,0.110676607663074
24709,0.126374730506612,0.263421840004291,0.503854089970753,0.106349339518344
24710,0.294770164672706,0.32334785483213,0.253211566047999,0.128670414447165
24711,0.332259884940406,0.238318216725613,0.298827382745334,0.130594515588646
24712,0.359692017459158,0.363717342548865,0.157011436333635,0.119579203658342
24713,0.142604849442041,0.518024775615562,0.183963263985936,0.155407110956461
24714,0.318615435461738,0.327982328505791,0.184739537279229,0.168662698753241
24715,0.147902494561699,0.448069558133148,0.158501801239516,0.245526146065637
24716,0.413003466129401,0.327194239990904,0.114364312320195,0.145437981559499
24717,0.229511680705513,0.511630236385559,0.164793752691789,0.0940643302171396
24718,0.189316119307746,0.57034004408224,0.119441960290742,0.120901876319273
24719,0.257539257626656,0.206709495078992,0.211474316930059,0.324276930364293
24720,0.217533620589905,0.464930815644614,0.149060329797983,0.168475233967498
24721,0.267747934815182,0.405672480679676,0.151263723741819,0.175315860763324
24722,0.153417868723502,0.547920479676849,0.187167058614524,0.111494592985124
24723,0.419665623715339,0.216031034112025,0.223165016516008,0.141138325656627
24724,0.324218166281643,0.257631569211052,0.261734933347652,0.156415331159653
24725,0.478201616734948,0.260824519131682,0.0790874769708057,0.181886387162565
24726,0.246888244311195,0.368466341995639,0.227485895255298,0.157159518437868
24727,0.0904144576363621,0.120094902146491,0.387408737839616,0.402081902377531
24728,0.398666517989292,0.2638689720677,0.173056255747285,0.164408254195723
24729,0.270004955675097,0.182817986624433,0.315287709232867,0.231889348467604
24730,0.150442440651352,0.194629355987228,0.325981294421618,0.328946908939803
24731,0.123522056843011,0.572526211679569,0.153741037887019,0.150210693590402
24732,0.268873778749789,0.162585458191042,0.350700293943736,0.217840469115432
24733,0.068634949790656,0.224788740664498,0.170638879496138,0.535937430048708
24734,0.156779944599776,0.321689085869776,0.0822755025032758,0.439255467027173
24735,0.0710655794100281,0.126964194668447,0.431759477580322,0.370210748341203
24736,0.117218518848079,0.567571270352009,0.122538887698387,0.192671323101525
24737,0.466740700829635,0.127223423642971,0.179677736277641,0.226358139249753
24738,0.0686525760491652,0.575505342670638,0.0904276814863054,0.265414399793891
24739,0.371360915023491,0.0627725935321308,0.261156749351712,0.304709742092666
24740,0.264316352972728,0.379647683018426,0.134724411068302,0.221311552940545
24741,0.11788271879938,0.26077929107039,0.532859846017371,0.0884781441128593
24742,0.275716726095214,0.343914772827505,0.0954125340845121,0.284955966992769
24743,0.173985373482836,0.414715338927642,0.100705993093423,0.310593294496099
24744,0.412185315287638,0.0661331117926461,0.269329006754066,0.252352566165649
24745,0.188434594740196,0.135818105659366,0.207052842865257,0.468694456735181
24746,0.157332055270348,0.288256807934542,0.0619697680383193,0.492441368756791
24747,0.0593793953754028,0.365348972234026,0.228867584756995,0.346404047633577
24748,0.0339260100294156,0.0621721875109567,0.551603892553056,0.352297909906572
24749,0.12654169848362,0.305297906885019,0.271779435641479,0.296380958989882
24750,0.270972696607816,0.15807755288257,0.297688761634065,0.273260988875549
24751,0.519153238816326,0.0764945535444286,0.0653076100273387,0.339044597611907
24752,0.108675111604227,0.425693662071288,0.0652685326483836,0.400362693676102
24753,0.146873470644977,0.0402189382861589,0.550571960362443,0.262335630706421
24754,0.229340952278189,0.258425269385507,0.154022417411114,0.358211360925191
24755,0.0558208754291121,0.262199462465205,0.346901818288477,0.335077843817206
24756,0.119393406837835,0.293222900553465,0.220172702613534,0.367210989995166
24757,0.145573889133605,0.0863575988092488,0.129184418575333,0.638884093481813
24758,0.148332299438447,0.0781310701789583,0.458139778544693,0.315396851837902
24759,0.123572024458982,0.248330207679087,0.283454396081068,0.344643371780864
24760,0.278577533710562,0.327066273598753,0.139883214093373,0.254472978597311
24761,0.281645077414137,0.11091255666092,0.362541414887005,0.244900951037938
24762,0.132763527999725,0.367410447558075,0.0715086445127765,0.428317379929423
24763,0.112654783504465,0.649260257864174,0.072088003394509,0.165996955236853
24764,0.593638317185928,0.0800178187199563,0.0546524991973856,0.27169136489673
24765,0.248608903820494,0.229640949348129,0.324060385575385,0.197689761255993
24766,0.0316585215782723,0.381887501677823,0.248541430332701,0.337912546411204
24767,0.123978297298911,0.103550461455174,0.0794639820889968,0.693007259156918
24768,0.119874378493658,0.474244553341814,0.127790146254969,0.278090921909559
24769,0.16214146588704,0.127028593101942,0.627771601771807,0.0830583392392108
24770,0.10140426715098,0.157023937375402,0.0522830003093433,0.689288795164274
24771,0.0996641700206564,0.0614863410897323,0.460666185162152,0.378183303727459
24772,0.158714198439722,0.302125936061301,0.0700603056057171,0.46909955989326
24773,0.0736661219141621,0.379906760587984,0.441397121033804,0.10502999646405
24774,0.343550751042019,0.150725084140831,0.0895982698298512,0.416125894987299
24775,0.111950974194149,0.57598426480157,0.0527721544836444,0.259292606520637
24776,0.648707544392046,0.0474836650803575,0.155480585599408,0.148328204928189
24777,0.278031714367738,0.339100485157743,0.195192588421504,0.187675212053016
24778,0.349543028752762,0.247067377212851,0.124004304554221,0.279385289480167
24779,0.0567454426957426,0.308425930793181,0.255054422190861,0.379774204320215
24780,0.548220582393807,0.140332529025398,0.207106454560478,0.104340434020317
24781,0.0552150844127121,0.127341746318503,0.717620039053296,0.0998231302154895
24782,0.534581111033898,0.0554285850193376,0.0658547300314762,0.344135573915289
24783,0.0317310115480498,0.219094031193034,0.470145191083513,0.279029766175404
24784,0.24217688504956,0.0767017838572583,0.186744066072675,0.494377265020507
24785,0.0544606078241398,0.216976179484252,0.144915899246192,0.583647313445417
24786,0.1109924964027,0.148330571150278,0.418085725311927,0.322591207135094
24787,0.260235777819257,0.188880305189248,0.198941518408297,0.351942398583198
24788,0.0935119508302551,0.210734403103892,0.361904000751341,0.333849645314512
24789,0.401598301454798,0.218331974239465,0.0818563849626801,0.298213339343057
24790,0.0884413995474879,0.114626736669966,0.397359716618094,0.399572147164452
24791,0.199699873041195,0.0816779871118863,0.347082087417818,0.3715400524291
24792,0.236537927309793,0.116082116161732,0.190711268035219,0.456668688493257
24793,0.101255124769312,0.0548617653374419,0.525341708092001,0.318541401801246
24794,0.0710251593118436,0.647647921664608,0.0772596599854871,0.204067259038061
24795,0.223174835494412,0.129253186018754,0.0603499441933058,0.587222034293528
24796,0.513753538086461,0.325014816732747,0.099516341742514,0.0617153034382784
24797,0.134019151339426,0.607403923675097,0.148207133198946,0.110369791786531
24798,0.0382641530292099,0.0858416101039512,0.671516671868237,0.204377564998602
24799,0.324878636715744,0.119249861969564,0.239722241260012,0.31614926005468
24800,0.0468893003272831,0.153842454874399,0.583290589130918,0.2159776556674
24801,0.594869698841289,0.160850393882117,0.155136285982873,0.0891436212937206
24802,0.26228214285918,0.284812009967789,0.143524293176211,0.30938155399682
24803,0.0644775430900256,0.1287545601797,0.669386010784019,0.137381885946256
24804,0.580409716320927,0.107975927592227,0.163654986030004,0.147959370056842
24805,0.206172201408158,0.265901737058247,0.059436914360432,0.468489147173164
24806,0.164286105254046,0.45010625402506,0.0538987239581151,0.331708916762779
24807,0.515991979950342,0.361989786305139,0.0402180844120846,0.0818001493324349
24808,0.427917143031374,0.0994403307964738,0.223466854244348,0.249175671927804
24809,0.692806015500455,0.0331281339338258,0.0676001484373431,0.206465702128376
24810,0.125905058104648,0.34235292216429,0.134258232649941,0.39748378708112
24811,0.142602854587085,0.0471654917179259,0.695509150719478,0.114722502975511
24812,0.0653177834406828,0.0719732205775524,0.755015347453862,0.107693648527903
24813,0.220916727018216,0.0531527175275064,0.428413149265459,0.297517406188819
24814,0.221311252099477,0.416360957608008,0.0282492628900707,0.334078527402445
24815,0.419186145827075,0.204368137373677,0.240631096800878,0.13581461999837
24816,0.247908879974499,0.161168734179088,0.374470660341381,0.216451725505032
24817,0.226200964379365,0.353430407332376,0.13668971661854,0.283678911669719
24818,0.344314293355677,0.287373225613887,0.225691240894698,0.142621240135738
24819,0.165212123304023,0.365058713949856,0.291563569248264,0.178165593497858
24820,0.427869481279964,0.18452913379405,0.0638799878666788,0.323721397059308
24821,0.454922211605012,0.18125384435985,0.0896624389817106,0.274161505053428
24822,0.105387164950564,0.544071803036064,0.103661346922043,0.246879685091329
24823,0.136916774438833,0.337342307515278,0.3038369638567,0.221903954189189
24824,0.201677584396728,0.0803405774196622,0.246986972443533,0.470994865740076
24825,0.459607803439138,0.205333547869986,0.0895588831788792,0.245499765511997
24826,0.102744752098089,0.0979401418458477,0.618097859388298,0.181217246667765
24827,0.21819373115768,0.524256361067766,0.0878329689626955,0.169716938811859
24828,0.132099585784744,0.69554556480793,0.0726409591546249,0.0997138902527013
24829,0.198382321380241,0.131909661186944,0.111444033301507,0.558263984131307
24830,0.134788742681657,0.500635993280175,0.200333558555005,0.164241705483163
24831,0.0697733977988841,0.485456639509551,0.157265220778514,0.287504741913051
24832,0.130558576812044,0.186452150334041,0.257245870860369,0.425743401993546
24833,0.274304284067116,0.219726203779172,0.318268024593938,0.187701487559774
24834,0.150919430163099,0.0742880972850888,0.247688389144206,0.527104083407606
24835,0.181804786720639,0.260296696037081,0.168008171881976,0.389890345360304
24836,0.0840050167449587,0.197430582539489,0.271232442344325,0.447331958371227
24837,0.598119815477669,0.0243641230958486,0.0805962737034946,0.296919787722988
24838,0.0723096951524559,0.335080456081853,0.100586657925747,0.492023190839944
24839,0.548335720270761,0.162610692259149,0.117874870751177,0.171178716718914
24840,0.471044312056986,0.184879295019075,0.185544101085972,0.158532291837967
24841,0.0451656708810665,0.68385391868472,0.161333525409376,0.109646885024838
24842,0.123471296409945,0.221575949748571,0.0969907138242,0.557962040017284
24843,0.187961916175698,0.0516437762547624,0.397111940320873,0.363282367248667
24844,0.708386861215219,0.0704476803808056,0.1374774983229,0.0836879600810748
24845,0.541251955613717,0.0430149770097795,0.0309435440629399,0.384789523313564
24846,0.188318066569893,0.614017872992726,0.0235104216056841,0.174153638831697
24847,0.0949830488739291,0.0777121731869026,0.486048720996037,0.341256056943132
24848,0.0791985839466445,0.14560611516821,0.121020562327883,0.654174738557263
24849,0.37216322160491,0.0821334002481122,0.071921169305524,0.473782208841454
24850,0.101715073773372,0.505319874307138,0.0369699357958311,0.355995116123659
24851,0.217333202415707,0.0617246647298363,0.196847037386757,0.524095095467699
24852,0.526766175013942,0.0503180310307158,0.0297642795673502,0.393151514387992
24853,0.366719320430717,0.106096795485532,0.294431540554648,0.232752343529104
24854,0.395173495774403,0.101283684296036,0.275607230667441,0.22793558926212
24855,0.152416335007904,0.165079009654248,0.392432809744507,0.290071845593341
24856,0.152177261215845,0.537213707533434,0.0797223674713183,0.230886663779403
24857,0.173734918769562,0.183539776595878,0.474440823495518,0.168284481139041
24858,0.11121765394397,0.471634860490197,0.234206101973678,0.182941383592154
24859,0.192958873613283,0.343932570280084,0.0773302435066364,0.385778312599996
24860,0.13400390367879,0.0941803389383052,0.700725756992713,0.0710900003901921
24861,0.459880003356165,0.124003705856026,0.0927101259749094,0.3234061648129
24862,0.10153820549126,0.562544737349427,0.0982675744640184,0.237649482695295
24863,0.30952651579967,0.0901443322267212,0.208555317593327,0.391773834380281
24864,0.127425815472185,0.0999289022360211,0.476389406187569,0.296255876104225
24865,0.174452404775842,0.0491345348347621,0.488617790357693,0.287795270031704
24866,0.726296438685875,0.0951963431553863,0.0825779715151579,0.0959292466435807
24867,0.490172685028646,0.095088378699902,0.144543529598478,0.270195406672975
24868,0.488173442980554,0.0732681371339295,0.110874331128792,0.327684088756725
24869,0.277925853097367,0.0650474250063091,0.214771426654348,0.442255295241976
24870,0.618070664247262,0.0781374216253655,0.107714935878812,0.19607697824856
24871,0.159254886837171,0.0488942400346503,0.408169351350205,0.383681521777974
24872,0.255069133913912,0.266146382160876,0.277782016832446,0.201002467092767
24873,0.466144029656218,0.362114741940351,0.0928390407156748,0.0789021876877564
24874,0.126505386926326,0.415914814662265,0.30015349111518,0.157426307296229
24875,0.291242279699573,0.364331917469044,0.194572254405701,0.149853548425682
24876,0.160604418781274,0.420369934076437,0.292051813173179,0.12697383396911
24877,0.195316777520943,0.292008610073085,0.391924738686492,0.12074987371948
24878,0.154537186833707,0.166691042068718,0.471013101341372,0.207758669756203
24879,0.484387181868078,0.162702712905405,0.162552277599119,0.190357827627399
24880,0.275902705958123,0.284293601462809,0.292557318162034,0.147246374417035
24881,0.437458104490342,0.199449728722499,0.164718224806508,0.198373941980651
24882,0.593996300795073,0.198531091865063,0.136575180263938,0.0708974270759262
24883,0.160828122077276,0.272653735096655,0.454804819478196,0.111713323347873
24884,0.364168325837558,0.2993722688817,0.240386315874072,0.0960730894066708
24885,0.245105550980511,0.387276008903771,0.200003836117029,0.167614603998689
24886,0.0966951206911096,0.183761608344924,0.549836674353331,0.169706596610636
24887,0.265031595399255,0.530432855433047,0.130525139914159,0.074010409253539
24888,0.227039868347544,0.395501772998395,0.191838318225164,0.185620040428897
24889,0.151220225966946,0.305074570803557,0.446102131587386,0.0976030716421097
24890,0.141663159000418,0.169733572156091,0.238548036455458,0.450055232388033
24891,0.30240930819806,0.12446137478573,0.0594402548795429,0.513689062136668
24892,0.322344819055677,0.0671733435079458,0.132495299779679,0.477986537656699
24893,0.280148473759628,0.162642101882971,0.118841441423237,0.438367982934165
24894,0.0920340239608154,0.453873918938538,0.120412595381168,0.333679461719478
24895,0.0251834712505932,0.0430872352897426,0.345727908050446,0.586001385409218
24896,0.0267914970717821,0.200784309399386,0.162533400098108,0.609890793430724
24897,0.143952643463423,0.0472089721135488,0.640090582871222,0.168747801551806
24898,0.230604986602779,0.0850947590413581,0.227216694888567,0.457083559467295
24899,0.0156034951434768,0.234063659888657,0.532860265847124,0.217472579120743
24900,0.0531829155144799,0.0893499882302009,0.254584579139411,0.602882517115908
24901,0.208000568682241,0.0319625651536994,0.278968683810514,0.481068182353545
24902,0.351831552043885,0.0481099339481763,0.113945448655584,0.486113065352354
24903,0.207173590143615,0.058157033841233,0.0897622812561309,0.644907094759021
24904,0.0379663821344121,0.262570656095838,0.0192446120807818,0.680218349688968
24905,0.0556570658011899,0.0489752112943116,0.750740701538964,0.144627021365534
24906,0.147632355501985,0.0279599757872226,0.297973024031668,0.526434644679125
24907,0.168499688827592,0.0491798214228047,0.0252005965981091,0.757119893151494
24908,0.0247637709112871,0.265458942694983,0.484364148422027,0.225413137971702
24909,0.0453378957915091,0.390674739499273,0.0951589641504799,0.468828400558738
24910,0.19257099028681,0.27257245542798,0.383145523313985,0.151711030971225
24911,0.182609204809353,0.6588598472257,0.0702566498656535,0.0882742980992935
24912,0.068367580351147,0.264166442799431,0.384412028788771,0.283053948060651
24913,0.090983708378308,0.656799753627207,0.0973071591184744,0.15490937887601
24914,0.367477050237821,0.158932213763181,0.285969085013915,0.187621650985083
24915,0.0457687292492021,0.417894167861848,0.311581613207133,0.224755489681817
24916,0.576279936535908,0.141047750960808,0.111386743356862,0.171285569146422
24917,0.135964944007836,0.0784565674594474,0.440833135121086,0.344745353411631
24918,0.172919804937912,0.0772239602409508,0.257673903235252,0.492182331585885
24919,0.0711524734871668,0.3366245241065,0.404283217565582,0.187939784840752
24920,0.049087484729863,0.433205071198096,0.455985558628348,0.0617218854436933
24921,0.66747413916639,0.180060205521098,0.0642548070826481,0.0882108482298642
24922,0.56138633516557,0.124687161718873,0.0840441993459027,0.229882303769654
24923,0.152341581237274,0.13617433113396,0.598962899080262,0.112521188548503
24924,0.150130965167944,0.207509133447097,0.421947872459528,0.220412028925431
24925,0.173654771056135,0.68087744645186,0.0810324663571615,0.0644353161348432
24926,0.238432193819476,0.106688397609116,0.524552139172514,0.130327269398894
24927,0.155949231082952,0.437569357281741,0.0830825254012744,0.323398886234032
24928,0.0737915531753257,0.288232005348923,0.359881108653347,0.278095332822405
24929,0.25976016702546,0.321368446056288,0.298457441069838,0.120413945848414
24930,0.375285217246786,0.346271166810593,0.199411116640205,0.0790324993024163
24931,0.27308278054747,0.250817236864371,0.315554561453281,0.160545421134878
24932,0.126011547514104,0.311209961655369,0.444591270254612,0.118187220575916
24933,0.290334530137134,0.463348624729277,0.122178906787273,0.124137938346316
24934,0.451848139159617,0.223885389974354,0.143447806891183,0.180818663974846
24935,0.18526242669807,0.389277733403996,0.272237534816321,0.153222305081613
24936,0.352565006147154,0.22738586883073,0.282136200796342,0.137912924225775
24937,0.145265361432135,0.554148942367407,0.249796184591181,0.0507895116092776
24938,0.504002005207061,0.17487297379631,0.219236110359639,0.10188891063699
24939,0.194873803232107,0.251415201714215,0.467823703042132,0.0858872920115469
24940,0.372096003733896,0.338114015347657,0.155141058535917,0.13464892238253
24941,0.24485581350402,0.375804420469855,0.2100345353074,0.169305230718724
24942,0.508792714948837,0.13065487872048,0.272922357917224,0.0876300484134592
24943,0.303940013866262,0.152539699105876,0.202747585075045,0.340772701952818
24944,0.503721347443683,0.305039471886659,0.108580799348408,0.0826583813212499
24945,0.121657957489726,0.128180978105296,0.40597489075341,0.344186173651568
24946,0.0980627696974672,0.38299653763793,0.134785170220878,0.384155522443726
24947,0.377159784505839,0.212110035275105,0.199012328256948,0.211717851962109
24948,0.388797753222709,0.271331988494704,0.266634611053687,0.0732356472289009
24949,0.326515585483946,0.360163349847237,0.250430093703384,0.0628909709654334
24950,0.119958695548507,0.389677996665887,0.331566533705765,0.158796774079841
24951,0.145243515219824,0.505707068636181,0.186926525288405,0.162122890855591
24952,0.405532880636016,0.286049330127952,0.178665731489793,0.129752057746239
24953,0.269026214827116,0.214368927301162,0.373767410688081,0.142837447183642
24954,0.143427271635314,0.536407539163287,0.221673510827011,0.0984916783743883
24955,0.438848004502796,0.320835640104913,0.10684796566773,0.133468389724561
24956,0.172172877734957,0.361644954262415,0.312183903167058,0.15399826483557
24957,0.202493055832008,0.510765280190308,0.126336113077651,0.160405550900033
24958,0.126096256436664,0.573202778140721,0.231759283227255,0.0689416821953598
24959,0.134196937235958,0.376040214626633,0.253739101473014,0.236023746664395
24960,0.242954161822921,0.273516090189675,0.166038081506322,0.317491666481082
24961,0.314777675708078,0.314931547938588,0.270778316565606,0.0995124597877291
24962,0.0575559749696505,0.537517356260192,0.188193545251512,0.216733123518645
24963,0.116304672024798,0.465540168878988,0.144191932165881,0.273963226930332
24964,0.129925980594665,0.315528832618173,0.310204751141306,0.244340435645856
24965,0.20196157534925,0.576299162383825,0.134509133175409,0.0872301290915154
24966,0.191555033844662,0.367409385806043,0.338847257207195,0.1021883231421
24967,0.358725205128011,0.0783220152412797,0.408555687380593,0.154397092250116
24968,0.178074336528711,0.431503497134251,0.185626685202099,0.20479548113494
24969,0.219849046043494,0.494007073820315,0.0544690023390329,0.231674877797158
24970,0.39407402857505,0.235361467101844,0.122987582814405,0.247576921508701
24971,0.26165348875936,0.504492187530777,0.0751412616322674,0.158713062077596
24972,0.0761604119674882,0.438242297976484,0.124310466842915,0.361286823213112
24973,0.138362990147401,0.67992786764108,0.104591293262855,0.0771178489486642
24974,0.214047329233658,0.308459262086128,0.264574210720275,0.21291919795994
24975,0.145001516093157,0.42063838431405,0.227282114516617,0.207077985076175
24976,0.232581533683202,0.103386215591518,0.545728100404658,0.118304150320622
24977,0.432822683646161,0.208017010822716,0.094097337526012,0.265062968005111
24978,0.196176625949146,0.387947597164643,0.165005519926345,0.250870256959865
24979,0.323574251097817,0.34781448440982,0.177758034426048,0.150853230066315
24980,0.0763081921804388,0.333335246515035,0.389321378508948,0.201035182795578
24981,0.150082425824985,0.0865450230630755,0.343666297298228,0.419706253813712
24982,0.171924410794656,0.414108953282779,0.20841097602824,0.205555659894325
24983,0.730177996196075,0.131692034725582,0.0308181744341281,0.107311794644216
24984,0.0565468548486168,0.469702332726676,0.167604573874266,0.306146238550441
24985,0.0845897066621268,0.376338631150015,0.303594212757628,0.235477449430231
24986,0.361796672064467,0.149091574049027,0.258480246648956,0.23063150723755
24987,0.0650814749481255,0.543045953961999,0.330464679754346,0.0614078913355295
24988,0.263192221349278,0.206861357860828,0.239888428695084,0.290057992094809
24989,0.254490763443461,0.337348267842557,0.33077162445323,0.0773893442607529
24990,0.0761722947259932,0.635196223500714,0.158097355292796,0.130534126480497
24991,0.353519924641075,0.0476134472200332,0.453430133818313,0.145436494320578
24992,0.171179390847161,0.259124771101691,0.500291901390939,0.0694039366602094
24993,0.596512240188986,0.142337928393718,0.153588096326669,0.107561735090628
24994,0.53838830991732,0.160723421270129,0.132835782435452,0.168052486377099
24995,0.530557786323515,0.199329602267985,0.153708410454539,0.116404200953961
24996,0.240694628836925,0.26111399459445,0.138278508117501,0.359912868451124
24997,0.317988719282148,0.413344169147461,0.0933867960881079,0.175280315482284
24998,0.200159117717722,0.080277378801601,0.455419983068348,0.264143520412329
24999,0.191988009103779,0.515743566253659,0.0611581198516709,0.231110304790892
25000,0.131662316535439,0.185057300683454,0.378190349143604,0.305090033637503
25001,0.187336231797158,0.573445384719459,0.106538918686908,0.132679464796476
25002,0.169057098330826,0.0976040394525723,0.54922046760656,0.184118394610041
25003,0.200102704406262,0.15196925376089,0.323399415501377,0.324528626331471
25004,0.0405785209654944,0.106063647724516,0.696976972408443,0.156380858901547
25005,0.215722364482132,0.373913412391594,0.279213466666004,0.13115075646027
25006,0.44636183546851,0.218420056407165,0.210663629965978,0.124554478158347
25007,0.325820227578387,0.395737419266152,0.0839873572672281,0.194454995888233
25008,0.158050393282182,0.0944544963885672,0.580951767461861,0.16654334286739
25009,0.428839465101333,0.0529164481534439,0.303828829399642,0.214415257345581
25010,0.334913714888601,0.0431445805937153,0.424735746945214,0.197205957572469
25011,0.127784191440658,0.707924082713434,0.0843080580574965,0.0799836677884123
25012,0.0619484979765502,0.367116125130022,0.186569913063975,0.384365463829454
25013,0.330112123786683,0.0455007603096039,0.290446895080926,0.333940220822787
25014,0.109121128662944,0.21960436523021,0.584471556139582,0.0868029499672641
25015,0.315957557883753,0.233297866735842,0.200139433120013,0.250605142260392
25016,0.146798543756125,0.353028632526973,0.0654983835088834,0.434674440208019
25017,0.0733136705525919,0.243545437675446,0.590690158415968,0.0924507333559943
25018,0.611597885910129,0.190081166754899,0.0843955847273946,0.113925362607577
25019,0.165659154890559,0.606090674955457,0.100690448252335,0.127559721901649
25020,0.190730583099433,0.111674163173867,0.0990580286987891,0.598537225027911
25021,0.215643496079494,0.122195637674457,0.267183629148381,0.394977237097668
25022,0.0696158842325869,0.267712865653679,0.27964578548276,0.383025464630974
25023,0.128660403079569,0.192862855973561,0.573682266128818,0.104794474818051
25024,0.512816967709297,0.113573422793819,0.199068932085593,0.174540677411291
25025,0.379347670679884,0.187574839368109,0.14970894889268,0.283368541059327
25026,0.337171272076102,0.325565650084006,0.173420001286605,0.163843076553286
25027,0.0627771168158431,0.237246634953741,0.404586385737299,0.295389862493118
25028,0.611735052225303,0.103295128618527,0.175017431809478,0.109952387346692
25029,0.131470861559334,0.137254679249467,0.594366067924709,0.13690839126649
25030,0.119983781419455,0.0598001413989053,0.561452022379692,0.258764054801947
25031,0.107332491401014,0.0534654877999284,0.505501509770618,0.333700511028441
25032,0.0808770721954452,0.0421881390544665,0.70591885714243,0.171015931607659
25033,0.313315355020348,0.121514318361917,0.319785020934964,0.245385305682771
25034,0.12933071544419,0.428645990957071,0.0871614981773114,0.354861795421428
25035,0.237816446068967,0.175684717151956,0.183966341529263,0.402532495249814
25036,0.0594756534161208,0.150518041473797,0.199395825438842,0.59061047967124
25037,0.16125028802355,0.526306286085414,0.0599521457449809,0.252491280146055
25038,0.238867930528986,0.249657740595018,0.121232122916226,0.390242205959769
25039,0.0790381856735004,0.27440050992585,0.339785674504457,0.306775629896193
25040,0.179292349493278,0.34049017589305,0.354863687598988,0.125353787014685
25041,0.197518678472969,0.528196959637838,0.0384168908629248,0.235867471026268
25042,0.103592537693293,0.185852035381111,0.377889965010632,0.332665461914965
25043,0.130725664107437,0.481063163085242,0.127288797825182,0.26092237498214
25044,0.363671543139581,0.10219154926663,0.364406839250656,0.169730068343134
25045,0.0807672767448315,0.191377449201989,0.592147974387106,0.135707299666074
25046,0.07085533565018,0.783087345571483,0.0267726757135759,0.119284643064761
25047,0.32493082989975,0.154754270642434,0.347741438148516,0.172573461309299
25048,0.0494840961669362,0.447374761858182,0.213564808197284,0.289576333777597
25049,0.0674997276518432,0.375948905422194,0.508613359328732,0.0479380075972306
25050,0.276923491709177,0.458901247843326,0.084024998138413,0.180150262309084
25051,0.101294367913552,0.34558235940793,0.407476466113358,0.145646806565159
25052,0.102046128901615,0.565259664064122,0.0915448884352586,0.241149318599004
25053,0.145084035574809,0.169220764404523,0.224204242496981,0.461490957523687
25054,0.030267585745978,0.642859718186038,0.171069244087982,0.155803451980001
25055,0.0798698247214592,0.668517964178181,0.0733752356606214,0.178236975439738
25056,0.158487740319033,0.0659257911769629,0.206195099410943,0.569391369093061
25057,0.194222169762714,0.608780472267218,0.0843425270163817,0.112654830953687
25058,0.533891187419145,0.191075549248181,0.109244581097799,0.165788682234876
25059,0.347437725408918,0.0410673618315857,0.211597705319194,0.399897207440303
25060,0.120564086510423,0.331317821931889,0.290472970576091,0.257645120981598
25061,0.0489566421210752,0.447422134570082,0.192784727299255,0.310836496009587
25062,0.222644717063723,0.428655931769598,0.0495223997508257,0.299176951415853
25063,0.0324713794431708,0.344614661846366,0.219089626409603,0.40382433230086
25064,0.250789178370346,0.400661009397178,0.0369857846045862,0.31156402762789
25065,0.158348528673799,0.484995690816067,0.0748593111141553,0.281796469395978
25066,0.26344958621078,0.0431941169811732,0.165506041378731,0.527850255429316
25067,0.0968048428071979,0.029517260496685,0.254310550913166,0.619367345782951
25068,0.0541476172268225,0.160479866238207,0.30604228777556,0.479330228759411
25069,0.0385169090167528,0.357923437959012,0.339350246206681,0.264209406817554
25070,0.0628627600052143,0.0947559698797465,0.0863078432358806,0.756073426879159
25071,0.124799175275027,0.555130475884563,0.0496760846564656,0.270394264183944
25072,0.0684806968097565,0.725204361890606,0.0375413292186247,0.168773612081013
25073,0.0781051276383248,0.426872019920522,0.0170082490745325,0.478014603366621
25074,0.101508555868501,0.588367758906088,0.0757645961670394,0.234359089058372
25075,0.162934172135662,0.0288429326659935,0.35855083346253,0.449672061735814
25076,0.0314511640073597,0.060735724121251,0.222132187436632,0.685680924434758
25077,0.0241557074179408,0.120211721570507,0.479610033074084,0.376022537937468
25078,0.497751707723029,0.0359513893034148,0.182767199788625,0.283529703184931
25079,0.105132212755441,0.033999298909774,0.341205085581278,0.519663402753507
25080,0.577672329576592,0.0523941073193376,0.0365629065001434,0.333370656603928
25081,0.419840937374581,0.107355680880295,0.258374630668305,0.214428751076818
25082,0.116278693378976,0.396044574562379,0.281020675991341,0.206656056067304
25083,0.120061379386347,0.348386859681595,0.241590240349594,0.289961520582464
25084,0.415366221060079,0.147313102421949,0.341460655842317,0.0958600206756549
25085,0.250564584184204,0.430043074154486,0.224575634634648,0.0948167070266616
25086,0.617773839178718,0.0957591573959442,0.175813232664308,0.11065377076103
25087,0.112985597163171,0.430188169673879,0.336298938543906,0.120527294619044
25088,0.485645748676169,0.171894696760096,0.249124136461063,0.0933354181026726
25089,0.125615178698334,0.0902188276330725,0.600093262416611,0.184072731251983
25090,0.48141123586512,0.211963111356328,0.186214745912449,0.120410906866103
25091,0.325547616906757,0.118905208135443,0.265353653401262,0.290193521556539
25092,0.164616557976609,0.168771767912347,0.0808042650941314,0.585807409016913
25093,0.456921405982272,0.0934229077660679,0.173637179697839,0.276018506553821
25094,0.0840034903785868,0.131123462807948,0.707451614189833,0.077421432623632
25095,0.087292156884365,0.481223022152245,0.310526354906569,0.120958466056821
25096,0.0620321540647438,0.171128744750234,0.123782010648159,0.643057090536863
25097,0.0753157432342553,0.15163767705977,0.604718364048605,0.16832821565737
25098,0.253710848633859,0.13119191915621,0.183685628897182,0.431411603312749
25099,0.0560374608186411,0.297039126627415,0.478073650766448,0.168849761787496
25100,0.168538733036047,0.299373058032774,0.447036831999541,0.0850513769316385
25101,0.420509218656707,0.150781435110871,0.329899141944199,0.0988102042882226
25102,0.306798219869341,0.307931812686856,0.19152429388889,0.193745673554913
25103,0.272794939051848,0.434238060456899,0.205169847018824,0.087797153472429
25104,0.103684251377863,0.3711493361504,0.461132376225775,0.0640340362459623
25105,0.17478852597886,0.303816225242713,0.404304956347838,0.117090292430589
25106,0.304068535031338,0.322647058592199,0.288862173520101,0.084422232856362
25107,0.153355573490965,0.430775565960339,0.194923168510982,0.220945692037714
25108,0.187121780532674,0.486583613813632,0.240106456153066,0.0861881495006277
25109,0.302560199572694,0.402089342440417,0.183116851652523,0.112233606334366
25110,0.189489313437279,0.178392591934245,0.219300894156715,0.412817200471762
25111,0.211454876641921,0.191226686027307,0.252520191741288,0.344798245589484
25112,0.153108522942234,0.249698401675062,0.404014732359145,0.19317834302356
25113,0.450105177148044,0.282363496208886,0.169084107344396,0.0984472192986742
25114,0.22906013121644,0.253166955514677,0.363794848945684,0.153978064323199
25115,0.135072684721019,0.291782837188043,0.364288022481142,0.208856455609795
25116,0.288448285480895,0.386472340415205,0.184364004093898,0.140715370010002
25117,0.607028161162881,0.256374675900559,0.0850227581518614,0.0515744047846987
25118,0.417427537406333,0.209076102987065,0.227136732161745,0.146359627444857
25119,0.0871315396966798,0.314138224024343,0.392542189425914,0.206188046853064
25120,0.326230897576098,0.247693412085571,0.0574270946029344,0.368648595735397
25121,0.460744579789854,0.108510556081171,0.186358532117702,0.244386332011274
25122,0.470793547571632,0.230617222099736,0.159332450896055,0.139256779432577
25123,0.472550216366779,0.0716628619615879,0.375934832794843,0.07985208887679
25124,0.122766321159284,0.126951367201989,0.582210301850019,0.168072009788708
25125,0.754390216998724,0.12809398430042,0.0441560181124788,0.0733597805883771
25126,0.0535508715518193,0.459014401330064,0.234004238112642,0.253430489005475
25127,0.246942351560323,0.135873603403475,0.146460282386475,0.470723762649728
25128,0.221483595062617,0.0825244504200096,0.113137144553162,0.582854809964212
25129,0.324941453436295,0.184387142122445,0.440062248139057,0.0506091563022037
25130,0.156853870361634,0.150583660591729,0.0999082773005109,0.592654191746126
25131,0.186415004941415,0.364235212899908,0.0264375268548564,0.422912255303821
25132,0.446985454763531,0.201935222359346,0.102011336694413,0.24906798618271
25133,0.733946468975745,0.0546521341150132,0.119691485758292,0.0917099111509497
25134,0.234640409572168,0.264034355184605,0.0526955194026254,0.448629715840602
25135,0.0327729556235625,0.57982312025009,0.0368012677471767,0.35060265637917
25136,0.213859809118807,0.267775201014843,0.330407265705389,0.187957724160961
25137,0.0739128581005773,0.547352014285145,0.0756156258393137,0.303119501774964
25138,0.111126845064854,0.460325047255299,0.129877594617989,0.298670513061858
25139,0.142422523760839,0.371289778377941,0.158123166784256,0.328164531076964
25140,0.0545425194723555,0.0710294478276768,0.53758692859903,0.336841104100938
25141,0.295535435200317,0.342760539292385,0.157417025037412,0.204287000469886
25142,0.247420113076184,0.305356997654662,0.0456657156442637,0.40155717362489
25143,0.0750161995284631,0.167235782592605,0.111452942578548,0.646295075300384
25144,0.108702252728546,0.313598992042591,0.0519217627148521,0.525776992514011
25145,0.410091712195479,0.108616942304768,0.060476461913384,0.420814883586369
25146,0.188075863875723,0.597775449961577,0.0411724146107943,0.172976271551906
25147,0.13787092647591,0.0961684868095824,0.392005836492765,0.373954750221743
25148,0.283759028611838,0.290737735821662,0.0334340458228712,0.392069189743629
25149,0.0810655752746857,0.707483316397769,0.095164259818797,0.116286848508749
25150,0.0879786924863943,0.0574211114162087,0.483961202744987,0.37063899335241
25151,0.022270864318702,0.446806887223103,0.0891018133851016,0.441820435073093
25152,0.437437652416273,0.0442364496859684,0.0415202907206191,0.47680560717714
25153,0.376362294258149,0.508184408238459,0.0457721631270204,0.0696811343763715
25154,0.162662184877403,0.0747618551031766,0.413323981468218,0.349251978551202
25155,0.0447855043148483,0.569285024517128,0.0208852137890036,0.36504425737902
25156,0.093475643960967,0.753968656798623,0.0491374183028239,0.103418280937586
25157,0.185796168648551,0.521203925379755,0.144726663211186,0.148273242760507
25158,0.461967596746909,0.371285843845326,0.0822292735887161,0.084517285819049
25159,0.141672695157807,0.409494193409053,0.171142937858906,0.277690173574234
25160,0.267372627224414,0.296919212685786,0.294658097389648,0.141050062700153
25161,0.380590730517293,0.0885261247666636,0.24794446371528,0.282938681000764
25162,0.356585915695317,0.145318862642819,0.0830561435908149,0.415039078071049
25163,0.0918807649100359,0.110389746799301,0.670097793472349,0.127631694818313
25164,0.470979157199049,0.393815999872737,0.0503042311384442,0.0849006117897696
25165,0.137257162808468,0.151483632453044,0.172044386189749,0.53921481854874
25166,0.199571276617041,0.162172337618019,0.29425268712705,0.34400369863789
25167,0.301263685031224,0.461389906649167,0.0742842664518881,0.163062141867721
25168,0.265020755463215,0.353584865954431,0.0397920474021591,0.341602331180195
25169,0.229613336258819,0.242035400370809,0.0608420566719214,0.467509206698451
25170,0.47665931956415,0.348097822013909,0.0521165685907773,0.123126289831163
25171,0.513473671415812,0.146708137581323,0.170656028715597,0.169162162287268
25172,0.151445121126933,0.394470476609713,0.197010462274085,0.257073939989269
25173,0.280389017140208,0.0592644828315181,0.245624242718603,0.414722257309671
25174,0.385144191078972,0.068031372966886,0.228230988172091,0.318593447782051
25175,0.620662077753099,0.0955940408106539,0.0451793561157165,0.23856452532053
25176,0.147410150474167,0.229135238900832,0.473357339515663,0.150097271109338
25177,0.214319655181329,0.244796303024356,0.30507201437187,0.235812027422446
25178,0.25448016320982,0.25022777320298,0.361126885084547,0.134165178502653
25179,0.626325416917049,0.12269392571608,0.200588458020198,0.0503921993466732
25180,0.436891775785097,0.0694717627420348,0.340454628571506,0.153181832901362
25181,0.102308484653564,0.0912575038269504,0.727456921422734,0.0789770900967518
25182,0.252401087407167,0.265136290511473,0.190223739134461,0.292238882946899
25183,0.358505094046083,0.275278339651027,0.213762924482619,0.152453641820272
25184,0.189091259130925,0.217683363818784,0.392827257624916,0.200398119425375
25185,0.308475273777531,0.190977894116602,0.281181788990391,0.219365043115476
25186,0.234243311487682,0.587380997999906,0.0560852846143252,0.122290405898086
25187,0.245969400383388,0.288948466624023,0.14617790525079,0.318904227741799
25188,0.146383540812396,0.11976589690535,0.539180530376888,0.194670031905366
25189,0.364969298421582,0.176416785430616,0.213948058464106,0.244665857683695
25190,0.370983709313577,0.368147031346764,0.0385111620594258,0.222358097280233
25191,0.077680376464916,0.534485624693198,0.191024742022649,0.196809256819237
25192,0.154836841901353,0.333772961739044,0.234622644176743,0.276767552182861
25193,0.386236116205928,0.307398544015229,0.0963358845751942,0.210029455203649
25194,0.224676586926942,0.372743115276427,0.236018375410741,0.166561922385889
25195,0.12291714764124,0.153345971593626,0.439769819104061,0.283967061661073
25196,0.054837205529818,0.394781487889778,0.169382852738192,0.380998453842212
25197,0.068184678002416,0.614752742288066,0.0991228371703578,0.21793974253916
25198,0.165709072998822,0.425261125371033,0.0644606935093649,0.34456910812078
25199,0.29291344459217,0.096221261596809,0.407238560959282,0.203626732851739
25200,0.0884623784884876,0.465394796480721,0.0673618979290813,0.378780927101711
25201,0.178135189504614,0.0885731775922282,0.273207549428948,0.46008408347421
25202,0.266192279340951,0.102609365070843,0.317396471829892,0.313801883758313
25203,0.403381963050679,0.370231927305411,0.113222085573019,0.113164024070892
25204,0.0688926531893893,0.0785794498051589,0.527327819140121,0.325200077865331
25205,0.108921151155653,0.199637102580553,0.193554580817413,0.497887165446381
25206,0.133656896258443,0.34682220751801,0.23813889442257,0.281382001800976
25207,0.065558650009627,0.113248108211166,0.193204028697754,0.627989213081453
25208,0.331436949482877,0.167231833561328,0.24492328350846,0.256407933447336
25209,0.143903289103207,0.0349458667058726,0.443476932908799,0.377673911282121
25210,0.161568871077419,0.118998918743501,0.550032381260613,0.169399828918467
25211,0.0475733566525003,0.2323950563324,0.459220830055918,0.260810756959182
25212,0.395393301911789,0.154458906011275,0.119935992064781,0.330211800012155
25213,0.102597107218643,0.114693946135358,0.490765485337614,0.291943461308385
25214,0.181662687324368,0.219096938416538,0.369216191679429,0.230024182579665
25215,0.381173041805222,0.290022384190143,0.170739049321,0.158065524683635
25216,0.338272551220367,0.374783132442492,0.118877554632529,0.168066761704612
25217,0.446026698477094,0.340069493556749,0.122300514131216,0.0916032938349414
25218,0.345780530601023,0.364433819386142,0.0718883431562213,0.217897306856614
25219,0.261278300733501,0.449409681713023,0.0519541789474186,0.237357838606057
25220,0.203290738848345,0.146917641018174,0.388661201648372,0.261130418485109
25221,0.118374756948227,0.628689796692043,0.101524621893033,0.151410824466697
25222,0.149883116671491,0.290597823016116,0.441191863904321,0.118327196408072
25223,0.182222337576316,0.343944265988593,0.132486116069552,0.341347280365539
25224,0.0782906120817772,0.655475738141288,0.092484335276084,0.173749314500851
25225,0.386882026592646,0.0789929502779031,0.220811930250204,0.313313092879247
25226,0.642968076538143,0.125558273302181,0.154344274208516,0.0771293759511606
25227,0.0777060162292486,0.663415323977157,0.118540643811033,0.140338015982562
25228,0.0927939701609129,0.112299535067749,0.514282314166012,0.280624180605326
25229,0.0743581945660099,0.139990219795953,0.496788366911196,0.288863218726841
25230,0.103803790618128,0.154439386709159,0.595508516578233,0.146248306094479
25231,0.056668562730834,0.471971362560982,0.203523728176077,0.267836346532107
25232,0.246762297034192,0.370166179985716,0.0715121553457704,0.311559367634321
25233,0.272316062228582,0.374197605873845,0.260356858778958,0.0931294731186146
25234,0.17645607994325,0.370651396529475,0.379202570367679,0.0736899531595954
25235,0.480718540374595,0.177490834358951,0.256586252343096,0.0852043729233575
25236,0.335825714351719,0.310527089421691,0.257409361053753,0.0962378351728371
25237,0.220260737861344,0.48761859515435,0.220930340582429,0.0711903264018767
25238,0.267727049818086,0.222662241826058,0.378931181113659,0.130679527242197
25239,0.290339905516032,0.433426836276509,0.167658352410646,0.108574905796813
25240,0.190171002614312,0.213787104083729,0.516516646375925,0.0795252469260338
25241,0.547187768322951,0.244707599344447,0.163676856678503,0.0444277756540992
25242,0.18244762680268,0.320541758021508,0.375927185944883,0.121083429230929
25243,0.226280420993455,0.38633021278189,0.294417085977416,0.0929722802472384
25244,0.236462858433368,0.449191062520446,0.208854982554847,0.105491096491339
25245,0.187314580173978,0.266883221510948,0.486303721549338,0.0594984767657368
25246,0.285329380538908,0.379992865796609,0.26371204205104,0.0709657116134426
25247,0.189190392395588,0.300389530541631,0.344552600812668,0.165867476250114
25248,0.205204782731784,0.333696630860897,0.228331169281532,0.232767417125786
25249,0.168999948422917,0.530654647616984,0.252341577935507,0.0480038260245921
25250,0.237395720707377,0.339147026031318,0.296648898152671,0.126808355108634
25251,0.197783521798893,0.30440812085552,0.296808185078053,0.201000172267535
25252,0.625334915037217,0.117183629684494,0.126486834320355,0.130994620957935
25253,0.22722295293644,0.362988735966525,0.118044855495868,0.291743455601167
25254,0.308095033852599,0.235275232762004,0.0570984976487469,0.39953123573665
25255,0.489472902620397,0.220431980392181,0.0472121633450611,0.242882953642361
25256,0.105635304759187,0.746418506148645,0.0806451901468291,0.0673009989453382
25257,0.149733884065757,0.199949515750532,0.442254054696996,0.208062545486714
25258,0.394068381387263,0.134859105633504,0.0965477815607033,0.37452473141853
25259,0.185018283910559,0.476957761766153,0.150808202630927,0.187215751692361
25260,0.0489803478018185,0.516901603113692,0.162114498277506,0.272003550806983
25261,0.551612925746718,0.163457568186641,0.176199955397266,0.108729550669375
25262,0.210868135243103,0.321142653894372,0.0647943666612769,0.403194844201249
25263,0.382660809846333,0.140888150498319,0.227448045634825,0.249002994020524
25264,0.0952102149161383,0.102899236459889,0.225981772216048,0.575908776407925
25265,0.660524537534695,0.21251279002449,0.0418867055101541,0.0850759669306611
25266,0.0952947944718156,0.564746468636762,0.197632780711068,0.142325956180355
25267,0.0878265403905276,0.18288742953065,0.455119934380291,0.274166095698532
25268,0.132061593903275,0.235925906196967,0.542452136334069,0.0895603635656886
25269,0.109567796249044,0.130992123016964,0.0814549973975663,0.677985083336426
25270,0.42071051776759,0.141614326359134,0.133772758531204,0.303902397342072
25271,0.0514778312890916,0.201951452794217,0.632486942398546,0.114083773518146
25272,0.138927936468846,0.284613205580582,0.2606147105116,0.315844147438971
25273,0.23453632099635,0.218955037885682,0.247800395714107,0.298708245403861
25274,0.260637497146114,0.184342701220528,0.278754422378795,0.276265379254563
25275,0.431661498772189,0.359222366540186,0.109815671603491,0.0993004630841345
25276,0.245551694915416,0.431703973227073,0.170467902721812,0.152276429135698
25277,0.103625137246534,0.062381285436986,0.561484798618531,0.272508778697949
25278,0.37666450065339,0.352392859185237,0.0916326623090592,0.179309977852314
25279,0.486097917135032,0.103175662853505,0.0306148933598581,0.380111526651605
25280,0.114828676211053,0.0974587378564123,0.703588428016615,0.0841241579159203
25281,0.233490915219734,0.0608050642473063,0.598111507954474,0.107592512578486
25282,0.561857971697828,0.0610510429275559,0.114226665802873,0.262864319571743
25283,0.186982351779226,0.0692752559869353,0.350304973262595,0.393437418971244
25284,0.160864698125375,0.57811477498235,0.103616100209576,0.1574044266827
25285,0.445777896240227,0.1533756303734,0.14265295100973,0.258193522376643
25286,0.52282329116424,0.132847396994867,0.114587368751935,0.229741943088959
25287,0.103786039816632,0.637357355495991,0.158542178791592,0.100314425895785
25288,0.0640513492813931,0.0520770122554154,0.218227031694696,0.665644606768495
25289,0.0379952422895448,0.396698049537721,0.197112577986894,0.36819413018584
25290,0.196500069582273,0.405222924271438,0.0772238186751738,0.321053187471115
25291,0.435642628630071,0.138127317029747,0.0678163137037855,0.358413740636397
25292,0.125317505967685,0.0486184764943997,0.253167428390319,0.572896589147597
25293,0.0446211268259481,0.345512390539284,0.160584772973532,0.449281709661236
25294,0.102273179983698,0.449440968630385,0.0370606027674416,0.411225248618475
25295,0.0595854713443833,0.0750903723116705,0.324436446710488,0.540887709633458
25296,0.076346461113019,0.743680513989538,0.0348026217797964,0.145170403117647
25297,0.0316278553311622,0.600195804270171,0.0858759855061312,0.282300354892536
25298,0.715449618792189,0.0577048472911319,0.0238406118801615,0.203004922036517
25299,0.552351982380975,0.0778518530242663,0.213260228882864,0.156535935711894
25300,0.236868267803653,0.458748196155662,0.0324945609243937,0.271888975116292
25301,0.426387876323071,0.0359741737573119,0.0933183892730003,0.444319560646617
25302,0.503524699520872,0.0424693253607805,0.0780928820124907,0.375913093105857
25303,0.0438676396142958,0.629234216537351,0.119748980074007,0.207149163774346
25304,0.0211130290936402,0.0655438935988096,0.591903144889047,0.321439932418504
25305,0.749297312347557,0.0570668653568319,0.0471895234536465,0.146446298841965
25306,0.126728929262013,0.334574068012044,0.0241381743498809,0.514558828376062
25307,0.0357760975198888,0.206768242391014,0.0565459983148782,0.700909661774219
25308,0.0975065820151003,0.687591187667307,0.0269352088494524,0.187967021468141
25309,0.188138800070633,0.236837086508203,0.297698859936399,0.277325253484765
25310,0.336306049380606,0.398469728665569,0.0834591333051807,0.181765088648645
25311,0.390342211390907,0.290117423940515,0.208322634356393,0.111217730312185
25312,0.218421210274439,0.163841801124609,0.516103402113468,0.101633586487485
25313,0.286436795942668,0.211441290301965,0.281267508563515,0.220854405191853
25314,0.393242179263491,0.208642049172037,0.0881118622114377,0.310003909353035
25315,0.480339567915649,0.235812102521397,0.185587768756568,0.0982605608063865
25316,0.280846028568066,0.213035980154389,0.181907755897891,0.324210235379654
25317,0.260971268839523,0.248722477426315,0.275107892790353,0.215198360943809
25318,0.439093814107473,0.214827500805664,0.184590378743295,0.161488306343567
25319,0.275545889207742,0.513414528149874,0.086855731779188,0.124183850863197
25320,0.143875617719725,0.156708087565812,0.434192794652081,0.265223500062382
25321,0.100345411128653,0.22472787331884,0.459709823328199,0.215216892224309
25322,0.296732848687945,0.18108225553165,0.40109683880036,0.121088056980045
25323,0.422683674375382,0.116020575194161,0.281286383473715,0.180009366956741
25324,0.226774460109855,0.393523508147432,0.129392005066561,0.250310026676153
25325,0.233995639788416,0.427566533073151,0.0690625939431486,0.269375233195284
25326,0.129455541561532,0.0982002420895292,0.331762551429457,0.440581664919482
25327,0.118958508470373,0.386167470405265,0.144890245580147,0.349983775544215
25328,0.13251081850769,0.0487991337075228,0.611023305861317,0.207666741923471
25329,0.33757005921343,0.038077916699099,0.122405345827495,0.501946678259976
25330,0.0405182175090329,0.200116426159862,0.413545023135363,0.345820333195742
25331,0.166083153236648,0.491395347811572,0.0227762615745856,0.319745237377195
25332,0.245384703877528,0.182847046969612,0.0284299719803961,0.543338277172464
25333,0.0888629958631005,0.268626312908673,0.0505016229929884,0.592009068235238
25334,0.275705971777233,0.380477353361382,0.015488438584764,0.328328236276621
25335,0.0262811691128823,0.273709572415647,0.15430604864588,0.54570320982559
25336,0.0346564471795525,0.228881093238924,0.502720580674887,0.233741878906637
25337,0.0407826042145562,0.0233257281933653,0.378908310371498,0.556983357220581
25338,0.0552769560423629,0.0598696585583474,0.559806625099144,0.325046760300145
25339,0.417381755983086,0.03103597977306,0.27984355013633,0.271738714107524
25340,0.0579812614891978,0.687532479661649,0.0476824800235534,0.2068037788256
25341,0.0257755270204139,0.678217817794454,0.0496177441868025,0.24638891099833
25342,0.0315313573028234,0.190166824263121,0.532237244998124,0.246064573435931
25343,0.148258736173664,0.456019580950968,0.305884364218777,0.0898373186565918
25344,0.173249482679771,0.0678580087775893,0.41927218740944,0.3396203211332
25345,0.0522772380095027,0.257419674009969,0.308802423421932,0.381500664558597
25346,0.321585968982328,0.020572434096061,0.184901590583274,0.472940006338337
25347,0.549128933518395,0.211310581960345,0.0895201789872829,0.150040305533977
25348,0.40077406980519,0.147330625272,0.14351934801191,0.3083759569109
25349,0.106509062301883,0.167594256155696,0.593383058024942,0.13251362351748
25350,0.526211633689794,0.205551011481495,0.0808363400208341,0.187401014807877
25351,0.233757501924227,0.114622657026124,0.35261351522566,0.29900632582399
25352,0.355308923543863,0.09112621852634,0.068416507647712,0.485148350282085
25353,0.157028925965679,0.0763578569306592,0.299745064591024,0.466868152512637
25354,0.600529394071551,0.0870433254184881,0.210397314041205,0.102029966468756
25355,0.0885587193742497,0.428842815797581,0.0464128575466391,0.43618560728153
25356,0.0707354795813385,0.19018937518218,0.109488602342334,0.629586542894148
25357,0.144736616571387,0.414233115204799,0.303417478764006,0.137612789459808
25358,0.418757028249091,0.156509465843361,0.215018086606392,0.209715419301155
25359,0.445737101379049,0.0670007629852326,0.384992582880074,0.102269552755644
25360,0.0906362823585803,0.130044044238905,0.430674556331005,0.34864511707151
25361,0.346488243472251,0.0862111838249508,0.368480798347419,0.198819774355379
25362,0.059790394998941,0.0630835901914888,0.592506475521761,0.284619539287809
25363,0.089641263294256,0.134876650038653,0.216522987977848,0.558959098689243
25364,0.0722864827877461,0.0617803728278944,0.605517548856594,0.260415595527766
25365,0.304504596011764,0.0301069072831558,0.094060238941048,0.571328257764032
25366,0.247751972735692,0.302908879956488,0.276955049677434,0.172384097630387
25367,0.166615745743376,0.357387639428498,0.362911180020255,0.113085434807872
25368,0.298557154683702,0.439200984449529,0.187926650649201,0.0743152102175683
25369,0.271373270437039,0.286254830597532,0.322208787666271,0.120163111299158
25370,0.258637332454977,0.231574469760854,0.370343105727717,0.139445092056453
25371,0.220187332616035,0.504225215802653,0.173705915767034,0.101881535814279
25372,0.47110006426704,0.131490398974708,0.298293392424916,0.0991161443333362
25373,0.198532443316441,0.353557379307031,0.297275073177153,0.150635104199375
25374,0.123853640027028,0.432264903588663,0.343631964999039,0.10024949138527
25375,0.290345288044259,0.450918100133625,0.130199772670188,0.128536839151928
25376,0.226859378183975,0.203668739610963,0.414264754248102,0.155207127956959
25377,0.170857174508054,0.360481464232195,0.320769957975168,0.147891403284582
25378,0.264960600126962,0.285219755389184,0.329765906036082,0.120053738447772
25379,0.302941930312709,0.379638159704484,0.223018348973065,0.0944015610097423
25380,0.266967696248366,0.355394375951012,0.211783819255298,0.165854108545325
25381,0.176560601839234,0.399189431038934,0.175717270472661,0.248532696649171
25382,0.443854454869246,0.131310061856439,0.255283478686385,0.169552004587929
25383,0.125157237256134,0.540476202174795,0.227656207518774,0.106710353050298
25384,0.190012226369228,0.271362956881884,0.364360739263043,0.174264077485844
25385,0.15138943840724,0.147820481742347,0.546276238161149,0.154513841689264
25386,0.351630487339119,0.251366218758143,0.172864854752394,0.224138439150343
25387,0.380237527356512,0.158156093124672,0.231434678712924,0.230171700805892
25388,0.270529449609717,0.311650451555931,0.294635071388959,0.123185027445393
25389,0.228955179307869,0.277308949109286,0.284508004397079,0.209227867185766
25390,0.211700330747389,0.24254419865848,0.437746196935269,0.108009273658862
25391,0.173710248614904,0.299537936253497,0.30550087465047,0.22125094048113
25392,0.27458601173285,0.156163503462686,0.4042568345832,0.164993650221265
25393,0.115200251638797,0.440366593051654,0.262590702453178,0.181842452856371
25394,0.224581982828801,0.208618256814742,0.490888577300227,0.0759111830562295
25395,0.15668949232805,0.224313770890311,0.336852529611077,0.282144207170562
25396,0.15371501446612,0.485555733050819,0.208797259313203,0.151931993169858
25397,0.15278928721245,0.238301021192479,0.46345567323496,0.14545401836011
25398,0.216949678843471,0.157911247764341,0.354072465174753,0.271066608217435
25399,0.220879578989002,0.249316730234669,0.22290839808725,0.306895292689079
25400,0.107486995154012,0.318148162571724,0.331973057557875,0.242391784716389
25401,0.271239413136483,0.222506700814462,0.261337409649476,0.244916476399579
25402,0.34067631674759,0.16063874745958,0.224911575726139,0.273773360066692
25403,0.163900931068618,0.285035292565397,0.354734011668012,0.196329764697974
25404,0.3433844513483,0.255137364620282,0.179871481665373,0.221606702366045
25405,0.450644259719424,0.281261455646514,0.161568318354875,0.106525966279187
25406,0.135678909431034,0.336818199984925,0.244822713570884,0.282680177013158
25407,0.19046703040591,0.103787847661281,0.456733902733154,0.249011219199655
25408,0.236760565620568,0.401978788525703,0.0987428922663873,0.262517753587342
25409,0.183346403077713,0.108656097381983,0.597491402192393,0.110506097347911
25410,0.0320721384202265,0.296615230872524,0.499849225216923,0.171463405490327
25411,0.16348879244246,0.18338615443928,0.134468605838686,0.518656447279574
25412,0.591405133659217,0.17841883337403,0.110835804074437,0.119340228892317
25413,0.708552040925789,0.111642286153125,0.105675792866773,0.074129880054314
25414,0.0996102631081714,0.0956390771241028,0.662105154927945,0.142645504839781
25415,0.0651000713546681,0.210212313689479,0.417361422121707,0.307326192834146
25416,0.168400170075521,0.290601139591486,0.313593862707073,0.227404827625919
25417,0.0893187789076283,0.186505686800348,0.636450394422914,0.0877251398691103
25418,0.0497070368122659,0.62708913037005,0.08716600694197,0.236037825875715
25419,0.131571504705665,0.328519646869836,0.471641351304935,0.068267497119565
25420,0.0881244232008123,0.342025697566831,0.214521549518517,0.35532832971384
25421,0.408169648860689,0.331980930622259,0.197219090912714,0.0626303296043386
25422,0.333191812617735,0.122522962298026,0.0514101576205509,0.492875067463689
25423,0.403974933577979,0.0777220647869733,0.299768499252471,0.218534502382576
25424,0.14864170904111,0.163803328492374,0.487223794514022,0.200331167952494
25425,0.15597748853314,0.0980168842472432,0.519304482355095,0.226701144864522
25426,0.205550761317564,0.541428779794345,0.0540169173063015,0.19900354158179
25427,0.120335536996725,0.240304843690543,0.318291410085519,0.321068209227214
25428,0.0663189253974825,0.0350763313437464,0.574206692925976,0.324398050332795
25429,0.343544366016809,0.0643828932862592,0.283978211424885,0.308094529272047
25430,0.553052114120184,0.0710647733340321,0.20264571160225,0.173237400943533
25431,0.0590646090194435,0.58870157619927,0.17208139590611,0.180152418875176
25432,0.229349209525045,0.111667206126437,0.252802910061063,0.406180674287455
25433,0.0397698849200647,0.0596210565182719,0.516935126776355,0.383673931785309
25434,0.363594936022928,0.0835305353294072,0.25478711250207,0.298087416145594
25435,0.400417279706304,0.312996161964992,0.0949559336582721,0.191630624670432
25436,0.0863041834259719,0.585478767011728,0.0273245306426994,0.300892518919601
25437,0.438438838262965,0.251352594693554,0.0992997176956176,0.210908849347863
25438,0.194196572131327,0.177854202564206,0.467168705266344,0.160780520038123
25439,0.113241027438191,0.050528911024333,0.507328016427306,0.32890204511017
25440,0.0523537108324049,0.0448976085875422,0.624138267413828,0.278610413166225
25441,0.35835987759314,0.208392517345521,0.122778682052416,0.310468923008923
25442,0.106164497046844,0.110081956456745,0.620337622653634,0.163415923842776
25443,0.413873912495123,0.205853766405977,0.154595939047023,0.225676382051877
25444,0.0945710252991072,0.295586692774003,0.345175655965558,0.264666625961332
25445,0.188080022939139,0.526762340021036,0.126437489411652,0.158720147628173
25446,0.397822058213937,0.220166510660375,0.103920496504734,0.278090934620955
25447,0.182056196354615,0.399306745395842,0.121210630572785,0.297426427676758
25448,0.301422253082724,0.385858919787814,0.0835437564606226,0.22917507066884
25449,0.106830429724849,0.430469464069173,0.15048320637778,0.312216899828198
25450,0.535129822380544,0.215405138136787,0.145704348709028,0.103760690773642
25451,0.249687290339566,0.518885687977325,0.146706508116469,0.0847205135666397
25452,0.580314131950348,0.209808870930116,0.0453554314676188,0.164521565651918
25453,0.102827009467412,0.134808048755509,0.244573257265315,0.517791684511764
25454,0.301744735873343,0.142237015200479,0.370083825614694,0.185934423311484
25455,0.333853436469614,0.177970494457873,0.135039339485693,0.35313672958682
25456,0.162740567488133,0.181464682863532,0.227972593088328,0.427822156560007
25457,0.100940552995761,0.150720584026855,0.544750371844542,0.203588491132842
25458,0.515839112410901,0.173662064167523,0.133844114208129,0.176654709213447
25459,0.72282502916692,0.0742937945909914,0.128603836878567,0.0742773393635215
25460,0.091018813349519,0.223851982605199,0.559523384700523,0.125605819344758
25461,0.0451655846553189,0.0955460396976015,0.413003422284656,0.446284953362424
25462,0.152809929231194,0.353235296341921,0.0366984899178224,0.457256284509063
25463,0.388210564396715,0.0649814489173789,0.177882356698033,0.368925629987874
25464,0.0257702206991758,0.47913101211608,0.161620728877705,0.333478038307039
25465,0.703458526040294,0.142482458574697,0.0582360536218059,0.0958229617632035
25466,0.0781061647302918,0.129999242497816,0.660234899059667,0.131659693712225
25467,0.15822045890649,0.195440118767803,0.0551091761001666,0.591230246225541
25468,0.0973068102915798,0.370879361205995,0.202618669802611,0.329195158699815
25469,0.136864860765793,0.489820480927031,0.0381491587783882,0.335165499528788
25470,0.0996639896153726,0.146280394659021,0.584188567586751,0.169867048138855
25471,0.0330948048076562,0.376016664580162,0.0297989363080435,0.561089594304138
25472,0.12469752438824,0.139828923914021,0.144553292125945,0.590920259571794
25473,0.340154643926664,0.0995874300714871,0.224999281203306,0.335258644798542
25474,0.131210372513851,0.506030196912134,0.0294244864712891,0.333334944102726
25475,0.0755808348090021,0.540139071190733,0.0824721478687485,0.301807946131517
25476,0.201066528244288,0.322552928357122,0.0199282784775045,0.456452264921085
25477,0.100095725754835,0.0967730951940468,0.2794093655112,0.523721813539919
25478,0.054874550631637,0.261362579083401,0.0257124058585363,0.658050464426426
25479,0.0242043254660732,0.022267159972979,0.800756871501968,0.15277164305898
25480,0.25769085726646,0.131094429476816,0.286239160964086,0.324975552292639
25481,0.193705411159576,0.561135659834835,0.0866541118706437,0.158504817134945
25482,0.298447883109002,0.235901225102686,0.323875400261922,0.141775491526391
25483,0.20040349909629,0.367234947564437,0.316653752770851,0.115707800568423
25484,0.229606601782699,0.0983037109935205,0.261770247073415,0.410319440150366
25485,0.490906825542577,0.226295341372166,0.138474807362849,0.144323025722408
25486,0.18075813042664,0.202960333308413,0.401258498748263,0.215023037516685
25487,0.22324458753951,0.17666058320521,0.130321930566469,0.469772898688811
25488,0.266395200705399,0.132231243099982,0.16612700029136,0.435246555903259
25489,0.244511045771062,0.297275675994652,0.180591906254339,0.277621371979946
25490,0.154727534414253,0.159382524166291,0.557983401011158,0.127906540408298
25491,0.100385501201163,0.312385452262911,0.147733804921201,0.439495241614724
25492,0.417072850052169,0.189478934574266,0.225001467834253,0.168446747539311
25493,0.0819413586481625,0.09106042020512,0.326297376941313,0.500700844205404
25494,0.408695383841564,0.280635051168047,0.0883411511337566,0.222328413856632
25495,0.362699570604645,0.13506968779464,0.262807641265306,0.239423100335409
25496,0.0794302319512711,0.20375562292277,0.601117075827356,0.115697069298603
25497,0.0851521981042355,0.0935047274261733,0.690325770268862,0.131017304200729
25498,0.607842813986527,0.0796556283617053,0.0930876983260935,0.219413859325675
25499,0.156541155529286,0.132804584659463,0.438654783185331,0.271999476625921
25500,0.536158626414803,0.0941064322772004,0.18858214312706,0.181152798180936
25501,0.136647593663627,0.344498035114281,0.246713490598001,0.272140880624092
25502,0.349069122918219,0.124603198302305,0.350966026093413,0.175361652686064
25503,0.0983313812361227,0.117073498016713,0.44166519154235,0.342929929204815
25504,0.205793753628334,0.556462500653438,0.0849347006266604,0.152809045091568
25505,0.164089338292656,0.298539747414309,0.217720796253146,0.319650118039889
25506,0.151733479239828,0.125325917961624,0.366106146484636,0.356834456313912
25507,0.116573234551864,0.214813017049938,0.0940245915581321,0.574589156840065
25508,0.0636757228190947,0.582829353968298,0.231525761238359,0.121969161974249
25509,0.401446450469157,0.101219550163286,0.192406680859941,0.304927318507616
25510,0.190694542838515,0.159366470995027,0.265777296887394,0.384161689279064
25511,0.482643278168084,0.0773619824443709,0.0964109427799233,0.343583796607622
25512,0.393418741445522,0.133222986351585,0.209564563190192,0.263793709012701
25513,0.0903750779276709,0.163429030971456,0.118231618006725,0.627964273094149
25514,0.137078067245848,0.184703189941827,0.354793009345498,0.323425733466826
25515,0.0714230943409877,0.356576650670189,0.0890912959886136,0.482908959000209
25516,0.100664587064736,0.488867685897625,0.06781782350723,0.34264990353041
25517,0.230480343856691,0.168658125354239,0.121735419966429,0.479126110822641
25518,0.369864423368674,0.268329380875223,0.206231851654117,0.155574344101986
25519,0.176121182098643,0.467891771823197,0.218048046461603,0.137938999616558
25520,0.198605388483024,0.311616733148739,0.38214144362863,0.107636434739608
25521,0.320499658764769,0.309642828891248,0.1058062106007,0.264051301743284
25522,0.0989068632077022,0.56048160134154,0.113142061629049,0.227469473821709
25523,0.631015130769412,0.0891189475650616,0.0977519388573665,0.18211398280816
25524,0.151423016902465,0.244819305343286,0.344840085515547,0.258917592238702
25525,0.431433030761908,0.18855927488832,0.0967025321190873,0.283305162230685
25526,0.213869425779986,0.529778558301682,0.0803183804013074,0.176033635517025
25527,0.377059766663574,0.206071703615328,0.162533889518266,0.254334640202832
25528,0.442151879246336,0.105903852624529,0.280391895630645,0.17155237249849
25529,0.481000310437895,0.119042894739341,0.20719085477137,0.192765940051393
25530,0.156148877168916,0.488925645831863,0.101236496070031,0.25368898092919
25531,0.0447727137033145,0.179824903714887,0.701412147706976,0.0739902348748228
25532,0.118253180896829,0.54586634162819,0.194495562383494,0.141384915091487
25533,0.30016407634173,0.107560610680862,0.43811120445353,0.154164108523878
25534,0.0707888849003183,0.55940698432802,0.147881241725733,0.22192288904593
25535,0.289105963378817,0.382089398047315,0.0542343652374906,0.274570273336377
25536,0.0575622265076267,0.317502949495412,0.383900085473541,0.24103473852342
25537,0.117939548120225,0.20880579670415,0.311705613608335,0.361549041567291
25538,0.509566234389752,0.111898435146201,0.18705443983393,0.191480890630117
25539,0.45821163642868,0.225392772942702,0.187889562881867,0.128506027746751
25540,0.0830188714165031,0.129453520882001,0.648592541819293,0.138935065882203
25541,0.423725394986909,0.317167014961903,0.179751174103414,0.0793564159477738
25542,0.118416452673306,0.452183691180731,0.0988614658445511,0.330538390301411
25543,0.28113846191411,0.136576961371994,0.355107976593253,0.227176600120643
25544,0.296174028211741,0.382039558966901,0.0357441046867156,0.286042308134642
25545,0.322811242445224,0.134228109049657,0.303235628843085,0.239725019662034
25546,0.300137789571207,0.478417597810559,0.0699603029760385,0.151484309642196
25547,0.095309295860204,0.189673996720073,0.561901099039297,0.153115608380426
25548,0.133739856947526,0.190385498087858,0.293718096947982,0.382156548016634
25549,0.0820249396018943,0.0706861569212051,0.480397602548206,0.366891300928695
25550,0.175911944806536,0.0769525921374177,0.0731680081992697,0.673967454856777
25551,0.161663150730259,0.130219347586714,0.123676742325014,0.584440759358014
25552,0.143413931890142,0.391068673137779,0.150114811213554,0.315402583758525
25553,0.107158591852222,0.589402696778819,0.130301646526628,0.173137064842331
25554,0.052869783059744,0.649961457190701,0.105447034406246,0.191721725343309
25555,0.400524073650952,0.0992302039507127,0.0433750512010279,0.456870671197307
25556,0.214020946119973,0.57126414119924,0.13168242733495,0.083032485345837
25557,0.374762624427419,0.361009130636312,0.164963174587291,0.0992650703489785
25558,0.536985031178751,0.155882196861121,0.116186896140007,0.190945875820121
25559,0.602684195775351,0.144013988587436,0.187537376993681,0.0657644386435318
25560,0.302967896129756,0.451776312759257,0.0859541531376866,0.1593016379733
25561,0.141560356061491,0.495891033657878,0.124356747105849,0.238191863174783
25562,0.19612996510208,0.196228166064244,0.36806699394881,0.239574874884866
25563,0.492675499878665,0.165234053663253,0.23449408876218,0.107596357695902
25564,0.0627550989160518,0.148068042861076,0.655180393233989,0.133996464988883
25565,0.37982250299685,0.0502343554034426,0.210418644880935,0.359524496718772
25566,0.0786360263699768,0.438897755773077,0.099433947314082,0.383032270542864
25567,0.035247652744379,0.436854523735549,0.293955277031655,0.233942546488418
25568,0.515384036264863,0.277248295271268,0.124539966159832,0.0828277023040362
25569,0.388495038475958,0.155916973673105,0.379842781627962,0.0757452062229754
25570,0.353989220891767,0.115596796154007,0.271119535296397,0.259294447657829
25571,0.206656036669298,0.12159216894692,0.100259319956572,0.571492474427209
25572,0.573659369097063,0.0836440343958905,0.115368925603346,0.2273276709037
25573,0.146216162424702,0.687253468531974,0.0824594931589946,0.0840708758843288
25574,0.0996849438158413,0.0614657262291511,0.505286072780321,0.333563257174687
25575,0.42321922214612,0.162527758382391,0.334112562718235,0.0801404567532542
25576,0.342598043689389,0.195178591203015,0.327466475826357,0.134756889281239
25577,0.414804281500796,0.118811448441917,0.286006096726489,0.180378173330798
25578,0.393920440138361,0.358180573087247,0.099107690066609,0.148791296707783
25579,0.604335902982164,0.166679705815458,0.110314659529371,0.118669731673008
25580,0.254365695502306,0.372233823580788,0.191740741389477,0.181659739527429
25581,0.478995102855982,0.187304968823115,0.0959469158148283,0.237753012506075
25582,0.111392338993455,0.201855743915207,0.17649831678398,0.510253600307358
25583,0.512471095428297,0.100601532187916,0.307919048720983,0.0790083236628034
25584,0.26971910457811,0.319439129577733,0.137271080754111,0.273570685090046
25585,0.148009193868936,0.381628169709824,0.123000670374822,0.347361966046418
25586,0.133702956808943,0.194667399574874,0.61312358269024,0.0585060609259423
25587,0.610964144148095,0.19630859641314,0.104942374556438,0.0877848848823278
25588,0.309796917420755,0.156403552823669,0.184297758151459,0.349501771604117
25589,0.542785998420681,0.222993374199145,0.118000849425605,0.11621977795457
25590,0.182017926668751,0.281392435724304,0.0832203626546053,0.45336927495234
25591,0.156192737112565,0.39646804952562,0.128394967779735,0.31894424558208
25592,0.336439533800074,0.505097448674434,0.0421368766946899,0.116326140830802
25593,0.158383330526693,0.44865231997374,0.23868190247976,0.154282447019807
25594,0.268429311843729,0.314230546386892,0.20695975913953,0.210380382629849
25595,0.374786697157454,0.369416317974205,0.121666294071109,0.134130690797232
25596,0.0641189549480331,0.0327565392452712,0.734128238760528,0.168996267046168
25597,0.37955424872095,0.148807871769945,0.111430553410198,0.360207326098907
25598,0.21674570777225,0.363862489012849,0.120603223087477,0.298788580127425
25599,0.16010832954657,0.0941879668236744,0.506479128066989,0.239224575562766
25600,0.118729959014552,0.0976918621553956,0.617707698490666,0.165870480339387
25601,0.546094114432696,0.0453023982851612,0.32803888297917,0.0805646043029734
25602,0.240395595793846,0.0494747045188101,0.132195416351431,0.577934283335913
25603,0.649619899581522,0.163103746574763,0.0939616482070327,0.0933147056366823
25604,0.0635210679304168,0.751380545079737,0.14551475646048,0.0395836305293663
25605,0.0392515388679662,0.0451261245047105,0.207461530964385,0.708160805662938
25606,0.0584859578155526,0.770990161747844,0.0854530542410495,0.0850708261955535
25607,0.424790431772064,0.256268129920721,0.0598811102619119,0.259060328045304
25608,0.0660441542952469,0.186712961783515,0.203531984110802,0.543710899810436
25609,0.739023751436096,0.0834106584098601,0.0529965373831882,0.124569052770856
25610,0.292696902220516,0.0970896068349785,0.125139681495615,0.48507380944889
25611,0.0828867215410577,0.253947134878851,0.476354772839519,0.186811370740572
25612,0.0857610124629334,0.218994640276223,0.596464581866746,0.098779765394097
25613,0.361572858916746,0.202035288548094,0.299839917354993,0.136551935180167
25614,0.311240304800849,0.28426207378242,0.217964619653608,0.186533001763123
25615,0.1936393789081,0.501416293703931,0.170937204645733,0.134007122742236
25616,0.123037300932369,0.423097067107178,0.26602263019972,0.187843001760733
25617,0.446315161708275,0.149332004137435,0.313428051105273,0.0909247830490166
25618,0.14446554939744,0.245932641469555,0.497523244797535,0.11207856433547
25619,0.229083919332843,0.113458504833448,0.462883622694515,0.194573953139195
25620,0.22489340025988,0.114732341085252,0.420593639581076,0.239780619073793
25621,0.187243012855733,0.0817667298842481,0.599051381675204,0.131938875584815
25622,0.260488583815162,0.215109762186954,0.326279009707908,0.198122644289976
25623,0.155566875645267,0.445875194313969,0.164158120410205,0.23439980963056
25624,0.212622059171382,0.229466190880421,0.291432776075688,0.266478973872509
25625,0.150823808868239,0.242765958043748,0.213979986699979,0.392430246388034
25626,0.163276849526398,0.480576791649874,0.159427035146224,0.196719323677505
25627,0.243505262066258,0.369881419473088,0.147738820348605,0.238874498112049
25628,0.149607895973165,0.340457164765486,0.292155124916418,0.217779814344932
25629,0.318596565924173,0.379237383539342,0.209786906310179,0.0923791442263055
25630,0.212554422384038,0.4837190057171,0.0980999476852457,0.205626624213617
25631,0.22951975445225,0.186904595200052,0.347988169179004,0.235587481168694
25632,0.184429504186905,0.393197605604221,0.31006959913679,0.112303291072084
25633,0.0654605708135981,0.208324498194003,0.335998036724458,0.390216894267941
25634,0.475199781798671,0.183849776911713,0.140334042167948,0.200616399121668
25635,0.628992587246573,0.114188873832528,0.0546084020024426,0.202210136918457
25636,0.354591304806354,0.171803412553946,0.192900177833235,0.280705104806465
25637,0.316165667647504,0.158438035369703,0.234422043183609,0.290974253799185
25638,0.228524749998026,0.194480723829595,0.0550374241709731,0.521957102001406
25639,0.169138343663182,0.520718105514823,0.081968622554904,0.228174928267091
25640,0.225448891310618,0.0832933941614654,0.227864819465281,0.463392895062635
25641,0.23103476744365,0.273582144853818,0.280125364986465,0.215257722716068
25642,0.0244860003590957,0.598477110742988,0.123944639670906,0.253092249227011
25643,0.175365446746724,0.638835423922575,0.0589832239520863,0.126815905378614
25644,0.631899328263629,0.0605826649828166,0.0963898434771588,0.211128163276395
25645,0.0468436344556975,0.768805050030694,0.0675519404853406,0.116799375028268
25646,0.186361007431409,0.0688981771902296,0.634045611626313,0.110695203752048
25647,0.124871034390811,0.120376490161713,0.364988025242938,0.389764450204537
25648,0.180183727296928,0.0678450264944339,0.37276887515816,0.379202371050478
25649,0.146848255474998,0.63897694001221,0.0804254139016415,0.133749390611151
25650,0.0439815842367462,0.0517428115369211,0.551477110323304,0.352798493903029
25651,0.431695485651449,0.318421089289908,0.158639309893302,0.0912441151653413
25652,0.374020433309761,0.180265953054626,0.0829884629492589,0.362725150686354
25653,0.195523093876957,0.317524602897702,0.261744310261615,0.225207992963726
25654,0.0961561805223951,0.457841289604304,0.200260248554267,0.245742281319034
25655,0.0865875704479701,0.087036567046052,0.627111327697254,0.199264534808724
25656,0.392851915267089,0.199385329449891,0.0752282025346242,0.332534552748396
25657,0.143318307168429,0.45769681940344,0.210865837340847,0.188119036087285
25658,0.222805885409801,0.552817415941804,0.0686638361625696,0.155712862485826
25659,0.647624049037085,0.11170420991422,0.118258255332953,0.122413485715743
25660,0.0855409789087224,0.665892509435578,0.125158088461923,0.123408423193776
25661,0.102362483276163,0.045535916674023,0.258181437947599,0.593920162102215
25662,0.250996568181551,0.443311407883478,0.0309577915989053,0.274734232336066
25663,0.094822377558518,0.0768860060085182,0.166414970804503,0.661876645628461
25664,0.0568692538399856,0.531998378319933,0.163317962926087,0.247814404913995
25665,0.0431864719877962,0.251891952110765,0.202311009328718,0.502610566572722
25666,0.0802544487139211,0.138876842466979,0.122873132640501,0.6579955761786
25667,0.693121979921593,0.0995016437621605,0.0888202151907384,0.118556161125508
25668,0.144835703117189,0.126634284483082,0.036908664811093,0.691621347588636
25669,0.0495729536134882,0.425602015185364,0.123903521773062,0.400921509428086
25670,0.450777059178354,0.259287674647467,0.18405210608916,0.105883160085019
25671,0.232919778702749,0.44632478634511,0.244918034035855,0.0758374009162854
25672,0.0550640586804478,0.461689003667258,0.20659929967346,0.276647637978835
25673,0.0693987498445911,0.509148989266424,0.138260431276174,0.283191829612811
25674,0.39579579948159,0.211966271990122,0.174203964903396,0.218033963624893
25675,0.278016208446705,0.151433874813783,0.329762821173545,0.240787095565967
25676,0.149710743049607,0.598842439572807,0.131837155209773,0.119609662167813
25677,0.470227384808904,0.284515282296667,0.0431260116963038,0.202131321198126
25678,0.135478070418814,0.334490222112718,0.301284853496661,0.228746853971807
25679,0.155676676653238,0.517035306225894,0.0575713019246541,0.269716715196214
25680,0.0886242027681998,0.632160226658391,0.180023276033566,0.099192294539843
25681,0.099824871331313,0.378047164067791,0.155929411151228,0.366198553449668
25682,0.206791493470901,0.221782693141223,0.131489209241891,0.439936604145985
25683,0.329834965168647,0.346446754018973,0.196795691333054,0.126922589479326
25684,0.0298136282337549,0.502186739092867,0.117809530437275,0.350190102236103
25685,0.0686192585422634,0.407834535193936,0.0771907287675725,0.446355477496228
25686,0.0738916902376435,0.2888570126872,0.269447359962462,0.367803937112695
25687,0.16693784157269,0.65442231715185,0.0650939003571356,0.113545940918325
25688,0.160964519241572,0.379091596409613,0.343927187014395,0.11601669733442
25689,0.611982471065664,0.185338492910032,0.144222834265331,0.0584562017589726
25690,0.209491818611082,0.495267616977922,0.233650248559197,0.0615903158517991
25691,0.202552521668018,0.200962961028794,0.546491378262865,0.0499931390403232
25692,0.405764936269109,0.249708518746441,0.152563387391628,0.191963157592822
25693,0.252518064065237,0.395565011552512,0.27462842482485,0.0772884995574013
25694,0.392909689482038,0.159875038621946,0.264994721916884,0.182220549979132
25695,0.389215726888785,0.296479443486668,0.177843714214025,0.136461115410522
25696,0.15936424272799,0.452946067612137,0.314124784357093,0.0735649053027798
25697,0.0950781963917049,0.279007332875363,0.530642349956973,0.0952721207759598
25698,0.165112628830543,0.456149288401599,0.225483167769583,0.153254914998275
25699,0.247500619349661,0.169390581225396,0.408489612110236,0.174619187314708
25700,0.20954906368134,0.209049130393264,0.44857993791188,0.132821868013515
25701,0.181788991868689,0.593597886198361,0.153093240985078,0.0715198809478725
25702,0.173509825567466,0.332699334213567,0.390671286780482,0.103119553438485
25703,0.191908000193306,0.444417350013583,0.172700285055874,0.190974364737237
25704,0.621555149242429,0.126348021542667,0.168332311095725,0.0837645181191795
25705,0.132933137902253,0.218009763771316,0.534535758696116,0.114521339630315
25706,0.543882778886143,0.236924046683578,0.114801446968774,0.104391727461505
25707,0.290133416978392,0.45042147599524,0.147530962226603,0.111914144799765
25708,0.34102082888875,0.0924002822713147,0.490063629973658,0.0765152588662779
25709,0.295109653258083,0.282568510956746,0.332154811226537,0.0901670245586332
25710,0.22850589068018,0.219019375020522,0.428466337498118,0.124008396801181
25711,0.411731804074685,0.142387610259874,0.343803767167071,0.102076818498371
25712,0.395946950229199,0.271070813648361,0.172178910982191,0.160803325140249
25713,0.358723097729829,0.243025616522322,0.346660678289792,0.0515906074580559
25714,0.463891839247785,0.156104141763563,0.233851187237647,0.146152831751005
25715,0.348965879784968,0.316226164474615,0.263799638170266,0.0710083175701511
25716,0.253532763562843,0.231394393378495,0.363816982545853,0.151255860512809
25717,0.11614754770791,0.511162035635178,0.176146830938058,0.196543585718854
25718,0.498934728593472,0.135291152234962,0.126942979025855,0.238831140145711
25719,0.393696217707857,0.324007616524157,0.192610085110167,0.0896860806578202
25720,0.169196723857565,0.282067848360452,0.319593949131769,0.229141478650214
25721,0.260771118617296,0.166183800020141,0.482211540038994,0.0908335413235695
25722,0.149145380837041,0.257912733892471,0.0920860819677439,0.500855803302744
25723,0.123261476997338,0.187715743640748,0.559070113806628,0.129952665555286
25724,0.223688661498736,0.140975797497684,0.298267449409972,0.337068091593609
25725,0.24376833398978,0.257100600935233,0.41475671903737,0.0843743460376167
25726,0.277666826566694,0.244341409424604,0.221858177184902,0.2561335868238
25727,0.154730487837945,0.217105086116711,0.525096196842469,0.103068229202875
25728,0.210121860687377,0.317496386007653,0.280525618121025,0.191856135183946
25729,0.28348678093466,0.246188314777758,0.380451202943329,0.0898737013442544
25730,0.653042831374509,0.129115311626122,0.180942671420998,0.0368991855783709
25731,0.449310737213307,0.0683639643569161,0.356450402884329,0.125874895545448
25732,0.0895401771500389,0.102123558754758,0.752888973475311,0.0554472906198926
25733,0.276412859668056,0.255575136703132,0.222439391435224,0.245572612193588
25734,0.347361715297704,0.309794656717325,0.225798477903256,0.117045150081715
25735,0.161242981403808,0.234752720579849,0.440022892446004,0.163981405570339
25736,0.333023157622017,0.183926750563972,0.312580326983933,0.170469764830079
25737,0.20548641638105,0.659005036229557,0.0499013139498791,0.0856072334395146
25738,0.272629013339318,0.278565867039922,0.141003633889086,0.307801485731674
25739,0.146883392899294,0.115184916660509,0.552020736212104,0.185910954228093
25740,0.409502794167288,0.206098651343136,0.193897078782405,0.190501475707172
25741,0.43116002158022,0.372520513072951,0.0378504658859016,0.158468999460927
25742,0.0614012238136625,0.674333434838148,0.137423982102091,0.126841359246099
25743,0.117658367272722,0.379644125585634,0.219551540299353,0.28314596684229
25744,0.502069290589856,0.285993591259529,0.0856427691968307,0.126294348953785
25745,0.162710091964984,0.513030822943052,0.214293917371501,0.109965167720463
25746,0.734289729219377,0.0820513851068686,0.143946088890414,0.039712796783341
25747,0.581092631315274,0.185535742604601,0.123548421972255,0.10982320410787
25748,0.0910951226272741,0.551551774991913,0.112759694652796,0.244593407728016
25749,0.517237733075292,0.173740489580685,0.15182553126824,0.157196246075783
25750,0.218926780760381,0.10123821071389,0.591036784085008,0.0887982244407213
25751,0.15018570339662,0.205035016158493,0.540557257540655,0.104222022904233
25752,0.225163364126977,0.111717887900476,0.218162142382582,0.444956605589965
25753,0.507033449730924,0.0993913260329033,0.245043764063335,0.148531460172838
25754,0.69366682123884,0.0724406894701841,0.0998564120713389,0.134036077219637
25755,0.218648351494282,0.0489512489592925,0.14615578616392,0.586244613382505
25756,0.25175698684332,0.622255886313031,0.0594103161659104,0.0665768106777384
25757,0.252692269409603,0.083480342913106,0.095004270305555,0.568823117371736
25758,0.136562725974282,0.0520569821752989,0.343067180022533,0.468313111827887
25759,0.33952000064037,0.452130984878373,0.0742014952691102,0.134147519212147
25760,0.68139160936152,0.107708399567489,0.129454272664364,0.0814457184066273
25761,0.100828693448207,0.342685822400361,0.091539392865988,0.464946091285445
25762,0.133765068167544,0.517444985032952,0.111194974657595,0.237594972141909
25763,0.388833499607686,0.168006889105313,0.179419998669186,0.263739612617816
25764,0.314780794643905,0.062186463398936,0.198834658074325,0.424198083882834
25765,0.31755543234676,0.13306556166455,0.28918750492374,0.26019150106495
25766,0.105364867339894,0.594864680519265,0.171935198411621,0.127835253729221
25767,0.391561363068116,0.247786493511756,0.0883068452965345,0.272345298123593
25768,0.308901957772474,0.215237996004897,0.110787323396841,0.365072722825788
25769,0.486786139354831,0.239250517325784,0.135252158608979,0.138711184710406
25770,0.229551842169312,0.130041148311385,0.264768827827667,0.375638181691636
25771,0.0732106690541236,0.576277864803794,0.219265469623668,0.131245996518415
25772,0.10367282200876,0.345201932076404,0.144141584223827,0.406983661691009
25773,0.455806008252864,0.0942234488704647,0.0534521635978079,0.396518379278864
25774,0.142802916973076,0.215714684757957,0.562421432436725,0.0790609658322425
25775,0.33992279851643,0.0939403365777692,0.487216169207237,0.0789206956985638
25776,0.239814796827666,0.0577845418297756,0.203700270342817,0.498700390999741
25777,0.0832215987760713,0.147673243162615,0.67656639027214,0.0925387677891744
25778,0.239214185940456,0.505416535981152,0.0642980832563325,0.191071194822059
25779,0.208054251815485,0.315701504086149,0.0859607234553401,0.390283520643026
25780,0.0851109078825247,0.281528722822987,0.299773553189418,0.33358681610507
25781,0.430234795532926,0.203976217751548,0.0354236400845452,0.330365346630981
25782,0.0666520281604587,0.376308465182823,0.0188243903689122,0.538215116287806
25783,0.254497567263334,0.139962597204909,0.339293719214396,0.266246116317361
25784,0.321680894566283,0.271908244957262,0.271485056768442,0.134925803708013
25785,0.161594405714636,0.284935555721593,0.338684821968281,0.21478521659549
25786,0.359381217000937,0.277121902811336,0.218058966232218,0.145437913955509
25787,0.201668393383483,0.472571511418641,0.242845820015858,0.0829142751820177
25788,0.360816502729288,0.262081117433779,0.26913418789076,0.107968191946173
25789,0.470984638715982,0.151994159780382,0.261641450106976,0.11537975139666
25790,0.310940896489954,0.387226180394589,0.112868840466395,0.188964082649063
25791,0.153749003862505,0.488623220566895,0.225818647984043,0.131809127586557
25792,0.298232926726268,0.180215436950158,0.375689650247935,0.14586198607564
25793,0.174331010943267,0.490455893874949,0.154456264534313,0.180756830647472
25794,0.376071695019091,0.262991951445794,0.142155763282931,0.218780590252184
25795,0.140014702632792,0.396327659391241,0.331410976339295,0.132246661636672
25796,0.237736894270135,0.145955673808217,0.516634838949084,0.0996725929725637
25797,0.210029099277352,0.438773745306911,0.138114033708375,0.213083121707362
25798,0.180666850076389,0.402744953653342,0.157034908532532,0.259553287737737
25799,0.279281961053663,0.132344063639104,0.454147029664003,0.13422694564323
25800,0.353677229707722,0.192020900859078,0.125844735696542,0.328457133736658
25801,0.206155689545741,0.305403657404741,0.218447797407862,0.269992855641656
25802,0.226612751958092,0.18730108879144,0.130245423577325,0.455840735673143
25803,0.519080101482732,0.244418894376665,0.0960120051269508,0.140488999013653
25804,0.144285923601811,0.204822600661311,0.501972319428047,0.148919156308831
25805,0.246918256387746,0.511791469189231,0.180117015434328,0.0611732589886946
25806,0.434601347329576,0.219614299349431,0.258689064249039,0.087095289071955
25807,0.1225280468175,0.613670523646851,0.130109328664341,0.133692100871308
25808,0.370282718284791,0.315596201108216,0.114747380774155,0.199373699832839
25809,0.0918343692329953,0.143850334204393,0.477010924149401,0.287304372413211
25810,0.237618509583909,0.121698091636844,0.426193273652607,0.214490125126641
25811,0.195747924160011,0.552934553187307,0.180341440720507,0.0709760819321754
25812,0.236233709239189,0.156649875025206,0.444361942180788,0.162754473554818
25813,0.641689320877363,0.157814752218903,0.115943447817032,0.0845524790867023
25814,0.132409363639337,0.370230069609032,0.187542955163908,0.309817611587723
25815,0.21148261085558,0.538843969035392,0.170588529132,0.0790848909770285
25816,0.0721938235186985,0.491464401334877,0.238820038832134,0.19752173631429
25817,0.117754975044054,0.0962686057976683,0.15683997979496,0.629136439363318
25818,0.133352353098853,0.415561163295039,0.273754431648039,0.177332051958069
25819,0.458582434393478,0.168876420460095,0.205954502588833,0.166586642557594
25820,0.107231042246152,0.10883257662675,0.299832364850052,0.484104016277045
25821,0.218327941877078,0.0759094628092355,0.510353939484592,0.195408655829094
25822,0.221875941489339,0.195140805197578,0.440892643783544,0.142090609529538
25823,0.340947548887994,0.251193704781215,0.196205643416817,0.211653102913974
25824,0.40973042197569,0.167605401111399,0.23092133022404,0.191742846688871
25825,0.0899695009321148,0.326153942641035,0.44280510773356,0.14107144869329
25826,0.25432345828618,0.359089065280902,0.189895940034462,0.196691536398456
25827,0.311387478770318,0.195902161032602,0.190987328418014,0.301723031779067
25828,0.283894653484999,0.498983760557156,0.0937161845034219,0.123405401454423
25829,0.207151324901321,0.473759302401878,0.0841848560083151,0.234904516688486
25830,0.138218403228609,0.298716758247194,0.480383581115366,0.0826812574088305
25831,0.184719437705735,0.161173212261035,0.242716165733801,0.411391184299429
25832,0.102643051113992,0.425092011491587,0.225682040835892,0.246582896558529
25833,0.159003679583223,0.383713000386297,0.340079261872539,0.117204058157941
25834,0.459985168841615,0.150161720869177,0.219248681039502,0.170604429249705
25835,0.149712730800544,0.0919187503283488,0.446450295242349,0.311918223628759
25836,0.0816933753055749,0.151921930458713,0.511228845440226,0.255155848795487
25837,0.160156112485086,0.215305583806087,0.388286232637005,0.236252071071821
25838,0.181617833348675,0.501671745776998,0.0611726867529806,0.255537734121346
25839,0.575389048421203,0.223278605574399,0.0781566915642422,0.123175654440156
25840,0.0958158623154317,0.376367498676263,0.260910141968,0.266906497040305
25841,0.176019297423446,0.145100434044583,0.415820026674913,0.263060241857058
25842,0.243689657481038,0.543808353295887,0.115517771952476,0.0969842172705983
25843,0.319164564402844,0.502134280243185,0.0945691765079127,0.0841319788460581
25844,0.578966106434499,0.0709317353252782,0.201977415159374,0.148124743080849
25845,0.142456673857767,0.326354952759716,0.445762603366038,0.0854257700164786
25846,0.312997450759781,0.141584998915841,0.254527842168542,0.290889708155836
25847,0.450335832983057,0.0778869288899345,0.081197634417135,0.390579603709873
25848,0.15273262480686,0.488605232125691,0.0852610340278447,0.273401109039604
25849,0.320429730974498,0.188203076647882,0.366340980024542,0.125026212353078
25850,0.152424902924784,0.351332933628519,0.352821737822645,0.143420425624052
25851,0.677939961770366,0.156655759797106,0.0788594172799453,0.0865448611525829
25852,0.199241720427888,0.263063221064861,0.210726365034846,0.326968693472405
25853,0.100020715828779,0.345443911361813,0.413276471711209,0.141258901098199
25854,0.367665285897613,0.174938695439407,0.0618824579185494,0.395513560744431
25855,0.509254690074438,0.104022943354695,0.138870390686816,0.247851975884051
25856,0.570225814906797,0.189747189738374,0.054123011637639,0.18590398371719
25857,0.0502661151365459,0.109317735123397,0.215109018980173,0.625307130759884
25858,0.100604032850208,0.382096220915342,0.131935659037957,0.385364087196493
25859,0.152110421746441,0.0755368439299048,0.260063025590245,0.512289708733409
25860,0.391070770940275,0.135047307102354,0.178985675207213,0.294896246750159
25861,0.190607701763639,0.163861382329967,0.471274808900221,0.174256107006173
25862,0.231512643864345,0.0964057555979118,0.49505610407546,0.177025496462283
25863,0.0873370676641949,0.0732225474037985,0.751997478101466,0.0874429068305409
25864,0.566308406492055,0.130911198869777,0.0931298332316781,0.20965056140649
25865,0.0959560784489661,0.324673822544752,0.470599311851528,0.108770787154754
25866,0.148880204388832,0.172988275741472,0.482705510419971,0.195426009449725
25867,0.13087750739016,0.435967398840928,0.186588745458258,0.246566348310653
25868,0.178963089446055,0.354955571059527,0.0955787839516831,0.370502555542734
25869,0.0426162294057832,0.332808055589761,0.262300191850415,0.362275523154041
25870,0.0994225884757097,0.0679112046575489,0.26001263275078,0.572653574115962
25871,0.0336986631672054,0.190762857869265,0.666864808807703,0.108673670155827
25872,0.0598290772439969,0.151818457115398,0.64493306390694,0.143419401733666
25873,0.0532226204840794,0.135454544261127,0.184189667926594,0.6271331673282
25874,0.568296657459124,0.0635511291359911,0.21209961956313,0.156052593841755
25875,0.132418968109112,0.157168529162296,0.483988099253933,0.226424403474659
25876,0.535599545343113,0.0354788912018559,0.11864427143624,0.310277292018791
25877,0.563400992807444,0.0666553055109586,0.117275756646133,0.252667945035465
25878,0.293487552114932,0.0913574124632481,0.156444677928434,0.458710357493386
25879,0.18304352971565,0.47685880602618,0.1488133544043,0.19128430985387
25880,0.190476752014344,0.622367117619129,0.136622018769415,0.0505341115971127
25881,0.31678470096253,0.43101707240474,0.19808907317472,0.0541091534580109
25882,0.280022753992275,0.379533229922914,0.227854829009507,0.112589187075305
25883,0.575482384919316,0.19400694755844,0.141959145478663,0.0885515220435818
25884,0.207981828459697,0.415100852513452,0.272908870119224,0.104008448907627
25885,0.296751172384899,0.165060799040247,0.192302463478877,0.345885565095976
25886,0.0824899659798559,0.644378287630081,0.196774140175347,0.0763576062147166
25887,0.361986505930805,0.158742794619704,0.285522026709665,0.193748672739826
25888,0.461152183942204,0.164767281523871,0.20930725698781,0.164773277546115
25889,0.194298658311442,0.237946583152197,0.378969938546014,0.188784819990347
25890,0.561748203478739,0.169410328184197,0.112257636001855,0.15658383233521
25891,0.178686088270251,0.145451704016925,0.603781359785922,0.0720808479269028
25892,0.211406707424448,0.255034699081428,0.271510949770312,0.262047643723812
25893,0.316087464961646,0.396192845596759,0.117120659867155,0.17059902957444
25894,0.475956346452693,0.328003717311532,0.0736720239634971,0.122367912272278
25895,0.396797256803184,0.118274975561501,0.234569927601507,0.250357840033808
25896,0.140408039369903,0.221372633323556,0.516710597189895,0.121508730116646
25897,0.164869236332415,0.49219562838913,0.209062034787215,0.13387310049124
25898,0.230015323128391,0.386454961874751,0.340776325728242,0.0427533892686156
25899,0.136959431025215,0.543108340972915,0.178556343675374,0.141375884326496
25900,0.184133687416664,0.325560559706608,0.349820513029421,0.140485239847307
25901,0.226635157599344,0.343681997898024,0.367524726922457,0.0621581175801755
25902,0.127945578372854,0.338760774316182,0.429701981030732,0.103591666280232
25903,0.287623549129017,0.263441438490127,0.360160724175662,0.0887742882051944
25904,0.0765268976647777,0.3804762619016,0.462560900684716,0.0804359397489061
25905,0.20281555105247,0.280910354882997,0.419148830428322,0.0971252636362109
25906,0.313542257650313,0.474409663875279,0.166107078858008,0.0459409996164001
25907,0.154338680446802,0.51709609316425,0.277604692595614,0.0509605337933334
25908,0.27545372019148,0.17755623017392,0.322801326724508,0.224188722910091
25909,0.461283398537892,0.252330049271921,0.222293435372987,0.0640931168171992
25910,0.0780624119195499,0.409383996292524,0.39313982656303,0.119413765224897
25911,0.342766982387928,0.1862327969624,0.303973115365077,0.167027105284595
25912,0.381568924555668,0.326942278710529,0.172420039304741,0.119068757429062
25913,0.0783513367905248,0.273582618272951,0.465188235858801,0.182877809077724
25914,0.1778970301127,0.249472631409541,0.478890783703149,0.0937395547746103
25915,0.416822636873224,0.214910182653531,0.28096542405805,0.0873017564151954
25916,0.137030568330012,0.487842864004051,0.163188319322976,0.21193824834296
25917,0.235092143531764,0.477545786658913,0.095946310799458,0.191415759009865
25918,0.155512516415898,0.302328159716035,0.369910011945754,0.172249311922313
25919,0.288959692538134,0.0441116472092781,0.311277746560953,0.355650913691635
25920,0.333133999257779,0.398036432275936,0.0835615125502299,0.185268055916055
25921,0.0750021373350454,0.121546520139681,0.680910290412511,0.122541052112763
25922,0.0471477229451587,0.0599112615000687,0.392334637363302,0.50060637819147
25923,0.221749643930804,0.11212048458316,0.0636029920053898,0.602526879480645
25924,0.699444017156564,0.112926420362527,0.0849876401673754,0.102641922313533
25925,0.115944952932034,0.104217272387934,0.62422187859051,0.155615896089521
25926,0.435750104258311,0.400122685698251,0.0684973587816959,0.0956298512617426
25927,0.112669654514411,0.381126142899399,0.177016379567224,0.329187823018966
25928,0.149207097223961,0.436242096911707,0.242613716388194,0.171937089476137
25929,0.0271452742687115,0.351597771521163,0.073817003919256,0.547439950290869
25930,0.277589334750476,0.327306822298502,0.302765432058518,0.0923384108925038
25931,0.0455205066739388,0.0570559965722398,0.795910513059517,0.101512983694305
25932,0.0465464980347036,0.411325187625293,0.125273423023831,0.416854891316173
25933,0.120045442801426,0.117116211579958,0.567896740657625,0.194941604960991
25934,0.0682729939376774,0.0694858175394522,0.561637734841946,0.300603453680925
25935,0.1718526055938,0.187679329334732,0.0877666870717409,0.552701377999728
25936,0.253874049406107,0.0793675728124958,0.536677428819136,0.130080948962262
25937,0.661901913111777,0.0974176352803204,0.0893979519792595,0.151282499628643
25938,0.0697995293505307,0.569132258738651,0.107478235079067,0.253589976831751
25939,0.123448234502684,0.087719716112411,0.462497649379953,0.326334400004952
25940,0.0370322743446866,0.204615267845573,0.10916078624735,0.649191671562391
25941,0.0737460242531607,0.260062442634788,0.561440327518131,0.104751205593921
25942,0.084656909278211,0.359396408328264,0.265480889144325,0.2904657932492
25943,0.0337567482394157,0.338170185923195,0.237621283788096,0.390451782049293
25944,0.159615159350032,0.0843674608989164,0.0928421764229915,0.66317520332806
25945,0.138120460079144,0.087332250983186,0.186038925458222,0.588508363479448
25946,0.61441470743263,0.134436552053064,0.0830212697622924,0.168127470752013
25947,0.412970477567342,0.186436708871004,0.15627445155659,0.244318362005063
25948,0.0303386385803638,0.0791848996094062,0.114414743293452,0.776061718516778
25949,0.0565270244557662,0.234110736663101,0.500544238131082,0.208818000750051
25950,0.699739175350573,0.0788379762703444,0.12020141673925,0.101221431639832
25951,0.0755110639927085,0.137990277506881,0.469220744207724,0.317277914292686
25952,0.038892413473,0.108857568706556,0.570547610888853,0.281702406931591
25953,0.259014471056853,0.092220958881443,0.0908218272021111,0.557942742859593
25954,0.658247232363564,0.0311075034801037,0.0357379978920224,0.27490726626431
25955,0.106771965917192,0.533479149055667,0.260042969762242,0.0997059152648997
25956,0.235592250490791,0.266242198901494,0.445231512224268,0.0529340383834475
25957,0.462710323284772,0.264672500722153,0.216118049433935,0.0564991265591397
25958,0.306984667417222,0.392728036024919,0.185860460142628,0.114426836415232
25959,0.121949488228031,0.325472363638363,0.440384767468563,0.112193380665043
25960,0.394146976590112,0.373934915559604,0.168340240313547,0.0635778675367377
25961,0.324246664420604,0.252159154429164,0.373179032803922,0.0504151483463098
25962,0.53834703288936,0.225445767205099,0.141507987251199,0.094699212654341
25963,0.145671240318931,0.454163477360307,0.320200219932248,0.0799650623885136
25964,0.44197196488013,0.294068712823387,0.165903816214065,0.0980555060824178
25965,0.324518439987635,0.15687905126551,0.397460734373143,0.121141774373712
25966,0.284166543133289,0.154041544501673,0.461055919599656,0.100735992765381
25967,0.276738293577299,0.197989508702248,0.166300111246805,0.358972086473649
25968,0.323141199264898,0.322246073668036,0.182183484112198,0.172429242954868
25969,0.109790752465451,0.394175259123164,0.440965749569284,0.0550682388421007
25970,0.268691389972225,0.394824596790042,0.212913706454484,0.123570306783249
25971,0.376789746629965,0.244381719112185,0.300345497195527,0.0784830370623228
25972,0.18732636242949,0.411079114212689,0.233983803142871,0.16761072021495
25973,0.222772006980121,0.263295995652026,0.408398932788545,0.105533064579307
25974,0.439436733426802,0.0819903735827971,0.237421926354552,0.241150966635849
25975,0.0953980667403222,0.427118496968447,0.291330377909652,0.186153058381579
25976,0.0885912505354647,0.350988070253936,0.18925903572481,0.37116164348579
25977,0.4660228611348,0.132986728989963,0.327149891111364,0.0738405187638725
25978,0.227191050458694,0.505727274768437,0.204513505752951,0.0625681690199184
25979,0.657428215062538,0.0774956609497404,0.167579521948811,0.0974966020389112
25980,0.100938869723099,0.456900644942081,0.340121818388259,0.102038666946561
25981,0.516560143951369,0.142849187752477,0.265791926726661,0.0747987415694938
25982,0.141212041908758,0.0719495416877084,0.650488824743482,0.136349591660052
25983,0.515765492434058,0.189336888198684,0.190433569531896,0.104464049835361
25984,0.342349166475842,0.0990474066232321,0.300248046781575,0.258355380119352
25985,0.150591187047074,0.108994407729766,0.0729533554907354,0.667461049732425
25986,0.509924077027706,0.0740500300964038,0.176336495162542,0.239689397713348
25987,0.0732878196177711,0.12294585381573,0.730357703329517,0.0734086232369818
25988,0.0760183155102992,0.496956787564416,0.337632456875263,0.0893924400500224
25989,0.044064981772506,0.176146142457639,0.09971777863349,0.680071097136366
25990,0.0641229137902819,0.149679753585966,0.64347008416426,0.142727248459492
25991,0.234650051381464,0.118416501995069,0.155010447948976,0.491922998674491
25992,0.0425254171805279,0.311797271012046,0.498954491124751,0.146722820682675
25993,0.258547557227666,0.39496479270173,0.107916645227432,0.238571004843172
25994,0.189315152387833,0.152333794709307,0.252513718829179,0.405837334073681
25995,0.210606203523053,0.440333620157365,0.166024790004517,0.183035386315065
25996,0.284617390993993,0.198535550173798,0.400997758420841,0.115849300411368
25997,0.429740383092669,0.162679115104593,0.198642463584486,0.208938038218252
25998,0.350363556029111,0.259315611141058,0.177758933502908,0.212561899326923
25999,0.189677790270048,0.273605224700769,0.439572552710792,0.0971444323183913
26000,0.143189882771836,0.445571052872778,0.174757476405305,0.236481587950081
26001,0.206857657463932,0.550700768742003,0.114050993587075,0.12839058020699
26002,0.519952676559323,0.160026389783265,0.186846338089278,0.133174595568134
26003,0.230055712587048,0.185822639763166,0.179241868420855,0.404879779228932
26004,0.0986507735116458,0.521917376071719,0.133970093435086,0.245461756981549
26005,0.0802479340339997,0.205752088399147,0.446440294787317,0.267559682779537
26006,0.127062571177786,0.36199830994416,0.17910082905498,0.331838289823075
26007,0.259227991635437,0.511567829998826,0.148819262061321,0.0803849163044161
26008,0.125832606392405,0.0719173598306261,0.638169158046501,0.164080875730468
26009,0.148616982973894,0.669674830326071,0.113331431422639,0.0683767552773958
26010,0.252559486900184,0.165561685111047,0.194553257589629,0.387325570399139
26011,0.709634939445838,0.11859466059167,0.0993543993876421,0.0724160005748502
26012,0.2884644798691,0.239386567855353,0.256575031589159,0.215573920686388
26013,0.166282313523936,0.252744916400457,0.293582157539657,0.28739061253595
26014,0.333826214336286,0.275386278762698,0.198510458310673,0.192277048590344
26015,0.196755471134097,0.464077055704897,0.236030945302398,0.103136527858608
26016,0.389062749834689,0.239033709235695,0.227260086854622,0.144643454074994
26017,0.4164460503439,0.136121873827344,0.255019072054045,0.192413003774712
26018,0.285224097063155,0.315167510829397,0.10817466946242,0.291433722645029
26019,0.157249744058288,0.450807525019272,0.230400138476609,0.161542592445831
26020,0.252868193660876,0.159006392315289,0.370473143340772,0.217652270683063
26021,0.136486104786432,0.44314792658448,0.153537393038196,0.266828575590892
26022,0.352484890970265,0.261538379934606,0.127057272622724,0.258919456472405
26023,0.130927384854251,0.327753351683834,0.368514514575377,0.172804748886538
26024,0.216746440811662,0.129262607254044,0.547982285032511,0.106008666901782
26025,0.158484540472898,0.428521923804543,0.126160669979572,0.286832865742986
26026,0.156328780262392,0.312078952184102,0.144458506831717,0.38713376072179
26027,0.224031483071055,0.116548281827337,0.508298845224224,0.151121389877384
26028,0.255012836239638,0.180497717615214,0.106529252829275,0.457960193315874
26029,0.13501775272661,0.270731176439447,0.192175315131971,0.402075755701972
26030,0.197251228143887,0.13495967626599,0.102341422589044,0.565447673001078
26031,0.264450749273725,0.340534313369418,0.301825430564049,0.0931895067928085
26032,0.422565083569468,0.264286963429315,0.221423972406206,0.0917239805950116
26033,0.335872844877808,0.408280944121999,0.116701118426617,0.139145092573576
26034,0.19306982113144,0.116383267194377,0.564119821402924,0.126427090271259
26035,0.41350699216579,0.0895718771841746,0.337157557767599,0.159763572882436
26036,0.352336624581648,0.075651525470597,0.430040047904542,0.141971802043213
26037,0.146325637891177,0.697866553638782,0.0962355036079128,0.0595723048621284
26038,0.0751173666150965,0.44608619234773,0.224179675029885,0.254616766007288
26039,0.364834073106458,0.0722258132030069,0.340372150309485,0.222567963381051
26040,0.136945977787801,0.26151107944677,0.541557016504351,0.0599859262610775
26041,0.323141731642526,0.302759608443375,0.201663358836077,0.172435301078022
26042,0.181610565991692,0.434786878802341,0.103706923101278,0.279895632104689
26043,0.106545806402473,0.243374379684365,0.575345756726577,0.0747340571865848
26044,0.586250086290152,0.216147236546442,0.111749478252243,0.0858531989111642
26045,0.178600110562753,0.586802925852451,0.133533810939019,0.101063152645777
26046,0.279121033040806,0.154801305512079,0.136837818035661,0.429239843411455
26047,0.302904585774013,0.14744880754831,0.309528556234795,0.240118050442881
26048,0.094725446085344,0.302533278765386,0.371217012097887,0.231524263051383
26049,0.159350139346805,0.240753506466722,0.518802207787179,0.0810941463992942
26050,0.246503968079274,0.194570914134535,0.442708717181412,0.116216400604779
26051,0.145103634246479,0.45218949239925,0.154424456049341,0.24828241730493
26052,0.118354708309999,0.288387190177053,0.15478154754768,0.438476553965269
26053,0.165894337174806,0.317989311694817,0.407727989994852,0.108388361135526
26054,0.212220601092502,0.319109261881702,0.174119140851263,0.294550996174532
26055,0.349102461057853,0.317466440105862,0.1174267162114,0.216004382624885
26056,0.305367068783583,0.133651380814939,0.249941876785302,0.311039673616177
26057,0.309507547472429,0.34600523051626,0.241504856777248,0.102982365234063
26058,0.128378522912905,0.446294971552451,0.112986758814822,0.312339746719823
26059,0.439232078924183,0.264371059493261,0.183379128344468,0.113017733238088
26060,0.405515541049833,0.326373580221076,0.127489431121851,0.14062144760724
26061,0.460785887201718,0.168341659712165,0.183660512582267,0.187211940503849
26062,0.229984309531294,0.242149605139405,0.290906860748989,0.236959224580312
26063,0.376210313751888,0.0673707970745124,0.294697386800185,0.261721502373415
26064,0.159827387663665,0.109970393050424,0.467069524458173,0.263132694827738
26065,0.557582080675849,0.144997068979358,0.11908537771741,0.178335472627383
26066,0.234076977187194,0.379640539640026,0.0999482268350446,0.286334256337735
26067,0.456649938148263,0.285146357180296,0.133654523201964,0.124549181469476
26068,0.105802204636464,0.529922583363032,0.16327392737188,0.201001284628623
26069,0.116812006501672,0.150214875881031,0.595340032135309,0.137633085481988
26070,0.450853952673393,0.213657468278642,0.1135971772542,0.221891401793765
26071,0.373569819950223,0.148607588858864,0.184719996594155,0.293102594596758
26072,0.240758201510463,0.286722121637886,0.383670013458798,0.0888496633928532
26073,0.245240875078297,0.393772579301578,0.19967595453844,0.161310591081685
26074,0.141533788591188,0.219511555850898,0.56766740462424,0.0712872509336742
26075,0.217784577917902,0.289202522196489,0.292632591476692,0.200380308408917
26076,0.221428745999433,0.104366320292865,0.500178351653907,0.174026582053796
26077,0.0969774337854921,0.567389476303212,0.20596653718815,0.129666552723146
26078,0.135577430347953,0.228838021518361,0.585573156623491,0.0500113915101949
26079,0.101334340930711,0.257766120657966,0.404836123498793,0.23606341491253
26080,0.142683650199266,0.584508266114939,0.168371499574046,0.104436584111749
26081,0.1255702204706,0.195730201469649,0.559903232102289,0.118796345957462
26082,0.23163160157813,0.123184236956249,0.330930973909965,0.314253187555656
26083,0.181299209131524,0.318850483146513,0.21940351165596,0.280446796066003
26084,0.114498605643413,0.423392118503704,0.262879086544847,0.199230189308036
26085,0.241917097376787,0.165661500747831,0.224789051776531,0.367632350098851
26086,0.463249629484843,0.111498114508773,0.178504671793987,0.246747584212397
26087,0.133899777889548,0.30519513087509,0.423396716441374,0.137508374793988
26088,0.160491409303711,0.264889022950363,0.199418290099657,0.375201277646269
26089,0.271910348581572,0.138321541875313,0.182606719063298,0.407161390479817
26090,0.392275652589501,0.0719032775681193,0.345614738646108,0.190206331196272
26091,0.110229660943903,0.100777753015166,0.657410453070598,0.131582132970333
26092,0.18126393194049,0.27108302359939,0.029778049809965,0.517874994650155
26093,0.429873910110689,0.197683446059991,0.100576615776363,0.271866028052957
26094,0.314453174731423,0.0407224331166875,0.146137475693441,0.498686916458448
26095,0.0386287413636121,0.235584348420432,0.211571028951945,0.514215881264011
26096,0.592210115015023,0.132316299232491,0.110949208309384,0.164524377443102
26097,0.0312637094827279,0.492862037000818,0.0679448560825598,0.407929397433894
26098,0.687720424929037,0.113414406143339,0.0857347534311468,0.113130415496477
26099,0.0896392753706706,0.25694512915014,0.102046010999573,0.551369584479617
26100,0.559691059948723,0.113327597903092,0.136201259389853,0.190780082758332
26101,0.585015302925973,0.274569955587652,0.0433646315424221,0.0970501099439533
26102,0.0850919311329898,0.117940460487636,0.14010035953204,0.656867248847334
26103,0.0652398707634896,0.597189186501009,0.161278778595013,0.176292164140489
26104,0.0558668267237525,0.192742239959858,0.143278850555776,0.608112082760614
26105,0.296512749859214,0.0927934149442341,0.0447211155919478,0.565972719604604
26106,0.0409358427848996,0.592125088497189,0.136264529680277,0.230674539037635
26107,0.24804019755902,0.566787988813272,0.100280387459817,0.0848914261678911
26108,0.21174075908823,0.357972959875749,0.241402205010765,0.188884076025256
26109,0.17679182103871,0.270100557303434,0.370668481847046,0.18243913981081
26110,0.474243568666759,0.177917716024469,0.241957590494799,0.105881124813973
26111,0.138589133804194,0.227328871894774,0.455532616839412,0.17854937746162
26112,0.145191667162018,0.443233149060451,0.247332893659746,0.164242290117784
26113,0.268446801722839,0.412781071814666,0.142474131558157,0.176297994904339
26114,0.266992652436492,0.497249668715104,0.15501938543629,0.0807382934121145
26115,0.264170578974675,0.113389267313095,0.53632222665045,0.0861179270617805
26116,0.143047438128954,0.173135998137923,0.534685138682659,0.149131425050464
26117,0.366809388679497,0.203608520169724,0.133133422781658,0.296448668369121
26118,0.351366999006583,0.266439333399348,0.129849921308856,0.252343746285213
26119,0.174792201214837,0.565572237271722,0.183163279339344,0.0764722821740971
26120,0.148210926003303,0.432555696864827,0.236257319820059,0.18297605731181
26121,0.386761336221117,0.18199290063055,0.160996157498639,0.270249605649695
26122,0.122038938259998,0.232909098520894,0.290844710790152,0.354207252428957
26123,0.198944851911227,0.206662212588988,0.357069918993759,0.237323016506026
26124,0.193310961640805,0.208565865461993,0.350795538174413,0.247327634722789
26125,0.32938473658283,0.250332397885036,0.297304840301682,0.122978025230453
26126,0.594440236582372,0.0566352184583932,0.105180649253717,0.243743895705518
26127,0.547617706827498,0.226486610780592,0.111349245590265,0.114546436801645
26128,0.230712483242318,0.165218497479573,0.0961457117812346,0.507923307496875
26129,0.173503796444556,0.236204403190038,0.484136573440125,0.106155226925281
26130,0.485335716164275,0.16047850496884,0.0968979040904988,0.257287874776386
26131,0.359407911465329,0.04878176526587,0.212030179372558,0.379780143896244
26132,0.164296148499604,0.0539011067072029,0.475188387535246,0.306614357257947
26133,0.0604467217812363,0.452243168249127,0.216242532103254,0.271067577866383
26134,0.138047116708781,0.651747539254283,0.0841492622262109,0.126056081810725
26135,0.0832329836675455,0.306672098440857,0.22976635819834,0.380328559693257
26136,0.303792334570215,0.238298400213223,0.0844758486914162,0.373433416525146
26137,0.108153455991861,0.511109947687713,0.113470847514212,0.267265748806214
26138,0.063949907227899,0.26654746942222,0.0379985202992284,0.631504103050652
26139,0.135255476540245,0.55056730605117,0.0490940932944145,0.26508312411417
26140,0.217483315592114,0.0388931575679516,0.35085383840055,0.392769688439384
26141,0.204100559273589,0.105279542288439,0.0988096523021055,0.591810246135866
26142,0.0357463008941932,0.558155846313941,0.121456213606675,0.28464163918519
26143,0.071817154718229,0.297563198859737,0.353200639467508,0.277419006954526
26144,0.0232623918537615,0.0942241950321518,0.458358792222335,0.424154620891752
26145,0.420771857419247,0.111750524498987,0.226976390660124,0.240501227421642
26146,0.202728664279521,0.151179197068354,0.471174527081535,0.17491761157059
26147,0.307083249917667,0.388080466276778,0.18885220715792,0.115984076647636
26148,0.482164743295073,0.226856284863952,0.19367847005577,0.0973005017852058
26149,0.0687957568060159,0.576072759389368,0.208326867335959,0.146804616468658
26150,0.244690257402923,0.257870845419177,0.123307712541214,0.374131184636686
26151,0.29893639194036,0.272784277690538,0.209346284026542,0.218933046342559
26152,0.0742451664080993,0.508665304377982,0.129206002271415,0.287883526942503
26153,0.0868026922927374,0.119308410319385,0.581373134873096,0.212515762514782
26154,0.169090464936989,0.145804465504623,0.248074568893511,0.437030500664877
26155,0.0531058986568622,0.540221233315574,0.237481726298449,0.169191141729115
26156,0.196643755476042,0.260159817066315,0.245740477819935,0.297455949637708
26157,0.123054171368539,0.246511445356323,0.514910159692491,0.115524223582648
26158,0.588644501119618,0.21036165110318,0.106081155397999,0.0949126923792027
26159,0.160359337817281,0.15083586705865,0.486704521733777,0.202100273390292
26160,0.147712767817026,0.184638227073926,0.371914588962952,0.295734416146097
26161,0.103978609106754,0.368219995566829,0.20835708977361,0.319444305552807
26162,0.263605503736286,0.0797348627232621,0.543792232938957,0.112867400601495
26163,0.497351014424253,0.101832577548659,0.14585000629613,0.254966401730958
26164,0.0579726233847936,0.388297284393657,0.40368708694685,0.1500430052747
26165,0.317672885167587,0.237715034962765,0.297099205934737,0.147512873934911
26166,0.210163180784664,0.13439956212849,0.59685837984801,0.0585788772388352
26167,0.136057147154665,0.329183963073926,0.217919354655527,0.316839535115882
26168,0.0935725672265628,0.422097853267222,0.380593292738292,0.103736286767923
26169,0.590952184897904,0.0420142669989101,0.252394360899151,0.114639187204035
26170,0.0607607890262071,0.637222474196261,0.223575474919961,0.0784412618575707
26171,0.127065495697326,0.125745297495944,0.698098273346754,0.0490909334599773
26172,0.141323814656232,0.416930635439521,0.307988359968027,0.13375718993622
26173,0.0729588130660266,0.337663093720116,0.501204175605831,0.088173917608026
26174,0.154864717932006,0.330982746503544,0.341460631809771,0.172691903754679
26175,0.0410040965024857,0.773522733036469,0.0248480390427298,0.160625131418316
26176,0.174769571906454,0.108772883239484,0.604814242447977,0.111643302406085
26177,0.0269570691555026,0.0555794061670364,0.559325118434483,0.358138406242978
26178,0.0317389177928137,0.387588721977153,0.0941122245377093,0.486560135692324
26179,0.607302019395001,0.181470872161223,0.0308982214299629,0.180328887013813
26180,0.414252099730979,0.276753721762192,0.0531283638791529,0.255865814627677
26181,0.333796777771926,0.156686002833615,0.13875727143691,0.37075994795755
26182,0.0286594234713007,0.60056365342361,0.192764311471065,0.178012611634024
26183,0.245328057900989,0.282158505524494,0.425754297171565,0.0467591394029517
26184,0.0937886058431818,0.229154273560942,0.475037954758072,0.202019165837804
26185,0.414038498820167,0.393147329918045,0.145160405852898,0.0476537654088898
26186,0.125713125319271,0.23611818460068,0.490887854429192,0.147280835650857
26187,0.474100781616038,0.296605048330187,0.120996737443947,0.108297432609828
26188,0.194767723997944,0.308472243085355,0.392871638552475,0.103888394364227
26189,0.43183593813219,0.164808088542477,0.244102278297523,0.15925369502781
26190,0.479273500110229,0.214470680638197,0.197614873744862,0.108640945506713
26191,0.356347100084275,0.31754341467676,0.224061835199048,0.102047650039917
26192,0.12956068299029,0.200278963834533,0.583773809486446,0.0863865436887306
26193,0.238218410734725,0.27925676207517,0.327813991517311,0.154710835672794
26194,0.227641164030081,0.557323198875882,0.105865832017265,0.109169805076772
26195,0.151788363763151,0.450749108192584,0.255668927543214,0.141793600501052
26196,0.271146137430069,0.10059187513745,0.449443296082551,0.17881869134993
26197,0.157583437658256,0.327886143192081,0.191512359437643,0.32301805971202
26198,0.210983641993442,0.668163696217724,0.0822754718825146,0.0385771899063189
26199,0.372677653732659,0.153182781704117,0.145204660630104,0.32893490393312
26200,0.11063413606896,0.324961183764097,0.26905488909755,0.295349791069393
26201,0.521496900782626,0.229243439237318,0.0896928571172375,0.159566802862819
26202,0.56476925594486,0.133730222553434,0.208917997892497,0.0925825236092097
26203,0.504111565936165,0.29987512272555,0.105245589631842,0.0907677217064434
26204,0.31569387928491,0.180974938257444,0.240737399663651,0.262593782793995
26205,0.161507383216919,0.361394214951206,0.244703070174028,0.232395331657847
26206,0.262497782497219,0.180535673391728,0.0805485625295443,0.476417981581509
26207,0.202223984954843,0.26980423032478,0.244911329999496,0.283060454720881
26208,0.522084810102447,0.095334900871963,0.258343722722377,0.124236566303213
26209,0.407334442389953,0.447968843951832,0.0303500789999327,0.114346634658282
26210,0.700387684638394,0.13050968132271,0.0602218067193771,0.108880827319519
26211,0.262849997030364,0.453596316483249,0.0714682460306143,0.212085440455773
26212,0.141070076051792,0.460348662020861,0.122105420602015,0.276475841325332
26213,0.366728488895041,0.355711006894042,0.101478606699719,0.176081897511198
26214,0.0750111120612846,0.170477896009231,0.640218838395098,0.114292153534387
26215,0.174135570447133,0.516127447039812,0.0634700633284778,0.246266919184577
26216,0.107894370114297,0.196689720993337,0.406198004726833,0.289217904165534
26217,0.197664899008718,0.0746061729328458,0.2442531769676,0.483475751090836
26218,0.0810751942178836,0.679129999995816,0.166737929051689,0.0730568767346117
26219,0.411477200069919,0.0834759150142161,0.160864451725113,0.344182433190752
26220,0.0846245371752697,0.185227045878875,0.65024356592297,0.0799048510228856
26221,0.181013364259723,0.195111016856092,0.531684739560926,0.0921908793232593
26222,0.563521324198028,0.136249090222792,0.235011996159133,0.0652175894200471
26223,0.159952389140445,0.453872456135902,0.288118118192194,0.0980570365314592
26224,0.339612755356599,0.165442682942864,0.420093887445405,0.0748506742551323
26225,0.100287597197424,0.177945321041957,0.597374531072217,0.124392550688401
26226,0.227934801535678,0.599490020285781,0.102352636844233,0.0702225413343087
26227,0.192551012777397,0.412705575515139,0.245499166133493,0.149244245573971
26228,0.232647832020327,0.172760711593848,0.45754854321278,0.137042913173045
26229,0.183252277694115,0.328159486862433,0.121587073976574,0.367001161466878
26230,0.081214965585212,0.626387764285964,0.235311330741747,0.0570859393870775
26231,0.511896851184121,0.143004109606791,0.225459093065896,0.119639946143191
26232,0.273552774953235,0.223862938189873,0.344939074012673,0.157645212844219
26233,0.626628781009264,0.105248581554431,0.126333899510145,0.14178873792616
26234,0.487683128150764,0.161972643117599,0.263335935744105,0.0870082929875328
26235,0.111676601015888,0.294791669935193,0.191801544856705,0.401730184192214
26236,0.174246166803255,0.264131142507726,0.418646845485645,0.142975845203374
26237,0.0966959826811217,0.52047021031212,0.0903893980972264,0.292444408909532
26238,0.146157954238628,0.602928210300696,0.087424814498002,0.163489020962674
26239,0.305800881081225,0.230653084514775,0.19960464530459,0.26394138909941
26240,0.375666738923183,0.122450312489212,0.407674887505719,0.0942080610818863
26241,0.183563040775431,0.289713750340715,0.467481234888532,0.059241973995321
26242,0.126430189510085,0.501211624283007,0.289268657828656,0.083089528378252
26243,0.201277721816976,0.613402173825819,0.107091576671195,0.0782285276860105
26244,0.163548945639525,0.286487970991126,0.36403196338772,0.185931119981629
26245,0.191008800743915,0.168756986931136,0.574868306293109,0.0653659060318406
26246,0.357358286617284,0.309501797012308,0.282288594941002,0.0508513214294066
26247,0.465960007341423,0.161334815986261,0.268123496249556,0.104581680422759
26248,0.12613644113907,0.592236991150215,0.168432274677578,0.113194293033138
26249,0.290721571866503,0.366987843762605,0.163362018535536,0.178928565835356
26250,0.503820412721348,0.16991919267845,0.178986069638438,0.147274324961764
26251,0.0805829167235227,0.127510979143606,0.257665206419013,0.534240897713859
26252,0.103949861057818,0.678859513162326,0.0925477458079976,0.124642879971858
26253,0.148349641326396,0.374097483099519,0.221115591758338,0.256437283815747
26254,0.165538988134811,0.0868517739019639,0.617141623089687,0.130467614873539
26255,0.108712683617045,0.219584860257479,0.246266930562289,0.425435525563188
26256,0.448538622610879,0.210470418246663,0.257036576231746,0.0839543829107122
26257,0.198141127237172,0.0895290249197476,0.497519943025744,0.214809904817336
26258,0.080019300018571,0.170429107417604,0.650313348342186,0.0992382442216385
26259,0.419010154171918,0.0975236667867804,0.308665402567254,0.174800776474048
26260,0.422658962292611,0.213879972909418,0.163726000539099,0.199735064258872
26261,0.221042259962543,0.257843333393699,0.106441269204559,0.414673137439199
26262,0.675592099930898,0.115033489554471,0.0760946794542851,0.133279731060347
26263,0.0743637920875468,0.639691248473759,0.116294805822277,0.169650153616418
26264,0.178299849725899,0.193277109185946,0.218395555855021,0.410027485233134
26265,0.296801206389959,0.247446539356806,0.12774103707835,0.328011217174886
26266,0.17987436801405,0.234677516337749,0.28887281630783,0.296575299340371
26267,0.248674358563414,0.0525920931810506,0.520420759777939,0.178312788477597
26268,0.231477748663673,0.0311846916884813,0.549905192450862,0.187432367196984
26269,0.433401656812548,0.0965625492436675,0.163737224395096,0.306298569548688
26270,0.256602011350365,0.425175262468295,0.125231812984331,0.192990913197009
26271,0.201026957200031,0.126421924454184,0.548989870594506,0.12356124775128
26272,0.123700295862149,0.545631950457841,0.089305257690164,0.241362495989847
26273,0.445844665601198,0.191235519748635,0.108793658186344,0.254126156463824
26274,0.678289869419343,0.129002914401376,0.0982946790475534,0.0944125371317284
26275,0.116144882197419,0.721914450380346,0.0405321790408707,0.121408488381364
26276,0.195939775189955,0.0814343335810182,0.445016186968568,0.277609704260459
26277,0.0615863823620473,0.0555492965777558,0.482216581922494,0.400647739137703
26278,0.17946970638137,0.397516134156279,0.243311204489586,0.179702954972764
26279,0.163575324802487,0.304591392019746,0.379578768719293,0.152254514458474
26280,0.441532344854387,0.13004693682066,0.252927404972081,0.175493313352873
26281,0.302766961184363,0.282340618211028,0.207720508922731,0.207171911681878
26282,0.210693277841852,0.48801296199935,0.147485605803524,0.153808154355275
26283,0.231932611465352,0.210355297868345,0.325471735439709,0.232240355226594
26284,0.258106793924464,0.398980738934244,0.122734490091537,0.220177977049756
26285,0.172947175162635,0.211467156745502,0.442999090396251,0.172586577695613
26286,0.562873259621693,0.212337643886668,0.159948380291291,0.0648407162003478
26287,0.163974224421604,0.261841858387716,0.332276281265489,0.241907635925191
26288,0.203487632601834,0.337569862700731,0.292451341845929,0.166491162851506
26289,0.223834368933176,0.397861294004913,0.156737653746567,0.221566683315345
26290,0.180476914952162,0.19478006097881,0.510340107838026,0.114402916231002
26291,0.287671577857336,0.319830607613119,0.241750722972708,0.150747091556837
26292,0.177549744795171,0.272162175610998,0.298342077447823,0.251946002146008
26293,0.161439720909355,0.256954762966136,0.179887513414062,0.401718002710447
26294,0.179681068954818,0.54067023274822,0.20382678622192,0.0758219120750418
26295,0.204430036646376,0.282928504573745,0.273870505204899,0.23877095357498
26296,0.186333479179212,0.223030306599605,0.262928818497334,0.32770739572385
26297,0.200914517004745,0.163556728232237,0.394746650922885,0.240782103840132
26298,0.0959080697801818,0.133848091378384,0.680337558086095,0.0899062807553393
26299,0.0770071861131621,0.520183533540857,0.29719606961498,0.105613210731001
26300,0.209953238880377,0.10637791274266,0.433531783209058,0.250137065167905
26301,0.141444811764702,0.396328814582359,0.158964330802824,0.303262042850115
26302,0.0855837137134957,0.717369302857191,0.104254562676311,0.0927924207530027
26303,0.298846093153955,0.335944316768347,0.143792938581384,0.221416651496315
26304,0.124312418669922,0.118417428730724,0.453626889194377,0.303643263404977
26305,0.564250948744703,0.20157789322923,0.0520323808948996,0.182138777131168
26306,0.327721198662016,0.0593268525558935,0.111559168119017,0.501392780663073
26307,0.0713600831814472,0.528334951497982,0.31498701405226,0.0853179512683112
26308,0.317660777253478,0.0464354804028973,0.130785530230583,0.505118212113042
26309,0.0435507601232667,0.416012157425937,0.133305917785339,0.407131164665457
26310,0.0927778123940201,0.227057282045417,0.549692934066308,0.130471971494254
26311,0.508370282457127,0.263856492841478,0.11205869406759,0.115714530633806
26312,0.22822738424918,0.522297189221686,0.158508838885653,0.0909665876434807
26313,0.137930561821605,0.395031634078492,0.219560641923795,0.247477162176107
26314,0.0397734667726247,0.376256903576221,0.171867663059605,0.412101966591549
26315,0.456992957758361,0.118625247780097,0.0925897042702819,0.33179209019126
26316,0.123556931553102,0.0616670181025948,0.200235814672998,0.614540235671304
26317,0.160996546846621,0.243825675879947,0.126569869986176,0.468607907287255
26318,0.0759704946221056,0.151618585856407,0.232306990936293,0.540103928585195
26319,0.568677626276212,0.0257000690455431,0.0875928587837055,0.318029445894539
26320,0.0617901878403517,0.256410744467708,0.0809102171717391,0.600888850520201
26321,0.567942508103878,0.128567936111547,0.104779281470329,0.198710274314246
26322,0.506162216851406,0.146091559389492,0.162010822304109,0.185735401454994
26323,0.0441274879971959,0.667415388692532,0.171330302377942,0.11712682093233
26324,0.0939374732819065,0.143825049055223,0.0680791679586327,0.694158309704238
26325,0.160298232993466,0.0418812194474849,0.352589572621703,0.445230974937346
26326,0.735798099088002,0.055855312009387,0.114973663945488,0.0933729249571229
26327,0.523791062993794,0.0401990412034915,0.029042796103354,0.406967099699361
26328,0.157061325150419,0.630090259553825,0.026974763372727,0.185873651923029
26329,0.0717833916645808,0.0569068891375064,0.506605024060225,0.364704695137688
26330,0.0516861471173942,0.0906175823692367,0.082471941942043,0.775224328571326
26331,0.304136648048203,0.0588094247924571,0.0514003249200442,0.585653602239296
26332,0.0794827553952053,0.450175316655006,0.028790610048872,0.441551317900917
26333,0.179142206668821,0.0401569107938611,0.146597477298053,0.634103405239265
26334,0.473058220332676,0.0408405788862416,0.0281503462819953,0.457950854499087
26335,0.143983679370361,0.363404033935683,0.346030723942416,0.146581562751541
26336,0.202053938967523,0.292265370315605,0.235978878388161,0.269701812328711
26337,0.492139873975068,0.0730600439577244,0.362238876937439,0.0725612051297689
26338,0.0858117445972997,0.403257877608898,0.113459427011457,0.397470950782345
26339,0.131201561629085,0.47133256356356,0.125772688456832,0.271693186350523
26340,0.203492960211742,0.110183267331509,0.226560835454111,0.459762937002639
26341,0.0570359879292904,0.10888148241578,0.755539020869794,0.0785435087851349
26342,0.386302876087903,0.207499191019036,0.281953258083348,0.124244674809713
26343,0.266352554126869,0.357534474229936,0.24577442865035,0.130338542992845
26344,0.206797816740501,0.274849177766822,0.344411436046738,0.173941569445939
26345,0.323055375530121,0.132443330104484,0.473929800570991,0.0705714937944042
26346,0.0641216745114263,0.0968924915428229,0.118471393714749,0.720514440231002
26347,0.1772602391856,0.696223811535957,0.0445254491630855,0.0819905001153577
26348,0.0882235701464933,0.138874235708834,0.613604541521714,0.159297652622959
26349,0.0911327324278842,0.100674947884112,0.600743415720977,0.207448903967027
26350,0.199165104171983,0.121309167404566,0.26398446304358,0.415541265379871
26351,0.0388954576591923,0.524159525363425,0.277659931809946,0.159285085167437
26352,0.103882460086306,0.193424472754053,0.100125495596009,0.602567571563633
26353,0.0672350457073807,0.436091733632859,0.110774434174409,0.385898786485352
26354,0.304191440784149,0.344421954129883,0.157526617207039,0.193859987878929
26355,0.162877515242588,0.15308623263324,0.225717849306725,0.458318402817447
26356,0.295227841744955,0.126803798500201,0.507687222376503,0.0702811373783405
26357,0.0674810770217553,0.227365846652219,0.3382800238758,0.366873052450226
26358,0.148807674309247,0.261328316472133,0.494268307469991,0.0955957017486292
26359,0.181153299048241,0.253581215650373,0.109539475319581,0.455726009981805
26360,0.276900501025607,0.38747699778536,0.212049104769387,0.123573396419646
26361,0.150690251705816,0.149637444764031,0.456493519419241,0.243178784110912
26362,0.209831819054449,0.159605369726247,0.175649253781442,0.454913557437862
26363,0.0473035471263689,0.423022178678111,0.139768361387735,0.389905912807785
26364,0.618977662522257,0.156913587687067,0.0721442968153678,0.151964452975308
26365,0.0255444757418488,0.402687983628063,0.163027717496454,0.408739823133635
26366,0.332596142076679,0.171282003940701,0.294660345885271,0.20146150809735
26367,0.304222473074941,0.0757619177176944,0.0967518276528224,0.523263781554542
26368,0.125825806652222,0.0873900162010557,0.591377091153072,0.19540708599365
26369,0.0903918538155496,0.376368778500571,0.16503117365467,0.36820819402921
26370,0.644164037065002,0.156998111879998,0.0762523270444286,0.122585524010572
26371,0.058804646296388,0.0739196979986956,0.202565366994281,0.664710288710635
26372,0.182954586210059,0.643753628322792,0.0721923558626248,0.101099429604525
26373,0.123832106060954,0.611306128456599,0.141822813276269,0.123038952206178
26374,0.150302485801528,0.134128522404433,0.2235075102696,0.492061481524438
26375,0.0985635722940431,0.189068460422468,0.580185877163908,0.132182090119581
26376,0.516226276970923,0.186593299443224,0.121152864258121,0.176027559327733
26377,0.195942110799013,0.263418450078919,0.118077766583917,0.422561672538151
26378,0.132856572835997,0.102086532744428,0.370260418718576,0.394796475700999
26379,0.0782264158144694,0.136191150113661,0.676121017373834,0.109461416698037
26380,0.109069192931164,0.244397162457855,0.332040471439924,0.314493173171057
26381,0.663497102835289,0.0972301119465435,0.121771724121133,0.117501061097035
26382,0.256603901367474,0.196958016362329,0.252516183900657,0.293921898369539
26383,0.14743525973943,0.646005373702947,0.086386103479451,0.120173263078172
26384,0.192723511029951,0.0847211464359009,0.39710818300731,0.325447159526838
26385,0.0421919153215696,0.281424696964518,0.074001197112796,0.602382190601116
26386,0.0439932150802147,0.118534065687202,0.509761843290172,0.327710875942412
26387,0.0880006189557976,0.136436588390742,0.218476932187855,0.557085860465605
26388,0.184859184616542,0.146350073762273,0.30924034559609,0.359550396025095
26389,0.114631876763757,0.459752483328666,0.213076914769772,0.212538725137805
26390,0.264605624679977,0.367951014088699,0.176407661411085,0.191035699820239
26391,0.227744648184402,0.175220957471933,0.531427577831981,0.0656068165116829
26392,0.200201147153647,0.322382088919127,0.35827720975182,0.119139554175405
26393,0.094593187237135,0.263038854902147,0.313285968498981,0.329081989361737
26394,0.420589570353159,0.232775205825084,0.166065381857102,0.180569841964654
26395,0.550757920396102,0.153027380270221,0.0736124078937466,0.222602291439931
26396,0.307750336856557,0.217039118391324,0.218203927648025,0.257006617104093
26397,0.300759771873784,0.182689969217417,0.244248777198018,0.272301481710782
26398,0.222590083759061,0.252508209597636,0.0763495838402356,0.448552122803068
26399,0.195028580629261,0.490604866610526,0.105353219476569,0.209013333283644
26400,0.243834311866939,0.116804233850543,0.227235698205285,0.412125756077233
26401,0.199133759810332,0.303027268254307,0.289442876106323,0.208396095829038
26402,0.0369899112070147,0.563676696532105,0.170957637783192,0.228375754477689
26403,0.226850672507152,0.543890046726075,0.0815277436704638,0.14773153709631
26404,0.56926342331831,0.0796808754474388,0.131130040118094,0.219925661116157
26405,0.0679677710797417,0.697079769441514,0.0969385440840482,0.138013915394696
26406,0.246920363370436,0.0929399706710366,0.534661223828346,0.125478442130182
26407,0.142355807504695,0.153809269935507,0.35217262165911,0.351662300900688
26408,0.228226132785632,0.0975044792693837,0.373963898324334,0.30030548962065
26409,0.196848485835353,0.554801275499069,0.109171040775077,0.139179197890501
26410,0.0669890995455596,0.0745881502331778,0.545421992839794,0.313000757381469
26411,0.305168032018398,0.394331854088396,0.212103451642562,0.0883966622506435
26412,0.312869399318384,0.284373249688038,0.297764055245034,0.104993295748543
26413,0.220229242038124,0.171263737650672,0.433732035828553,0.17477498448265
26414,0.170636092385498,0.295588568361065,0.294774413084578,0.239000926168859
26415,0.349661449819203,0.475970400077137,0.113025373043438,0.061342777060222
26416,0.169838263666012,0.21621034332683,0.50761651921085,0.106334873796308
26417,0.212568822993007,0.40592952267021,0.17387528448632,0.207626369850463
26418,0.251244052352266,0.256168177188534,0.21037256335984,0.28221520709936
26419,0.174318616573664,0.342666479918963,0.280245477404335,0.202769426103037
26420,0.479652541222068,0.149917705593489,0.186447978562872,0.183981774621571
26421,0.592942011352497,0.20074688087269,0.13075907395976,0.0755520338150526
26422,0.290821988189534,0.151747488448523,0.307338465295516,0.250092058066427
26423,0.146031568627634,0.350928871698185,0.3200398996349,0.182999660039281
26424,0.489134964009906,0.174944816905214,0.149069766038226,0.186850453046654
26425,0.190340858489897,0.224566341210878,0.436895136957478,0.148197663341747
26426,0.172942099850004,0.168207528903222,0.426580182783947,0.232270188462827
26427,0.187065557825956,0.470456803660485,0.232215346937299,0.11026229157626
26428,0.295461266230199,0.399305746780672,0.127717480345348,0.177515506643782
26429,0.0738124631886211,0.637684524328888,0.196501137513036,0.0920018749694545
26430,0.232866565614473,0.305299430114681,0.379064821713439,0.0827691825574071
26431,0.328965309496155,0.414566843514811,0.208115874630925,0.0483519723581093
26432,0.123490948290026,0.539843480672992,0.233729098475321,0.102936472561661
26433,0.280856071923925,0.287667160996512,0.32722985461204,0.104246912467523
26434,0.248203552116792,0.385037923455886,0.233850002078828,0.132908522348494
26435,0.238219590651601,0.407889658544809,0.155169569649789,0.198721181153801
26436,0.488229793931313,0.166545100121627,0.263775155139581,0.0814499508074799
26437,0.132945690180616,0.173535505445652,0.5880507985316,0.105468005842133
26438,0.16699905473998,0.41880443259579,0.344838115848785,0.0693583968154451
26439,0.176198426803641,0.122748465559123,0.641346322501495,0.059706785135741
26440,0.19164720484188,0.473001326219773,0.246497120832738,0.0888543481056093
26441,0.154562139762154,0.635066034479135,0.121917371125156,0.0884544546335554
26442,0.528617906283974,0.201672214956021,0.101572929068126,0.168136949691879
26443,0.607889103654124,0.176225413894684,0.159589941680993,0.0562955407701992
26444,0.695729014121213,0.100770908096752,0.15561835003036,0.0478817277516749
26445,0.352547352595213,0.397255843048063,0.136451192246318,0.113745612110406
26446,0.46647291158744,0.364579122320267,0.0660248462450154,0.102923119847278
26447,0.277861371737676,0.333697129103245,0.3062776553683,0.0821638437907786
26448,0.276889367796089,0.269941087762121,0.335592871405163,0.117576673036627
26449,0.50162046202516,0.1476549450905,0.0553662971066967,0.295358295777643
26450,0.322366451622189,0.160151564443749,0.033746291104134,0.483735692829928
26451,0.297670534829552,0.350881529806751,0.23085376000257,0.120594175361127
26452,0.064994983842505,0.386169410649192,0.182265434014537,0.366570171493766
26453,0.0490609601812491,0.133006315455573,0.633533764732652,0.184398959630525
26454,0.236233241619668,0.0487062588709678,0.268111877943453,0.446948621565911
26455,0.0727131631391551,0.349322149539344,0.0398736027576926,0.538091084563808
26456,0.112117493774542,0.112346264558989,0.199406430727664,0.576129810938805
26457,0.0893049430788607,0.161161167069125,0.340287920677337,0.409245969174677
26458,0.0887439772024332,0.359762803940351,0.063735723731992,0.487757495125223
26459,0.0259096238460515,0.0446147440671931,0.455504557125998,0.473971074960758
26460,0.0500713763638517,0.218763955632389,0.0430568419390757,0.688107826064684
26461,0.0958906230459822,0.194961225340643,0.394513447348374,0.314634704265001
26462,0.405304011067043,0.274920456682497,0.0342125975011928,0.285562934749267
26463,0.0516126130290152,0.0609147180334028,0.523687839349384,0.363784829588198
26464,0.0260974274722731,0.215517352969094,0.204805619725399,0.553579599833234
26465,0.0219106177588663,0.26079302250894,0.139403343408037,0.577893016324157
26466,0.110493436493871,0.443978267829532,0.0231090771523138,0.422419218524283
26467,0.537892982953739,0.0290012245065993,0.0167317975795206,0.416373994960141
26468,0.247755223799275,0.432652463782852,0.24418046126616,0.0754118511517132
26469,0.393193080183911,0.274123651916409,0.225531401661237,0.107151866238443
26470,0.160636633501296,0.336109183742504,0.359536710844632,0.143717471911569
26471,0.473115555915754,0.271030364163738,0.209864348870269,0.0459897310502393
26472,0.0995389918144644,0.181834822876475,0.677723391015751,0.0409027942933092
26473,0.585429255866646,0.131302232162148,0.167812445323113,0.115456066648093
26474,0.0977727876435851,0.29249042674274,0.497895448639213,0.111841336974461
26475,0.314821339888322,0.177293766320057,0.310464492758039,0.197420401033583
26476,0.173770404702363,0.305601435259693,0.205682799504169,0.314945360533775
26477,0.168414821372415,0.199651737618987,0.48886567622366,0.143067764784938
26478,0.285086760996822,0.238704861853707,0.327083348576152,0.149125028573319
26479,0.194728483054314,0.268006838441817,0.404140584692705,0.133124093811164
26480,0.398403311241537,0.246595458284469,0.234447519298799,0.120553711175195
26481,0.185340378474126,0.169382146387743,0.461408931390095,0.183868543748036
26482,0.261003618027021,0.162161002074583,0.426976852448045,0.149858527450351
26483,0.244177497557603,0.357956942287551,0.194259358705633,0.203606201449213
26484,0.122915962941761,0.188377324150306,0.553321617573368,0.135385095334565
26485,0.122096321818305,0.597530864406606,0.192295094370612,0.0880777194044777
26486,0.270221477583049,0.199706069404283,0.176668571435742,0.353403881576927
26487,0.106942701122106,0.204599639947143,0.5960224387915,0.092435220139251
26488,0.157605982024022,0.329025971918476,0.330888617960636,0.182479428096866
26489,0.282524914495666,0.241118405272413,0.300413885293528,0.175942794938394
26490,0.271785694465245,0.246454148653212,0.310814377888926,0.170945778992618
26491,0.328930812442941,0.376961269375196,0.221303089159592,0.072804829022272
26492,0.218801700590564,0.432567318181947,0.24271169506735,0.105919286160139
26493,0.193976676176139,0.107488305432156,0.513932201376268,0.184602817015437
26494,0.371029562479368,0.34402722685615,0.147008843267396,0.137934367397085
26495,0.509858757376374,0.178458334210107,0.0699145075161289,0.24176840089739
26496,0.155742605867993,0.119853494625657,0.657298965129354,0.0671049343769969
26497,0.2536255682061,0.120132777430882,0.53430340899675,0.0919382453662688
26498,0.482410620101576,0.119839410637041,0.208369854042539,0.189380115218844
26499,0.235732915238103,0.157399347510155,0.354774369768297,0.252093367483446
26500,0.192327295783064,0.513358919291562,0.180295086333761,0.114018698591614
26501,0.447418988136314,0.164114406198068,0.186861128336755,0.201605477328864
26502,0.471067377307245,0.181989104663534,0.189302169359012,0.157641348670209
26503,0.123390209592627,0.573601002883406,0.217219032600609,0.0857897549233583
26504,0.0982452381834556,0.120058601187206,0.277392786015466,0.504303374613873
26505,0.0777786289605167,0.458247851278062,0.225288564859326,0.238684954902096
26506,0.0978437087192732,0.295938615110101,0.313206988589605,0.29301068758102
26507,0.562083200875387,0.165528390537788,0.0853809942997621,0.187007414287064
26508,0.291726560912496,0.335171362760532,0.0508468124825326,0.322255263844439
26509,0.128694058275699,0.707857456850399,0.0382413938129256,0.125207091060977
26510,0.188455226982637,0.227752851486354,0.173989924790825,0.409801996740185
26511,0.0743170155145708,0.297107009304733,0.55475610550026,0.0738198696804363
26512,0.106252455342471,0.159509373800683,0.123697599159438,0.610540571697408
26513,0.105506638022267,0.353560973706,0.424661270568045,0.116271117703688
26514,0.0890110472324262,0.414683863612607,0.147564494146255,0.348740595008712
26515,0.259519076206091,0.127063717978561,0.492334467392155,0.121082738423192
26516,0.171078160184684,0.0860135066881353,0.174814163157016,0.568094169970165
26517,0.14317247230749,0.33839526187451,0.135992213508429,0.382440052309572
26518,0.116555468345389,0.0608841310380988,0.356803484297895,0.465756916318617
26519,0.418306922354828,0.151006453264274,0.114016556037049,0.316670068343849
26520,0.583031026202334,0.108461548557896,0.0618429882793382,0.246664436960432
26521,0.132791690863007,0.423728656452358,0.0584068646041476,0.385072788080488
26522,0.823232892158524,0.0567771171519117,0.039948566191257,0.0800414244983071
26523,0.0464758328736596,0.434989434980491,0.271484028227967,0.247050703917882
26524,0.317986769278845,0.0714788905618585,0.0698539603264273,0.540680379832869
26525,0.322088150574942,0.180039214216912,0.172436855788111,0.325435779420035
26526,0.191022213327342,0.519018297380048,0.211207156867835,0.0787523324247755
26527,0.191815324411929,0.195484299813336,0.430838077937677,0.181862297837058
26528,0.0868812228372391,0.48178123754454,0.352631083816548,0.0787064558016725
26529,0.281098764158088,0.14396997046986,0.476746931640385,0.0981843337316671
26530,0.539897016745226,0.24884726611296,0.108103255970801,0.103152461171013
26531,0.107404641823095,0.253461149355515,0.475315815482872,0.163818393338518
26532,0.199235705767475,0.614652807576272,0.0950530660490467,0.0910584206072059
26533,0.133826284492631,0.599628081049066,0.160406587420593,0.10613904703771
26534,0.610584664842146,0.140350374011426,0.162904326567188,0.0861606345792402
26535,0.0931821334758166,0.252635947143733,0.531481953076138,0.122699966304313
26536,0.161141790855033,0.129266476917207,0.214617051315253,0.494974680912507
26537,0.204174085339387,0.499934815693917,0.159122695754151,0.136768403212545
26538,0.0758771997786509,0.110487915438464,0.662647053121265,0.15098783166162
26539,0.100570353320412,0.477544303416024,0.2817519013852,0.140133441878364
26540,0.322933251249026,0.34032462163446,0.202611881879719,0.134130245236796
26541,0.370469187751794,0.113332576022042,0.0438904191259089,0.472307817100255
26542,0.309429692964003,0.243008545174384,0.17006789382429,0.277493868037323
26543,0.314959780086888,0.292601951940802,0.0462304413175947,0.346207826654716
26544,0.16729278661401,0.448390480165101,0.16944061186265,0.21487612135824
26545,0.232163511362109,0.202656209003257,0.139410233479114,0.42577004615552
26546,0.221672042620611,0.261058612480581,0.282037968343402,0.235231376555407
26547,0.494276516561201,0.132174568376532,0.0863266909485685,0.287222224113699
26548,0.462225002907003,0.16302873549349,0.287537371525618,0.0872088900738892
26549,0.129552947011465,0.166766624239245,0.546834131984394,0.156846296764896
26550,0.150900299470204,0.0969921262996211,0.673738824710696,0.0783687495194786
26551,0.127263670860576,0.307297106376087,0.416238003661649,0.149201219101688
26552,0.310414974762732,0.158441961389395,0.231825005763226,0.299318058084648
26553,0.220370178329592,0.485793723444748,0.103402938167804,0.190433160057857
26554,0.320459952947781,0.351891136974055,0.254038192859158,0.0736107172190055
26555,0.137259195622661,0.0801123163217542,0.538412266985757,0.244216221069829
26556,0.170884534910714,0.161429185345544,0.221537225644766,0.446149054098976
26557,0.320180855259835,0.10267855865779,0.0732684892871331,0.503872096795242
26558,0.199088163394598,0.161235229385807,0.483361155342169,0.156315451877426
26559,0.289304859458688,0.309279546169098,0.0491617365218556,0.352253857850358
26560,0.13174991905668,0.157843541987338,0.466919441096111,0.243487097859872
26561,0.104742685330496,0.43277735253233,0.127939005460308,0.334540956676866
26562,0.0959074887909648,0.307710978899086,0.416076281460498,0.180305250849451
