No,Ch1,Ch2,Ch3,Ch4
21566,0.2336839045597,0.169094558026334,0.468923014273029,0.128298523140937
21567,0.0761543345197262,0.45436715248934,0.324864758809605,0.144613754181329
21568,0.377758582386602,0.361124434897296,0.163166855598761,0.0979501271173402
21569,0.430646733985648,0.15423011864524,0.290121172780094,0.125001974589018
21570,0.269019359397212,0.244658385857985,0.425390423242965,0.0609318315018379
21571,0.108001494265661,0.608172668691501,0.201661192796217,0.0821646442466212
21572,0.220061293377145,0.0560868122721585,0.558884424925304,0.164967469425392
21573,0.117483777209014,0.167611227965226,0.22312068702073,0.49178430780503
21574,0.161029377671276,0.262565521992235,0.425072646570287,0.151332453766202
21575,0.049739461067828,0.118790894450482,0.713341857940546,0.118127786541144
21576,0.184333835570501,0.143964420727627,0.396553246060534,0.275148497641338
21577,0.10670385115103,0.129530435002567,0.702614776822376,0.0611509370240268
21578,0.357846682692612,0.290335977630419,0.170711041424042,0.181106298252926
21579,0.0579835916715168,0.149377872355269,0.183719728674998,0.608918807298216
21580,0.0762868785631135,0.392373461539871,0.273187702537555,0.258151957359461
21581,0.325391118994586,0.093274078043234,0.273934257322418,0.307400545639762
21582,0.111298433150067,0.17761497126178,0.348765312181808,0.362321283406345
21583,0.103306584019957,0.159498191425578,0.322203958155063,0.414991266399402
21584,0.241854011937596,0.255993516009045,0.0626661838746823,0.439486288178677
21585,0.366419845900964,0.199305566408036,0.169647819568747,0.264626768122254
21586,0.204968415694068,0.327227732271536,0.278466802488833,0.189337049545562
21587,0.0297401715343389,0.544767745353628,0.213689027657269,0.211803055454764
21588,0.0566055365773779,0.0983730841017727,0.584871547933436,0.260149831387414
21589,0.14922208247753,0.0974748621924551,0.540911484023701,0.212391571306314
21590,0.0245948731221502,0.201075994255083,0.52750204574136,0.246827086881407
21591,0.0229811681680856,0.207931264772584,0.481927239474663,0.287160327584668
21592,0.0639800468094615,0.264202533349522,0.0663775399646904,0.605439879876326
21593,0.667440522430853,0.107884424539187,0.117869154487287,0.106805898542672
21594,0.134602677364395,0.164144098077071,0.220415275083761,0.480837949474773
21595,0.334141634506601,0.124763601719999,0.058121333818639,0.482973429954761
21596,0.125552682718617,0.61300741710628,0.102466859755104,0.158973040419999
21597,0.402819612119523,0.177013378681004,0.0386828304939052,0.381484178705568
21598,0.116708780319718,0.351990160402601,0.294039733878724,0.237261325398957
21599,0.198874215973114,0.495562021936136,0.196028850871279,0.109534911219472
21600,0.0539553171632089,0.167546587862051,0.077465249561424,0.701032845413316
21601,0.0352705524613701,0.145046732216201,0.292816224529408,0.526866490793021
21602,0.024545721594946,0.46075023380851,0.334266558172698,0.180437486423846
21603,0.554840573196189,0.0219717055092955,0.095839234309077,0.327348486985438
21604,0.0257007707017087,0.228286887995664,0.339783332713807,0.406229008588821
21605,0.173326302009784,0.0408620376081921,0.5206671104869,0.265144549895124
21606,0.266982554767663,0.0175817305280559,0.338153852058417,0.377281862645863
21607,0.483802534063368,0.0499448024187193,0.0474137821436276,0.418838881374285
21608,0.186212575874833,0.47358559043702,0.0123397318474079,0.327862101840739
21609,0.0321704181067948,0.0404801537241312,0.438754608469367,0.488594819699707
21610,0.281806823883467,0.310847462497012,0.0117702187963362,0.395575494823185
21611,0.0352653907120722,0.0234116094360329,0.592501457285407,0.348821542566488
21612,0.715799026289115,0.068778398347271,0.125794654714759,0.0896279206488553
21613,0.014567110481585,0.165574889413702,0.235650476384726,0.584207523719986
21614,0.0529366290877539,0.41112118921657,0.246139725897135,0.289802455798541
21615,0.188594123185822,0.342790044561009,0.0164394459270731,0.452176386326096
21616,0.210487337617242,0.0130775062056609,0.593114385267915,0.183320770909182
21617,0.265895785309408,0.31587616202982,0.157773707120902,0.26045434553987
21618,0.117131088839392,0.0555687244123226,0.182982208417754,0.644317978330531
21619,0.0782463238239613,0.0917701121067456,0.0249503039402838,0.805033260129009
21620,0.0370599757243409,0.802969355957382,0.0335271593528503,0.126443508965426
21621,0.147305619161728,0.279249098794059,0.119201177277067,0.454244104767146
21622,0.0613890482071567,0.150724166215781,0.078871738968992,0.70901504660807
21623,0.343727894108268,0.224165085426472,0.341868750607696,0.0902382698575639
21624,0.339648672412448,0.344209071688663,0.203959561940254,0.112182693958635
21625,0.155067031531499,0.159932544654495,0.584010241646523,0.100990182167483
21626,0.398603156476025,0.207639546910579,0.294295506424026,0.0994617901893698
21627,0.272401639279611,0.14545424135353,0.432941099103422,0.149203020263437
21628,0.157398704715905,0.312153153918799,0.482172557036967,0.0482755843283283
21629,0.355813217311954,0.258980516512015,0.246533792937389,0.138672473238643
21630,0.288026735592728,0.257887855880272,0.212968768422267,0.241116640104733
21631,0.149675573616107,0.25419852651282,0.567787342618725,0.0283385572523484
21632,0.172717080461998,0.221199584569495,0.480797689266464,0.125285645702044
21633,0.209292967936413,0.369849227411583,0.220048256305395,0.200809548346609
21634,0.262653669036007,0.519526346590967,0.172630488187624,0.045189496185403
21635,0.165298987448308,0.523616865537665,0.252283518159083,0.058800628854944
21636,0.466314515332489,0.202383770866929,0.218798266559512,0.112503447241071
21637,0.326214578560175,0.446386643965307,0.15136759142988,0.0760311860446383
21638,0.308553047194749,0.271283178820784,0.332154580596112,0.0880091933883556
21639,0.199503612829917,0.547446779890592,0.172012301147507,0.081037306131984
21640,0.42045557409486,0.36870286555407,0.160821138759345,0.0500204215917253
21641,0.427249363059377,0.145767431272807,0.344254161167751,0.0827290445000642
21642,0.340436932134732,0.357842543418762,0.163173385291267,0.138547139155239
21643,0.174229430543168,0.25666215650876,0.394730035545254,0.174378377402819
21644,0.23443592210283,0.280890368834193,0.259641775834177,0.225031933228799
21645,0.099079895669526,0.599747800800882,0.172803329143649,0.128368974385943
21646,0.237635661849604,0.168563403846866,0.495905092272182,0.0978958420313481
21647,0.16173113720495,0.267418681577049,0.420043348263309,0.150806832954692
21648,0.338588347869692,0.142904791107914,0.34909198697526,0.169414874047134
21649,0.558337809356011,0.145590426135096,0.212542780817279,0.0835289836916148
21650,0.250618185718209,0.362863743681314,0.222060926192998,0.16445714440748
21651,0.372962075101905,0.137608701350481,0.178086622239978,0.311342601307637
21652,0.0852306678708095,0.138875284518008,0.16916135396084,0.606732693650343
21653,0.622323338880165,0.127919400317552,0.164823143770767,0.0849341170315167
21654,0.597558783701663,0.178360034837613,0.155835829241575,0.0682453522191484
21655,0.252016580022093,0.170017467414769,0.516754587550485,0.0612113650126539
21656,0.447211492506361,0.132475666327987,0.216660941997496,0.203651899168157
21657,0.566323946576138,0.113634867682888,0.150971085498238,0.169070100242735
21658,0.346186131962728,0.129953537583773,0.330376062027199,0.193484268426301
21659,0.501474440602345,0.189532028922047,0.111984327759782,0.197009202715826
21660,0.112630241571337,0.113634007207133,0.239751384626162,0.533984366595369
21661,0.107641469654343,0.390094171698657,0.179492219491245,0.322772139155756
21662,0.0606328796606352,0.572083832708439,0.118356594699843,0.248926692931082
21663,0.211530690460077,0.168644640182137,0.505727636426832,0.114097032930954
21664,0.0348297713294286,0.488817286018148,0.212837728433379,0.263515214219044
21665,0.308852387494952,0.301402773309463,0.154377601442159,0.235367237753426
21666,0.0662483029017291,0.359745893153674,0.279709244560586,0.294296559384011
21667,0.0272958172631198,0.448947776279037,0.304563461199736,0.219192945258107
21668,0.219117627076652,0.277725058214616,0.240693873261554,0.262463441447178
21669,0.300007043083081,0.228221303311813,0.0795028615348201,0.392268792070287
21670,0.146922915753463,0.425612939721688,0.125867979534123,0.301596164990726
21671,0.101951889748799,0.513845807071317,0.334945979427072,0.0492563237528112
21672,0.0454899522725106,0.205677657700847,0.525861743115229,0.222970646911413
21673,0.360298862875773,0.211096244500217,0.0433012459676286,0.385303646656381
21674,0.376350870837083,0.0936336516418343,0.320660557754817,0.209354919766266
21675,0.398962091609942,0.133883601694108,0.0895720939937523,0.377582212702198
21676,0.0844186352992746,0.596707658457554,0.182515651308587,0.136358054934585
21677,0.520194190738009,0.0576693826460974,0.270048035770908,0.152088390844986
21678,0.114260287670405,0.619677413973165,0.205085938218225,0.0609763601382049
21679,0.155003977055587,0.519782050353373,0.0703084650447339,0.254905507546306
21680,0.245300336971837,0.159461929450444,0.484538513479158,0.11069922009856
21681,0.311459525507046,0.0443704037007115,0.261735970523598,0.382434100268645
21682,0.327783773712757,0.299824973809185,0.0569142868682809,0.315476965609777
21683,0.297291062306013,0.0224815833860086,0.424339232038492,0.255888122269486
21684,0.394681683093883,0.0300980227592709,0.261599332955222,0.313620961191625
21685,0.0908550677477639,0.317508176627358,0.0918254137111087,0.49981134191377
21686,0.0667361865661913,0.535649231141311,0.144804522852848,0.25281005943965
21687,0.177493457607833,0.113433364504493,0.35583970041058,0.353233477477094
21688,0.232941785577237,0.156775082704576,0.0527815036723862,0.557501628045801
21689,0.155593219678504,0.643579659314127,0.0595676505598659,0.141259470447503
21690,0.679946585954603,0.197400589504552,0.0193622592529493,0.103290565287896
21691,0.118289626615766,0.469168750845911,0.0885902123783901,0.323951410159933
21692,0.0248544254007821,0.36341005215673,0.519249674208712,0.0924858482337751
21693,0.067542572057314,0.637837985227962,0.0539507108869232,0.240668731827801
21694,0.0633054128585367,0.392701660610364,0.0943090365322869,0.449683889998813
21695,0.502208530395116,0.262543206076909,0.115453753530506,0.11979450999747
21696,0.56238844017204,0.18216508643032,0.0287338455475906,0.22671262785005
21697,0.553649608146321,0.130544764553609,0.121878997851559,0.193926629448511
21698,0.0950748941216491,0.0363484510447763,0.799270831771512,0.0693058230620626
21699,0.275415742722413,0.526480134295607,0.0341453831802854,0.163958739801695
21700,0.231660330389876,0.258086396234288,0.201131415765088,0.309121857610748
21701,0.402950331041429,0.18771138552697,0.132829680346014,0.276508603085587
21702,0.0555050374271893,0.530453508336646,0.119603806500903,0.294437647735262
21703,0.0976669610421211,0.446326089248745,0.0583188670196062,0.397688082689528
21704,0.0664207188365386,0.235587906017914,0.401688884325689,0.296302490819858
21705,0.130824362424977,0.0374747621457822,0.422952067198008,0.408748808231233
21706,0.072234628774979,0.437143885888138,0.0577778986375384,0.432843586699345
21707,0.0596611568598431,0.504082243554441,0.148826948574623,0.287429651011093
21708,0.0353413578291278,0.444834895863875,0.134885806357959,0.384937939949038
21709,0.328898325178961,0.143208517639618,0.0202895941494488,0.507603563031973
21710,0.297989733783207,0.0593949297922234,0.0555629709068051,0.587052365517765
21711,0.0286312090975727,0.475724516090393,0.106693871277669,0.388950403534365
21712,0.0461169213250316,0.320995374402239,0.0356634921909269,0.597224212081802
21713,0.685757956217051,0.0699443257270002,0.078502632530248,0.165795085525701
21714,0.0407015247737126,0.63249431921744,0.0477517095374772,0.279052446471371
21715,0.493543817837231,0.105079896049639,0.169011956283424,0.232364329829706
21716,0.0674106105334394,0.103290285327239,0.177645801491312,0.65165330264801
21717,0.222431057724246,0.0236470802601489,0.383452979136817,0.370468882878788
21718,0.35349755556334,0.401848902350059,0.0227078995937008,0.2219456424929
21719,0.222565906147257,0.169130075177411,0.149523303161731,0.458780715513601
21720,0.303238251369322,0.291819299247898,0.0471290853209627,0.357813364061818
21721,0.114963715369794,0.169894347127197,0.416687776639812,0.298454160863197
21722,0.598041770957296,0.210857241694194,0.037830936627553,0.153270050720958
21723,0.0318949193760047,0.312044691018498,0.194946116105452,0.461114273500046
21724,0.276604505408346,0.205241494871244,0.221685437677721,0.296468562042689
21725,0.039533974513588,0.146859087275081,0.183705677485,0.629901260726331
21726,0.0158334143885922,0.328368405298691,0.338394255157328,0.317403925155389
21727,0.189062563069152,0.051212684457392,0.60649003885577,0.153234713617686
21728,0.050857759783709,0.0892111558804658,0.319337422487081,0.540593661848745
21729,0.198368005008086,0.211122071949783,0.0918170523035645,0.498692870738566
21730,0.415593469861563,0.0279241414153329,0.0542134843516107,0.502268904371494
21731,0.228076511149141,0.127055800881122,0.421963778208221,0.222903909761516
21732,0.287495697695599,0.139039834231066,0.0424741953684676,0.530990272704867
21733,0.5303678883125,0.2826781058952,0.0502248351889588,0.136729170603342
21734,0.0184267656331394,0.6397101355963,0.197057705361071,0.144805393409489
21735,0.172951737109027,0.306509104858162,0.0223202957936166,0.498218862239194
21736,0.740099895521191,0.0482344501509008,0.0645019095193617,0.147163744808546
21737,0.379874954431626,0.2753687323271,0.292684890232429,0.0520714230088445
21738,0.321581891630187,0.349578849085731,0.252889073532365,0.0759501857517162
21739,0.291799895824285,0.302676688154277,0.332189500501661,0.073333915519776
21740,0.088456731450167,0.56392452677426,0.285602169960278,0.0620165718152948
21741,0.207978566545769,0.451230934577919,0.211052218769027,0.129738280107285
21742,0.289472766292002,0.244214465314339,0.324078497982441,0.142234270411218
21743,0.362343815946481,0.427110910414724,0.0616459532203716,0.148899320418423
21744,0.279588086934256,0.280517476261999,0.369006860282618,0.0708875765211279
21745,0.229351682960273,0.14092764230464,0.443763521438437,0.185957153296651
21746,0.343627049622127,0.402377088226786,0.136942469952063,0.117053392199024
21747,0.648140103126055,0.146231103541988,0.143954559623368,0.0616742337085895
21748,0.339696889916901,0.446281831098577,0.129582309795649,0.0844389691888727
21749,0.116439119109707,0.444066879599926,0.31072210723694,0.128771894053426
21750,0.124877777097326,0.166364966340422,0.467948575202992,0.240808681359261
21751,0.558686557259959,0.105693989372428,0.2916723952523,0.0439470581153125
21752,0.458725288909833,0.11766369737094,0.223706456640906,0.199904557078321
21753,0.335853347684906,0.213386460369978,0.251130725719451,0.199629466225664
21754,0.10135911220987,0.630742382675414,0.0847825628863567,0.183115942228359
21755,0.165461534968674,0.315746527939276,0.309786452921632,0.209005484170418
21756,0.0575479656357734,0.332892718622133,0.15087815221748,0.458681163524614
21757,0.107648192372013,0.530410364145915,0.014635466114541,0.347305977367531
21758,0.182393341507785,0.177567295199714,0.18311517375314,0.456924189539362
21759,0.348968586813572,0.410454239025297,0.120387424062056,0.120189750099075
21760,0.102819892744978,0.0313324222027522,0.393028148215475,0.472819536836795
21761,0.0739428700698673,0.116830931616392,0.440766693586119,0.368459504727622
21762,0.0165216085408222,0.834491004411896,0.0101834912270331,0.138803895820248
21763,0.440806822620872,0.0363449996464393,0.0158112492613149,0.507036928471374
21764,0.253328415664497,0.0275247373890055,0.498704299344094,0.220442547602404
21765,0.446749883253442,0.134228989825135,0.070678361322417,0.348342765599006
21766,0.027917573122473,0.352347139771559,0.0198353222277587,0.599899964878209
21767,0.0442260076556223,0.114672593253711,0.339773601645939,0.501327797444727
21768,0.180376932751153,0.250792508428595,0.33424812655063,0.234582432269622
21769,0.161053006879837,0.110036856378205,0.0360663439586868,0.692843792783272
21770,0.0519960693503396,0.392626031006217,0.228130512607036,0.327247387036408
21771,0.0106785482919328,0.0633612480217571,0.347507263747679,0.578452939938631
21772,0.0734741617366275,0.25429843374834,0.193589969853982,0.478637434661051
21773,0.0828302764159847,0.489421405339796,0.0340206853895316,0.393727632854688
21774,0.0146072947367938,0.0874277110725982,0.506690921155106,0.391274073035502
21775,0.237261005533552,0.289959799748898,0.243309644529418,0.229469550188133
21776,0.279131085216165,0.376513989941112,0.14280334444432,0.201551580398404
21777,0.0508187898947191,0.0289246559632427,0.682500373286393,0.237756180855646
21778,0.377047742679839,0.131131663744841,0.156023324434364,0.335797269140956
21779,0.203185837994908,0.346303179565608,0.113134035573292,0.337376946866193
21780,0.207505164483119,0.0926736610836841,0.415512370081909,0.284308804351288
21781,0.11806527594242,0.0898044265130445,0.523086097632838,0.269044199911698
21782,0.472245524721438,0.0263246174229608,0.366289940241573,0.135139917614028
21783,0.279976050587212,0.0533181920693833,0.203815323747148,0.462890433596258
21784,0.604538496754617,0.179204171650309,0.0722699856354071,0.143987345959667
21785,0.0773430520058901,0.657192043958209,0.193846851500383,0.0716180525355177
21786,0.0551415597670583,0.0494260570592925,0.284827502331872,0.610604880841778
21787,0.0432336923832506,0.741275811888294,0.057165443631449,0.158325052097006
21788,0.346365632208811,0.279953473698009,0.0357882528507476,0.337892641242433
21789,0.0761424959916067,0.230015407635968,0.209947801625835,0.483894294746591
21790,0.646137482136512,0.0754094207519267,0.0500376895715597,0.228415407540001
21791,0.285479201360396,0.11905732504604,0.143461285972679,0.452002187620885
21792,0.052328243373925,0.288197502473967,0.403209981784192,0.256264272367916
21793,0.0893689347192762,0.231243035237744,0.519459808334418,0.159928221708562
21794,0.0569187249998116,0.618272289985778,0.203575768277472,0.121233216736939
21795,0.306474242146269,0.0203777281768786,0.545345558561286,0.127802471115567
21796,0.262500210637605,0.214165103689264,0.190648410749957,0.332686274923175
21797,0.280963178255797,0.366472435071544,0.134576639743162,0.217987746929497
21798,0.480565408892454,0.0463977083007898,0.221566885685605,0.251469997121151
21799,0.0518927669745079,0.0491475942043216,0.266408745843015,0.632550892978156
21800,0.0817257709273564,0.0747971788729059,0.364692552973069,0.478784497226668
21801,0.135700466346867,0.13721098453927,0.196786452304769,0.530302096809094
21802,0.0206720358054935,0.157470150283243,0.451662934372902,0.370194879538361
21803,0.0779055311455207,0.0912021276885485,0.593813217511957,0.237079123653974
21804,0.183046742211424,0.478508510287313,0.0886902638351961,0.249754483666067
21805,0.522421727399337,0.0627529237775474,0.0914596118405661,0.323365736982549
21806,0.0795049030092595,0.405660321741991,0.151116479930751,0.363718295317999
21807,0.142686774354998,0.365669477247054,0.131929210777576,0.359714537620371
21808,0.190906057049508,0.0778295068363927,0.128974774307729,0.60228966180637
21809,0.571532667782941,0.0308878131077852,0.0571538505084882,0.340425668600786
21810,0.825008852313509,0.0272408008622033,0.0755781139513803,0.0721722328729079
21811,0.294179863231691,0.498556589538435,0.126834272299329,0.0804292749305452
21812,0.117597308824966,0.0358437468549806,0.493133907404547,0.353425036915506
21813,0.323220178714439,0.385269830401814,0.135651774514652,0.155858216369095
21814,0.198442256528805,0.403813468158184,0.278323916986639,0.119420358326372
21815,0.368054092396788,0.0712200799805548,0.338983207046017,0.22174262057664
21816,0.350704610379524,0.393675426238731,0.108466433068,0.147153530313744
21817,0.108906075623106,0.165564753151463,0.631805286329046,0.0937238848963846
21818,0.055934874615068,0.0708196119133166,0.560912234805433,0.312333278666183
21819,0.361924699894623,0.205600649860824,0.0816630696577161,0.350811580586836
21820,0.682550650217104,0.140368252383515,0.0885598282456288,0.0885212691537522
21821,0.131194240939836,0.121133570893238,0.627178171036423,0.120494017130503
21822,0.439063640356148,0.40355347298257,0.0756041359159801,0.0817787507453022
21823,0.131493240922836,0.460491520483155,0.212581509916474,0.195433728677535
21824,0.160523282523465,0.4437986820564,0.251799917651355,0.14387811776878
21825,0.0351229224689932,0.500115410739401,0.115028619712738,0.349733047078867
21826,0.267687502252408,0.340803826634615,0.31251708387245,0.0789915872405268
21827,0.0429056616764462,0.0652359989257539,0.80871963316768,0.0831387062301203
21828,0.0608439710283109,0.501781138618096,0.145080384728134,0.29229450562546
21829,0.140130822722081,0.151844171985155,0.544976920238429,0.163048085054335
21830,0.0947579877116316,0.0823324845976253,0.592246107235388,0.230663420455355
21831,0.251631008307689,0.298161386246576,0.114439571011324,0.33576803443441
21832,0.234843983377106,0.414179842946181,0.0449580415000811,0.306018132176632
21833,0.557913123065457,0.0733608253739915,0.223095531664101,0.14563051989645
21834,0.613379569803074,0.155388171016431,0.0871935963664334,0.144038662814061
21835,0.0742510901355198,0.433398004656861,0.113017190534559,0.379333714673061
21836,0.0447518156942297,0.141652377240853,0.531982678318015,0.281613128746902
21837,0.112480645922369,0.0375693845539025,0.506745952520497,0.343204017003232
21838,0.26662289694418,0.0622019030116157,0.473520947231893,0.197654252812311
21839,0.0827909495511451,0.542243115218261,0.148811587412794,0.2261543478178
21840,0.733514693484373,0.0254068110070551,0.120480619377782,0.12059787613079
21841,0.498555261303597,0.119296740815901,0.0836120130643579,0.298535984816144
21842,0.0349679479557356,0.244175165342551,0.564238707424957,0.156618179276756
21843,0.548922890557495,0.0634215975105172,0.0669258008784738,0.320729711053514
21844,0.0263850004142773,0.600938025467283,0.113875143933042,0.258801830185398
21845,0.245505939213071,0.100883542616736,0.267272672615346,0.386337845554847
21846,0.0633203327165544,0.476570962981793,0.124280685357273,0.33582801894438
21847,0.363902723831449,0.0571632821279458,0.339368112363899,0.239565881676706
21848,0.052453518310764,0.154514970938294,0.030180125231992,0.76285138551895
21849,0.572248509168326,0.219589442129825,0.0303019720586102,0.177860076643239
21850,0.521410658472351,0.0713286143720183,0.0365336041020628,0.370727123053568
21851,0.14391783190048,0.669364654652778,0.0706210176237491,0.116096495822992
21852,0.418232519950785,0.113599177739573,0.259151614621261,0.209016687688381
21853,0.104558555122455,0.204295945759579,0.473287685735772,0.217857813382194
21854,0.366485639319183,0.142286226435982,0.166914595793813,0.324313538451023
21855,0.0976914481499729,0.537716368461462,0.126410345460737,0.238181837927828
21856,0.488998062736651,0.112067769758771,0.306807201527289,0.0921269659772893
21857,0.0847860737557347,0.658728397664448,0.070460040416235,0.186025488163583
21858,0.557558810517151,0.0713944991758486,0.054949515086289,0.316097175220711
21859,0.598658241696157,0.064041418362587,0.0696156393233616,0.267684700617895
21860,0.641846707780427,0.172626899303008,0.0945115804231225,0.0910148124934429
21861,0.206863784094001,0.12492647597764,0.560448983431143,0.107760756497216
21862,0.0348268302061629,0.442201383284007,0.351497096806294,0.171474689703536
21863,0.0482598711050535,0.295307182726885,0.178460557177478,0.477972388990583
21864,0.235607996354232,0.612959094733748,0.0379347672261977,0.113498141685823
21865,0.113735693324466,0.283713408588927,0.466674536225439,0.135876361861168
21866,0.176045584505518,0.115836519323073,0.554473176674647,0.153644719496761
21867,0.0399332015965413,0.0732424246803097,0.220708333398618,0.666116040324531
21868,0.127033996982022,0.0944961273885564,0.565454991318371,0.213014884311051
21869,0.248940525473021,0.0657039431357693,0.167159980209588,0.518195551181622
21870,0.273643145537028,0.278360284662329,0.199366919126091,0.248629650674551
21871,0.58704303388282,0.186092584871078,0.0607410994030938,0.166123281843008
21872,0.0833770520238715,0.382460055749691,0.42216191135003,0.112000980876407
21873,0.388930877155788,0.361163656527133,0.193560814122883,0.0563446521941961
21874,0.141519280259102,0.636799573826837,0.120278324918694,0.101402820995368
21875,0.380798839248669,0.387224869887597,0.0602812941340009,0.171694996729733
21876,0.538307617200076,0.132983520637813,0.215315620448914,0.113393241713198
21877,0.0850537570614324,0.433522325956898,0.131180987472012,0.350242929509658
21878,0.303719387349538,0.54611362204275,0.0887355689642886,0.0614314216434242
21879,0.400040178114488,0.245886477041777,0.0601650899189318,0.293908254924803
21880,0.417975979469674,0.163646325745763,0.311056582346449,0.107321112438114
21881,0.112789073624452,0.392838359161687,0.202613367142107,0.291759200071755
21882,0.21525241039308,0.23842229744829,0.234506840669643,0.311818451488987
21883,0.0558491957941133,0.383667151001564,0.236077458499113,0.324406194705209
21884,0.141959766220233,0.549509794058912,0.047822403763756,0.260708035957099
21885,0.0796046008285052,0.409674703155197,0.0844812263898943,0.426239469626403
21886,0.284205411767379,0.279897475276409,0.0899616258848388,0.345935487071374
21887,0.172082663558772,0.0874557610575582,0.516834860535485,0.223626714848185
21888,0.0506908487184928,0.329309897297892,0.496990044102209,0.123009209881406
21889,0.128303654839189,0.314283988678536,0.285744024777886,0.271668331704389
21890,0.173218877802264,0.230025450155165,0.21650580377961,0.380249868262961
21891,0.507408068228473,0.0396921130777635,0.305670219396469,0.147229599297295
21892,0.069949598467342,0.34173085677248,0.0920803934665492,0.496239151293628
21893,0.131464345126654,0.324369654777308,0.0722141067729001,0.471951893323137
21894,0.187932015346401,0.0825220446639452,0.192464285886886,0.537081654102768
21895,0.0402977692757984,0.0518534166232998,0.752007892082372,0.15584092201853
21896,0.334231548818142,0.154010807782087,0.264211024601173,0.247546618798598
21897,0.189571384515993,0.362172708096736,0.195804434165866,0.252451473221404
21898,0.167084861001528,0.210707867140616,0.331723672214103,0.290483599643752
21899,0.267529125582375,0.0976803743236657,0.501481522610328,0.133308977483631
21900,0.0496213919472626,0.0604983030642392,0.0706254032462291,0.819254901742269
21901,0.162199118327019,0.667062605828629,0.0244684499393947,0.146269825904958
21902,0.0518472347811085,0.0918500091853454,0.541273618534464,0.315029137499082
21903,0.0530718563528015,0.0768632039251065,0.495119635412512,0.37494530430958
21904,0.207349131613907,0.0491498583704975,0.233931322371967,0.509569687643629
21905,0.020720549488636,0.485923401645373,0.210109788237326,0.283246260628665
21906,0.05710683578569,0.187232052083989,0.0590200658344938,0.696641046295828
21907,0.0457788610152512,0.318010470789825,0.0892573270036642,0.54695334119126
21908,0.286573921803664,0.214169680876604,0.272934279756754,0.226322117562979
21909,0.312625628395403,0.110877841652781,0.329206240977161,0.247290288974656
21910,0.470838034953913,0.132903167441007,0.159028021014323,0.237230776590758
21911,0.147825445721271,0.615157746422416,0.140403393792344,0.0966134140639696
21912,0.139169339749614,0.552445269770639,0.0430014037820328,0.265383986697715
21913,0.10875390152689,0.535018074941629,0.102321696927095,0.253906326604386
21914,0.111012953878648,0.125322065137286,0.189269972835566,0.5743950081485
21915,0.30996282507299,0.0620011623727344,0.321784624179446,0.30625138837483
21916,0.0377725845616867,0.0811163513251253,0.268027048082599,0.613084016030589
21917,0.132886818725301,0.121579222313019,0.238053002245441,0.507480956716239
21918,0.0854627614548723,0.0857854417230417,0.72764835302209,0.101103443799996
21919,0.165749113411685,0.0694637013597377,0.599227882409545,0.165559302819032
21920,0.220195468162161,0.123114963142127,0.141045064452183,0.515644504243529
21921,0.100697913241528,0.648448371907479,0.105594415462732,0.14525929938826
21922,0.472716008741723,0.218403276294338,0.046985694412012,0.261895020551927
21923,0.149321935407767,0.06741235548022,0.204669323215245,0.578596385896769
21924,0.187801448424106,0.0727966050067345,0.255906040367605,0.483495906201555
21925,0.577175176047938,0.0708174786490975,0.155174135435872,0.196833209867092
21926,0.408192310964231,0.084835652849153,0.0621023859163992,0.444869650270217
21927,0.097823834117684,0.154697823376242,0.556690418730248,0.190787923775827
21928,0.076798435881617,0.667765451150687,0.051528564991243,0.203907547976453
21929,0.0536498958970149,0.067905629273002,0.107152186475501,0.771292288354482
21930,0.0209261807408211,0.347694715724427,0.1513301620122,0.480048941522552
21931,0.113818236181858,0.325706892830617,0.0458474858241278,0.514627385163398
21932,0.0855067622294872,0.053156223919537,0.469792784213243,0.391544229637733
21933,0.0634186720450617,0.482964800276588,0.0423729358809859,0.411243591797364
21934,0.0838925264073956,0.328391213313967,0.134159397118472,0.453556863160166
21935,0.0806358008383383,0.156711870520754,0.0591925588570406,0.703459769783868
21936,0.0940804702076004,0.168338225263642,0.0748455799342401,0.662735724594518
21937,0.0531504965726408,0.108125146662672,0.607340578265648,0.231383778499039
21938,0.0177417099916279,0.43392290708605,0.0949095730434033,0.453425809878918
21939,0.0299037409406441,0.26831643525708,0.0472835028874396,0.654496320914837
21940,0.419114059030141,0.11611655971967,0.0710385932346797,0.393730788015509
21941,0.0605048818812036,0.0275347635736031,0.126063165170032,0.785897189375162
21942,0.0714872106937489,0.77769904818769,0.0512758705196394,0.099537870598922
21943,0.035153952169617,0.285492317028791,0.0237841723373461,0.655569558464246
21944,0.0498677306150248,0.336336778758123,0.251528936762281,0.362266553864571
21945,0.0518198374260775,0.224336533214142,0.0276296675048276,0.696213961854953
21946,0.401858074073926,0.227579257318083,0.102011697463073,0.268550971144918
21947,0.412521767146333,0.23525985168584,0.116924295243811,0.235294085924016
21948,0.0815727272634481,0.484370413855177,0.184557640307686,0.249499218573689
21949,0.115391226909885,0.344244985697872,0.123438624433892,0.416925162958351
21950,0.15210164924324,0.443844803126535,0.0879534017052625,0.316100145924963
21951,0.0925982808981331,0.231205933679627,0.310135771500312,0.366060013921928
21952,0.360656212253226,0.0568144187923868,0.0709010899230652,0.511628279031322
21953,0.456109913317425,0.179425112328852,0.0534533197652733,0.31101165458845
21954,0.180597380962479,0.0530111230706079,0.0798164704689339,0.686575025497979
21955,0.354603748959397,0.05468198939922,0.199636628062963,0.39107763357842
21956,0.0199481914479488,0.0828142158819365,0.122350788620803,0.774886804049312
21957,0.413973248901859,0.0990761491421562,0.173766416061634,0.313184185894351
21958,0.0234450106708363,0.757264508883669,0.0753620016944974,0.143928478750997
21959,0.0523384595093447,0.0726723651161265,0.057455146940982,0.817534028433547
21960,0.093316812928733,0.569171396883115,0.0236818287774715,0.313829961410681
21961,0.159810873814626,0.141322365024258,0.323466301347731,0.375400459813385
21962,0.70512643316134,0.0883901165642991,0.0705730694830866,0.135910380791274
21963,0.0752548765271813,0.530604890603385,0.2321769385333,0.161963294336134
21964,0.10705095762684,0.0265270654791107,0.713006377311499,0.15341559958255
21965,0.078075025337796,0.05907818599859,0.27303313503854,0.589813653625075
21966,0.0674744390573728,0.0459397291376658,0.342085412713436,0.544500419091526
21967,0.46268474680693,0.0277847384228642,0.246083330501651,0.263447184268555
21968,0.152296205370755,0.584504268332161,0.0541709730555852,0.209028553241499
21969,0.0167837766306097,0.145457595768403,0.200983954426333,0.636774673174655
21970,0.157395784210266,0.183821227397448,0.120112013278502,0.538670975113784
21971,0.212706144572477,0.299976328655022,0.349817018313534,0.137500508458967
21972,0.327036064291606,0.119860665762843,0.127749364112508,0.425353905833043
21973,0.390665056606797,0.175149754734759,0.0387076512303067,0.395477537428137
21974,0.50037436262265,0.166384871425989,0.0379068005710845,0.295333965380277
21975,0.0222575370326421,0.0671106032203312,0.223462946586766,0.687168913160261
21976,0.370369284033404,0.255295024868258,0.229230022148372,0.145105668949967
21977,0.123651202023794,0.388185384457316,0.144116659504973,0.344046754013917
21978,0.232305152503779,0.0337388916900076,0.250454387819116,0.483501567987097
21979,0.205606499901137,0.14855085371006,0.0361402737161577,0.609702372672646
21980,0.0580959470624545,0.569681942515702,0.053225573408424,0.31899653701342
21981,0.0789487658987551,0.524131767787152,0.133748339019329,0.263171127294764
21982,0.0786311902851544,0.187425990695632,0.156830924299872,0.577111894719341
21983,0.0202653200545531,0.0396633113265093,0.175955621703608,0.76411574691533
21984,0.107639851432316,0.291008999473807,0.164075005763232,0.437276143330645
21985,0.0741613686062489,0.456643269958242,0.182436816517032,0.286758544918477
21986,0.167753500659164,0.176833321388368,0.50442962012015,0.150983557832318
21987,0.0600606721893366,0.378445785260931,0.162314044922782,0.399179497626951
21988,0.272741506487408,0.246633143063551,0.139152466395818,0.341472884053223
21989,0.0977778996046369,0.273609100119261,0.240317430078369,0.388295570197734
21990,0.0463379923637264,0.394028703546233,0.260978245140997,0.298655058949043
21991,0.188752758414776,0.214635136204511,0.219995532348395,0.376616573032317
21992,0.209960292171445,0.138433002024042,0.0976887383429325,0.55391796746158
21993,0.119278632259108,0.338889822432471,0.149016898617255,0.392814646691166
21994,0.133832307439624,0.450001531081024,0.347326014674242,0.0688401468051096
21995,0.0949984910938983,0.15529922160586,0.447739699730808,0.301962587569434
21996,0.278690941878208,0.196483455925624,0.0622766214112937,0.462548980784874
21997,0.314429263544132,0.100900065661979,0.285450050490016,0.299220620303874
21998,0.286539177571242,0.0933660348248499,0.081857093258141,0.538237694345767
21999,0.0920163805280551,0.566995894604126,0.176024984349987,0.164962740517832
22000,0.47219751893432,0.0765467526011751,0.231468588242571,0.219787140221935
22001,0.134002455149952,0.603099229673057,0.167790114170016,0.0951082010069747
22002,0.108294488344748,0.426227651322024,0.10647749434517,0.359000365988058
22003,0.0759003164643981,0.253469845152742,0.445035245320323,0.225594593062537
22004,0.552831742696662,0.162299061875059,0.107296018335915,0.177573177092364
22005,0.416038567392063,0.0778418747562055,0.175803728514001,0.33031582933773
22006,0.0465905299500428,0.327382062711494,0.222983304656447,0.403044102682016
22007,0.228508450020553,0.346820898316752,0.160925151868759,0.263745499793937
22008,0.0534625652333982,0.183730518131676,0.425103992567906,0.33770292406702
22009,0.337575551216382,0.13708840132722,0.183167682776887,0.342168364679511
22010,0.141823836462832,0.38696580817693,0.0670016969338831,0.404208658426356
22011,0.0649912417163843,0.415561949414422,0.149433865181536,0.370012943687658
22012,0.258085512640818,0.108470392573564,0.148132779588869,0.48531131519675
22013,0.360266729378212,0.105344596760723,0.237100540680285,0.29728813318078
22014,0.105341513092688,0.0927045500649104,0.627641688702757,0.174312248139645
22015,0.067155676956822,0.0704547905606242,0.335583476033683,0.526806056448871
22016,0.043494479942208,0.405598972092178,0.0491736781504526,0.501732869815162
22017,0.0666015229991447,0.716452045077419,0.0389014914922746,0.178044940431162
22018,0.269825819792394,0.135437111737953,0.272865595520409,0.321871472949245
22019,0.175629827423534,0.0821738523859575,0.277615811241873,0.464580508948636
22020,0.107695587416236,0.0784274607332298,0.360175775559763,0.453701176290772
22021,0.0371124822867869,0.270217401315622,0.280117582891184,0.412552533506408
22022,0.586088509581695,0.0419890672243753,0.167497326161025,0.204425097032905
22023,0.344076068502359,0.0491224781208766,0.28592034940404,0.320881103972724
22024,0.32521552155509,0.0392397275199637,0.123933840747238,0.511610910177709
22025,0.426211612458439,0.186832791842698,0.0450254180763489,0.341930177622514
22026,0.651431203386502,0.0753498100273895,0.0296685377119651,0.243550448874143
22027,0.228760344632693,0.212938989335409,0.0697222076775929,0.488578458354306
22028,0.355409780011549,0.062524095171472,0.0248146613082325,0.557251463508747
22029,0.0324134910795129,0.0573495479802393,0.0476590279805773,0.862577932959671
22030,0.616485119091631,0.017675654813382,0.189570485517932,0.176268740577055
22031,0.175744252146354,0.136962466409465,0.0382769441902122,0.649016337253969
22032,0.0470677797289906,0.158914170894272,0.0315790455858156,0.762439003790921
22033,0.0453067675656997,0.0811525992335124,0.738755797310282,0.134784835890506
22034,0.703742947229839,0.0571841457176555,0.037848732274316,0.201224174778189
22035,0.133618859328131,0.0762949571405066,0.0683173847050986,0.721768798826264
22036,0.525766296639116,0.158938980958133,0.0431107886966842,0.272183933706067
22037,0.0904744942851476,0.104876209199055,0.0227000461431171,0.781949250372681
22038,0.065239365465702,0.225202274782015,0.0326841844630449,0.676874175289239
22039,0.394761206428236,0.306507989466672,0.0111367351577135,0.28759406894738
22040,0.111637104797787,0.376098000960464,0.112645875136226,0.399619019105523
22041,0.202978418390399,0.0861291588623332,0.525536863773776,0.185355558973493
22042,0.23837999613075,0.276144961179705,0.286820040027633,0.198655002661913
22043,0.223648069274572,0.492949344616812,0.109568364438437,0.173834221670179
22044,0.0755166025709442,0.169093947833689,0.465189828442673,0.290199621152694
22045,0.0799657355708513,0.561797486214975,0.0801465811599131,0.278090197054261
22046,0.150942304563128,0.293691094643609,0.270568802568943,0.28479779822432
22047,0.148567543081833,0.503995203188584,0.0673072370204503,0.280130016709133
22048,0.109607046453709,0.749849234551458,0.0283315433465571,0.112212175648276
22049,0.143034399053552,0.567957574312035,0.0550680632621017,0.233939963372311
22050,0.190003830387216,0.293099461846487,0.410374690888406,0.106522016877891
22051,0.0550541187159442,0.0843418092739158,0.613782193711113,0.246821878299027
22052,0.183056409127257,0.448345461928955,0.149582963470606,0.219015165473182
22053,0.0250604450123409,0.761500600951426,0.102042385603477,0.111396568432756
22054,0.0782052092284376,0.0641706028514658,0.687247193404266,0.170376994515831
22055,0.181313223063506,0.120024130833825,0.514245581227843,0.184417064874826
22056,0.19275656554115,0.0723824390381899,0.589576347127575,0.145284648293086
22057,0.288802719239355,0.153610606939513,0.20936642310156,0.348220250719572
22058,0.244883368915559,0.6135170296897,0.0676303406748173,0.0739692607199233
22059,0.142871431808092,0.513825536720589,0.0907019287508559,0.252601102720463
22060,0.196940960198164,0.236424689255605,0.0649219342364708,0.50171241630976
22061,0.113473609698927,0.188993204484288,0.360785019719185,0.336748166097599
22062,0.207591871993346,0.247320135363552,0.369463803203262,0.17562418943984
22063,0.0198061305238962,0.644653853959902,0.1764672770782,0.159072738438003
22064,0.440273820600545,0.233342461243545,0.112679040287814,0.213704677868096
22065,0.116681117525816,0.127247444325812,0.38591220413854,0.370159234009833
22066,0.464352593582066,0.105523842948043,0.081770964509905,0.348352598959986
22067,0.38533338790893,0.182339008712614,0.0358303220929408,0.396497281285515
22068,0.121799095653712,0.766753519799613,0.0144222672713853,0.0970251172752905
22069,0.0257869441342354,0.529807860386643,0.0629217337998052,0.381483461679316
22070,0.392880331526417,0.0316665860840374,0.0934666061908812,0.481986476198664
22071,0.307408534752157,0.17227192636088,0.0617179479794323,0.458601590907531
22072,0.0356516709950812,0.599223845928157,0.26118971824145,0.103934764835312
22073,0.0910767331212899,0.0988500716353848,0.268090788154343,0.541982407088983
22074,0.0328377508479159,0.67825799638322,0.148452059953679,0.140452192815185
22075,0.0441478396907616,0.262240892998234,0.157402474174506,0.536208793136498
22076,0.694167060579587,0.121386143788277,0.0511127644991008,0.133334031133035
22077,0.150813339035222,0.0713595800753705,0.0689436192736576,0.70888346161575
22078,0.336960231318791,0.133108783172761,0.0685026203110626,0.461428365197386
22079,0.417638670510574,0.0225089671042997,0.0581738953903163,0.50167846699481
22080,0.0866880419049046,0.0470381519298746,0.479192321121452,0.387081485043769
22081,0.0901170563859701,0.573817191341089,0.110004096798346,0.226061655474595
22082,0.62175933692213,0.128190363846711,0.0675210743720245,0.182529224859134
22083,0.0135629284439504,0.57258441943651,0.104749142873651,0.309103509245888
22084,0.12454719885178,0.0714197496942387,0.0273831576224816,0.776649893831499
22085,0.265518982320081,0.0807362772630999,0.131446537280415,0.522298203136404
22086,0.025001881386952,0.370675956298372,0.0200647537954355,0.584257408519241
22087,0.0202059889035713,0.031614607475395,0.462176285367265,0.486003118253769
22088,0.055386615425991,0.0730732170912128,0.0889787826568412,0.782561384825955
22089,0.00854498980194732,0.509548926785807,0.133991142263053,0.347914941149193
22090,0.0613968437815211,0.139466880722726,0.192121600709894,0.607014674785858
22091,0.0285009371989483,0.0898140082702025,0.646416727510594,0.235268327020256
22092,0.686082287431802,0.133972499213308,0.0187642918239913,0.161180921530899
22093,0.0374283292864956,0.0715879798517597,0.502225568086753,0.388758122774992
22094,0.0574415905863521,0.0463058415680558,0.300653907656294,0.595598660189298
22095,0.0260543094647251,0.23253118346309,0.0908301215211317,0.650584385551054
22096,0.127551994932008,0.0144050506069736,0.680409180931636,0.177633773529382
22097,0.488262473827895,0.0137586679689166,0.039522632898239,0.45845622530495
22098,0.261092622154266,0.0787675242029156,0.488560959713858,0.17157889392896
22099,0.0464944320848832,0.3529733940174,0.313071157323616,0.2874610165741
22100,0.0764284396981079,0.216398578917475,0.51934170914417,0.187831272240247
22101,0.434171294633223,0.228345459378719,0.108750408706128,0.22873283728193
22102,0.095580365625336,0.396976627350871,0.123063267974545,0.384379739049248
22103,0.29769678905009,0.278502892774434,0.189218095934603,0.234582222240873
22104,0.385505536420576,0.265718206237013,0.0705422131199296,0.278234044222482
22105,0.0260167323873565,0.311139910956856,0.306667087595948,0.35617626905984
22106,0.722402070735966,0.109995985172968,0.032691135058061,0.134910809033004
22107,0.10558707038373,0.0697278230385017,0.530242560802268,0.294442545775501
22108,0.298292656810873,0.0896903515895394,0.281383656576968,0.330633335022619
22109,0.284255287483052,0.422055939379863,0.113114608030307,0.180574165106778
22110,0.0670118771931441,0.0669582466806879,0.189191614152845,0.676838261973323
22111,0.394582226880273,0.141121456323382,0.111869465318067,0.352426851478278
22112,0.0348828852597997,0.195783589261614,0.454438292168435,0.314895233310151
22113,0.059543428544997,0.430610521210298,0.18292862275354,0.326917427491165
22114,0.175013266185396,0.0904064484042989,0.189123422609262,0.545456862801043
22115,0.148267775930355,0.112035373493388,0.0668508777431914,0.672845972833066
22116,0.0423906887449243,0.159041805531151,0.519189657995607,0.279377847728317
22117,0.302281915442755,0.0866435803187494,0.484282519547818,0.126791984690677
22118,0.678771796099128,0.0836757245877512,0.0797337192627063,0.157818760050414
22119,0.0613642436264334,0.58410079217234,0.101389610971678,0.253145353229549
22120,0.154170226142198,0.0910145039935184,0.467720253066141,0.287095016798143
22121,0.041252775722609,0.305188721127909,0.1669080581456,0.486650445003883
22122,0.0931053368771695,0.322907638795116,0.48192824311162,0.102058781216095
22123,0.0847164482260457,0.351002206276434,0.273223609208719,0.291057736288801
22124,0.0377164124021399,0.379256781353764,0.276238859899063,0.306787946345033
22125,0.247661943658361,0.108754644339214,0.143464342421299,0.500119069581127
22126,0.186528347302984,0.119274784410979,0.269149106778523,0.425047761507514
22127,0.569906008700651,0.150454140201814,0.0861903279867348,0.1934495231108
22128,0.381783425077172,0.198242959609908,0.16000250862986,0.259971106683061
22129,0.0331000182295439,0.0999232528955726,0.129665144980406,0.737311583894477
22130,0.0491973837325413,0.227324959383337,0.519960784388356,0.203516872495766
22131,0.706014222085934,0.0788298586239883,0.105091462674027,0.11006445661605
22132,0.0690106429588772,0.159577026292661,0.475582323524524,0.295830007223938
22133,0.0376414419119243,0.102524063433579,0.552804838006225,0.307029656648272
22134,0.357606421793443,0.106191647087835,0.104140569642949,0.432061361475772
22135,0.630529376814944,0.0307506891805084,0.0361393999590426,0.302580534045505
22136,0.319747426079827,0.148279427883088,0.0656107077018623,0.466362438335223
22137,0.283380774374531,0.0768594033397354,0.164695400141834,0.475064422143899
22138,0.247303190631321,0.212108536801271,0.136413088000125,0.404175184567283
22139,0.104101363452413,0.39640895431615,0.13216304968147,0.367326632549967
22140,0.0292214025518297,0.0329755275979396,0.381559886326068,0.556243183524163
22141,0.0222192872030496,0.189235175698737,0.154186182824689,0.634359354273525
22142,0.140620950518904,0.0510547091717283,0.62311701190856,0.185207328400808
22143,0.22085419727366,0.106088669654604,0.20702683829235,0.466030294779386
22144,0.0146642405400428,0.215623016901286,0.55405200281999,0.215660739738681
22145,0.0532412353473233,0.0961823308688339,0.282188300663153,0.56838813312069
22146,0.199830592107968,0.0315303891826509,0.314953067204703,0.453685951504678
22147,0.355232211361205,0.0448101899484907,0.123922416604777,0.476035182085527
22148,0.230208452458472,0.0584430894017678,0.105209225472508,0.606139232667253
22149,0.0346710035463007,0.273963010544228,0.0154051926626334,0.675960793246838
22150,0.0527451352336466,0.0450232308882841,0.754324729644473,0.147906904233597
22151,0.135830210666463,0.0273476858280162,0.303874434375827,0.532947669129694
22152,0.139552521997558,0.0370801083251082,0.0185535067753538,0.80481386290198
22153,0.0195848602867483,0.244004907857599,0.516809240426621,0.219600991429032
22154,0.0444257048481094,0.412876700198811,0.0989357943939097,0.44376180055917
22155,0.108178091752486,0.180740776469114,0.302200921432693,0.408880210345706
22156,0.0735570656754929,0.468316979546429,0.0843057171955484,0.37382023758253
22157,0.0777674170898573,0.296833742507659,0.306318153491517,0.319080686910967
22158,0.0663552569466711,0.33170325936885,0.119645137906279,0.4822963457782
22159,0.100460038502219,0.158641508888105,0.428768395148507,0.312130057461168
22160,0.134199627547403,0.229520014055496,0.1120300473722,0.5242503110249
22161,0.0488572075940196,0.219405827599979,0.146102423991984,0.585634540814018
22162,0.0877644464816796,0.205537799205302,0.217690558160613,0.489007196152404
22163,0.337692713775038,0.0582640457707077,0.0456439069726263,0.558399333481628
22164,0.0322808995929576,0.0295968606501204,0.448244822763303,0.489877416993619
22165,0.0459678421804525,0.446503309689044,0.0949466091856956,0.412582238944808
22166,0.443351492397871,0.363348665928561,0.0478921159465281,0.14540772572704
22167,0.339671330340381,0.168754626180112,0.16033775620762,0.331236287271887
22168,0.0979078121384874,0.122104799441622,0.261606611783992,0.518380776635899
22169,0.265824985226544,0.0295766902057883,0.153899867678519,0.550698456889148
22170,0.0449033198725066,0.148867111051176,0.59636615763227,0.209863411444048
22171,0.0466290124486829,0.250652366717903,0.260331762432717,0.442386858400696
22172,0.0416277439300247,0.106676152433369,0.0394096168069987,0.812286486829607
22173,0.120358662243951,0.497764228806537,0.0357271164152658,0.346149992534246
22174,0.544839696057225,0.13941077548164,0.0784215166199413,0.237328011841194
22175,0.075313693635678,0.42874879254596,0.174455088324758,0.321482425493604
22176,0.280129111240622,0.080724487878435,0.31339136067556,0.325755040205382
22177,0.1628099192239,0.079506150296254,0.215201240933876,0.54248268954597
22178,0.173166974644214,0.378555876850633,0.123766575687299,0.324510572817854
22179,0.0447657143541096,0.351673305814191,0.0468710766531854,0.556689903178514
22180,0.212474664439172,0.0796026539495215,0.575937521629015,0.131985159982292
22181,0.102006011211624,0.547930035979597,0.0907020074163099,0.259361945392469
22182,0.364186668785312,0.0854474857886396,0.255717299364664,0.294648546061385
22183,0.199758838598534,0.478899585978073,0.0884669873256921,0.2328745880977
22184,0.329355670280534,0.0481827974877924,0.0743786469646435,0.54808288526703
22185,0.115009195427148,0.271997414626045,0.0400193524902312,0.572974037456576
22186,0.0528884833539033,0.478141302549902,0.0745711146868424,0.394399099409352
22187,0.0592782420129075,0.106812029096383,0.0503367959869986,0.783572932903711
22188,0.269146345265153,0.123864182042571,0.253562568001015,0.353426904691261
22189,0.141460809043062,0.0263146048246451,0.445719222671158,0.386505363461135
22190,0.0392593601782033,0.438715771971452,0.126046826413207,0.395978041437138
22191,0.196540820989819,0.0933015616955011,0.55900038754019,0.151157229774489
22192,0.0852012526325619,0.147040919039801,0.204114142179458,0.563643686148179
22193,0.0577092753272223,0.196243475378651,0.0864722530606967,0.65957499623343
22194,0.240838549827683,0.325716975967739,0.0159411247757195,0.417503349428859
22195,0.250376028162715,0.551647398977328,0.126887024226577,0.0710895486333792
22196,0.282074662978242,0.0188669010928529,0.0652724632514949,0.63378597267741
22197,0.0776266270586864,0.446457733434936,0.0239447879675833,0.451970851538794
22198,0.0298104776671778,0.021678935300403,0.0481244089544113,0.900386178078008
22199,0.67884022978495,0.0611838466539683,0.0409784567038951,0.218997466857187
22200,0.411671389767427,0.0554927476711511,0.0978270424838202,0.435008820077602
22201,0.160813153221827,0.461994142391516,0.130024444800142,0.247168259586515
22202,0.602400763097748,0.190123164784443,0.0279195939676237,0.179556478150185
22203,0.504457312195886,0.299519433976503,0.0366942436152253,0.159329010212386
22204,0.0506994793702285,0.250736823332321,0.0103527505417973,0.688210946755653
22205,0.307979009415222,0.24130065334942,0.095175400007144,0.355544937228214
22206,0.0329657014029701,0.108238332070016,0.438807238937676,0.419988727589337
22207,0.0434425447666432,0.0284921351120727,0.323858389964337,0.604206930156947
22208,0.161749275005798,0.515446653951996,0.0277011876380875,0.295102883404119
22209,0.0952771854467515,0.043309721336151,0.0209233514390443,0.840489741778053
22210,0.0595012937542197,0.102712373169113,0.107139794261354,0.730646538815313
22211,0.0466659490172065,0.250860137791911,0.0121102241432388,0.690363689047644
22212,0.0238269407458296,0.334364218234343,0.33696256287248,0.304846278147348
22213,0.056856541301206,0.219460139873306,0.211515773456894,0.512167545368594
22214,0.0348949866960633,0.204562031065221,0.407613492844705,0.352929489394011
22215,0.0516247422310632,0.0998013767003839,0.660386288255792,0.188187592812761
22216,0.399303772880006,0.134179774499793,0.112931807371611,0.35358464524859
22217,0.113075161799601,0.0729238803001985,0.503048073730286,0.310952884169914
22218,0.0438784736732559,0.383227559328422,0.0243916051682198,0.548502361830102
22219,0.327435207315742,0.0323931058046446,0.118211489686952,0.521960197192662
22220,0.777366014848485,0.022894787097491,0.0490625491948105,0.150676648859213
22221,0.0217803734261799,0.191240367725225,0.0556085285396913,0.731370730308904
22222,0.726140842802824,0.0696186777333106,0.0354180654223396,0.168822414041526
22223,0.141957972462957,0.366990377226755,0.0346627069986104,0.456388943311678
22224,0.178915391738574,0.0522715205202241,0.152133890671074,0.616679197070127
22225,0.654089888410062,0.149726003881736,0.0927773598487463,0.103406747859456
22226,0.0697123485783062,0.0313637283389212,0.709620325503841,0.189303597578931
22227,0.554234070697707,0.188173461151752,0.101942188408209,0.155650279742332
22228,0.0216065838816339,0.645330578607866,0.0849013166769636,0.248161520833537
22229,0.204911158730008,0.352030904712447,0.0544997559350699,0.388558180622475
22230,0.0766678811031544,0.0676154573648011,0.700588646875566,0.155128014656479
22231,0.480948476740988,0.17913973012023,0.221661710378261,0.118250082760521
22232,0.453117625423728,0.254415901709434,0.0738194237998914,0.218647049066947
22233,0.156987909534547,0.103347190079103,0.414570433105379,0.325094467280971
22234,0.261223589074075,0.295307933505871,0.119886063658187,0.323582413761867
22235,0.312038011803549,0.0801683793590381,0.197004309002442,0.410789299834972
22236,0.562003457933672,0.166177489466156,0.123513088865074,0.148305963735097
22237,0.259193265579871,0.0922357189518813,0.336420010114506,0.312151005353742
22238,0.052066768409095,0.239980235119591,0.342291829899116,0.365661166572199
22239,0.221267327410463,0.319146312403322,0.194663647951991,0.264922712234224
22240,0.160380963263148,0.169428370442368,0.281770491112286,0.388420175182198
22241,0.359610195213679,0.123491929183793,0.149965609273989,0.366932266328539
22242,0.387950221351845,0.225592296108972,0.0543016111956255,0.332155871343558
22243,0.0453966270856668,0.597759823933271,0.0916978377251461,0.265145711255916
22244,0.217167754769038,0.395093623827619,0.241623224329756,0.146115397073587
22245,0.470442506723171,0.107252234060269,0.082850816505687,0.339454442710873
22246,0.149690978527981,0.449501185997063,0.0771549162692318,0.323652919205724
22247,0.0881734514875462,0.110124456367558,0.536982134042572,0.264719958102324
22248,0.482701567441532,0.180322488430588,0.236389330352458,0.100586613775422
22249,0.0795352825111852,0.137080249516985,0.265257463307925,0.518127004663905
22250,0.38446655576616,0.0523265467000304,0.209872306179442,0.353334591354367
22251,0.101455179065168,0.111539878428935,0.497734974429125,0.289269968076772
22252,0.0982750031093437,0.0577028457831284,0.543170106027776,0.300852045079752
22253,0.134700549464007,0.527252340678347,0.0386578157154058,0.29938929414224
22254,0.0674805959137486,0.131358296994026,0.30401771587986,0.497143391212366
22255,0.0402343302577637,0.0204107557821038,0.464058541877589,0.475296372082544
22256,0.284471917640734,0.0376389632480253,0.191829914085966,0.486059205025275
22257,0.621033904743567,0.0401147544604032,0.120023973770723,0.218827367025307
22258,0.0387410465578875,0.571217543108549,0.141437988102504,0.24860342223106
22259,0.150508464475497,0.0609269032222845,0.181867514659947,0.606697117642272
22260,0.0184503182297485,0.0285388604095237,0.400315839976036,0.552694981384692
22261,0.273385852418369,0.0509665752500675,0.24189245290682,0.433755119424743
22262,0.414486736864891,0.228390569321975,0.0706405698024207,0.286482124010713
22263,0.0536602123500075,0.470277220152272,0.0155578209822077,0.460504746515513
22264,0.45079792142727,0.185876219635449,0.0583140386378276,0.305011820299453
22265,0.151784020704475,0.11855546403174,0.529605338804996,0.200055176458789
22266,0.0608659615818977,0.0313251754297373,0.347500236896733,0.560308626091632
22267,0.0278269681177823,0.0263776023909865,0.573643195460312,0.372152234030919
22268,0.301665892151341,0.136638154282647,0.0667301908338653,0.494965762732148
22269,0.286863350501987,0.560039391374894,0.0517054609489994,0.10139179717412
22270,0.0974942465843822,0.285691801300841,0.397712388226117,0.21910156388866
22271,0.185163578699639,0.312370332071654,0.369822840715865,0.132643248512842
22272,0.236291580786805,0.438886253111198,0.15258833210658,0.172233833995417
22273,0.202170169146869,0.182807826120661,0.304981168680524,0.310040836051947
22274,0.16885912812498,0.594517717405174,0.0588687954208145,0.177754359049031
22275,0.126721946438567,0.529166720216797,0.149410382823669,0.194700950520967
22276,0.0378478495264081,0.110295216220463,0.572074358139307,0.279782576113822
22277,0.25146399737713,0.14896441433306,0.531378181149953,0.0681934071398571
22278,0.0849741527009168,0.384439101499442,0.265950575319233,0.264636170480408
22279,0.428407053250483,0.179200313517185,0.125565363615859,0.266827269616474
22280,0.208309631843811,0.0856044944180797,0.375348179367031,0.330737694371078
22281,0.657934478008691,0.0790965040792188,0.132493196543635,0.130475821368456
22282,0.0737245991292462,0.31252418382145,0.546281282104228,0.0674699349450756
22283,0.10854434681638,0.304934711935816,0.137818344997671,0.448702596250133
22284,0.294454231622285,0.122923188782263,0.459102085932282,0.12352049366317
22285,0.0671973994979617,0.403473857460955,0.146995502269765,0.382333240771318
22286,0.132063960284081,0.0479744701741167,0.613997169530188,0.205964400011615
22287,0.384155530974833,0.260047649847616,0.0613750302965293,0.294421788881022
22288,0.251752977020686,0.310793766246646,0.22027677131214,0.217176485420528
22289,0.197115521259069,0.277330472555985,0.298855223547338,0.226698782637608
22290,0.521887312859905,0.0966951703805838,0.294658372475784,0.0867591442837273
22291,0.580623539848036,0.0995424577626556,0.128126988224175,0.191707014165133
22292,0.192218825844083,0.324495242137431,0.249709678368733,0.233576253649753
22293,0.241981373115061,0.331105672504864,0.120795135268465,0.306117819111609
22294,0.300510861149544,0.181126104335668,0.0938390781494457,0.424523956365342
22295,0.117740267012336,0.263748044473723,0.423633097956418,0.194878590557523
22296,0.290095657553849,0.0731187278617968,0.300521482880059,0.336264131704295
22297,0.21037177311318,0.173094141258802,0.359076870240568,0.257457215387451
22298,0.139912915066586,0.183108806990048,0.425492842476524,0.251485435466841
22299,0.0460258660847323,0.657222008331102,0.0788965060490956,0.217855619535071
22300,0.559912803679364,0.186547366519203,0.0866867558111085,0.166853073990325
22301,0.119772315519115,0.154031058718385,0.579467513893101,0.146729111869399
22302,0.0969171670825101,0.484785244679367,0.184123703133588,0.234173885104536
22303,0.454727516426697,0.117430617261169,0.119952964362107,0.307888901950027
22304,0.25150927762483,0.328692862647018,0.0565165499856466,0.363281309742506
22305,0.18082092199461,0.240040501998139,0.310744786643311,0.26839378936394
22306,0.15364416896004,0.147672031439743,0.528873831194882,0.169809968405335
22307,0.102779319972762,0.327287976003726,0.0540377033839495,0.515895000639563
22308,0.14087822629021,0.26482195212491,0.197730381590802,0.396569439994078
22309,0.476881900182711,0.0780514085763269,0.0347722269578921,0.41029446428307
22310,0.271555118832199,0.0438930679509038,0.23612543517237,0.448426378044528
22311,0.157997222645263,0.253538738398868,0.1746775192694,0.413786519686469
22312,0.662042691643352,0.094892194817778,0.0627703677732506,0.180294745765619
22313,0.479291074093896,0.182943780952154,0.0549281122395201,0.282837032714431
22314,0.400274619017922,0.180781354069991,0.171717747472001,0.247226279440085
22315,0.126768691594913,0.283122467068567,0.14863069555321,0.441478145783311
22316,0.0383163056540882,0.363927664875273,0.133368859297845,0.464387170172794
22317,0.0568424398212096,0.427649752667076,0.0836959288868929,0.431811878624822
22318,0.145573748987749,0.0335080336990273,0.518077850748301,0.302840366564923
22319,0.340137176159719,0.183403534484785,0.0586545622036156,0.417804727151881
22320,0.0980713123508516,0.320073033404945,0.364770360717142,0.217085293527062
22321,0.181828392944359,0.116579856234259,0.11703254974473,0.584559201076651
22322,0.0400115568622285,0.0807873907520624,0.442680833288265,0.436520219097444
22323,0.0240249085361717,0.311483729699117,0.0944928708616852,0.569998490903026
22324,0.0517497631288795,0.383722653686603,0.277080525389249,0.287447057795268
22325,0.13492511395858,0.17137965084361,0.049753234034767,0.643942001163043
22326,0.321975469295264,0.103444077534651,0.132342896787321,0.442237556382764
22327,0.349590597844644,0.221873517571909,0.321602239321979,0.106933645261467
22328,0.272876763583096,0.121248743589269,0.146529333923293,0.459345158904342
22329,0.222423805022942,0.153175227079781,0.159716722241867,0.46468424565541
22330,0.143758450322292,0.155752060022219,0.25736541287744,0.44312407677805
22331,0.191352023191868,0.1425036361366,0.0621635044187667,0.603980836252766
22332,0.175622370601936,0.12632067416381,0.126627839650074,0.57142911558418
22333,0.62696550393524,0.0319469196482344,0.220168583602932,0.120918992813594
22334,0.150049738447338,0.141258453216651,0.297241375601815,0.411450432734197
22335,0.221541382127223,0.284119732805219,0.0973722966296818,0.396966588437876
22336,0.387531683984635,0.166053159180267,0.124101181121453,0.322313975713645
22337,0.116334114608669,0.277884283132433,0.285879343077604,0.319902259181294
22338,0.0442684658135367,0.153801863792027,0.121871160088803,0.680058510305634
22339,0.154009285283329,0.0789554779683279,0.570809833607075,0.196225403141268
22340,0.0421072541543628,0.355742893834569,0.070897588945342,0.531252263065727
22341,0.117570897632191,0.0967637695698823,0.157769352268573,0.627895980529354
22342,0.202349807386832,0.136197965413725,0.39672171391629,0.264730513283152
22343,0.0898762440851831,0.634441819311585,0.0857374948955026,0.18994444170773
22344,0.0919705690360463,0.234568990009391,0.518242163733321,0.155218277221241
22345,0.725694073144237,0.0830481116155073,0.101619139526371,0.0896386757138844
22346,0.424961027825034,0.15769512208365,0.0716507686678877,0.345693081423428
22347,0.111077166964021,0.283976693178546,0.434244629223115,0.170701510634319
22348,0.0816822156490463,0.283304270239687,0.558349983562347,0.0766635305489199
22349,0.202145105351564,0.319175170385887,0.353581919881511,0.125097804381039
22350,0.205961419302878,0.332165378471067,0.330048058847714,0.131825143378341
22351,0.114513779871177,0.209037344730477,0.580964298959409,0.0954845764389382
22352,0.624385637816272,0.073588406559932,0.182516677868576,0.119509277755219
22353,0.156057200353769,0.0856134932618923,0.392948368550592,0.365380937833747
22354,0.206285333757065,0.351724236803737,0.182255627139992,0.259734802299205
22355,0.120887021558855,0.341723846637663,0.250044815533738,0.287344316269744
22356,0.140548572859953,0.068515307089957,0.426191001128303,0.364745118921787
22357,0.0902908783360759,0.613389383397731,0.119724387794946,0.176595350471247
22358,0.727998858200353,0.0738041479653773,0.0929827697834338,0.105214224050836
22359,0.185656236255285,0.281961739619056,0.451522725221391,0.0808592989042677
22360,0.19503801440572,0.486412246451921,0.0350336355803527,0.283516103562006
22361,0.212744400188217,0.179357342310216,0.0954766736143799,0.512421583887187
22362,0.100312889968219,0.244937772594397,0.340859106149553,0.313890231287831
22363,0.0546517092824769,0.0863055945387375,0.354864594157704,0.504178102021082
22364,0.239125369777262,0.365173328156815,0.173989965675962,0.221711336389961
22365,0.227399497338187,0.311954627778462,0.28448517499997,0.176160699883382
22366,0.20600205533507,0.548799732979174,0.183076819178154,0.062121392507602
22367,0.48419131389661,0.0837165058992366,0.263819708819091,0.168272471385063
22368,0.191894418731482,0.442759526306796,0.122772154606857,0.242573900354865
22369,0.13039242287063,0.634247996885912,0.130520342520335,0.104839237723123
22370,0.0960627554784736,0.4332199277161,0.181866524687922,0.288850792117504
22371,0.532118281430217,0.0614137370121053,0.187860347038594,0.218607634519084
22372,0.435622281534789,0.382378764830554,0.0527191758755775,0.12927977775908
22373,0.228566288414705,0.0784338129575821,0.263299345830795,0.429700552796918
22374,0.218949186974681,0.615507197266122,0.0864083089002611,0.0791353068589354
22375,0.101049892552804,0.568092046080106,0.0937195174058595,0.237138543961231
22376,0.254780610755537,0.0815763544409838,0.126979682930258,0.536663351873221
22377,0.324061599189629,0.370173152516871,0.0855194075201405,0.220245840773359
22378,0.07993080584323,0.102756676766379,0.741142164502916,0.0761703528874743
22379,0.387862654389588,0.324163276547123,0.0574525894590438,0.230521479604245
22380,0.0603751941236872,0.203125936211775,0.174168825686815,0.562330043977723
22381,0.0668035155032329,0.437452140099322,0.167977825089165,0.32776651930828
22382,0.0391359836323011,0.600388317913269,0.0862085835413673,0.274267114913063
22383,0.22090842520201,0.121707926383515,0.337541506089954,0.319842142324522
22384,0.184922626942556,0.567985264177339,0.0812458183133705,0.165846290566735
22385,0.326944537238793,0.228787284312562,0.293667071977504,0.150601106471141
22386,0.241031239428699,0.397588588346758,0.252002964650598,0.109377207573945
22387,0.222072596011427,0.0960946061485831,0.263370679227223,0.418462118612767
22388,0.500770101698348,0.213915726930025,0.114410281784408,0.17090388958722
22389,0.189714727356141,0.208366498322663,0.403617879800941,0.198300894520255
22390,0.296234054856277,0.163670483079558,0.110376538629781,0.429718923434384
22391,0.296307540167452,0.113040636655349,0.169576681225865,0.421075141951334
22392,0.236788873083295,0.335524199366376,0.152474055520436,0.275212872029893
22393,0.117588248135476,0.16356223711015,0.562699899641892,0.156149615112483
22394,0.0860202911437504,0.363464627106741,0.152225701708296,0.398289380041213
22395,0.428551648021959,0.209085568774709,0.180668496141546,0.181694287061787
22396,0.0453999966833858,0.0655771460094571,0.283625725171064,0.605397132136093
22397,0.358491585693997,0.284519486924332,0.0862423381539216,0.270746589227749
22398,0.324899777844613,0.114398422358999,0.336491554873813,0.224210244922576
22399,0.0628940243425664,0.181552084613726,0.614881601550346,0.140672289493362
22400,0.0667679875985143,0.101460689731166,0.692774503390491,0.138996819279829
22401,0.595475395031568,0.0675749198845154,0.0836677152410035,0.253281969842913
22402,0.156713887995637,0.375044175164555,0.35338499669439,0.114856940145418
22403,0.221488095318351,0.316111491522657,0.225224978078364,0.237175435080628
22404,0.474140367380127,0.0710177737194176,0.397321999459215,0.0575198594412406
22405,0.0779229929909651,0.468661279609613,0.114233765728278,0.339181961671143
22406,0.125607376947694,0.51698436313701,0.119622402809448,0.237785857105847
22407,0.202229015135176,0.114879336753594,0.265684623152581,0.41720702495865
22408,0.0520443083861671,0.112500201671727,0.772861319566447,0.0625941703756591
22409,0.408305722610224,0.205899675834351,0.283755782361673,0.102038819193752
22410,0.284968859848765,0.347159104914787,0.257078351757049,0.1107936834794
22411,0.190690547546614,0.322711386932028,0.337930732683096,0.148667332838262
22412,0.324983801974069,0.143141951036633,0.473689331655565,0.0581849153337327
22413,0.0571156366078932,0.10171914234941,0.133528631905114,0.707636589137584
22414,0.185850075859301,0.712194958512221,0.0347782182727451,0.0671767473557332
22415,0.0816207963474178,0.151735942006807,0.642116684236077,0.124526577409698
22416,0.0789725155616496,0.104093128743223,0.652254898223813,0.164679457471315
22417,0.2329618090691,0.12018679781078,0.258615591729306,0.388235801390815
22418,0.0340471289499435,0.540258041739944,0.295895371100472,0.12979945820964
22419,0.100677101950129,0.224481748669521,0.107720358829197,0.567120790551153
22420,0.0567601333764634,0.510679081194464,0.106472199077251,0.326088586351821
22421,0.261675284036071,0.138676219155393,0.437241534385385,0.162406962423151
22422,0.0591469247612112,0.278206491396946,0.281895535909552,0.380751047932292
22423,0.0760907527629558,0.198741169639789,0.55294979102459,0.172218286572665
22424,0.422128811451536,0.198095644664005,0.10121974463,0.27855579925446
22425,0.120448563398835,0.299718758573737,0.0907422941234855,0.489090383903943
22426,0.29477375224297,0.247845667527529,0.156202761955503,0.301177818273998
22427,0.354377989997729,0.251185409370797,0.0836833620235448,0.310753238607929
22428,0.0306559732351602,0.267135749774826,0.231274687801106,0.470933589188908
22429,0.711993648537245,0.100490866166257,0.0612542039715998,0.126261281324898
22430,0.100186998656423,0.074901833437198,0.484667126183763,0.340244041722616
22431,0.2423487738686,0.080662262552708,0.242387052828026,0.434601910750667
22432,0.267597712986574,0.402656594618269,0.1238187553943,0.205926937000858
22433,0.0749011725643194,0.0779590505664936,0.143098566543633,0.704041210325554
22434,0.343813928058986,0.109065977158203,0.0917160626593949,0.455404032123416
22435,0.0516277953030244,0.182998154291609,0.41126540970471,0.354108640700656
22436,0.0636224142327231,0.377352803501416,0.151841832526985,0.407182949738876
22437,0.124021903187974,0.0985543845838659,0.130458035389822,0.646965676838339
22438,0.110293611770299,0.124435262196617,0.0562555630017195,0.709015563031365
22439,0.0461424236594983,0.138591715583485,0.449849881253262,0.365415979503755
22440,0.176259436107876,0.52644663324809,0.171430731354483,0.125863199289552
22441,0.286291635525841,0.344604736578589,0.281171094926946,0.0879325329686243
22442,0.15794941850207,0.339940466616065,0.434365457562095,0.0677446573197699
22443,0.20899147051914,0.640564093723579,0.0746444494780404,0.075799986279241
22444,0.32861271893288,0.397784513047201,0.18197850732106,0.0916242606988592
22445,0.165865788175954,0.408244126193308,0.27096999992908,0.154920085701658
22446,0.175722975226497,0.383612358898941,0.411416575956226,0.0292480899183352
22447,0.210240870072055,0.450198380785604,0.251565027870253,0.0879957212720879
22448,0.211942725856376,0.44768353250432,0.27101640621008,0.0693573354292238
22449,0.241942208644437,0.436663398546521,0.189687216720396,0.131707176088647
22450,0.138670501554476,0.300413274954317,0.326838962119941,0.234077261371266
22451,0.0919654498943166,0.638496769526658,0.179920423234167,0.0896173573448582
22452,0.134571442479547,0.565480308365263,0.178540384942409,0.121407864212781
22453,0.265900397308965,0.196657585426131,0.227726860150954,0.309715157113949
22454,0.231196677025768,0.447552180030437,0.251779557545508,0.0694715853982871
22455,0.43394363564088,0.185193125492954,0.266137371403222,0.114725867462944
22456,0.387378613228092,0.130911508565242,0.250432730348752,0.231277147857915
22457,0.261584523200813,0.341860215218448,0.277850252199193,0.118705009381546
22458,0.142414036728548,0.449823419226941,0.25395074404925,0.15381179999526
22459,0.276870352542159,0.266531602885948,0.410384052107246,0.0462139924646472
22460,0.214116454712308,0.199886454035362,0.492649405177543,0.093347686074787
22461,0.297622817179432,0.310082746023671,0.237619074806378,0.154675361990519
22462,0.384566642842891,0.316525577347676,0.191750104573212,0.107157675236221
22463,0.118115741228916,0.502178870148467,0.150145824959348,0.229559563663269
22464,0.226203351251094,0.311942044600038,0.263993747761012,0.197860856387856
22465,0.326652717955353,0.396589590880649,0.198457579825275,0.0783001113387228
22466,0.23487770264792,0.374333586104757,0.0759806519868743,0.314808059260449
22467,0.20892298067817,0.558751654758575,0.123949850138717,0.108375514424538
22468,0.218295209799129,0.323790328513153,0.251042916958521,0.206871544729197
22469,0.385449789995961,0.184929136386979,0.289633409928765,0.139987663688296
22470,0.207831058118722,0.620029774309278,0.0706362775440559,0.101502890027944
22471,0.564400517288412,0.233077206410904,0.12795649036733,0.0745657859333539
22472,0.0691932994545607,0.438062775076513,0.332991327280267,0.159752598188659
22473,0.544480338843935,0.193599675830278,0.163253432138339,0.0986665531874481
22474,0.574074656680626,0.0701090169423854,0.287809174223784,0.0680071521532047
22475,0.296454354563721,0.571779943368741,0.059132886521911,0.0726328155456276
22476,0.144786232151531,0.216168241854966,0.347169415662301,0.291876110331202
22477,0.105526837015442,0.254004890721357,0.469905743717935,0.170562528545267
22478,0.138191589948837,0.0925986146401557,0.534841552445086,0.234368242965921
22479,0.246867130574557,0.0846983930144776,0.162307739130555,0.506126737280411
22480,0.0877876102256823,0.154940267033539,0.358740502358728,0.398531620382051
22481,0.231176334072411,0.366182824164726,0.0524538690046805,0.350186972758182
22482,0.247246581912307,0.176274596951377,0.0690088178899778,0.507470003246338
22483,0.1015968834758,0.292623457468352,0.0715400819735007,0.534239577082347
22484,0.244802892272325,0.314350014629184,0.0332410154343409,0.407606077664151
22485,0.0537358459053913,0.232670670411218,0.155542222235,0.558051261448391
22486,0.0800828895170296,0.197720156687816,0.440395770341498,0.281801183453656
22487,0.0872215903139162,0.048618545532136,0.347071110326739,0.517088753827209
22488,0.107849135878455,0.0804045324406081,0.413670873563581,0.398075458117356
22489,0.317611822194564,0.0622023665780698,0.2779072396769,0.342278571550466
22490,0.0647819812114913,0.565964607664749,0.0909425322412366,0.278310878882523
22491,0.0589690803710791,0.530418987292895,0.0792169938887414,0.331394938447285
22492,0.0691059790114608,0.190394127230012,0.418208466182762,0.322291427575765
22493,0.148207795429355,0.436858382482408,0.272306371808297,0.14262745027994
22494,0.172092641050916,0.107837935596476,0.328247728463738,0.39182169488887
22495,0.12127366030367,0.183917383691925,0.292376926661612,0.402432029342793
22496,0.271135143981667,0.0501015643905668,0.216308332799248,0.462454958828518
22497,0.159827175993414,0.443251967664141,0.251424530988586,0.145496325353859
22498,0.0554922494812302,0.160761752048043,0.29119109345269,0.492554905018037
22499,0.463614855143008,0.125269070281688,0.116282101814284,0.294833972761019
22500,0.616815279553644,0.0791662650897457,0.0392136920652361,0.264804763291374
22501,0.3479998587045,0.125661951040523,0.149606657023652,0.376731533231324
22502,0.297396267233983,0.122355070967246,0.170999445777863,0.409249216020908
22503,0.204526024482054,0.154590943425082,0.0417587066581044,0.599124325434759
22504,0.133223018603579,0.469156265763574,0.0670255255474823,0.330595190085365
22505,0.186974708693457,0.0620712127366568,0.152307994957987,0.5986460836119
22506,0.209555603354313,0.236009810979422,0.247522879109474,0.306911706556791
22507,0.0183503503671439,0.531584003412547,0.084219483001902,0.365846163218407
22508,0.118036869584508,0.664743693193377,0.0432327856525443,0.173986651569571
22509,0.573680761175268,0.0494710775971191,0.0775650383128922,0.299283122914721
22510,0.033503274326322,0.783363128487335,0.046225918044235,0.136907679142108
22511,0.139083809513362,0.0567127924718468,0.659872137334488,0.144331260680303
22512,0.0866455836634466,0.0824913389947843,0.331865964122306,0.498997113219463
22513,0.133668381101252,0.0576745317070205,0.29631250335082,0.512344583840907
22514,0.123880494281206,0.638909440968727,0.0617991120334635,0.175410952716604
22515,0.0354179035749424,0.0379708649121814,0.467916974873397,0.458694256639479
22516,0.0607638073310946,0.503660811549765,0.156202876789974,0.279372504329166
22517,0.192387018033386,0.104031882458505,0.388736959312344,0.314844140195765
22518,0.105036338094732,0.185528136944239,0.238898180305603,0.470537344655426
22519,0.132465512288428,0.336447286472543,0.0549365161825341,0.476150685056495
22520,0.330927414568209,0.277120346589951,0.139542583333637,0.252409655508203
22521,0.0550667798972854,0.434122145184767,0.271811264429768,0.238999810488179
22522,0.0233598268505067,0.0860749200998564,0.575705101355695,0.314860151693942
22523,0.0239494635463317,0.714841465054739,0.138874870935794,0.122334200463135
22524,0.0457062673946539,0.0430652246357659,0.25607242087449,0.655156087095091
22525,0.22869170378566,0.0471147002485046,0.659299990960106,0.06489360500573
22526,0.391909164359923,0.345969844270659,0.0506842748951423,0.211436716474276
22527,0.0708642209806482,0.321022707402653,0.113689103207472,0.494423968409227
22528,0.0774636600718247,0.0616740981317687,0.578353758898128,0.282508482898279
22529,0.125010343599052,0.405494153437402,0.120685552997763,0.348809949965783
22530,0.138064807607641,0.0331481999334467,0.091757490548677,0.737029501910235
22531,0.0545961916200344,0.0392048541223728,0.765977600203831,0.140221354053762
22532,0.213815837619818,0.136392687433109,0.0388629514848462,0.610928523462227
22533,0.035701373842729,0.396783256302897,0.0509178525948013,0.516597517259573
22534,0.112637265969881,0.348196955328372,0.0712758764461451,0.467889902255601
22535,0.129636221977248,0.237113918242564,0.329556288841382,0.303693570938806
22536,0.0655744078422782,0.554286103723559,0.0882426373338934,0.291896851100269
22537,0.0920251437628725,0.30648891538346,0.356395376329541,0.245090564524126
22538,0.061310787166684,0.413879120795461,0.121398111299382,0.403411980738473
22539,0.113888446977759,0.208536218035055,0.450308200080135,0.227267134907051
22540,0.14902656671543,0.277194571799329,0.0915042044923069,0.482274656992934
22541,0.0698967506915069,0.282086006230712,0.163519520099568,0.484497722978213
22542,0.0930185237501196,0.245438405979171,0.262505128886456,0.399037941384253
22543,0.403269260937138,0.0702523485242768,0.046954834406555,0.47952355613203
22544,0.0400136620886298,0.0348799984498254,0.529374423809052,0.395731915652494
22545,0.0558438477825434,0.536497221072036,0.0943550506631751,0.313303880482246
22546,0.424810103554921,0.424252693346358,0.0602753718324852,0.0906618312662354
22547,0.374497268943675,0.188665373069701,0.174147985357247,0.262689372629377
22548,0.12907142331526,0.157738124847833,0.28607838831234,0.427112063524567
22549,0.309100320412952,0.0292021546029778,0.195566916705923,0.466130608278147
22550,0.0570893988084738,0.21298588888621,0.578028573340301,0.151896138965016
22551,0.0547224118790526,0.292426516637286,0.309363359392279,0.343487712091382
22552,0.071740550114249,0.170389841772475,0.0562724492496841,0.701597158863592
22553,0.173629048638211,0.499304998712975,0.0529576073848496,0.274108345263964
22554,0.333011384040706,0.193732254569547,0.329099076596478,0.144157284793269
22555,0.126795834041285,0.470472117807622,0.283813763084391,0.118918285066703
22556,0.45146086029815,0.278375209932134,0.211702797557251,0.0584611322124646
22557,0.113775614321423,0.563523644352713,0.19745862196738,0.125242119358484
22558,0.160587879985669,0.226470893563132,0.544879681008438,0.0680615454427615
22559,0.176549370766056,0.298270458119746,0.295353557709962,0.229826613404236
22560,0.21584325918227,0.204940963065246,0.422671779474678,0.156543998277806
22561,0.14177199380319,0.333080094863532,0.431107321446032,0.0940405898872462
22562,0.1749298625103,0.476471313808685,0.304535397010162,0.0440634266708528
22563,0.425946160541971,0.194465734791783,0.28286336502955,0.0967247396366959
22564,0.427965124403141,0.126528612107197,0.313454446608098,0.132051816881564
22565,0.125004920104671,0.152789765783329,0.466186538229997,0.256018775882003
22566,0.183993295163716,0.499849652344213,0.243363459021047,0.0727935934710248
22567,0.306341239105912,0.126633808372515,0.311664261790221,0.255360690731352
22568,0.329853557226429,0.171434015862267,0.185352105989105,0.313360320922199
22569,0.28034688464222,0.156025329914806,0.503326665204025,0.0603011202389483
22570,0.326726732226456,0.271401543849525,0.149398462763072,0.252473261160947
22571,0.238437645858998,0.447473105395117,0.141757041349081,0.172332207396805
22572,0.246766470299639,0.276938419317611,0.173906799400781,0.302388310981969
22573,0.244811818239824,0.272160851357199,0.328838229237421,0.154189101165555
22574,0.3594689770992,0.099842474809789,0.340718590011904,0.199969958079107
22575,0.089418543679528,0.429685372482902,0.316040999820125,0.164855084017445
22576,0.355937457640398,0.264987756886216,0.201266092677123,0.177808692796263
22577,0.370963092582211,0.317681929996436,0.239699942746037,0.0716550346753154
22578,0.0900069694447186,0.438008594581113,0.360698664762927,0.111285771211242
22579,0.0912117134339765,0.357365605053923,0.240187561054965,0.311235120457136
22580,0.459823306313419,0.261476178985803,0.190544552613445,0.0881559620873338
22581,0.0767427715055602,0.309893507278773,0.336805564726822,0.276558156488844
22582,0.395327475418681,0.196937404086037,0.308429675813817,0.0993054446814652
22583,0.268572603610184,0.263068649871305,0.353179477834207,0.115179268684303
22584,0.119417295932636,0.34681021698739,0.369219959192289,0.164552527887684
22585,0.199944069829956,0.453450070566459,0.207832030146378,0.138773829457206
22586,0.117916515677981,0.568627409795241,0.160379530627904,0.153076543898873
22587,0.363434792514303,0.0966933391504429,0.0739908463606043,0.46588102197465
22588,0.269451092541959,0.156002569249876,0.332491919911643,0.242054418296522
22589,0.349032627828869,0.431053041701038,0.138833641666636,0.0810806888034573
22590,0.102176539251829,0.0898301666560823,0.477246231850922,0.330747062241167
22591,0.279802973721648,0.106292345144187,0.491756106282522,0.122148574851642
22592,0.2717509935165,0.445095178095903,0.156984233903871,0.126169594483726
22593,0.30920297402544,0.284713205194874,0.15823686292943,0.247846957850257
22594,0.118612651632401,0.0756337180275314,0.459323404458529,0.346430225881539
22595,0.0672213806523142,0.121485286800596,0.236078501574103,0.575214830972987
22596,0.275998939757327,0.519131614285801,0.0896846968499539,0.115184749106919
22597,0.0727555881507344,0.182639394256622,0.579283642196719,0.165321375395925
22598,0.0865682951166179,0.47027273496684,0.071694287938461,0.371464681978081
22599,0.124810726770519,0.11533252605666,0.110835678063016,0.649021069109805
22600,0.0875032004238453,0.224056577573432,0.12674880432675,0.561691417675973
22601,0.346073296545578,0.0620976372689328,0.0835526924316836,0.508276373753805
22602,0.717279535432243,0.103321765196599,0.0607572733097432,0.118641426061415
22603,0.222231610832861,0.0583496944786165,0.16395769319064,0.555461001497882
22604,0.0480162505823782,0.32381930880037,0.269002828556461,0.359161612060791
22605,0.509829621341935,0.0703590330973831,0.0635344322253492,0.356276913335333
22606,0.152739582600281,0.114732401755851,0.451761678576699,0.280766337067169
22607,0.0872650731283893,0.0792468594085722,0.351374295140699,0.482113772322339
22608,0.0936539544612074,0.561424824219621,0.126917654564824,0.218003566754348
22609,0.211474693203898,0.357921262663933,0.058137177572458,0.372466866559711
22610,0.0224315044982515,0.701861876258674,0.144832166202603,0.130874453040472
22611,0.122269253584427,0.261904711093917,0.445365449160401,0.170460586161254
22612,0.102698387746468,0.165661216970134,0.449834142352098,0.281806252931299
22613,0.482555768128504,0.272699919777684,0.103075673025947,0.141668639067866
22614,0.414066332960907,0.211046960238147,0.171683861845984,0.203202844954961
22615,0.136896863380297,0.539380210395718,0.239967503788325,0.0837554224356599
22616,0.560422502031027,0.0728297992982891,0.314658866516761,0.0520888321539223
22617,0.151614599865529,0.144814295038925,0.535964121584323,0.167606983511224
22618,0.510205844303062,0.089624193946168,0.185392841083682,0.214777120667088
22619,0.0795873694691951,0.492325289709558,0.111908363471745,0.316178977349503
22620,0.0774090519687917,0.711261808633289,0.0952436777846972,0.116085461613222
22621,0.0813987782639229,0.0568282909132653,0.663795992356809,0.197976938466003
22622,0.207125272747518,0.089548391978069,0.164017027417049,0.539309307857365
22623,0.105827673723825,0.58465224471644,0.111748001356163,0.197772080203573
22624,0.148116031549024,0.479673549618092,0.087182173847976,0.285028244984909
22625,0.286074590961051,0.178765882110235,0.138622626925206,0.396536900003508
22626,0.342654015076639,0.112027781985447,0.172046178962079,0.373272023975834
22627,0.240262557566008,0.0831869678904535,0.38180140540262,0.294749069140919
22628,0.0631732554610654,0.276520127614764,0.549547904353757,0.110758712570414
22629,0.120043508024634,0.40880294244953,0.176455686635973,0.294697862889864
22630,0.288535741732277,0.444938560684804,0.131935088806189,0.13459060877673
22631,0.415697223569298,0.357972656494748,0.0314014986905242,0.19492862124543
22632,0.126876698038725,0.465959033083659,0.0725187989505452,0.334645469927071
22633,0.106662027212092,0.102180435918852,0.312668813283858,0.478488723585198
22634,0.0214377422612593,0.437173405472813,0.193170468791223,0.348218383474705
22635,0.038869058103389,0.590511426979593,0.0344171272893465,0.336202387627672
22636,0.0274727950054638,0.618112705235115,0.149097236427319,0.205317263332103
22637,0.574660201607563,0.0483079261645652,0.0394814629832875,0.337550409244584
22638,0.093848357693713,0.221514031711437,0.11053973083992,0.57409787975493
22639,0.0390530168757967,0.241037508877806,0.0980144284329116,0.621895045813486
22640,0.050602803377083,0.0955488972030314,0.539058876345277,0.314789423074609
22641,0.0317841076555741,0.680296689276319,0.10545544062099,0.182463762447117
22642,0.0699396731045071,0.246230070449829,0.0916048667061412,0.592225389739523
22643,0.219873601039472,0.0811084238271286,0.314376636276448,0.384641338856951
22644,0.0406449676221428,0.208620954027769,0.603847440658783,0.146886637691306
22645,0.166592868571081,0.0324663421792201,0.169319464997359,0.63162132425234
22646,0.214256971528513,0.246793296560614,0.154761189440203,0.38418854247067
22647,0.643266104692961,0.226522040450775,0.0172418534827868,0.112970001373477
22648,0.730262739300085,0.124914774545885,0.0106349714731424,0.134187514680887
22649,0.0712734990909629,0.242074787847949,0.255571065013971,0.431080648047117
22650,0.0797617627613756,0.417160205795091,0.0769505860944426,0.426127445349091
22651,0.0804096946840531,0.0872830633050759,0.475029526317246,0.357277715693625
22652,0.0402122099475981,0.0841093731040934,0.186662967113982,0.689015449834327
22653,0.0367201933713867,0.213718985767711,0.588206370048553,0.16135445081235
22654,0.0356645598496681,0.0750599364613918,0.165243294885081,0.72403220880386
22655,0.0939718579128414,0.556110983783319,0.0433403158721358,0.306576842431704
22656,0.152162905045954,0.124290838814883,0.478718267893357,0.244827988245805
22657,0.346560190006332,0.162122390952008,0.0700977953474259,0.421219623694234
22658,0.0446324933148859,0.0242619807680974,0.0954173861816125,0.835688139735404
22659,0.102187502782428,0.0812874753069129,0.570098707547389,0.246426314363271
22660,0.607147989933978,0.11814527869186,0.0219469472113296,0.252759784162832
22661,0.397899179012815,0.106738592206713,0.237623569934474,0.257738658845998
22662,0.06661586980879,0.106348054490438,0.675010419591368,0.152025656109405
22663,0.147655083648205,0.66853085375851,0.0681802320289953,0.11563383056429
22664,0.0697764616007554,0.497216275793894,0.0351557794726864,0.397851483132665
22665,0.299749434589631,0.187734086901944,0.362327645684114,0.150188832824311
22666,0.308646206249383,0.218480457501717,0.0235837366611351,0.449289599587765
22667,0.0570524332171361,0.144714635678,0.546553819757376,0.251679111347489
22668,0.166126542161402,0.304775924123743,0.0553221025415262,0.473775431173329
22669,0.0921987004455208,0.0639621569397256,0.13823629161267,0.705602851002084
22670,0.124082927077556,0.395802292690123,0.126945368316557,0.353169411915764
22671,0.231439695474303,0.0986475528962704,0.426514820190613,0.243397931438814
22672,0.387299722065615,0.0770254288296628,0.131311259668341,0.404363589436381
22673,0.311048518318503,0.177614908575815,0.112524855926647,0.398811717179035
22674,0.111869539376516,0.167344062374573,0.523222812264769,0.197563585984142
22675,0.068051175911003,0.306066905010555,0.13933359514876,0.486548323929682
22676,0.136572686165538,0.518005761134121,0.0780234619382338,0.267398090762107
22677,0.475626809255029,0.0874158374417479,0.144769191972355,0.292188161330868
22678,0.131023195242555,0.107669134322241,0.0919909578159953,0.669316712619209
22679,0.0318128025456769,0.450817564242117,0.0642080492303979,0.453161583981808
22680,0.0362385610649476,0.134165849404307,0.389512716734267,0.440082872796478
22681,0.06112086970928,0.331359755809144,0.0931355969708771,0.514383777510699
22682,0.258661970104914,0.537654456235061,0.0529788378625804,0.150704735797445
22683,0.0491181109802182,0.0236050964574007,0.576817847368547,0.350458945193834
22684,0.138901204528346,0.671098921913332,0.0629343585591537,0.127065514999169
22685,0.164395716609274,0.0790961451829809,0.12959882060197,0.626909317605775
22686,0.771658094837215,0.0450678436034248,0.0342982421459109,0.148975819413449
22687,0.113964336498183,0.533082483037293,0.168201964412721,0.184751216051803
22688,0.395397953678991,0.314391545367857,0.230834725586089,0.0593757753670639
22689,0.258494547297907,0.343619152617599,0.239540975115554,0.15834532496894
22690,0.0986097316605696,0.294999920385526,0.548083368133482,0.0583069798204224
22691,0.15795685713841,0.472391470821191,0.313208549740994,0.0564431222994045
22692,0.211429692393611,0.271486536838809,0.289219723355086,0.227864047412494
22693,0.260774125737724,0.377924649065104,0.146393349889475,0.214907875307698
22694,0.481096979782359,0.103775005915133,0.329736931640826,0.0853910826616812
22695,0.184240690654995,0.205094339431644,0.468096988193594,0.142567981719767
22696,0.113744373521135,0.471034397075666,0.127096292868166,0.288124936535033
22697,0.0595187432818793,0.475204131943139,0.156972833913966,0.308304290861015
22698,0.330746606871899,0.359711005133883,0.0969802209569562,0.212562167037262
22699,0.550426448106689,0.0798501903740268,0.18771004306585,0.182013318453434
22700,0.283681003874331,0.166740103474801,0.122580171228407,0.426998721422462
22701,0.104021995218742,0.461165378039089,0.050062322603643,0.384750304138526
22702,0.0466018223052814,0.197447084250327,0.525324144007992,0.2306269494364
22703,0.239443709501645,0.144477562303338,0.508620901152025,0.107457827042992
22704,0.107350918195569,0.510482219952001,0.15463975619393,0.2275271056585
22705,0.0934386542679315,0.282783691777047,0.321333012937234,0.302444641017788
22706,0.157094814540984,0.229089771480479,0.390261081202583,0.223554332775954
22707,0.0924609379991571,0.621152321634471,0.163504579570573,0.122882160795798
22708,0.142041318560335,0.170108062030546,0.490019469766699,0.19783114964242
22709,0.160371938826735,0.656298709323397,0.0497135879258134,0.133615763924055
22710,0.141288383689134,0.492809140061758,0.114283319294423,0.251619156954686
22711,0.624146656065234,0.10675883447622,0.159634076567465,0.109460432891082
22712,0.260690871511691,0.350885678865104,0.0678518767548744,0.320571572868331
22713,0.144175967865281,0.179430949109609,0.360124397149809,0.316268685875301
22714,0.0966127342653429,0.182544339888077,0.605568493722358,0.115274432124222
22715,0.24367032122081,0.303444422476578,0.141148470696187,0.311736785606425
22716,0.130733455977282,0.281580939132325,0.215348424354969,0.372337180535423
22717,0.133860894226744,0.0996523731838463,0.426462922361789,0.340023810227621
22718,0.440432991609651,0.0976289811094711,0.113006683454899,0.34893134382598
22719,0.574352579206464,0.194597908634484,0.112990912874561,0.118058599284491
22720,0.0812698833342743,0.410005144498436,0.196857775249961,0.311867196917329
22721,0.486937830744682,0.235308827980402,0.108593769757014,0.169159571517903
22722,0.137049519036399,0.209690720106343,0.209656373619723,0.443603387237535
22723,0.139368956811169,0.448872323451978,0.0353017098528872,0.376457009883965
22724,0.0885746179833385,0.155888840311015,0.643605535813305,0.111931005892342
22725,0.157884858457803,0.535129374594203,0.19428777809365,0.112697988854344
22726,0.123534668070033,0.490168728522718,0.253123843897771,0.133172759509479
22727,0.265402258619086,0.305164875698262,0.352508765185163,0.0769241004974883
22728,0.0942339573940222,0.565530660519082,0.231009279775305,0.10922610231159
22729,0.29592763054019,0.403692606165645,0.204185567999428,0.0961941952947376
22730,0.152143522366301,0.366294407524921,0.336797889380099,0.144764180728678
22731,0.0736570454765611,0.433074655252654,0.38842212618435,0.104846173086434
22732,0.212968835513912,0.358190642688082,0.317796764348226,0.111043757449779
22733,0.382250577934785,0.278185949091317,0.178425422410194,0.161138050563704
22734,0.210222194407561,0.392902634747738,0.239264478824628,0.157610692020073
22735,0.176045985579735,0.477324505305304,0.305482665955307,0.0411468431596534
22736,0.12570912515774,0.242616204564928,0.50775500257926,0.123919667698072
22737,0.422004276831745,0.291139531920407,0.0850262020862206,0.201829989161628
22738,0.377102460132085,0.173602547878887,0.352635330848512,0.0966596611405153
22739,0.445845791724136,0.2182920875488,0.163188152400996,0.172673968326068
22740,0.126174572265547,0.520407822989769,0.247014032478733,0.106403572265951
22741,0.4928491697711,0.111524203126479,0.29796054762935,0.0976660794730715
22742,0.164550815935541,0.595915977440499,0.185366771362083,0.0541664352618771
22743,0.154264710110108,0.544246744180765,0.151378396735671,0.150110148973457
22744,0.230811374686872,0.389015959354875,0.233983757449752,0.146188908508501
22745,0.356190972578842,0.262181173714994,0.183134767193048,0.198493086513115
22746,0.251971719314871,0.304118722448218,0.296336182356928,0.147573375879983
22747,0.542882673351125,0.173260575546711,0.11769969717071,0.166157053931454
22748,0.47017736967418,0.211186173390611,0.260476064628063,0.0581603923071455
22749,0.146516844963113,0.216668499218066,0.542367392666408,0.0944472631524137
22750,0.168123302640413,0.0937952215280412,0.682790093009993,0.0552913828215528
22751,0.167882685937753,0.326263808619326,0.407670948487797,0.0981825569551235
22752,0.315333808255566,0.208405984020667,0.281934217465368,0.194325990258399
22753,0.25245484487293,0.488525030844943,0.128300240467366,0.130719883814761
22754,0.349545633213134,0.368975543199987,0.230480390212174,0.0509984333747054
22755,0.1525351696239,0.083066736944133,0.583278506020455,0.181119587411512
22756,0.216235840211448,0.221343473775578,0.28199032954006,0.280430356472914
22757,0.49254747722719,0.135046107632582,0.0867094064571893,0.285697008683039
22758,0.231498846479395,0.170219839023524,0.490640151166831,0.10764116333025
22759,0.329694469911812,0.391965700653384,0.0602391143205223,0.218100715114281
22760,0.157459841947065,0.193988293030774,0.515463123100965,0.133088741921196
22761,0.128414902118842,0.483273774834143,0.132752004508334,0.255559318538681
22762,0.101517591040705,0.344156650353706,0.42145460140151,0.13287115720408
22763,0.0891250178813832,0.378405673917945,0.288609597934731,0.24385971026594
22764,0.164903302544778,0.601148151272085,0.0480309202679656,0.185917625915171
22765,0.220326701157672,0.231098182036897,0.271087929789258,0.277487187016174
22766,0.379353705334759,0.338294466914329,0.202732743818915,0.0796190839319973
22767,0.148803867324364,0.0982306414604795,0.504921520017192,0.248043971197964
22768,0.132649101156724,0.141776092435277,0.47279122097894,0.252783585429059
22769,0.0530339444110851,0.83335000240899,0.0357005977718862,0.0779154554080389
22770,0.567739990114581,0.0968590371167438,0.0548485335812512,0.280552439187425
22771,0.338139844223417,0.0996656240690706,0.441082363589327,0.121112168118186
22772,0.451758042328721,0.202003833471348,0.138022360030317,0.208215764169613
22773,0.0672726691226906,0.514059986889763,0.0736448781339946,0.345022465853552
22774,0.0962810327718078,0.209055734187891,0.402451081272764,0.292212151767538
22775,0.232448332165913,0.371749077318521,0.26583940382375,0.129963186691816
22776,0.257828546063391,0.237834863232655,0.0757291463941009,0.428607444309854
22777,0.0656838606640274,0.446547559564457,0.309009926405374,0.178758653366142
22778,0.0279377368496933,0.144414790626548,0.505820223217816,0.321827249305942
22779,0.145764939159443,0.359407727414431,0.202025984684753,0.292801348741373
22780,0.202068285998725,0.479559827195169,0.0857911350383126,0.232580751767793
22781,0.0502069628903167,0.160285499502013,0.5540934448289,0.235414092778771
22782,0.0412115840246481,0.0624823190724906,0.519919169044543,0.376386927858319
22783,0.175418029170569,0.113457136204109,0.470428910363789,0.240695924261532
22784,0.0690396944756117,0.517348232724196,0.0707164029450165,0.342895669855176
22785,0.146761662227694,0.390990051363561,0.255267535274109,0.206980751134637
22786,0.282706059686931,0.0552788228445369,0.304401102562735,0.357614014905796
22787,0.331767747517751,0.119772731880363,0.131465656138083,0.416993864463803
22788,0.412548538653449,0.0282485361718386,0.187069157258067,0.372133767916645
22789,0.387212524401522,0.097287714930434,0.0857778462100518,0.429721914457992
22790,0.063033958186722,0.217574430500211,0.46226756037674,0.257124050936327
22791,0.0774099732085133,0.349609544571509,0.0678211582335511,0.505159323986427
22792,0.0527741671440321,0.0577752985927929,0.719626449732312,0.169824084530863
22793,0.715288521888217,0.087508311727903,0.0447448078114761,0.152458358572403
22794,0.0883320833523235,0.228847673977511,0.354980395448018,0.327839847222147
22795,0.127453909014198,0.39465146131347,0.057680342728954,0.420214286943379
22796,0.571846938112942,0.0420104043201199,0.163412501378131,0.222730156188808
22797,0.0302411795716569,0.0679831806607502,0.768600908558207,0.133174731209386
22798,0.0457410157692441,0.0595551633289303,0.291391097572311,0.603312723329515
22799,0.451700078184803,0.0626292215818292,0.0529808976663904,0.432689802566978
22800,0.215053166189588,0.0978453274596436,0.208880223307384,0.478221283043384
22801,0.0574972272577714,0.26602755592073,0.261760012027059,0.414715204794439
22802,0.0460664176365489,0.418290675264369,0.2087989361689,0.326843970930183
22803,0.474090650873348,0.364065479942815,0.0320612953397736,0.129782573844063
22804,0.236782782807246,0.085756140340005,0.334479800494591,0.342981276358158
22805,0.183404188214946,0.277148094162426,0.150599390644218,0.38884832697841
22806,0.0913894360127454,0.537687730302981,0.0631184134428946,0.307804420241379
22807,0.388798275093386,0.024532364569355,0.344146854738356,0.242522505598903
22808,0.0324060890427228,0.423152877797342,0.202452003433492,0.341989029726443
22809,0.0770126753266762,0.162187300303898,0.571480638988466,0.18931938538096
22810,0.0607210766304707,0.502840993338041,0.136430544812982,0.300007385218506
22811,0.151120935961344,0.130206147232076,0.305448658637693,0.413224258168886
22812,0.126758743047746,0.41956645686225,0.130792865613095,0.322881934476909
22813,0.322254815506911,0.0922845302386555,0.263893472918215,0.321567181336219
22814,0.21508401389706,0.544169442062696,0.041648012303709,0.199098531736535
22815,0.153278676003273,0.413645298173206,0.122721528408141,0.31035449741538
22816,0.0846396294099212,0.191130890750411,0.0515674882468998,0.672661991592768
22817,0.443521440580186,0.0883129357166825,0.0443162711010783,0.423849352602053
22818,0.0298577615927172,0.575064679981439,0.17187841308691,0.223199145338934
22819,0.139362091033707,0.0914893687876701,0.400839897578863,0.36830864259976
22820,0.0893327406824347,0.179605815379688,0.484290189198935,0.246771254738943
22821,0.0645712664785167,0.172843536336704,0.331668675282443,0.430916521902337
22822,0.309257439143911,0.0675885110606841,0.259989028411624,0.36316502138378
22823,0.0773029118287974,0.386632344688151,0.0662277743674299,0.469836969115622
22824,0.0451713856677548,0.414304437322721,0.160203793059727,0.380320383949797
22825,0.134312957889743,0.0319101390042527,0.707690863081167,0.126086040024837
22826,0.0798404730850834,0.120795749024618,0.309019343408068,0.49034443448223
22827,0.4390316535187,0.0385939132061911,0.167712733503556,0.354661699771552
22828,0.0548134326888984,0.215529661329444,0.584487696311459,0.1451692096702
22829,0.0775477342279949,0.468650991369105,0.292172250079714,0.161629024323187
22830,0.105759078476401,0.038313813223844,0.638594655764814,0.217332452534941
22831,0.0751323965294632,0.530170857808071,0.0392921418137341,0.355404603848732
22832,0.081108304514769,0.0634117965339337,0.566546092897374,0.288933806053924
22833,0.138992555039504,0.528865657238141,0.0861215748339954,0.246020212888359
22834,0.029914219926229,0.0719742740272114,0.215020743299664,0.683090762746895
22835,0.146889568966593,0.125985680653349,0.104956939491454,0.622167810888603
22836,0.180212384699191,0.315787177841943,0.0511294291801793,0.452871008278687
22837,0.0381892240731257,0.36089778691025,0.103630285238528,0.497282703778096
22838,0.269857623518239,0.130456966664062,0.028533618213258,0.571151791604442
22839,0.143699047881055,0.250448535352748,0.284583871050841,0.321268545715356
22840,0.473028873314889,0.0289666182037492,0.217038646767975,0.280965861713387
22841,0.234081179843228,0.114147078254432,0.145580543314438,0.506191198587902
22842,0.366286221956847,0.0447471088506059,0.223419352110005,0.365547317082542
22843,0.348799308652323,0.0707677606972126,0.243922702667668,0.336510227982797
22844,0.667989907568889,0.0612319039745117,0.163916480573643,0.106861707882956
22845,0.63952559051139,0.183636341046796,0.096717048257253,0.08012102018456
22846,0.071477563579833,0.681503022577792,0.0213840233547587,0.225635390487616
22847,0.243489972909048,0.517479136044222,0.0731879888900471,0.165842902156682
22848,0.211985043633753,0.183155317370728,0.0740783345475264,0.530781304447992
22849,0.33968626323872,0.0264381634194298,0.520330205404229,0.113545367937621
22850,0.488289115342452,0.0731344065283773,0.238349042154123,0.200227435975047
22851,0.120932877306844,0.448414649131387,0.0901288431121952,0.340523630449574
22852,0.541102373576738,0.0493412828274361,0.0332468013845007,0.376309542211326
22853,0.619573531668208,0.0797981387677419,0.205950231939519,0.0946780976245312
22854,0.0886255490961784,0.128315453787773,0.0452533031622503,0.737805693953799
22855,0.462768399330427,0.151980009368387,0.0287623110363917,0.356489280264794
22856,0.0184690294461262,0.0316101761408846,0.486707491079814,0.463213303333176
22857,0.0152954573883755,0.0292502391126756,0.277043053861446,0.678411249637503
22858,0.246982516692838,0.248046662397031,0.299098041033342,0.205872779876789
22859,0.170660470150748,0.684086656967088,0.0758126580739549,0.0694402148082092
22860,0.193097982158237,0.312438668079543,0.14378487744069,0.35067847232153
22861,0.213713925001825,0.362299209573029,0.284592096823822,0.139394768601325
22862,0.149332989521344,0.169701029389594,0.19535687863958,0.485609102449482
22863,0.0991129182139854,0.662566228076405,0.154268946598597,0.0840519071110127
22864,0.0475264677309542,0.407443755308278,0.187692282878249,0.357337494082519
22865,0.243341579685572,0.323963942832123,0.123836451033464,0.308858026448841
22866,0.235637803867721,0.0496038667232586,0.567500258044559,0.147258071364462
22867,0.181590114555056,0.0772684275777267,0.551962077467267,0.18917938039995
22868,0.123416792252633,0.180215759923641,0.336424088170159,0.359943359653567
22869,0.358650752153694,0.140124419996718,0.152130823817328,0.349094004032261
22870,0.234781955811781,0.283340725710238,0.200845606763279,0.281031711714701
22871,0.169281096005975,0.494499619810775,0.0981561078222218,0.238063176361029
22872,0.145055550991209,0.675214805109805,0.0376755561605585,0.142054087738428
22873,0.0647852292727686,0.257884872407593,0.321704784131026,0.355625114188612
22874,0.124638936807777,0.567847513825512,0.0578890214207007,0.249624527946011
22875,0.0566993567742645,0.585640651091383,0.0814147749840552,0.276245217150297
22876,0.182591717269747,0.484045069806266,0.151488982888511,0.181874230035476
22877,0.345912713918892,0.108886420858807,0.159808098463541,0.38539276675876
22878,0.0975228418864696,0.0511854304528247,0.484542653509124,0.366749074151582
22879,0.187601705984087,0.115057343632804,0.574804454338513,0.122536496044597
22880,0.118210571574066,0.175466835999081,0.603339027493876,0.102983564932976
22881,0.261965837058107,0.158400124102634,0.288688551976061,0.290945486863198
22882,0.0418133781117271,0.798903401023228,0.0281243096659937,0.131158911199052
22883,0.15370686622016,0.0800073734293328,0.422572588059863,0.343713172290644
22884,0.0687194673550702,0.247451557944781,0.327032621247028,0.356796353453121
22885,0.400523982664252,0.152412976845344,0.0280470411827349,0.419015999307669
22886,0.241463605355651,0.0311079379185176,0.130136091564276,0.597292365161556
22887,0.105736660526764,0.664928668863447,0.0759910275270645,0.153343643082725
22888,0.602751790070017,0.224732238365023,0.0398682022094592,0.132647769355501
22889,0.0241095421488638,0.0425651021089258,0.811452537410978,0.121872818331232
22890,0.302704360322855,0.478756625906344,0.0739481797373089,0.144590834033493
22891,0.13893704305881,0.377957343987967,0.204872854867771,0.278232758085452
22892,0.165876622825302,0.0814398936714473,0.525784990023492,0.226898493479759
22893,0.539312515984102,0.174322277576008,0.131526061851623,0.154839144588266
22894,0.0941917173392648,0.0732221888344319,0.0292078625423915,0.803378231283912
22895,0.448114392908958,0.148750948728841,0.114495078149835,0.288639580212367
22896,0.437743994838612,0.445510480680398,0.0439032577031731,0.0728422667778173
22897,0.0998686472817002,0.262767370745593,0.391789303115961,0.245574678856745
22898,0.103006559957679,0.202740114653297,0.444610500635262,0.249642824753761
22899,0.513861328499315,0.14510826055809,0.13015399863591,0.210876412306686
22900,0.420832165455886,0.123999484208066,0.0789582757777638,0.376210074558284
22901,0.19106161334522,0.304417649959057,0.160052098587337,0.344468638108386
22902,0.146996944048559,0.31907332400074,0.170330394595385,0.363599337355316
22903,0.201149634477713,0.244851681446669,0.430803693679878,0.12319499039574
22904,0.656409261698438,0.0843374247048267,0.119862236631118,0.139391076965617
22905,0.357761651161998,0.319843323638653,0.0727772631473873,0.249617762051962
22906,0.633985816621139,0.193895932535304,0.0418491278897925,0.130269122953764
22907,0.168191252272028,0.151915963978344,0.442226070393854,0.237666713355775
22908,0.203007233105538,0.233167477811315,0.318703093800928,0.245122195282219
22909,0.142088528771284,0.704100200756484,0.0411812028827308,0.112630067589501
22910,0.191406863930613,0.267537485572388,0.124781487577216,0.416274162919783
22911,0.106988404207811,0.162984316487875,0.26660405816394,0.463423221140374
22912,0.248095166217999,0.496280027536282,0.165548470318166,0.0900763359275531
22913,0.158197666898699,0.115001155794362,0.616017028780473,0.110784148526467
22914,0.0814085354042374,0.413663206507363,0.131470760023355,0.373457498065044
22915,0.668786327662094,0.0686584624480519,0.0858972434896219,0.176657966400232
22916,0.220813845090315,0.314850987977172,0.082589090722274,0.381746076210239
22917,0.378400872102224,0.251794905776267,0.0368364252037166,0.332967796917793
22918,0.518261478356324,0.171548150249973,0.0334599702353364,0.276730401158367
22919,0.0631028851105044,0.799367551522421,0.0442292827787665,0.0933002805883081
22920,0.14100800158154,0.145277043094587,0.421324357024051,0.292390598299822
22921,0.451680562613672,0.128945538039878,0.0633342803099138,0.356039619036536
22922,0.167391133368802,0.441650976005527,0.12667605292988,0.26428183769579
22923,0.0272217315192099,0.482962843736176,0.140919912552348,0.348895512192267
22924,0.576281620687937,0.127481039413967,0.149815840927018,0.146421498971078
22925,0.184648206870299,0.30249598972112,0.0381154750513059,0.474740328357275
22926,0.365712699185868,0.0878599820882555,0.211340059570378,0.335087259155499
22927,0.0595259368441925,0.0893504634400444,0.239315422169494,0.611808177546269
22928,0.712434097889459,0.149055324684286,0.0224396260240091,0.116070951402246
22929,0.0583163909313759,0.579824357627027,0.157325670181456,0.204533581260141
22930,0.0816327655897699,0.125079155929409,0.448402009082309,0.344886069398512
22931,0.0846020351815391,0.206214896967025,0.567158614326473,0.142024453524963
22932,0.107293009873191,0.106499815979332,0.0481234627950416,0.738083711352435
22933,0.429417258398114,0.113493528806818,0.111133024392086,0.345956188402982
22934,0.131464068634276,0.076464660145282,0.364440811541191,0.427630459679251
22935,0.0867533901983881,0.556713800867137,0.150770189182316,0.205762619752158
22936,0.434131086174215,0.110324181773719,0.217205819508638,0.238338912543428
22937,0.430113474134033,0.16107734922978,0.125727714939049,0.283081461697138
22938,0.423767028760788,0.262850425152662,0.0647329397623291,0.248649606324221
22939,0.115462928198143,0.257596393396552,0.196536835546529,0.430403842858776
22940,0.115990625745082,0.039768594517216,0.519202276588126,0.325038503149577
22941,0.213963444411467,0.0760291882382943,0.430751862247535,0.279255505102703
22942,0.0359448953364078,0.242765139569039,0.591913773870836,0.129376191223717
22943,0.0886136220049659,0.315556466654228,0.0801401144160436,0.515689796924763
22944,0.06455893288981,0.418791848400353,0.0425034243012109,0.474145794408626
22945,0.170098895732332,0.274877619462,0.118226895399529,0.436796589406139
22946,0.0568353564718286,0.108455924752449,0.251662804472192,0.58304591430353
22947,0.201381165224357,0.587001756652371,0.0433580371570883,0.168259040966184
22948,0.236372923904323,0.0867935923257498,0.0635420794134256,0.613291404356501
22949,0.0516357067035545,0.269122858495925,0.32412550819441,0.355115926606111
22950,0.14522781957613,0.265382984710397,0.0436508107180037,0.545738384995469
22951,0.119795601799668,0.417045251957343,0.12549754539561,0.337661600847378
22952,0.178458241126867,0.250699708340962,0.0661766369828925,0.504665413549279
22953,0.379021711917397,0.234069663059935,0.245728053614183,0.141180571408484
22954,0.179052691212635,0.202690199228827,0.274046934820336,0.344210174738202
22955,0.203241616953784,0.529985802381066,0.153608638076616,0.113163942588534
22956,0.402255215721481,0.202455745335609,0.170630004368778,0.224659034574131
22957,0.249037142401437,0.193331268179547,0.389046050505949,0.168585538913068
22958,0.554866802109266,0.1803864080427,0.112255381666035,0.152491408182
22959,0.117534700491832,0.170307688106894,0.467375889827604,0.244781721573671
22960,0.410444260998705,0.37383445658145,0.106815462804835,0.10890581961501
22961,0.176597770870313,0.225057725483843,0.34441009798427,0.253934405661574
22962,0.185319376331216,0.128501055988932,0.621647773743347,0.0645317939365064
22963,0.0663642274700757,0.352993129883676,0.0680832516942559,0.512559390951993
22964,0.111032441732246,0.126505823791243,0.532642479235311,0.229819255241201
22965,0.303381969733112,0.367830005492585,0.108708329169491,0.220079695604812
22966,0.150659404434798,0.144375762919952,0.570059893947198,0.134904938698053
22967,0.0703460805240482,0.50801480363933,0.365392172202086,0.0562469436345361
22968,0.152551068044662,0.242797053788241,0.464317661013057,0.14033421715404
22969,0.304131439561927,0.24587024177539,0.295579374664911,0.154418943997772
22970,0.447035801524446,0.160477679155475,0.189798141251466,0.202688378068613
22971,0.145366172138594,0.178234537177422,0.605019762861998,0.071379527821987
22972,0.246231445824952,0.575775128778408,0.0954515173290848,0.0825419080675557
22973,0.0397506006822089,0.459931306125968,0.0539108785568743,0.446407214634949
22974,0.0637486912925196,0.103131344242644,0.442297289934831,0.390822674530006
22975,0.225766438863869,0.149789495981482,0.512750651637205,0.111693413517444
22976,0.0284407202400583,0.188029695363247,0.478691987755755,0.30483759664094
22977,0.0651555451487179,0.247066701709102,0.46499263925919,0.222785113882989
22978,0.0244348552562885,0.202761763299168,0.577520109906353,0.19528327153819
22979,0.0592098683886857,0.238523041704611,0.468506686122429,0.233760403784274
22980,0.423698394161572,0.461297589963387,0.0406252001448055,0.0743788157302351
22981,0.141341599356017,0.659705471784589,0.108434019756865,0.0905189091025287
22982,0.178478019185214,0.0600180708842758,0.185058739393751,0.57644517053676
22983,0.532818130557974,0.318820595905577,0.0337021430439014,0.114659130492547
22984,0.0168326758030203,0.454971351841589,0.270388355744186,0.257807616611205
22985,0.326014179917798,0.0556132346908921,0.116043590504458,0.502328994886852
22986,0.336339819736921,0.218947884582034,0.05911797768865,0.385594317992395
22987,0.0398287211725745,0.0961849654907273,0.373787880537034,0.490198432799665
22988,0.0967627336165257,0.0606977906003261,0.627322546372424,0.215216929410724
22989,0.572299426900192,0.0785249733770787,0.14205584270212,0.20711975702061
22990,0.0757140016516956,0.34855321183314,0.0636942907062984,0.512038495808867
22991,0.604507758462012,0.0940447048823319,0.0437849312540628,0.257662605401593
22992,0.238804143347891,0.371831946964383,0.206229429506623,0.183134480181103
22993,0.143947713953315,0.11644605507779,0.619344103017992,0.120262127950903
22994,0.616949710745434,0.175252479395222,0.108691104393411,0.0991067054659329
22995,0.0891552785291655,0.312062291025644,0.271613125952279,0.327169304492912
22996,0.563824471555635,0.181499244227924,0.145310809927508,0.109365474288934
22997,0.200986386598624,0.362385040376215,0.161723782726367,0.274904790298794
22998,0.176224812854506,0.10775393286195,0.124739021323373,0.591282232960171
22999,0.419853320987557,0.121842591760846,0.234818712391763,0.223485374859834
23000,0.124766491373468,0.239878958722539,0.550449919538144,0.0849046303658495
23001,0.201379509323497,0.392479103968232,0.169803499486177,0.236337887222094
23002,0.067730559619996,0.382727131644548,0.166055171611957,0.383487137123499
23003,0.647780962742905,0.127922797555571,0.109398552450441,0.114897687251083
23004,0.104677555290785,0.306992417872857,0.361189432636586,0.227140594199772
23005,0.206291668247147,0.563676692208231,0.0831992286220565,0.146832410922565
23006,0.105543879854037,0.139880990988233,0.624235313820439,0.130339815337291
23007,0.0364376122913373,0.420331356308136,0.458190844279871,0.0850401871206562
23008,0.0638257746316378,0.473150045275253,0.262481325485983,0.200542854607127
23009,0.238780734820355,0.10074243600313,0.301265404242935,0.35921142493358
23010,0.429022814937689,0.320390057714135,0.108608873690038,0.141978253658139
23011,0.373406000649459,0.0913647144362667,0.272270606406104,0.26295867850817
23012,0.276973179034246,0.0936077849483848,0.431543152466152,0.197875883551218
23013,0.349709195245984,0.0939906681402595,0.274530971548162,0.281769165065595
23014,0.0575290291583957,0.298273100957388,0.400857453539338,0.243340416344879
23015,0.119432161997576,0.12469681328601,0.509185247563046,0.246685777153368
23016,0.341509922019881,0.18109397516756,0.346517799177719,0.130878303634839
23017,0.203654322989786,0.178624775133976,0.366641910203132,0.251078991673106
23018,0.571893355681862,0.1658449815853,0.133024347114212,0.129237315618627
23019,0.0626199129455161,0.13388420670207,0.7142260009062,0.0892698794462137
23020,0.321425835682084,0.0826584388853624,0.0805449166345384,0.515370808798015
23021,0.407759201341667,0.272997954801466,0.030135290311434,0.289107553545433
23022,0.173373080226347,0.204151294167783,0.0544819472445708,0.567993678361299
23023,0.521431136353306,0.110126867456079,0.106767733100244,0.261674263090371
23024,0.292684309297834,0.325344131662033,0.0450078816234411,0.336963677416692
23025,0.0693329217341076,0.463982750650798,0.199412151050644,0.26727217656445
23026,0.75453832708897,0.0645709371644614,0.0701421221705059,0.110748613576062
23027,0.214245394555317,0.318540996286575,0.0926181354596382,0.374595473698469
23028,0.0853250192050804,0.624744208659841,0.0437558754235375,0.246174896711541
23029,0.041012218647552,0.0430400860308074,0.617937374764936,0.298010320556704
23030,0.393544915793582,0.197171021856214,0.0669451031238544,0.34233895922635
23031,0.0499453847725663,0.218880025979231,0.296703113013361,0.434471476234842
23032,0.148755440928806,0.548031590418723,0.101434273341131,0.20177869531134
23033,0.380751994372335,0.129358162853666,0.0413688250759223,0.448521017698077
23034,0.0813703853640885,0.304978297662233,0.0540449888479692,0.559606328125709
23035,0.349261933651998,0.300130496086415,0.0432895932182705,0.307317977043316
23036,0.0493336739453549,0.416292466123561,0.0532331037605493,0.481140756170535
23037,0.57987663018057,0.148048891627807,0.105842478362759,0.166231999828865
23038,0.318477002270666,0.47403806955559,0.08562584758901,0.121859080584734
23039,0.601071770029488,0.135827605884584,0.0190337444168292,0.244066879669099
23040,0.0532932873538696,0.0670975410552197,0.141516711180031,0.73809246041088
23041,0.291467487208978,0.0771744113507378,0.398902109740029,0.232455991700255
23042,0.342541785859268,0.116430492412106,0.0573708458869631,0.483656875841663
23043,0.0717500735734637,0.113306477115254,0.152801634039917,0.662141815271365
23044,0.0981872647264731,0.14271510118821,0.516342943115984,0.242754690969332
23045,0.553473864209067,0.088872199623749,0.118788354539225,0.238865581627958
23046,0.772866381226198,0.0370642496821093,0.0750566729047225,0.11501269618697
23047,0.0640422425613781,0.199005404312308,0.576744057163981,0.160208295962333
23048,0.577780685609506,0.143983679640051,0.132337521079912,0.145898113670531
23049,0.388875986647748,0.279343497507458,0.132321072569858,0.199459443274936
23050,0.278543113233552,0.481533615272381,0.130459578714283,0.109463692779784
23051,0.410512449749608,0.229156223099257,0.201285228820166,0.159046098330969
23052,0.11671564562867,0.676471277309498,0.146517096198579,0.060295980863254
23053,0.509634816460693,0.0727591934530098,0.203113633404608,0.214492356681689
23054,0.458627331629915,0.0733183244386011,0.346031982714827,0.122022361216656
23055,0.647233457933833,0.20900236181606,0.0657434905078344,0.078020689742273
23056,0.190623172471956,0.129909514795348,0.22922604646993,0.450241266262766
23057,0.157944699387132,0.570243331225883,0.0321478386804612,0.239664130706524
23058,0.0401132079703886,0.481463081877371,0.332084473649012,0.146339236503228
23059,0.366786390544523,0.128916173057877,0.123598869037151,0.380698567360448
23060,0.514902824032594,0.0951744993479935,0.0470071465135727,0.34291553010584
23061,0.558753538759188,0.132211374194861,0.239524523274391,0.0695105637715602
23062,0.13045313578885,0.222709631965053,0.0726330433089797,0.574204188937118
23063,0.100659582291575,0.0738957842969389,0.693929466671583,0.131515166739903
23064,0.137849873075506,0.0731187867870576,0.593092448748172,0.195938891389264
23065,0.101490363981879,0.20442168323091,0.484506522877926,0.209581429909285
23066,0.100780286888632,0.677266329821255,0.046809769208626,0.175143614081488
23067,0.168084785603122,0.146514163006766,0.300873389479608,0.384527661910504
23068,0.698285084320409,0.167255368829402,0.0219715597110452,0.112487987139143
23069,0.0390175341763908,0.456675172865986,0.247192220393111,0.257115072564512
23070,0.194683893185413,0.443357818403443,0.0584693503303477,0.303488938080796
23071,0.0324383568250496,0.491083043476419,0.284580966999049,0.191897632699483
23072,0.167362313593885,0.0956081203134131,0.488868545569701,0.248161020523001
23073,0.0966409774186684,0.0348049846061573,0.514980872555332,0.353573165419843
23074,0.53723565141099,0.0725660512329502,0.0603209560123719,0.329877341343688
23075,0.300083728597741,0.218701299409321,0.160585136416002,0.320629835576935
23076,0.566491905061908,0.0412533515573528,0.0393297002199236,0.352925043160816
23077,0.798350811230802,0.0470848828114548,0.0494524487597782,0.105111857197965
23078,0.0592032250376972,0.14346069249036,0.628185047837663,0.16915103463428
23079,0.496350247417846,0.107386402168249,0.230887498259665,0.165375852154241
23080,0.265209192848638,0.304964742688481,0.0935348284640982,0.336291235998784
23081,0.0309673967409344,0.0606213956733947,0.669566344320385,0.238844863265286
23082,0.185948780615685,0.671394982585263,0.0379563570077514,0.104699879791301
23083,0.146220698541485,0.29725111069691,0.227859172901049,0.328669017860556
23084,0.049948582264099,0.209129222107316,0.57793388889561,0.162988306732975
23085,0.0689827796410932,0.0402576654758291,0.0802786406785759,0.810480914204502
23086,0.268700522001934,0.401878618122421,0.222845861580654,0.106574998294991
23087,0.280178217021072,0.266095295727899,0.347047446665009,0.10667904058602
23088,0.325724213376193,0.226034807100171,0.385746963110108,0.0624940164135283
23089,0.398466280984577,0.366014607439799,0.199604679458413,0.0359144321172119
23090,0.0748091034917381,0.227466364343023,0.535146707924889,0.16257782424035
23091,0.343981503321631,0.303010936669325,0.240642153809305,0.112365406199739
23092,0.302136448847167,0.154436825462206,0.383632071309542,0.159794654381084
23093,0.405487915497909,0.153635514862192,0.229965756507918,0.210910813131981
23094,0.601810353137313,0.182079128335845,0.168902623485653,0.047207895041189
23095,0.300360745175019,0.263545180642983,0.123053157117938,0.31304091706406
23096,0.29926616902158,0.229761607783191,0.301466483667676,0.169505739527553
23097,0.618747007072458,0.105866069199738,0.227756427238076,0.0476304964897281
23098,0.423125716184476,0.169371218988965,0.261802620381365,0.145700444445194
23099,0.467689620302043,0.197697039589883,0.200329592413347,0.134283747694727
23100,0.143584200901173,0.188819570197921,0.620554340958446,0.0470418879424606
23101,0.178876733381131,0.553517150143249,0.102969022684823,0.164637093790797
23102,0.366438082843284,0.161173092806024,0.2779845813235,0.194404243027192
23103,0.16810408073982,0.350631825727256,0.417137839084341,0.0641262544485825
23104,0.206024675995202,0.377483689883203,0.215870577945016,0.200621056176579
23105,0.087852412200101,0.310997604499481,0.351387007358269,0.24976297594215
23106,0.277801489489063,0.25627970069734,0.254385651001361,0.211533158812236
23107,0.198429081180323,0.135900474863606,0.568316439008619,0.0973540049474523
23108,0.184817102916618,0.212515430529271,0.194531233552845,0.408136233001267
23109,0.108882049636354,0.352546510942623,0.351627329973896,0.186944109447127
23110,0.515203444451717,0.0529068048696528,0.249459305744843,0.182430444933787
23111,0.0813765156707794,0.548150415786256,0.237584302025699,0.132888766517265
23112,0.126884756957416,0.101553566312987,0.676575938034342,0.0949857386952545
23113,0.154979566992347,0.386594218075051,0.233495000956992,0.22493121397561
23114,0.0813735916913884,0.284169765626435,0.479458629291006,0.15499801339117
23115,0.113115616463915,0.288507258155981,0.28033914070932,0.318037984670785
23116,0.0614448574208608,0.656409683202142,0.0255753400380394,0.256570119338958
23117,0.139460419307194,0.0887694047258602,0.598716624414077,0.173053551552869
23118,0.0348522298576819,0.0545050880644976,0.504710926301546,0.405931755776274
23119,0.0317334237238381,0.336214229619632,0.107041665347878,0.525010681308652
23120,0.573605180916028,0.119142647963331,0.0361408723697415,0.271111298750899
23121,0.333924221319067,0.243597221097553,0.0548151287526784,0.367663428830702
23122,0.296799638873738,0.121091370472981,0.136916656231273,0.445192334422008
23123,0.0357737564505929,0.485923205071438,0.188814291468923,0.289488747009046
23124,0.32367582586158,0.405982387582956,0.148685215242036,0.121656571313428
23125,0.329644799820227,0.354271226135873,0.201421110441814,0.114662863602086
23126,0.360256157396474,0.322202612057551,0.152722359477354,0.164818871068621
23127,0.30338908965607,0.225546496426099,0.367070567134936,0.103993846782895
23128,0.550621217327949,0.246567135166255,0.110382473542233,0.0924291739635627
23129,0.399857080504711,0.312340766582623,0.142558981953958,0.145243170958708
23130,0.183113026582419,0.453219708515918,0.163566919615142,0.200100345286521
23131,0.243837426141582,0.17346859792647,0.468801445504561,0.113892530427387
23132,0.391766568817947,0.282895373121172,0.194472073004559,0.130865985056322
23133,0.153367104287719,0.140409522994836,0.586173107615054,0.120050265102391
23134,0.150416063995377,0.205723475771486,0.379453722351803,0.264406737881333
23135,0.143077220569178,0.405086722841826,0.287625259370609,0.164210797218386
23136,0.16270329708003,0.0947773743143683,0.537303615401231,0.205215713204371
23137,0.120573957705515,0.248992459411417,0.152908677418247,0.477524905464821
23138,0.170106304227956,0.132103114882388,0.541307577035088,0.156483003854568
23139,0.394837863357606,0.230920890929144,0.155491883025243,0.218749362688006
23140,0.190479256245679,0.526745431083599,0.101398277242526,0.181377035428195
23141,0.0988980790441402,0.522210252391799,0.134631972362559,0.244259696201502
23142,0.346150848279373,0.143715521834223,0.355878628896435,0.154255000989969
23143,0.225600428378363,0.28699415912981,0.399866211012339,0.0875392014794876
23144,0.208317394234494,0.317205475723284,0.373795966746246,0.100681163295976
23145,0.255736700192101,0.345889722300809,0.275605048716691,0.122768528790399
23146,0.261107413040292,0.496278964495946,0.196078142209366,0.0465354802543961
23147,0.238614961018545,0.229248338935552,0.326277570204846,0.205859129841058
23148,0.237402821709837,0.46446065160951,0.193222250691435,0.104914275989218
23149,0.462690301342596,0.312437390927022,0.101273944998111,0.123598362732272
23150,0.208881575467514,0.453584873576862,0.177792795172941,0.159740755782684
23151,0.256585347208796,0.208716694544709,0.445294749255091,0.0894032089914042
23152,0.240467564865825,0.153071673597842,0.465798317517729,0.140662444018605
23153,0.341855704438865,0.290288739024401,0.20037872822629,0.167476828310444
23154,0.224207331422162,0.276276328112226,0.267157744673073,0.23235859579254
23155,0.448239721995849,0.255261495524291,0.153806399757397,0.142692382722463
23156,0.449588288844671,0.192853818228751,0.213814619992022,0.143743272934557
23157,0.125499920767621,0.583617088711946,0.167486645965933,0.1233963445545
23158,0.500936889271834,0.154452516475199,0.255398216820423,0.0892123774325433
23159,0.271729104280843,0.233787622850023,0.321457745713263,0.173025527155872
23160,0.0847432097323177,0.185014816185403,0.368673332090968,0.361568641991311
23161,0.315889300183073,0.221469538503551,0.330542864023492,0.132098297289884
23162,0.171706975078729,0.224845282018277,0.0639260106457156,0.539521732257278
23163,0.0856035542907038,0.788007096584325,0.0310086420502123,0.0953807070747587
23164,0.168416110904953,0.590291888919526,0.0948666925007967,0.146425307674725
23165,0.0199990506446387,0.160553444250079,0.345447292350561,0.474000212754722
23166,0.556991157862303,0.108356334016656,0.0478724900104108,0.286780018110631
23167,0.294707270030837,0.0667825831833779,0.182195278050089,0.456314868735697
23168,0.16769587779217,0.0277198763748226,0.155386635279073,0.649197610553935
23169,0.204571100176134,0.269164064422556,0.420252379170083,0.106012456231227
23170,0.0625592904811427,0.0630253265180096,0.16187256324771,0.712542819753138
23171,0.184758440229417,0.0724794942556427,0.203418529755781,0.539343535759159
23172,0.178512996259908,0.571892106712333,0.0673183568894908,0.182276540138269
23173,0.0200067560950422,0.0354077434312385,0.265360778101104,0.679224722372615
23174,0.837656696557911,0.062659751728268,0.0150456923786666,0.0846378593351547
23175,0.307499569046893,0.0825128222501248,0.121504558948823,0.48848304975416
23176,0.0206712227792212,0.594426419667903,0.0603832917634857,0.324519065789391
23177,0.389312588874544,0.158738999417975,0.371791399468886,0.0801570122385952
23178,0.125967537830853,0.535305152981062,0.126465450405993,0.212261858782093
23179,0.105732030629987,0.614468289461515,0.0439700238996269,0.235829656008872
23180,0.0184088528812665,0.199068750354059,0.581300759840302,0.201221636924373
23181,0.242645163159839,0.440938877369421,0.157776067530513,0.158639891940227
23182,0.359995356692181,0.416485843132753,0.136849925134663,0.0866688750404032
23183,0.16511656804867,0.399920696716265,0.185310732079587,0.249652003155478
23184,0.273595195614565,0.323742446660222,0.243553602133608,0.159108755591605
23185,0.357210812358107,0.131499562583942,0.272941952763374,0.238347672294577
23186,0.339014565222944,0.237750241719305,0.0867033679116913,0.33653182514606
23187,0.103743520494869,0.181700556100551,0.559661778362888,0.154894145041692
23188,0.516714749994722,0.294822522057139,0.086592528030422,0.101870199917717
23189,0.216238871102146,0.18333216662686,0.191088846508291,0.409340115762702
23190,0.196882911912534,0.222207804213872,0.265686258599659,0.315223025273935
23191,0.336892970586025,0.351781397172791,0.125196388695602,0.186129243545582
23192,0.275869002934311,0.408891583051619,0.0462562210160826,0.268983192997988
23193,0.253586095751788,0.243217828848196,0.0982438139916458,0.40495226140837
23194,0.40825534956208,0.361804713958478,0.091692662431,0.138247274048442
23195,0.454433083714439,0.188122953906252,0.18686643369475,0.17057752868456
23196,0.205476616405337,0.370350084084507,0.183294535312662,0.240878764197495
23197,0.285662474243889,0.0843341232665216,0.233994535050508,0.396008867439081
23198,0.41067511393096,0.0913447046645933,0.174567265158382,0.323412916246064
23199,0.52729091922496,0.148827348403779,0.0602223977499428,0.263659334621318
23200,0.311467538200026,0.183996722574098,0.399609539767896,0.104926199457981
23201,0.297951336829145,0.268200792313044,0.236281834286623,0.197566036571188
23202,0.21981263269058,0.269310090497505,0.353240117899717,0.157637158912198
23203,0.0725864399608182,0.616904325876494,0.189931632159121,0.120577602003567
23204,0.166823659079045,0.395189985369035,0.163495775633139,0.274490579918782
23205,0.203058675896158,0.181590633630451,0.326795206739818,0.288555483733573
23206,0.291662721462496,0.339116424701979,0.0542224814257385,0.314998372409787
23207,0.327914379843965,0.201915872242652,0.325296374730727,0.144873373182656
23208,0.186889302652271,0.104206768643719,0.318880714984617,0.390023213719393
23209,0.256683368348304,0.390266553044881,0.114544605717483,0.238505472889332
23210,0.656854524096699,0.10055252673985,0.111231515860892,0.131361433302559
23211,0.343731851178813,0.344185024227767,0.11119987887587,0.20088324571755
23212,0.0880507887735679,0.377699008944509,0.254583156807772,0.279667045474151
23213,0.0798125092703473,0.112666543183562,0.388771175868641,0.418749771677449
23214,0.631040693785135,0.0720834156037168,0.206114137627403,0.0907617529837453
23215,0.396534824922552,0.0748666518906594,0.184198939126487,0.344399584060302
23216,0.246333770967427,0.162218575622219,0.219449237213114,0.371998416197241
23217,0.0688409616544085,0.531824642917866,0.0630732674999903,0.336261127927736
23218,0.144642618280344,0.210040362208124,0.249846015148031,0.395471004363501
23219,0.284554853766633,0.0652464046456276,0.0476720379290631,0.602526703658676
23220,0.655579229976475,0.170345476739113,0.0586885434571441,0.115386749827268
23221,0.786489896816855,0.0223311882887239,0.0154373927790042,0.175741522115417
23222,0.0741466953675214,0.0920189090668555,0.589696563860153,0.24413783170547
23223,0.117825491300133,0.376510935859212,0.0905386368572137,0.415124935983441
23224,0.0381478629234817,0.248833242942051,0.21613121167543,0.496887682459037
23225,0.221242743751132,0.540076787051866,0.015737258359274,0.222943210837728
23226,0.0641539551842077,0.0967986300244462,0.26524347240754,0.573803942383806
23227,0.703159991521113,0.104282996658032,0.0330235829548458,0.159533428866009
23228,0.0450615841574855,0.0287929169515417,0.0885995283975092,0.837545970493464
23229,0.100964867569651,0.106631910487249,0.320436592746109,0.471966629196991
23230,0.061246631419386,0.310960598699687,0.0202045081331802,0.607588261747747
23231,0.0218446860763109,0.246107347615771,0.0933676114431853,0.638680354864733
23232,0.208317577359179,0.238972836351248,0.124271971562704,0.428437614726869
23233,0.0793939871370967,0.079715476924075,0.271384918486193,0.569505617452635
23234,0.159964625006582,0.0244594989165199,0.0593304931530209,0.756245382923878
23235,0.0738153388313237,0.0103500306978135,0.403366038987304,0.512468591483559
23236,0.508763515779271,0.0187087711594638,0.250964495712327,0.221563217348938
23237,0.0207125015419659,0.131565506211043,0.23437457023209,0.613347422014901
23238,0.136400115554808,0.269600248501798,0.297254910527182,0.296744725416212
23239,0.254122541887837,0.503392808984115,0.0380500794422785,0.20443456968577
23240,0.164055503629387,0.600572943609621,0.0686563082109859,0.166715244550006
23241,0.480427630517411,0.128182147957927,0.185609972909653,0.20578024861501
23242,0.616825073326346,0.175484690055949,0.0453900005862201,0.162300236031485
23243,0.299027567625423,0.0609773380100047,0.377144875795431,0.262850218569141
23244,0.142762736428493,0.531797834728201,0.128176910255627,0.197262518587679
23245,0.630029096160501,0.0224184338792432,0.141541348187703,0.206011121772553
23246,0.338445530762271,0.296117940776112,0.0884618879959486,0.276974640465668
23247,0.0680083870371549,0.0616661732157243,0.336897253101963,0.533428186645158
23248,0.0930490135955597,0.526716681411266,0.157313365683686,0.222920939309488
23249,0.258066274530976,0.257783727633765,0.193879446560592,0.290270551274667
23250,0.218973070383008,0.100409975198329,0.54317805318899,0.137438901229673
23251,0.0657448095077247,0.682118370388391,0.0755648871950087,0.176571932908875
23252,0.0913945402738949,0.266295109344803,0.279054830840251,0.363255519541052
23253,0.0566874965860202,0.163121649430654,0.661413349362909,0.118777504620417
23254,0.611866222496132,0.0626770354884068,0.247831283096652,0.0776254589188098
23255,0.360749020409558,0.266920013359236,0.0283858462999135,0.343945119931293
23256,0.673908999098362,0.0288927179253073,0.132734313252262,0.164463969724069
23257,0.202059279735156,0.539614828158548,0.05006731761434,0.208258574491957
23258,0.588460048423978,0.111117182784713,0.157189843492798,0.14323292529851
23259,0.0649211357382617,0.180736827752367,0.286345522920504,0.467996513588867
23260,0.193292938308564,0.0565538511682402,0.558124019240976,0.19202919128222
23261,0.120452190022356,0.485483802630479,0.0957895701252017,0.298274437221963
23262,0.541626024362369,0.100746255220084,0.135251364957251,0.222376355460296
23263,0.498189951393796,0.194338990822267,0.161068477549893,0.146402580234044
23264,0.0374751742860678,0.391302593209597,0.310770788248688,0.260451444255647
23265,0.594749551138689,0.137333500412131,0.100245649648072,0.167671298801109
23266,0.192393150123586,0.10235924944195,0.136287623752902,0.568959976681561
23267,0.227711950787909,0.205075057064511,0.33103529169508,0.2361777004525
23268,0.1756468379624,0.101823288225694,0.0485767883912603,0.673953085420645
23269,0.246024586010195,0.395441224861082,0.0355608357482392,0.322973353380484
23270,0.165926539922787,0.216166131077081,0.485368478485273,0.132538850514859
23271,0.278107265441923,0.0706536170116423,0.068862832121089,0.582376285425346
23272,0.133107455638422,0.172481478427971,0.515791822996604,0.178619242937003
23273,0.0926008642705159,0.47577675071209,0.097683321339886,0.333939063677509
23274,0.331194255195305,0.126690789017707,0.0780864240771714,0.464028531709817
23275,0.0547629619454888,0.149430543388124,0.274415135709108,0.521391358957279
23276,0.18429644237635,0.434905530905351,0.171824484494355,0.208973542223944
23277,0.443383482414981,0.305753605243055,0.0806936610960774,0.170169251245886
23278,0.126974032280549,0.14904949335762,0.354516606894483,0.369459867467349
23279,0.317402752135408,0.359698356883521,0.111501695384936,0.211397195596135
23280,0.311952315063686,0.157019091538913,0.216499111278644,0.314529482118758
23281,0.11113126496747,0.484796189336185,0.14006976138683,0.264002784309515
23282,0.254265800697819,0.386958076524441,0.159742489795066,0.199033632982675
23283,0.107233279514396,0.343396853303698,0.276163802926988,0.273206064254918
23284,0.10874919982826,0.350568727081314,0.241046722559166,0.29963535053126
23285,0.370135332769075,0.172160649754896,0.11935443317981,0.33834958429622
23286,0.194944363386105,0.113665537596949,0.420852330149887,0.270537768867058
23287,0.114403204836682,0.201959881004794,0.342383120483953,0.34125379367457
23288,0.650170273901274,0.103462260087867,0.11592918252287,0.13043828348799
23289,0.169973364531072,0.564186031312622,0.132920919605684,0.132919684550622
23290,0.187097077025938,0.418468056138715,0.072329133200261,0.322105733635087
23291,0.372649558952594,0.13003339840135,0.133556609090826,0.363760433555229
23292,0.150124700667464,0.139531041303687,0.471369285734505,0.238974972294344
23293,0.566474750002827,0.21842513636334,0.0670450987131924,0.14805501492064
23294,0.152946531771873,0.197074313724115,0.0996506110826609,0.550328543421351
23295,0.324255715272333,0.0134956909937281,0.505480060851433,0.156768532882506
23296,0.221829985021642,0.250056005066651,0.404033799556931,0.124080210354777
23297,0.127700707199079,0.0490494662954779,0.529525660762878,0.293724165742565
23298,0.397460504454802,0.0355697777443002,0.337756472081579,0.229213245719319
23299,0.402896928999663,0.179780057098532,0.0581406158238613,0.359182398077944
23300,0.412271088147503,0.211951724575115,0.268798997288676,0.106978189988705
23301,0.534109328432243,0.0523556119731096,0.0997716776039253,0.313763381990722
23302,0.317565136220366,0.20139343986907,0.375849014184739,0.105192409725825
23303,0.138830398123982,0.18727379077031,0.400902102590815,0.272993708514894
23304,0.027126879202363,0.437261613486938,0.0636895597138779,0.471921947596821
23305,0.432030774785896,0.0302569054648574,0.0346658353822509,0.503046484366995
23306,0.35245779966723,0.422219022432338,0.0614388946496048,0.163884283250827
23307,0.103266197251002,0.320302889143945,0.143731160689057,0.432699752915997
23308,0.243135088226344,0.0269270228786366,0.56184103727825,0.168096851616769
23309,0.0894050695294564,0.0871732186027252,0.0190053665052319,0.804416345362587
23310,0.0845415143627053,0.0385500083800999,0.619652788769011,0.257255688488184
23311,0.0861823616983593,0.0331164451746167,0.245709417730159,0.634991775396865
23312,0.281150230455272,0.100547035869842,0.496817473855485,0.121485259819401
23313,0.0547351986435936,0.245769175937999,0.2512667678143,0.448228857604108
23314,0.440408966293867,0.0717953984153582,0.108791629286614,0.379004006004161
23315,0.402722455048677,0.123638457436258,0.375899826273405,0.0977392612416598
23316,0.339825775788563,0.124205848756696,0.221404330239397,0.314564045215344
23317,0.293933377114334,0.203195713217706,0.181432222558414,0.321438687109546
23318,0.0674182030958775,0.0730458580748787,0.471004407906658,0.388531530922586
23319,0.316270319199444,0.157308521880918,0.0262245012271534,0.500196657692485
23320,0.11685408341617,0.0569022776325946,0.239085192208191,0.587158446743045
23321,0.673520932314131,0.0119609307054025,0.202763193166581,0.111754943813886
23322,0.188830526062487,0.0498344965413939,0.448018535500017,0.313316441896102
23323,0.271100705854303,0.321508932566973,0.0340505759086433,0.373339785670081
23324,0.483617831472733,0.0841712583405051,0.124903280302427,0.307307629884335
23325,0.0416257013288631,0.408274759916066,0.296558522996629,0.253541015758442
23326,0.0645988382126031,0.149402584691784,0.0655881675488896,0.720410409546724
23327,0.0770591890474047,0.0243888982794467,0.709452874111252,0.189099038561897
23328,0.0153488951812772,0.483579030946542,0.0303502398969702,0.47072183397521
23329,0.151506637928809,0.0404954782576367,0.193449115715917,0.614548768097637
23330,0.182754809882088,0.0479027774344959,0.455872621044296,0.313469791639119
23331,0.0878119275127354,0.682438112769881,0.0249746300273659,0.204775329690018
23332,0.0855769402846683,0.221730868665629,0.532257382134769,0.160434808914933
23333,0.506090962917869,0.110457905308013,0.199996022759169,0.18345510901495
23334,0.305506205531484,0.162780010959905,0.12916082162186,0.40255296188675
23335,0.346252785536618,0.315682806862529,0.145829425354696,0.192234982246158
23336,0.0660338195270607,0.209284808457415,0.325677079582724,0.3990042924328
23337,0.602627317013681,0.099412777491894,0.18757867977782,0.110381225716606
23338,0.110732306139006,0.139632018379156,0.606148107884842,0.143487567596996
23339,0.131755707181146,0.0587135766501855,0.465680052122521,0.343850664046148
23340,0.107990107939795,0.05552267865887,0.405820644239828,0.430666569161506
23341,0.106338605853511,0.0495530998903431,0.658973415430163,0.185134878825983
23342,0.312260975381543,0.125034627497471,0.25926401393777,0.303440383183215
23343,0.116889510925776,0.334849863030946,0.084301169359106,0.463959456684172
23344,0.170182788330024,0.129362464437584,0.151615084408924,0.548839662823469
23345,0.0778744549142542,0.130587557152853,0.116634686764181,0.674903301168712
23346,0.140845269738041,0.44315908015379,0.0744183371537679,0.341577312954401
23347,0.250481507657941,0.20149987268363,0.11249254240475,0.435526077253678
23348,0.0941205319674267,0.204228649210338,0.300655870579725,0.400994948242511
23349,0.193312611550067,0.259486493216065,0.415487660387854,0.131713234846014
23350,0.187773903236292,0.480919828155724,0.0480256809401793,0.283280587667805
23351,0.113007654561447,0.129325117520025,0.262669141723293,0.494998086195235
23352,0.188012288003238,0.258395427986832,0.349608489482173,0.203983794527758
23353,0.0900857063864411,0.42919941361851,0.240609584712143,0.240105295282906
23354,0.126866692650747,0.553914292211466,0.131994091715752,0.187224923422036
23355,0.231504120874275,0.445450806482333,0.0938380559954041,0.229207016647989
23356,0.331901764936166,0.132787581787714,0.36967660338958,0.16563404988654
23357,0.142642272080432,0.471941845330298,0.112333723178168,0.273082159411102
23358,0.23262488527209,0.160599490431938,0.300479051417547,0.306296572878426
23359,0.216228940100617,0.175328147704188,0.36688609326144,0.241556818933755
23360,0.416100222028285,0.338424603760683,0.147502601652516,0.0979725725585155
23361,0.107329527846013,0.0979446691113672,0.509451823611292,0.285273979431328
23362,0.143340356941882,0.278918245868956,0.243774316537408,0.333967080651754
23363,0.172885078522513,0.363066172991389,0.244382371639083,0.219666376847015
23364,0.123307353025807,0.198677586777458,0.310969490850407,0.367045569346327
23365,0.293627605560542,0.236567589450924,0.245189274314587,0.224615530673948
23366,0.170827868480852,0.0600449923863816,0.491389021003739,0.277738118129027
23367,0.231891699719779,0.128572995149756,0.506258618719865,0.1332766864106
23368,0.0694345697319248,0.312829929671628,0.370918569283736,0.246816931312712
23369,0.340024291714596,0.214244284915667,0.154378869875287,0.291352553494451
23370,0.116146472076452,0.151052827959521,0.468993542648001,0.263807157316027
23371,0.761571219027773,0.0411825390744935,0.0859772774060498,0.111268964491683
23372,0.449154411397043,0.0884885522259141,0.0387589249010544,0.423598111475989
23373,0.116784981504681,0.281573851168716,0.426588605339626,0.175052561986978
23374,0.0312319168833823,0.281519332382936,0.579598268133648,0.107650482600033
23375,0.186696388953597,0.326111931938502,0.35044331440808,0.136748364699822
23376,0.206650019459333,0.329075518924494,0.316368280508355,0.147906181107819
23377,0.116146792120321,0.197707508434277,0.566581085496129,0.119564613949274
23378,0.625960245793897,0.0487250759413433,0.176673408667267,0.148641269597492
23379,0.156334587943176,0.070986533550451,0.373889154890767,0.398789723615606
23380,0.20447901777508,0.328882523329792,0.156716425302119,0.309922033593009
23381,0.11999735508203,0.332801441793773,0.25144845151696,0.295752751607237
23382,0.0827995717882716,0.0356018615030473,0.468297937462513,0.413300629246168
23383,0.0554602653158189,0.62183004989884,0.0934557200017652,0.229253964783576
23384,0.741369290939406,0.0485914349382963,0.0825080759697761,0.127531198152521
23385,0.174055412985602,0.355570557568135,0.37503750508722,0.095336524359043
23386,0.176096811396101,0.494109138855127,0.0162567319676013,0.313537317781171
23387,0.258815776605183,0.197003648673876,0.0492657335546215,0.49491484116632
23388,0.0862438970070728,0.225534087191186,0.329407728385574,0.358814287416167
23389,0.0311496177939789,0.0442801135309815,0.374931200009372,0.549639068665668
23390,0.294615487489222,0.38768415730545,0.143365543853195,0.174334811352133
23391,0.172675944104002,0.340110436347963,0.355094660600596,0.132118958947439
23392,0.298230394155286,0.277436461558757,0.314900989351297,0.109432154934659
23393,0.0295615319529898,0.608915807451039,0.253707474392339,0.107815186203633
23394,0.318244588153592,0.381640487272588,0.199492995309954,0.100621929263867
23395,0.152178142346004,0.252695073268298,0.434274720764682,0.160852063621015
23396,0.542160168930091,0.18808183623637,0.118645536954735,0.151112457878804
23397,0.480658383865284,0.287905158752378,0.0555068329676269,0.175929624414711
23398,0.163312179105447,0.749777493164436,0.0180862092326906,0.0688241184974263
23399,0.0369840515472301,0.720272782115207,0.0983392390298509,0.144403927307712
23400,0.594817970234303,0.0552297571173903,0.13725989749768,0.212692375150626
23401,0.40117376803464,0.305790200856593,0.100562573359859,0.192473457748908
23402,0.0471673627611468,0.58601224338572,0.280166343229976,0.0866540506231577
23403,0.149118941194183,0.211297707794821,0.429415195771731,0.210168155239266
23404,0.0382360419739472,0.671603676999591,0.189688581248202,0.10047169977826
23405,0.068557577194801,0.457446740114344,0.248847104429834,0.22514857826102
23406,0.652460525272704,0.167243103677536,0.0891070231321719,0.0911893479175882
23407,0.234852786246887,0.151261597196621,0.127679991364287,0.486205625192205
23408,0.469615190615163,0.234596474054407,0.101638197375201,0.194150137955229
23409,0.22972171213513,0.369395892226599,0.247658792114192,0.153223603524079
23410,0.254115190963695,0.353695184522716,0.200926614559505,0.191263009954085
23411,0.198943085231263,0.266172223285474,0.3481401270327,0.186744564450563
23412,0.162702861885621,0.453260486964968,0.178115736828086,0.205920914321325
23413,0.19524496676858,0.204520165336428,0.372619753914293,0.227615113980699
23414,0.338149417486744,0.263190848192169,0.16115128701464,0.237508447306447
23415,0.29645190141289,0.334545065694316,0.215545963895899,0.153457068996895
23416,0.173388223692235,0.492933796543446,0.185575827834927,0.148102151929392
23417,0.309508251380899,0.229657913597964,0.245993477142378,0.214840357878759
23418,0.143141542909498,0.266489696625847,0.242811377588908,0.347557382875747
23419,0.155990226881597,0.411169103215592,0.125980047874802,0.306860622028009
23420,0.168363373117867,0.195486534332174,0.435406759293135,0.200743333256824
23421,0.317660816998614,0.290894565377736,0.137061351925071,0.254383265698579
23422,0.196705009709356,0.152644951177247,0.3615239919194,0.289126047193997
23423,0.442577736122887,0.167242042870825,0.257224124229996,0.132956096776293
23424,0.347929146899204,0.172918468435376,0.132225889962537,0.346926494702882
23425,0.307224522123581,0.298523427102118,0.12782035516332,0.266431695610981
23426,0.250206910878248,0.393097583531568,0.111229292222093,0.245466213368091
23427,0.401236536940264,0.10934306330851,0.401876919567159,0.0875434801840666
23428,0.436134343286299,0.24597467971541,0.228581717675337,0.0893092593229537
23429,0.376452147827436,0.354027670055341,0.197319875634169,0.0722003064830534
23430,0.234881659450175,0.370751296085356,0.322634800340773,0.0717322441236958
23431,0.270443377465278,0.260167286289588,0.410444779144874,0.0589445571002596
23432,0.245755837466179,0.278505912127639,0.337723856022931,0.138014394383251
23433,0.371084449724828,0.404362812813681,0.149029216083106,0.0755235213783852
23434,0.232405670244411,0.293165477517645,0.391179083438335,0.0832497687996095
23435,0.316331876438198,0.254773227779656,0.281982481396262,0.146912414385884
23436,0.290896467556871,0.337129366202483,0.225320785713292,0.146653380527355
23437,0.254806389651704,0.32126273685267,0.303130168529654,0.120800704965973
23438,0.212758143254452,0.19339362683224,0.518083958327959,0.0757642715853485
23439,0.232109412758667,0.355155770442407,0.249525871150925,0.163208945648002
23440,0.38407751342983,0.22881684858223,0.292652683205391,0.0944529547825488
23441,0.145484328029529,0.182907144447339,0.444602078810263,0.227006448712869
23442,0.300195293110704,0.355036151268501,0.218844702319442,0.125923853301353
23443,0.356036818684344,0.293510876473787,0.244145758916347,0.106306545925522
23444,0.143789018027671,0.322094358091661,0.470822600110516,0.0632940237701522
23445,0.111968050553409,0.253255832978584,0.569757219950717,0.0650188965172898
23446,0.520139641288698,0.170136606118913,0.183885197975448,0.125838554616941
23447,0.215953676040926,0.105456924434719,0.444446614292068,0.234142785232287
23448,0.173564177828979,0.328017140835067,0.121187595923198,0.377231085412756
23449,0.540959467659459,0.0546586493380665,0.177359923255354,0.22702195974712
23450,0.0459032256855394,0.156785321614611,0.445118291383079,0.352193161316771
23451,0.172902756228919,0.2227202263393,0.304477654563549,0.299899362868232
23452,0.0466615227661937,0.593391740863407,0.0400410946442669,0.319905641726132
23453,0.538893751070637,0.106815884623035,0.12585150785002,0.228438856456308
23454,0.160926093656972,0.102176750153646,0.0348512580878902,0.702045898101493
23455,0.29692216502082,0.0542753321736269,0.0887122338362921,0.560090268969261
23456,0.108134328529852,0.621059692232965,0.0411168545178409,0.229689124719342
23457,0.0854620509591141,0.0376378370580921,0.211503138400935,0.665396973581859
23458,0.0146451293695305,0.438702072698578,0.24805806896702,0.298594728964872
23459,0.261245322179288,0.409199920358334,0.0338205637479142,0.295734193714464
23460,0.146031556154999,0.692181757500819,0.04351681427678,0.118269872067403
23461,0.0177964512214345,0.268130170141644,0.453283816063534,0.260789562573388
23462,0.652620838263693,0.154784338500113,0.0415563287824163,0.151038494453778
23463,0.0378620529400545,0.0861156768350869,0.480584523936499,0.39543774628836
23464,0.0432787114603477,0.0178739860813151,0.578135439335313,0.360711863123025
23465,0.304732940036943,0.341390947979036,0.0575243792188778,0.296351732765144
23466,0.332774967135452,0.120331638753342,0.165660735463421,0.381232658647785
23467,0.058401047390176,0.687114732298901,0.0886747112539035,0.16580950905702
23468,0.486524628889636,0.0952146079514072,0.105880650121003,0.312380113037954
23469,0.130037684976519,0.0598596919214026,0.741922938365409,0.0681796847366691
23470,0.491108148468508,0.209694316481675,0.212887803669412,0.0863097313804048
23471,0.071490372130956,0.270284952282596,0.547003113958751,0.111221561627697
23472,0.320567744655077,0.259198414942079,0.239983967417476,0.180249872985368
23473,0.15995934569006,0.121178698376309,0.47628073705009,0.242581218883541
23474,0.210063324776271,0.0901490318930909,0.37267872497501,0.327108918355628
23475,0.0843678954435342,0.577751218395507,0.0768469669691961,0.261033919191762
23476,0.138739202928015,0.647818246431515,0.0716366329029985,0.141805917737471
23477,0.440221092853736,0.0538626158321324,0.286067252426476,0.219849038887655
23478,0.235963919713519,0.389832820486851,0.182442539554526,0.191760720245104
23479,0.0434296567547683,0.160459086172477,0.274386255989947,0.521725001082808
23480,0.0643468248948495,0.501512953173244,0.311064858907801,0.123075363024105
23481,0.240126732248795,0.573645439647501,0.100728936681845,0.0854988914218592
23482,0.723942996015739,0.0553621768501704,0.0860332402995988,0.134661586834492
23483,0.10258198431344,0.248427436070504,0.202078651185032,0.446911928431024
23484,0.0332856172058371,0.269674454885831,0.632335552047141,0.0647043758611917
23485,0.236842170687437,0.411649790012897,0.0456351751075233,0.305872864192143
23486,0.0285988153625553,0.345166861853126,0.198068023203663,0.428166299580656
23487,0.226338330209829,0.414931965689737,0.0365120003786595,0.322217703721774
23488,0.157608146632316,0.497652570590892,0.0714072846141316,0.27333199816266
23489,0.231652743856026,0.0418494808981832,0.162065072805637,0.564432702440155
23490,0.0866902022048024,0.0249128502760882,0.225259204236217,0.663137743282893
23491,0.0522992611929186,0.151474809043418,0.266615821411421,0.529610108352243
23492,0.0396612756606388,0.372844688533271,0.328112611543058,0.259381424263032
23493,0.0539817116192356,0.0893732667553498,0.0851407602406836,0.771504261384731
23494,0.136918450661696,0.54881069107167,0.055366747164099,0.258904111102535
23495,0.0765960853972325,0.717741963955289,0.0395765099332082,0.16608544071427
23496,0.070949998672234,0.417293662470089,0.0132776477021283,0.498478691155549
23497,0.095186298560744,0.616081765748797,0.0759686030015362,0.212763332688923
23498,0.148081599512367,0.0311917852541444,0.327772384576642,0.492954230656847
23499,0.0271655129770661,0.0505843700712526,0.218607761716736,0.703642355234945
23500,0.0230728750472571,0.129998619245269,0.474064892974979,0.372863612732495
23501,0.502382320825362,0.0347419040892414,0.185810000155991,0.277065774929406
23502,0.0962579074200266,0.0359309802870151,0.304547582972998,0.56326352931996
23503,0.574615003530789,0.0531980589204365,0.0407855940602894,0.331401343488485
23504,0.275715879614527,0.304103253441126,0.167539020363514,0.252641846580833
23505,0.0784224888148927,0.263652804036958,0.401961592698305,0.255963114449844
23506,0.470877996963518,0.0489746243071117,0.358858836585124,0.121288542144246
23507,0.598221221338578,0.218886256256056,0.103029118589152,0.0798634038162139
23508,0.0514362650931616,0.127465750078276,0.404180926261855,0.416917058566708
23509,0.346471039830451,0.277985679040058,0.0919570063049516,0.283586274824539
23510,0.252969740631073,0.0581935395818295,0.27390327503647,0.414933444750628
23511,0.318628897306247,0.0580769830210304,0.0804642809110532,0.542829838761669
23512,0.731887922491263,0.133399096465575,0.0507596591749065,0.0839533218682553
23513,0.138963015162291,0.202900627682245,0.0414025383646928,0.616733818790772
23514,0.271427522266689,0.0918957660595314,0.251613522096452,0.385063189577327
23515,0.720160776313943,0.0345345588367648,0.147599831281298,0.0977048335679948
23516,0.322844450521018,0.0730357904910119,0.265178865701959,0.338940893286011
23517,0.513528836573941,0.114667370700231,0.0770177818715139,0.294786010854314
23518,0.0762438097951318,0.0468364041431437,0.791306750634198,0.0856130354275263
23519,0.0697344529253886,0.502334347401133,0.0594164208118834,0.368514778861595
23520,0.370910189361256,0.0723410350799843,0.144648328001927,0.412100447556833
23521,0.135607559861392,0.427666328931017,0.313398630567045,0.123327480640545
23522,0.0908342307984424,0.302389913054353,0.144379835361838,0.462396020785367
23523,0.0644108927833189,0.674733852738499,0.090699120604672,0.17015613387351
23524,0.0406310336987884,0.663763322584499,0.0655002810409597,0.230105362675753
23525,0.162817620019389,0.12557549593377,0.0535558749377612,0.65805100910908
23526,0.0797150680869638,0.202276065093378,0.540573007321768,0.17743585949789
23527,0.0830797341923506,0.147394814861516,0.296240412241791,0.473285038704342
23528,0.0357143685113957,0.68272760977237,0.0895954607825902,0.191962560933644
23529,0.119180107184692,0.407366486383185,0.0257302689839646,0.447723137448158
23530,0.0588489251095813,0.0526254015872019,0.69312449245877,0.195401180844447
23531,0.327436130547833,0.0196565229141564,0.0264108318457326,0.626496514692278
23532,0.125376293734785,0.0992639139386948,0.0391538160667436,0.736205976259777
23533,0.23435560049637,0.076093587481664,0.0890920338540028,0.600458778167964
23534,0.086722215098703,0.0357586945403149,0.156607352221105,0.720911738139878
23535,0.0507328833690128,0.0324435639531391,0.0613829568351134,0.855440595842735
23536,0.050907984305057,0.0412284938951872,0.173066747725781,0.734796774073975
23537,0.111909564957025,0.134907774213385,0.021783254312035,0.731399406517555
23538,0.376577473929119,0.0694242175075015,0.0104077366249194,0.54359057193846
23539,0.0215499722610373,0.0499770578683665,0.0762263165228791,0.852246653347717
23540,0.0265214531514276,0.0140081981919733,0.23403293364417,0.72543741501243
23541,0.0333559918086766,0.160008955383601,0.0177395480396597,0.788895504768062
23542,0.0466561852595725,0.188531946163116,0.521103955145533,0.243707913431779
23543,0.286347911212148,0.2904748985462,0.13282473603839,0.290352454203263
23544,0.0488597645640042,0.148221023886706,0.726086883259677,0.0768323282896124
23545,0.273940563505126,0.0540456679608429,0.0675941831231679,0.604419585410863
23546,0.0631694838117935,0.0898793425073216,0.726848409774854,0.120102763906031
23547,0.400884224680023,0.363684723703345,0.0210997734743413,0.21433127814229
23548,0.284645160757693,0.0678127614617272,0.0441759907539531,0.603366087026626
23549,0.296276372306723,0.0690075160032709,0.148026636971019,0.486689474718987
23550,0.0404792993469602,0.211368121331065,0.0978197572680773,0.650332822053897
23551,0.56331018156289,0.106308044975041,0.180818097795364,0.149563675666706
23552,0.0298373113096897,0.479075595523735,0.453404328527741,0.0376827646388348
23553,0.0673016637367259,0.687933276629148,0.0760475577599274,0.168717501874198
23554,0.698965041553256,0.131456476225536,0.0694304058723197,0.100148076348889
23555,0.0286932078714688,0.126120988573229,0.730564683769535,0.114621119785767
23556,0.448490497514451,0.0816650481653023,0.0821006523132243,0.387743802007023
23557,0.0539140070002054,0.0450215453067095,0.594694805670011,0.306369642023074
23558,0.185828399878133,0.115150282281496,0.477743313095433,0.221278004744938
23559,0.147057387866981,0.0482148219505847,0.448729427122483,0.355998363059952
23560,0.0565100215616756,0.0526472466679989,0.432315541720753,0.458527190049572
23561,0.46813336880373,0.2810520310929,0.177430875766588,0.0733837243367815
23562,0.397340792650866,0.118341874514794,0.0688738616427009,0.415443471191639
23563,0.148380228426298,0.348404876831872,0.294369877574101,0.208845017167729
23564,0.0777815373449286,0.47197091845978,0.194869230172663,0.255378314022628
23565,0.0708581871206495,0.0772539007061369,0.671153171212236,0.180734740960978
23566,0.464478420603949,0.161152368922866,0.0560632968889831,0.318305913584202
23567,0.126968881908718,0.555889717324985,0.153721389126989,0.163420011639308
23568,0.210781459864652,0.592882689264602,0.0502194608204216,0.146116390050325
23569,0.724493801834604,0.0791480371861252,0.101165209757769,0.0951929512215017
23570,0.0827740154343194,0.72316291282038,0.0928994897083979,0.101163582036903
23571,0.0741351690444065,0.0316620730142494,0.182953828744443,0.711248929196901
23572,0.226018571609335,0.526517415922866,0.0208013131287748,0.226662699339024
23573,0.0611256040507115,0.0477736499729982,0.113044347227964,0.778056398748326
23574,0.0419538076421014,0.58747543385882,0.15847581612972,0.212094942369359
23575,0.0294149377178556,0.202003344306413,0.165551320394635,0.603030397581097
23576,0.0617082023881496,0.0812346403036792,0.104765829899201,0.75229132740897
23577,0.769070464351953,0.0636274465005655,0.0679313410854123,0.0993707480620692
23578,0.120028971091128,0.0723914873439808,0.0233567586570874,0.784222782907804
23579,0.0361989101292558,0.464255556258658,0.0972630531605941,0.402282480451492
23580,0.163748622728378,0.598695675132771,0.0363903545009371,0.201165347637914
23581,0.169009515619131,0.242835986434583,0.293316827696271,0.294837670250015
23582,0.107725468968598,0.176653477441292,0.608349244514576,0.107271809075533
23583,0.690958938402723,0.0818555318664467,0.0835549265544675,0.143630603176363
23584,0.631475441050868,0.14939928410411,0.063193090431329,0.155932184413694
23585,0.651754347341293,0.176455895447211,0.0620504340470396,0.109739323164456
23586,0.277587930316711,0.27533711493462,0.241823283060518,0.205251671688151
23587,0.106750165089524,0.11848713193763,0.324417009895758,0.450345693077088
23588,0.235565287859901,0.0459292161280751,0.266695235722012,0.451810260290011
23589,0.658235001997308,0.0497018220372103,0.0434188164297644,0.248644359535717
23590,0.211020593710236,0.0900679396901432,0.202358337011964,0.496553129587657
23591,0.739088502569753,0.053571802594398,0.0727262476454444,0.134613447190405
23592,0.377512668450851,0.0769128560559513,0.0526002292506221,0.492974246242576
23593,0.0472013934521937,0.487843763404562,0.112175372769661,0.352779470373583
23594,0.716381914003376,0.045679612269286,0.148550113192341,0.0893883605349973
23595,0.132415654560798,0.0836855008010579,0.666159238256707,0.117739606381436
23596,0.0502795943329751,0.267253650503606,0.205461131940225,0.477005623223194
23597,0.240694039546338,0.0411502089822056,0.231943309542639,0.486212441928818
23598,0.659179949301455,0.0557085558125339,0.0314706268045019,0.253640868081509
23599,0.216018435959455,0.365870564859964,0.244007245111601,0.174103754068979
23600,0.302509786270649,0.362252058023162,0.212004530301855,0.123233625404334
23601,0.193906638833877,0.428130214814999,0.241503293760191,0.136459852590933
23602,0.179547937994315,0.530796656029757,0.153976424443546,0.135678981532382
23603,0.105450061552944,0.303689750852403,0.43169219282672,0.159167994767933
23604,0.316527357313479,0.489299563327453,0.101598575322455,0.0925745040366128
23605,0.456702992106836,0.091624842516318,0.131277590505947,0.320394574870899
23606,0.313289486780961,0.343901072529248,0.090782221814998,0.252027218874793
23607,0.156500089166726,0.307361028271159,0.239005216777694,0.29713366578442
23608,0.47551963202415,0.132783881068776,0.0927958149582717,0.298900671948803
23609,0.315715250064006,0.20397185712117,0.282897918827424,0.197414973987399
23610,0.205623249199398,0.476624394541974,0.180370178972829,0.137382177285799
23611,0.116639021147777,0.217413568881474,0.5245585258352,0.141388884135549
23612,0.156486074739262,0.382191303738539,0.163354916210385,0.297967705311814
23613,0.375287969354876,0.193682302769456,0.347674675172394,0.0833550527032745
23614,0.227530762575707,0.577497555418053,0.11071447508477,0.0842572069214708
23615,0.240526201166507,0.244384501635169,0.101890613032496,0.413198684165828
23616,0.291942849688483,0.212752409836858,0.408334141109946,0.0869705993647139
23617,0.167420178262646,0.514785352489681,0.138236470885965,0.179557998361708
23618,0.305317469552279,0.017152371218018,0.336710851198643,0.340819308031061
23619,0.0552055037421156,0.273084738799148,0.161954384786719,0.509755372672017
23620,0.0610214592785235,0.245850213470275,0.0168140521043473,0.676314275146855
23621,0.303956898071888,0.102573592135021,0.0633734423657366,0.530096067427355
23622,0.1910205059039,0.351388103405136,0.0277306866324981,0.429860704058465
23623,0.0195212884733021,0.133545386963198,0.037591567291224,0.809341757272276
23624,0.0389930151360843,0.766006182138931,0.0483078088034772,0.146692993921508
23625,0.105934012766719,0.0973218185920905,0.166357221609614,0.630386947031577
23626,0.0462123125854348,0.458974420329323,0.0847564951329471,0.410056771952296
23627,0.126153297182499,0.020143802646415,0.648294207287592,0.205408692883493
23628,0.253282888373587,0.0686369544019277,0.0254825724548269,0.652597584769659
23629,0.129818692003725,0.122731967301156,0.0858354582461492,0.66161388244897
23630,0.303098748721842,0.352115695626345,0.0604926446817751,0.284292910970038
23631,0.0221792591356338,0.162244304778352,0.414325021198885,0.401251414887129
23632,0.0311506894881433,0.0211396133464002,0.168413503541612,0.779296193623844
23633,0.0686770083296675,0.48569284738491,0.0719583342187935,0.373671810066629
23634,0.757053553184405,0.0518405394015871,0.00657319851498463,0.184532708899024
23635,0.0147087812349914,0.238239547720976,0.0585329636579702,0.688518707386062
23636,0.0296169517767426,0.384547343252134,0.149210430402766,0.436625274568357
23637,0.385303170956622,0.390775491600002,0.111304018388699,0.112617319054678
23638,0.431640354190686,0.214902782512133,0.236909608789337,0.116547254507844
23639,0.231138806114476,0.206051927724076,0.395518041863366,0.167291224298082
23640,0.28814049873459,0.158707557677771,0.425792167242927,0.127359776344712
23641,0.159804742261864,0.429512781153045,0.239386244439709,0.171296232145382
23642,0.240887661211456,0.196781667282554,0.330054191356495,0.232276480149495
23643,0.258701572238686,0.349077398126724,0.312324036476899,0.0798969931576908
23644,0.269876652557508,0.432539687651366,0.116009564163057,0.181574095628069
23645,0.122975816109899,0.450056745006884,0.169152713922279,0.257814724960938
23646,0.223541350522894,0.391138371578707,0.178367470509997,0.206952807388402
23647,0.178745250895352,0.549556040412611,0.14528496544445,0.126413743247587
23648,0.258168351876144,0.538028051778339,0.0804333533910563,0.12337024295446
23649,0.276471857156612,0.29770035885669,0.183897720059487,0.241930063927211
23650,0.292337786107077,0.203711055236525,0.122249782486932,0.381701376169466
23651,0.179282495718799,0.535314797536449,0.141797632427295,0.143605074317456
23652,0.095297267555353,0.316297477377312,0.53096080418391,0.0574444508834257
23653,0.155297658796075,0.117944780247121,0.601427214839404,0.1253303461174
23654,0.107280809263305,0.194831771558319,0.555139670782378,0.142747748395999
23655,0.236971216821048,0.410147606854417,0.159675860061939,0.193205316262597
23656,0.176679773801815,0.207275700445997,0.373132886450216,0.242911639301972
23657,0.434445492770777,0.33025313445416,0.122335231394089,0.112966141380974
23658,0.407550564467373,0.0976742013690965,0.330186459963233,0.164588774200298
23659,0.560472825240239,0.27377083974132,0.112506508919144,0.0532498260992972
23660,0.426521437971531,0.244918630257596,0.0639034043610917,0.264656527409781
23661,0.260778442814747,0.0798217507717537,0.196225111909808,0.463174694503691
23662,0.141022941881631,0.393300769190236,0.171445878930692,0.294230409997441
23663,0.2406132791814,0.180761889205962,0.280045492968772,0.298579338643866
23664,0.0760374259529188,0.398634489868588,0.124327551887324,0.401000532291169
23665,0.312470494807371,0.285058573775587,0.0487002487870065,0.353770682630035
23666,0.350330714667628,0.127549530655608,0.274271076415661,0.247848678261103
23667,0.380368443740023,0.0639341638959839,0.416648243249466,0.139049149114527
23668,0.586165079271731,0.0673683807178576,0.118195316985927,0.228271223024484
23669,0.28147758439954,0.300681942579901,0.105696125294755,0.312144347725804
23670,0.206406013791699,0.11758745987199,0.482593402917051,0.193413123419259
23671,0.061752408250316,0.26730977894375,0.501643635595684,0.16929417721025
23672,0.158413745093474,0.162633380316127,0.39346198771316,0.285490886877239
23673,0.293008114785958,0.528941794761708,0.0700503362602344,0.1079997541921
23674,0.0274904712784386,0.27939920679516,0.590961937151948,0.102148384774453
23675,0.102972475780176,0.548050046099737,0.0940876168237302,0.254889861296357
23676,0.208554165273987,0.131834339571899,0.105198057322845,0.554413437831268
23677,0.190634295801186,0.237896117613325,0.284605822079641,0.286863764505848
23678,0.517069434120774,0.0765593007459965,0.0437863674395916,0.362584897693638
23679,0.487010643033079,0.0980623671725161,0.318609810261777,0.0963171795326278
23680,0.0698884734854278,0.103356492089895,0.652355761215784,0.174399273208894
23681,0.0872087627457031,0.0921401656543579,0.739430045274673,0.0812210263252657
23682,0.0726664530541695,0.284622981028515,0.467874099063121,0.174836466854194
23683,0.361258151764734,0.0991591373839685,0.190628608260853,0.348954102590445
23684,0.124926676586306,0.587766071145611,0.0731703180524309,0.214136934215652
23685,0.365292124107021,0.308001428529231,0.248106900669391,0.078599546694357
23686,0.084128142703482,0.0448538417899432,0.541510574115189,0.329507441391386
23687,0.110767156482203,0.0907298306887032,0.251065726071221,0.547437286757873
23688,0.25415170155984,0.0687180142734603,0.048429188209643,0.628701095957057
23689,0.129950931960176,0.140025591185917,0.558818591152564,0.171204885701343
23690,0.303379997304069,0.229730590937356,0.027491803231441,0.439397608527134
23691,0.0847269737284611,0.134193179471155,0.482247996784763,0.29883185001562
23692,0.0483800519488519,0.435008633198452,0.070052848464468,0.446558466388228
23693,0.0513045904391246,0.300197557782703,0.455008588696604,0.193489263081569
23694,0.0776457487341801,0.299366228077597,0.288581171391175,0.334406851797049
23695,0.0724839950224676,0.455807643701296,0.227705304664489,0.244003056611748
23696,0.484268103952298,0.363707852671044,0.0461928864188089,0.105831156957849
23697,0.292090332775558,0.109267232212794,0.346152558706785,0.252489876304863
23698,0.177198837151628,0.291327431589279,0.200735764486297,0.330737966772796
23699,0.103682108548322,0.59346173517123,0.0780809881724836,0.224775168107964
23700,0.414784605329337,0.0290640112735024,0.375195191099017,0.180956192298143
23701,0.0474820442967843,0.462617950166251,0.202011963499453,0.287888042037512
23702,0.0752195109487117,0.164433258063885,0.587792212562762,0.172555018424642
23703,0.0845135464909652,0.547801422284091,0.128407043590157,0.239277987634787
23704,0.179607895387091,0.129298224812173,0.319833590867009,0.371260288933727
23705,0.131123496207895,0.442103212164178,0.133940189488757,0.29283310213917
23706,0.383351450449139,0.10626222355841,0.244742511996337,0.265643813996114
23707,0.169937643424621,0.60599956930674,0.0592626852149892,0.16480010205365
23708,0.134865169993593,0.468667602019325,0.125352858719923,0.271114369267159
23709,0.127833953317894,0.245429434039173,0.0870298067996051,0.539706805843328
23710,0.483633740429953,0.0886730840242083,0.0691772273684833,0.358515948177356
23711,0.0369571525699913,0.591425324683516,0.18743341032391,0.184184112422583
23712,0.12246719334084,0.0909978840025803,0.454802132766371,0.331732789890208
23713,0.136898995412866,0.370006960251865,0.292953471780362,0.200140572554907
23714,0.177669816665214,0.203252127040258,0.445695713716084,0.173382342578444
23715,0.443808034185367,0.0825987241021274,0.285770426929048,0.187822814783457
23716,0.359850024254279,0.223424378740997,0.186797033828502,0.229928563176221
23717,0.238172649058835,0.493163805906936,0.0845227006468435,0.184140844387386
23718,0.168335317490973,0.175361120619895,0.39320833921938,0.263095222669751
23719,0.292075181721337,0.42137706001228,0.0611301584600448,0.225417599806338
23720,0.136035622140054,0.131991234219013,0.545377505373502,0.186595638267431
23721,0.591952230546209,0.169190402687828,0.168311233250074,0.0705461335158892
23722,0.0939677670391463,0.294815835211281,0.368991394732533,0.24222500301704
23723,0.15702117358442,0.362565392157147,0.298574621093202,0.18183881316523
23724,0.243223553088926,0.422245212518589,0.0850767814785587,0.249454452913926
23725,0.217837229524517,0.0898303657372578,0.566621835459189,0.125710569279036
23726,0.275556525928775,0.339585675098117,0.23551247302806,0.149345325945048
23727,0.211475076611827,0.198713946459306,0.312523618499528,0.277287358429339
23728,0.180214728341611,0.25541911769166,0.118806616409136,0.445559537557593
23729,0.123035796918801,0.647465642892627,0.141600570975972,0.0878979892126001
23730,0.202299454093339,0.288523193174441,0.240666722466898,0.268510630265322
23731,0.153822411290713,0.272110680730018,0.239942379898337,0.334124528080932
23732,0.465403517308961,0.157894988543929,0.0884986150256485,0.288202879121461
23733,0.510168956968325,0.120595206422173,0.0821879381240584,0.287047898485444
23734,0.064788315320718,0.0517782392203117,0.559428830009541,0.32400461544943
23735,0.53233501855668,0.0568246657454749,0.135185304069065,0.27565501162878
23736,0.103542135889025,0.0955399680854751,0.351554117653826,0.449363778371674
23737,0.0849302649857797,0.583227353378303,0.183760434802329,0.148081946833588
23738,0.38316636986409,0.113951018292391,0.0837895785490936,0.419093033294425
23739,0.162001858021033,0.0815517961596632,0.0753398256562041,0.6811065201631
23740,0.0821452796613217,0.0481363668945813,0.7913903494792,0.0783280039648975
23741,0.044602717418372,0.130134715712861,0.435422179157855,0.389840387710912
23742,0.104676782838443,0.246654316999454,0.0711352810385141,0.577533619123589
23743,0.0877054530158553,0.723785268647501,0.06703843073367,0.121470847602974
23744,0.0403918733064694,0.700572831054491,0.117018194216263,0.142017101422776
23745,0.558984196554382,0.0679363255648915,0.0714332156465323,0.301646262234194
23746,0.518866917331486,0.194026990445648,0.0540063972889427,0.233099694933923
23747,0.0710409857390184,0.191515980773336,0.530714567480619,0.206728466007026
23748,0.174334526674637,0.501166511005867,0.0636171887246919,0.260881773594804
23749,0.622162237786363,0.198839391994666,0.0368482088802349,0.142150161338736
23750,0.15671595987955,0.166473216077901,0.445782785500858,0.231028038541691
23751,0.330984701292928,0.210651960928247,0.279460313628704,0.178903024150122
23752,0.304407416176133,0.243123870245854,0.159162181363113,0.293306532214899
23753,0.239959411200774,0.188372762513623,0.189082737388347,0.382585088897256
23754,0.291875030022508,0.213586499447334,0.229477568968838,0.265060901561319
23755,0.362806582287415,0.250588620219296,0.253789334269926,0.132815463223363
23756,0.109179595198363,0.328402687223128,0.170756116886016,0.391661600692493
23757,0.275234232300861,0.418226692170992,0.133546199318887,0.17299287620926
23758,0.408555909258971,0.178631337033589,0.0672635812425016,0.345549172464939
23759,0.0990650006836085,0.37326838341527,0.248963636228751,0.278702979672371
23760,0.273610542216156,0.0892423940394727,0.499803734585964,0.137343329158407
23761,0.187186939570424,0.159434597882442,0.327444438690066,0.325934023857068
23762,0.184428690700709,0.312302110860889,0.183390755793956,0.319878442644447
23763,0.474634394963549,0.20353786060594,0.084121318306864,0.237706426123648
23764,0.395063218375289,0.0846112620474521,0.167448804244499,0.35287671533276
23765,0.039884985687815,0.0574019118284682,0.492984725416471,0.409728377067246
23766,0.0456436935592349,0.0710913463941269,0.828918630673624,0.0543463293730143
23767,0.330204961018055,0.209454977649575,0.170527701301617,0.289812360030754
23768,0.0694197114460803,0.056922860946603,0.242989202618927,0.63066822498839
23769,0.113778863878692,0.11538311546527,0.331134599108642,0.439703421547395
23770,0.217810423771437,0.107541957555797,0.526857368192499,0.147790250480267
23771,0.0743823062447386,0.499257646484828,0.07834343772543,0.348016609545003
23772,0.0697363348598566,0.304852265037686,0.0916561451637658,0.533755254938691
23773,0.0740230795682569,0.285178404244705,0.479124748960945,0.161673767226093
23774,0.14749697431537,0.355496360816919,0.1312554927213,0.365751172146411
23775,0.442795701317543,0.192648870922737,0.0691075422154379,0.295447885544282
23776,0.293736616735568,0.0609505172732761,0.234553375247806,0.41075949074335
23777,0.269829744200555,0.364083517357922,0.196057633103995,0.170029105337529
23778,0.0726373769501754,0.469145525250062,0.0571407659567377,0.401076331843025
23779,0.469270051176656,0.26746729797034,0.11750570197509,0.145756948877913
23780,0.39936953900174,0.338042227438764,0.0553130043960547,0.207275229163442
23781,0.538091423022022,0.146605069515411,0.0572501441427523,0.258053363319815
23782,0.115252354804666,0.245397019373585,0.313055865482163,0.326294760339587
23783,0.327936768072794,0.0225012446015636,0.298656592446818,0.350905394878825
23784,0.0840460480634502,0.0363297715203283,0.510271159812105,0.369353020604116
23785,0.603796894077157,0.124416328146112,0.0366121883059752,0.235174589470756
23786,0.217953801873389,0.345507673391916,0.0626898893667359,0.373848635367959
23787,0.577049579857352,0.126922451241418,0.071833537103293,0.224194431797938
23788,0.105212739835223,0.537825661157918,0.0922727826473178,0.264688816359541
23789,0.659340415366157,0.0877503606697474,0.0790940909517403,0.173815133012356
23790,0.0339026047558762,0.103286924098072,0.548532740800047,0.314277730346005
23791,0.196881306123828,0.0666687966596395,0.525841744987183,0.21060815222935
23792,0.163809491632076,0.601769345683706,0.0888494204322477,0.145571742251971
23793,0.139061853540015,0.0682302651626278,0.182996370882667,0.60971151041469
23794,0.173580762792346,0.105159292768702,0.108099933065411,0.613160011373541
23795,0.229232349017391,0.149666403846061,0.0456456441547066,0.575455602981842
23796,0.124783171250557,0.11662810678051,0.0853538880619798,0.673234833906954
23797,0.44338986294571,0.132059703467891,0.295221737105226,0.129328696481174
23798,0.210178698116881,0.0262163897581333,0.149781732180699,0.613823179944287
23799,0.525223557762596,0.0486332046332443,0.0540547884493548,0.372088449154806
23800,0.162437359163472,0.63965781274003,0.0580577678860674,0.13984706021043
23801,0.0361026406459943,0.104822058507546,0.732694225604532,0.126381075241928
23802,0.0647475075105794,0.698563120837969,0.0894429895401212,0.14724638211133
23803,0.203538472337835,0.0868719945473204,0.0352425110712034,0.674347022043642
23804,0.221279864339227,0.0569791617445907,0.201957685789532,0.51978328812665
23805,0.178588984251994,0.0394038324158607,0.553725611689507,0.228281571642639
23806,0.0577666154691243,0.265109257583316,0.0947225577198303,0.58240156922773
23807,0.390666104377303,0.0592026461919128,0.0509261335206947,0.49920511591009
23808,0.213645766742184,0.464159244213179,0.147286507142594,0.174908481902043
23809,0.302311113571854,0.359931106183391,0.140039194161469,0.197718586083286
23810,0.177016213829138,0.516634767018021,0.173870020044027,0.132478999108815
23811,0.434860685409667,0.200520276798036,0.205791983384839,0.158827054407458
23812,0.288837600664246,0.253568518381597,0.290286076172049,0.167307804782108
23813,0.479685567687758,0.246733752807819,0.0750246079357856,0.198556071568638
23814,0.253070608622157,0.364054361669782,0.215966711843397,0.166908317864664
23815,0.0862998587827324,0.109561775427357,0.364458119544341,0.43968024624557
23816,0.393620378489286,0.252195723872333,0.161992659266316,0.192191238372065
23817,0.25503437346129,0.181979593530429,0.298744117280955,0.264241915727326
23818,0.136184878011444,0.161936879582702,0.34280244110103,0.359075801304825
23819,0.114745580966157,0.551599573951516,0.165661594538832,0.167993250543495
23820,0.261089276199408,0.141781248074613,0.352642218676603,0.244487257049376
23821,0.0701416237366207,0.180612961813903,0.146956842468879,0.602288571980597
23822,0.16000706523881,0.269240144392823,0.0854449955627273,0.48530779480564
23823,0.0599073905548638,0.125466562464706,0.416679762854853,0.397946284125577
23824,0.121999757811891,0.538334690303005,0.110356862456117,0.229308689428988
23825,0.455512259298327,0.121433814244564,0.180279055900763,0.242774870556345
23826,0.0775810153899044,0.52723334782208,0.0848728558790988,0.310312780908917
23827,0.333946213868324,0.325629836663704,0.151538709277694,0.188885240190278
23828,0.0516808611901219,0.263149911975278,0.459853588412248,0.225315638422353
23829,0.231081086073164,0.267064117193774,0.208700065300428,0.293154731432634
23830,0.0761648907325034,0.613552953975889,0.149439374977073,0.160842780314534
23831,0.224770201458819,0.174740501591859,0.479988040854939,0.120501256094383
23832,0.149865878308145,0.236447139245152,0.431236584315969,0.182450398130734
23833,0.329969831969361,0.102789758991656,0.334755840494517,0.232484568544466
23834,0.570390818877524,0.114058961111946,0.205617271816071,0.10993294819446
23835,0.18573576520328,0.362187820734374,0.221746987450814,0.230329426611533
23836,0.408039830915495,0.0566572096854874,0.146408962170354,0.388893997228664
23837,0.0334719729416361,0.0576840266093864,0.186062053412717,0.722781947036261
23838,0.671935192581244,0.10977226666891,0.0990586504824082,0.119233890267438
23839,0.69303208193527,0.0996720276590726,0.114419927841346,0.0928759625643114
23840,0.262027672217179,0.0509053869893427,0.608964859948455,0.0781020808450234
23841,0.401998441281377,0.0885473552516818,0.21973525758449,0.289718945882451
23842,0.600685350314084,0.0944522393677932,0.100193706616838,0.204668703701285
23843,0.328610975637584,0.095192788175221,0.322555613320354,0.253640622866842
23844,0.539275669207531,0.0932307859471725,0.0915704770419245,0.275923067803372
23845,0.0610028292646011,0.0509352629980969,0.254110748173672,0.63395115956363
23846,0.460852313767484,0.392158864161941,0.112368581078321,0.0346202409922535
23847,0.177089786222757,0.504177365915175,0.246286546180006,0.0724463016820628
23848,0.0577108842983283,0.13921258155207,0.682647814996182,0.12042871915342
23849,0.350164520025026,0.189810620987228,0.284301010230549,0.175723848757197
23850,0.0843727067743606,0.218276257534479,0.581033136197039,0.116317899494122
23851,0.449839503503343,0.229473839703779,0.26176795777393,0.0589186990189483
23852,0.315554618182306,0.304906516335353,0.206344065532303,0.173194799950038
23853,0.0895088004531133,0.224591865439417,0.599317256340222,0.086582077767248
23854,0.506863232164979,0.17543239562805,0.213703278475712,0.104001093731259
23855,0.254034891593147,0.345805860836383,0.0953530447994614,0.304806202771009
23856,0.181225516726167,0.548513069178746,0.085759456320374,0.184501957774714
23857,0.500642562852984,0.389007351499078,0.0638311986468927,0.0465188870010458
23858,0.448398373424171,0.167144984954908,0.249629815304394,0.134826826316527
23859,0.743270162453812,0.0598510801075426,0.102720636900521,0.0941581205381247
23860,0.16822852634035,0.39049487000468,0.182114801802858,0.259161801852112
23861,0.217575319612961,0.0785354114588042,0.630356797800816,0.0735324711274189
23862,0.110435710803385,0.111306018983801,0.712157103190337,0.0661011670224779
23863,0.274624849937379,0.0880168573350523,0.465810209826022,0.171548082901546
23864,0.247948069777474,0.493825478978977,0.0476649875311015,0.210561463712448
23865,0.074697986267258,0.252445112620298,0.398518853929808,0.274338047182636
23866,0.36730390970603,0.260963287927588,0.184823383700976,0.186909418665406
23867,0.0520982011400931,0.38923027645881,0.109420356255221,0.449251166145877
23868,0.0378895609007062,0.13813327096926,0.505334519121782,0.318642649008253
23869,0.30180394611689,0.0675954362465434,0.243578923408392,0.387021694228175
23870,0.165460769459195,0.0747971371485483,0.623765843986492,0.135976249405765
23871,0.046696344461435,0.176977009017909,0.575827280845253,0.200499365675403
23872,0.0343385778384856,0.172877069482053,0.602768314850052,0.19001603782941
23873,0.108774895540699,0.286843429006474,0.395570272900344,0.208811402552483
23874,0.487245430421395,0.30666854979295,0.0556458610461346,0.150440158739521
23875,0.0332448385663258,0.589237439132591,0.283584248706956,0.0939334735941265
23876,0.279104968803136,0.2791804022847,0.0898869372268284,0.351827691685336
23877,0.270445179498792,0.173041662282372,0.0356712110067861,0.52084194721205
23878,0.147064940248008,0.330935629523973,0.0824045037286055,0.439594926499414
23879,0.118315946515167,0.503956765282367,0.229325896359625,0.148401391842841
23880,0.487262348569097,0.259393542347343,0.0672890435727109,0.186055065510849
23881,0.601894243777801,0.0704760230569494,0.188128376751119,0.13950135641413
23882,0.0941821479686821,0.725776846953083,0.0422708262904162,0.137770178787819
23883,0.322741040207185,0.0790421353152449,0.400499588159177,0.197717236318393
23884,0.210723254842495,0.449313776598557,0.249139207145662,0.0908237614132858
23885,0.384722162283135,0.229434804867683,0.0338915247096828,0.351951508139499
23886,0.250977390847441,0.145148473151033,0.278621812801825,0.325252323199701
23887,0.340942492995789,0.214261304837373,0.118056144442335,0.326740057724504
23888,0.255677868387581,0.267382470146722,0.390763956217202,0.0861757052484938
23889,0.708106962837734,0.157528917725015,0.0559518057332638,0.0784123137039875
23890,0.178176743615848,0.615899472798991,0.0392769758850307,0.166646807700131
23891,0.549071636357732,0.0504264932178771,0.0826716630904486,0.317830207333942
23892,0.0592526717878158,0.451961405822035,0.101223540751856,0.387562381638293
23893,0.174042724013146,0.431352884332793,0.0334138968316964,0.361190494822365
23894,0.14453866561475,0.351923849833595,0.114111807278305,0.38942567727335
23895,0.073230365836972,0.188784355866164,0.640682950333301,0.0973023279635632
23896,0.0629316667641613,0.144033143221796,0.520442917067909,0.272592272946134
23897,0.127365412470323,0.258981772890907,0.0553120230038486,0.558340791634922
23898,0.125799651295435,0.62365334922184,0.06528717160874,0.185259827873985
23899,0.172282177810328,0.14459796068774,0.120541013826077,0.562578847675855
23900,0.0654796612762462,0.276257157004593,0.055450823660809,0.602812358058352
23901,0.167467847092189,0.582624757583963,0.0697868210181847,0.180120574305663
23902,0.0682024791789697,0.463112064906276,0.239197047499439,0.229488408415316
23903,0.287331911578459,0.138050936757589,0.113354540082291,0.461262611581661
23904,0.100204050373028,0.307741925992699,0.224246889903935,0.367807133730338
23905,0.590142212688106,0.0533646853352169,0.27231273073145,0.0841803712452279
23906,0.67861780234197,0.0440988908110433,0.0668736025646888,0.210409704282298
23907,0.183256044129694,0.140512083624908,0.20404782816041,0.472184044084988
23908,0.110134712718836,0.385278650165361,0.0484316438492457,0.456154993266558
23909,0.156208288734313,0.0614560562123955,0.0391148149332688,0.743220840120023
23910,0.0549146867601026,0.202736660196377,0.466245771148653,0.276102881894868
23911,0.126411811563442,0.028386476700203,0.107277747540085,0.73792396419627
23912,0.134215769192805,0.114981400936379,0.335691960223393,0.415110869647424
23913,0.0765294072049432,0.10208926268992,0.496136926330201,0.325244403774936
23914,0.019867601567195,0.70022131399743,0.03881633811005,0.241094746325325
23915,0.70450076922449,0.132173687922994,0.0451924896436232,0.118133053208893
23916,0.0560674225358431,0.129450442570189,0.677013043438902,0.137469091455066
23917,0.0558844083280427,0.45473007765891,0.0772862939264417,0.412099220086606
23918,0.328394370764412,0.0529673581602356,0.0610019420151308,0.557636329060222
23919,0.142340261382489,0.311975022114114,0.0253961996448133,0.520288516858583
23920,0.113349271295733,0.225968855372312,0.318300838879129,0.342381034452826
23921,0.141358172595703,0.113545227534669,0.600297077669171,0.144799522200457
23922,0.132467988000189,0.270885600023526,0.454466735412524,0.142179676563762
23923,0.52341010066498,0.324290422498094,0.0761282241953948,0.0761712526415319
23924,0.177058709279319,0.66952903209794,0.0982125618424589,0.0551996967802823
23925,0.217341277127561,0.283418821380248,0.111230972442755,0.388008929049436
23926,0.367033554401681,0.432700830275312,0.123363451342669,0.0769021639803389
23927,0.204060593514326,0.142224564579035,0.371283411667192,0.282431430239447
23928,0.0856310264295565,0.33520765532796,0.35749412527393,0.221667192968553
23929,0.0567318502888915,0.455126989701703,0.101950949006183,0.386190211003223
23930,0.0960469254924522,0.249523616639064,0.172419169284037,0.482010288584447
23931,0.109922031686404,0.74602501065119,0.084759257679418,0.0592936999829885
23932,0.337000583858787,0.373321029329793,0.0623254582092004,0.227352928602219
23933,0.0604431933806848,0.661805658364289,0.173302282980237,0.104448865274789
23934,0.0448717702392546,0.726491355898634,0.153965297642045,0.0746715762200661
23935,0.263542528521877,0.127850085856277,0.197693490431831,0.410913895190014
23936,0.479862525664522,0.110006656165725,0.146907298324142,0.263223519845612
23937,0.0892610619192561,0.164481300118436,0.507314841345192,0.238942796617116
23938,0.48928702103592,0.11408314889256,0.0439807166801401,0.35264911339138
23939,0.282785988018064,0.120466699976535,0.407759384908917,0.188987927096483
23940,0.218501712938242,0.0562653892105355,0.1378876123413,0.587345285509922
23941,0.125562387192662,0.197190799228012,0.54386984351896,0.133376970060366
23942,0.573945913456998,0.118157235635455,0.213298469925825,0.094598380981723
23943,0.164216181128452,0.473850937721367,0.208512982077856,0.153419899072325
23944,0.348385873706984,0.107347398868942,0.448924444196989,0.095342283227084
23945,0.0823280408297009,0.162268321602744,0.549630496744438,0.205773140823117
23946,0.249168634053393,0.590924672624403,0.0701590708291279,0.0897476224930765
23947,0.113484379981903,0.437979535622408,0.250473316568105,0.198062767827584
23948,0.220275161318729,0.142165484931196,0.445054107940023,0.192505245810052
23949,0.143047011864558,0.287895546812723,0.0778831170460268,0.491174324276692
23950,0.0520833085163574,0.647509679745932,0.226595798549814,0.073811213187897
23951,0.527429414911362,0.108688958510975,0.200690496794842,0.163191129782822
23952,0.266914763289876,0.191101008367307,0.33804024117494,0.203943987167877
23953,0.618682324214594,0.101853472890956,0.0833704839989219,0.196093718895529
23954,0.492762978151136,0.109980705256975,0.280729637956282,0.116526678635608
23955,0.0657153492459018,0.245490782133163,0.157922800667919,0.530871067953017
23956,0.14170010465936,0.26953130809379,0.409504259235605,0.179264328011245
23957,0.0743357658261374,0.452837907940327,0.060178850550412,0.412647475683124
23958,0.131027271882848,0.614355021637925,0.0520947244589617,0.202522982020266
23959,0.294647009869001,0.176482037303089,0.184706637435116,0.344164315392794
23960,0.195814081445017,0.166642060127095,0.294899097432545,0.342644760995343
23961,0.678056966645581,0.201672774402064,0.0378082083246285,0.0824620506277263
23962,0.0582718029022236,0.453599518389407,0.269069487124596,0.219059191583774
23963,0.188531397114439,0.449445877458236,0.0915342405673862,0.270488484859939
23964,0.0563235460716468,0.503927984264191,0.296020572928539,0.143727896735623
23965,0.145236992458507,0.12574176314957,0.561621443766715,0.167399800625209
23966,0.111906350229416,0.0526861722705018,0.51632602136578,0.319081456134302
23967,0.514212301125228,0.0903502626037037,0.0839904231994661,0.311447013071603
23968,0.317812440415567,0.216535807195394,0.186364254318938,0.279287498070101
23969,0.526623287666868,0.0675666283160258,0.0695267062009003,0.336283377816206
23970,0.800701852702371,0.0680892975709398,0.060736026794745,0.0704728229319438
23971,0.0871050529039299,0.169130657998688,0.620750090620501,0.123014198476882
23972,0.530602202349244,0.128722700348827,0.223534062219428,0.117141035082501
23973,0.29298364106338,0.331497561208296,0.105332144110314,0.27018665361801
23974,0.0481307582739088,0.0857550249158577,0.684149160622806,0.181965056187427
23975,0.204506641780424,0.650747814645009,0.065529123353028,0.0792164202215396
23976,0.164673506672083,0.351624411425039,0.217223181383864,0.266478900519014
23977,0.0639450541647696,0.198123580534888,0.621662368537667,0.116268996762675
23978,0.090106696608772,0.0660231201454461,0.11960382512231,0.724266358123472
23979,0.378826786388649,0.166239039137841,0.120045532914325,0.334888641559184
23980,0.114875227637223,0.511460518383399,0.0948197671114148,0.278844486867963
23981,0.094917700307853,0.249963892419551,0.507893989038441,0.147224418234155
23982,0.162974923137987,0.0677435172344103,0.619635194063234,0.149646365564369
23983,0.177750236227891,0.249400789857874,0.164513043014352,0.408335930899883
23984,0.250803302585579,0.374572128848992,0.0982861542776938,0.276338414287735
23985,0.19827067509626,0.103430072131218,0.133567601033234,0.564731651739288
23986,0.417002668220188,0.324991454081463,0.0992272572942843,0.158778620404065
23987,0.234506266463719,0.304960331775401,0.0859513346644014,0.374582067096478
23988,0.289365949249872,0.34780490453101,0.250184239807579,0.112644906411538
23989,0.116100256621191,0.149770787018691,0.469453661120224,0.264675295239894
23990,0.120982631825189,0.399047205118105,0.170863792904974,0.309106370151732
23991,0.0364418623372137,0.143656466478497,0.339547126755254,0.480354544429035
23992,0.0839810410396503,0.523741265474585,0.140447966947274,0.251829726538491
23993,0.1009999815936,0.192829079399274,0.437561814158986,0.26860912484814
23994,0.0810819063403011,0.286548636634599,0.196010528415014,0.436358928610086
23995,0.0265181496080115,0.235646644557466,0.403611369701792,0.334223836132731
23996,0.0757793825952603,0.151265078549898,0.668229044046696,0.104726494808146
23997,0.220331027489347,0.19656229475443,0.311379755754885,0.271726922001338
23998,0.219315725505458,0.220333163898469,0.379188889308267,0.181162221287805
23999,0.376116651523995,0.308863042790152,0.194494993363838,0.120525312322015
24000,0.340645530599711,0.391338017739632,0.142370703944525,0.125645747716132
24001,0.463343592956213,0.343323168005419,0.114963770082747,0.0783694689556213
24002,0.375953524637711,0.366072322277652,0.0822064827666977,0.17576767031794
24003,0.28324622055535,0.476090637160137,0.0637983046739159,0.176864837610598
24004,0.25565714037497,0.173082765708112,0.375936228364854,0.195323865552064
24005,0.142795461234579,0.632094022949546,0.108030090105988,0.117080425709887
24006,0.163624367385845,0.310198298209991,0.417546504182344,0.10863083022182
24007,0.217426015803343,0.379405903586091,0.152668739236216,0.250499341374351
24008,0.0717843878309512,0.690390117244628,0.098597358879703,0.139228136044718
24009,0.419680474346649,0.0885952227302755,0.237369430516387,0.254354872406689
24010,0.640512305071153,0.145376119585862,0.150082328103245,0.0640292472397397
24011,0.0655851051457508,0.701263645683629,0.115151520489043,0.117999728681577
24012,0.103467803236666,0.112242299506079,0.56751293358725,0.216776963670005
24013,0.073309123358317,0.136084398288831,0.5540258481539,0.236580630198952
24014,0.109770697855914,0.161983954089168,0.604570383418792,0.123674964636126
24015,0.0631774244317894,0.522038304085675,0.205602398236606,0.209181873245929
24016,0.216920834293579,0.453884095327107,0.0770839056876655,0.252111164691648
24017,0.426001306775511,0.344212993918431,0.168033579950537,0.0617521193555219
24018,0.496275230509235,0.131922264878408,0.0684199119707988,0.303382592641558
24019,0.167607874901819,0.342219356323521,0.321214400567761,0.168958368206899
24020,0.069331996412072,0.515716416283852,0.214873082070343,0.200078505233733
24021,0.0795337381265,0.0732897149131691,0.681283620424138,0.165892926536193
24022,0.482539573274501,0.235502927456788,0.0550339523647069,0.226923546904004
24023,0.160424855566225,0.461851053037933,0.196113105740431,0.181610985655411
24024,0.291969271238714,0.540950513369337,0.0452353239846039,0.121844891407345
24025,0.693926586112799,0.0865034473569903,0.133534852538671,0.0860351139915401
24026,0.131192417162182,0.666196233818975,0.0915112196887487,0.111100129330095
24027,0.125951437551826,0.0404566305061167,0.332347435896412,0.501244496045645
24028,0.287008289358896,0.495155405933495,0.0162169761584034,0.201619328549205
24029,0.110899571428194,0.0641892989585702,0.196397992563777,0.62851313704946
24030,0.0413247746337438,0.566696538299512,0.207868341336303,0.184110345730442
24031,0.0264843771800447,0.287328022425935,0.249777011212743,0.436410589181277
24032,0.117390045605212,0.101748267707625,0.215379830389176,0.565481856297988
24033,0.78196446613194,0.059586925357289,0.0679671405356548,0.0904814679751159
24034,0.224214722061606,0.0978474032613093,0.0312963435660737,0.646641531111011
24035,0.0372085970022875,0.549139754009457,0.119972211717296,0.29367943727096
24036,0.310003349832411,0.123095169391172,0.476548664450212,0.0903528163262048
24037,0.241050065055713,0.531699440226531,0.124965316657967,0.102285178059789
24038,0.210158976103692,0.101107020509921,0.453119095244091,0.235614908142296
24039,0.378142785772296,0.386696842548654,0.0522913070922568,0.182869064586793
24040,0.0970611444004137,0.179574973937474,0.579088601175666,0.144275280486447
24041,0.226766364513716,0.4151320469168,0.121910903534212,0.236190685035272
24042,0.0589369222576265,0.413652443363606,0.370818095085227,0.15659253929354
24043,0.324431921613712,0.291046727159748,0.11530664634093,0.269214704885611
24044,0.287346941595833,0.36742706017712,0.216407386055751,0.128818612171295
24045,0.427644877730785,0.074925779057656,0.204510668763449,0.292918674448111
24046,0.100653651781486,0.56287467098535,0.252475387141788,0.0839962900913763
24047,0.322321176433573,0.0490888924489389,0.562683113635947,0.065906817481542
24048,0.10010435656333,0.222225414951544,0.556290855758826,0.1213793727263
24049,0.494716207586815,0.185298736799608,0.178707865824293,0.141277189789283
24050,0.102547681433032,0.0800503377158455,0.252738970967535,0.564663009883587
24051,0.0862985368492986,0.468312824264948,0.0647091287489747,0.380679510136779
24052,0.715635954554499,0.0864714473069921,0.114139947565311,0.0837526505731984
24053,0.42192717542115,0.067795620719694,0.31858245389626,0.191694749962896
24054,0.376356987516961,0.114252005842974,0.0947186778593091,0.414672328780756
24055,0.282567288931457,0.323443160902134,0.201200956812565,0.192788593353844
24056,0.281882287142978,0.391661653969486,0.137755924924629,0.188700133962907
24057,0.246358203096158,0.16034116937264,0.285420014624411,0.307880612906791
24058,0.0598805211500855,0.278632952909006,0.396844604355192,0.264641921585716
24059,0.277176989801692,0.445372857545959,0.0591202663770466,0.218329886275303
24060,0.438975468126764,0.145960748789368,0.06785289887091,0.347210884212958
24061,0.115431095794068,0.405026199093469,0.227919350931942,0.251623354180521
24062,0.348459625127911,0.147388964406894,0.273231333055312,0.230920077409884
24063,0.0852422921634309,0.584652426350066,0.259122443061666,0.0709828384248375
24064,0.486203133235677,0.13476340454329,0.206751335080404,0.172282127140629
24065,0.118377071066656,0.186018750490308,0.560242970213532,0.135361208229504
24066,0.364754266726731,0.351049070553205,0.071516709003709,0.212679953716355
24067,0.207684114040684,0.375658034854369,0.114457132595037,0.30220071850991
24068,0.607361688165291,0.120900163716036,0.141361743394889,0.130376404723784
24069,0.233471861244618,0.113378564342618,0.109663130504547,0.543486443908216
24070,0.563356055226435,0.207960871206857,0.109839286994644,0.118843786572064
24071,0.0798013766707241,0.059193452682398,0.330775042959677,0.530230127687201
24072,0.0549435164576378,0.304048885114807,0.0722242596755785,0.568783338751976
24073,0.332079716447945,0.141342527925523,0.186651428634101,0.339926326992432
24074,0.398257755884746,0.16266882627264,0.133121802158416,0.305951615684198
24075,0.277905852969122,0.0997209225027939,0.247588061477088,0.374785163050997
24076,0.092711926498272,0.412355533447163,0.184875786066765,0.3100567539878
24077,0.436080937760807,0.300469514576934,0.101070735779596,0.162378811882663
24078,0.32224471895428,0.211804260890108,0.111386077187865,0.354564942967748
24079,0.293641465646659,0.241659775994602,0.0376911933773617,0.427007564981378
24080,0.4508022112622,0.0979403073648733,0.0674183177536669,0.38383916361926
24081,0.127342335829123,0.177483014999584,0.145203289027176,0.549971360144116
24082,0.208550931260452,0.305969104118165,0.341162783933076,0.144317180688308
24083,0.315036521151304,0.220001051887515,0.0260780217767172,0.438884405184464
24084,0.41265510229111,0.338628522367099,0.0818365906288195,0.166879784712972
24085,0.356787592763679,0.0817707582866195,0.028053172307151,0.533388476642551
24086,0.220232352794647,0.215327425175759,0.168933166674986,0.395507055354608
24087,0.183478171738661,0.319665421208766,0.120749191513761,0.376107215538813
24088,0.045764278405226,0.0445619344232058,0.622925172612,0.286748614559568
24089,0.189300516810945,0.442456610269929,0.0431831409649776,0.325059731954149
24090,0.0459222493587559,0.0495763963785391,0.310648130053858,0.593853224208847
24091,0.200680957154527,0.147871126651374,0.462564092859143,0.188883823334955
24092,0.366178735091309,0.0500909455478154,0.0763362424874719,0.507394076873404
24093,0.260547014767301,0.327930434331792,0.275017297619074,0.136505253281834
24094,0.154482230713272,0.601511837498095,0.193523846229709,0.0504820855589236
24095,0.320833296509602,0.0973922153012384,0.45601974686066,0.1257547413285
24096,0.191181951736553,0.498330367051866,0.154629832103662,0.155857849107918
24097,0.141801500262978,0.259507421740416,0.497240185782333,0.101450892214273
24098,0.520297673211795,0.189523421041397,0.140902453231576,0.149276452515233
24099,0.143488189658521,0.498488863427391,0.1631622153836,0.194860731530489
24100,0.370660991104169,0.420006777953116,0.0797344659265015,0.129597765016214
24101,0.209629105309732,0.383726769359923,0.162692104135983,0.243952021194362
24102,0.337272788824618,0.216687510190692,0.295309239995174,0.150730460989517
24103,0.186070284860904,0.510749908125596,0.179770624560904,0.123409182452595
24104,0.562854469996125,0.0998540951915206,0.13119325782439,0.206098176987964
24105,0.450310741733243,0.13807655208942,0.249403790064074,0.162208916113264
24106,0.0622762895531329,0.716768908028869,0.132678490882378,0.0882763115356202
24107,0.234183410740092,0.14671752818988,0.348576972793209,0.270522088276819
24108,0.260945099111737,0.110226588573261,0.437830656510639,0.190997655804363
24109,0.368880965086568,0.31991016926512,0.0974005095676167,0.213808356080696
24110,0.307519109418573,0.292372459888631,0.173372179347925,0.226736251344872
24111,0.121499316068707,0.307078975360157,0.0979732202476468,0.473448488323489
24112,0.283567533129567,0.14193874200965,0.154856916232395,0.419636808628389
24113,0.121322129762753,0.547591208822572,0.203095068645132,0.127991592769543
24114,0.180441909587531,0.15371072185729,0.388486967085115,0.277360401470064
24115,0.0569400727120561,0.542734140695071,0.288847964750559,0.111477821842314
24116,0.254282755003742,0.0924582586065496,0.506324838149953,0.146934148239756
24117,0.52756872944506,0.211374152230238,0.0893858781299885,0.171671240194714
24118,0.082923286420212,0.220194412344269,0.434607670035031,0.262274631200489
24119,0.177326937547222,0.588161014640272,0.0698060119293246,0.164706035883181
24120,0.101877808967056,0.590936429627683,0.124163636197301,0.183022125207961
24121,0.645294756005382,0.107346246820853,0.11813705525382,0.129221941919945
24122,0.0515039357260178,0.21677559429745,0.547560617939561,0.184159852036972
24123,0.135657112889719,0.109192205480853,0.188907853942475,0.566242827686953
24124,0.164027404171948,0.501025796671743,0.11652025453978,0.218426544616529
24125,0.0484170380201264,0.0678500587847525,0.646337165597379,0.237395737597742
24126,0.082564790905374,0.376140950362557,0.284899990341256,0.256394268390814
24127,0.313159355195804,0.307392259995128,0.152934713392835,0.226513671416234
24128,0.337521155300935,0.0791132120034468,0.0323249723198743,0.551040660375744
24129,0.294095565557751,0.201309477365859,0.134332440394621,0.370262516681769
24130,0.267338663640839,0.232116029831746,0.0287872496886656,0.47175805683875
24131,0.105772211448037,0.352217447840261,0.373579256742516,0.168431083969186
24132,0.206510248594995,0.602849915276928,0.0752540078910046,0.115385828237073
24133,0.22969393822433,0.255392833993541,0.351578593415221,0.163334634366908
24134,0.370644383678328,0.334462865882784,0.229101046975278,0.0657917034636096
24135,0.172407587677774,0.140569356707132,0.523433959306831,0.163589096308263
24136,0.209628155881787,0.151316502603142,0.477121500320378,0.161933841194693
24137,0.0919453037027973,0.774372000006152,0.0610587026847542,0.0726239936062967
24138,0.562099811459765,0.137388857205658,0.0865462562561628,0.213965075078414
24139,0.343041906678271,0.141624453209042,0.429409720903979,0.0859239192087076
24140,0.421789975472793,0.276250624156927,0.185077425879865,0.116881974490415
24141,0.104365799150915,0.52483280359553,0.107035806510776,0.263765590742779
24142,0.142827247557486,0.248830506865378,0.389234277499292,0.219107968077844
24143,0.294094517906693,0.369296202399501,0.250422582701358,0.0861866969924491
24144,0.278280861125496,0.287884163636172,0.0960667820851263,0.337768193153206
24145,0.0959784082331982,0.39338352183154,0.392816803565752,0.117821266369509
24146,0.0440696222560122,0.203907575038399,0.4973303786563,0.254692424049289
24147,0.210914870589715,0.409860763329319,0.210124891921957,0.16909947415901
24148,0.294922485172657,0.402656835375364,0.12450963988806,0.177911039563919
24149,0.0817739640139983,0.196067071107574,0.569824046308505,0.152334918569923
24150,0.334327502134862,0.262352161144891,0.204126661573292,0.199193675146955
24151,0.178085959889434,0.285903674756538,0.374719940334832,0.161290425019195
24152,0.0844562760384011,0.42483700104969,0.306303201882254,0.184403521029655
24153,0.166674417942315,0.224005420832212,0.407979876684805,0.201340284540668
24154,0.202371972868173,0.237794483592347,0.385135107502888,0.174698436036592
24155,0.0911308537838726,0.296886468290017,0.399967388495169,0.212015289430942
24156,0.0779079305754571,0.280327441544298,0.37777363098158,0.263990996898665
24157,0.155900089648756,0.283313574278919,0.185843538481811,0.374942797590515
24158,0.588564269741792,0.0976992895649819,0.230972063877567,0.0827643768156594
24159,0.165152730554286,0.293928934358481,0.245746212553254,0.295172122533978
24160,0.350271182482435,0.184681726327178,0.142014001075815,0.323033090114571
24161,0.179471133567067,0.458123822222763,0.23026726937318,0.132137774836991
24162,0.438237185581147,0.201853752594777,0.0680076526773489,0.291901409146728
24163,0.176230009423543,0.331477558981444,0.283523779133397,0.208768652461616
24164,0.231616303387191,0.46603710058246,0.216312061113856,0.0860345349164935
24165,0.0956222386146893,0.246542236646861,0.130684948084716,0.527150576653735
24166,0.0859562543029409,0.183572259167939,0.3680958735872,0.36237561294192
24167,0.0748255308056178,0.430709087562441,0.338631101885691,0.15583427974625
24168,0.500851072076912,0.0639659969555786,0.148838727497776,0.286344203469733
24169,0.28380886197838,0.280324861744109,0.338776081938138,0.0970901943393724
24170,0.2011009222489,0.131414731350668,0.607589865795565,0.0598944806048667
24171,0.151555395485134,0.445063324812327,0.341950110756097,0.0614311689464419
24172,0.273165527346754,0.21904545438958,0.378098216647157,0.129690801616508
24173,0.150415925496514,0.439707576387739,0.260393233347802,0.149483264767945
24174,0.0833849849017057,0.685821616726454,0.178495585909118,0.0522978124627229
24175,0.326061810635564,0.29679660097286,0.252846685090431,0.124294903301145
24176,0.186150863890414,0.162331947416198,0.485646935269388,0.165870253423999
24177,0.543435820644358,0.245897198133469,0.126165468855044,0.0845015123671285
24178,0.335259914542601,0.119918194938543,0.22404847488565,0.320773415633206
24179,0.139273861122474,0.497888351820047,0.309151834742304,0.0536859523151749
24180,0.377270483194518,0.111545884787235,0.160522924813994,0.350660707204254
24181,0.0823102241004472,0.460110127869729,0.207098235955913,0.250481412073911
24182,0.16548516514925,0.248942096054506,0.506622611339862,0.0789501274563824
24183,0.434171546240758,0.282079631423048,0.223914314783679,0.0598345075525158
24184,0.206984765728165,0.551538065884216,0.18502873698654,0.0564484314010792
24185,0.124361220900375,0.396217825943235,0.34844027393523,0.130980679221161
24186,0.118833717090598,0.443658586657461,0.185381498159747,0.252126198092195
24187,0.452227937846954,0.199502315036121,0.15601549839993,0.192254248716995
24188,0.120280986653635,0.441820944415709,0.347527710643134,0.0903703582875217
24189,0.109705735803274,0.271455631835458,0.502437334609313,0.116401297751956
24190,0.13848351818145,0.25915540150816,0.51818952578106,0.08417155452933
24191,0.148003414814438,0.321126801193508,0.459530550260981,0.0713392337310732
24192,0.266410029215602,0.313306328289516,0.307903491622318,0.112380150872564
24193,0.331583048337082,0.206735607468906,0.394375078012422,0.0673062661815906
24194,0.154680745765021,0.577437643372677,0.116637415609834,0.151244195252468
24195,0.418246522083047,0.127428809568986,0.296135208432664,0.158189459915303
24196,0.70165441281319,0.130229723768291,0.116682401766379,0.0514334616521403
24197,0.0809342838048737,0.459086535787635,0.187649849409715,0.272329330997776
24198,0.554128378272028,0.181334424612665,0.187057099208723,0.077480097906584
24199,0.289940388787481,0.438156917392659,0.149392760938901,0.122509932880959
24200,0.504822118957128,0.114593710661574,0.215248835782759,0.16533533459854
24201,0.531330626162169,0.212452136317311,0.206794468657201,0.0494227688633192
24202,0.132881703141832,0.141337185534501,0.65508474587621,0.0706963654474576
24203,0.484539957980457,0.316772643109507,0.131211519560653,0.0674758793493834
24204,0.111270931070516,0.633746268751783,0.167514652993501,0.0874681471841999
24205,0.378104793137311,0.396265082505394,0.132591649965256,0.0930384743920392
24206,0.141123758940334,0.196906516019531,0.595335597666767,0.0666341273733675
24207,0.459790817026081,0.0788561275961298,0.190918402396121,0.270434652981668
24208,0.190814924215097,0.412431550103429,0.10079811038352,0.295955415297954
24209,0.121524385092607,0.280147900863493,0.360253828557322,0.238073885486578
24210,0.178799808298137,0.0989606282457731,0.311300065267346,0.410939498188744
24211,0.0537921349750592,0.0956066615963542,0.343564160602982,0.507037042825605
24212,0.37793497723801,0.056728409549604,0.106671282243252,0.458665330969135
24213,0.0441737460528565,0.184761532982899,0.57527639009852,0.195788330865725
24214,0.160705656131406,0.0432211040613013,0.274504054954525,0.521569184852768
24215,0.105900774904022,0.111638375060493,0.495204970709749,0.287255879325736
24216,0.136343170024188,0.136151522363608,0.295668109397565,0.431837198214639
24217,0.125883062320289,0.402730356668201,0.0410158225560686,0.430370758455441
24218,0.0943074827361552,0.0326759061218163,0.364383596362486,0.508633014779542
24219,0.297841522198611,0.0943414486156106,0.261200291021798,0.34661673816398
24220,0.212806230732257,0.23815055768196,0.107893138714372,0.441150072871411
24221,0.279921908743473,0.456052300148053,0.111129622800748,0.152896168307727
24222,0.580542646569687,0.115168456212788,0.155595138575918,0.148693758641607
24223,0.346473202308764,0.0829440484261935,0.0855761171075271,0.485006632157516
24224,0.104879897917221,0.0832548169661119,0.30115095801485,0.510714327101817
24225,0.242960135847166,0.227168118661924,0.0987719931824512,0.431099752308458
24226,0.360887543020859,0.222016002821909,0.268111634236777,0.148984819920454
24227,0.290097706611134,0.365011180062313,0.217409900369883,0.12748121295667
24228,0.280978913642194,0.321034989089185,0.189893213937716,0.208092883330905
24229,0.219807184116485,0.364494432082515,0.300536532570477,0.115161851230524
24230,0.150241359296031,0.473053945844544,0.200606165706581,0.176098529152845
24231,0.285510863514764,0.278073333298963,0.22874669644029,0.207669106745984
24232,0.225136688198971,0.340959378242615,0.25393401139724,0.179969922161174
24233,0.297337748889724,0.319417456126522,0.18043715575566,0.202807639228093
24234,0.381915943251118,0.205316596873047,0.29056034453058,0.122207115345256
24235,0.417600369604336,0.253067609204593,0.209988892071855,0.119343129119215
24236,0.260931834925116,0.198926979661172,0.455904457146635,0.0842367282670774
24237,0.484892521734237,0.091688091306932,0.240869973432452,0.182549413526379
24238,0.0806828289700644,0.288580363577186,0.413657682731095,0.217079124721654
24239,0.280088377117384,0.340665927575978,0.239122965110668,0.140122730195971
24240,0.161145012724837,0.405988484252751,0.233462176779971,0.199404326242441
24241,0.0892969860155369,0.227273382633308,0.275117933539871,0.408311697811284
24242,0.238167292991285,0.28959598987051,0.320113367664952,0.152123349473254
24243,0.227175443826996,0.400556040537984,0.192777374093817,0.179491141541202
24244,0.286607064383183,0.229853749147401,0.309791966803707,0.17374721966571
24245,0.229511860945819,0.336783587363086,0.358808036876672,0.0748965148144228
24246,0.165692048485397,0.399638308464436,0.31797259388432,0.116697049165847
24247,0.266450815750866,0.211129031327713,0.43599548609475,0.0864246668266717
24248,0.344429554186313,0.104944239316867,0.313719553323578,0.236906653173242
24249,0.366877052642417,0.326528184941085,0.175890414987146,0.130704347429351
24250,0.17313857898852,0.321930891651507,0.18402142752485,0.320909101835123
24251,0.179317477243576,0.370011296025125,0.20951465900328,0.241156567728019
24252,0.128542801051502,0.435155645079315,0.13301638320249,0.303285170666693
24253,0.127314854101827,0.29331836773763,0.43763493655082,0.141731841609723
24254,0.137816141971293,0.248483002436035,0.397669615401063,0.216031240191609
24255,0.0813592074972219,0.39939499085681,0.299449555416304,0.219796246229665
24256,0.184560116968223,0.239574350374964,0.166337610116606,0.409527922540207
24257,0.228387868400123,0.256625979128748,0.350276801086038,0.164709351385091
24258,0.259067116067224,0.450107444679419,0.0641804661543612,0.226644973098996
24259,0.122513667577947,0.238759525732171,0.219894014990223,0.418832791699659
24260,0.141505436843476,0.386258325252457,0.272854110713953,0.199382127190114
24261,0.343667413126232,0.113844214521669,0.148245948589895,0.394242423762204
24262,0.37080747695716,0.195811411772629,0.257906414142351,0.17547469712786
24263,0.301403264553559,0.173712389128732,0.243750514726353,0.281133831591357
24264,0.208562562799828,0.49626434715044,0.197440536657072,0.0977325533926604
24265,0.439535744608148,0.393431621711766,0.0664140166985801,0.100618616981506
24266,0.161469602586961,0.179408506705428,0.402721680333289,0.256400210374322
24267,0.347979815831918,0.420612345676945,0.127998926593131,0.103408911898007
24268,0.378250177345191,0.185403644210275,0.296397926328849,0.139948252115686
24269,0.139591531482256,0.581623206023579,0.15053000192232,0.128255260571845
24270,0.264693867423809,0.437100134899811,0.186598142514301,0.111607855162079
24271,0.147065258894284,0.45228571517366,0.271982582184445,0.128666443747611
24272,0.127091239354029,0.467383587943036,0.269611882895646,0.13591328980729
24273,0.450369008544735,0.24841327834509,0.143950300796151,0.157267412314025
24274,0.266254903914013,0.0748813715087825,0.515731645686615,0.143132078890589
24275,0.117163609301637,0.231888329661773,0.415761425415492,0.235186635621098
24276,0.685052295196556,0.106096364317627,0.103800517101418,0.1050508233844
24277,0.177768533417,0.546644562883073,0.198167314562631,0.0774195891372964
24278,0.233647614782519,0.495055476733784,0.0959661469225692,0.175330761561127
24279,0.469534826678981,0.174054441886792,0.151329051341012,0.205081680093215
24280,0.141435773196173,0.133820244336053,0.59827335601905,0.126470626448723
24281,0.715426025217786,0.158532270473893,0.033833147313954,0.0922085569943669
24282,0.233736316481662,0.281401037854058,0.131317211137095,0.353545434527184
24283,0.19051793460484,0.425291702405399,0.122327360870589,0.261863002119171
24284,0.119484286453808,0.19273485862465,0.599012480081052,0.0887683748404904
24285,0.032811167010602,0.556161743316496,0.130222525877878,0.280804563795023
24286,0.106258254947101,0.0851429686569361,0.646471692167324,0.162127084228639
24287,0.173521368346474,0.5070545414943,0.0365902162325293,0.282833873926697
24288,0.0774854396477466,0.668761436529905,0.168334851374118,0.0854182724482307
24289,0.056454156826798,0.519356613635657,0.297715901582385,0.12647332795516
24290,0.114875397268206,0.348429541973232,0.12342781373383,0.413267247024731
24291,0.301521433265537,0.12257229069555,0.23020751906721,0.345698756971702
24292,0.0774922144996551,0.0856176275478747,0.439664689230495,0.397225468721976
24293,0.399817095148221,0.313320782460543,0.206712211033531,0.0801499113577045
24294,0.117384470962719,0.594813026639922,0.0699771649511893,0.21782533744617
24295,0.0906307829065623,0.30921477564737,0.239522858882116,0.360631582563952
24296,0.248699373079625,0.292373375569927,0.0618397875341323,0.397087463816316
24297,0.370006877140023,0.112351842268649,0.0797489129790282,0.4378923676123
24298,0.273623429889971,0.371484492114063,0.127445985692221,0.227446092303745
24299,0.199637443360117,0.0971725045422621,0.0778413117937274,0.625348740303894
24300,0.232608384132073,0.14778031686004,0.147324165687381,0.472287133320506
24301,0.126907053727121,0.056921202044778,0.190312280950938,0.625859463277163
24302,0.580793416996092,0.163634028147351,0.167513884203364,0.0880586706531931
24303,0.437075077647909,0.188791777994825,0.0495449268566144,0.324588217500652
24304,0.0876242702612032,0.0691838329233002,0.357731947690771,0.485459949124726
24305,0.220445602970953,0.474735798937393,0.0822856299462672,0.222532968145387
24306,0.258013553897384,0.0453021224191135,0.140498383777238,0.556185939906265
24307,0.636439905812918,0.152480570235945,0.0993340882765513,0.111745435674586
24308,0.285953176588458,0.0439651324481377,0.319721178392399,0.350360512571005
24309,0.0290257481133365,0.257768192638094,0.445487619076744,0.267718440171825
24310,0.140864327864246,0.457870596760241,0.213986633767413,0.1872784416081
24311,0.0958824033181604,0.209619558055051,0.24714261965726,0.447355418969529
24312,0.308036937712421,0.0953423682021136,0.104035165135818,0.492585528949648
24313,0.406776526635285,0.201853432376174,0.0379848597811649,0.353385181207375
24314,0.0314987303595116,0.720509130735262,0.0413421189212143,0.206650019984012
24315,0.217352097420374,0.493698124952955,0.15804507230328,0.130904705323391
24316,0.541792445229036,0.0722219938479333,0.0481438481462082,0.337841712776823
24317,0.145469849892626,0.5402116336397,0.0610938897160753,0.253224626751598
24318,0.0701618630998324,0.0795131924226395,0.612758741932588,0.23756620254494
24319,0.523112811963418,0.12468788784551,0.287720011453199,0.0644792887378735
24320,0.0392853544242569,0.124817650694632,0.212893361106094,0.623003633775017
24321,0.538588401331751,0.14596569909469,0.0713013203683579,0.244144579205202
24322,0.498135628366007,0.199273525001075,0.0885734894747092,0.214017357158209
24323,0.097173854991882,0.0563847143938031,0.665219610017998,0.181221820596317
24324,0.172472028058889,0.0879511615579966,0.411564703921505,0.328012106461609
24325,0.34659197876424,0.170920680538231,0.0643805235826747,0.418106817114855
24326,0.0796596212687823,0.121242039659453,0.433171535977822,0.365926803093944
24327,0.123127309442296,0.28259298357304,0.168059390465262,0.426220316519402
24328,0.0604284773318913,0.0511232785191818,0.55639050396277,0.332057740186157
24329,0.16281852577749,0.56041319164728,0.0385743400576583,0.238193942517572
24330,0.60421607850748,0.0494337647845858,0.195184205204768,0.151165951503166
24331,0.0683297637348876,0.100603778655322,0.312015687841921,0.519050769767869
24332,0.491654546130216,0.0960952571884475,0.228939617490117,0.183310579191219
24333,0.409278048824568,0.202754115745791,0.0883173835435405,0.2996504518861
24334,0.302098563079196,0.219659599981842,0.113869025076213,0.364372811862749
24335,0.0455572629988673,0.524869812093314,0.0310150447530301,0.398557880154788
24336,0.0796264061577551,0.241711756914448,0.158340738714918,0.520321098212879
24337,0.636913445953492,0.0579170070545983,0.185111593819236,0.120057953172674
24338,0.636864897015282,0.0309277179051784,0.130037260005735,0.202170125073804
24339,0.42278189002894,0.349488230261356,0.0368113348705487,0.190918544839155
24340,0.217556362880752,0.396930983567063,0.0300816706747087,0.355430982877476
24341,0.59062984040058,0.0598517061050673,0.175138166492294,0.174380287002059
24342,0.643489262215718,0.132832274412253,0.0705283434625518,0.153150119909477
24343,0.0473408183297106,0.434192225981541,0.0710806263499998,0.447386329338748
24344,0.0340621016468223,0.107749005058712,0.552884899594454,0.305303993700012
24345,0.0605162823745962,0.0219036774602886,0.535916982083522,0.381663058081593
24346,0.222704691417477,0.0507458495843604,0.47258567295608,0.253963786042083
24347,0.0588615515002635,0.570067220350261,0.112675424993691,0.258395803155785
24348,0.751583135017901,0.0192879751028519,0.105190178197642,0.123938711681606
24349,0.49507561933438,0.0887957273280331,0.0555651896986702,0.360563463638917
24350,0.0217259708659425,0.191429098488577,0.598295457291308,0.188549473354173
24351,0.529096976156113,0.048069548646624,0.0469666795575115,0.375866795639751
24352,0.01518979601497,0.572888953266078,0.0743283370073797,0.337592913711573
24353,0.264015555923404,0.0748418879157472,0.215165315127062,0.445977241033787
24354,0.0345502988786834,0.427118943534402,0.0988581665760042,0.439472591010911
24355,0.319669625311103,0.0434478416950329,0.34816687051283,0.288715662481033
24356,0.0409604524855815,0.104081610608512,0.023610140955594,0.831347795950313
24357,0.603471855658571,0.185698069683241,0.0184387067336583,0.19239136792453
24358,0.488182622719021,0.0492302910365548,0.0273006769114556,0.435286409332969
24359,0.157540050197296,0.61788996105552,0.0529904922803295,0.171579496466855
24360,0.0845006818884453,0.35645646712406,0.262197388779925,0.29684546220757
24361,0.235033685097087,0.367848033919732,0.0624678076516347,0.334650473331546
24362,0.568001183922832,0.079316976065207,0.227937365925496,0.124744474086465
24363,0.0680811119414189,0.147187230615444,0.526019992880736,0.258711664562401
24364,0.0731996435387417,0.700182699389985,0.0815915207411786,0.145026136330095
24365,0.374683421259454,0.106810211960805,0.149344962981835,0.369161403797905
24366,0.0998612618271175,0.365226319467544,0.19569675745292,0.339215661252419
24367,0.17738821996352,0.148500969208893,0.0824414658878743,0.591669344939712
24368,0.0884243107817282,0.265582580573218,0.413899571255991,0.232093537389063
24369,0.41116209383703,0.233323286863397,0.157458534308234,0.198056084991339
24370,0.0966726276531417,0.378292062273282,0.385585766077794,0.139449543995783
24371,0.252555314103731,0.124055207253782,0.447167678529596,0.176221800112892
24372,0.061826101310934,0.0471874611816294,0.494104327209475,0.396882110297962
24373,0.312279216334877,0.385227596327352,0.202474469986727,0.100018717351044
24374,0.301404157356016,0.20799266126276,0.189028993763397,0.301574187617826
24375,0.109436727518803,0.0716610026206248,0.3622259035856,0.456676366274972
24376,0.0897979046189165,0.172260359500754,0.638921287919154,0.0990204479611753
24377,0.0892984832056267,0.582686486233857,0.17334566276615,0.154669367794366
24378,0.0409956583865915,0.58283071311749,0.0664580344628424,0.309715594033076
24379,0.0740603052908887,0.504474975571998,0.157373760882048,0.264090958255065
24380,0.0707194701296705,0.43153377676334,0.0726343416236242,0.425112411483365
24381,0.44573646625813,0.136618011621371,0.0498158154561383,0.367829706664361
24382,0.509906988145492,0.0963708626562118,0.301184054303491,0.0925380948948056
24383,0.0925687613602358,0.0603002687061941,0.71832543023503,0.128805539698541
24384,0.0967930527661063,0.138767057732186,0.566858309958065,0.197581579543642
24385,0.535898075547377,0.0666108118962884,0.194411697520133,0.203079415036201
24386,0.0366336900607611,0.0607744570512925,0.660556089955974,0.242035762931973
24387,0.568648354234595,0.0399621225387324,0.101602988874021,0.289786534352652
24388,0.443590546553256,0.0348183097678009,0.129855872245773,0.39173527143317
24389,0.385469458285213,0.113138180958958,0.182122165267571,0.319270195488259
24390,0.256577559197354,0.0757310966828314,0.562771873257838,0.104919470861977
24391,0.0902053852357152,0.174951683613371,0.0480423681610893,0.686800562989825
24392,0.0279241662411658,0.251776449165529,0.370065045940973,0.350234338652332
24393,0.0235522215747471,0.0727221802023361,0.788570953775155,0.115154644447762
24394,0.0883829309502424,0.736982903774611,0.0745100407832977,0.100124124491848
24395,0.219556402457143,0.195380079417891,0.534153362580186,0.0509101555447808
24396,0.511585011158804,0.148409394834668,0.0437434104458045,0.296262183560724
24397,0.119309338536893,0.264661809790735,0.375643407015723,0.240385444656649
24398,0.321631028732047,0.233106652328121,0.258198285468793,0.187064033471039
24399,0.0695389453793878,0.376475055264168,0.193707578537602,0.360278420818843
24400,0.0599880675948685,0.224349020248145,0.452429421745609,0.263233490411377
24401,0.283957757550206,0.14865955795165,0.251165484212114,0.316217200286029
24402,0.241724082663004,0.10433671904486,0.519269100453372,0.134670097838763
24403,0.0519707468428597,0.167708651647105,0.5972708748979,0.183049726612136
24404,0.0659423428772493,0.198445664554165,0.542973522739022,0.192638469829564
24405,0.153945605483903,0.257564331621652,0.386666536298775,0.20182352659567
24406,0.452664455472154,0.290794127907409,0.100511689413017,0.156029727207421
24407,0.066928632657871,0.535445834593972,0.314128507771976,0.0834970249761817
24408,0.25295973809854,0.316438072711344,0.123389124408367,0.307213064781749
24409,0.251517138415398,0.254291608345721,0.0587825283164468,0.435408724922434
24410,0.177167284102099,0.281543306014246,0.159719955136741,0.381569454746914
24411,0.153942101349184,0.492360198245449,0.223719998833596,0.129977701571771
24412,0.450094206109203,0.244558397261853,0.126721486820418,0.178625909808527
24413,0.500299092751517,0.16806726060287,0.210529569091512,0.1211040775541
24414,0.2003070695502,0.607689454547891,0.0770665163609854,0.114936959540923
24415,0.298191794640345,0.133061904728066,0.365964433751882,0.202781866879706
24416,0.561042042963776,0.103182386141106,0.16412012846244,0.171655442432679
24417,0.230508173597854,0.0782124125158417,0.317899086625767,0.373380327260537
24418,0.149373983216548,0.248659565412245,0.0684153840111872,0.53355106736002
24419,0.354289846469142,0.276637983496503,0.193105334905361,0.175966835128994
24420,0.0986326956459255,0.441283533156222,0.222521848324871,0.237561922872982
24421,0.27281428519022,0.102044766818005,0.0289797499053715,0.596161198086404
24422,0.451507600072255,0.120776434977224,0.0271035733563083,0.400612391594213
24423,0.0509767414494514,0.517140978316137,0.0439266302530268,0.387955649981384
24424,0.0804902135980406,0.297601589935443,0.28985346323924,0.332054733227277
24425,0.124684527851489,0.0295134077562828,0.0959962505559681,0.74980581383626
24426,0.45748711692747,0.154659081385241,0.029518163159877,0.358335638527412
24427,0.04805312192383,0.0520649199143722,0.654499839957063,0.245382118204735
24428,0.196429029463143,0.585507089348196,0.0228185697405789,0.195245311448082
24429,0.0792317202779545,0.797441956755386,0.0222729526029441,0.101053370363715
24430,0.0915559272521338,0.0447934917031393,0.03686658991318,0.826783991131547
24431,0.116531424272794,0.58702024090661,0.116968592582039,0.179479742238557
24432,0.0222584225941255,0.418795641793401,0.0989066482728928,0.460039287339581
24433,0.060184096811457,0.0840951020365237,0.148901523430505,0.706819277721514
24434,0.251805963916398,0.188116532558512,0.358145249921405,0.201932253603685
24435,0.483551639318157,0.307548401527783,0.107035682688145,0.101864276465915
24436,0.199681638670849,0.116664704680238,0.298660835183272,0.384992821465641
24437,0.382088390571358,0.19411970076147,0.118519703093662,0.305272205573509
24438,0.663798246637461,0.0937400743258308,0.139765736785319,0.10269594225139
24439,0.100371754373712,0.0261606712839039,0.664742247390028,0.208725326952356
24440,0.0309562066233094,0.648683243470563,0.0390525285680933,0.281308021338034
24441,0.558043897184883,0.146623590200184,0.0277941910941748,0.267538321520758
24442,0.654780972230636,0.153135116623995,0.107946131701308,0.0841377794440611
24443,0.467828611650026,0.0974449267218152,0.345240716518051,0.0894857451101079
24444,0.0492210329842337,0.166377963355912,0.568095702353787,0.216305301306067
24445,0.240679143457722,0.115155668746673,0.105006930977124,0.539158256818481
24446,0.303810396477151,0.0555828935697237,0.0399921926440294,0.600614517309096
24447,0.110969990715808,0.790583097852973,0.0339161146235234,0.0645307968076957
24448,0.117593502604752,0.530678207955958,0.0752955830210099,0.27643270641828
24449,0.375858596539466,0.0288409796774377,0.119952142158066,0.47534828162503
24450,0.0498592421062659,0.0505157550773545,0.221156190341934,0.678468812474446
24451,0.0360633537271882,0.0602000645803336,0.454342368778852,0.449394212913626
24452,0.113302212852522,0.0413458389748758,0.404296961284225,0.441054986888377
24453,0.351110508409274,0.0777298899229609,0.427243489783317,0.143916111884449
24454,0.245153510176597,0.354649672976102,0.0790226773924383,0.321174139454863
24455,0.184841398140993,0.0558356496411529,0.446119644594491,0.313203307623363
24456,0.0727909834521844,0.100374816883557,0.2805841111516,0.546250088512659
24457,0.185750819719842,0.0489229686938609,0.206762390186965,0.558563821399332
24458,0.0359252530834525,0.271177075918203,0.0709739613084047,0.62192370968994
24459,0.110769292896239,0.126969276207655,0.489990383111315,0.27227104778479
24460,0.0223310730858499,0.160664041832405,0.152008852528866,0.664996032552879
24461,0.029296860030087,0.0552889992742965,0.365896809774839,0.549517330920778
24462,0.103272875105999,0.198533659230369,0.0656457031693649,0.632547762494267
24463,0.300272220088729,0.452845115604651,0.11509669812123,0.13178596618539
24464,0.0955753321657796,0.105807643759905,0.220384232509042,0.578232791565274
24465,0.115254043386259,0.593035910707787,0.0711789338856745,0.22053111202028
24466,0.35266441070004,0.302931592790205,0.0436113359960641,0.300792660513691
24467,0.086087811935125,0.291405887983939,0.0187113218561418,0.603794978224794
24468,0.0441731214400501,0.442253140991249,0.133525070990989,0.380048666577712
24469,0.0638132759297432,0.330603191569189,0.0403234191553302,0.565260113345737
24470,0.0884754256312151,0.0864011905355103,0.0445373057428678,0.780586078090407
24471,0.11836465900083,0.548764327646104,0.0710441535616428,0.261826859791423
24472,0.472158346898847,0.0777317397258541,0.175570518509528,0.274539394865771
24473,0.185259307766762,0.147753995022299,0.29478193384765,0.372204763363288
24474,0.640009439510846,0.217713662784685,0.0299062012481224,0.112370696456346
24475,0.047282177409445,0.44350221908319,0.252206311761474,0.25700929174589
24476,0.212670133095316,0.424279366092841,0.0690689059718614,0.293981594839981
24477,0.0458711553335514,0.458274424913249,0.293922176184431,0.201932243568769
24478,0.176760599350643,0.104990277392791,0.483577087332677,0.234672035923889
24479,0.104308677265756,0.0461342152632006,0.496966270680042,0.352590836791001
24480,0.507626013530549,0.0892964563860022,0.0689547225970847,0.334122807486365
24481,0.300869876111043,0.227647556490938,0.166599832897264,0.304882734500755
24482,0.514455948151714,0.0628138708592476,0.0516022443316847,0.371127936657354
24483,0.749785585569213,0.0690917185450933,0.0667702925337631,0.114352403351931
24484,0.0760983888475234,0.174041872794858,0.576252650616044,0.173607087741574
24485,0.488542665689763,0.128196318142295,0.233802954417924,0.149458061750019
24486,0.263903816816566,0.299505076102639,0.105424266994007,0.331166840086788
24487,0.0445408009779848,0.0828350155119857,0.634279030486722,0.238345153023307
24488,0.222503604066075,0.621433442779773,0.0503069312057176,0.105756021948434
24489,0.152413337994212,0.324453226709331,0.219246521413301,0.303886913883156
24490,0.0637403876350758,0.241963666076591,0.540770251130275,0.153525695158059
24491,0.0881083929759766,0.0504364625437168,0.115153013102682,0.746302131377624
24492,0.266260563069667,0.0826418262269473,0.462889357915557,0.188208252787829
24493,0.0922882347044019,0.247299601335912,0.529707104217463,0.130705059742222
24494,0.0549518250018681,0.478024621834867,0.282811242086589,0.184212311076676
24495,0.139535374632805,0.52608161336908,0.0700167610251057,0.264366250973009
24496,0.132567651732301,0.19892154321588,0.314628376728634,0.353882428323185
24497,0.159032089551779,0.0903979433209436,0.569356597651419,0.181213369475859
24498,0.284489052630954,0.25007429456279,0.358530836520439,0.106905816285817
24499,0.399658619416481,0.085847244761799,0.244190656854935,0.270303478966785
24500,0.086483676192134,0.555728342849839,0.0980438142072771,0.25974416675075
24501,0.229773930231618,0.290807261226575,0.0918272686633442,0.387591539878462
24502,0.396985162928754,0.128312766242078,0.123245518832789,0.351456551996379
24503,0.0559269609547623,0.0842636181172527,0.180453445904345,0.67935597502364
24504,0.0570144134477354,0.572703216478487,0.0552876237752104,0.314994746298568
24505,0.108528570554107,0.299615155503556,0.142141471294648,0.449714802647688
24506,0.107827759471063,0.0526820819317559,0.542221305210661,0.29726885338652
24507,0.0769341167444914,0.141720310978506,0.19442415418034,0.586921418096662
24508,0.405876277745628,0.142168529094412,0.25721670876083,0.19473848439913
24509,0.139954037037913,0.0493158993460578,0.367802587752855,0.442927475863174
24510,0.0647466435031629,0.117041345346508,0.572892460985818,0.245319550164511
24511,0.228760582112918,0.604025891772394,0.0857640279453239,0.0814494981693649
24512,0.338953966075589,0.0769614323170756,0.300642532270539,0.283442069336797
24513,0.589495531350376,0.0906317881084762,0.141866645663678,0.17800603487747
24514,0.347198509034245,0.375273744000086,0.0780579560015351,0.199469790964134
24515,0.142847047619142,0.230052802567064,0.332364315379918,0.294735834433876
24516,0.442701174685277,0.0969096855216617,0.128212303729771,0.332176836063291
24517,0.489609988810511,0.26602160339808,0.133735607355937,0.110632800435472
24518,0.0458735371333525,0.114696741797878,0.129401404976283,0.710028316092486
24519,0.0607205350614419,0.150477549610398,0.706635129835853,0.0821667854923065
24520,0.0196276983868534,0.324814144373,0.307864202168693,0.347693955071454
24521,0.0763943531102099,0.405756929873595,0.0438989999111835,0.473949717105012
24522,0.0276394039264164,0.110785727417152,0.690516468078849,0.171058400577582
24523,0.0522854096783085,0.251377323445416,0.39854219692166,0.297795069954616
24524,0.0963177621772705,0.101770138269877,0.541248645074495,0.260663454478358
24525,0.0904241645374834,0.152927438725314,0.0596338104410475,0.697014586296155
24526,0.634818935208043,0.102240626208088,0.168234712697016,0.0947057258868526
24527,0.110836145770489,0.0290268772934796,0.484139712388897,0.375997264547134
24528,0.727569628562375,0.163572996254982,0.0291338543175358,0.0797235208651078
24529,0.0997162423911043,0.0498578746343583,0.216700525577452,0.633725357397086
24530,0.339786690237713,0.239482431545999,0.235143477492049,0.185587400724239
24531,0.1388146727942,0.511465738211232,0.216034469704312,0.133685119290257
24532,0.180469427495313,0.301023784521113,0.387291474676423,0.131215313307151
24533,0.286294196727935,0.270161018502829,0.0934395518129153,0.350105232956321
24534,0.0926594319498354,0.542908941986893,0.0986905019092872,0.265741124153985
24535,0.661780479979828,0.0696411475745773,0.0864044073949686,0.182173965050626
24536,0.136313465164931,0.227787304509189,0.349774365172174,0.286124865153707
24537,0.375470242470217,0.171181535966552,0.0740803160027197,0.379267905560511
24538,0.196809658197159,0.557558478103839,0.0709845199465547,0.174647343752448
24539,0.368496716406627,0.156018062802273,0.153476191065985,0.322009029725115
24540,0.444619196543311,0.0860623505353098,0.283635002068798,0.185683450852582
24541,0.450727102685066,0.120708339547916,0.221831008120528,0.20673354964649
24542,0.132281640882469,0.482172372977343,0.0836979146409014,0.301848071499287
24543,0.0356266845261345,0.150452445706941,0.739935489502764,0.0739853802641606
24544,0.116908249092072,0.516137309627656,0.20373226231536,0.163222178964912
24545,0.287232620416585,0.0973258854316843,0.452767537336987,0.162673956814743
24546,0.0663551108078056,0.566834205970024,0.15377957741886,0.213031105803311
24547,0.287827579063811,0.361674955795101,0.0519422711380042,0.298555194003083
24548,0.0476023396175376,0.32442763992803,0.369905879652986,0.258064140801446
24549,0.593771612435657,0.197213617983483,0.103781659531288,0.105233110049572
24550,0.172683304120611,0.451541269996808,0.2922298712239,0.0835455546586809
24551,0.0585061673527537,0.460915213137405,0.165613316762575,0.314965302747267
24552,0.0694665651493148,0.475758907763833,0.113128876652364,0.341645650434489
24553,0.464549244407397,0.147898288152299,0.142806027867008,0.244746439573297
24554,0.300637918694774,0.102697471812232,0.294043066059802,0.302621543433192
24555,0.122516863838254,0.642496554859739,0.096681606801396,0.138304974500611
24556,0.523533858669184,0.212160984851064,0.041712407968318,0.222592748511434
24557,0.119284042356946,0.26223612764181,0.328365038041943,0.290114791959301
24558,0.10828298991777,0.559139875821709,0.0508888792118627,0.281688255048659
24559,0.061402366690941,0.730191677429732,0.110660809437541,0.0977451464417864
24560,0.0665545393071664,0.34928384860346,0.122731518222667,0.461430093866707
24561,0.18812113052972,0.150422729225052,0.104234949519255,0.557221190725972
24562,0.449974254342235,0.24816674267158,0.145656688831735,0.15620231415445
24563,0.0252985091222487,0.510054604263621,0.0950651634335597,0.36958172318057
24564,0.0524819338236243,0.3964821311386,0.0634593928458897,0.487576542191886
24565,0.0574534256052063,0.327369655086811,0.225547204384579,0.389629714923404
24566,0.116880757903254,0.692376783342124,0.0601036307437381,0.130638828010885
24567,0.128437433573837,0.271078590865976,0.452053675525645,0.148430300034543
24568,0.385278706968485,0.32722220940045,0.0788757385445719,0.208623345086493
24569,0.194776650251041,0.111532246940909,0.294092508582551,0.399598594225499
24570,0.0573375514194545,0.475958499882517,0.138078321120758,0.32862562757727
24571,0.0507332292381949,0.268524282310578,0.320338189761159,0.360404298690068
24572,0.182012100610243,0.114104215720357,0.31094046705454,0.39294321661486
24573,0.123180583981813,0.138202629635611,0.520739681035238,0.217877105347338
24574,0.0547195596290246,0.24820936945835,0.473879432943517,0.223191637969108
24575,0.158876836390637,0.0714590658331967,0.132538333608201,0.637125764167966
24576,0.0403717294671203,0.171713572704486,0.595843191670179,0.192071506158215
24577,0.0631148528811519,0.184875091574229,0.316920006674756,0.435090048869863
24578,0.205129095144228,0.0997258189797323,0.2359160236206,0.45922906225544
24579,0.411806538897844,0.37636079455021,0.0627958467269405,0.149036819825006
24580,0.105434359525586,0.0608612384151981,0.445977376138606,0.387727025920611
24581,0.176939599937485,0.0307889073886024,0.643153503012542,0.149117989661371
24582,0.0553559813958258,0.116259754541823,0.685113239062036,0.143271025000315
24583,0.0161336977967184,0.12140957030935,0.529681826086538,0.332774905807394
24584,0.0300554663566313,0.0445354675290888,0.815901256971877,0.109507809142404
24585,0.0707172691147531,0.17398039831453,0.0169048230274274,0.73839750954329
24586,0.0416474230588926,0.0760262229927088,0.355409827504388,0.526916526444011
24587,0.415341011543515,0.222159590004125,0.201315031808143,0.161184366644217
24588,0.239465540803087,0.373789601658253,0.192698396125122,0.194046461413538
24589,0.124692696021994,0.455020838757478,0.254275700353486,0.166010764867042
24590,0.429298007684521,0.25194954032116,0.225623299481012,0.093129152513307
24591,0.299578207459516,0.197643695182274,0.334642276315632,0.168135821042578
24592,0.333170687157322,0.314773061445035,0.118883588510081,0.233172662887563
24593,0.377572634233796,0.223095096023308,0.196766202107372,0.202566067635524
24594,0.17808673710617,0.283030144859494,0.188718862121741,0.350164255912596
24595,0.282048826057635,0.337840200963675,0.295888432504438,0.0842225404742523
24596,0.39724613300469,0.206839283762175,0.0932707958707681,0.302643787362367
24597,0.344276851722965,0.350517191703371,0.198571001950141,0.106634954623524
24598,0.390150780195319,0.122579017668757,0.0974042582799894,0.389865943855934
24599,0.288690427668579,0.297796780625439,0.149499305378617,0.264013486327366
24600,0.251556934901499,0.32343604029161,0.174334691331702,0.25067233347519
24601,0.159986571078942,0.136338584447414,0.530359872264181,0.173314972209462
24602,0.191801652912548,0.486016402833354,0.133963095495566,0.188218848758532
24603,0.12353827000989,0.152454608499889,0.318119893646082,0.405887227844138
24604,0.261317097114219,0.202401466048505,0.408047056595085,0.128234380242191
24605,0.430726002299264,0.119684949938852,0.145933788700585,0.303655259061299
24606,0.0984768384885031,0.482756082154175,0.274449672001484,0.144317407355838
24607,0.378065686581542,0.20070424724876,0.298432617319288,0.12279744885041
24608,0.197492370304769,0.384967331993748,0.124249505471609,0.293290792229874
24609,0.516867351441924,0.20321218169713,0.0993700314453759,0.180550435415571
24610,0.0883584485370636,0.233410866530294,0.145988288799292,0.532242396133351
24611,0.169297333870417,0.224985168105001,0.178341024397969,0.427376473626613
24612,0.0765292820227203,0.586237405166524,0.161096647138919,0.176136665671837
24613,0.157769180237095,0.179056574311702,0.516436016940977,0.146738228510226
24614,0.122584944873301,0.157964635562423,0.5718447376448,0.147605681919476
24615,0.394142954503265,0.208480186169341,0.0591434189642926,0.338233440363101
24616,0.219870073887881,0.162399133959737,0.331279701537939,0.286451090614442
24617,0.350296976291261,0.125444926658011,0.357265812680792,0.166992284369936
24618,0.281689066174679,0.111251081589355,0.477515764749754,0.129544087486212
24619,0.144969259757755,0.345044686087054,0.347483916406444,0.162502137748748
24620,0.176697109899116,0.196744727193967,0.117661641900621,0.508896521006296
24621,0.132768491130532,0.125397118935569,0.275197665944047,0.466636723989851
24622,0.0664112262750271,0.277203572497639,0.237966834620316,0.418418366607018
24623,0.186907958505741,0.102352718449113,0.275594702625645,0.435144620419501
24624,0.180262552167898,0.253377299238177,0.342730778697036,0.22362936989689
24625,0.368794306299315,0.101668230396405,0.280943289975243,0.248594173329037
24626,0.371931756135662,0.202361266812242,0.178757704180489,0.246949272871606
24627,0.176911735094961,0.194149923540738,0.119668025615704,0.509270315748598
24628,0.614961855974808,0.125132579130503,0.0735881357245023,0.186317429170187
24629,0.0847438792705807,0.558129845258097,0.124884345081774,0.232241930389549
24630,0.172601074749847,0.165705066069314,0.177817790177089,0.48387606900375
24631,0.231939923959927,0.214763824465646,0.130029968228284,0.423266283346143
24632,0.167359880867325,0.19917287886402,0.245244426945685,0.38822281332297
24633,0.219844285391989,0.0560719722988859,0.460492176785581,0.263591565523544
24634,0.217022298610904,0.0327373772900502,0.489275281166606,0.260965042932441
24635,0.384424585722453,0.101159568336923,0.129624843103875,0.38479100283675
24636,0.231607753154022,0.357262319368231,0.121180429568356,0.289949497909391
24637,0.190766973002824,0.127408552254453,0.478918227249236,0.202906247493487
24638,0.117446875561892,0.463648508287782,0.0838498769462843,0.335054739204042
24639,0.361080736622139,0.200193573397676,0.0960372499959302,0.342688439984255
24640,0.632870617675596,0.134459609100305,0.0931581421986416,0.139511631025458
24641,0.114220311186591,0.674331305104688,0.0403966394392988,0.171051744269422
24642,0.176475876762111,0.0944275384796275,0.376215215577745,0.352881369180517
24643,0.0595949255781642,0.0560810999520427,0.385131069503868,0.499192904965925
24644,0.0612675468075872,0.428395017802043,0.197415016741391,0.312922418648979
24645,0.123182934105944,0.618359334093275,0.0192388430728992,0.239218888727882
24646,0.223331100655802,0.212735933883091,0.221286084651525,0.342646880809581
24647,0.404606757129612,0.386728763352465,0.126354321281144,0.0823101582367796
24648,0.115432771835582,0.047482364947979,0.476426797471744,0.360658065744695
24649,0.10617215444093,0.145489781650038,0.500593140078651,0.24774492383038
24650,0.0235857244869426,0.872387094464125,0.0140808615084291,0.0899463195405039
24651,0.531658609160423,0.0520628641217202,0.0250154906873629,0.391263036030494
24652,0.286008580832599,0.0407541684344063,0.534974509561782,0.138262741171213
24653,0.487485954738182,0.17790982286034,0.0980710708547303,0.236533151546748
24654,0.0388182657806725,0.456976522750397,0.0333418103827704,0.47086340108616
24655,0.0610275002180264,0.149241400252937,0.391426265470736,0.3983048340583
24656,0.214344576881305,0.286169706995192,0.355569682419,0.143916033704503
24657,0.190091852222616,0.136789442107236,0.0480858779083179,0.625032827761831
24658,0.0649437282903297,0.463731386060645,0.274886128270126,0.196438757378899
24659,0.0157957784179911,0.0920219371928313,0.44286631617873,0.449315968210448
24660,0.103309049528812,0.335850066692428,0.231877654366695,0.328963229412065
24661,0.137298773377139,0.552255425147164,0.0559134691310332,0.254532332344663
24662,0.0224625712852557,0.117103883693286,0.586949798088293,0.273483746933166
24663,0.134399303665208,0.241090426318794,0.512181695259815,0.112328574756182
24664,0.109198803403948,0.278314621281889,0.409212679457996,0.203273895856167
24665,0.346874415770388,0.127699452902192,0.381320717861921,0.1441054134655
24666,0.11792357415709,0.560291467950067,0.0943154973896141,0.227469460503228
24667,0.0707557784956595,0.458756709682645,0.272982962801278,0.197504549020418
24668,0.120590655605921,0.0789291654257847,0.734884673026529,0.0655955059417651
24669,0.130521319994972,0.229840747850066,0.346526005168305,0.293111926986658
24670,0.534313786641157,0.070010490867179,0.250253598257755,0.145422124233909
24671,0.0692327668430884,0.325829738893474,0.53821826556944,0.066719228693998
24672,0.126646491212953,0.482765943642487,0.316559128956142,0.0740284361884174
24673,0.145408988707446,0.0799367269167833,0.670639993872105,0.104014290503666
24674,0.122164702325633,0.655121821409984,0.0649671866303573,0.157746289634025
24675,0.120074287557809,0.101860778549825,0.6509575367024,0.127107397189967
24676,0.17149321180972,0.570099860917691,0.138292011736886,0.120114915535703
24677,0.0501904535785264,0.145350038050187,0.333770133627262,0.470689374744025
24678,0.236311013191604,0.234992795460189,0.150129764924154,0.378566426424053
24679,0.226462710762902,0.412653140565331,0.0956203478262366,0.26526380084553
24680,0.0648863513375554,0.455418605599748,0.176514928507263,0.303180114555434
24681,0.351650688699027,0.221442256600423,0.0529236940343016,0.373983360666249
24682,0.44419818121504,0.452638613401589,0.051511288430061,0.0516519169533093
24683,0.107525172912504,0.263912695080348,0.466157357722312,0.162404774284836
24684,0.0931560081973963,0.201968831582517,0.536883160085552,0.167992000134535
24685,0.605817407709709,0.138898115820027,0.123495526939463,0.131788949530801
24686,0.492669231578663,0.111094827215612,0.0744867625793256,0.3217491786264
24687,0.229149117036397,0.303130812814592,0.195468054758013,0.272252015390998
24688,0.140371991109193,0.395593203864376,0.145329225668371,0.31870557935806
24689,0.233837360903121,0.229422788533921,0.467035543635602,0.0697043069273562
24690,0.709479615029907,0.0853125436885834,0.11226015709462,0.0929476841868901
24691,0.383047224489014,0.391214175775991,0.0767503887334901,0.148988211001505
24692,0.694013334545863,0.176736708357664,0.0463808251348437,0.0828691319616295
24693,0.180532571979137,0.153216790898167,0.496795616847052,0.169455020275644
24694,0.177222536556979,0.271057471083104,0.397801069505452,0.153918922854466
24695,0.13955561820148,0.749615200348053,0.0438692240360663,0.0669599574144006
24696,0.17765805974675,0.313071349834808,0.130410411873569,0.378860178544873
24697,0.119837133068786,0.145576435585214,0.28895613588514,0.445630295460861
24698,0.241346950453036,0.539467709349156,0.15340642088235,0.0657789193154579
24699,0.165084795804716,0.101424441016244,0.660246130478366,0.0732446327006744
24700,0.0795917890236432,0.465511383594256,0.117747703709738,0.337149123672363
24701,0.145361392357291,0.150941582102654,0.60174042208278,0.101956603457275
24702,0.155910006605993,0.527339145649105,0.23443192910727,0.0823189186376322
24703,0.303518692955703,0.326089362463781,0.277527534515355,0.0928644100651611
24704,0.113162546502114,0.457905614086397,0.33603033683758,0.0929015025739088
24705,0.391141371089523,0.357454108536772,0.153923096220743,0.0974814241529613
24706,0.161055975712432,0.419853973234579,0.316473183888598,0.102616867164392
24707,0.286492360670705,0.197763696745475,0.275980320734339,0.239763621849482
24708,0.595293248674741,0.0899741327998764,0.205172969638257,0.109559648887126
24709,0.126313930076586,0.267580415367235,0.500905428720075,0.105200225836104
24710,0.293852884795732,0.323621277124361,0.253792295302552,0.128733542777356
24711,0.332021065619152,0.239747610144959,0.300215118598536,0.128016205637354
24712,0.361476894208238,0.363570226287084,0.155255183180879,0.119697696323798
24713,0.142866275483409,0.51735053536548,0.184290859039914,0.155492330111197
24714,0.320329345064205,0.329606887429527,0.18322987187849,0.166833895627779
24715,0.149249447191865,0.450200367165909,0.160706405425662,0.239843780216564
24716,0.413496952861946,0.329892303333511,0.11307505244138,0.143535691363163
24717,0.230781289208851,0.507298746829278,0.16772484740758,0.0941951165542904
24718,0.190106840150162,0.570683537523863,0.119800955779207,0.119408666546769
24719,0.261335465046904,0.208699856995967,0.21347156802128,0.316493109935849
24720,0.219190961293443,0.462331632011169,0.150524999221565,0.167952407473822
24721,0.267002510676489,0.410566196137622,0.151295239943662,0.171136053242226
24722,0.150646618599052,0.54547977701018,0.191401601690268,0.1124720027005
24723,0.417377289518824,0.218031462849629,0.224684158463412,0.139907089168135
24724,0.324751565870075,0.259255050590462,0.261762918822984,0.154230464716479
24725,0.477621727392126,0.262683716161724,0.0797441423350445,0.179950414111106
24726,0.24685734637078,0.36905993106953,0.228758330736245,0.155324391823445
24727,0.0902308180384831,0.120085556474674,0.392019283093633,0.39766434239321
24728,0.397925043383242,0.264923949146157,0.171588467716494,0.165562539754107
24729,0.27379760931286,0.180758356969511,0.316801585256684,0.228642448460945
24730,0.149976742755585,0.19554916731892,0.327071558277597,0.327402531647898
24731,0.123375063075033,0.571258999312727,0.155799098585829,0.149566839026411
24732,0.271739776059157,0.162020039407899,0.350038899511936,0.216201285021008
24733,0.0682183831869681,0.226288439146791,0.171982837003006,0.533510340663235
24734,0.158896964497427,0.325548093150251,0.0811661365912495,0.434388805761073
24735,0.0710133273835608,0.126361431231091,0.437243247635465,0.365381993749883
24736,0.118346520338779,0.565237771900284,0.12302261216248,0.193393095598457
24737,0.466943545924997,0.126107962580023,0.182457699423266,0.224490792071714
24738,0.0668116162727559,0.578313415232209,0.0908697555767952,0.26400521291824
24739,0.371930439829052,0.0606531475977483,0.263062400336636,0.304354012236563
24740,0.265187927757853,0.37862775732643,0.136729804197118,0.219454510718599
24741,0.117978229890872,0.262174794014397,0.530616268150442,0.0892307079442889
24742,0.276455462005919,0.344712858257674,0.0934045439375235,0.285427135798884
24743,0.17631018968915,0.416578587436521,0.100550279825851,0.306560943048478
24744,0.412254003901504,0.0645790259228424,0.270941187276573,0.25222578289908
24745,0.18903866624241,0.135653336834571,0.208424794609779,0.466883202313241
24746,0.158488644146455,0.289381946439697,0.0584666387888421,0.493662770625007
24747,0.0559681621354107,0.364277799439002,0.22996844753488,0.349785590890708
24748,0.0317760637517868,0.0591786185986521,0.553977725808549,0.355067591841012
24749,0.124491578666435,0.305761195630799,0.271641736814145,0.298105488888622
24750,0.270318276072963,0.157664135991234,0.297625362319339,0.274392225616464
24751,0.521034697366728,0.0770845894130555,0.0627072629754342,0.339173450244783
24752,0.106770979623347,0.426681718125112,0.0629628186009303,0.403584483650611
24753,0.14807986651842,0.0385265703973103,0.547757742155603,0.265635820928666
24754,0.22935164150176,0.257467656086688,0.153573587960635,0.359607114450917
24755,0.0550613403878754,0.262671199183806,0.345940533591583,0.336326926836735
24756,0.118627873742922,0.293470481538943,0.221031404513354,0.366870240204781
24757,0.144601155862825,0.0840453250262682,0.129332153417834,0.642021365693073
24758,0.150367902637126,0.0759035069497249,0.459991146863346,0.313737443549804
24759,0.123687239622963,0.250299375382874,0.285263114285938,0.340750270708225
24760,0.281006390859378,0.326023590501367,0.13808790314638,0.254882115492875
24761,0.28212835180074,0.111536890016202,0.3618804466473,0.244454311535759
24762,0.13409697385386,0.369036648502841,0.0684019100830371,0.428464467560262
24763,0.113363170299751,0.649800582226097,0.0689080762345909,0.167928171239561
24764,0.596101271338115,0.0769976145800686,0.0522026477060408,0.274698466375776
24765,0.249087107872369,0.229905465370351,0.323082433348676,0.197924993408603
24766,0.0297651878751042,0.382822567740557,0.250003991802796,0.337408252581543
24767,0.123304795176297,0.100707579971993,0.0760019960859356,0.699985628765774
24768,0.118779501896289,0.473752503535261,0.128675901450252,0.278792093118197
24769,0.164293180539063,0.128084355874552,0.624250809345614,0.0833716542407717
24770,0.0988940219407,0.156429566908113,0.0491068628742754,0.695569548276912
24771,0.0979822963195153,0.0584855160267157,0.461853840286439,0.38167834736733
24772,0.158828895702369,0.30194798167353,0.0682203651819169,0.471002757442184
24773,0.0736762818759376,0.379836982610048,0.4403172044039,0.106169531110115
24774,0.343568016135155,0.150842758959737,0.0894658149686575,0.416123409936451
24775,0.111522041073657,0.576348403792207,0.0508414928519326,0.261288062282203
24776,0.647774260516498,0.044736278026176,0.157513998271065,0.149975463186261
24777,0.277034955300319,0.338784275651994,0.196178716410671,0.188002052637015
24778,0.348467128087592,0.247937574354598,0.123960387276343,0.279634910281467
24779,0.0549246535600075,0.30980591440739,0.256337716638767,0.378931715393836
24780,0.54460785132253,0.140533037310756,0.209684369579142,0.105174741787572
24781,0.0544389636290735,0.128225597344893,0.716584479919994,0.10075095910604
24782,0.536498649200124,0.0535066686658983,0.0637938165294143,0.346200865604564
24783,0.0296796485616446,0.220623556226876,0.469659108129983,0.280037687081497
24784,0.243559234686309,0.0750799002764765,0.185277729138061,0.496083135899153
24785,0.0512864505921617,0.217221153704285,0.145158237764493,0.58633415793906
24786,0.111195767230797,0.149123105006093,0.416013494186686,0.323667633576425
24787,0.259860057281161,0.189468870793505,0.198900527184149,0.351770544741185
24788,0.0925031808567127,0.211548528049625,0.360602231561915,0.335346059531747
24789,0.400123509190357,0.219761526407414,0.0790318939280239,0.301083070474206
24790,0.0875071912074799,0.11451276432467,0.397873989128414,0.400106055339437
24791,0.200426892469944,0.0809188881048823,0.346426047612092,0.372228171813081
24792,0.238703764792672,0.111667814538465,0.192161591221206,0.457466829447658
24793,0.102097236509021,0.0514650847152149,0.524821286401562,0.321616392374202
24794,0.0700000055832981,0.646343124268419,0.0754436524270442,0.208213217721239
24795,0.224481816835242,0.128467741104834,0.0582667582980585,0.588783683761866
24796,0.511169852854968,0.327245407525383,0.100034746297062,0.0615499933225873
24797,0.134191771747005,0.604171023217106,0.150277057080532,0.111360147955358
24798,0.036838880976817,0.0842416840958262,0.674557454266561,0.204361980660796
24799,0.326757618199118,0.117303491416032,0.242015332033723,0.313923558351127
24800,0.0448297416718414,0.155650369581615,0.582387547120883,0.217132341625661
24801,0.591208161353428,0.162932903790695,0.156192393001258,0.0896665418546194
24802,0.263755547288692,0.286121412843865,0.144697677280126,0.305425362587317
24803,0.0628337678565164,0.124914284552789,0.672166329692632,0.140085617898063
24804,0.578892176737539,0.10623481435208,0.164830684726992,0.15004232418339
24805,0.206614762344895,0.268852063555104,0.0581135841665638,0.466419589933437
24806,0.165693713281624,0.450285463980148,0.0524308593588525,0.331589963379376
24807,0.515279460017778,0.364625160429516,0.0378711732790634,0.0822242062736423
24808,0.426463812803421,0.09996786516431,0.224558686135616,0.249009635896654
24809,0.694634059481482,0.0312397050470585,0.0658646401962272,0.208261595275232
24810,0.125747515432105,0.343934679951991,0.13494374343659,0.395374061179314
24811,0.144865207360104,0.0432958832872193,0.695456415533324,0.116382493819352
24812,0.0630113001477048,0.0704579519751524,0.757372623792189,0.109158124084954
24813,0.222763768276219,0.0512022124468786,0.429578680097613,0.296455339179289
24814,0.222886836541796,0.416575964335282,0.0262634860032269,0.334273713119695
24815,0.414337968564244,0.205589346053158,0.244288473998698,0.135784211383901
24816,0.250185628008583,0.162361023810275,0.375787007349488,0.211666340831654
24817,0.230961118098271,0.358838642576504,0.139431419422897,0.270768819902328
24818,0.34234906586408,0.287328849990357,0.226214168989824,0.14410791515574
24819,0.166535087039054,0.362416844482159,0.293427277040991,0.177620791437796
24820,0.433923855473016,0.188802703402793,0.0646647404949793,0.312608700629212
24821,0.455816916432551,0.183784585114104,0.0872137769837556,0.27318472146959
24822,0.106028761260067,0.544003974522945,0.103621534096089,0.246345730120899
24823,0.13794456637627,0.33869483044455,0.305031992108615,0.218328611070565
24824,0.205653227782428,0.0807937404613845,0.248556306247881,0.464996725508307
24825,0.45850493099471,0.20737402639963,0.087629478632092,0.246491563973569
24826,0.103261607357365,0.0983822606295825,0.615281422639545,0.183074709373508
24827,0.221662103402098,0.522771918590665,0.082956941213126,0.172609036794111
24828,0.133787204857551,0.695071691286297,0.0703935890257461,0.100747514830406
24829,0.200631400222614,0.131400327529442,0.110940096415688,0.557028175832255
24830,0.1360077806167,0.49624532635807,0.201607456501622,0.166139436523609
24831,0.068221702061651,0.48644873761292,0.15936170571167,0.28596785461376
24832,0.132240202120452,0.188708556206621,0.260914542681847,0.418136698991079
24833,0.273967194144524,0.219953090743122,0.316323565390194,0.18975614972216
24834,0.15226657722407,0.0734108091183188,0.249387011434795,0.524935602222817
24835,0.18257742249049,0.260135425066324,0.167670512490781,0.389616639952405
24836,0.0831774922108883,0.198588664810347,0.273608501750113,0.444625341228652
24837,0.597802459729277,0.0224442399370652,0.077860411654345,0.301892888679312
24838,0.0718223482712472,0.337284361869009,0.10101787504079,0.489875414818954
24839,0.544947675899184,0.165016811173602,0.116487187037544,0.17354832588967
24840,0.466776454538247,0.186106534699915,0.186773386037979,0.160343624723859
24841,0.0429829682953731,0.682961280020047,0.16291446972394,0.111141281960641
24842,0.123660223985034,0.221768312785096,0.0969972174487333,0.557574245781136
24843,0.188924352644709,0.0506206429347664,0.396232270506743,0.364222733913782
24844,0.706639616136387,0.0700058452506575,0.139179798227667,0.0841747403852884
24845,0.54030626237758,0.0399680114114305,0.0284538388897361,0.391271887321254
24846,0.189957048643104,0.611874868996464,0.0212160571408306,0.176952025219601
24847,0.094143206827721,0.0761094637501684,0.484425676839651,0.345321652582459
24848,0.0779651649867426,0.144043852717214,0.119625563064247,0.658365419231796
24849,0.373147063666028,0.0807966476473432,0.0698864008961671,0.476169887790462
24850,0.102129808123944,0.50584776821923,0.0359642727817122,0.356058150875113
24851,0.218871483720631,0.0608256391814461,0.196744230887772,0.52355864621015
24852,0.527101011826253,0.0474915205208103,0.027214528504318,0.398192939148619
24853,0.365956193161643,0.105792244615899,0.296464111076214,0.231787451146245
24854,0.397915145640131,0.100667349107104,0.277015672847909,0.224401832404857
24855,0.153912230855509,0.165545281137621,0.392041204906006,0.288501283100864
24856,0.154614346918805,0.539525858098594,0.0792952915896551,0.226564503392946
24857,0.176168896655337,0.183276054331206,0.470572753679249,0.169982295334208
24858,0.109552472234426,0.469377933240636,0.237240553413249,0.183829041111689
24859,0.196193477782249,0.346637996185312,0.0781554246425832,0.379013101389856
24860,0.135744924495899,0.092929689292999,0.6999865666921,0.071338819519002
24861,0.463578579945738,0.123749892132273,0.0913631256872486,0.32130840223474
24862,0.102269283299288,0.561154299752307,0.0989440009588265,0.237632415989579
24863,0.312013675438196,0.0883635674448495,0.21141095840106,0.388211798715895
24864,0.128367358971125,0.0990552216030367,0.476845856979062,0.295731562446776
24865,0.175918498100311,0.0465399335236093,0.488249223088425,0.289292345287654
24866,0.725490319992958,0.0955658330278093,0.0821602466144168,0.0967836003648161
24867,0.488899763393784,0.0951535436371245,0.144967603155224,0.270979089813867
24868,0.491103278785014,0.0721253749372739,0.108332168230919,0.328439178046793
24869,0.280330809053021,0.0626877149435818,0.216708685599234,0.440272790404163
24870,0.618698213355189,0.0746642633766099,0.106301278131563,0.200336245136639
24871,0.160228198256637,0.047208783574074,0.408074851382647,0.384488166786641
24872,0.257862579857726,0.268497972519177,0.279671253640385,0.193968193982712
24873,0.461859252384948,0.368448751345848,0.0915244367661478,0.0781675595030568
24874,0.127006104704351,0.415277793246716,0.302692790461452,0.155023311587482
24875,0.295081565020498,0.363916502634871,0.194963649361368,0.146038282983263
24876,0.157635141371697,0.420019499697938,0.294966094598978,0.127379264331387
24877,0.197559972969115,0.293576648030163,0.389944109157038,0.118919269843685
24878,0.157667900751908,0.16495062775208,0.471862005100324,0.205519466395687
24879,0.48476078769032,0.16521960698017,0.163649840018331,0.186369765311179
24880,0.275575970193371,0.286652783965293,0.294592671162423,0.143178574678912
24881,0.439575284374611,0.201507898736294,0.166536572599664,0.192380244289432
24882,0.592373294417061,0.197257322313886,0.139581900697507,0.0707874825715465
24883,0.16119477234843,0.276642226089609,0.450363132124751,0.111799869437211
24884,0.361172161090997,0.300220629295491,0.242732809566638,0.0958744000468738
24885,0.24641001896486,0.387806414022633,0.201857283704124,0.163926283308383
24886,0.0965383340724173,0.185305908543536,0.547560229573834,0.170595527810212
24887,0.269520921479737,0.527777501156147,0.12867046383093,0.0740311135331854
24888,0.228244333722453,0.394420182187695,0.192356930239821,0.184978553850031
24889,0.152381233686371,0.308095585701789,0.441934595396422,0.0975885852154175
24890,0.145027297758847,0.171470574193971,0.242240317672252,0.44126181037493
24891,0.304090872008137,0.124189086253983,0.0588333955112003,0.51288664622668
24892,0.323151981414702,0.0659558819347754,0.132707903392696,0.478184233257827
24893,0.280370017492912,0.163062642548546,0.118629448358279,0.437937891600263
24894,0.0920373916648559,0.45057511851135,0.120644917689546,0.336742572134248
24895,0.0225904785259595,0.0400008971488142,0.345660489805987,0.591748134519239
24896,0.0240993480858615,0.200769307192735,0.161623123965112,0.613508220756292
24897,0.145633853697804,0.0452876536411363,0.637464448940181,0.171614043720879
24898,0.230351371363581,0.0846497119035193,0.227078065649314,0.457920851083586
24899,0.0136776739964182,0.235908047945379,0.529640258665735,0.220774019392467
24900,0.0524317655464732,0.088364782852477,0.253766600548125,0.605436851052925
24901,0.208000764730299,0.0293123766585229,0.27919388843363,0.483492970177548
24902,0.351177071182959,0.0457082896587233,0.113643613335942,0.489471025822375
24903,0.207150869333167,0.0560198130116736,0.0879244800280435,0.648904837627116
24904,0.0348031024816171,0.261524873412786,0.0169025167416859,0.686769507363911
24905,0.0548794952599996,0.0477496542383268,0.750375859535893,0.146994990965781
24906,0.147621006762951,0.0257236197188533,0.297594941299331,0.529060432218865
24907,0.163772726931324,0.0456049831853599,0.0228638010993948,0.767758488783921
24908,0.0229967579343498,0.267218246775452,0.481244117192569,0.228540878097629
24909,0.0438621102066516,0.389269114259483,0.0945882231508925,0.472280552382973
24910,0.193900753507866,0.273028756004092,0.384744392703112,0.148326097784931
24911,0.185339776651299,0.65729906566386,0.0693049474149727,0.0880562102698677
24912,0.0692915317260123,0.269656705439971,0.391411808162786,0.269639954671232
24913,0.0895592196556574,0.659112675709781,0.0945982147808624,0.1567298898537
24914,0.368342267823539,0.155385529694985,0.289046767116169,0.187225435365307
24915,0.0442928470224921,0.420128510359398,0.314557590391077,0.221021052227033
24916,0.575646484339856,0.142118190054468,0.111187965636108,0.171047359969568
24917,0.139450158139939,0.0790311350949755,0.446799126444085,0.334719580321001
24918,0.173886185689381,0.0766447453492567,0.26179387667628,0.487675192285083
24919,0.0707485097195586,0.340055917898526,0.405699764585002,0.183495807796914
24920,0.0453096604229159,0.436170800620466,0.45683854976471,0.0616809891919084
24921,0.665847219874367,0.182524670459727,0.0628908272056997,0.0887372824602058
24922,0.562116813758273,0.124341758593839,0.0826213302085208,0.230920097439367
24923,0.153852089966197,0.137805450320634,0.595593115256853,0.112749344456317
24924,0.152151740234936,0.208109775187961,0.420538884633679,0.219199599943424
24925,0.176972086910217,0.681070221924218,0.0774162182472512,0.0645414729183138
24926,0.242159865135276,0.102929494875262,0.52283546616961,0.132075173819852
24927,0.156846257079504,0.440769217902595,0.0832777724335393,0.319106752584362
24928,0.0736049585242177,0.289210847145933,0.358431036047238,0.278753158282612
24929,0.259872228033264,0.320671186205957,0.299159350158912,0.120297235601866
24930,0.377971184288081,0.343696744712196,0.201815285075596,0.0765167859241263
24931,0.27761108214239,0.254411196151587,0.319680134020065,0.148297587685958
24932,0.127247216988344,0.31380529752621,0.448393501644741,0.110553983840705
24933,0.292104540747868,0.463001251852771,0.122179663809272,0.122714543590088
24934,0.454263065681006,0.227279411216064,0.144928006754543,0.173529516348387
24935,0.186567540012387,0.387194592206143,0.275260183993244,0.150977683788227
24936,0.354928660739269,0.228123671781797,0.280480161790206,0.136467505688727
24937,0.14604485495974,0.551394621441826,0.252115231486579,0.0504452921118556
24938,0.501075498677378,0.176646900198837,0.221420202610374,0.100857398513412
24939,0.196436455291308,0.255643593212501,0.462533559870295,0.0853863916258975
24940,0.370953876298882,0.340760542713236,0.153798486593785,0.134487094394097
24941,0.247753400464978,0.377115510366278,0.211701795851598,0.163429293317146
24942,0.506417533785049,0.134743937395593,0.271187977324399,0.0876505514949588
24943,0.309191398943841,0.155883888307232,0.203664116697508,0.331260596051419
24944,0.499890252236714,0.306861539679127,0.110862572252744,0.0823856358314151
24945,0.123249957740992,0.128893192559927,0.411992333640248,0.335864516058834
24946,0.0994254966063708,0.389259218027544,0.135833701604193,0.375481583761892
24947,0.376659472448951,0.212986199495782,0.200819590822418,0.209534737232849
24948,0.38599998603936,0.274310109452246,0.266855990136172,0.0728339143722226
24949,0.327992269323287,0.358794317097446,0.250513213992858,0.0627001995864091
24950,0.121171321536449,0.387962359787896,0.335401632142546,0.155464686533109
24951,0.146200643567375,0.507640833556545,0.19028750600278,0.155871016873301
24952,0.403536272118994,0.287581838303251,0.180838287033717,0.128043602544039
24953,0.270124546115663,0.216242112054446,0.374703456940974,0.138929884888917
24954,0.145920720775875,0.533672420447203,0.221289774475263,0.0991170843016589
24955,0.43810424026152,0.325109172461923,0.104706335740996,0.132080251535562
24956,0.173810166985974,0.362497299196188,0.312201417591349,0.15149111622649
24957,0.205220713548493,0.50956969566152,0.126099755257137,0.159109835532851
24958,0.126642883040437,0.56931350158837,0.235338743057802,0.0687048723133918
24959,0.136199951727379,0.377628980705058,0.255561781210113,0.23060928635745
24960,0.244268326498317,0.274320982135803,0.167476752924183,0.313933938441697
24961,0.312495222545775,0.316308885427031,0.271839532400959,0.0993563596262352
24962,0.056450460061564,0.538085789675322,0.188429484614421,0.217034265648694
24963,0.116453874329138,0.468105994600935,0.142990551144421,0.272449579925506
24964,0.128601413951674,0.315650265239164,0.312223183496301,0.243525137312861
24965,0.206135359949473,0.573583357320626,0.132786098102194,0.0874951846277061
24966,0.193191240939559,0.368176182616819,0.336379555269936,0.102253021173687
24967,0.360495831001611,0.0748610847094861,0.409754913648371,0.154888170640531
24968,0.178702356590966,0.431971909970161,0.18703935627083,0.202286377168043
24969,0.22211663928241,0.499774037593022,0.0544692869115176,0.223640036213051
24970,0.392382437302322,0.23657690223935,0.123865078392123,0.247175582066205
24971,0.264061804404964,0.504594491245272,0.0749516223587867,0.156392081990977
24972,0.0768949125507952,0.445266244005851,0.126856374103294,0.350982469340059
24973,0.137390915862797,0.678930287730777,0.106241637571918,0.0774371588345082
24974,0.216337015087489,0.310268759489592,0.266459178112764,0.206935047310154
24975,0.14516014509736,0.417992869075167,0.229695272637733,0.20715171318974
24976,0.237148769554863,0.0989305357454899,0.544208413701257,0.119712280998391
24977,0.434815496910176,0.210969927203682,0.092638901867749,0.261575674018393
24978,0.197315734787122,0.388145700836982,0.166597375271962,0.247941189103934
24979,0.323286243839117,0.347133680598227,0.177898471693469,0.151681603869186
24980,0.0744098110416555,0.336323284992907,0.38794733528442,0.201319568681018
24981,0.147430592886427,0.0847836908798095,0.347509179549765,0.420276536683998
24982,0.173385054403776,0.410978162837441,0.209538624141482,0.206098158617301
24983,0.730339409648284,0.132729657127875,0.0284174888908458,0.108513444332995
24984,0.0556549925050937,0.472405482855694,0.168101724239494,0.303837800399719
24985,0.084229527856504,0.37450005338436,0.304503813394019,0.236766605365117
24986,0.362183851721555,0.150231202392827,0.261022676672081,0.226562269213538
24987,0.0637960757664022,0.543458489897323,0.331541919483115,0.0612035148531591
24988,0.265788583085819,0.20950970853993,0.242508587858652,0.282193120515599
24989,0.257086854572141,0.333439144170346,0.332925219213513,0.076548782044
24990,0.073566180281858,0.635869732929405,0.159471539054857,0.131092547733881
24991,0.3569862921765,0.0465306343026887,0.453556723176304,0.142926350344507
24992,0.172262644794219,0.262319473710594,0.496262102503241,0.0691557789919461
24993,0.593383066223346,0.143425610063658,0.154800461700102,0.108390862012894
24994,0.535031592219222,0.162557149310265,0.133191638200158,0.169219620270355
24995,0.528579781043375,0.200907146186195,0.153505722314554,0.117007350455876
24996,0.243076822784633,0.263465462244651,0.139116514983108,0.354341199987608
24997,0.320321935720435,0.411909642364527,0.0939577975323693,0.173810624382669
24998,0.202918482095195,0.0793535119258619,0.457239019624686,0.260488986354257
24999,0.193402239090925,0.514990616848285,0.0601110295636267,0.231496114497164
25000,0.130196861189895,0.187614988719058,0.379939646306677,0.302248503784371
25001,0.19041068474085,0.570605505024059,0.104782923396484,0.134200886838608
25002,0.170893309871156,0.0984122757361284,0.547881185654406,0.18281322873831
25003,0.201403021683932,0.153123348429272,0.32377766509303,0.321695964793765
25004,0.0390737270217593,0.10426999664071,0.698445667424257,0.158210608913275
25005,0.217047155704994,0.370378603056636,0.281029002048219,0.131545239190152
25006,0.442796969193356,0.220206481983116,0.21273816815021,0.124258380673318
25007,0.32596054174366,0.396947338501099,0.0834077351948905,0.193684384560351
25008,0.158318874406063,0.0933332636823187,0.579215839663207,0.169132022248412
25009,0.429437785878204,0.0508702578494578,0.306752659960245,0.212939296312093
25010,0.33674791840316,0.0407986074540033,0.425589816978214,0.196863657164623
25011,0.127987766486131,0.707646957859961,0.0839862171963345,0.0803790584575739
25012,0.0618908216479823,0.369531965452316,0.188534872492931,0.38004234040677
25013,0.332401151880081,0.0443766049563893,0.293121845205021,0.330100397958509
25014,0.110097423961011,0.221382995801857,0.58126867062511,0.0872509096120223
25015,0.315020792754365,0.233815581654861,0.201075076653386,0.250088548937387
25016,0.148095485087153,0.35657920754765,0.0639193532191066,0.43140595414609
25017,0.0709129344368239,0.247703494684203,0.588454521750058,0.0929290491289158
25018,0.609462375829082,0.193347060681044,0.0819366826868556,0.115253880803019
25019,0.167858163555133,0.604286437669465,0.0993671848096984,0.128488213965704
25020,0.192918962219908,0.109497736256063,0.0970403751658828,0.600542926358146
25021,0.216540203764757,0.123338589032604,0.269067516723038,0.391053690479602
25022,0.0693000278307,0.269405901522731,0.28168566977028,0.37960840087629
25023,0.12774465968293,0.195215920413097,0.571123115303485,0.105916304600488
25024,0.511806701657202,0.112204339482665,0.200904682043218,0.175084276816916
25025,0.382323156204663,0.189457393301705,0.151317793818574,0.276901656675058
25026,0.333551551062957,0.326557973716744,0.176159909240967,0.163730565979333
25027,0.0618666862456974,0.237483609924472,0.407427214685034,0.293222489144796
25028,0.609867823888942,0.104255455897795,0.17593074449134,0.109945975721923
25029,0.133091557907711,0.137846028448326,0.591334046459771,0.137728367184192
25030,0.119498247549065,0.0590076697100177,0.564685621646302,0.256808461094615
25031,0.104587796624757,0.0515537573870162,0.508743798411515,0.335114647576711
25032,0.0779092831757609,0.0405472559881549,0.709443066751704,0.17210039408438
25033,0.312931177369174,0.121649565364364,0.320081858139744,0.245337399126719
25034,0.130744373372882,0.43008585209449,0.0870920698285755,0.352077704704053
25035,0.240300162351018,0.177270267166581,0.184671421758037,0.397758148724364
25036,0.0576662551699452,0.148874107748586,0.201207820763019,0.592251816318449
25037,0.163421442357188,0.526568971447539,0.0572916633166018,0.252717922878672
25038,0.240120281730318,0.250098517804597,0.122118874285336,0.387662326179749
25039,0.0783787841226686,0.275394778961081,0.339198788028587,0.307027648887663
25040,0.180171223458505,0.343280347862413,0.351325133484033,0.125223295195049
25041,0.199624452924469,0.526885588493516,0.0363811377541674,0.237108820827848
25042,0.100383839992823,0.188323446431109,0.379254328435821,0.332038385140247
25043,0.132608414267557,0.483105641737552,0.129111189315799,0.255174754679093
25044,0.365451076604645,0.0989932907788894,0.364624046014566,0.1709315866019
25045,0.0811185924041856,0.193302736006042,0.590565300760256,0.135013370829516
25046,0.0679165105662953,0.787387533051628,0.0244708050894442,0.120225151292633
25047,0.327865570738723,0.153723270507168,0.346221254309504,0.172189904444604
25048,0.0476745492201068,0.44745533249516,0.215638211216409,0.289231907068325
25049,0.0666270212436354,0.378271095260571,0.507607345603677,0.0474945378921161
25050,0.277126206559614,0.461588237970373,0.0812868840748869,0.179998671395126
25051,0.0997550848740202,0.349115749622632,0.404673183462226,0.146455982041123
25052,0.100962043471252,0.565255629051888,0.0913091553511903,0.24247317212567
25053,0.147528091670301,0.171112095514971,0.226333247175105,0.455026565639624
25054,0.0285879163364499,0.643046085889768,0.173055069034452,0.155310928739331
25055,0.0798351171449477,0.669088692611301,0.0719708871403785,0.179105303103373
25056,0.157842516830543,0.0645617934846096,0.208084365092496,0.569511324592352
25057,0.197550577356113,0.606615065153496,0.0818988105790936,0.113935546911297
25058,0.530830589798335,0.1928610237477,0.109147283748736,0.167161102705229
25059,0.349629033775853,0.0398796338120022,0.213970462826119,0.396520869586027
25060,0.119811544405145,0.331889861669266,0.291508621191654,0.256789972733935
25061,0.0473408610697368,0.449681200662509,0.195407195807578,0.307570742460176
25062,0.224105836050944,0.428138705217038,0.046182640842488,0.30157281788953
25063,0.0305244617421219,0.346115325717336,0.219410193820677,0.403950018719865
25064,0.252102047636652,0.399793299476548,0.035335014970948,0.312769637915852
25065,0.159731485496874,0.482463960661289,0.0732170542944702,0.284587499547366
25066,0.263503079232143,0.0411242538977545,0.166757566370815,0.528615100499288
25067,0.0935427387374111,0.0274139798868975,0.255118813432708,0.623924467942983
25068,0.0534289507069051,0.161699752505137,0.30714362868732,0.477727668100638
25069,0.0364580218783763,0.357146885564556,0.339713098904705,0.266681993652362
25070,0.059866006520287,0.0919437121179591,0.0836356737656498,0.764554607596104
25071,0.125716668028766,0.552414954103362,0.0477700026631503,0.274098375204723
25072,0.0681413470440669,0.72380162801268,0.036246165909837,0.171810859033416
25073,0.0775017667760141,0.42594203350843,0.0150873649616473,0.481468834753908
25074,0.102208909327909,0.585366101456711,0.0750916568652393,0.23733333235014
25075,0.163633403397581,0.0273854375893363,0.358828637778541,0.450152521234542
25076,0.0287971659967427,0.0574864272125393,0.221473316340196,0.692243090450522
25077,0.0224710621688739,0.120521777398822,0.477770713931467,0.379236446500837
25078,0.495160055966965,0.0338090768241015,0.1840207462315,0.287010120977434
25079,0.104880391888425,0.0322777645463532,0.340297974592144,0.522543868973078
25080,0.576245924173212,0.0497654444157762,0.035213765830969,0.338774865580043
25081,0.422698388445506,0.107934828057131,0.262092104259515,0.207274679237849
25082,0.113651270796416,0.397145506914787,0.284094589954175,0.205108632334623
25083,0.118748757075589,0.351423037612258,0.245035162962435,0.284793042349719
25084,0.412812418867442,0.147672442688167,0.3433448242522,0.0961703141921918
25085,0.252194633242629,0.426522793661983,0.226143143936428,0.0951394291589603
25086,0.617726014208848,0.0936015627489744,0.17674921287631,0.111923210165868
25087,0.113687178127053,0.427918098099546,0.33787793094497,0.120516792828432
25088,0.481555602664703,0.172833422601938,0.252067496474795,0.0935434782585635
25089,0.127370236763758,0.087946148168259,0.598469647030573,0.186213968037411
25090,0.478140316476213,0.212441716221449,0.187924449582247,0.121493517720091
25091,0.32607885754128,0.118650286943846,0.267141890016308,0.288128965498566
25092,0.165040121482121,0.167465070013272,0.0813911617599355,0.586103646744672
25093,0.456770520910536,0.092266053313433,0.17568494830314,0.275278477472891
25094,0.0814568129739562,0.12967740833491,0.710854907578937,0.0780108711121969
25095,0.0862649744205555,0.478601546779702,0.313054194977344,0.122079283822399
25096,0.060190486668168,0.171209707252558,0.121083715294175,0.647516090785099
25097,0.0725715649999811,0.151035356047843,0.604917938683848,0.171475140268329
25098,0.254742451403321,0.131382551006904,0.185742917342299,0.428132080247475
25099,0.0541594345752419,0.300325878279345,0.476512401104318,0.169002286041096
25100,0.171052323301318,0.30278859120925,0.442591109136988,0.083567976352445
25101,0.417961460911269,0.15171565590268,0.33090445484206,0.0994184283439907
25102,0.311180195651493,0.312388229284272,0.194859027337723,0.181572547726512
25103,0.273040580968776,0.433769452555912,0.206793059648171,0.0863969068271401
25104,0.105069037023052,0.374163254812165,0.458148243500791,0.0626194646639922
25105,0.175224072452827,0.304617660069689,0.403667140759167,0.116491126718317
25106,0.304813076471118,0.321807274846239,0.290365141981059,0.0830145067015852
25107,0.155592027629955,0.434612091438812,0.196894351634897,0.212901529296336
25108,0.187901934386652,0.482999397706875,0.242700418831822,0.086398249074652
25109,0.304306876978783,0.402269739345318,0.182576025911575,0.110847357764325
25110,0.193109372020177,0.181862264307854,0.222031094918792,0.402997268753178
25111,0.215827596720167,0.193543711152619,0.256246709336262,0.334381982790953
25112,0.15462860076217,0.250510973466261,0.404263604409064,0.190596821362506
25113,0.447135870502632,0.287264942259904,0.168159755118419,0.0974394321190444
25114,0.230615727347161,0.253670356449754,0.364631055311921,0.151082860891164
25115,0.138127240232843,0.292505104479608,0.362374949177748,0.206992706109801
25116,0.291181938620022,0.383364235026197,0.185652061450401,0.13980176490338
25117,0.604102885359696,0.259084685684979,0.0857409243616284,0.051071504593697
25118,0.414103309540187,0.209594571862581,0.230995182723909,0.145306935873322
25119,0.0874845952035736,0.316406426848039,0.391672745160202,0.204436232788186
25120,0.32996084052088,0.251947758324283,0.0567722026668299,0.361319198488007
25121,0.459597420350548,0.107064151373745,0.187548846402698,0.245789581873009
25122,0.467119471172257,0.232856079459173,0.16111026559842,0.13891418377015
25123,0.472612153722043,0.0681093095595397,0.378933614869769,0.0803449218486483
25124,0.124244203348327,0.127445196537519,0.580206838932187,0.168103761181968
25125,0.755640034415116,0.127759986577004,0.0430753983020628,0.0735245807058171
25126,0.0506889254342727,0.458404490373279,0.23645343046285,0.254453153729598
25127,0.249141302103453,0.135632032302358,0.146202854834076,0.469023810760113
25128,0.222550325742794,0.0812422797373643,0.112795106731217,0.583412287788625
25129,0.325185644057384,0.185934956677174,0.438499117099344,0.050380282166098
25130,0.15760965798594,0.150300329036033,0.0986758065349714,0.593414206443056
25131,0.186961057463662,0.367115966478206,0.0249802257253158,0.420942750332816
25132,0.445548788856702,0.203437301644854,0.102598285513086,0.248415623985359
25133,0.735175740825689,0.0526539759291507,0.119629875195227,0.0925404080499335
25134,0.236249983655048,0.265569757201232,0.0508084240656019,0.447371835078118
25135,0.0314124288200394,0.581926810159034,0.035000442802457,0.351660318218469
25136,0.214680473860032,0.268217670247745,0.329317971419576,0.187783884472647
25137,0.0741750528101961,0.549228367828781,0.0759103554082132,0.300686223952809
25138,0.112204522700982,0.461708119848732,0.131226322925436,0.29486103452485
25139,0.143542815950773,0.372581288583271,0.159824343114076,0.32405155235188
25140,0.0533082840529148,0.0709616531642934,0.540726477660025,0.335003585122766
25141,0.294955485907474,0.343851643040483,0.15871837046963,0.202474500582413
25142,0.251178478945726,0.308297178555312,0.0451255049337138,0.395398837565248
25143,0.0722703358627129,0.165917390024835,0.111371462672971,0.650440811439481
25144,0.108468952010998,0.316265283725035,0.050200846361022,0.525064917902945
25145,0.412124298620965,0.108273725594276,0.0586710061198254,0.420930969664934
25146,0.190412618589988,0.596481142218869,0.0380035632745034,0.175102675916639
25147,0.138229171217397,0.0962551137352753,0.391651836681756,0.373863878365572
25148,0.285763208761179,0.291452653253866,0.0316751092689106,0.391109028716045
25149,0.0795325089205196,0.707245689707106,0.0953500943387437,0.11787170703363
25150,0.0878247012394015,0.056578142713208,0.483412683959319,0.372184472088071
25151,0.0204239404089137,0.446399852111101,0.0869272486500328,0.446248958829952
25152,0.440486419361516,0.0427886521531034,0.0396016212264909,0.47712330725889
25153,0.378544888320671,0.508959357889463,0.0424663054083154,0.0700294483815514
25154,0.163373595116931,0.0731118694755347,0.411433814877491,0.352080720530044
25155,0.0425486959302588,0.569038778244335,0.018729143753162,0.369683382072244
25156,0.0934605618379315,0.755680673838756,0.0461976878225092,0.104661076500803
25157,0.18644343107142,0.51822981077698,0.146899453721719,0.148427304429881
25158,0.460617232549604,0.376162317504259,0.0785275152539742,0.0846929346921637
25159,0.142701306253591,0.409848764044589,0.172894696114316,0.274555233587504
25160,0.269235153726986,0.298606354754226,0.292438043723103,0.139720447795684
25161,0.383674047789714,0.0884898173149252,0.250792347753855,0.277043787141506
25162,0.360838289583453,0.14314378615294,0.0837207210191703,0.412297203244438
25163,0.0930993647620553,0.10692481444538,0.670280937642612,0.129694883149952
25164,0.473554266565501,0.393758156794204,0.0475927447078744,0.0850948319324209
25165,0.137319541334303,0.152809620270265,0.173511303391176,0.536359535004257
25166,0.201852416637656,0.161766892343249,0.296275377182175,0.34010531383692
25167,0.304227224234104,0.459631621695065,0.0708349330384625,0.165306221032368
25168,0.267599513698947,0.355491033514953,0.0389797578391041,0.337929694946996
25169,0.231897625506226,0.244339718965481,0.0598215996307691,0.463941055897524
25170,0.475570871754669,0.351452945276951,0.0484725390887256,0.124503643879655
25171,0.510271464034118,0.147515212253863,0.17251536979658,0.16969795391544
25172,0.151133240992202,0.393132113133473,0.198506094248869,0.257228551625457
25173,0.28154386389296,0.0578306472364946,0.247164662750008,0.413460826120538
25174,0.384634171134027,0.065437667159402,0.228701241934398,0.321226919772174
25175,0.622876261210291,0.0922486454363825,0.0440517705524714,0.240823322800855
25176,0.144591510552833,0.230534335756345,0.474232044234736,0.150642109456086
25177,0.217389888619185,0.245357005840083,0.305704971726753,0.23154813381398
25178,0.255931667116695,0.250553565223411,0.359550984312938,0.133963783346956
25179,0.624000795560581,0.125165895513892,0.200937123572838,0.0498961853526891
25180,0.436444877269837,0.0665605554083354,0.342639738697168,0.154354828624659
25181,0.102274462338643,0.0876244930225557,0.730513158600426,0.0795878860383756
25182,0.25475159146223,0.267092610821685,0.192478209489973,0.285677588226112
25183,0.355860956991124,0.276646303795026,0.21556021803981,0.151932521174041
25184,0.189723698677082,0.219063043985911,0.392342139104182,0.198871118232825
25185,0.308970094661046,0.192296422601696,0.281986488144206,0.216746994593052
25186,0.23755124758962,0.5855974584982,0.0532761111011991,0.123575182810981
25187,0.249191759316175,0.291955422364806,0.147303844645604,0.311548973673415
25188,0.148296384676757,0.120130385548692,0.538347025454311,0.193226204320241
25189,0.364638732130846,0.176934795443327,0.215648850602871,0.242777621822956
25190,0.370033145644182,0.370238168498541,0.0367986594548989,0.222930026402378
25191,0.0762000249364407,0.533423531096065,0.192139591217891,0.198236852749604
25192,0.155260259789428,0.334203631531055,0.236694962561535,0.273841146117982
25193,0.385051734676097,0.310318959643853,0.0938432028383504,0.210786102841699
25194,0.225455431783075,0.370311532330863,0.237736245838776,0.166496790047286
25195,0.123427489076203,0.154033614975494,0.440179429713266,0.282359466235037
25196,0.0530956695665585,0.396134909514833,0.170798198557558,0.37997122236105
25197,0.0667565366146373,0.614619147324294,0.0993167559928221,0.219307560068247
25198,0.16706617846642,0.425859549824381,0.0624725840947444,0.344601687614455
25199,0.294249434495604,0.0960745840593495,0.405009974406045,0.204666007039002
25200,0.0873759798460103,0.465621573851989,0.0668118366830387,0.380190609618962
25201,0.179168486303312,0.0861006051307749,0.27397170614557,0.460759202420343
25202,0.266580196792424,0.102017050126194,0.318607899196025,0.312794853885357
25203,0.401767680357989,0.370731090723262,0.113351800037063,0.114149428881687
25204,0.0654610363403226,0.0783054236451537,0.527854276027104,0.328379263987419
25205,0.109136006393027,0.200002065128685,0.193939801054935,0.496922127423354
25206,0.134090534858299,0.3461918100156,0.238346782152053,0.281370872974048
25207,0.0639092135756832,0.112195641376578,0.193095888519148,0.630799256528591
25208,0.330183818335526,0.167966783489202,0.245413503038612,0.25643589513666
25209,0.144757760132586,0.0329732088064133,0.443272615633015,0.378996415427986
25210,0.160845289507923,0.120567041589397,0.546724512596324,0.171863156306356
25211,0.0463280656387134,0.233858684226909,0.457030996430847,0.26278225370353
25212,0.393926202844076,0.155261790473951,0.120016355425601,0.330795651256372
25213,0.103368492519045,0.113543030160692,0.488072326816767,0.295016150503496
25214,0.18360793201307,0.220646972377658,0.370279730546384,0.225465365062888
25215,0.376458830224388,0.29548682486127,0.170590445137149,0.157463899777193
25216,0.339102065451374,0.373693654933531,0.118266164504192,0.168938115110904
25217,0.446606214648563,0.343828646744209,0.117023562635874,0.0925415759713536
25218,0.348133593899688,0.365744563839403,0.0694144151180161,0.216707427142893
25219,0.263858030710944,0.449076247272922,0.0497568021362847,0.237308919879849
25220,0.203858802413925,0.147497838590618,0.387384311157826,0.26125904783763
25221,0.119799599863617,0.627137028488333,0.100097405846751,0.152965965801299
25222,0.151148775952825,0.292103455188354,0.437626308642438,0.119121460216383
25223,0.183601649092167,0.346237914799091,0.132684766469667,0.337475669639075
25224,0.077984129617421,0.653488645398729,0.092860846185832,0.175666378798018
25225,0.3875015635542,0.0776799433745026,0.221627288166038,0.313191204905259
25226,0.639732662817892,0.127106111458791,0.155851229690252,0.0773099960330644
25227,0.0768042704197623,0.665474138793786,0.114665024431401,0.143056566355051
25228,0.0915865861874692,0.112119209060572,0.515954630538773,0.280339574213185
25229,0.0734480811096457,0.139018208396711,0.497226872564026,0.290306837929617
25230,0.10514364259575,0.153817038450948,0.592664223363481,0.148375095589821
25231,0.0544819848392585,0.472547347232486,0.205883447649051,0.267087220279205
25232,0.248900536107175,0.370560615267092,0.0688412669603121,0.311697581665421
25233,0.272175986804577,0.375852142060391,0.260882178530562,0.0910896926044707
25234,0.177103643752436,0.372276229137501,0.378095530752617,0.0725245963574466
25235,0.485277459000396,0.177940639013563,0.254989381139993,0.0817925208460482
25236,0.330975382419315,0.314732362641883,0.262474903326823,0.0918173516119795
25237,0.222699593457773,0.488270425517856,0.219950740243576,0.0690792407807943
25238,0.270112586596307,0.227967589946306,0.374099229145753,0.127820594311634
25239,0.29152211508956,0.434977048242051,0.166212276286539,0.10728856038185
25240,0.194252188820435,0.215256953830953,0.513387828473591,0.0771030288750207
25241,0.543880802152058,0.247102649634992,0.165099929301863,0.043916618911087
25242,0.182464204970864,0.323167439040334,0.378104925968822,0.11626343001998
25243,0.227693479118193,0.384373948020797,0.295361197190321,0.0925713756706901
25244,0.23867807245843,0.449579441902202,0.208315765971473,0.103426719667895
25245,0.189462404136971,0.264736158344923,0.487009507470272,0.0587919300478335
25246,0.285763898784923,0.379137375539253,0.264963121160418,0.0701356045154065
25247,0.190607416319202,0.302203968671113,0.346305974757354,0.160882640252332
25248,0.208717792812783,0.338663825154351,0.230470922326803,0.222147459706063
25249,0.172193818510778,0.525367467409841,0.255341938864043,0.0470967752153376
25250,0.238443279463264,0.338090154490605,0.297582481304892,0.125884084741239
25251,0.200015370496254,0.306021868717281,0.298751401070177,0.195211359716289
25252,0.625500589317863,0.116088650054439,0.126716056074379,0.13169470455332
25253,0.228536909347808,0.362746386939395,0.116534382418463,0.292182321294334
25254,0.311896064032287,0.238852412066623,0.0569391442808135,0.392312379620276
25255,0.490473017393456,0.222017336831942,0.04613689236212,0.241372753412482
25256,0.103342983874908,0.750570475185596,0.0785407124119598,0.0675458285275366
25257,0.15234418893529,0.19846561386205,0.440353620240435,0.208836576962225
25258,0.396807001846053,0.136413916764581,0.0954608604569015,0.371318220932465
25259,0.186449996300789,0.473305333782248,0.151865524660084,0.188379145256879
25260,0.0464222183230921,0.516968955016591,0.164097199073135,0.272511627587182
25261,0.547162710718907,0.165532757197491,0.177860755055015,0.109443777028588
25262,0.212412001798933,0.322945133079249,0.0629983903433246,0.401644474778494
25263,0.380588265563862,0.140284671360061,0.22964342814245,0.249483634933626
25264,0.0910120948124798,0.103294965660083,0.227750252635723,0.577942686891714
25265,0.660942806470534,0.213849595906463,0.0396768956550801,0.0855307019679234
25266,0.0933820269692172,0.562517468025323,0.200059502893187,0.144041002112273
25267,0.0887435734613118,0.182179373476355,0.454288923608028,0.274788129454306
25268,0.131966833369894,0.23822227387877,0.539626530041955,0.0901843627093816
25269,0.109690794686602,0.129437550932235,0.0772416278787873,0.683630026502376
25270,0.420712233971479,0.142980873452171,0.133621493861873,0.302685398714477
25271,0.0478996973900068,0.204384661275274,0.632618434161903,0.115097207172817
25272,0.140162938171247,0.28596455056905,0.261771790701636,0.312100720558066
25273,0.236234456145412,0.220771327075972,0.249448964252392,0.293545252526225
25274,0.262142885414853,0.185828012865163,0.280131643314436,0.271897458405547
25275,0.428940279803217,0.364078287913379,0.107611518589707,0.0993699136936965
25276,0.243458266902264,0.433919835015056,0.170890337445892,0.151731560636788
25277,0.101543933668424,0.0606798745317351,0.562939013772971,0.27483717802687
25278,0.376547426097107,0.352640082036795,0.0910464272587361,0.179766064607362
25279,0.488555728783164,0.102095668876926,0.0288370515642412,0.380511550775669
25280,0.114788794388013,0.0985257579552581,0.702060749693991,0.0846246979627379
25281,0.236396455252508,0.0580495956447453,0.596633276247831,0.108920672854915
25282,0.562329302494829,0.0581658254491999,0.112754086905821,0.266750785150151
25283,0.18801542168363,0.066664869106125,0.352078138265381,0.393241570944863
25284,0.163082699192719,0.576592545323724,0.101333801500248,0.158990953983309
25285,0.443152990858347,0.15433187883052,0.143456139592478,0.259058990718655
25286,0.521542452861922,0.133055632899896,0.113604108845139,0.231797805393043
25287,0.104775521201029,0.634463992906643,0.159650766408314,0.101109719484014
25288,0.0625831957270608,0.0495176796007342,0.217099215472131,0.670799909200074
25289,0.0363089520066958,0.397523415441145,0.19876247986849,0.367405152683669
25290,0.197193616084275,0.403586682739997,0.0760869184343829,0.323132782741345
25291,0.437425544159701,0.138344809818073,0.0653682374129714,0.358861408609255
25292,0.124568041064028,0.0467445244095922,0.254499948974596,0.574187485551784
25293,0.0425035218729559,0.347960581228482,0.160346620322199,0.449189276576364
25294,0.102016791411342,0.450196222895345,0.0360059486896662,0.411781037003647
25295,0.0570364385212742,0.0745464533992434,0.326423020970309,0.541994087109173
25296,0.0756481935501739,0.744519446253637,0.0320946034655263,0.147737756730663
25297,0.0295446266928416,0.600125522627099,0.0833495607293332,0.286980289950726
25298,0.716118936747858,0.0547690449185157,0.0216082711808963,0.20750374715273
25299,0.548531087851828,0.0773056812902624,0.215615602156679,0.158547628701232
25300,0.238030085963274,0.457351936465884,0.0307018541247087,0.273916123446134
25301,0.426210772552592,0.0331186206085889,0.0921510520114737,0.448519554827345
25302,0.503439419087324,0.0402005796616703,0.0781463772995979,0.378213623951408
25303,0.0402567308738622,0.627528706179612,0.120927213859789,0.211287349086737
25304,0.0195398784955515,0.0642942628686731,0.592692152273776,0.323473706362
25305,0.751828137821114,0.0528446593996747,0.0459971167709309,0.14933008600828
25306,0.126649942735958,0.333878890210994,0.0220736915204505,0.517397475532598
25307,0.0331441746322577,0.206181338821315,0.0530382100913863,0.707636276455041
25308,0.0972873422918487,0.685698918091381,0.0255414173621674,0.191472322254603
25309,0.193288358023491,0.24184591590294,0.303150678733295,0.261715047340274
25310,0.335850178699849,0.402058822000656,0.0830992143501896,0.178991784949306
25311,0.387576542515642,0.291199334931764,0.209499773087521,0.111724349465072
25312,0.223917979910178,0.160717684430394,0.51328487741186,0.102079458247568
25313,0.285891769451834,0.212323036338811,0.282399611750904,0.219385582458451
25314,0.396662780829787,0.207846371499198,0.0876543261856523,0.307836521485363
25315,0.475434702898932,0.238069161674169,0.188251269352316,0.0982448660745821
25316,0.2848372823454,0.216711326811474,0.183103816397955,0.315347574445171
25317,0.261015334769822,0.247325096978025,0.278725375102199,0.212934193149954
25318,0.436083703177421,0.218328850546452,0.184624513223061,0.160962933053066
25319,0.278828085575616,0.509999027728561,0.0863323884164236,0.1248404982794
25320,0.145054031773815,0.158346895553647,0.434844068831206,0.261755003841332
25321,0.101577403967599,0.223155247733275,0.45935669191568,0.215910656383446
25322,0.300321598601013,0.175638477328267,0.401430448986866,0.122609475083854
25323,0.4204132837273,0.115625152757398,0.28320612390233,0.180755439612972
25324,0.229199828621546,0.393559178289144,0.12646667124307,0.25077432184624
25325,0.23683957835477,0.429543301261675,0.0675601931476624,0.266056927235893
25326,0.130059323355004,0.0968474732419869,0.334840127875281,0.438253075527729
25327,0.11735513250115,0.389639578562742,0.147158482951021,0.345846805985088
25328,0.132482264432424,0.0475961868253497,0.611226943601359,0.208694605140868
25329,0.340480916126948,0.0363599920089428,0.121766077693255,0.501393014170855
25330,0.0379707593259403,0.201784849347358,0.413664730286239,0.346579661040463
25331,0.168020526977141,0.494999259701942,0.022076465538313,0.314903747782605
25332,0.246532078789521,0.183030799928328,0.0269247535116346,0.543512367770517
25333,0.0889134334845394,0.267552782584785,0.0497171180252512,0.593816665905425
25334,0.27653818628905,0.380184748089985,0.0140931091499866,0.329183956470979
25335,0.0242646866045759,0.274043947210379,0.153371118626971,0.548320247558073
25336,0.0325064639124742,0.230943279341238,0.500583333638867,0.23596692310742
25337,0.0381738005905952,0.0210881658414385,0.379268583450329,0.561469450117637
25338,0.0537727820578039,0.0588833092748232,0.559001138472787,0.328342770194586
25339,0.416832845111244,0.0284660422111759,0.280933398928756,0.273767713748824
25340,0.057470430208577,0.686418746290487,0.0463376645377283,0.209773158963207
25341,0.0235548420937995,0.67778960161644,0.0481933900839681,0.250462166205792
25342,0.028677838177858,0.191869663707292,0.530136351681436,0.249316146433414
25343,0.149447916266403,0.453296446948809,0.306872536206214,0.0903831005785742
25344,0.1743575838931,0.0674830271535822,0.41824955939556,0.339909829557759
25345,0.0496284696660565,0.257756157265796,0.307958140702236,0.384657232365912
25346,0.323403498323797,0.0190398848796123,0.185312568486944,0.472244048309646
25347,0.54658680361642,0.21346396429736,0.0887025809312049,0.151246651155015
25348,0.403083777219866,0.148078054667637,0.144247785637678,0.304590382474819
25349,0.106549457838688,0.16926670620879,0.591258523646111,0.132925312306411
25350,0.52605447710009,0.20852843260537,0.0796227937031319,0.185794296591408
25351,0.235316906388795,0.114304970036563,0.352177544231357,0.298200579343285
25352,0.359024084357026,0.0910443780443636,0.0681050974917123,0.481826440106898
25353,0.158705931047271,0.0752173895304796,0.301013146703066,0.465063532719183
25354,0.599892937408206,0.083128276139293,0.213626223588813,0.103352562863688
25355,0.0876529516840418,0.43160685219737,0.0449449250152255,0.435795271103363
25356,0.0687313592591667,0.192085260194332,0.105532797035913,0.633650583510588
25357,0.145488754712728,0.412097082742219,0.304344890724714,0.138069271820339
25358,0.417170056671992,0.156545356139004,0.216713900538159,0.209570686650844
25359,0.445843137646521,0.0647078512575675,0.385936704630774,0.103512306465138
25360,0.091034496512083,0.130124507268692,0.431922454738089,0.346918541481136
25361,0.345683380194286,0.0850120265557038,0.369659766919297,0.199644826330713
25362,0.0565028254898477,0.0596822253501999,0.593972226161126,0.289842722998826
25363,0.0899913608832354,0.130568433515497,0.219254597341732,0.560185608259536
25364,0.0712911318195915,0.0600919951166683,0.607485997248279,0.261130875815461
25365,0.305080167034754,0.0277773990681405,0.0931745592436685,0.573967874653437
25366,0.247936995058833,0.305862500719122,0.279987154490435,0.16621334973161
25367,0.168358589237898,0.356100777498509,0.36645493303137,0.109085700232223
25368,0.298590095700995,0.443172355479052,0.18414896315058,0.0740885856693731
25369,0.272915465697487,0.287517600400461,0.323333174260764,0.116233759641289
25370,0.261282003929671,0.23150091851533,0.372179456545652,0.135037621009346
25371,0.22287604130856,0.501056763352145,0.175966447326881,0.100100748012414
25372,0.472557085130741,0.128819402242748,0.299613045326093,0.0990104673004182
25373,0.196964454509808,0.352904148513159,0.30184594290992,0.148285454067113
25374,0.125941869414471,0.435123195839741,0.340613908257804,0.0983210264879841
25375,0.290289855587243,0.449464167397953,0.131961389187912,0.128284587826892
25376,0.228772179842492,0.205701427643654,0.414486502010004,0.15103989050385
25377,0.172655878744679,0.359000536380638,0.322121519827359,0.146222065047325
25378,0.264297649610028,0.28648604123618,0.331682811899199,0.117533497254593
25379,0.308823202506381,0.374895365185229,0.222753634722484,0.0935277975859058
25380,0.269023492958716,0.352393023843365,0.213872545142862,0.164710938055057
25381,0.180026575887492,0.403335413474075,0.17883236790123,0.237805642737202
25382,0.443870856047052,0.134019734432328,0.255879983620375,0.166229425900245
25383,0.123576647361766,0.538504351929784,0.231111139699483,0.106807861008967
25384,0.192332700665764,0.272700726256168,0.362704858818513,0.172261714259556
25385,0.152958226122559,0.149385968378013,0.547000437826822,0.150655367672606
25386,0.355418469610306,0.254800393521301,0.175703691174179,0.214077445694213
25387,0.385412801386996,0.161734596351198,0.235620038301325,0.217232563960482
25388,0.273461321849888,0.314475337628973,0.290193275296451,0.121870065224688
25389,0.230670424435821,0.278790962377826,0.282483420324132,0.208055192862222
25390,0.212313792235083,0.247858070733927,0.432382935453876,0.107445201577114
25391,0.17577230333692,0.301629028086096,0.308173565340007,0.214425103236977
25392,0.278807062764242,0.156805367563088,0.402587761138007,0.161799808534663
25393,0.116646243344177,0.438719036417052,0.263789335150719,0.180845385088051
25394,0.22165264656053,0.21196145800018,0.490169758206665,0.0762161372326249
25395,0.155525739799237,0.227188398183885,0.338833434235595,0.278452427781283
25396,0.155289573678665,0.482042427781865,0.210231577413791,0.152436421125678
25397,0.15506573976741,0.239166516307207,0.461577638541238,0.144190105384144
25398,0.220134265676818,0.159568674474486,0.357159315803396,0.2631377440453
25399,0.222405908751409,0.25130543140275,0.224923092901263,0.301365566944578
25400,0.108337667234594,0.31763832765101,0.332454969668395,0.241569035446
25401,0.275197171648536,0.225858246068204,0.265272088371565,0.233672493911695
25402,0.340808455978168,0.16035767332453,0.227401260287907,0.271432610409396
25403,0.164813029147263,0.285717199612943,0.353515532889103,0.19595423835069
25404,0.346189515550489,0.25923511135944,0.180093075323198,0.214482297766872
25405,0.445276198083281,0.285399763825631,0.163326224956926,0.105997813134162
25406,0.136079879734173,0.340648689610503,0.248140869004296,0.275130561651028
25407,0.193307125937739,0.104979824183615,0.459033514621781,0.242679535256865
25408,0.238912791252531,0.402475629528154,0.0984916119414108,0.260119967277903
25409,0.185436642303365,0.108765197164786,0.594837559336809,0.11096060119504
25410,0.03016507703198,0.299417869801286,0.49998075416999,0.170436298996745
25411,0.165807696167004,0.184775488109225,0.134444790788149,0.514972024935622
25412,0.590649664219692,0.179771886872981,0.108879539836199,0.120698909071129
25413,0.708880681195938,0.10953835655881,0.107155656711067,0.0744253055341848
25414,0.101071126737637,0.0910532093403472,0.66259513297229,0.145280530949726
25415,0.0630572845179653,0.212696795530203,0.419335510179432,0.3049104097724
25416,0.169954582799944,0.292518801614888,0.314575217479604,0.222951398105565
25417,0.0852340669906225,0.190557602046808,0.635794649031634,0.088413681930936
25418,0.0474761976645286,0.629921123755598,0.0841984819259618,0.238404196653912
25419,0.132464146383131,0.327567874531286,0.472047137665953,0.0679208414196306
25420,0.0875978163981317,0.342208800740963,0.214931169698478,0.355262213162427
25421,0.404528962115062,0.334072026889812,0.199336534965734,0.0620624760293919
25422,0.337159589297852,0.122059263077307,0.0501120598061983,0.490669087818643
25423,0.40243103963568,0.0760764042357173,0.302610577919029,0.218881978209574
25424,0.150435020407038,0.164974927377509,0.486480839135549,0.198109213079904
25425,0.15756322377122,0.0964375650859674,0.517338339981188,0.228660871161625
25426,0.208118286399661,0.540756444420357,0.0510401296009368,0.200085139579045
25427,0.118341712653383,0.243143120297367,0.320233709011884,0.318281458037365
25428,0.0651944188379929,0.0335434246018679,0.578542943225699,0.32271921333444
25429,0.345483218823853,0.0622036013997465,0.286480512511789,0.305832667264612
25430,0.550545283798838,0.069623899028257,0.205069838160548,0.174760979012358
25431,0.05719084338903,0.587670991615218,0.173862761388333,0.181275403607419
25432,0.231021227011687,0.111621584520102,0.254801767244732,0.402555421223478
25433,0.0376485358004326,0.0577642028006204,0.519669138567899,0.384918122831048
25434,0.363920627884705,0.0837388689294296,0.255164321076844,0.297176182109021
25435,0.399043497118376,0.313736590928818,0.0954424549492318,0.191777457003574
25436,0.0859740598668545,0.58921858329039,0.0262018501933795,0.298605506649376
25437,0.437195602512042,0.253263672078109,0.0983084400030329,0.211232285406816
25438,0.196860099988932,0.176341726852645,0.464184834750174,0.162613338408249
25439,0.114247819201053,0.0488751026327177,0.508545095824644,0.328331982341586
25440,0.0493440728457375,0.0427709829609595,0.625876777300742,0.282008166892561
25441,0.35842980524056,0.209754021525715,0.123353513919676,0.308462659314049
25442,0.106000511034337,0.109950451244232,0.623909889558133,0.160139148163299
25443,0.413257773238311,0.20809851562309,0.152929815862191,0.225713895276409
25444,0.0944418869885576,0.298792636931896,0.347991679780608,0.258773796298939
25445,0.189604971816308,0.523093920664287,0.127356139166481,0.159944968352924
25446,0.399756804206054,0.221983994406843,0.102966969993677,0.275292231393427
25447,0.183511050662789,0.401961535463893,0.121263909774335,0.293263504098983
25448,0.3015888288761,0.387321434296429,0.0832223885591348,0.227867348268336
25449,0.106696215056827,0.433399472839009,0.148864521431585,0.311039790672579
25450,0.530666733863377,0.217467384517007,0.147593812560474,0.104272069059141
25451,0.251409152214947,0.517425435838794,0.145735221949483,0.0854301899967759
25452,0.579909379367137,0.211088203113887,0.043354447748974,0.165647969770002
25453,0.102868317541215,0.135011948710806,0.248363626103802,0.513756107644178
25454,0.30373415990308,0.14130584045222,0.368573192945711,0.186386806698989
25455,0.336276688231848,0.179808321914454,0.132917968877283,0.350997020976414
25456,0.162461761658428,0.183267285325905,0.230733522680245,0.423537430335422
25457,0.101413960483032,0.151933329105451,0.541847542640965,0.204805167770551
25458,0.512881369806311,0.171956671242833,0.136287903791973,0.178874055158883
25459,0.725006108962085,0.0729851766949642,0.127368490659366,0.0746402236835847
25460,0.0914712613391579,0.226167693168846,0.555483266473145,0.126877779018851
25461,0.0431725302052134,0.0952534552276379,0.414221815992187,0.447352198574962
25462,0.152283815785375,0.355457987022884,0.0346649431679395,0.457593254023802
25463,0.389121549698376,0.0643176325101488,0.179165680573246,0.367395137218229
25464,0.0238286445577323,0.478206379806769,0.162008255989835,0.335956719645664
25465,0.702117104468214,0.144243507692706,0.0570057170024581,0.0966336708366222
25466,0.0767306723224547,0.131684348634559,0.657971913510051,0.133613065532935
25467,0.158382374730069,0.195588802422248,0.0532785274155635,0.59275029543212
25468,0.0974519246014354,0.368729247986447,0.202998031323163,0.330820796088955
25469,0.137408469809898,0.487125376673702,0.0364409137783435,0.339025239738057
25470,0.100190142952419,0.147590126466716,0.579789185623722,0.172430544957143
25471,0.0310163425695055,0.376683091317235,0.0274203344317196,0.56488023168154
25472,0.124682833297529,0.139020007904656,0.144593008130515,0.5917041506673
25473,0.338870418899149,0.0993386642675893,0.225228216377489,0.336562700455773
25474,0.131974618068144,0.504518714703804,0.0267616932866013,0.336744973941451
25475,0.074349652401927,0.537599947788978,0.082384694063508,0.305665705745587
25476,0.201368024451675,0.32188259195559,0.0183990190235482,0.458350364569187
25477,0.100128856178058,0.0960164322795616,0.279173330638747,0.524681380903634
25478,0.0525406738288237,0.260541485998536,0.0233917834882375,0.663526056684403
25479,0.0219840742272865,0.0201466892529027,0.802537530527403,0.155331705992408
25480,0.25962998743125,0.132545057953713,0.29130150027565,0.316523454339387
25481,0.195390907858102,0.559940625321259,0.0853967975241891,0.15927166929645
25482,0.29645762962699,0.236992149033067,0.324144396776469,0.142405824563474
25483,0.201887964449256,0.364252904104661,0.317799701703425,0.116059429742658
25484,0.232895835800533,0.096511651794381,0.264412228641663,0.406180283763423
25485,0.487672370874853,0.227574961748114,0.14012905456302,0.144623612814013
25486,0.182143460401313,0.204306610663968,0.400021849687371,0.213528079247348
25487,0.226443523202352,0.177808393488548,0.129085329122747,0.466662754186353
25488,0.268834472681032,0.129943286455308,0.167923701103609,0.433298539760052
25489,0.245228445763589,0.297433473295257,0.180997584999108,0.276340495942046
25490,0.15620622543393,0.161055387199917,0.554277542099734,0.128460845266419
25491,0.0986917549202842,0.315124617475324,0.148093109953666,0.438090517650727
25492,0.414150516875807,0.190434839367358,0.226070705757546,0.169343937999289
25493,0.0821824755595464,0.0914316227639352,0.3294405228788,0.496945378797718
25494,0.407501336919795,0.284038028908507,0.0852576273610751,0.223203006810623
25495,0.362760373624226,0.13488508402091,0.263235919609952,0.239118622744912
25496,0.0782891739252271,0.205845142552,0.599048433993512,0.116817249529261
25497,0.0850833175359169,0.0903568267513734,0.691289824372988,0.133270031339721
25498,0.608869131132687,0.0775939160956917,0.0908753953739893,0.222661557397632
25499,0.155711620605873,0.134381437974898,0.437489687909724,0.272417253509505
25500,0.533881367512021,0.0938978290282567,0.190065821171472,0.18215498228825
25501,0.138938520788513,0.344574250485334,0.245827551106701,0.270659677619452
25502,0.347864308456097,0.12195649538893,0.353012397256873,0.1771667988981
25503,0.0986216029370064,0.118155831882969,0.443492842955018,0.339729722225007
25504,0.208311448337026,0.554455765355727,0.0818759895211624,0.155356796786084
25505,0.158776648196757,0.300401464630065,0.219863615059959,0.320958272113219
25506,0.15239817536764,0.125858019401914,0.364985600767535,0.356758204462911
25507,0.115584652747647,0.21645132573289,0.0921968000083027,0.57576722151116
25508,0.0598505875189701,0.58225564234977,0.233890497460445,0.124003272670816
25509,0.399963974123646,0.100647270562584,0.192905734014853,0.306483021298917
25510,0.191458402079234,0.159075518168113,0.265555122108267,0.383910957644386
25511,0.483858932606348,0.0768629893516554,0.0927218010720688,0.346556276969928
25512,0.392620343414119,0.129351486803083,0.212957569335084,0.265070600447714
25513,0.0869370224260172,0.164337059537864,0.117563338537833,0.631162579498286
25514,0.136207972854463,0.185992421685971,0.352999454407152,0.324800151052415
25515,0.0708381567159701,0.359725657499202,0.0877532991594817,0.481682886625346
25516,0.101667759388345,0.48952917368541,0.0645503445952591,0.344252722330987
25517,0.231632841636858,0.166532416137927,0.122600128403434,0.479234613821782
25518,0.369780876632902,0.270046587910754,0.208033790078485,0.152138745377859
25519,0.175295484088637,0.469893817791196,0.217056046859226,0.137754651260942
25520,0.200379553353708,0.313143484043508,0.379466166390754,0.10701079621203
25521,0.322406605203443,0.311678059297264,0.106778488047824,0.259136847451469
25522,0.0977861887165577,0.56357762090684,0.111992481112656,0.226643709263946
25523,0.633337354919862,0.0870213927517684,0.0967424362488037,0.182898816079566
25524,0.152413475401037,0.246246890499533,0.344556436336575,0.256783197762855
25525,0.433885705310389,0.191235690332133,0.0976542486317055,0.277224355725773
25526,0.216485112074574,0.528449946592255,0.077125816665998,0.177939124667173
25527,0.376160925937812,0.207861540698061,0.163222315573741,0.252755217790386
25528,0.439529942013795,0.106392529319621,0.281363506311622,0.172714022354961
25529,0.479205083667802,0.118552088935158,0.209616663486142,0.192626163910898
25530,0.157819839048711,0.487357958235232,0.100457822578706,0.254364380137351
25531,0.0427814823703884,0.18223869891755,0.700858362195277,0.0741214565167853
25532,0.118839295226078,0.542507172916046,0.196026361245921,0.142627170611954
25533,0.30259066778399,0.106554809267117,0.436168649061919,0.154685873886975
25534,0.0697836414475318,0.559014482152609,0.146799130214703,0.224402746185157
25535,0.290017848533668,0.384046075309604,0.0519310623738965,0.274005013782832
25536,0.0573233597105452,0.318712908578745,0.383818770904458,0.240144960806252
25537,0.117397532659665,0.207612838826017,0.314246092849381,0.360743535664936
25538,0.508565271919238,0.110375455780517,0.189935169478941,0.191124102821305
25539,0.454539210291864,0.229580130498613,0.186719589943729,0.129161069265795
25540,0.0840847952880542,0.127717265423098,0.648114992244395,0.140082947044453
25541,0.421364954657027,0.31786874495221,0.181139914277709,0.0796263861130536
25542,0.119643444721147,0.457760749688633,0.0997685715511042,0.322827234039115
25543,0.282557207267014,0.137488681375926,0.353915439825938,0.226038671531122
25544,0.297184551121684,0.384038395154505,0.0342519566373499,0.284525097086461
25545,0.321965702880298,0.134701540229242,0.302038531682854,0.241294225207606
25546,0.300453025048128,0.477143730546427,0.0700618405463101,0.152341403859135
25547,0.0956230263869042,0.191673847392183,0.558514956939565,0.154188169281347
25548,0.134055878577769,0.190667559773567,0.295341811848345,0.379934749800319
25549,0.0802811679685483,0.0703477339597815,0.482656475838617,0.366714622233054
25550,0.174808843596611,0.0742433921479636,0.0705373814097438,0.680410382845682
25551,0.161650600250579,0.130177990351141,0.123615521605235,0.584555887793045
25552,0.141417887032973,0.389402464608688,0.151600548082325,0.317579100276015
25553,0.107371966043188,0.590075272530728,0.12775568965182,0.174797071774264
25554,0.0499829395774607,0.650755437464222,0.104864421093587,0.194397201864731
25555,0.403421182432709,0.0994563567933472,0.0416243337696994,0.455498127004244
25556,0.216020486579175,0.567886001461042,0.132606304854284,0.083487207105499
25557,0.374366357530572,0.360831581643314,0.165380569574059,0.0994214912520557
25558,0.537530639362194,0.158181362841543,0.116631576725429,0.187656421070835
25559,0.598793914827256,0.146000384351456,0.189626971992138,0.0655787288291497
25560,0.303898653255925,0.452679491141095,0.0865813159174295,0.156840539685551
25561,0.143120130436384,0.495601010896709,0.125089486920426,0.236189371746481
25562,0.197955646468948,0.197280684958292,0.366758622195284,0.238005046377476
25563,0.488947792204068,0.167187665455198,0.236601931749027,0.107262610591707
25564,0.0631521289822086,0.147354590770952,0.654497719357047,0.134995560889793
25565,0.38215120428322,0.0484393790980922,0.21282456310848,0.356584853510208
25566,0.0772053365929222,0.439996148207766,0.0967167958370183,0.386081719362293
25567,0.0332192732585261,0.436154500699955,0.295669481758159,0.234956744283359
25568,0.512404863913833,0.279064236055745,0.12530272364874,0.0832281763816827
25569,0.385550510508286,0.157312361760377,0.381758826289165,0.0753783014421729
25570,0.353535267927577,0.114442260888975,0.272497801641165,0.259524669542283
25571,0.208547815251734,0.12131738443271,0.095561876918135,0.57457292339742
25572,0.574833254372218,0.0810250248201584,0.113651794449104,0.23048992635852
25573,0.14725403231959,0.685729531955212,0.0825055837818901,0.084510851943308
25574,0.100101933350871,0.0604041546491582,0.50661741777114,0.332876494228831
25575,0.419275336947755,0.160415263561044,0.340797809986862,0.0795115895043394
25576,0.343337861611719,0.191128728071379,0.330519194971377,0.135014215345525
25577,0.418822082216612,0.120256583791586,0.290677585521072,0.17024374847073
25578,0.392700625858055,0.360374323372973,0.0995829665994399,0.147342084169532
25579,0.602962963760028,0.169614328761275,0.108470194564352,0.118952512914344
25580,0.254518999933417,0.373583415125447,0.192158691087545,0.179738893853592
25581,0.479191702281669,0.189885657341768,0.0945698784013658,0.236352761975197
25582,0.112762837039075,0.204242816028274,0.178701268456815,0.504293078475835
25583,0.512846115018486,0.0955323509268082,0.311973973246918,0.0796475608077873
25584,0.272967777055245,0.322532518883422,0.138576590911956,0.265923113149377
25585,0.149180901155261,0.385350375982048,0.122989900736242,0.342478822126449
25586,0.133940259354334,0.197903340149913,0.610042357048059,0.0581140434476946
25587,0.608586103941733,0.197294142741603,0.105986790931853,0.0881329623848115
25588,0.31274978123966,0.159186873709145,0.187013206044014,0.341050139007181
25589,0.540438389466052,0.225201741492122,0.118661601401536,0.115698267640289
25590,0.18519953396708,0.284268955966553,0.0821826520267396,0.448348858039627
25591,0.158426206064216,0.398359102851569,0.127105268030343,0.316109423053873
25592,0.337657064506731,0.505867130587358,0.0397904557040473,0.116685349201864
25593,0.159246637456812,0.446422873345299,0.240139753747404,0.154190735450485
25594,0.269658773946206,0.314888375749027,0.208354170066185,0.207098680238582
25595,0.372731420289508,0.370797661656766,0.122724163223945,0.133746754829781
25596,0.0623450908359846,0.0312173452793875,0.737908693359915,0.168528870524713
25597,0.383438360371198,0.150419269728661,0.113110772565334,0.353031597334807
25598,0.218365736791312,0.36618539217324,0.121086336591067,0.294362534444381
25599,0.16184868666995,0.0942924181636026,0.505380650977585,0.238478244188862
25600,0.118563687085068,0.0973738379628176,0.616695237359468,0.167367237592646
25601,0.547548274600607,0.0417427265616538,0.329773068682818,0.0809359301549207
25602,0.241710884962818,0.0475776534626981,0.131412126183397,0.579299335391087
25603,0.648362964059559,0.1654408739314,0.0919181755007221,0.0942779865083196
25604,0.063335855606444,0.751082615921391,0.146661451093272,0.0389200773788937
25605,0.0365053202744036,0.0421342432015212,0.205054368824021,0.716306067700054
25606,0.0553704231887792,0.777008791053977,0.0816013096049841,0.0860194761522593
25607,0.424547369649355,0.258440783974817,0.0566415058325389,0.260370340543289
25608,0.0643943147064358,0.187365613512648,0.203677706921521,0.544562364859395
25609,0.740108535049952,0.0831615628976292,0.0523098206338772,0.124420081418542
25610,0.293711030876681,0.097342936259677,0.124993018783155,0.483953014080487
25611,0.0808208482145217,0.256582713494042,0.474402391145343,0.188194047146094
25612,0.0861501727275053,0.221568005551011,0.592802842652068,0.0994789790694157
25613,0.356945774982334,0.20394449750261,0.305567782713367,0.133541944801688
25614,0.313082983141388,0.287580397401201,0.221122347155481,0.178214272301929
25615,0.19059851146979,0.504008272519776,0.173641215328583,0.131752000681851
25616,0.125095474805504,0.428611878698707,0.266027873449159,0.18026477304663
25617,0.441955346491104,0.152087136504125,0.316628259027717,0.0893292579770538
25618,0.146268080224611,0.24762723788906,0.494244906730005,0.111859775156325
25619,0.231292301761263,0.114623948982276,0.464624714405417,0.189459034851044
25620,0.225720730045973,0.115271299294883,0.422828438250318,0.236179532408826
25621,0.186675199761169,0.0818903606132598,0.600402611740858,0.131031827884713
25622,0.260519339289162,0.215857618341714,0.326508902257143,0.197114140111981
25623,0.15778728360075,0.447050095321745,0.165682818389412,0.229479802688093
25624,0.215068881882017,0.232314592839894,0.293542389784878,0.259074135493211
25625,0.151830066106659,0.245295405201524,0.21811099637725,0.384763532314567
25626,0.16616231693781,0.481622586626043,0.157000579353368,0.19521451708278
25627,0.245072203697518,0.370675551410676,0.149345652810113,0.234906592081693
25628,0.150002604467086,0.341471282741464,0.29196737492171,0.216558737869741
25629,0.320950359886496,0.381689458943151,0.206695056064248,0.0906651251061049
25630,0.215451688813578,0.482841484890393,0.0958262313155464,0.205880594980483
25631,0.227633203104838,0.190558925973492,0.349584901708919,0.232222969212751
25632,0.185371889197945,0.390958961095125,0.310340770988898,0.113328378718032
25633,0.0637861592783341,0.21111848892629,0.338844087642931,0.386251264152445
25634,0.473381851057037,0.186080505828825,0.140618753943672,0.199918889170465
25635,0.630034096805925,0.111526805067063,0.0533574833916783,0.205081614735333
25636,0.353363603033511,0.172504735490605,0.194190383807059,0.279941277668825
25637,0.316888580994853,0.159868588169804,0.235604251172454,0.287638579662889
25638,0.231349319320427,0.19269718196975,0.0534509069190939,0.52250259179073
25639,0.171108673172374,0.519834140901123,0.0813333294802117,0.227723856446291
25640,0.228123624325011,0.0806959632494299,0.229238031292109,0.461942381133451
25641,0.231169552737472,0.273642351783803,0.279686794124362,0.215501301354363
25642,0.0223704125685752,0.597607555359278,0.124825830691978,0.255196201380169
25643,0.177680428410926,0.636678300063261,0.0581306418345407,0.127510629691273
25644,0.632550328704678,0.0574535198088954,0.095734509849294,0.214261641637132
25645,0.0432766108901825,0.772177831896594,0.0659015831010512,0.118643974112173
25646,0.189041003834769,0.0677471183923474,0.631353793355366,0.111858084417518
25647,0.125820565149088,0.120320688604333,0.365462577007258,0.388396169239321
25648,0.182039678700267,0.0670122596206175,0.374558735377465,0.376389326301651
25649,0.146564195525535,0.637945191390682,0.0797851404735608,0.135705472610222
25650,0.0420396449544439,0.0489722905210567,0.553491554577681,0.355496509946819
25651,0.429600028377885,0.319186708512609,0.159257083033806,0.0919561800757005
25652,0.377281223323266,0.177615137146527,0.0832008824054996,0.361902757124707
25653,0.195729830438773,0.317075062782648,0.262042601403503,0.225152505375076
25654,0.0955796927253225,0.455982240585213,0.201871925001369,0.246566141688095
25655,0.0865953065121767,0.0864191838594433,0.625325912291582,0.201659597336798
25656,0.391757711011462,0.200387733038291,0.0745584810378626,0.333296074912384
25657,0.145713679539997,0.454451303493315,0.209717736243717,0.190117280722971
25658,0.224871408937113,0.549892778715443,0.0671304936307651,0.15810531871668
25659,0.644482739287711,0.111959401588654,0.11957934125227,0.123978517871365
25660,0.0865083710143068,0.665913346052573,0.122149847992627,0.125428434940493
25661,0.101729668332239,0.0438548186928634,0.258332763693118,0.59608274928178
25662,0.252501793454453,0.441357941944294,0.0287421872677646,0.277398077333489
25663,0.0935576801469609,0.0740091271542199,0.166034138845561,0.666399053853259
25664,0.0544270711054014,0.529691937791487,0.164877501240361,0.251003489862751
25665,0.0409416349349395,0.252832851012565,0.202941209208741,0.503284304843755
25666,0.0798257612222163,0.13350855677519,0.123580654927862,0.663085027074731
25667,0.69304815709962,0.0970439654681529,0.0896377042064849,0.120270173225743
25668,0.145377272866338,0.120770418537117,0.0349206361203849,0.69893167247616
25669,0.0477355657206091,0.425319918080554,0.123200508300134,0.403744007898703
25670,0.448039437528692,0.262412118040496,0.183061771252007,0.106486673178806
25671,0.234420625013051,0.443981410377995,0.245513745655607,0.0760842189533477
25672,0.0539261085337092,0.462527658249024,0.206391365655731,0.277154867561536
25673,0.0683965725067426,0.512999645534794,0.139542819228813,0.279060962729651
25674,0.394273719463866,0.212472385327628,0.17609917966011,0.217154715548396
25675,0.279356960529195,0.152507507212734,0.331056619847863,0.237078912410207
25676,0.152164271264932,0.59648332288912,0.130224912977171,0.121127492868777
25677,0.46960488272252,0.287423842296622,0.0409140783376567,0.202057196643201
25678,0.13667515855786,0.335223758118285,0.301595131138166,0.226505952185689
25679,0.155842298831995,0.517224593021669,0.0558904097769702,0.271042698369366
25680,0.0881994941088336,0.629432065774168,0.182424300937123,0.099944139179876
25681,0.100247045536869,0.380392499263486,0.155645120304678,0.363715334894967
25682,0.207902955130919,0.221905565846247,0.13223044335134,0.437961035671494
25683,0.327768528144134,0.347444112803525,0.197355935777301,0.12743142327504
25684,0.0281020407912524,0.502811964226251,0.115600339852172,0.353485655130324
25685,0.0664783813443916,0.410304250973458,0.0738970839540338,0.449320283728117
25686,0.0718367128658851,0.28914004173627,0.270537318411097,0.368485926986749
25687,0.16898053755717,0.653562631474377,0.0625389009685776,0.114917929999875
25688,0.162414893404052,0.37971806519889,0.34152689288474,0.116340148512318
25689,0.612521877863611,0.182059184423087,0.14694326799924,0.0584756697140626
25690,0.209886691417108,0.491088896399519,0.238851772770285,0.0601726394130878
25691,0.20539547639026,0.203282060191593,0.541941494401243,0.0493809690169043
25692,0.409549337236855,0.253756410963882,0.15377967795614,0.182914573843123
25693,0.251260261811182,0.393011287778169,0.279886304344262,0.0758421460663864
25694,0.393588359182733,0.162149540076323,0.267909441125026,0.176352659615918
25695,0.390273289169175,0.298479735118121,0.176605527405767,0.134641448306937
25696,0.160158697130105,0.451120054195652,0.315360919444593,0.0733603292296506
25697,0.0963075064336543,0.281673277515037,0.529311384976784,0.0927078310745245
25698,0.167311021377316,0.456405322877496,0.228177252713962,0.148106403031226
25699,0.249433040469049,0.171150827252288,0.408160529947022,0.171255602331641
25700,0.21175933661432,0.211257038787049,0.446705656949167,0.130277967649465
25701,0.185728078958176,0.591039096341968,0.151697286364706,0.0715355383351502
25702,0.174461529156287,0.333044114041901,0.39174754971236,0.100746807089452
25703,0.195380403008325,0.446732507199731,0.172624494080025,0.185262595711918
25704,0.619658133455902,0.128622108129628,0.167608589390526,0.084111169023945
25705,0.129112548799641,0.222161408220951,0.533831936748227,0.114894106231181
25706,0.540554548379576,0.239017461830787,0.11631451151744,0.104113478272198
25707,0.293004601912951,0.448208586107137,0.147069516076874,0.111717295903038
25708,0.343733835645293,0.0891058628867176,0.491335620340004,0.0758246811279864
25709,0.296298844187467,0.283589622807248,0.32992794431181,0.0901835886934747
25710,0.232870871590227,0.219985090625899,0.425797174658017,0.121346863125857
25711,0.412570612565082,0.142736049347035,0.345451216623033,0.099242121464849
25712,0.397017706017261,0.274311052676494,0.173970161932972,0.154701079373273
25713,0.357052043689603,0.244635706862779,0.347669709998131,0.0506425394494875
25714,0.464666055394637,0.158473154937409,0.237025325702037,0.139835463965917
25715,0.349385332024666,0.317466845994793,0.262553696898372,0.0705941250821692
25716,0.25494641930516,0.232958333798436,0.362102384687331,0.149992862209073
25717,0.116893758963896,0.514820271326664,0.179394802597535,0.188891167111905
25718,0.503794819456369,0.136295978866148,0.128752699639236,0.231156502038247
25719,0.395675351585941,0.321923484220256,0.194045032453653,0.0883561317401505
25720,0.171281010278354,0.282572716862562,0.320936668647904,0.22520960421118
25721,0.26413374013424,0.163538779659336,0.481606115214999,0.0907213649914244
25722,0.152054598010456,0.259636450619196,0.091097094875431,0.497211856494917
25723,0.125761353995017,0.187216669531527,0.55815289557984,0.128869080893615
25724,0.226403940207917,0.142129729619773,0.302670581499928,0.328795748672382
25725,0.244138331488347,0.258504946828663,0.412603989616384,0.0847527320666053
25726,0.276920779643065,0.247157657819751,0.222490119479715,0.253431443057469
25727,0.152402113470487,0.218633710096715,0.526093820163945,0.102870356268853
25728,0.213481596030416,0.318880638210292,0.280810488845666,0.186827276913626
25729,0.284995515329901,0.246955660062438,0.378796561789646,0.0892522628180147
25730,0.651164270434834,0.131676360871759,0.180990226613451,0.0361691420799558
25731,0.449046343537374,0.0655427170184512,0.358849328812096,0.126561610632079
25732,0.0893738323996863,0.098311796917281,0.75700754042086,0.0553068302621725
25733,0.278657049734471,0.257718333412721,0.224781411364935,0.238843205487873
25734,0.344773400496071,0.311330173152978,0.227783575558208,0.116112850792742
25735,0.16199027051272,0.236282231701405,0.439146138130862,0.162581359655013
25736,0.333444757566201,0.1854089651226,0.313263401509145,0.167882875802055
25737,0.208425155809519,0.65847731325791,0.0470208945260616,0.0860766364065099
25738,0.275846359036761,0.281601791447266,0.142118447536581,0.300433401979392
25739,0.148829998145793,0.115525227174864,0.551173484385095,0.184471290294248
25740,0.408634126132072,0.207163153509593,0.195780288261684,0.18842243209665
25741,0.42973687419261,0.375568932968288,0.0362087586657654,0.158485434173337
25742,0.0595211918374049,0.675045804717252,0.137743486833492,0.127689516611852
25743,0.117691655264005,0.37979419740277,0.221450047357947,0.281064099975277
25744,0.500247750901557,0.289909536301763,0.0833817587213031,0.126460954075377
25745,0.163691340963778,0.509689163604129,0.21669825748795,0.109921237944143
25746,0.732956214029047,0.0823924032287687,0.145641627292341,0.0390097554498435
25747,0.579775084307371,0.18833282039837,0.120614848918726,0.111277246375533
25748,0.0911024124502284,0.551958022048213,0.109091875770996,0.247847689730563
25749,0.515433681174679,0.171819183925017,0.155021246677371,0.157725888222933
25750,0.219835832372971,0.102842957646957,0.588133837718592,0.0891873722614797
25751,0.150502229899272,0.207582768966917,0.536891884956315,0.105023116177496
25752,0.226553791551733,0.110734208737008,0.219357091604539,0.443354908106721
25753,0.504137738636671,0.100179991368128,0.247158505755612,0.14852376423959
25754,0.696641873625877,0.0692576667803826,0.0974257972913198,0.136674662302421
25755,0.220437268960759,0.047225473388324,0.144439518060848,0.587897739590069
25756,0.255793598006649,0.621361656881747,0.0562060294900716,0.0666387156215324
25757,0.255415306697785,0.0823018928949553,0.0926952097521902,0.56958759065507
25758,0.137466866885117,0.0511068650787993,0.344951945345954,0.466474322690129
25759,0.339766149966144,0.452161716304043,0.0733826417777841,0.134689491952029
25760,0.678653145740095,0.108642815803299,0.130809775185029,0.0818942632715772
25761,0.101507222970314,0.344883905063064,0.0908372267090597,0.462771645257562
25762,0.136001113518047,0.51669229410959,0.107092049274157,0.240214543098206
25763,0.386092996080998,0.168388630422037,0.180505742121702,0.265012631375263
25764,0.316240707969718,0.0612283582708557,0.200943561304902,0.421587372454524
25765,0.318055191599908,0.134451626493245,0.287887113180826,0.259606068726021
25766,0.104801391047458,0.592494466099841,0.174016195481036,0.128687947371665
25767,0.390667280960496,0.249578110857238,0.0875659776819514,0.272188630500315
25768,0.311176011756058,0.217491022965083,0.110396317309686,0.360936647969173
25769,0.483032549018105,0.242143081508112,0.134868009583356,0.139956359890427
25770,0.232115521685533,0.130821178462751,0.266561712288496,0.37050158756322
25771,0.0702958917306085,0.573958390767921,0.222886960438219,0.132858757063252
25772,0.104491102153536,0.347104327789896,0.145429659496432,0.402974910560137
25773,0.456962673504305,0.0941767462454707,0.0520927207158488,0.396767859534376
25774,0.144258928308419,0.217367704453983,0.559059124047312,0.0793142431902853
25775,0.34087924668738,0.0936838765141354,0.486015691045526,0.0794211857529585
25776,0.241421030309927,0.0570211546874882,0.205283130619068,0.496274684383516
25777,0.0813985279239302,0.149442259943017,0.675853515518142,0.0933056966149106
25778,0.240859396473718,0.50266256215691,0.0635983937923498,0.192879647577023
25779,0.208533842321647,0.314812780446425,0.0851911483706566,0.391462228861272
25780,0.08350457852464,0.282636847915674,0.301079995211544,0.332778578348142
25781,0.430630167020734,0.205309625950078,0.0337915091320508,0.330268697897137
25782,0.0638060934763199,0.378501469270166,0.0173367154188556,0.540355721834659
25783,0.256352119972028,0.1379536958637,0.33937124055312,0.266322943611153
25784,0.32360616661852,0.274160843138625,0.272065346528856,0.130167643713999
25785,0.163736160970445,0.287707164401195,0.341356327851646,0.207200346776713
25786,0.359787697874268,0.277536005151286,0.219619188993688,0.143057107980758
25787,0.201051926412214,0.469717795743741,0.246180856063982,0.083049421780063
25788,0.358346150056551,0.264484186542131,0.271526916984149,0.10564274641717
25789,0.469580934728037,0.153121823062346,0.26385629426088,0.113440947948738
25790,0.313535903500422,0.39054699637588,0.113476432839719,0.182440667283979
25791,0.154995152832086,0.485372340402528,0.227381066266798,0.132251440498588
25792,0.301014748897833,0.181735605739316,0.374768812627866,0.142480832734984
25793,0.176966204452778,0.490348316055023,0.154752994938584,0.177932484553615
25794,0.379001861619444,0.265604732415757,0.140707924649301,0.214685481315498
25795,0.140733285590313,0.396972885564257,0.330296197910013,0.131997630935417
25796,0.243322503797279,0.142791005402209,0.513808564122598,0.100077926677914
25797,0.213644749751271,0.439394534083643,0.136296595760546,0.210664120404541
25798,0.18433318523802,0.407159568049259,0.159248023337709,0.249259223375012
25799,0.283985939033356,0.131031877032119,0.450301215111213,0.134680968823312
25800,0.358578946917168,0.193825843443003,0.127123626981151,0.320471582658678
25801,0.20920307875472,0.308770057556743,0.220806035440503,0.261220828248034
25802,0.229603318238195,0.18950276481551,0.129183124286198,0.451710792660097
25803,0.521575151249082,0.248642410857099,0.0966487067165944,0.133133731177226
25804,0.14697671638988,0.203376150942449,0.50289414775505,0.146752984912621
25805,0.249831867681515,0.510069424267215,0.17900037954717,0.0610983285040999
25806,0.429050917667999,0.220813336478199,0.263807657753881,0.0863280880999216
25807,0.124124920673999,0.61451974549366,0.128858733363459,0.132496600468882
25808,0.371853005081355,0.319049152047942,0.115909979594193,0.193187863276511
25809,0.0916085551566315,0.145965242465564,0.481706572249872,0.280719630127933
25810,0.240977199265398,0.120896370005552,0.42691078194582,0.21121564878323
25811,0.201226690561749,0.550435075504414,0.17749828275451,0.0708399511793268
25812,0.235687252910899,0.157635912651796,0.444977476424726,0.16169935801258
25813,0.639769093274369,0.160130146135775,0.115932671240898,0.0841680893489584
25814,0.134984256223665,0.374002701022588,0.190210514104678,0.300802528649068
25815,0.210435397458322,0.536742723312932,0.174472376684992,0.0783495025437537
25816,0.072195388317394,0.494216291556546,0.242588254583866,0.191000065542194
25817,0.116054435069226,0.0966819194632506,0.154717350676857,0.632546294790667
25818,0.134060855580229,0.418038961603241,0.274519410678298,0.173380772138232
25819,0.458110512453921,0.16746982723281,0.207830585630272,0.166589074682997
25820,0.107794047607707,0.108388216133408,0.304249329995686,0.479568406263199
25821,0.22112013577669,0.0749487049333095,0.51044588110495,0.193485278185051
25822,0.223130840512276,0.195829150329202,0.438212647661013,0.142827361497509
25823,0.342326670093747,0.253235023118037,0.197594900459121,0.206843406329095
25824,0.408302467299337,0.167499462812161,0.233348491351081,0.190849578537421
25825,0.0864396769240669,0.328404729059372,0.443804704925863,0.141350889090698
25826,0.256153410143072,0.35645683457945,0.191167877081683,0.196221878195796
25827,0.317063553296971,0.198350262187062,0.195191866828829,0.289394317687138
25828,0.286289846262653,0.496281757637715,0.0937691910279556,0.123659205071676
25829,0.208887486420312,0.472857832053945,0.0846655488986751,0.233589132627068
25830,0.139821053246196,0.301343433095145,0.476245077170107,0.0825904364885526
25831,0.188269766074141,0.163156376743523,0.245037119530047,0.40353673765229
25832,0.100066410754569,0.424014442805203,0.22833865466384,0.247580491776389
25833,0.15954106391063,0.381800621548515,0.340515826754118,0.118142487786737
25834,0.456853158900908,0.150638566486795,0.221204958267203,0.171303316345094
25835,0.150808025768714,0.0897233005801699,0.448236382094122,0.311232291556994
25836,0.0824169858143783,0.15248258747487,0.511928811989425,0.253171614721327
25837,0.160221422047548,0.217914659997636,0.389273634563737,0.23259028339108
25838,0.183728199152827,0.500607287326855,0.0587760461411158,0.256888467379203
25839,0.572943730992572,0.226077541878112,0.0776864889977435,0.123292238131573
25840,0.0929360997733023,0.376408122126458,0.262962700022524,0.267693078077715
25841,0.177665329132931,0.146508911873084,0.416351289612717,0.259474469381268
25842,0.247815096411588,0.540523446503786,0.114436113190456,0.0972253438941708
25843,0.322027282004793,0.498780378257643,0.0949611202531469,0.0842312194844169
25844,0.577699027761325,0.0678585714015543,0.205344141464738,0.149098259372383
25845,0.143737175493904,0.327936087964038,0.443296913465856,0.0850298230762021
25846,0.31301041399978,0.142085822088676,0.255538881019795,0.289364882891749
25847,0.453454557120421,0.0752908710104201,0.0785354198672916,0.392719152001867
25848,0.154472868509181,0.487381608542154,0.0833690393155268,0.274776483633138
25849,0.320300063582495,0.189384326853253,0.365471473537164,0.124844136027088
25850,0.152794235027483,0.350268524821744,0.35315950159512,0.143777738555653
25851,0.678741294905932,0.156074578595465,0.0779739281993765,0.0872101982992266
25852,0.199583958056611,0.262819009618222,0.210998552810568,0.3265984795146
25853,0.099365729559055,0.346653468269416,0.412061764546643,0.141919037624886
25854,0.368560596898562,0.175949852436865,0.0597251060174747,0.395764444647099
25855,0.508034766354549,0.102899835967188,0.138908822535232,0.25015657514303
25856,0.568121997005636,0.191925847271332,0.0524057898639114,0.18754636585912
25857,0.0476305186736874,0.108482721691057,0.21533003600166,0.628556723633595
25858,0.100697172802838,0.382843718002784,0.131287488077159,0.38517162111722
25859,0.152749010013338,0.073360431802164,0.261020173647052,0.512870384537445
25860,0.392591232947416,0.136497687092568,0.180828385709851,0.290082694250165
25861,0.192962934712015,0.164148080963145,0.468108431189697,0.174780553135144
25862,0.235260209018106,0.0927970085531331,0.493715043819297,0.178227738609464
25863,0.0865514446617975,0.0723184832636878,0.75302428570798,0.0881057863665345
25864,0.567230459629069,0.13208204130922,0.0921650537892681,0.208522445272443
25865,0.094731342543466,0.326597766874595,0.468826396031823,0.109844494550115
25866,0.150255885012435,0.173934601664484,0.479170724172764,0.196638789150317
25867,0.131844062833473,0.4343423064962,0.187892586649211,0.245921044021117
25868,0.181251844258068,0.357195131432953,0.0943544602461943,0.367198564062784
25869,0.0400144222168138,0.333580382330692,0.263767877420049,0.362637318032445
25870,0.0972836439278517,0.0661367748477042,0.262356694727199,0.574222886497245
25871,0.0312938264894589,0.193447838245478,0.665462957231501,0.109795378033562
25872,0.0582293366313653,0.153405413066688,0.643860680740563,0.144504569561384
25873,0.0521200798309643,0.135335570885869,0.182505878658164,0.630038470625002
25874,0.566386261114336,0.0604699239941825,0.214899462658314,0.158244352233168
25875,0.133490619306289,0.157543891851752,0.481217730215251,0.227747758626708
25876,0.535685991371096,0.0331597823748459,0.119645462632657,0.311508763621401
25877,0.563906941534767,0.0637756315327164,0.116025258581746,0.256292168350771
25878,0.294118914157017,0.091751300877397,0.156931642976773,0.457198141988813
25879,0.184665252770973,0.479143004854877,0.150174266454241,0.18601747591991
25880,0.195185691019677,0.621012509706618,0.133733736635268,0.0500680626384373
25881,0.317117082429099,0.429599985672373,0.199722037745073,0.0535608941534555
25882,0.277717658149537,0.381347738670182,0.2301237584258,0.110810844754481
25883,0.572508574505399,0.194935821693697,0.143815736315146,0.0887398674857573
25884,0.207765818627022,0.416913210602714,0.27409433128631,0.101226639483954
25885,0.302244441025566,0.167822764843009,0.195372200413406,0.334560593718018
25886,0.0814325338205586,0.642225944318247,0.199833583662349,0.0765079381988454
25887,0.362227537700285,0.16022674630914,0.28714037866394,0.190405337326635
25888,0.457988678682793,0.166938420740734,0.210645361329743,0.164427539246731
25889,0.197434448426575,0.2350370442025,0.379799386039181,0.187729121331745
25890,0.560711949523782,0.171079663792808,0.112343549065471,0.155864837617939
25891,0.179866865232452,0.147813008783172,0.600877560175121,0.0714425658092552
25892,0.213165740994661,0.256437678823038,0.27407179781002,0.256324782372282
25893,0.316100586854758,0.399159713961095,0.116074670413013,0.168665028771133
25894,0.474251986728212,0.332498250879999,0.0711598309647963,0.122089931426993
25895,0.398244074831909,0.117566208549301,0.23761651615759,0.2465732004612
25896,0.140237835922467,0.22359775053654,0.514208994543624,0.121955418997369
25897,0.164871896282209,0.490481054186642,0.211424868948676,0.133222180582473
25898,0.233594842842644,0.383197030585316,0.341473917693312,0.0417342088787279
25899,0.138807731965978,0.544694758913197,0.181016469821201,0.135481039299624
25900,0.188476112995125,0.329547837651302,0.346473331698493,0.13550271765508
25901,0.227785232197083,0.345340629020409,0.36518898627904,0.0616851525034691
25902,0.127706953163962,0.343593703416534,0.42857887895824,0.100120464461263
25903,0.28669017441032,0.266033272626113,0.359417657825486,0.0878588951380806
25904,0.076566185592568,0.384671030648806,0.459612651776353,0.0791501319822725
25905,0.203013631430282,0.284103268090476,0.417475665821844,0.0954074346573985
25906,0.314472908093668,0.4760597886488,0.164004552579469,0.045462750678064
25907,0.156238860162944,0.513328647746591,0.28002931346781,0.0504031786226552
25908,0.278034418745821,0.179446075030044,0.325115705652834,0.217403800571301
25909,0.462932145169188,0.255239194719864,0.217411606565993,0.0644170535449554
25910,0.0763808951101459,0.40929254264924,0.396038463402577,0.118288098838037
25911,0.343242481032896,0.188687009187744,0.30792401673781,0.16014649304155
25912,0.381059018961455,0.328401487417522,0.1736672140264,0.116872279594624
25913,0.0791445534159168,0.275714439604388,0.465009512034127,0.180131494945568
25914,0.182147858446773,0.250639509972651,0.474891807249568,0.0923208243310077
25915,0.411470412546211,0.21779803216677,0.285529650485462,0.0852019048015565
25916,0.138737360923207,0.48761462564802,0.164813135624637,0.208834877804136
25917,0.238327544148043,0.475742830291472,0.0932951603218618,0.192634465238623
25918,0.156291784162688,0.304939563193071,0.366111759005478,0.172656893638763
25919,0.290356594878131,0.0415125885743195,0.312302053104626,0.355828763442923
25920,0.335647348168589,0.397232261643183,0.0808163867201307,0.186304003468097
25921,0.0733395171308886,0.121006032533104,0.681265197792307,0.1243892525437
25922,0.0456019944377578,0.0582513584465007,0.396033722335169,0.500112924780573
25923,0.222045679184863,0.112208058229744,0.0612756594935691,0.604470603091824
25924,0.699341537954021,0.112984825541706,0.0838862812403727,0.1037873552639
25925,0.117275478197315,0.103364493908295,0.621334024840994,0.158026003053396
25926,0.434771064792492,0.401265079317307,0.0676532642489156,0.0963105916412863
25927,0.113104147006183,0.379772537082788,0.177779941433155,0.329343374477874
25928,0.149661561019176,0.433846746740656,0.243229787639736,0.173261904600432
25929,0.0256204726516956,0.351769901599431,0.0728289187164943,0.549780707032379
25930,0.277067409856751,0.327153119751695,0.302933101743189,0.0928463686483654
25931,0.0440547763227641,0.0549555383204308,0.798407879094624,0.102581806262181
25932,0.0448404716194456,0.411555383875901,0.123679139094098,0.419925005410556
25933,0.121297085806082,0.113067969661978,0.567082343420178,0.198552601111762
25934,0.0650130980663879,0.0686639497793431,0.562613179668438,0.303709772485831
25935,0.17242310572274,0.188256545115508,0.0862046558988612,0.553115693262891
25936,0.256042503727594,0.0798791526658125,0.532777890892635,0.131300452713959
25937,0.66478609304836,0.0942593675655071,0.0863982820431891,0.154556257342944
25938,0.0682910263703115,0.568858551089385,0.105746886487731,0.257103536052573
25939,0.123684511553609,0.0861349960224902,0.462175788676573,0.328004703747328
25940,0.0348438876781555,0.20449256931175,0.107268542965417,0.653395000044678
25941,0.0739628694862814,0.262341985093564,0.558043755879028,0.105651389541127
25942,0.0846022481335001,0.357609673398675,0.26630402659597,0.291484051871855
25943,0.0316198387977522,0.338173016221105,0.238495345341849,0.391711799639294
25944,0.159043264275656,0.0814644466624807,0.0921956697017051,0.667296619360158
25945,0.137719260651417,0.0862495017111495,0.186318231570634,0.589713006066799
25946,0.611180416977754,0.134498525442158,0.0835568496639186,0.170764207916169
25947,0.409787883921339,0.18718050406509,0.156954410065614,0.246077201947957
25948,0.027694946579337,0.0752683033005135,0.109335631236672,0.787701118883477
25949,0.0531922605435429,0.23657441548795,0.498028609784869,0.212204714183639
25950,0.699353230137267,0.0763327522458209,0.121966652098844,0.102347365518069
25951,0.0724519119467368,0.139414549476023,0.468470150434961,0.31966338814228
25952,0.0368378930132016,0.106562792272586,0.570544054685509,0.286055260028703
25953,0.259685432193336,0.0907372402036223,0.0906266283547129,0.558950699248329
25954,0.659018242857924,0.0282782666740169,0.032648411129378,0.280055079338682
25955,0.107886531244078,0.534052245362422,0.262951329826182,0.0951098935673176
25956,0.237541492497188,0.268053022038336,0.44193249042726,0.0524729950372155
25957,0.463650623468857,0.267181146109053,0.212619205349047,0.0565490250730425
25958,0.309931652927066,0.395061071301347,0.188125642022245,0.106881633749342
25959,0.124545961652349,0.329177518034043,0.438744610114062,0.107531910199546
25960,0.391326927885877,0.377459537790261,0.168234101079139,0.062979433244723
25961,0.324877150145656,0.248718044761532,0.376435313313226,0.0499694917795864
25962,0.537872266089182,0.228661332188978,0.140734248739082,0.0927321529827577
25963,0.143562652879608,0.455445494996802,0.322769991500546,0.0782218606230443
25964,0.437598166854367,0.298938019532864,0.165665404337868,0.0977984092749019
25965,0.326228333599982,0.161215165148849,0.394888442550556,0.117668058700613
25966,0.286377549687046,0.155878624001849,0.457598508625155,0.100145317685949
25967,0.282427344825158,0.200988104481319,0.167805380386175,0.348779170307349
25968,0.324725094267075,0.322122149324205,0.185340797293282,0.167811959115437
25969,0.109666147259792,0.397500174947213,0.438383524724968,0.054450153068028
25970,0.270136968376709,0.392856052286988,0.214483838428257,0.122523140908046
25971,0.373418865003509,0.248230417885428,0.301496510061201,0.0768542070498621
25972,0.190604930048228,0.410433815608317,0.232863400272358,0.166097854071098
25973,0.224098108060125,0.26532847629663,0.405604043121177,0.104969372522067
25974,0.442471184529981,0.0820442329584436,0.24102219228975,0.234462390221826
25975,0.0929218270561636,0.427937281930065,0.294405255144273,0.184735635869498
25976,0.0865485636466408,0.353812283728557,0.191834499011283,0.367804653613519
25977,0.463282570631749,0.133259072945766,0.329655822815645,0.0738025336068393
25978,0.229291874069223,0.501894782613344,0.206457461099894,0.0623558822175393
25979,0.658516126983743,0.0750934259304661,0.167859391770808,0.0985310553149828
25980,0.101501510328831,0.454620426125626,0.342051979821827,0.101826083723717
25981,0.512712339406446,0.143549953805606,0.269020644944361,0.0747170618435868
25982,0.143310598310897,0.0698225288844031,0.649328429742762,0.137538443061938
25983,0.512532393430222,0.189798059439786,0.192346317494359,0.105323229635632
25984,0.342801427279034,0.098825555511527,0.302049191509394,0.256323825700046
25985,0.148481074444315,0.105963998942386,0.0722237019996175,0.673331224613682
25986,0.509506567250858,0.0729301073594346,0.178525477507983,0.239037847881724
25987,0.0705418779744948,0.121029822863946,0.734543111761212,0.0738851874003474
25988,0.0749652795209307,0.494756279438821,0.340480063811205,0.0897983772290438
25989,0.0419396128362098,0.174772790273527,0.0963169192185513,0.686970677671712
25990,0.0614293739783952,0.148870112369172,0.644429421330552,0.145271092321882
25991,0.235035115650056,0.118026754528887,0.156697789086427,0.49024034073463
25992,0.0407749255410493,0.315227761637379,0.497381332602841,0.14661598021873
25993,0.263471149844223,0.400433844665092,0.109340411830618,0.226754593660067
25994,0.192915915556829,0.155368629549447,0.258169983774199,0.393545471119525
25995,0.21381610212144,0.443284029477244,0.168990374635866,0.173909493765451
25996,0.287330054810824,0.199611963365699,0.398002510240092,0.115055471583385
25997,0.430788503337993,0.162590246982076,0.201837031484141,0.20478421819579
25998,0.350854537004433,0.261215241988184,0.179078598686959,0.208851622320424
25999,0.191552447344199,0.275453930948419,0.436402473682822,0.0965911480245605
26000,0.14263679095981,0.44533114490709,0.175870341007123,0.236161723125977
26001,0.208974024947469,0.547115529539973,0.115102911183469,0.12880753432909
26002,0.517399801680831,0.161156392043457,0.188737221110757,0.132706585164955
26003,0.231880915607691,0.188652654245358,0.180988201905693,0.398478228241259
26004,0.0958356980326823,0.522253161483461,0.135498123767503,0.246413016716354
26005,0.0800580057555167,0.208473499375693,0.448122277911409,0.263346216957381
26006,0.127249127851436,0.364174592806959,0.18048694528056,0.328089334061045
26007,0.262487574760434,0.51045989857205,0.146157502191372,0.0808950244761439
26008,0.125054472741961,0.0701193503238342,0.640405847931863,0.164420329002343
26009,0.149772433580214,0.667395588471022,0.114241931418386,0.0685900465303778
26010,0.254477059638497,0.165557282592214,0.196479093082505,0.383486564686783
26011,0.712516542377647,0.118320358359472,0.0963557303691782,0.0728073688937028
26012,0.290148347658853,0.241624715757614,0.257812933706174,0.210414002877359
26013,0.16820491459204,0.255657552899921,0.296264663514736,0.279872868993304
26014,0.334391198423276,0.275847673447645,0.199768583129773,0.189992544999305
26015,0.195906496948437,0.461199013115979,0.239199599677922,0.103694890257662
26016,0.386711068364107,0.241204612904465,0.229422049523373,0.142662269208055
26017,0.415648615678602,0.136714499097625,0.25689990585234,0.190736979371433
26018,0.288338126684609,0.318271645144853,0.108136903650509,0.28525332452003
26019,0.158521659564437,0.447454493918595,0.231889185640538,0.162134660876431
26020,0.255320825475962,0.159860236460511,0.370248017452694,0.214570920610833
26021,0.138016799620202,0.444304426015706,0.152898620966106,0.264780153397985
26022,0.35542600493222,0.264209782724126,0.125193273899496,0.255170938444158
26023,0.131284865821452,0.328863772391938,0.366696827250155,0.173154534536456
26024,0.221731713342498,0.125769293649286,0.545708183568889,0.106790809439327
26025,0.161046896384776,0.42987542979088,0.123519999132803,0.285557674691541
26026,0.159512419889114,0.315862392629335,0.145448064616579,0.379177122864972
26027,0.227706885212321,0.114532322445918,0.505186346766695,0.152574445575066
26028,0.259457627307423,0.180560869691251,0.106534878222659,0.453446624778667
26029,0.13660527479906,0.27427363585414,0.193120908985954,0.396000180360846
26030,0.198874817817256,0.13548877106569,0.0999247796655688,0.565711631451485
26031,0.266170153632981,0.337292472563931,0.303711273357299,0.0928261004457892
26032,0.419127443295727,0.266341329995713,0.223644702491978,0.0908865242165822
26033,0.335711017365149,0.409799388361266,0.116698781864492,0.137790812409093
26034,0.194717192359992,0.116158206759805,0.56151108568279,0.127613515197412
26035,0.414134311978462,0.0877016968759327,0.340655104503959,0.157508886641646
26036,0.354541578984372,0.0730840065670051,0.431419438785876,0.140954975662747
26037,0.147131680896957,0.697173359847159,0.0963403634242505,0.059354595831633
26038,0.0757014707574229,0.448615606168322,0.227286769686449,0.248396153387806
26039,0.367736670904968,0.0716975507279149,0.343058905916242,0.217506872450875
26040,0.138254958539972,0.263709921075796,0.538319987762635,0.0597151326215973
26041,0.322245270816222,0.303511414913146,0.202838175356804,0.171405138913829
26042,0.184792120370652,0.438864856044409,0.103515057319433,0.272827966265506
26043,0.104327436395804,0.248220245368409,0.572735181811697,0.0747171364240905
26044,0.583982414879354,0.220132562330679,0.109557769731825,0.0863272530581426
26045,0.18104298233184,0.584988667527843,0.132663253588272,0.101305096552045
26046,0.283777427806745,0.155266982034208,0.137259941724285,0.423695648434762
26047,0.304793537584516,0.149350655280444,0.311437703286992,0.234418103848049
26048,0.0953255510192796,0.305108210971823,0.373013595771583,0.226552642237314
26049,0.15883370564342,0.243257995619989,0.516418175409859,0.0814901233267317
26050,0.249395726646071,0.19447099722545,0.440225062721092,0.115908213407387
26051,0.145567150957951,0.453755664872975,0.154917568360908,0.245759615808167
26052,0.119457874869219,0.29306822330296,0.156259954498148,0.431213947329673
26053,0.165032131036403,0.322416446649727,0.404192234366221,0.10835918794765
26054,0.213680392210722,0.319911602333811,0.175532646773997,0.29087535868147
26055,0.347190870206027,0.319762627224357,0.117669894492435,0.215376608077182
26056,0.307352999009565,0.132782934517445,0.251366428409664,0.308497638063325
26057,0.310085766000827,0.344155282228392,0.242177699537087,0.103581252233694
26058,0.129168002510765,0.449352263460244,0.113620058855948,0.307859675173043
26059,0.437021807530312,0.264910958529906,0.184645486619644,0.113421747320138
26060,0.406582352397694,0.326777713662651,0.125510446125514,0.14112948781414
26061,0.458199336611801,0.171976778894095,0.18049056190667,0.189333322587434
26062,0.229984760789693,0.242476718454761,0.291780790319573,0.235757730435974
26063,0.378494716277812,0.0652094935937544,0.296437491618182,0.259858298510251
26064,0.16090996638345,0.108620217710584,0.467135520353822,0.263334295552144
26065,0.556739288917805,0.147200831658853,0.115667773360424,0.180392106062918
26066,0.235037596062125,0.379294442177271,0.100453554611507,0.285214407149098
26067,0.452120866683053,0.287774136931968,0.135284463684789,0.124820532700189
26068,0.106689102347323,0.52726533735536,0.164610934735862,0.201434625561455
26069,0.117879848898132,0.151847597567318,0.596242157442853,0.134030396091697
26070,0.454848770160993,0.21655918082219,0.115183798537982,0.213408250478835
26071,0.378814916744823,0.152214012338553,0.188129638314161,0.280841432602464
26072,0.243841702250195,0.289901741027532,0.378314053715915,0.087942503006358
26073,0.24725825601922,0.394452296533929,0.197333622054239,0.160955825392612
26074,0.14075109980966,0.22385084454831,0.56436788872977,0.0710301669122608
26075,0.219863362010333,0.29123258512996,0.295147045491317,0.19375700736839
26076,0.223879991912162,0.103532757167391,0.499861907837052,0.172725343083395
26077,0.0981316265526272,0.565401458634423,0.207520253916718,0.128946660896232
26078,0.131725699370312,0.232711390885566,0.585733371730418,0.0498295380137048
26079,0.100251618683272,0.260642194048168,0.406117642670298,0.232988544598262
26080,0.144396367702765,0.58111737485437,0.169951596526401,0.104534660916464
26081,0.127498937073042,0.196591077985991,0.558040363108336,0.117869621832631
26082,0.234887250033117,0.124135941765015,0.333882310772731,0.307094497429137
26083,0.182889185850656,0.320438637091526,0.221491258781952,0.275180918275865
26084,0.11550095148254,0.421454846771061,0.264290910053017,0.198753291693382
26085,0.245478308267518,0.167878896921293,0.228263794950788,0.358378999860402
26086,0.463114792143477,0.110415938142432,0.17998902035056,0.246480249363532
26087,0.134889339862168,0.306390657990687,0.421744470981895,0.13697553116525
26088,0.161443630936397,0.266019312252904,0.20080028706643,0.371736769744269
26089,0.274030151466707,0.139563538728727,0.184117910663485,0.402288399141081
26090,0.393661882057904,0.0700610673015354,0.345211751008079,0.191065299632481
26091,0.10987551540681,0.101147314131377,0.655532146065061,0.133445024396753
26092,0.18064528112815,0.273377691800528,0.0279694245673668,0.518007602503956
26093,0.429107081596941,0.200358094285443,0.0959544737889257,0.27458035032869
26094,0.316758753726087,0.0393535549457526,0.146310615908865,0.497577075419296
26095,0.0371401791002929,0.237321890624601,0.212344868688361,0.513193061586745
26096,0.589229958369973,0.132692913796014,0.112139569632019,0.165937558201994
26097,0.029394110663498,0.495006041410401,0.0677407096521529,0.407859138273948
26098,0.685397642900038,0.114402554689743,0.0857608592430078,0.114438943167211
26099,0.0877403727224152,0.258359474590318,0.101741068210941,0.552159084476327
26100,0.556523184552652,0.113700584236214,0.137433261019982,0.192342970191152
26101,0.584337582096508,0.277891868454004,0.0396853218410583,0.0980852276084305
26102,0.0824982863134382,0.116922336348957,0.139913820258243,0.660665557079362
26103,0.0612100330155668,0.595504233504334,0.163843640195115,0.179442093284984
26104,0.0528343806916989,0.194217958078116,0.141923153880293,0.611024507349893
26105,0.298381808846699,0.0909104258471499,0.0421563221148106,0.56855144319134
26106,0.0388246603997303,0.591205754449767,0.136304417843051,0.233665167307451
26107,0.248832773839941,0.56837433855648,0.100947425702529,0.0818454619010507
26108,0.214151833411681,0.359374871114214,0.242937526508102,0.183535768966002
26109,0.178067349035748,0.273576542256543,0.372882185909291,0.175473922798418
26110,0.470458560010668,0.179350712678761,0.243542263046694,0.106648464263878
26111,0.141251018407707,0.226078425717302,0.455114533772541,0.17755602210245
26112,0.147693694562965,0.443229919735403,0.249226441091814,0.159849944609818
26113,0.265684486712241,0.418546121564422,0.143199744639925,0.172569647083412
26114,0.26229186286174,0.500994550878503,0.157985236430846,0.0787283498289118
26115,0.264327929381092,0.113984692059061,0.5354512604935,0.0862361180663464
26116,0.144246637444716,0.174715534091993,0.533010862432671,0.148026966030621
26117,0.367127096974552,0.205188065464068,0.134276345895202,0.293408491666178
26118,0.357052437697068,0.269847305148855,0.132636051075847,0.240464206078229
26119,0.17781026321444,0.561997010783002,0.183657976208231,0.0765347497943273
26120,0.149880547651166,0.431638771778231,0.237616314104279,0.180864366466324
26121,0.388085321100657,0.181938531541903,0.163284202546081,0.266691944811359
26122,0.12415753229452,0.235085107131644,0.295897008448498,0.344860352125337
26123,0.199799212190679,0.210169992938237,0.359290186057956,0.230740608813127
26124,0.196053964796223,0.209670607924575,0.352216126565752,0.242059300713451
26125,0.330584459460506,0.250902874105813,0.297192094631281,0.1213205718024
26126,0.596075383001322,0.0550106846986963,0.103177446983827,0.245736485316155
26127,0.546893305842509,0.228720470205518,0.109016675933688,0.115369548018285
26128,0.233184260979998,0.16726990641653,0.0940346862183059,0.505511146385167
26129,0.172000047662961,0.23875980472396,0.482093644514134,0.107146503098945
26130,0.483169704525466,0.160162755952165,0.095503852938371,0.261163686583998
26131,0.360994900489322,0.0465807468934734,0.212936250562239,0.379488102054966
26132,0.16522344895741,0.0523195070265187,0.474319240006103,0.308137804009968
26133,0.0578459745036764,0.451367618387066,0.218193428706946,0.272592978402311
26134,0.139218507833291,0.648460530187901,0.0846651764267142,0.127655785552094
26135,0.0833486148541801,0.306761826408554,0.230247051489681,0.379642507247586
26136,0.303822794739899,0.239249713481344,0.0832863706047533,0.373641121174004
26137,0.10875136667687,0.507626852933005,0.113443976682891,0.270177803707234
26138,0.0615669058189307,0.266450133773787,0.0361322705311753,0.635850689876107
26139,0.136683763631879,0.548956079030038,0.0456814166559701,0.268678740682113
26140,0.218386460225545,0.0362180234841791,0.351304749465897,0.394090766824379
26141,0.205306140473735,0.103524459373158,0.0980217192086558,0.593147680944451
26142,0.0336987520040472,0.557505431719373,0.120077444390227,0.288718371886353
26143,0.0707698271227074,0.298362941825579,0.351764699273533,0.27910253177818
26144,0.0211637642530593,0.0938331654871152,0.458182784601426,0.426820285658399
26145,0.420808847878121,0.111622502962033,0.228440786351165,0.239127862808682
26146,0.205395125124894,0.151418632303561,0.469144004497847,0.174042238073698
26147,0.309162508384853,0.38328248941149,0.192070223267843,0.115484778935814
26148,0.477826196189378,0.229362564453041,0.195234142813365,0.0975770965442157
26149,0.065773987730083,0.574754431571993,0.211751869558987,0.147719711138936
26150,0.248910466267267,0.261292468324587,0.12283395924528,0.366963106162866
26151,0.300239561664692,0.273911278651094,0.211668776239114,0.2141803834451
26152,0.0746539012928283,0.510102530434096,0.127449479147175,0.287794089125901
26153,0.0863801943708041,0.120073048317511,0.583745308948834,0.209801448362851
26154,0.170491674395494,0.147521742893189,0.249477048336173,0.432509534375144
26155,0.0505256836571793,0.538431066420333,0.240357819677625,0.170685430244863
26156,0.197530440558177,0.261770554851111,0.247172839515911,0.293526165074801
26157,0.122414085984798,0.250419490030714,0.511104533123191,0.116061890861296
26158,0.586845593370831,0.213906840867293,0.103469154816891,0.095778410944985
26159,0.159936178992258,0.152936700956192,0.484027378854775,0.203099741196775
26160,0.149094739139931,0.185249338383764,0.37242146460714,0.293234457869165
26161,0.104336557226684,0.369898224947858,0.210578047754978,0.31518717007048
26162,0.267185486471164,0.078552026865529,0.540561243627137,0.11370124303617
26163,0.497035597896764,0.0988408348489888,0.146625026625715,0.257498540628531
26164,0.0559653790830232,0.388323039467737,0.407009428548185,0.148702152901055
26165,0.317063894629857,0.239581703687116,0.29982702530791,0.143527376375117
26166,0.213380556797492,0.133997482229917,0.594244689919418,0.0583772710531729
26167,0.134988297957015,0.330697977949048,0.220320593167517,0.31399313092642
26168,0.0932387393151839,0.421731453431195,0.380866034393845,0.104163772859775
26169,0.589476115120948,0.0409395244826257,0.255043667114359,0.114540693282067
26170,0.0600710507673884,0.63561635397121,0.225745748449717,0.0785668468116841
26171,0.126910650737147,0.127679819092564,0.6967853209383,0.048624209231989
26172,0.142371232908708,0.41493105001395,0.310503744228924,0.132193972848418
26173,0.0716061541192106,0.339917418425077,0.499713201063202,0.0887632263925113
26174,0.156668313622045,0.332356583461881,0.340201823255433,0.170773279660641
26175,0.0382110098522615,0.777570430035762,0.0227073848665132,0.161511175245463
26176,0.176639939141032,0.108890133726822,0.601547303357639,0.112922623774508
26177,0.024933190979199,0.0525508089739375,0.561376477315632,0.361139522731232
26178,0.0307277177917399,0.392075050652112,0.0932022241491692,0.483995007406979
26179,0.60634586378083,0.183652752955007,0.0291480687072571,0.180853314556906
26180,0.414561993457861,0.278239891516728,0.0521000005151613,0.25509811451025
26181,0.335613436056783,0.158422646671782,0.137928225845131,0.368035691426305
26182,0.0262450649236925,0.598831755885505,0.19511444623679,0.179808732954013
26183,0.246285569004444,0.283234631398364,0.425079773924194,0.0454000256729983
26184,0.0942229983388849,0.232091708242854,0.478312065476555,0.195373227941706
26185,0.420418538636596,0.390293336230168,0.14260142824083,0.0466866968924052
26186,0.128272498684251,0.236767328302838,0.490614521972905,0.144345651040006
26187,0.471466369024609,0.300055054437271,0.122698549744271,0.105780026793848
26188,0.195223313740346,0.31075790209784,0.392588177531352,0.101430606630462
26189,0.434524732702798,0.165458696883322,0.24757244458991,0.15244412582397
26190,0.479282011508329,0.218046942370831,0.193857903780035,0.108813142340805
26191,0.354807500496121,0.320469036539302,0.223572275984544,0.101151186980033
26192,0.131362434730481,0.202260643304864,0.580588569887105,0.0857883520775504
26193,0.239834287563575,0.281749036779961,0.330024490905627,0.148392184750837
26194,0.230026207853083,0.555470961670793,0.10585142077173,0.108651409704394
26195,0.153051650610779,0.449304472377097,0.258138389831158,0.139505487180965
26196,0.274959557240592,0.101178599190802,0.451946971072965,0.171914872495641
26197,0.160681226755024,0.330416833402527,0.195109345687882,0.313792594154568
26198,0.210133884775761,0.668519409589037,0.0834807603967789,0.0378659452384225
26199,0.378185464004568,0.154124305145681,0.147951487846241,0.31973874300351
26200,0.112789928704848,0.327953360816115,0.268890968569404,0.290365741909634
26201,0.523008700681311,0.230510898544356,0.0882398023452226,0.158240598429111
26202,0.560849406072868,0.135616296816525,0.210704887872415,0.0928294092381926
26203,0.500514476384134,0.302177034976292,0.106353611654604,0.090954876984971
26204,0.317939039475056,0.181420053528499,0.243283435303773,0.257357471692673
26205,0.163474866499148,0.363192001487144,0.247208941838985,0.226124190174723
26206,0.265830558252708,0.183307453855036,0.080270415822585,0.470591572069671
26207,0.203220538023404,0.271410983113992,0.24634811152942,0.279020367333185
26208,0.518749300530347,0.0939009222184518,0.262187301466942,0.125162475784259
26209,0.40792372269435,0.449522636839935,0.0278309356152192,0.114722704850496
26210,0.702146300547937,0.130348255698892,0.0570984730030362,0.110406970750135
26211,0.265472530729769,0.453717394850293,0.0696755389976319,0.211134535422306
26212,0.142107115501682,0.461529781704934,0.122956245734338,0.273406857059046
26213,0.366319258907306,0.354502928777386,0.101985550967914,0.177192261347395
26214,0.0715671878141306,0.173100681952429,0.639607576618317,0.115724553615124
26215,0.174590003584911,0.515911905487078,0.0625575828665051,0.246940508061505
26216,0.108102763432858,0.198376004351206,0.40624556139026,0.287275670825677
26217,0.198677372748783,0.0734878557494558,0.247207020291365,0.480627751210396
26218,0.0783585468893066,0.678597553855769,0.169674803802984,0.07336909545194
26219,0.411309143972448,0.0823324641246758,0.159170742373841,0.347187649529035
26220,0.0844406612104121,0.187329790635275,0.64809027435342,0.0801392738008926
26221,0.181808457052246,0.197980543515995,0.529303408641546,0.0909075907902128
26222,0.559912369724664,0.137484218470086,0.238491438794941,0.0641119730103085
26223,0.162996285722913,0.451386415247211,0.289715754847448,0.095901544182428
26224,0.338790557204205,0.163778207293306,0.422775906595866,0.0746553289066227
26225,0.101337988352216,0.180743180433716,0.597943646056137,0.119975185157931
26226,0.231281142908862,0.598692728781867,0.099492822907278,0.070533305401993
26227,0.189058472609052,0.413969620733346,0.248018818929936,0.148953087727666
26228,0.23432803584503,0.174259706471579,0.45580794342325,0.135604314260141
26229,0.184822917744118,0.331165380728554,0.121913909377445,0.362097792149884
26230,0.0771529319320112,0.627378395682435,0.238296780698696,0.0571718916868585
26231,0.508462463332774,0.144108428245548,0.228351597222543,0.119077511199136
26232,0.275131177742304,0.225177103223892,0.343540671133535,0.15615104790027
26233,0.627763475130338,0.106426180639066,0.124331954583397,0.141478389647199
26234,0.485204673838679,0.159806697575446,0.268883805271199,0.0861048233146763
26235,0.110604654265762,0.297794474150825,0.19386862627979,0.397732245303624
26236,0.174916066461832,0.266740304642867,0.41568664613865,0.142656982756651
26237,0.0976048547398216,0.525002665485268,0.0905488840977265,0.286843595677184
26238,0.148585502068575,0.603783731566414,0.0849716787361834,0.162659087628828
26239,0.306534135785024,0.230557093485459,0.201607947504952,0.261300823224565
26240,0.381626922905794,0.124203494920988,0.40139383175896,0.0927757504142577
26241,0.180756827940639,0.296272686806399,0.464322000356254,0.0586484848967075
26242,0.121124015551712,0.501608262085209,0.293408750440235,0.0838589719228445
26243,0.202956955929563,0.612830869203452,0.107682127759959,0.0765300471070259
26244,0.165905125266392,0.288376062588783,0.364655392488093,0.181063419656732
26245,0.19582823194297,0.166458592291541,0.573207305304692,0.0645058704607964
26246,0.357211030068135,0.310612727393419,0.281761200335938,0.0504150422025076
26247,0.465704731740211,0.160271288459499,0.270072752232878,0.103951227567413
26248,0.126883421354036,0.592207377229891,0.16776518209845,0.113144019317624
26249,0.292801200622101,0.366817454901957,0.162109529289738,0.178271815186205
26250,0.501894480596827,0.17221422798135,0.180225350797721,0.145665940624103
26251,0.0807646331562848,0.126989270821584,0.260566775255259,0.531679320766872
26252,0.103455672689868,0.682253822396527,0.0927979944614019,0.121492510452203
26253,0.149926107081766,0.375416235393301,0.223059718362259,0.251597939162674
26254,0.167284574301097,0.0858685504850705,0.615821365576179,0.131025509637654
26255,0.109159986282584,0.221783604964993,0.250468237968368,0.418588170784055
26256,0.443691775087764,0.210792753877815,0.262091824313931,0.0834236467204895
26257,0.200770581682057,0.0890807518291992,0.497909353425323,0.212239313063421
26258,0.0804255545002658,0.1724942111441,0.648734269270791,0.0983459650848428
26259,0.418950040378465,0.0951542551534755,0.311116516464581,0.174779188003478
26260,0.423143172612341,0.217151315725334,0.163990712365154,0.195714799297172
26261,0.224981412530901,0.261273590148124,0.105865967633985,0.40787902968699
26262,0.677661213827352,0.111758589944144,0.0760876728062408,0.134492523422263
26263,0.0745545653494353,0.641140605108597,0.117266860905162,0.167037968636805
26264,0.178675133256802,0.193598485243241,0.219151292098877,0.40857508940108
26265,0.299931579774805,0.249367995994207,0.128195287100333,0.322505137130655
26266,0.181217132078711,0.236315510602316,0.290496023213511,0.291971334105461
26267,0.251266585369154,0.0503699318023205,0.519493500744221,0.178869982084304
26268,0.23401676933483,0.0292851687380129,0.549201538982651,0.187496522944506
26269,0.434995141756413,0.0970035412838803,0.165697322806134,0.302303994153573
26270,0.257348384492665,0.423407347550346,0.125784781808808,0.193459486148181
26271,0.203797446777806,0.12662678106978,0.545808038181235,0.12376773397118
26272,0.124064688234306,0.544229098154572,0.0876592505708876,0.244046963040234
26273,0.447429404454076,0.192952395836197,0.110304408759613,0.249313790950114
26274,0.676649577491671,0.128660833787057,0.0994872148260966,0.0952023738951756
26275,0.114943786139627,0.723567453414135,0.038191277029156,0.123297483417083
26276,0.19869190504095,0.0805547812804239,0.448243416592312,0.272509897086314
26277,0.0585912636054984,0.0534763929903987,0.484311135620771,0.403621207783332
26278,0.177529195916247,0.399082102936173,0.244686801372238,0.178701899775343
26279,0.164695756134246,0.303872628950592,0.379121434022125,0.152310180893036
26280,0.445668137532425,0.129179463477526,0.252966917920548,0.172185481069501
26281,0.301475987045554,0.284844026342546,0.211412830947738,0.202267155664162
26282,0.21343672816011,0.489097738570368,0.144977334181147,0.152488199088374
26283,0.23239499123864,0.214254610396855,0.323537661053944,0.229812737310561
26284,0.259498942029235,0.40021566139036,0.120251241472517,0.220034155107888
26285,0.176134283130248,0.211848443571847,0.441900923063587,0.170116350234318
26286,0.5593275294553,0.214482881461088,0.161388548847438,0.0648010402361744
26287,0.162841641116346,0.265155644118535,0.33539083872371,0.236611876041409
26288,0.204270092306226,0.336006398116839,0.292839464829894,0.166884044747041
26289,0.226090585447047,0.398848360159288,0.154707516643124,0.220353537750541
26290,0.182951220628386,0.190611279904345,0.511343474152481,0.115094025314788
26291,0.287539435516462,0.319227034709968,0.24255206449328,0.15068146528029
26292,0.179291833863476,0.273258466935074,0.300581679952837,0.246868019248613
26293,0.165023135492312,0.261000837870838,0.179686303109574,0.394289723527276
26294,0.182623510339589,0.536108238303776,0.205774459624972,0.0754937917316625
26295,0.205184473948291,0.282355815287258,0.274146414799568,0.238313295964884
26296,0.188315561808266,0.225152850983944,0.264284107179022,0.322247480028768
26297,0.203088441464177,0.164288423729667,0.395648764130714,0.236974370675442
26298,0.0938583387968653,0.135712228992455,0.679644795435016,0.0907846367756634
26299,0.0760395425663169,0.516819722073843,0.301206495160324,0.105934240199517
26300,0.211990857928008,0.104639126988703,0.43212173653174,0.251248278551548
26301,0.142418957591246,0.395454373238559,0.159371326424933,0.302755342745262
26302,0.0865567490711921,0.717314106881872,0.102463885936398,0.0936652581105385
26303,0.299212378264923,0.334620597353957,0.143635349634907,0.222531674746214
26304,0.125183491189913,0.119223366154931,0.454232726263867,0.301360416391289
26305,0.563304882113951,0.203446002015451,0.0496452885972443,0.183603827273354
26306,0.332130141859055,0.0584930765688889,0.110839137042738,0.498537644529318
26307,0.0690770380985029,0.527830779487855,0.316979662374084,0.0861125200395582
26308,0.320274688399155,0.0455581693756196,0.132344342103982,0.501822800121244
26309,0.0423927544458377,0.417766836464402,0.132954736291934,0.406885672797826
26310,0.0919476165818601,0.229986578422474,0.54619083256771,0.131874972427957
26311,0.505613750415364,0.267789022364729,0.109904559758993,0.116692667460914
26312,0.229260354142815,0.519205588694455,0.159818076881165,0.0917159802815656
26313,0.138768614375488,0.392474313120226,0.219936378843632,0.248820693660655
26314,0.0371617199389635,0.376685613171592,0.173117329089796,0.413035337799648
26315,0.456012574726049,0.118386363292766,0.0922367769349581,0.333364285046227
26316,0.123335443326155,0.0598845508569954,0.199971413015774,0.616808592801076
26317,0.161260035268927,0.24365761940932,0.125693987209694,0.46938835811206
26318,0.0743612601119008,0.151594254053102,0.233879099311339,0.540165386523659
26319,0.568244635725465,0.023758426705122,0.0847794275969266,0.323217509972487
26320,0.060329356941515,0.256506966683931,0.0800751486937848,0.603088527680769
26321,0.564826807743607,0.130178948890941,0.103024564357493,0.201969679007959
26322,0.501522249506667,0.147100191207253,0.16313415821694,0.188243401069141
26323,0.0419634287952913,0.666206496584972,0.172985632534205,0.118844442085533
26324,0.0923224750134612,0.141838356524441,0.0665959218637584,0.69924324659834
26325,0.160756546054915,0.0406036165448781,0.351686816934232,0.446953020465975
26326,0.734639945357318,0.0550993590793021,0.11612679707589,0.0941338984874901
26327,0.522611817423749,0.037168613513269,0.0265678272017876,0.413651741861194
26328,0.15824265086596,0.628173462409996,0.0244057247881371,0.189178161935907
26329,0.0704538490150741,0.0550376695932253,0.504829654087542,0.369678827304159
26330,0.0489877946440009,0.086849261180557,0.0789251498150959,0.785237794360346
26331,0.304298403758813,0.0567021959082489,0.0488237838742878,0.59017561645865
26332,0.0791094426216405,0.450230987723081,0.0275614421944333,0.443098127460846
26333,0.179200907123498,0.0385982038043465,0.144903470375895,0.637297418696261
26334,0.47282398794187,0.0380236971653928,0.0254660200907478,0.463686294801989
26335,0.145301059658641,0.363947220039103,0.346806232311942,0.143945487990315
26336,0.204076522412223,0.293539046979304,0.23801732275825,0.264367107850223
26337,0.491234415581918,0.0698879836609695,0.366218572465755,0.072659028291357
26338,0.0851267334942655,0.408924610625997,0.112812922723981,0.393135733155756
26339,0.132356589616435,0.472497580347061,0.1247912001175,0.270354629919005
26340,0.203529290298393,0.109253815759988,0.229860715588924,0.457356178352695
26341,0.0554747801585468,0.105847806777554,0.75955861085273,0.0791188022111689
26342,0.384558483109675,0.208693886720984,0.2819313966315,0.124816233537841
26343,0.267059467169202,0.355229948662805,0.246253894680214,0.131456689487779
26344,0.207909390278096,0.275653053707979,0.342294749184128,0.174142806829797
26345,0.324290959899731,0.133535210556268,0.471488403193005,0.0706854263509956
26346,0.0612811537380129,0.0944351927319599,0.114172006097474,0.730111647432553
26347,0.179941668011865,0.696250824213857,0.0413800912461721,0.0824274165281065
26348,0.0862669889335662,0.140974959818372,0.611975722752129,0.160782328495933
26349,0.0883435891080962,0.101509030102511,0.60007882839792,0.210068552391472
26350,0.201523633696602,0.117364118197325,0.266091586697488,0.415020661408585
26351,0.0363055738522082,0.521699412556241,0.280855913203819,0.161139100387733
26352,0.101036823472626,0.196274159658185,0.0973533961327846,0.605335620736405
26353,0.0646877998000413,0.436452086258277,0.111559786401468,0.387300327540214
26354,0.307695570797589,0.344807916966945,0.157299369294978,0.190197142940488
26355,0.164557185845313,0.154686841878671,0.228841926170169,0.451914046105848
26356,0.297777657801349,0.125969125414701,0.505826547227818,0.0704266695561315
26357,0.0666947780284587,0.23047708650146,0.340628563388707,0.362199572081374
26358,0.150005334214158,0.263209408114423,0.490685301126196,0.0960999565452235
26359,0.184121816516684,0.256109374804789,0.109358914121848,0.450409894556679
26360,0.279703157367016,0.383975227018982,0.212479098161807,0.123842517452196
26361,0.151218500540356,0.150823856005812,0.453413810564502,0.244543832889331
26362,0.213596685613125,0.157629191338123,0.177802033244091,0.450972089804661
26363,0.0455188552350155,0.424348362491449,0.139209570659527,0.390923211614008
26364,0.617963376232996,0.158942002245028,0.069915967441048,0.153178654080928
26365,0.0243641506171144,0.405696149728337,0.165370519460413,0.404569180194135
26366,0.331980111401726,0.16781724860613,0.298871921377911,0.201330718614232
26367,0.30735310193825,0.0743775165321421,0.0952450756713067,0.523024305858301
26368,0.126403220140605,0.0879409871004785,0.588163460979193,0.197492331779723
26369,0.0892731352731696,0.375348390503314,0.164722125287236,0.37065634893628
26370,0.643077120291451,0.158044666189204,0.0746846200214496,0.124193593497895
26371,0.0563719800265656,0.0720723311091737,0.201017372988949,0.670538315875312
26372,0.18512866265212,0.641420597010848,0.0712875497452412,0.102163190591791
26373,0.12393087166057,0.609647692298077,0.143993374787149,0.122428061254204
26374,0.153342549084289,0.135177953878785,0.224865507326708,0.486613989710219
26375,0.097930965080192,0.190286890365423,0.57932062979835,0.132461514756035
26376,0.514845389110357,0.188823114931295,0.122131404027801,0.174200091930547
26377,0.198824989395656,0.266608816014667,0.117801681377436,0.41676451321224
26378,0.13430145290537,0.100867307085034,0.373054287105153,0.391776952904443
26379,0.0769594446375298,0.137317738567804,0.675913745888906,0.10980907090576
26380,0.107048213121311,0.247462823071812,0.334487207045748,0.31100175676113
26381,0.663982447847012,0.0923753542140993,0.124273488704533,0.119368709234356
26382,0.257402405378785,0.198055927031341,0.252993637602876,0.291548029986998
26383,0.149997036501723,0.645499655457302,0.0834900346225184,0.121013273418457
26384,0.194593953420942,0.0839354392218566,0.401145416388638,0.320325190968564
26385,0.04050499400123,0.282219070814208,0.0718793170596035,0.605396618124958
26386,0.0430082637971872,0.118755661227427,0.513261505157711,0.324974569817675
26387,0.0873100957080482,0.134228991610617,0.221759859267263,0.556701053414073
26388,0.185867934253491,0.146188831148011,0.310994506354471,0.356948728244027
26389,0.115528338023457,0.45743556512279,0.214666395575282,0.21236970127847
26390,0.264540413475787,0.367821931363994,0.176051177020187,0.191586478140031
26391,0.230647203242382,0.174044704800839,0.529647999890622,0.0656600920661576
26392,0.201021817022725,0.321195958776107,0.357559966685177,0.120222257515991
26393,0.0933705443669817,0.266504907477176,0.316717788849992,0.323406759305851
26394,0.418671524237391,0.235512638346879,0.166893577281218,0.178922260134512
26395,0.550955667558164,0.150961393265642,0.0729787719402186,0.225104167235976
26396,0.306935966960698,0.217979708019065,0.219676321752567,0.25540800326767
26397,0.301580316436749,0.184253282738499,0.245464141447883,0.26870225937687
26398,0.225952249378824,0.252479066735932,0.0755632197643464,0.446005464120897
26399,0.19723830277641,0.489711494003247,0.105058605449046,0.207991597771297
26400,0.246861535637918,0.114478829790307,0.229609039691437,0.409050594880339
26401,0.19955875808819,0.302845013984212,0.28898632729314,0.208609900634458
26402,0.0346069068002958,0.562848910253769,0.172904970211714,0.229639212734222
26403,0.229517470749205,0.540986732103431,0.0810617733363432,0.148434023811021
26404,0.569251581025991,0.0767185829265747,0.13142082242137,0.222609013626064
26405,0.0643218477129118,0.698880787699005,0.0961757381665503,0.140621626421533
26406,0.24995420151953,0.0921640476734058,0.531190543675596,0.126691207131468
26407,0.143668605471373,0.154202077497696,0.3528415831409,0.349287733890031
26408,0.230845983340606,0.0973937163418453,0.375977774592744,0.295782525724805
26409,0.197867460444988,0.551940448450737,0.109572076318208,0.140620014786066
26410,0.0654226037598365,0.0720506182061622,0.548095178874395,0.314431599159607
26411,0.304294303113501,0.393465714994587,0.213565347136351,0.088674634755561
26412,0.31047002473302,0.286308708228876,0.298461967309553,0.104759299728551
26413,0.222593526770885,0.172275115601202,0.431539234776375,0.173592122851538
26414,0.173400244358744,0.298921304335516,0.298315090157408,0.229363361148332
26415,0.351507816327058,0.47363164747302,0.113707668858464,0.0611528673414573
26416,0.16998059481913,0.219367917225929,0.503729129140564,0.106922358814377
26417,0.214030614114485,0.403987088580336,0.175256667923534,0.206725629381645
26418,0.25557162827716,0.258858695781495,0.214400934127793,0.271168741813552
26419,0.176897229287944,0.345064431135764,0.282956749026591,0.1950815905497
26420,0.481984470440014,0.150828865138898,0.189744997934907,0.177441666486181
26421,0.589478410660433,0.202956580355163,0.132081476637835,0.0754835323465693
26422,0.291196337862005,0.150146389533428,0.310397604478258,0.248259668126309
26423,0.143740371235824,0.352914534437046,0.320901172820489,0.182443921506641
26424,0.487605773918736,0.174795258165863,0.150350077500961,0.18724889041444
26425,0.191427290466234,0.224564984799764,0.435149483880751,0.148858240853251
26426,0.175262753716481,0.168618310272532,0.426600628500525,0.229518307510462
26427,0.188885832778681,0.465467219947073,0.235361108023499,0.110285839250746
26428,0.29844099371798,0.400447011071471,0.127192764051854,0.173919231158696
26429,0.0699358829382906,0.636839714715226,0.200445486815992,0.0927789155304915
26430,0.232167979732707,0.306811426943112,0.380553089866505,0.0804675034576756
26431,0.329240426956999,0.41645489357163,0.206426081062268,0.0478785984091024
26432,0.124874776285052,0.540807506968525,0.237532884372733,0.096784832373691
26433,0.284834655078862,0.285737279343635,0.328665371065966,0.100762694511536
26434,0.250955218406168,0.386299161626327,0.236518275228237,0.126227344739267
26435,0.243314801687951,0.41340214044385,0.159122283203752,0.184160774664448
26436,0.484352978231281,0.16857766423589,0.266462871943066,0.0806064855897641
26437,0.132908271667752,0.176335517840088,0.587974176782086,0.102782033710075
26438,0.169853428644813,0.42263746164056,0.340372418143569,0.067136691571058
26439,0.174995195011929,0.125026740045785,0.640509020022424,0.0594690449198629
26440,0.191581210337012,0.46847337700989,0.251357043097702,0.0885883695553963
26441,0.156550449945805,0.6353416039029,0.121025600116268,0.0870823460350262
26442,0.53001881086319,0.204920808587541,0.101554764198833,0.163505616350437
26443,0.605948302827715,0.174449723185209,0.163661921047263,0.0559400529398131
26444,0.695188197499388,0.10239213629389,0.155015915035462,0.0474037511712598
26445,0.355623214569614,0.398235287086664,0.134570705909577,0.111570792434145
26446,0.466886535386937,0.367421179049117,0.0645820958854364,0.101110189678509
26447,0.278353210069144,0.333536377461098,0.306475034984768,0.0816353774849891
26448,0.278582536014858,0.270631135221923,0.334916742415616,0.115869586347604
26449,0.500091747252415,0.148713504519758,0.054093154526043,0.297101593701784
26450,0.323890943412103,0.158565229647566,0.0319462914875857,0.485597535452745
26451,0.297236822222542,0.349566348638906,0.231124245626549,0.122072583512004
26452,0.0638348316420193,0.385667420709074,0.182752689683916,0.367745057964991
26453,0.0450396759575218,0.134830957668901,0.632058274973013,0.188071091400564
26454,0.236748359818834,0.0465394557936964,0.268398150200492,0.448314034186979
26455,0.0710322221096965,0.349951951028183,0.0380353730938712,0.540980453768249
26456,0.111539591211955,0.11113503402429,0.199472710587026,0.577852664176729
26457,0.0890566289812672,0.161682046034108,0.3393445351958,0.409916789788826
26458,0.0880733622051105,0.35948155460692,0.0625100021762012,0.489935081011768
26459,0.0233016956480536,0.0421436014997354,0.454939639496539,0.479615063355672
26460,0.0467931675143237,0.2175967310523,0.0406732953940861,0.69493680603929
26461,0.0959590038950924,0.195354313067528,0.391556415880983,0.317130267156397
26462,0.404970356154508,0.275345365177349,0.03131831816569,0.288365960502454
26463,0.0495333471066654,0.0602512036083419,0.521345799721989,0.368869649563004
26464,0.0241477103203929,0.215318513968341,0.205223269629537,0.555310506081729
26465,0.0194992520201851,0.260261536210031,0.138963568487762,0.581275643282022
26466,0.109389678595896,0.442116103493874,0.0210383746307974,0.427455843279432
26467,0.537257391787576,0.0261381502845398,0.0147294085930227,0.421875049334861
26468,0.247410343049078,0.432288835788268,0.245746131515584,0.0745546896470708
26469,0.391584707907115,0.275503416121948,0.226969504759857,0.10594237121108
26470,0.1609441001799,0.336062977132556,0.36307958926249,0.139913333425053
26471,0.469413650440127,0.272887159564748,0.212398267824163,0.045300922170962
26472,0.0998984359007684,0.184359072587237,0.675531676864002,0.0402108146479927
26473,0.585524484893317,0.132380649849806,0.169317415312385,0.112777449944492
26474,0.0960554967492237,0.297166901911172,0.496514837550654,0.11026276378895
26475,0.313557700420638,0.179192317759507,0.313712095215187,0.193537886604668
26476,0.171907237779086,0.307961334183755,0.208180628090807,0.311950799946352
26477,0.169957445730636,0.20157630141622,0.48602988154418,0.142436371308964
26478,0.28464734522648,0.239747618436793,0.327769680343601,0.147835355993125
26479,0.196116959333215,0.271488374058962,0.400522787992596,0.131871878615228
26480,0.397288677143495,0.249030135108125,0.233316018632584,0.120365169115797
26481,0.186891110958914,0.171578498009274,0.460426984061568,0.181103406970243
26482,0.263526759746847,0.163289849860325,0.424758983544736,0.148424406848092
26483,0.248939605344453,0.358611122893998,0.194157530546645,0.198291741214904
26484,0.125567555255119,0.186012656107527,0.553691892696797,0.134727895940558
26485,0.123554301275992,0.594687625979284,0.193386928833189,0.0883711439115351
26486,0.274251776074765,0.20270367096084,0.177468793749179,0.345575759215217
26487,0.102537248915975,0.207449982403657,0.597068827261387,0.0929439414189814
26488,0.158853002579095,0.33043573746229,0.33241370953479,0.178297550423826
26489,0.284371531478667,0.242798412461671,0.302132765464031,0.170697290595631
26490,0.273284245509821,0.24825421424075,0.311979572584296,0.166481967665133
26491,0.325246452180871,0.382242178958952,0.220801660209094,0.0717097086510843
26492,0.216089881062143,0.435162646258258,0.244300003122073,0.104447469557526
26493,0.194568524357836,0.107693331849777,0.514058425710479,0.183679718081909
26494,0.37092830221776,0.34432958485023,0.147084540052345,0.137657572879665
26495,0.512491720958986,0.180092528140853,0.0688689107035369,0.238546840196624
26496,0.156556564534117,0.121598791155304,0.654769149058557,0.0670754952520221
26497,0.256832465249267,0.117264458280951,0.533095542506032,0.0928075339637499
26498,0.481223100261484,0.11860608808321,0.210385888624273,0.189784923031033
26499,0.239450802121786,0.1560984402723,0.356012309988219,0.248438447617695
26500,0.195013865975411,0.511890391472876,0.178812013558912,0.114283728992801
26501,0.444826227645742,0.165268501453473,0.188100081952754,0.201805188948031
26502,0.468099526205461,0.184368815676522,0.190390617401317,0.1571410407167
26503,0.125065195666622,0.569623534348383,0.219365778001833,0.0859454919831618
26504,0.0989304992942353,0.119101437168038,0.280235669745541,0.501732393792186
26505,0.0765264460637843,0.459196366089173,0.228104250089288,0.236172937757755
26506,0.0968029970743837,0.297616273233161,0.314742267943253,0.290838461749202
26507,0.560885764659104,0.167630780426574,0.084341853199679,0.187141601714642
26508,0.29306694296113,0.33611413538152,0.047944115011,0.32287480664635
26509,0.128348151054328,0.709218694845795,0.0363371305372043,0.126096023562672
26510,0.189599332010552,0.229320926777311,0.174372956276907,0.40670678493523
26511,0.0744509222608488,0.299403173041553,0.55266270015548,0.0734832045421184
26512,0.104897434435499,0.160521065097729,0.122228333243476,0.612353167223296
26513,0.10528285695251,0.353914363070088,0.423896170467768,0.116906609509635
26514,0.0884864089038328,0.415110421604507,0.148085923690188,0.348317245801472
26515,0.261356460807377,0.128168238451495,0.488372445404296,0.122102855336832
26516,0.17165497259443,0.0853713085250576,0.175395959745376,0.567577759135137
26517,0.1442718615169,0.339392427932355,0.137034333870785,0.37930137667996
26518,0.116535549820536,0.0587231876902156,0.35841302687586,0.466328235613388
26519,0.418475284058481,0.15272402053907,0.11242433881324,0.31637635658921
26520,0.584269482933312,0.106066032909895,0.0591393478686185,0.250525136288175
26521,0.134059838586594,0.42467837801722,0.0564012969058995,0.384860486490287
26522,0.827335855107298,0.0547184483911867,0.0375597412905166,0.0803859552109992
26523,0.0458000892140723,0.433470349511087,0.272701347467383,0.248028213807457
26524,0.320548413041404,0.0688831299418838,0.0688685890423749,0.541699867974338
26525,0.327415367724261,0.18129401700841,0.174921924748653,0.316368690518677
26526,0.189959234117123,0.517033910427957,0.213911958743813,0.079094896711107
26527,0.193730881306692,0.197319867823717,0.430255532235147,0.178693718634443
26528,0.0842048835671053,0.478866245540574,0.358527211562981,0.0784016593293403
26529,0.28297348943796,0.143930491707565,0.474183024510225,0.0989129943442495
26530,0.536596197197688,0.251909815992528,0.108839489672349,0.102654497137435
26531,0.108132945933745,0.254582114296042,0.473957999720353,0.16332694004986
26532,0.202357781308144,0.611921772055276,0.094174019451103,0.0915464271854774
26533,0.134503980649636,0.597193963216848,0.161322881270386,0.106979174863129
26534,0.607125865389094,0.141773387595243,0.16464029351733,0.0864604534983322
26535,0.0905371755546252,0.256037625897113,0.529269065313893,0.124156133234369
26536,0.161250433292155,0.131426263121394,0.217883998403897,0.489439305182555
26537,0.208492675828201,0.496735744175206,0.156878120836885,0.137893459159708
26538,0.0742022995921902,0.108622656914254,0.665907737572827,0.151267305920729
26539,0.0999034087467122,0.475491848852361,0.283688493285174,0.140916249115753
26540,0.321775274686116,0.34012046010587,0.203808813900014,0.134295451308
26541,0.373515173398913,0.112896387305928,0.0426724914512851,0.470915947843874
26542,0.309939197279885,0.244209689290645,0.17134986831454,0.27450124511493
26543,0.317173238546762,0.294675002177973,0.0443605685120082,0.343791190763258
26544,0.169294077049126,0.447323566282658,0.168141649269143,0.215240707399073
26545,0.23462870889326,0.204169316195034,0.141236520681224,0.419965454230482
26546,0.222182625030652,0.261219763829078,0.281430985394533,0.235166625745738
26547,0.495934640052988,0.133089538440462,0.0841348348263735,0.286840986680176
26548,0.462045173268679,0.162658161444852,0.287789770832542,0.0875068944539268
26549,0.127526817664577,0.169161488001505,0.545842483915119,0.157469210418799
26550,0.151873232904031,0.097791465649507,0.671605820037023,0.0787294814094399
26551,0.126036846010599,0.309058623750017,0.414980260991088,0.149924269248297
26552,0.309313045115967,0.157155134617818,0.233715497698988,0.299816322567227
26553,0.218909841059786,0.483072316696941,0.105372528794772,0.192645313448501
26554,0.319946509463982,0.351893834971998,0.254270171656401,0.0738894839076192
26555,0.13599282733895,0.0790076604273851,0.539675710298772,0.245323801934893
26556,0.17005265666189,0.161941966750756,0.223733638277502,0.444271738309852
26557,0.323632950233814,0.101950216765143,0.0724841885799472,0.501932644421096
26558,0.200339277171456,0.162678274723247,0.479016391497873,0.157966056607424
26559,0.290886505812204,0.310672750455461,0.0475955026958312,0.350845241036504
26560,0.132496682541395,0.159337433343299,0.465481053722558,0.242684830392748
26561,0.101317910238745,0.433602314025708,0.12895262433641,0.336127151399137
26562,0.095611004150534,0.308278010332199,0.413510369549096,0.182600615968172
