No,Ch1,Ch2,Ch3,Ch4
21566,0.20529405771962,0.224152092366279,0.461939950335135,0.108613899578966
21567,0.0942546387654054,0.549218259996367,0.241029634750215,0.115497466488013
21568,0.346147024827548,0.30869060152766,0.250412305027849,0.0947500686169429
21569,0.407992335550643,0.224725720782712,0.27753724198565,0.0897447016809954
21570,0.416137498497458,0.214319415380358,0.304115871720694,0.0654272144014893
21571,0.133872027875659,0.532031357785553,0.243387904072856,0.0907087102659317
21572,0.338206274232336,0.0641806321942833,0.445671334806527,0.151941758766854
21573,0.160803661172126,0.207385362331568,0.202891762255621,0.428919214240685
21574,0.245467629133887,0.23829551130532,0.383761135423603,0.13247572413719
21575,0.08464876853201,0.207301923477335,0.574889157750389,0.133160150240266
21576,0.246618218680932,0.204568495400392,0.330784026848326,0.21802925907035
21577,0.0993190722044217,0.268732650995839,0.565577570280173,0.0663707065195667
21578,0.34481332296883,0.265332258195334,0.218279549828754,0.171574869007082
21579,0.0701322850243286,0.216702185333286,0.183246070390703,0.529919459251682
21580,0.100819250025051,0.405381832000686,0.294409547132015,0.199389370842247
21581,0.305923881138059,0.108382463126391,0.289389785224619,0.296303870510931
21582,0.137904673790202,0.187299778771592,0.330485304449554,0.344310242988651
21583,0.106396200214866,0.171038064211337,0.286267858470599,0.436297877103199
21584,0.202665880994214,0.225883721652548,0.0686865115741033,0.502763885779135
21585,0.396535305225147,0.240635548555977,0.135504978098871,0.227324168120005
21586,0.235552743347992,0.280614447800322,0.313234709987293,0.170598098864393
21587,0.027226735443262,0.563946450104614,0.205321435700305,0.20350537875182
21588,0.0706250702176193,0.105126395856468,0.563216221242642,0.261032312683272
21589,0.138619362970795,0.121343791108281,0.556919174528697,0.183117671392227
21590,0.0243507599805824,0.229636877530205,0.513876147020035,0.232136215469177
21591,0.0235510466528454,0.299024081855315,0.398669863330706,0.278755008161134
21592,0.0679395366146324,0.282209502355621,0.0875332490874434,0.562317711942303
21593,0.631434051885946,0.13065949663501,0.157422909253972,0.080483542225072
21594,0.151517636152777,0.234580256063134,0.188330110921583,0.425571996862506
21595,0.287402250549081,0.17351751106951,0.0660844977390048,0.472995740642404
21596,0.153516530660662,0.576918141200456,0.128625502058996,0.140939826079886
21597,0.380414157475502,0.234363287411396,0.0422073196442402,0.343015235468862
21598,0.143447654569523,0.335176620381047,0.302679375915799,0.21869634913363
21599,0.243889403817572,0.453853728092008,0.217717127756376,0.084539740334044
21600,0.0749710213151977,0.167534914629725,0.0902745673950556,0.667219496660022
21601,0.0386852688614422,0.157763275007296,0.267353852081282,0.53619760404998
21602,0.0194022294466796,0.422198492542559,0.395203763450411,0.163195514560351
21603,0.572266306032635,0.0263507421561103,0.108159507281365,0.293223444529891
21604,0.0157657465142207,0.243850613563024,0.267701209253332,0.472682430669423
21605,0.247077553314566,0.0409985371631043,0.440613742698952,0.271310166823377
21606,0.209961792469707,0.0138424063830607,0.305038489437657,0.471157311709575
21607,0.419880723840442,0.0478757375553712,0.0612458141830375,0.470997724421149
21608,0.216881342535797,0.413864367381408,0.0103786788999267,0.358875611182868
21609,0.0383265796328647,0.0386687984645616,0.378945934568359,0.544058687334214
21610,0.254796516660949,0.252174751065518,0.0105491630087083,0.482479569264825
21611,0.0319129744068438,0.0192622433574411,0.577450946651867,0.371373835583849
21612,0.64896353027215,0.110843959288447,0.125659529352311,0.114532981087091
21613,0.0155289241444532,0.153588825370715,0.173306842195419,0.657575408289413
21614,0.060684073135203,0.412855176559669,0.235553754143285,0.290906996161842
21615,0.174368355359993,0.299954591671471,0.0133926954691753,0.512284357499361
21616,0.294083783156162,0.00896544224423015,0.522731054217788,0.17421972038182
21617,0.251988449712062,0.276498094340123,0.16922828734688,0.302285168600935
21618,0.0797175272719812,0.0457586753994348,0.172727531921224,0.70179626540736
21619,0.0710411295952251,0.0916300732692717,0.0301039455101384,0.807224851625365
21620,0.0339609418441149,0.772843132054761,0.0328392984107227,0.160356627690402
21621,0.174448386992862,0.284633908580947,0.104747404297198,0.436170300128993
21622,0.0509427041417701,0.0957189009581031,0.0894374898616876,0.763900905038439
21623,0.330509875767343,0.221715472057452,0.383376031444618,0.0643986207305874
21624,0.313704750773738,0.354136482759514,0.232143234467984,0.100015531998764
21625,0.145498291165395,0.167383094057435,0.617192628083282,0.0699259866938882
21626,0.319382431160604,0.263974360935632,0.327958468822401,0.088684739081363
21627,0.300224615617735,0.162681657207909,0.425280426537576,0.111813300636781
21628,0.113512870319516,0.286351402368676,0.556229680067212,0.0439060472445965
21629,0.26714306617299,0.337548780380597,0.26267670760358,0.132631445842833
21630,0.29920577855354,0.288549899776504,0.190687753024836,0.221556568645121
21631,0.136461948896374,0.355706088819507,0.487048594457184,0.0207833678269351
21632,0.232070007581476,0.181117064928135,0.47342806394074,0.113384863549648
21633,0.229620313691502,0.354006756416028,0.223995159597728,0.192377770294741
21634,0.298019793449201,0.490170609388282,0.17291604780348,0.0388935493590368
21635,0.166590358516556,0.471842898138698,0.313577068947244,0.0479896743975016
21636,0.42694889569217,0.211966425194938,0.252310104252002,0.108774574860889
21637,0.323019136916978,0.484796175965873,0.113458808762031,0.0787258783551179
21638,0.377778061568055,0.225577322028689,0.3133854576957,0.0832591587075558
21639,0.219754020440029,0.536185679811117,0.173211537631357,0.0708487621174979
21640,0.408076925233046,0.404667570449425,0.147671608843959,0.0395838954735692
21641,0.494091476094507,0.112249701921494,0.303277260904921,0.0903815610790793
21642,0.325992640025284,0.390539684819907,0.167923116280871,0.115544558873939
21643,0.153085158241996,0.312158188616128,0.341513250944463,0.193243402197414
21644,0.289021017431812,0.263946707146204,0.235793342597446,0.211238932824539
21645,0.111661673378141,0.610725500427066,0.153788052958445,0.123824773236349
21646,0.266508613471114,0.165866186599039,0.466798703834398,0.100826496095449
21647,0.176300357644389,0.292760921022799,0.416204732179611,0.114733989153201
21648,0.331961667334458,0.163730850342218,0.342050870942868,0.162256611380456
21649,0.498861029079887,0.163332941763947,0.263610284759198,0.0741957443969678
21650,0.293645998768176,0.39406634664105,0.166614461864548,0.145673192726226
21651,0.305794840795976,0.160020181608344,0.231227690377648,0.302957287218032
21652,0.0847044569292785,0.171172749171414,0.204912772113508,0.5392100217858
21653,0.542591985847982,0.127030542361729,0.225089936856179,0.10528753493411
21654,0.560758050358724,0.185285001400425,0.183991664905155,0.0699652833356956
21655,0.224194058782024,0.256866573360601,0.458151689555746,0.0607876783016284
21656,0.414967426239453,0.142733808420319,0.270053348219949,0.172245417120279
21657,0.537615621425975,0.112998863099774,0.187679590411449,0.161705925062802
21658,0.330472606779157,0.137645868227545,0.35472091896485,0.177160606028448
21659,0.533348622052013,0.200169600866266,0.0971048124752691,0.169376964606451
21660,0.109918161589866,0.147559455891164,0.231500020588041,0.511022361930929
21661,0.111041304283922,0.428726795395324,0.142938904768559,0.317292995552195
21662,0.077616485188439,0.461360242003632,0.245574645421484,0.215448627386445
21663,0.280090131280646,0.212814697231163,0.365650480152029,0.141444691336162
21664,0.0405135747184627,0.517095559386487,0.150895066872226,0.291495799022824
21665,0.266910644776618,0.302455186232926,0.204263522329985,0.226370646660471
21666,0.0830328208386362,0.30478091903079,0.3640695165168,0.248116743613774
21667,0.0452608234919488,0.400411076841704,0.356462154497462,0.197865945168885
21668,0.181605744766472,0.296398652438873,0.277776140936397,0.244219461858258
21669,0.38931825489618,0.180125057654027,0.0957620205119896,0.334794666937803
21670,0.174363922637277,0.35477569062785,0.183255992113564,0.287604394621309
21671,0.215858497824419,0.453253226220917,0.26741099385198,0.0634772821026845
21672,0.0805447921260091,0.234695866822564,0.461630253407203,0.223129087644224
21673,0.30291216885467,0.277211596842219,0.0719018514475696,0.347974382855541
21674,0.36873318033984,0.153435638454941,0.257633285199584,0.220197896005635
21675,0.392191236759245,0.142897591752078,0.111061177045524,0.353849994443153
21676,0.106660624680701,0.467686728756364,0.277528400533004,0.14812424602993
21677,0.374491310111727,0.0753914317972065,0.365425192386471,0.184692065704595
21678,0.216875924329713,0.556178519821704,0.155619929585586,0.0713256262629969
21679,0.192161258674105,0.437352332201088,0.110929805417723,0.259556603707084
21680,0.293298294349462,0.168227251038428,0.410118996341623,0.128355458270488
21681,0.281214095664752,0.0413359902883788,0.196912270494399,0.48053764355247
21682,0.351960809482647,0.243848996185648,0.0450070398483428,0.359183154483362
21683,0.281376715122668,0.0200241121998566,0.366570117186999,0.332029055490476
21684,0.379638081022556,0.0253740492566661,0.246745150224445,0.348242719496333
21685,0.104220111976209,0.293680422912002,0.0816573245840228,0.520442140527766
21686,0.0688927661141427,0.492462586942394,0.115546709774936,0.323097937168527
21687,0.15581149257482,0.133395371884483,0.333392612178593,0.377400523362104
21688,0.182172870522238,0.172011533885396,0.0444615892435599,0.601354006348806
21689,0.131794382706029,0.628964328788622,0.06526754778493,0.173973740720419
21690,0.660787889964099,0.186123297417683,0.0188497738592654,0.134239038758953
21691,0.113615528220546,0.435661314338208,0.0770137004546119,0.373709456986634
21692,0.0207118602928753,0.361654485873565,0.505042159755199,0.112591494078361
21693,0.0403365339428443,0.662034968806205,0.0513325504672659,0.246295946783685
21694,0.0628844435376145,0.377141955023714,0.0857600284844928,0.474213572954179
21695,0.426700202802178,0.288421950587547,0.103147645354237,0.181730201256039
21696,0.486006008258866,0.170345950465626,0.0193356520247656,0.324312389250742
21697,0.527287832844284,0.132923849876798,0.109364252182258,0.23042406509666
21698,0.0890802668476079,0.0296406498647945,0.770149833201216,0.111129250086382
21699,0.193018048619502,0.53858037450274,0.0549407169795351,0.213460859898223
21700,0.184485493759946,0.247536118060181,0.227906057536777,0.340072330643095
21701,0.318482759370232,0.181731617821333,0.166652374665025,0.333133248143411
21702,0.0608082101751492,0.602249554939093,0.0897488166283117,0.247193418257447
21703,0.108400587836677,0.371299925815469,0.0827698053738872,0.437529680973967
21704,0.0836225743134162,0.208099680765513,0.365663594899658,0.342614150021413
21705,0.212389466117637,0.0570005771144493,0.285640243298345,0.444969713469569
21706,0.103352712554913,0.383219213280439,0.0680107523248055,0.445417321839842
21707,0.0838508520570314,0.412875283292673,0.152317570621469,0.350956294028827
21708,0.0554296838578461,0.353944116669311,0.150352226335885,0.440273973136958
21709,0.267459827737656,0.161235250587025,0.0262664980854454,0.545038423589874
21710,0.28122493933817,0.0755826765744124,0.066074789606224,0.577117594481194
21711,0.0427081891014111,0.42771336247878,0.0977163156768159,0.431862132742994
21712,0.0520427541284394,0.283660913437962,0.0451501242031087,0.61914620823049
21713,0.62924318494173,0.066750437926736,0.0767258475199426,0.227280529611592
21714,0.0432207592894417,0.605166268260201,0.0486410996055661,0.302971872844791
21715,0.531993522330971,0.0824860626744274,0.1330467309688,0.252473684025801
21716,0.0738992561252456,0.0895723783978687,0.135209068462588,0.701319297014297
21717,0.259266885152068,0.0215397611380396,0.305370995066077,0.413822358643816
21718,0.323403614860208,0.36934892803316,0.0298058657908856,0.277441591315746
21719,0.17667634434221,0.18160332838163,0.188374056651733,0.453346270624428
21720,0.243830149504576,0.355111680052808,0.0389595969797157,0.362098573462901
21721,0.135395149791269,0.169055952673199,0.353144926827273,0.342403970708259
21722,0.587046999877786,0.164762029792833,0.0452706357060852,0.202920334623296
21723,0.0321260307407544,0.257499252583483,0.23717445667124,0.473200260004522
21724,0.284180806158645,0.19786423953235,0.202058686374906,0.3158962679341
21725,0.0416046302572653,0.127607458648159,0.244191976871727,0.586595934222849
21726,0.0228991181050922,0.311343477987111,0.315197057460239,0.350560346447558
21727,0.16719966417419,0.0755707570510032,0.565859921835217,0.19136965693959
21728,0.0757376951247547,0.115886549082096,0.278036486543662,0.530339269249487
21729,0.230860132727584,0.182296020648185,0.0935182618116313,0.4933255848126
21730,0.365044789577805,0.0353655457843247,0.0709078926236841,0.528681772014186
21731,0.151444842895948,0.146663040358654,0.427740204148424,0.274151912596974
21732,0.26597597208865,0.133013275582307,0.0543842573799482,0.546626494949095
21733,0.528527198240008,0.235571819348159,0.067364181138281,0.168536801273553
21734,0.0182332362187442,0.637481359783032,0.137236860725572,0.207048543272652
21735,0.132550686347613,0.26542449639738,0.026347757489926,0.575677059765081
21736,0.698882195125869,0.0435928988482573,0.0654490984646769,0.192075807561197
21737,0.313420973669502,0.419849645610774,0.218136545159178,0.0485928355605469
21738,0.313721482618242,0.372296156545665,0.243661122690749,0.0703212381453445
21739,0.490568569336772,0.200503788331435,0.241979993546079,0.0669476487857134
21740,0.160954851101948,0.452560072897645,0.331175406627639,0.0553096693727681
21741,0.422440177886565,0.328572718879856,0.14833583238782,0.100651270845759
21742,0.27403274367202,0.321920128636039,0.250072442406811,0.15397468528513
21743,0.238304097482973,0.534201975658723,0.0869720151775703,0.140521911680734
21744,0.222778323824155,0.391836600729511,0.320350162737963,0.0650349127083713
21745,0.212914673641298,0.176319646451805,0.469813873914389,0.140951805992508
21746,0.31139748286002,0.30995731852084,0.271165181945906,0.107480016673234
21747,0.534135307519923,0.129434752808621,0.271436743740522,0.0649931959309349
21748,0.249228856791522,0.546151869055719,0.114631927080443,0.0899873470723155
21749,0.23914258631681,0.374848030294289,0.263597828632783,0.122411554756118
21750,0.189137715528037,0.265104929940386,0.35859803685027,0.187159317681307
21751,0.56494343165456,0.211125463209329,0.190563518931053,0.0333675862050582
21752,0.391448918147716,0.137031083747979,0.28945312034155,0.182066877762755
21753,0.334358476610929,0.246179640548801,0.225200509865253,0.194261372975018
21754,0.211394566357169,0.536650331724418,0.0887351592481824,0.163219942670231
21755,0.214247602781771,0.309358090026179,0.289245540034147,0.187148767157902
21756,0.0517662085206642,0.258275257029011,0.118867962274082,0.571090572176242
21757,0.0862435033748471,0.459498297359553,0.012508902644345,0.441749296621255
21758,0.152102644102356,0.158303873721192,0.159069027876463,0.530524454299989
21759,0.368703768478018,0.390209676790021,0.100495725489615,0.140590829242346
21760,0.0851618348787518,0.0390197819189732,0.29238053570928,0.583437847492995
21761,0.100765338094505,0.11849861389658,0.383183233938744,0.397552814070171
21762,0.0179364122702901,0.804111245493705,0.00900536940694523,0.16894697282906
21763,0.33782006646158,0.0405608396566023,0.0159899601148565,0.605629133766962
21764,0.190622567429548,0.0276904778255643,0.505746592105167,0.275940362639721
21765,0.406553907537506,0.118738827772515,0.0726484699804312,0.402058794709548
21766,0.0339702478666054,0.289980422036108,0.0241423386455203,0.651906991451766
21767,0.0394102273545432,0.103728591395162,0.257188133720812,0.599673047529483
21768,0.13152859575395,0.164281269170806,0.328440431133052,0.375749703942193
21769,0.116471617521903,0.10903301822393,0.0437002765173144,0.730795087736853
21770,0.0401825882477167,0.391858231434907,0.137243666157423,0.430715514159953
21771,0.0102893768229399,0.0586972829756177,0.265221806870972,0.66579153333047
21772,0.0655389303410222,0.237542945131105,0.148474225333413,0.54844389919446
21773,0.0557753213663447,0.473349342066715,0.0220825417085695,0.448792794858371
21774,0.0113347915559585,0.0707936508861315,0.450061387020869,0.467810170537041
21775,0.231144526057375,0.276272519154167,0.189735762003825,0.302847192784633
21776,0.244234938722261,0.354610259545311,0.101809302069035,0.299345499663393
21777,0.0475351688095715,0.0228833777744089,0.617596412428941,0.311985040987079
21778,0.353180654604812,0.140787756521886,0.0866193116246503,0.419412277248652
21779,0.169594946674092,0.325121647450448,0.126295048498893,0.378988357376566
21780,0.165295344285799,0.113441062539685,0.394894654484159,0.326368938690357
21781,0.112898708201754,0.092258703286321,0.516875263928885,0.27796732458304
21782,0.478946561536144,0.020719153445226,0.302037149086282,0.198297135932348
21783,0.259150858248143,0.0561223291952161,0.208115579122356,0.476611233434285
21784,0.574072496265232,0.170294860773526,0.0564960561651124,0.19913658679613
21785,0.0994233679308672,0.614043606989062,0.185178198760168,0.101354826319903
21786,0.0678101014532078,0.0537574829019162,0.237102455076498,0.641329960568378
21787,0.0484761869460271,0.617215669690855,0.0738119048620241,0.260496238501094
21788,0.233446920962889,0.343916976065339,0.0316300017805855,0.391006101191186
21789,0.0594593135869419,0.214761364698219,0.241485281353621,0.484294040361218
21790,0.533545371650997,0.083738018001392,0.0476651721852486,0.335051438162362
21791,0.261296821461792,0.111006373322847,0.111063281901049,0.516633523314312
21792,0.044834413918793,0.300466745763744,0.358267308528861,0.296431531788602
21793,0.0770206677540637,0.211538610444822,0.486067936476938,0.225372785324176
21794,0.0439431522497742,0.612105988034459,0.185820952125157,0.15812990759061
21795,0.271276509422095,0.0261884232414012,0.533210835636731,0.169324231699773
21796,0.271354434921545,0.187433704579436,0.154884725724192,0.386327134774827
21797,0.280937367810933,0.291844055260202,0.120751451755868,0.306467125172997
21798,0.437961714202637,0.0421656101342953,0.227687186051856,0.292185489611212
21799,0.0445772015071172,0.056310626338143,0.272613817936728,0.626498354218012
21800,0.0632712302932966,0.0915811653673601,0.266192699548778,0.578954904790566
21801,0.171393228130342,0.125917553465464,0.151955726383963,0.550733492020232
21802,0.0249369695630113,0.185591414373655,0.334695529271302,0.454776086792032
21803,0.0720812462676622,0.0920477493748558,0.523369397948437,0.312501606409046
21804,0.164243931967019,0.473772377021184,0.0927612136727737,0.269222477339023
21805,0.48257826450425,0.0794190733827714,0.0821703026948354,0.355832359418143
21806,0.076205904352095,0.32806076196986,0.17734811524609,0.418385218431956
21807,0.137971983499984,0.343180406780344,0.12113875770441,0.397708852015262
21808,0.192393778110449,0.0795567955335884,0.13397714762356,0.594072278732403
21809,0.512525950556556,0.0329255601734018,0.0501252778128872,0.404423211457155
21810,0.793575625426637,0.0222129827430611,0.0706029007687933,0.113608491061509
21811,0.323811046986252,0.414942217483592,0.134252856387621,0.126993879142535
21812,0.101536939995792,0.0306585667597451,0.444490287849762,0.423314205394701
21813,0.353616559510508,0.33577694731297,0.191122034964545,0.119484458211977
21814,0.27047603368801,0.389418871048522,0.218714115563123,0.121390979700345
21815,0.408839780837337,0.105547555500162,0.273054522411659,0.212558141250843
21816,0.305353986204214,0.350351527870475,0.226168210403435,0.118126275521876
21817,0.129429328639145,0.203650287851727,0.587677268530432,0.079243114978697
21818,0.0777785108963786,0.0895429508286148,0.586074612617622,0.246603925657385
21819,0.402407138954688,0.190112706351031,0.139027369551435,0.268452785142846
21820,0.618582295402707,0.146885256491742,0.153253064141986,0.0812793839635642
21821,0.177440322741184,0.175365576533781,0.543019068636603,0.104175032088432
21822,0.404558216665262,0.412164404820691,0.112591161241862,0.0706862172721842
21823,0.173070570643155,0.495541025456874,0.152849113845834,0.178539290054137
21824,0.244761707361638,0.400394031729877,0.253431177696563,0.101413083211922
21825,0.0483673749090285,0.52019630436633,0.121276868586795,0.310159452137847
21826,0.276695548198664,0.301516879527543,0.333272507068293,0.0885150652055002
21827,0.0720217169605945,0.104743826152573,0.743567972539116,0.0796664843477169
21828,0.0884947743079407,0.434102586287519,0.217530428300638,0.259872211103902
21829,0.111962455708122,0.209823652924843,0.532123337515752,0.146090553851284
21830,0.109161896787477,0.0812204906630405,0.581287949357888,0.228329663191594
21831,0.253973208501093,0.310611199479168,0.163871074991809,0.271544517027929
21832,0.253780346096505,0.316594372318471,0.0612743148777735,0.368350966707251
21833,0.522648838755219,0.100396931431703,0.183296257955572,0.193657971857505
21834,0.613467624047047,0.122877218980737,0.0907858493634726,0.172869307608744
21835,0.119606267492563,0.347667473394554,0.102901217002236,0.429825042110647
21836,0.0573865626392535,0.125320086883421,0.485055190860073,0.332238159617253
21837,0.0753656344689452,0.0340640532939396,0.539434267983519,0.351136044253596
21838,0.2392404590731,0.059240237679643,0.428883250791142,0.272636052456115
21839,0.103462453032276,0.49482551670049,0.151880770534587,0.249831259732647
21840,0.752769352146327,0.0283081201920407,0.1041219584606,0.114800569201032
21841,0.467779198242463,0.103782837444569,0.0743186685034711,0.354119295809498
21842,0.0233942798841467,0.23572015204885,0.528244125899508,0.212641442167495
21843,0.488644947477492,0.0832960323339355,0.0499227729518187,0.378136247236754
21844,0.0313566713886034,0.531514457173652,0.0920294129003345,0.34509945853741
21845,0.25157017800441,0.0857876411905402,0.236344450202436,0.426297730602614
21846,0.0495916257078768,0.383274195389034,0.110158151719948,0.456976027183141
21847,0.247171455834101,0.0570539141791135,0.386344986734078,0.309429643252707
21848,0.0542009676834247,0.0990155386016179,0.0412790309530702,0.805504462761887
21849,0.57087466840348,0.167662906401157,0.0250953460189549,0.236367079176408
21850,0.48988745364129,0.06369816012312,0.0446752578237084,0.401739128411882
21851,0.186403422699191,0.563816104618308,0.134753386004479,0.115027086678022
21852,0.368895505278691,0.126726194910378,0.314488733909329,0.189889565901602
21853,0.13451511988351,0.204444203990588,0.43206981956936,0.228970856556543
21854,0.322730090728875,0.156421981045527,0.176835315650033,0.344012612575566
21855,0.112831558500863,0.540659244007644,0.148741905880959,0.197767291610534
21856,0.482446282251465,0.130545479356455,0.30954407264796,0.0774641657441199
21857,0.122662099105414,0.670625201835688,0.0662449517676534,0.140467747291244
21858,0.495584570222371,0.142792469268886,0.0896439561434434,0.271979004365299
21859,0.436440986869517,0.127371654054445,0.105558160786881,0.330629198289158
21860,0.563073187984284,0.1955432902413,0.161331064786138,0.0800524569882774
21861,0.28479856875904,0.107706381608539,0.486014390351461,0.12148065928096
21862,0.0566652578016729,0.381825168075186,0.393817745783668,0.167691828339474
21863,0.0787553087436115,0.285078861216755,0.18533483006166,0.450830999977973
21864,0.29062646170734,0.542323907601844,0.0423911105015184,0.124658520189298
21865,0.131825385768172,0.280718484704661,0.460703506582971,0.126752622944196
21866,0.207710701732905,0.146619242179518,0.488606343077145,0.157063713010433
21867,0.0916727001385039,0.144046478767111,0.181765084644404,0.582515736449981
21868,0.164726611322446,0.116426995414061,0.546095917993391,0.172750475270101
21869,0.308612471070503,0.0921295642115899,0.14802352634101,0.451234438376897
21870,0.262120119634257,0.343458744471314,0.232985527098312,0.161435608796117
21871,0.526172239169052,0.272206144898958,0.0788544884469192,0.12276712748507
21872,0.159517452379402,0.281806832918375,0.471891226239606,0.0867844884626173
21873,0.36766443504332,0.362504634063002,0.207722163386101,0.0621087675075773
21874,0.210894278168294,0.593422633275764,0.104513589864561,0.0911694986913799
21875,0.34433102264872,0.441910031378061,0.0894397683178597,0.124319177655359
21876,0.44832871523674,0.160664618930482,0.293665999891718,0.0973406659410605
21877,0.103083732378322,0.397469018233008,0.241475765556333,0.257971483832337
21878,0.263332314773994,0.46603430319608,0.213127355670615,0.0575060263593121
21879,0.451945440377702,0.290133130194612,0.0817250075227955,0.17619642190489
21880,0.304770768294811,0.206243011531476,0.376939825692939,0.112046394480775
21881,0.17397884682058,0.331499208670757,0.255649676075012,0.238872268433652
21882,0.240644610350667,0.319797827082516,0.208223306727719,0.231334255839097
21883,0.0948387988653823,0.384105144728887,0.278710524112947,0.242345532292784
21884,0.156922593112016,0.550868243223846,0.109132550850187,0.183076612813951
21885,0.121879811742547,0.411028922138845,0.152658789118204,0.314432477000405
21886,0.250182783471571,0.304081337789334,0.140768249177965,0.30496762956113
21887,0.229131103440993,0.148533850543966,0.398931980877867,0.223403065137174
21888,0.0634509000033318,0.362316015155536,0.437707517154258,0.136525567686873
21889,0.178580753820606,0.293449642644771,0.270757110110699,0.257212493423924
21890,0.172687899217596,0.263696531791702,0.181886065232932,0.38172950375777
21891,0.476307929786549,0.0558255559048084,0.309891545097896,0.157974969210747
21892,0.0931658103533909,0.342690220881541,0.0947215912453638,0.469422377519704
21893,0.158606337445958,0.313416979377567,0.118952984903144,0.409023698273331
21894,0.26122001152006,0.103426170980708,0.133864929044458,0.501488888454774
21895,0.0378336811919375,0.0665727546736432,0.734583086069287,0.161010478065133
21896,0.308180667848582,0.205629348125427,0.246583760725474,0.239606223300517
21897,0.232112224646195,0.330800110432394,0.167768823938348,0.269318840983063
21898,0.179148021514932,0.214200625805797,0.295072344335065,0.311579008344207
21899,0.259885885644766,0.123522549889459,0.501618500871109,0.114973063594666
21900,0.0776772444115174,0.0669873224648161,0.103235659094827,0.75209977402884
21901,0.161931728181333,0.661617603740288,0.0221005915333037,0.154350076545075
21902,0.0683054530905933,0.118210549077246,0.471463429167593,0.342020568664568
21903,0.0634551867145455,0.0981788149956636,0.426871479673618,0.411494518616173
21904,0.255203424243816,0.0638675114846358,0.187523433835531,0.493405630436017
21905,0.0180901481113387,0.534397853996015,0.161499512851724,0.286012485040923
21906,0.0639872272541799,0.177105053822129,0.069328668215916,0.689579050707776
21907,0.0517871732949513,0.335141451494714,0.105757808532362,0.507313566677973
21908,0.235716035371409,0.225177938826961,0.31642184639217,0.22268417940946
21909,0.309802914919187,0.170122528083585,0.283337317129578,0.236737239867651
21910,0.434498708694297,0.133414883852714,0.182379255023254,0.249707152429735
21911,0.150646994975603,0.576558603224017,0.159061278651237,0.113733123149143
21912,0.137931196467963,0.536221695015479,0.057571153499435,0.268275955017123
21913,0.0931364211234405,0.600949300104324,0.10638053960377,0.199533739168466
21914,0.13594713582762,0.136866795693792,0.174340648974635,0.552845419503953
21915,0.318642822105492,0.0864039173809187,0.297367437857705,0.297585822655885
21916,0.0476286870285694,0.0848852857695144,0.261848644372976,0.60563738282894
21917,0.145677133119127,0.139212282224831,0.221221067377352,0.49388951727869
21918,0.0967980149762771,0.103308592104508,0.673103121354021,0.126790271565195
21919,0.142885237318022,0.0770603619744705,0.604102405185039,0.175951995522469
21920,0.252519943815668,0.0770134618440216,0.13321991970535,0.53724667463496
21921,0.139274879414977,0.57378622411864,0.133759644802977,0.153179251663407
21922,0.449414194981891,0.227774389634439,0.0425769550735841,0.280234460310086
21923,0.16483661562663,0.089675601867005,0.166975761225953,0.578512021280412
21924,0.188025312685041,0.0745058173114655,0.224025458519166,0.513443411484328
21925,0.516101484998829,0.0674862813096941,0.166836355738397,0.24957587795308
21926,0.407687498071839,0.0984479228202039,0.0910266651012486,0.402837914006709
21927,0.124972502720709,0.15989672934381,0.439410466759921,0.27572030117556
21928,0.0921663465145826,0.536160449352715,0.0791425648638372,0.292530639268866
21929,0.116190675057496,0.154576292074348,0.165847993825358,0.563385039042799
21930,0.037784438553077,0.353944762670045,0.207269411671203,0.401001387105675
21931,0.165344078208348,0.390002222045317,0.0926696128035028,0.351984086942833
21932,0.100260022653152,0.0808092158269664,0.424936635612394,0.393994125907488
21933,0.093510090807754,0.397629040968269,0.0590777331348956,0.449783135089082
21934,0.11646209457307,0.301809593123794,0.153363914421437,0.428364397881699
21935,0.123568949470146,0.236070467940053,0.122523933379056,0.517836649210745
21936,0.140575878247167,0.255760464721385,0.14083606590309,0.462827591128357
21937,0.0596604116634664,0.147482360320598,0.538673037303514,0.254184190712422
21938,0.0318812245496468,0.35578248395213,0.145598322613378,0.466737968884845
21939,0.0549001274720131,0.322692154336237,0.0847927324454276,0.537614985746322
21940,0.309249932934554,0.164071673818081,0.0961414520154176,0.430536941231948
21941,0.135829588323972,0.0618817601495642,0.196905014602542,0.605383636923923
21942,0.0902819661646697,0.704768711578306,0.0693117022761345,0.13563761998089
21943,0.0525670467931957,0.284853467785546,0.0432732824644673,0.619306202956791
21944,0.0433484432574101,0.309241281135839,0.235139557260692,0.412270718346059
21945,0.084143075067587,0.238903856541507,0.0482382037633372,0.628714864627569
21946,0.448134737675199,0.183642454558855,0.104577844943044,0.263644962822903
21947,0.376027182947318,0.203432887583563,0.128799245869412,0.291740683599707
21948,0.0973338311272146,0.372048339694759,0.2170286302145,0.313589198963526
21949,0.121742388486433,0.31352034623842,0.114407122558135,0.450330142717012
21950,0.160251461994094,0.434998988071851,0.0987427163228966,0.306006833611158
21951,0.114645858924164,0.191662568444784,0.287170019304531,0.406521553326521
21952,0.339311968762803,0.0588323903270169,0.0662094896115737,0.535646151298607
21953,0.436913065477332,0.185866541321022,0.0547467604926455,0.322473632709001
21954,0.171795865929456,0.0715657345985484,0.0995090403228938,0.657129359149102
21955,0.297881028790211,0.0588432261748933,0.228174199823676,0.41510154521122
21956,0.0236144799480959,0.0747534572286961,0.149130249740379,0.752501813082829
21957,0.425611681045731,0.107263191485815,0.126631408389062,0.340493719079393
21958,0.0267385291855595,0.660511422087454,0.0923085861219742,0.220441462605012
21959,0.0725182524681526,0.081542287006577,0.0685898212594201,0.77734963926585
21960,0.0934632631112119,0.503771688634472,0.0223756699527004,0.380389378301615
21961,0.147814863284257,0.147501468078427,0.297088198451411,0.407595470185905
21962,0.718301520024907,0.0741119219340973,0.0477553729949093,0.159831185046086
21963,0.0731251479447456,0.389369824097232,0.278503753251662,0.25900127470636
21964,0.112172778172119,0.0178311465690917,0.677861631494822,0.192134443763967
21965,0.106944626409902,0.0589458347460045,0.318801302188466,0.515308236655627
21966,0.106641980014209,0.0600467348128228,0.366573796007513,0.466737489165456
21967,0.454675053609765,0.0270089575282474,0.199833608728972,0.318482380133016
21968,0.139564699604072,0.524572656612362,0.0544055552298548,0.281457088553711
21969,0.0255757392393913,0.15294483103808,0.241964379637345,0.579515050085184
21970,0.106190015814538,0.191658028766677,0.128141183189832,0.574010772228952
21971,0.282950313964935,0.258171998109721,0.3389214926178,0.119956195307544
21972,0.334468263197713,0.149348410810986,0.156521327199686,0.359661998791615
21973,0.329384105152941,0.147223238167348,0.0462571212529827,0.477135535426728
21974,0.428103593572765,0.17594296606055,0.0457123082219535,0.350241132144731
21975,0.0378824458223059,0.0875415764988762,0.286842632037536,0.587733345641282
21976,0.423473062311935,0.262361362414842,0.203022128212008,0.111143447061216
21977,0.130366363742204,0.312641327307287,0.190863392441926,0.366128916508583
21978,0.170312569628811,0.0385718886669382,0.220312940694238,0.570802601010013
21979,0.246947757998186,0.152438003103438,0.0440298500093187,0.556584388889057
21980,0.0594003138873291,0.502046957659702,0.0565446403496797,0.382008088103289
21981,0.0875448399736593,0.493897290333446,0.138775301853407,0.279782567839488
21982,0.124478492080638,0.196895719867551,0.156601017734176,0.522024770317634
21983,0.0302554918514343,0.047670611961208,0.215385180542091,0.706688715645267
21984,0.0942214423098523,0.317684149725702,0.131995062798496,0.45609934516595
21985,0.0650204079183614,0.444729146250102,0.218330881994323,0.271919563837215
21986,0.183468393855256,0.177343905817034,0.451923331983561,0.187264368344149
21987,0.0415983165842139,0.401273043651452,0.122761366961464,0.43436727280287
21988,0.278906001694325,0.239001161722702,0.163104559667173,0.3189882769158
21989,0.086180855019605,0.263291280292903,0.298190370334783,0.352337494352709
21990,0.0486225229151819,0.386417776037102,0.28747698155324,0.277482719494477
21991,0.210453998864956,0.224989594854664,0.224434772973372,0.340121633307008
21992,0.272712090044769,0.129460561327313,0.0874860299401542,0.510341318687765
21993,0.124147265475004,0.329759041382217,0.149756107597756,0.396337585545023
21994,0.199253540212366,0.447605670644972,0.276318558970826,0.0768222301718364
21995,0.0959761655629351,0.169922173457353,0.432445907135992,0.30165575384372
21996,0.250621120399568,0.209200479993809,0.0668162792071632,0.47336212039946
21997,0.322613270214983,0.134256393980001,0.230439630490113,0.312690705314903
21998,0.261178084279106,0.0938992881957019,0.081308996587306,0.563613630937886
21999,0.0820989403308276,0.531849712469013,0.211901681371491,0.174149665828669
22000,0.385734045534,0.0790793471399021,0.294343152220408,0.24084345510569
22001,0.175848491958653,0.594043923894708,0.134806874653028,0.0953007094936107
22002,0.123764448093773,0.411829830533723,0.110154837344556,0.354250884027948
22003,0.0910385098787564,0.233528239540043,0.382618816637774,0.292814433943427
22004,0.508469388550012,0.165955058824693,0.112237844784195,0.2133377078411
22005,0.352666814417924,0.128188912270266,0.130531278868037,0.388612994443774
22006,0.0713236531818557,0.272428417004638,0.176354709558447,0.47989322025506
22007,0.203655082171549,0.328251972406045,0.154759862309673,0.313333083112733
22008,0.0844934953709387,0.178457167955747,0.364343459037159,0.372705877636155
22009,0.306160189652938,0.130504199750789,0.144417084604684,0.418918525991588
22010,0.125002438541773,0.398839906980288,0.0785776662442884,0.397579988233651
22011,0.0912849259456602,0.35789390411391,0.105690113247151,0.445131056693279
22012,0.248003095643929,0.0948349992824781,0.136855623262591,0.520306281811002
22013,0.291773699283052,0.146965224100901,0.265158387951323,0.296102688664724
22014,0.087865999931253,0.0940593990432009,0.598489909577084,0.219584691448462
22015,0.0584918554118998,0.0854403221690064,0.265171725714857,0.590896096704237
22016,0.0488869037642638,0.316662015533977,0.051891688563605,0.582559392138154
22017,0.0884366503987064,0.65362434099307,0.0433680848722616,0.214570923735962
22018,0.222675595525303,0.121336678751178,0.235418621598718,0.420569104124802
22019,0.153046874129311,0.0896720900760436,0.178971999156476,0.57830903663817
22020,0.0975070169693368,0.0684263103844456,0.241928542109443,0.592138130536774
22021,0.0430022587836459,0.21529889376985,0.193314472112428,0.548384375334076
22022,0.57445138728993,0.0501352245813896,0.14075494375483,0.234658444373851
22023,0.364762484950586,0.0535000419729954,0.219931669232353,0.361805803844066
22024,0.248501847378975,0.0453818198264254,0.139772877606498,0.566343455188102
22025,0.401978113455135,0.151757603888881,0.0395168752951051,0.406747407360879
22026,0.580622939022253,0.0737422672138963,0.0381857406459538,0.307449053117897
22027,0.175384502075184,0.212929946379677,0.0573807641070963,0.554304787438043
22028,0.292013983473294,0.07121062875417,0.0222579711429149,0.614517416629621
22029,0.0324548591734123,0.0658329146444777,0.0478159106183005,0.85389631556381
22030,0.597292095963456,0.0175416207263501,0.207118871293427,0.178047412016767
22031,0.136184882819708,0.122634069907579,0.0495982119884997,0.691582835284214
22032,0.0533621065148855,0.151869145724471,0.0315139772172153,0.763254770543429
22033,0.029666925664676,0.0706479225178069,0.782386101520619,0.117299050296899
22034,0.650062759259519,0.0537721247416783,0.032580332136558,0.263584783862244
22035,0.0872871930216852,0.0616342583339694,0.0676259067713396,0.783452641873006
22036,0.461773593703592,0.193838908809601,0.0485125500828358,0.295874947403971
22037,0.0640362663273075,0.0722077949617086,0.0274863607171305,0.836269577993854
22038,0.0519994751649117,0.178828789722102,0.034655189657513,0.734516545455473
22039,0.351196455713322,0.317863401654814,0.0064351898044344,0.32450495282743
22040,0.116909998374044,0.299712525151983,0.101794395847738,0.481583080626236
22041,0.22042290464934,0.136575589923372,0.469986055343697,0.173015450083591
22042,0.240225162974197,0.330416417915142,0.219328067984146,0.210030351126515
22043,0.203817259286574,0.463116201997992,0.170688948935636,0.162377589779798
22044,0.0924411638476396,0.170371691667662,0.483909086028564,0.253278058456134
22045,0.163598366472,0.434055814479438,0.0971724876001322,0.30517333144843
22046,0.227926452897962,0.273659897324804,0.244576687347389,0.253836962429846
22047,0.188474799345926,0.473552575843145,0.0641889012591716,0.273783723551757
22048,0.146269225069459,0.687473539447556,0.0356566843739451,0.13060055110904
22049,0.201324033574929,0.514729060584897,0.0687581197094185,0.215188786130755
22050,0.278002317552118,0.251876819277229,0.373664579113635,0.0964562840570183
22051,0.069194896435205,0.109740316810774,0.556242247028277,0.264822539725744
22052,0.220614887982939,0.413427009266453,0.139670269805839,0.226287832944769
22053,0.0323961091907902,0.675853426129183,0.140417289162837,0.15133317551719
22054,0.0904700410086079,0.0818639126366104,0.611213392429906,0.216452653924875
22055,0.154692410905529,0.137817476123157,0.503390027193976,0.204100085777338
22056,0.233558440548916,0.0681497577244442,0.513202040194526,0.185089761532114
22057,0.225837273339017,0.231457376105729,0.181809601740691,0.360895748814564
22058,0.315737845797551,0.498604403145526,0.0797633763313998,0.105894374725522
22059,0.11746989243932,0.489921116701357,0.103089986754027,0.289519004105297
22060,0.146523236729049,0.197381715602949,0.0715867634549565,0.584508284213046
22061,0.0919079780863472,0.179683544101704,0.285065198700254,0.443343279111695
22062,0.168239892596783,0.274229219619223,0.338167922996926,0.219362964787069
22063,0.0156474377045816,0.577291829479158,0.171989271777843,0.235071461038418
22064,0.386404836285877,0.241869456803276,0.0929933594776726,0.278732347433174
22065,0.0981066994860489,0.136951128532461,0.351643564727601,0.413298607253889
22066,0.339025788713007,0.117312431864639,0.0903234395638634,0.453338339858491
22067,0.291699126249188,0.191776425012709,0.0256559094864888,0.490868539251614
22068,0.0982815589304799,0.730331079697973,0.00995933601947474,0.161428025352072
22069,0.0132351859925475,0.503587044606976,0.0425323898857648,0.440645379514711
22070,0.276921672480794,0.0248003406869671,0.114313552397596,0.583964434434643
22071,0.274287615082727,0.123959996181225,0.0687699762959499,0.532982412440099
22072,0.0245269148950472,0.547449294489819,0.291966917210825,0.136056873404309
22073,0.102745300258295,0.0904696925416465,0.198149542950548,0.608635464249511
22074,0.0213948910357611,0.610088152818662,0.149862487391015,0.218654468754562
22075,0.0325118025543159,0.241194383954468,0.109241934317362,0.617051879173855
22076,0.622171334213084,0.116659333793634,0.0528438906925782,0.208325441300704
22077,0.134179747468966,0.0749658628091162,0.0744236603561762,0.716430729365742
22078,0.274563250353342,0.120193821172821,0.0740740618234409,0.531168866650396
22079,0.358377212083594,0.0210760190222401,0.0677812738857748,0.552765495008392
22080,0.0738396942579351,0.0387962933029738,0.438668881694892,0.448695130744199
22081,0.0974093731259946,0.516219900660543,0.0843443828307024,0.30202634338276
22082,0.576194540662323,0.104127975223646,0.087311219069685,0.232366265044347
22083,0.0118976874871804,0.510983558195009,0.077889972653027,0.399228781664784
22084,0.108157054184984,0.0715318556451863,0.0318877899471345,0.788423300222696
22085,0.238530438484613,0.108447318092135,0.125022361290046,0.527999882133207
22086,0.0247032972994999,0.360367174466903,0.0264756372271565,0.58845389100644
22087,0.0212030454955699,0.0312543405240886,0.356926390994005,0.590616222986336
22088,0.059053152109887,0.0655647989363903,0.111560796138995,0.763821252814728
22089,0.0056979653782736,0.501886849444254,0.106554377173359,0.385860808004114
22090,0.0782051080407499,0.158831102352453,0.153798862774709,0.609164926832088
22091,0.0267016753723019,0.0806370586561771,0.602833692478372,0.289827573493149
22092,0.651703284903577,0.110675242381504,0.0179233339903449,0.219698138724575
22093,0.0410965948076829,0.0580665765496697,0.437805536637831,0.463031292004816
22094,0.060704697611091,0.0547837120608857,0.218788891227219,0.665722699100805
22095,0.0302608599838045,0.181950687357294,0.0898835149080493,0.697904937750852
22096,0.106223448815908,0.0110600800675999,0.686763499892464,0.195952971224028
22097,0.463641372100121,0.011594669570047,0.0393432176545607,0.485420740675272
22098,0.233590181856288,0.0724268205197343,0.521930975562186,0.172052022061791
22099,0.0414219907038391,0.31859916287393,0.230394361112821,0.40958448530941
22100,0.0547437774552901,0.187257875178274,0.530353507341997,0.22764484002444
22101,0.438052088356791,0.236910793635456,0.0851528112053069,0.239884306802446
22102,0.0836264533968224,0.343876694237327,0.122500225940059,0.449996626425791
22103,0.266939869229237,0.246136474416693,0.206101750470186,0.280821905883885
22104,0.346731593373964,0.249530314546984,0.0543581070108679,0.349379985068184
22105,0.0251885627770546,0.264845013323155,0.31282175507687,0.397144668822921
22106,0.701192594510493,0.129886873925197,0.0317574641387218,0.137163067425588
22107,0.103377558006523,0.0587734682857002,0.510167121816561,0.327681851891215
22108,0.246249024840807,0.0808758968818513,0.269474548819576,0.403400529457765
22109,0.221852168687614,0.465344823628939,0.112180463225664,0.200622544457783
22110,0.0592501557910353,0.0619324024586118,0.142021785609413,0.736795656140941
22111,0.354395453148811,0.10003644913874,0.115093427808031,0.430474669904418
22112,0.0240732134412275,0.217725701514183,0.391676995466712,0.366524089577877
22113,0.0369647228608583,0.418435746081162,0.173979405750273,0.370620125307707
22114,0.124321274558841,0.0823485222768218,0.149898964690296,0.643431238474042
22115,0.100467030577792,0.123941482793945,0.0462891507033325,0.72930233592493
22116,0.035944590751117,0.187088443363101,0.424386956125612,0.35258000976017
22117,0.291648332662317,0.0670338435602255,0.519613721027536,0.121704102749921
22118,0.58418165764594,0.111400285646909,0.110635182571634,0.193782874135516
22119,0.0801700879460002,0.525647332683916,0.128081632917799,0.266100946452285
22120,0.161373796394241,0.125626044175806,0.411267738470266,0.301732420959687
22121,0.0557001089076039,0.283798284414146,0.130089336811489,0.530412269866761
22122,0.0992562009611968,0.318571198065367,0.4508800642651,0.131292536708337
22123,0.0910881308359958,0.325050241952431,0.284133800040363,0.299727827171211
22124,0.058616039525778,0.364188220209329,0.246351210794581,0.330844529470313
22125,0.201422066040834,0.144707351721558,0.0988179973473234,0.555052584890284
22126,0.203022701764002,0.11166006016266,0.235310433016015,0.450006805057323
22127,0.446916781371946,0.196938828149167,0.075699391579641,0.280444998899246
22128,0.319424668752052,0.222098865927499,0.171466090192908,0.287010375127541
22129,0.0394690689619872,0.102066958520183,0.135414823115363,0.723049149402467
22130,0.0734131835390351,0.213320207622592,0.477262237821181,0.236004371017192
22131,0.68494902801058,0.111693038451822,0.0974128856012101,0.105945047936388
22132,0.104970561155141,0.188179352987157,0.380006137010744,0.326843948846958
22133,0.0439779804601896,0.111657789913502,0.472071932997771,0.372292296628537
22134,0.27354204870576,0.102840900468278,0.0963768496635839,0.527240201162378
22135,0.553049571382322,0.0404113842319627,0.0451944665037225,0.361344577881992
22136,0.293429213623462,0.146958303444919,0.0710670361915353,0.488545446740083
22137,0.262265093853649,0.0776482911979004,0.183604237613825,0.476482377334626
22138,0.206477533572716,0.214309391792564,0.164057773788273,0.415155300846446
22139,0.129907751530023,0.409693920246495,0.132553950471188,0.327844377752294
22140,0.0431991160749188,0.0431060976309191,0.404793361928973,0.508901424365189
22141,0.0357747709159404,0.191843433539252,0.170061334971122,0.602320460573686
22142,0.131012883615304,0.0478010226100369,0.587779728988431,0.233406364786228
22143,0.287845557895904,0.0984078324617582,0.20259562404999,0.411150985592348
22144,0.015243353435317,0.191148771613377,0.552733149342685,0.240874725608621
22145,0.053255441348472,0.129689264567921,0.256352001584992,0.560703292498615
22146,0.247001836215507,0.0411783267500296,0.261367280248669,0.450452556785794
22147,0.32809320954027,0.061698492047782,0.127013215196066,0.483195083215881
22148,0.207653189645546,0.080069617872934,0.11562323860897,0.59665395387255
22149,0.0527457744627855,0.242685376068779,0.0151533311317973,0.689415518336639
22150,0.0433444714755554,0.0513262456368343,0.73964079687601,0.165688486011601
22151,0.145191307235557,0.0259164618203769,0.268549384130831,0.560342846813235
22152,0.114351942125564,0.0853719478262961,0.0234098718943303,0.77686623815381
22153,0.0162291744169289,0.220093333491651,0.502247275903669,0.261430216187751
22154,0.0584833664465899,0.41798415567102,0.0926147606675542,0.430917717214835
22155,0.116207278352221,0.148981801117066,0.303555491255392,0.431255429275322
22156,0.127032830503356,0.374224238408107,0.0973225789388661,0.40142035214967
22157,0.0724481931519837,0.34093787085874,0.252070915530162,0.334543020459115
22158,0.0826594083812665,0.276474410000699,0.124565235724982,0.516300945893053
22159,0.101112500572409,0.136419121476965,0.354331916234873,0.408136461715753
22160,0.126662179538537,0.247045484818762,0.124587584852229,0.501704750790472
22161,0.0434202461600748,0.194213800817283,0.140056530325409,0.622309422697234
22162,0.0770820666095888,0.224466986325135,0.159071180510808,0.539379766554468
22163,0.281387350466142,0.0549806606314828,0.0538025628978534,0.609829426004522
22164,0.0402566011612946,0.0394919035631086,0.385304585277724,0.534946909997873
22165,0.0529787169963292,0.360267560179996,0.114100994120603,0.472652728703072
22166,0.502395233961065,0.327011089617621,0.0317121630831985,0.138881513338116
22167,0.263116679854753,0.160906831240796,0.155999552554625,0.419976936349826
22168,0.120148799580449,0.108892261057038,0.206959203677466,0.563999735685047
22169,0.248169341308851,0.0329360653884347,0.123620483491038,0.595274109811676
22170,0.0397441301390985,0.117774445167975,0.574324324369271,0.268157100323656
22171,0.0508209832280121,0.212238219043132,0.221216631998817,0.515724165730038
22172,0.0320937058127225,0.0656916947999898,0.0468595361986775,0.85535506318861
22173,0.0911801748623321,0.470528684840459,0.0371795135937102,0.401111626703499
22174,0.505106183037625,0.134445539204953,0.0765321989399035,0.283916078817519
22175,0.0712648126456049,0.37748679535722,0.14956390237123,0.401684489625946
22176,0.224892918702474,0.0735983796329242,0.258458519781951,0.443050181882651
22177,0.108784586101911,0.100648721559418,0.203228348192634,0.587338344146037
22178,0.173891028445905,0.404313167472282,0.13475186537744,0.287043938704373
22179,0.0441787721634559,0.329769504478098,0.0505536091958215,0.575498114162625
22180,0.228279342520724,0.0692654286087362,0.53329174078291,0.169163488087629
22181,0.103332863658085,0.476074379850947,0.073413126254222,0.347179630236747
22182,0.333501045290008,0.0819216216636243,0.258646901022984,0.325930432023383
22183,0.150799019255003,0.467087274294105,0.0833658222869234,0.298747884163969
22184,0.269533920606928,0.0449596173683525,0.0647487637190994,0.62075769830562
22185,0.112915912879449,0.258183074122169,0.0352351916053857,0.593665821392996
22186,0.0502967984653522,0.458688918552641,0.0822935484012488,0.408720734580758
22187,0.0579173300311524,0.126854626986235,0.066072781601214,0.749155261381399
22188,0.221077991070235,0.122799809529028,0.265408468987449,0.390713730413288
22189,0.146599619840229,0.0216070757009397,0.42161561423985,0.410177690218982
22190,0.0293437709426227,0.397258502385116,0.117492503495732,0.455905223176529
22191,0.172115017933094,0.092831669257322,0.478956654652286,0.256096658157299
22192,0.0777923313753564,0.0945557578433723,0.14391749040496,0.683734420376311
22193,0.0652005184239616,0.168346609028684,0.0685709068588944,0.69788196568846
22194,0.220852985964477,0.298251148776881,0.0138424705133502,0.467053394745292
22195,0.240869598335604,0.585291542640514,0.106396607686934,0.0674422513369481
22196,0.26866637855088,0.019313215934747,0.0641614643476548,0.647858941166718
22197,0.084179049368807,0.412178856252698,0.0255778893523348,0.478064205026161
22198,0.0383298820278556,0.0264120837819391,0.0526563437649006,0.882601690425305
22199,0.571319904655033,0.0590972130124549,0.0527629636996657,0.316819918632846
22200,0.390799421258962,0.0826097779338929,0.0820402883290133,0.444550512478132
22201,0.181574544202559,0.411735905131672,0.129020512687465,0.277669037978303
22202,0.520044279995136,0.201601911034123,0.0291983258288424,0.249155483141899
22203,0.455477088596938,0.305560742292742,0.0324211998575355,0.206540969252786
22204,0.056145189509077,0.21394587496351,0.0138097665457214,0.716099168981692
22205,0.279807825546518,0.264062297843331,0.074821546703734,0.381308329906417
22206,0.0347400992866269,0.117229866382882,0.42765882882908,0.420371205501411
22207,0.0491165150330898,0.0375679243095896,0.248541369835688,0.664774190821633
22208,0.159441920282519,0.502399601021183,0.0244474686834204,0.313711010012878
22209,0.0704360108787387,0.0779122249270238,0.0219634137335936,0.829688350460644
22210,0.0659060989890894,0.122612603865016,0.0911136439651744,0.720367653180721
22211,0.0407796015806141,0.253487980656875,0.0140071951307007,0.69172522263181
22212,0.0247339222151877,0.334338380139069,0.2977419526268,0.343185745018944
22213,0.0557149648134272,0.219243321585402,0.201324169647623,0.523717543953547
22214,0.0286924959556891,0.16397651042101,0.356888666590198,0.450442327033104
22215,0.0424370573003059,0.0761344463412302,0.674028790701385,0.207399705657079
22216,0.348751858428722,0.139753099878918,0.105600362090255,0.405894679602106
22217,0.113070394999735,0.0722074315176059,0.4798360696658,0.334886103816859
22218,0.0485248524188227,0.357956433905504,0.0213853490313898,0.572133364644284
22219,0.343498592339076,0.0354692928606426,0.120928367355491,0.50010374744479
22220,0.700357466901415,0.0247897867436158,0.062544954004156,0.212307792350814
22221,0.0269190556418156,0.232512419447724,0.0848679402486604,0.6557005846618
22222,0.691090018461018,0.0654366844203435,0.0405410632845745,0.202932233834064
22223,0.15590403493102,0.317694435386964,0.0459882315235203,0.480413298158497
22224,0.197796745199529,0.0489212346437221,0.107310075874663,0.645971944282086
22225,0.565898411001561,0.171459852439798,0.0971498577619817,0.16549187879666
22226,0.0805614353254599,0.0350042476025557,0.583216050435476,0.301218266636508
22227,0.519606309198663,0.171525748085315,0.0897970084484378,0.219070934267584
22228,0.0191385626241959,0.582292429032845,0.0872778039178004,0.311291204425159
22229,0.202084334759223,0.29763600688059,0.0541364506801777,0.446143207680009
22230,0.0624686357497819,0.057200149694159,0.669774027769628,0.210557186786431
22231,0.409009047498765,0.169047463764925,0.236231185783176,0.185712302953134
22232,0.298809955288633,0.312458048357997,0.070813101494744,0.317918894858626
22233,0.193098022690968,0.102551193239844,0.303569691895298,0.40078109217389
22234,0.228902787865682,0.298009330239502,0.135012719417699,0.338075162477116
22235,0.21481811778533,0.0842216895034191,0.203796053860357,0.497164138850894
22236,0.495693872264058,0.188497364751221,0.121560074503254,0.194248688481467
22237,0.239248223579733,0.0790450994537121,0.348682073469108,0.333024603497447
22238,0.0551431225261952,0.269524147074033,0.294767585487091,0.380565144912681
22239,0.190277402379528,0.336985242646722,0.183592539924662,0.289144815049089
22240,0.162548579841591,0.141062385644213,0.263718103075842,0.432670931438354
22241,0.350515393391253,0.101932453677751,0.139055408303124,0.408496744627872
22242,0.321328433889064,0.224265435620392,0.0685748079010616,0.385831322589483
22243,0.045810017357657,0.52407256823229,0.070032474711614,0.36008493969844
22244,0.200774311509348,0.371532502172356,0.189246045734618,0.238447140583678
22245,0.380914002405376,0.134278778928488,0.0815145016553251,0.403292717010811
22246,0.178504553147235,0.407995695578079,0.0785234026449589,0.334976348629727
22247,0.0964654228778624,0.107396140854397,0.470160049502149,0.325978386765592
22248,0.414362900642746,0.160425921584226,0.284209149029509,0.141002028743519
22249,0.0627262246417857,0.15169925293692,0.175116350944947,0.610458171476348
22250,0.445342569914639,0.050575686029959,0.189811879845342,0.31426986421006
22251,0.111819768028666,0.123179834318457,0.495830334315948,0.269170063336929
22252,0.112969048265581,0.0659442480795406,0.521405849382933,0.299680854271946
22253,0.160620927995545,0.527650633180624,0.0398082580414361,0.271920180782395
22254,0.0840469837693621,0.14396470216493,0.250306382186696,0.521681931879013
22255,0.0419481670837318,0.022228975282608,0.536653445365989,0.399169412267671
22256,0.295817285388868,0.0397886895672484,0.244772857741294,0.419621167302589
22257,0.580064528716463,0.0541529222535087,0.17934089902435,0.186441650005678
22258,0.0437822931634311,0.603664763970432,0.148164411822228,0.204388531043909
22259,0.195840844472699,0.0736493123954675,0.134256510280074,0.596253332851759
22260,0.0274557939546371,0.0471621305712251,0.453832262090084,0.471549813384054
22261,0.317103037982426,0.0532594734488857,0.206081774983809,0.423555713584879
22262,0.479688371159564,0.228640054553239,0.0752921387788609,0.216379435508336
22263,0.0531803868615114,0.488263031748726,0.0146095974989268,0.443946983890836
22264,0.448948702582486,0.208840903747167,0.0764007673465987,0.265809626323749
22265,0.158044061479173,0.131291357013433,0.517620373665595,0.1930442078418
22266,0.0671219951234523,0.0386568084766987,0.298617341770186,0.595603854629663
22267,0.0395897275448947,0.0328718628146834,0.620912570686683,0.306625838953739
22268,0.299974500611754,0.145114634447089,0.0929228454299261,0.461988019511231
22269,0.253960132890714,0.55270305595217,0.10204884383186,0.0912879673252566
22270,0.100449090717706,0.342380223513832,0.35384894313803,0.203321742630432
22271,0.21715620023699,0.307777307339327,0.362854614108188,0.112211878315496
22272,0.222126826120562,0.437758219406038,0.184782648504314,0.155332305969086
22273,0.225096423416036,0.192457215935197,0.320163124389579,0.262283236259187
22274,0.164658545952194,0.577421127760664,0.093657099458671,0.164263226828471
22275,0.154277181837903,0.553969299711589,0.139912279097554,0.151841239352954
22276,0.0549296507646065,0.0982238364567273,0.589148995751426,0.25769751702724
22277,0.30611793803514,0.16650242985964,0.454980406858747,0.0723992252464733
22278,0.110893760324497,0.367512767597084,0.278816348739934,0.242777123338485
22279,0.356779258703108,0.190331364625405,0.176692454910482,0.276196921761004
22280,0.178161459146865,0.07900738963438,0.351579473961588,0.391251677257166
22281,0.654961553063519,0.108594871473238,0.127251298376367,0.109192277086877
22282,0.0892979951798911,0.275381925836985,0.571151793620073,0.0641682853630502
22283,0.0992134142190358,0.305190782690438,0.102195658277649,0.493400144812877
22284,0.285384676890299,0.163698151534726,0.429788895467583,0.121128276107392
22285,0.0720985830757578,0.33152816778388,0.186480624508562,0.409892624631801
22286,0.108053848411784,0.0784721376363054,0.603065415002055,0.210408598949856
22287,0.337149085833786,0.237190886100415,0.0806324257607449,0.345027602305054
22288,0.202884020929963,0.364936090931062,0.180443867960862,0.251736020178113
22289,0.194589849265902,0.242356233980218,0.317259977519043,0.245793939234838
22290,0.542920194468599,0.129744810289245,0.236586122526894,0.0907488727152624
22291,0.531890125500618,0.0923214484887483,0.134377671316745,0.241410754693889
22292,0.136950207693429,0.326065600372376,0.271306291815329,0.265677900118867
22293,0.270071619321353,0.261816680729734,0.155207223268646,0.312904476680267
22294,0.27375984952584,0.173542856482234,0.0946340739593933,0.458063220032533
22295,0.0854535817139395,0.315511297489581,0.333461367309512,0.265573753486968
22296,0.237056451204313,0.0762626433521682,0.228919277848156,0.457761627595362
22297,0.221578163476266,0.188315680620171,0.275058829260958,0.315047326642606
22298,0.132096820349138,0.173597931886377,0.420595923831416,0.273709323933069
22299,0.0528516745292248,0.541346899299504,0.0881767600393038,0.317624666131967
22300,0.555619942094317,0.152429271609742,0.0808875268787562,0.211063259417185
22301,0.0955072855666719,0.154500097507786,0.582331975203344,0.167660641722198
22302,0.117776635367355,0.408176325035194,0.138751474662648,0.335295564934803
22303,0.363342443835773,0.08522667047866,0.115762706108639,0.435668179576927
22304,0.227418281944829,0.269185791581576,0.0421501107173071,0.461245815756288
22305,0.207979988039703,0.175288786636999,0.290288956007764,0.326442269315535
22306,0.181385581127186,0.125412139787784,0.535276357832937,0.157925921252093
22307,0.0624195036472889,0.258663403845325,0.0464871989626568,0.632429893544729
22308,0.109300576185529,0.210343060487955,0.169474049105445,0.510882314221072
22309,0.362788996011999,0.0760264146906779,0.0223027183746393,0.538881870922684
22310,0.216106758956528,0.0286638205267348,0.13428669987653,0.620942720640208
22311,0.131194989784468,0.229230317924627,0.154335027917496,0.48523966437341
22312,0.597720207848438,0.0792304744976203,0.0459439543084959,0.277105363345447
22313,0.366487805219606,0.192073764684823,0.0460867857967308,0.39535164429884
22314,0.316727661108649,0.175492725552235,0.154617689057766,0.353161924281349
22315,0.0840245852759078,0.25641421070408,0.119076906225142,0.540484297794871
22316,0.0266033554736743,0.308164577333352,0.104767331076703,0.56046473611627
22317,0.0429732800105717,0.363714607151458,0.0746894671828303,0.518622645655141
22318,0.110649596028148,0.026234852862743,0.524954094602221,0.338161456506888
22319,0.284511241251574,0.14788076600461,0.041609827961179,0.525998164782637
22320,0.0876876554504865,0.334701200115535,0.274757579150865,0.302853565283114
22321,0.119846003139983,0.0942728622583443,0.086820842344568,0.699060292257104
22322,0.02645353319362,0.0674175483905867,0.399378617639709,0.506750300776085
22323,0.012902614966328,0.194161339251109,0.0641059770493352,0.728830068733228
22324,0.0386804605289221,0.380894200896712,0.233772955340366,0.346652383234
22325,0.103888895366936,0.10693923118843,0.0312124855579564,0.757959387886678
22326,0.302778949039035,0.104878295709502,0.165570058150713,0.42677269710075
22327,0.353188444057613,0.171903203439688,0.389268100542283,0.0856402519604153
22328,0.309471103815024,0.131041098967553,0.140954098051005,0.418533699166419
22329,0.228212792485264,0.158357062542103,0.189582239369434,0.423847905603199
22330,0.164667097511269,0.157337347959729,0.236138832345423,0.441856722183579
22331,0.232246589058902,0.172758914933835,0.0448055507973563,0.550188945209906
22332,0.179897402892683,0.122089081601345,0.154626613103258,0.543386902402715
22333,0.614218363417483,0.0209081098082305,0.227638535496287,0.137234991277999
22334,0.17856317349878,0.137720034269796,0.235283018564669,0.448433773666755
22335,0.220493499547027,0.310891902899347,0.0735411086179346,0.395073488935691
22336,0.430628839424009,0.134177828591021,0.138454816941224,0.296738515043746
22337,0.148357856835752,0.252618658917822,0.286686115995594,0.312337368250832
22338,0.0609800850124486,0.166884550795755,0.151079481847665,0.621055882344132
22339,0.158958124279441,0.0689208504113843,0.574667553117951,0.197453472191224
22340,0.0320054991779669,0.375897030745298,0.0617134761405991,0.530383993936136
22341,0.12941399686646,0.0740955738262525,0.212729411379492,0.583761017927796
22342,0.209929804722118,0.0663592502509172,0.37013239835183,0.353578546675135
22343,0.10866422559,0.646771665133817,0.0537681470672822,0.190795962208901
22344,0.113492943963262,0.228556971086358,0.477352710626541,0.180597374323838
22345,0.686452643977246,0.0860487353025113,0.108395935364754,0.119102685355489
22346,0.347503044040588,0.148338172204572,0.0687422218329236,0.435416561921917
22347,0.122684922197867,0.254836219672724,0.422979028550373,0.199499829579036
22348,0.0970353253566885,0.211759396023152,0.58207510912285,0.109130169497309
22349,0.17155902627013,0.242120240261593,0.462941085219724,0.123379648248553
22350,0.198468340133092,0.290835634405475,0.376791879507412,0.133904145954021
22351,0.106866407216843,0.228287019599383,0.557072085979899,0.107774487203876
22352,0.560123292129328,0.101718910248927,0.177982993306151,0.160174804315594
22353,0.141475538884644,0.0983178586969055,0.310353895572665,0.449852706845786
22354,0.194962480545119,0.304732359908907,0.182938960324447,0.317366199221528
22355,0.119271710174724,0.293034211473614,0.256768198069813,0.33092588028185
22356,0.136442696550994,0.0833423395306855,0.345728898279694,0.434486065638627
22357,0.105968700905375,0.520357416626867,0.117006230687065,0.256667651780693
22358,0.685231607263522,0.0796146916947287,0.101639580573727,0.133514120468022
22359,0.171444362693088,0.310672748731927,0.432355517728694,0.0855273708462904
22360,0.202525717078742,0.447776150551355,0.0364926148139372,0.313205517555966
22361,0.157215447924781,0.183412351648588,0.0769739566837455,0.582398243742886
22362,0.0858321387317762,0.229604838678293,0.317692722679603,0.366870299910328
22363,0.0473453995668395,0.090311728048824,0.269628428277918,0.592714444106418
22364,0.204871004108691,0.455144432953856,0.164711593695894,0.175272969241559
22365,0.243033408854889,0.323556905016705,0.306550928019383,0.126858758109024
22366,0.307993375243268,0.509921694827694,0.136660656826928,0.0454242731021097
22367,0.431053473046881,0.124970226210312,0.315189285855934,0.128787014886873
22368,0.248988321345235,0.400942522954558,0.170451924806465,0.179617230893743
22369,0.135060660881168,0.611865827705554,0.16685135054792,0.0862221608653582
22370,0.132181649435224,0.428393712040928,0.226695419983177,0.21272921854067
22371,0.572469109684467,0.0788416300142563,0.195877749635695,0.152811510665582
22372,0.305999863227802,0.533008897023224,0.063488086596134,0.0975031531528395
22373,0.202526839867383,0.097291436454739,0.363059227947909,0.337122495729968
22374,0.243453856599863,0.576883922346275,0.131526231916381,0.0481359891374813
22375,0.149359425811302,0.501775049960258,0.137728986140553,0.211136538087888
22376,0.261643837671293,0.115960483237652,0.178994909801739,0.443400769289316
22377,0.432024727553987,0.338721399789422,0.0853474989080678,0.143906373748523
22378,0.112628865711721,0.179768155718546,0.650328287783064,0.0572746907866692
22379,0.49109994878502,0.235633812580848,0.0881693405916003,0.185096898042532
22380,0.068335362516739,0.221622324965253,0.17015739925549,0.539884913262518
22381,0.0912178551896248,0.42219170522878,0.214417510716462,0.272172928865133
22382,0.0481784629961871,0.61273020405537,0.119014311346814,0.220077021601629
22383,0.26387664123365,0.13454213118194,0.315288259937952,0.286292967646458
22384,0.229046318679702,0.488990497244795,0.125722303690948,0.156240880384554
22385,0.296923640974855,0.256590686669126,0.289139313088973,0.157346359267046
22386,0.221731114006225,0.363517548578673,0.295574450440633,0.11917688697447
22387,0.228185358201258,0.137452496857328,0.250357859015899,0.384004285925515
22388,0.419238791150996,0.249521219941689,0.15404304867511,0.177196940232205
22389,0.196117318858706,0.263240434113254,0.351235513386555,0.189406733641485
22390,0.242714340660935,0.117365871599624,0.219211602619233,0.420708185120208
22391,0.204369524867116,0.207825085619198,0.161304304033036,0.42650108548065
22392,0.206385877869452,0.290702660186477,0.244690614902508,0.258220847041564
22393,0.1390535475056,0.141656099218313,0.576536813349031,0.142753539927056
22394,0.14078677173872,0.294935516939745,0.146072196856407,0.418205514465128
22395,0.411298988964295,0.158237826019296,0.267651716978635,0.162811468037774
22396,0.0677903683923846,0.0927224122282075,0.254846787975896,0.584640431403512
22397,0.350591492734623,0.219105071970657,0.166880397882443,0.263423037412277
22398,0.353707590455448,0.153488228795187,0.24655736618001,0.246246814569355
22399,0.0935912005549864,0.233628635126048,0.536320075126283,0.136460089192683
22400,0.0987495919964494,0.152088667697586,0.634965106719898,0.114196633586066
22401,0.487599754878847,0.125361169994723,0.135095975669984,0.251943099456446
22402,0.163844930110726,0.376945080161075,0.358101982053621,0.101108007674578
22403,0.20206209931708,0.369225857928798,0.223354825351894,0.205357217402229
22404,0.399024813524837,0.105957892727819,0.436130598438607,0.0588866953087369
22405,0.0872837540170804,0.470990044840256,0.114709465009048,0.327016736133616
22406,0.126146583159725,0.518943768321429,0.159328465411583,0.195581183107263
22407,0.252074824191965,0.119712614334237,0.177914984621108,0.45029757685269
22408,0.0522207853014267,0.162172084239182,0.725740463519064,0.0598666669403273
22409,0.395211227918247,0.275316207766972,0.240580846532624,0.0888917177821567
22410,0.365458733631335,0.305889407523941,0.224396493697113,0.104255365147611
22411,0.251175818487178,0.328833141439375,0.278456195420951,0.141534844652496
22412,0.330671782922532,0.169539921910652,0.448690554142992,0.0510977410238243
22413,0.0687237809202505,0.100795588632207,0.166344466671431,0.664136163776112
22414,0.189654053248074,0.691338067577566,0.050218242750981,0.0687896364233791
22415,0.107058990649136,0.17754875791332,0.594801893947575,0.120590357489968
22416,0.105338109170466,0.151729536631385,0.580422515277373,0.162509838920776
22417,0.280061059414671,0.14549041646237,0.247525424808545,0.326923099314413
22418,0.0386699614177174,0.538680678101544,0.283764811479815,0.138884549000924
22419,0.114805479086377,0.158685562516755,0.118117832046035,0.608391126350833
22420,0.0781767586916105,0.483901151137636,0.131374289523478,0.306547800647276
22421,0.215506967477363,0.170809702232754,0.450491719841011,0.163191610448871
22422,0.0481027352364816,0.253055749501171,0.208757919187916,0.490083596074432
22423,0.0691195487094606,0.202893506871809,0.514062934772829,0.213924009645901
22424,0.436430483930631,0.230228177799817,0.0986113662943354,0.234729971975217
22425,0.117577042385602,0.266400102649365,0.0960160304142628,0.52000682455077
22426,0.269677620491062,0.247701192846147,0.203793863787675,0.278827322875116
22427,0.326895452348789,0.228574589198488,0.0993209940685053,0.345208964384218
22428,0.0368438231606385,0.224015330848558,0.271799671252648,0.467341174738156
22429,0.649392676987448,0.134048686136268,0.0935618394336103,0.122996797442674
22430,0.127666830831575,0.0822686448251538,0.475635783439099,0.314428740904172
22431,0.223619947023599,0.0985086047191571,0.24429073666011,0.433580711597133
22432,0.205253059674715,0.43462576412191,0.164408816888491,0.195712359314884
22433,0.077480676796011,0.0802482053203191,0.121770795237079,0.720500322646591
22434,0.311821428078468,0.106383502468647,0.124056593117576,0.457738476335309
22435,0.0540838573271064,0.207878504888904,0.374278387677442,0.363759250106548
22436,0.0590118007685821,0.382083986913313,0.177723279710426,0.381180932607679
22437,0.102501017009687,0.105463079282067,0.104961364180355,0.687074539527891
22438,0.0851474640119312,0.151235911547997,0.0474692981721939,0.716147326267878
22439,0.0617882847598301,0.183985461554142,0.403916790000945,0.350309463685083
22440,0.176022444693822,0.483577701529533,0.177996942150359,0.162402911626286
22441,0.313290096174197,0.283325671260292,0.280905122341304,0.122479110224207
22442,0.128011990914555,0.339382055225274,0.425476777296888,0.107129176563283
22443,0.193675701503582,0.639653665170568,0.0821978762289992,0.08447275709685
22444,0.315229357826388,0.373183168524316,0.181365497987666,0.13022197566163
22445,0.154712532296645,0.380024063859913,0.286102355396679,0.179161048446763
22446,0.138960132485134,0.377084517682166,0.443607442072124,0.0403479077605763
22447,0.228206661587274,0.435345489523891,0.208633374529887,0.127814474358949
22448,0.233839732880576,0.393721605454432,0.239120498830869,0.133318162834122
22449,0.249676030005625,0.414759312520593,0.162671500352939,0.172893157120843
22450,0.149597533161508,0.267364549135725,0.336978929011184,0.246058988691582
22451,0.0956696666234817,0.619916143061844,0.165026948232737,0.119387242081938
22452,0.148297226169457,0.565604378041408,0.150459511872277,0.135638883916857
22453,0.254526106024246,0.14476648337298,0.230545666594734,0.370161744008039
22454,0.173467786753111,0.485468058210155,0.245979967580987,0.0950841874557474
22455,0.445734948194484,0.189551661287461,0.247657115294439,0.117056275223617
22456,0.357552695827954,0.0826490438207131,0.215492356599675,0.344305903751659
22457,0.247688455040133,0.319157466393147,0.24502401404663,0.18813006452009
22458,0.0882550564093827,0.421656973350933,0.257017591346508,0.233070378893177
22459,0.314269085876,0.255572928268281,0.375280869931453,0.0548771159242657
22460,0.19175450185898,0.205045788176984,0.506500719929825,0.0966989900342119
22461,0.279957342558543,0.29667928850364,0.272231366832174,0.151132002105643
22462,0.441284528836819,0.259555555599989,0.182633054767664,0.116526860795528
22463,0.15029298755216,0.496489718921061,0.125952985612228,0.227264307914552
22464,0.176329500181355,0.382893003921818,0.272284079855311,0.168493416041516
22465,0.263783445625967,0.401709366052847,0.274196374725335,0.060310813595851
22466,0.256321358604481,0.30970920036316,0.0989042062837938,0.335065234748566
22467,0.232957238479853,0.51765766781812,0.125862534108272,0.123522559593756
22468,0.175285823866652,0.436691018416185,0.198656287177596,0.189366870539567
22469,0.403740236084168,0.225909110266879,0.223357441276184,0.146993212372769
22470,0.172242579686536,0.595975377459637,0.136629354914072,0.095152687939755
22471,0.489154910462464,0.205426037795319,0.220124735681559,0.0852943160606581
22472,0.105005656518976,0.422839927477058,0.300134113500322,0.172020302503643
22473,0.584892012284204,0.199427657986883,0.120211344022742,0.0954689857061709
22474,0.522234335978799,0.0889860258363828,0.308110830870247,0.0806688073145717
22475,0.265212547380277,0.580528218569538,0.0751391730604841,0.0791200609897012
22476,0.15151259884843,0.220305846645975,0.296346908713006,0.331834645792589
22477,0.110138806884756,0.218379596019208,0.483517811742221,0.187963785353815
22478,0.139442267196581,0.0815019899990723,0.456952451955701,0.322103290848646
22479,0.153998081197345,0.0666752020079233,0.121706338460491,0.657620378334242
22480,0.0641270475795125,0.132912049899901,0.332238801169103,0.470722101351483
22481,0.138201781533232,0.290632405152462,0.0386918911225696,0.532473922191737
22482,0.170402479980896,0.171800071618784,0.0585595524741869,0.599237895926133
22483,0.0648086712785292,0.270115515642787,0.0614284109338448,0.603647402144839
22484,0.200893886220644,0.27045678631491,0.0251284966207043,0.503520830843742
22485,0.0516045271553325,0.173789974053241,0.185281148812782,0.589324349978645
22486,0.0518338026125055,0.194948016573001,0.399597781015723,0.35362039979877
22487,0.0701062420868204,0.0468885383066015,0.271424929133229,0.611580290473349
22488,0.0890870668836868,0.089193596347698,0.321079820535929,0.500639516232686
22489,0.267552805598373,0.0569720888452006,0.265962084211913,0.409513021344513
22490,0.0781373813790085,0.468260093494389,0.0891108059709161,0.364491719155687
22491,0.0446612901613126,0.445324873259909,0.0705635024565253,0.439450334122253
22492,0.0488256152078686,0.186083794333136,0.388534119035604,0.376556471423391
22493,0.137599160873262,0.387486408871955,0.284160755457163,0.190753674797621
22494,0.135064440660522,0.102256986917701,0.288296570643055,0.474382001778721
22495,0.0909941065294165,0.178968838259092,0.294826380553027,0.435210674658466
22496,0.189927961879988,0.0318545542082933,0.170151749751491,0.608065734160228
22497,0.15791697035765,0.426973166200158,0.277825263630583,0.137284599811608
22498,0.0658345071304577,0.167663364887184,0.263083520812509,0.503418607169849
22499,0.440380195331938,0.125506341776064,0.107957017043832,0.326156445848167
22500,0.567273978485884,0.133492482213018,0.0393728095488664,0.259860729752231
22501,0.328966604795795,0.133800919303469,0.146038081297467,0.391194394603269
22502,0.271296952985842,0.151146526406428,0.217382843919584,0.360173676688146
22503,0.155185607744052,0.194943787855798,0.0510842834373804,0.59878632096277
22504,0.143862081992276,0.421231697145303,0.0836923880833983,0.351213832779023
22505,0.211905005078759,0.0863308628373645,0.153827503075358,0.547936629008519
22506,0.159906183584955,0.312624239408146,0.28560349065173,0.241866086355169
22507,0.0184350322715936,0.518059994037126,0.0901595691718905,0.37334540451939
22508,0.108312277986778,0.648956623386016,0.0399651827165776,0.202765915910628
22509,0.584772886758416,0.0529066603994958,0.091670571856147,0.270649880985941
22510,0.0451390414087167,0.761277456657663,0.0479642334633916,0.145619268470229
22511,0.159983912239507,0.0520879377258028,0.636159883352113,0.151768266682577
22512,0.0999603910291658,0.10665332007619,0.304871656217738,0.488514632676906
22513,0.140746595991744,0.0569797017262283,0.25244483040158,0.549828871880447
22514,0.123828093050703,0.584040228351737,0.074812110995033,0.217319567602527
22515,0.03642500578174,0.0488117442560766,0.428423906824299,0.486339343137885
22516,0.0573863117918448,0.472585576243265,0.152265971622059,0.317762140342831
22517,0.201169597498075,0.102141179844632,0.314620487317182,0.382068735340111
22518,0.0846858264065036,0.185931225317034,0.20480190278376,0.524581045492703
22519,0.113152399746567,0.275333874679022,0.0473690298627059,0.564144695711705
22520,0.325461027461012,0.24949923508882,0.137766887150749,0.28727285029942
22521,0.0639487917871194,0.390515118755687,0.278522675428621,0.267013414028573
22522,0.0232693962675471,0.102092570764642,0.457694409112533,0.416943623855278
22523,0.0282536379664937,0.692751180280544,0.127556824108961,0.151438357644
22524,0.0632082611575825,0.052271818841406,0.188604660460831,0.695915259540181
22525,0.221565725792878,0.0532639441013815,0.662409861820557,0.0627604682851835
22526,0.378999336042517,0.32050128102011,0.0562966267341477,0.244202756203225
22527,0.0836527760411674,0.28170402435537,0.113613390020977,0.521029809582486
22528,0.0945333126021126,0.0747434406619668,0.5234941326095,0.307229114126421
22529,0.153622788764105,0.336214045439113,0.135754650645163,0.374408515151619
22530,0.14442745815188,0.0430212045269353,0.0909749802410543,0.72157635708013
22531,0.0864133844470175,0.0504517957250733,0.667937197156803,0.195197622671106
22532,0.179191492960116,0.129061605112154,0.0312904128788693,0.66045648904886
22533,0.0354045283649712,0.325791500450698,0.0439376293078228,0.594866341876508
22534,0.102544273152069,0.255615536354569,0.0697043691870233,0.572135821306338
22535,0.178327124893565,0.205560209044843,0.314425049121383,0.301687616940209
22536,0.143060483945763,0.447117863773897,0.116655984339307,0.293165667941034
22537,0.116080894866401,0.334569376126033,0.318066855470195,0.231282873537371
22538,0.0709346467837323,0.376349066015226,0.133656708213548,0.419059578987493
22539,0.138496888058537,0.219738781681669,0.383949142154296,0.257815188105499
22540,0.175690133863279,0.276028429878144,0.108059606539758,0.44022182971882
22541,0.0950585927893937,0.240266390864966,0.18185024866067,0.48282476768497
22542,0.138333745339835,0.293881685805891,0.172450749732175,0.3953338191221
22543,0.354020022426015,0.116261452478958,0.0859197115049167,0.44379881359011
22544,0.0986830967800928,0.0652758498114788,0.452418816165655,0.383622237242773
22545,0.111118724996791,0.446797670548699,0.111360434356468,0.330723170098043
22546,0.457003049399621,0.370793055648368,0.0848256397933612,0.0873782551586509
22547,0.32240357656465,0.190247430648855,0.209096396579028,0.278252596207467
22548,0.128682619598358,0.225368096797354,0.219106783188638,0.42684250041565
22549,0.28427691895657,0.0588524518739214,0.167378709161575,0.489491920007934
22550,0.0851630857040605,0.214690477254032,0.524334929302282,0.175811507739625
22551,0.0989827492158161,0.269937930927,0.286592582113682,0.344486737743502
22552,0.0739711373526771,0.154127631576449,0.102937251669616,0.668963979401258
22553,0.164791801956242,0.468815767124381,0.0966769684257135,0.269715462493664
22554,0.375787231830059,0.154319754523703,0.35307417803347,0.116818835612768
22555,0.129231016516008,0.457124419909465,0.303642185717965,0.110002377856562
22556,0.387770792300714,0.251513279529126,0.306048699142948,0.0546672290272123
22557,0.104701322783319,0.618328036553616,0.166633773168668,0.110336867494396
22558,0.152294874749811,0.303364763363441,0.488468393471237,0.0558719684155115
22559,0.19950765788501,0.334138284662181,0.288079612144632,0.178274445308177
22560,0.265261554564736,0.173175743321945,0.438872230268556,0.122690471844763
22561,0.123027482278281,0.334837538051289,0.45183228757376,0.0903026920966702
22562,0.175326848577512,0.507484854104808,0.281840404038692,0.0353478932789886
22563,0.380483310259934,0.248675428171499,0.273468215719119,0.097373045849448
22564,0.427027533764824,0.136535967294668,0.313592113795159,0.12284438514535
22565,0.11444727405653,0.162248377055673,0.502801507291599,0.220502841596198
22566,0.219713814626049,0.496742062555163,0.206629784594669,0.0769143382241199
22567,0.346399914758907,0.103595588818641,0.331527910238135,0.218476586184318
22568,0.300805943481413,0.181125758470023,0.20108085803741,0.316987440011153
22569,0.272244040093451,0.160878350086335,0.511925061289829,0.0549525485303853
22570,0.395120960961825,0.220506364374465,0.148855426512313,0.235517248151397
22571,0.23529312719236,0.426176349515339,0.148225697496991,0.19030482579531
22572,0.245519344754393,0.215309383156287,0.245356609692832,0.293814662396487
22573,0.187402589898708,0.270289637155702,0.427651249999111,0.114656522946478
22574,0.414053360197404,0.103615719273258,0.292812130918985,0.189518789610353
22575,0.163052118226838,0.453599052420972,0.248062191581706,0.135286637770484
22576,0.414557961537032,0.207059260590479,0.23794106068756,0.140441717184929
22577,0.402715617496865,0.289209232863049,0.232637731501399,0.0754374181386878
22578,0.148387024018529,0.450407417585541,0.313833050404512,0.0873725079914185
22579,0.124826318941858,0.330339969131777,0.317535304020774,0.227298407905591
22580,0.469923121897284,0.336631178306386,0.124063631207911,0.0693820685884199
22581,0.125259762939139,0.323732673827521,0.314319744157761,0.236687819075579
22582,0.412055179231173,0.192962932608507,0.315852760621489,0.079129127538831
22583,0.273565607422876,0.284803004030211,0.356028099230407,0.0856032893165068
22584,0.167460149242599,0.341239740463455,0.357418491040895,0.133881619253051
22585,0.190924473247986,0.427856978283755,0.268642174584576,0.112576373883683
22586,0.130334050504372,0.547022407609486,0.19351980470217,0.129123737183972
22587,0.363726090597284,0.115694704312735,0.0962726845549509,0.42430652053503
22588,0.30399118499956,0.132923803043032,0.333788382660769,0.229296629296639
22589,0.34826336353592,0.430599454625109,0.160783073490114,0.0603541083488573
22590,0.111779109137341,0.131489102770105,0.444872785498956,0.311859002593599
22591,0.235493595046933,0.12915892732373,0.523788172436945,0.111559305192392
22592,0.237374731357719,0.451751161168256,0.207717207177758,0.103156900296267
22593,0.323674426555419,0.346269984922243,0.151116577193521,0.178939011328817
22594,0.179264488073646,0.0929431206564235,0.491185975205355,0.236606416064576
22595,0.0974891111441412,0.179669716951151,0.248585811231573,0.474255360673136
22596,0.30370107407475,0.533954409772186,0.0857241290675556,0.076620387085508
22597,0.111725520284087,0.18350927280601,0.573945208386364,0.130819998523539
22598,0.166976928642798,0.439836260863512,0.100594062092038,0.292592748401653
22599,0.165197610622369,0.161889241160911,0.0788949063347239,0.594018241881996
22600,0.105850846516308,0.251877838548761,0.162259251348534,0.480012063586397
22601,0.382842925906455,0.103910031325442,0.107058242430808,0.406188800337295
22602,0.683940961011587,0.135979526058923,0.0858650046521228,0.0942145082773674
22603,0.267251086493862,0.0742900273827731,0.254864107813463,0.403594778309901
22604,0.0849932243098557,0.352177359654527,0.309168564852995,0.253660851182623
22605,0.538068088136581,0.111070555828714,0.0966466753601761,0.254214680674529
22606,0.198552563527807,0.143748149813131,0.454981957925177,0.202717328733885
22607,0.100731620726111,0.130007315898824,0.403501781825524,0.365759281549541
22608,0.122141536400602,0.530151456225166,0.1823028726351,0.165404134739132
22609,0.290610797811164,0.32665277561532,0.0589134010437989,0.323823025529717
22610,0.0300808346549523,0.730680806117789,0.141514713554466,0.0977236456727928
22611,0.144645013943281,0.271062322711221,0.444967502308412,0.139325161037085
22612,0.146566754411629,0.177356511043745,0.392808620868189,0.283268113676437
22613,0.399652694732012,0.376981152328779,0.114025353675224,0.109340799263984
22614,0.335286679960922,0.18590911191399,0.286249547174458,0.19255466095063
22615,0.147852973694723,0.434091912947396,0.323524878552578,0.094530234805303
22616,0.563700189892362,0.1146286565448,0.266547883832145,0.0551232697306926
22617,0.216204779375046,0.148262329745304,0.492154799596967,0.143378091282682
22618,0.476083873007908,0.14897459073144,0.175184954490387,0.199756581770265
22619,0.127346786251121,0.450425190276842,0.167006227461509,0.255221796010529
22620,0.146156890438021,0.613419312864137,0.131171750595319,0.109252046102523
22621,0.128254947250161,0.0772003333516958,0.590828105895461,0.203716613502683
22622,0.157302050298673,0.100625880878403,0.238253197984952,0.503818870837971
22623,0.144658753180945,0.542486982419726,0.13216438307147,0.180689881327858
22624,0.223715453269886,0.413526643306619,0.102810299454791,0.259947603968704
22625,0.230243903044984,0.205016667305511,0.117629537073663,0.447109892575843
22626,0.234349651269886,0.148893202561933,0.15909566719997,0.457661478968211
22627,0.239149775748236,0.117859109365198,0.394440273368031,0.248550841518535
22628,0.0614226123932277,0.293212971957415,0.481780835749299,0.163583579900058
22629,0.137147635901417,0.330836189131192,0.203836614802287,0.328179560165104
22630,0.270120749169399,0.468359594469485,0.0747831282874078,0.186736528073708
22631,0.250125303922767,0.473118891517286,0.00833281792376101,0.268422986636187
22632,0.087000533990989,0.395347338206403,0.0652171555041495,0.452434972298459
22633,0.0652967254684513,0.0499918394761542,0.238158649487536,0.646552785567858
22634,0.00370198093607504,0.43868804806487,0.18055810617658,0.377051864822475
22635,0.00863709846060536,0.623486643089089,0.00634143156750595,0.3615348268828
22636,0.00349576693040024,0.662150429690678,0.100649705632614,0.233704097746307
22637,0.538994811809582,0.00822915089982864,0.00687534198336687,0.445900695307223
22638,0.0864367970123521,0.134559290623836,0.0661636735476563,0.712840238816155
22639,0.0133648058189871,0.137235253977367,0.0332462941477278,0.816153646055918
22640,0.0229742626567495,0.0430499796830959,0.549680904426633,0.384294853233522
22641,0.00719013060887374,0.667960208650637,0.0919403105879274,0.232909350152562
22642,0.0329003388226032,0.145038779754614,0.0485453135087951,0.773515567913988
22643,0.114291443863894,0.0342989103480824,0.405001608954406,0.446408036833618
22644,0.0114320104517596,0.128844027410381,0.64712489220757,0.21259906993029
22645,0.111785916321023,0.00531687209648328,0.0650756868357157,0.817821524746778
22646,0.230305440575069,0.201494799745367,0.107490664163619,0.460709095515944
22647,0.632997360481614,0.174502505527427,0.00382813174585063,0.188672002245109
22648,0.750387131300113,0.0472289878402356,0.00135599609106777,0.201027884768584
22649,0.0993126954973385,0.24530080517498,0.295127526866595,0.360258972461086
22650,0.122518378177638,0.417620683742833,0.0977729293495515,0.362088008729977
22651,0.122061078397869,0.107037915456096,0.437222643611069,0.333678362534966
22652,0.0554006131647645,0.128429184308194,0.290743308824804,0.525426893702237
22653,0.05478185078489,0.219799173672139,0.585924402672623,0.139494572870348
22654,0.0426512565056963,0.144802927038108,0.220987576537205,0.591558239918991
22655,0.129930626837096,0.509388997646672,0.0623550293050969,0.298325346211135
22656,0.177444709731988,0.142467775723317,0.460352063676605,0.21973545086809
22657,0.287902432099736,0.244813009931989,0.11333860752749,0.353945950440785
22658,0.110000716312408,0.0494759202350871,0.142124518541055,0.69839884491145
22659,0.135117112816573,0.120517363604482,0.471649614119784,0.272715909459162
22660,0.502781966176332,0.167701542931817,0.0276298417314343,0.301886649160417
22661,0.449055420377446,0.105173173067412,0.213533576887176,0.232237829667966
22662,0.0803067315412499,0.128798788856213,0.63803077714476,0.152863702457777
22663,0.1353383394425,0.677274227313939,0.0655245318895414,0.12186290135402
22664,0.0774580532212219,0.491241542494043,0.0482301376647598,0.383070266619975
22665,0.319682795880017,0.226060586095198,0.318564429941955,0.13569218808283
22666,0.27810448227289,0.268204321731769,0.0312920576377694,0.422399138357572
22667,0.0574671153531825,0.172610699506506,0.544358740426493,0.225563444713819
22668,0.159336632585599,0.26951021992206,0.056724031219399,0.514429116272942
22669,0.092231513628442,0.0636947158903977,0.0898998414304999,0.75417392905066
22670,0.155310651320338,0.321490317498327,0.135637592928196,0.387561438253139
22671,0.210499004310301,0.0973547350485489,0.391155425336249,0.3009908353049
22672,0.38805415274016,0.0791752370934062,0.11648443494054,0.416286175225894
22673,0.276379117619168,0.178497838926521,0.115575173845471,0.429547869608841
22674,0.121130853507642,0.17857221134113,0.525949928810226,0.174347006341002
22675,0.0656198553438156,0.370491696838624,0.145893621525372,0.417994826292188
22676,0.143734234786399,0.469291331500678,0.0833960802060316,0.303578353506892
22677,0.380844923451373,0.126928093323966,0.181166214101804,0.311060769122857
22678,0.175749380697755,0.093647406371033,0.0902026245226202,0.640400588408592
22679,0.0304009608707963,0.417184052165862,0.0632138351259236,0.489201151837418
22680,0.0369846020960384,0.135214749631733,0.266375084195089,0.561425564077139
22681,0.0724347709511419,0.21413204366848,0.08309087069957,0.630342314680808
22682,0.260678924782917,0.514697622288331,0.0578429124398582,0.166780540488894
22683,0.0510218606086776,0.025179805665163,0.564299677485656,0.359498656240503
22684,0.170255138740156,0.61231783242652,0.072935443702787,0.144491585130537
22685,0.162023195809042,0.0833604957598609,0.112944100293303,0.641672208137794
22686,0.724560543240273,0.0468288680739762,0.0397615983936576,0.188848990292093
22687,0.132895567023067,0.512692339112362,0.17536472782041,0.179047366044162
22688,0.316970259984196,0.36918746655768,0.263013771830533,0.0508285016275912
22689,0.328852657718437,0.25925872832787,0.271995715638085,0.139892898315608
22690,0.0696450704121884,0.317949255783526,0.549659714651828,0.0627459591524577
22691,0.201297344295542,0.4313386290912,0.299986659002178,0.0673773676110797
22692,0.298001421493247,0.220119996782141,0.263013200633351,0.218865381091262
22693,0.401101369597475,0.224285994220856,0.191813819532401,0.182798816649267
22694,0.379556062571118,0.149632608554882,0.375765250107877,0.0950460787661233
22695,0.208330644425784,0.217019930399549,0.438790809610761,0.135858615563906
22696,0.12565032234872,0.4255775580968,0.162040635757462,0.286731483797019
22697,0.0652740989429767,0.478690338625879,0.18036694224346,0.275668620187684
22698,0.332889381617736,0.363665940434109,0.0994303407045189,0.204014337243636
22699,0.463059033284596,0.104688771019483,0.243497803792059,0.188754391903862
22700,0.206748820624218,0.140798629916843,0.176154833801522,0.476297715657418
22701,0.107888542276676,0.404547645299766,0.0350609739097365,0.452502838513821
22702,0.0372934810808393,0.178380638183439,0.543575805041569,0.240750075694153
22703,0.226013408668606,0.147172579885445,0.473230887040914,0.153583124405036
22704,0.101666095174633,0.431656552453456,0.186424885831959,0.280252466539952
22705,0.0883783531223518,0.276789320264477,0.321321036292453,0.313511290320718
22706,0.140027076261038,0.27244824406962,0.358291343137715,0.229233336531627
22707,0.107416330458422,0.6155269813343,0.163281157211455,0.113775530995823
22708,0.225096815480968,0.121435238370734,0.424156288039309,0.229311658108988
22709,0.13417814889672,0.625996918322047,0.122514747652582,0.117310185128651
22710,0.16109567767776,0.472621198846885,0.159844091340205,0.20643903213515
22711,0.611850946804298,0.153808443925797,0.129916915387261,0.104423693882644
22712,0.30976314040881,0.273569804386693,0.120787113596643,0.295879941607855
22713,0.1718347364907,0.165187609416877,0.372120782464574,0.290856871627849
22714,0.107940764575244,0.168833857412502,0.57723883757405,0.145986540438203
22715,0.197941287418759,0.249219355139173,0.203873390393634,0.348965967048434
22716,0.129948549792051,0.318051984325842,0.188978361151707,0.3630211047304
22717,0.136548470974366,0.150362427343955,0.397838746842577,0.315250354839102
22718,0.385800039194374,0.160874240779825,0.107243439086344,0.346082280939457
22719,0.600380182041087,0.196986808586977,0.0982450672079783,0.104387942163958
22720,0.131590981992241,0.414910409314035,0.191415585330555,0.26208302336317
22721,0.426928921568307,0.253904735477007,0.13306485616005,0.186101486794636
22722,0.164867256456829,0.200926239713698,0.194226891226559,0.439979612602914
22723,0.172526400038135,0.437406801501473,0.0524316920774617,0.337635106382931
22724,0.0519615107740437,0.17958451397108,0.659872492899429,0.108581482355447
22725,0.193713474419024,0.564452814531729,0.134788007554923,0.107045703494324
22726,0.128350779894279,0.399158704517007,0.348734111902493,0.123756403686221
22727,0.266532209269773,0.404836623029785,0.246010752016619,0.0826204156838229
22728,0.0882303375853874,0.606984529140146,0.184313454087076,0.120471679187391
22729,0.244915773187517,0.392102665901253,0.268131358998165,0.0948502019130652
22730,0.193102226227318,0.279300810154785,0.401877423266155,0.125719540351742
22731,0.0713043943396556,0.358673779159979,0.483661288710223,0.0863605377901416
22732,0.165723965105664,0.34407970025351,0.362698250634171,0.127498084006655
22733,0.474791826348035,0.2241774610705,0.152190858670851,0.148839853910615
22734,0.214118891686821,0.368076965238039,0.241808660706045,0.175995482369095
22735,0.278291371565472,0.429425266533208,0.246116653373024,0.0461667085282966
22736,0.131528913605054,0.261127243257511,0.478094799017152,0.129249044120283
22737,0.342532660904668,0.336724510651357,0.0900818108085078,0.230661017635468
22738,0.394990827671156,0.203370843288937,0.279154172186453,0.122484156853454
22739,0.516575807620369,0.165473010900493,0.146716874305347,0.171234307173791
22740,0.104257391988044,0.522826353830054,0.268592204962834,0.104324049219068
22741,0.395965420912014,0.102093004266956,0.379672352824401,0.12226922199663
22742,0.226679007713864,0.549661628004973,0.170500871785505,0.0531584924956592
22743,0.16448390240181,0.516726692822561,0.151668352794402,0.167121051981227
22744,0.340757167502616,0.208042612299368,0.339823136577306,0.11137708362071
22745,0.363095764157608,0.302090315950062,0.193571857179516,0.141242062712814
22746,0.292385519392932,0.334523500159861,0.250942635391519,0.122148345055688
22747,0.463212254972607,0.223529411977169,0.169083134994631,0.144175198055593
22748,0.448490219121385,0.328089179052388,0.172809200516088,0.0506114013101385
22749,0.246526770666861,0.238697784423653,0.440685470575219,0.0740899743342675
22750,0.26278435656714,0.0968660401786491,0.588415773642798,0.0519338296114134
22751,0.239298002276554,0.37963651467316,0.307480124301276,0.0735853587490107
22752,0.28031342976,0.253613326813655,0.291321048553412,0.174752194872933
22753,0.336066255074981,0.411540893929467,0.122893098496349,0.129499752499203
22754,0.375057601955764,0.383970325768178,0.19564939467494,0.0453226776011187
22755,0.236013255157415,0.0957331277695068,0.538441893502571,0.129811723570507
22756,0.295968732754487,0.212710442055908,0.283401065091312,0.207919760098293
22757,0.498742470425503,0.152437178108855,0.0893668978287376,0.259453453636905
22758,0.304595798739011,0.16093167403146,0.43474441677026,0.0997281104592685
22759,0.309258877701325,0.430031193405357,0.0687244293872146,0.191985499506104
22760,0.187796136063368,0.168376762270162,0.542315968033492,0.101511133632977
22761,0.171197580219859,0.460958111009868,0.147221262520002,0.220623046250271
22762,0.14206401802743,0.332337934060132,0.3869248188985,0.138673229013938
22763,0.122602220227167,0.280471105734549,0.361444118026149,0.235482556012135
22764,0.167248780089354,0.586843245902072,0.0810717034048906,0.164836270603684
22765,0.193413091408938,0.257988367015965,0.32800752402491,0.220591017550186
22766,0.399629298844547,0.316807225900049,0.209316623245432,0.0742468520099713
22767,0.16323569385424,0.145783502279516,0.459315348793038,0.231665455073205
22768,0.272816666618182,0.135362706585519,0.420218547024778,0.171602079771521
22769,0.119839565044916,0.748007996532511,0.0586140429012288,0.0735383955213445
22770,0.503519990324753,0.141908931306237,0.0778949447418754,0.276676133627135
22771,0.300522927669652,0.156536236105382,0.42514000022908,0.117800835995885
22772,0.438491241468619,0.206911236266412,0.19262927894642,0.161968243318548
22773,0.119736877047394,0.452803122660273,0.119353657673274,0.308106342619059
22774,0.136242367401363,0.214433649284973,0.357859483177325,0.291464500136338
22775,0.25220500149507,0.324569663725639,0.264413172306199,0.158812162473091
22776,0.243822217410643,0.300077001282008,0.0986518017214591,0.35744897958589
22777,0.0800589680761414,0.446910255214665,0.287252582850673,0.185778193858521
22778,0.0421670354336517,0.184861054808129,0.436174613421766,0.336797296336454
22779,0.178506808352206,0.425699030168512,0.155286106074904,0.240508055404378
22780,0.21704372597914,0.451690223620863,0.0674129745705538,0.263853075829444
22781,0.0728958999450185,0.176228183666541,0.551988761890491,0.19888715449795
22782,0.0504801586818988,0.0887237776109937,0.439418833022751,0.421377230684357
22783,0.225602493148193,0.159323262312483,0.39012915037632,0.224945094163004
22784,0.0960974978018881,0.48751029089484,0.0975066011373501,0.318885610165922
22785,0.136472385772672,0.401264327475242,0.215579550598706,0.24668373615338
22786,0.241416845794822,0.0832626780370373,0.277980324203768,0.397340151964373
22787,0.241732056543317,0.224364329274961,0.143520639304955,0.390382974876768
22788,0.334960432825002,0.0443778001551719,0.219741362956466,0.400920404063361
22789,0.314600395986943,0.209817724871876,0.0891967936769838,0.386385085464197
22790,0.100314226691956,0.180583429212267,0.446249412872341,0.272852931223436
22791,0.131273993340482,0.24816020057745,0.109459746469034,0.511106059613035
22792,0.107600982410881,0.110111172948267,0.585625376503198,0.196662468137653
22793,0.582419699525038,0.160340679961082,0.0810127536720463,0.176226866841834
22794,0.127294454299601,0.191413099529934,0.322941142219682,0.358351303950783
22795,0.177299312381455,0.299290475872227,0.100120125381428,0.423290086364891
22796,0.477921430676386,0.0763007496119121,0.179912238077587,0.265865581634115
22797,0.049163253867741,0.07468191201022,0.693890709017039,0.182264125105
22798,0.0598496620710693,0.12205358132143,0.243912603338836,0.574184153268665
22799,0.393414726318253,0.093560605338077,0.0890890970368828,0.423935571306787
22800,0.181042765315564,0.133610439345722,0.199653206068902,0.485693589269813
22801,0.0912395197800063,0.276388818756328,0.266899529304354,0.365472132159312
22802,0.0591961630610002,0.442772878512823,0.173707884228014,0.324323074198163
22803,0.348375992739559,0.470066686179099,0.0490968340204321,0.132460487060911
22804,0.283991674803032,0.114311218237585,0.309182054610562,0.292515052348821
22805,0.135840905668826,0.258722985689754,0.249248713407572,0.356187395233847
22806,0.102379752415875,0.569504685967301,0.0776776633088089,0.250437898308014
22807,0.403877634469,0.03073458617286,0.349720884322056,0.215666895036084
22808,0.0577043722747996,0.433328029011522,0.210942097807349,0.298025500906329
22809,0.0774233500330609,0.192523992887065,0.570305023865812,0.159747633214062
22810,0.0969941637883602,0.544449301945874,0.113515360098731,0.245041174167035
22811,0.185832754242618,0.127525005534201,0.28016846967074,0.406473770552441
22812,0.118459289795659,0.417189547545922,0.146999935269132,0.317351227389287
22813,0.376411364357742,0.100666724351143,0.252985606281659,0.269936305009457
22814,0.163425993100965,0.586534074464751,0.0641757182723422,0.185864214161942
22815,0.110333922826262,0.504301828117075,0.109615964075712,0.275748284980951
22816,0.117013289297001,0.172647325014324,0.0926850641153562,0.617654321573319
22817,0.417957790745273,0.10067997407838,0.0901978673957682,0.391164367780579
22818,0.0386108790829625,0.645329059563717,0.108653148335422,0.207406913017898
22819,0.112654668924357,0.0825801570307275,0.351178468304364,0.453586705740551
22820,0.111403576610507,0.18968662985889,0.457006131504241,0.241903662026362
22821,0.071428035794114,0.126352543499928,0.271143747129647,0.531075673576311
22822,0.249831289773654,0.0687790201745863,0.293141343559626,0.388248346492134
22823,0.0597980297872173,0.328736041470378,0.0530630287661804,0.558402899976224
22824,0.0380969021522448,0.398040478520893,0.112158229568166,0.451704389758696
22825,0.127877063051188,0.027027015103662,0.737922865325834,0.107173056519317
22826,0.0838165853183469,0.113450456141534,0.240185769664921,0.562547188875199
22827,0.396942850127243,0.0379945640145291,0.142583767758789,0.422478818099439
22828,0.042734752643308,0.243963247129667,0.539741094348321,0.173560905878704
22829,0.0702889201683775,0.506975692201252,0.233329220831502,0.189406166798868
22830,0.0725089800104917,0.0309040649620134,0.65883493385951,0.237752021167985
22831,0.0601820050868984,0.52256835168529,0.038657907781997,0.378591735445815
22832,0.0762439700701627,0.0616622741136832,0.542351950664568,0.319741805151587
22833,0.0949393669442273,0.553409724017209,0.068368918215226,0.283281990823338
22834,0.0264761078260225,0.085188731868354,0.162802665941312,0.725532494364312
22835,0.111098883017193,0.135101675233592,0.0674149424923541,0.686384499256861
22836,0.129596523954441,0.308466839649426,0.0395546743352005,0.522381962060932
22837,0.0358951328066562,0.279368485049175,0.0956435073633309,0.589092874780838
22838,0.184013644240489,0.115883988964042,0.0210448092859097,0.679057557509559
22839,0.124421495891178,0.257677673638411,0.309395603517976,0.308505226952435
22840,0.480331052006603,0.0348454767415952,0.191986078320406,0.292837392931396
22841,0.239116273847905,0.120459140728502,0.133202182572306,0.507222402851287
22842,0.266763148730131,0.0477447623497176,0.295371050666973,0.390121038253179
22843,0.399658410335348,0.068703169063218,0.220987671376452,0.310650749224982
22844,0.637230971519602,0.0697003307055119,0.157947915067194,0.135120782707692
22845,0.603526080149708,0.194382708170041,0.0890552424592992,0.113035969220952
22846,0.065751523743993,0.654495665447979,0.0233351700083801,0.256417640799648
22847,0.217242877162557,0.525568310901039,0.0877984593145028,0.169390352621901
22848,0.189144702357134,0.198957572950528,0.0881625095147235,0.523735215177614
22849,0.334207840214778,0.0276298852894054,0.539404167461238,0.0987581070345787
22850,0.508358721956418,0.0782117723658555,0.209478382233217,0.20395112344451
22851,0.119208791250352,0.456933635514813,0.0701580600302148,0.35369951320462
22852,0.531899563417761,0.0478994083686934,0.0345750054217216,0.385626022791824
22853,0.621707297885468,0.0829367538177346,0.165861528101338,0.12949442019546
22854,0.0722888883318965,0.106789959079671,0.0502904065410817,0.770630746047351
22855,0.447969203865357,0.124188879453417,0.0236833616754837,0.404158555005743
22856,0.0195120368746442,0.0308243209447908,0.475775415027615,0.473888227152951
22857,0.0113484546390443,0.0373099132211994,0.200937931173458,0.750403700966299
22858,0.28332703364861,0.267937579472295,0.262177539244746,0.186557847634349
22859,0.208777839268862,0.601986636890768,0.11034785764502,0.0788876661953496
22860,0.167843490594874,0.329143494224292,0.152712370921216,0.350300644259618
22861,0.272647118277405,0.305746135357553,0.288751963192191,0.132854783172852
22862,0.163355353232475,0.145061052577568,0.183766779082514,0.507816815107443
22863,0.0967334273076435,0.539910786400479,0.26125990889218,0.102095877399698
22864,0.0693352735220067,0.436909129186818,0.167398339405554,0.326357257885622
22865,0.258790850733638,0.310183521070032,0.150269830491544,0.280755797704786
22866,0.266680018679029,0.0505815697594399,0.56610449121954,0.116633920341992
22867,0.209350904807736,0.134197363292354,0.470833082922125,0.185618648977785
22868,0.147798998269008,0.180895694741006,0.300650060936053,0.370655246053933
22869,0.297837592673277,0.171099711159008,0.162759713150857,0.368302983016858
22870,0.292537160259359,0.276137304401989,0.202196512083914,0.229129023254739
22871,0.206353020426663,0.408345869605889,0.137142848115823,0.248158261851625
22872,0.146843464837276,0.679083035665637,0.0483663536804711,0.125707145816617
22873,0.0588275611827898,0.236277592938982,0.331467619342309,0.37342722653592
22874,0.117533768239186,0.595647993871699,0.0941891042478063,0.192629133641309
22875,0.0779497148571485,0.531069062695573,0.123612295184187,0.267368927263091
22876,0.236081777419829,0.419890376315254,0.156299821100263,0.187728025164654
22877,0.304341190440098,0.107998427863335,0.125996563321464,0.461663818375103
22878,0.0983989771441787,0.0616260087281965,0.368399401593212,0.471575612534413
22879,0.174339632361844,0.126434594411597,0.500516938239648,0.198708834986912
22880,0.137509867377877,0.145473967442959,0.588451803774109,0.128564361405055
22881,0.223686990339372,0.175283067255265,0.254663239948531,0.346366702456832
22882,0.0306573582626467,0.760487224008836,0.0295206682177484,0.179334749510769
22883,0.148369797751039,0.0734167413369065,0.373626645893671,0.404586815018383
22884,0.0660372004375094,0.2471391234321,0.287527089550323,0.399296586580067
22885,0.350419123673511,0.117653565693636,0.0266781125386272,0.505249198094226
22886,0.168191169029299,0.0261408624552208,0.124108724305835,0.681559244209645
22887,0.101640648047172,0.596015277013513,0.083065385899266,0.219278689040049
22888,0.516000188165284,0.238716634105785,0.0328318384328115,0.21245133929612
22889,0.0247571478243153,0.0421119156725963,0.752382790034052,0.180748146469036
22890,0.262882970486457,0.442289049906138,0.079994900799626,0.214833078807779
22891,0.138552441556348,0.329575254709241,0.206687520605961,0.32518478312845
22892,0.150700943016278,0.07546556057893,0.531077558451775,0.242755937953017
22893,0.46294889523201,0.158645170068486,0.123456526109991,0.254949408589512
22894,0.0791572217211865,0.0643550883644226,0.0371338252394035,0.819353864674987
22895,0.372610021457086,0.123796391214629,0.118268585107521,0.385325002220763
22896,0.401780532910002,0.481564307457913,0.0452187364741022,0.0714364231579829
22897,0.0901003644066734,0.25069599748255,0.411396412563021,0.247807225547756
22898,0.109817619459772,0.179913046748367,0.483963618922006,0.226305714869855
22899,0.44252047440827,0.185896990025321,0.160879948380675,0.210702587185734
22900,0.402021825417349,0.148621010532534,0.0954772067516145,0.353879957298503
22901,0.184353726818631,0.354902516559698,0.173310492212657,0.287433264409014
22902,0.174140371843415,0.306376931024409,0.186190761366482,0.333291935765695
22903,0.180190870872676,0.271506256461425,0.431493263879869,0.116809608786031
22904,0.557192700343779,0.101210337551634,0.183020972887694,0.158575989216893
22905,0.416817185311339,0.256078780303649,0.0799376359423285,0.247166398442683
22906,0.618613028098598,0.192445589211298,0.0541310646928985,0.134810317997205
22907,0.221179215719504,0.163780132658966,0.374568810673147,0.240471840948383
22908,0.251409934411755,0.249933520421066,0.247915175371708,0.250741369795471
22909,0.148630016288956,0.656339415316561,0.0535395912444661,0.141490977150018
22910,0.202073766925463,0.275362629652306,0.175321548528427,0.347242054893804
22911,0.112709181645534,0.177294831838457,0.288024124610933,0.421971861905076
22912,0.265363706840246,0.472336678839942,0.162169074746458,0.100130539573354
22913,0.148416084953481,0.100808110697606,0.657880847811859,0.0928949565370536
22914,0.0891691642708407,0.407410241901619,0.139375331238156,0.364045262589384
22915,0.629403750724962,0.0925187760141874,0.10019274889995,0.1778847243609
22916,0.241576577161797,0.261878465472251,0.0858112357720645,0.410733721593888
22917,0.372015844573315,0.214067136673175,0.0373524609672521,0.376564557786259
22918,0.460336039641674,0.188276974335128,0.0371612862827681,0.31422569974043
22919,0.0632878253736899,0.785834384724111,0.0474746668615995,0.1034031230406
22920,0.132805228500087,0.186472074562825,0.338367184935024,0.342355512002065
22921,0.442619884352402,0.11960590921503,0.0684695263109321,0.369304680121637
22922,0.186481692946822,0.379349284033882,0.147537054643486,0.286631968375811
22923,0.0358192502657339,0.448784975590769,0.162048456402615,0.353347317740882
22924,0.510554004179611,0.138261889015904,0.168208181019416,0.182975925785069
22925,0.198557931615304,0.274057964236052,0.0382112187752667,0.489172885373378
22926,0.359191592039866,0.0969179383505672,0.167655559942432,0.376234909667135
22927,0.0775590924989218,0.122430501411587,0.331184189706337,0.468826216383155
22928,0.728139612640555,0.13910195879471,0.0205165743450177,0.112241854219717
22929,0.0649811202836142,0.540210174639765,0.12346596230577,0.271342742770851
22930,0.0700265300400527,0.121516988514523,0.437084376277402,0.371372105168022
22931,0.0767826739248295,0.239368757632172,0.507715838065553,0.176132730377445
22932,0.137743824386346,0.146708993419277,0.059339098323072,0.656208083871305
22933,0.421232016770998,0.111054301065977,0.092632054633429,0.375081627529596
22934,0.115482379963835,0.0816921302805215,0.298143147966388,0.504682341789256
22935,0.100210531793749,0.463301540079799,0.211993278399916,0.224494649726537
22936,0.398128938139167,0.16767860896956,0.184602635453066,0.249589817438206
22937,0.309628900911264,0.207545500611713,0.120831671074464,0.36199392740256
22938,0.382967706571431,0.2026917075719,0.125238060479548,0.289102525377121
22939,0.1205490539904,0.237853242296648,0.17446732091928,0.467130382793673
22940,0.100204844774546,0.0600487414717911,0.464296865090437,0.375449548663226
22941,0.226218329304363,0.0757829907053011,0.318833653374849,0.379165026615487
22942,0.039903563456931,0.193877500652837,0.617048328655478,0.149170607234754
22943,0.0868727485755329,0.253142251582576,0.118647663687623,0.541337336154269
22944,0.100274057311325,0.344845474245321,0.0647077522124667,0.490172716230888
22945,0.137867157187656,0.262653685210784,0.0867032693901959,0.512775888211364
22946,0.0837725115984353,0.119721443374414,0.216021907903298,0.580484137123853
22947,0.150873163642289,0.562047102410827,0.0621629958288413,0.224916738118043
22948,0.169796081138108,0.105420683203016,0.0981557222853164,0.626627513373559
22949,0.069908981444315,0.228319384897251,0.272377918128328,0.429393715530106
22950,0.125509823637606,0.222070943634783,0.0651058749412566,0.587313357786355
22951,0.120409582626164,0.353926138333556,0.124654226778556,0.401010052261724
22952,0.136901388628152,0.210222286241792,0.0599560949627001,0.592920230167356
22953,0.342059480499846,0.290075361667808,0.246412425574246,0.121452732258101
22954,0.191897531508702,0.263458158786418,0.275071993948073,0.269572315756806
22955,0.181110403557994,0.541054366472381,0.160696804137313,0.117138425832313
22956,0.430858223809144,0.229480336210584,0.150652044656143,0.18900939532413
22957,0.256198794738637,0.240644846457154,0.3654452420261,0.137711116778109
22958,0.500567408018873,0.203375744871519,0.15487448082487,0.141182366284738
22959,0.15005856855721,0.218913383671742,0.425571694375637,0.205456353395411
22960,0.37219866460811,0.36622488417629,0.140054132565753,0.121522318649846
22961,0.247321945284829,0.233048210958007,0.338915867070998,0.180713976686166
22962,0.189823693650468,0.177551391701344,0.571380270436585,0.0612446442116029
22963,0.0762791664559127,0.366846604775038,0.0812022036477877,0.475672025121262
22964,0.148629303443947,0.125262092854583,0.517171002383165,0.208937601318305
22965,0.275433880478657,0.419963061818245,0.116828945116901,0.187774112586197
22966,0.186005933482428,0.171555429988334,0.526890582237415,0.115548054291823
22967,0.124018465042546,0.441561445556047,0.381389814508374,0.0530302748930325
22968,0.148152260058897,0.292333800669407,0.42430554118533,0.135208398086366
22969,0.352859166355002,0.212661271894038,0.288857865304897,0.145621696446063
22970,0.432003019881774,0.191487981886928,0.182472653842378,0.194036344388921
22971,0.170781635236031,0.191651940493562,0.566429773840806,0.0711366504296009
22972,0.214743637393044,0.604619085196781,0.109576750531299,0.0710605268788752
22973,0.0331018082568036,0.374198307338306,0.0409345061809011,0.551765378223989
22974,0.0628711958504735,0.127833665661725,0.419097417917949,0.390197720569852
22975,0.217813145516383,0.197009516634018,0.45436764265008,0.130809695199519
22976,0.0252290697714712,0.178580079218046,0.442086404833892,0.354104446176591
22977,0.0775081645300086,0.265227872529293,0.454516954973238,0.20274700796746
22978,0.0223585149154083,0.213453387581268,0.55898629786525,0.205201799638074
22979,0.059247981820565,0.249410054801502,0.434440091184567,0.256901872193366
22980,0.400840887073893,0.475318707592498,0.0460208596867302,0.0778195456468792
22981,0.113723095827023,0.665081983001416,0.117439663697642,0.103755257473919
22982,0.118496046268659,0.0531764743325972,0.195890882169375,0.632436597229369
22983,0.564293478870602,0.284858524653573,0.0424735843436994,0.108374412132126
22984,0.0129627480673978,0.440031780737179,0.255446933690059,0.291558537505364
22985,0.280770601254151,0.0453530380243418,0.11793747354482,0.555938887176687
22986,0.324973468899336,0.251196567638251,0.0656017819005973,0.358228181561816
22987,0.0450179281435802,0.131703071983297,0.296969206086616,0.526309793786507
22988,0.107309532979549,0.0462349487330537,0.676104276913718,0.17035124137368
22989,0.557155628666428,0.0719896827498643,0.17197116027689,0.198883528306818
22990,0.080547410512388,0.277504122414732,0.0648462830289015,0.577102184043978
22991,0.581895328416777,0.134792202211127,0.0618857530263758,0.22142671634572
22992,0.186892565992564,0.340094405790591,0.311366835097438,0.161646193119407
22993,0.14387824552669,0.22728856541475,0.538859875748575,0.0899733133099851
22994,0.628744877752608,0.16510544094047,0.128360265383919,0.0777894159230034
22995,0.125263287154577,0.362560029119565,0.24161451117114,0.270562172554718
22996,0.448318824288464,0.266965466362989,0.206051102996326,0.0786646063522217
22997,0.237327691931872,0.363621342651495,0.203436594088393,0.19561437132824
22998,0.191806500199033,0.206300397412347,0.126491909639187,0.475401192749433
22999,0.346445517295641,0.214717946000799,0.264578010871645,0.174258525831916
23000,0.176593451521243,0.272341092642072,0.476913961937943,0.074151493898742
23001,0.220498017720452,0.349562408418435,0.208020723771819,0.221918850089294
23002,0.0868939710669805,0.454800776152515,0.143985922666733,0.314319330113772
23003,0.597521299552272,0.190822160175033,0.10454100315628,0.107115537116415
23004,0.125176698243069,0.32157116779447,0.343229487465895,0.210022646496566
23005,0.229129277261184,0.547406700266531,0.0937239112936244,0.12974011117866
23006,0.153791209800697,0.178895978263351,0.567055199200174,0.100257612735778
23007,0.0560607282629954,0.411989040698308,0.461697588296691,0.070252642742006
23008,0.0840223829093342,0.45654952909187,0.289434681484365,0.169993406514431
23009,0.281672309703311,0.130415170431929,0.295106523512851,0.292805996351909
23010,0.332142165526733,0.317849018556512,0.119736930936035,0.23027188498072
23011,0.305112391098168,0.0973497183130079,0.225635071959387,0.371902818629438
23012,0.225254051848183,0.0864358526452227,0.402828136228025,0.28548195927857
23013,0.26349550762032,0.097213228312109,0.258929640414954,0.380361623652617
23014,0.0586275314237504,0.248852563369354,0.37562731362055,0.316892591586346
23015,0.157130811566093,0.129563801932849,0.40762474520133,0.305680641299727
23016,0.387170825442303,0.176346647084274,0.259215228603619,0.177267298869804
23017,0.233515019290817,0.14528315551796,0.34992953520071,0.271272289990514
23018,0.445312318651807,0.204048184599441,0.169766143918166,0.180873352830586
23019,0.0863449769095719,0.159122454378303,0.608096264431868,0.146436304280257
23020,0.235713155415193,0.078338557018162,0.0967905536996794,0.589157733866966
23021,0.373635725206886,0.238746905671531,0.0272998612508461,0.360317507870737
23022,0.14189557815056,0.212265240585304,0.0585664356960352,0.587272745568102
23023,0.395127340851441,0.135871145291278,0.126879192464694,0.342122321392587
23024,0.313798675679738,0.273858154408814,0.043022744591442,0.369320425320007
23025,0.060785897895423,0.39689550058691,0.204547989477047,0.337770612040621
23026,0.633219952928567,0.0784577395316016,0.112600482483863,0.175721825055969
23027,0.200918775411175,0.246103398625549,0.0947989943414009,0.458178831621876
23028,0.090211279538865,0.539901457692755,0.0536970812106748,0.316190181557706
23029,0.0571841297380464,0.0389834883797203,0.685599942400684,0.21823243948155
23030,0.422795085767262,0.224598091105617,0.07241182747796,0.280194995649161
23031,0.0614308645587573,0.153374334060203,0.261411303043426,0.523783498337614
23032,0.219007836921769,0.514092441779804,0.102131503817972,0.164768217480456
23033,0.423991694474139,0.148146258545285,0.0665991201047385,0.361262926875837
23034,0.114376810513115,0.277606276715075,0.0706217280997704,0.53739518467204
23035,0.355290662190359,0.312630719186024,0.0466027789848216,0.285475839638796
23036,0.0584949067310153,0.505344378549933,0.0718034901789526,0.3643572245401
23037,0.626054882417784,0.160153103774838,0.112597979872308,0.101194033935071
23038,0.252593943191089,0.555926965741478,0.106197816750569,0.0852812743168655
23039,0.655655115664033,0.137957728676911,0.0190391157944305,0.187348039864626
23040,0.0739017118218075,0.0990220713881955,0.140227920998305,0.686848295791692
23041,0.270998024292871,0.079632356668739,0.415978017164818,0.233391601873572
23042,0.343092804909186,0.140762232277334,0.0636060638981505,0.452538898915329
23043,0.0844008931714194,0.114239071931367,0.128157836408847,0.673202198488366
23044,0.076224136980867,0.175704788124253,0.598268526129374,0.149802548765506
23045,0.575285356206389,0.0885772703175168,0.108290046136758,0.227847327339337
23046,0.814780068491188,0.0384838287533845,0.0832681015271237,0.0634680012283038
23047,0.0489508333472867,0.201249498356412,0.639859325713133,0.109940342583168
23048,0.471265831227697,0.25405966072688,0.138134804793384,0.136539703252039
23049,0.389166678216306,0.2544871123973,0.185479429211854,0.170866780174539
23050,0.285593574006513,0.431327441011426,0.15864884921857,0.124430135763491
23051,0.360028348616684,0.281290975735742,0.184675713065868,0.174004962581706
23052,0.115896951898776,0.632694513592915,0.191968402653593,0.0594401318547164
23053,0.481964470336323,0.105143111150725,0.228189853192589,0.184702565320362
23054,0.437910590843898,0.116721182769696,0.328792926344989,0.116575300041416
23055,0.594599648370733,0.24424469856305,0.0936937064638503,0.0674619466023667
23056,0.19429772554252,0.22304207486203,0.169898097518092,0.412762102077359
23057,0.201136011523997,0.521534759552484,0.052729847371177,0.224599381552342
23058,0.0563154209359109,0.440155309323652,0.361500295789908,0.142028973950528
23059,0.372704620007128,0.159742575349049,0.109939117614619,0.357613687029204
23060,0.423903921386096,0.161481246953995,0.0711824022065898,0.343432429453319
23061,0.494175659616099,0.152683480573179,0.262068155375204,0.0910727044355182
23062,0.212780585556459,0.225122033404431,0.0830182284665747,0.479079152572535
23063,0.106119927993242,0.115787279184922,0.669730451373071,0.108362341448765
23064,0.220081765528031,0.0795381068487845,0.502333698973621,0.198046428649564
23065,0.134191894092714,0.257767082117086,0.39692068958809,0.211120334202111
23066,0.127007583887677,0.610096812789265,0.0750351983153409,0.187860405007717
23067,0.199959933151169,0.172352115398683,0.29722860043061,0.330459351019537
23068,0.692486782673661,0.184251216201142,0.0245049436197346,0.0987570575054625
23069,0.0588576992102249,0.377227588534759,0.277656893957814,0.286257818297202
23070,0.264751905492011,0.322473730101853,0.0729266598385129,0.339847704567624
23071,0.0537478343908068,0.479806423592383,0.261351009991251,0.205094732025559
23072,0.198546150444331,0.145909658403553,0.445705265281721,0.209838925870396
23073,0.146068532835515,0.0500068065943146,0.456760516287801,0.347164144282369
23074,0.471362582433021,0.110260161367214,0.0834703804198775,0.334906875779888
23075,0.32245471371466,0.229676960005862,0.184294294241278,0.2635740320382
23076,0.520905846086689,0.0586447861439054,0.0754977935023994,0.344951574267007
23077,0.762831955504387,0.0660517311845651,0.0570296869625548,0.114086626348493
23078,0.0658573663477313,0.148348371484487,0.564103600444659,0.221690661723122
23079,0.466282346349899,0.112642790790102,0.244326678165491,0.176748184694509
23080,0.260228055694316,0.368806651491616,0.0972146433392465,0.273750649474821
23081,0.0397617447080725,0.073684276417504,0.636199333528967,0.250354645345457
23082,0.16596842438566,0.689825667832848,0.0361665763713831,0.108039331410109
23083,0.170986573201312,0.328797233806906,0.213308642709092,0.28690755028269
23084,0.0496660377373419,0.191139189152184,0.61522730405631,0.143967469054164
23085,0.0504294810669151,0.0569551738017197,0.0965214680878334,0.796093877043532
23086,0.282971977210546,0.376685531767248,0.239882493838925,0.100459997183281
23087,0.280410595256537,0.322432795241207,0.301413200738588,0.0957434087636683
23088,0.39371078005713,0.182967752521883,0.361508317014369,0.0618131504066175
23089,0.464054519052441,0.356686393650838,0.147267206308944,0.0319918809877779
23090,0.0646796261145104,0.175821730895426,0.609556940156772,0.149941702833292
23091,0.368072758801322,0.263740477669792,0.258822157771439,0.109364605757448
23092,0.324629141215118,0.157463664131438,0.381221473630737,0.136685721022707
23093,0.484342723507877,0.146230306606258,0.157130637690308,0.212296332195558
23094,0.651979274049635,0.130224539994253,0.178591724173752,0.0392044617823599
23095,0.293799419120869,0.226960311214618,0.0906769782348781,0.388563291429635
23096,0.349737752377788,0.212779990741851,0.276116140174811,0.161366116705551
23097,0.673572196081629,0.0907959577064579,0.188330520342689,0.0473013258692241
23098,0.473757625447546,0.132014677728794,0.242413182734807,0.151814514088852
23099,0.515031997149178,0.18462550289967,0.180956065997841,0.11938643395331
23100,0.166528190525061,0.143345266047358,0.656360325193423,0.0337662182341585
23101,0.143046507342602,0.605802803993711,0.0904369666209689,0.160713722042718
23102,0.383718956769769,0.119840147234237,0.303492809725437,0.192948086270557
23103,0.202950222408404,0.417023018838903,0.313386360909424,0.0666403978432688
23104,0.168156929109537,0.357621986438617,0.244610865058183,0.229610219393663
23105,0.122822616340856,0.203429384663095,0.421296092005415,0.252451906990634
23106,0.244296763408009,0.273666677415129,0.241696751002165,0.240339808174697
23107,0.18767023989384,0.168839306163037,0.528506310957129,0.114984142985995
23108,0.187040125549677,0.191429726031591,0.243502516154639,0.378027632264093
23109,0.142037495592024,0.317081939012436,0.325276323386057,0.215604242009483
23110,0.477939119641879,0.0719677276206249,0.281003681293287,0.169089471444209
23111,0.107463827601993,0.454882843935692,0.276088566175265,0.16156476228705
23112,0.175519419480465,0.115290546690442,0.620969268683389,0.0882207651457046
23113,0.187834529505759,0.302208874847665,0.237722677732807,0.272233917913769
23114,0.111043629512368,0.269460340895235,0.429036024510756,0.190460005081642
23115,0.127853511658465,0.293977390982161,0.248357318545233,0.329811778814141
23116,0.0995599426525101,0.574876063771019,0.0287537465260187,0.296810247050453
23117,0.178357968759245,0.119867986466492,0.526772370589896,0.175001674184366
23118,0.0414023078272094,0.0738843215850839,0.450473921116608,0.434239449471099
23119,0.0340037640391725,0.338282403805129,0.11175038742811,0.515963444727588
23120,0.451863584208621,0.17701773553363,0.0563737497487199,0.314744930509029
23121,0.311668245769866,0.251867513621692,0.0654868598347605,0.370977380773681
23122,0.275065716587425,0.130147215894221,0.168124164904334,0.426662902614021
23123,0.045735179333803,0.511962506429304,0.14748284068689,0.294819473550004
23124,0.314948850255079,0.408096115860761,0.163503869865636,0.113451164018524
23125,0.333831204996039,0.386859174489549,0.191398187901577,0.0879114326128349
23126,0.386737120618639,0.31977304449818,0.152871886642719,0.140617948240462
23127,0.252217309719337,0.224133576969302,0.445342752984886,0.0783063603264756
23128,0.55881809043375,0.267187099807805,0.0948221143834509,0.079172695374995
23129,0.432398263943158,0.300081715280463,0.144963222239896,0.122556798536483
23130,0.178301203371669,0.49213564757129,0.172624179053966,0.156938970003074
23131,0.3239943812023,0.179453835219374,0.401044388034854,0.095507395543472
23132,0.402950170081546,0.299491612556419,0.202268621992089,0.0952895953699465
23133,0.199842101032383,0.138967948696876,0.561228288668937,0.0999616616018039
23134,0.160433312614528,0.241403128108145,0.400218992825906,0.197944566451422
23135,0.11721644174467,0.436182441217279,0.32733378077782,0.11926733626023
23136,0.114071378835101,0.0692055708058348,0.623722734874655,0.19300031548441
23137,0.115782400508909,0.243275728267913,0.125100945922063,0.515840925301115
23138,0.136400837620454,0.152233070263382,0.57081746598097,0.140548626135194
23139,0.411943152333207,0.231198338452155,0.130510606827565,0.226347902387073
23140,0.166960949653805,0.568138101344756,0.109510385249481,0.155390563751958
23141,0.108685399552154,0.515329599791377,0.126756632657615,0.249228367998854
23142,0.292157694412827,0.108389687698094,0.451774184963675,0.147678432925403
23143,0.20609868507459,0.356349229383741,0.369799520682211,0.0677525648594576
23144,0.415368188680532,0.215064666830001,0.282820326235374,0.0867468182540929
23145,0.296260721408745,0.302186412649467,0.307798114476901,0.0937547514648874
23146,0.464365037895947,0.374891588906643,0.126436591069052,0.0343067821283584
23147,0.29783149971541,0.277549198601507,0.300519722965433,0.124099578717649
23148,0.366779798687073,0.347173513141528,0.231831669272742,0.0542150188986567
23149,0.480042915861618,0.278493427049738,0.166388301866794,0.0750753552218506
23150,0.244992166141518,0.414521661312532,0.244364388450386,0.0961217840955635
23151,0.209767919668589,0.346782717158185,0.375722895004819,0.0677264681684069
23152,0.338081005782024,0.213135727799674,0.353021633034092,0.095761633384209
23153,0.305223234484819,0.3490956103859,0.21143961979639,0.134241535332892
23154,0.40351862407974,0.231556854861741,0.205836389837807,0.159088131220713
23155,0.404964168108351,0.222775814218699,0.248433068160745,0.123826949512205
23156,0.391474232826045,0.303835632538959,0.180877936888694,0.123812197746302
23157,0.171005997070602,0.490285435533695,0.261018382833202,0.0776901845625015
23158,0.438087091018054,0.164018890016233,0.310193630255586,0.0877003887101279
23159,0.251929131563278,0.204066396069463,0.373869379191217,0.170135093176041
23160,0.144561467806154,0.20689960208026,0.409426378989267,0.239112551124319
23161,0.301998004179731,0.188740089705647,0.380561074997001,0.12870083111762
23162,0.135185832887882,0.226139145861595,0.0684524179366639,0.570222603313859
23163,0.0880504459555371,0.758314900994427,0.0459636454127709,0.107671007637265
23164,0.195902482469968,0.49155958668694,0.140456347122693,0.172081583720399
23165,0.0304128476554385,0.164867846362391,0.267468305425945,0.537251000556226
23166,0.473658768070445,0.138166594856122,0.0892509834470213,0.298923653626412
23167,0.257533171498106,0.141857411489479,0.139779035742134,0.460830381270281
23168,0.20275321960605,0.0415964060061437,0.151099139920303,0.604551234467503
23169,0.172380152767946,0.348824707927752,0.354725373054846,0.124069766249456
23170,0.13224335087614,0.0947385424127164,0.141999802039365,0.631018304671779
23171,0.187971068365032,0.135309309492436,0.177782069539622,0.498937552602911
23172,0.230538479511924,0.44696486446297,0.128534821933302,0.193961834091805
23173,0.0397639492373321,0.0903213797776418,0.236056768916777,0.63385790206825
23174,0.778760399108067,0.0931408925235014,0.0294127340576991,0.0986859743107324
23175,0.26762523609068,0.106889635603407,0.160878401869211,0.464606726436702
23176,0.0364909064270578,0.543746314487785,0.0908661315824798,0.328896647502678
23177,0.35766996827435,0.195944875446091,0.379466112032097,0.0669190442474624
23178,0.163873877762271,0.502344584324957,0.143172260543079,0.190609277369693
23179,0.115481041241259,0.562943167661956,0.0801224203451366,0.241453370751648
23180,0.0293338950660751,0.14718486251216,0.582511036384103,0.240970206037662
23181,0.343445938061569,0.376590572764768,0.158337633473683,0.12162585569998
23182,0.332815874553853,0.390481541630096,0.191564236383298,0.0851383474327535
23183,0.201322344515539,0.396058249218862,0.193828639283348,0.20879076698225
23184,0.324203705920723,0.304756231783403,0.229554138568187,0.141485923727688
23185,0.309287322916443,0.161879896994681,0.247621169715019,0.281211610373857
23186,0.3151809752389,0.313966817635285,0.0793568121797066,0.291495394946109
23187,0.142315675003696,0.272797792360469,0.440840893258263,0.144045639377572
23188,0.464070417458881,0.279974907952654,0.155145554615273,0.100809119973192
23189,0.217170694202712,0.177238353014861,0.212734673962708,0.392856278819719
23190,0.200569275527045,0.246954453587341,0.312426076652782,0.240050194232831
23191,0.254817962594086,0.309826997188289,0.262442818035855,0.17291222218177
23192,0.209223194144598,0.427174671687163,0.0524424093045051,0.311159724863735
23193,0.278501533166566,0.249404074105487,0.112121309279243,0.359973083448704
23194,0.368101792802673,0.35061877983101,0.147044302559374,0.134235124806943
23195,0.43197259880965,0.196758532359468,0.207154321381986,0.164114547448897
23196,0.257338987777795,0.38452164750968,0.150708376180176,0.207430988532349
23197,0.444292376692245,0.0781947848920802,0.172181299460466,0.305331538955208
23198,0.428452934677646,0.144031068510855,0.172524507245278,0.254991489566222
23199,0.482367498260499,0.219376181334711,0.0670635180930916,0.231192802311699
23200,0.292102411159177,0.235263078709506,0.363822056832204,0.108812453299113
23201,0.291034310212686,0.288147713309925,0.226349168859682,0.194468807617707
23202,0.289510458841148,0.23064944811706,0.337206977851995,0.142633115189797
23203,0.0896149241196279,0.575659462142133,0.219009439784267,0.115716173953972
23204,0.261148840406092,0.331428154246449,0.141102352055008,0.26632065329245
23205,0.21240415152589,0.180527837334989,0.272328411573983,0.334739599565139
23206,0.221352764138661,0.397012640391108,0.0628285648686727,0.318806030601559
23207,0.315872087990846,0.234950951297666,0.307046068338144,0.142130892373344
23208,0.188214167833459,0.11606621835634,0.35220502139633,0.343514592413871
23209,0.245012479259973,0.337882942694404,0.15017944916132,0.266925128884303
23210,0.608286181185579,0.102897283469571,0.156351517916188,0.132465017428662
23211,0.29237540259854,0.393993316386733,0.0910252977088422,0.222605983305885
23212,0.120936542455561,0.349046447987626,0.229206910032653,0.30081009952416
23213,0.111185152559357,0.155437451125345,0.361203172351408,0.372174223963891
23214,0.667681566850705,0.0888828128946302,0.168544442956301,0.0748911772983634
23215,0.351282889134443,0.0767495689806347,0.18628661962407,0.385680922260852
23216,0.246148730535513,0.149977080692822,0.191723370230297,0.412150818541368
23217,0.100575013974093,0.462469283199709,0.0674398304872358,0.369515872338962
23218,0.132262041724373,0.20663157531921,0.247005373321174,0.414101009635243
23219,0.198525850979735,0.0656371403513425,0.0428610790791363,0.692975929589787
23220,0.558812838246535,0.164300277598273,0.0564688571811785,0.220418026974013
23221,0.736366715312935,0.0194622295378282,0.0132483654872599,0.230922689661977
23222,0.053041430276915,0.0937493958617547,0.49801417295256,0.35519500090877
23223,0.0942031005765964,0.268609626515963,0.0614029985620334,0.575784274345407
23224,0.0284798096792742,0.194327414967356,0.135535353570414,0.641657421782956
23225,0.217812804377189,0.423076987702128,0.014276223277118,0.344833984643565
23226,0.0607319951190735,0.106787029987512,0.198077413217736,0.634403561675678
23227,0.556821110609983,0.0991966677857861,0.0361658101783912,0.30781641142584
23228,0.053103296299002,0.0468933566035398,0.0667392901960189,0.833264056901439
23229,0.0808094828381598,0.0944527229888924,0.251875577017708,0.57286221715524
23230,0.0507905112648495,0.209182868524589,0.0204677914678224,0.719558828742739
23231,0.0196493254831539,0.174886467273102,0.0502123176327959,0.755251889610948
23232,0.14066029122062,0.181083456473395,0.0803721925340048,0.597884059771981
23233,0.0525368169162381,0.054573412753575,0.195922736684361,0.696967033645826
23234,0.0939959888720748,0.0285279468745903,0.0625200424816286,0.814956021771706
23235,0.0515143873454101,0.00921847162899391,0.281008129538546,0.65825901148705
23236,0.514687945114336,0.0138617843648556,0.20596120470075,0.265489065820059
23237,0.0135798904483715,0.0933955567581257,0.23898608053089,0.654038472262613
23238,0.152484696691063,0.294805840787313,0.286300939771464,0.266408522750159
23239,0.304000338856455,0.474412902606745,0.0479359649385761,0.173650793598225
23240,0.146578393435577,0.576554504913659,0.0912588830640736,0.18560821858669
23241,0.433432400343009,0.138033996803071,0.242106967539367,0.186426635314553
23242,0.635425543437371,0.1485318459589,0.0667143869650949,0.149328223638634
23243,0.33841921811231,0.0743403078277194,0.363481340769966,0.223759133290005
23244,0.185955840952906,0.438928792243402,0.151021488196541,0.224093878607151
23245,0.618384253288523,0.0246230795924028,0.173733417772085,0.18325924934699
23246,0.35884011356843,0.311837850579641,0.0928473782345856,0.236474657617343
23247,0.0980122770910502,0.0993285068136601,0.325200656015118,0.477458560080171
23248,0.108477769257062,0.549392731927262,0.159966170455991,0.182163328359685
23249,0.299820057489577,0.25635855159082,0.230153415827311,0.213667975092293
23250,0.254861504960413,0.10966206818742,0.491009895871791,0.144466530980376
23251,0.0914107215087539,0.600585453693628,0.115922136518151,0.192081688279467
23252,0.105184780974112,0.312653941547688,0.200326749653448,0.381834527824752
23253,0.0602722189048331,0.18687336830482,0.636443989613348,0.116410423176999
23254,0.5259940694861,0.0699062404851614,0.310572537664957,0.0935271523637814
23255,0.331483976918244,0.308247096991051,0.0254486271412547,0.334820298949451
23256,0.632639376560201,0.0294261095093633,0.156550208375032,0.181384305555404
23257,0.205862846718676,0.535792752852493,0.0785609359406395,0.179783464488191
23258,0.535448165127646,0.132585050015452,0.22811074938557,0.103856035471332
23259,0.0494897300303684,0.277174560013845,0.264509295609997,0.408826414345791
23260,0.227794643640345,0.0656836350235631,0.535225094912533,0.171296626423559
23261,0.113537052362519,0.469723800561736,0.156479954865858,0.260259192209886
23262,0.46560037238979,0.151663854617752,0.184934766768991,0.197801006223467
23263,0.413849716698704,0.280748902344596,0.180339032635159,0.125062348321542
23264,0.0605782355573028,0.371614344971679,0.343217885265485,0.224589534205533
23265,0.569187605761911,0.147719129950124,0.13066269200041,0.152430572287555
23266,0.166592397970868,0.118261377778548,0.193921816216631,0.521224408033953
23267,0.265596851082609,0.235122789315044,0.314984453637986,0.184295905964361
23268,0.151600460832616,0.170156478996825,0.0835417014273737,0.594701358743185
23269,0.309876694624602,0.36614831069415,0.0521351939061995,0.271839800775049
23270,0.187008283243773,0.208342320533469,0.481083801959336,0.123565594263422
23271,0.26389713367059,0.0809912815159297,0.0871881859100247,0.567923398903456
23272,0.156826836193252,0.208306221065881,0.486251274472486,0.148615668268381
23273,0.105510510437727,0.499572758867363,0.0893318793421601,0.30558485135275
23274,0.362658906702719,0.153320606964635,0.107652420746765,0.376368065585881
23275,0.0672884818984154,0.234226172371741,0.190353597714124,0.50813174801572
23276,0.353630283224205,0.375590789416803,0.155306047894896,0.115472879464096
23277,0.348559484805118,0.29611217271598,0.234024618222176,0.121303724256726
23278,0.195142910463658,0.223697366867312,0.284886269450377,0.296273453218653
23279,0.311253151476019,0.395108654787831,0.146046261278889,0.14759193245726
23280,0.35760557130614,0.145224155325593,0.306179839792808,0.190990433575459
23281,0.131377409090571,0.539096290059175,0.177761774866541,0.151764525983713
23282,0.303130780362074,0.387031992914043,0.170638270813566,0.139198955910316
23283,0.238394167181723,0.339045327964824,0.213934856315386,0.208625648538067
23284,0.158347143189874,0.390738658384356,0.264764619711429,0.186149578714341
23285,0.361932752946612,0.202505364350481,0.230188082825189,0.205373799877719
23286,0.196708053950694,0.199281067913464,0.38983376361103,0.214177114524813
23287,0.184668879174987,0.254135702500958,0.231411875213683,0.329783543110372
23288,0.536694178408392,0.179960737564026,0.183214615999867,0.100130468027715
23289,0.256705977194926,0.480872183229471,0.15890815179248,0.103513687783124
23290,0.174053348076293,0.426139770054285,0.139487295946736,0.260319585922685
23291,0.347801885790541,0.168768588684001,0.194384848297707,0.289044677227751
23292,0.219557534146413,0.164824767031414,0.427610942720086,0.188006756102087
23293,0.470487735353793,0.237503895928545,0.135880056536739,0.156128312180922
23294,0.214192139561555,0.196205571091036,0.129913354961281,0.459688934386128
23295,0.316199262158137,0.00897082177870573,0.463371402409759,0.211458513653398
23296,0.262441301967784,0.147797049263919,0.463280478285672,0.126481170482626
23297,0.0744797728929872,0.0675110266953257,0.516059118759196,0.341950081652491
23298,0.349591335625224,0.0531328624800945,0.323570589911071,0.27370521198361
23299,0.414167574050557,0.115810690555699,0.0791445103890831,0.39087722500466
23300,0.448401536411133,0.16329979230991,0.263745201767955,0.124553469511002
23301,0.405910561076794,0.0784747125039824,0.125701584275902,0.389913142143322
23302,0.26723518649522,0.176466710348387,0.447674867394508,0.108623235761884
23303,0.16683395407597,0.154855694437969,0.365701103271607,0.312609248214454
23304,0.0270871175646838,0.36579117466134,0.0553908120534716,0.551730895720505
23305,0.366318643007202,0.0342222079023122,0.0352177992305633,0.564241349859923
23306,0.382241421914421,0.35125379163686,0.0511353633236084,0.215369423125111
23307,0.105445421875809,0.283323362127077,0.144526318035053,0.466704897962061
23308,0.244277845637,0.0295855912708156,0.532592616233973,0.193543946858212
23309,0.0578393637275627,0.0882777940779167,0.0283978738145029,0.825484968380018
23310,0.0834274776959098,0.0457082991269986,0.56654568238012,0.304318540796971
23311,0.0979822878897406,0.0328491306948942,0.143320296079886,0.725848285335479
23312,0.303433699748028,0.0763454929674348,0.492372710534586,0.127848096749951
23313,0.0482562512461178,0.255673385972941,0.2676702759023,0.428400086878641
23314,0.383293414272936,0.0697799469361759,0.114044913912863,0.432881724878025
23315,0.375020828479102,0.109850632017879,0.43026039753426,0.0848681419687591
23316,0.354587982432925,0.10524718332306,0.133499194320564,0.406665639923451
23317,0.245674807624153,0.161272326578739,0.181972396376867,0.411080469420241
23318,0.0939228686728778,0.0863304086324385,0.359673569302434,0.46007315339225
23319,0.264894556916205,0.145745871990086,0.0273715723729916,0.561987998720718
23320,0.146293401157123,0.0701042030465526,0.210016480503095,0.57358591529323
23321,0.659598661608344,0.00870272837744695,0.193941809363882,0.137756800650327
23322,0.18147050771223,0.0698335034362473,0.300927710626507,0.447768278225016
23323,0.245597297496385,0.318430719013299,0.0273412499708414,0.408630733519475
23324,0.511766279752083,0.0716207564450039,0.113819003642713,0.3027939601602
23325,0.0562323695673145,0.306325575904569,0.317552521414317,0.3198895331138
23326,0.0435999810529436,0.103566649445849,0.0843448850225076,0.768488484478699
23327,0.0728920761487518,0.0267599814655714,0.695932630560993,0.204415311824684
23328,0.0135831101330932,0.402497210660493,0.0291316814050578,0.554787997801356
23329,0.146900593645635,0.0341775411401471,0.152523905604918,0.6663979596093
23330,0.126243546398806,0.029634938195905,0.473265747482037,0.370855767923252
23331,0.0747113559982698,0.711542915908825,0.0182086827921479,0.195537045300758
23332,0.108026220223052,0.204377119520001,0.505433213536754,0.182163446720194
23333,0.497154997689949,0.133768838341255,0.216234971936155,0.152841192032641
23334,0.348303242696571,0.154055434029014,0.122938981225847,0.374702342048568
23335,0.416651965398234,0.319315543344715,0.116667851194263,0.147364640062788
23336,0.0659801537566046,0.28715895770401,0.28301163352414,0.363849255015245
23337,0.594157085941558,0.0945321664986421,0.237489883393304,0.0738208641664969
23338,0.0998317172223405,0.190552016835342,0.601075843848609,0.108540422093709
23339,0.184843898221488,0.0572349908850001,0.490974892641998,0.266946218251514
23340,0.14452962007416,0.0564826546806854,0.456002078595437,0.342985646649718
23341,0.142676295674032,0.0490895763352801,0.696807013288392,0.111427114702295
23342,0.286954725322221,0.154104085163326,0.303021050831115,0.255920138683338
23343,0.12281547200411,0.440044604587657,0.0835051955814246,0.353634727826808
23344,0.205865951200813,0.103627028081107,0.179174111381884,0.511332909336195
23345,0.105033323628642,0.170240351012269,0.143458580632693,0.581267744726396
23346,0.177487354615921,0.461902757516396,0.094706357237856,0.265903530629828
23347,0.276498275988487,0.25171368078772,0.149722920714963,0.32206512250883
23348,0.0924477577751752,0.258733040924217,0.263421088430741,0.385398112869867
23349,0.220910879195726,0.250284354130273,0.410591528669825,0.118213238004176
23350,0.151196275761927,0.597016525526356,0.0555895170363543,0.196197681675363
23351,0.15806187239322,0.117403299845826,0.297857539321543,0.426677288439412
23352,0.178254878303239,0.344775311445183,0.267721123104757,0.209248687146822
23353,0.109534700748423,0.335788457279392,0.310227555023574,0.244449286948612
23354,0.135639642145615,0.5101622200337,0.157368076653125,0.19683006116756
23355,0.278682583148634,0.381103536694877,0.0937176518408106,0.246496228315679
23356,0.328918526832353,0.142722292140716,0.346998903179343,0.181360277847589
23357,0.181028285733326,0.459778781717533,0.108695435214475,0.250497497334667
23358,0.233938594462482,0.198546708486933,0.266532795300326,0.30098190175026
23359,0.143395350222791,0.158028480631145,0.488652206601202,0.209923962544861
23360,0.370892820576531,0.342327244121283,0.184027847755544,0.102752087546642
23361,0.0953511746289973,0.11662330326384,0.499078887555756,0.288946634551407
23362,0.140836374895014,0.337885714047897,0.246561068003853,0.274716843053236
23363,0.204647025325853,0.436428420942863,0.157266838267974,0.20165771546331
23364,0.137564569573667,0.221247413121201,0.290735128028755,0.350452889276377
23365,0.219198602559851,0.283452690333624,0.275543203960007,0.221805503146517
23366,0.196696659209494,0.0474861943912325,0.499382538499478,0.256434607899795
23367,0.209220330746791,0.135633228473479,0.495623393715587,0.159523047064143
23368,0.0674412233007441,0.302181428094186,0.366928445003062,0.263448903602008
23369,0.308423748781783,0.209749522609236,0.212599044374688,0.269227684234293
23370,0.127922885062055,0.124092231061486,0.480581121341537,0.267403762534922
23371,0.734789366305977,0.0495569438963154,0.0772824509204016,0.138371238877307
23372,0.399231448344767,0.109261850711892,0.0461390847716117,0.445367616171729
23373,0.11699017562994,0.255021936766061,0.40664471454507,0.22134317305893
23374,0.0421860123210759,0.240557183018424,0.587308552337679,0.129948252322821
23375,0.164801557405759,0.243994811149177,0.452019977417167,0.139183654027897
23376,0.206257463810115,0.282783034738168,0.361283058681733,0.149676442769985
23377,0.115890841096467,0.214863426421677,0.541011788726707,0.128233943755149
23378,0.558735116197818,0.0600246167600611,0.187392975860286,0.193847291181835
23379,0.137917898379202,0.0843999724228931,0.33791372348562,0.439768405712285
23380,0.216853618162725,0.292942258621935,0.187127188402316,0.303076934813024
23381,0.121876110198086,0.303869892055261,0.268961286218909,0.305292711527744
23382,0.103515539370213,0.0532772262982119,0.394928657199542,0.448278577132033
23383,0.0621839663827939,0.547181101500273,0.089029759269484,0.301605172847449
23384,0.697727098388298,0.0541322913349844,0.0907155479335241,0.157425062343193
23385,0.171585144497748,0.327226038023167,0.399172159155837,0.102016658323249
23386,0.173925975658455,0.452531968916085,0.0181201669462517,0.355421888479209
23387,0.212631357829828,0.216565137338173,0.0556007335660276,0.515202771265971
23388,0.0830014261191467,0.227875572536296,0.305172765580271,0.383950235764286
23389,0.0370341286176947,0.0582493933616666,0.349717175557536,0.554999302463103
23390,0.300654547569744,0.344259757234741,0.0813384413533956,0.273747253842119
23391,0.136085784312535,0.284366562257981,0.398086200974488,0.181461452454996
23392,0.213729718031813,0.323023413067368,0.318360766359672,0.144886102541146
23393,0.00687426588587464,0.653515545578874,0.214315990489755,0.125294198045496
23394,0.349861073600635,0.382088380063485,0.127708672255933,0.140341874079946
23395,0.123208397363345,0.196545383730228,0.50521415146322,0.175032067443207
23396,0.532903259429888,0.161866072479722,0.118262776243174,0.186967891847216
23397,0.452480248484822,0.296437915126557,0.0159994382206436,0.235082398167977
23398,0.111201546006568,0.792747810416037,0.00329231662158399,0.0927583269558105
23399,0.00816827048215951,0.814649588606416,0.0496650447674248,0.127517096144
23400,0.516067690376312,0.0217363519282877,0.133392608397653,0.328803349297747
23401,0.479961558322766,0.166546019526922,0.0860328981779326,0.267459523972379
23402,0.00775355751091199,0.627521954718767,0.248942058387283,0.115782429383038
23403,0.182194213360542,0.151911985130069,0.366684308743191,0.299209492766199
23404,0.00781011440468744,0.733469427631979,0.121619230587082,0.137101227376252
23405,0.0501153194485756,0.44225313816178,0.207154382867848,0.300477159521797
23406,0.727661215696908,0.103090786841092,0.0400800855023025,0.129167911959698
23407,0.174777391984837,0.0592062892676376,0.06099304616758,0.705023272579946
23408,0.51573375111627,0.144135005342932,0.0874880495275452,0.252643194013253
23409,0.242677929394006,0.348386373556784,0.229522686092438,0.179413010956773
23410,0.274205729788101,0.314155181165196,0.161077184614716,0.250561904431988
23411,0.188432773856199,0.249090998506056,0.33322347128819,0.229252756349556
23412,0.183916487562223,0.411596203169136,0.150568711345807,0.253918597922833
23413,0.151937370766811,0.203671482132201,0.361332388521032,0.283058758579956
23414,0.351907127990358,0.183663245315799,0.13299722979109,0.331432396902752
23415,0.232415787546422,0.374371128975678,0.214859055995274,0.178354027482626
23416,0.175132827176625,0.471268552053454,0.175688787826251,0.17790983294367
23417,0.325491304373916,0.221547092905868,0.216406641753863,0.236554960966353
23418,0.127933217618586,0.227402806969269,0.201750291598329,0.442913683813817
23419,0.145773557589806,0.393531367540394,0.102142187408377,0.358552887461423
23420,0.232803918984151,0.194036760956553,0.329076522549429,0.244082797509867
23421,0.314664807099244,0.275029048110095,0.108215854922853,0.302090289867808
23422,0.21342723295548,0.129313375623284,0.306674310896062,0.350585080525174
23423,0.391133482758653,0.110163394360321,0.306271224006582,0.192431898874443
23424,0.301026550434444,0.139346787511442,0.141478556322763,0.418148105731351
23425,0.311687874935021,0.258623283067545,0.088902118008338,0.340786723989097
23426,0.212922681761824,0.389607059164999,0.10690830095437,0.290561958118806
23427,0.373287262573019,0.10644723767272,0.414451829345745,0.105813670408517
23428,0.506734667351658,0.240225125607749,0.184320414226776,0.0687197928138173
23429,0.461374731159637,0.264729827567611,0.222490899231828,0.0514045420409241
23430,0.180048775088029,0.412937506748136,0.333546792207838,0.0734669259559962
23431,0.243448154527368,0.226825134359054,0.47929285970449,0.0504338514090884
23432,0.242226496440015,0.287624317912247,0.377100873592478,0.0930483120552601
23433,0.326532517664679,0.428915058857657,0.173851530414734,0.0707008930629306
23434,0.236079545200689,0.352692113535409,0.349210306536439,0.0620180347274624
23435,0.305973142006036,0.204790946732247,0.385969427281123,0.103266483980594
23436,0.240993037735337,0.384336050286426,0.247155035132411,0.127515876845826
23437,0.211581465657331,0.302660777334947,0.393836096875589,0.0919216601321328
23438,0.200163435723,0.18363908222143,0.556506653180588,0.0596908288749825
23439,0.260639895870205,0.340313911332278,0.277562748275226,0.121483444522292
23440,0.369528897866673,0.177977447162722,0.382126791344492,0.0703668636261127
23441,0.110478125039119,0.148576314503772,0.541030851935528,0.199914708521582
23442,0.283379652709041,0.312065837989762,0.298084971145005,0.106469538156191
23443,0.427401241325156,0.254725451514844,0.223885733546898,0.0939875736131027
23444,0.155087795011846,0.345073481545033,0.439830447007703,0.0600082764354187
23445,0.131953315759404,0.253206511774122,0.556856956500929,0.0579832159655452
23446,0.498336423860096,0.188767594562708,0.202302756268088,0.110593225309108
23447,0.20690686050424,0.110196858036531,0.461832493575496,0.221063787883733
23448,0.133883639729133,0.341608773030015,0.122087438541156,0.402420148699696
23449,0.476577085260874,0.0679424135639058,0.180283858750851,0.275196642424369
23450,0.0541010210842792,0.143752066211392,0.42824478752465,0.37390212517968
23451,0.187979077592567,0.232524982342915,0.319511824837842,0.259984115226677
23452,0.0446640557624925,0.592405509142854,0.0546948110457669,0.308235624048886
23453,0.483544688782865,0.0963229275921321,0.175736655604479,0.244395728020524
23454,0.1107488679988,0.116327350445005,0.0464962564381473,0.726427525118048
23455,0.269525157766876,0.0633271867218675,0.0828330970156554,0.584314558495601
23456,0.115140216959786,0.582159757957972,0.0428562799831347,0.259843745099107
23457,0.0900266852699992,0.0398334592638783,0.187541426877983,0.682598428588139
23458,0.0125294087917888,0.419179001856725,0.262323962358992,0.305967626992494
23459,0.26395982590377,0.420955650981353,0.0385952732326791,0.276489249882199
23460,0.155125656120404,0.650181600813354,0.0534427387858903,0.141250004280352
23461,0.018639568079803,0.239597317184533,0.428544383886816,0.313218730848848
23462,0.62984595653008,0.135863344546564,0.0468505784117914,0.187440120511565
23463,0.0400252702786844,0.0832122474686774,0.484758264162833,0.392004218089806
23464,0.0412452410287319,0.0132104381180217,0.565569127742719,0.379975193110527
23465,0.252787385206161,0.356955186998583,0.0592761026626072,0.330981325132648
23466,0.299697237421348,0.128891272701303,0.148634556033565,0.422776933843784
23467,0.0459363121900329,0.664720744040377,0.0848385014717818,0.204504442297808
23468,0.490296109662401,0.09637943962713,0.0943693649227035,0.318955085787766
23469,0.102108554494789,0.0510369384571774,0.773545322996396,0.0733091840516373
23470,0.49607708214404,0.189124401642878,0.209292774794866,0.105505741418216
23471,0.0767509134222021,0.263897752427674,0.50817048295358,0.151180851196544
23472,0.274944676753778,0.287867415789179,0.268863917572886,0.168323989884157
23473,0.209405140798703,0.0806585423605817,0.479438269478326,0.23049804736239
23474,0.229072482854542,0.0951742346603023,0.335621686598193,0.340131595886963
23475,0.0998709462390169,0.55351529754672,0.0713174367374793,0.275296319476784
23476,0.160074942287667,0.632964523122896,0.057954716732408,0.149005817857029
23477,0.407585783715962,0.0563828285627061,0.310883276285809,0.225148111435523
23478,0.260945793502174,0.380929248922778,0.135186661083432,0.222938296491616
23479,0.0362259684826234,0.164393972552582,0.248879968804918,0.550500090159876
23480,0.0400282512589981,0.527714551385978,0.293111272129164,0.139145925225859
23481,0.296360127607541,0.52841689396408,0.070169042981591,0.105053935446788
23482,0.730419673007026,0.0395762799320192,0.0730409031291198,0.156963143931836
23483,0.08355703793832,0.315752006071431,0.164673750906952,0.436017205083297
23484,0.0223519821609951,0.24416961685465,0.665175479450292,0.0683029215340627
23485,0.234992606443409,0.465580634955533,0.0599938487784722,0.239432909822586
23486,0.0327266657897575,0.369563211040551,0.239028953288202,0.358681169881489
23487,0.240505338202616,0.398971386877309,0.0422739189323757,0.3182493559877
23488,0.166374995122819,0.514586314027476,0.0680112628108526,0.251027428038852
23489,0.268504100049892,0.0523514860052249,0.206954286526453,0.47219012741843
23490,0.134646629435192,0.0405003177628855,0.264080020079969,0.560773032721954
23491,0.0485744169985164,0.119824322813678,0.316978442402827,0.514622817784978
23492,0.0533133616825238,0.288690829129231,0.375766935634433,0.282228873553812
23493,0.085116256618658,0.109891424350407,0.111087429979821,0.693904889051114
23494,0.136472028264312,0.549207463239359,0.0725187879566512,0.241801720539678
23495,0.0801569522487022,0.696301973687702,0.0547326587594196,0.168808415304176
23496,0.0720728127613408,0.491625679991131,0.0173121170616109,0.418989390185917
23497,0.0905282601371571,0.585483880196137,0.105168354929236,0.21881950473747
23498,0.163746396233389,0.0385756822348225,0.342959725600686,0.454718195931103
23499,0.0445669092247112,0.0859550159170264,0.246518311400442,0.622959763457821
23500,0.0228517307619696,0.160601826433232,0.486614986624862,0.329931456179937
23501,0.483136376890906,0.0323244125857691,0.194364323399623,0.290174887123701
23502,0.123088969563697,0.0396692341967669,0.366086934813457,0.471154861426079
23503,0.564974760667805,0.0747456124152049,0.0443686576769277,0.315910969240063
23504,0.259117456635121,0.281821044242542,0.185327821553243,0.273733677569093
23505,0.0601208910928734,0.307109988734667,0.366835000829979,0.265934119342481
23506,0.463905888927307,0.0402650402265661,0.346344390293037,0.14948468055309
23507,0.592119858767303,0.218433700013832,0.0977692291455897,0.0916772120732754
23508,0.0428389119989187,0.120469136885997,0.400017991502003,0.436673959613081
23509,0.31784768081409,0.225598096531373,0.106214784662505,0.350339437992033
23510,0.2736226356996,0.0681542108464878,0.257371408919258,0.400851744534654
23511,0.330709546689566,0.0734264126488611,0.0819593884752059,0.513904652186367
23512,0.697795804294577,0.136336850570704,0.0641979141138628,0.101669431020856
23513,0.156350614091598,0.164122490273804,0.0420655875365585,0.637461308098039
23514,0.249433085055788,0.104976720483291,0.232088644316096,0.413501550144825
23515,0.680043125369968,0.0375351480773147,0.144940602626128,0.137481123926589
23516,0.291119372003367,0.0745631145133489,0.25078327500034,0.383534238482945
23517,0.485231824818778,0.107095905827568,0.0761850064307018,0.331487262922953
23518,0.0978866998792608,0.0406551033922595,0.773082278194277,0.0883759185342031
23519,0.0650312384831232,0.469725018180952,0.057869119060878,0.407374624275047
23520,0.312212579524711,0.0696628622875507,0.165839755589506,0.452284802598232
23521,0.146109746805518,0.462326329142527,0.23008884586999,0.161475078181966
23522,0.0976747163629871,0.256887882542837,0.165261946254508,0.480175454839668
23523,0.0733358341168708,0.691651396068674,0.0983742083767834,0.136638561437671
23524,0.0446776811430889,0.642618763553714,0.0521311218928147,0.260572433410382
23525,0.127882302400655,0.101371853005092,0.0865344282141761,0.684211416380077
23526,0.0931313192162538,0.183797702834997,0.5263067666696,0.19676421127915
23527,0.107605887298469,0.203894198346663,0.292429171842688,0.39607074251218
23528,0.0440527043320214,0.613836853477323,0.0935720526932155,0.248538389497441
23529,0.143508911221894,0.42133749711333,0.0301677972809074,0.404985794383869
23530,0.0623909345221952,0.0584205974336673,0.664673609962548,0.214514858081589
23531,0.323251681834965,0.0398105495190747,0.0382586280716411,0.59867914057432
23532,0.100939706859423,0.113141008251476,0.0484473399057647,0.737471944983336
23533,0.225179915677622,0.0905595695040341,0.108250220486276,0.576010294332068
23534,0.0602647378065301,0.0452806575041733,0.182851301072302,0.711603303616995
23535,0.0950851499326634,0.0516230321902421,0.0689562493384786,0.784335568538616
23536,0.0850208870554201,0.051517043436564,0.132193840095071,0.731268229412945
23537,0.116115055951704,0.120719144443169,0.0397103547468698,0.723455444858257
23538,0.321487846025524,0.0704432286850792,0.0143154395298876,0.59375348575951
23539,0.0334044111469116,0.082366929529746,0.080346050728542,0.8038826085948
23540,0.0331507194531896,0.0237194697304872,0.223766333110848,0.719363477705475
23541,0.077330190511028,0.133894031948441,0.0197667723458738,0.769009005194657
23542,0.0482074922258057,0.190439042597677,0.499846896270005,0.261506568906512
23543,0.217435818056035,0.394606248062122,0.116190483233121,0.271767450648722
23544,0.0386403907572373,0.167446356912746,0.715936632187732,0.0779766201422848
23545,0.259406952593517,0.0415899459318052,0.0567494253739422,0.642253676100735
23546,0.0745188797960322,0.0915322662523908,0.709378160973747,0.12457069297783
23547,0.414226492580698,0.387162868199179,0.0145278383510452,0.184082800869078
23548,0.267246351149089,0.0669355412831,0.0367901284116093,0.629027979156201
23549,0.274183526947981,0.072309329883593,0.160768353460309,0.492738789708117
23550,0.0324896008599421,0.199563497640769,0.103037305240968,0.664909596258321
23551,0.512691813569633,0.101773350932298,0.212463490863953,0.173071344634116
23552,0.0290838439249208,0.46788773686035,0.458574748842152,0.0444536703725775
23553,0.0677805049218775,0.702453525379139,0.0663035624694664,0.163462407229517
23554,0.691494341201189,0.144749704244057,0.0512984678587678,0.112457486695986
23555,0.0196718971012423,0.112527993121179,0.753896408052564,0.113903701725014
23556,0.400714619714417,0.0914651255936928,0.0892057409281542,0.418614513763736
23557,0.0544949102220974,0.0440649245254453,0.60284167039763,0.298598494854827
23558,0.178843382069706,0.114950090386605,0.475724948858132,0.230481578685558
23559,0.144917174745746,0.045241011659849,0.452320675892346,0.35752113770206
23560,0.048996977821006,0.0470348447566432,0.4431566550008,0.460811522421551
23561,0.48747562597154,0.28625638218934,0.160127305282289,0.0661406865568313
23562,0.383932915098252,0.126086632701905,0.0649473587682636,0.425033093431579
23563,0.142801108737193,0.346376871483907,0.314022683237844,0.196799336541056
23564,0.0676392555317335,0.517748508706313,0.190624864942511,0.223987370819443
23565,0.0792249746794208,0.0868722429509039,0.685609296670259,0.148293485699416
23566,0.387288554298566,0.23873167608002,0.0700645660229578,0.303915203598456
23567,0.148763486083518,0.466803656242472,0.164511679654673,0.219921178019337
23568,0.273376638386149,0.503547898130258,0.0722324039457751,0.150843059537818
23569,0.626079900994565,0.121670618676107,0.135961814178695,0.116287666150633
23570,0.100896119845099,0.694995849679147,0.102683384230281,0.101424646245473
23571,0.117008564254925,0.0361405249800648,0.217187896273503,0.629663014491507
23572,0.321329330672861,0.412603618181158,0.0230891280860437,0.242977923059936
23573,0.096308513411301,0.0821875986115952,0.129859150653526,0.691644737323578
23574,0.0394010145021021,0.551979016775522,0.223543871441525,0.185076097280851
23575,0.027755124620082,0.202085378924688,0.212929175355066,0.557230321100164
23576,0.118735795527184,0.11051255772989,0.118619360590375,0.652132286152551
23577,0.762316126804616,0.0652037303584705,0.0854632967770038,0.0870168460599092
23578,0.134083102112721,0.132079820511008,0.0387645731468957,0.695072504229375
23579,0.0365885619622325,0.471176219419587,0.103596857474442,0.388638361143739
23580,0.174128552982299,0.557768275344292,0.0424396657708613,0.225663505902549
23581,0.174653539778511,0.311313035381566,0.206458467160434,0.307574957679489
23582,0.116906627339543,0.152548288850891,0.61532357543236,0.115221508377207
23583,0.63449600862761,0.100360210321624,0.103277835192456,0.161865945858309
23584,0.487262874877309,0.167839012168269,0.0879956437600527,0.256902469194369
23585,0.628361093682902,0.190296190109384,0.0653683343983977,0.115974381809316
23586,0.317927114060179,0.235009678183736,0.269952534433425,0.17711067332266
23587,0.107823167389645,0.129309565965055,0.280189334887621,0.482677931757679
23588,0.27737465089032,0.0490122761033005,0.239891877800076,0.433721195206303
23589,0.600940515316404,0.067914162971891,0.0664486630237826,0.264696658687922
23590,0.177558890302702,0.0918849547840927,0.233749858244299,0.496806296668906
23591,0.619438081682103,0.0678514696171706,0.107549416488221,0.205161032212505
23592,0.29916650873484,0.117253893914976,0.065103804355752,0.518475792994432
23593,0.0662606418054485,0.435351347452916,0.123713482372226,0.37467452836941
23594,0.681814897395173,0.054382227353304,0.154226828925368,0.109576046326155
23595,0.121948658688653,0.103295637617855,0.619761250249345,0.154994453444147
23596,0.0487295311222592,0.265257231359976,0.215513329638026,0.470499907879738
23597,0.260835918139223,0.0477681156908063,0.214284163390869,0.477111802779102
23598,0.598360849828769,0.0688599436402688,0.0316219532935014,0.301157253237461
23599,0.249283725939805,0.355999993482262,0.219206900378755,0.175509380199178
23600,0.307213035527755,0.387361799083608,0.182665209974877,0.12275995541376
23601,0.309729715035499,0.365830693958032,0.190504851897209,0.13393473910926
23602,0.270003584694818,0.411510841343688,0.197695845368248,0.120789728593246
23603,0.162958591877986,0.289580727342613,0.403038170975452,0.144422509803949
23604,0.307338143820538,0.454355680558848,0.153822856476166,0.0844833191444477
23605,0.497541625282512,0.108819537939919,0.177277649198504,0.216361187579064
23606,0.271104884851699,0.376323407712545,0.144600776674092,0.207970930761665
23607,0.211422801136413,0.271997674071862,0.257391695223945,0.25918782956778
23608,0.434810030730009,0.193150731926684,0.137771068148348,0.234268169194959
23609,0.230293582030042,0.271344412240509,0.282491018045934,0.215870987683515
23610,0.168348886619422,0.452685770154716,0.253594441056113,0.125370902169749
23611,0.15979360663694,0.24233595083742,0.486011173697131,0.11185926882851
23612,0.184921751471335,0.354375589308923,0.172777202421325,0.287925456798418
23613,0.338150059258838,0.198395420004891,0.380019293628444,0.0834352271078276
23614,0.208741654010524,0.46883926410857,0.221607345519306,0.1008117363616
23615,0.270328494051026,0.200404578465365,0.133648598954821,0.395618328528789
23616,0.197433509466099,0.335663117820064,0.400935991732316,0.0659673809815208
23617,0.182059708313396,0.401724220819141,0.230048444890943,0.18616762597652
23618,0.230943272441958,0.016238893252854,0.381696452367748,0.37112138193744
23619,0.037548973204316,0.26442823453196,0.148238153887312,0.549784638376412
23620,0.054404021839471,0.166773848086091,0.0136651284814458,0.765157001592992
23621,0.273910900470561,0.0628773007074634,0.0509475405414011,0.612264258280575
23622,0.174082614398588,0.326222351522283,0.0254521309598734,0.474242903119256
23623,0.0232464850635221,0.0937826357485387,0.0372117253486145,0.845759153839325
23624,0.027278850953834,0.826645471353425,0.0292721192030375,0.116803558489704
23625,0.0863823663945915,0.0814399901570751,0.109808547467697,0.722369095980636
23626,0.0303852133084059,0.484851964643077,0.0654088960687669,0.419353925979751
23627,0.0886630810929696,0.0187803779172828,0.601721540737889,0.290835000251858
23628,0.178280194542945,0.0588130835275386,0.0191683676548572,0.743738354274659
23629,0.122433552989125,0.124703883692632,0.0812104903555385,0.671652072962705
23630,0.32937035754418,0.285264589300738,0.0651156227592382,0.320249430395844
23631,0.0180697529825011,0.11394445974367,0.41549391191889,0.452491875354939
23632,0.0311053653184639,0.0223903772879503,0.171871666610407,0.774632590783179
23633,0.0672976610182378,0.500614762587778,0.0692644739805589,0.362823102413426
23634,0.695865385330536,0.0497871446985375,0.00597710851206963,0.248370361458857
23635,0.0133479039098743,0.157210209943565,0.043095075615678,0.786346810530883
23636,0.0229741445420538,0.363259664327672,0.107830970539265,0.50593522059101
23637,0.400147021650504,0.390654575156743,0.131327101764247,0.0778713014285067
23638,0.389326891786566,0.281597827960847,0.259954259597087,0.0691210206555
23639,0.221374423142869,0.30159762455609,0.356395153981203,0.120632798319838
23640,0.304450721516567,0.221674668884773,0.374986683504081,0.0988879260945791
23641,0.179878854859254,0.454370531954833,0.222778917023108,0.142971696162805
23642,0.325229408465347,0.215321254017447,0.288123439844133,0.171325897673073
23643,0.284951575010717,0.327400398902929,0.320306855195461,0.0673411708908922
23644,0.337301270862644,0.387993415166865,0.133967679329425,0.140737634641066
23645,0.151988753976893,0.45338464618712,0.230081290691866,0.164545309144122
23646,0.288607811862459,0.354309601218564,0.211789241102297,0.14529334581668
23647,0.220739648769791,0.536982538678153,0.150121973558637,0.092155838993419
23648,0.316192362009101,0.512314818173375,0.0778627317188475,0.0936300880986763
23649,0.312156257634031,0.309251524994555,0.207218883083831,0.171373334287584
23650,0.329830465844566,0.254388835526664,0.139721813603915,0.276058885024855
23651,0.255249935313172,0.428464103223861,0.202534829163351,0.113751132299617
23652,0.108629926813067,0.380968814703237,0.450243706889827,0.0601575515938691
23653,0.240321090285371,0.180239307000082,0.466804273617387,0.11263532909716
23654,0.171376344856809,0.237402705899446,0.482982077903412,0.108238871340333
23655,0.267151560849556,0.346159892421807,0.221128984110365,0.165559562618272
23656,0.128772455667966,0.218901350308299,0.395262039174022,0.257064154849713
23657,0.374731998947913,0.360026509764846,0.144777688316662,0.12046380297058
23658,0.378351269611989,0.121776095762786,0.330159172985562,0.169713461639663
23659,0.523261991154143,0.292218580251626,0.132867630990589,0.0516517976036421
23660,0.457144420675001,0.246118493666527,0.0587101167749408,0.238026968883531
23661,0.366675595866904,0.105375367492213,0.194173667295647,0.333775369345236
23662,0.225231945194648,0.359282937620828,0.180297153337105,0.235187963847419
23663,0.270656369516881,0.186854226315431,0.306492264395226,0.235997139772463
23664,0.085866219016208,0.476090713984751,0.158162150570998,0.279880916428043
23665,0.341929177745517,0.322155313143843,0.0488680489534205,0.28704746015722
23666,0.290486446936011,0.144348780907424,0.331401559617098,0.233763212539467
23667,0.425940752793444,0.0776166593324794,0.337575216224556,0.15886737164952
23668,0.575864271515366,0.0703706714207082,0.143060026793002,0.210705030270924
23669,0.312500214201798,0.255593338482273,0.11317535163869,0.31873109567724
23670,0.248504378106512,0.118704654884708,0.436441299169596,0.196349667839185
23671,0.0544797834391186,0.296507994338186,0.47933626014857,0.169675962074126
23672,0.162663108845781,0.192214881025869,0.354511428347798,0.290610581780552
23673,0.277915285025025,0.528613538260571,0.0797738610843486,0.113697315630056
23674,0.0226925139456787,0.270099241334182,0.582934436816184,0.124273807903955
23675,0.097825030455952,0.494311990776722,0.0902728091704792,0.317590169596847
23676,0.163695320952075,0.147591888940935,0.110286651012301,0.578426139094689
23677,0.209072413643195,0.251624058861913,0.242281615822485,0.297021911672407
23678,0.497520410225019,0.0787958273919902,0.0332693429496644,0.390414419433326
23679,0.496902547763173,0.0984675967105829,0.291702497982823,0.112927357543421
23680,0.0719271313362884,0.0997860811778051,0.63438658496213,0.193900202523776
23681,0.106430032392227,0.108950905211537,0.676693447064646,0.10792561533159
23682,0.0587105078447198,0.359996694951261,0.397606505962225,0.183686291241795
23683,0.345557018076279,0.0842217802522701,0.180044569407904,0.390176632263547
23684,0.104308764189062,0.559608220430544,0.0706879218106072,0.265395093569787
23685,0.401514946574587,0.283792459065182,0.231242569841409,0.0834500245188219
23686,0.0916348266602532,0.0395991722882386,0.545339499609636,0.323426501441872
23687,0.107854735757981,0.0958018457082108,0.271010161370118,0.525333257163691
23688,0.21636850586055,0.0764212751706014,0.0422258487029318,0.664984370265917
23689,0.135037576812842,0.124760003353938,0.541586651306041,0.198615768527178
23690,0.287280038022428,0.220634023157128,0.0195000454044625,0.472585893415982
23691,0.0893386469488326,0.123450842507136,0.511954254655585,0.275256255888446
23692,0.0412852264247288,0.413260110096554,0.0798738277895048,0.465580835689212
23693,0.0555988055316603,0.274610217942336,0.41919433117611,0.250596645349893
23694,0.099899108097164,0.284848016455634,0.280463526016167,0.334789349431035
23695,0.0722409914107277,0.415602680093842,0.194071062143667,0.318085266351763
23696,0.344467890709157,0.463008665968298,0.0573527475209509,0.135170695801594
23697,0.283884884390816,0.129742827115421,0.311210963149585,0.275161325344178
23698,0.143581941560121,0.239975130318031,0.276968628626187,0.339474299495662
23699,0.112762041704365,0.556317284358848,0.0821202201454345,0.248800453791353
23700,0.398709570826977,0.0342682942646445,0.340632286130823,0.226389848777556
23701,0.0620116651674391,0.434101295094487,0.211815366490254,0.292071673247819
23702,0.077160833528215,0.189213367265311,0.575072826300733,0.158552972905741
23703,0.104286599763981,0.531186236613454,0.11337694624403,0.251150217378535
23704,0.190677690544724,0.135328298150011,0.297157325999161,0.376836685306104
23705,0.125349474024776,0.412325568455938,0.146490844759336,0.315834112759949
23706,0.364057949728255,0.10436772362299,0.258582189218777,0.272992137429978
23707,0.155718293096864,0.592252585387037,0.0673735352812304,0.184655586234869
23708,0.110645054137731,0.501029024234811,0.108236910761687,0.280089010865771
23709,0.132733245101265,0.181492597223406,0.098890754659749,0.586883403015581
23710,0.431190811744871,0.0954040422934535,0.0887365366280914,0.384668609333584
23711,0.0414086101472911,0.629155364897892,0.11028684419667,0.219149180758147
23712,0.112815213253967,0.081442552730498,0.366919370600401,0.438822863415135
23713,0.0988721088294935,0.38065278384674,0.312547641202257,0.20792746612151
23714,0.231456757651269,0.214259417710126,0.410076311816569,0.144207512822037
23715,0.488887248225261,0.0801464258030602,0.2357192699513,0.195247056020379
23716,0.37386974907302,0.174970737403692,0.220670195053954,0.230489318469333
23717,0.266303783814114,0.503399786793917,0.0666875870410684,0.163608842350901
23718,0.184422567867709,0.160599162930603,0.360765611817573,0.294212657384115
23719,0.292551792656268,0.397402884450482,0.0573443762612521,0.252700946631998
23720,0.133593625417731,0.0941743008183204,0.595814956521322,0.176417117242627
23721,0.548528539619559,0.230873018578294,0.152114169749478,0.0684842720526692
23722,0.0731077819321848,0.295466703492879,0.371161514723995,0.260263999850941
23723,0.160779996161905,0.377925482975894,0.305277334321437,0.156017186540764
23724,0.247243088435222,0.428170940167691,0.0656100828033594,0.258975888593728
23725,0.299856033071066,0.0593889267724352,0.548842794625807,0.091912245530692
23726,0.276249242833647,0.308149322912533,0.261440105588414,0.154161328665406
23727,0.141889655961129,0.147249627216444,0.38430612279598,0.326554594026447
23728,0.146542784522377,0.266732254797713,0.106304048677947,0.480420912001962
23729,0.102660402839114,0.684607221390711,0.115130327923858,0.0976020478463175
23730,0.263252906211425,0.307695013649058,0.208023006299158,0.221029073840358
23731,0.125796930665077,0.213194832924724,0.231412686749351,0.429595549660848
23732,0.411800988621336,0.173193493306021,0.102544438779999,0.312461079292644
23733,0.469842074508935,0.11278673115115,0.0801210584623667,0.337250135877548
23734,0.0556166536523744,0.0680977354284494,0.499476740251474,0.376808870667702
23735,0.446697785719708,0.0725253628351287,0.124731063985802,0.356045787459361
23736,0.100631136734184,0.10585125780262,0.263961017250696,0.5295565882125
23737,0.0562251707620303,0.606810926262884,0.167585834249091,0.169378068725995
23738,0.291121757193781,0.119995447357322,0.0843095168730897,0.504573278575807
23739,0.104727698298467,0.0925262338101095,0.065053135953757,0.737692931937666
23740,0.0729550343957335,0.0741226277966384,0.768476011897177,0.0844463259104512
23741,0.0545782922059651,0.0842108279555428,0.373768688975141,0.487442190863351
23742,0.0832712044188363,0.171932960964468,0.0804129333766179,0.664382901240078
23743,0.0843187132769554,0.692061744038531,0.0653432884158193,0.158276254268695
23744,0.0388395646975825,0.676915630936121,0.107292661965768,0.176952142400528
23745,0.471541083637842,0.0601444054239268,0.0761191960574923,0.392195314880739
23746,0.477132349395385,0.170175316967398,0.0395213372788945,0.313170996358322
23747,0.0784241465683589,0.132056242918523,0.524415222958657,0.265104387554462
23748,0.187460811343558,0.408549802133129,0.0652238096508736,0.33876557687244
23749,0.643429860602283,0.150835875388773,0.0325549668566584,0.173179297152286
23750,0.149608013927659,0.148819988366472,0.407004858336747,0.294567139369123
23751,0.375881447336316,0.188673708213596,0.28032883114711,0.155116013302979
23752,0.301596083738973,0.220702808132547,0.170973591753015,0.306727516375465
23753,0.204185986736642,0.20505601427746,0.20532635270209,0.385431646283809
23754,0.320226281366561,0.213571917543647,0.20110436707853,0.265097434011262
23755,0.320008098283737,0.238173814050603,0.282885628111755,0.158932459553905
23756,0.11896507028345,0.317107402158658,0.201501865006747,0.362425662551145
23757,0.312289234893923,0.339772848771541,0.143481693501941,0.204456222832594
23758,0.398688471242506,0.185593842240586,0.0775681724122869,0.338149514104621
23759,0.111678603437763,0.417170369373903,0.205636765178427,0.265514262009908
23760,0.227672434857793,0.103669674081219,0.527346736704309,0.141311154356679
23761,0.2589148815554,0.161546694385104,0.282233517767006,0.29730490629249
23762,0.135034475403246,0.35629741578423,0.221656527909509,0.287011580903016
23763,0.407988090930931,0.249830858055748,0.10578215821274,0.236398892800581
23764,0.44219950512725,0.0745927862927055,0.149074330031355,0.334133378548689
23765,0.0465462195176083,0.0572414841338536,0.450628311215474,0.445583985133064
23766,0.0616101810592894,0.0793566465483705,0.795265401064675,0.0637677713276652
23767,0.302816881523547,0.195556177909668,0.212023054078479,0.289603886488306
23768,0.0745729029456731,0.0531678086337937,0.235307279220329,0.636952009200204
23769,0.140658804264282,0.114594178292866,0.328083355629152,0.4166636618137
23770,0.214758353458017,0.15297767092101,0.487529372047283,0.14473460357369
23771,0.112345625334925,0.441372513959084,0.097253126324331,0.349028734381661
23772,0.0957319598896892,0.32576968177483,0.13250979234034,0.44598856599514
23773,0.110568429341261,0.302524104918701,0.413829161762653,0.173078303977386
23774,0.167382965115126,0.328584406791859,0.149273010408381,0.354759617684634
23775,0.49737405378924,0.188940338209352,0.0903172704828399,0.223368337518568
23776,0.318298812005741,0.0832055295889813,0.234047975002651,0.364447683402627
23777,0.327643825143267,0.268239106001191,0.22648782944598,0.177629239409563
23778,0.0839522615220326,0.511199421622785,0.0666003381894369,0.338247978665746
23779,0.490389535502893,0.248384888131745,0.128870872477026,0.132354703888336
23780,0.481547726389626,0.237660859989625,0.0581601092816275,0.222631304339122
23781,0.498238490909961,0.155915828687498,0.0749417448525434,0.270903935549998
23782,0.146036883771281,0.21868731406493,0.357113161663595,0.278162640500194
23783,0.390384271649007,0.0198284769057913,0.229473264106967,0.360313987338235
23784,0.0921744404589639,0.0511471329489573,0.50370124527977,0.352977181312309
23785,0.625981231671314,0.134347590488115,0.0428745062672364,0.196796671573335
23786,0.230825179637957,0.325799539359113,0.0880797391484874,0.355295541854443
23787,0.575096120365674,0.139277241443139,0.0758865515877075,0.209740086603479
23788,0.110561423555772,0.524676014658823,0.08845740986607,0.276305151919335
23789,0.649592603900452,0.100955058317993,0.0917889279477833,0.157663409833772
23790,0.0407724119355486,0.172384254996172,0.528370151202481,0.258473181865799
23791,0.190053119255438,0.08883544810078,0.539790774716369,0.181320657927413
23792,0.133739293736672,0.614149695438485,0.11376788938022,0.138343121444623
23793,0.163605900400914,0.0831644625461257,0.218216340085274,0.535013296967687
23794,0.230327943365803,0.14441782101963,0.109614920197004,0.515639315417563
23795,0.212667218210242,0.219568203815009,0.0616761758226735,0.506088402152075
23796,0.153116111308815,0.167329572374186,0.129060186485895,0.550494129831104
23797,0.42595157612592,0.153089252715813,0.301802189326434,0.119156981831833
23798,0.190959142778985,0.037336757317504,0.223413647464631,0.54829045243888
23799,0.536328499929754,0.0903859202929786,0.0766142410896831,0.296671338687584
23800,0.146851952721707,0.643718076509707,0.0820871565301958,0.12734281423839
23801,0.0398051867571653,0.147042201691976,0.698968423798364,0.114184187752495
23802,0.0895803820382974,0.64094113177251,0.10201331555636,0.167465170632833
23803,0.222693989741495,0.127344668359746,0.0489747909655298,0.600986550933229
23804,0.224749349194294,0.0740298096370805,0.244564664335423,0.456656176833203
23805,0.219840583281924,0.0538341409780656,0.495359451435835,0.230965824304176
23806,0.0896441892923879,0.244640297905275,0.1060561072224,0.559659405579938
23807,0.34529133877297,0.0900607425154738,0.0715001965619821,0.493147722149574
23808,0.249941236598033,0.432707026286273,0.131380494895077,0.185971242220617
23809,0.271182474728771,0.358783588034146,0.156234558175917,0.213799379061166
23810,0.178299253000752,0.532258119168165,0.146136651055919,0.143305976775164
23811,0.405889910900968,0.210114383277006,0.196135914236785,0.187859791585241
23812,0.335951086883199,0.233044388074192,0.241339560234754,0.189664964807855
23813,0.485764840485242,0.229855351482679,0.0719714651006398,0.212408342931439
23814,0.246098681120163,0.353067263539716,0.219855566229132,0.180978489110988
23815,0.11173689224193,0.0918761236778045,0.364963778766583,0.431423205313682
23816,0.397145022147333,0.226538337044184,0.173725317182184,0.202591323626299
23817,0.224355316083574,0.15739564072557,0.306770385831535,0.311478657359321
23818,0.132946925250361,0.144049159335361,0.324679174926965,0.398324740487313
23819,0.129067030522595,0.529840280473095,0.144980241960252,0.196112447044058
23820,0.23294032391602,0.147698898272379,0.3587300110361,0.260630766775502
23821,0.0556167833941435,0.184323646009488,0.147259370978817,0.612800199617552
23822,0.129073990324747,0.253838887304353,0.0801041144085834,0.536983007962317
23823,0.0567456421169716,0.107355404525494,0.366242914682752,0.469656038674782
23824,0.156801113558887,0.506274255747311,0.106286897187325,0.230637733506478
23825,0.468560586727233,0.123924931352529,0.133455048766025,0.274059433154213
23826,0.0572507939330907,0.491464406906286,0.0718419684682875,0.379442830692336
23827,0.320396538029432,0.335046193023477,0.130567946806099,0.213989322140991
23828,0.0474615526530849,0.302156263071042,0.333101828762778,0.317280355513094
23829,0.270017478190929,0.223803185815393,0.177926208339425,0.328253127654253
23830,0.0751855423886321,0.584348116550121,0.120832402292549,0.219633938768697
23831,0.22572873696594,0.189921758602543,0.433784668880269,0.150564835551248
23832,0.161304549514497,0.224982090615548,0.415880308409001,0.197833051460954
23833,0.300172190837449,0.087174892409503,0.317430765198327,0.295222151554721
23834,0.508605575825689,0.101859466752863,0.254091628858395,0.135443328563053
23835,0.24182511483387,0.353685196423453,0.166931588997327,0.23755809974535
23836,0.338366708756515,0.0824973478755576,0.175397217417253,0.403738725950675
23837,0.0422124574462474,0.0851704412335569,0.229108395929577,0.643508705390619
23838,0.590225705427477,0.124398316997353,0.0937643484257022,0.191611629149468
23839,0.649669792165633,0.09968685954354,0.11709253849496,0.133550809795867
23840,0.257039389113138,0.0676238955306122,0.570998212609388,0.104338502746862
23841,0.38322395797802,0.0885972868101927,0.227549046353211,0.300629708858577
23842,0.570151984238581,0.0610850116578749,0.103159034186031,0.265603969917513
23843,0.300129050312818,0.0901992618873508,0.31495954461604,0.294712143183792
23844,0.533452550011871,0.102308303048053,0.0716048523965044,0.292634294543572
23845,0.0726883913059506,0.0787606090563018,0.27499827763745,0.573552722000298
23846,0.464301824245476,0.407117839057549,0.0970267060989547,0.0315536305980211
23847,0.245266615831329,0.432377888101867,0.24759692896993,0.074758567096874
23848,0.0580004649074672,0.166289664847598,0.678480793666573,0.097229076578362
23849,0.285555280691937,0.220297403224838,0.35982388445652,0.134323431626705
23850,0.0897651575200999,0.203802186805958,0.623138248632996,0.0832944070409466
23851,0.445893203223092,0.197463950217477,0.316195996321219,0.040446850238212
23852,0.386550404355777,0.291680252468367,0.206185977238243,0.115583365937613
23853,0.110686295144372,0.274456960875538,0.534636041624909,0.0802207023551817
23854,0.471261571743667,0.226491213923217,0.199700392126391,0.102546822206725
23855,0.337528983657994,0.290611843571414,0.0936334662435582,0.278225706527034
23856,0.170178350237423,0.581583426901216,0.100574313862968,0.147663908998392
23857,0.468545919320494,0.408558245854556,0.0750395379468181,0.047856296878132
23858,0.498373522829988,0.1451192399162,0.257065110946841,0.0994421263069713
23859,0.672851392240292,0.0768401905980916,0.160645241797524,0.089663175364093
23860,0.18741021392967,0.327390075661133,0.255818046756407,0.229381663652789
23861,0.154894259945223,0.118451585840152,0.662319459540106,0.0643346946745192
23862,0.129609200242349,0.132037341720906,0.680098080526309,0.0582553775104362
23863,0.323510074317918,0.0938629211278374,0.428518972453968,0.154108032100277
23864,0.272551087907845,0.495619329017199,0.0475764447671958,0.18425313830776
23865,0.112867436676727,0.267563577210445,0.361601543714135,0.257967442398693
23866,0.354175399969186,0.22232114583094,0.242764633177688,0.180738821022186
23867,0.0608043631110979,0.385088052200616,0.199949796353733,0.354157788334553
23868,0.0511032220587594,0.171661362980771,0.485278402674209,0.291957012286261
23869,0.284148755309011,0.100941356748188,0.29159366348405,0.323316224458751
23870,0.20266190605186,0.101948606668359,0.537101672231159,0.158287815048622
23871,0.0537110559894993,0.215769128650984,0.477680309754995,0.252839505604523
23872,0.0440567294862664,0.173276386789218,0.54716619530815,0.235500688416365
23873,0.177273459647522,0.253541064366822,0.355713236365257,0.213472239620399
23874,0.429917873070973,0.324578559992256,0.0726556412367716,0.172847925699999
23875,0.0424324662910437,0.574873173793398,0.269204701950363,0.113489657965196
23876,0.213497294718741,0.333989649035834,0.12180097114545,0.330712085099975
23877,0.264158001419152,0.236866582281894,0.0419948111448383,0.456980605154115
23878,0.151756169673319,0.324596556946283,0.110106949301958,0.41354032407844
23879,0.107248730053213,0.478628976325423,0.212580807185169,0.201541486436195
23880,0.485801984291707,0.244480231768587,0.0713136278963702,0.198404156043336
23881,0.586531673802595,0.0806870552700374,0.193817082433454,0.138964188493913
23882,0.119138077264722,0.678979228385327,0.0622700455234436,0.139612648826508
23883,0.365994573665849,0.0811343944399159,0.321281980122704,0.231589051771531
23884,0.247154640918446,0.461556492223224,0.226992554712436,0.0642963121458942
23885,0.373888651419431,0.213779134494858,0.0257865777432992,0.386545636342411
23886,0.275410615379504,0.110895579265698,0.32803438533693,0.285659420017868
23887,0.327488989487196,0.18238676464873,0.108699467783354,0.381424778080721
23888,0.28149935284466,0.257347276063019,0.356292238967258,0.104861132125063
23889,0.706320400886224,0.165298467335928,0.0573791414589232,0.0710019903189251
23890,0.161751532784477,0.6538103738705,0.0274655552716098,0.156972538073413
23891,0.625774838293309,0.0382735132387304,0.0853293627419395,0.250622285726021
23892,0.0604797199249688,0.459134754546307,0.128093873577689,0.352291651951035
23893,0.146841487296318,0.463721045400454,0.0298980124763316,0.359539454826896
23894,0.137900297545369,0.341736667305844,0.12942889975145,0.390934135397337
23895,0.0683781427241668,0.201916423234347,0.636490190669117,0.0932152433723689
23896,0.0688554240252871,0.140579510066716,0.503098354861761,0.287466711046236
23897,0.122961231358985,0.234888119281531,0.057416243217393,0.584734406142091
23898,0.120905033386303,0.662347233049852,0.0589722577762468,0.157775475787598
23899,0.136815950779476,0.175499921000781,0.0782757062579329,0.609408421961811
23900,0.0626357218197544,0.25337862015758,0.0658083438984435,0.618177314124222
23901,0.188638865550673,0.540039500416418,0.0557132541734798,0.215608379859429
23902,0.0555329397278629,0.420852584836829,0.321200805716988,0.20241366971832
23903,0.306504063258406,0.166932391586973,0.0852130962969798,0.441350448857641
23904,0.106254783963908,0.317174827645702,0.273463098853582,0.303107289536808
23905,0.602639315096699,0.0728853955440126,0.25122925554161,0.0732460338176786
23906,0.696140252514033,0.04707411262629,0.0771505406000475,0.179635094259629
23907,0.171884977361432,0.138007046934605,0.262134128439023,0.42797384726494
23908,0.165669263836302,0.388869092845588,0.0607556476295001,0.384705995688609
23909,0.141009985028352,0.10805487927452,0.0449045848872551,0.706030550809873
23910,0.0454780738815386,0.247483467120491,0.498324469286208,0.208713989711762
23911,0.119045400764067,0.0403265916376736,0.117772670536648,0.722855337061611
23912,0.160433920997016,0.130509630804498,0.319941673492405,0.389114774706081
23913,0.0962644963601977,0.10894027215829,0.524647393910418,0.270147837571095
23914,0.0297378656163097,0.695756788253769,0.060775838329387,0.213729507800534
23915,0.715703884106375,0.104813792167002,0.0617036328260104,0.117778690900613
23916,0.0701342121838492,0.129515486270265,0.670905115057531,0.129445186488354
23917,0.059107170006452,0.489659168822375,0.0791901363017912,0.372043524869382
23918,0.331512204408538,0.0578841114630926,0.0651683485406793,0.54543533558769
23919,0.165916089623752,0.322483893885582,0.0245608049058952,0.487039211584771
23920,0.14807664549569,0.242326492583794,0.343668974674365,0.265927887246151
23921,0.159110392728797,0.106584456482501,0.621340703480349,0.112964447308353
23922,0.199927998352212,0.275747926505273,0.398564899984553,0.125759175157962
23923,0.560539542556201,0.27512713091694,0.0921984958258727,0.0721348307009868
23924,0.228979255888919,0.627919853139518,0.0927812192714789,0.0503196717000845
23925,0.327839331290758,0.264381633449848,0.1370456511912,0.270733384068194
23926,0.404435471074745,0.361082350054652,0.14598161347181,0.0885005653987935
23927,0.165774773230857,0.210262487614397,0.432555058127158,0.191407681027588
23928,0.0958613863588428,0.411585258337407,0.295134781113585,0.197418574190166
23929,0.0732560757089019,0.488406216499081,0.173713214008461,0.264624493783556
23930,0.142937349052093,0.266989841297786,0.232800187730305,0.357272621919817
23931,0.192279399541066,0.601854836770259,0.15067305233577,0.0551927113529056
23932,0.442150721462175,0.319860844838304,0.071670354931744,0.166318078767777
23933,0.0623545391801804,0.546714775330339,0.275497894035838,0.115432791453643
23934,0.0669822941220331,0.619071923192426,0.226801770340134,0.0871440123454075
23935,0.274219686725281,0.200272838244093,0.222961514243805,0.302545960786821
23936,0.47869468915199,0.0972314552159572,0.205869631880658,0.218204223751395
23937,0.101845787761067,0.214518083502734,0.460897358190698,0.222738770545501
23938,0.480349338690828,0.144606403254998,0.0708482999764371,0.304195958077737
23939,0.375476158640095,0.159223685897637,0.318495953501159,0.14680420196111
23940,0.24402231775243,0.0978534347075075,0.199498387811922,0.458625859728141
23941,0.194353038459392,0.201734514618321,0.500225673879036,0.103686773043251
23942,0.540488419930852,0.131025734073536,0.26950718598604,0.0589786600095722
23943,0.12807812233428,0.45722106178691,0.326892202277983,0.0878086136008279
23944,0.26538392707914,0.218014727483092,0.444510152107146,0.0720911933306223
23945,0.0847036023673157,0.140295128538313,0.654104121001923,0.120897148092448
23946,0.226560548805593,0.559971072197718,0.148709937340342,0.0647584416563473
23947,0.27932738719586,0.347839107678652,0.221997282592469,0.150836222533018
23948,0.251774186908711,0.17205767341552,0.465267696180429,0.110900443495341
23949,0.216467422949065,0.292798742295484,0.131950285503093,0.358783549252358
23950,0.136550761972956,0.634654390969779,0.178422976782871,0.0503718702743946
23951,0.407076007777898,0.145336656347077,0.304157117487726,0.143430218387299
23952,0.305790506111109,0.268232701372611,0.277730399759889,0.148246392756392
23953,0.611621239273879,0.114253736799415,0.155853185624272,0.118271838302434
23954,0.420166963257358,0.227979242253668,0.255427099329497,0.0964266951594775
23955,0.125915059899495,0.276452496647984,0.204708717509276,0.392923725943245
23956,0.176594452705216,0.322904110986094,0.371954818616305,0.128546617692385
23957,0.0951567425844634,0.484021529561045,0.0905252063325551,0.330296521521936
23958,0.167657557498005,0.57613178888605,0.100857894699829,0.155352758916116
23959,0.269117030563621,0.255114812572369,0.219422903498061,0.256345253365948
23960,0.185955123451367,0.169544222674665,0.259510192349789,0.384990461524179
23961,0.624172955840461,0.246240534955181,0.0458352204247748,0.0837512887795837
23962,0.0740401777409457,0.38578181615509,0.258688543349804,0.281489462754161
23963,0.22515425318451,0.296913960077811,0.112192323885412,0.365739462852267
23964,0.113375393284475,0.464808425488313,0.243669931559596,0.178146249667616
23965,0.178608332870375,0.187839073328184,0.444860373270562,0.188692220530879
23966,0.132290644000199,0.092341555178912,0.41442331972736,0.360944481093529
23967,0.399104890851906,0.127321636391976,0.10581831715335,0.367755155602767
23968,0.314132471194481,0.199709829431236,0.201708459928809,0.284449239445473
23969,0.399274845753983,0.098192598863085,0.124310282807411,0.378222272575521
23970,0.674297540390066,0.136076742454834,0.095017312947572,0.0946084042075279
23971,0.108689345373299,0.180907954567013,0.522269472202686,0.188133227857002
23972,0.444605232765967,0.183635141465759,0.220233432741464,0.151526193026811
23973,0.250327294879885,0.35380844602835,0.112702883168814,0.283161375922951
23974,0.0687731274167987,0.123424214469821,0.599937987295099,0.207864670818281
23975,0.189062764046298,0.645463686136873,0.0770102548655098,0.0884632949513192
23976,0.174085514530212,0.33325007156339,0.208458365889301,0.284206048017097
23977,0.0806966907930329,0.218360820545085,0.569374020714759,0.131568467947124
23978,0.0617514395228388,0.0920352563439534,0.14553328192469,0.700680022208518
23979,0.321848923620992,0.195090238266058,0.13121397909021,0.35184685902274
23980,0.091194414547376,0.502227973430919,0.11882266157447,0.287754950447235
23981,0.120507414935367,0.272033374890925,0.444611066160501,0.162848144013207
23982,0.243818810096498,0.0853603855470589,0.472851221814103,0.19796958254234
23983,0.14970225327933,0.325046576967668,0.196975815908438,0.328275353844565
23984,0.269650419956779,0.300717612003318,0.131078756934577,0.298553211105326
23985,0.18871738107313,0.113454049868671,0.166865840811246,0.530962728246953
23986,0.409920424400843,0.256114946572696,0.130436531341292,0.203528097685168
23987,0.181937339448406,0.404430194575524,0.0815059066952592,0.332126559280811
23988,0.248610542450677,0.343996741009308,0.282637468941725,0.124755247598291
23989,0.13840184269576,0.199365727968819,0.407461354226747,0.254771075108674
23990,0.131355145842099,0.435014484590296,0.159486048841586,0.274144320726019
23991,0.0492312949133156,0.176162735178411,0.260853058776289,0.513752911131984
23992,0.0998850088759748,0.457564215108261,0.210749267530474,0.231801508485291
23993,0.139060972113333,0.191135051774176,0.384708662827244,0.285095313285247
23994,0.10129517497637,0.297196586397122,0.19695856608179,0.404549672544718
23995,0.0308813909346542,0.212348270095093,0.38460828153777,0.372162057432483
23996,0.111063222354612,0.146480457627152,0.626864649081049,0.115591670937187
23997,0.279144605990309,0.189290734754822,0.232749966223203,0.298814693031666
23998,0.202979320918382,0.172140162328728,0.426154191722162,0.198726325030728
23999,0.306060513898552,0.294394920677943,0.245236088225009,0.154308477198496
24000,0.319367080881547,0.342341343412016,0.149944885439591,0.188346690266845
24001,0.496669604737828,0.331308265007849,0.107195096986257,0.0648270332680652
24002,0.373195791221639,0.350358015502163,0.0850797065093638,0.191366486766835
24003,0.259752358936967,0.486710710791029,0.0576900707544335,0.195846859517571
24004,0.244909836825084,0.137512645030353,0.389269166029972,0.228308352114592
24005,0.150088916833277,0.613109792656371,0.115592196320154,0.121209094190198
24006,0.139007766162994,0.360237571630735,0.385502973462009,0.115251688744262
24007,0.173269363931835,0.386994914518879,0.164164288827821,0.275571432721465
24008,0.0608928887419385,0.717687691296937,0.0765351212430867,0.144884298718038
24009,0.377575930471606,0.061955945630376,0.262295426055846,0.298172697842173
24010,0.668583904133674,0.116434450191685,0.14636672336304,0.0686149223116015
24011,0.0500727807217239,0.73014846698494,0.0968857596488367,0.122892992644499
24012,0.0911757409854685,0.108211150330701,0.562045578729779,0.238567529954052
24013,0.058558319744743,0.119613395834272,0.555345306304004,0.266482978116981
24014,0.13447577830589,0.11194464978721,0.610581650944329,0.142997920962571
24015,0.0370175251931224,0.565059287640235,0.171272203631686,0.226650983534957
24016,0.190331976730075,0.444709354981635,0.057763271099935,0.307195397188355
24017,0.464559044894446,0.280875828866706,0.168043815771305,0.0865213104675441
24018,0.434815046236087,0.0903349505735295,0.0552926340467591,0.419557369143625
24019,0.123416019053898,0.322215281389083,0.301230672278624,0.253138027278395
24020,0.0531677184996018,0.493270935968192,0.187089202832447,0.26647214269976
24021,0.0655483064552021,0.0654255271751053,0.663063896607199,0.205962269762494
24022,0.364314491348669,0.24895074039094,0.060229173975579,0.326505594284812
24023,0.171821551933765,0.452829927418072,0.12727723102866,0.248071289619503
24024,0.274776704830766,0.499017419641699,0.0492234526674765,0.176982422860058
24025,0.602703227157892,0.101450627383954,0.142363736832688,0.153482408625467
24026,0.107367502775737,0.696868856430905,0.0608211695461938,0.134942471247164
24027,0.12768519906383,0.0309703719938941,0.259823629481032,0.581520799461243
24028,0.320168597199392,0.3774960116911,0.0123528896267498,0.289982501482758
24029,0.098204771256423,0.0686010755698279,0.145553642933757,0.687640510239993
24030,0.023094095424215,0.515343569518725,0.22225793597295,0.23930439908411
24031,0.0187393554920911,0.236098168797173,0.235246727263647,0.509915748447089
24032,0.13350657995143,0.0859081956920573,0.152848122351918,0.627737102004595
24033,0.775148733911013,0.0399515782637367,0.0731607130346531,0.111738974790597
24034,0.166976176939754,0.104263118934581,0.0333063881595568,0.695454315966109
24035,0.0251671118750159,0.490480832465459,0.0848063889162727,0.399545666743253
24036,0.286097128643396,0.227642461166918,0.402397345435443,0.0838630647542437
24037,0.213128602518006,0.474995648122841,0.225427046552295,0.0864487028068585
24038,0.249803102842376,0.183760761146495,0.371192250682782,0.195243885328347
24039,0.385703791634755,0.347524449377037,0.105062759336808,0.1617089996514
24040,0.191244867794123,0.182624092591755,0.497211891591404,0.128919148022718
24041,0.259207447729735,0.428915892271932,0.145934965023593,0.165941694974741
24042,0.0691215319550801,0.433118511161233,0.310526050513251,0.187233906370436
24043,0.271255519262832,0.307612673019001,0.197461761907417,0.22367004581075
24044,0.224951210154598,0.376305545390026,0.274890502628162,0.123852741827214
24045,0.371299018576997,0.122594972797593,0.244346544694228,0.261759463931182
24046,0.191550669625988,0.32836142634335,0.399192504055307,0.0808953999753559
24047,0.347074293700981,0.0924895645664024,0.498309645515858,0.0621264962167592
24048,0.166498766432654,0.230467326834338,0.475831402799193,0.127202503933814
24049,0.46185034158977,0.245410972477025,0.159942508772003,0.132796177161203
24050,0.166363105333573,0.0796021235627596,0.238288857097295,0.515745914006373
24051,0.0934639924236757,0.418917838704682,0.117583699556763,0.37003446931488
24052,0.634032462889377,0.0599240915375158,0.229551273149729,0.0764921724233779
24053,0.347550426266284,0.110445173256588,0.348988977189307,0.193015423287821
24054,0.291621988016712,0.137386949061733,0.131017079395567,0.439973983525988
24055,0.260367021400056,0.338125203295851,0.226071158551506,0.175436616752586
24056,0.322613340784025,0.370492363708142,0.142974197275115,0.163920098232719
24057,0.233208741209461,0.184348771110295,0.274485915349675,0.307956572330569
24058,0.0596929223072811,0.289858595413129,0.390284919088793,0.260163563190798
24059,0.243741745671843,0.481924729677229,0.0663912124385671,0.207942312212361
24060,0.46170010054826,0.14835833386444,0.0886688359203095,0.30127272966699
24061,0.136851996358604,0.330633847739028,0.289449341360064,0.243064814542304
24062,0.325445752199137,0.168657466338931,0.279294235449508,0.226602546012424
24063,0.110800855359636,0.560995422982546,0.249040595477502,0.0791631261803165
24064,0.529472115210244,0.14446110523657,0.15486559309928,0.171201186453907
24065,0.145958937074967,0.197787566669952,0.524432753363838,0.131820742891244
24066,0.299528580500183,0.443909642675658,0.0583634296553925,0.198198347168767
24067,0.259699390392391,0.340564623298086,0.116137037113738,0.283598949195785
24068,0.572520189787056,0.0968768840865302,0.193917947554554,0.136684978571861
24069,0.254424994683207,0.0841768897367645,0.136324640187169,0.525073475392859
24070,0.516063278380185,0.251872652364649,0.0892793684961243,0.142784700759041
24071,0.0776565619212712,0.0755635383783375,0.278235513940581,0.568544385759811
24072,0.053609641036752,0.242141012481977,0.098848001841899,0.605401344639372
24073,0.354254377358264,0.139028941353472,0.213971149407695,0.29274553188057
24074,0.387650641908116,0.161984626671676,0.151097299268461,0.299267432151747
24075,0.235652591999148,0.109578862122637,0.288047769219649,0.366720776658566
24076,0.099892722854698,0.423279630405016,0.167140556546119,0.309687090194167
24077,0.397450584802542,0.28447653226513,0.125993645343295,0.192079237589033
24078,0.33279071215368,0.203899576543791,0.113367300924437,0.349942410378092
24079,0.255235398328953,0.252943409124005,0.0465061914502675,0.445315001096775
24080,0.430008095480652,0.118868875977716,0.0630028777401104,0.388120150801522
24081,0.159573573481187,0.189251190592937,0.145562921863877,0.505612314061999
24082,0.175380555515974,0.411195787033606,0.258301371603125,0.155122285847295
24083,0.351904954011575,0.175166401417578,0.0221739225610829,0.450754722009764
24084,0.447055562594308,0.270434210522682,0.0737593999351492,0.208750826947862
24085,0.387837046386145,0.0638597182814236,0.0299305901153487,0.518372645217083
24086,0.248025473288337,0.206459928890668,0.125022148496581,0.420492449324413
24087,0.230292985355841,0.233773533811552,0.124225112011546,0.411708368821061
24088,0.0456663772832389,0.0455323312085032,0.562321010337455,0.346480281170803
24089,0.182374760923038,0.476473723568426,0.0374463617503996,0.303705153758136
24090,0.0719746270586826,0.0612327394818045,0.259687376366011,0.607105257093502
24091,0.174479257451411,0.158486651907209,0.42743141723279,0.239602673408591
24092,0.336438259996008,0.0603539963732678,0.0811215895390288,0.522086154091696
24093,0.215762268373543,0.356287602922051,0.243264123099763,0.184686005604644
24094,0.162793070708235,0.578848261145935,0.199993604028685,0.0583650641171454
24095,0.308940852041197,0.108858264748804,0.417356218893601,0.164844664316397
24096,0.233989684992904,0.432094878757561,0.13395719912224,0.199958237127295
24097,0.132719627921977,0.246490831299458,0.491007952454009,0.129781588324556
24098,0.495983684546631,0.169985462313426,0.145733768799518,0.188297084340425
24099,0.112534053944627,0.484776986546821,0.174606577768442,0.228082381740111
24100,0.314310622656219,0.451604491700739,0.0612577330641067,0.172827152578936
24101,0.207854485927874,0.299417970778143,0.20921111842872,0.283516424865263
24102,0.324952330001959,0.151343785929049,0.342658503910138,0.181045380158854
24103,0.157803954632487,0.545973159458171,0.139551328049218,0.156671557860124
24104,0.5367286896812,0.095922566246987,0.16247074241884,0.204878001652973
24105,0.425099527260796,0.12740450842407,0.227160741419261,0.220335222895874
24106,0.0565501473436258,0.625339931174432,0.189058344324843,0.1290515771571
24107,0.233574394082324,0.111660419482949,0.294521859407405,0.360243327027322
24108,0.241522059465615,0.10112462477704,0.419417716851946,0.2379355989054
24109,0.38667773067464,0.240346476709548,0.105375137045712,0.2676006555701
24110,0.27769455391524,0.24295870503464,0.198476053557096,0.280870687493025
24111,0.124239384062583,0.253770995416962,0.0803204566868814,0.541669163833574
24112,0.27264405222049,0.163010210628278,0.191248535809206,0.373097201342025
24113,0.132257296625159,0.519879476481551,0.188961567993431,0.158901658899859
24114,0.171148603268272,0.147587831718031,0.355327721314388,0.325935843699309
24115,0.0577630033953475,0.580194031933705,0.247588950368302,0.114454014302645
24116,0.267759826268306,0.0996400795322326,0.49467563452919,0.137924459670272
24117,0.460705614849768,0.241521025362323,0.0896271393118823,0.208146220476028
24118,0.0904989765828076,0.265940423277353,0.352994744169207,0.290565855970632
24119,0.160272427859334,0.583336989620112,0.0624147523995667,0.193975830120987
24120,0.0841962496523142,0.576523464368128,0.114812281168332,0.224468004811226
24121,0.653448959650121,0.103817926036765,0.128830436975984,0.11390267733713
24122,0.0600630720746251,0.201548589492028,0.532139145095576,0.206249193337772
24123,0.185829183796984,0.0968354640728739,0.171370718937097,0.545964633193045
24124,0.156380306819836,0.52106581972696,0.0982048756342418,0.224348997818963
24125,0.0495190475763873,0.0576765791610971,0.641830791929041,0.250973581333474
24126,0.0575313242003088,0.38968793364835,0.299352531048642,0.253428211102699
24127,0.264048815908354,0.289726298620091,0.162083861859753,0.284141023611802
24128,0.268667152113219,0.0776914622213249,0.0287606176207033,0.624880768044753
24129,0.275382769992899,0.19523653882991,0.157026108991565,0.372354582185625
24130,0.27887419776226,0.222870863774222,0.0224186757758054,0.475836262687713
24131,0.131676177541314,0.321450346389097,0.412530207751162,0.134343268318428
24132,0.20771903336214,0.619658827592297,0.0914392361229694,0.081182902922594
24133,0.20265008059435,0.304560100484702,0.365428882239191,0.127360936681758
24134,0.421444923333591,0.27945855971394,0.238547722314778,0.0605487946376902
24135,0.197399550462653,0.181025972554996,0.502217726716306,0.119356750266046
24136,0.333519076577129,0.148056111118625,0.416647137834992,0.101777674469254
24137,0.141949353470688,0.743825339535657,0.0701325759724875,0.0440927310211684
24138,0.556837663921409,0.177203905912728,0.0953144464063552,0.170643983759508
24139,0.336925954479871,0.193611290843289,0.394039933763974,0.0754228209128663
24140,0.420199388728109,0.244734350690732,0.24441937222098,0.0906468883601799
24141,0.142718450417498,0.513922564279164,0.14731210903014,0.196046876273198
24142,0.162269350603787,0.255368051810546,0.380025456035879,0.202337141549788
24143,0.29455354801849,0.382362630129572,0.241310378417317,0.0817734434346216
24144,0.292719540160464,0.33504326924969,0.119426537877578,0.252810652712269
24145,0.0951947126476196,0.431546411177959,0.366215013024637,0.107043863149784
24146,0.0530911855463441,0.235728455366093,0.483881275993676,0.227299083093887
24147,0.214348060904951,0.496811391876201,0.15434880194536,0.134491745273489
24148,0.292749095313547,0.409581143237871,0.093282119179514,0.204387642269068
24149,0.0885897340941339,0.238000692053048,0.568055238924703,0.105354334928115
24150,0.288960068946492,0.315286579098852,0.169493586683569,0.226259765271088
24151,0.180738389034025,0.267384925230136,0.367310372744874,0.184566312990965
24152,0.115463373921491,0.326110172143581,0.32839041404153,0.230036039893399
24153,0.216749000940754,0.269919268444965,0.301912018595965,0.211419712018316
24154,0.160856655008785,0.327696963191064,0.329387132156076,0.182059249644076
24155,0.13161318968014,0.288616114084241,0.322625905774086,0.257144790461532
24156,0.111633500412714,0.322651107252893,0.26830551331557,0.297409879018823
24157,0.191289514143182,0.266856285008869,0.213000939582682,0.328853261265268
24158,0.530096857655373,0.102427507592497,0.275561113557705,0.0919145211944255
24159,0.163466473268024,0.354241579450386,0.203546459817672,0.278745487463918
24160,0.262270825107708,0.20390100587855,0.171189033728421,0.362639135285321
24161,0.173912210604326,0.38237372957811,0.266048398695158,0.177665661122407
24162,0.374722329871174,0.198716762800719,0.0863836459655092,0.340177261362598
24163,0.205496514295105,0.237089918221713,0.294739032289071,0.262674535194111
24164,0.255329081861191,0.393132569900124,0.241154008960465,0.11038433927822
24165,0.100843474136987,0.240770709186521,0.119978781488805,0.538407035187687
24166,0.0812852876503843,0.180691686668018,0.361578737589098,0.3764442880925
24167,0.0753679153514342,0.361414475479083,0.362539154848529,0.200678454320954
24168,0.469963936258688,0.0717855816663226,0.147252564554708,0.310997917520282
24169,0.315377996612396,0.260974510212102,0.307051768625804,0.116595724549699
24170,0.197412630614091,0.114233706899541,0.634411420543881,0.0539422419424876
24171,0.161611854527214,0.398353524771585,0.379535820479033,0.0604988002221679
24172,0.249105101362726,0.219971603883795,0.33055962325282,0.200363671500659
24173,0.140593460390846,0.42752808021983,0.286790739517296,0.145087719872028
24174,0.0835972814532761,0.640627860977517,0.222155364962122,0.0536194926070848
24175,0.313603701261164,0.308853787840785,0.251544696142138,0.125997814755914
24176,0.204466195158177,0.131146265821527,0.499601069955211,0.164786469065084
24177,0.454443894190493,0.323683470573311,0.119993717975087,0.101878917261109
24178,0.378492249627822,0.126141067720209,0.196284515351053,0.299082167300916
24179,0.17445841367599,0.50027363279504,0.274618271068958,0.050649682460012
24180,0.391457162006073,0.0987725651297635,0.164678378192086,0.345091894672078
24181,0.0812835004985201,0.416647541326612,0.220138944787213,0.281930013387655
24182,0.168525415734281,0.258020551671386,0.502077892781558,0.0713761398127755
24183,0.462380288239891,0.236538872481698,0.240180578571346,0.0609002607070646
24184,0.178354722315206,0.532533967189881,0.240344796090691,0.0487665144042214
24185,0.130420306019155,0.383474124458639,0.33772171567585,0.148383853846356
24186,0.111773043591318,0.503739744356919,0.145022005550941,0.239465206500821
24187,0.413605477430645,0.202180786046043,0.136794483778529,0.247419252744783
24188,0.192643481338143,0.431060287724053,0.307769461286515,0.0685267696512887
24189,0.103884183311404,0.23858146920176,0.588221526152161,0.0693128213346747
24190,0.148166012425698,0.227543702133576,0.555720609845542,0.0685696755951843
24191,0.163612511222518,0.328107967689773,0.447194821995362,0.0610846990923475
24192,0.219253255486298,0.323927374355604,0.363366698770333,0.093452671387765
24193,0.4018920341677,0.173482678849963,0.366836699872674,0.057788587109663
24194,0.177216121379794,0.632125522556013,0.0970639374846207,0.0935944185795723
24195,0.458918845152494,0.118667259471556,0.338172582010329,0.0842413133656206
24196,0.623156315038627,0.173353515271269,0.161187929076046,0.0423022406140587
24197,0.0843590635740103,0.528548937144644,0.204379773868703,0.182712225412643
24198,0.549929234188684,0.130194054951361,0.265359286063881,0.0545174247960733
24199,0.304518345148729,0.399510933819452,0.193453604504296,0.102517116527524
24200,0.553478248489785,0.110701498959429,0.173693551756049,0.162126700794736
24201,0.492549712385249,0.247182905686681,0.218048798773201,0.0422185831548689
24202,0.177744543107048,0.201154283295055,0.5512529456493,0.069848227948597
24203,0.526861918618247,0.315215809464305,0.0986448210846492,0.059277450832799
24204,0.129299224644546,0.606147757166427,0.181625783762229,0.0829272344267978
24205,0.389760567642341,0.389969277284203,0.133925740292041,0.0863444147814152
24206,0.118811887101921,0.217190929396565,0.60437059952805,0.0596265839734645
24207,0.442476610778952,0.0854945025198389,0.192399580532196,0.279629306169013
24208,0.199918735067776,0.414381970520725,0.118577134406757,0.267122160004742
24209,0.139082805122189,0.241785007749352,0.347390700338178,0.271741486790281
24210,0.159678893954625,0.0912771219065248,0.275115098044257,0.473928886094593
24211,0.0621871586445646,0.12392668406236,0.331494355393131,0.482391801899945
24212,0.317957427716352,0.054231634344212,0.107175171685137,0.520635766254299
24213,0.0419444921774817,0.160338749010088,0.574430171714268,0.223286587098162
24214,0.155416069458232,0.0447476395072505,0.29137073055195,0.508465560482568
24215,0.108208834226878,0.110324204590848,0.426417129285059,0.355049831897215
24216,0.0981731310240709,0.148426277818559,0.295203201446777,0.458197389710593
24217,0.132925005591984,0.395174277177691,0.0358788121680254,0.436021905062299
24218,0.0738002719101237,0.0338704727363455,0.389628711320641,0.50270054403289
24219,0.30601823577704,0.0673444503609983,0.257619301390371,0.36901801247159
24220,0.222408900043199,0.186848863954775,0.11161450833338,0.479127727668646
24221,0.258817737916007,0.433202401421632,0.113405162606014,0.194574698056347
24222,0.549912926631252,0.124072084336806,0.117743708525225,0.208271280506718
24223,0.321202054164356,0.0934356322892981,0.0714112365377116,0.513951077008634
24224,0.0815659812998473,0.0683552251939496,0.333963251625026,0.516115541881177
24225,0.200162896068157,0.240976077439183,0.126820107333042,0.432040919159618
24226,0.407702043976172,0.236210882009391,0.239556121568921,0.116530952445516
24227,0.322129787525796,0.380433088267814,0.181992188411386,0.115444935795005
24228,0.331583791926792,0.338630428111464,0.187692148799544,0.1420936311622
24229,0.254661206537505,0.337317759391103,0.307006274036786,0.101014760034606
24230,0.14811127212431,0.534452529891045,0.188444467275374,0.12899173070927
24231,0.323818636511816,0.269457420971809,0.266755037930912,0.139968904585463
24232,0.283321177760812,0.257738287779178,0.301305298197824,0.157635236262186
24233,0.327855090990217,0.367756763576435,0.160579253360718,0.143808892072629
24234,0.464323369417703,0.236577623371003,0.215266703105025,0.0838323041062698
24235,0.352421351827183,0.295180265070883,0.252410864694751,0.0999875184071827
24236,0.280803814061922,0.212748698257708,0.416533943197777,0.0899135444825945
24237,0.538962212025065,0.0646149281583577,0.248133785208715,0.148289074607862
24238,0.0737597325908605,0.238221825575309,0.521117080916886,0.166901360916944
24239,0.205471414373824,0.368566037781077,0.281919597599044,0.144042950246055
24240,0.227097895624138,0.395488016703325,0.223837646814744,0.153576440857793
24241,0.0963740387469349,0.251811509029795,0.313675768109571,0.338138684113699
24242,0.232650577472714,0.315559571668643,0.351587311876646,0.100202538981997
24243,0.25008358148328,0.370384104794892,0.223888553727809,0.155643759994019
24244,0.244186821058461,0.244921481215918,0.349470295965577,0.161421401760044
24245,0.295701274813538,0.315041718537217,0.340128891658914,0.0491281149903318
24246,0.165679270541664,0.356783696141621,0.380704032736112,0.0968330005806031
24247,0.227173016433365,0.368705740822668,0.32299732477046,0.0811239179735081
24248,0.377509863047366,0.0793660284868141,0.360174780479453,0.182949327986367
24249,0.336720466852569,0.324530577207301,0.255087847285467,0.0836611086546636
24250,0.211530643763302,0.37540598444877,0.198127499667016,0.214935872120912
24251,0.227231558148058,0.360075788808914,0.245503625041909,0.16718902800112
24252,0.206682992255617,0.410691689551464,0.171126185690859,0.21149913250206
24253,0.174675365693964,0.316059756832581,0.422803154699464,0.0864617227739919
24254,0.11757050826361,0.24649459567059,0.454805588603951,0.181129307461849
24255,0.111454163862885,0.393025055687643,0.296489162539385,0.199031617910087
24256,0.240178034904944,0.318687667491224,0.168300156035133,0.272834141568699
24257,0.265751934830444,0.311035840786697,0.296529536233144,0.126682688149716
24258,0.273086012733958,0.467824630334168,0.0657021009504381,0.193387255981436
24259,0.193195657601171,0.210964830141081,0.244211751007306,0.351627761250442
24260,0.141219338328533,0.364812310788252,0.335560372900296,0.158407977982919
24261,0.388533427318752,0.112539921229115,0.153721171234474,0.34520548021766
24262,0.335996044059088,0.232429667586103,0.278862341567953,0.152711946786856
24263,0.276286407129813,0.22408123878524,0.251684833304031,0.247947520780917
24264,0.149149105058874,0.616024239558086,0.104687014728053,0.130139640654987
24265,0.4232165166072,0.424462729340334,0.0118833706445445,0.140437383407922
24266,0.0550206606203174,0.0537924137355991,0.480016859323605,0.411170066320479
24267,0.335045838670769,0.432155494209862,0.0966141474137785,0.136184519705591
24268,0.371109784571158,0.20162658579559,0.20255877155516,0.224704858078091
24269,0.0541593658925009,0.686470101492934,0.126901745264463,0.132468787350103
24270,0.195982142216188,0.566984419477191,0.0876069835717211,0.1494264547349
24271,0.0909388465326372,0.46192997844978,0.276342541553923,0.170788633463659
24272,0.0659420695275533,0.552242020909554,0.179581540132844,0.202234369430049
24273,0.55255224985657,0.161038127818135,0.073781049925161,0.212628572400134
24274,0.193174310882557,0.00884632430600563,0.594625738087278,0.203353626724159
24275,0.0387830456146067,0.186769540107664,0.359063696130363,0.415383718147366
24276,0.814798751724386,0.0200241527418269,0.0291098968805477,0.136067198653239
24277,0.0960023553608214,0.605048918606505,0.196075145241493,0.102873580791181
24278,0.183373116173374,0.502811785792212,0.0300385384122815,0.283776559622132
24279,0.476404728130254,0.0492919866014616,0.181335975218938,0.292967310049346
24280,0.0357837623969707,0.0388519244147077,0.758007468456187,0.167356844732135
24281,0.818547529902647,0.0465839390454284,0.00257415834110512,0.132294372710819
24282,0.0897812386148112,0.150468653204264,0.124476504451481,0.635273603729444
24283,0.176381853198034,0.404121033811953,0.140436464328781,0.279060648661232
24284,0.134856854575322,0.214860375112493,0.553287100432081,0.0969956698801046
24285,0.0332156749194067,0.533213854459216,0.153933333003971,0.279637137617406
24286,0.147331115936064,0.0903971079212632,0.599914347697907,0.162357428444766
24287,0.213442010053425,0.434113458958153,0.0367488234757815,0.315695707512641
24288,0.0702864158014011,0.608282313097602,0.232763618593978,0.0886676525070188
24289,0.0670184056488331,0.47991042014312,0.305273094584842,0.147798079623205
24290,0.130258556261764,0.317282035313158,0.150262245302946,0.402197163122132
24291,0.309234599481211,0.109740640894955,0.218593319437247,0.362431440186587
24292,0.0885246083559822,0.110763012295866,0.43054064174688,0.370171737601272
24293,0.405040677513389,0.260501491858672,0.26511494973367,0.0693428808942696
24294,0.180434279531666,0.533984925146657,0.0747031650128536,0.210877630308823
24295,0.119674395979339,0.23822659325966,0.270060259460514,0.372038751300486
24296,0.214289004776478,0.298445838239881,0.0651602430513176,0.422104913932323
24297,0.312957230300315,0.159624074789217,0.0978820129176293,0.429536681992839
24298,0.297790084808417,0.389803186633404,0.161601074662378,0.150805653895802
24299,0.230793473158948,0.125936692162111,0.0978626130113421,0.545407221667599
24300,0.194920898090611,0.166962081200042,0.157779605650733,0.480337415058615
24301,0.204861042675535,0.06999994420809,0.183876364147143,0.541262648969232
24302,0.489860255078276,0.18245898082317,0.231359455714972,0.0963213083835826
24303,0.303021723570119,0.321930306624314,0.0525772285110347,0.322470741294532
24304,0.173278613226678,0.0949095296744534,0.243499823614358,0.488312033484511
24305,0.229644806963001,0.427808207673991,0.136306996702891,0.206239988660117
24306,0.195853733458089,0.0796966630438773,0.181504210022663,0.542945393475371
24307,0.564134313913323,0.214788433542448,0.119805265587648,0.101271986956581
24308,0.308707653702934,0.0762651848264138,0.345484627560262,0.26954253391039
24309,0.0490702357611247,0.281858300626891,0.422593706730108,0.246477756881876
24310,0.193583743603408,0.478040144431623,0.183817907035781,0.144558204929188
24311,0.157397317778792,0.157708315087922,0.276118327403749,0.408776039729538
24312,0.308894748694075,0.108639242954825,0.142750879350462,0.439715129000638
24313,0.385945304697612,0.237996904497892,0.0746058199353879,0.301451970869107
24314,0.0452711955120759,0.735156671052735,0.0638235959942439,0.155748537440946
24315,0.228717428428303,0.430654543989489,0.20884159509096,0.131786432491249
24316,0.442066560527948,0.142014054349372,0.091438043375009,0.324481341747671
24317,0.209120307069741,0.4838213827441,0.0835113474877074,0.223546962698451
24318,0.105576095279523,0.122519620507118,0.569884576832454,0.202019707380906
24319,0.529400973565734,0.181462437623173,0.235558153640126,0.0535784351709675
24320,0.0709827954118244,0.17438008172044,0.170182010223884,0.584455112643852
24321,0.509477749009288,0.148011182735228,0.0613132608202383,0.281197807435246
24322,0.473838074084852,0.166588675730422,0.0844066939279832,0.275166556256743
24323,0.0937629014334105,0.0560623132478874,0.615549286397079,0.234625498921624
24324,0.140953717951357,0.0862855028480922,0.359006600184692,0.413754179015859
24325,0.303140129238514,0.138357649119643,0.0490990099383501,0.509403211703493
24326,0.0719211314817314,0.0942787844749956,0.382629428350014,0.451170655693259
24327,0.135648238552311,0.292939160009347,0.13890459407467,0.432508007363672
24328,0.0552641012411672,0.0521300100022889,0.525091423101594,0.36751446565495
24329,0.145353893778877,0.499109617545394,0.0376251063422757,0.317911382333453
24330,0.614602902764703,0.0598993873283094,0.127033312055151,0.198464397851837
24331,0.0635303002118381,0.0845268068726493,0.292657719985539,0.559285172929973
24332,0.48556475025245,0.0952370882719164,0.197598037650465,0.221600123825168
24333,0.435689129901499,0.131683411854896,0.0835776608826752,0.349049797360929
24334,0.315702007186928,0.169042709982391,0.107427999732261,0.40782728309842
24335,0.0405574210025054,0.432344616894804,0.0295870929198575,0.497510869182833
24336,0.0825145006017368,0.164623897553046,0.15168928128947,0.601172320555747
24337,0.656115134757826,0.0366256520621053,0.175872937067225,0.131386276112844
24338,0.578956382291618,0.0334601368933223,0.113959130028955,0.273624350786105
24339,0.430045989708969,0.328913627875087,0.0294037950716767,0.211636587344268
24340,0.241221457376853,0.343592957019509,0.0415910775034658,0.373594508100173
24341,0.559221707740973,0.0866596109412192,0.174099953577237,0.180018727740571
24342,0.638486791642438,0.124331364383465,0.0804483697211635,0.156733474252934
24343,0.0841138679167218,0.382102202753561,0.0864539769174705,0.447329952412247
24344,0.0426676447623242,0.108624938721552,0.5376840284579,0.311023388058224
24345,0.0594137159850959,0.0259003549899923,0.555583292528382,0.35910263649653
24346,0.245781178416634,0.0506785270197281,0.446939211414586,0.256601083149052
24347,0.08600788653109,0.515420232534109,0.141728108363969,0.256843772570833
24348,0.755639479472061,0.0243610655263682,0.11001423188494,0.109985223116631
24349,0.504829775671718,0.0979683417039884,0.067432342616103,0.32976954000819
24350,0.0207393236937048,0.240604140247941,0.535075123032237,0.203581413026117
24351,0.521537787550277,0.0745783515187921,0.0416437190373478,0.362240141893583
24352,0.0222158035417163,0.577618798393234,0.0821894877834657,0.317975910281584
24353,0.256564309443594,0.078458181039084,0.245700510546969,0.419276998970353
24354,0.0369607430214709,0.404514635149514,0.110701410441253,0.447823211387762
24355,0.244415611667747,0.0471316613429375,0.415227913900882,0.293224813088434
24356,0.0460323542424652,0.10580277310955,0.0429890035148308,0.805175869133154
24357,0.61926239841097,0.154376473976501,0.0181743793162846,0.208186748296245
24358,0.506871165587447,0.0623007020878587,0.0404518649433794,0.390376267381315
24359,0.167338496203292,0.59831306779027,0.0661991366010376,0.168149299405401
24360,0.0865649769552758,0.34646018200016,0.289678758659067,0.277296082385497
24361,0.202421983879334,0.423321219738977,0.0525853094144613,0.321671486967228
24362,0.515839448654136,0.107781154826206,0.248840439076168,0.12753895744349
24363,0.0488844244581648,0.19315880418025,0.529002693847732,0.228954077513854
24364,0.0711784204077275,0.673524070912531,0.116494415645872,0.13880309303387
24365,0.380484856635564,0.123839769858607,0.163229975258849,0.33244539824698
24366,0.111025547010978,0.410461913427132,0.169458971855198,0.309053567706692
24367,0.134670762700543,0.158691891833996,0.129146486736085,0.577490858729376
24368,0.0611589521357275,0.276236660502338,0.467609925096393,0.194994462265542
24369,0.375544830473925,0.273702895103008,0.162292962534645,0.188459311888421
24370,0.103223931449947,0.433961504376049,0.341976961190038,0.120837602983965
24371,0.209871423243591,0.127085672649793,0.481702936444466,0.18133996766215
24372,0.0566675715396322,0.0653226398313326,0.464239641076965,0.41377014755207
24373,0.282656741139945,0.38467496868712,0.232513586060814,0.100154704112121
24374,0.321728481894044,0.191968715746296,0.199813922771351,0.286488879588309
24375,0.122258446049335,0.0815556661114071,0.339571373517889,0.456614514321369
24376,0.0957932939298981,0.156622317623854,0.615476548074607,0.132107840371641
24377,0.0993223386858647,0.48935507772684,0.244960554757901,0.166362028829395
24378,0.0368826295946812,0.60494102359426,0.069974194430272,0.288202152380786
24379,0.0648049663641744,0.577610782626972,0.131371182452155,0.226213068556699
24380,0.0648186945078655,0.482945298640498,0.061793379731524,0.390442627120113
24381,0.493194115795212,0.116654788698329,0.0804448773760099,0.309706218130449
24382,0.471657989268187,0.11642011694462,0.348474883492741,0.0634470102944515
24383,0.0847369614278334,0.05632677585559,0.749009056027629,0.109927206688948
24384,0.0959224713135473,0.140600600152216,0.583110040405443,0.180366888128793
24385,0.518678013512313,0.071899961816984,0.205699194588666,0.203722830082038
24386,0.0456559486860581,0.0783452741534561,0.627695944257598,0.248302832902888
24387,0.57610811909838,0.0475634512220795,0.118341126537704,0.257987303141837
24388,0.411607553895344,0.0338536984830611,0.201164550345801,0.353374197275795
24389,0.365245052516484,0.101218946467653,0.254163428372051,0.279372572643812
24390,0.217935825874455,0.077998876191135,0.62071153454886,0.0833537633855502
24391,0.0953254359353116,0.121583930006353,0.044142518180148,0.738948115878187
24392,0.0276233434889537,0.252163374404212,0.357718785618908,0.362494496487926
24393,0.0260911210594114,0.0998128976959905,0.741846732597073,0.132249248647525
24394,0.0868500618662833,0.742404802215176,0.080402817032868,0.0903423188856725
24395,0.228670675835007,0.15875556066741,0.575817585888348,0.0367561776092345
24396,0.545801655984218,0.133556044440267,0.0308295386605619,0.289812760914953
24397,0.158173168500584,0.319667367759054,0.341022139494219,0.181137324246143
24398,0.346255655927989,0.208989903277417,0.320971747628851,0.123782693165743
24399,0.0818741872980608,0.406660295591055,0.260918401408357,0.250547115702528
24400,0.0824920352861906,0.242173927142725,0.471659035687095,0.203675001883989
24401,0.289809738085888,0.167788493103739,0.320234963419638,0.222166805390736
24402,0.286216372453861,0.149928785322445,0.455798454144785,0.108056388078909
24403,0.0648907652359348,0.276705205939558,0.486115055442895,0.172288973381613
24404,0.0820949692411066,0.256758592164517,0.494669477627109,0.166476960967267
24405,0.26134548964359,0.231374118827087,0.36069451865769,0.146585872871633
24406,0.354504288221151,0.40768520170204,0.124278779780806,0.113531730296002
24407,0.0792771565246848,0.474774262337276,0.364426824489862,0.0815217566481772
24408,0.192769866103582,0.405269902075843,0.163848171261021,0.238112060559554
24409,0.273345561832003,0.333949375345489,0.0729311118406732,0.319773950981834
24410,0.208016105750847,0.310033043793014,0.193768798995108,0.28818205146103
24411,0.158267350094396,0.435444890388532,0.26445796805076,0.141829791466311
24412,0.410191327811919,0.299019613995567,0.141563555707828,0.149225502484687
24413,0.462664931523473,0.160750695418924,0.279050127635278,0.0975342454223257
24414,0.227930970792994,0.555797940661604,0.118456236659488,0.0978148518859144
24415,0.372019890209605,0.145148021681447,0.309975697619694,0.172856390489254
24416,0.55349352361915,0.115964591607526,0.157257912258815,0.173283972514509
24417,0.228661736393766,0.090244044093493,0.340921277720737,0.340172941792004
24418,0.160331979582548,0.256881312027285,0.0891790945242978,0.49360761386587
24419,0.307047311026391,0.319449142997874,0.20293403285605,0.170569513119685
24420,0.123805779956043,0.378684852720929,0.222541412164023,0.274967955159005
24421,0.315677038788447,0.0821394846015158,0.0323131333221674,0.56987034328787
24422,0.444142162101835,0.143168113223529,0.0362178658800696,0.376471858794566
24423,0.0576036308964664,0.521653974257727,0.038659879510729,0.382082515335078
24424,0.103909431861473,0.350705361559369,0.199067689285477,0.346317517293681
24425,0.100675321405004,0.0343319991427063,0.12220429783974,0.74278838161255
24426,0.404057546524327,0.174864568489043,0.0363356997260672,0.384742185260563
24427,0.0514789801219144,0.0516518415362198,0.651519043483424,0.245350134858442
24428,0.179846603832303,0.56450235447512,0.0235716460713871,0.23207939562119
24429,0.0726676990681561,0.760696777036103,0.0246904502129483,0.141945073682793
24430,0.0728829695411534,0.0543321425296875,0.0494143807276914,0.823370507201468
24431,0.127522583713973,0.519242019403216,0.11175562546948,0.241479771413331
24432,0.0220777084155534,0.411979426618987,0.124027471791302,0.441915393174157
24433,0.0652297053753261,0.0861391408084509,0.105357601470499,0.743273552345724
24434,0.291097955586768,0.155835669655601,0.318330015553467,0.234736359204164
24435,0.335780736561246,0.378956910537361,0.140459702508394,0.144802650392999
24436,0.237588615705148,0.0961825148946639,0.281893094100012,0.384335775300177
24437,0.289725869935697,0.229875763455444,0.133027499428375,0.347370867180484
24438,0.550730059537579,0.115569701046032,0.173612024511266,0.160088214905123
24439,0.109995401691815,0.029939019051292,0.585607852938932,0.274457726317961
24440,0.0268693442490571,0.663787729793698,0.0438026148840072,0.265540311073238
24441,0.55274828249755,0.140073165818754,0.0290105743330622,0.278167977350634
24442,0.552341060385355,0.189692165634898,0.125589458246719,0.132377315733028
24443,0.324224193403859,0.0979499812605042,0.445590207338445,0.132235617997192
24444,0.0541012524506453,0.198846434762027,0.413296472912046,0.333755839875282
24445,0.296941882542912,0.147271447364486,0.132128500945615,0.423658169146988
24446,0.259063159760011,0.0648631154843883,0.0433324757514401,0.632741249004161
24447,0.10709662761673,0.755240920061836,0.0308300214717327,0.106832430849701
24448,0.142326120530115,0.456838501345926,0.0679846238648919,0.332850754259067
24449,0.346742614095418,0.0213524525777794,0.181128852440568,0.450776080886235
24450,0.0445987247782696,0.0898108598885047,0.213883408746155,0.651707006587071
24451,0.0408561077249552,0.0599523860325455,0.370164480756605,0.529027025485894
24452,0.101013472191273,0.0417161407028225,0.310973994518453,0.546296392587452
24453,0.379031914475974,0.0519699934608201,0.342948084144588,0.226050007918619
24454,0.26440100798375,0.350478905129859,0.0909233301782753,0.294196756708116
24455,0.199318335286894,0.0641444162836343,0.528515469131169,0.208021779298302
24456,0.108438906867125,0.162414246060159,0.279759684476112,0.449387162596605
24457,0.158248356470587,0.0754508169885429,0.255429405966218,0.510871420574653
24458,0.0880369704199107,0.283790172585581,0.0949108020073865,0.533262054987122
24459,0.156413895622596,0.172522445254509,0.446834246943275,0.22422941217962
24460,0.0316032475276837,0.223184377488783,0.241546248181819,0.503666126801714
24461,0.0513826151869554,0.102399607958904,0.364214311850097,0.482003465004043
24462,0.124407949474477,0.253390638773995,0.107214549581971,0.514986862169557
24463,0.313034809915465,0.457702305317787,0.137032773041516,0.092230111725232
24464,0.138076602680175,0.149760266024173,0.255028751344641,0.457134379951011
24465,0.14855639962832,0.549982945230454,0.102593572740186,0.19886708240104
24466,0.395102994613053,0.346520836288407,0.0480435686264368,0.210332600472103
24467,0.110637949784889,0.344229484161932,0.0256078357949184,0.519524730258261
24468,0.0486536953709535,0.564574933281256,0.160527320263186,0.226244051084604
24469,0.0893898889456356,0.360748825550398,0.0582347537340921,0.491626531769874
24470,0.1657256964749,0.11143280902083,0.0865307609199034,0.636310733584367
24471,0.145530088778487,0.575956426431316,0.0719655724334401,0.206547912356758
24472,0.506122569808871,0.0802629275956844,0.227991183409713,0.185623319185731
24473,0.216985038241183,0.206012693170901,0.279708605863048,0.297293662724869
24474,0.589247712794273,0.276732357306372,0.0493850062338432,0.0846349236655119
24475,0.0884683541658269,0.37642546057432,0.287700779020204,0.247405406239649
24476,0.270310362525654,0.299546098723823,0.132037587301077,0.298105951449446
24477,0.116109059046073,0.451273275438505,0.257857182657166,0.174760482858256
24478,0.20126905502264,0.208624619005782,0.418568205322019,0.171538120649559
24479,0.161341775111614,0.101040840272246,0.429461241594731,0.308156143021409
24480,0.426077974085529,0.150181867687821,0.132491016385534,0.291249141841116
24481,0.308667243667101,0.236224950803941,0.232493020029717,0.222614785499242
24482,0.450408794364343,0.107054601976433,0.139811764616502,0.302724839042722
24483,0.65745605366206,0.138971121757041,0.103426547754515,0.100146276826384
24484,0.118019503187737,0.209098753418923,0.480306157421677,0.192575585971662
24485,0.410133082450892,0.19576992436886,0.239289088766577,0.154807904413672
24486,0.25651855761782,0.381466151795768,0.130043021083107,0.231972269503306
24487,0.0784893411861947,0.134396252298772,0.568381193485911,0.218733213029123
24488,0.213396119566468,0.613478100555023,0.0778947903677335,0.0952309895107759
24489,0.192970371491178,0.354932148173158,0.201678111624063,0.250419368711602
24490,0.0875853967911036,0.245499318554696,0.539837316572161,0.12707796808204
24491,0.0731608526911888,0.101762876862248,0.162531995382715,0.662544275063848
24492,0.306383309280251,0.0701699654427717,0.424283535959813,0.199163189317164
24493,0.101430834890837,0.23762699954476,0.532161173391656,0.128780992172747
24494,0.0522359892037163,0.462484450854673,0.258298063380674,0.226981496560937
24495,0.169374611853523,0.44603039387446,0.0868977712029153,0.297697223069102
24496,0.125532339790365,0.22431002991258,0.31943093814106,0.330726692155995
24497,0.195893341616161,0.0980529196073204,0.490211757096229,0.21584198168029
24498,0.283788957911818,0.258449635548834,0.355284902267105,0.102476504272244
24499,0.383253849433031,0.11820683112199,0.221243119455364,0.277296199989614
24500,0.0777357539845674,0.571215882969842,0.100491729721637,0.250556633323954
24501,0.246948999636775,0.252585580261468,0.0855877797988537,0.414877640302903
24502,0.358062273226293,0.133513831173497,0.144373635476649,0.364050260123561
24503,0.0787268691364192,0.0903057367094668,0.215187515380484,0.61577987877363
24504,0.0615185851914127,0.531560519580623,0.0459010625778686,0.361019832650096
24505,0.114347192564508,0.282834730473746,0.160237850686954,0.442580226274792
24506,0.145347875467664,0.0596435758932636,0.455788433028859,0.339220115610214
24507,0.0660098173208143,0.206740718564128,0.14672362805545,0.580525836059608
24508,0.355503621337039,0.122071016293684,0.283615943772275,0.238809418597003
24509,0.146850026756245,0.0498208910751766,0.347490416121944,0.455838666046634
24510,0.0674616063246989,0.170142833940098,0.480758359324139,0.281637200411064
24511,0.274588224120894,0.498151167534768,0.11267242390394,0.114588184440399
24512,0.385595323828362,0.0699026153757453,0.268788249354403,0.275713811441489
24513,0.594650072186419,0.101699378113352,0.120740733095005,0.182909816605225
24514,0.299760405275963,0.403421954910415,0.0901028529314849,0.206714786882138
24515,0.127738892686343,0.253948922046243,0.346710026923786,0.271602158343627
24516,0.446817312952959,0.0939627112813909,0.134473959366726,0.324746016398925
24517,0.455325064591298,0.302797730509603,0.136107508873967,0.105769696025132
24518,0.0569984514914747,0.159272104555498,0.10821826984361,0.675511174109418
24519,0.0844201339487487,0.174388926385093,0.659988716752578,0.0812022229135805
24520,0.0217613162770034,0.303677476077612,0.370417930203645,0.30414327744174
24521,0.0815245866822527,0.455670048098905,0.0368047395874366,0.426000625631405
24522,0.0254876302596033,0.128814149894728,0.669394854308805,0.176303365536865
24523,0.0625710179729322,0.257011802796757,0.386424967591559,0.293992211638752
24524,0.0931017301121042,0.107432083716215,0.585401946047921,0.21406424012376
24525,0.126717073687284,0.132939390134526,0.0935990304415862,0.646744505736604
24526,0.555519911527733,0.108023910001321,0.227366827201976,0.10908935126897
24527,0.100767114734353,0.0294624128348266,0.501800263315616,0.367970209115205
24528,0.704645884850373,0.179218988738631,0.0266713451600606,0.0894637812509353
24529,0.130917035319976,0.0668927637399713,0.165018227928152,0.637171973011901
24530,0.320166168715377,0.225370714929815,0.188972553375185,0.265490562979622
24531,0.128253439798773,0.410991943604363,0.281448824776695,0.17930579182017
24532,0.150759363053494,0.279912266249248,0.399648025826993,0.169680344870265
24533,0.284357611245616,0.25609023370497,0.0698100117302122,0.389742143319202
24534,0.0879564249277327,0.464627622726165,0.0932273885478046,0.354188563798298
24535,0.597238321243946,0.0532615070751813,0.0745605528098401,0.274939618871033
24536,0.160413932699126,0.179226795010304,0.311492433815862,0.348866838474709
24537,0.337942818651913,0.164949891756544,0.0653868057991668,0.431720483792376
24538,0.207579497249759,0.511744601230789,0.0651063167415116,0.215569584777941
24539,0.339615728238401,0.171270521888743,0.139381588305232,0.349732161567624
24540,0.406212238168122,0.0776964498872671,0.263683785382928,0.252407526561684
24541,0.443420305780767,0.0937093694984399,0.199722809162432,0.26314751555836
24542,0.121815946450768,0.485136591105673,0.0650449377756453,0.328002524667914
24543,0.0253938093847507,0.131887535258761,0.749769661423548,0.0929489939329406
24544,0.122438544059218,0.527254863449965,0.167883094421487,0.18242349806933
24545,0.241581158526444,0.0754773364663708,0.468831594308822,0.214109910698363
24546,0.0534230570025949,0.525218840634113,0.143326808662086,0.278031293701206
24547,0.24965583431654,0.336023557755911,0.0234902815927351,0.390830326334814
24548,0.0400375415140291,0.293836470615181,0.333453098627136,0.332672889243654
24549,0.563684619281957,0.207898002211014,0.124836141974362,0.103581236532666
24550,0.165815963948433,0.470155417701882,0.294129754456932,0.0698988638927525
24551,0.0756209009896275,0.378820235038141,0.190489862074183,0.355069001898049
24552,0.0622365043657875,0.481620166955883,0.0911831919896997,0.36496013668863
24553,0.441056329538929,0.176291433755577,0.12511920621273,0.257533030492765
24554,0.285457989146899,0.110610862713677,0.29820049394038,0.305730654199044
24555,0.0753295209459735,0.684780631063423,0.0877434486730552,0.152146399317548
24556,0.489233548354358,0.214723121072917,0.0469584858546223,0.249084844718103
24557,0.11603280974328,0.273968030204405,0.286203176140043,0.323795983912272
24558,0.0970981657004109,0.598670022059815,0.0489127151795812,0.255319097060193
24559,0.0488714958492754,0.737567792012582,0.105160707773262,0.108400004364881
24560,0.0577264626224221,0.327266994730125,0.125433298601163,0.489573244046291
24561,0.178367975357623,0.152096159766485,0.147150340443292,0.522385524432601
24562,0.465491440038032,0.208452433348208,0.140555805350194,0.185500321263566
24563,0.0285738439174529,0.543609436344066,0.112775507209212,0.315041212529269
24564,0.0802943625119697,0.350929236823412,0.0607470320758264,0.508029368588792
24565,0.0539051498210108,0.325858874201133,0.293672838904265,0.326563137073592
24566,0.0937413125461315,0.729717097594076,0.0539064847817642,0.122635105078028
24567,0.110116763792651,0.230363007984119,0.485310781136919,0.174209447086311
24568,0.376856179560301,0.317282504920037,0.074729602825631,0.231131712694032
24569,0.235410390402653,0.123300829325692,0.227053937370929,0.414234842900726
24570,0.035345404443683,0.510953865603302,0.103849832337529,0.349850897615486
24571,0.0498185803409489,0.23488669330789,0.362155613693265,0.353139112657897
24572,0.221571821540545,0.10481935035741,0.293410432428244,0.380198395673801
24573,0.12654915109155,0.149358726749214,0.51968077596256,0.204411346196676
24574,0.0496820375675891,0.255295345015154,0.438276259601878,0.256746357815379
24575,0.172110663357324,0.0891193077693359,0.129524591011369,0.609245437861972
24576,0.033039221388689,0.142909020370188,0.599528521588,0.224523236653123
24577,0.0622437801605575,0.160079080377759,0.366132588944883,0.4115445505168
24578,0.191906665523426,0.107040846641026,0.259665272843076,0.441387214992472
24579,0.388807815195479,0.382726326515859,0.0656513872873154,0.162814471001346
24580,0.0992000184310384,0.0608222176116931,0.416136977283625,0.423840786673644
24581,0.164866376212121,0.0301457475150293,0.625867243917585,0.179120632355265
24582,0.0466525392463015,0.106609961195495,0.703449517364123,0.143287982194081
24583,0.0178139925968858,0.0942306520645648,0.538363801468994,0.349591553869555
24584,0.0294947620574027,0.0421540657835678,0.832775626557723,0.0955755456013068
24585,0.0523863215969519,0.142369186764043,0.0173401363936407,0.787904355245364
24586,0.0346483850201481,0.0902753635755046,0.338021111402983,0.537055140001365
24587,0.364724834017566,0.251893021407035,0.276722659362799,0.1066594852126
24588,0.173882111819703,0.476836009455334,0.208918176621146,0.140363702103817
24589,0.16408943913396,0.451932569837805,0.268597968500059,0.115380022528176
24590,0.337538947177429,0.185248041382552,0.410325050489705,0.0668879609503131
24591,0.259153334080979,0.157384059105456,0.456248052038546,0.127214554775019
24592,0.279714755066862,0.350048148416216,0.199430730305167,0.170806366211756
24593,0.301444899831452,0.306674121424973,0.250303459920325,0.14157751882325
24594,0.289050842809618,0.353777248440971,0.149769337928713,0.207402570820697
24595,0.383180896434125,0.308486853476339,0.240072943993519,0.0682593060960178
24596,0.548296096805548,0.147504288047061,0.108370772272597,0.195828842874794
24597,0.295515750297702,0.294661485877618,0.3106879722933,0.09913479153138
24598,0.436095371986231,0.167094383706527,0.151262341447092,0.24554790286015
24599,0.383738262185428,0.330989865541101,0.104024125001393,0.181247747272078
24600,0.401242797373975,0.258231504175157,0.168270092338989,0.172255606111879
24601,0.227233236183544,0.181337792199015,0.440326054623547,0.151102916993894
24602,0.156683768226326,0.556520681291575,0.174149098421878,0.112646452060221
24603,0.244631984395768,0.206942705854315,0.241763805301066,0.306661504448851
24604,0.321690275637273,0.225688937751689,0.334957834235433,0.117662952375605
24605,0.381309779282863,0.185776813666265,0.199923457393349,0.232989949657523
24606,0.0618216200521924,0.446319454792656,0.374326067873051,0.1175328572821
24607,0.364836907803038,0.177994363596467,0.317867655699604,0.139301072900891
24608,0.166495926829367,0.41834975999117,0.0834636286271701,0.331690684552293
24609,0.426572674290318,0.261985603179279,0.156036241656495,0.155405480873908
24610,0.0938233495958169,0.239523516315866,0.205711313843139,0.460941820245178
24611,0.131534256267055,0.273472940224845,0.194717148611064,0.400275654897036
24612,0.14449095174378,0.54693117362895,0.127515760791547,0.181062113835723
24613,0.0983875934774807,0.188321593010021,0.582389458774231,0.130901354738267
24614,0.108481882511866,0.136127145604914,0.575959134441946,0.179431837441274
24615,0.379522893524179,0.245343947301052,0.0500975428434052,0.325035616331364
24616,0.228405530695844,0.13076597710048,0.33357267230422,0.307255819899456
24617,0.300345402469209,0.155454218374071,0.423491894142403,0.120708485014317
24618,0.247604174652891,0.121575118704511,0.506162796846558,0.124657909796039
24619,0.11917553745447,0.45355545937331,0.281771131831234,0.145497871340987
24620,0.238971368130191,0.194454577946382,0.0774779259088204,0.489096128014607
24621,0.135446116620303,0.178561690541802,0.303067740795332,0.382924452042563
24622,0.0489332309614754,0.284745928287649,0.292648808456174,0.373672032294701
24623,0.178112963006107,0.069296556783277,0.316196759834663,0.436393720375952
24624,0.17709839077466,0.219471668254687,0.402992670213416,0.200437270757237
24625,0.340414770415852,0.0938055488014102,0.277025272934429,0.288754407848309
24626,0.307955520124013,0.239315169851166,0.160928837933353,0.291800472091468
24627,0.163559414301226,0.23395741523253,0.111639152684443,0.490844017781801
24628,0.546804530902172,0.152353925018701,0.0862124662294457,0.214629077849682
24629,0.0991367281621038,0.493467033577013,0.107667298601005,0.299728939659879
24630,0.226140023921456,0.133622630845793,0.239848834020442,0.400388511212309
24631,0.189329236019951,0.230825163074869,0.125417689711044,0.454427911194136
24632,0.205297080441706,0.136597343782857,0.262970461008359,0.395135114767079
24633,0.246757390717135,0.049425596875442,0.414963817153658,0.288853195253765
24634,0.242569232596586,0.0281137869136149,0.453405557477638,0.275911423012162
24635,0.33356936069283,0.11516060072888,0.11300016705833,0.438269871519959
24636,0.255916856554195,0.318133231035422,0.143501352174649,0.282448560235734
24637,0.218982814208031,0.113980717775435,0.468175226559549,0.198861241456986
24638,0.129056882900043,0.456217868117767,0.0782360723888321,0.336489176593358
24639,0.323621526135027,0.183643922311008,0.118103587930763,0.374630963623203
24640,0.600110595557208,0.142014564253617,0.109485637961309,0.148389202227865
24641,0.095332410407068,0.675346102310742,0.0359562834058078,0.193365203876382
24642,0.173104123701944,0.0791926130030131,0.313668450334193,0.43403481296085
24643,0.0476875039927507,0.0447092255435437,0.351874734632267,0.555728535831439
24644,0.0616045297181022,0.355324743612407,0.167065043129834,0.416005683539657
24645,0.115224783397961,0.573528058122622,0.020745359863141,0.290501798616276
24646,0.190160590280549,0.215885444186519,0.20607102788549,0.387882937647442
24647,0.419826566755414,0.335265349999928,0.134835264697462,0.110072818547197
24648,0.117647521674456,0.0633618589136367,0.404533609565823,0.414457009846084
24649,0.151293268177086,0.145054189570097,0.421104452066466,0.282548090186351
24650,0.0321849667672353,0.839041255142677,0.0163570614167323,0.112416716673355
24651,0.467898312066012,0.0649693160671186,0.0270487060583388,0.440083665808531
24652,0.227993266332449,0.0516075157369635,0.523442311585509,0.196956906345079
24653,0.456567448138487,0.151169033760745,0.113516652463127,0.278746865637642
24654,0.0518538279087869,0.393143425054901,0.0423680370060092,0.512634710030303
24655,0.0593098739812198,0.142495859113062,0.307632543999467,0.490561722906252
24656,0.179306171906697,0.23105708483339,0.348143827286352,0.241492915973561
24657,0.155304279909395,0.140921517512284,0.0595897218318078,0.644184480746513
24658,0.0531412842703427,0.439916515983965,0.20473310245021,0.302209097295482
24659,0.0172488744787104,0.0954464209989285,0.342487542346034,0.544817162176328
24660,0.0933308607131992,0.340741247632218,0.181308851911901,0.384619039742682
24661,0.104119567820485,0.479064146464903,0.0394696684630223,0.377346617251589
24662,0.0212038248466991,0.115561959375459,0.559696420874691,0.30353779490315
24663,0.227081878503225,0.278855856912197,0.410371862016663,0.0836904025679155
24664,0.179486728279629,0.274287554816593,0.382825319910873,0.163400396992904
24665,0.287141408145282,0.17966054468205,0.422007139006217,0.11119090816645
24666,0.164825803098287,0.511885438005424,0.127780901984139,0.19550785691215
24667,0.104843275401755,0.419618727734697,0.322505851342639,0.153032145520909
24668,0.0906222727628138,0.133075740287437,0.732845885267328,0.0434561016824207
24669,0.180492114914843,0.333729407069861,0.291257173801273,0.194521304214023
24670,0.416577878965333,0.108581820235605,0.336096893198377,0.138743407600685
24671,0.0796104259950289,0.433697931953185,0.424807658684265,0.0618839833675213
24672,0.219403337867552,0.439513504817593,0.271815697933515,0.0692674593813396
24673,0.205663396239365,0.0994567968951155,0.605923651237523,0.0889561556279963
24674,0.156466193702975,0.614249204432412,0.103780249841507,0.125504352023106
24675,0.17195468407156,0.165080774680909,0.565892268186612,0.0970722730609185
24676,0.155320434320676,0.50930551379343,0.214031075144081,0.121342976741813
24677,0.0750671348186574,0.199720958361237,0.362006206394846,0.36320570042526
24678,0.226254620807194,0.347633199877706,0.134377360898401,0.291734818416699
24679,0.243810634770676,0.399492182878204,0.158500245555672,0.198196936795449
24680,0.0870692530587657,0.421135463864126,0.274712628789945,0.217082654287163
24681,0.337582362163348,0.282031140220956,0.0745831514872367,0.305803346128459
24682,0.387367042971536,0.476649052103763,0.0887453926867975,0.0472385122379034
24683,0.0924019689501048,0.268615517320714,0.487922715458244,0.151059798270938
24684,0.145306393021779,0.175447499175689,0.525886170951929,0.153359936850603
24685,0.518278609438224,0.177810199115471,0.176661443436018,0.127249748010287
24686,0.396885658538916,0.163416414452554,0.103815692641446,0.335882234367085
24687,0.201737209133671,0.385106793554216,0.190416345263114,0.222739652048999
24688,0.180120871910655,0.34974644469547,0.190572888809018,0.279559794584857
24689,0.187545956295341,0.275157458074153,0.46937545996787,0.0679211256626363
24690,0.605299134488914,0.0987112447487167,0.197054662258656,0.0989349585037138
24691,0.434915275130701,0.300292656923494,0.103390019662649,0.161402048283156
24692,0.643582399965275,0.175153524467846,0.101442040193825,0.0798220353730543
24693,0.229756584212748,0.167787407678317,0.446666827989278,0.155789180119657
24694,0.267634329463512,0.272364393140096,0.292569191269602,0.167432086126791
24695,0.151178557477021,0.683456688018251,0.0829952498953076,0.0823695046094208
24696,0.208176567334601,0.296403574969176,0.170145518326078,0.325274339370146
24697,0.110330797736796,0.176300439329504,0.284930188534805,0.428438574398895
24698,0.279954415678957,0.493148829841008,0.162266073873846,0.0646306806061885
24699,0.133144984803751,0.157050552897847,0.655978968275857,0.053825494022546
24700,0.0999569701001266,0.431490974114108,0.146035699110585,0.32251635667518
24701,0.148017635308484,0.134540865714864,0.613712617494313,0.103728881482339
24702,0.140487410006079,0.412918952063702,0.356844876520428,0.0897487614097917
24703,0.333786675973757,0.307846572279456,0.247321915981437,0.111044835765351
24704,0.145549194303959,0.388494753498132,0.357997706502106,0.107958345695804
24705,0.297316017867746,0.413746582207755,0.179872160442133,0.109065239482366
24706,0.125461676046703,0.405757551179903,0.362977883194202,0.105802889579192
24707,0.256380747269087,0.200433326744544,0.339713124863354,0.203472801123015
24708,0.532366668682715,0.0789236418423617,0.254725613399641,0.133984076075283
24709,0.132148015718476,0.312373034706292,0.440068896005852,0.11541005356938
24710,0.288066255269565,0.367773894223264,0.219801277169135,0.124358573338036
24711,0.256192260684882,0.259689002648023,0.346547896751034,0.137570839916061
24712,0.33234852273782,0.336062183939306,0.198629371854142,0.132959921468732
24713,0.127083768408066,0.473633821270754,0.251609077890769,0.147673332430411
24714,0.319916967168663,0.332020704307735,0.182852363654801,0.165209964868801
24715,0.15177280566245,0.469033706189092,0.161453508655657,0.217739979492801
24716,0.380904083430167,0.355221887366378,0.109993726407635,0.153880302795821
24717,0.281471716590576,0.417964800692824,0.192578925246166,0.107984557470434
24718,0.204195372718793,0.554793567059117,0.0980774421170324,0.142933618105058
24719,0.230112953257263,0.199731565291829,0.213124816094162,0.357030665356746
24720,0.280953294299397,0.436432680507844,0.134468535171668,0.148145490021091
24721,0.225462889780069,0.425456143038815,0.187046722568748,0.162034244612368
24722,0.188768626315713,0.513035592988425,0.180710426585776,0.117485354110086
24723,0.391667129730974,0.238349981541673,0.226518109951569,0.143464778775783
24724,0.401039177893027,0.235791411291491,0.216928258588013,0.146241152227469
24725,0.48567440101973,0.276414773498244,0.0760667587094483,0.161844066772578
24726,0.228517982286614,0.400889786836918,0.229697420828428,0.140894810048041
24727,0.127692412837689,0.107160706752333,0.441215860960812,0.323931019449166
24728,0.395957458180467,0.229723629815317,0.208499996117997,0.165818915886219
24729,0.26224225352148,0.180435739170387,0.324215557593333,0.2331064497148
24730,0.15986111655578,0.184270988166839,0.338439702498496,0.317428192778885
24731,0.139937180958876,0.551204459065051,0.153931650459945,0.154926709516128
24732,0.269648022729956,0.176556979274221,0.350573243034721,0.203221754961102
24733,0.0669864588849506,0.256409795843367,0.187920313188099,0.488683432083584
24734,0.1640798492036,0.338471580266635,0.0956226082079147,0.40182596232185
24735,0.066298636073845,0.132526217090084,0.458609068603907,0.342566078232164
24736,0.165064587047188,0.542683750309365,0.114103559592811,0.178148103050636
24737,0.498385704339368,0.133688814345882,0.158043306515852,0.209882174798898
24738,0.0606064266277397,0.573544128077077,0.0816635506665173,0.284185894628666
24739,0.338660005715806,0.0756887100770427,0.204478479821051,0.381172804386101
24740,0.284010145493184,0.338386626152233,0.143018613876886,0.234584614477698
24741,0.119220871135554,0.235563011382229,0.542298495138247,0.102917622343971
24742,0.229704370476834,0.329167462109756,0.100875340556319,0.340252826857091
24743,0.12796647992116,0.341989251146805,0.119147436876233,0.410896832055803
24744,0.34873746259569,0.0798741314649468,0.211194108917099,0.360194297022264
24745,0.155085784525057,0.118345360651298,0.259540390898844,0.4670284639248
24746,0.155492517935604,0.288766541880796,0.0741743446206611,0.481566595562939
24747,0.0597949285511049,0.273156982585189,0.262517231037251,0.404530857826455
24748,0.0330220739288812,0.0666912111371674,0.463513312237873,0.436773402696078
24749,0.109029554570469,0.284329919941045,0.232630390935426,0.37401013455306
24750,0.229124248831428,0.174589603046462,0.233735626169658,0.362550521952452
24751,0.473368238214282,0.0643069123388995,0.0603004002413124,0.402024449205506
24752,0.0824640047344639,0.363929820574283,0.0560303164411761,0.497575858250078
24753,0.16359844566445,0.0339067548195604,0.456263507987081,0.346231291528909
24754,0.231833213951857,0.200086341309944,0.120615675267173,0.447464769471027
24755,0.0514089315697164,0.269656210756237,0.242024045046791,0.436910812627256
24756,0.109340585101298,0.310433690546868,0.155970525320001,0.424255199031832
24757,0.158272814017898,0.0705790748458379,0.147154361299955,0.623993749836309
24758,0.156632938188639,0.0894024042535293,0.440824460719079,0.313140196838753
24759,0.133740694587413,0.275611431166043,0.26403910700061,0.326608767245933
24760,0.264128664384937,0.330490428994033,0.141836732127042,0.263544174493989
24761,0.305833427279899,0.0911741582244428,0.389814316163828,0.21317809833183
24762,0.134347678956342,0.316633452173182,0.0912947200161366,0.457724148854339
24763,0.114733992255423,0.617222307014743,0.0925223513906728,0.175521349339161
24764,0.487846907898023,0.113771374778764,0.0976762362457536,0.300705481077459
24765,0.230509387989372,0.270857992199719,0.30298326461235,0.19564935519856
24766,0.0409355334694587,0.366438154653161,0.240336704600966,0.352289607276414
24767,0.105592906362071,0.131612557695783,0.145591289328819,0.617203246613326
24768,0.15274307839477,0.406465009558378,0.111579348759529,0.329212563287324
24769,0.170847733431437,0.160638573794034,0.58861133618305,0.0799023565914786
24770,0.144194811278137,0.165005130862538,0.0694281266977106,0.621371931161614
24771,0.13791930852776,0.100946953694147,0.424388504000962,0.336745233777131
24772,0.165968904171755,0.343426071027189,0.0747141595942048,0.415890865206852
24773,0.0858955325235489,0.378978565331317,0.409879940522715,0.12524596162242
24774,0.293173021768584,0.195863565660702,0.125466473854998,0.385496938715716
24775,0.1584065906515,0.504039584957207,0.0621914691938738,0.27536235519742
24776,0.657511785273245,0.0580825666935823,0.116571659780056,0.167833988253117
24777,0.211322263505912,0.344822970612983,0.237295996458526,0.206558769422579
24778,0.346390345880638,0.2010577150933,0.173754368655727,0.278797570370335
24779,0.070353920730349,0.306807072192763,0.227444490211925,0.395394516864963
24780,0.482818727850975,0.20464574114498,0.194243158246493,0.118292372757552
24781,0.0611443491505644,0.117742993158481,0.704225972452643,0.116886685238313
24782,0.469807880524395,0.0840897388001347,0.116729186021035,0.329373194654436
24783,0.0509632985425745,0.235055493749696,0.398310989466717,0.315670218241012
24784,0.236755771449461,0.114133089894593,0.19059088189555,0.458520256760396
24785,0.0994016563557906,0.236884212566179,0.177690947801484,0.486023183276547
24786,0.129896523035585,0.157666773622464,0.359194386409909,0.353242316932042
24787,0.209142328561127,0.215265253770704,0.209886045740017,0.365706371928153
24788,0.119526882470368,0.204705864926746,0.303175971473649,0.372591281129237
24789,0.304632962071878,0.246245735410137,0.129653009667714,0.319468292850272
24790,0.120836247167035,0.130876747746717,0.320371571379948,0.427915433706301
24791,0.211001599202715,0.0973466969867268,0.321760858892635,0.369890844917924
24792,0.20970185578303,0.142639168251131,0.196866579648158,0.450792396317681
24793,0.11309156419902,0.073906328883188,0.464171449134413,0.348830657783379
24794,0.0879600810468783,0.577179740044881,0.0822069045865368,0.252653274321704
24795,0.161172609607407,0.143897193090684,0.0749653456214414,0.619964851680468
24796,0.477784940378606,0.353993754721352,0.0998349070342549,0.0683863978657873
24797,0.207302520340815,0.441596011084134,0.225657291859372,0.125444176715679
24798,0.0516974725312234,0.129342125268159,0.63813367527323,0.180826726927387
24799,0.261012656150873,0.176247455161679,0.325728531491742,0.237011357195707
24800,0.0692335459416239,0.183517045975287,0.567285117422761,0.179964290660328
24801,0.487629920323705,0.184282296652866,0.259045255271448,0.069042527751981
24802,0.329028471152078,0.269448145772175,0.185018435309139,0.216504947766608
24803,0.0928857675427814,0.216179551085818,0.55859210587809,0.13234257549331
24804,0.512585177213251,0.176539215751801,0.168493213793786,0.142382393241162
24805,0.289004029849722,0.260096857721281,0.0792393638723854,0.371659748556612
24806,0.159938383444396,0.50349855006056,0.0761838680891675,0.260379198405876
24807,0.462582359572177,0.381620572068557,0.0511136219887306,0.104683446370535
24808,0.453279764217442,0.127175463758324,0.243293068233168,0.176251703791066
24809,0.620363382809372,0.0578260076854783,0.119976775509596,0.201833833995554
24810,0.156000071613287,0.29132198384134,0.225661068291682,0.327016876253692
24811,0.146118556103793,0.0742080550638992,0.651424227137322,0.128249161694986
24812,0.0948725468375733,0.0995495699138721,0.699825060875703,0.105752822372852
24813,0.278538965594505,0.0673447625474103,0.39236823556064,0.261748036297446
24814,0.230768759557465,0.441897123718723,0.0336940865202174,0.293640030203594
24815,0.343011493138317,0.265040640693205,0.258763254349296,0.133184611819182
24816,0.234000823664008,0.187818792644554,0.361922754261998,0.21625762942944
24817,0.25567170044724,0.335266443354785,0.182237699550336,0.226824156647639
24818,0.270516277083221,0.353629962945265,0.228119600944211,0.147734159027303
24819,0.23727335882471,0.239440133112025,0.331466191882965,0.191820316180299
24820,0.506704347128196,0.144230080329767,0.0734694475584382,0.275596124983599
24821,0.364513595088371,0.238823625380774,0.141921560250139,0.254741219280716
24822,0.134142615633046,0.49705419734293,0.105779037726129,0.263024149297894
24823,0.175771753234103,0.393259273062153,0.187745938963246,0.243223034740498
24824,0.192997825101272,0.0891107846278329,0.330354042043338,0.387537348227558
24825,0.373706620941665,0.2132388829396,0.130817149798639,0.282237346320096
24826,0.114105951496985,0.114485659489585,0.564146174289305,0.207262214724126
24827,0.228830774124667,0.452918550539125,0.119372919819967,0.19887775551624
24828,0.163963349209345,0.617583400786636,0.092679552868886,0.125773697135133
24829,0.170580146737668,0.161852693080038,0.127377293225309,0.540189866956985
24830,0.147587619526293,0.412904390238701,0.21868361594841,0.220824374286597
24831,0.0829637087841265,0.418199622209069,0.187544466266375,0.311292202740429
24832,0.155295826012058,0.213638741306683,0.219664798476403,0.411400634204855
24833,0.309591176997129,0.185678213932625,0.282891247445234,0.221839361625012
24834,0.1181759890524,0.0831986015056016,0.198408353629886,0.600217055812112
24835,0.17062300923223,0.191239903715727,0.194057876248468,0.444079210803574
24836,0.121062860760746,0.154386822903922,0.194205049733083,0.530345266602249
24837,0.527760933615307,0.0286010669662685,0.072956275105346,0.370681724313078
24838,0.0784645297064354,0.232037707906722,0.0752228269808493,0.614274935405993
24839,0.410222863183765,0.151636638697445,0.149244221342325,0.288896276776465
24840,0.385901084893244,0.181891638028693,0.205543033866235,0.226664243211829
24841,0.053154068468508,0.572258828430799,0.187346550614419,0.187240552486274
24842,0.09714589315008,0.214606185787216,0.106481347372599,0.581766573690105
24843,0.171127984995516,0.0566909842332789,0.321730563082096,0.45045046768911
24844,0.623861103037857,0.108052121832236,0.139414319298829,0.128672455831078
24845,0.479190225516582,0.0456395553720359,0.0342498346016411,0.440920384509742
24846,0.197961754694437,0.518555016309827,0.0218429378245488,0.261640291171188
24847,0.10696460469383,0.0752433832705579,0.3772080588665,0.440583953169112
24848,0.0739916299384564,0.165757048538108,0.109256217318237,0.650995104205198
24849,0.285771408386312,0.0795479181892038,0.0932396924051187,0.541440981019365
24850,0.0863264877729143,0.396328704809901,0.0337678518140759,0.483576955603109
24851,0.165292783763724,0.0591765247434141,0.150958814489503,0.624571877003359
24852,0.405861512834226,0.0654849547757441,0.0351614524862452,0.493492079903784
24853,0.311460741330334,0.126941029615932,0.275827872342987,0.285770356710747
24854,0.403570129421902,0.113308715208224,0.214355362717058,0.268765792652816
24855,0.154913811324935,0.183241284990543,0.326948876355773,0.334896027328749
24856,0.131297888436106,0.451504654777943,0.0920167118281245,0.325180744957827
24857,0.162729725694957,0.215504048700739,0.376628551414668,0.245137674189637
24858,0.145838095354964,0.447732953885672,0.198398870607707,0.208030080151658
24859,0.174353874314845,0.330469165953354,0.0845505082974863,0.410626451434314
24860,0.13848791111392,0.112945551006637,0.666624644962568,0.0819418929168749
24861,0.373648954154333,0.16008502220999,0.115988822572513,0.350277201063164
24862,0.0945983509120036,0.484127179050708,0.0846888727481777,0.336585597289111
24863,0.263963635587326,0.107177048333971,0.184618804688096,0.444240511390606
24864,0.109762475611751,0.131130430538684,0.397003025682949,0.362104068166616
24865,0.184364998464429,0.0485638152100808,0.377472005766215,0.389599180559275
24866,0.598678400715475,0.11090809387634,0.117636035928254,0.172777469479931
24867,0.353447925810009,0.112799907472601,0.173388459831508,0.360363706885883
24868,0.418468728290935,0.0817015243261578,0.130028604898488,0.369801142484419
24869,0.208872141361364,0.0819484418552954,0.231323395544504,0.477856021238837
24870,0.5421889683256,0.0839671279835848,0.116618190599245,0.25722571309157
24871,0.164341065724738,0.0540640400593919,0.310272573812907,0.471322320402963
24872,0.26480988111231,0.278901747922363,0.232088961719134,0.224199409246194
24873,0.41303581201845,0.422089622255481,0.0876268337661483,0.0772477319599212
24874,0.138359984880335,0.324662001828218,0.323547324034863,0.213430689256585
24875,0.32020956186586,0.233162283919395,0.22116894597323,0.225459208241515
24876,0.22341298485855,0.367945241422412,0.247977544763214,0.160664228955825
24877,0.207518287120664,0.324158128723325,0.312531476631868,0.155792107524143
24878,0.203786128412784,0.185896014975738,0.368412796752607,0.241905059858871
24879,0.360937806645279,0.214825747493411,0.206073492620736,0.218162953240574
24880,0.229690335045239,0.270068683483236,0.327064470485012,0.173176510986513
24881,0.36909005269024,0.178664344676577,0.230552871092574,0.221692731540608
24882,0.4906710456293,0.252149423241865,0.162411925668646,0.0947676054601895
24883,0.199671764481822,0.299146073953747,0.32532012017019,0.175862041394242
24884,0.288194986943976,0.32986304756848,0.240614056972125,0.141327908515419
24885,0.224332571433678,0.406284957944355,0.177022391989083,0.192360078632884
24886,0.129802944142528,0.221228534008383,0.435511446948509,0.213457074900579
24887,0.283839761457786,0.471837539426782,0.149479965610547,0.0948427335048855
24888,0.238599487553748,0.389019374073995,0.165213823865854,0.207167314506403
24889,0.14427543819567,0.346781704614708,0.400250624617679,0.108692232571943
24890,0.10813197259483,0.163979544486254,0.253426043971197,0.47446243894772
24891,0.276356400436298,0.13365122939622,0.0622653311346751,0.527727039032807
24892,0.263839278727719,0.0845251850515856,0.16209297108153,0.489542565139166
24893,0.197821606567789,0.197514326064291,0.162686504595324,0.441977562772596
24894,0.127016642406773,0.383152849210852,0.142969713636496,0.34686079474588
24895,0.0344487568635735,0.056450142031539,0.395650409493384,0.513450691611503
24896,0.0502025553677378,0.192924645882025,0.176058179004726,0.580814619745512
24897,0.134795844682026,0.0582644945043405,0.574471774197017,0.232467886616617
24898,0.262565929495537,0.108245108266641,0.202506862411887,0.426682099825935
24899,0.0158088230994779,0.212070257179595,0.531217208582852,0.240903711138075
24900,0.0475573768407766,0.138161354519054,0.262633882939824,0.551647385700346
24901,0.249812230952552,0.0475082678919384,0.236833624886107,0.465845876269403
24902,0.308560904184932,0.0784465688007001,0.138780778387085,0.474211748627283
24903,0.188916081380954,0.0958739178280827,0.126736771774022,0.588473229016941
24904,0.0758773027602526,0.254776594372094,0.020840680881208,0.648505421986445
24905,0.054989873699662,0.0713886820233661,0.707339158922037,0.166282285354935
24906,0.153884665098598,0.0342327104805735,0.265457929577411,0.546424694843417
24907,0.135937784667206,0.113946460372617,0.028930950281942,0.721184804678235
24908,0.0207608342028058,0.259380587855726,0.465017391978717,0.254841185962752
24909,0.0698456829606643,0.390374259984573,0.109021928965523,0.43075812808924
24910,0.248423617981378,0.232116658285786,0.387097518460857,0.132362205271979
24911,0.175762608204681,0.681415673982173,0.0676881312016823,0.0751335866114632
24912,0.0819969402241924,0.282293141765457,0.375311148660517,0.260398769349834
24913,0.115405950126631,0.604409023686651,0.153845914363772,0.126339111822947
24914,0.279211402983863,0.264564578737506,0.305256368204191,0.150967650074439
24915,0.0659377825419867,0.43439489438106,0.310370532420161,0.189296790656792
24916,0.514227348661419,0.17214581675716,0.145524374706525,0.168102459874897
24917,0.101147125893222,0.0796072541544886,0.574068263851182,0.245177356101108
24918,0.184750132882798,0.0638671054089245,0.248947876031728,0.502434885676549
24919,0.0891345658065767,0.42409510068353,0.331245587853748,0.155524745656146
24920,0.0591413471047357,0.484322215617821,0.385622869907513,0.0709135673699297
24921,0.657614731519856,0.188861016575743,0.0643012109645567,0.0892230409398446
24922,0.590398743484791,0.12922333348924,0.127148518433742,0.153229404592227
24923,0.177708044399223,0.122687053663996,0.580828253550548,0.118776648386233
24924,0.145851067954031,0.24000259947513,0.419658516266816,0.194487816304023
24925,0.164745157741988,0.645274307605431,0.110118120737479,0.0798624139151021
24926,0.258627692956386,0.1305294852501,0.478204206734648,0.132638615058866
24927,0.173590460443041,0.42699192874687,0.0735146337231674,0.325902977086921
24928,0.0661641604061189,0.32846550531937,0.364800616586928,0.240569717687583
24929,0.229876269755244,0.282925858543855,0.377825853157736,0.109372018543165
24930,0.414335490570585,0.285494600392673,0.240255895273711,0.0599140137630311
24931,0.271008075738167,0.306439148861055,0.291409506830853,0.131143268569926
24932,0.151319992817999,0.2756285942825,0.483650089705402,0.0894013231940982
24933,0.244294662954648,0.472678973606092,0.15591351753893,0.12711284590033
24934,0.415376454376292,0.2655153571958,0.175255371425041,0.143852817002867
24935,0.242731564506882,0.258948343218816,0.359661922955018,0.138658169319285
24936,0.330619008853239,0.315336071394798,0.220267057449111,0.133777862302851
24937,0.217787320533631,0.481554130531027,0.246992944139608,0.053665604795734
24938,0.476514488848849,0.219102289663576,0.207598882686476,0.0967843388010983
24939,0.249840687053034,0.252072844074079,0.4110229911063,0.0870634777665871
24940,0.251446799677488,0.450012242140646,0.183646949360521,0.114894008821345
24941,0.285798753060111,0.333297672643207,0.241496374981539,0.139407199315144
24942,0.423403435202624,0.0821165836121272,0.409517805708725,0.0849621754765235
24943,0.267207293437355,0.104446396625675,0.258215961540339,0.370130348396631
24944,0.398274033787965,0.425273153851866,0.0828699128589087,0.0935828995012612
24945,0.13447961979738,0.150195806525778,0.316460948276899,0.398863625399943
24946,0.0868684307717812,0.27926976286614,0.181493667878742,0.452368138483336
24947,0.332544617633791,0.237527957035228,0.224636194790839,0.205291230540142
24948,0.335748428817232,0.250608236463082,0.357137710861985,0.0565056238577017
24949,0.360291518603223,0.376287955406348,0.21899646942066,0.0444240565697696
24950,0.145569824824776,0.238928005119042,0.473356307959264,0.142145862096918
24951,0.153168179097644,0.507336800741649,0.189054361155107,0.150440659005601
24952,0.308857354139317,0.408798491814357,0.150136920622973,0.132207233423354
24953,0.268232180086832,0.224254493632766,0.381556602733575,0.125956723546827
24954,0.105098058412013,0.562643745804644,0.238434682589256,0.0938235131940866
24955,0.370694723166934,0.384968182996846,0.116697464236489,0.127639629599731
24956,0.171908969188085,0.427301653535972,0.262182436605326,0.138606940670617
24957,0.226129452506848,0.52845263450256,0.111978396175089,0.133439516815504
24958,0.113209908258113,0.589461624873291,0.230710087435441,0.0666183794331548
24959,0.121921041743782,0.368813274897365,0.316311515832944,0.192954167525909
24960,0.234384184144503,0.31341225307789,0.248202979295673,0.204000583481934
24961,0.299144612596709,0.262378329388134,0.335051347593466,0.103425710421692
24962,0.0614063036371249,0.516387510404887,0.263192224573859,0.159013961384129
24963,0.181963938561401,0.435997565046813,0.154784984699114,0.227253511692673
24964,0.133717882092747,0.267177368024668,0.437512759996091,0.161591989886493
24965,0.198103841954697,0.597031706870649,0.131929496214848,0.0729349549598071
24966,0.173355509617092,0.408325890264549,0.319978979336907,0.0983396207814523
24967,0.277974411811526,0.145330033255782,0.440080604302609,0.136614950630083
24968,0.201755056298636,0.445679450583036,0.167581264755659,0.184984228362669
24969,0.307522691380942,0.410609766253926,0.0624930288460508,0.219374513519081
24970,0.368655703871197,0.226312484443394,0.152604298099022,0.252427513586387
24971,0.258701269431741,0.502295796687853,0.0942513075325538,0.144751626347853
24972,0.0953721561856181,0.46691316091407,0.146710807982149,0.291003874918163
24973,0.185269070078381,0.683877204607503,0.0811205665581541,0.0497331587559619
24974,0.244051952245826,0.31333410304791,0.220044119826818,0.222569824879446
24975,0.166902542093165,0.426382202498218,0.242004650484506,0.164710604924112
24976,0.223202089706192,0.172042883916061,0.470226311728465,0.134528714649282
24977,0.377338306610754,0.245457911579941,0.11258018371101,0.264623598098296
24978,0.16346757932663,0.453456918354123,0.16452518499184,0.218550317327407
24979,0.329919348221376,0.264998313034875,0.278277371778777,0.126804966964972
24980,0.108285445990604,0.3433461516216,0.363078461076992,0.185289941310804
24981,0.174580886139088,0.121661812223107,0.358629000075387,0.345128301562418
24982,0.186760122458855,0.442347719265033,0.226509423436622,0.14438273483949
24983,0.645474163515564,0.188483824116145,0.0524475419033341,0.113594470464957
24984,0.0647616539781093,0.41656639800069,0.201656946219635,0.317015001801566
24985,0.100771471126064,0.3960325679206,0.27902928692196,0.224166674031376
24986,0.355785674926302,0.146145788738609,0.239579711092017,0.258488825243072
24987,0.0713039247006828,0.538954510198494,0.298833460005489,0.0909081050953342
24988,0.253946216343983,0.246579324652173,0.183740693202488,0.315733765801356
24989,0.287735029162636,0.298789551320737,0.32129024229349,0.0921851772231363
24990,0.106933524686262,0.570769753527777,0.163066135200228,0.159230586585734
24991,0.285613523224288,0.0622270090250921,0.480739449382711,0.171420018367909
24992,0.168557323824274,0.160932782924027,0.567346116889675,0.103163776362024
24993,0.600284907828079,0.142461094743943,0.155817531627181,0.101436465800797
24994,0.509412223832762,0.173850718075468,0.144239793469259,0.172497264622511
24995,0.525612183387208,0.178644994191542,0.158343452340579,0.137399370080671
24996,0.239190570192699,0.234018102904708,0.16037152525934,0.366419801643253
24997,0.301871591192429,0.39818082725227,0.100032747509343,0.199914834045958
24998,0.156768426675664,0.101736215274926,0.484769968717602,0.256725389331808
24999,0.159793241221982,0.442023494669036,0.0810995328310415,0.317083731277941
25000,0.165792960430826,0.1337043816709,0.392473130712873,0.3080295271854
25001,0.194213611579031,0.508537181303659,0.0957065906184181,0.201542616498891
25002,0.138781313274241,0.0777244179460582,0.597261777789674,0.186232490990027
25003,0.176263901194472,0.148044194218101,0.334964974916142,0.340726929671285
25004,0.0430349093987244,0.0925127620187597,0.696774826514328,0.167677502068188
25005,0.248490611788306,0.346115900507267,0.245181439020149,0.160212048684278
25006,0.444873270156634,0.265154722086981,0.176043869762591,0.113928137993794
25007,0.340527454504197,0.394159913933284,0.101079062866978,0.16423356869554
25008,0.175659114538922,0.109205844197132,0.540989278184205,0.174145763079742
25009,0.407551199998673,0.0839486133621946,0.297651728181817,0.210848458457316
25010,0.346787976654153,0.0615647267451783,0.409890231954618,0.181757064646052
25011,0.128485391578359,0.734273044253793,0.0740532988115036,0.0631882653563446
25012,0.0457203173881835,0.411964495242289,0.197847512288441,0.344467675081086
25013,0.37662996462471,0.0694545417601948,0.265370049457342,0.288545444157753
25014,0.0976538597566596,0.219952021853197,0.596415471430762,0.0859786469593822
25015,0.327979443884578,0.268241099119642,0.171043797792499,0.232735659203282
25016,0.149542391350055,0.300256942247526,0.0915879443828193,0.4586127220196
25017,0.121862456732304,0.225611927393148,0.568134470251368,0.0843911456231791
25018,0.616784523783977,0.182817364996774,0.107020299512728,0.0933778117065205
25019,0.18478685657323,0.542155484357053,0.136710787811821,0.136346871257896
25020,0.178631704011636,0.179901542761864,0.148136208852927,0.493330544373573
25021,0.168033101038295,0.070855270849973,0.386556976670082,0.37455465144165
25022,0.0680913724422745,0.252542801232998,0.287859275006911,0.391506551317817
25023,0.171374867336874,0.203144984455403,0.519892148460663,0.10558799974706
25024,0.430825623362698,0.137932321516127,0.272239352066028,0.159002703055147
25025,0.385489813708148,0.242905675280291,0.179456237485294,0.192148273526267
25026,0.313281380151727,0.429847830328119,0.142391853985747,0.114478935534407
25027,0.0793697584909143,0.364698874924462,0.313101292619587,0.242830073965037
25028,0.544312301678927,0.0994211201704564,0.274170622310903,0.0820959558397137
25029,0.112454796062937,0.203473853815247,0.558282268464717,0.125789081657099
25030,0.18709692086821,0.059149140175377,0.558129862764781,0.195624076191631
25031,0.151791123307245,0.0603470383189517,0.528236882013671,0.259624956360132
25032,0.14119728555781,0.0478112579096339,0.683316930886444,0.127674525646113
25033,0.292874110495552,0.16945519174901,0.341118755410229,0.196551942345209
25034,0.161286228730904,0.519846292800866,0.108735674892551,0.210131803575678
25035,0.310537781217546,0.134512502466634,0.248617976144175,0.306331740171646
25036,0.112398145850331,0.215240950501022,0.24317999491,0.429180908738647
25037,0.21531705423803,0.475888979576288,0.0934023267826152,0.215391639403066
25038,0.310146206351933,0.297871111802974,0.172015546278969,0.219967135566124
25039,0.09921288475041,0.324226761058222,0.292901690393716,0.283658663797652
25040,0.228688155021981,0.325680136112892,0.32777381737327,0.117857891491857
25041,0.171516838510971,0.579700118086612,0.0534668665389866,0.19531617686343
25042,0.154185405334149,0.155857302780306,0.381334683719931,0.308622608165614
25043,0.1426210863143,0.458775124244505,0.152184050470269,0.246419738970927
25044,0.352090538171875,0.128223604444749,0.363797019804123,0.155888837579253
25045,0.0867618888472287,0.223891263485211,0.55170802805708,0.137638819610481
25046,0.085623426984493,0.777723218120416,0.0344822314323165,0.102171123462774
25047,0.340690535779065,0.217133988021292,0.267747813026424,0.174427663173219
25048,0.0696600464634505,0.42792155412215,0.249489244760797,0.252929154653603
25049,0.0678379792520958,0.368189920600594,0.516590511556275,0.0473815885910354
25050,0.317629497969153,0.420423124046908,0.0897806050671284,0.172166772916811
25051,0.117250762777013,0.354688517181904,0.346006213809356,0.182054506231727
25052,0.13689717331117,0.531443476512802,0.0987406335081551,0.232918716667873
25053,0.129803826010082,0.201206553688211,0.248902671276221,0.420086949025486
25054,0.0388434994334997,0.652027636009919,0.159880399368256,0.149248465188325
25055,0.0861068665392199,0.673723023666177,0.0719275342801297,0.168242575514474
25056,0.164949721527541,0.0818234606009955,0.182451634761054,0.57077518311041
25057,0.143719037417695,0.632256109398873,0.11064905093204,0.113375802251392
25058,0.533712452306872,0.191296878683289,0.132552903075177,0.142437765934662
25059,0.27498990048595,0.0395744209188459,0.159611583359371,0.525824095235834
25060,0.131041601240661,0.340013449577249,0.268899126331486,0.260045822850604
25061,0.0387521383316256,0.404490332136424,0.205536901366659,0.351220628165291
25062,0.221501711836013,0.413864259849831,0.0592012707310519,0.305432757583105
25063,0.0302469727417649,0.324270912673843,0.228519958797559,0.416962155786833
25064,0.227486061903381,0.349032415868325,0.0392708409230163,0.384210681305278
25065,0.150487689276827,0.466643640268066,0.0634256320977433,0.319443038357364
25066,0.261510850438708,0.0451826448759899,0.19078222953766,0.502524275147643
25067,0.118932146451339,0.0343435924130974,0.239153307335522,0.607570953800042
25068,0.0445203891870813,0.11460593392439,0.29816809429684,0.542705582591688
25069,0.0498796684189504,0.271438830421055,0.335184199596162,0.343497301563833
25070,0.0713938188922863,0.092677355894924,0.0911715748048162,0.744757250407973
25071,0.119523015074221,0.515491240639676,0.0659157993332613,0.299069944952842
25072,0.0659925199720305,0.670451037022825,0.0469002603752617,0.216656182629883
25073,0.0622704806018701,0.446668345864188,0.0167292426848522,0.47433193084909
25074,0.0751830629935275,0.539675747498042,0.0872442140960903,0.297896975412341
25075,0.152351817103106,0.0334321182169207,0.323457407705766,0.490758656974207
25076,0.0375971036632215,0.0689536861720664,0.196966912221548,0.696482297943164
25077,0.0206311038222872,0.133992602525253,0.446665926403398,0.398710367249062
25078,0.435767512890173,0.0307682632913867,0.170038244047315,0.363425979771125
25079,0.107381456059798,0.0339498766535063,0.337925052622295,0.520743614664401
25080,0.513892186888829,0.0677990343513616,0.0368642263507967,0.381444552409013
25081,0.441608390438097,0.10319439652586,0.20427016202822,0.250927051007823
25082,0.119197632804458,0.403258871120782,0.258543271031497,0.219000225043263
25083,0.119303133344468,0.340701002053179,0.235949743938861,0.304046120663493
25084,0.411430524380636,0.179061828929833,0.30969347097753,0.0998141757120008
25085,0.258961431592636,0.513709915465122,0.133566803117885,0.0937618498243565
25086,0.560655325613022,0.0971088531845907,0.228315478690546,0.113920342511841
25087,0.136099688316227,0.367662652693955,0.377609738438513,0.118627920551305
25088,0.428738189125112,0.189606181406116,0.286456203012974,0.0951994264557989
25089,0.117682011155144,0.105508810429598,0.60603228357016,0.170776894845098
25090,0.445444572049216,0.240891512540423,0.169834196678144,0.143829718732217
25091,0.30279227323054,0.115882617417656,0.292157423986158,0.289167685365646
25092,0.177287210177577,0.168650896710467,0.0618571929868588,0.592204700125097
25093,0.425957324644083,0.0769982563754257,0.21406762633375,0.282976792646742
25094,0.109371117302696,0.177859134487478,0.646744638110514,0.0660251100993124
25095,0.0828517375654571,0.429802652639398,0.336276617946984,0.151068991848161
25096,0.0552204419897112,0.141966901971859,0.162043297709842,0.640769358328588
25097,0.0823165018727293,0.164253944089873,0.57807081833111,0.175358735706288
25098,0.236128527566968,0.11658000396942,0.171009127650865,0.476282340812747
25099,0.0511845750974798,0.280986399933729,0.474823531045936,0.193005493922854
25100,0.167165070838626,0.283819516784201,0.46320118505403,0.0858142273231434
25101,0.396232203898131,0.109446807359194,0.390721600360162,0.103599388382513
25102,0.393825682773598,0.262697627422104,0.150081933000022,0.193394756804275
25103,0.294637076775444,0.416822865847886,0.210332352858458,0.0782077045182126
25104,0.114560617401233,0.332974375819797,0.486767983656729,0.0656970231222408
25105,0.18210123438888,0.27655789773115,0.425176556513768,0.116164311366202
25106,0.354468182543669,0.28982695240035,0.27697395771071,0.078730907345271
25107,0.127995578421144,0.516251564473638,0.143590064788372,0.212162792316847
25108,0.227309817681478,0.439752251576497,0.238933189198952,0.0940047415430733
25109,0.278317522531253,0.451053342082295,0.154002450460481,0.116626684925971
25110,0.218515741746103,0.160242255688408,0.188671049912323,0.432570952653166
25111,0.204741587727159,0.13522358527452,0.244875714005708,0.415159112992613
25112,0.137830309220545,0.174582287985788,0.50467136974512,0.182916033048548
25113,0.438634104272194,0.299037174067717,0.151284165444709,0.11104455621538
25114,0.298231324901969,0.216488583442612,0.350178156784308,0.13510193487111
25115,0.0975293072913689,0.284901435265576,0.423533544167086,0.194035713275969
25116,0.289308730812606,0.370572883339556,0.193768876087315,0.146349509760524
25117,0.600684716484724,0.264269338019446,0.078238480650721,0.0568074648451094
25118,0.430976751888881,0.15280714563472,0.242162407777224,0.174053694699175
25119,0.072225007558204,0.39755767809511,0.374427019739652,0.155790294607034
25120,0.372028361272374,0.237812371473199,0.0728508126911235,0.317308454563303
25121,0.416930419151411,0.150882421782838,0.197454906787319,0.234732252278433
25122,0.402173135328342,0.305816543184915,0.176384046116778,0.115626275369964
25123,0.445272704528448,0.107936704482233,0.367694385385544,0.0790962056037745
25124,0.0947545288320758,0.129382966173218,0.625746410080193,0.150116094914514
25125,0.73466386625113,0.153180221224312,0.0426658260852989,0.0694900864392595
25126,0.064123618814015,0.439796145389947,0.297605542572491,0.198474693223547
25127,0.291061290008839,0.15002279869276,0.168268232369703,0.390647678928699
25128,0.235335215727045,0.126794817079616,0.146266642883494,0.491603324309846
25129,0.270302908344004,0.188690364568704,0.489404258965167,0.0516024681221263
25130,0.163628611370546,0.134372938864366,0.12058605124862,0.581412398516468
25131,0.212537421698707,0.354058208815344,0.0292262244134486,0.404178145072501
25132,0.419462430162031,0.20563542275611,0.129530194809073,0.245371952272785
25133,0.73447058882263,0.0479752589875256,0.130641416711302,0.0869127354785419
25134,0.252170414690528,0.288169632740362,0.0654612493271432,0.394198703241967
25135,0.0246058950220488,0.658925386128655,0.0343914833423628,0.282077235506934
25136,0.230527727020431,0.278519701040288,0.303273482476205,0.187679089463076
25137,0.077654147354775,0.488857968637286,0.0873445338059281,0.346143350202011
25138,0.120711541010291,0.388651837496312,0.17882126598416,0.311815355509236
25139,0.175047815707035,0.308150033205202,0.174140394171067,0.342661756916696
25140,0.0906680892227517,0.0754584433777167,0.424636576967554,0.409236890431978
25141,0.226409238831432,0.438526086101081,0.141420497736187,0.193644177331301
25142,0.206606449527431,0.353534869796557,0.0668012557381304,0.373057424937881
25143,0.128669724692081,0.233177135455628,0.0951520622302062,0.543001077622085
25144,0.173367471629571,0.288291051270021,0.080455539548261,0.457885937552148
25145,0.29113861255689,0.160310478775494,0.0973452622078357,0.45120564645978
25146,0.256054393042571,0.496892606202408,0.0632071541084146,0.183845846646606
25147,0.203509105339212,0.11195659700082,0.376637852097814,0.307896445562155
25148,0.256387974444708,0.290931682215509,0.0396905949643014,0.412989748375482
25149,0.110021960346883,0.600790295594787,0.127195976916165,0.161991767142165
25150,0.0914270029454414,0.113198938628041,0.489743764604942,0.305630293821576
25151,0.0283003169359099,0.475337089182954,0.154358572795682,0.342004021085454
25152,0.406141488519418,0.076951994793005,0.0811435244617231,0.435762992225854
25153,0.335011080193885,0.50868495934644,0.08766289392415,0.0686410665355252
25154,0.207780130639572,0.129679522696846,0.40992406217666,0.252616284486922
25155,0.0626583367496058,0.609742355902949,0.0277079459521328,0.299891361395312
25156,0.108865380038269,0.701303894676902,0.0760932269542774,0.113737498330552
25157,0.279207468196656,0.455278619293951,0.154157141775831,0.111356770733563
25158,0.37321808060674,0.430659525070342,0.116422380752433,0.0797000135704846
25159,0.177113686884468,0.44316716046795,0.187443402287471,0.19227575036011
25160,0.314802863183501,0.293878708316826,0.26139812627323,0.129920302226443
25161,0.353860126558752,0.132567812313102,0.224636858587618,0.288935202540528
25162,0.378707213262175,0.255735992398543,0.0769927184341721,0.28856407590511
25163,0.153780581075048,0.209956524366302,0.498275069547312,0.137987825011338
25164,0.522959301553361,0.295729583869323,0.0933915421750601,0.0879195724022561
25165,0.188432396391431,0.153484018700147,0.189891662690706,0.468191922217716
25166,0.202929270782193,0.206078304594438,0.375611286953161,0.215381137670208
25167,0.284789472649233,0.363676707206845,0.185731914592756,0.165801905551167
25168,0.220047595705213,0.419126485586917,0.0415922198346073,0.319233698873263
25169,0.264562777194513,0.238969916464267,0.0939020048014505,0.402565301539769
25170,0.408156180123298,0.389302954370306,0.0797160714822341,0.122824794024161
25171,0.484700685871261,0.173233600772159,0.20036987631676,0.14169583703982
25172,0.210424028932562,0.445607230427135,0.166626383907992,0.177342356732312
25173,0.445232994080433,0.0592753497804913,0.187043917631577,0.308447738507499
25174,0.475672262902562,0.0939333981483244,0.194586053294382,0.235808285654732
25175,0.579654745955175,0.160873774381917,0.060086834569596,0.199384645093312
25176,0.157982808791595,0.217474817248193,0.468725732889602,0.155816641070611
25177,0.27261158905865,0.278380578675844,0.204660756610036,0.244347075655471
25178,0.233326998698458,0.321231509391308,0.306192328411737,0.139249163498497
25179,0.592765653567354,0.133147693978232,0.220607949211258,0.0534787032431555
25180,0.337137146416309,0.0967317810713664,0.371158045612426,0.194973026899899
25181,0.105931722880957,0.104585858683503,0.704896868862562,0.0845855495729784
25182,0.270549435024317,0.266352345830286,0.160786093687102,0.302312125458295
25183,0.235454234050109,0.360120187357537,0.221457351203139,0.182968227389216
25184,0.163365257674695,0.200976319611976,0.418265924499401,0.217392498213928
25185,0.305430664336805,0.201191587717382,0.272302615854494,0.22107513209132
25186,0.226248989164888,0.58006149246538,0.0518141214992547,0.141875396870477
25187,0.233121738551211,0.267538424189824,0.152065905849214,0.347273931409752
25188,0.129924045576795,0.119683841772109,0.507347451257214,0.243044661393882
25189,0.401859490904733,0.202696972798587,0.183999088348713,0.211444447947968
25190,0.276086183716637,0.43925405426391,0.0411333804351903,0.243526381584263
25191,0.103355310949017,0.527555949672356,0.162768872914865,0.206319866463762
25192,0.120678857769661,0.290742054992469,0.258277085513063,0.330302001724807
25193,0.297688160050221,0.375904297101999,0.0815908300751389,0.244816712772641
25194,0.225031719830544,0.336524644432135,0.263792215568182,0.174651420169139
25195,0.112890904772036,0.230611321281425,0.389117981438649,0.26737979250789
25196,0.0846966807580397,0.317031877393897,0.218992588058971,0.379278853789092
25197,0.0961911504173166,0.575971770289241,0.110024471326526,0.217812607966917
25198,0.186528499012428,0.400745816062566,0.0795815531968813,0.333144131728124
25199,0.265314390593702,0.112304593482583,0.421005593428146,0.201375422495568
25200,0.119724320505476,0.456964564580238,0.0820968088797627,0.341214306034523
25201,0.172967746522889,0.134809241887346,0.22235203364423,0.469870977945535
25202,0.197075917646438,0.130408000252184,0.377251278427884,0.295264803673494
25203,0.410089007495127,0.33201622972703,0.159663845015247,0.0982309177625967
25204,0.0971370905162999,0.0999145997762276,0.48940463388922,0.313543675818252
25205,0.111685016961181,0.266805058898965,0.186519161877488,0.434990762262366
25206,0.158030843900647,0.421907880250607,0.171180109187246,0.2488811666615
25207,0.0828627044110344,0.138514717532121,0.159001335090972,0.619621242965872
25208,0.261670198571197,0.242151770391789,0.267231033868807,0.228946997168207
25209,0.148679186190502,0.0486784400201448,0.437616623703415,0.365025750085938
25210,0.206241508778254,0.106126267212437,0.526160338594951,0.161471885414358
25211,0.0656283004758129,0.2385942394703,0.423104166641866,0.272673293412021
25212,0.341256881526627,0.151795626753005,0.171075273357449,0.335872218362919
25213,0.105428082168706,0.126667744471254,0.502300257679115,0.265603915680925
25214,0.196925443761566,0.164990884601917,0.408841649771691,0.229242021864826
25215,0.334081018239259,0.240255813396341,0.262730350199821,0.16293281816458
25216,0.290672970710621,0.315871079318458,0.203564436808415,0.189891513162506
25217,0.437950460563118,0.278950777467685,0.221017943833213,0.0620808181359848
25218,0.339113764975684,0.323096656780595,0.128095999318473,0.209693578925247
25219,0.262446587809536,0.434882960242825,0.0968995536916597,0.205770898255979
25220,0.254879177470845,0.153961255245464,0.349372536484395,0.241787030799295
25221,0.137140061253592,0.54959371910217,0.189620463942926,0.123645755701311
25222,0.136178465671729,0.369252459162689,0.378493644729277,0.116075430436306
25223,0.17952814578506,0.336230785745594,0.177958867932391,0.306282200536954
25224,0.0896792968565347,0.665627422405589,0.097548957531481,0.147144323206395
25225,0.323030029244325,0.0907892146564108,0.283366747208036,0.302814008891228
25226,0.606794015804073,0.127165891990778,0.198759343121611,0.067280749083539
25227,0.0808430144845785,0.597411245775124,0.205834080893107,0.11591165884719
25228,0.136130009268025,0.135733897104048,0.470721547508348,0.257414546119579
25229,0.0891288793969757,0.17945790788597,0.458852348117877,0.272560864599178
25230,0.123251296529996,0.200498278375859,0.537279783353512,0.138970641740633
25231,0.0763950808347192,0.508285660078589,0.175724683036254,0.239594576050438
25232,0.210021472863021,0.368457085987565,0.105857183295006,0.315664257854408
25233,0.336678359204552,0.336810008402475,0.226969487658745,0.0995421447342272
25234,0.149918768096317,0.514205961321339,0.26922537284342,0.0666498977389247
25235,0.523713675261369,0.250235066402302,0.152238068753253,0.0738131895830754
25236,0.236633620842038,0.352306528849391,0.326201220304984,0.0848586300035873
25237,0.22101741131255,0.42743531027375,0.287058530229728,0.0644887481839721
25238,0.409573152821125,0.230623166646442,0.218653867530311,0.141149813002121
25239,0.23449811527985,0.380024030046926,0.257738502067908,0.127739352605316
25240,0.251233439106136,0.29443013070116,0.387214800440437,0.067121629752267
25241,0.4395911554675,0.362491515083155,0.153904487770738,0.0440128416786073
25242,0.256116020684055,0.285036276825607,0.34570034501099,0.113147357479348
25243,0.303306308054846,0.304475576759559,0.303094880032178,0.0891232351534166
25244,0.215762210632471,0.378300555026069,0.277592501506341,0.128344732835118
25245,0.218756130740636,0.333353190368062,0.399579736102032,0.0483109427892697
25246,0.270834732310613,0.313984814832641,0.334497560317678,0.0806828925390684
25247,0.131422765699087,0.301483957058532,0.399590512782161,0.16750276446022
25248,0.136188073989826,0.330909097061358,0.280212340736655,0.252690488212162
25249,0.207843495453828,0.447790240676888,0.294431843994643,0.0499344198746406
25250,0.302058935927407,0.285175315332071,0.29158045442474,0.121185294315782
25251,0.161800404516987,0.22011613771788,0.370100112629795,0.247983345135338
25252,0.562613054921239,0.181149037796284,0.142952128057346,0.113285779225131
25253,0.271973037340823,0.254522226418144,0.148053130421497,0.325451605819536
25254,0.351438175884855,0.215749581948379,0.0454154921081253,0.387396750058641
25255,0.446503776098195,0.259593496003486,0.0583742463327887,0.235528481565531
25256,0.146921990793038,0.675263616383907,0.108010661379835,0.06980373144322
25257,0.120039647426819,0.323907008807098,0.332904904609372,0.223148439156712
25258,0.389101613228245,0.148968592661093,0.128200420893669,0.333729373216993
25259,0.215805171784442,0.398794754232188,0.19845231484976,0.18694775913361
25260,0.0790149924779539,0.482901125906022,0.167530575081617,0.270553306534407
25261,0.462037379716284,0.18712108825575,0.233151488588282,0.117690043439684
25262,0.236485757428599,0.256329888735776,0.0813442309102735,0.425840122925352
25263,0.346192341844658,0.180668631278295,0.216885345455316,0.256253681421732
25264,0.140620305486296,0.141731107304682,0.286541977815002,0.431106609394021
25265,0.584380807244943,0.289280978191741,0.0525110244936715,0.0738271900696446
25266,0.14561797095329,0.477636973642423,0.215321047884062,0.161424007520225
25267,0.0742990131484536,0.231011707608332,0.44042840124177,0.254260878001444
25268,0.168630801320359,0.255317816177883,0.466013465065731,0.110037917436027
25269,0.132592759201306,0.196138653755094,0.121682511486864,0.549586075556736
25270,0.378484835904872,0.161964646705031,0.152506167834992,0.307044349555104
25271,0.104357217692277,0.243828571781799,0.549317558449706,0.102496652076218
25272,0.130769259657393,0.308314213231309,0.301949222205824,0.258967304905474
25273,0.298973581459122,0.202248592143778,0.256693215306385,0.242084611090716
25274,0.262452024903465,0.194899905791636,0.269163667022051,0.273484402282848
25275,0.428130922308026,0.311601843073777,0.174442459746129,0.0858247748720679
25276,0.337976718261282,0.354916227497759,0.186381543905126,0.120725510335833
25277,0.193737068473514,0.12741349268144,0.442562379226245,0.2362870596188
25278,0.393739942870437,0.319857488783569,0.129961894615224,0.156440673730771
25279,0.478056235194119,0.154174065275581,0.0472947931485687,0.320474906381731
25280,0.199941815389032,0.131647083730256,0.585123015276751,0.0832880856039615
25281,0.247287233118831,0.096858079593507,0.550016676745884,0.105838010541778
25282,0.424081420682715,0.124027421485751,0.208425324753537,0.243465833077997
25283,0.218088521631714,0.125641626576967,0.344029830298019,0.3122400214933
25284,0.186112630655345,0.515022045309954,0.174326711619928,0.124538612414773
25285,0.454279499943238,0.194848476282834,0.142485490920423,0.208386532853506
25286,0.433593375652556,0.175441139317166,0.192482138533666,0.198483346496612
25287,0.111676341076965,0.598768807962775,0.196086539334994,0.0934683116252667
25288,0.0900588084181243,0.12394397570551,0.245967257722649,0.540029958153716
25289,0.0621473203713606,0.365684624809693,0.241075036941902,0.331093017877045
25290,0.240538758875848,0.313427225753101,0.127959197387693,0.318074817983358
25291,0.399805716690306,0.172135470980523,0.105417676298027,0.322641136031144
25292,0.127161768092888,0.0780850099169408,0.278647592904279,0.516105629085892
25293,0.0717705703909912,0.261242285524772,0.217810483654406,0.449176660429831
25294,0.116251726417119,0.436658872728022,0.0500015721016458,0.397087828753213
25295,0.124858143117587,0.106331273707766,0.327975173238323,0.440835409936325
25296,0.0950270771159663,0.709439489809439,0.0546254200473418,0.140908013027253
25297,0.0548315361526314,0.567970325901332,0.106570660774791,0.270627477171246
25298,0.684761764075834,0.0738673680667201,0.036555707117672,0.204815160739774
25299,0.546005203586603,0.0805404644159528,0.221474349605947,0.151979982391497
25300,0.202229939386347,0.499312654049553,0.0385611395226026,0.259896267041497
25301,0.464219357621254,0.0511140553061833,0.11418887207852,0.370477714994042
25302,0.462001539785482,0.0724069506581326,0.116537266793083,0.349054242763302
25303,0.0885364034672438,0.596891606048107,0.117664206449707,0.196907784034942
25304,0.0353212230086421,0.0784275413559923,0.591070549403377,0.295180686231988
25305,0.677415530362359,0.0848698065897616,0.058004983647528,0.179709679400351
25306,0.141082441677057,0.358559708998004,0.0436393627580451,0.456718486566894
25307,0.0641064360855921,0.241052196686727,0.0721950588454471,0.622646308382234
25308,0.0975765263862255,0.66366329671731,0.0336761520429862,0.205084024853479
25309,0.153166711704154,0.269634417530979,0.402527520651377,0.174671350113491
25310,0.310749409582461,0.430711795614801,0.0806687956331591,0.177869999169578
25311,0.26020702891504,0.418069831134956,0.222351270371589,0.0993718695784145
25312,0.26789031613872,0.216679592596193,0.417546827149252,0.0978832641158342
25313,0.232258044469197,0.298826032977556,0.288194911019035,0.180721011534212
25314,0.35240993663627,0.297204692954485,0.121468418970738,0.228916951438508
25315,0.361037533879476,0.294693228363174,0.272809160195405,0.0714600775619447
25316,0.294567871611611,0.25017453792124,0.195199312250487,0.260058278216663
25317,0.322918138348125,0.186797196400954,0.315746076513803,0.174538588737117
25318,0.37584716055889,0.276404384136571,0.21828210998839,0.12946634531615
25319,0.431888092778884,0.375308454235005,0.0924787759177014,0.10032467706841
25320,0.174992198521764,0.124310685385165,0.520943949576075,0.179753166516995
25321,0.107248439744509,0.309696362995484,0.390937881224291,0.192117316035716
25322,0.338870461316275,0.240488228630023,0.316426694050982,0.10421461600272
25323,0.353811136938954,0.129712817631596,0.34776277216141,0.168713273268041
25324,0.31165595553912,0.30742204886582,0.176838855558944,0.204083140036116
25325,0.283203660032767,0.478973905939813,0.0514466028823227,0.186375831145098
25326,0.198384657743056,0.116410386571292,0.301178942314857,0.384026013370795
25327,0.128631791361736,0.401548528966434,0.174182273488141,0.295637406183689
25328,0.152567824454108,0.0682785715486437,0.589944904695783,0.189208699301465
25329,0.243276794770451,0.0633999393016145,0.190656441415218,0.502666824512717
25330,0.0586238799068514,0.185943809233345,0.480973155567331,0.274459155292473
25331,0.168340288966778,0.441843742447905,0.0314266908261357,0.358389277759181
25332,0.220205309837159,0.264464522982199,0.0505368229273042,0.464793344253337
25333,0.077828678862492,0.370784686919675,0.0664754649694254,0.484911169248408
25334,0.311157143699302,0.401949016813477,0.0190552731317693,0.267838566355453
25335,0.0443099515647484,0.253227412854943,0.226462561897781,0.476000073682528
25336,0.0449790705707435,0.239894855484511,0.498189571814284,0.216936502130461
25337,0.0589206811124576,0.0404146678078982,0.408396579936862,0.492268071142782
25338,0.0852920500364182,0.0883185824028011,0.517380555016548,0.309008812544233
25339,0.392988191772795,0.052678559431635,0.332782213084384,0.221551035711186
25340,0.0732845174132272,0.649313563270258,0.0783710744422422,0.199030844874273
25341,0.0407237138362392,0.649346316630559,0.0629110485388491,0.247018920994353
25342,0.041942309220692,0.214061590783649,0.541723888255987,0.202272211739672
25343,0.156788572621603,0.405782296346817,0.339676459589473,0.0977526714421066
25344,0.178288478342083,0.108517230544826,0.446154808694317,0.267039482418774
25345,0.0804826121746732,0.237374692455231,0.377831592606352,0.304311102763744
25346,0.308367515336741,0.0267694440696838,0.196590405113003,0.468272635480572
25347,0.55860898838823,0.208969495834681,0.0991234417605088,0.133298074016581
25348,0.387467672690798,0.197805167754636,0.171681039720805,0.243046119833761
25349,0.151146873774062,0.190221798610496,0.538117053292056,0.120514274323386
25350,0.528254266045452,0.193141215767861,0.130318981701314,0.148285536485373
25351,0.254062457269607,0.130571337374818,0.341418703489592,0.273947501865983
25352,0.36743416360681,0.150108603659068,0.102889862523993,0.379567370210129
25353,0.171506501984416,0.0958658841780969,0.320997586015826,0.411630027821661
25354,0.555560037031927,0.145610851990721,0.215331238767792,0.0834978722095597
25355,0.0898992427847856,0.48747813087224,0.0617937465336224,0.360828879809352
25356,0.0989234695774636,0.201940540238223,0.139227178559916,0.559908811624398
25357,0.175274512639383,0.38979020259725,0.315555932353485,0.119379352409882
25358,0.346537284877809,0.199340355691832,0.260272314161491,0.193850045268868
25359,0.449747454524663,0.106454368997584,0.356621901506811,0.0871762749709414
25360,0.108311605804518,0.174372937859864,0.414087127075358,0.30322832926026
25361,0.333991606858717,0.0923311046132937,0.405975891864596,0.167701396663394
25362,0.082787596280662,0.0758089405099679,0.624610034486322,0.216793428723048
25363,0.0887304938995265,0.185262907582465,0.188678139972667,0.537328458545341
25364,0.114678063838562,0.109043943460821,0.513818602384857,0.26245939031576
25365,0.293342213194354,0.0400264588529111,0.108752439702416,0.557878888250319
25366,0.27468333062627,0.299648990856653,0.278233296755447,0.14743438176163
25367,0.154002391381781,0.363216203074337,0.339357846336729,0.143423559207152
25368,0.19959779857286,0.523849585395972,0.21184599515123,0.0647066208799384
25369,0.276188681179544,0.301233313807674,0.300437924863213,0.122140080149569
25370,0.207418628187101,0.183919645240273,0.460222440157847,0.148439286414778
25371,0.235777641166525,0.474114743415518,0.177715316652411,0.112392298765547
25372,0.471614356150305,0.129006090504586,0.292245445870035,0.107134107475074
25373,0.20446926307104,0.326577116452153,0.334057693202947,0.134895927273861
25374,0.126247264040371,0.435403653164732,0.364126809390918,0.0742222734039793
25375,0.320457939937558,0.438309082311155,0.119530760657869,0.121702217093418
25376,0.255215848554583,0.215074636713715,0.36804011089461,0.161669403837092
25377,0.172164038206726,0.362387242705056,0.320485162130132,0.144963556958087
25378,0.28230203585555,0.258842596157316,0.33570368322849,0.123151684758644
25379,0.303367410547023,0.37824730284398,0.216743067949938,0.101642218659059
25380,0.242517298954466,0.386928900042129,0.239518582829006,0.131035218174399
25381,0.233948618539425,0.336537490777798,0.201843655539379,0.227670235143399
25382,0.39130963797422,0.175659358265865,0.263159206244485,0.16987179751543
25383,0.143632104922096,0.595524288101263,0.160852166596779,0.0999914403798624
25384,0.216528805870883,0.212311964870063,0.353266545799028,0.217892683460027
25385,0.179458856276343,0.12487939641245,0.591210088276548,0.104451659034659
25386,0.363755576468393,0.286146890318763,0.192683078644846,0.157414454567999
25387,0.400705305908399,0.162693586905785,0.2630825783949,0.173518528790916
25388,0.272676593530853,0.337676159638074,0.273424326826045,0.116222920005028
25389,0.191005569256213,0.27844883355847,0.351295398058722,0.179250199126595
25390,0.245119072302064,0.274207649636555,0.365648086957212,0.115025191104169
25391,0.163686655539755,0.359088511208106,0.312784191790544,0.164440641461595
25392,0.340926743228477,0.173390396364621,0.330261593539987,0.155421266866916
25393,0.10646032935029,0.400936888284114,0.312005189724255,0.18059759264134
25394,0.294467208062068,0.153728159913362,0.500764626787005,0.0510400052375652
25395,0.20776525241814,0.227641740344525,0.281877316172467,0.282715691064868
25396,0.160228430751036,0.450116433535416,0.240902043264508,0.14875309244904
25397,0.154394007729602,0.288436465818914,0.395551322977396,0.161618203474088
25398,0.248466111059041,0.169547799031766,0.327076824278455,0.254909265630739
25399,0.216094323961877,0.24081989030843,0.230362733604934,0.312723052124758
25400,0.0865508888970508,0.294763702071726,0.367033966823372,0.251651442207851
25401,0.252642160928442,0.273954801605196,0.253151686050559,0.220251351415803
25402,0.293056144758915,0.197981803631001,0.245143237044981,0.263818814565103
25403,0.163888136094016,0.311384613649586,0.267266548329977,0.257460701926422
25404,0.36482767385246,0.198268484213296,0.260193633958856,0.176710207975388
25405,0.353770447253979,0.33854871441681,0.196063548881337,0.111617289447874
25406,0.178075790183537,0.330252227413814,0.269477613507522,0.222194368895127
25407,0.212242906465025,0.111462377381137,0.46713912987303,0.209155586280808
25408,0.24908715676926,0.358405283885133,0.155556261780334,0.236951297565274
25409,0.261335914260781,0.130405835537253,0.5105682517109,0.0976899984910662
25410,0.0313912158597712,0.321106866536578,0.486538000486873,0.160963917116778
25411,0.164582409521579,0.247822321320491,0.158166976241185,0.429428292916745
25412,0.572849435663763,0.181223395470164,0.110638968634329,0.135288200231744
25413,0.71120462110713,0.137784975767346,0.0855966207451429,0.0654137823803815
25414,0.0952484580574299,0.113292837682775,0.6545873414422,0.136871362817595
25415,0.063776611325459,0.203119592112789,0.472609594247725,0.260494202314028
25416,0.23880329785538,0.260332781653517,0.314372252680446,0.186491667810658
25417,0.0907820456589784,0.179396742897888,0.64939531877435,0.0804258926687837
25418,0.0552025782039054,0.633866415866386,0.0881640816126801,0.222766924317028
25419,0.140075808799435,0.278697882990903,0.501600228931314,0.0796260792783483
25420,0.0997492668839222,0.366650073112266,0.202009504088154,0.331591155915658
25421,0.464356594621881,0.24664383820799,0.218024585349026,0.0709749818211038
25422,0.293541474737391,0.125348474807819,0.0529392235374588,0.528170826917331
25423,0.354799834152647,0.0963726644991835,0.303594896102974,0.245232605245196
25424,0.164570960863698,0.198099706110156,0.435449983946736,0.20187934907941
25425,0.182054699642721,0.121262063200231,0.449971873407813,0.246711363749236
25426,0.194120037867301,0.512227527791965,0.0738066590859848,0.219845775254749
25427,0.162586946594306,0.249744136010552,0.253474179573781,0.334194737821361
25428,0.0775350526202231,0.0418531063671546,0.620629223257323,0.259982617755299
25429,0.29358845590196,0.0772099226972177,0.349290272248009,0.279911349152813
25430,0.452239616484766,0.102168800672437,0.271131366213415,0.174460216629382
25431,0.0807405741111281,0.592340801099637,0.150672676176022,0.176245948613213
25432,0.303360654785168,0.137977690235896,0.17851305294788,0.380148602031056
25433,0.0531861673105535,0.0924268609530967,0.549033135096403,0.305353836639947
25434,0.44265452093694,0.0913549373573036,0.170477705190375,0.295512836515381
25435,0.443952604676684,0.273630807948737,0.10441745736712,0.177999130007459
25436,0.0990564134222249,0.590806293698732,0.0279241074551763,0.282213185423867
25437,0.380629180535742,0.258453912072917,0.145914943916918,0.215001963474423
25438,0.182443322428133,0.254374742553284,0.385946939012625,0.177234996005958
25439,0.12225433039366,0.0767203292992708,0.428270993302107,0.372754347004962
25440,0.0763678667801541,0.0631418498828413,0.607733546040694,0.252756737296311
25441,0.341840342456256,0.188057202949414,0.169230413477131,0.300872041117199
25442,0.182851735473851,0.152451145521344,0.531115100602383,0.133582018402422
25443,0.353492078275106,0.232028005799491,0.232202842774193,0.18227707315121
25444,0.153391608030182,0.269954664464866,0.317969461558557,0.258684265946395
25445,0.266537491740351,0.441414943816501,0.12421655075838,0.167831013684769
25446,0.309382012005914,0.320659281030499,0.15544813311461,0.214510573848977
25447,0.260205593141589,0.294332861572876,0.173109219239971,0.272352326045564
25448,0.246207227392154,0.412714634203755,0.110618541190486,0.230459597213606
25449,0.120367956267644,0.477387865765664,0.188146408469905,0.214097769496788
25450,0.503860240403363,0.23376218615344,0.159938637249771,0.102438936193426
25451,0.212513098053346,0.456028084355052,0.227252880998464,0.104205936593139
25452,0.50334495786962,0.256206539775629,0.0633704054700238,0.177078096884727
25453,0.122532971585733,0.166545261961381,0.237248191159854,0.473673575293032
25454,0.284920779300668,0.176027452187923,0.340458254817747,0.198593513693662
25455,0.32750412590521,0.201746941583797,0.156900692554498,0.313848239956495
25456,0.214162495612776,0.165543592219346,0.169237996521457,0.451055915646421
25457,0.0821344016451053,0.18481013371766,0.557609458196034,0.175446006441201
25458,0.518456897811235,0.175394207051284,0.123756043973412,0.182392851164069
25459,0.700339677497406,0.0733187188442328,0.16271660515471,0.0636249985036512
25460,0.0725194473921755,0.217997596483777,0.576259693945993,0.133223262178055
25461,0.0498729873913258,0.0828679771396267,0.297440224569581,0.569818810899467
25462,0.109533277220791,0.319790257110061,0.0396116965436466,0.531064769125502
25463,0.300193279792,0.0601581402285238,0.159702548299033,0.479946031680444
25464,0.0226275924634125,0.386347743560982,0.157706483746108,0.433318180229498
25465,0.691774628630156,0.119555069181895,0.0578421343025191,0.13082816788543
25466,0.0757418103473583,0.100744508455224,0.665804567375331,0.157709113822087
25467,0.135799227232078,0.180477092260109,0.0515896465617604,0.632134033946052
25468,0.081786024992568,0.278629454122756,0.225820702458814,0.413763818425862
25469,0.108595234875507,0.446868244233268,0.0315340208966198,0.413002499994605
25470,0.12106640940657,0.14096063771545,0.500938096517113,0.237034856360867
25471,0.0301062160628538,0.248248799384846,0.0379511212206804,0.68369386333162
25472,0.112371908699669,0.132217277691003,0.111221253657676,0.644189559951652
25473,0.236314577134331,0.110884316505003,0.231285178931319,0.421515927429347
25474,0.1193560955434,0.405797395676627,0.0289467744897254,0.445899734290248
25475,0.0745153697157803,0.392816383866952,0.0976503902820911,0.435017856135176
25476,0.16230177248348,0.293273970868065,0.0142964775728508,0.530127779075604
25477,0.0912642923572777,0.08323984300318,0.212826337376472,0.61266952726307
25478,0.0422098216610713,0.20271468629366,0.0247329749819026,0.730342517063366
25479,0.0202558447034257,0.0245439307874257,0.70985565819988,0.245344566309268
25480,0.27410537742255,0.141554375865197,0.29589979932687,0.288440447385383
25481,0.242041609711189,0.495336862415453,0.122569496072937,0.140052031800421
25482,0.274652451622971,0.276743052522222,0.301494099630868,0.14711039622394
25483,0.225955978834683,0.349365112546701,0.332073540753207,0.0926053678654094
25484,0.236927427786189,0.135012938721947,0.263523779909386,0.364535853582478
25485,0.395636008101698,0.287202846936675,0.171155489204698,0.146005655756929
25486,0.192378976465606,0.26080226087571,0.37135996597348,0.175458796685204
25487,0.234964950503301,0.144714785797482,0.254549688570859,0.365770575128358
25488,0.19580554145271,0.232658451410472,0.20117167942985,0.370364327706968
25489,0.223903020267561,0.274274029040975,0.274522215271254,0.227300735420211
25490,0.166561959218069,0.171896164716944,0.555034448360745,0.106507427704243
25491,0.146436668792451,0.325075345934644,0.166023531248779,0.362464454024126
25492,0.375807237997648,0.18581482657764,0.310277326967247,0.128100608457465
25493,0.0909766206688478,0.127122049659977,0.368279339396982,0.413621990274193
25494,0.310196959300479,0.309249105406314,0.159930156293179,0.220623779000028
25495,0.40164183820039,0.173889843107804,0.204662902550126,0.219805416141681
25496,0.0996281802170442,0.297273875774263,0.501412040551679,0.101685903457014
25497,0.11416381090997,0.139512334039664,0.632994231706646,0.113329623343721
25498,0.524634627369555,0.130928495129543,0.138169993793136,0.206266883707766
25499,0.199412858966538,0.166025222737542,0.423228135061573,0.211333783234347
25500,0.507026018939772,0.106155909860454,0.221383764857697,0.165434306342076
25501,0.14935786486864,0.369469052574474,0.270350850911909,0.210822231644976
25502,0.329467101919902,0.158124609666244,0.3525396518695,0.159868636544354
25503,0.10699379360672,0.120851556665934,0.497410191222509,0.274744458504838
25504,0.214886162413508,0.513595719175659,0.112586815805542,0.158931302605292
25505,0.226716853126485,0.278667022499752,0.206185610848702,0.288430513525061
25506,0.193284780977992,0.185637148505863,0.379182817976153,0.241895252539991
25507,0.168952990660042,0.223428142125322,0.115659357291432,0.491959509923204
25508,0.0918326510038025,0.569271132070372,0.217826152984018,0.121070063941808
25509,0.35006493371387,0.114634995821369,0.245753197869039,0.289546872595721
25510,0.244761672858707,0.209067382454287,0.232776930278622,0.313394014408385
25511,0.481701699600794,0.0996297279170042,0.116182814832821,0.302485757649381
25512,0.326298928442561,0.165761625042974,0.227373434439682,0.280566012074784
25513,0.110472538150805,0.200560400549681,0.161694958756651,0.527272102542864
25514,0.134806028462189,0.248194415745177,0.318162423926612,0.298837131866022
25515,0.0789628871071337,0.35748516101978,0.0851095574475883,0.478442394425498
25516,0.134283961655342,0.459532414299755,0.0724931589679479,0.333690465076955
25517,0.201749369112632,0.191710006675602,0.160316456458802,0.446224167752964
25518,0.320331629573284,0.269667921116321,0.263279300072724,0.146721149237671
25519,0.31278849783052,0.39933717027491,0.178094199303992,0.109780132590577
25520,0.203140075973678,0.369748740489682,0.324137201910661,0.10297398162598
25521,0.325087741191248,0.34496579578533,0.10523967420086,0.224706788822562
25522,0.190063984931885,0.414367305892026,0.196336732739403,0.199231976436686
25523,0.558862320779242,0.116551069681861,0.145745733651202,0.178840875887695
25524,0.254400862733631,0.237113080587092,0.302347270649938,0.206138786029339
25525,0.428883601096102,0.230206448413232,0.106999820202268,0.233910130288399
25526,0.226712872800516,0.471555497658437,0.159789328722956,0.141942300818091
25527,0.301118895825852,0.251567099821464,0.244577945951679,0.202736058401005
25528,0.399264948502429,0.11800368017493,0.309630558822252,0.17310081250039
25529,0.413852878683753,0.175704967967794,0.241636799693567,0.168805353654886
25530,0.172229571271038,0.487401042158583,0.126417426936495,0.213951959633884
25531,0.0590891037015363,0.193445195299411,0.682426784026248,0.0650389169728046
25532,0.118282973262809,0.557513021367949,0.199351465776242,0.124852539593
25533,0.286097257830026,0.149564594844317,0.424641623197719,0.139696524127938
25534,0.0819097116811315,0.512222470055973,0.215820253719109,0.190047564543786
25535,0.233365340568856,0.459065152208805,0.0558183380746507,0.251751169147689
25536,0.0605740549422393,0.370645582629497,0.357048971372116,0.211731391056148
25537,0.141318962972554,0.242120997279406,0.329308127454171,0.287251912293869
25538,0.461386845067196,0.176501394350447,0.197738954464649,0.164372806117708
25539,0.466470170925426,0.203733640982493,0.223225706834779,0.106570481257302
25540,0.0816699884201622,0.205951094745513,0.599783827481425,0.1125950893529
25541,0.474426123364631,0.269539238396411,0.155481101673998,0.10055353656496
25542,0.160265902018875,0.445833210266179,0.154944913247728,0.238955974467218
25543,0.302741576381913,0.148478413341603,0.346311091903176,0.202468918373309
25544,0.271530012595416,0.43541892446961,0.0380093773377112,0.255041685597262
25545,0.409862685091027,0.173473997047025,0.207963421460456,0.208699896401492
25546,0.280063399529547,0.520736526613917,0.0715877681518541,0.127612305704682
25547,0.147160537045245,0.197818011229841,0.466700785397548,0.188320666327365
25548,0.166039279344037,0.198400242359061,0.291057667401304,0.344502810895598
25549,0.12253655794173,0.0908649563058635,0.475992165540519,0.310606320211888
25550,0.159966106085525,0.106780009878838,0.105404208143005,0.627849675892632
25551,0.212790623787201,0.103226081429777,0.182276092605121,0.501707202177901
25552,0.19964726947723,0.348018944920068,0.181265264314488,0.271068521288213
25553,0.107184925726476,0.581238685881397,0.161279738906448,0.150296649485679
25554,0.0800773686124643,0.562196791074508,0.153027109574559,0.204698730738469
25555,0.412057873166543,0.0810471910493236,0.0544853803694306,0.452409555414703
25556,0.302609465046547,0.503904283935262,0.102711056555684,0.0907751944625066
25557,0.356605458758056,0.307066433629442,0.220801746721319,0.115526360891184
25558,0.548166435066327,0.133706866625555,0.100386457026583,0.217740241281536
25559,0.594448822095156,0.151350744416899,0.179575450023517,0.0746249834644282
25560,0.308970830905754,0.451454309154608,0.0543915030737482,0.18518335686589
25561,0.227102760280275,0.479008417375189,0.0992447638413987,0.194644058503138
25562,0.198006042020237,0.189303794785165,0.409115479690196,0.203574683504402
25563,0.420729949541758,0.165521327224697,0.286414741643735,0.127333981589811
25564,0.0620731586244097,0.155046174869206,0.662177425642077,0.120703240864307
25565,0.419809490036691,0.038738457964393,0.229605504118016,0.3118465478809
25566,0.0670351524410149,0.527948106037952,0.148684362176257,0.256332379344776
25567,0.0371448566052289,0.446200924542883,0.3108985780509,0.205755640800988
25568,0.490224799465327,0.300595914712768,0.130610807607563,0.0785684782143417
25569,0.374268265228349,0.200988666152922,0.326390396403331,0.0983526722153979
25570,0.395724840754602,0.134916359226888,0.274630922479564,0.194727877538947
25571,0.253298741636573,0.104489213986541,0.117787425638195,0.524424618738691
25572,0.549426662964345,0.0759430510977149,0.128432037739375,0.246198248198565
25573,0.103103549026668,0.749609428600983,0.0688363522044227,0.0784506701679267
25574,0.0843419448824104,0.0521076664774174,0.544842149011444,0.318708239628728
25575,0.374300813519307,0.233856703575579,0.297005378842849,0.0948371040622646
25576,0.358633005842297,0.265450358794559,0.246614936763553,0.129301698599591
25577,0.429201115369797,0.118975487557188,0.267498810825243,0.184324586247772
25578,0.431327480318748,0.324797038469363,0.101254772887574,0.142620708324315
25579,0.589471673496577,0.151213263196233,0.150787140093078,0.108527923214111
25580,0.196389530960083,0.397744692952965,0.200628750169299,0.205237025917653
25581,0.479686966621632,0.175340355244718,0.0894231857731201,0.25554949236053
25582,0.0974864333501542,0.198783619228408,0.150099381440474,0.553630565980964
25583,0.501631263440715,0.126356373042489,0.301295678290211,0.0707166852265855
25584,0.289817540860652,0.312070026350451,0.134637636539314,0.263474796249583
25585,0.17063340605734,0.347940006173197,0.0989655697629617,0.382461018006502
25586,0.0992329822602034,0.195192859976981,0.654633841068472,0.0509403166943434
25587,0.647902883905194,0.177324717009821,0.0890880573769656,0.0856843417080191
25588,0.266059778793233,0.155401803849186,0.207845533445759,0.370692883911822
25589,0.549578111001625,0.226776095449048,0.121427107346742,0.102218686202585
25590,0.166057841768253,0.227249564349945,0.090469903848815,0.516222690032987
25591,0.135108180475553,0.39742180792072,0.125401408110722,0.342068603493004
25592,0.334461123857745,0.52282561746768,0.0315884996095012,0.111124759065074
25593,0.148706430701383,0.463445011367018,0.220258647662491,0.167589910269108
25594,0.269061189732906,0.345333418089347,0.192781103698622,0.192824288479125
25595,0.327544208526648,0.408066677547938,0.10469566142248,0.159693452502934
25596,0.0795096168699188,0.0361713015231245,0.721270958942152,0.163048122664805
25597,0.391743446002493,0.148289790295836,0.0822771403479293,0.377689623353741
25598,0.21911121090931,0.338036553363511,0.140429916274685,0.302422319452495
25599,0.165369857550343,0.130550854553653,0.483158616209643,0.220920671686362
25600,0.133997021337445,0.112529010337537,0.614073691151156,0.139400277173862
25601,0.573502516971392,0.0736292494131683,0.25183611636368,0.10103211725176
25602,0.23057685311015,0.0632780006906834,0.192529268534298,0.513615877664869
25603,0.615694204421122,0.172937125550625,0.111955958556867,0.099412711471387
25604,0.103741486944015,0.693534567337277,0.160024122980981,0.0426998227377268
25605,0.0751301886050566,0.058937061911239,0.168304317252056,0.697628432231648
25606,0.0898623539243265,0.659102227492805,0.140691227854576,0.110344190728293
25607,0.312118614154533,0.344982356263007,0.0775960715279843,0.265302958054475
25608,0.0710632981765994,0.214698103135364,0.231379894545429,0.482858704142609
25609,0.659998455624343,0.106729605655604,0.0591980396357417,0.174073899084311
25610,0.250176808706367,0.100358653236258,0.112048945347344,0.537415592710031
25611,0.0845701990981007,0.284650245875688,0.430665311919033,0.200114243107179
25612,0.0824694607414214,0.204867136571673,0.610336013345889,0.102327389341016
25613,0.3147616214223,0.202216168786442,0.365046185571206,0.117976024220052
25614,0.365515316519927,0.286136571421659,0.210319218030113,0.138028894028301
25615,0.217337769146802,0.549031275385717,0.153968743518554,0.0796622119489269
25616,0.109176058525564,0.488880241264396,0.238588110230743,0.163355589979296
25617,0.426459490493003,0.133503783026543,0.378622287163399,0.0614144393170555
25618,0.12548113434129,0.282827943360019,0.496518584270568,0.0951723380281232
25619,0.272649981641013,0.0827868898499841,0.504894800951754,0.139668327557249
25620,0.23073575243906,0.0882167872757124,0.500064057649169,0.180983402636059
25621,0.215052630976274,0.0697597011282189,0.620063397788817,0.0951242701066905
25622,0.261021696281966,0.232627576736084,0.364795952270537,0.141554774711412
25623,0.176797115404118,0.540164996684267,0.140372407887379,0.142665480024236
25624,0.315388753532689,0.167009917721522,0.320307363986856,0.197293964758934
25625,0.162271366616059,0.298194193857577,0.270402252340414,0.26913218718595
25626,0.224397029967337,0.475094870345491,0.150805786001893,0.14970231368528
25627,0.28751668951989,0.368697850595938,0.195404254062348,0.148381205821824
25628,0.14183975705149,0.382831610541553,0.272309045786398,0.20301958662056
25629,0.321318887705017,0.365641192860736,0.230023579861956,0.0830163395722905
25630,0.203873402973,0.569194019379274,0.0870198001951921,0.139912777452534
25631,0.241781509845243,0.178214414057394,0.371194619316511,0.208809456780852
25632,0.169845961327789,0.404026323758233,0.327515515435914,0.0986121994780646
25633,0.110315267012229,0.229274484329918,0.336359385590501,0.324050863067351
25634,0.448459949579941,0.183245449232925,0.170812251035539,0.197482350151595
25635,0.553804826843531,0.221653256799516,0.062022559416033,0.16251935694092
25636,0.343503538154698,0.200147126491267,0.199957703214365,0.25639163213967
25637,0.304195389033248,0.193363475557955,0.292572426948145,0.209868708460652
25638,0.186099432701694,0.307985787367621,0.0821910555354927,0.423723724395192
25639,0.174253706898097,0.48022271018754,0.134381015978117,0.211142566936246
25640,0.249989236436133,0.14375390261347,0.225395835955609,0.380861024994788
25641,0.164299821677638,0.375189483318539,0.316810944349048,0.143699750654775
25642,0.0328290283702402,0.588155088565049,0.136222454958824,0.242793428105887
25643,0.156344030853358,0.658744669443539,0.0651969849593838,0.11971431474372
25644,0.585834585789336,0.0913521753819363,0.149398342005229,0.173414896823499
25645,0.0802342409532444,0.740609304229411,0.0798612465089072,0.0992952083084378
25646,0.22273946727668,0.0858093594815081,0.58520320203561,0.106247971206202
25647,0.13882286635517,0.16631768380033,0.374509234644201,0.320350215200299
25648,0.202811507311958,0.0933508250675811,0.333766706415972,0.37007096120449
25649,0.199894166420575,0.536200230752405,0.120141688645292,0.143763914181728
25650,0.0620050237613142,0.0851493400399323,0.513230500178318,0.339615136020435
25651,0.423145442859514,0.316947923918098,0.181971218218962,0.0779354150034273
25652,0.336687823684647,0.22681456771188,0.107936625015421,0.328560983588053
25653,0.227881774649221,0.285103734197916,0.280505580202867,0.206508910949996
25654,0.116218163953355,0.451193585427807,0.222142472057967,0.210445778560871
25655,0.129664395804399,0.149371084369113,0.553082843670601,0.167881676155887
25656,0.275007987519837,0.326181798978577,0.115773216150963,0.283036997350624
25657,0.180314430368075,0.343066738666344,0.28265446282924,0.193964368136341
25658,0.276145246761144,0.442927653909832,0.132045032500376,0.148882066828649
25659,0.490697873425761,0.202337662293649,0.170666370278609,0.136298094001981
25660,0.114633779074967,0.574055395327411,0.193639678250866,0.117671147346756
25661,0.184284445902389,0.0629868643843164,0.320749106073619,0.431979583639676
25662,0.403374215452915,0.306110097272067,0.0459238941724773,0.244591793102541
25663,0.153817917300456,0.140983434493341,0.199734741022799,0.505463907183404
25664,0.0758233427366383,0.471364472796278,0.242130557929687,0.210681626537397
25665,0.0526953851646773,0.254865757407085,0.312652077034109,0.379786780394129
25666,0.180715581279955,0.196120918870723,0.153754252080826,0.469409247768496
25667,0.644114541228754,0.121538479672562,0.138070115800855,0.0962768632978281
25668,0.192808956228295,0.228357638094511,0.0640275358371827,0.514805869840011
25669,0.0661351649858348,0.409424083682405,0.175398148708614,0.349042602623146
25670,0.42838661230913,0.263044013273782,0.220642947816685,0.0879264266004026
25671,0.263166083679785,0.415608224334256,0.256711598073129,0.0645140939128304
25672,0.0916293165764189,0.324431925544518,0.311168826537779,0.272769931341284
25673,0.0873373780038545,0.519005161492482,0.127299484505863,0.266357975997801
25674,0.341217591051147,0.300243499962222,0.13265322965597,0.225885679330661
25675,0.259485976586871,0.169789816487031,0.331991892114106,0.238732314811992
25676,0.0951406008382765,0.627462189352555,0.142154546050061,0.135242663759108
25677,0.392167346876389,0.325772425446033,0.0651379171250434,0.216922310552535
25678,0.139371756220448,0.349421928452747,0.265043737492038,0.246162577834766
25679,0.158585944499003,0.550742680350341,0.0705680546009889,0.220103320549667
25680,0.0744225312844531,0.645888947505155,0.178235128967393,0.101453392242999
25681,0.0915021531943833,0.376075145920843,0.212280953684171,0.320141747200603
25682,0.213827934599241,0.239698602568435,0.209001184038178,0.337472278794147
25683,0.349719100864235,0.249189568947023,0.244097514592699,0.156993815596043
25684,0.0394249106913269,0.529761336297938,0.17816085535141,0.252652897659325
25685,0.129544292896264,0.432928346210854,0.101386481085201,0.33614087980768
25686,0.0836413906526416,0.281159483204929,0.379476529646648,0.255722596495781
25687,0.160517202818772,0.649689328932967,0.0782235423858381,0.111569925862423
25688,0.143873205882489,0.342725263127921,0.362679383648284,0.150722147341306
25689,0.633546665874895,0.204001335984841,0.112727974592842,0.0497240235474219
25690,0.193467718602622,0.477753637178279,0.262951772030747,0.0658268721883512
25691,0.169646025026521,0.208048967640333,0.565710254235295,0.0565947530978506
25692,0.461172654565796,0.236505174343567,0.120294906434428,0.18202726465621
25693,0.220456836064347,0.340997188501096,0.347404465295026,0.0911415101395301
25694,0.392735237886701,0.141743228848817,0.281580705490525,0.183940827773957
25695,0.392549079593717,0.323961304490553,0.156582346160484,0.126907269755245
25696,0.149742628658647,0.477253044517001,0.313281628823837,0.059722698000515
25697,0.0872033931198646,0.284115585657908,0.534194056649086,0.0944869645731407
25698,0.155277859273393,0.44054398053594,0.270659076713061,0.133519083477606
25699,0.299679982995797,0.168675568309331,0.366563084364908,0.165081364329964
25700,0.241175636382841,0.202544766921019,0.435673279415559,0.120606317280581
25701,0.172157860835732,0.59284534810768,0.149368332879971,0.0856284581766182
25702,0.121087110629414,0.283172907024563,0.477892889767705,0.117847092578318
25703,0.257984841385644,0.415791639009669,0.128668102593258,0.19755541701143
25704,0.582435906147363,0.158011069551333,0.167189465021464,0.0923635592798395
25705,0.103353563748382,0.219335116365303,0.54199694500458,0.135314374881735
25706,0.529702307966129,0.226995753429838,0.128642350520662,0.114659588083371
25707,0.311112613601849,0.416646605665089,0.132317378877779,0.139923401855283
25708,0.324993453647806,0.138470371829716,0.46630525331739,0.0702309212050874
25709,0.424199974489851,0.204241862824749,0.305437241474371,0.0661209212110288
25710,0.182791158681542,0.35455645038794,0.345865123975737,0.116787266954781
25711,0.358828285636161,0.251397584658343,0.314370344792816,0.0754037849126799
25712,0.408695634861954,0.231918139552503,0.246888725230545,0.112497500354998
25713,0.295801577215924,0.238554174591666,0.425317102891569,0.0403271453008416
25714,0.335885148429291,0.230022509992783,0.318659065947182,0.115433275630745
25715,0.312853709697695,0.351582663746802,0.286030059064292,0.0495335674912106
25716,0.367190836761465,0.22697987521,0.286696247728006,0.119133040300529
25717,0.162479231752868,0.482338263901376,0.185196734480761,0.169985769864995
25718,0.468955364319245,0.176675586055632,0.162021264511723,0.192347785113401
25719,0.518073641985891,0.202963805479522,0.204467905439237,0.0744946470953493
25720,0.224483753428611,0.232797476528354,0.37092042393573,0.171798346107305
25721,0.245715941205669,0.294314101472757,0.386116686353877,0.0738532709676967
25722,0.131374369134694,0.304126630675964,0.158051864910492,0.40644713527885
25723,0.18700600030253,0.287776559461437,0.408196155823605,0.117021284412428
25724,0.317317510680803,0.146342675881035,0.229744606165459,0.306595207272704
25725,0.23569105575064,0.302253069691172,0.387768268031822,0.0742876065263665
25726,0.302102927321242,0.326936346501995,0.20516501411572,0.165795712061043
25727,0.216078698139149,0.188322575676009,0.5070275767896,0.088571149395242
25728,0.296129823541682,0.366149252719902,0.192860041514201,0.144860882224215
25729,0.260158797678468,0.353282124411666,0.304495407803019,0.082063670106847
25730,0.575372157510549,0.126385782372433,0.264417630314956,0.0338244298020608
25731,0.368933227959302,0.135510372107175,0.371346475851442,0.124209924082081
25732,0.124035147960558,0.146345249063646,0.678849074109915,0.050770528865881
25733,0.309303964616669,0.284622234417708,0.203140825076031,0.202932975889592
25734,0.243914008879393,0.391889403082896,0.254158001582875,0.110038586454836
25735,0.200131924702428,0.207083181621284,0.458195842318515,0.134589051357773
25736,0.352405047585265,0.220125712309578,0.293885444231537,0.133583795873619
25737,0.236218481079786,0.590967356709617,0.0744597038169582,0.0983544583936389
25738,0.258750174566338,0.285494921824584,0.185766522741636,0.269988380867443
25739,0.145137084328542,0.132174428553847,0.559878294993479,0.162810192124133
25740,0.441340812323606,0.218133789999524,0.213169113153136,0.127356284523734
25741,0.341875804864644,0.439179480293907,0.0510761724819278,0.167868542359521
25742,0.122897582723602,0.582607561518469,0.170967937330379,0.12352691842755
25743,0.136504127267862,0.330388492865036,0.257575724836617,0.275531655030485
25744,0.361161441747142,0.373885436744791,0.103940524518176,0.161012596989891
25745,0.229635984201721,0.390032645052991,0.261083443637895,0.119247927107393
25746,0.688578019162385,0.0953029654287155,0.176158191926028,0.039960823482872
25747,0.524044447952648,0.191230147237761,0.147224257660099,0.137501147149493
25748,0.0963934370295978,0.523926288014657,0.154011876701253,0.225668398254492
25749,0.47873545026845,0.247512295916667,0.122798680860221,0.150953572954662
25750,0.275525879035007,0.1002910908654,0.512793203635405,0.111389826464188
25751,0.200704736924504,0.184280927531607,0.502651618503101,0.112362717040788
25752,0.242625489589263,0.175073004563634,0.235622583704681,0.346678922142423
25753,0.371141233912222,0.104424910734819,0.365892256888726,0.158541598464233
25754,0.600839558921259,0.102106361170374,0.158399959486822,0.138654120421545
25755,0.192845218635987,0.0879474203381421,0.224835622676312,0.494371738349559
25756,0.258919895671186,0.566698250045206,0.0926325964253829,0.0817492578582248
25757,0.170448230378608,0.119483209614633,0.141450889820227,0.568617670186532
25758,0.165823912977366,0.0819372136862686,0.322911624038001,0.429327249298365
25759,0.285788626102806,0.504127114511212,0.0796364893402785,0.130447770045703
25760,0.598949987351517,0.127215058738898,0.154693598468954,0.119141355440632
25761,0.0988389369183426,0.270465688569778,0.0952451531538679,0.535450221358012
25762,0.127590618410454,0.475406491991043,0.148475126932227,0.248527762666276
25763,0.338634966412855,0.161385415513805,0.203497432798129,0.296482185275212
25764,0.322774446134754,0.0821999255519049,0.183190920420522,0.411834707892818
25765,0.432570578381404,0.11728942634542,0.223746594443438,0.226393400829738
25766,0.144845777551511,0.559083005819016,0.173793334949255,0.122277881680217
25767,0.366406987579759,0.283157884352654,0.1223337713745,0.228101356693087
25768,0.32188685432469,0.192142510495622,0.136376880037985,0.349593755141703
25769,0.409784201453884,0.24732741930247,0.196535388775538,0.146352990468108
25770,0.177546945884107,0.154982553815856,0.350589469452879,0.316881030847157
25771,0.135900163858366,0.44887621251331,0.267606222757546,0.147617400870778
25772,0.106326012577154,0.345759044330057,0.2148285370608,0.333086406031988
25773,0.351966271617181,0.147898824899484,0.10941662159933,0.390718281884005
25774,0.122493892368908,0.316619626432223,0.49628699284228,0.064599488356589
25775,0.309654087200355,0.137035098253593,0.47863754715063,0.0746732673954221
25776,0.240189827064965,0.111922599984959,0.164963754772785,0.482923818177291
25777,0.120289250851567,0.20956487064933,0.583854277704658,0.0862916007944449
25778,0.263719562090125,0.44123042605709,0.116458351717001,0.178591660135785
25779,0.288666563383583,0.284531230554777,0.110156073169825,0.316646132891814
25780,0.132079310086293,0.279265113729147,0.291436362843195,0.297219213341365
25781,0.407385106879616,0.206950975991643,0.0707668337758477,0.314897083352894
25782,0.0952083553612871,0.361390828692705,0.0248746090425307,0.518526206903477
25783,0.252126536031707,0.226368647906141,0.27762323882318,0.243881577238973
25784,0.319418020312649,0.305396711308068,0.242853913281927,0.132331355097357
25785,0.197154214147378,0.256665629860665,0.36460672672581,0.181573429266147
25786,0.327123004830847,0.289591060416856,0.250873977264233,0.132411957488063
25787,0.34413919591014,0.323272077221848,0.249457774302544,0.083130952565468
25788,0.29278200105859,0.295598046766789,0.304350150498146,0.107269801676475
25789,0.440186154151426,0.227491438698575,0.224174400100538,0.108148007049461
25790,0.259189607688312,0.396307732439959,0.170068993174509,0.17443366669722
25791,0.18474540902031,0.332420983697086,0.337878000020649,0.144955607261955
25792,0.290368506766437,0.268095104915337,0.294892617311783,0.146643771006443
25793,0.174646623213543,0.390574510429624,0.260107690164854,0.174671176191978
25794,0.363675534790096,0.185344212660504,0.270281620203576,0.180698632345824
25795,0.198594922734658,0.400222740730346,0.278208340705565,0.12297399582943
25796,0.237442201586508,0.280159724233594,0.386197069799622,0.0962010043802754
25797,0.217259901074364,0.327001548711686,0.243726158886704,0.212012391327246
25798,0.142077489639031,0.353741744577158,0.208706605447691,0.29547416033612
25799,0.268851433462712,0.19565417753926,0.385515419338367,0.149978969659661
25800,0.232836750265038,0.268886020589851,0.132217029993099,0.366060199152013
25801,0.169316278737861,0.232298910497116,0.292652972164142,0.305731838600882
25802,0.169822780602171,0.178565713039499,0.203128378631492,0.448483127726838
25803,0.553410066122239,0.251131097394981,0.0804239259558041,0.115034910526976
25804,0.149781058526261,0.224487210100043,0.473344558681403,0.152387172692293
25805,0.235333837993894,0.469131113063072,0.229251498592168,0.0662835503508666
25806,0.3575393226859,0.238085102119576,0.280633567466267,0.123742007728257
25807,0.12173194361343,0.645589204664362,0.114138210356989,0.118540641365219
25808,0.347048633150849,0.36021953449002,0.0984627328917533,0.194269099467378
25809,0.0823634968647395,0.133671388821989,0.529379082699722,0.25458603161355
25810,0.287979414748949,0.10979143189007,0.412073497739953,0.190155655621029
25811,0.194035183175237,0.567068679412086,0.160967880885251,0.0779282565274269
25812,0.180565518166285,0.135488283327232,0.527147522836295,0.156798675670188
25813,0.595386496825052,0.20493498888855,0.117464635777967,0.0822138785084308
25814,0.127045827607046,0.397894525185746,0.170254824281615,0.304804822925593
25815,0.22159984929026,0.53599425361001,0.167336479425254,0.0750694176744755
25816,0.0510577256459274,0.475331510079709,0.281989799419671,0.191620964854692
25817,0.136718582977649,0.0834367821523935,0.190967451294362,0.588877183575595
25818,0.0952203087138012,0.538336133126774,0.191143119934656,0.175300438224769
25819,0.446006334177943,0.191225444203707,0.16856912903266,0.19419909258569
25820,0.0898943795930043,0.10123057637444,0.263655177771596,0.54521986626096
25821,0.218204333126464,0.053756663666297,0.534608331290427,0.193430671916812
25822,0.250046117759101,0.182744782999847,0.443840064545554,0.123369034695499
25823,0.326200710156804,0.304448969264433,0.190080973275169,0.179269347303594
25824,0.331562163299914,0.293606886727557,0.22460340999623,0.1502275399763
25825,0.15806993159649,0.32321937262766,0.373739692512807,0.144971003263043
25826,0.324670509217215,0.271671125143477,0.223674414536976,0.179983951102332
25827,0.272026524461228,0.277655712112865,0.24871321165488,0.201604551771027
25828,0.310417323408952,0.421779586769155,0.141523465840797,0.126279623981096
25829,0.27088373293876,0.427019161338654,0.112147619238635,0.189949486483951
25830,0.131963019762795,0.365314768365207,0.416282703155707,0.086439508716291
25831,0.16965528238888,0.168029456752533,0.307925414903756,0.354389845954831
25832,0.127559006605731,0.279667477813103,0.318299435875378,0.274474079705788
25833,0.234764520031262,0.28761737185097,0.34664110800317,0.130977000114599
25834,0.371018215563402,0.202369651973236,0.257135999307579,0.169476133155783
25835,0.201072854763441,0.136441491236342,0.388064769839759,0.274420884160459
25836,0.0762879145984438,0.196893404462501,0.484738840819156,0.2420798401199
25837,0.230814433856338,0.245574386974606,0.326258184113506,0.19735299505555
25838,0.204184057767621,0.427644471461076,0.0925833399470451,0.275588130824258
25839,0.515212894498442,0.237535479491621,0.105235727558589,0.142015898451348
25840,0.146569865784082,0.32689059013517,0.267648321726927,0.258891222353821
25841,0.208407968699083,0.164981615332307,0.375619395058961,0.250991020909649
25842,0.274677425113288,0.455365985800146,0.169020567357322,0.100936021729245
25843,0.358798504493312,0.456549285786675,0.103326136741929,0.0813260729780835
25844,0.541260492359078,0.104484292974315,0.239079599089062,0.115175615577546
25845,0.139027177490457,0.407429620964977,0.37519456261091,0.0783486389336559
25846,0.310180219962939,0.198888230360332,0.252760729280321,0.238170820396408
25847,0.430639079655155,0.121896229928107,0.141458971190212,0.306005719226526
25848,0.136202566927447,0.497222934340332,0.139148131486616,0.227426367245605
25849,0.299381448474112,0.232787368061721,0.366502528324854,0.101328655139313
25850,0.219944057472303,0.237945787422897,0.388441747828395,0.153668407276405
25851,0.581844929883379,0.220239779069942,0.11665207320536,0.0812632178413197
25852,0.238165531462915,0.28534580383395,0.221708164873707,0.254780499829429
25853,0.149469357651365,0.341856804253027,0.369959013342199,0.138714824753409
25854,0.321982740400159,0.177334332816797,0.085572551447587,0.415110375335457
25855,0.474041330210007,0.133245933145965,0.187131514580039,0.20558122206399
25856,0.49875715761704,0.225985046754501,0.0763335009181228,0.198924294710337
25857,0.0682194295475735,0.116491851149145,0.206649679846096,0.608639039457186
25858,0.0992401032372935,0.336003579109998,0.183210619972452,0.381545697680256
25859,0.211667175110087,0.101448264856235,0.215305087528016,0.471579472505661
25860,0.403964431415297,0.159295333028878,0.176248213477642,0.260492022078183
25861,0.212927465347797,0.189119695519139,0.444425677961806,0.153527161171259
25862,0.248226115676147,0.101789320626053,0.480422147444975,0.169562416252825
25863,0.112228382721866,0.0791679756886489,0.736727026168986,0.0718766154204992
25864,0.5620696251977,0.130351804117281,0.11446003538476,0.193118535300259
25865,0.124003787679451,0.351325871267785,0.416545948627923,0.10812439242484
25866,0.176216619010945,0.19837074372485,0.42334133953058,0.202071297733625
25867,0.134152334890714,0.457222275449017,0.225390214403961,0.183235175256309
25868,0.160621412756699,0.388163380973835,0.0841927288002706,0.367022477469196
25869,0.0502467583418649,0.332200863126995,0.274001404733352,0.343550973797788
25870,0.126389442850741,0.0698462161464272,0.223294659081726,0.580469681921106
25871,0.043465636848779,0.184300490104681,0.653658584308986,0.118575288737554
25872,0.063459629130507,0.201183065737038,0.608903619328533,0.126453685803923
25873,0.0564741953587816,0.112218086945864,0.217251251702465,0.614056465992889
25874,0.559332426851041,0.0620062361233262,0.22657815875781,0.152083178267823
25875,0.176278499033503,0.156650724332025,0.45860987009592,0.208460906538552
25876,0.565295701709214,0.0281454958824756,0.147268824156021,0.259289978252289
25877,0.510313252588295,0.0707332877553401,0.141049154723449,0.277904304932917
25878,0.233749981648602,0.0936532859653902,0.215036784849223,0.457559947536785
25879,0.207702955442942,0.46483864956874,0.179751483063551,0.147706911924768
25880,0.215406566514436,0.520256979394661,0.223106402898036,0.0412300511928673
25881,0.332435787261434,0.342281235678109,0.277168609607591,0.0481143674528664
25882,0.219834178161977,0.403184240233198,0.276777013769111,0.100204567835714
25883,0.479476255743477,0.291276704611522,0.140183800730869,0.089063238914132
25884,0.126608332821016,0.507932062452239,0.28927792001943,0.0761816847073151
25885,0.265748208900112,0.168799815400704,0.236742190138477,0.328709785560707
25886,0.122672632806199,0.539541442228257,0.269636028294143,0.0681498966714012
25887,0.317389340279868,0.224846090834863,0.325563954360377,0.132200614524893
25888,0.412263111063807,0.169988234973798,0.27739748397156,0.140351169990835
25889,0.152953740771951,0.356511338014798,0.314487070936263,0.176047850276988
25890,0.519216202653166,0.212548910920888,0.143769334510474,0.124465551915472
25891,0.232450051015853,0.142386146366015,0.563457315998738,0.0617064866193935
25892,0.199773279390735,0.285281638506935,0.298409026080697,0.216536056021632
25893,0.291134754532632,0.396809818272268,0.178644344834533,0.133411082360567
25894,0.444666041886717,0.367048721444903,0.0830967047512406,0.10518853191714
25895,0.371923538391799,0.146397797064864,0.270859526442778,0.21081913810056
25896,0.214047903201811,0.214915581019799,0.453120548715793,0.117915967062597
25897,0.178234264729118,0.468761976132083,0.242532983896722,0.110470775242077
25898,0.228009792206339,0.407419742172224,0.322686085496492,0.0418843801249445
25899,0.0939727013511107,0.596319256919783,0.115052446263167,0.19465559546594
25900,0.129642880276429,0.304986960543256,0.379007462076098,0.186362697104217
25901,0.214069268861126,0.384286471017991,0.32618670823628,0.0754575518846031
25902,0.0869152281896247,0.347489979183717,0.428526124904613,0.137068667722046
25903,0.256193532653082,0.269898538525044,0.367748522135952,0.106159406685922
25904,0.0554260755581362,0.417394532725027,0.428627808670588,0.0985515830462493
25905,0.169010697874436,0.349576471955003,0.361660654498268,0.119752175672293
25906,0.297654389985944,0.477950796798278,0.17214898537317,0.0522458278426073
25907,0.156715690597791,0.528274161762123,0.245544162181943,0.0694659854581423
25908,0.238444678832817,0.111849084692184,0.35802063715873,0.29168559931627
25909,0.474365023614809,0.240311487567714,0.2105555320463,0.0747679567711769
25910,0.0478396577925697,0.408553623860607,0.396699144597964,0.14690757374886
25911,0.411201727543549,0.103977579578493,0.24215710730859,0.242663585569369
25912,0.35744213629424,0.360563104775241,0.144310287317679,0.137684471612841
25913,0.0809952302191302,0.269476890702352,0.396027111885711,0.253500767192807
25914,0.206865490739323,0.138843497596011,0.550461857893554,0.103829153771112
25915,0.458629823579285,0.140745909330354,0.292887251177317,0.107737015913044
25916,0.142186661565938,0.454879924094284,0.128520762490931,0.274412651848848
25917,0.279162086833883,0.411549062584757,0.118235556998338,0.191053293583022
25918,0.1562241279565,0.315498688877663,0.329720361950847,0.19855682121499
25919,0.312405842628867,0.0557945978937347,0.274479138486275,0.357320420991124
25920,0.268876113547814,0.402011617699444,0.150582358897192,0.17852990985555
25921,0.0923205873662267,0.158718116930693,0.638026225833254,0.110935069869826
25922,0.0492544410156358,0.0644055199060381,0.401365452579219,0.484974586499107
25923,0.26501221498767,0.112870171816767,0.101278539153093,0.52083907404247
25924,0.664781936557844,0.11842043575616,0.111147769705538,0.105649857980458
25925,0.137674117061087,0.123897374446203,0.592784310956875,0.145644197535835
25926,0.437809930085032,0.390796854323546,0.079259821111613,0.0921333944798092
25927,0.134118958175697,0.429246996713686,0.13801101828546,0.298623026825157
25928,0.202111494199204,0.401647038619333,0.254457502168518,0.141783965012945
25929,0.030056473474564,0.371243675633861,0.0952945599089369,0.503405290982639
25930,0.296287464436627,0.285255036317192,0.302107407636919,0.116350091609262
25931,0.0517903994406216,0.0684657122703151,0.77785780668522,0.101886081603844
25932,0.0659729676774026,0.387191145385637,0.171366343637889,0.375469543299072
25933,0.111221471719626,0.146577553171967,0.550319049185178,0.19188192592323
25934,0.0656753815587464,0.0659119649574979,0.547774469389272,0.320638184094483
25935,0.174022260963034,0.234089143604461,0.123502571176689,0.468386024255817
25936,0.302228856066776,0.0791433242391332,0.513925060624248,0.104702759069843
25937,0.617231866877618,0.13135761379284,0.11752151461675,0.133889004712792
25938,0.096415679034627,0.530218810926507,0.159538577973019,0.213826932065847
25939,0.165202681185258,0.136951052633695,0.418883777189133,0.278962488991914
25940,0.0636000867016504,0.274582783876984,0.118519890409178,0.543297239012187
25941,0.0835500794925136,0.340643107689167,0.476241574506135,0.0995652383121848
25942,0.111302578666636,0.348928507250085,0.313650467557048,0.226118446526231
25943,0.0581516746682182,0.401676636840978,0.234832425111561,0.305339263379242
25944,0.193562990541209,0.152297826208835,0.102417476117249,0.551721707132707
25945,0.209874074438896,0.11549750555389,0.202642593166665,0.47198582684055
25946,0.455407390228351,0.260253459412923,0.0894260961196736,0.194913054239053
25947,0.346038882493863,0.270033103779214,0.188054946961144,0.195873066765779
25948,0.0523483665090541,0.142920043041756,0.198882625327071,0.605848965122119
25949,0.0871156205766148,0.262095661132417,0.457406382350607,0.193382335940361
25950,0.633030801770036,0.143059677169509,0.140201137816275,0.0837083832441807
25951,0.128682276530182,0.208052463563169,0.395538517831967,0.267726742074682
25952,0.0540806778298568,0.14527049509181,0.525184797439657,0.275464029638676
25953,0.248069936734161,0.128471606690497,0.114818409045079,0.508640047530262
25954,0.601770212074432,0.0449033493093337,0.049520190317788,0.303806248298447
25955,0.0874828923877524,0.588454986545063,0.230748829698438,0.0933132913687469
25956,0.258955074340995,0.301315006044274,0.39402451681389,0.0457054028008416
25957,0.487501052251246,0.258240550462792,0.197474211545205,0.0567841857407576
25958,0.353206284161958,0.411676338206855,0.144485951206367,0.09063142642482
25959,0.0988977333400259,0.353162828859194,0.439908257041058,0.108031180759723
25960,0.321847839061591,0.423629990902459,0.193794376091355,0.0607277939445949
25961,0.272252894260738,0.321008584908943,0.360009733382607,0.0467287874477116
25962,0.610023410936042,0.210104720967787,0.0959483412529106,0.0839235268432604
25963,0.150435902742242,0.436625155343749,0.341668606006037,0.0712703359079708
25964,0.360482073132448,0.397916420127981,0.133458982460131,0.10814252427944
25965,0.359132972220385,0.145292583764261,0.399271482059248,0.0963029619561058
25966,0.305998051572642,0.166969622431411,0.43248223856481,0.0945500874311361
25967,0.301225102125684,0.206497664652567,0.171395068316958,0.320882164904791
25968,0.265495041033619,0.37269705742759,0.21345626962361,0.148351631915182
25969,0.0802275556607457,0.450528071182797,0.411522018142322,0.0577223550141352
25970,0.329271562204595,0.368406835307452,0.206277445216938,0.0960441572710158
25971,0.346757535201803,0.281919566374152,0.305968098470069,0.0653547999539756
25972,0.216257742508605,0.393334588692838,0.249213757627596,0.141193911170961
25973,0.212533735688462,0.315069335976016,0.379960058655892,0.0924368696796296
25974,0.495720270566944,0.110850299750876,0.184580443078575,0.208848986603605
25975,0.116766055640038,0.464150953138759,0.275952727761537,0.143130263459666
25976,0.117582851066252,0.327603958938786,0.234558274458263,0.320254915536699
25977,0.399939266240052,0.214064492770012,0.326785451102533,0.0592107898874031
25978,0.295242429581629,0.524789747380129,0.132867340964655,0.0471004820735865
25979,0.517628230725743,0.117279981402199,0.291976861974735,0.0731149258973242
25980,0.141022375140377,0.397190621536806,0.385625807558496,0.0761611957643204
25981,0.409832995280394,0.222808769205245,0.308911286824058,0.058446948690303
25982,0.140655552128148,0.127467390245605,0.63170566339548,0.100171394230768
25983,0.42578365706268,0.29669230370992,0.176820048267149,0.100703990960251
25984,0.317251180622377,0.141252909917141,0.320042892097287,0.221453017363195
25985,0.211578208373543,0.217060259513079,0.0645690497636111,0.506792482349766
25986,0.468978427435801,0.092075630298411,0.225234581009836,0.213711361255952
25987,0.14541781212856,0.246953058184096,0.56044464085356,0.0471844888337845
25988,0.101735733289786,0.455700571765202,0.359272484696619,0.0832912102483925
25989,0.0757159656146354,0.191547853708429,0.2232862364401,0.509449944236836
25990,0.106707898867767,0.221654430734467,0.534429180306138,0.137208490091628
25991,0.265759509891142,0.148877802780455,0.137706861093553,0.44765582623485
25992,0.0668747107170859,0.369717781430606,0.454938087371217,0.10846942048109
25993,0.254526687006555,0.381632487000996,0.139918724407258,0.223922101585191
25994,0.226198507766015,0.161977628030575,0.183461246865247,0.428362617338163
25995,0.279406057957255,0.427518832916706,0.157405317723395,0.135669791402645
25996,0.289702470661486,0.314058421103195,0.294438952506169,0.101800155729149
25997,0.362510587088198,0.304320579106796,0.181602455515454,0.151566378289552
25998,0.316725902985937,0.251350938442341,0.279529698215573,0.15239346035615
25999,0.173155776969237,0.401689044147195,0.356472610723315,0.0686825681602534
26000,0.227012880563209,0.479266880353393,0.137906283460406,0.155813955622993
26001,0.309987037113266,0.440853860770971,0.137209345334673,0.111949756781091
26002,0.393419497798792,0.285053055331233,0.22021792294124,0.101309523928736
26003,0.387566166299665,0.133487716810893,0.168251980907461,0.310694135981981
26004,0.18184752603661,0.424673173109399,0.184522832199397,0.208956468654594
26005,0.119256309698947,0.239005760273136,0.377441063793053,0.264296866234863
26006,0.206235129710874,0.251346249541345,0.228645520888308,0.313773099859473
26007,0.240474903040925,0.36840880945985,0.322888365705196,0.0682279217940285
26008,0.237863622103534,0.117689320592288,0.526463041236074,0.117984016068104
26009,0.160606162599155,0.660943847757131,0.108279452891425,0.0701705367522889
26010,0.254380655596366,0.251824648154846,0.169798085501036,0.323996610747753
26011,0.510273148854349,0.192348435942038,0.224654173250522,0.0727242419530908
26012,0.255877037264695,0.287627231202357,0.274282313165174,0.182213418367774
26013,0.164773097888623,0.260901135263245,0.337500416827792,0.236825350020341
26014,0.328278824102823,0.308704887613436,0.197364621696701,0.16565166658704
26015,0.195935675144818,0.403884873877351,0.297678262846274,0.102501188131557
26016,0.347064924099082,0.255904652301388,0.255086826264506,0.141943597335024
26017,0.48732905505842,0.149366971799005,0.220912709834396,0.142391263308179
26018,0.284898824381281,0.389376628403591,0.0959887107923597,0.229735836422769
26019,0.125167440383701,0.447120321214631,0.246922315914852,0.180789922486816
26020,0.265464812869627,0.191194734653183,0.355267456444768,0.188072996032423
26021,0.134237799405133,0.493330790736073,0.149600434070423,0.222830975788372
26022,0.413479229701786,0.223678717388965,0.125737090681788,0.237104962227461
26023,0.134113129434258,0.415528240730065,0.306787451016304,0.143571178819372
26024,0.275549402294744,0.143706874448219,0.469558199233514,0.111185524023523
26025,0.216221582138715,0.416085525687199,0.118934880546811,0.248758011627275
26026,0.154041162942779,0.348772442390901,0.135590355679585,0.361596038986735
26027,0.238272216515983,0.0994460598118551,0.491439398841036,0.170842324831126
26028,0.298898720428803,0.193530953582847,0.0865885802416447,0.420981745746705
26029,0.146679185202343,0.264689844626236,0.21760015627446,0.371030813896962
26030,0.185399171501385,0.166732402439676,0.121764463080986,0.526103962977953
26031,0.331510949009465,0.273959892539837,0.268484861800255,0.126044296650443
26032,0.349528178816822,0.33250361203306,0.204640357095592,0.113327852054526
26033,0.281370854596182,0.422222211149033,0.142514846238088,0.153892088016697
26034,0.23828562129004,0.147500017714738,0.45042926133901,0.163785099656212
26035,0.367576494654649,0.120521932013422,0.333002968081692,0.178898605250237
26036,0.339799329577674,0.0922865901896381,0.405475860584787,0.162438219647901
26037,0.1706552853084,0.66709997713237,0.0974517446202698,0.0647929929389596
26038,0.0618636758847587,0.477957656316844,0.242561663683685,0.217617004114712
26039,0.438362360332728,0.0927369811524266,0.2794680239355,0.189432634579345
26040,0.102716511050285,0.266110182116161,0.546062544216783,0.0851107626167708
26041,0.304526326376443,0.320090289463905,0.185598258487064,0.189785125672588
26042,0.189682604253457,0.388000863772123,0.120392222819823,0.301924309154597
26043,0.162655467494325,0.245414624180772,0.508790181188208,0.0831397271366954
26044,0.56092464438524,0.196754371880638,0.149310918346295,0.0930100653878265
26045,0.186255436373983,0.496038138239562,0.179575667083568,0.138130758302888
26046,0.250445462293938,0.208951554996809,0.173109762253688,0.367493220455565
26047,0.211600077002219,0.084088793024738,0.450936933801992,0.253374196171051
26048,0.0934997111422182,0.301894890036383,0.343099443706641,0.261505955114758
26049,0.219709867455519,0.203505935223181,0.480593273659103,0.0961909236621963
26050,0.248029456672616,0.259149339254816,0.415474313598905,0.0773468904736631
26051,0.172315208718721,0.460457736921415,0.180115717534464,0.1871113368254
26052,0.137579615015411,0.389744464382403,0.195078295452111,0.277597625150075
26053,0.219286588562405,0.363406111849034,0.323684251768131,0.0936230478204297
26054,0.241002180858445,0.358922940377453,0.216120720459925,0.183954158304178
26055,0.399492476101095,0.33160101003265,0.137926756796373,0.130979757069882
26056,0.403928205419757,0.143681007355217,0.251845390973623,0.200545396251403
26057,0.448976248597898,0.225670561246739,0.238230952180125,0.0871222379752387
26058,0.132276482784267,0.574663009797956,0.111181231727558,0.181879275690219
26059,0.502525705311305,0.254473673851301,0.185835697266292,0.0571649235711027
26060,0.531540316466113,0.233081454491525,0.138692209518883,0.0966860195234794
26061,0.398817270771202,0.236076772807694,0.224639592336287,0.140466364084817
26062,0.294348784722222,0.212331874725229,0.351932374504314,0.141386966048234
26063,0.53562457945368,0.0500001962208179,0.237133976359148,0.177241247966354
26064,0.194965571772083,0.146308702046341,0.48581044144813,0.172915284733447
26065,0.582474182688759,0.189585030085251,0.131346667314326,0.0965941199116645
26066,0.25863900153333,0.423020829444981,0.1286744581689,0.18966571085279
26067,0.423446902454117,0.330357161453175,0.144378817336468,0.10181711875624
26068,0.136814117493593,0.578533308754814,0.159592300772148,0.125060272979445
26069,0.140534310071077,0.0856328997220795,0.706855109555002,0.0669776806518408
26070,0.520266402588953,0.239653459098961,0.119808120647363,0.120272017664723
26071,0.499448140315505,0.143554194951641,0.221881592040739,0.135116072692114
26072,0.302227630812073,0.316374436405124,0.311529139411164,0.0698687933716388
26073,0.223700613333543,0.384283676435421,0.284183371368863,0.107832338862172
26074,0.197256258482638,0.276695737697558,0.466351218614745,0.059696785205059
26075,0.195804915184741,0.390001108855364,0.302169510458054,0.112024465501841
26076,0.256635040479939,0.120405088657774,0.511798674632659,0.111161196229628
26077,0.0863620261438468,0.553397000373403,0.270753923847165,0.089487049635585
26078,0.20825020367225,0.195654512224196,0.569158465194667,0.0269368189088879
26079,0.157662256763775,0.270327744645834,0.375305741406224,0.196704257184166
26080,0.143280272153693,0.581369435654164,0.199955799995137,0.0753944921970055
26081,0.132918269660117,0.24129792843051,0.546856321075195,0.0789274808341775
26082,0.28898107598869,0.138013254608035,0.393733623055432,0.179272046347844
26083,0.193903189979961,0.3432736158885,0.247436190998216,0.215387003133323
26084,0.0826990328584835,0.424076063783752,0.338564207634482,0.154660695723283
26085,0.246329588953217,0.224238352066144,0.299908385944657,0.229523673035982
26086,0.487759960084286,0.144762884605498,0.193724831142047,0.173752324168169
26087,0.136674401558148,0.367455795412466,0.386759693193798,0.109110109835588
26088,0.134739993881741,0.259116892973189,0.245577956754615,0.360565156390456
26089,0.294953842565844,0.145901523233258,0.241452114148051,0.317692520052847
26090,0.367341565424614,0.111757909075951,0.315712670943023,0.205187854556413
26091,0.116759134678889,0.11304251710817,0.600685206498002,0.169513141714938
26092,0.245561417003726,0.279674927645246,0.0392043056029525,0.435559349748076
26093,0.349724931667585,0.221749301578957,0.133236117806996,0.295289648946463
26094,0.277606640010618,0.0510570858632997,0.18452894069058,0.486807333435502
26095,0.0576112321154255,0.245506904358305,0.245284593870481,0.451597269655789
26096,0.509813321284038,0.191777965312529,0.106919241230933,0.191489472172499
26097,0.0482700951377028,0.541957203270401,0.0713510258814232,0.338421675710473
26098,0.664310108977244,0.107961414489738,0.0891870437648344,0.138541432768184
26099,0.108023279187809,0.291370506637787,0.0895768057479062,0.511029408426498
26100,0.459185816958991,0.128941777468695,0.171300489994345,0.240571915577969
26101,0.50578395487227,0.286909821542223,0.0811503546465449,0.126155868938962
26102,0.122916032158066,0.0991624623493729,0.12772437995094,0.650197125541622
26103,0.0801219101617105,0.55563762204715,0.163691365258513,0.200549102532627
26104,0.0742298020098413,0.122030998694009,0.177168576059511,0.626570623236639
26105,0.298279808302694,0.0898470309992857,0.0679085494427712,0.543964611255249
26106,0.0481798482171642,0.525149425550249,0.169993000976271,0.256677725256316
26107,0.203267101031703,0.563338437277001,0.121838640413776,0.11155582127752
26108,0.281863044094751,0.251064659498169,0.248425367620544,0.218646928786536
26109,0.189203101117897,0.281792231017737,0.33674428203173,0.192260385832636
26110,0.429722266874978,0.178746639797199,0.261422985593111,0.130108107734711
26111,0.157893740079224,0.159702825437715,0.480224796243033,0.202178638240029
26112,0.0983296826762985,0.512736621574628,0.207904672079027,0.181029023670046
26113,0.313999182023694,0.385007401507031,0.129667078872375,0.171326337596899
26114,0.25313376488038,0.453828365877126,0.190477276594205,0.102560592648288
26115,0.2221033552395,0.0985567533238154,0.575803298741616,0.103536592695068
26116,0.130883976443569,0.213228671503641,0.441727292125585,0.214160059927205
26117,0.422021115380898,0.213407170866032,0.137407203613071,0.227164510139999
26118,0.412320831543364,0.198713100373897,0.106479302791927,0.282486765290812
26119,0.197941443458312,0.585264212915199,0.128120378754279,0.0886739648722096
26120,0.172006123595987,0.441808811827277,0.183277008863429,0.202908055713308
26121,0.39340390259266,0.0778691802067506,0.280371628533913,0.248355288666677
26122,0.101683715826569,0.232830579953451,0.353730766873131,0.311754937346849
26123,0.168667059530846,0.172051805789919,0.391101936835977,0.268179197843258
26124,0.227655871130856,0.136318654756761,0.361516011150866,0.274509462961517
26125,0.393622497613843,0.184060279485568,0.253385967406889,0.1689312554937
26126,0.565672856037474,0.0575263353311564,0.126555956863022,0.250244851768347
26127,0.508309236699414,0.236924734956308,0.13931557840622,0.115450449938057
26128,0.243924430013651,0.16663834027298,0.110719729558721,0.478717500154648
26129,0.220828070458615,0.240458186700707,0.427709443851184,0.111004298989494
26130,0.382377414370827,0.185481178763657,0.104719517873656,0.32742188899186
26131,0.343018911577247,0.0618605452653137,0.249404090491532,0.345716452665907
26132,0.191579067637434,0.0651412900654976,0.414739297154672,0.328540345142397
26133,0.088962075832309,0.465002835969466,0.216733927453049,0.229301160745176
26134,0.168628477214623,0.623723033412813,0.0785839923017014,0.129064497070863
26135,0.110357395242674,0.245521164282677,0.293941132164301,0.350180308310349
26136,0.351696158976247,0.251643987374452,0.0996964956657023,0.296963357983599
26137,0.151999100315146,0.436322177798148,0.137204904799068,0.274473817087638
26138,0.0881935625393987,0.204179249977198,0.050426054261989,0.657201133221414
26139,0.173446237295931,0.511031508125718,0.059152111037429,0.256370143540923
26140,0.16554140144576,0.0449364866147723,0.42151766934429,0.368004442595178
26141,0.165340937129602,0.107350790655088,0.111953976625313,0.615354295589997
26142,0.04325340807102,0.532622810257074,0.136741682630632,0.287382099041274
26143,0.0727938168879225,0.30083765098442,0.344370587345171,0.281997944782487
26144,0.0272515040345002,0.0814634377838916,0.487293165890807,0.403991892290801
26145,0.359722445376849,0.108648842006443,0.342982517719299,0.188646194897409
26146,0.180692731017783,0.169169253353873,0.515177784018294,0.13496023161005
26147,0.389233392902593,0.303576997261379,0.192921903594754,0.114267706241275
26148,0.409180333889013,0.207965099565859,0.298334216767999,0.0845203497771288
26149,0.081479166555022,0.571681035704455,0.22184936912106,0.124990428619464
26150,0.262105343511497,0.241857066656234,0.167044851221175,0.328992738611094
26151,0.279201072480833,0.385403575103408,0.189504640249443,0.145890712166316
26152,0.0778439809714242,0.533083838534364,0.180067789971916,0.209004390522296
26153,0.115135450024568,0.132084077890025,0.562678294686416,0.19010217739899
26154,0.181566057708375,0.161677519543547,0.364300099053279,0.292456323694799
26155,0.054358578521777,0.591229474763427,0.223050572124067,0.131361374590729
26156,0.257462829807221,0.335142358384237,0.215087532204634,0.192307279603908
26157,0.153234458222881,0.279794331086378,0.465936217738851,0.101034992951889
26158,0.552350707210408,0.2022380316901,0.159203911136276,0.0862073499632165
26159,0.225586647035104,0.151966906993349,0.453066795218478,0.169379650753068
26160,0.188053281895903,0.229577416215094,0.32128918960464,0.261080112284363
26161,0.113353504080712,0.394306934969919,0.237512555461746,0.254827005487622
26162,0.313069594449507,0.0716697775890456,0.523054613563493,0.0922060143979547
26163,0.49690981292821,0.110624330474268,0.207436914270268,0.185028942327255
26164,0.0558804966664914,0.326712379845204,0.446799197191347,0.170607926296957
26165,0.356883259120916,0.196577446041184,0.225346751074557,0.221192543763343
26166,0.165167252698479,0.083759718452475,0.670023112542372,0.0810499163066736
26167,0.104263564287302,0.32045393510387,0.202753308641027,0.372529191967801
26168,0.0696487391076229,0.412410117140536,0.40019646274332,0.117744681008522
26169,0.62538467269125,0.0411554626172877,0.196460137985301,0.136999726706162
26170,0.0563078410228308,0.609641707917147,0.202554404333805,0.131496046726218
26171,0.107619800368419,0.106451151034401,0.731065569487009,0.0548634791101705
26172,0.135493472602075,0.450317683070492,0.20419835178862,0.209990492538813
26173,0.0611404868884652,0.303630448288462,0.520712740451084,0.114516324371989
26174,0.127675734624068,0.233835191661806,0.412680738239539,0.225808335474588
26175,0.0337002599599732,0.791253025326988,0.0113351608787547,0.163711553834284
26176,0.194096408431849,0.0841303028937575,0.602630478174056,0.119142810500338
26177,0.0176063500214959,0.0359842270983915,0.527148986032475,0.419260436847638
26178,0.0196904909466022,0.258742951302753,0.0704919565872975,0.651074601163347
26179,0.595568416286256,0.158958444945449,0.0262121376714714,0.219261001096824
26180,0.406744606820082,0.209737690187668,0.0416316973625508,0.3418860056297
26181,0.296169297149264,0.121346805950982,0.115873897959,0.466609998940754
26182,0.0179155072641391,0.617751175274783,0.138227272164999,0.226106045296079
26183,0.286436122596806,0.230743623427245,0.438281263477126,0.0445389904988231
26184,0.0790042911280635,0.223471912658662,0.503318497089722,0.194205299123552
26185,0.441008295446595,0.399959599177579,0.112452919496795,0.0465791858790308
26186,0.152196369266535,0.194565593815861,0.509393102210494,0.14384493470711
26187,0.441804863541292,0.332662324540262,0.104385821114307,0.121146990804139
26188,0.158577010426585,0.305241785043361,0.425802433859778,0.110378770670277
26189,0.448454832307959,0.127781935588813,0.25180713593327,0.171956096169958
26190,0.412632999253206,0.276396754789601,0.198696898687263,0.11227334726993
26191,0.347370172788365,0.329981590362668,0.20718878429165,0.115459452557318
26192,0.145453254557369,0.139586907938506,0.618546724840459,0.0964131126636653
26193,0.241776411597643,0.250399931234326,0.351627894292048,0.156195762875983
26194,0.248175245110559,0.566865209543978,0.0765581115292506,0.108401433816212
26195,0.115882371942875,0.401442024852902,0.339665024242894,0.143010578961328
26196,0.251585338159611,0.063690141760566,0.532696474872956,0.152028045206867
26197,0.161334316137119,0.286408871250784,0.158961924954538,0.393294887657559
26198,0.196129458982595,0.716009792254085,0.0554689948082256,0.032391753955094
26199,0.381449718803768,0.109605719022415,0.0985674788606359,0.410377083313181
26200,0.11587316208227,0.323406371393577,0.198156267226585,0.362564199297568
26201,0.593695497372028,0.198735564914337,0.0618721153597823,0.145696822353852
26202,0.482252366152056,0.131456633635337,0.294622282811603,0.091668717401004
26203,0.44160765227536,0.366351992637406,0.0874986695105406,0.104541685576694
26204,0.329204213176727,0.22798186407602,0.248762234158852,0.194051688588401
26205,0.143202990026047,0.390728332001902,0.285533175413136,0.180535502558915
26206,0.323008398501315,0.17783910222378,0.0932089952535846,0.405943504021321
26207,0.26622284930787,0.287712977077138,0.247631884336706,0.198432289278287
26208,0.507406004796366,0.145877445927182,0.215797155166021,0.130919394110431
26209,0.336769756131929,0.516965961311275,0.0320184172311564,0.11424586532564
26210,0.646937878037972,0.141953695883493,0.0809183138297183,0.130190112248817
26211,0.318269560342865,0.453752010951442,0.0810044262062084,0.146974002499485
26212,0.183067479707519,0.453987957135778,0.156997386986861,0.205947176169842
26213,0.470257986226376,0.262861348204465,0.106144850477137,0.160735815092022
26214,0.0968404683963435,0.151490908703536,0.601437156184728,0.150231466715393
26215,0.16376833085525,0.515952676188726,0.0662937323172394,0.253985260638785
26216,0.138297429973695,0.206131152370987,0.420079359945746,0.235492057709572
26217,0.197283479710379,0.0745760878170959,0.24785559246009,0.480284840012436
26218,0.0981210357992553,0.660497994767096,0.16397115958234,0.0774098098513086
26219,0.433314018127085,0.0853842442220653,0.177205109607284,0.304096628043566
26220,0.0721852027081699,0.209126079682654,0.638675058605604,0.0800136590035714
26221,0.245427416281565,0.201116059184711,0.475490533727158,0.0779659908065654
26222,0.512627879144271,0.14634360915857,0.294585853608636,0.0464426580885233
26223,0.133202553634426,0.425081505525175,0.378188886543564,0.0635270542968353
26224,0.242001227415123,0.260583349734186,0.437650124952875,0.0597652978978158
26225,0.104405389168944,0.156268690890891,0.655664800895617,0.0836611190445479
26226,0.221467080175781,0.529619299878019,0.192939099301385,0.0559745206448156
26227,0.329678126302697,0.331986834778567,0.215490078297627,0.122844960621108
26228,0.260621267332279,0.18494903948891,0.468505064081565,0.0859246290972456
26229,0.248854487623551,0.306134657839855,0.154680182609451,0.290330671927143
26230,0.183226535491923,0.601985770453531,0.170625240999034,0.0441624530555117
26231,0.398694597686118,0.157365154320177,0.321471557089376,0.122468690904328
26232,0.316795709423912,0.293643019855533,0.26920270649161,0.120358564228945
26233,0.592424461198595,0.121099429884994,0.187915112871381,0.09856099604503
26234,0.409089275519125,0.260732904202445,0.249391559226434,0.0807862610519969
26235,0.147349538449395,0.294950055937691,0.222218522721215,0.335481882891699
26236,0.19530150876199,0.326583197857171,0.36673530950652,0.111379983874319
26237,0.107013273218523,0.519078489264731,0.105724303982783,0.268183933533964
26238,0.166088257910768,0.574422039810853,0.131466985391319,0.12802271688706
26239,0.277617868034983,0.277288395457718,0.224349787171379,0.22074394933592
26240,0.480427632956735,0.109069811511957,0.311457289203748,0.0990452663275596
26241,0.271009940588975,0.249476111812675,0.417851725001325,0.0616622225970247
26242,0.216224068529653,0.447940758546104,0.238066128311573,0.09776904461267
26243,0.290515840134232,0.483681658168031,0.131654361670783,0.0941481400269548
26244,0.136388017186526,0.354591120293346,0.353678487673614,0.155342374846514
26245,0.197284774123012,0.24605181020497,0.479309257448521,0.0773541582234975
26246,0.306091830448285,0.332454164732985,0.308740089835497,0.0527139149832327
26247,0.410697416742619,0.267921143523582,0.218927747246586,0.102453692487213
26248,0.141359138674879,0.54085911743891,0.225563767134163,0.0922179767520488
26249,0.297644143621508,0.295625595004182,0.201968070665439,0.204762190708871
26250,0.430670031202886,0.174611186640136,0.232296971998454,0.162421810158525
26251,0.0946387948655707,0.132871915863948,0.256939580964499,0.515549708305983
26252,0.145099316960624,0.626229373926336,0.0869365151207057,0.141734793992334
26253,0.16623481737485,0.357703126998253,0.235587023885197,0.240475031741699
26254,0.216907355336713,0.119211524836253,0.529460353824328,0.134420766002706
26255,0.0939644208418925,0.266774800113675,0.175616363518881,0.463644415525551
26256,0.390514615264531,0.215686281872836,0.276511912645325,0.117287190217308
26257,0.182184417324279,0.103229668730188,0.444687664981038,0.269898248964495
26258,0.0885170810614717,0.228295753045829,0.556977821553992,0.126209344338708
26259,0.390293304811623,0.131645740612103,0.309562599959496,0.168498354616777
26260,0.328705529503297,0.293285534649065,0.21200007100985,0.166008864837789
26261,0.21213782558601,0.327428608207627,0.147921199911023,0.31251236629534
26262,0.564871476896942,0.197345964984722,0.0994994944310519,0.138283063687284
26263,0.108273623218231,0.591535991419143,0.133757390832662,0.166432994529964
26264,0.289084290147459,0.173305166044838,0.271776976846154,0.265833566961549
26265,0.218686418332757,0.335600755915576,0.154903382823464,0.290809442928202
26266,0.279024209072975,0.157264662404614,0.320301583667616,0.243409544854795
26267,0.285409782406029,0.0677168881930638,0.474273263962957,0.172600065437951
26268,0.288921414627149,0.0373844787211817,0.508147659131121,0.165546447520548
26269,0.428473572461886,0.147307760941539,0.134600569361191,0.289618097235384
26270,0.304337105115089,0.356731406376535,0.174507463250229,0.164424025258147
26271,0.272796110647424,0.140994674167287,0.466378518539242,0.119830696646047
26272,0.157384118932001,0.527047180130203,0.0982388771325105,0.217329823805286
26273,0.411736257131093,0.226816365505905,0.13431469569839,0.227132681664612
26274,0.618686960363935,0.169568507651554,0.117280414863156,0.0944641171213549
26275,0.12137424755319,0.708718975290724,0.0501314208008899,0.119775356355196
26276,0.224748903247754,0.0961830881281547,0.391088030321783,0.287979978302308
26277,0.0653183838571492,0.058343855004126,0.435892886566493,0.440444874572231
26278,0.21094596413231,0.372108491056949,0.244826407652597,0.172119137158145
26279,0.179696775063503,0.398041101879486,0.302867633416996,0.119394489640015
26280,0.493317434130333,0.150310431912705,0.188806099010683,0.167566034946279
26281,0.256376572708257,0.277261343204473,0.269810396425647,0.196551687661623
26282,0.228336697173241,0.462165581621722,0.168415935153949,0.141081786051088
26283,0.330837929929873,0.192990811471055,0.242897288754963,0.233273969844109
26284,0.2361814913187,0.388917031737648,0.160629222959677,0.214272253983976
26285,0.205767981289046,0.219085941789853,0.426319812841736,0.148826264079365
26286,0.465390052255126,0.320787321696441,0.154146599210071,0.0596760268383619
26287,0.166796352962579,0.288029573148681,0.320197121355348,0.224976952533392
26288,0.251386671313842,0.310448205268207,0.302868531204221,0.135296592213729
26289,0.216031789968393,0.384812276249218,0.17999583690738,0.21916009687501
26290,0.242462807923034,0.221329701178202,0.458914485303583,0.0772930055951816
26291,0.25798899306766,0.305435979659395,0.302998932384462,0.133576094888483
26292,0.122889122000892,0.237032763956038,0.363111713723592,0.276966400319478
26293,0.1291720569257,0.282802118237991,0.19907655372245,0.388949271113858
26294,0.190984892940474,0.48095618976672,0.247074562787624,0.0809843545051814
26295,0.279677601357137,0.279771925193926,0.250282592113225,0.190267881335713
26296,0.135887199605131,0.196038389568392,0.315246855444166,0.35282755538231
26297,0.284367202486174,0.194667519338863,0.317931148841369,0.203034129333594
26298,0.113506724604008,0.117325410197656,0.69469788770339,0.0744699774949454
26299,0.109733205015083,0.460004991115121,0.337792422713783,0.0924693811560123
26300,0.21652447290476,0.144373806465599,0.35903044479131,0.280071275838331
26301,0.136735022730686,0.417818422581899,0.227079917640901,0.218366637046514
26302,0.0740153322048687,0.707726197069102,0.128986348349497,0.089272122376533
26303,0.316016178143707,0.318058989027911,0.176685338214289,0.189239494614093
26304,0.164964369517249,0.0980225928730152,0.479430982781755,0.257582054827981
26305,0.492562639860097,0.262899812981533,0.0672533605592911,0.177284186599079
26306,0.383994986422439,0.0928327383495694,0.144887186952233,0.378285088275759
26307,0.0900878005264599,0.541823120946746,0.287654337007113,0.0804347415196816
26308,0.364813651360748,0.0682879131537993,0.143934250144279,0.422964185341174
26309,0.0524177713297542,0.421676130658202,0.156231045838955,0.36967505217309
26310,0.104174833412045,0.222386229848161,0.566394102321245,0.107044834418549
26311,0.532067747523249,0.229855721848772,0.139763272952424,0.0983132576755553
26312,0.190993382413086,0.562130969456207,0.175009287963989,0.0718663601667183
26313,0.1301090471986,0.40380556667634,0.247820406320967,0.218264979804092
26314,0.0545812520530056,0.483997794285013,0.136748801222756,0.324672152439225
26315,0.429245762999399,0.139200559798019,0.0947869977289556,0.336766679473626
26316,0.135125278198752,0.100879659630553,0.234365678634657,0.529629383536038
26317,0.201567752201931,0.219271289249534,0.237797402912528,0.341363555636007
26318,0.153671218937471,0.179942944171758,0.215361759826874,0.451024077063897
26319,0.56678880029316,0.0485524095731866,0.11827004169464,0.266388748439014
26320,0.0992676250767522,0.262049417791024,0.0909500859173611,0.547732871214863
26321,0.430897103457609,0.146971155831616,0.20033624299573,0.221795497715046
26322,0.387056272401019,0.206035073536445,0.236337784006262,0.170570870056274
26323,0.0903824072797564,0.610181585690233,0.159927106088027,0.139508900941984
26324,0.114777674721542,0.231703929340404,0.115814386386739,0.537704009551315
26325,0.195237425112398,0.0729295203317916,0.383131108822669,0.348701945733141
26326,0.633930139509163,0.129163820957096,0.143737511941554,0.0931685275921874
26327,0.533064325048026,0.0784935361081727,0.0587478264501824,0.329694312393619
26328,0.216668334385842,0.547946140419541,0.0415030680561157,0.193882457138501
26329,0.125332753770707,0.0979950899828427,0.43162736014371,0.345044796102741
26330,0.0743701111657294,0.162298759963827,0.113987455803868,0.649343673066576
26331,0.313574668235839,0.0901641294100841,0.117230256508996,0.47903094584508
26332,0.0967895634408697,0.462841931413334,0.0451815634461455,0.39518694169965
26333,0.16728221626853,0.067104881507936,0.162250334734645,0.603362567488889
26334,0.438403189753257,0.0975858925714783,0.057847862524722,0.406163055150543
26335,0.146655870451952,0.372469518601416,0.346714544498932,0.1341600664477
26336,0.184629869028313,0.323689372556705,0.214489053115505,0.277191705299477
26337,0.424428040806269,0.0795933019576226,0.427707245831415,0.0682714114046934
26338,0.0724042566118411,0.414594153290562,0.0975017832803968,0.4154998068172
26339,0.106473280093725,0.514437576463898,0.135640082971544,0.243449060470833
26340,0.221477591730217,0.109445904070737,0.16068876807221,0.508387736126836
26341,0.0437577194355065,0.130711872608772,0.757288635494784,0.0682417724609372
26342,0.391155215583656,0.263462977950023,0.242350325673905,0.103031480792416
26343,0.340780942790337,0.31953132411207,0.22201468624642,0.117673046851174
26344,0.230454799445488,0.315622696114152,0.286685790434617,0.167236714005743
26345,0.322552487269315,0.162606472021322,0.456985675091038,0.0578553656183254
26346,0.0643956547048944,0.103726330933816,0.163057928582606,0.668820085778683
26347,0.173107159360552,0.713534189706197,0.0356805820259386,0.0776780689073118
26348,0.086754859206807,0.177489396198621,0.595991205448273,0.139764539146299
26349,0.0847816884727683,0.149104102108218,0.579535030885322,0.186579178533692
26350,0.258898868165691,0.121626047729707,0.235532060532951,0.383943023571651
26351,0.0289411446484851,0.535397970280296,0.280520612625248,0.15514027244597
26352,0.108585558642135,0.161454997357524,0.111433332745383,0.618526111254958
26353,0.0621771672733572,0.457134156987867,0.125978582319024,0.354710093419752
26354,0.358000323819533,0.309855069146441,0.159066299636196,0.173078307397831
26355,0.236083732012389,0.152424677979054,0.234175493862735,0.377316096145822
26356,0.257888017061469,0.17649383031337,0.494574700966573,0.0710434516585887
26357,0.0680873426719438,0.246184722630409,0.348911832495151,0.336816102202497
26358,0.159019693102411,0.285816610168495,0.460862030781853,0.0943016659472416
26359,0.187636442049499,0.314250068727079,0.150055758798017,0.348057730425406
26360,0.349028452837163,0.270862904328792,0.262605548811954,0.11750309402209
26361,0.165504858364131,0.178972415563378,0.441489767853753,0.214032958218739
26362,0.201155372285358,0.189510642606723,0.25073574412197,0.358598240985949
26363,0.0522725771651353,0.426002060699123,0.195130105342245,0.326595256793497
26364,0.58630587828188,0.188395669915796,0.0977478979583099,0.127550553844014
26365,0.0239733014184476,0.458787000850522,0.175151464948869,0.342088232782161
26366,0.33301148830359,0.207585599491003,0.262204026716126,0.197198885489281
26367,0.329434089990294,0.0893668479480049,0.144728295746908,0.436470766314793
26368,0.134820367515571,0.10909643004522,0.571941129290916,0.184142073148293
26369,0.109056093560696,0.442233531047942,0.169451516822188,0.279258858569174
26370,0.5910304030985,0.216266309366738,0.0795294007657118,0.11317388676905
26371,0.0908216639816367,0.109411823920146,0.196582904912009,0.603183607186209
26372,0.296257340005893,0.513771709207542,0.08443498223715,0.105535968549415
26373,0.165498309896737,0.61534331542587,0.108033470230707,0.111124904446686
26374,0.111106769634924,0.119039904160421,0.243549974915252,0.526303351289404
26375,0.138996576726998,0.209124511710352,0.530074565938608,0.121804345624042
26376,0.463561701463137,0.247257962982904,0.124178436292314,0.165001899261646
26377,0.176421516250838,0.221006073781542,0.151232380739769,0.451340029227851
26378,0.130467795429535,0.138613894844741,0.353775702979101,0.377142606746623
26379,0.106349403362528,0.207089242982783,0.550931562515279,0.135629791139411
26380,0.147566072139548,0.25159375743463,0.300345279863426,0.300494890562396
26381,0.555379557084915,0.185810425905207,0.145210110927689,0.113599906082189
26382,0.243260209719396,0.24709848977756,0.254730214114274,0.25491108638877
26383,0.154600653705188,0.592357746735108,0.135294350779845,0.11774724877986
26384,0.247183789503414,0.104933216691096,0.340734313244599,0.307148680560891
26385,0.0662664743451699,0.281222695936352,0.0929241229204369,0.559586706798041
26386,0.0493294830627674,0.12893150578302,0.470832845492612,0.3509061656616
26387,0.103804407628325,0.192881876051048,0.170618637731447,0.53269507858918
26388,0.192016681296045,0.153178655272778,0.301863230375619,0.352941433055558
26389,0.142865899576439,0.407006906546114,0.25850852489243,0.191618668985017
26390,0.227204881873847,0.38537896288797,0.204913966497553,0.18250218874063
26391,0.24566916913219,0.287356192454774,0.411801239371142,0.055173399041894
26392,0.158757808861489,0.373726614082064,0.361184876015944,0.106330701040504
26393,0.136326595905245,0.267592660915399,0.330046360864872,0.266034382314484
26394,0.377811337294943,0.222436018410079,0.204117580987916,0.195635063307063
26395,0.468544401598095,0.279439784177083,0.0771396643132725,0.17487614991155
26396,0.287239232332665,0.244727378998061,0.226716847944148,0.241316540725126
26397,0.277070464598743,0.209833519887244,0.317692742009215,0.195403273504798
26398,0.176984706762349,0.390267409710942,0.109740566692857,0.323007316833851
26399,0.172205928456652,0.464369837212708,0.163746363370339,0.199677870960302
26400,0.23474271436844,0.182088146564478,0.283184614953595,0.299984524113487
26401,0.148691050621227,0.389434478842803,0.313468230618597,0.148406239917372
26402,0.0378007106110409,0.556033798558175,0.171787112499129,0.234378378331656
26403,0.195605847435564,0.592760339421068,0.0802445782933379,0.13138923485003
26404,0.509069447380998,0.109915051771465,0.194277087964343,0.186738412883193
26405,0.0918400000626849,0.695575903408514,0.0985919027443629,0.113992193784438
26406,0.272882538823116,0.106778395002326,0.500280461230148,0.12005860494441
26407,0.165810935487231,0.21206607914406,0.365451313252507,0.256671672116203
26408,0.242894692638085,0.122071645093416,0.357405904591082,0.277627757677417
26409,0.263748250968176,0.435255376594465,0.158411829987289,0.14258454245007
26410,0.0778731747717964,0.104305799210135,0.516600496948149,0.301220529069919
26411,0.220605588005893,0.424141119787847,0.257210457063087,0.0980428351431739
26412,0.261896404685048,0.366294619489598,0.232140238608972,0.139668737216382
26413,0.230172875077541,0.132167488124199,0.450374677988947,0.187284958809313
26414,0.164528291001197,0.289079517075461,0.320774438770927,0.225617753152416
26415,0.35939567745581,0.475844284400363,0.0903723988379233,0.0743876393059044
26416,0.171733184024945,0.216416001863311,0.489875015093563,0.121975799018181
26417,0.227515270216481,0.382695391074485,0.146069979594118,0.243719359114917
26418,0.289618356847703,0.236094174763305,0.118534395956277,0.355753072432715
26419,0.154746373259428,0.335390683259215,0.256244550332536,0.253618393148821
26420,0.474879817488116,0.147026661355936,0.184014016083893,0.194079505072055
26421,0.611733587799511,0.184623232371695,0.115054807924858,0.0885883719039359
26422,0.262769625424135,0.115607016044284,0.337718744118273,0.283904614413308
26423,0.142600625701211,0.377048460106605,0.271799377638506,0.208551536553678
26424,0.479078482866245,0.159885500137684,0.136459425756749,0.224576591239322
26425,0.192773547388028,0.196488276237159,0.434464297731968,0.176273878642845
26426,0.140542905240954,0.184662947909946,0.429629438363007,0.245164708486093
26427,0.156692144713183,0.45784274572862,0.220309889751989,0.165155219806208
26428,0.34052671029373,0.323214115714593,0.0940944525174199,0.242164721474257
26429,0.0540695767390152,0.671758996354156,0.178619901661095,0.0955515252457336
26430,0.130270587050776,0.267229467007326,0.547446119754768,0.0550538261871301
26431,0.268136527781278,0.359241226333702,0.326502512523075,0.0461197333619453
26432,0.106430481023867,0.604339937635502,0.224930188396282,0.0642993929443484
26433,0.299093528817812,0.271332465040684,0.354315404489166,0.0752586016523375
26434,0.219166583506422,0.465822809044044,0.241238397226752,0.0737722102227823
26435,0.171906806957192,0.616870881143462,0.110292373515697,0.10092993838365
26436,0.399935662697223,0.20958767655909,0.332059612080787,0.0584170486629006
26437,0.12799085393222,0.231660478929853,0.561963874675681,0.0783847924622468
26438,0.188600536490159,0.498704308513837,0.256128921552837,0.0565662334431672
26439,0.243571369167183,0.144605238408728,0.555480012537604,0.0563433798864857
26440,0.229350023427091,0.419374530158445,0.263636538803503,0.0876389076109618
26441,0.200146579275191,0.562737650258976,0.173490782426503,0.0636249880393305
26442,0.587971386583152,0.220096963494947,0.0821526862818554,0.109778963640045
26443,0.542487892376606,0.216112556078736,0.191893828791946,0.0495057227527133
26444,0.679196872677224,0.0877365265014852,0.189569388293748,0.0434972125275426
26445,0.44791107448187,0.341243055605692,0.128962216787727,0.0818836531247109
26446,0.445195905701095,0.392636760126672,0.0591167693246094,0.103050564847624
26447,0.297376462787621,0.320720107732311,0.315953494445292,0.0659499350347763
26448,0.310971615812641,0.348083385569742,0.251902460121732,0.0890425384958851
26449,0.450486776941281,0.157793224197531,0.0548457894065066,0.336874209454682
26450,0.272726834135875,0.143002514211917,0.0303580977928314,0.553912553859377
26451,0.362833772965819,0.336527985826696,0.205066898641528,0.0955713425659567
26452,0.0535378126248913,0.346924427567627,0.1500322933572,0.449505466450281
26453,0.0382681394616209,0.15843756231756,0.626709884955988,0.176584413264831
26454,0.203102336688401,0.0435102114440918,0.260941873785407,0.492445578082101
26455,0.0732599599678044,0.270700692145542,0.0379317008064947,0.618107647080159
26456,0.109963695836736,0.117188533921205,0.164096144715421,0.608751625526637
26457,0.105449820295422,0.148141633717103,0.305080419751564,0.441328126235911
26458,0.0947568562267221,0.339072648198057,0.0788119469059323,0.487358548669289
26459,0.0219022207333932,0.0363969762768973,0.47890744834308,0.46279335464663
26460,0.0616076652193669,0.184435516179235,0.0342113292222494,0.719745489379148
26461,0.107918661515776,0.212525356786461,0.358534513447183,0.32102146825058
26462,0.399426616238069,0.273452353140129,0.0325971365035961,0.294523894118206
26463,0.0552387685692032,0.0564207292207934,0.488285953251153,0.40005454895885
26464,0.0218501302602087,0.211720473943828,0.17698078799424,0.589448607801723
26465,0.0147791283974831,0.238986074879433,0.101087072974223,0.645147723748861
26466,0.109453744128045,0.401786847398089,0.0188297904931333,0.469929617980733
26467,0.484910330501411,0.024675851450047,0.0132160850977811,0.477197732950761
26468,0.147288367231663,0.480968910370971,0.309904860454901,0.0618378619424656
26469,0.356229945554264,0.272294427642475,0.289648740543386,0.0818268862598754
26470,0.151650298811213,0.367499779668344,0.354856864138439,0.125993057382005
26471,0.370824228030876,0.388928308293865,0.195960018314591,0.0442874453606682
26472,0.117696625172903,0.217960583158453,0.625712534269678,0.0386302573989653
26473,0.523434975245244,0.160825317349292,0.228708499891873,0.0870312075135921
26474,0.132789224158886,0.366812127572445,0.395049316536422,0.105349331732247
26475,0.287060074546443,0.213805997799406,0.3146712943078,0.184462633346351
26476,0.243079616439029,0.295172314818379,0.229850527334962,0.23189754140763
26477,0.222792613996187,0.228228530940281,0.425890558786432,0.1230882962771
26478,0.234749749256208,0.275556515468276,0.362257274100277,0.127436461175239
26479,0.229133924636825,0.312265416299239,0.323852288538781,0.134748370525155
26480,0.291728133768027,0.293475376423703,0.305498157065409,0.109298332742861
26481,0.221933520573779,0.212708826491448,0.390313440024989,0.175044212909784
26482,0.314874190604697,0.181232952057711,0.386976091237558,0.116916766100034
26483,0.256355012016012,0.332916754012124,0.212150751166519,0.198577482805345
26484,0.140761932101014,0.219659621615378,0.50967370408677,0.129904742196838
26485,0.181938657698246,0.530543633792788,0.189889660421729,0.0976280480872369
26486,0.209209581245915,0.239271435633931,0.148436163841915,0.40308281927824
26487,0.095381195237732,0.245419052681823,0.560396888601933,0.0988028634785116
26488,0.135321309379009,0.330674479165288,0.363461588405028,0.170542623050674
26489,0.344816517245328,0.2054385764582,0.284536856546378,0.165208049750094
26490,0.295145964349386,0.213417961803633,0.304158342306328,0.187277731540653
26491,0.405173981077954,0.359170879919677,0.158806799726495,0.0768483392758745
26492,0.280452916367157,0.419701213669267,0.192771379873854,0.107074490089722
26493,0.182963828584784,0.119572552769328,0.498328312316458,0.19913530632943
26494,0.400794798771783,0.332194180208864,0.124201073915783,0.14280994710357
26495,0.553201507117753,0.157259419689603,0.0441681398516736,0.245370933340971
26496,0.192313439817668,0.13160109968537,0.593575911965576,0.0825095485313863
26497,0.264918554167568,0.0852544982285598,0.54653854956769,0.103288398036183
26498,0.469174390563038,0.111725292246278,0.195148273299828,0.223952043890857
26499,0.244382633008987,0.117609474739926,0.396709743464811,0.241298148786275
26500,0.196359033949707,0.526944450143962,0.159123843537018,0.117572672369313
26501,0.464824127566502,0.20396234466323,0.146761543302577,0.184451984467691
26502,0.476564899234018,0.165361114086224,0.17607568824609,0.181998298433668
26503,0.106114510479685,0.618898094058888,0.181713940765156,0.0932734546962713
26504,0.10698807650873,0.114207246954436,0.287359480501319,0.491445196035515
26505,0.0572986396616293,0.432516193785818,0.261258232172675,0.248926934379879
26506,0.0990154478010508,0.253817411100611,0.265178637230447,0.381988503867891
26507,0.55535095899988,0.121164766059356,0.0815767729567833,0.241907501983981
26508,0.328621809954636,0.255420644491378,0.0440722262499821,0.371885319304004
26509,0.123688858843183,0.688436938453308,0.0354258971540526,0.152448305549456
26510,0.152344331192255,0.170024900467375,0.170102449181496,0.507528319158874
26511,0.0494336768489085,0.244542613795557,0.617897775966394,0.0881259333891403
26512,0.0897856008681552,0.104561680547103,0.138640947727215,0.667011770857527
26513,0.105106995942879,0.338856766046862,0.409984432648513,0.146051805361746
26514,0.0752792662207847,0.342293328159862,0.1231672264635,0.459260179155853
26515,0.263425908847957,0.124241802685633,0.452272324104437,0.160059964361973
26516,0.110192936629813,0.0807294752510544,0.134815306924451,0.674262281194682
26517,0.118398531788984,0.310189420886889,0.111815126362723,0.459596920961403
26518,0.0960867028909849,0.0652127391624866,0.311058889386083,0.527641668560446
26519,0.389911877903952,0.126468959347691,0.0813859349669595,0.402233227781398
26520,0.548192995703723,0.10612402003533,0.0571949085907042,0.288488075670243
26521,0.119512170423701,0.358566411058143,0.0526185545919606,0.469302863926196
26522,0.797345038601684,0.0470235439914619,0.0315366904420542,0.1240947269648
26523,0.0322913152643254,0.406416318640951,0.257303664935819,0.303988701158905
26524,0.218584436459102,0.0771866190904341,0.0507322529362425,0.653496691514221
26525,0.28857622667553,0.231661111456317,0.241883795012905,0.237878866855249
26526,0.252880438143841,0.473406152651491,0.184524832229443,0.0891885769752255
26527,0.197475439881667,0.198585285941821,0.423852939743627,0.180086334432885
26528,0.132021692412001,0.491533714343212,0.309569105877115,0.0668754873676721
26529,0.263371979370163,0.188874547812594,0.461525933715788,0.0862275391014546
26530,0.428647169246915,0.329520182405917,0.128483387055593,0.113349261291575
26531,0.0808121405084404,0.373792727544127,0.390591155815424,0.154803976132009
26532,0.234182951616519,0.542584601409393,0.115189461986915,0.108042984987173
26533,0.142447181597347,0.533973210316294,0.196618727970524,0.126960880115835
26534,0.567820649015971,0.171344253447947,0.196726444400232,0.0641086531358504
26535,0.143080085052742,0.240794045915706,0.493749599018463,0.122376270013089
26536,0.276830063740768,0.112667864754381,0.205232049453008,0.405270022051844
26537,0.20206353206553,0.458613054222103,0.195062228655423,0.144261185056944
26538,0.0995445427390363,0.136265528261976,0.632391430874248,0.13179849812474
26539,0.109915307344878,0.41841228719056,0.332691477978257,0.138980927486305
26540,0.275046067546526,0.333452420926524,0.23984100860681,0.15166050292014
26541,0.340609215489436,0.124873066272193,0.0492459482778715,0.4852717699605
26542,0.326522761095301,0.263052187011043,0.188962449405662,0.221462602487994
26543,0.32808428837021,0.30966012417765,0.048530975531207,0.313724611920933
26544,0.200778383749228,0.35633485324509,0.249079917325303,0.193806845680379
26545,0.220177960447207,0.262422575024352,0.163904376459863,0.353495088068578
26546,0.252815683359525,0.323810239657218,0.23978579180411,0.183588285179148
26547,0.482960279088849,0.173638682363314,0.102757337293042,0.240643701254795
26548,0.441941742910448,0.257615471160284,0.227167775427259,0.0732750105020097
26549,0.215698249698581,0.206178524672519,0.461245672508555,0.116877553120345
26550,0.238936000239843,0.121076307008064,0.567075105464632,0.0729125872874612
26551,0.160308190209744,0.390772524037518,0.337910718223036,0.111008567529703
26552,0.272896355773315,0.21881964549113,0.256722651665356,0.251561347070199
26553,0.296604141724787,0.41354341563212,0.117068699339412,0.172783743303681
26554,0.35342269332642,0.350826519252991,0.238243685846241,0.0575071015743484
26555,0.250505125591841,0.104593071741289,0.447118569187173,0.197783233479698
26556,0.24169230763072,0.190187709045051,0.239011807037593,0.329108176286636
26557,0.319205345325424,0.168209291504995,0.0903331344615815,0.422252228708
26558,0.25473832216659,0.172974716059372,0.433450590544869,0.138836371229168
26559,0.273080024356549,0.378402183323477,0.0552087064664476,0.293309085853527
26560,0.168607554926638,0.156619951636919,0.513866673406906,0.160905820029537
26561,0.140440996313048,0.389187962387084,0.172409229911329,0.29796181138854
26562,0.135129561090259,0.327300464509252,0.359936056292091,0.177633918108398
