No,Ch1,Ch2,Ch3,Ch4
21566,0.220308855995635,0.199950974512756,0.464924088983747,0.114816080507862
21567,0.0857603796279585,0.508898776686317,0.27722918743143,0.128111656254295
21568,0.361888616065795,0.332394740549532,0.20857086860485,0.0971457747798224
21569,0.419169807596753,0.191568586876029,0.286112503733632,0.103149101793585
21570,0.348886752320493,0.232101220105453,0.35418721189283,0.064824815681224
21571,0.123275440638702,0.560707568612072,0.227489085792325,0.0885279049569005
21572,0.285719869648491,0.0613483269512714,0.493668732005066,0.159263071395172
21573,0.143836098427053,0.192314599720451,0.214436909173251,0.449412392679244
21574,0.20832856553815,0.25057061731549,0.399723114744678,0.141377702401683
21575,0.0688123832241504,0.16565247290675,0.635750192778059,0.12978495109104
21576,0.221673585299745,0.180149692697226,0.357949060151465,0.240227661851564
21577,0.107153620123641,0.200779049668632,0.625929158365389,0.0661381718423381
21578,0.350570649099214,0.276599638858237,0.196731777974648,0.176097934067901
21579,0.06615834265045,0.187423926806091,0.186346355929284,0.560071374614176
21580,0.0886532088567475,0.401341941734673,0.287008871907332,0.222995977501247
21581,0.316928499914164,0.101150772762578,0.282526141923541,0.299394585399717
21582,0.12739284936888,0.183734163904725,0.340138892493203,0.348734094233192
21583,0.107109582554031,0.167052085515398,0.302163073792543,0.423675258138029
21584,0.219674655387442,0.240549330933769,0.0653888513489598,0.47438716232983
21585,0.383028222120849,0.224632079099854,0.150398612348635,0.241941086430662
21586,0.224341030713272,0.299722110151319,0.297242107508701,0.178694751626707
21587,0.0274891456235497,0.553701330448674,0.209975123110337,0.208834400817439
21588,0.0626485219100724,0.101506388149789,0.572106571301071,0.263738518639067
21589,0.145701985711814,0.109461553588059,0.548267498037209,0.196568962662919
21590,0.0234174221082035,0.217062118815411,0.519324592863661,0.240195866212725
21591,0.0228091593788837,0.260272618432184,0.432590129416158,0.284328092772775
21592,0.0667976178390637,0.277363018608611,0.0771176193445518,0.578721744207773
21593,0.6435209102154,0.124118744029541,0.140495631474526,0.091864714280533
21594,0.147069911957556,0.203875479443321,0.204415531437394,0.444639077161728
21595,0.308147968331457,0.153517566619729,0.0625466391392571,0.475787825909558
21596,0.143297763832524,0.589114694316359,0.117319597475462,0.150267944375655
21597,0.388869530221155,0.211535586280873,0.0413682933429429,0.35822659015503
21598,0.132149826930245,0.341519455121188,0.299677462706137,0.22665325524243
21599,0.226485479904854,0.467629766686622,0.210880500312322,0.0950042530962017
21600,0.0653483061129748,0.168702016285458,0.0844732588570757,0.681476418744492
21601,0.0366612254590332,0.154565319469476,0.278204903030697,0.530568552040794
21602,0.0203006135856491,0.437778686372223,0.369984782708077,0.171935917334051
21603,0.562830964706451,0.0236893366874463,0.105071894304205,0.308407804301897
21604,0.0182991861214236,0.239575810807358,0.297621931523741,0.444503071547477
21605,0.217411011724153,0.039828112878366,0.471488336219767,0.271272539177715
21606,0.231951586282961,0.0143795680001733,0.321894397342007,0.431774448374859
21607,0.446956036069724,0.0474809436103017,0.0544345255207079,0.451128494799266
21608,0.206725870481613,0.436299352136208,0.0102639955449108,0.346710781837269
21609,0.0337504430152074,0.0383461928495571,0.40522940564672,0.522673958488516
21610,0.268250505859681,0.27644042427546,0.0102105513999914,0.445098518464868
21611,0.0324222084262494,0.0196116384147117,0.582790287597538,0.365175865561501
21612,0.672058873433945,0.093211419446247,0.129146639325276,0.105583067794532
21613,0.0141603796397148,0.160474600630717,0.198442617390132,0.626922402339436
21614,0.0578078822156216,0.410139448425585,0.241352769831285,0.290699899527509
21615,0.182656714552529,0.3177239197271,0.0137033573074693,0.485916008412901
21616,0.26051911994013,0.00945235906934702,0.549546608003841,0.180481912986682
21617,0.258307964934174,0.291976329603252,0.16591273437838,0.283802971084194
21618,0.0953295633015464,0.0490916125105408,0.178329593342633,0.67724923084528
21619,0.0746470934782172,0.0908315034133995,0.0263992393684292,0.808122163739954
21620,0.0346881685454395,0.784458822280491,0.0322490676981838,0.148603941475886
21621,0.164546185253792,0.283129473078922,0.111795936479909,0.440528405187377
21622,0.0555376821636725,0.116936747214591,0.0850397093199972,0.74248586130174
21623,0.338473033775234,0.226934498248124,0.360602196646711,0.073990271329932
21624,0.325072466842732,0.348663846771783,0.221570430920747,0.104693255464739
21625,0.151781219583249,0.165807171095051,0.601763995423774,0.0806476138979259
21626,0.351520016043256,0.238630189826395,0.316723199079141,0.0931265950512084
21627,0.287772222631708,0.15883078081459,0.428477463030464,0.124919533523238
21628,0.133532085931448,0.299111484575648,0.521731234232576,0.0456251952603282
21629,0.303387233807667,0.304282248334139,0.257127596139148,0.135202921719046
21630,0.296991631619738,0.277202093350704,0.202193497389696,0.223612777639862
21631,0.147399396856323,0.306573855634559,0.522468603292824,0.0235581442162949
21632,0.204249643628178,0.200557672786795,0.476648087423426,0.118544596161601
21633,0.223465688102832,0.362179850268299,0.22096770550553,0.193386756123339
21634,0.282698787741362,0.501557611824176,0.174173523220755,0.0415700772137072
21635,0.164589008981123,0.493086094660214,0.289628811258044,0.0526960851006187
21636,0.442498448137363,0.209285963070219,0.237229480808053,0.110986107984365
21637,0.326754399837814,0.466725701104502,0.128747022050924,0.0777728770067603
21638,0.341309097575652,0.248991041418479,0.32364938757329,0.0860504734325797
21639,0.214205450310315,0.536494251078676,0.174145542693039,0.0751547559179702
21640,0.414282883847528,0.390817023309245,0.151130604547486,0.0437694882957408
21641,0.461521375826733,0.128100672212396,0.322409316207037,0.0879686357538344
21642,0.332444194950961,0.375112171801607,0.167582192671393,0.124861440576039
21643,0.157158962704707,0.291338362997604,0.364815590381537,0.186687083916152
21644,0.266930100456592,0.271429332999647,0.245495210629099,0.216145355914663
21645,0.107746405991265,0.601565427215136,0.163555882532601,0.127132284260998
21646,0.255438451292697,0.169575028859832,0.474421847827795,0.100564672019676
21647,0.17246813591358,0.282112525053162,0.416244614499124,0.129174724534133
21648,0.334974421215867,0.154232143184345,0.34497464061541,0.165818794984378
21649,0.51966423753718,0.157191813584985,0.244268293149368,0.078875655728468
21650,0.275868741363347,0.379917809133332,0.190287572290069,0.153925877213252
21651,0.335254345560669,0.149762047726955,0.208771856670749,0.306211750041627
21652,0.0849732966291748,0.156024795231146,0.194244063585931,0.564757844553749
21653,0.573806968503007,0.13111075765645,0.196793330238141,0.098288943602402
21654,0.574289198075015,0.182247848635526,0.173194988297083,0.070267964992376
21655,0.24141632216725,0.211571705469749,0.484843063601349,0.0621689087616523
21656,0.427303072486261,0.139306562224319,0.248248185025021,0.185142180264398
21657,0.547205292765503,0.114192097648637,0.172182892564003,0.166419717021857
21658,0.337298002736057,0.135209805799474,0.343274223771448,0.184217967693021
21659,0.518099380055148,0.195291457329361,0.104832473284909,0.181776689330582
21660,0.111670366739921,0.131829099702349,0.238751123289251,0.517749410268478
21661,0.111342007370407,0.410219705399323,0.16078989041799,0.31764839681228
21662,0.0717532334916443,0.511963990980941,0.182667738617723,0.233615036909692
21663,0.252897119143826,0.194639819368207,0.420665562006176,0.131797499481791
21664,0.0378393026788523,0.504618619809792,0.177652379538315,0.279889697973041
21665,0.285402274203276,0.301551333260486,0.183793374175569,0.229253018360669
21666,0.0756058924967205,0.328985435816436,0.328552447205216,0.266856224481627
21667,0.0361506097209348,0.421566145359332,0.335180225874315,0.207103019045418
21668,0.198785329891365,0.288307901962129,0.262238240462811,0.250668527683695
21669,0.35242468494769,0.202712501125024,0.0886324779578285,0.356230335969458
21670,0.164775567208745,0.384171835437342,0.157277473508367,0.293775123845546
21671,0.15942345988591,0.48203316995782,0.299911429956086,0.0586319402001845
21672,0.0621217849564099,0.225775660487591,0.487123056806428,0.224979497749571
21673,0.33065385110221,0.247307031367511,0.0581989496639908,0.363840167866289
21674,0.372982922143041,0.125522131739771,0.284783958947335,0.216710987169853
21675,0.394442950673917,0.141456678627769,0.103202916181948,0.360897454516367
21676,0.0987945067034806,0.519804632174953,0.235211246649498,0.146189614472068
21677,0.431923239602189,0.0674857125455706,0.326878612476458,0.173712435375782
21678,0.169171116483333,0.583061757280934,0.17936984657793,0.0683972796578031
21679,0.179331945035874,0.46973731002961,0.091482827561119,0.259447917373397
21680,0.274821117730402,0.164031015988471,0.438787705364486,0.122360160916641
21681,0.296033092705339,0.0424374102773583,0.223460683994754,0.438068813022549
21682,0.343387993379176,0.26758614619359,0.0479859005240637,0.341039959903171
21683,0.289839478019481,0.0202390059528283,0.390506810926391,0.2994147051013
21684,0.387111890593979,0.0265404905711502,0.25310857429558,0.33323904453929
21685,0.0979019344308324,0.305089116644652,0.086807128985528,0.510201819938988
21686,0.067887849325717,0.508855817770764,0.128831136884396,0.294425196019123
21687,0.165390023911568,0.122933720027996,0.344860457948473,0.366815798111962
21688,0.203004906202966,0.166073973634742,0.0477965188251284,0.583124601337163
21689,0.142352509772349,0.634398342056197,0.0604009483298307,0.162848199841623
21690,0.666999361002042,0.192167738361371,0.0179877503945356,0.122845150242051
21691,0.114587551980715,0.449552652817786,0.0818650720709104,0.353994723130589
21692,0.0214266370279549,0.36305095274002,0.510183437907948,0.105338972324077
21693,0.0493592091118401,0.651965329797101,0.0508295927706704,0.247845868320389
21694,0.0642846856045297,0.382877964071629,0.0901414228222064,0.462695927501635
21695,0.455315002105875,0.279993321203563,0.109359880490906,0.155331796199656
21696,0.51860784747348,0.17547435937082,0.021701898684129,0.284215894471571
21697,0.533994828045796,0.13301435083237,0.116573808447492,0.216417012674342
21698,0.0937670249919651,0.0313828356799626,0.78123978107346,0.0936103582546118
21699,0.2269086709198,0.534383848719638,0.0436781455015431,0.19502933485902
21700,0.204714591124324,0.252843931688377,0.216541381435807,0.325900095751491
21701,0.353391413326577,0.185292644125501,0.152204401000265,0.309111541547657
21702,0.0567985408134252,0.572705711016736,0.101038138025924,0.269457610143915
21703,0.105012260413448,0.40190789393668,0.0726806264150136,0.420399219234859
21704,0.0770583311915881,0.219896217184366,0.379941184077599,0.323104267546448
21705,0.176854701429238,0.0474256840309599,0.342113011814652,0.43360660272515
21706,0.0899889289575971,0.405425602763257,0.0642369211245457,0.440348547154601
21707,0.0737411928602656,0.448465284802074,0.152492318647359,0.325301203690302
21708,0.0445462206163832,0.39222894086959,0.144293519873699,0.418931318640328
21709,0.293167953185145,0.154508379844045,0.0232554844626701,0.52906818250814
21710,0.292027917293513,0.0669118080932938,0.060148779579504,0.58091149503369
21711,0.0349587867460008,0.446513395750818,0.103723146702456,0.414804670800726
21712,0.0494781345411677,0.299699537929936,0.0399864579977211,0.610835869531175
21713,0.650307912921045,0.0684541785687421,0.0779201564599185,0.203317752050294
21714,0.0405556306084582,0.616459665810791,0.0458310661344422,0.297153637446309
21715,0.514024303145755,0.0920203113957737,0.147591683431007,0.246363702027465
21716,0.0708802642502124,0.0953276360787416,0.152296982952076,0.68149511671897
21717,0.245666338673054,0.0213297999254165,0.337114014125054,0.395889847276476
21718,0.337013823607091,0.382893387965067,0.0252443192287066,0.254848469199135
21719,0.197649058232213,0.177732115143843,0.172727629548544,0.451891197075401
21720,0.271660957875706,0.326439850059833,0.0417803964947326,0.360118795569728
21721,0.127443347688184,0.171446286256795,0.377474778753597,0.323635587301425
21722,0.59095419212758,0.184927284955628,0.040015977557542,0.18410254535925
21723,0.0315185366609543,0.28219080504052,0.219193013669672,0.467097644628854
21724,0.282406442616376,0.200426196320856,0.210424538674519,0.306742822388248
21725,0.0407551278628898,0.138717081413869,0.216664127491096,0.603863663232145
21726,0.0187900948655953,0.319196511335211,0.325366132709689,0.336647261089504
21727,0.179786122764776,0.0627414758600453,0.579990299604899,0.17748210177028
21728,0.0632218418682489,0.10420200412533,0.298370449007934,0.534205704998487
21729,0.217939900319688,0.195980018304515,0.0938938013331173,0.49218628004268
21730,0.387329233961369,0.0318422587921568,0.0619186562077092,0.518909851038765
21731,0.182569399654561,0.139652891814904,0.424310872522116,0.25346683600842
21732,0.275788828836372,0.137065139550873,0.0492740879308645,0.53787194368189
21733,0.52641164064859,0.256742947621617,0.0601171103158074,0.156728301413985
21734,0.0173160320615144,0.639899607508385,0.159975949918476,0.182808410511625
21735,0.15032462906026,0.282984328134884,0.023897147456343,0.542793895348514
21736,0.712516325225959,0.046515025502071,0.0656055719339495,0.17536307733802
21737,0.347199955958982,0.352278138088526,0.250175919183731,0.0503459867687606
21738,0.317364943913295,0.360632084265023,0.24912684490861,0.0728761269130723
21739,0.399689819649637,0.245648586769507,0.283386453518291,0.0712751400625659
21740,0.127451612273879,0.497883555590396,0.315685460426731,0.0589793717089933
21741,0.322178108905849,0.38580526138764,0.179651250025448,0.112365379681063
21742,0.283427753000287,0.28560675373218,0.28104152377754,0.149923969489993
21743,0.288468068339108,0.489052051824966,0.0767234996676497,0.145756380168276
21744,0.248443179480592,0.340411182892281,0.342866041221038,0.0682795964060885
21745,0.222791054259014,0.162747251287685,0.456832916371722,0.157628778081579
21746,0.331451684872387,0.350850590379732,0.204599785640313,0.113097939107567
21747,0.582101305574175,0.140728367904072,0.212025420776728,0.0651449057450248
21748,0.286968138164018,0.501443678507659,0.122752018100248,0.0888361652280752
21749,0.177534528715628,0.407081945825092,0.288327081884488,0.127056443574792
21750,0.162113994113771,0.221162063970967,0.406345278508184,0.210378663407077
21751,0.569578046232555,0.157424593089798,0.234877689600464,0.0381196710771842
21752,0.420113560100151,0.128459645906929,0.262162400069675,0.189264393923244
21753,0.334887928003889,0.232548428712605,0.237460529160929,0.195103114122578
21754,0.156682553011031,0.579248204230183,0.0903344844610193,0.173734758297767
21755,0.193766126919547,0.311807721546101,0.299301934388873,0.195124217145479
21756,0.0547969627999679,0.290678081830189,0.131038169473195,0.523486785896649
21757,0.0959740097573051,0.48820247324955,0.012335350687758,0.403488166305387
21758,0.166432695425163,0.167929428402165,0.169698539286057,0.495939336886615
21759,0.360069081217402,0.396994643933538,0.109820645831368,0.133115629017693
21760,0.0936809396632445,0.0348901494100987,0.333216647297837,0.53821226362882
21761,0.0893993386783391,0.120497716582984,0.404890147009656,0.385212797729021
21762,0.0160014404473547,0.81644236014031,0.00843912106211569,0.15911707835022
21763,0.380216784463107,0.0382236872359096,0.0149626845434128,0.56659684375757
21764,0.216669908573776,0.0262686922473113,0.502476637603663,0.25458476157525
21765,0.421943778219806,0.126486615884608,0.0721218928100906,0.379447713085495
21766,0.0305170168686675,0.316898502139752,0.020946942837736,0.631637538153844
21767,0.041137360434805,0.109997453732526,0.291307526226206,0.557557659606464
21768,0.152906109319514,0.198660821332622,0.334889908227861,0.313543161120003
21769,0.134180307988736,0.109776040011447,0.0405586507018484,0.715485001297969
21770,0.0456295616904029,0.394948687365036,0.171363246424585,0.388058504519976
21771,0.00964183564314138,0.0599696572217799,0.299497091220035,0.630891415915043
21772,0.0689096439743623,0.245664670110209,0.168747367921293,0.516678317994136
21773,0.0628648983356972,0.482464292506386,0.0253768266817877,0.42929398247613
21774,0.0114880124030628,0.0774589756665639,0.473552608888383,0.437500403041991
21775,0.234126321236856,0.283313292656731,0.212685350798853,0.26987503530756
21776,0.261582721295671,0.363126437085368,0.118889595951685,0.256401245667276
21777,0.0481135842663844,0.0245353436565678,0.644148590344741,0.283202481732306
21778,0.365236020147332,0.138789111793695,0.112847977949348,0.383126890109625
21779,0.18667114208976,0.332588565720592,0.121132803199369,0.359607488990279
21780,0.183509773161451,0.105212439155935,0.402860249923274,0.30841753775934
21781,0.114460819980628,0.091005846755443,0.518269581706361,0.276263751557569
21782,0.476087351056156,0.0212678821351047,0.330489624003419,0.17215514280532
21783,0.269852405982881,0.0549619174225031,0.20696080723632,0.468224869358295
21784,0.583904809103491,0.177681630992227,0.0612851085892683,0.177128451315013
21785,0.0917126433347944,0.626530244159021,0.192424512573132,0.0893325999330521
21786,0.0617247639267708,0.0514401765690693,0.256368738783572,0.630466320720588
21787,0.0447311533369323,0.672046787626129,0.064418638031633,0.218803421005306
21788,0.278642431152713,0.318756875844052,0.0319091956338281,0.370691497369406
21789,0.0658289379255467,0.223305865246436,0.22931801007962,0.481547186748397
21790,0.578757872090986,0.0811709527124913,0.0491531721680385,0.290918003028485
21791,0.272416539037499,0.116022480676572,0.124316234347883,0.487244745938046
21792,0.0467122059440456,0.296287101964172,0.376656003331826,0.280344688759957
21793,0.0831415789690675,0.221315798437996,0.497487371674635,0.198055250918302
21794,0.0460482745498853,0.612515891227899,0.1970686631831,0.144367171039116
21795,0.286710096233063,0.0222339747872245,0.537735868937851,0.153320060041862
21796,0.268656706294288,0.200712856092816,0.169177998893882,0.361452438719014
21797,0.282258273694403,0.322292051657494,0.127573109757901,0.267876564890202
21798,0.453335380031407,0.0424158146990528,0.228139312125225,0.276109493144315
21799,0.0469095048468215,0.0527094328611916,0.270365293488788,0.630015768803199
21800,0.0703467377230735,0.0834626638372025,0.30759156849045,0.538599029949274
21801,0.156217130913072,0.128664999178257,0.173847670604944,0.541270199303728
21802,0.0223235258645181,0.17609912922881,0.381425425475838,0.420151919430833
21803,0.0747554663764584,0.0920544409148938,0.550858565117257,0.282331527591391
21804,0.173801394682505,0.471666703838228,0.0928900506090013,0.261641850870266
21805,0.49886589367457,0.0703122927768399,0.0862672948288184,0.344554518719772
21806,0.076983963059909,0.359582423903883,0.168421641581236,0.395011971454973
21807,0.140776303931942,0.35305072362491,0.12554462609651,0.380628346346639
21808,0.195008562682465,0.0777635499142355,0.132937410886622,0.594290476516677
21809,0.536568410664813,0.031063955879225,0.0521075670888312,0.380260066367131
21810,0.805935593222839,0.0232965371944166,0.0743369221621186,0.096430947420626
21811,0.3128230168992,0.446352964080024,0.133923767111977,0.106900251908798
21812,0.10939490826849,0.0319239733966429,0.463793830860199,0.394887287474669
21813,0.343574187250455,0.357858048223184,0.164156068422745,0.134411696103616
21814,0.239079745314465,0.395412746995243,0.244066604924885,0.121440902765408
21815,0.392667482839418,0.0883490427438878,0.301868589951505,0.21711488446519
21816,0.32926935899993,0.372801625582963,0.16636812261456,0.131560892802548
21817,0.120501054708283,0.187553286679177,0.605550393233333,0.0863952653792083
21818,0.0691128517543414,0.0826990683483271,0.577640622891127,0.270547457006204
21819,0.388565100182042,0.201213492485436,0.113675236601661,0.296546170730861
21820,0.64517772171904,0.145821701142847,0.123024033220185,0.0859765439179276
21821,0.160240963390257,0.151269252651244,0.575845487819087,0.112644296139413
21822,0.419035548655064,0.409133814888293,0.0958446950890323,0.075985941367611
21823,0.157293275903142,0.478182804095444,0.178102903176904,0.18642101682451
21824,0.206996544648237,0.418278270103493,0.256215811427863,0.118509373820407
21825,0.0426740135577567,0.510706353850283,0.120888362652881,0.32573126993908
21826,0.273980814700017,0.316768896598805,0.324022046273008,0.0852282424281699
21827,0.0587335481162916,0.0862496586362445,0.772020818393841,0.0829959748536226
21828,0.0764883940472503,0.463481398177239,0.185259119976628,0.274771087798882
21829,0.125158039590331,0.179820321598891,0.539392700267788,0.155628938542989
21830,0.100785458150739,0.0824115877935903,0.585233652604154,0.231569301451517
21831,0.255648850977012,0.307197755278893,0.142550389708552,0.294603004035544
21832,0.248709130737884,0.35570559479381,0.0531117945487155,0.34247347991959
21833,0.536820176685971,0.086106609643892,0.201823684533493,0.175249529136643
21834,0.61061740515336,0.137398240956995,0.0890301294516381,0.162954224438007
21835,0.0974951003577065,0.384962496873932,0.107959555426042,0.40958284734232
21836,0.0510278449783415,0.131786651244431,0.504401099309904,0.312784404467323
21837,0.0895923783223607,0.0346193807916047,0.526013822780137,0.349774418105898
21838,0.251745845156621,0.0605988732902796,0.446611452773786,0.241043828779313
21839,0.0948530310821952,0.510874571783708,0.153137500676281,0.241134896457816
21840,0.742696453539918,0.0256370813833162,0.112419778212551,0.119246686864215
21841,0.478486619644241,0.111982023614673,0.0781245164016441,0.331406840339441
21842,0.0271852877363019,0.239056174778933,0.543112220566213,0.190646316918552
21843,0.5134542900327,0.0738342709814676,0.0563024652069264,0.356408973778906
21844,0.0282748247343531,0.558983555499815,0.102404892848539,0.310336726917293
21845,0.250895933555431,0.092389200506474,0.249495961943758,0.407218903994337
21846,0.0553399997268793,0.420984507393816,0.11812802149343,0.405547471385875
21847,0.293645055586616,0.0571067281929864,0.36812113385683,0.281127082363568
21848,0.0518840448380943,0.117739293892792,0.035112801686541,0.795263859582572
21849,0.569297610645459,0.191270864288751,0.0261225302371491,0.213308994828641
21850,0.503277057227921,0.0659477576799922,0.0396127890521677,0.391162396039919
21851,0.171771631042673,0.608082471165755,0.102167331229492,0.11797856656208
21852,0.387994438338397,0.122869609626201,0.291003229339259,0.198132722696144
21853,0.119947927734651,0.205361025176418,0.448428407273813,0.226262639815118
21854,0.341485224447707,0.150593647010621,0.173608854838265,0.334312273703408
21855,0.108692509486258,0.537967094363975,0.139028173660154,0.214312222489613
21856,0.481916748876457,0.124631967669303,0.309468133106495,0.0839831503477456
21857,0.107071863940543,0.664862841162082,0.0678879808980199,0.160177313999355
21858,0.526226641075577,0.106973093545257,0.0731989449851641,0.293601320394001
21859,0.504355564513947,0.0975283183620526,0.0904164071239699,0.307699710000031
21860,0.594364537690805,0.190817820486805,0.12872608952942,0.0860915522929709
21861,0.250699230338852,0.116242588639511,0.515452446660383,0.117605734361254
21862,0.0444657434105812,0.406991443829243,0.37733476812191,0.171208044638265
21863,0.0644908670490856,0.290632571304437,0.185191296948948,0.45968526469753
21864,0.270854740779773,0.567736674874047,0.0395668895687765,0.121841694777404
21865,0.124976763817622,0.283345938235972,0.460218490259673,0.131458807686733
21866,0.194999703553039,0.135248158533925,0.512243379899838,0.157508758013198
21867,0.0654695021188394,0.109248547384312,0.204002415184177,0.621279535312671
21868,0.149917485363461,0.106994881072811,0.552747138489828,0.1903404950739
21869,0.286564816453315,0.0794138192015503,0.157010675205477,0.477010689139657
21870,0.269919143195158,0.314523028068351,0.222130373630167,0.193427455106324
21871,0.554792748188852,0.232762253251565,0.0710496826001388,0.141395315959444
21872,0.121102681865125,0.325475506927912,0.455159409856142,0.0982624013508215
21873,0.375287965297757,0.36084948054415,0.203727784664481,0.0601347694936123
21874,0.179936444514471,0.609700862894216,0.113658117262808,0.0967045753285051
21875,0.36157241252659,0.419464975706805,0.0757146163639357,0.143247995402669
21876,0.484370204765726,0.150781491470648,0.259598670625281,0.105249633138345
21877,0.0973288808359725,0.419404310177335,0.188563090190504,0.294703718796189
21878,0.287071942866333,0.504138277337838,0.148050047717334,0.0607397320784951
21879,0.432962479172023,0.276203540626028,0.0727638857545873,0.218070094447361
21880,0.349690823316368,0.187906997503735,0.350693637025124,0.111708542154772
21881,0.147334415874718,0.358208744389623,0.235374108871225,0.259082730864434
21882,0.233020677555605,0.284073974068102,0.221907675210029,0.260997673166264
21883,0.0771236833301481,0.386477958398845,0.263181691173787,0.273216667097221
21884,0.155421316217731,0.553294549935364,0.0758815407448751,0.21540259310203
21885,0.104005877306699,0.416412424631378,0.119213688699538,0.360368009362386
21886,0.26757361750469,0.295705862518954,0.117742881167988,0.318977638808367
21887,0.207669365478186,0.118050506344297,0.447728384527548,0.226551743649969
21888,0.0582250571834002,0.348721102688293,0.460587892276946,0.132465947851361
21889,0.157277893095688,0.302552687842868,0.278058583121444,0.26211083594
21890,0.175475420541004,0.248748557844242,0.197819194977232,0.377956826637522
21891,0.487700326802881,0.046685631141048,0.310190951214254,0.155423090841817
21892,0.082634855404119,0.345354270588602,0.0933046011409585,0.47870627286632
21893,0.148048017577279,0.322112593484985,0.0965331445344331,0.433306244403303
21894,0.228700403278255,0.0950207561418204,0.16068793055232,0.515590910027604
21895,0.0378223282021439,0.0581092760108086,0.741841460401857,0.162226935385191
21896,0.318358125566529,0.183685353208766,0.254868107230947,0.243088413993758
21897,0.214453832464057,0.342473156120352,0.180661130038063,0.262411881377528
21898,0.17484175589508,0.213709547681685,0.309641425402435,0.301807271020799
21899,0.264792426853783,0.114142174581931,0.497676785122395,0.123388613441891
21900,0.063767335478977,0.0641101913446542,0.0870635281919981,0.785058944984371
21901,0.16341517599988,0.661543836953587,0.021545724227479,0.153495262819055
21902,0.059899105359552,0.108790659668791,0.498419951430928,0.332890283540729
21903,0.057324036019248,0.0897778191722018,0.454828349089323,0.398069795719227
21904,0.236310446404568,0.055788598250241,0.209197254646977,0.498703700698214
21905,0.0177921064998075,0.513809537760496,0.180660295170641,0.287738060569055
21906,0.0596631495219588,0.18372577238011,0.0634050487862402,0.693206029311691
21907,0.0479963749590361,0.329758660644706,0.100403053983508,0.52184191041275
21908,0.257564558828546,0.220155423746794,0.298646396854461,0.223633620570199
21909,0.313335622378812,0.141246114729701,0.304277157222953,0.241141105668534
21910,0.447449450033185,0.135227861382296,0.172351384824221,0.244971303760299
21911,0.152278590658002,0.588379224119917,0.151370075804596,0.107972109417484
21912,0.1414587154957,0.540006647455166,0.0497436805352136,0.26879095651392
21913,0.101429529628124,0.571978024635506,0.104773027073149,0.221819418663221
21914,0.125766296415527,0.13369727502955,0.181682037798548,0.558854390756375
21915,0.316040410081412,0.0733219886201488,0.309484671056897,0.301152930241543
21916,0.0436213129893768,0.08309045618584,0.264223523885018,0.609064706939765
21917,0.141967852636167,0.132425658922655,0.230005702025821,0.495600786415358
21918,0.0910283555473555,0.0957201327832162,0.695074644806681,0.118176866862748
21919,0.154931558023264,0.072633017502651,0.598493363240726,0.173942061233359
21920,0.23906379011267,0.0962034535246667,0.137983740541065,0.526749015821598
21921,0.123588587711479,0.60125129694955,0.123050405089681,0.15210971024929
21922,0.457609919537114,0.224336903921681,0.0443179424792733,0.273735234061932
21923,0.159613382411997,0.0796860915893295,0.183861824369353,0.57683870162932
21924,0.189467772058685,0.073445258770162,0.238754273616477,0.498332695554676
21925,0.536139428214097,0.0704644486900823,0.165078225701477,0.228317897394343
21926,0.409955328466454,0.0911282761855888,0.079423636305405,0.419492759042552
21927,0.114655133437827,0.160239589216805,0.484792452503217,0.240312824842151
21928,0.0879275967885163,0.589246555383748,0.0653303960813255,0.25749545174641
21929,0.0879413818752669,0.114305105808128,0.144370028436732,0.653383483879874
21930,0.0288594052837677,0.353599684512311,0.185361723401034,0.432179186802887
21931,0.146329501611115,0.368775728674375,0.0699794095427691,0.414915360171741
21932,0.0951847519234898,0.0656211589019278,0.444387721859051,0.394806367315531
21933,0.079381888000964,0.433243796640932,0.051326811530108,0.436047503827996
21934,0.102215641216986,0.314025069550908,0.146913845320791,0.436845443911315
21935,0.107881663883038,0.205331775439973,0.0934005846198812,0.593385976057108
21936,0.124151154155756,0.221905112963853,0.111733348432252,0.54221038444814
21937,0.0569447752701627,0.130572330938091,0.564783908796073,0.247698984995673
21938,0.0240802794850721,0.389326725566566,0.123230041856425,0.463362953091937
21939,0.0425982776609157,0.304421432472198,0.067220965845713,0.585759324021173
21940,0.352943963302098,0.145798582357904,0.084873391175081,0.416384063164917
21941,0.0989849067494061,0.0451152221214599,0.171163722825079,0.684736148304055
21942,0.0840624920672526,0.731182757042763,0.0627452731775539,0.122009477712431
21943,0.0438958534953249,0.288713020394174,0.0328138065229043,0.634577319587597
21944,0.0443706913833022,0.321526239707121,0.243383187424656,0.39071988148492
21945,0.0689200727566164,0.23705843140786,0.037840318811878,0.656181177023646
21946,0.429624977075556,0.200251939424334,0.103489704240013,0.266633379260096
21947,0.391023842946168,0.215933810401646,0.124945324321676,0.268097022330509
21948,0.0921338011774921,0.414552369960969,0.205982569035971,0.287331259825568
21949,0.119333372103012,0.327230281945682,0.119150507459856,0.43428583849145
21950,0.157772529432728,0.438848212495466,0.0928386022740134,0.310540655797792
21951,0.105533572786069,0.208458793672411,0.298342301690151,0.387665331851369
21952,0.35046548829457,0.056572752858882,0.0671962870083064,0.525765471838242
21953,0.442690181143024,0.185564460372496,0.0540851725706019,0.317660185913878
21954,0.176839801904128,0.0626194749566841,0.0907941343288381,0.66974658881035
21955,0.321718586458803,0.0573644032531857,0.216789111565276,0.404127898722735
21956,0.0212903255766871,0.0772045726786687,0.135625663223532,0.765879438521113
21957,0.41980709932439,0.104099917129097,0.146462370501999,0.329630613044514
21958,0.0238409366661356,0.70054668017405,0.0859234371839394,0.189688945975875
21959,0.0622108082990353,0.0762230458866433,0.0625376007953192,0.799028545019002
21960,0.0953513148070007,0.528591758415922,0.0221066731306038,0.353950253646474
21961,0.15462795955303,0.144333320003929,0.308803205805835,0.392235514637206
21962,0.710925199431958,0.0810786993012099,0.0555537318907996,0.152442369376033
21963,0.0735397577671728,0.44563400569078,0.263065085179483,0.217761151362565
21964,0.111935679314097,0.0194365040861163,0.69018077518365,0.178447041416137
21965,0.0938949087704478,0.0600069643333044,0.302205498615991,0.543892628280256
21966,0.088818884371247,0.0529974540293538,0.360223546527303,0.497960115072096
21967,0.457472797028713,0.0257739832377658,0.220118070231574,0.296635149501948
21968,0.148257302842977,0.546207837345809,0.0535494958443919,0.251985363966822
21969,0.0209252512810319,0.151133816563137,0.226166432631962,0.601774499523869
21970,0.12772380855874,0.189439745787759,0.125356684429327,0.557479761224175
21971,0.253024990078523,0.275641203325825,0.343298816958708,0.128034989636945
21972,0.332422578144328,0.138032435048982,0.14554259684466,0.384002389962029
21973,0.355972787501617,0.159516652695978,0.0416240956210379,0.442886464181367
21974,0.456716290810213,0.172429055988357,0.0424316218186776,0.328423031382753
21975,0.0296203139512143,0.0793283497961561,0.262649136857372,0.628402199395258
21976,0.398667371587159,0.260878420799311,0.215449157692375,0.125005049921156
21977,0.129177062327499,0.34170625533316,0.172679883043106,0.356436799296236
21978,0.196080953313082,0.0357916826395809,0.234557816080069,0.533569547967269
21979,0.231389254875328,0.152790010164929,0.0404556652430414,0.575365069716702
21980,0.0581254931234128,0.528032597453887,0.0562855433648752,0.357556366057825
21981,0.0844522471022459,0.50274538474748,0.138572872453043,0.274229495697232
21982,0.104783762040504,0.195204189462048,0.15913745753555,0.540874590961899
21983,0.0244770234019473,0.0436211204183372,0.200738502029153,0.731163354150562
21984,0.10052458910351,0.305550185954284,0.1479271085948,0.445998116347405
21985,0.0689227407575537,0.451712132038665,0.199476663908783,0.279888463294998
21986,0.178343473072938,0.176024371131412,0.472162658462467,0.173469497333183
21987,0.0477179854476759,0.392122851629803,0.140705375287208,0.419453787635313
21988,0.277978664495812,0.242013254179963,0.154136732059286,0.325871349264939
21989,0.089986259923256,0.269956622625704,0.274496781513234,0.365560335937806
21990,0.0466909064355816,0.390576860468835,0.276952160552976,0.285780072542607
21991,0.203676211760181,0.221115199408227,0.223004854149674,0.352203734681918
21992,0.247594032292832,0.136060740834891,0.090213089062283,0.526132137809994
21993,0.123401293658137,0.334889021014992,0.148362910325858,0.393346775001014
21994,0.168217760782377,0.449696474840242,0.307357735960332,0.0747280284170494
21995,0.0925765519355809,0.166625489552753,0.438345530688221,0.302452427823445
21996,0.266338313821272,0.201825510329203,0.0637867371493506,0.468049438700174
21997,0.320293822614565,0.119009969355415,0.253991766469698,0.306704441560322
21998,0.27207993547468,0.0949518642774744,0.0820866437944453,0.5508815564534
21999,0.0866070391135301,0.544789241212943,0.19591843131623,0.172685288357297
22000,0.419422106453545,0.0773151959607426,0.269349066572435,0.233913631013277
22001,0.158220602790501,0.594239201574034,0.150871613713066,0.0966685819223989
22002,0.119533597939348,0.417355130712644,0.107013832163508,0.3560974391845
22003,0.084988276715369,0.242447466382994,0.407852886770806,0.264711370130831
22004,0.525423463097191,0.163230621791845,0.11086872366497,0.200477191445993
22005,0.378660899596816,0.105218724869562,0.152323623662151,0.363796751871471
22006,0.0600110967841431,0.295316224820317,0.198052686011268,0.446619992384272
22007,0.214626161978297,0.335418981316231,0.158308998917826,0.291645857787646
22008,0.0689277241485103,0.180949522827206,0.390720803625128,0.359401949399156
22009,0.321486702326448,0.132301966099728,0.160253657776429,0.385957673797395
22010,0.133465374801168,0.394968825748404,0.0717119855856663,0.399853813864762
22011,0.0794816715425457,0.381337097489301,0.125581514449653,0.4135997165185
22012,0.252526214264283,0.101917124526282,0.143176892433596,0.502379768775839
22013,0.320344965530441,0.125456184181935,0.25671408910736,0.297484761180264
22014,0.096379939217084,0.0931082352248114,0.607775882438778,0.202735943119326
22015,0.0624549702904941,0.0780624105798204,0.294871037111489,0.564611582018197
22016,0.0453813518793475,0.354201883145914,0.0494518882317943,0.550964876742944
22017,0.0759382174750014,0.680899021509381,0.0398597828160634,0.203302978199554
22018,0.241637971594841,0.128789240430322,0.252867967997242,0.376704819977596
22019,0.164873037505871,0.0868143365346603,0.218113948389698,0.530198677569771
22020,0.103708351746849,0.074052068794653,0.287772543232489,0.534467036226009
22021,0.0397142530762407,0.240241898177083,0.229038379500847,0.491005469245829
22022,0.578000979776379,0.044418639898239,0.152695760806195,0.224884619519187
22023,0.357521971117951,0.0491899288359994,0.247716351991539,0.34557174805451
22024,0.279773248164092,0.042403951578978,0.133964533333873,0.543858266923056
22025,0.412016695440781,0.166676485845799,0.041715906468355,0.379590912245064
22026,0.608217800958776,0.0752121594016408,0.0332131387357914,0.283356900903792
22027,0.198935038610049,0.21461980644041,0.06159833508976,0.524846819859781
22028,0.318786680630367,0.0681557282991593,0.0222635490535896,0.590794042016885
22029,0.0309595421307265,0.0597449424768509,0.0457836475828843,0.863511867809539
22030,0.601273964381432,0.0160777756402266,0.203129409683024,0.179518850295318
22031,0.152847413293587,0.129034495922778,0.0441836291250674,0.673934461658568
22032,0.0496946376590409,0.156499973367822,0.0303846946100776,0.763420694363059
22033,0.034431534620401,0.0750883827468657,0.763900094185109,0.126579988447624
22034,0.671217109799197,0.0542341324238251,0.0342613327695577,0.24028742500742
22035,0.103354496099177,0.0677119206284107,0.0677310472404315,0.761202536031981
22036,0.484715493707423,0.181448880743413,0.0465891436201226,0.287246481929042
22037,0.0738205241614726,0.0832949168651784,0.0239795411481656,0.818905017825184
22038,0.0575017060056483,0.198943268002576,0.0325244797244293,0.711030546267346
22039,0.368928112892547,0.31398871567711,0.00727923941348043,0.309803932016862
22040,0.117294236907137,0.329736545681542,0.107649561092177,0.445319656319143
22041,0.216235162484115,0.111507423880932,0.492819231056263,0.17943818257869
22042,0.241771988239581,0.30617450258544,0.247149563098357,0.204903946076622
22043,0.214946365363783,0.476350783806466,0.139856186865169,0.168846663964582
22044,0.0864345872688249,0.173220133240978,0.476172573903923,0.264172705586275
22045,0.123195922353378,0.489057265408196,0.0917718469694624,0.295974965268964
22046,0.194076310227609,0.284134316244058,0.257740659580873,0.26404871394746
22047,0.174162045015013,0.484894469811515,0.0649051732852041,0.276038311888267
22048,0.131954138468826,0.711556322278983,0.0311566996229589,0.125332839629233
22049,0.176118896917571,0.53655610572182,0.0619884745478147,0.225336522812795
22050,0.240187113324375,0.270173944100513,0.387893887650882,0.10174505492423
22051,0.0621057699921108,0.0969795392291729,0.580102681415589,0.260812009363127
22052,0.205430513813274,0.424911829915572,0.146229113545978,0.223428542725175
22053,0.0286057291252456,0.709656643360296,0.12517808757217,0.136559539942289
22054,0.0865128651164708,0.0712933192263026,0.641947291360596,0.200246524296631
22055,0.168173708907796,0.130279233873311,0.504198347885382,0.19734870933351
22056,0.219475179541671,0.0669389288362941,0.543100704360961,0.170485187261074
22057,0.254122127516132,0.195386508532517,0.196004943575187,0.354486420376164
22058,0.288690813650695,0.543047439970635,0.0749811528040771,0.0932805935745934
22059,0.13008662394203,0.498166077343324,0.09601107182656,0.275736226888085
22060,0.167643726494286,0.214443402709119,0.0685730209562012,0.549339849840394
22061,0.10028977843657,0.184882902986935,0.317623090845387,0.397204227731107
22062,0.18249179530126,0.264914812592675,0.351018199227383,0.201575192878682
22063,0.0160864261463228,0.602798014921499,0.177380196799525,0.203735362132653
22064,0.407959585980619,0.23900870526166,0.101626850030662,0.25140485872706
22065,0.106575286069572,0.134093657603088,0.365304002118852,0.394027054208488
22066,0.387267921224064,0.114425868697715,0.0893766036868339,0.408929606391387
22067,0.329572149281815,0.190777890855699,0.0285212494455896,0.451128710416896
22068,0.109921772507162,0.745440689191596,0.0104348393166105,0.134202698984632
22069,0.0163693258438707,0.514739303555465,0.0501557830211656,0.418735587579499
22070,0.323345038576726,0.0270702404564643,0.106464446032403,0.543120274934407
22071,0.289934724954389,0.142806310387739,0.0666927573966024,0.500566207261269
22072,0.0269083101463517,0.566325590505843,0.282850131260241,0.123915968087564
22073,0.0986286052526465,0.0953406464615659,0.22643249808574,0.579598250200048
22074,0.0240994739740436,0.638851069707432,0.150508276935961,0.186541179382564
22075,0.0372170746991003,0.250635529502855,0.128793304780527,0.583354091017517
22076,0.650143963619755,0.120203983302357,0.0525156571054091,0.177136395972479
22077,0.141738234488144,0.0730398104607855,0.0717151031152729,0.713506851935798
22078,0.30073465831438,0.126295378838846,0.0726481839886825,0.500321778858092
22079,0.384163842237711,0.0206939739538188,0.0624685933569517,0.532673590451518
22080,0.0800388951548338,0.0414854352693097,0.454749555644125,0.423726113931732
22081,0.0941594113315183,0.5388436798931,0.095350844904023,0.271646063871359
22082,0.591578450224589,0.115644589637033,0.0794098359902046,0.213367124148174
22083,0.0114740331349005,0.536056468411529,0.0890879581204247,0.363381540333146
22084,0.115564573928257,0.0709730735491794,0.0284729184186196,0.784989434103944
22085,0.251444030038418,0.0959645615224314,0.129739203323552,0.522852205115599
22086,0.0245349036345415,0.365873514674989,0.0225328505142077,0.587058731176262
22087,0.0200198219837758,0.0309060945949406,0.399373400988241,0.549700682433042
22088,0.0576696014561826,0.0692896371788821,0.101772986629834,0.771267774735101
22089,0.00595549617387415,0.503401058236163,0.119056133237616,0.371587312352347
22090,0.0711649214908773,0.152338981054302,0.171031632287381,0.605464465167439
22091,0.0263795465239014,0.0845235172074647,0.619228178353635,0.269868757914999
22092,0.663325008942327,0.122554180614035,0.0172441991848479,0.19687661125879
22093,0.0388673306815553,0.0640386577943059,0.463885167697828,0.433208843826311
22094,0.0595197108792,0.0507672276235804,0.252737350438515,0.636975711058705
22095,0.028090535214191,0.202744586987842,0.0912301894673648,0.677934688330603
22096,0.116002967361862,0.0115788161080232,0.681263972090017,0.191154244440098
22097,0.474109299791192,0.0112934514706393,0.0385459745075848,0.476051274230584
22098,0.248298526421271,0.0713899834117788,0.506301224600989,0.174010265565962
22099,0.0438323813972295,0.337030106093431,0.263661733615977,0.355475778893363
22100,0.0626571607862478,0.19961537437749,0.52468025804735,0.213047206788912
22101,0.434762168538084,0.234958397554035,0.0943777557031283,0.235901678204753
22102,0.0870718076692935,0.366650145121545,0.124849744389125,0.421428302820037
22103,0.279898826877278,0.259385559277028,0.200447960450529,0.260267653395165
22104,0.362914224635384,0.258208899379851,0.0595905709035726,0.319286305081192
22105,0.0250996066498706,0.285532461336366,0.310949737122229,0.378418194891535
22106,0.70751077576132,0.123543504591228,0.0302260927657453,0.138719626881707
22107,0.10478237495028,0.0629032078989471,0.516975320081896,0.315339097068877
22108,0.268126494610378,0.0850525917469928,0.275831325678668,0.370989587963962
22109,0.248339346697136,0.445199052531261,0.112682895050687,0.193778705720916
22110,0.0612238499364365,0.0628299287495963,0.159304114385983,0.716642106927985
22111,0.371460333208081,0.116556399037376,0.115170917269785,0.396812350484758
22112,0.027038996136913,0.210620803824482,0.41673675716649,0.345603442872115
22113,0.0446084169610165,0.423414392363361,0.179091303449343,0.352885887226279
22114,0.144226356597223,0.0851234605709763,0.16720361294842,0.60344656988338
22115,0.118711487532739,0.117448660347631,0.0538643017028995,0.70997555041673
22116,0.0382065565366236,0.177810818789427,0.461270079444763,0.322712545229187
22117,0.295972352818923,0.076048500146674,0.502751298379924,0.125227848654479
22118,0.625182085804054,0.0972632181526722,0.0949888054265949,0.182565890616679
22119,0.071534159432362,0.549275418875939,0.115517156109107,0.263673265582593
22120,0.159553020176105,0.109688138090665,0.434334433530513,0.296424408202717
22121,0.0490846215244483,0.294422266236157,0.145204897110645,0.51128821512875
22122,0.0986269672573851,0.320590223509747,0.461010248657325,0.119772560575543
22123,0.0892408026108065,0.336228791925403,0.278630707191642,0.295899698272148
22124,0.0478268905240013,0.370522600087897,0.260670057754178,0.320980451633924
22125,0.222054821908073,0.128710785509927,0.117823022355606,0.531411370226394
22126,0.197433875338832,0.115843601949111,0.250286706235995,0.436435816476063
22127,0.495878997051737,0.177337790687437,0.082018217599204,0.244764994661622
22128,0.342998645042348,0.212815885885524,0.168666398365429,0.275519070706699
22129,0.0360503442544865,0.100535008678167,0.131797694294534,0.731616952772813
22130,0.0600664055897427,0.222160082048312,0.493241886916392,0.224531625445553
22131,0.692147616218739,0.0952426744492687,0.102891229312139,0.109718480019853
22132,0.0867268965116133,0.179653372148731,0.418133163450805,0.315486567888851
22133,0.0403046711758708,0.106507713489349,0.505632976722032,0.347554638612748
22134,0.307428311105589,0.104826865891697,0.101581598326804,0.48616322467591
22135,0.585291300817392,0.0345352693787399,0.0394889758456969,0.340684453958171
22136,0.305072728656894,0.148392304559023,0.0697088172239101,0.476826149560173
22137,0.27266296943639,0.0775216049622098,0.176814791113469,0.473000634487932
22138,0.224768872441667,0.214431335867189,0.152992879931459,0.407806911759685
22139,0.120130014716775,0.402878586285635,0.133870423984648,0.343120975012943
22140,0.0354613764990933,0.0377207392149939,0.397625727327676,0.529192156958237
22141,0.0280412661794989,0.193985346913425,0.164970183749607,0.613003203157469
22142,0.137358641329249,0.0481883724143274,0.599250400509708,0.215202585746716
22143,0.258899445130243,0.102932558799011,0.20733975844187,0.430828237628877
22144,0.0137020153868727,0.202918648302171,0.550799946312739,0.232579389998217
22145,0.0544583313114613,0.116178890556352,0.267698822736425,0.561663955395761
22146,0.227756895056168,0.0355563816089428,0.285456409610844,0.451230313724045
22147,0.340573788018614,0.0531833752244102,0.127248286448687,0.478994550308289
22148,0.219533973233032,0.0704319126348702,0.111891282380788,0.59814283175131
22149,0.0430742752753213,0.257698651422439,0.0142388392226906,0.684988234079549
22150,0.0472676741151696,0.0486053437245364,0.74306283065893,0.161064151501364
22151,0.143324134635557,0.0254247182909476,0.284204175967163,0.547046971106333
22152,0.12379776498114,0.0593349654206832,0.0205131860511605,0.796354083547017
22153,0.0166160784379625,0.231317074268527,0.506455347297468,0.245611499996043
22154,0.0522463756965555,0.415556873017281,0.0964240400947256,0.435772711191438
22155,0.113273351436793,0.162936668421561,0.303987100703725,0.419802879437921
22156,0.100781384013737,0.415727743332183,0.0911721422686992,0.392318730385381
22157,0.0754526585115251,0.322202703391125,0.27439759847757,0.32794703961978
22158,0.0765458064293583,0.299393979780518,0.123601347148878,0.500458866641246
22159,0.101303426332084,0.147746159708989,0.384191759991037,0.366758653967891
22160,0.130558674308505,0.242607624025821,0.119226055888011,0.507607645777663
22161,0.0440476649986324,0.208140951778372,0.141692023065843,0.606119360157153
22162,0.0808765412970991,0.218611367717549,0.184048375406193,0.516463715579159
22163,0.306326175378395,0.0554815045694226,0.0495578541045958,0.588634465947587
22164,0.0355245524180283,0.0342946134731619,0.412259274658869,0.517921559449941
22165,0.0489396931196605,0.395030521488251,0.107982147701254,0.448047637690835
22166,0.476192604873745,0.343696698721158,0.0367797305230429,0.143330965882054
22167,0.293185070001208,0.166639025601851,0.159858907319992,0.380316997076948
22168,0.112406345673196,0.113441556676651,0.231070347920775,0.543081749729378
22169,0.256673653607957,0.0303169846931116,0.137482670033409,0.575526691665523
22170,0.0418269738345053,0.130655143071442,0.581721640729032,0.245796242365021
22171,0.0494111467660706,0.229333998544884,0.238488323338234,0.482766531350812
22172,0.0344920606468162,0.0786607682659983,0.0417285079299911,0.845118663157195
22173,0.102006137991087,0.48216514974908,0.0357259227159226,0.38010278954391
22174,0.520399377388695,0.137800260284194,0.0755418524781997,0.266258509848911
22175,0.0732159913558044,0.398410061797244,0.160981046866625,0.367392899980326
22176,0.249026611958655,0.0773037131339123,0.282223920222895,0.391445754684538
22177,0.131534703991065,0.0909837291298259,0.208640774250001,0.568840792629109
22178,0.175949409091521,0.391403595451741,0.131082521160335,0.301564474296403
22179,0.043542853639879,0.340873324901478,0.0474869328853943,0.568096888573249
22180,0.224842840345865,0.0732269351706649,0.547062050051278,0.154868174432192
22181,0.102093586641644,0.506212323891333,0.079615152893249,0.312078936573774
22182,0.346542522435103,0.0816659956647154,0.258869584466982,0.312921897433199
22183,0.171546847072363,0.472232123871736,0.0836491533817473,0.272571875674154
22184,0.293407011753361,0.045543740644388,0.070009528867166,0.591039718735085
22185,0.115793417522102,0.264741298540754,0.0361931972957879,0.583272086641356
22186,0.0505223677803761,0.46775924895374,0.0768791365340386,0.404839246731845
22187,0.0588568583681378,0.120433714479926,0.0568597828917411,0.763849644260196
22188,0.241035299438133,0.125114363351857,0.260732964932219,0.373117372277791
22189,0.146857274794869,0.0225333650856132,0.430259032127768,0.400350327991749
22190,0.0328130600908998,0.414737173901728,0.121168413136101,0.431281352871271
22191,0.185179490014535,0.0937970944665391,0.511114628387953,0.209908787130973
22192,0.0810472108920825,0.114395637712609,0.169297880420668,0.635259270974641
22193,0.0609447011484713,0.179939760276734,0.074890818209309,0.684224720365486
22194,0.231414576414552,0.30931579616318,0.0141629467853928,0.445106680636875
22195,0.247646715609596,0.566426906826268,0.116286637514198,0.0696397400499381
22196,0.275613354543128,0.0183829851449699,0.0639084443665501,0.642095215945352
22197,0.080859857405284,0.42705648554745,0.0239280242992411,0.468155632748025
22198,0.0327485634066882,0.0228942893522228,0.0482696726955259,0.896087474545563
22199,0.615303661703962,0.0599805064695347,0.0470592671401344,0.277656564686369
22200,0.400826184445718,0.0689109768198037,0.0889539895609621,0.441308849173516
22201,0.173332536822873,0.430367101975138,0.130445501560908,0.265854859641081
22202,0.551198888448952,0.200232142871995,0.0275922388377706,0.220976729841283
22203,0.474054303644083,0.304758007580373,0.0333129234806604,0.187874765294884
22204,0.0541634542410064,0.230132789767804,0.0113430986325909,0.704360657358598
22205,0.292019288093476,0.254681197014706,0.0840589414588673,0.369240573432951
22206,0.0335377804650606,0.114794338114032,0.431536101366317,0.42013178005459
22207,0.046486447764944,0.032903259188294,0.279703564936737,0.640906728110025
22208,0.163324178940728,0.504269251587453,0.0251917811268678,0.307214788344951
22209,0.0795116016753358,0.0589878029789405,0.0206971336897704,0.840803461655953
22210,0.0628063570804457,0.11580475872618,0.0982934199580048,0.72309546423537
22211,0.0432682985403544,0.252469364058412,0.0124221508878733,0.69184018651336
22212,0.0233534667924918,0.334561223533076,0.314805264910549,0.327280044763882
22213,0.0571240169088917,0.222099847854556,0.204589616902211,0.516186518334342
22214,0.0306095984473198,0.182856441072939,0.37779151236339,0.408742448116351
22215,0.0456679737370968,0.0846402173473935,0.66696761464692,0.20272419426859
22216,0.370482864764226,0.137554279908134,0.108018822185795,0.383944033141845
22217,0.112688887168926,0.0730695588683549,0.488236196179287,0.326005357783433
22218,0.0465122931314062,0.368334102853928,0.0217940502579751,0.56335955375669
22219,0.338738791059968,0.0335499225513037,0.119924021048814,0.507787265339914
22220,0.731816348911957,0.02266999692572,0.0569133216508873,0.188600332511436
22221,0.0241546539063571,0.215845502176373,0.0713527933584451,0.688647050558825
22222,0.704349435167096,0.0675428786658424,0.0362431522659915,0.191864533901071
22223,0.15185508566466,0.338449516380725,0.0403603055657066,0.469335092388908
22224,0.189844166537576,0.0508123944405767,0.126269664328243,0.633073774693605
22225,0.598206702913578,0.165696994717668,0.0970266395331352,0.139069662835618
22226,0.0768316651868003,0.0321437459291776,0.636143175208389,0.254881413675633
22227,0.530283998989861,0.180044294855558,0.0969862425561479,0.192685463598433
22228,0.0190559522568146,0.606091467958436,0.0875706344557744,0.287281945328975
22229,0.20454810654187,0.320290063382299,0.0546224581626703,0.420539371913161
22230,0.0691910480711103,0.0608675951297447,0.680622388483391,0.189318968315754
22231,0.43710863279944,0.175541385647685,0.230928832793265,0.15642114875961
22232,0.3601232947752,0.290854795592652,0.0740237623528389,0.274998147279309
22233,0.178162452051235,0.104990935435718,0.349890367480376,0.366956245032671
22234,0.243496311255265,0.299647249151783,0.124850563620579,0.332005875972373
22235,0.253676128501317,0.083193535838754,0.203300395079579,0.459829940580351
22236,0.522124063093106,0.179799109892575,0.121409708917202,0.176667118097118
22237,0.250579177784018,0.0835436293171007,0.342682690208555,0.323194502690326
22238,0.0526704675628515,0.257680544287751,0.316080940181493,0.373568047967905
22239,0.200780825460413,0.330310823832284,0.189975363287181,0.278932987420121
22240,0.161871276819287,0.155142200047189,0.271532654160112,0.411453868973413
22241,0.354372775630839,0.112269053268792,0.144655528686884,0.388702642413485
22242,0.350667556650286,0.223929166093506,0.0618787540088648,0.363524523247344
22243,0.0446680469494336,0.55672962729931,0.0756013670993561,0.323000958651901
22244,0.210589919508289,0.382317690500268,0.209606755323577,0.197485634667867
22245,0.41851952083129,0.122553915641592,0.0816176129984958,0.377308950528622
22246,0.167877715788747,0.422875119497092,0.0790671073051643,0.330180057408997
22247,0.0943475770297316,0.109193941740783,0.495185600603298,0.301272880626187
22248,0.44127038343899,0.167099379785966,0.26693657376495,0.124693663010094
22249,0.0687042204143977,0.147518226541805,0.211520527368263,0.572257025675534
22250,0.42040816309592,0.0500731635569334,0.19836338552051,0.331155287826637
22251,0.108745062804559,0.118732384150828,0.494954742237113,0.2775678108075
22252,0.107658979962294,0.0614214175323636,0.528729830397259,0.302189772108083
22253,0.152554865583705,0.525244042057954,0.0376789266980818,0.284522165660259
22254,0.0748956837479381,0.13976105585777,0.274931788665731,0.510411471728562
22255,0.0409993192349157,0.0208260051161996,0.50720908322705,0.430965592421834
22256,0.293656260747045,0.0378725495795901,0.223898768965317,0.444572420708048
22257,0.594998480468354,0.0475339350335377,0.155602970433623,0.201864614064485
22258,0.0408515179450405,0.586781511157278,0.148880583769439,0.223486387128242
22259,0.177533377954607,0.0684751468350695,0.154823102207776,0.599168373002548
22260,0.0224617469668528,0.0378075809104008,0.433833972502928,0.505896699619818
22261,0.297609473595887,0.0530003743246544,0.223266038753897,0.426124113325562
22262,0.450164108445405,0.23104414715752,0.0748958761643754,0.2438958682327
22263,0.0533619769291288,0.480518298566278,0.0144302438837601,0.451689480620833
22264,0.448154233731861,0.201842936914307,0.0680561302744863,0.281946699079346
22265,0.15851713821161,0.12392344030137,0.519728034197032,0.197831387289987
22266,0.0654121215628817,0.034471520689594,0.319403114633062,0.580713243114462
22267,0.032907330683602,0.0291469554265385,0.602165037084439,0.33578067680542
22268,0.30123872941464,0.144018881564346,0.0821719428111698,0.472570446209845
22269,0.271500955933401,0.556658860576356,0.0746894602441331,0.09715072324611
22270,0.10112680929461,0.317496410524296,0.37248225939531,0.208894520785784
22271,0.204219552378114,0.310053692564818,0.365062299185871,0.120664455871197
22272,0.230302362840399,0.436922219084765,0.170094828709549,0.162680589365288
22273,0.217249974178047,0.190597393914781,0.312059259023413,0.280093372883758
22274,0.169486637801531,0.58308742402065,0.0764462744897708,0.170979663688048
22275,0.143021439560493,0.540931882576549,0.146642427578185,0.169404250284773
22276,0.0471294629506507,0.105675590803879,0.580084503300762,0.267110442944708
22277,0.284815305102524,0.160458090967579,0.483167866834246,0.071558737095651
22278,0.0993814471780113,0.373351092427395,0.27573946454201,0.251527995852584
22279,0.387245139405872,0.188796793055049,0.150900799707312,0.273057267831768
22280,0.19298199709111,0.081613600077807,0.361566879481481,0.363837523349601
22281,0.65622184803448,0.0935776882598204,0.130429941211514,0.119770522494186
22282,0.0822144167935033,0.292914284221808,0.558557409160281,0.0663138898244079
22283,0.101814019551398,0.305968940019661,0.118989094765928,0.473227945663013
22284,0.290815064028978,0.14551498861568,0.440218451502334,0.123451495853008
22285,0.0698859362319179,0.362202046411026,0.17004052365039,0.397871493706666
22286,0.119866489402295,0.0630719172801285,0.606460004452863,0.210601588864714
22287,0.356362661304213,0.248275728286419,0.0721249675499493,0.323236642859419
22288,0.225876913669633,0.339986855457569,0.198506569269388,0.23562966160341
22289,0.19550664730787,0.258236721639529,0.309131456558913,0.237125174493688
22290,0.533549505710541,0.112630599154244,0.263182469464432,0.0906374256707835
22291,0.551627451775705,0.0937824975293344,0.132022072050696,0.222567978644265
22292,0.16093689266699,0.322438006348118,0.265219405907024,0.251405695077869
22293,0.259022933418201,0.291682940295441,0.140358369405238,0.30893575688112
22294,0.287403870408584,0.174691024719756,0.0962592968363954,0.441645808035265
22295,0.0993824709041569,0.294822916567786,0.369925084229128,0.235869528298929
22296,0.262877844036357,0.0747698294680607,0.257532670038506,0.404819656457077
22297,0.218283514078071,0.183720846522366,0.308301537844295,0.289694101555267
22298,0.134443509872368,0.178266463532995,0.422114098600433,0.265175927994204
22299,0.0487160952261985,0.591097063576508,0.0822185184051304,0.277968322792163
22300,0.555547920291333,0.167809827301602,0.0822609720671122,0.194381280339953
22301,0.101425267401966,0.157625435258924,0.579594454900512,0.161354842438598
22302,0.111679550710761,0.440190058969684,0.156285188858867,0.291845201460689
22303,0.40161198555152,0.0982815589605737,0.119501347773547,0.380605107714358
22304,0.238467028900715,0.29580160098366,0.0464435581163982,0.419287811999227
22305,0.19746998998228,0.201867269193421,0.299384125427482,0.301278615396816
22306,0.172015761392962,0.136122985925834,0.527693209012531,0.164168043668674
22307,0.0768258215077469,0.287978228649308,0.0485435350308752,0.58665241481207
22308,0.121920671481374,0.234004922070227,0.183638532697667,0.460435873750732
22309,0.410171541352237,0.0757685024946006,0.0267348942556739,0.487325061897489
22310,0.241663068723983,0.0334640922799962,0.173322419518767,0.551550419477254
22311,0.143852628163832,0.241796942762961,0.161529783738753,0.452820645334454
22312,0.625957529984902,0.0847036162107482,0.0517898207591285,0.237549033045222
22313,0.411375011388385,0.191338565832406,0.0498531717300298,0.347433251049179
22314,0.349596973097044,0.180399420819508,0.163609827374498,0.30639377870895
22315,0.102198452399303,0.268905969243878,0.131345149371201,0.497550428985618
22316,0.0294751145259392,0.33375672161957,0.115804874850002,0.52096328900449
22317,0.0483155621844017,0.389761159204246,0.0796895062449471,0.482233772366406
22318,0.125730330058863,0.0277096982554922,0.520919817241522,0.325640154444122
22319,0.308641516684086,0.164349682478604,0.047766421148278,0.479242379689032
22320,0.0929485985641364,0.329882215939124,0.311058165431792,0.266111020064948
22321,0.144921649459651,0.102732658297102,0.0997569462420865,0.65258874600116
22322,0.0312557999313384,0.0734150922962028,0.417264147772272,0.478064960000187
22323,0.015709068273525,0.239263030763847,0.0766274664405954,0.668400434522033
22324,0.0429906846439664,0.381904485497943,0.25315653716929,0.321948292688801
22325,0.117031645125193,0.132077691396034,0.036614207899698,0.714276455579075
22326,0.312974725441733,0.104204310466889,0.151363935371925,0.431457028719453
22327,0.352810406877793,0.191840212384276,0.360454655025275,0.0948947257126564
22328,0.293639468421808,0.128275720852755,0.146188621602836,0.4318961891226
22329,0.227221808703752,0.158333084146376,0.177917155387991,0.436527951761881
22330,0.153480198748151,0.155929133350569,0.249577564859005,0.441013103042276
22331,0.217773262352257,0.160897092757961,0.0505695057019899,0.570760139187793
22332,0.178093149762496,0.123384638491133,0.146375326333349,0.552146885413022
22333,0.61624809190248,0.0237505146844266,0.227721543041196,0.132279850371898
22334,0.168524904804414,0.137120016827168,0.262798148302434,0.431556930065984
22335,0.224192330912009,0.301386812878741,0.0787666829229269,0.395654173286324
22336,0.411422884516444,0.146387864057397,0.13473666823301,0.307452583193148
22337,0.129370116893847,0.265807553741334,0.288979732157669,0.31584259720715
22338,0.0543359126612158,0.162514389465229,0.138374434380238,0.644775263493317
22339,0.155976903170797,0.0713047991093671,0.57277496828882,0.199943329431016
22340,0.0346683511312279,0.369623599568576,0.0642488637452903,0.531459185554906
22341,0.127864401437664,0.0814673682523677,0.190164280788947,0.600503949521021
22342,0.20880250319223,0.0886645316466579,0.384748280571558,0.317784684589554
22343,0.103095388459051,0.640558994818053,0.062572315872827,0.193773300850069
22344,0.106252068226563,0.232938344637469,0.489584402527583,0.171225184608385
22345,0.702342528046061,0.0838531427121118,0.105389109451234,0.108415219790593
22346,0.382042313997145,0.150803050072834,0.0690848653050674,0.398069770624954
22347,0.119090769475542,0.26761424015396,0.425064847711066,0.188230142659432
22348,0.0872053295441858,0.243169934534924,0.573143488816124,0.0964812471047658
22349,0.18683247481214,0.274053021053736,0.4134304535376,0.125684050596524
22350,0.203847810421358,0.305726424058271,0.356242379907214,0.134183385613157
22351,0.112346118022014,0.22115617842955,0.562605142579446,0.103892560968991
22352,0.584619963399768,0.0877684485609373,0.182917337208155,0.14469425083114
22353,0.148342072959116,0.0933573872029552,0.344780077788086,0.413520462049843
22354,0.200229644386686,0.324897886085728,0.182427250246574,0.292445219281012
22355,0.121428645885604,0.312486424765408,0.254748240029469,0.311336689319519
22356,0.1373191492683,0.076129480208062,0.38050856576504,0.406042804758598
22357,0.0982433359225552,0.55840814881963,0.119012969127902,0.224335546129913
22358,0.69918456804844,0.0775842429392239,0.0998524844450902,0.123378704567246
22359,0.179543081861886,0.299484535288768,0.436592474387717,0.0843799084616287
22360,0.199824028931275,0.463343539065298,0.0344503195983533,0.302382112405074
22361,0.181100386394603,0.183851863203166,0.0829560020793089,0.552091748322922
22362,0.092847267250529,0.236918392929525,0.327100929920913,0.343133409899032
22363,0.0500709552984711,0.0873725696618032,0.305734062531474,0.556822412508252
22364,0.222471749327845,0.414064820860929,0.171866778336727,0.191596651474499
22365,0.238993800110711,0.318819519299756,0.29785556330327,0.144331117286264
22366,0.260823326557823,0.527969982510991,0.158741824581445,0.0524648663497406
22367,0.453051642205305,0.107511461568787,0.295111536607012,0.144325359618897
22368,0.22692417825146,0.418572263407126,0.150057923952945,0.204445634388469
22369,0.135644121427535,0.617009695947418,0.152787526385902,0.0945586562391446
22370,0.115025058272546,0.432240426535231,0.211303541149663,0.24143097404256
22371,0.55407497236815,0.0725835935143344,0.196313409184739,0.177028024932776
22372,0.360482660361766,0.469066760585137,0.0590344391152,0.111416139937897
22373,0.218647505734029,0.0897934133064508,0.320495079611723,0.371064001347797
22374,0.237828508085871,0.59134161730058,0.111095862831743,0.0597340117818049
22375,0.129296594261149,0.529776378160855,0.116533746081344,0.224393281496653
22376,0.262707236491908,0.102132188333395,0.158417353085323,0.476743222089373
22377,0.385459816086695,0.354496801651163,0.0879271975745396,0.172116184687602
22378,0.10063239473103,0.144511786920068,0.689058362826625,0.0657974555222765
22379,0.448469312033193,0.274033419745445,0.0718804439073503,0.205616824314013
22380,0.0646575945402749,0.215313655026884,0.173716701657102,0.546312048775739
22381,0.0806559954765429,0.430336324410395,0.195667955402592,0.29333972471047
22382,0.0444793091408878,0.60672850416304,0.106448164412745,0.242344022283328
22383,0.24462848449014,0.130298669537482,0.328741662571702,0.296331183400675
22384,0.211069725850604,0.521603141145042,0.105009402230314,0.16231773077404
22385,0.309170309761976,0.244256455738268,0.291200536975517,0.155372697524239
22386,0.231376168080665,0.376407463992849,0.276119758152346,0.116096609774141
22387,0.229667508302001,0.117831941125096,0.257669517663239,0.394831032909664
22388,0.450334565022984,0.234114862322802,0.139376291373539,0.176174281280675
22389,0.195661104422363,0.239981996943,0.371248608908535,0.193108289726102
22390,0.27004835112957,0.137933124172488,0.166475947172264,0.425542577525679
22391,0.244053670312113,0.161685636192081,0.169044965059641,0.425215728436165
22392,0.221595027100378,0.310407222529351,0.202531725544912,0.26546602482536
22393,0.13166749965153,0.15271707568157,0.566035029011232,0.149580395655669
22394,0.114830375767719,0.325480613585751,0.150252662933128,0.409436347713403
22395,0.417831582437224,0.180388841746633,0.229797263135304,0.171982312680839
22396,0.0581896906073523,0.081322991068663,0.266767456363363,0.593719861960622
22397,0.358067502576778,0.248014465153151,0.125075249911476,0.268842782358595
22398,0.342589702538824,0.136510315360674,0.28290335186301,0.237996630237492
22399,0.079411530527112,0.211711920410343,0.568114502896445,0.140762046166101
22400,0.0856348757093677,0.127070222823401,0.660612284019123,0.126682617448108
22401,0.534505060720956,0.0974048817580356,0.110992883557826,0.257097173963183
22402,0.162428593587242,0.375279573470596,0.355815363635149,0.106476469307014
22403,0.212536955916369,0.344600183702688,0.226705058565878,0.216157801815065
22404,0.430886717007473,0.0878249264252746,0.422110135387919,0.0591782211793327
22405,0.083703424674253,0.471233144529006,0.114742967055604,0.330320463741136
22406,0.127713296331908,0.518327179698382,0.141281311041734,0.212678212927976
22407,0.230673780396635,0.118357283197825,0.215295111405975,0.435673824999565
22408,0.0519595467824339,0.137572211118304,0.748217965519368,0.0622502765798949
22409,0.399696618077818,0.245594034563614,0.259681849362051,0.0950274979965177
22410,0.329493870477474,0.323128072458057,0.239370793406048,0.10800726365842
22411,0.225499881256161,0.326296985641203,0.302845248172825,0.145357884929812
22412,0.328984219485136,0.160278730775386,0.45645265651143,0.0542843932280483
22413,0.0636783537123743,0.101889493537878,0.150773006825258,0.68365914592449
22414,0.190513393746866,0.698873200476506,0.0413327798160107,0.0692806259606179
22415,0.0948502420782617,0.169781078545005,0.611390765898892,0.123977913477842
22416,0.0924044794759029,0.132468954856831,0.608978925439511,0.166147640227754
22417,0.262427369857761,0.132087606688783,0.25588908302953,0.349595940423926
22418,0.0351255789514868,0.538534540140611,0.289273671101334,0.137066209806568
22419,0.107926501601265,0.187334768536218,0.112778830255316,0.591959899607201
22420,0.0676766237444446,0.49384550782983,0.123124707386538,0.315353161039188
22421,0.237590339729455,0.15116640723969,0.446137774177992,0.165105478852862
22422,0.0525113719837167,0.267167325812894,0.23738014470309,0.442941157500299
22423,0.0718957749018635,0.202130972723034,0.527870126715892,0.19810312565921
22424,0.42923312376663,0.218451372704535,0.100050033170039,0.252265470358796
22425,0.116435329903523,0.282561499072737,0.0955770347846396,0.505426136239101
22426,0.280493228073502,0.248462949274892,0.184378830841136,0.286664991810471
22427,0.338509399870039,0.239657726120807,0.0912863976866897,0.330546476322464
22428,0.0336765393829686,0.243639288305507,0.25566250863652,0.467021663675004
22429,0.674719026865661,0.122326367777659,0.0758810634630785,0.127073541893602
22430,0.116337245159993,0.079252073267236,0.478693392871123,0.325717288701648
22431,0.232782633726139,0.0912270619563903,0.244946043093692,0.431044261223779
22432,0.231878182153779,0.420294823648386,0.146448614396137,0.201378379801699
22433,0.0752346483815634,0.0780654849546504,0.130275116102011,0.716424750561775
22434,0.325804632686904,0.108611935465073,0.110745641173125,0.454837790674898
22435,0.0516838657777812,0.199352541272212,0.389276335442777,0.35968725750723
22436,0.0605584389253286,0.380476872307754,0.168040073049296,0.390924615717622
22437,0.111516175381843,0.101277349718811,0.11634975050484,0.670856724394506
22438,0.0956018595234653,0.137729920911636,0.0509869678225318,0.715681251742367
22439,0.0545936061908489,0.166262512870602,0.42215429932884,0.356989581609709
22440,0.178807920098772,0.497718273044229,0.177964321864306,0.145509484992693
22441,0.306040602091794,0.30066401877331,0.284982321547803,0.108313057587093
22442,0.141609241240066,0.339065662144188,0.429906928721158,0.0894181678945875
22443,0.198194550403663,0.641420353099065,0.0782082739653417,0.0821768225319303
22444,0.323776297579712,0.378349065476265,0.184741552613718,0.113133084330306
22445,0.157444466404879,0.39183169609207,0.281748083319493,0.168975754183558
22446,0.152723476118562,0.381215329462425,0.430557873843214,0.0355033205757996
22447,0.224766658118019,0.443290227335938,0.221153036502208,0.110790078043835
22448,0.223455078258735,0.417474778599221,0.255591294055021,0.103478849087023
22449,0.245347460838849,0.424481680597052,0.17480050990575,0.15537034865835
22450,0.14824882934884,0.282028058523538,0.333136450035885,0.236586662091737
22451,0.0931839504074274,0.624370095805972,0.175098796668202,0.107347157118399
22452,0.14437343758109,0.563897791548255,0.160828631317241,0.130900139553414
22453,0.260371713213699,0.165394547584351,0.233263389776418,0.340970349425533
22454,0.199707857260834,0.470693901192376,0.244526908842886,0.0850713327039041
22455,0.438884515674994,0.19053953438305,0.253543429618649,0.117032520323307
22456,0.372336771378514,0.100405157821116,0.233621508481629,0.293636562318741
22457,0.25168850808524,0.330415653333997,0.261211834621503,0.15668400395926
22458,0.10705185833639,0.435456132638516,0.259929899092134,0.19756210993296
22459,0.29707003545222,0.262319215502821,0.389102044583633,0.0515087044613267
22460,0.200439745033449,0.204027975532366,0.499029648678947,0.0965026307552388
22461,0.288662066335143,0.30278116430881,0.256118052941811,0.152438716414237
22462,0.416016959902625,0.281893722945116,0.188718220182305,0.113371096969954
22463,0.136671941247643,0.498265345061046,0.13765216841213,0.227410545279181
22464,0.198726590850711,0.353245374830837,0.267139878915177,0.180888155403276
22465,0.29280830317461,0.402414683409332,0.236609022015206,0.0681679914008516
22466,0.251109366313198,0.334976065972206,0.089717634897488,0.324196932817108
22467,0.22119666136626,0.53204309010662,0.128024604010033,0.118735644517088
22468,0.19578713334662,0.386161698162606,0.221768424420033,0.196282744070741
22469,0.39814235921965,0.20343863305457,0.252851540012558,0.145567467713222
22470,0.18952223998054,0.607307041341554,0.103612969211475,0.0995577494664319
22471,0.520893746264917,0.221741255314531,0.174937619668949,0.0824273787516026
22472,0.0877877742952251,0.428007012778237,0.316120460525393,0.168084752401145
22473,0.566962526463031,0.194694134880911,0.139948645940794,0.0983946927152643
22474,0.541352987941892,0.0789589639762008,0.303313610564268,0.0763744375176392
22475,0.27800389205311,0.577651288044188,0.0666166942802567,0.0777281256224457
22476,0.148276466877522,0.21953343491095,0.319185898398021,0.313004199813507
22477,0.109953577021883,0.232013123651147,0.476402071195569,0.181631228131401
22478,0.139427302624599,0.0857970246369922,0.489248299409613,0.285527373328796
22479,0.191527311841835,0.0727663678579108,0.137762902998956,0.597943417301298
22480,0.0704863371537004,0.144472212771036,0.344945428672748,0.440096021402515
22481,0.173828565992748,0.325687674140823,0.0446267891659671,0.455856970700462
22482,0.201397989326374,0.175439088668369,0.0622006799526712,0.560962242052585
22483,0.079633875548758,0.278443095582189,0.0664186829815,0.575504345887554
22484,0.220816902664513,0.289843801914697,0.0271485672240131,0.462190728196777
22485,0.0513600954989955,0.19970547688823,0.173621813951183,0.575312613661592
22486,0.0601401121794326,0.198454438628733,0.417147521428916,0.324257927762918
22487,0.0755278775769446,0.0463084605279672,0.304340209675079,0.573823452220009
22488,0.0961765935985972,0.0862114977078769,0.359864869281425,0.457747039412101
22489,0.289368903197904,0.056495564397914,0.27330719737318,0.380828335031003
22490,0.0737352672505685,0.506664997469558,0.0900465795998852,0.329553155679988
22491,0.0485531364275954,0.48136506407018,0.0742960316537304,0.395785767848494
22492,0.0534801381939409,0.190964629355095,0.401009379990401,0.354545852460563
22493,0.143771238675177,0.405295683752551,0.280202997508171,0.170730080064102
22494,0.151478090979723,0.105416249743248,0.305481087959827,0.437624571317202
22495,0.0997079870626065,0.18382706929656,0.295842999482888,0.420621944157946
22496,0.224332139170197,0.037503930845888,0.189769289364695,0.54839464061922
22497,0.160714875231464,0.430287407794566,0.267400598055295,0.141597118918675
22498,0.0603772954383548,0.167361473225553,0.275693945871644,0.496567285464448
22499,0.448903217228874,0.126713230740476,0.110915605161655,0.313467946868995
22500,0.589056012696295,0.106047224479348,0.0390472571802453,0.265849505644113
22501,0.336976791164936,0.130928029387629,0.148711262549333,0.383383916898101
22502,0.28347974778597,0.140978791528051,0.19816992777169,0.377371532914289
22503,0.17830076218774,0.176104625235384,0.0467186929462005,0.598875919630675
22504,0.142029693827969,0.438965442646829,0.0763693191501974,0.342635544375004
22505,0.205263826772552,0.0738381991119162,0.154635220278193,0.566262753837339
22506,0.181609196770257,0.279631727327426,0.27132035985873,0.267438716043587
22507,0.0172241980104826,0.521874708153604,0.0889996922188471,0.371901401617067
22508,0.114244094679021,0.651638006338226,0.0410637387415938,0.193054160241159
22509,0.579871991454682,0.0495864385207463,0.0854245806469401,0.285116989377632
22510,0.0378370687549599,0.770490894452841,0.0465973558468762,0.145074680945323
22511,0.153700475224784,0.0535148260066469,0.641875189398421,0.150909509370148
22512,0.0961562944298323,0.0966560392992227,0.316665478628116,0.490522187642829
22513,0.139574522988702,0.0569718051089526,0.271169890630717,0.532283781271628
22514,0.123047142983914,0.605490803822463,0.0689644582838897,0.202497594909733
22515,0.0351359088013554,0.0425304669115873,0.445716187668666,0.476617436618392
22516,0.0567943845503775,0.485452692255987,0.154115245991066,0.303637677202569
22517,0.200363570368187,0.101992346972995,0.344730834257024,0.352913248401793
22518,0.093470540947608,0.188142547373745,0.219106347946192,0.499280563732456
22519,0.122543536929497,0.301525626416856,0.0495461977753053,0.526384638878342
22520,0.327207628979106,0.261125920963196,0.139430920747588,0.272235529310109
22521,0.0583918897305513,0.407807319133885,0.277375666528118,0.256425124607445
22522,0.0222080426308969,0.0940942006158388,0.506869487672263,0.376828269081001
22523,0.0250402600912098,0.699364684498631,0.13422148465901,0.141373570751149
22524,0.0534857517103543,0.0478046832973157,0.217606532805041,0.681103032187289
22525,0.22824237404609,0.0513938996443258,0.656036136362679,0.0643275899469056
22526,0.384579104407645,0.332303826591011,0.0512303393308279,0.231886729670516
22527,0.0777867989162596,0.299029663104563,0.115341749286732,0.507841788692445
22528,0.0855863689419041,0.0679127633550259,0.546331644961215,0.300169222741855
22529,0.141932432994257,0.363255489211935,0.131559016658906,0.363253061134903
22530,0.141030019078975,0.0381849810500951,0.0912124086205023,0.729572591250428
22531,0.0724214610603682,0.0454853383090863,0.707523552757101,0.174569647873445
22532,0.19383466254783,0.133598576233581,0.0333639706784863,0.639202790540102
22533,0.0340226838802994,0.356278921792267,0.0459583960755722,0.563739998251861
22534,0.108350412228726,0.29297245216916,0.0712331673063012,0.527443968295813
22535,0.157062699472552,0.219612581272588,0.321432418676901,0.301892300577959
22536,0.104281206611381,0.495047554326441,0.104473137019978,0.2961981020422
22537,0.106607295714533,0.322772681868576,0.3331523809887,0.237467641428191
22538,0.0679464783656526,0.39129817298506,0.129977552626937,0.41077779602235
22539,0.128206327937485,0.217107497606616,0.408933103777524,0.245753070678376
22540,0.165216388376255,0.279369983548715,0.101479980457995,0.453933647617035
22541,0.082376878934087,0.261040046654482,0.174484882606251,0.482098191805181
22542,0.11796613404646,0.275878819946371,0.209073536362058,0.397081509645111
22543,0.377917629989152,0.0948175878842503,0.0673633489504858,0.459901433176113
22544,0.0676540225623729,0.0506487760560241,0.488021996032707,0.393675205348896
22545,0.0832340043921244,0.483730691336256,0.107099035009126,0.325936269262493
22546,0.443627727498837,0.393368964107804,0.0730128939470524,0.0899904144463065
22547,0.341615184354102,0.191474534393556,0.195293781387158,0.271616499865183
22548,0.131754429520547,0.194062868729134,0.24840968749952,0.425773014250799
22549,0.296253995843324,0.0431336621429685,0.181550601750617,0.479061740263091
22550,0.0730337909361501,0.215102255850571,0.543946146313722,0.167917806899557
22551,0.0785445253155671,0.280656526602707,0.297113203621718,0.343685744460009
22552,0.0734158969458923,0.161625822527096,0.079865068259423,0.685093212267589
22553,0.16909321727624,0.481924342715377,0.0751688017305518,0.273813638277831
22554,0.359203879299549,0.172102595709658,0.342065402551692,0.126628122439101
22555,0.130803689889407,0.460318290174528,0.295060557850609,0.113817462085456
22556,0.414629549043481,0.265508091403691,0.263141782851363,0.0567205767014643
22557,0.11045851806769,0.591551850737246,0.18235744990463,0.115632181290435
22558,0.159813572116864,0.267620994591087,0.511153459712113,0.0614119735799359
22559,0.192601432108883,0.319999953095953,0.294477780644695,0.192920834150469
22560,0.246291743127347,0.188728327874868,0.429405898399405,0.135574030598381
22561,0.132710136383203,0.334409962921215,0.440369207077738,0.0925106936178448
22562,0.177740000467503,0.491880389604463,0.291597129796928,0.0387824801311067
22563,0.398481215978918,0.223960516652741,0.279717441250555,0.0978408261177868
22564,0.427145592658667,0.131842377409176,0.313641304758753,0.127370725173404
22565,0.119565890164841,0.162374012638821,0.485182096985703,0.232878000210634
22566,0.199921907017373,0.498206072436012,0.225516129728356,0.0763558908182589
22567,0.331952406202937,0.114848163628471,0.323780401918579,0.229419028250012
22568,0.314237171389847,0.176675407726226,0.197070004465407,0.31201741641852
22569,0.276192215144414,0.158398585462258,0.507748523126505,0.0576606762668237
22570,0.36711844560616,0.242780094176015,0.14838053997605,0.241720920241776
22571,0.238858205206531,0.434326749963326,0.143367424254229,0.183447620575914
22572,0.249230676822708,0.24207216200689,0.21441556533826,0.294281595832143
22573,0.212786845860899,0.274285023193177,0.382956308481121,0.129971822464804
22574,0.39116203926475,0.103126567797921,0.314723075104451,0.190988317832878
22575,0.12716544824113,0.446119042533727,0.279190237908568,0.147525271316575
22576,0.38955412062456,0.232535065301073,0.223340735040639,0.154570079033729
22577,0.388174764176932,0.300985969043683,0.236327696028719,0.0745115707506661
22578,0.119805512621051,0.446743280401862,0.335695218529123,0.0977559884479638
22579,0.11228893912985,0.34578554160619,0.286272176226814,0.255653343037146
22580,0.467603475377831,0.302662545072545,0.152015849450031,0.0777181300995937
22581,0.102585774130118,0.319584042171593,0.326284924023329,0.25154525967496
22582,0.404047811218888,0.196153222395792,0.312243949417068,0.0875550169682523
22583,0.271213184617987,0.276561001288426,0.355270298099582,0.0969555159940049
22584,0.144979407163077,0.345202915069594,0.363509825035075,0.146307852732254
22585,0.196327544151477,0.437169765104849,0.242891859887297,0.123610830856377
22586,0.126542959059902,0.554370205765605,0.17906219252162,0.140024642652873
22587,0.365570351694608,0.108741820066623,0.0868801658792692,0.4388076623595
22588,0.288388576009132,0.143485387213637,0.334584439017542,0.233541597759689
22589,0.349138816478185,0.42866525968654,0.153515077575072,0.0686808462602024
22590,0.108744527986709,0.112491453549436,0.460080449521304,0.318683568942551
22591,0.256312031895114,0.116199931994538,0.509922432833345,0.117565603277004
22592,0.253377467059637,0.446562188256178,0.186872483668917,0.113187861015268
22593,0.319720513576905,0.321098782607751,0.153113695108994,0.206067008706351
22594,0.154496323432625,0.0866553886801646,0.479655210540683,0.279193077346527
22595,0.0851657708411495,0.154520887962603,0.247967371834116,0.512345969362131
22596,0.293739498400455,0.525218221746189,0.0894846903762424,0.0915575894771139
22597,0.0936451051154029,0.186319745776492,0.573948806512826,0.146086342595279
22598,0.127263453223455,0.457961946674436,0.0877171643734456,0.327057435728664
22599,0.149570828056161,0.1407451334725,0.0932388215988557,0.616445216872483
22600,0.0999636902738505,0.242765619340858,0.147919377835327,0.509351312549966
22601,0.37195775929175,0.0840413133997944,0.0982883365163048,0.44571259079215
22602,0.697153046151273,0.122154211463422,0.0750773631440012,0.105615379241304
22603,0.253782693696294,0.066795771654362,0.216593898271705,0.462827636377639
22604,0.0662755739873673,0.343202717020845,0.296101371363081,0.294420337628707
22605,0.530605295723905,0.0913781441930686,0.0816428047002172,0.296373755382809
22606,0.182113176277746,0.130773524200272,0.453440416120768,0.233672883401215
22607,0.0969416166552285,0.106487860903792,0.385360835696025,0.411209686744954
22608,0.110333232798889,0.542894598914113,0.158767281025705,0.188004887261293
22609,0.25764227618423,0.341453935285332,0.0581874466405501,0.342716341889888
22610,0.024990630052031,0.717537426413372,0.145402251814875,0.112069691719722
22611,0.135754060624834,0.270128506022174,0.444179606595834,0.149937826757158
22612,0.126643536874207,0.173070896305635,0.418337150320158,0.2819484165
22613,0.435158403844215,0.330265899385628,0.112224719616189,0.122350977153968
22614,0.370733205632183,0.201733586687744,0.227991838395046,0.199541369285027
22615,0.143597789307375,0.475433222499372,0.28945194234119,0.0915170458520633
22616,0.560747128903257,0.0953373240608723,0.289336835616137,0.0545787114197332
22617,0.188560750938152,0.149413077068674,0.507968861694441,0.154057310298734
22618,0.489058939523513,0.120629588562966,0.183277301540709,0.207034170372813
22619,0.105498907507378,0.472248065209695,0.14184083460296,0.280412192679967
22620,0.111661544607351,0.657798162800378,0.115297451161628,0.115242841430643
22621,0.107331420217676,0.0687763509788161,0.619704320164786,0.204187908638721
22622,0.181990613636261,0.0960468586445731,0.204193302742294,0.517769224976872
22623,0.128432162601905,0.558299762577172,0.123572301589189,0.189695773231733
22624,0.190683327411796,0.442056134203205,0.0979262323789396,0.26933430600606
22625,0.253485902831798,0.19507258229516,0.128332312126386,0.423109202746657
22626,0.278245636137609,0.13162318759772,0.168638879055395,0.421492297209276
22627,0.241148022759193,0.10126006840289,0.390139089187522,0.267452819650395
22628,0.0634404607454893,0.287220680539197,0.507742536852151,0.141596321863162
22629,0.130585605691942,0.362682169445535,0.193204718401005,0.313527506461519
22630,0.280671291740734,0.458538227127175,0.0950181069637869,0.165772374168305
22631,0.314013502708973,0.430205424496123,0.0138699756930911,0.241911097101813
22632,0.103516617400316,0.424400520857841,0.0696205085794543,0.402462353162389
22633,0.0808481228995646,0.0671399793455466,0.271665045989542,0.580346851765347
22634,0.00690610779989984,0.438136613564506,0.188473898067509,0.366483380568086
22635,0.0148288359060281,0.615169957066146,0.0118077899742144,0.358193417053611
22636,0.00737231896638044,0.645627904820954,0.120865014165294,0.226134762047371
22637,0.562745998527388,0.0159135423372873,0.0129016471567893,0.408438811978535
22638,0.0916257846435414,0.166629147740157,0.0822253320654615,0.65951973555084
22639,0.0201437237047434,0.175919302744522,0.0509689436057585,0.752968029944977
22640,0.0317037560739059,0.0599426328832535,0.548548757471834,0.359804853571006
22641,0.0122265646408646,0.672755402151299,0.100202779438512,0.214815253769325
22642,0.0449265104112623,0.181722962048057,0.0632598255005199,0.71009070204016
22643,0.15271122882216,0.0487673280791779,0.371757909399637,0.426763533699025
22644,0.018527587985887,0.160900970444914,0.633037529837927,0.187533911731272
22645,0.134017978606557,0.0103849115969252,0.0979873455585641,0.757609764237953
22646,0.226380502612413,0.2197932551397,0.127162668546766,0.426663573701122
22647,0.638398326514838,0.198595919721397,0.00651554306875462,0.156490210695011
22648,0.750692496998938,0.0707352275440226,0.00260790493756329,0.175964370519476
22649,0.0870174061756067,0.248167422456781,0.278042779995536,0.386772391372077
22650,0.103782207535989,0.419923333303843,0.090330200425011,0.385964258735158
22651,0.10254225202308,0.0990663943334036,0.453863782969677,0.344527570673839
22652,0.0494639517151329,0.109600370472476,0.248513052239898,0.592422625572493
22653,0.0460481732949675,0.218594492803248,0.585393460102486,0.149963873799299
22654,0.0403135572008889,0.111136340859894,0.20059128363812,0.647958818301097
22655,0.114839089083589,0.527892018165968,0.0534082366600841,0.30386065609036
22656,0.168660785588404,0.1371493304526,0.463649489665163,0.230540394293833
22657,0.314260961670013,0.210219543449665,0.0948230879401859,0.380696406940136
22658,0.0763679828282797,0.0365825292562293,0.12431967096796,0.762729816947531
22659,0.123529163920763,0.101490895285643,0.510414618159535,0.264565322634059
22660,0.54447100494761,0.14681815332678,0.0242827704310218,0.284428071294588
22661,0.42535598080153,0.10675463476203,0.224737134266774,0.243152250169666
22662,0.0719803503592264,0.122045978110288,0.650767391715378,0.155206279815108
22663,0.142229931780638,0.669769963089807,0.0668183236472555,0.121181781482299
22664,0.0735345298482183,0.493621518492805,0.0419055247781987,0.390938426880778
22665,0.312041771620897,0.209255031884942,0.336069387039185,0.142633809454976
22666,0.29013613339007,0.250162977673456,0.0272729014076066,0.432427987528868
22667,0.0577699305583359,0.163689776305329,0.540952927855624,0.237587365280711
22668,0.163532893751639,0.28476127355325,0.0561599065130028,0.495545926182108
22669,0.0906530386028514,0.0628074875587168,0.106443331124392,0.74009614271404
22670,0.143305145483486,0.351507498542124,0.134526794891853,0.370660561082536
22671,0.220337597725424,0.0978384278323159,0.40496311233689,0.27686086210537
22672,0.388153882370884,0.0773120396296004,0.124293550626273,0.410240527373242
22673,0.291112840334856,0.179936430481933,0.114925907267655,0.414024821915556
22674,0.119541175140567,0.174767302564715,0.520869703013912,0.184821819280806
22675,0.0662342345546075,0.343242524394296,0.146471074132449,0.444052166918648
22676,0.142358656250365,0.485810882082448,0.0825113247297863,0.2893191369374
22677,0.417268333076587,0.110018516942169,0.168347432045011,0.304365717936232
22678,0.156012629143093,0.101324629178119,0.091641977580664,0.651020764098124
22679,0.02942443189744,0.431640482727035,0.0636863088291329,0.475248776546392
22680,0.0366034619420958,0.137493488152895,0.314470338913368,0.511432710991642
22681,0.0674267196506581,0.260903863449371,0.0876441142173889,0.584025302682583
22682,0.26270319115661,0.521314178764014,0.0540447495207545,0.161937880558621
22683,0.0489108457643254,0.0232972339314333,0.569046019072934,0.358745901231307
22684,0.16010002502724,0.630378129287131,0.0704250128903164,0.139096832795312
22685,0.164811336446389,0.0812484401784253,0.121356155644988,0.632584067730198
22686,0.744332275151742,0.0449658697961032,0.035428769084867,0.175273085967288
22687,0.124471865048715,0.520518601542494,0.173863104031744,0.181146429377048
22688,0.348150904518896,0.345303263314723,0.251866023577202,0.0546798085891786
22689,0.298855333192407,0.293923246600871,0.259921413629959,0.147300006576762
22690,0.0811733386797114,0.306905894922769,0.550154626519594,0.0617661398779267
22691,0.180330440729437,0.447813799910412,0.308389727552698,0.0634660318074526
22692,0.260628493526216,0.243018387814643,0.276166431613889,0.220186687045252
22693,0.34132246883251,0.284894946932432,0.176356152242836,0.197426431992223
22694,0.42056947189393,0.128211027113476,0.358776784255963,0.0924427167366321
22695,0.201294504222304,0.209143985657881,0.449880042800347,0.139681467319469
22696,0.123035818852563,0.443484763147539,0.147422076420232,0.286057341579666
22697,0.0631474824952229,0.477698658067031,0.172329069745427,0.286824789692319
22698,0.333646057645367,0.362622813735444,0.0954480566774632,0.208283071941725
22699,0.497100170427641,0.0934021888866774,0.223157617755348,0.186340022930334
22700,0.23940312168806,0.151418363984607,0.154700807536833,0.454477706790501
22701,0.105706057756192,0.429145451778227,0.0407401741448723,0.424408316320708
22702,0.0409283650367674,0.185223612755698,0.535923711345451,0.237924310862084
22703,0.232991285745521,0.144739448582491,0.487909843741301,0.134359421930687
22704,0.103973535975024,0.465182119200126,0.171535550648856,0.259308794175994
22705,0.0877210637492807,0.281735072928026,0.321893792612401,0.308650070710292
22706,0.149968560997108,0.251627389005544,0.371690671719869,0.226713378277479
22707,0.101070705033991,0.614686913811049,0.165053725621876,0.119188655533084
22708,0.185083585552732,0.142359888738369,0.453249105866586,0.219307419842313
22709,0.147751523419863,0.641554652091181,0.0841420238268319,0.126551800662125
22710,0.155062997056586,0.478703274792482,0.141676551241475,0.224557176909457
22711,0.617656662952782,0.131840698745743,0.141860142141408,0.108642496160067
22712,0.291488901793949,0.307123894120763,0.0949813826934678,0.306405821391821
22713,0.160542521851898,0.172318655041487,0.366846944282965,0.30029187882365
22714,0.10462943341668,0.176629365518689,0.584358209959246,0.134382991105385
22715,0.219931051646653,0.272464509954749,0.175123281706337,0.332481156692262
22716,0.132856916060765,0.300972712918842,0.201865491082904,0.364304879937488
22717,0.13617597153096,0.12675219084333,0.411274492880365,0.325797344745345
22718,0.409734746861821,0.129734361254715,0.112564912115777,0.347965979767687
22719,0.587457700744607,0.196741147133249,0.104371158081382,0.111429994040761
22720,0.105080476831118,0.413941263298102,0.197660260346539,0.283317999524241
22721,0.449148251703544,0.248796336893188,0.121312782179037,0.180742629224231
22722,0.154404805529526,0.205475155067203,0.202319217741616,0.437800821661655
22723,0.156391441441863,0.444511986191691,0.043921579296481,0.355174993069965
22724,0.0664701104756869,0.169982728777262,0.651614828266693,0.111932332480358
22725,0.181294263210442,0.549638598592563,0.160449180313648,0.108617957883348
22726,0.128959569911925,0.437278428965552,0.304944124883038,0.128817876239486
22727,0.270520342027247,0.360715538124013,0.287847874447335,0.080916245401405
22728,0.0910001799619112,0.58727478739352,0.206421479998003,0.115303552646565
22729,0.267366719115031,0.395518836728047,0.241785938243773,0.0953285059131493
22730,0.175016732069258,0.315534000065738,0.375596048670526,0.133853219194478
22731,0.0720345210383272,0.391145655220615,0.442977336236617,0.0938424875044411
22732,0.186575465414979,0.349434896861051,0.343236368389768,0.120753269334203
22733,0.435434198257424,0.249163098741695,0.162523381897501,0.152879321103379
22734,0.214157216550381,0.378114652538837,0.239404574974879,0.168323555935904
22735,0.229951781589482,0.45132681412293,0.274012710033563,0.044708694254025
22736,0.126141585268139,0.256606728587832,0.489164035482117,0.128087650661912
22737,0.37676019794969,0.316080987316305,0.0880602234007201,0.219098591333285
22738,0.388161686715201,0.190261820180236,0.309686087200982,0.111890405903582
22739,0.484871584978741,0.18852706137084,0.155695479699064,0.170905873951355
22740,0.113747500751133,0.520892156169623,0.258720276939383,0.106640066139861
22741,0.434825073979844,0.105346752967415,0.346500237318453,0.113327935734287
22742,0.199683491724159,0.565860492426554,0.180238871686188,0.0542171441630996
22743,0.163348810119334,0.525405004610649,0.150059843025566,0.161186342244451
22744,0.30003759243189,0.275836800980271,0.298185318778167,0.125940287809672
22745,0.361079331380524,0.286490681098142,0.192409216606391,0.160020770914942
22746,0.275853875123928,0.321414122736609,0.270113574440639,0.132618427698824
22747,0.496419728156572,0.204439235875991,0.145615722448173,0.153525313519265
22748,0.461323515004611,0.274483960645265,0.209713926880943,0.0544785974691807
22749,0.199398873809179,0.234057083428533,0.483592831993528,0.0829512107687606
22750,0.221043152727196,0.0988986527113187,0.625874194696962,0.054183999864524
22751,0.206461029055489,0.360414897326089,0.349116522553492,0.0840075510649298
22752,0.295979249121436,0.231994349278164,0.289112983331104,0.182913418269296
22753,0.296011397490099,0.443357200340121,0.128773279777683,0.131858122392097
22754,0.364073612066861,0.376508005894531,0.211596362120013,0.0478220199185948
22755,0.197827692021632,0.0913820814047647,0.560059941147682,0.150730285425921
22756,0.260548132763621,0.218711348221101,0.286785455033525,0.233955063981753
22757,0.496059072631224,0.146902493635171,0.0898349514088077,0.267203482324797
22758,0.272524331042903,0.167649884164955,0.455665816234277,0.104159968557866
22759,0.320312190270528,0.412499790623744,0.0650062619318919,0.202181757173836
22760,0.176551776031375,0.181526833381616,0.527931177951406,0.113990212635603
22761,0.149699085049782,0.471221046625518,0.143563520099696,0.235516348225004
22762,0.124291287504558,0.337841598840763,0.400156032835309,0.13771108081937
22763,0.110239336598441,0.320941411268857,0.329067291617994,0.239751960514709
22764,0.169519393065932,0.591393419277676,0.0639396426309245,0.175147545025467
22765,0.206581393002216,0.248216212062848,0.302880222609581,0.242322172325356
22766,0.389535066101462,0.325654092789456,0.207753959663886,0.0770568814451957
22767,0.160378007938569,0.123803556804579,0.477509329815263,0.23830910544159
22768,0.206255746955939,0.142917424862977,0.445796650514159,0.205030177666926
22769,0.0850144852128487,0.790178171949018,0.0472468485481932,0.0775604942899403
22770,0.530082397307378,0.122200903417432,0.0669183856199957,0.280798313655195
22771,0.318716282742201,0.127436183656605,0.432893282490625,0.120954251110569
22772,0.443020476204063,0.20727970027108,0.168891402999057,0.1808084205258
22773,0.0958439346032076,0.481450756623332,0.0973846573659006,0.32532065140756
22774,0.11846089019304,0.214200646750368,0.375614032299328,0.291724430757265
22775,0.24471425032768,0.341614600181143,0.266398296646795,0.147272852844383
22776,0.252500713313118,0.274193352291031,0.0906729216351526,0.382633012760699
22777,0.0752104623239922,0.444903024233768,0.295840666328132,0.184045847114108
22778,0.0352536148241853,0.167644957230155,0.465170474032714,0.331930953912946
22779,0.165325191331346,0.396686193410338,0.176473669831914,0.261514945426402
22780,0.206540878478283,0.465251392361534,0.0745216192115246,0.253686109948658
22781,0.0607853218607893,0.171358961825795,0.552342997379266,0.21551271893415
22782,0.0465610877228853,0.0762947784918478,0.473128236464511,0.404015897320756
22783,0.205051676332374,0.139740801560793,0.422357829380552,0.232849692726281
22784,0.0829165796961463,0.501938205189063,0.0834573846708581,0.331687830443933
22785,0.141827092674923,0.395046075291095,0.23268140358323,0.230445428450752
22786,0.259777547408273,0.0691744061707277,0.291005287798872,0.380042758622128
22787,0.279579507397268,0.176206610262544,0.142011034658639,0.402202847681549
22788,0.366895239509261,0.0357398830157881,0.208044417153809,0.389320460321142
22789,0.348933748683498,0.153140656964902,0.0909362417123028,0.406989352639296
22790,0.081937258510805,0.198392345162563,0.451652352663841,0.268018043662791
22791,0.107342157621305,0.291834429996714,0.0897421068756048,0.511081305506377
22792,0.0792993525250586,0.0844241616571027,0.645260217570954,0.191016268246885
22793,0.638720235236135,0.127039700412401,0.0634906995786608,0.170749364772804
22794,0.110457447499487,0.208685673880317,0.335679798539433,0.345177080080764
22795,0.15788255472711,0.338463396252367,0.0805074465477846,0.423146602472738
22796,0.516516048223484,0.0587159526634009,0.173650195295695,0.251117803817421
22797,0.0388995722990606,0.0721082510042241,0.724812150620728,0.164180026075988
22798,0.0542136611709392,0.08988946832292,0.267587356486945,0.588309514019196
22799,0.419800438619317,0.0787280514893301,0.0714386313991028,0.43003287849225
22800,0.197367482962316,0.118030247226276,0.204875310379251,0.479726959432157
22801,0.0745202766620595,0.274766577083397,0.267565475067291,0.383147671187253
22802,0.05332429253917,0.43294597224454,0.188073729047561,0.32565600616873
22803,0.400043171349781,0.426378186111247,0.0395092843882347,0.134069358150738
22804,0.266102744055841,0.101424973235778,0.321013822287451,0.311458460420931
22805,0.156402803354169,0.27038393450963,0.203987963133471,0.36922529900273
22806,0.0985644421323289,0.554855188159368,0.0720573663704822,0.274523003337821
22807,0.396978973151165,0.0267710625170057,0.348645116223505,0.227604848108324
22808,0.0441633800592758,0.429891215408507,0.20961293630594,0.316332468226277
22809,0.0788568945539791,0.179444915305423,0.568578042824461,0.173120147316137
22810,0.078787607512788,0.526470096387779,0.125814940117603,0.26892735598183
22811,0.172852823894241,0.130225324143366,0.290634574249085,0.406287277713309
22812,0.123758423574069,0.416466222307469,0.140608544642785,0.319166809475677
22813,0.353991521059419,0.0969009465812562,0.259026023397716,0.290081508961609
22814,0.184849937387949,0.568676811462129,0.0522233927703054,0.194249858379617
22815,0.127271141567342,0.46519292573425,0.115894819317346,0.291641113381063
22816,0.104193805106947,0.181568355185332,0.0736574054151262,0.640580434292595
22817,0.430361567582488,0.0974643663452152,0.0666529731769798,0.405521092895317
22818,0.0338776815714297,0.614833023049634,0.134239000164317,0.21705029521462
22819,0.124580231853634,0.0863228390235466,0.37215659757525,0.416940331547569
22820,0.101984051221293,0.188057235374457,0.465073870837386,0.244884842566863
22821,0.0678346487803246,0.145174096985299,0.298303188453077,0.4886880657813
22822,0.27447774365595,0.0679707829251794,0.280595602251463,0.376955871167407
22823,0.0651561998842609,0.355123632351511,0.0569956924518417,0.522724475312386
22824,0.0393502110085031,0.408555992227094,0.127784334520233,0.42430946224417
22825,0.134203241491545,0.0268294473667735,0.722498563605923,0.116468747535759
22826,0.0834158740351754,0.115874446569227,0.269627466814794,0.531082212580803
22827,0.415243239849146,0.0370128364452154,0.152912723202124,0.394831200503515
22828,0.047884957386655,0.234387632514424,0.554362220135225,0.163365189963696
22829,0.0724706694141778,0.489081761291144,0.258819855198595,0.179627714096082
22830,0.0842016972016496,0.0326453385389795,0.650085993766794,0.233066970492578
22831,0.0657284968745388,0.525025319305464,0.0378901003959342,0.371356083424063
22832,0.0792174253422088,0.0622054763021482,0.549671995835401,0.308905102520243
22833,0.11358836658677,0.541641328723394,0.0744869265725222,0.270283378117314
22834,0.0269702730236027,0.0785191709069852,0.184923475438721,0.709587080630691
22835,0.127318801225756,0.131141858538203,0.0810186428448218,0.660520697391219
22836,0.150384213028605,0.314598939231828,0.0417255350177263,0.493291312721842
22837,0.0355973335815124,0.315826305585371,0.0956267628736972,0.55294959795942
22838,0.219359703165749,0.122752785067233,0.0225889106472748,0.635298601119744
22839,0.13410656715815,0.255588594680931,0.298830111969738,0.311474726191181
22840,0.477106500647748,0.0309248523830058,0.202219299431628,0.289749347537618
22841,0.237908549550055,0.118882751385726,0.140064012200855,0.503144686863364
22842,0.308494338616281,0.0460503045533076,0.265035177369172,0.380420179461239
22843,0.377362859141364,0.069324092254037,0.232606308830408,0.320706739774191
22844,0.645625566788601,0.0655523368187039,0.164021286941117,0.124800809451578
22845,0.613891722922624,0.192367028256649,0.0940034897235058,0.0997377590972208
22846,0.068026565282592,0.663709157978008,0.0214187695084792,0.246845507230921
22847,0.230411483765615,0.517969886735529,0.082182743359527,0.169435886139329
22848,0.201259373102811,0.192328480243907,0.0830514059758754,0.523360740677407
22849,0.339069678370246,0.0254661231278034,0.529544278833825,0.105919919668126
22850,0.496308271310148,0.0761809285812003,0.223633728280834,0.203877071827818
22851,0.121003688214471,0.452683579050057,0.0774266316865508,0.348886101048921
22852,0.534221980410916,0.0484644496365825,0.0335562814562473,0.383757288496254
22853,0.617991255031865,0.0812487487049498,0.184825026573233,0.115934969689953
22854,0.0784696386393332,0.114689564325627,0.0475965236942195,0.75924427334082
22855,0.454034818062231,0.13572172876195,0.0249840751278571,0.385259378047962
22856,0.0178424605830141,0.0295084698499304,0.480953062339785,0.471696007227271
22857,0.0119464450355982,0.0323590672295766,0.230362085621656,0.725332402113169
22858,0.268412691173374,0.259783889736438,0.27726586289137,0.194537556198818
22859,0.193248661856633,0.636190419375898,0.0940687152535689,0.0764922035139008
22860,0.180680610755409,0.323079497877429,0.151014709865701,0.345225181501462
22861,0.246805325364396,0.328651769280885,0.288188363467629,0.13635454188709
22862,0.158122566059668,0.156672860032407,0.190157112008413,0.495047461899513
22863,0.102018030015653,0.592486007216912,0.208607844816084,0.0968881179513514
22864,0.0594923998433886,0.424238829368905,0.179495235392347,0.336773535395359
22865,0.253260479136445,0.315250232107423,0.140925177495837,0.290564111260295
22866,0.256324070270243,0.0501069218853964,0.564447939009337,0.129121068835023
22867,0.201226228348157,0.106252467948947,0.503490272472957,0.18903103122994
22868,0.137942090606157,0.182871463718672,0.316178973646502,0.363007472028669
22869,0.324247254895508,0.156602993475669,0.161555379565563,0.35759437206326
22870,0.269774920765793,0.27937543590246,0.202257707308829,0.248591936022918
22871,0.190841966042328,0.442622558688245,0.120810575102182,0.245724900167245
22872,0.147501439909054,0.675278040977924,0.0433892185317021,0.133831300581321
22873,0.0608530742457187,0.246495325731366,0.328493230863239,0.364158369159676
22874,0.123597018345501,0.583581110342439,0.0767242944304461,0.216097576881614
22875,0.0676388501629646,0.555467897233137,0.102777555022236,0.274115697581663
22876,0.214271261040955,0.443355531159667,0.156536434043041,0.185836773756337
22877,0.323403710669303,0.107062009921462,0.141239008992002,0.428295270417233
22878,0.100197095404892,0.0558553543334983,0.415408425033148,0.428539125228462
22879,0.182469776685417,0.123619618836234,0.528280587907366,0.165630016570983
22880,0.132145116790558,0.159057997153969,0.589710371026728,0.119086515028745
22881,0.240689377066027,0.167842392251075,0.269645070177404,0.321823160505494
22882,0.0343651053458739,0.777090435044277,0.0270501224836955,0.161494337126154
22883,0.152718085936276,0.0773047863608236,0.39200171167389,0.37797541602901
22884,0.0682073168103088,0.248133163262092,0.303826150015453,0.379833369912146
22885,0.372818475002273,0.13145240888112,0.0261460475168093,0.469583068599798
22886,0.197311113678162,0.0274710333139303,0.126784780530048,0.64843307247786
22887,0.10472246808615,0.621819871953307,0.0806974210359692,0.192760238924574
22888,0.549891689317029,0.235891615123055,0.0358913910556868,0.17832530450423
22889,0.0232005044198092,0.0410873288914074,0.778008793779784,0.157703372908999
22890,0.281395055151422,0.455790971680885,0.0778784140168215,0.184935559150872
22891,0.140614997059613,0.347507247462251,0.207300077923054,0.304577677555082
22892,0.159475211597671,0.0780407380039597,0.524826158243226,0.237657892155144
22893,0.49254249386624,0.16679229594477,0.129815751279306,0.210849458909685
22894,0.0830956577357445,0.0663672506589074,0.0323477895684265,0.818189302036922
22895,0.401923790690888,0.136258272616256,0.118312839103592,0.343505097589264
22896,0.418031942060254,0.467042531292397,0.0419053145101216,0.0730202121372273
22897,0.0952095044129639,0.256181221960572,0.401574263343993,0.247035010282471
22898,0.10495780555991,0.190454598703826,0.467836216190986,0.236751379545278
22899,0.470332003605206,0.169818317713608,0.147395219818251,0.212454458862935
22900,0.412586665779738,0.137529222092359,0.0884612619258988,0.361422850202004
22901,0.189842158641132,0.331765124406345,0.170186643939701,0.308206073012822
22902,0.163309802549148,0.31321678734123,0.180146436025277,0.343326974084345
22903,0.190830334593191,0.26054986599244,0.428342138500276,0.120277660914093
22904,0.594882456108407,0.0961282556310443,0.155772691122121,0.153216597138428
22905,0.390765596568355,0.283338552256093,0.0765553111114083,0.249340540064144
22906,0.622045475811642,0.196709449856563,0.046162001858859,0.135083072472936
22907,0.199356991675608,0.160830927597065,0.399668163604293,0.240143917123033
22908,0.229092170527452,0.245158776714173,0.276858877167237,0.248890175591138
22909,0.148454104295902,0.673265421783052,0.0469405677014059,0.13133990621964
22910,0.198951508478325,0.274121576591863,0.154931262629052,0.37199565230076
22911,0.112297291641147,0.172204542522062,0.280393926786083,0.435104239050708
22912,0.259926619961047,0.477960948557847,0.165241461799567,0.0968709696815399
22913,0.156516164537644,0.103625485294102,0.638288432370213,0.101569917798041
22914,0.0857405970571488,0.410674545676614,0.136334577023431,0.367250280242806
22915,0.645131429467052,0.080781594629289,0.0937382012057551,0.180348774697904
22916,0.230768615726703,0.286983421102704,0.0833234279059172,0.398924535264676
22917,0.374964711013755,0.231689004251474,0.0375718983260973,0.355774386408674
22918,0.483879372476182,0.181441231243423,0.0351960517546999,0.299483344525695
22919,0.0612804931405733,0.792744278545899,0.0445914368518008,0.101383791461727
22920,0.139237934438232,0.165887596185458,0.372627523317114,0.322246946059196
22921,0.445669558518369,0.125308744908419,0.0661119353832752,0.362909761189937
22922,0.180222391165996,0.402194865558596,0.139996009844892,0.277586733430517
22923,0.0307697753825225,0.461301486518997,0.155819896034195,0.352108842064286
22924,0.53370258242694,0.135730613848258,0.161466093007509,0.169100710717294
22925,0.193870759947528,0.287438104604544,0.0374545366633314,0.481236598784597
22926,0.363021659236957,0.092429509391706,0.185542850777644,0.359005980593693
22927,0.0690427934293203,0.110985693147914,0.294903081924415,0.525068431498352
22928,0.722025169202636,0.141875874313136,0.0199989103627224,0.116100046121506
22929,0.0605769774976576,0.557216114832917,0.136552091314487,0.245654816354938
22930,0.0762821024635185,0.121953515890284,0.441057777037854,0.360706604608344
22931,0.0798354126549833,0.228318395583063,0.528475126269273,0.16337106549268
22932,0.127198340364245,0.129627021751692,0.0534437088968709,0.689730928987192
22933,0.424086690939976,0.11352849450812,0.0997498043250958,0.362635010226808
22934,0.123123733521089,0.0800179131938815,0.325661086434427,0.471197266850603
22935,0.0953796927423601,0.500914301925024,0.184527279919413,0.219178725413202
22936,0.413468909745722,0.139589385829877,0.20046341435465,0.246478290069751
22937,0.358947392294392,0.18780937869724,0.125076069955673,0.328167159052695
22938,0.40311469745553,0.228348050091386,0.0938270406988458,0.274710211754238
22939,0.11938198636869,0.247639977828123,0.184676092240878,0.44830194356231
22940,0.109171471007676,0.0492127453436837,0.485905533861782,0.355710249786859
22941,0.223397295876967,0.0760509054644851,0.364288440264247,0.3362633583943
22942,0.0367483390352278,0.216702350040109,0.603583550493284,0.142965760431379
22943,0.0884376594710504,0.280339485172323,0.100941901072509,0.530280954284118
22944,0.0830078463032996,0.377964864965959,0.0534270612153308,0.48560022751541
22945,0.153610324609297,0.267327145654794,0.0999727835400301,0.479089746195879
22946,0.0710819221053099,0.115097470988249,0.232949720606231,0.58087088630021
22947,0.174016758666399,0.571357500850403,0.0515459871712658,0.203079753311933
22948,0.196984933678087,0.0979019033321752,0.0818490885831258,0.623264074406612
22949,0.0615266782759023,0.246874663628277,0.294446572688034,0.397152085407787
22950,0.135061036150453,0.241226705652473,0.0542541266607771,0.569458131536297
22951,0.119954220864156,0.380287136903842,0.125740993689651,0.374017648542352
22952,0.155600926310563,0.225671554526866,0.0632796654991334,0.555447853663437
22953,0.358060598632783,0.263459468268074,0.248954047761837,0.129525885337306
22954,0.191194840364807,0.238023579808825,0.278291187555379,0.292490392270988
22955,0.192717505955274,0.531518918133876,0.159111018161398,0.116652557749452
22956,0.420657425119246,0.219617913057142,0.159620556302538,0.200104105521074
22957,0.255406429512838,0.220887618357911,0.375219396936305,0.148486555192946
22958,0.521246771558785,0.1965468641219,0.134814558869763,0.147391805449552
22959,0.135922339607288,0.199421590165847,0.444542121880962,0.220113948345903
22960,0.386927330344058,0.36813153389861,0.127532675138186,0.117408460619146
22961,0.21249817523798,0.23423190144037,0.344477818952511,0.208792104369139
22962,0.191154035236253,0.155747647397993,0.589640626967536,0.0634576903982184
22963,0.0734901435940805,0.361735602210783,0.076402942182797,0.488371312012339
22964,0.13089999452681,0.128514564952192,0.523176627690194,0.217408812830805
22965,0.28993476744771,0.397709967933034,0.112764143846106,0.199591120773151
22966,0.172506007514241,0.160753398558,0.542654528016636,0.124086065911123
22967,0.0953229377813801,0.470442276748883,0.378971619971741,0.0552631654979966
22968,0.153625503281161,0.266811960142075,0.440667243895523,0.138895292681241
22969,0.332838890745813,0.228313934297288,0.289120206780635,0.149726968176265
22970,0.436610559470341,0.178871733355294,0.186122613589428,0.198395093584937
22971,0.162408307962013,0.188559489248641,0.576972570452935,0.0720596323364109
22972,0.231440624512472,0.591324361532062,0.100485400912929,0.0767496130425361
22973,0.0351936490969555,0.409609376122663,0.045298615971739,0.509898358808643
22974,0.0626458849118279,0.114259435348764,0.431205570046101,0.391889109693307
22975,0.224047900244645,0.17639216147677,0.475369116466838,0.124190821811748
22976,0.0256086085955463,0.183106883601737,0.457207037681836,0.334077470120881
22977,0.0699901901480351,0.260264032223057,0.45747823314336,0.212267544485548
22978,0.0227753974969653,0.209417168256944,0.564606675006411,0.20320075923968
22979,0.0584942857869977,0.24663049942324,0.44681217007126,0.248063044718502
22980,0.411416317310037,0.468903303728522,0.0423183583427138,0.0773620206187279
22981,0.127150289364522,0.658542480809193,0.114619221612569,0.0996880082137172
22982,0.142026113792158,0.0560969730986684,0.193017246875879,0.608859666233295
22983,0.549331683711196,0.301933649515984,0.0361578434202447,0.112576823352575
22984,0.0136297829330647,0.445210243423109,0.262803043178656,0.27835693046517
22985,0.301736116759383,0.0486348800809878,0.11641335428708,0.533215648872549
22986,0.330104557539986,0.238879943306692,0.0632106102361079,0.367804888917214
22987,0.0432454941030562,0.115618591939318,0.329568749822505,0.511567164135121
22988,0.103622342928309,0.0504177790937268,0.655479707424497,0.190480170553468
22989,0.562494428483577,0.0742297942355847,0.158738300494465,0.204537476786374
22990,0.0796668359427595,0.306419275587932,0.0648381164039807,0.549075772065328
22991,0.592597529231831,0.116733296768353,0.0544702075606999,0.236198966439117
22992,0.211948649059339,0.356559386856389,0.259607574719677,0.171884389364596
22993,0.147460117991433,0.171929848721532,0.576615230664141,0.103994802622895
22994,0.623564974670273,0.173003964342162,0.116001783528625,0.08742927745894
22995,0.109091964316803,0.341788924205175,0.257100356505409,0.292018754972612
22996,0.497527099270387,0.229748996792033,0.18083772588747,0.0918861780501098
22997,0.224092494836302,0.363552100794114,0.187203678740268,0.225151725629316
22998,0.19039801823234,0.159296017305846,0.130114978083294,0.52019098637852
22999,0.378981086542606,0.171918174348573,0.254322005429374,0.194778733679447
23000,0.155705444903993,0.258868057748976,0.505902336862203,0.0795241604848279
23001,0.214167716291893,0.365968570148491,0.191740275006217,0.228123438553399
23002,0.0787955709620607,0.423471963996104,0.156727487540528,0.341004977501308
23003,0.619417246413587,0.157542030502023,0.110360749908283,0.112679973176108
23004,0.115349965524029,0.316048436524628,0.351014608675413,0.217586989275929
23005,0.223669156314643,0.55257897234527,0.0851271748689459,0.138624696471141
23006,0.131387005687528,0.162340759587561,0.592282834797226,0.113989399927685
23007,0.0448158848948228,0.417168909867066,0.460989862820486,0.0770253424176255
23008,0.0735162265700024,0.463845391715153,0.279163983690856,0.183474398023989
23009,0.266305504790503,0.113640823959161,0.300831195177442,0.319222476072895
23010,0.372290641434577,0.32070898648,0.115715365113742,0.191285006971681
23011,0.335942144039482,0.0941422208711362,0.246158821687796,0.323756813401586
23012,0.248586306081483,0.0894139299984588,0.41465182382928,0.247347940090778
23013,0.299350464961101,0.0969375728130854,0.26695048346977,0.336761478756044
23014,0.0570661145149191,0.271867095311879,0.385810982283946,0.285255807889256
23015,0.140639091654142,0.129728579733957,0.447878505944569,0.281753822667332
23016,0.367553957546967,0.179845620191596,0.294316902172815,0.158283520088621
23017,0.221714633632635,0.160751176763067,0.355436641413151,0.262097548191147
23018,0.493258339745776,0.190277680509053,0.156479348862652,0.15998463088252
23019,0.0746141504015758,0.152373788494373,0.650454040639731,0.12255802046432
23020,0.270526828457815,0.0812445515052445,0.0893286022097889,0.558900017827151
23021,0.387572403096913,0.255037931309221,0.0274521043835068,0.329937561210359
23022,0.155644362744598,0.209931118128823,0.0563364082998439,0.578088110826736
23023,0.4448211856949,0.125881127386855,0.120276554594037,0.309021132324208
23024,0.305631903853089,0.295815867012885,0.0432948154597577,0.355257413674268
23025,0.0635695668625748,0.423477163800942,0.205411799192394,0.307541470144089
23026,0.684040839287527,0.0733600072893552,0.0929974931252901,0.149601660297827
23027,0.209107511628936,0.27668115638942,0.0927407437798708,0.421470588201773
23028,0.0872301649433835,0.574441974144613,0.0488413512078388,0.289486509704165
23029,0.0494963116190992,0.0401417546246535,0.659701444668712,0.250660489087536
23030,0.410332085440521,0.215734767076845,0.0691584027624331,0.304774744720201
23031,0.0561178052585542,0.179240288203782,0.278725857148145,0.48591604938952
23032,0.18952882792088,0.525090687517271,0.104424676811859,0.18095580774999
23033,0.409461316675926,0.140407853171865,0.0541140858385009,0.396016744313708
23034,0.0993577048910766,0.292234613645078,0.0627272131136482,0.545680468350197
23035,0.353818625535962,0.306905692567824,0.0451380257709792,0.294137656125236
23036,0.054305026370576,0.471216080429089,0.0625361181890344,0.411942775011301
23037,0.605225037789578,0.15679489838328,0.112036617061181,0.125943446765961
23038,0.28223769335028,0.520717266191641,0.0966786505507439,0.100366389907336
23039,0.633351987267272,0.136685677241353,0.0179995335135792,0.211962801977795
23040,0.0641826095988261,0.0837404728586263,0.141741813828271,0.710335103714276
23041,0.28031629304337,0.0778264845042348,0.407926511060823,0.233930711391572
23042,0.34569111136694,0.130502821858374,0.059584473615224,0.464221593159463
23043,0.0782324283210361,0.114577425652397,0.140171452610246,0.667018693416321
23044,0.0872571870229225,0.165243656279208,0.562483084975906,0.185016071721964
23045,0.564341347563166,0.0867870240809252,0.113909414151641,0.234962214204267
23046,0.801768635475722,0.0370633431141054,0.0786197548694591,0.0825482665407139
23047,0.0555172656914113,0.203223589295023,0.611094132271513,0.130165012742053
23048,0.51496508815231,0.202528098278139,0.140088170348552,0.142418643220999
23049,0.389908382616609,0.267374707413393,0.159362267851662,0.183354642118337
23050,0.284232193675305,0.449546491923864,0.147037574133151,0.119183740267679
23051,0.379782137344417,0.258851390378292,0.192752622027453,0.168613850249838
23052,0.118965559829859,0.648460857819469,0.171895378828859,0.0606782035218132
23053,0.491269493366256,0.0902933451797545,0.22070711045717,0.19773005099682
23054,0.446654997271301,0.0944141585693123,0.338643075476081,0.120287768683306
23055,0.614255660815357,0.233461828536487,0.0795155155218965,0.0727669951262596
23056,0.196871953746405,0.179400271774271,0.196892849689761,0.426834924789564
23057,0.184687331600155,0.540132350996999,0.043012685593558,0.232167631809287
23058,0.0474234732905363,0.456559403563128,0.350880799885777,0.145136323260558
23059,0.369567681478421,0.148262311963561,0.117825930799649,0.364344075758368
23060,0.463526989492095,0.13096815428201,0.0596197861722987,0.345885070053596
23061,0.517567987482918,0.143852753899794,0.255828438863671,0.082750819753617
23062,0.173414299968968,0.230037266727227,0.0804310135267993,0.516117419777006
23063,0.104513070445278,0.0938912961102566,0.681612625252385,0.119983008192081
23064,0.179988101013837,0.0768201118067402,0.542484622806461,0.200707164372962
23065,0.120737474635486,0.233782260771177,0.433194747904669,0.212285516688668
23066,0.115634683916598,0.638063972929515,0.0599507283181428,0.186350614835745
23067,0.188105408626429,0.162412367674901,0.300816396410376,0.348665827288294
23068,0.694647121270422,0.177095851430629,0.0221517675031531,0.106105259795796
23069,0.0499962277405991,0.408797601079699,0.266458992071822,0.274747179107881
23070,0.23605722112651,0.371444556574124,0.0664041205660752,0.326094101733291
23071,0.0421773590884584,0.48293663558,0.273371580048264,0.201514425283278
23072,0.188126455570545,0.123521104995835,0.462292853725383,0.226059585708236
23073,0.125595185401371,0.0420549135184557,0.480811884011302,0.351538017068872
23074,0.497759182592543,0.0947264609553781,0.0734891443928283,0.334025212059251
23075,0.314559228551276,0.226209294674941,0.174998581860236,0.284232894913548
23076,0.541633428769515,0.0503048072220389,0.0572804394089376,0.350781324599509
23077,0.778542020667511,0.0550997409188701,0.0534499804766949,0.112908257936924
23078,0.0624685532065327,0.147959272243131,0.588044610276216,0.201527564274121
23079,0.475866026815055,0.109577465034026,0.240957484869629,0.173599023281289
23080,0.264697205962574,0.340981496721461,0.0974722951219696,0.296849002193996
23081,0.0354173538613124,0.0681417102511647,0.647613908853487,0.248827027034036
23082,0.176829491378488,0.679097142996868,0.0356545775482337,0.108418788076411
23083,0.16181754285249,0.314770810875171,0.221105884390399,0.30230576188194
23084,0.0499040139993407,0.20005533544523,0.596548443575335,0.153492206980095
23085,0.0569696159316165,0.0479443734606358,0.0879481139066447,0.807137896701103
23086,0.27792932949157,0.38441083427867,0.23403484670746,0.1036249895223
23087,0.273416896639374,0.302319591486405,0.323047565315789,0.101215946558432
23088,0.367770568923164,0.193986507103709,0.375109327079771,0.063133596893356
23089,0.436751427109441,0.36045586729894,0.169185258468271,0.0336074471233484
23090,0.0705197741407697,0.198994107544953,0.575836628739315,0.154649489574962
23091,0.358709806833719,0.281555404804133,0.249425674124276,0.110309114237871
23092,0.31694845906965,0.156665199993313,0.381453591776244,0.144932749160794
23093,0.451870103978252,0.152379783115691,0.185912378619221,0.209837734286835
23094,0.629901395547123,0.153482088607532,0.173894384804081,0.0427221310412637
23095,0.295948168817108,0.246675985211947,0.103673809261781,0.353702036709165
23096,0.328808062870295,0.218895202332868,0.287994219260274,0.164302515536562
23097,0.647796079722604,0.0969621704960922,0.207329808821197,0.0479119409601069
23098,0.449302105074391,0.147532138759793,0.252974765560616,0.150190990605199
23099,0.494569311535903,0.191434063865054,0.187445239653762,0.126551384945282
23100,0.159717934363349,0.157847383549701,0.643337561877835,0.0390971202091155
23101,0.157438775017565,0.582126352320097,0.0974504071732396,0.162984465489098
23102,0.378067465510385,0.136628141270697,0.291410960988164,0.193893432230753
23103,0.190693138158953,0.389627311135095,0.353182808679412,0.0664967420265399
23104,0.183564928494342,0.365451714454713,0.234241824049856,0.216741533001089
23105,0.106068710088601,0.247435532117962,0.393505346179123,0.252990411614315
23106,0.260017920554098,0.264882282839841,0.248267206263431,0.22683259034263
23107,0.195481716334269,0.153601049177901,0.541905585242421,0.109011649245409
23108,0.184510643741768,0.204075345669919,0.223924023780423,0.38748998680789
23109,0.127264454064126,0.33181738315773,0.336348307793266,0.204569854984879
23110,0.493018842279492,0.0634436544709572,0.267423873411302,0.176113629838249
23111,0.0966573839118918,0.492060656182339,0.2597570510128,0.15152490889297
23112,0.153815601200129,0.112093026096994,0.64152321963966,0.0925681530632175
23113,0.174060859890254,0.336112607077063,0.237685914740606,0.252140618292078
23114,0.0970196402763947,0.277931572556721,0.44802536707699,0.177023420089894
23115,0.123464177475012,0.289830858809244,0.263197190086058,0.323507773629686
23116,0.079946395264133,0.609566278806443,0.0265526456970369,0.283934680232387
23117,0.164658649908803,0.106806074513462,0.552069109066858,0.176466166510878
23118,0.0375451129562685,0.06366750417214,0.474070119213322,0.42471726365827
23119,0.0330072070983773,0.338681541663721,0.109761650870509,0.518549600367392
23120,0.50052254307722,0.153677510638255,0.0462737479671378,0.299526198317387
23121,0.323757241521637,0.246771675004575,0.0604419765672743,0.369029106906513
23122,0.286385699225905,0.128591690423706,0.15358456387066,0.431438046479729
23123,0.0394715938544366,0.500214681103645,0.165540730633684,0.294772994408235
23124,0.319362045106463,0.407522052608728,0.155648890759151,0.117467011525658
23125,0.333702789147525,0.374546755748889,0.193302776252646,0.0984476788509403
23126,0.373978407637394,0.320062656874174,0.155054223002837,0.150904712485595
23127,0.276403086711096,0.220692978376097,0.413878627279717,0.0890253076330897
23128,0.555386385879761,0.257319226466883,0.101666177501654,0.085628210151702
23129,0.416392144012935,0.305872283128279,0.145587103583081,0.132148469275705
23130,0.183798993453705,0.474997998098345,0.166287439306889,0.174915569141062
23131,0.289769821366507,0.178796206593287,0.428198784306319,0.103235187733887
23132,0.398584091808751,0.290824735613744,0.201552730367181,0.109038442210324
23133,0.181441831416852,0.142240845327943,0.56719399371234,0.109123329542865
23134,0.157052283673972,0.228797012702247,0.391811648091927,0.222339055531854
23135,0.129747617498355,0.421545400586054,0.311671992818245,0.137034989097347
23136,0.13606539553683,0.0769040885806383,0.58656034100301,0.200470174879522
23137,0.117916291159789,0.246846087518958,0.138028435364781,0.497209185956472
23138,0.149004392750865,0.146741342599641,0.555993473141256,0.148260791508238
23139,0.403603740504431,0.232483282342139,0.140884759706257,0.223028217447173
23140,0.175542371868277,0.551375353110037,0.105327429784618,0.167754845237069
23141,0.106590610172001,0.51545420155796,0.131396276335556,0.246558911934483
23142,0.316043023863491,0.122191604507226,0.409546106471128,0.152219265158155
23143,0.216573512337004,0.325810272532036,0.381706663889926,0.0759095512410336
23144,0.315729855634148,0.262041217644347,0.327769659893268,0.0944592668282368
23145,0.279302890699303,0.321018391282454,0.295272050232293,0.104406667785951
23146,0.370715572416822,0.431310428287507,0.158180420139064,0.0397935791566062
23147,0.275075425177935,0.258289221285455,0.313947454375622,0.152687899160988
23148,0.311777391416229,0.396363535015983,0.22035649129214,0.0715025822756479
23149,0.474446888286298,0.296717139745753,0.13664443824505,0.0921915337228988
23150,0.233992395136185,0.433146500060223,0.216088114867251,0.116772989936341
23151,0.233728524760183,0.281431007760249,0.407926069787823,0.076914397691744
23152,0.299332527426888,0.186520445592192,0.400068061176926,0.114078965803994
23153,0.321781439296943,0.32068096948765,0.210454766491733,0.147082824723675
23154,0.318310508228491,0.25745468243049,0.236888137170639,0.187346672170381
23155,0.424192221381734,0.239947809350954,0.203449439261143,0.132410530006169
23156,0.417157178579198,0.250391196511744,0.198753085855956,0.133698539053102
23157,0.154038114536074,0.53133491691559,0.21958073936417,0.0950462291841659
23158,0.46174040236503,0.162515536166807,0.286383864796524,0.08936019667164
23159,0.262139726238813,0.218362285008404,0.348238337772304,0.171259650980479
23160,0.11835044822908,0.202095357445589,0.397069808922335,0.282484385402995
23161,0.308560417629565,0.204004064836841,0.356471903831509,0.130963613702085
23162,0.152131625079505,0.225848044622103,0.0665322528800275,0.555488077418365
23163,0.0888141534990938,0.768735311575027,0.0379296607369225,0.104520874188957
23164,0.187120115179314,0.530431889414187,0.118568773994632,0.163879221411866
23165,0.0245409826885593,0.165518349923825,0.299399317398142,0.510541349989475
23166,0.506654998418204,0.12698853848131,0.0699985709497947,0.296357892150692
23167,0.27577449532887,0.104953126938466,0.159682784206339,0.459589593526325
23168,0.1879667576107,0.0345199867207686,0.155829650742383,0.621683604926148
23169,0.187419670476816,0.314222182003386,0.380571132017577,0.117787015502221
23170,0.0983361540070295,0.0803366800594258,0.153265082319422,0.668062083614123
23171,0.189573974988454,0.105205745242708,0.191584547818579,0.513635731950259
23172,0.211740935989816,0.495708125776711,0.100179342201666,0.192371596031807
23173,0.0297840980548473,0.0607844490605215,0.252123208785318,0.657308244099313
23174,0.803366726497766,0.0810807009747498,0.0207473436508114,0.0948052288766726
23175,0.285510460117727,0.0960516320436984,0.146039602066183,0.472398305772393
23176,0.0281464563991902,0.564946178893376,0.0764080097377538,0.33049935496968
23177,0.37002887737955,0.181464522671435,0.375769843662509,0.0727367562865068
23178,0.148648130395503,0.511668417899779,0.138975812382342,0.200707639322376
23179,0.113366500122537,0.582145295810171,0.0624347377985499,0.242053466268742
23180,0.023143589320089,0.169207523275278,0.580770704036879,0.226878183367754
23181,0.297443938091247,0.404107162409827,0.161617554727173,0.136831344771753
23182,0.346568622410674,0.403664750982823,0.162824321953855,0.0869423046526486
23183,0.186844888500253,0.397099974110321,0.192359543209087,0.223695594180338
23184,0.302062187942805,0.311942941893914,0.23728359616681,0.148711273996471
23185,0.330933054544075,0.149125526122518,0.259053320068361,0.260888099265047
23186,0.329924549987668,0.278295305546999,0.0848881766776394,0.306891967787694
23187,0.129436657307901,0.228879063682834,0.490221642368308,0.151462636640958
23188,0.486515176953723,0.290470371918647,0.12000177676568,0.103012674361951
23189,0.217811344987269,0.182359824979209,0.20602669717823,0.393802132855293
23190,0.202178829586559,0.235723649171541,0.29533152006357,0.26676600117833
23191,0.293101193503979,0.332815573553604,0.192026885182741,0.182056347759676
23192,0.23807251796321,0.41882473895078,0.0502555983675458,0.292847144718465
23193,0.270049991564416,0.249249042765621,0.106838387848285,0.373862577821679
23194,0.386578355934066,0.358277625338915,0.117201176245251,0.137942842481769
23195,0.439647855062666,0.193132280110662,0.199623584805864,0.167596280020809
23196,0.233562360778986,0.379013798818987,0.166417398333587,0.221006442068441
23197,0.374840989525434,0.0817564439323028,0.201096066414234,0.342306500128029
23198,0.421871186348003,0.118041324704553,0.177403780254554,0.282683708692891
23199,0.503785344861493,0.184766794360812,0.0651899792673941,0.246257881510302
23200,0.303892880409522,0.207850122426145,0.379746199027327,0.108510798137007
23201,0.293883806622461,0.278655610215045,0.231700564885515,0.19576001827698
23202,0.254733454952384,0.249439643345794,0.345584654354265,0.150242247347557
23203,0.0822457495069086,0.589428135340284,0.208884020080098,0.119442095072709
23204,0.216631506678977,0.360872313004124,0.1540604848516,0.268435695465299
23205,0.210667081415076,0.178955768536563,0.295625763000214,0.314751387048147
23206,0.251060157965848,0.372079016691266,0.0593307153233067,0.317530110019579
23207,0.321470023181003,0.218872044123699,0.315291384973172,0.144366547722126
23208,0.190537595279632,0.112176228126472,0.337615619527593,0.359670557066304
23209,0.252216044668351,0.360668163614975,0.131107932500857,0.256007859215818
23210,0.624813083634794,0.104429946464775,0.136563742966289,0.134193226934143
23211,0.314011736786371,0.371476491314815,0.0999942936404037,0.21451747825841
23212,0.103894937877427,0.361620009213891,0.242090156041286,0.292394896867396
23213,0.0964292950860529,0.134784643057276,0.376462355610218,0.392323706246453
23214,0.651089984291166,0.0788351412203968,0.187640288066085,0.0824345864223519
23215,0.371723815128648,0.0747204183272014,0.185614954992472,0.367940811551678
23216,0.247540387220844,0.155559367020612,0.204624238292591,0.392276007465952
23217,0.0843845787985165,0.491267871245009,0.0668288904711828,0.357518659485292
23218,0.137639159922845,0.208429920367081,0.250435855885012,0.403495063825061
23219,0.233030923749609,0.0640401495763451,0.0437330616959572,0.659195864978088
23220,0.599151369314838,0.169344085862644,0.058219112821957,0.173285432000561
23221,0.757366295665769,0.0189474294317808,0.0127732710532383,0.210913003849212
23222,0.0615438165058725,0.092284900723867,0.536523122062006,0.309648160708255
23223,0.105345507926403,0.313602403296998,0.0730457594148406,0.508006329361759
23224,0.0325255310473075,0.21769979049838,0.166843933949075,0.582930744505238
23225,0.224020131100919,0.469666282105171,0.0137005212908039,0.292613065503106
23226,0.0619475770191685,0.103816195175553,0.226031769849148,0.60820445795613
23227,0.61938398068547,0.104379652247763,0.0341463493931059,0.242090017673661
23228,0.0482844609943455,0.0367461930257254,0.0746035020204724,0.840365843959457
23229,0.0893737822326433,0.100133404796945,0.280885520172859,0.529607292797552
23230,0.054458697066924,0.248026493528634,0.0196814029773777,0.677833406427064
23231,0.0196441450943968,0.203749398739409,0.0650137700790885,0.711592686087106
23232,0.168882210978544,0.206644791142198,0.0982333710125575,0.5262396268667
23233,0.0624767113504546,0.0633610466001488,0.228351729217708,0.645810512831688
23234,0.117247451222435,0.0254909148539095,0.0603382169473882,0.796923416976268
23235,0.0599539423979045,0.00879310230656954,0.33063395635243,0.600618998943097
23236,0.510931780330364,0.0147960229487922,0.225277418347821,0.248994778373023
23237,0.0151426111806636,0.108339471641135,0.24025485726233,0.636263059915871
23238,0.146618782557563,0.284729408882381,0.291933359881684,0.276718448678373
23239,0.283976872385987,0.48593710972747,0.0436597234826149,0.186426294403928
23240,0.156737861726561,0.583435061003868,0.0799520191912278,0.179875058078343
23241,0.449998910569831,0.136108486233738,0.218848319130767,0.195044284065664
23242,0.625989453113111,0.161501669360599,0.0556961185471103,0.15681275897918
23243,0.323092259146287,0.0684951788782418,0.369480639772614,0.238931922202857
23244,0.169953307235123,0.473103237717809,0.142408443047358,0.214535011999711
23245,0.621562399714463,0.0229186531817836,0.161637663294919,0.193881283808835
23246,0.350877834503623,0.305372727030526,0.0919424115824127,0.251807026883438
23247,0.0837151134635484,0.0826645083825655,0.334045735334381,0.499574642819505
23248,0.102129522550091,0.536391309117575,0.162200035165694,0.19927913316664
23249,0.283259197691804,0.258800408596462,0.216244062575083,0.241696331136652
23250,0.242042653312481,0.104682317958314,0.509894469043842,0.143380559685363
23251,0.0797726562225432,0.635563967704791,0.0948431547695884,0.189820221303077
23252,0.100916303133644,0.291798699872205,0.233742453233157,0.373542543760994
23253,0.057601550720163,0.180543120214398,0.642770905745567,0.119084423319872
23254,0.558648504464616,0.067412168013766,0.285820517836047,0.088118809685571
23255,0.345100126282056,0.291217673870446,0.0259009161319435,0.337781283715555
23256,0.646885338823356,0.0274547939503645,0.14856412299034,0.177095744235939
23257,0.208412865086859,0.535747403498324,0.0625941588593629,0.193245572555455
23258,0.559445436013458,0.121898382587202,0.197768291289663,0.120887890109677
23259,0.0560722270622342,0.23208750805553,0.279150648879525,0.432689616002711
23260,0.213078155630575,0.0620088999660087,0.543967690586809,0.180945253816608
23261,0.1183210032996,0.477825483398215,0.126839276540986,0.277014236761199
23262,0.497784990692468,0.127776902595391,0.164315773946348,0.210122332765794
23263,0.446922323547533,0.241785487382837,0.175973367262664,0.135318821806966
23264,0.0488542426671002,0.380941022312316,0.330558265182017,0.239646469838566
23265,0.576229289588206,0.145997387999553,0.117491372727028,0.160281949685213
23266,0.180550344293022,0.112742350735378,0.168639271277987,0.538068033693613
23267,0.249895368446962,0.224024423772113,0.32180266610707,0.204277541673855
23268,0.165450766472203,0.138718385132139,0.0670847423736742,0.628746106021984
23269,0.284437342502389,0.379615427846928,0.0434204096328522,0.292526820017832
23270,0.179758990582314,0.213488102450496,0.478496581102118,0.128256325865072
23271,0.271242051652139,0.07672142040071,0.079981765496659,0.572054762450492
23272,0.147556846928637,0.195090198949347,0.495505430998551,0.161847523123464
23273,0.101412550107023,0.487392176550292,0.0939878879832597,0.317207385359425
23274,0.351520765463765,0.142819959766435,0.0961554648872829,0.409503809882517
23275,0.0636795472605384,0.196806034462998,0.225272689131184,0.514241729145279
23276,0.274373333873062,0.40697545201976,0.168217152824359,0.15043406128282
23277,0.394930003837635,0.30981119646688,0.151472243843566,0.143786555851919
23278,0.165138416300874,0.192074296059393,0.318788844904959,0.323998442734774
23279,0.315342250584238,0.380131574466465,0.132777364190796,0.171748810758502
23280,0.341812811364235,0.154692667704843,0.269066942388868,0.234427578542054
23281,0.125473348388458,0.517231098472434,0.165044111173456,0.192251441965652
23282,0.282736042872904,0.387217926396394,0.168281507308548,0.161764523422154
23283,0.173687984355552,0.346638285599525,0.243790917843946,0.235882812200978
23284,0.13792606814032,0.377050701146736,0.25839543253532,0.226627798177624
23285,0.371628181655649,0.195082284363316,0.178591299013797,0.254698234967238
23286,0.200894849382508,0.155810507010241,0.405828230684872,0.237466412922379
23287,0.152645351358649,0.234818489066843,0.276721815572563,0.335814344001945
23288,0.585351001375843,0.145275928268803,0.154899114112895,0.11447395624246
23289,0.21874745749536,0.513135061078553,0.151510586354471,0.116606895071616
23290,0.183598747829267,0.424551299941161,0.107710507973076,0.284139444256496
23291,0.35957692841125,0.152697336838011,0.169938217432774,0.317787517317965
23292,0.188297962479037,0.155922903440622,0.446575462636963,0.209203671443378
23293,0.510868175010342,0.233105252443851,0.100106329061583,0.155920243484225
23294,0.188184341090499,0.19937289107146,0.119806935019838,0.492635832818203
23295,0.322003164156999,0.0096861025397551,0.479171567567033,0.189139165736213
23296,0.247247943857442,0.186690826930866,0.438542591177167,0.127518638034525
23297,0.093822378949264,0.058223855108473,0.523134281014023,0.32481948492824
23298,0.369185825905753,0.0449110235247568,0.330828923305779,0.255074227263711
23299,0.410830417436424,0.140961801124576,0.0703166746477881,0.377891106791213
23300,0.431198399689888,0.18379345479469,0.266872993368613,0.11813515214681
23301,0.457713763599125,0.0675820192896517,0.115824890159278,0.358879326951946
23302,0.288053096568716,0.188016963016186,0.4154971173764,0.108432823038698
23303,0.155940265148786,0.169310423171418,0.379094475099975,0.295654836579821
23304,0.0264284893112276,0.394612968018365,0.0589068150115577,0.52005172765885
23305,0.392843232263191,0.0317847851440634,0.0346144165929074,0.540757565999838
23306,0.36948115695124,0.380644077852298,0.0554480139563507,0.194426751240111
23307,0.105791377285406,0.299733391542266,0.144293010332647,0.450182220839682
23308,0.246736745712203,0.027174531629721,0.541421052886988,0.184667669771088
23309,0.0693381441722667,0.0863087249977061,0.0227775182606511,0.821575612569376
23310,0.0851205448903823,0.0415761649905921,0.586351551662008,0.286951738457017
23311,0.0926526635726416,0.0323688372018724,0.181517499453029,0.693460999772457
23312,0.296087893055518,0.0861428591684566,0.49112853082242,0.126640716953605
23313,0.0499135450638254,0.252425402625841,0.263097367747309,0.434563684563025
23314,0.406882766178921,0.0704366696571625,0.112238807070617,0.4104417570933
23315,0.386428360564572,0.11643773932082,0.406233938120738,0.0908999619938704
23316,0.349337380058746,0.114811524434668,0.168468142285143,0.367382953221444
23317,0.26595479460122,0.179834362882828,0.183459112123272,0.370751730392681
23318,0.0803542384500475,0.0799513778975442,0.406916396433935,0.432777987218473
23319,0.286822886238185,0.151179879519792,0.0262329953669934,0.53576423887503
23320,0.133196019603919,0.0640126822962264,0.225147787367278,0.577643510732576
23321,0.661713680172387,0.00907013622332799,0.200753742907876,0.128462440696409
23322,0.187943527894007,0.0605578753638151,0.360269804022656,0.391228792719521
23323,0.258167967041083,0.320269070147715,0.02812193098064,0.393441031830562
23324,0.497119689210738,0.0767190768472918,0.12037110909225,0.305790124849721
23325,0.0476009455048658,0.347577211934491,0.311545795189021,0.293276047371622
23326,0.0510453180918212,0.119621689240293,0.0750870599866797,0.754245932681206
23327,0.0735505578900986,0.0244659470934927,0.700404960584387,0.201578534432022
23328,0.01338236136676,0.435550444042548,0.0287699102818149,0.522297284308877
23329,0.151596230869534,0.0355693230935725,0.168905247194059,0.643929198842834
23330,0.147887631028943,0.0353746675238551,0.46740004859145,0.349337652855752
23331,0.0814321973326848,0.69688156072122,0.01934739738083,0.202338844565265
23332,0.100284614154296,0.213577326623947,0.511646462211771,0.174491597009987
23333,0.501774943269002,0.122388959328484,0.20942541531866,0.166410682083855
23334,0.332354008024851,0.158077620466784,0.126278720064359,0.383289651444006
23335,0.38777291170722,0.31525242759243,0.130902559480845,0.166072101219505
23336,0.0661928724485121,0.250749518851495,0.305499811772223,0.37755779692777
23337,0.597731835937491,0.0981978973619613,0.215886902561493,0.0881833641390549
23338,0.106937262907121,0.168967033393943,0.600762039684305,0.123333664014631
23339,0.161202262677456,0.0583637419579602,0.483536723639284,0.2968972717253
23340,0.126742155440791,0.0556662674408011,0.439133254364882,0.378458322753526
23341,0.125340951571357,0.0493346517643779,0.685684024947548,0.139640371716717
23342,0.298438389762282,0.14210083534055,0.285238718262996,0.274222056634173
23343,0.123477108286125,0.395584379578426,0.0852531388683546,0.395685373267095
23344,0.193637331490441,0.11516490905528,0.167591119996482,0.523606639457796
23345,0.0931665690269634,0.153555435002755,0.135562736669186,0.617715259301095
23346,0.165215656310396,0.454948209478254,0.0840780227156529,0.295758111495697
23347,0.268688824098492,0.23155370525925,0.136175809770926,0.363581660871331
23348,0.0933480762518706,0.236100132301781,0.280223530972263,0.390328260474085
23349,0.207990566449872,0.255705429786663,0.41166211504445,0.124641888719016
23350,0.169307438765534,0.54798549141939,0.0515326368972695,0.231174432917806
23351,0.13473710054522,0.125377918927338,0.287141871551487,0.452743108975956
23352,0.184475780906757,0.306487604896171,0.302389152247162,0.20664746194991
23353,0.10124304391503,0.37404301929333,0.28197775969444,0.2427361770972
23354,0.131552145519291,0.526289339923377,0.147981567757373,0.194176946799959
23355,0.259858512145983,0.407382590398492,0.0932041859493692,0.239554711506156
23356,0.329703172334907,0.138855700586403,0.355913362744148,0.175527764334543
23357,0.164549023545029,0.464066687199725,0.111740012525458,0.259644276729788
23358,0.235920329275168,0.180007061097044,0.28225514942263,0.301817460205158
23359,0.17425960420109,0.16664593633573,0.435549609172394,0.223544850290785
23360,0.388503687409806,0.341347843762946,0.168255169832728,0.101893298994521
23361,0.0975742181076453,0.10990916332143,0.503372990858367,0.289143627712558
23362,0.144339471832881,0.312550452227849,0.247123921494822,0.295986154444448
23363,0.193079734741363,0.404616073243112,0.192086874926841,0.210217317088684
23364,0.133037641200704,0.213527600444616,0.300477371630703,0.352957386723977
23365,0.249190992122504,0.263599182240987,0.263901439745833,0.223308385890676
23366,0.18819849964113,0.0514621631941478,0.494546867887901,0.265792469276821
23367,0.21595612244656,0.135823173047583,0.498128840606045,0.150091863899812
23368,0.0680540991600661,0.305616917446168,0.369188934775257,0.257140048618508
23369,0.322237589494676,0.212996351217601,0.187183755408759,0.277582303878964
23370,0.125416831143037,0.133778481538712,0.473641263292098,0.267163424026153
23371,0.745637910553093,0.044926425444716,0.0800355143607244,0.129400149641467
23372,0.421592964850904,0.0989627853771604,0.0419579439952202,0.437486305776716
23373,0.118227439557209,0.26686239501483,0.412729826752711,0.20218033867525
23374,0.0353519409062225,0.259554758023817,0.582726637542218,0.122366663527743
23375,0.176662952676821,0.277473501704825,0.406029548803424,0.139833996814931
23376,0.20864300795163,0.299533355019708,0.341749181104037,0.150074455924624
23377,0.118391121488293,0.208523896896589,0.54701029205686,0.126074689558257
23378,0.583860785724261,0.0539876954040563,0.185443792513035,0.176707726358648
23379,0.145767885491283,0.0788199611519625,0.353813271917777,0.421598881438978
23380,0.212120070714843,0.308799436588406,0.173926814950216,0.305153677746535
23381,0.122515859318162,0.315401999418739,0.262020453596578,0.300061687666521
23382,0.093713998615553,0.0443290236294611,0.426330757998143,0.435626219756844
23383,0.058204045094362,0.577201671715724,0.0909153786055318,0.273678904584383
23384,0.712167358974884,0.0518898502686917,0.0888407736271559,0.147102017129268
23385,0.174867654458571,0.338329786757435,0.386683209170298,0.100119349613696
23386,0.175055891774289,0.469272439248192,0.0162249495284705,0.339446719449049
23387,0.23301455954053,0.209943082023424,0.0523101269557582,0.504732231480287
23388,0.0855257512435203,0.227928404533835,0.314969835891653,0.371576008330992
23389,0.0340951826690034,0.0510693618253907,0.361676519746751,0.553158935758856
23390,0.302639966185138,0.365201677827427,0.104257269386277,0.227901086601158
23391,0.150761186532289,0.306957866427912,0.381695196438632,0.160585750601167
23392,0.243942640052279,0.30593947070951,0.319251433345902,0.130866455892309
23393,0.0114556937998107,0.63462147687715,0.233797243493453,0.120125585829586
23394,0.339192300690326,0.381582216789172,0.155313297033405,0.123912185487098
23395,0.136453019784712,0.21965066544732,0.473387780476832,0.170508534291136
23396,0.532282984053008,0.174111502207236,0.121146549360172,0.172458964379584
23397,0.465863212610822,0.296744445008756,0.0259229612671337,0.211469381113289
23398,0.133229341534527,0.777111474193103,0.00574493424635569,0.0839142500260146
23399,0.0142985584367213,0.78161598397889,0.066893100442384,0.137192357142005
23400,0.55073039076198,0.0318817291275995,0.137901563609127,0.279486316501293
23401,0.450503730229372,0.217418047844117,0.0943752853438112,0.2377029365827
23402,0.0149446828978883,0.612320788915193,0.267442163692784,0.105292364494135
23403,0.170344029564411,0.177274679475873,0.392835836656358,0.259545454303358
23404,0.013780260024834,0.714211639748841,0.147592888137731,0.124415212088594
23405,0.058347414218718,0.447755190181712,0.226760363041495,0.267137032558075
23406,0.700679283801041,0.12798007337312,0.0560683697953499,0.115272273030489
23407,0.203070638932208,0.0884985849863777,0.0841120307793734,0.624318745302041
23408,0.497083677209507,0.178529780201092,0.0950881699586004,0.2292983726308
23409,0.239137782874285,0.353914747074941,0.238085000445104,0.168862469605669
23410,0.265258527436458,0.331103261626397,0.179511194690134,0.224127016247012
23411,0.194461825051988,0.257506244700207,0.33689847501793,0.211133455229875
23412,0.174268092797156,0.42764033664261,0.163765290848974,0.23432627971126
23413,0.171613613866546,0.206995154878703,0.362523790477862,0.258867440776889
23414,0.347305223620919,0.218289836577232,0.143638075069363,0.290766864732487
23415,0.259189940999155,0.358641392371494,0.212857086025674,0.169311580603678
23416,0.175678801208876,0.47786355143706,0.179763742536493,0.166693904817572
23417,0.319989945187847,0.22158059257092,0.23054680816682,0.227882654074414
23418,0.133773000803833,0.245186870466824,0.221549844177101,0.399490284552242
23419,0.151658522313224,0.398883788968579,0.114339189664462,0.335118499053735
23420,0.209074578375974,0.18869300021322,0.373679021158693,0.228553400252113
23421,0.319321556697284,0.280139645613312,0.117213671042396,0.283325126647008
23422,0.208681105203051,0.136679257225434,0.331407276956915,0.3232323606146
23423,0.413129170711486,0.129546103503932,0.289197354830291,0.168127370954291
23424,0.321369708801694,0.149768499983945,0.141871758172248,0.386990033042114
23425,0.311061883080946,0.278148114051566,0.101723375141007,0.309066627726481
23426,0.223032573829095,0.392589672988674,0.111708115461785,0.272669637720446
23427,0.386704576439019,0.10286754065758,0.410906850370607,0.099521032532794
23428,0.475433927645824,0.24601817599781,0.204700392589683,0.0738475037666836
23429,0.426349629735474,0.300748406271539,0.214013222395965,0.0588887415970213
23430,0.203540486921269,0.392842406928431,0.330254966200371,0.0733621399499285
23431,0.256929299129999,0.242637774882254,0.446356807272086,0.0540761187156617
23432,0.247332675653345,0.28269851997775,0.362394526393619,0.107574277975287
23433,0.34551814633309,0.414998138985825,0.166435048919552,0.0730486657615334
23434,0.236878520823342,0.326869820442932,0.366215110938786,0.0700365477949401
23435,0.314357259157313,0.228206717999561,0.339660915754879,0.117775107088248
23436,0.263734199904369,0.360988577541479,0.241632242265516,0.133644980288636
23437,0.23161924965345,0.312493816128155,0.352710888209581,0.103176046008814
23438,0.20698106799886,0.190133480312909,0.536562188581872,0.0663232631063588
23439,0.248311132971784,0.348295532208422,0.267711298405153,0.135682036414641
23440,0.376457780434329,0.200385154391318,0.342933655812306,0.0802234093620468
23441,0.127030932474277,0.165655152936479,0.50033194436789,0.206981970221354
23442,0.293115434060499,0.333162686257986,0.259183554854536,0.114538324826979
23443,0.396534134788961,0.269005661303418,0.235070126939006,0.0993900769686153
23444,0.150535245591437,0.335418328063163,0.452182508498687,0.0618639178467126
23445,0.125903498313069,0.249723190888155,0.562733177290287,0.0616401335084898
23446,0.507515999417059,0.18066838096897,0.194055395944579,0.117760223669392
23447,0.213386455588405,0.10732172107253,0.45215656026796,0.227135263071105
23448,0.151560869842896,0.336077488846112,0.122858585740404,0.389503055570588
23449,0.501866390203148,0.0600692691268751,0.181291483833071,0.256772856836906
23450,0.0502324175729288,0.149610167762354,0.435555852403358,0.364601562261359
23451,0.182978324285544,0.22975511860175,0.312669373199274,0.274597183913431
23452,0.0453715716385108,0.592223637495963,0.0464674005539042,0.315937390311622
23453,0.504026672025768,0.102189696762367,0.154131761927472,0.239651869284394
23454,0.131321780084107,0.109583057826376,0.0401306821190403,0.718964479970477
23455,0.282595207698149,0.0588477798121267,0.0858101104633074,0.572746902026417
23456,0.110250375352661,0.598006402053755,0.0408823292428473,0.250860893350737
23457,0.0883220342018944,0.0376799928212372,0.198623981922478,0.675373991054391
23458,0.0124797101675831,0.426105152495634,0.258131807629212,0.303283329707571
23459,0.264411850756663,0.414835841673984,0.0361128215011853,0.284639486068168
23460,0.154502962389004,0.662891673899747,0.0490992363668363,0.133506127344413
23461,0.0169525727472735,0.253241969828303,0.437678049978463,0.29212740744596
23462,0.635979762098404,0.145959182639902,0.0437579979080648,0.174303057353629
23463,0.038396748956676,0.0846261774514024,0.482427946243004,0.394549127348917
23464,0.0421194481580511,0.0142943671437756,0.569372164923844,0.374214019774329
23465,0.27509476488926,0.349497770894664,0.0589040368852356,0.31650342733084
23466,0.316442999497282,0.124303224379232,0.155063783747065,0.404189992376422
23467,0.04969415008908,0.675066441847319,0.0838042963743177,0.191435111689284
23468,0.488638234403551,0.0955579492034252,0.0994166784363219,0.316387137956702
23469,0.113920634883831,0.052033693207533,0.761475950536289,0.0725697213723473
23470,0.490147103028725,0.199776734769728,0.211823487729009,0.0982526744725381
23471,0.0725620583236126,0.269903693407645,0.522123448479692,0.13541079978905
23472,0.292877467939627,0.276077848419518,0.257362376527691,0.173682307113164
23473,0.189261985775402,0.0974113641891142,0.477016698486368,0.236309951549117
23474,0.224059924990326,0.0902755320083743,0.351301970243632,0.334362572757667
23475,0.0941017281496495,0.561167088143558,0.0730165685778271,0.271714615128965
23476,0.152387860020634,0.63644351833745,0.063023136064332,0.148145485577584
23477,0.42012244904003,0.0544529181993559,0.301911001951841,0.223513630808772
23478,0.249492406374029,0.384637677574815,0.155246059153894,0.210623856897262
23479,0.0388643080273151,0.163883631281206,0.26027531660678,0.536976744084699
23480,0.0457786159140633,0.516104102902594,0.30368523290046,0.134432048282882
23481,0.275206969995113,0.545532901947103,0.0810361068251285,0.098224021232656
23482,0.727299598061709,0.0435635118240477,0.0786195123084057,0.150517377805838
23483,0.0922008456734132,0.286469743917879,0.182631489578772,0.438697920829936
23484,0.0260220459614191,0.257096882715583,0.649195158200249,0.0676859131227492
23485,0.239413529776604,0.442574430496917,0.0516597986748759,0.266352241051604
23486,0.030198888589861,0.362193543094296,0.2219994274542,0.385608140861643
23487,0.236039930569425,0.404906989633692,0.0390950003634889,0.319958079433394
23488,0.164790052019316,0.505091197615906,0.06873420352321,0.261384546841568
23489,0.254412597366618,0.0473588622885078,0.191261373440237,0.506967166904637
23490,0.112422691045402,0.0328113590497765,0.252467894988746,0.602298054916076
23491,0.0505306205043866,0.134252179704714,0.295994010735799,0.5192231890551
23492,0.046208205433082,0.323068360884385,0.35636581256541,0.274357621117123
23493,0.070803155704722,0.101952548715527,0.100600017524205,0.726644278055547
23494,0.139640089270116,0.54567350340214,0.0641431842363671,0.250543223091377
23495,0.080022691896367,0.701588530761278,0.0479390030336554,0.170449774308699
23496,0.0731479809422411,0.460517939118026,0.0145336141134363,0.451800465826297
23497,0.0946149166634716,0.594082995132741,0.0926961926044869,0.218605895599301
23498,0.159326396684413,0.0349516465013637,0.337413581874672,0.468308374939552
23499,0.0357216677427447,0.0689252643926896,0.238192285842196,0.657160782022369
23500,0.0222461820795077,0.149623184811901,0.480145568710099,0.347985064398492
23501,0.488257958727522,0.0321930332817351,0.193498431738845,0.286050576251897
23502,0.113827852961123,0.0378827565283472,0.341423538008344,0.506865852502186
23503,0.568142295608344,0.0638787603628243,0.0428713652310245,0.325107578797808
23504,0.266280184401276,0.290048815643182,0.179258247942149,0.264412752013394
23505,0.0640602409124348,0.290695729180455,0.381848432712784,0.263395597194327
23506,0.466176845568881,0.0416043812357203,0.353114483386323,0.139104289809075
23507,0.591298822978165,0.219567344535278,0.101257706762692,0.0878761257238649
23508,0.0470300526184926,0.1251696475475,0.40069459302496,0.427105706809047
23509,0.330649078491871,0.248570092603663,0.0997318887712189,0.321048940133247
23510,0.267382357963314,0.0638406804238209,0.264500442036434,0.404276519576431
23511,0.326842690866141,0.0675517378569565,0.081583801055436,0.524021770221466
23512,0.70776869863952,0.138715195733287,0.0578346977162824,0.0956814079109106
23513,0.14733853781535,0.182321396865253,0.0411141117506561,0.62922595356874
23514,0.259748369436652,0.0992642055071537,0.241721336273068,0.399266088783127
23515,0.692801666672788,0.0361069063640987,0.149319554653463,0.12177187230965
23516,0.302910229436202,0.0744662911290246,0.258881213160545,0.363742266274229
23517,0.496220367278057,0.110393861072731,0.0754259984096195,0.317959773239593
23518,0.0892383042642608,0.0414469557558109,0.780324092393654,0.088990647586274
23519,0.0667242322459816,0.48213783262399,0.0593161826403582,0.391821752489671
23520,0.337970025263681,0.07095584464484,0.155984689574275,0.435089440517204
23521,0.144044214203291,0.446803235285858,0.262647120250113,0.146505430260739
23522,0.0954318378583238,0.27615166259382,0.1583048426203,0.470111656927556
23523,0.0711995922771945,0.679848618369235,0.097367583041954,0.151584206311616
23524,0.040720391407118,0.651026265409381,0.0564712934676495,0.251782049715852
23525,0.143079404797681,0.112481323150719,0.0706032773172566,0.673835994734343
23526,0.0884169992898829,0.193453858177817,0.527823496738492,0.190305645793808
23527,0.0974101921677367,0.181549062665565,0.295879413785674,0.425161331381024
23528,0.0398021588209092,0.640251662241477,0.0925232056896241,0.22742297324799
23529,0.134634372259821,0.415941930595684,0.0272593964835318,0.422164300660963
23530,0.0615522554488908,0.0555640121450483,0.67325148818195,0.209632244224111
23531,0.327895500070029,0.0289759147825088,0.0316495989478041,0.611478986199658
23532,0.111399447347748,0.107470916907198,0.0445632470359855,0.736566388709069
23533,0.230846210848088,0.085392240504347,0.101658740623716,0.582102808023849
23534,0.0715771057667092,0.0402592384118721,0.173238505871368,0.714925149950051
23535,0.0730566428778837,0.0423399198674905,0.0660385945487533,0.818564842705873
23536,0.0698357147309256,0.0467521049703904,0.149693016382552,0.733719163916133
23537,0.115900866892986,0.128661109626898,0.0298212621195488,0.725616761360568
23538,0.345020079382393,0.0708388960780783,0.0114175110145103,0.572723513525018
23539,0.026812459685386,0.0650635257968612,0.078898707715287,0.829225306802466
23540,0.0294178608009161,0.0178302037072453,0.230283455623966,0.722468479867873
23541,0.0527891003367439,0.146851497411759,0.0183623934567945,0.781997008794703
23542,0.0462975308343665,0.192175137531748,0.506517123308295,0.255010208325591
23543,0.247958681379754,0.347728951386568,0.125258843290782,0.279053523942896
23544,0.0415879910190566,0.160442494409829,0.719085462760996,0.0788840518101182
23545,0.265531735369172,0.0457014914299492,0.060238065027031,0.628528708173848
23546,0.0675847158539982,0.0881259412528391,0.718625967832444,0.125663375060719
23547,0.408828610145792,0.378213707975894,0.0159822314271355,0.196975450451179
23548,0.276012616091134,0.0658130882541749,0.0391509601841419,0.61902333547055
23549,0.286067368116426,0.0707728671834034,0.155215847526165,0.487943917174006
23550,0.0346606690619458,0.205466899074294,0.100676008205903,0.659196423657857
23551,0.528669735822048,0.105116015816201,0.201564814916473,0.164649433445279
23552,0.0283286316635853,0.472770135387305,0.45713161061403,0.04176962233508
23553,0.0659517727310738,0.695105276297137,0.0705658759643387,0.16837707500745
23554,0.691828616179438,0.140664916366637,0.0583309196428994,0.109175547811025
23555,0.0213531396336224,0.119271928262802,0.743021075978796,0.11635385612478
23556,0.419314851396552,0.0878909126122825,0.0874195325459546,0.405374703445211
23557,0.0525041020370206,0.0434877056879668,0.599174938848155,0.304833253426858
23558,0.183101545540333,0.116042342666229,0.473583527403542,0.227272584389897
23559,0.148421636380264,0.0452572021477033,0.449657194370458,0.356663967101575
23560,0.0520715461694691,0.0489008614972566,0.438715097274404,0.460312495058871
23561,0.475741082418303,0.285112928562432,0.16953440916956,0.0696115798497054
23562,0.392051935479441,0.120082552890269,0.0666843736737119,0.421181137956578
23563,0.145129434180138,0.346616209847286,0.306231506331356,0.20202284964122
23564,0.0717713662334493,0.495578905115197,0.195144973362465,0.237504755288889
23565,0.0766346959705626,0.0831729166129252,0.677024465962494,0.163167921454018
23566,0.418715827122944,0.205407823759942,0.064674466584655,0.31120188253246
23567,0.142776787216122,0.501383205981986,0.158308991746011,0.197531015055881
23568,0.24953451228411,0.537276087589679,0.0619008531337638,0.151288546992447
23569,0.66307832288523,0.103539724741267,0.1239471712258,0.109434781147703
23570,0.0960832321001896,0.704282683282267,0.0963628503834278,0.103271234234116
23571,0.0985017836301753,0.0340748543473337,0.20479823623116,0.662625125791331
23572,0.281398168317306,0.458129158628269,0.0212105359719059,0.239262137082519
23573,0.0809543145160148,0.0653387649750127,0.124790914001689,0.728916006507283
23574,0.0394504861184809,0.564431764299958,0.197933822555066,0.198183927026495
23575,0.027610321856797,0.204849203697743,0.193908582052215,0.573631892393245
23576,0.0930724629513934,0.0962024181943598,0.116594032180453,0.694131086673794
23577,0.764127849386154,0.0631469585083427,0.079105261713667,0.093619930391836
23578,0.13169677672017,0.101532009154664,0.0312470233523219,0.735524190772845
23579,0.0357637371163855,0.467972169211517,0.101212511244209,0.395051582427888
23580,0.171035718984795,0.57279453945236,0.0383374120538158,0.217832329509029
23581,0.175294678707096,0.280869882915449,0.241438065807114,0.302397372570341
23582,0.113165551742802,0.165101209300102,0.608205163765339,0.113528075191757
23583,0.656805466536634,0.0913121716468786,0.0946169774601496,0.157265384356338
23584,0.54778093303446,0.161105569050353,0.0763259934576555,0.214787504457532
23585,0.63336118649018,0.187019761251171,0.0645916456451473,0.115027406613502
23586,0.300691476116359,0.252549278539264,0.258175610809872,0.188583634534504
23587,0.109687035441131,0.12255715042621,0.300102302983714,0.467653511148945
23588,0.258706957725879,0.0476957620348855,0.254242424051176,0.43935485618806
23589,0.62465252981716,0.0585891943453464,0.0547087914658014,0.262049484371693
23590,0.193533231632182,0.0915749471555473,0.221267660300653,0.493624160911618
23591,0.668776050938476,0.0608592077934538,0.0932039362856381,0.177160804982432
23592,0.334164199092861,0.0971926321177368,0.058924498505919,0.509718670283484
23593,0.0555339712150953,0.457072049824531,0.120045534800589,0.367348444159785
23594,0.69266534117747,0.0492062119567198,0.155463517627678,0.102664929238133
23595,0.129319679509067,0.0943909885999776,0.635340566665688,0.140948765225267
23596,0.0485577128276285,0.267820179542022,0.213003592911967,0.470618514718383
23597,0.253524320395499,0.0454246759784482,0.223033409997593,0.478017593628461
23598,0.622849265596669,0.0614512162255585,0.0308671247304231,0.284832393447349
23599,0.236181802040723,0.359968125592216,0.230339712534872,0.173510359832189
23600,0.30440853896342,0.37604946670499,0.196143290417853,0.123398703913737
23601,0.254477081066177,0.393672194563579,0.215128126075075,0.136722598295169
23602,0.229139031104843,0.460550073441693,0.181301592253773,0.129009303199691
23603,0.136482177858082,0.297568904362929,0.415212532940753,0.150736384838236
23604,0.313117502481779,0.469555414378716,0.128736226279632,0.0885908568598734
23605,0.484535202365507,0.1025529314431,0.158919022130763,0.25399284406063
23606,0.292344238774663,0.364077834287197,0.120444394369354,0.223133532568786
23607,0.188850946694297,0.28876770854193,0.251999743387966,0.270381601375807
23608,0.454910154019663,0.168577856200969,0.118123774626699,0.258388215152669
23609,0.266343346173074,0.238811781312556,0.286708932416786,0.208135940097585
23610,0.186342569604821,0.461586330645961,0.221153600686795,0.130917499062423
23611,0.140365220671057,0.231772650248361,0.503334579223289,0.124527549857293
23612,0.173662666637731,0.365890187704332,0.170800153458308,0.289646992199629
23613,0.352804619658807,0.197537156325071,0.365483174515345,0.0841750495007772
23614,0.221566941564378,0.516168636165538,0.166163644086794,0.0961007781832903
23615,0.259093979015916,0.220576776181072,0.121223105679657,0.399106139123355
23616,0.23953420574431,0.27553504039953,0.409531432644929,0.0753993212112305
23617,0.179033917417228,0.448024314408664,0.187095361022209,0.185846407151899
23618,0.261713999672195,0.0154444841922648,0.363359771977036,0.359481744158505
23619,0.043548654012428,0.268863776616782,0.156530230093782,0.531057339277008
23620,0.054998698189635,0.197284615206325,0.013978004652807,0.733738681951234
23621,0.288693712305939,0.0776965943515292,0.0563975105056825,0.577212182836849
23622,0.183249592945425,0.336366105810247,0.0260583997886596,0.454325901455669
23623,0.0203971173128021,0.106294037953621,0.0361293351125116,0.837179509621065
23624,0.030593609959031,0.80244656839179,0.0362058225229644,0.130753999126215
23625,0.0950605046889571,0.0879736261402017,0.132261247153899,0.684704622016942
23626,0.0353696863761987,0.474219473462455,0.0730019366886648,0.417408903472682
23627,0.104796690146032,0.0178485925245958,0.620675859687377,0.256678857641995
23628,0.208758269037492,0.0627225832555234,0.020256729894337,0.708262417812648
23629,0.127829610208359,0.124003056063082,0.0845969431856265,0.663570390542933
23630,0.319115678020646,0.312111450885669,0.0631821604942313,0.305590710599454
23631,0.0186006241386689,0.132733060605049,0.416342189956433,0.432324125299849
23632,0.0292386955318553,0.0203786577488282,0.173403282938313,0.776979363781004
23633,0.0689277307312585,0.492034628813932,0.0710031985761186,0.368034441878691
23634,0.719609947946277,0.0509470168822316,0.00534780516707976,0.224095230004412
23635,0.0129892608427415,0.189320491241324,0.04765823904475,0.750032008871184
23636,0.0252592746094284,0.373012226146928,0.125190267855507,0.476538231388137
23637,0.394153155900657,0.391338147738308,0.123353132205955,0.0911555641550797
23638,0.407982783367736,0.252748384284334,0.252891904961967,0.0863769273859634
23639,0.22965455608433,0.25666186132277,0.374399025635755,0.139284556957145
23640,0.30172525079214,0.189283974506578,0.397744811168455,0.111245963532827
23641,0.168984004954662,0.443930981159239,0.23318539834296,0.153899615543138
23642,0.287570619212889,0.210391499386676,0.308428113520972,0.193609767879463
23643,0.276218200456803,0.337187263535438,0.313711944344549,0.0728825916632099
23644,0.309087793390097,0.406397167618237,0.12841846038559,0.156096578606076
23645,0.143375045303564,0.45513820318493,0.2042221601394,0.197264591372106
23646,0.261815672499385,0.369493270428723,0.2000344278779,0.168656629193992
23647,0.204290528386233,0.539536213610778,0.150188492863056,0.105984765139933
23648,0.293722349981518,0.521614911632753,0.0785722807410423,0.106090457644687
23649,0.297594739942224,0.306302175897401,0.199515818085454,0.196587266074922
23650,0.316738949301623,0.237384792203519,0.133336991431242,0.312539267063615
23651,0.222235578333186,0.472763258672502,0.178079267457972,0.12692189553634
23652,0.105322540511523,0.3518392999466,0.483096953994365,0.0597412055475122
23653,0.205717049213267,0.151193189626665,0.522570426672264,0.120519334487804
23654,0.142326733230386,0.220513048680468,0.514180431409054,0.122979786680092
23655,0.257639644577433,0.372957576605708,0.191770500415361,0.177632278401499
23656,0.149910374144384,0.216687469992158,0.385272342190149,0.248129813673309
23657,0.398295470250399,0.34807258471344,0.135208255043062,0.118423689993099
23658,0.390865036873058,0.110776938219933,0.331654510487522,0.166703514419487
23659,0.53536661757544,0.286789985383382,0.125070772625864,0.052772624415314
23660,0.444078580720664,0.249104850856312,0.0615527170626268,0.245263851360397
23661,0.323689491982112,0.0958140016397774,0.200347460815747,0.380149045562364
23662,0.186887777792802,0.375996301696622,0.179839289171062,0.257276631339515
23663,0.259444744763222,0.186780981534937,0.296156885149729,0.257617388552112
23664,0.083480347788635,0.448004072389741,0.145644389101448,0.322871190720176
23665,0.331353137444951,0.308628535708596,0.048144194479205,0.311874132367248
23666,0.316147032920569,0.13770678442067,0.307704329434131,0.238441853224631
23667,0.406284762146303,0.0722207044404558,0.369390734788777,0.152103798624464
23668,0.577781754167899,0.0684869614152823,0.134664947925196,0.219066336491623
23669,0.299732556793121,0.275835615378124,0.110210811990186,0.314221015838569
23670,0.232968029981608,0.115786134159103,0.454513811597784,0.196732024261506
23671,0.0577173890082357,0.286190749384931,0.485310039305432,0.170781822301402
23672,0.16346274440109,0.17982158781643,0.369008163105104,0.287707504677376
23673,0.286804318763104,0.525672432220892,0.0747249153661764,0.112798333649828
23674,0.0233879599890332,0.275460607475744,0.584640639687286,0.116510792847937
23675,0.0993817948291112,0.517592474771582,0.0893274741490289,0.293698256250278
23676,0.182281126912306,0.141628305443208,0.109906820915725,0.566183746728761
23677,0.202456971271912,0.24623542729548,0.259598427189426,0.291709174243182
23678,0.505370993618195,0.0780710020336074,0.0359899542661883,0.38056805008201
23679,0.490325936898682,0.0975893607039915,0.304924719730691,0.107159982666635
23680,0.0689626550747492,0.101386804064164,0.640993460698571,0.188657080162516
23681,0.0991459854256328,0.10476187080969,0.698186968670458,0.0979051750942192
23682,0.0634515076480823,0.328862547998137,0.425661149344828,0.182024795008952
23683,0.352719601073759,0.0890265984386745,0.185908809454799,0.372344991032768
23684,0.1098853476188,0.570588035470417,0.0729527513990203,0.246573865511763
23685,0.384462718141723,0.293684579994914,0.239688520271028,0.0821641815923343
23686,0.0868852551479497,0.0408347549008036,0.543902666271552,0.328377323679695
23687,0.10802552640828,0.0938441874325632,0.265973020429535,0.532157265729621
23688,0.232188166914635,0.072504156617488,0.044213179476496,0.651094496991381
23689,0.13409663035902,0.13318398912294,0.544021581331489,0.188697799186551
23690,0.296214336831111,0.224467928252512,0.0217191568121917,0.457598578104186
23691,0.0885382419648875,0.130184534001625,0.496199602723592,0.285077621309896
23692,0.042228723060009,0.423227730964286,0.0759859723980746,0.45855757357763
23693,0.0540406960124073,0.286550780301271,0.432269276370803,0.227139247315518
23694,0.0888205559338148,0.292642554924342,0.285803497016434,0.332733392125409
23695,0.0724700979697266,0.432837805581068,0.208250155533656,0.28644194091555
23696,0.401308224952364,0.42306505454192,0.0505498337021856,0.125076886803531
23697,0.288846774389562,0.120330716903645,0.325972378823323,0.26485012988347
23698,0.15889847020318,0.263332806389494,0.242806347696434,0.334962375710892
23699,0.109701892088009,0.568615512617151,0.0811448660937499,0.24053772920109
23700,0.404911991143383,0.0307390220872466,0.355968248816346,0.208380737953025
23701,0.0539215230426621,0.445273322578816,0.209637047997162,0.29116810638136
23702,0.0779046681177927,0.178537122480741,0.577589871727215,0.165968337674251
23703,0.0938447255405578,0.535519691150425,0.12232925582185,0.248306327487167
23704,0.187975333454348,0.134363769368156,0.3060264699049,0.371634427272597
23705,0.129702391693812,0.422526804599475,0.14172125334202,0.306049550364693
23706,0.371609475166202,0.104608305669148,0.253968359645039,0.269813859519611
23707,0.163115624901448,0.59593828465897,0.0620006497449507,0.178945440694631
23708,0.120676650241271,0.485773807436016,0.115661495339648,0.277888046983065
23709,0.132395437527184,0.206490333009384,0.0946558677874765,0.566458361675956
23710,0.452322409947689,0.0943037954252179,0.0789712514869112,0.374402543140182
23711,0.0386647605634929,0.613234230552445,0.140397110618097,0.207703898265965
23712,0.118661338203831,0.085672041302151,0.402535546358459,0.393131074135559
23713,0.110616999391597,0.376768105379653,0.306777338216136,0.205837557012614
23714,0.2116163904318,0.205864632350308,0.425268410924748,0.157250566293144
23715,0.467882614336347,0.080440752341701,0.259057801781794,0.192618831540157
23716,0.370570724315197,0.192486796316117,0.206407406766437,0.230535072602248
23717,0.257846053774331,0.497650046240963,0.0716003359067428,0.172903564077963
23718,0.174502496780885,0.166813121336163,0.376554690279028,0.282129691603925
23719,0.294522283810172,0.405994026880959,0.057440582971393,0.242043106337476
23720,0.135004672559453,0.106482605246061,0.575707150986307,0.182805571208179
23721,0.562564421795723,0.205385962215976,0.161814386757404,0.0702352292308979
23722,0.0799960638484325,0.297274075111995,0.370741040443339,0.251988820596234
23723,0.159682000478953,0.370515794747364,0.30292152979442,0.166880674979263
23724,0.248272472357556,0.424584677805702,0.0715093686490598,0.255633481187682
23725,0.268464875221169,0.067510297328048,0.557537850172972,0.106486977277811
23726,0.276400143088463,0.320068586720954,0.250828982645065,0.152702287545517
23727,0.171330353264161,0.167650461844151,0.354941774368366,0.306077410523323
23728,0.163291870093338,0.262867149412153,0.110567225969766,0.463273754524744
23729,0.11112296868496,0.668797351509729,0.124683058249862,0.0953966215554492
23730,0.237828639641345,0.300595802828973,0.222003804714264,0.239571752815418
23731,0.13917221486748,0.238668558843273,0.235564550019769,0.386594676269478
23732,0.432628571841823,0.169932631907764,0.0943243250351317,0.303114471215281
23733,0.486938413418941,0.114588415932261,0.0802523379493312,0.318220832699467
23734,0.0597471883814319,0.0609055550334309,0.523605292421063,0.355741964164074
23735,0.482862277456409,0.0638601464312605,0.129031512863081,0.324246063249249
23736,0.101514484642743,0.104177213824226,0.299119434687306,0.495188866845725
23737,0.067456648588799,0.596934191419105,0.172363759724938,0.163245400267158
23738,0.329403837660234,0.118090341499306,0.0840517147185666,0.468454106121894
23739,0.125114388975621,0.087194308291932,0.068602391752869,0.719088910979578
23740,0.0784972664449771,0.0594321140186864,0.778432170464455,0.0836384490718819
23741,0.0492453502994341,0.102871336583718,0.400488665014198,0.44739464810265
23742,0.0921516288802622,0.203146896083192,0.074682264086221,0.630019210950325
23743,0.085050291181731,0.70432762355131,0.0655384594482099,0.14508362581875
23744,0.0379453712120652,0.685272637222085,0.111910940801828,0.164871050764021
23745,0.507668693660945,0.0630409174835376,0.0731689415066674,0.35612144734885
23746,0.496148041661873,0.178747303827463,0.0440910580375108,0.281013596473153
23747,0.0720255818566602,0.157225110567559,0.527678498357732,0.243070809218049
23748,0.185300686535571,0.44335245619747,0.0654903588438303,0.305856498423129
23749,0.633873265578867,0.170520918814484,0.0328709505923806,0.162734865014268
23750,0.152111255636441,0.158855757783051,0.421212901820046,0.267820084760463
23751,0.354360989479609,0.199368832879023,0.281260559180674,0.165009618460695
23752,0.303715200702704,0.233418190648213,0.164302426339261,0.298564182309822
23753,0.222177702581308,0.19902507715454,0.19947842052233,0.379318799741821
23754,0.307535506581276,0.214936870188647,0.213694061562252,0.263833561667824
23755,0.337322692452803,0.243801211571814,0.270536853436685,0.148339242538698
23756,0.11758754018284,0.323649529228856,0.186838149206071,0.371924781382234
23757,0.298786792007009,0.372251015515425,0.136027397951877,0.192934794525689
23758,0.402091247425029,0.18438807625202,0.0736696342580218,0.339851042064929
23759,0.108026365549264,0.396309471243584,0.225419748510598,0.270244414696554
23760,0.249083792137561,0.0944080890573299,0.514757965173595,0.141750153631514
23761,0.228161067130045,0.162164788029167,0.30183316483627,0.307840980004517
23762,0.156714049796789,0.336865632317273,0.207072791410723,0.299347526475214
23763,0.433499305436697,0.231064694135669,0.097653292095103,0.237782708332531
23764,0.422336643787227,0.0786860017326366,0.157890109857277,0.34108724462286
23765,0.0434681820545998,0.0564722233959817,0.468373825511159,0.431685769038259
23766,0.0552592373302123,0.0757685269842403,0.808248478644743,0.0607237570408046
23767,0.313832972997339,0.203248985861478,0.193953435167328,0.288964605973854
23768,0.0720295628075042,0.054383429848046,0.238230303359665,0.635356703984785
23769,0.128534589230339,0.116466917998201,0.331274540197661,0.423723952573799
23770,0.21923422164285,0.131661316886472,0.501550982948661,0.147553478522016
23771,0.0945580657390413,0.466658380477682,0.0887518064788645,0.350031747304412
23772,0.0857206057226234,0.320255267176994,0.115813949671797,0.478210177428586
23773,0.0927167381728592,0.297001252929491,0.43993807228344,0.170343936614209
23774,0.160371623319703,0.339499069422283,0.143165808292065,0.356963498965949
23775,0.474623449023892,0.191804069243562,0.0810660487775875,0.252506432954959
23776,0.308368259891644,0.073000199876366,0.237433485330533,0.381198054901458
23777,0.302696885800289,0.305492783099659,0.215834824028611,0.175975507071442
23778,0.0799372984406285,0.49397141935059,0.0632192329265735,0.362872049282208
23779,0.477771401198977,0.258070891341323,0.125335339607708,0.138822367851992
23780,0.446362098872826,0.27876050402969,0.0560777125011581,0.218799684596325
23781,0.512927985899538,0.154217146716744,0.0649199233680822,0.267934944015637
23782,0.132648565902756,0.232064557527747,0.338586720361718,0.296700156207779
23783,0.363445989734467,0.0200666471007326,0.259509382416597,0.356977980748204
23784,0.0887186136364301,0.043488782150958,0.506377844466631,0.361414759745981
23785,0.613708792811064,0.133436357688439,0.0386761237217574,0.21417872577874
23786,0.227694856247016,0.332989784130216,0.0779700960292776,0.361345263593491
23787,0.573031555315371,0.134392348581204,0.0746759279797131,0.217900168123712
23788,0.110261427966359,0.525945962985574,0.0912521034439549,0.272540505604113
23789,0.65543834373556,0.092821045041976,0.0841300483987014,0.167610562823763
23790,0.0375297261315572,0.141979611873914,0.537596917189395,0.282893744805135
23791,0.196376125152453,0.0761932808192823,0.532561104706923,0.194869489321342
23792,0.148553353451765,0.60576465603598,0.102311112537743,0.143370877974512
23793,0.155154503855555,0.0783517463473782,0.204719506495037,0.561774243302029
23794,0.20839883758929,0.127476436390844,0.111926431828946,0.552198294190919
23795,0.224488215544642,0.18821970158686,0.0543170348076144,0.532975048060884
23796,0.142859467240927,0.147946813065727,0.111594000103079,0.597599719590267
23797,0.430400284836325,0.146385881117019,0.298946160558572,0.124267673488084
23798,0.203553715624461,0.0316506742677023,0.190135156274938,0.574660453832899
23799,0.535510872161429,0.0689759194116225,0.0660971868953429,0.329416021531606
23800,0.156068998611959,0.640806668642667,0.0683903239593788,0.134734008785996
23801,0.0380626984947476,0.126478699365001,0.713815088843997,0.121643513296254
23802,0.0775309628021743,0.663847103798857,0.0964755992562231,0.162146334142746
23803,0.217335548829514,0.110686099780315,0.0419341711948603,0.630044180195312
23804,0.226365179120556,0.0658197612663342,0.228314608917906,0.479500450695204
23805,0.204047217917402,0.047415406680627,0.516687089243216,0.231850286158755
23806,0.0758527823336385,0.25491486874539,0.10235833886754,0.566874010053431
23807,0.36581839392546,0.0753114136434724,0.0629606047297149,0.495909587701352
23808,0.234962313619022,0.44308780533106,0.139877381168666,0.182072499881251
23809,0.286500659750476,0.358931600685511,0.147949535379495,0.206618204184518
23810,0.173369138258346,0.52532517319163,0.160354901173158,0.140950787376866
23811,0.415792825087215,0.208014226742624,0.200245932269501,0.17594701590066
23812,0.312074612161046,0.244328310345712,0.263140544314407,0.180456533178834
23813,0.481306116966051,0.236400927035928,0.0751366085388078,0.207156347459213
23814,0.250815579083136,0.353658532963452,0.22041250341509,0.175113384538322
23815,0.100975800057569,0.0991933935384345,0.366872148385345,0.432958658018652
23816,0.395053825803075,0.23940546885039,0.16611454362759,0.199426161718944
23817,0.239396942399891,0.163359621119135,0.30639194734046,0.290851489140515
23818,0.132662992507048,0.150485995399007,0.335315854685441,0.381535157408504
23819,0.122612388483132,0.537207426141456,0.154571047389904,0.185609137985508
23820,0.245532241691116,0.143757444203922,0.356927689990843,0.253782624114119
23821,0.061354485455922,0.183101107432931,0.147915027991298,0.607629379119849
23822,0.142722088643318,0.261968574136282,0.0815470167036948,0.513762320516705
23823,0.058400576364523,0.113642382469855,0.388722072993545,0.439234968172076
23824,0.14423356301903,0.515612338600199,0.108806193795304,0.231347904585467
23825,0.463268116144896,0.121617745544512,0.153451554008306,0.261662584302286
23826,0.0637025024096789,0.506807228884574,0.0778467137234366,0.351643554982311
23827,0.326235469350364,0.330006416879721,0.140186664643818,0.203571449126098
23828,0.0475965911723246,0.289450411488476,0.383877666996284,0.279075330342916
23829,0.255376971454456,0.241625992179923,0.190756819437734,0.312240216927886
23830,0.0767496803173829,0.593196945910927,0.134086712160857,0.195966661610833
23831,0.226751850204732,0.186063810025294,0.448506114628846,0.138678225141129
23832,0.158429850249975,0.229925376305579,0.419528871157152,0.192115902287293
23833,0.313186747370903,0.0930844831056713,0.325259287707697,0.268469481815728
23834,0.530011260824196,0.107939752702832,0.235940361293055,0.126108625179916
23835,0.218257052085749,0.356251070986042,0.190382569078825,0.235109307849385
23836,0.368732945273843,0.0700552124582234,0.162966954947453,0.398244887320481
23837,0.037683479064335,0.0714270961415987,0.213829790059333,0.677059634734733
23838,0.622300388506422,0.121427492083137,0.095082013099768,0.161190106310673
23839,0.666459092511252,0.0993700169675252,0.11658467444956,0.117586216071663
23840,0.26343344894145,0.0572284970788129,0.584952525021782,0.094385528957955
23841,0.39022490458546,0.0889487292789311,0.225032721290359,0.29579364484525
23842,0.582091366047106,0.0733685086042979,0.10239009506762,0.242150030280976
23843,0.312742432187907,0.0928748592419027,0.317073008312487,0.277309700257703
23844,0.533608845677459,0.0983770407748189,0.0803508886646623,0.28766322488306
23845,0.0678060851095972,0.0653520432420099,0.269546953745406,0.597294917902987
23846,0.461793918970035,0.400164927890492,0.105303611027135,0.0327375421123383
23847,0.215076965275119,0.460496171853335,0.24966409753845,0.0747627653330953
23848,0.0580962367097358,0.154685291196112,0.680149931361358,0.107068540732795
23849,0.314054824031403,0.2060679577971,0.329744115932719,0.150133102238778
23850,0.0865781797513257,0.213020043871666,0.603940940149047,0.0964608362279608
23851,0.447029747297989,0.213305390521916,0.292172989387728,0.047491872792367
23852,0.356247389589536,0.298998871598608,0.208691588726458,0.136062150085398
23853,0.102585700194416,0.250017912418597,0.563029991913915,0.0843663954730726
23854,0.486023891100802,0.202365296146021,0.206991679512938,0.104619133240238
23855,0.301422053340486,0.316115201676368,0.0953431971740683,0.287119547809078
23856,0.178534157000286,0.564557590551196,0.0944186126092738,0.162489639839245
23857,0.481692468136113,0.402140466001699,0.0684226559727773,0.0477444098894104
23858,0.474195910097584,0.156186425626774,0.256360587059936,0.113257077215706
23859,0.70265468729654,0.0694788242705339,0.134841609274457,0.0930248791584694
23860,0.180850884088827,0.354274934004089,0.224571410042657,0.240302771864427
23861,0.18326788174434,0.096654613219424,0.650718898281687,0.0693586067545487
23862,0.120679211738844,0.12356696053386,0.693340084206589,0.0624137435207075
23863,0.303584819525684,0.0908258578351833,0.444346466430306,0.161242856208827
23864,0.264423795274675,0.493653197870461,0.0465354826498347,0.19538752420503
23865,0.0951402018788397,0.262403683346051,0.378960947938667,0.263495166836443
23866,0.35974121951882,0.240144354549849,0.216415325366971,0.18369910056436
23867,0.0587349946302303,0.393135537834035,0.158129803750465,0.389999663785269
23868,0.044998052533571,0.15686157037268,0.494449884508085,0.303690492585664
23869,0.295142376103693,0.0867278695370132,0.272725113796551,0.345404640562743
23870,0.188001923706207,0.0898136411344043,0.571121973281026,0.151062461878362
23871,0.0512221346903826,0.201346373921536,0.515225489361993,0.232206002026089
23872,0.038189204561081,0.175250905646779,0.568117932170812,0.218441957621329
23873,0.145203687851381,0.269549660755401,0.372401675879296,0.212844975513922
23874,0.45215611046656,0.318686673916913,0.0641732695844731,0.164983946032053
23875,0.0364319852982004,0.579079678002168,0.277737033099381,0.10675130360025
23876,0.241666988814975,0.311627800219958,0.108403109562765,0.338302101402302
23877,0.271051640236201,0.209092049358803,0.0392073836506223,0.480648926754374
23878,0.150327823119847,0.330145715335365,0.0969033610262173,0.422623100518571
23879,0.112878821829273,0.486006199254786,0.221497443167294,0.179617535748648
23880,0.484314276240044,0.252831013763901,0.0677597501388792,0.195094959857176
23881,0.590473430031622,0.0741232904850973,0.19409382442312,0.14130945506016
23882,0.105307341107533,0.700685105247092,0.0517194474366554,0.142288106208719
23883,0.347963965783254,0.0806986258997686,0.352750313326417,0.218587094990561
23884,0.233724463634645,0.453542901265625,0.238027689064269,0.0747049460354605
23885,0.377626692701029,0.223413109779647,0.028457579328994,0.37050261819033
23886,0.267672489002784,0.126192080045091,0.305849517818976,0.300285913133149
23887,0.335019176063787,0.195905941776738,0.111374713703453,0.357700168456022
23888,0.271970380747199,0.261401106934524,0.368944290057766,0.0976842222605112
23889,0.706073161551335,0.163484367608237,0.0552363031249935,0.0752061677154349
23890,0.171956373230497,0.634910103697614,0.0299967164909214,0.163136806580967
23891,0.594714712386558,0.0424474190995619,0.0837125986272278,0.279125269886653
23892,0.0596339007067653,0.457915165794184,0.115274305667043,0.367176627832008
23893,0.159829724568805,0.448576642451585,0.0314477949932943,0.360145837986315
23894,0.142210150212269,0.344924020057177,0.125150082777028,0.387715746953527
23895,0.0707769294289243,0.19618067972502,0.636586919752783,0.0964554710932721
23896,0.0660600069587827,0.141826442266582,0.509358229344466,0.282755321430169
23897,0.124874285014786,0.246833182667811,0.05636146123315,0.571931071084254
23898,0.125284426297186,0.643354499717664,0.0609194966870274,0.170441577298123
23899,0.152723380598362,0.161837021657887,0.0953835841737028,0.590056013570048
23900,0.0640326204643005,0.264631141567217,0.0603424264603003,0.610993811508182
23901,0.181279390021653,0.556599693110379,0.0591876169436361,0.202933299924332
23902,0.06029766562928,0.437663259214297,0.287017965421611,0.215021109734812
23903,0.301951236488241,0.153375831320824,0.0965158019029259,0.448157130288008
23904,0.104443446025856,0.315148200571877,0.252925784580678,0.327482568821589
23905,0.595213269618289,0.0624430909174828,0.263668324072928,0.0786753153913007
23906,0.688059840775556,0.0446025671422724,0.0725956328009299,0.194741959281242
23907,0.179721805605264,0.138413980249802,0.238677135881017,0.443187078263917
23908,0.14159430227039,0.389991187896127,0.0553771128209203,0.413037397012563
23909,0.1501129303184,0.0841927142585723,0.042947481579701,0.722746873843327
23910,0.0500226834750357,0.230511214034526,0.483881094413639,0.235585008076799
23911,0.124373568542272,0.0335846120398811,0.112960375556915,0.729081443860931
23912,0.150598405643597,0.125490000726024,0.326599680626456,0.397311913003923
23913,0.0872793687233544,0.107257155312089,0.511948752222843,0.293514723741714
23914,0.0239443335398286,0.698743286499509,0.0486996708778706,0.228612709082792
23915,0.708934659564573,0.117372655344555,0.0535671662688299,0.120125518822043
23916,0.0617735951254964,0.132457054845795,0.670795212048872,0.134974137979837
23917,0.0590059324924724,0.474085847525715,0.0783703194858261,0.388537900495986
23918,0.331367550785068,0.0557575868559306,0.0639191695690625,0.548955692789939
23919,0.157045306980538,0.320078711093194,0.0238995671001483,0.498976414826119
23920,0.134399603249178,0.237554528280881,0.333129972923692,0.294915895546249
23921,0.15457413991421,0.111538729742414,0.607311611800763,0.126575518542614
23922,0.168205535193377,0.276588097325032,0.421717376253615,0.133488991227976
23923,0.542096027683255,0.297431390396994,0.0860907298963081,0.0743818520234427
23924,0.20930842967846,0.640667275656596,0.0972098868495238,0.0528144078154199
23925,0.279819444408292,0.27788152317357,0.129110234312256,0.313188798105883
23926,0.388113323311128,0.389606578383571,0.137726794046055,0.0845533042592451
23927,0.185515729257377,0.181451605272443,0.409037535030704,0.223995130439477
23928,0.0935961904277011,0.377230457071577,0.321250104679643,0.207923247821079
23929,0.0670570712292834,0.481379217059169,0.141111281080964,0.310452430630584
23930,0.123052654076584,0.264648220140447,0.209245911719026,0.403053214063942
23931,0.154451644915656,0.666438309078685,0.12057497309255,0.0585350729131084
23932,0.395652669469678,0.344361656624536,0.0695318604865562,0.190453813419231
23933,0.0635104049013393,0.593476463954817,0.22967001504607,0.113343116097774
23934,0.055898134889927,0.66530747214851,0.194864064501548,0.0839303284600156
23935,0.274112455100764,0.168929869024552,0.215377895565374,0.34157978030931
23936,0.478517061949667,0.104863948883014,0.179694636218093,0.236924352949226
23937,0.0982262162856459,0.192860892695069,0.478597788299424,0.230315102719861
23938,0.485391669228754,0.132980756442864,0.0577865800501395,0.323840994278242
23939,0.336593970318697,0.143374423859924,0.355962401114993,0.164069204706387
23940,0.238673319618327,0.0787884692381117,0.174168528585314,0.508369682558247
23941,0.162959934063177,0.203759446070524,0.517171312329757,0.116109307536542
23942,0.554205767977893,0.126888456588845,0.246585286086164,0.0723204893470981
23943,0.146699587683253,0.468724967287981,0.272876644988911,0.111698800039856
23944,0.302893518045078,0.162862959727027,0.45164602575016,0.0825974964777353
23945,0.085874955400168,0.152806115189653,0.610367781524783,0.150951147885396
23946,0.241592365184754,0.574806878809773,0.107993229799235,0.0756075262062374
23947,0.193076508045399,0.392136745701793,0.242056643351904,0.172730102900904
23948,0.241383707305642,0.162313894354848,0.45633449575761,0.1399679025819
23949,0.18603242328902,0.296935195603281,0.108462823796853,0.408569557310846
23950,0.0902534934671866,0.645532137496532,0.203824569753282,0.0603897992829993
23951,0.45634572251157,0.131103173688369,0.259055141994218,0.153495961805843
23952,0.291539987008199,0.234707124751154,0.303923617275175,0.169829270965473
23953,0.619814725162121,0.111707128615838,0.12031326264589,0.148164883576151
23954,0.453609893655824,0.168163560423919,0.272100488533689,0.106126057386567
23955,0.0974102868822437,0.269233430528015,0.188155013613822,0.445201268975919
23956,0.161954998485129,0.301594777517475,0.387983747940774,0.148466476056622
23957,0.0877525153127672,0.473140982383277,0.0775853501718563,0.3615211521321
23958,0.156155374412847,0.592448425114879,0.0760594348327912,0.175336765639483
23959,0.283122935281891,0.219240265367848,0.208394071463647,0.289242727886615
23960,0.191332973424904,0.168940196317312,0.275571888226775,0.364154942031008
23961,0.646503429632698,0.227608617874603,0.0410586583150865,0.0848292941776126
23962,0.0675396347203758,0.412825603121204,0.264686626101536,0.254948136056884
23963,0.213184141447521,0.357579779236308,0.103146668538956,0.326089410777214
23964,0.0834280191439092,0.482026329333619,0.268624138762295,0.165921512760177
23965,0.167780835029837,0.160599238262929,0.489917989524024,0.181701937183209
23966,0.12629986705585,0.0721411288284327,0.456172328386531,0.345386675729186
23967,0.445137705095138,0.112870873085412,0.0968964506657648,0.345094971153685
23968,0.316531242520597,0.207409545782237,0.195327703072485,0.280731508624681
23969,0.453707791836979,0.0845063634859273,0.0981361703678221,0.363649674309271
23970,0.731733708786648,0.100993332558449,0.0805948805715772,0.0866780780833255
23971,0.0991103646526002,0.178595115779186,0.561084599877162,0.161209919691051
23972,0.477870485749423,0.158233884239197,0.22536671846176,0.13852891154962
23973,0.26874172574959,0.343410571633273,0.111243724738036,0.276603977879101
23974,0.0595322115468705,0.107307524204387,0.632926838130024,0.200233426118718
23975,0.19861264001528,0.644876553959866,0.0705575139012929,0.0859532921235611
23976,0.17133336081577,0.338943002888113,0.213768094351065,0.275955541945052
23977,0.0739037467129765,0.211845754367317,0.587275368300739,0.126975130618968
23978,0.0728425635010567,0.0795158824705605,0.133764927494512,0.71387662653387
23979,0.346385720251639,0.18358236054413,0.128747290890348,0.341284628313884
23980,0.101997205673445,0.504937102552276,0.108651555903722,0.284414135870557
23981,0.107329483740821,0.265439287300083,0.469310496422057,0.157920732537039
23982,0.209551383680896,0.0776654779284292,0.53221664276386,0.180566495626815
23983,0.164538840843718,0.294035693049161,0.183720509114702,0.357704956992419
23984,0.262017994488321,0.330424924554639,0.118327025407964,0.289230055549075
23985,0.194242872459087,0.111165683458261,0.153049248565359,0.541542195517293
23986,0.412022308816494,0.285155155131239,0.117106990548615,0.185715545503653
23987,0.206411688607997,0.361020064219008,0.0840555701662999,0.348512677006695
23988,0.266033853354291,0.343340596292172,0.270000570738838,0.120624979614698
23989,0.127499665739887,0.179746518738968,0.432489198734832,0.260264616786313
23990,0.128963499608588,0.417979668569153,0.165189809132226,0.287867022690033
23991,0.0434284230213855,0.163380010057517,0.293597422828989,0.499594144092108
23992,0.0953992207498811,0.484579883881514,0.177894524310847,0.242126371057758
23993,0.123747304919214,0.193899088614642,0.403693709091686,0.278659897374458
23994,0.0909214076219248,0.295588561868357,0.19770134690465,0.415788683605069
23995,0.0280220063151055,0.222524941566041,0.393229782198441,0.356223269920412
23996,0.0937941257421835,0.152361844258631,0.640801692660983,0.113042337338203
23997,0.2562784249431,0.189822803619474,0.265494327294378,0.288404444143048
23998,0.211735768816009,0.193651486208319,0.403959199991324,0.190653544984348
23999,0.335135973074528,0.302702333455543,0.221554619928724,0.140607073541206
24000,0.329523827909628,0.362855449548275,0.146356196802234,0.161264525739864
24001,0.483533956677518,0.339858931487128,0.105484900070111,0.0711222117652433
24002,0.374594661764386,0.357983336769388,0.0820765253437806,0.185345476122446
24003,0.270120324965671,0.481961237872941,0.0587563335727072,0.189162103588681
24004,0.247402673461967,0.151376096887721,0.385767165050012,0.2154540646003
24005,0.150524374423642,0.616831859366206,0.111511330823418,0.121132435386734
24006,0.151034432545323,0.337724864253577,0.397615468866833,0.113625234334266
24007,0.191288058466927,0.385046073345072,0.15969625613063,0.263969612057372
24008,0.0656727006320621,0.703282697176925,0.0861944005178012,0.144850201673212
24009,0.397059130681028,0.0713992023796865,0.250979083556324,0.280562583382961
24010,0.653495996068383,0.129606201768248,0.149259798261841,0.0676380039015278
24011,0.0552236764033113,0.720735164817948,0.100252986311663,0.123788172467078
24012,0.0954953049772429,0.110158038062266,0.563443692810991,0.2309029641495
24013,0.06396904995999,0.125255008512589,0.554538354016047,0.256237587511374
24014,0.127061415267784,0.12950571940713,0.606237718236978,0.137195147088108
24015,0.0449768762893672,0.546592951182194,0.187153269298935,0.221276903229504
24016,0.202348604166807,0.449352763189855,0.0632463818564519,0.285052250786886
24017,0.446304583331567,0.306472961703016,0.170916450285853,0.0763060046795645
24018,0.463895061855419,0.10350867912609,0.0606658366922404,0.371930422326251
24019,0.140615613553595,0.33186841651562,0.311284747188302,0.216231222742483
24020,0.0594335146464257,0.500452649776907,0.201130750526723,0.238983085049944
24021,0.0716571883643137,0.0686643073281081,0.668133343492701,0.191545160814877
24022,0.411551826079559,0.245685660214045,0.0588111776783105,0.283951336028085
24023,0.17059757923645,0.457804769038755,0.150134520832264,0.221463130892531
24024,0.28465814917887,0.514165248137978,0.0470373790648949,0.154139223618258
24025,0.63735648448432,0.0964190415433366,0.142427872950383,0.12379660102196
24026,0.120080619295287,0.682850528181613,0.0698707562599649,0.127198096263135
24027,0.128612530518873,0.0344454769494824,0.288883927773632,0.548058064758013
24028,0.308969711981629,0.424766799265942,0.0130075706497226,0.253255918102706
24029,0.103856662832416,0.0659938195898003,0.165969813094762,0.664179704483022
24030,0.0283421371403489,0.53427130940345,0.219762589651374,0.217623963804827
24031,0.0208887096186687,0.258414719502552,0.242628886290479,0.4780676845883
24032,0.128561089761847,0.09035232194886,0.179600757279228,0.601485831010065
24033,0.777626309871255,0.0456594430597668,0.072008759359512,0.104705487709466
24034,0.191207868700017,0.0990989425796374,0.0319857833758408,0.677707405344505
24035,0.0289873167530208,0.515983135539831,0.0984202088549955,0.356609338852152
24036,0.301377839138165,0.174620677483599,0.435549234055544,0.0884522493226921
24037,0.228879032138608,0.499343135946535,0.1776658159842,0.0941120159306567
24038,0.236586899389571,0.145826110459246,0.407176121472063,0.21041086867912
24039,0.385001162212347,0.365977550869814,0.0774985279547464,0.171522758963093
24040,0.143311872297198,0.185191771866418,0.533417297688714,0.13807905814767
24041,0.248163631392737,0.422327058364303,0.13814139926602,0.191367910976939
24042,0.0662194707694911,0.422466428495141,0.335915213638682,0.175398887096686
24043,0.296463415925457,0.305023382647952,0.156843025543752,0.241670175882839
24044,0.251064398512505,0.372409920413511,0.249488138114145,0.127037542959839
24045,0.396584831832677,0.100567456381338,0.228518696427296,0.27432901535869
24046,0.153831502751369,0.420451044449853,0.340295009705002,0.0854224430937755
24047,0.340437945957924,0.0701970321999894,0.524686009044067,0.0646790127980195
24048,0.134392865094196,0.22943759348734,0.509084419437966,0.127085121980497
24049,0.474078567257693,0.217367131851919,0.17067393693533,0.137880363955058
24050,0.13715852972417,0.0820031844534353,0.24680171279689,0.534036573025505
24051,0.0926222799244972,0.439916320126065,0.092925229535068,0.37453617041437
24052,0.671690812628289,0.0726383214654322,0.17409872737572,0.0815721385305588
24053,0.378403872092417,0.0890662258742572,0.338464214137281,0.194065687896046
24054,0.327432228208142,0.129294636961941,0.114706652787898,0.42856648204202
24055,0.270815844000711,0.332152755789705,0.213920752060204,0.183110648149379
24056,0.304797825213973,0.379339277478815,0.142009862870267,0.173853034436944
24057,0.240865266110558,0.174847322491131,0.281740998745785,0.302546412652525
24058,0.0600617230417004,0.288572690762433,0.391962964761762,0.259402621434104
24059,0.259531359495134,0.464237406971674,0.0632834346980399,0.212947798835152
24060,0.454139181564877,0.148001028623532,0.0795898803867029,0.318269909424888
24061,0.128317137206089,0.361290456361995,0.263447736703116,0.2469446697288
24062,0.334427552700239,0.158449116153742,0.278628613181445,0.228494717964574
24063,0.100206220579282,0.566867725525504,0.256213383588522,0.0767126703066916
24064,0.508114166146962,0.142212174746019,0.176760961649554,0.172912697457466
24065,0.133559102323287,0.194178301515383,0.537156184510952,0.135106411650379
24066,0.327929136138348,0.403473944801425,0.0626394693701794,0.205957449690048
24067,0.23911365385953,0.35552827589056,0.116014009369343,0.289344060880568
24068,0.588039468967779,0.109512760443754,0.165598158150415,0.136849612438052
24069,0.248493443428721,0.0970874872531595,0.123737178599376,0.530681890718743
24070,0.534798813442468,0.230694617126287,0.0998609986808145,0.134645570750431
24071,0.0787494549372597,0.0679009035127719,0.300642764032022,0.552706877517946
24072,0.0545036311611206,0.267350435558533,0.0864930482688943,0.591652885011452
24073,0.345129429908362,0.140287244834217,0.204471917558745,0.310111407698676
24074,0.390293959370991,0.163919972320781,0.144514790478576,0.301271277829652
24075,0.255230450838344,0.101530659331055,0.273413610182659,0.369825279647942
24076,0.0984567805579598,0.416419099715071,0.175658808842908,0.309465310884061
24077,0.412047301229483,0.293177857410421,0.114060760749659,0.180714080610437
24078,0.329439644581166,0.210026309953388,0.109329925233908,0.351204120231538
24079,0.27245942285454,0.249641333686518,0.0419227962716031,0.435976447187339
24080,0.440210804891496,0.109085233365761,0.0631051144817563,0.387598847260987
24081,0.146498689982049,0.184871226692165,0.148851501851964,0.519778581473822
24082,0.189618444586612,0.365478080277764,0.292224228712325,0.152679246423299
24083,0.335529315518636,0.196153265053003,0.0229443765861751,0.445373042842185
24084,0.432681666599789,0.298751568055947,0.0758523668914023,0.192714398452861
24085,0.376291549193914,0.0707845986500578,0.0280669186921922,0.524856933463836
24086,0.2367276497926,0.211085027219323,0.144445554856525,0.407741768131553
24087,0.21096332955408,0.268105561046564,0.125230772995511,0.395700336403845
24088,0.044264300540954,0.0442484610911003,0.586807554842012,0.324679683525933
24089,0.188468154238745,0.459704587298148,0.0389717479912388,0.312855510471868
24090,0.0584710764355749,0.0548451863395295,0.283739337109727,0.602944400115168
24091,0.186091355169313,0.156218546942256,0.439013247164632,0.218676850723799
24092,0.350014098654534,0.0554500071300514,0.079205200966065,0.51533069324935
24093,0.236280199912008,0.345618826372712,0.254018013632781,0.164082960082499
24094,0.157782393691225,0.585648428836705,0.200893192695413,0.0556759847766571
24095,0.315697095936028,0.102520045267494,0.433009459400631,0.148773399395848
24096,0.21585308793848,0.460239347020259,0.143400000967611,0.180507564073651
24097,0.134131159996795,0.25327712234722,0.493461379684841,0.119130337971145
24098,0.507599181185015,0.176839169468605,0.142046604614661,0.173515044731719
24099,0.12738503523129,0.486667877821024,0.172038845522592,0.213908241425093
24100,0.339577894522635,0.437868088344482,0.0671426433533601,0.155411373779523
24101,0.209942063134424,0.334260562697621,0.191292302440754,0.264505071727201
24102,0.331104764727373,0.175380713012612,0.325127596719818,0.168386925540197
24103,0.165310804807994,0.531707248697392,0.15909133018429,0.143890616310324
24104,0.544696695206071,0.0961423491199636,0.152437955547981,0.206723000125985
24105,0.43641189132803,0.130803223763537,0.236058409329935,0.196726475578499
24106,0.0582380936254594,0.662934105656218,0.165623495258153,0.11320430546017
24107,0.236191191354176,0.124914646825061,0.318973567893844,0.319920593926918
24108,0.249798545464723,0.103973451413502,0.427263188526168,0.218964814595608
24109,0.3820774255654,0.270179490804038,0.102880892079204,0.244862191551358
24110,0.292357188030547,0.261744119550623,0.189777541413749,0.256121151005081
24111,0.124848716475444,0.276102449763443,0.0871579631627548,0.511890870598358
24112,0.281578896967675,0.154281812089222,0.176647270641687,0.387492020301416
24113,0.125600218364701,0.528642295831092,0.1982731123566,0.147484373447608
24114,0.176885266421067,0.151464714214104,0.3677219592162,0.303928060148628
24115,0.0553133838362683,0.564147299535825,0.265398854537331,0.115140462090575
24116,0.264382695139163,0.0963952408012933,0.496214768611465,0.143007295448078
24117,0.486266283481572,0.229273652831941,0.0903076709843495,0.194152392702139
24118,0.0899664189598174,0.244804285200975,0.385753406528128,0.27947588931108
24119,0.168368603620514,0.583011605132814,0.064626531353852,0.18399325989282
24120,0.0905584556038201,0.581927274217781,0.117733386754853,0.209780883423546
24121,0.647007555305144,0.106031162451327,0.12512584591098,0.121835436332549
24122,0.0547804540147654,0.210554740916328,0.535592135599115,0.199072669469791
24123,0.162993470713148,0.103921180323374,0.180748973009817,0.552336375953662
24124,0.161338928424702,0.511916918175944,0.102322499602413,0.224421653796941
24125,0.0476659693988654,0.0599358101374283,0.643722553776858,0.248675666686848
24126,0.0662980764352332,0.383646271648404,0.294474236248371,0.255581415667992
24127,0.284298686475186,0.297110031741448,0.159330163360647,0.259261118422719
24128,0.296609634629777,0.0782187621730339,0.0296728870259107,0.595498716171278
24129,0.283402029043796,0.198895065429792,0.1489609950517,0.368741910474712
24130,0.276356189602398,0.227327450266372,0.0239181964594023,0.472398163671829
24131,0.122929776177076,0.335908177013458,0.39357496198421,0.147587084825257
24132,0.210926241281733,0.611509559576339,0.0828337794546055,0.0947304196873227
24133,0.215803550422888,0.284458449763464,0.358198591289848,0.141539408523801
24134,0.398668528486125,0.302223732344639,0.235883966164416,0.0632237730048201
24135,0.190467616802757,0.163302795535499,0.510424374693576,0.135805212968168
24136,0.277692660164037,0.153802065254432,0.443359102455435,0.125146172126096
24137,0.117594852749578,0.761670890770586,0.065600757255363,0.0551334992244739
24138,0.55901316101755,0.160809232428913,0.0912138475425069,0.18896375901103
24139,0.342621294614713,0.167100520701548,0.409662872148372,0.0806153125353675
24140,0.420501417102279,0.259364359419782,0.218707013811733,0.101427209666207
24141,0.127352873920699,0.52102808636907,0.128831306442681,0.222787733267551
24142,0.153957616412535,0.253930812142077,0.382958177743171,0.209153393702218
24143,0.29446774904204,0.374770035444352,0.246667655696182,0.0840945598174263
24144,0.289532326766536,0.316060969399501,0.111855940649122,0.282550763184841
24145,0.0973196726814234,0.414927782818063,0.37550419117456,0.112248353325953
24146,0.0490613161743722,0.222491907976347,0.489680449049368,0.238766326799913
24147,0.214190909268732,0.458127698721155,0.178771436700822,0.14890995530929
24148,0.289154330614607,0.409349998172825,0.106045069296476,0.195450601916092
24149,0.0839996571976475,0.222541206327586,0.569210328685499,0.124248807789268
24150,0.307757974832208,0.292845663863988,0.184504314193409,0.214892047110395
24151,0.181863192714635,0.276012528409916,0.36686236102422,0.17526191785123
24152,0.101335635305129,0.366225021954622,0.320487985959751,0.211951356780499
24153,0.194279229421872,0.252076459763044,0.345385125157368,0.208259185657716
24154,0.181086882036029,0.284428521005399,0.354105083691529,0.180379513267043
24155,0.111890189763404,0.29309281460765,0.355823865560046,0.2391931300689
24156,0.0959721748186685,0.306920246657465,0.312399114381684,0.284708464142183
24157,0.178405203326561,0.277814626848402,0.201012015412061,0.342768154412975
24158,0.55161109634408,0.103306811325129,0.255695218123446,0.0893868742073452
24159,0.167050018244278,0.327381870372582,0.223227249223357,0.282340862159783
24160,0.298501679206921,0.198440189403131,0.15834959918244,0.344708532207509
24161,0.178730407531252,0.412400204947433,0.249689964971634,0.159179422549682
24162,0.398235905032471,0.202553486138488,0.0796209955989344,0.319589613230107
24163,0.193202176616407,0.274384807360308,0.291968005379413,0.240445010643872
24164,0.246989345701551,0.41967569257644,0.232504669926441,0.100830291795569
24165,0.099299002821493,0.244816102819889,0.124711173328975,0.531173721029643
24166,0.0830239625366572,0.184853415712099,0.3644552046705,0.367667417080744
24167,0.0731556818169115,0.389635473334966,0.354057677384558,0.183151167463564
24168,0.480917304506751,0.0674333874535007,0.150372229659744,0.301277078380004
24169,0.302582170100279,0.268602172497344,0.321567317625014,0.107248339777362
24170,0.196458729833809,0.124590980582436,0.621881961416321,0.0570683281674346
24171,0.157219905757911,0.417322527768777,0.364082407500378,0.0613751589729344
24172,0.261039084518309,0.217834304109949,0.352125084128899,0.169001527242843
24173,0.147259549547382,0.430489867120967,0.275109549752855,0.147141033578796
24174,0.0861583051866027,0.658254760581514,0.201736041951031,0.0538508922808519
24175,0.319092877673283,0.304654317283084,0.250249225009847,0.126003580033786
24176,0.198379429385064,0.145012767730788,0.491483733805923,0.165124069078225
24177,0.491165447703342,0.291655499550215,0.12147219452658,0.0957068582198635
24178,0.363024177707371,0.125443050047433,0.208633946962021,0.302898825283175
24179,0.156613432140641,0.4988486480712,0.292030149213824,0.0525077705743351
24180,0.385875448908304,0.105221619772672,0.166242997626556,0.342659933692468
24181,0.0823478176648981,0.434350298327445,0.215214774665594,0.268087109342063
24182,0.166435636496433,0.256689908487924,0.501666998060209,0.0752074569554351
24183,0.450864140813309,0.258240953875295,0.22971889211177,0.0611760131996258
24184,0.192961447245482,0.537148595570978,0.217620789712477,0.0522691674710623
24185,0.130508993848986,0.388063281710451,0.339476479805417,0.141951244635146
24186,0.112634112338991,0.47762954852013,0.164403072717912,0.245333266422967
24187,0.42902147969869,0.20147780226392,0.14546831176733,0.224032406270059
24188,0.157493011012254,0.437561276290866,0.327486827612831,0.0774588850840489
24189,0.109402171681179,0.256412972713228,0.549515512613824,0.0846693429917692
24190,0.144458555457264,0.243705689965759,0.537655898210724,0.0741798563662537
24191,0.158622976500446,0.324077355642043,0.451654366818558,0.065645301038953
24192,0.239549832351718,0.32092360242731,0.339005632483309,0.100520932737663
24193,0.370083153575722,0.189312794125485,0.379215234130178,0.0613888181686159
24194,0.171172753074746,0.609738392982095,0.106028623418624,0.113060230524536
24195,0.444703508129332,0.123760424078197,0.322774907994848,0.108761159797623
24196,0.656507375048236,0.152535621454147,0.144568752651274,0.0463882508463425
24197,0.0849828700774898,0.501605484491811,0.201378716454581,0.212032928976118
24198,0.555428719447104,0.15367937371458,0.22676015791952,0.064131748918796
24199,0.300580089753293,0.415191530506051,0.173814865488565,0.110413514252091
24200,0.529034614537833,0.114935497340859,0.193592504865934,0.162437383255373
24201,0.50535613754643,0.234849901136699,0.214486212546023,0.0453077487708483
24202,0.16166703773875,0.172607954655614,0.594323792137112,0.0714012154685234
24203,0.507004329036141,0.316421592062857,0.113434555068485,0.0631395238325178
24204,0.119722480797431,0.615462647598677,0.178900782660404,0.0859140889434882
24205,0.383907865829487,0.392369961478058,0.134656021694296,0.0890661509981596
24206,0.130209387045693,0.207970461280345,0.598613565657159,0.0632065860168037
24207,0.447658672779825,0.0833381116757256,0.192490943252123,0.276512272292327
24208,0.198334169056365,0.413217980974569,0.109202083901427,0.279245766067639
24209,0.132447628737511,0.258277275050973,0.35174735729473,0.257527738916786
24210,0.169908159183772,0.0941543401992927,0.290664057405993,0.445273443210942
24211,0.0581485757405692,0.11127025261004,0.339228303684843,0.491352867964548
24212,0.343490994141452,0.0542368930617365,0.107909988198579,0.494362124598232
24213,0.0410488932724056,0.169526738953896,0.574584440554988,0.214839927218711
24214,0.157229224075072,0.0439490268898588,0.286985084956154,0.511836664078915
24215,0.10723015127404,0.112433911566773,0.453219207972181,0.327116729187005
24216,0.1144754111336,0.144896339721627,0.29578249485743,0.444845754287343
24217,0.130470289501845,0.398871929668744,0.037441888772922,0.43321589205649
24218,0.0838909434793266,0.0325786831026532,0.378697715301476,0.504832658116544
24219,0.302245667776738,0.0788592565312102,0.260575478126119,0.358319597565933
24220,0.219263695486375,0.209118321301056,0.111126047928775,0.460491935283793
24221,0.267494626080398,0.440169384568938,0.114603812534934,0.17773217681573
24222,0.560958584795884,0.121120213361245,0.13360128106144,0.184319920781431
24223,0.333849971290018,0.0899970157549412,0.0748372183539255,0.501315794601115
24224,0.0907884014343556,0.0722080137391039,0.323166092103798,0.513837492722743
24225,0.219170811975987,0.23737807441144,0.114301120623129,0.429149992989444
24226,0.38884792490724,0.229203441360803,0.254152619810545,0.127796013921412
24227,0.308800027018911,0.372524942646716,0.198392708843516,0.120282321490857
24228,0.309730692835774,0.334637622780527,0.190591587978937,0.165040096404763
24229,0.241692014809347,0.348764403686537,0.302846188538619,0.106697392965498
24230,0.150568804576541,0.50772709776205,0.19659429907487,0.145109798586539
24231,0.308477971204259,0.274034758969698,0.252454225117589,0.165033044708454
24232,0.25975475921412,0.292521191676329,0.282451395975325,0.165272653134226
24233,0.317227164934622,0.348685719983365,0.169910041934298,0.164177073147716
24234,0.426097317790071,0.228314884931884,0.247668796216189,0.0979190010618557
24235,0.3789872860923,0.280179813727563,0.232249953917868,0.108582946262269
24236,0.270986105905173,0.2097642460048,0.430762403560243,0.0884872445297832
24237,0.51531879429508,0.0755648728630931,0.247940194716428,0.161176138125399
24238,0.0767126187988313,0.262385887092015,0.47435775697201,0.186543737137144
24239,0.236195168789888,0.357830647142866,0.263161160142222,0.142813023925024
24240,0.20004406631446,0.400805173313081,0.228103093701872,0.171047666670588
24241,0.0955162794059373,0.244552490864581,0.299571440970956,0.360359788758526
24242,0.237426871204998,0.304674303398436,0.338525790797796,0.11937303459877
24243,0.238818022626937,0.383223957677006,0.212392841948567,0.16556517774749
24244,0.263392965057817,0.236794336053236,0.333640242154294,0.166172456734653
24245,0.262500732933846,0.328345468373968,0.350230975023195,0.0589228236689909
24246,0.167744495726035,0.373715753046153,0.353328353885057,0.105211397342755
24247,0.250950729087119,0.291495924091852,0.372273838657542,0.0852795081634873
24248,0.368108523039632,0.0914804720887186,0.340701734337431,0.199709270534218
24249,0.353633297424481,0.329909853060742,0.214658438705801,0.101798410808976
24250,0.197920468342468,0.354133148288799,0.195320354517984,0.252626028850749
24251,0.206055340108711,0.367061113970085,0.232418390136257,0.194465155784948
24252,0.174987508613237,0.425110597901769,0.1565710741548,0.243330819330193
24253,0.154947641840428,0.307529218775016,0.430808582799823,0.106714556584734
24254,0.12846359820645,0.246555505780432,0.429645664387877,0.19533523162524
24255,0.0979220723587059,0.395670019599002,0.299904367389015,0.206503540653276
24256,0.217935367121857,0.289200556371923,0.17335763302799,0.31950644347823
24257,0.252011647132967,0.287687823842439,0.318747199276038,0.141553329748557
24258,0.271256019459028,0.457018139312325,0.0661645702853096,0.205561270943337
24259,0.163571486264524,0.22616251902891,0.235716984584446,0.37454901012212
24260,0.144341978927687,0.373884310589687,0.307465850855575,0.174307859627051
24261,0.371007644981234,0.113389839530403,0.154428828708255,0.361173686780108
24262,0.350429342386903,0.214886353894433,0.272108656944661,0.162575646774004
24263,0.28880796700624,0.204007738302425,0.247475001765422,0.259709292925912
24264,0.172068615040092,0.569332818533006,0.139685025014159,0.118913541412743
24265,0.434954987485995,0.41672837626324,0.0227685144838529,0.125548121766913
24266,0.0869841227055172,0.0905653436727633,0.467005890231898,0.355444643389821
24267,0.341255615267202,0.426021711886698,0.110137785098767,0.122584887747333
24268,0.375365023780613,0.199328071214007,0.239399555278284,0.185907349727096
24269,0.0817811674488454,0.64460190009668,0.140227119880774,0.133389812573701
24270,0.226566024371852,0.514654188319237,0.122911913640298,0.135867873668613
24271,0.110898091557724,0.457590778149997,0.277903472012583,0.153607658279695
24272,0.0880853859595191,0.519973336320547,0.217143160346649,0.174798117373285
24273,0.512564507043653,0.197370825174898,0.0984088746550766,0.191655793126372
24274,0.22756225233082,0.0201876087049501,0.570376043283017,0.181874095681213
24275,0.0617830487015216,0.209767715153987,0.390798345317659,0.337650890826833
24276,0.782620580836722,0.039256092712297,0.0494220024845279,0.128701323966453
24277,0.125376070926527,0.579786937265584,0.201392441801591,0.0934445500062978
24278,0.208937170620311,0.504807136700783,0.0489484615075012,0.237307231171405
24279,0.481239863897461,0.0845301189789886,0.174592565309321,0.25963745181423
24280,0.0638599262537245,0.0662762044030683,0.712377480635631,0.157486388707576
24281,0.795636189478611,0.0783041090938423,0.00652467272568281,0.119535028701864
24282,0.138564415891133,0.203499238640311,0.134985660942918,0.522950684525638
24283,0.183701610656221,0.410969615174772,0.133928989263017,0.271399784905991
24284,0.131342075413061,0.203657825836635,0.569959961882671,0.0950401368676325
24285,0.0317962663232599,0.541016520046384,0.145221630432444,0.281965583197912
24286,0.127743206149415,0.0876730725778726,0.619543539229625,0.165040182043088
24287,0.193589329841337,0.465871619261744,0.0365010916404109,0.304037959256508
24288,0.0734162655276322,0.634526713604135,0.202837537962946,0.0892194829052862
24289,0.0608399561710445,0.495091155527338,0.303486963364317,0.1405819249373
24290,0.125505436537247,0.330972117122273,0.139486157594382,0.404036288746098
24291,0.306205148112645,0.112476233017077,0.227040481991349,0.35427813687893
24292,0.0828567846272323,0.100312899051015,0.435999921599743,0.380830394722009
24293,0.401988075106531,0.282908723848677,0.24072730322536,0.0743758978194323
24294,0.155002622331603,0.556787525767013,0.0721039276044159,0.216105924296968
24295,0.108042413123247,0.268244807100309,0.257608992767799,0.366103787008646
24296,0.230351857552231,0.297423673503432,0.0620144658973507,0.410210003046987
24297,0.338016675075559,0.139053676635414,0.0910123211445872,0.43191732714444
24298,0.289702461191321,0.382195402230008,0.148209375080748,0.179892761497923
24299,0.221251096540613,0.11313376185395,0.0900621215750087,0.575553020030428
24300,0.211497650056861,0.161088615718141,0.153949685372781,0.473464048852217
24301,0.169864254379754,0.0650067330286734,0.190500201470206,0.574628811121366
24302,0.524074638880475,0.177268246386776,0.204326119395917,0.0943309953368327
24303,0.358497890198397,0.262860374149053,0.0528108306090005,0.325830905043549
24304,0.132348181322035,0.0854453126554988,0.292072489877667,0.4901340161448
24305,0.229006500435107,0.447857902821838,0.108411016248349,0.214724580494706
24306,0.222490049483917,0.0635923937268954,0.165589124933151,0.548328431856037
24307,0.593460930560433,0.188272860751537,0.110757416083755,0.107508792604275
24308,0.303158369036441,0.0607865710975133,0.335758626759347,0.300296433106699
24309,0.0387543804069948,0.27306841393744,0.432687180540966,0.255490025114599
24310,0.170151453452656,0.468995755925695,0.198608899106959,0.16224389151469
24311,0.129747702664652,0.181225744295468,0.26584004428373,0.42318650875615
24312,0.310104845582858,0.105066849663913,0.126803242546524,0.458025062206705
24313,0.397846750514194,0.222684895357215,0.056434632116866,0.323033722011725
24314,0.0381199009615538,0.731660333299198,0.051733387793285,0.178486377945963
24315,0.226577794045944,0.453793608137502,0.186722872305064,0.13290572551149
24316,0.486353077301087,0.109059339597691,0.0707706028766463,0.333816980224576
24317,0.183056682819266,0.504832787949818,0.0750050689049653,0.237105460325951
24318,0.0911693357780015,0.104003777223802,0.586038758367662,0.218788128630535
24319,0.52618242360631,0.155379269279789,0.259891888257851,0.0585464188560508
24320,0.0554971906785273,0.154155216590177,0.190504150637997,0.599843442093299
24321,0.522657208844087,0.145176007213574,0.0631794350388143,0.268987348903525
24322,0.48108707893563,0.18151854541431,0.0875059305738635,0.249888445076196
24323,0.0957832520114012,0.0548568268608612,0.634806212050506,0.214553709077232
24324,0.155812445133331,0.087376678889888,0.380421641781604,0.376389234195177
24325,0.323270525340986,0.152404595879855,0.0537675809804864,0.470557297798672
24326,0.0763126259628097,0.106089916481991,0.403006064704075,0.414591392851125
24327,0.131905886278409,0.288787745986961,0.152313953985163,0.426992413749468
24328,0.0574246283202804,0.0507165181751888,0.537532038570178,0.354326814934353
24329,0.154801888064107,0.523014820625212,0.0367128214190818,0.285470469891599
24330,0.610867637814998,0.0536184391916978,0.154343576199593,0.181170346793711
24331,0.064756715334604,0.092031465215994,0.302124620481874,0.541087198967529
24332,0.484739510367175,0.0975446131872277,0.211093695517763,0.206622180927833
24333,0.427023747439684,0.158659996652105,0.083685779680829,0.330630476227382
24334,0.311869547897731,0.188493126609114,0.111088929827075,0.38854839566608
24335,0.0427322987529551,0.469568527807002,0.0298832349180923,0.457815938521951
24336,0.0820571627365388,0.195938023112502,0.155823719750792,0.566181094400168
24337,0.645444022435187,0.0432779158025725,0.18252765817389,0.128750403588351
24338,0.601513253233345,0.0308583150715562,0.122248341676851,0.245380090018248
24339,0.426460404332708,0.338810325617342,0.0299339303750129,0.204795339674937
24340,0.233374764868008,0.365260766297145,0.0355239800593056,0.365840488775541
24341,0.570172893400868,0.0723516021070421,0.177211612488452,0.180263892003638
24342,0.636801216390843,0.129716796881045,0.0759295428272457,0.157552443900866
24343,0.0655389712139495,0.405833786822998,0.0802872896602902,0.448339952302762
24344,0.0380404686726809,0.108163917857324,0.543034143874018,0.310761469595977
24345,0.0602979095655576,0.0233236323494112,0.546607455264505,0.369771002820526
24346,0.237125797885709,0.0506480902798635,0.455628610756551,0.256597501077876
24347,0.07413393232089,0.534878607059404,0.131685707143736,0.259301753475971
24348,0.751750693580301,0.020811113752768,0.10991209311056,0.11752609955637
24349,0.498572921655673,0.0960277135544637,0.0624208414088958,0.342978523380968
24350,0.0206844034991563,0.219243034004914,0.559914954625222,0.200157607870708
24351,0.524678758605561,0.0615903039845229,0.0435929823703269,0.370137955039589
24352,0.0180434478487313,0.573564502807554,0.0802313355976099,0.328160713746105
24353,0.261291781214708,0.0776647691394342,0.233833410368998,0.42721003927686
24354,0.0359564649053363,0.412961583783922,0.107275340515229,0.443806610795513
24355,0.275909383872228,0.0453590314341685,0.386185259072913,0.29254632562069
24356,0.0424206435222059,0.10409640934226,0.032380524649015,0.821102422486519
24357,0.608673267609511,0.170043675361577,0.0173427746756706,0.203940282353242
24358,0.500303859638822,0.0559501494633514,0.0330718632518364,0.41067412764599
24359,0.164830236597081,0.604198895759425,0.0592119923794149,0.171758875264079
24360,0.0843401004625142,0.350944813826974,0.280598343398436,0.284116742312077
24361,0.219457910817889,0.398471546106138,0.0575014673144582,0.324569075761516
24362,0.536125613274993,0.090664075285785,0.244565502582751,0.128644808856471
24363,0.0563316116103045,0.171090378657898,0.529621400782676,0.242956608949121
24364,0.0701126600887875,0.68272171056683,0.10365911383061,0.143506515513773
24365,0.378738017981529,0.116123367991212,0.160231408412211,0.344907205615048
24366,0.104833907820005,0.391566976669151,0.183599786942777,0.319999328568066
24367,0.152889919482715,0.156543059657286,0.107508417082774,0.583058603777225
24368,0.0713282231396529,0.274235834487341,0.444133340482815,0.210302601890191
24369,0.387966272107608,0.257743345280406,0.16112030495865,0.193170077653336
24370,0.0980475641005695,0.410882761760221,0.3614587090386,0.129610965100609
24371,0.228999018272501,0.128074174477162,0.462740877871869,0.180185929378468
24372,0.0580636225538797,0.0571449194931012,0.477210464290374,0.407580993662645
24373,0.294899384851368,0.383318853542746,0.220806063903555,0.100975697702331
24374,0.313230429409364,0.197340581562141,0.19830899599944,0.291119993029055
24375,0.117946942760532,0.0753771424641663,0.351004171990126,0.455671742785177
24376,0.0950504899297893,0.164036527247912,0.621552094790219,0.11936088803208
24377,0.0952851112544209,0.524550983633334,0.216385631813227,0.163778273299017
24378,0.0383234567437756,0.595451474232066,0.0669831391733371,0.299241929850822
24379,0.0669886808792083,0.545681005949385,0.144570536597706,0.242759776573702
24380,0.0675329597676018,0.462593328225086,0.0663658294486083,0.403507882558704
24381,0.472238227455418,0.127654529245595,0.0681022994480947,0.332004943850892
24382,0.486354021660366,0.107638726005825,0.330989899975201,0.0750173523586085
24383,0.0866368218322297,0.0556294694690148,0.737862676394553,0.119871032304203
24384,0.0972368529882294,0.140759508270075,0.572966729863448,0.189036908878248
24385,0.524147996214794,0.0677576783273247,0.202369868937669,0.205724456520213
24386,0.0403172239637868,0.0713658729636279,0.639609433929675,0.248707469142911
24387,0.572114976752506,0.043670824581495,0.112608752655082,0.271605446010917
24388,0.425498306691148,0.0343614738317447,0.171253206561462,0.368887012915646
24389,0.37376121238755,0.105581177986597,0.224950972040653,0.2957066375852
24390,0.237039660905724,0.0769125579978861,0.593247000550198,0.092800780546192
24391,0.0910427643045993,0.141789251529368,0.045700445334899,0.721467538831134
24392,0.026669660231778,0.251689108315511,0.364295374579569,0.357345856873142
24393,0.0239910752021824,0.0854037441698875,0.762609415623211,0.127995765004719
24394,0.0871820195114045,0.7374791626449,0.0794940972212754,0.0958447206224204
24395,0.228275685017635,0.174639556457471,0.554862156427227,0.0422226020976671
24396,0.529591120902824,0.141323816093453,0.034875721851562,0.294209341152161
24397,0.141307427306748,0.297955088941075,0.358422333320387,0.20231515043179
24398,0.338032826540311,0.222116763045118,0.292650648962931,0.14719976145164
24399,0.0789715246981993,0.399754932564864,0.233182827880043,0.288090714856894
24400,0.0728581994358311,0.234740627452099,0.465613393360291,0.22678777975178
24401,0.291800523131544,0.161542609313687,0.292591138509074,0.254065729045695
24402,0.268725837944695,0.129862135742273,0.481846487666446,0.119565538646587
24403,0.0603477692746456,0.229127290750193,0.531161145933378,0.179363794041783
24404,0.0731671826918364,0.233779394594955,0.514205489101773,0.178847933611436
24405,0.210984926375235,0.246175823656713,0.37398049043408,0.168858759533972
24406,0.396126102899444,0.358826264561169,0.113597363843958,0.131450268695428
24407,0.0713320490533636,0.499475688605585,0.345578069506687,0.0836141928343641
24408,0.219948447132884,0.36802915541288,0.147550640146924,0.264471757307312
24409,0.270231490732235,0.300929005278126,0.0677836501561744,0.361055853833465
24410,0.196857833813942,0.302271139257593,0.17866114851715,0.322209878411316
24411,0.157636685924571,0.45550370405278,0.248624823156502,0.138234786866147
24412,0.42655821346507,0.278323190140977,0.132600358707302,0.162518237686652
24413,0.478687455984183,0.160635826372781,0.252436686989338,0.108240030653697
24414,0.213925809387144,0.580022139276565,0.0992763624335397,0.106775688902752
24415,0.340404175645236,0.140488528871132,0.333266646742058,0.185840648741575
24416,0.554392317725398,0.109836779598724,0.160934390881153,0.174836511794725
24417,0.231589549416122,0.0857801634397802,0.331456500455861,0.351173786688236
24418,0.157953623451336,0.254597405996814,0.0811602048647883,0.506288765687062
24419,0.325218927857448,0.300718008561782,0.200437912580436,0.173625151000334
24420,0.113765601114037,0.403054150393736,0.223299472296972,0.259880776195255
24421,0.296826360999339,0.0912459227856703,0.031025918305027,0.580901797909963
24422,0.447182901122206,0.135208285607591,0.0310549252079083,0.386553888062294
24423,0.0551733625777742,0.518401838612291,0.0405626238132512,0.385862174996683
24424,0.0950559755837426,0.328899541091738,0.235784306975913,0.340260176348606
24425,0.110495358797468,0.0317289271569167,0.109070502827922,0.748705211217693
24426,0.424426968974198,0.168927487292254,0.0325368357277054,0.374108708005843
24427,0.0505821086564762,0.0523795163916238,0.64893666832839,0.24810170662351
24428,0.189439993092337,0.570216601278588,0.0215687255275009,0.218774680101574
24429,0.076223931608563,0.774900011217648,0.0226222524085265,0.126253804765263
24430,0.0796320916071993,0.0488232800979328,0.0425825217620635,0.828962106532805
24431,0.125532274193221,0.542925186962545,0.115274033969926,0.216268504874307
24432,0.0214436440269689,0.414369095585306,0.115233246020877,0.448954014366849
24433,0.0628472610900913,0.0848511541166666,0.121556581237894,0.730745003555348
24434,0.274619875196499,0.170308349925189,0.333621506395959,0.221450268482353
24435,0.393873545098335,0.349591486099838,0.129577479072529,0.126957489729298
24436,0.222964613218948,0.104301191357734,0.290212980792357,0.382521214630961
24437,0.327266664598501,0.216879255703463,0.127060055362042,0.328794024335995
24438,0.592629189387784,0.108917943619241,0.162340424241642,0.136112442751333
24439,0.108593420575066,0.0273915579372165,0.615342835926211,0.248672185561506
24440,0.0277871664041097,0.656835134287763,0.040589604331523,0.274788094976604
24441,0.554485681154024,0.141744426701729,0.027256650058834,0.276513242085413
24442,0.59259771331397,0.174366144113627,0.120674387800181,0.112361754772222
24443,0.380822534317757,0.10093187627516,0.403147059412685,0.115098529994398
24444,0.0532206265861114,0.18976460153592,0.473396315010031,0.283618456867938
24445,0.274170752167893,0.13592117826166,0.123428508136937,0.466479561433511
24446,0.277650754433057,0.0599271757420095,0.0416725363673056,0.620749533457628
24447,0.111298141347272,0.768349242109635,0.0315828714625288,0.0887697450805649
24448,0.134432209851731,0.484248474690867,0.0715004939653581,0.309818821492044
24449,0.359869121134431,0.0237648565875521,0.1555835096255,0.460782512652517
24450,0.0468597436213617,0.0705283444037617,0.21860952626881,0.664002385706067
24451,0.0377290545319408,0.0598765103892779,0.405096313383821,0.49729812169496
24452,0.107039834015133,0.0413075117655177,0.349145230857346,0.502507423362003
24453,0.369690496302004,0.0613315284878716,0.378450201495066,0.190527773715058
24454,0.25708393164602,0.351387640316528,0.0872249997209562,0.304303428316495
24455,0.195925686702312,0.0606353960302704,0.495005752649928,0.24843316461749
24456,0.0933986773250172,0.135517892340633,0.284223506765327,0.486859923569022
24457,0.17323551538754,0.0624770825984689,0.235665465080518,0.528621936933473
24458,0.0604796405864287,0.283973845911249,0.0853046021415234,0.570241911360799
24459,0.137525260770668,0.154613160610534,0.463336677201701,0.244524901417097
24460,0.0272270328374219,0.200351543402896,0.204029282111173,0.56839214164851
24461,0.0404750565585439,0.0780902204930804,0.370158217236111,0.511276505712265
24462,0.11663327608432,0.23434139099437,0.0881838388699954,0.560841494051314
24463,0.309601034583988,0.453926681377445,0.128552263175518,0.107920020863049
24464,0.121631003545806,0.132866039000926,0.242910273458777,0.502592683994491
24465,0.135835122125328,0.567773034304932,0.0855951793902836,0.210796664179456
24466,0.378954994077673,0.329455839193169,0.0462551226803403,0.245334044048817
24467,0.10095838577385,0.324319461795113,0.0218708512950708,0.552851301135967
24468,0.0450854052383495,0.515727030733273,0.154090629898139,0.285096934130238
24469,0.0783077002805269,0.350377762424307,0.0508010293748703,0.520513507920296
24470,0.130645851844606,0.104162683465048,0.0662894338573177,0.698902030833029
24471,0.136469217121842,0.561703095009049,0.0721026405406028,0.229725047328507
24472,0.491360784018147,0.0799170165645379,0.208538465990744,0.220183733426571
24473,0.205851861743883,0.181424828269822,0.289005442400341,0.323717867585954
24474,0.611847284637086,0.252053940763765,0.0391612984633913,0.0969374761357576
24475,0.0690603362866242,0.404019190800962,0.274736929423352,0.252183543489061
24476,0.248999360350952,0.351036257605854,0.101584360376545,0.29838002166665
24477,0.0778948125064428,0.456689858623079,0.277036075532432,0.188379253338045
24478,0.195525988444856,0.159504830415872,0.447406113454778,0.197563067684493
24479,0.138533332934025,0.0725788930251258,0.460320073129483,0.328567700911366
24480,0.462157871493486,0.124605228759674,0.102885063598956,0.310351836147885
24481,0.30821143083284,0.234801203098653,0.204194152438724,0.252793213629784
24482,0.485041541950218,0.0872850724774064,0.0941228362547682,0.333550549317607
24483,0.700385913558719,0.102750765128348,0.0879506389558684,0.108912682357064
24484,0.0984852103488599,0.196326356975136,0.517791117498042,0.187397315177962
24485,0.440890909285494,0.163944943907259,0.240525209321158,0.154638937486089
24486,0.263071346104149,0.346635788152122,0.121847685808621,0.268445179935108
24487,0.0625355489331322,0.11148584834808,0.595726968185817,0.230251634532971
24488,0.220510455913132,0.614618188921758,0.063834697446675,0.101036657718435
24489,0.176819670148248,0.341262750549931,0.211104048406352,0.270813530895469
24490,0.077483399007793,0.245595882541935,0.537890208513484,0.139030509936788
24491,0.0805686657401395,0.0763759212942511,0.141882551669918,0.701172861295691
24492,0.286293784393768,0.0749350111981124,0.441806127539393,0.196965076868727
24493,0.094115742981554,0.244337142682395,0.53007069618129,0.131476418154762
24494,0.0503430182249811,0.46794533770725,0.271037082508416,0.210674561559353
24495,0.155135800276599,0.479754280451649,0.0794358314395361,0.285674087832216
24496,0.130571154647114,0.212848264375998,0.318956456418987,0.337624124557901
24497,0.182804906074092,0.0922646097487688,0.521456745871549,0.20347373830559
24498,0.284359120893645,0.255217519961076,0.355388293816689,0.10503506532859
24499,0.389685687854829,0.102050982637312,0.23326079994191,0.27500252956595
24500,0.0800370306628146,0.565677650774832,0.0968110017265483,0.257474316835805
24501,0.241643267147133,0.269767386738369,0.0864839994454869,0.40210534666901
24502,0.375410733094962,0.131668383676906,0.13441103651652,0.358509846711611
24503,0.0691119951613497,0.0876388621031181,0.201413520858902,0.64183562187663
24504,0.0586638215618536,0.548514943740016,0.0492039196948842,0.343617315003246
24505,0.11257910461105,0.292018703429616,0.15276426926777,0.442637922691564
24506,0.129168299767574,0.0561171370000646,0.490585066689497,0.324129496542865
24507,0.0706535686208156,0.177795549095818,0.168001707466049,0.583549174817318
24508,0.376743180741225,0.128367787905,0.273459742405661,0.221429288948115
24509,0.146116731870426,0.0491705153578524,0.35583985582581,0.448872896945912
24510,0.0675455891788652,0.147693474961218,0.516280416743153,0.268480519116764
24511,0.258832493534564,0.538392431108985,0.101232190778784,0.101542884577667
24512,0.365294277202103,0.0738616344418014,0.283053226034485,0.277790862321611
24513,0.589140594368226,0.0970327351252477,0.131264407129728,0.182562263376799
24514,0.319767714255625,0.390453276057631,0.0852643695775601,0.204514640109184
24515,0.136740818845664,0.244460630024861,0.340248840563923,0.278549710565552
24516,0.443342709682809,0.0967381072758743,0.133605973856328,0.326313209184989
24517,0.466560088812647,0.287296540091631,0.137490885185942,0.10865248590978
24518,0.0520162360709962,0.138024059842422,0.1187910973336,0.691168606752982
24519,0.0743789097126817,0.166791804694454,0.675861236275841,0.0829680493170233
24520,0.020441587386508,0.315213863419461,0.343529021119193,0.320815528074838
24521,0.0797431397526633,0.435380046023813,0.0396445866988165,0.445232227524707
24522,0.0247650326326831,0.121771888783004,0.676305338505055,0.177157740079258
24523,0.0576108053899298,0.256352212372848,0.390787144875025,0.295249837362198
24524,0.0959430587833993,0.107266075887602,0.563546812801033,0.233244052527966
24525,0.110423570652173,0.142963639262851,0.0780914211827729,0.668521368902203
24526,0.585117114387321,0.105652636016077,0.204429028634034,0.104801220962569
24527,0.107050058004925,0.0283537311009794,0.492543476745771,0.372052734148324
24528,0.709976664187255,0.176045522295886,0.02731001309505,0.0866678004218085
24529,0.117632268580495,0.0585899642999596,0.187059737653478,0.636718029466068
24530,0.329197305156478,0.233167534622195,0.208252812662552,0.229382347558775
24531,0.131144809727045,0.45054889757608,0.256826286699523,0.161480005997352
24532,0.164121960264064,0.288362590145248,0.393666717486319,0.153848732104368
24533,0.286577613136851,0.262531940231391,0.0798445106235861,0.371045936008172
24534,0.0888642602477103,0.498845657857496,0.0943380064387691,0.317952075456025
24535,0.626349652912801,0.0581761107669669,0.078486847231038,0.236987389089195
24536,0.151361333814222,0.199538221939346,0.327893813333189,0.321206630913244
24537,0.353086920476597,0.169423134562797,0.0697999950386682,0.407689949921938
24538,0.206620683784771,0.528000141042064,0.0653450005630777,0.200034174610088
24539,0.352594713840562,0.165344271487448,0.144671274924482,0.337389739747507
24540,0.420285793466359,0.08227330190117,0.273330869705454,0.224110034927017
24541,0.445627985986894,0.103596070769021,0.211022699610064,0.239753243634021
24542,0.12775683099545,0.482338047658568,0.0717591446123322,0.318145976733649
24543,0.0281246357844911,0.140840488974528,0.744742142588082,0.0862927326528988
24544,0.122640085362391,0.517586892021036,0.184020249453332,0.175752773163241
24545,0.261888225624304,0.0831101328254536,0.461597136032101,0.193404505518141
24546,0.0580637920642388,0.543220334088908,0.145966674929727,0.252749198917126
24547,0.269333594354276,0.34700457206722,0.0314017386358858,0.352260094942618
24548,0.043526453668171,0.306975850304925,0.348992821334601,0.300504874692304
24549,0.572906709279185,0.206995683539404,0.114294248611647,0.105803358569764
24550,0.169124256082943,0.459858659024679,0.295086858146226,0.075930226746152
24551,0.0677800848278993,0.413730451846355,0.1789470033383,0.339542459987445
24552,0.0645273734879626,0.479647849805871,0.100408898862581,0.355415877843586
24553,0.448843003330446,0.163870532713347,0.134515769729289,0.252770694226919
24554,0.292609122751218,0.108236151462834,0.296501210188893,0.302653515597054
24555,0.0945584998542393,0.666125157429098,0.0900942650467445,0.149222077669918
24556,0.501669363295703,0.215653713760262,0.0433007422824151,0.23937618066162
24557,0.119072574163357,0.268893688919909,0.303690926988718,0.308342809928015
24558,0.101662449171618,0.581283029247293,0.0487854887417664,0.268269032839323
24559,0.0533327214787206,0.732148227095642,0.108684690266382,0.105834361159255
24560,0.061630300334667,0.338192103213282,0.123525311612019,0.476652284840032
24561,0.184901147806049,0.152467687774535,0.129721621639687,0.53290954277973
24562,0.456931884734957,0.226293539308644,0.142236376353173,0.174538199603226
24563,0.026468587426984,0.53037116086773,0.104322664081845,0.338837587623441
24564,0.0665587259885267,0.372424657438261,0.0602869984691312,0.500729618104081
24565,0.0547266773053155,0.328720198714959,0.265257802674425,0.351295321305301
24566,0.103467522681127,0.713703551911305,0.0544615710386957,0.128367354368872
24567,0.11914293932877,0.247299768357749,0.468796544429676,0.164760747883805
24568,0.380231429851535,0.320740600465012,0.0765283972421353,0.222499572441318
24569,0.217626030280386,0.120246272555759,0.255730493525034,0.406397203638821
24570,0.0423818974431032,0.496360084823018,0.117917076532478,0.343340941201401
24571,0.0492912647563584,0.248249471244145,0.346379035036191,0.356080228963306
24572,0.206952745003918,0.108323485423045,0.30097816089406,0.383745608678977
24573,0.126992917234787,0.145775174106952,0.516159133952052,0.211072774706209
24574,0.0518880722522356,0.253756859763641,0.450675714024066,0.243679353960058
24575,0.16870914052867,0.0812340838488872,0.132065955434297,0.617990820188146
24576,0.0349155425833542,0.156983155666049,0.594823557265324,0.213277744485273
24577,0.0620755857606722,0.169842077376896,0.347340201094038,0.420742135768394
24578,0.199526276233832,0.104764945294843,0.250385497949136,0.445323280522189
24579,0.397648132903145,0.378986867869297,0.0649465094136039,0.158418489813954
24580,0.10183433977785,0.0610552857004601,0.428154388654202,0.408955985867488
24581,0.173312858747831,0.0287414166886247,0.629277023772164,0.16866870079138
24582,0.0495893941917503,0.112214987473578,0.692551909569338,0.145643708765334
24583,0.0167055394396823,0.105927163008422,0.532835677341264,0.344531620210632
24584,0.0285744969559039,0.0417497703419596,0.826670870591514,0.103004862110623
24585,0.0593503632840543,0.154116342173757,0.0162744197288561,0.770258874813333
24586,0.036950016634593,0.0842142306179565,0.34657761340835,0.5322581393391
24587,0.385939005068671,0.24203775820433,0.244757924149871,0.127265312577128
24588,0.203729974540654,0.427847462032877,0.20758720824382,0.160835355182649
24589,0.149116134451456,0.451732065565111,0.2643149748405,0.134836825142933
24590,0.380794321457726,0.217026080986451,0.323972583288022,0.0782070142678017
24591,0.280312846615733,0.177702359740737,0.398616372100731,0.1433684215428
24592,0.305139861768907,0.338857897049626,0.161694669476646,0.194307571704821
24593,0.335097865216245,0.272877895177029,0.227966318594238,0.164057921012489
24594,0.242899487310633,0.328622796833764,0.171176710495786,0.257301005359818
24595,0.337347427509803,0.322566087841118,0.264767135022983,0.0753193496260974
24596,0.484860708252516,0.175436797607654,0.10290429264421,0.236798201495621
24597,0.3183130072307,0.320870949081144,0.257066368328039,0.103749675360116
24598,0.423232115433665,0.151136565969972,0.12707098490844,0.298560333687923
24599,0.343622731920447,0.319693385594066,0.124302163819566,0.212381718665922
24600,0.333883568882696,0.288166984068328,0.175196107279109,0.202753339769867
24601,0.196818817344213,0.163230589832765,0.478113373355179,0.161837219467842
24602,0.175070543594171,0.527778511795099,0.156597268799139,0.140553675811591
24603,0.188378474645708,0.186245520999137,0.280130560488464,0.345245443866691
24604,0.295437280227896,0.218040937704481,0.363420963851572,0.123100818216051
24605,0.4053427061003,0.157103973220175,0.178726468580095,0.258826852099429
24606,0.0753431641437283,0.461423962482257,0.333309124774777,0.129923748599238
24607,0.370844998734712,0.190503946801262,0.305119317538551,0.133531736925476
24608,0.179204610345502,0.407361267777813,0.0975226694167594,0.315911452459926
24609,0.4620130411742,0.237250147376041,0.133280866144466,0.167455945305292
24610,0.0932959244251655,0.237917954948553,0.182716364057457,0.486069756568825
24611,0.147331922924827,0.254997527275701,0.19004025615579,0.407630293643682
24612,0.114498563968957,0.564876063539772,0.138261815994212,0.182363556497059
24613,0.116506764664219,0.189115341094679,0.554611055109605,0.139766839131497
24614,0.111903336380827,0.141596825857928,0.577208099620166,0.169291738141078
24615,0.385814386481946,0.231684368367299,0.0534299366916133,0.329071308459142
24616,0.225833805169659,0.141677585013691,0.334338376195186,0.298150233621464
24617,0.31998346823791,0.1454040210501,0.395173154961125,0.139439355750865
24618,0.26433731827707,0.11550561933172,0.492204872962441,0.127952189428769
24619,0.128488245039314,0.406524030355681,0.310543287585118,0.154444437019887
24620,0.214908995166105,0.197029384036588,0.0921374587342,0.495924162063108
24621,0.135575098299023,0.157201317082841,0.293576056500316,0.41364752811782
24622,0.0545799473382895,0.283762232129995,0.271093871150879,0.390563949380837
24623,0.184790337516795,0.0803371405433463,0.300666741140443,0.434205780799415
24624,0.181929138738098,0.229095977012131,0.377911617514949,0.211063266734822
24625,0.352720625779065,0.0946423799443701,0.280502755381977,0.272134238894588
24626,0.336746154355001,0.224278056778833,0.166985155963248,0.271990632902918
24627,0.172149655558282,0.21852364675972,0.114274526760828,0.495052170921171
24628,0.575105697155269,0.137432169124567,0.0817898638145168,0.205672269905647
24629,0.0942289858281878,0.518723544211417,0.115729224494604,0.271318245465791
24630,0.203368839506281,0.147563797833331,0.216707151837115,0.432360210823272
24631,0.21037970122384,0.223526761405992,0.127205261268057,0.438888276102111
24632,0.189992038505707,0.162952724471271,0.256884010228203,0.39017122679482
24633,0.237821574821194,0.0506250475073101,0.43227543229596,0.279277945375536
24634,0.232490479270583,0.0288600789308552,0.467695016532273,0.270954425266289
24635,0.352982972202275,0.110088903286085,0.122799118595359,0.414129005916282
24636,0.2470797155107,0.333202887839189,0.134670468056381,0.28504692859373
24637,0.208780736536323,0.119204941869524,0.470296391116578,0.201717930477575
24638,0.124350529272055,0.459129151165561,0.0793825098693775,0.337137809693007
24639,0.339514971615552,0.190477701673572,0.110812840598204,0.359194486112672
24640,0.610195990711687,0.138356867442232,0.104552670111302,0.146894471734779
24641,0.101613252574095,0.674637984645778,0.0363092575532568,0.18743950522687
24642,0.176038016792948,0.0843796186905737,0.341153057928446,0.398429306588032
24643,0.0504071763252558,0.0479294269153553,0.368099105127385,0.533564291632004
24644,0.0625987725156125,0.386335207769999,0.179001607207306,0.372064412507083
24645,0.120407758570037,0.589551281091738,0.0189874766728429,0.271053483665382
24646,0.205076010914835,0.215800254273059,0.212621603116059,0.366502131696046
24647,0.412110378130738,0.355798383041188,0.133193042370738,0.0988981964573352
24648,0.118935827633372,0.0557154365446612,0.433204212296709,0.392144523525257
24649,0.131791397439594,0.148399701625795,0.450531816141183,0.269277084793428
24650,0.0267817859428123,0.854155160575692,0.0141882824252813,0.104874771056215
24651,0.493795087923464,0.0590267548310094,0.025221509405472,0.421956647840055
24652,0.253318707593711,0.0452464693033183,0.528141680803985,0.173293142298986
24653,0.467039163438147,0.163539709363163,0.107490499364365,0.261930627834325
24654,0.0455752791751275,0.420340499322471,0.0370343897370034,0.497049831765398
24655,0.0600984819743289,0.147498752033272,0.341607707175896,0.450795058816503
24656,0.195391530647746,0.254079302981914,0.352867943935736,0.197661222434604
24657,0.170280679578097,0.139904762039352,0.0552034575054652,0.634611100877086
24658,0.0591031141263285,0.45096818050587,0.233404229353195,0.256524476014607
24659,0.0159116497342878,0.0939448011157315,0.383809157077249,0.506334392072731
24660,0.0978003040284763,0.33824527185845,0.203583182341181,0.360371241771892
24661,0.113745985573405,0.513609946519789,0.045013661584823,0.327630406321984
24662,0.0204068942199163,0.11689403776187,0.569125407628444,0.29357366038977
24663,0.184894331909447,0.267327712650515,0.451757587773516,0.0960203676665222
24664,0.147131406997527,0.278707061395213,0.395880706047026,0.178280825560235
24665,0.313235509028225,0.15659549161491,0.405695185054005,0.124473814302861
24666,0.144191608717514,0.532982767473329,0.113556741755418,0.209268882053738
24667,0.0893306301550588,0.438251618423238,0.300939739348361,0.171478012073342
24668,0.105939990655702,0.103912802618135,0.737744654628754,0.0524025520974089
24669,0.162460805221735,0.288155410800082,0.318314067969453,0.23106971600873
24670,0.464763254415973,0.0906920194373421,0.300905405259246,0.143639320887439
24671,0.0768139542925818,0.388073555869858,0.47026499112695,0.0648474987106104
24672,0.174951515768851,0.458637580124067,0.293940894092909,0.0724700100141737
24673,0.179941257657924,0.0907168992867348,0.632564760295559,0.0967770827597825
24674,0.143159801784693,0.631015450274759,0.0856289459656928,0.140195801974855
24675,0.15198074912116,0.137199458302242,0.600388415954055,0.110431376622543
24676,0.165766765027085,0.532826781063068,0.178500137615656,0.122906316294192
24677,0.0644235902594291,0.177030465015433,0.354950210715896,0.403595734009242
24678,0.235499720182307,0.297704836321498,0.143657419482424,0.323138024013771
24679,0.240814063449082,0.407647455316794,0.126071034989199,0.225467446244925
24680,0.0781837276353702,0.44156602220146,0.228793187707749,0.251457062455421
24681,0.346534694219767,0.257419763611116,0.0638991933215979,0.332146348847519
24682,0.413460814993869,0.469165738034247,0.0676619656661368,0.0497114813057469
24683,0.0997709614902467,0.267828766635947,0.475944743886751,0.156455527987055
24684,0.119668065672319,0.18855266591027,0.531018587636542,0.16076068078087
24685,0.552452413800123,0.163386345732608,0.15315541351838,0.131005826948889
24686,0.438444460720345,0.139963775654011,0.0913604153471831,0.330231348278461
24687,0.215468685544524,0.34785719898945,0.195130115704615,0.241543999761411
24688,0.164128337732135,0.369469232019253,0.171962267370338,0.294440162878274
24689,0.208115955843463,0.256657758748468,0.465926508021927,0.0692997773861413
24690,0.646701621216589,0.0955389659662571,0.159094279326229,0.0986651334909245
24691,0.413026926170575,0.337566029209455,0.0914602115025821,0.157946833117388
24692,0.665097203011691,0.181025230114931,0.0709765783232956,0.0829009885500819
24693,0.209965294088097,0.163833920027553,0.463721553002692,0.162479232881657
24694,0.226414902545826,0.275248709366176,0.334679714623546,0.163656673464452
24695,0.149722630117898,0.709957225302803,0.0629969688527916,0.0773231757265074
24696,0.19633121346628,0.304396635912422,0.154924770237234,0.344347380384064
24697,0.116086769521405,0.163946883454304,0.287775638430118,0.432190708594173
24698,0.265717587464718,0.507893834564847,0.160619028502079,0.0657695494683556
24699,0.150124348815891,0.129208910837807,0.658495154457483,0.0621715858888185
24700,0.0911777425665421,0.445796355742309,0.134441369170583,0.328584532520567
24701,0.145945986778261,0.142487623519127,0.607928886105825,0.103637503596787
24702,0.152022121022235,0.460813323445601,0.298678953245529,0.0884856022866344
24703,0.320058606499184,0.31521650182536,0.260759247226544,0.103965644448913
24704,0.12995837531601,0.41657074688824,0.3507385870632,0.10273229073255
24705,0.335201073091684,0.391224884522416,0.168297829395364,0.105276212990536
24706,0.141827405324576,0.410762324173672,0.342396569403003,0.10501370109875
24707,0.272280949657409,0.199196853907465,0.313642392434038,0.214879804001088
24708,0.557656403690998,0.0822476960174595,0.235211492982852,0.124884407308691
24709,0.129421295115196,0.293052650441141,0.465355270424566,0.112170784019097
24710,0.291264081588518,0.347098037224443,0.234737747839468,0.126900133347571
24711,0.287221288752525,0.251154067224401,0.32777353595351,0.133851108069564
24712,0.345848912138222,0.348801364609951,0.176708441955714,0.128641281296113
24713,0.133493520879587,0.493872532795555,0.219917637228,0.152716309096858
24714,0.32168388693968,0.332390561917064,0.179790606250878,0.166134944892378
24715,0.151748180523564,0.460168539602221,0.163031499794439,0.225051780079777
24716,0.39435249959758,0.345618476230678,0.109944344315387,0.150084679856355
24717,0.258481229812226,0.452619298609234,0.185361210244794,0.103538261333746
24718,0.196449675556222,0.562932500263383,0.106249516443691,0.134368307736704
24719,0.247582028803311,0.202905811894481,0.212568498845563,0.336943660456645
24720,0.254540120079271,0.445346873524257,0.143304379581594,0.156808626814879
24721,0.24500326963715,0.419082619263268,0.170798247734427,0.165115863365155
24722,0.168429446771232,0.525543688443029,0.188788428524219,0.11723843626152
24723,0.400541407071551,0.231403547165283,0.225643868094812,0.142411177668354
24724,0.36395534998395,0.248646571875134,0.237658418618889,0.149739659522027
24725,0.48069517853105,0.270277053612559,0.0796156411133443,0.169412126743047
24726,0.238162220078989,0.383439421871047,0.231645014138571,0.146753343911393
24727,0.112159645442108,0.113669624506016,0.423218192788369,0.350952537263507
24728,0.396688057922591,0.246506103270422,0.189753528155796,0.167052310651191
24729,0.269295000211051,0.176927911171507,0.32317872903905,0.230598359578392
24730,0.154487380908674,0.188281608046018,0.33648985759953,0.320741153445778
24731,0.132558361041657,0.557195332518685,0.156290177321607,0.153956129118052
24732,0.271763952287868,0.168864250079446,0.351046391730384,0.208325405902301
24733,0.0685147353552042,0.244907450439885,0.183309207263521,0.50326860694139
24734,0.164465587816654,0.334689511224378,0.0894616940347549,0.411383206924213
24735,0.0690074732130211,0.129805305173784,0.451112264218328,0.350074957394867
24736,0.147076385717476,0.548302223491513,0.118811520821519,0.185809869969492
24737,0.484256343180961,0.129338386331726,0.170181439700577,0.216223830786736
24738,0.0621641119783413,0.574330394368084,0.0864109021584896,0.277094591495085
24739,0.353856264667469,0.068002968070523,0.229737400780387,0.348403366481621
24740,0.273762737326306,0.355527276163658,0.142623727965309,0.228086258544727
24741,0.118984498136391,0.249093837124295,0.533583873541242,0.0983377911980724
24742,0.250688019716986,0.336148322043741,0.0963852900491506,0.316778368190123
24743,0.149252256718608,0.373413428334204,0.111843369554866,0.365490945392322
24744,0.375741626300742,0.072794334125244,0.237977856097573,0.313486183476441
24745,0.169700010461813,0.126030813790968,0.239732971987363,0.464536203759857
24746,0.159641624436727,0.290742843811933,0.0653230852108552,0.484292446540485
24747,0.0562522117590522,0.310155461161579,0.251480192441698,0.382112134637671
24748,0.031546277129363,0.0619744967234377,0.501412930981627,0.405066295165572
24749,0.113561468811963,0.29459714010045,0.250713895478464,0.341127495609124
24750,0.248129349790532,0.167316923861645,0.260522825320658,0.324030901027165
24751,0.49227461771741,0.0711545805523703,0.0598854420863952,0.376685359643825
24752,0.090738140862371,0.392221668605396,0.057604708853475,0.459435481678759
24753,0.159988277806722,0.0351760465413336,0.49151711548926,0.313318560162685
24754,0.232995419905566,0.224733230386249,0.133846675997999,0.408424673710187
24755,0.0534567314950312,0.269210020881318,0.283439458174153,0.393893789449498
24756,0.113226454643013,0.304780499957142,0.182907357809128,0.399085687590717
24757,0.15357284457696,0.075618361342165,0.142335146218864,0.628473647862011
24758,0.156590208655859,0.0823004538909756,0.448214181977062,0.312895155476104
24759,0.130035843439123,0.266320311222765,0.273874153114176,0.329769692223937
24760,0.272057971648993,0.329724795220345,0.138067892691766,0.260149340438896
24761,0.296695973639267,0.100809380529805,0.376794997801174,0.225699648029754
24762,0.137054067600354,0.339145543405582,0.0792508386637243,0.44454955033034
24763,0.115439847044589,0.629635132938697,0.0798267763568279,0.175098243659886
24764,0.53476959423182,0.0961396586309266,0.0750173394809403,0.294073407656313
24765,0.238522333026451,0.254020093815069,0.310608806696744,0.196848766461736
24766,0.0349141983428063,0.3743372222238,0.244969489141147,0.345779090292246
24767,0.115716646386443,0.119273652560901,0.111710641151941,0.653299059900715
24768,0.136965149884765,0.434391156521026,0.119742935281231,0.308900758312978
24769,0.17039308221042,0.147846167616634,0.599323274049648,0.0824374761232976
24770,0.124370109539341,0.164414719632779,0.0597222369577158,0.651492933870164
24771,0.120332137621914,0.0796363017689677,0.443230535807381,0.356801024801738
24772,0.164561626719499,0.327428081981728,0.0716804877291792,0.436329803569594
24773,0.0817782850042655,0.379111414710453,0.420745529402204,0.118364770883078
24774,0.315126237715197,0.177371883436395,0.110911092150347,0.396590786698061
24775,0.137840361404254,0.53341622352259,0.0567351867519709,0.272008228321186
24776,0.651102330384682,0.0505677220555268,0.13539727557748,0.162932671982312
24777,0.238305185648291,0.341175428603119,0.221006140248144,0.199513245500447
24778,0.347566982220925,0.221397567878564,0.151829764739507,0.279205685161004
24779,0.0627412220065467,0.310349653073783,0.239581303379937,0.387327821539734
24780,0.505898447279562,0.175626043278176,0.204009886859785,0.114465622582476
24781,0.058590778169008,0.123276475494052,0.706152426605008,0.111980319731933
24782,0.499828325042282,0.0699929132979291,0.0911656789774774,0.339013082682312
24783,0.0397257760410932,0.230364477841483,0.427835434516333,0.302074311601091
24784,0.243874090264188,0.0960468715372436,0.188018633986646,0.472060404211923
24785,0.0749600687286984,0.232693750091871,0.167574095260962,0.524772085918468
24786,0.12312841595467,0.155931942705298,0.380747330947085,0.340192310392947
24787,0.230608725991615,0.206020942785001,0.205338514741692,0.358031816481692
24788,0.107378781425651,0.207994077934293,0.327830150849314,0.356796989790741
24789,0.34350018234934,0.238687831251305,0.104244560838968,0.313567425560386
24790,0.106297341649983,0.12513891882664,0.352628734744195,0.415935004779182
24791,0.207461880302715,0.0905552998866869,0.332551844251943,0.369430975558655
24792,0.223696083847192,0.125571628389424,0.199011079471585,0.451721208291799
24793,0.111085531895896,0.0616217146962283,0.48803438742394,0.339258365983936
24794,0.0802765160654878,0.603914468144123,0.0787490083325819,0.237060007457808
24795,0.187545651306194,0.138250309928901,0.0671827810896135,0.607021257675292
24796,0.488758351380693,0.342926061725629,0.102151053960529,0.0661645329331489
24797,0.175717471273947,0.506370370512134,0.195492456332169,0.12241970188175
24798,0.0449837305760718,0.10857850820111,0.653992260128128,0.19244550109469
24799,0.291159359052945,0.148942867341686,0.29298919922402,0.26690857438135
24800,0.0571124445659946,0.174520234794836,0.572066056350796,0.196301264288373
24801,0.529109285603627,0.179793409714426,0.212763386004577,0.078333918677371
24802,0.302516357039511,0.278758310992954,0.170006239019528,0.248719092948008
24803,0.0799524019382718,0.171287782123063,0.609426193434737,0.139333622503928
24804,0.540832567099322,0.142387063718935,0.168506154519072,0.148274214662671
24805,0.253780785222975,0.26884781094905,0.0705758585082493,0.406795545319726
24806,0.166270456140645,0.479958851692681,0.0654017442745884,0.288368947892086
24807,0.483423455555705,0.376437515441701,0.0438220406162146,0.09631698838638
24808,0.440321208457028,0.117594941380063,0.238163306011474,0.203920544151436
24809,0.652723171459621,0.0446473681667934,0.0943800060761152,0.20824945429747
24810,0.144806909611938,0.316321570868574,0.185525402992486,0.353346116527003
24811,0.149601114561363,0.056810519091758,0.667824323500874,0.125764042846005
24812,0.07955723135297,0.0865631748727905,0.724227086205235,0.109652507569005
24813,0.255360735651858,0.0595463066239722,0.409376298010596,0.275716659713574
24814,0.229509993423494,0.431157058546663,0.0293990227800824,0.309933925249761
24815,0.371589842377301,0.238224010066564,0.254750349345279,0.135435798210856
24816,0.24264497602224,0.177408456646757,0.366961627994576,0.212984939336428
24817,0.24851434698068,0.346566682941824,0.166099173078667,0.238819796998829
24818,0.2989719998809,0.324433547867522,0.229089833724923,0.147504618526655
24819,0.207532213322264,0.287706601014791,0.317208092917556,0.187553092745389
24820,0.476269141723542,0.165231436188993,0.0717183070592563,0.286781115028209
24821,0.403170824854435,0.218282517547298,0.115306698326292,0.263239959271975
24822,0.123274539180441,0.514222840507488,0.105549163251455,0.256953457060615
24823,0.161527958084718,0.371497728839467,0.233440293679563,0.233534019396252
24824,0.203009267833754,0.0877951766529065,0.295286032271182,0.413909523242157
24825,0.407389935300236,0.214302767128284,0.10990782338643,0.26839947418505
24826,0.111031207096752,0.109086066022262,0.580792210206671,0.199090516674316
24827,0.229977042271951,0.480813867760864,0.0988427825246727,0.190366307442512
24828,0.153428211507936,0.647519820288179,0.0817930318029178,0.117258936400967
24829,0.185141964123634,0.149182182214651,0.121225033068458,0.544450820593257
24830,0.145427516961312,0.443899581476596,0.212301898643178,0.198371002918914
24831,0.0760188620969649,0.444629394133749,0.178527734736495,0.300824009032791
24832,0.147441996221826,0.204622269392781,0.238234210473829,0.409701523911564
24833,0.294131085058896,0.200636851978548,0.29642832721018,0.208803735752376
24834,0.132945612034028,0.0791563283611339,0.219100930497594,0.568797129107244
24835,0.177678488479302,0.220057696941955,0.18296195033823,0.419301864240512
24836,0.104311667598905,0.173520484497922,0.227844650162323,0.49432319774085
24837,0.556589706522075,0.0248792190559678,0.0736623779294957,0.344868696492461
24838,0.076425002438292,0.272851117311551,0.0863909253844371,0.56433295486572
24839,0.465166259663567,0.161041794760298,0.134717238274826,0.239074707301309
24840,0.416028090894738,0.185834801730576,0.199727708347646,0.198409399027041
24841,0.0479190715209131,0.615401076832426,0.181983680158282,0.154696171488379
24842,0.108677023794856,0.218013728281041,0.10393334560677,0.569375902317333
24843,0.181264561576249,0.0543204892762324,0.351262407582485,0.413152541565034
24844,0.654748463993683,0.0917688156270526,0.143005130264069,0.110477590115196
24845,0.504703170168513,0.0416976451059206,0.030492570828618,0.423106613896949
24846,0.196482557242782,0.556322778317349,0.0203222070804575,0.226872457359411
24847,0.10201605577353,0.0754083482939276,0.420979565291337,0.401596030641205
24848,0.0761461374288436,0.156438281367814,0.113846797049737,0.653568784153606
24849,0.322631222715765,0.0803719087687825,0.0823593821041403,0.514637486411312
24850,0.0944877725804396,0.4403217124182,0.0347689580606632,0.430421556940698
24851,0.188582204813017,0.0602130542924705,0.169151950443186,0.582052790451326
24852,0.456289884602395,0.0563033516609182,0.0304662257718862,0.456940537964801
24853,0.334572384072927,0.117877979697365,0.284895853549838,0.26265378267987
24854,0.400552184181542,0.107781583686556,0.242178988827727,0.249487243304174
24855,0.156729427107145,0.175963160824108,0.352994391556448,0.314313020512299
24856,0.143547282788527,0.487391461689482,0.0870684265730299,0.28199282894896
24857,0.171655253113773,0.200693882343016,0.414122292294493,0.213528572248718
24858,0.128131602417243,0.456083081499846,0.21633461717859,0.199450698904321
24859,0.185957425421638,0.336096035019266,0.0836128134317284,0.394333726127367
24860,0.141019130682218,0.103768859250171,0.676499210945225,0.0787127991223858
24861,0.412180188143525,0.144517343376259,0.104980739230222,0.338321729249994
24862,0.0998447000851641,0.513465987163569,0.0923128362496947,0.294376476501572
24863,0.283569652462589,0.0978759713153033,0.199569771450988,0.41898460477112
24864,0.118766467097814,0.116774242888164,0.429928379454621,0.334530910559401
24865,0.182936638617124,0.0464453614888802,0.422805483580404,0.347812516313592
24866,0.6500671138212,0.106765375542941,0.103192312584426,0.139975198051434
24867,0.40733933358834,0.106803090110196,0.162595348023611,0.323262228277854
24868,0.449840644803104,0.0775787302736135,0.118875649081481,0.353704975841802
24869,0.239105126306169,0.0723288508418182,0.227647383551773,0.46091863930024
24870,0.574399141100283,0.0777089636325326,0.111401502768949,0.236490392498235
24871,0.165069371316539,0.0507099608308036,0.349675061751407,0.43454560610125
24872,0.263166583722836,0.274395746052795,0.253210051833334,0.209227618391035
24873,0.434141785408899,0.398942424485488,0.0883803604588067,0.0785354296468069
24874,0.134423876625725,0.361193073408741,0.316317073639961,0.188065976325572
24875,0.31407918607676,0.285613054275989,0.210306258529349,0.190001501117902
24876,0.190027421654045,0.391118035024946,0.270779993039551,0.148074550281458
24877,0.20647958716538,0.309497288381668,0.343848912915733,0.14017421153722
24878,0.187250879237897,0.174856470529443,0.410771991566364,0.227120658666296
24879,0.410216517692933,0.196204756030675,0.188719147288848,0.204859578987544
24880,0.250099487633158,0.277857785478207,0.312340537517043,0.159702189371592
24881,0.400604731697054,0.188597885944254,0.20236688968118,0.208430492677512
24882,0.532764156577614,0.225553363215016,0.155859473736295,0.085823006471076
24883,0.183449103063566,0.29291583496191,0.375135191612969,0.148499870361555
24884,0.318522044922088,0.314252989609096,0.2451507777789,0.122074187689916
24885,0.235435505699836,0.396370320721371,0.188428191761637,0.179765981817155
24886,0.115894573752847,0.207034543876497,0.479906150226967,0.197164732143689
24887,0.281053860172657,0.493501639167707,0.138433648736958,0.0870108519226781
24888,0.235037676545116,0.38871683603918,0.178219897637765,0.198025589777938
24889,0.148303706450118,0.330258382246131,0.416328466072541,0.10510944523121
24890,0.124964268819809,0.167904683152467,0.250005403076523,0.457125644951202
24891,0.288625480877902,0.13048106535192,0.0615539886869611,0.519339465083217
24892,0.289082528873366,0.0767012598862354,0.151084333302735,0.483131877937664
24893,0.231678453720658,0.184769442982369,0.144460542266441,0.439091561030532
24894,0.113000526546358,0.408899650967849,0.135079509778959,0.343020312706834
24895,0.0278590822055463,0.0480748582932075,0.377829419421429,0.546236640079817
24896,0.0356943160068708,0.19974983603996,0.1720399182382,0.592515929714969
24897,0.141972509171255,0.0517761765402825,0.597724279211083,0.20852703507738
24898,0.249387800217469,0.0991485768558504,0.214844306010613,0.436619316916068
24899,0.0136030292733898,0.22340094046095,0.528357924972092,0.234638105293568
24900,0.0507307952991105,0.116766000706865,0.260759369119777,0.571743834874248
24901,0.23311129122644,0.0375975702118845,0.257082518575833,0.472208619985842
24902,0.328127290838919,0.0620860257633852,0.129852541358537,0.479934142039159
24903,0.200191925298805,0.0773982032847849,0.110381539008174,0.612028332408237
24904,0.054040395072624,0.26148866412082,0.0181869757065926,0.666283965099964
24905,0.0555728457347127,0.0608197168275764,0.722477332640709,0.161130104797002
24906,0.15341850324686,0.0293449042402568,0.28003745106644,0.537199141446443
24907,0.147826575806925,0.0776192894357817,0.0258441418783965,0.748709992878897
24908,0.0206921438351275,0.263629408944782,0.470190258660569,0.245488188559521
24909,0.0578844341782335,0.390697689222959,0.104409778401412,0.447008098197395
24910,0.224564068940086,0.251015597983888,0.385961575581675,0.138458757494352
24911,0.182046517983814,0.668591329351913,0.0681552970120003,0.0812068556522724
24912,0.0781781173889763,0.279324842169254,0.383568030309801,0.258929010131968
24913,0.104370469108469,0.629866226355593,0.124952043978431,0.140811260557507
24914,0.31853291718597,0.210276318983907,0.304436128009142,0.166754635820981
24915,0.055549117221499,0.42844222430296,0.314616648834531,0.20139200964101
24916,0.538165074049171,0.160375508735303,0.130694126971665,0.170765290243861
24917,0.120059675304541,0.0816748138044137,0.521846598427085,0.27641891246396
24918,0.180673405783112,0.0691114058529676,0.256590985452395,0.493624202911526
24919,0.0819427976872451,0.388172787814774,0.363623907883714,0.166260506614267
24920,0.0504409658580224,0.465265374042229,0.416254522550708,0.0680391375490407
24921,0.658345570835354,0.188006056650238,0.0631822227309464,0.0904661497834618
24922,0.581297333504228,0.1282818331235,0.106696862251088,0.183723971121184
24923,0.169023095559533,0.130872451240639,0.582483211523117,0.117621241676712
24924,0.150524805827463,0.225221936986697,0.419726834226558,0.204526422959281
24925,0.174101541743883,0.658613602226038,0.0926767806922963,0.0746080753377823
24926,0.255358855572631,0.115003676314469,0.495300574680194,0.134336893432706
24927,0.167038363199813,0.433029198797285,0.0782312809131262,0.321701157089776
24928,0.0698219438247185,0.310332749484015,0.363618714464168,0.256226592227099
24929,0.244718967429242,0.300121078875598,0.34044331741647,0.114716636278691
24930,0.39830075378765,0.310151996018262,0.225416267213565,0.0661309829805225
24931,0.276343779343661,0.284256939164223,0.30543680891883,0.133962472573286
24932,0.142282332675841,0.29421752708923,0.467737484589265,0.0957626556456637
24933,0.265800729660229,0.466967871694331,0.141185382259232,0.126046016386208
24934,0.432687907151121,0.250478412753027,0.163314197142837,0.153519482953015
24935,0.220070412206449,0.309882506228179,0.325449917569386,0.144597163995986
24936,0.342837840323014,0.275008405310848,0.246497939977561,0.135655814388577
24937,0.185924613226132,0.5082145670652,0.252863568881825,0.0529972508268426
24938,0.483475684834534,0.202106383371562,0.215339413151415,0.0990785186424883
24939,0.225910293977688,0.255495481564091,0.431279012747024,0.0873152117111973
24940,0.300085706091224,0.405055060343345,0.170387064814957,0.124472168750474
24941,0.271757264083222,0.351849608123995,0.228856063510591,0.147537064282192
24942,0.462156693788422,0.105533796869093,0.344318295679479,0.087991213663007
24943,0.288441700559807,0.126612890187731,0.23378996775748,0.351155441494982
24944,0.441227025675477,0.371363867843004,0.0969390454488775,0.0904700610326421
24945,0.131667642956997,0.14182130790492,0.35647553843593,0.370035510702154
24946,0.0939488356103456,0.324598353507836,0.162384824848692,0.419067986033126
24947,0.350123567384351,0.226472461157458,0.216757003155969,0.206646968302222
24948,0.357967364600326,0.264582331170991,0.314061309942824,0.0633889942858594
24949,0.34470465604584,0.369568938872318,0.234220026118877,0.0515063789629655
24950,0.13872064195436,0.298023410606414,0.414857943494238,0.148398003944988
24951,0.150383872257062,0.506575721990731,0.191539534210487,0.151500871541719
24952,0.348426455107633,0.353618078308378,0.166295236913472,0.131660229670517
24953,0.270667026469342,0.221460090316572,0.377343382301597,0.130529500912489
24954,0.123728704195026,0.550118914428294,0.228609916523169,0.097542464853512
24955,0.398958075079011,0.360731727202365,0.109991179827786,0.130319017890838
24956,0.17503815771381,0.397311566715212,0.283759326028991,0.143890949541987
24957,0.218133005500387,0.520295929446625,0.11714861713424,0.144422447918748
24958,0.118753075450025,0.578777494267277,0.234141889391528,0.0683275408911709
24959,0.129930367960951,0.374632954830706,0.289085210052003,0.206351467156339
24960,0.242605335005541,0.298768610409005,0.214945633373799,0.243680421211654
24961,0.306268219911519,0.285724099896237,0.305238537214477,0.102769142977767
24962,0.0596493754917253,0.528003388315015,0.229825427289572,0.182521808903688
24963,0.152574172166543,0.452353903751709,0.149625465103032,0.245446458978716
24964,0.131942777437701,0.291152818052913,0.383907580805614,0.192996823703772
24965,0.203543638966086,0.586698789327026,0.129941452434459,0.0798161192724289
24966,0.183142406274052,0.388851599071617,0.327248313722125,0.100757680932205
24967,0.314523785016627,0.108558114789163,0.430815223361559,0.146102876832651
24968,0.191683749902594,0.438138873610547,0.178478141701921,0.191699234784938
24969,0.270160045646644,0.449973064460165,0.0603561097408993,0.219510780152292
24970,0.377389168097309,0.230894836730199,0.141612570384174,0.250103424788318
24971,0.263594451253908,0.500189132470482,0.08648683956404,0.149729576711571
24972,0.0893163249696166,0.459302188848474,0.141580801911729,0.309800684270181
24973,0.163373233337543,0.682894357772258,0.0931600372694104,0.0605723716207883
24974,0.234082051733891,0.31122812100589,0.24038564552357,0.21430418173665
24975,0.157488243932829,0.422703245732501,0.23794877120669,0.18185973912798
24976,0.234117186462611,0.133552702048129,0.501472340688374,0.130857770800886
24977,0.401517129781118,0.232714456474388,0.103152813205782,0.262615600538712
24978,0.179933213794837,0.421859028906527,0.168532900689246,0.22967485660939
24979,0.330199040309609,0.299627715888212,0.23186205107178,0.138311192730399
24980,0.0916999421432081,0.340853641823006,0.374609546627575,0.192836869406211
24981,0.161769895648497,0.104836904564679,0.359171124540429,0.374222075246395
24982,0.183383472195099,0.428169544238336,0.22032590833362,0.168121075232946
24983,0.680095729882402,0.166171337411516,0.0396607370191756,0.114072195686906
24984,0.061058792998887,0.440306548342005,0.187305351698723,0.311329306960385
24985,0.0940704845054867,0.386215760916991,0.28976442279679,0.229949331780732
24986,0.359951570640545,0.148043655486017,0.247837772088995,0.244167001784443
24987,0.0677650912786217,0.538578575380199,0.315177998207402,0.0784783351337779
24988,0.259225127305474,0.234138807896534,0.207348762251177,0.299287302546814
24989,0.275744838384484,0.313416487389509,0.324742725447061,0.0860959487789461
24990,0.0900657488501408,0.594741604569573,0.165912074900136,0.14928057168015
24991,0.314589720327873,0.0550278631028502,0.470110117464183,0.160272299105093
24992,0.171301393573685,0.200797905875482,0.538387206801804,0.0895134937490299
24993,0.595193066782798,0.143277695753483,0.155699439646381,0.105829797817337
24994,0.515899774539587,0.171648926871277,0.139962061632648,0.172489236956487
24995,0.523560855584583,0.190847353654314,0.155439827233867,0.130151963527237
24996,0.24247254586403,0.247328873356435,0.15216943617379,0.358029144605745
24997,0.308444684472649,0.403666470053945,0.0985340795476651,0.189354765925741
24998,0.1779182082396,0.0918859109098282,0.472217133292639,0.257978747557933
24999,0.174125656077391,0.472668951173313,0.0717207308139459,0.281484661935351
25000,0.148924293277954,0.15705742148992,0.388798820380076,0.30521946485205
25001,0.194972215826925,0.533384617127432,0.0980433903949437,0.1735997766507
25002,0.153167330605142,0.0871633370321019,0.573484780646225,0.186184551716532
25003,0.18844186678248,0.151995131377784,0.328868558756449,0.330694443083287
25004,0.0407590765231777,0.0960059074242203,0.696599023825423,0.166635992227179
25005,0.234691617649021,0.355794124603709,0.260568086650309,0.148946171096961
25006,0.442399913833345,0.24619689592756,0.192400449406659,0.119002740832437
25007,0.335906435248651,0.394233328497993,0.0935389354080766,0.176321300845279
25008,0.167827701477088,0.101732232149513,0.555774077452278,0.174665988921121
25009,0.417187601715916,0.067236660958925,0.303250908285616,0.212324829039544
25010,0.344335803496742,0.0505793919879998,0.416285671982718,0.18879913253254
25011,0.128520491784906,0.72240365796495,0.0782241910019875,0.0708516592481563
25012,0.052648307780149,0.39414731424841,0.196379292600016,0.356825085371425
25013,0.358579148708364,0.0579544362170615,0.279734110304667,0.303732304769907
25014,0.10522337988916,0.220688910769479,0.586441547835211,0.0876461615061504
25015,0.322711064441062,0.252934565744247,0.184920404511217,0.239433965303474
25016,0.150929817966337,0.324788726892499,0.0786150556140728,0.44566639952709
25017,0.0961034261966137,0.237682360488452,0.576799848088645,0.0894143652262893
25018,0.611726775839949,0.190641330081383,0.0942075655700089,0.10342432850866
25019,0.181488399428359,0.56436125058294,0.119215050638202,0.134935299350499
25020,0.190273506914957,0.148377688226004,0.126260009105404,0.535088795753636
25021,0.189205266707935,0.0915106644937484,0.336680390987407,0.38260367781091
25022,0.0691992668978306,0.260095974209753,0.286649272487479,0.384055486404938
25023,0.150947999982715,0.203653004324485,0.538079166933841,0.107319828758959
25024,0.465069202280008,0.12643961207228,0.241247368805831,0.167243816841881
25025,0.3872346926919,0.221416366807144,0.169786902298234,0.221562038202722
25026,0.324486625957195,0.382134558653823,0.159441376217783,0.133937439171199
25027,0.0730045998568073,0.3072711638978,0.356250240502356,0.263473995743038
25028,0.572504961120678,0.103674075487116,0.229777459407167,0.0940435039850392
25029,0.123537202676663,0.174589598993799,0.569528529487856,0.132344668841682
25030,0.156709408348703,0.0598184124756324,0.56355317734071,0.219919001834955
25031,0.129326534330857,0.0563752660629246,0.523792834330639,0.290505365275579
25032,0.10976437522357,0.044714115612043,0.698411627748993,0.147109881415394
25033,0.302603583629695,0.148839522826961,0.332790991011863,0.215765902531482
25034,0.15257370015654,0.484493115461113,0.101835100144486,0.261098084237861
25035,0.283903767504054,0.153967390937156,0.222090709881455,0.340038131677336
25036,0.0874271578795257,0.188678012106978,0.232120724202155,0.491774105811341
25037,0.196491822258225,0.496674611914211,0.0751808069057036,0.231652758921861
25038,0.284962360609799,0.281423931097171,0.154161655068022,0.279452053225008
25039,0.0906030834146348,0.303651717775788,0.312824295724738,0.29292090308484
25040,0.206821288184474,0.333324901112924,0.338064945126067,0.121788865576535
25041,0.185825941498032,0.555967043438598,0.0446924620500641,0.213514553013307
25042,0.126986675038826,0.171981486801557,0.382868883132177,0.318162955027441
25043,0.140876157721035,0.466125967779026,0.144723874980875,0.248273999519064
25044,0.358833673147478,0.112423018174693,0.365436014443814,0.163307294234015
25045,0.0856128200131844,0.211624957492845,0.565000127634051,0.13776209485992
25046,0.0765073167171545,0.783364086425712,0.0287277542091965,0.111400842647937
25047,0.337583884100947,0.187157013481431,0.300582827208205,0.174676275209416
25048,0.0590074217156922,0.435927119208972,0.237388559196569,0.267676899878768
25049,0.0672444571081098,0.373730310047859,0.511256372651764,0.0477688601922674
25050,0.30330591128309,0.436003447691513,0.0840236070239431,0.176667034001454
25051,0.108507402686384,0.352796156845833,0.370425114347859,0.168271326119924
25052,0.120525072654129,0.544456416426813,0.0963909560239666,0.238627554895092
25053,0.139784527796451,0.19020680617525,0.24062687535072,0.429381790677579
25054,0.0334835005306149,0.644319429565368,0.168980686900338,0.153216383003679
25055,0.0844379300981466,0.66928196978695,0.0715154776490589,0.174764622465845
25056,0.16230387479316,0.0743717594113018,0.1951205488377,0.568203816957838
25057,0.167418491874657,0.620656723502688,0.0961510637313928,0.115773720891263
25058,0.528724006911926,0.194937219395253,0.122842502235053,0.153496271457768
25059,0.306035222235105,0.0395066476597323,0.183459559342206,0.470998570762957
25060,0.125663641246402,0.336694990456328,0.279378056098233,0.258263312199037
25061,0.0413871627769522,0.422379517495393,0.203944970136796,0.332288349590859
25062,0.225484591577095,0.418735150889988,0.0512575819448058,0.304522675588111
25063,0.0294445222582334,0.335436260683169,0.224434918725362,0.410684298333236
25064,0.239020555435958,0.370182717411357,0.0369242140385661,0.353872513114119
25065,0.156122702533642,0.471425466555203,0.0665193760100778,0.305932454901078
25066,0.262672550546367,0.0428215531069718,0.18381740232666,0.510688494020001
25067,0.106843197899315,0.030636951531222,0.249033308471256,0.613486542098207
25068,0.0483622034513757,0.134276076040023,0.302491088467307,0.514870632041295
25069,0.0428822959484597,0.30678095884106,0.338711508198161,0.311625237012319
25070,0.0659205525226749,0.0924665760567893,0.0881284536430334,0.753484417777502
25071,0.124854652914596,0.527629021976659,0.0569989874880055,0.29051733762074
25072,0.0680126868005201,0.689365153795965,0.0421549004100094,0.200467258993505
25073,0.069244281423112,0.437859310154559,0.0149647592959232,0.477931649126406
25074,0.0873310437656444,0.555881730478216,0.0826070636922285,0.274180162063911
25075,0.158929744782495,0.0303226836084465,0.33819506542996,0.472552506179099
25076,0.0326148279116499,0.0629787314574456,0.208543751501363,0.695862689129542
25077,0.0206089525169488,0.130290224604567,0.457899396150023,0.391201426728462
25078,0.458528440503915,0.0309396973676565,0.178719004753134,0.331812857375295
25079,0.108230343099196,0.0327884227700037,0.33935502345272,0.51962621067808
25080,0.538807254844013,0.0585590297422712,0.0360741287796538,0.366559586634062
25081,0.433859652117741,0.105892107192279,0.229280236707134,0.230968003982846
25082,0.114276602599038,0.400922349566033,0.271256062261099,0.21354498557383
25083,0.117708523982319,0.346291272149625,0.241965934617416,0.29403426925064
25084,0.411241800258412,0.165196224138123,0.324173152705133,0.0993888228983329
25085,0.258668856311263,0.476248112342357,0.169134844428142,0.0959481869182386
25086,0.585094428771491,0.094371192839976,0.205136549601608,0.115397828786926
25087,0.127858166587389,0.39126347256908,0.360428805259085,0.120449555584446
25088,0.448262220601092,0.182554729140352,0.27360118933701,0.095581860921546
25089,0.124524467815957,0.0964106874133183,0.599965679790733,0.179099164979992
25090,0.45684535297392,0.227168821019305,0.180221692572837,0.135764133433938
25091,0.313359809141799,0.117062972826934,0.281996001508113,0.287581216523154
25092,0.172882225716129,0.167371054914632,0.0707430760063266,0.589003643362913
25093,0.437686429661633,0.0825216839482568,0.199692332905709,0.280099553484402
25094,0.0959039871028581,0.155650308532543,0.676134325723086,0.0723113786415137
25095,0.0837773386448402,0.448358358526303,0.327718321909514,0.140145980919343
25096,0.0571807599056737,0.154956026564863,0.142762031157305,0.645101182372159
25097,0.0762469749827996,0.157356440972802,0.589534433409274,0.176862150635125
25098,0.243423667772927,0.122999967094154,0.18034894407248,0.453227421060439
25099,0.0511910911029089,0.287980703557454,0.476180622871889,0.184647582467747
25100,0.170080716931412,0.290765167008377,0.453660828559835,0.0854932875003765
25101,0.4048085671548,0.127691415149632,0.364412376459259,0.103087641236309
25102,0.359905367624603,0.284928607630543,0.169725470769757,0.185440553975098
25103,0.287215661882487,0.421761173862633,0.209224357341802,0.0817988069130781
25104,0.113845824774742,0.345842418630978,0.475301245217235,0.065010511377046
25105,0.17856484198773,0.289542385121153,0.414828504863723,0.117064268027394
25106,0.333312591979327,0.303716717596077,0.282164152116085,0.0808065383085101
25107,0.142861592899929,0.480881160872874,0.164890334548301,0.211366911678896
25108,0.209491959582862,0.455425094465074,0.243189091681079,0.0918938542709852
25109,0.288029483162749,0.428973187358463,0.168090596676442,0.114906732802346
25110,0.209994907553263,0.171366663748969,0.202760316294852,0.415878112402916
25111,0.213406798609325,0.157878851497854,0.250894348853741,0.37782000103908
25112,0.147618619214681,0.206471945541439,0.459057979519849,0.18685145572403
25113,0.442047109432444,0.296103669365251,0.155601131695013,0.106248089507292
25114,0.270322118349113,0.233791305788686,0.354351301380515,0.141535274481686
25115,0.114327484018222,0.283453650396695,0.401068635799079,0.201150229786004
25116,0.290210009309989,0.375360253215429,0.190196057014993,0.144233680459589
25117,0.599247329654252,0.262405017373397,0.0833856576215863,0.0549619953507641
25118,0.42486631885676,0.172615901691755,0.239297176942861,0.163220602508625
25119,0.079367608900295,0.361501655257387,0.384213742777424,0.174916993064894
25120,0.354993128735604,0.247343604481269,0.0663308500936636,0.331332416689463
25121,0.435361953016577,0.130047987438745,0.193896073542243,0.240693986002435
25122,0.428001198933668,0.274220005986875,0.172056323901345,0.125722471178112
25123,0.457437125894141,0.086624912535786,0.375043722732774,0.0808942388372988
25124,0.107997758032896,0.12945746126894,0.603663211012295,0.158881569685869
25125,0.742466876019067,0.142381942769547,0.0428075658650543,0.0723436153463326
25126,0.0567293579348813,0.448251874547083,0.273688965796228,0.221329801721808
25127,0.276459566455622,0.145061327318489,0.159807030119622,0.418672076106267
25128,0.233384459788064,0.107058261750128,0.133916449342909,0.525640829118899
25129,0.293581504986244,0.189524160021741,0.465378322783556,0.0515160122084588
25130,0.163194398072163,0.141802214052985,0.111386512381588,0.583616875493265
25131,0.202338005925172,0.3613332019188,0.0268938762997804,0.409434915856247
25132,0.427429339970616,0.206634714720188,0.119397575446135,0.246538369863061
25133,0.734032478878607,0.048867267275975,0.126241336810436,0.0908589170349821
25134,0.247884107077279,0.280527418424368,0.0585504500911107,0.413038024407243
25135,0.0269712671379804,0.627182831541739,0.0341922248763492,0.311653676443931
25136,0.224803071930209,0.274119514745819,0.313221718186125,0.187855695137846
25137,0.0777287441377909,0.510957284223634,0.0840898972061692,0.327224074432406
25138,0.119265818256044,0.417159586785444,0.159654920433177,0.303919674525335
25139,0.162835141753462,0.33384880500213,0.170386455057321,0.332929598187087
25140,0.0732759602629273,0.0751926878222194,0.471891483512559,0.379639868402294
25141,0.255821647196699,0.395805073918841,0.15045377961773,0.19791949926673
25142,0.227699337707625,0.335138638177386,0.0576846685062922,0.379477355608697
25143,0.10248521823062,0.205967137906208,0.104912071563809,0.586635572299363
25144,0.145521527079211,0.303838521205925,0.0668217937206119,0.483818157994252
25145,0.341391690282202,0.138535147866433,0.079356089573722,0.440717072277643
25146,0.23134879053412,0.536098676078207,0.0493663817147966,0.183186151672877
25147,0.175494819791714,0.107142252646335,0.384012609718564,0.333350317843386
25148,0.271731641724905,0.290056327278757,0.0353817126697552,0.402830318326583
25149,0.0963393701772236,0.643258715692726,0.114860438443515,0.145541475686536
25150,0.0919401596137051,0.086552085868833,0.488184464745197,0.333323289772265
25151,0.0242283020964642,0.467703138993813,0.122787948205587,0.385280610704136
25152,0.424074263762725,0.0612713704076982,0.060638323182732,0.454016042646845
25153,0.356565077485865,0.510155097089026,0.0628044738655002,0.070475351559609
25154,0.191407952773197,0.103013260872228,0.413584984907842,0.291993801446733
25155,0.0530039243185704,0.593979310301271,0.0224988050786385,0.33051796030152
25156,0.103742697350709,0.723371872830499,0.0604608202690711,0.112424609549721
25157,0.237011865607285,0.481721768937497,0.154435473433445,0.126830892021773
25158,0.410128118475031,0.410273831493242,0.0965097824736235,0.0830882675581041
25159,0.164175900753213,0.429358612507516,0.184151006182291,0.22231448055698
25160,0.294970730914858,0.295610941163011,0.275209523375865,0.134208804546267
25161,0.368085042613076,0.112958497406489,0.236618837975877,0.282337622004558
25162,0.379267929698243,0.202882491212496,0.0828378732154339,0.335011705873826
25163,0.130447648400912,0.159281293018644,0.571291568345042,0.138979490235402
25164,0.50419330295099,0.337824972995624,0.0694840396449158,0.0884976844084697
25165,0.167053743961857,0.155993647586826,0.185708492328088,0.491244116123228
25166,0.20688640045862,0.187963381341082,0.345141639641419,0.260008578558879
25167,0.299756769929499,0.406744268725056,0.123796180040559,0.169702781304886
25168,0.241979866715416,0.391389066832183,0.040749982328098,0.325881084124303
25169,0.253378053136882,0.244065161078029,0.078733054718363,0.423823731066727
25170,0.436399470073977,0.37565500914083,0.0624318913911143,0.125513629394079
25171,0.493401152746061,0.162855345429753,0.189920388369354,0.153823113454832
25172,0.1844408069332,0.424469597353107,0.182978248165178,0.208111347548514
25173,0.3735328651038,0.0595336897795734,0.215915439632922,0.351018005483705
25174,0.437202335723613,0.0801191810744205,0.212528302132849,0.270150181069118
25175,0.600843221473816,0.126767750168167,0.0535689059809998,0.218820122377018
25176,0.148803066269272,0.226296564221601,0.469830343663587,0.15507002584554
25177,0.251864945768455,0.263740415713046,0.245727700361306,0.238666938157193
25178,0.245466970137915,0.28757885202013,0.328821471384859,0.138132706457096
25179,0.603784826408136,0.132951092926203,0.210642608584464,0.0526214720811969
25180,0.377580220520845,0.0811255403542031,0.361685450034851,0.179608789090101
25181,0.104803996596644,0.0944845352681633,0.716407715566629,0.0843037525685635
25182,0.265182825035475,0.266786428723309,0.175489771276677,0.29254097496454
25183,0.282563315323203,0.323820952085086,0.222331472871257,0.171284259720455
25184,0.173541819932098,0.210797519849625,0.405813527144209,0.209847133074068
25185,0.306465612392626,0.198581982950108,0.276588976455574,0.218363428201692
25186,0.231529956349374,0.581595702757496,0.0505155427163557,0.136358798176774
25187,0.242108247394395,0.27822460769405,0.150750532312423,0.328916612599133
25188,0.139303837228902,0.120386519468708,0.517915029188383,0.222394614114008
25189,0.385618615315086,0.19181830769443,0.198974350860503,0.223588726129982
25190,0.3154186365642,0.409001258685689,0.0387265711345377,0.236853533615574
25191,0.0902150655460143,0.530155523509309,0.174272697244984,0.205356713699692
25192,0.134205249290266,0.310270609746067,0.250122472481129,0.305401668482538
25193,0.33411986111116,0.348711987933083,0.0849668445143981,0.232201306441358
25194,0.224186789891547,0.34980196819544,0.254118976344014,0.171892265568999
25195,0.118584025528034,0.196288024958797,0.411382603572037,0.273745345941131
25196,0.0696985291059935,0.35032781294665,0.200498034887963,0.379475623059393
25197,0.0825809409243495,0.590001787226353,0.106801353684793,0.220615918164505
25198,0.180071243362286,0.411285717423305,0.0712259313329557,0.337417107881453
25199,0.277749333246562,0.105781688527627,0.412832791816287,0.203636186409524
25200,0.105676899073897,0.460629670030768,0.0765247492185206,0.357168681676815
25201,0.178596201959414,0.111086106959322,0.245648177215721,0.464669513865543
25202,0.226954227495291,0.118567671832502,0.352159118479467,0.30231898219274
25203,0.406444467627287,0.34846531210741,0.139374196044865,0.105716024220439
25204,0.0807116378355347,0.0917615954836808,0.505829063213432,0.321697703467352
25205,0.112891409970561,0.238597807261932,0.191756730229371,0.456754052538136
25206,0.149602431552618,0.388464952238189,0.199410695676916,0.262521920532276
25207,0.0747975699559792,0.128052685625157,0.174033143713065,0.623116600705799
25208,0.289709700909261,0.210049180290422,0.259780052219493,0.240461066580824
25209,0.149281367634689,0.0406209321195848,0.439350652577831,0.370747047667896
25210,0.184944093860807,0.114773186383725,0.532535041830085,0.167747677925384
25211,0.0566677582478179,0.237334297761545,0.436270760205253,0.269727183785384
25212,0.362676860152711,0.15501369777825,0.148886639509059,0.333422802559981
25213,0.106875682804635,0.120656460989332,0.493955016607827,0.278512839598206
25214,0.193632426665438,0.189095480951423,0.39057606376124,0.226696028621899
25215,0.353888038408245,0.264927292855186,0.218745028049163,0.162439640687406
25216,0.312710120566686,0.341176712004037,0.163024092314052,0.183089075115224
25217,0.447264051594578,0.311301643339515,0.16658573782729,0.0748485672386166
25218,0.34534130864296,0.34302496119635,0.0981462025097115,0.213487527650979
25219,0.265285568011207,0.442437353455349,0.0726671275966033,0.219609950936841
25220,0.231397992297534,0.151773322738967,0.366673911180393,0.250154773783106
25221,0.134238367268706,0.581898153058001,0.146274845139764,0.13758863453353
25222,0.144782977053554,0.334952073474787,0.401624132770641,0.118640816701018
25223,0.182484549092487,0.342603684622261,0.158192061751695,0.316719704533558
25224,0.0855550272459869,0.656961082904231,0.0971605131399519,0.16032337670983
25225,0.351582843730935,0.0851468825353477,0.255929953036309,0.307340320697409
25226,0.616936710783522,0.129445121345863,0.181420605708258,0.072197562162357
25227,0.0802393147298046,0.630182129899008,0.159854880791582,0.129723674579606
25228,0.115697593134226,0.126446748849537,0.490288164319951,0.267567493696286
25229,0.0826331161323973,0.161014444865752,0.475313165235795,0.281039273766056
25230,0.118675130795684,0.178943730007616,0.557492327909603,0.144888811287097
25231,0.0653685553604657,0.493071940446608,0.190045568445687,0.25151393574724
25232,0.226927357643698,0.371594306102277,0.0868962896223578,0.314582046631668
25233,0.304350683396385,0.355201069551878,0.24405568595757,0.0963925610941675
25234,0.165484980992716,0.449449465629917,0.315234416825987,0.0698311365513791
25235,0.51147355518959,0.218832268716528,0.192659710712986,0.0770344653808957
25236,0.27416271861447,0.33740924638005,0.301488628054107,0.0869394069513723
25237,0.226309520764775,0.453253404740679,0.253914140638041,0.0665229338565064
25238,0.348762954294584,0.236749346192706,0.277972720244576,0.136514979268133
25239,0.261232126860598,0.405046200166865,0.213484547287438,0.1202371256851
25240,0.230560012827591,0.260091288078668,0.438080415702919,0.0712682833908221
25241,0.481032096841286,0.312044280677823,0.162399406186949,0.0445242162939427
25242,0.221466431775797,0.303581126814502,0.361181777032696,0.113770664377005
25243,0.269795410418009,0.336708962491686,0.302028414921477,0.0914672121688284
25244,0.229282916446427,0.408278535141374,0.244211901504101,0.118226646908098
25245,0.211656668109422,0.297841711992826,0.437504690609241,0.0529969292885107
25246,0.278658640084621,0.339875252012163,0.304597739844547,0.0768683680586692
25247,0.156567678795764,0.301318425748564,0.377807950260163,0.164305945195509
25248,0.167007383182516,0.33736594112812,0.258844628675613,0.236782047013752
25249,0.194934475099897,0.478229872077325,0.277652466458673,0.0491831863641048
25250,0.275257906839491,0.306853373709109,0.29411284926267,0.12377587018873
25251,0.180066501472422,0.255912029581639,0.339389404195779,0.22463206475016
25252,0.589517276115916,0.150694233934156,0.137231004876651,0.122557485073277
25253,0.253813593954331,0.299578554100776,0.133853679611213,0.31275417233368
25254,0.335510420010161,0.227664307565096,0.0504699786754783,0.386355293749265
25255,0.464973275990518,0.243625226986161,0.0529847773277171,0.238416719695604
25256,0.126304949988506,0.708858053906981,0.0943117055858777,0.0705252905186357
25257,0.13711292094937,0.264073338315907,0.378720985664534,0.220092755070189
25258,0.393410987253207,0.146206266880202,0.113578711751972,0.34680403411462
25259,0.205378338071887,0.426378166504403,0.179455292204705,0.188788203219004
25260,0.062079164309283,0.495712968540508,0.169607304532228,0.27260056261798
25261,0.493829290696003,0.180426004122515,0.209899531575729,0.115845173605753
25262,0.228033622973387,0.284852688935708,0.0726882613964611,0.414425426694444
25263,0.360692640569923,0.161877312614312,0.223580669624417,0.253849377191348
25264,0.117219472604556,0.128684682036229,0.266712925882846,0.487382919476369
25265,0.617757724057443,0.256185212979905,0.046028404067253,0.0800286588953994
25266,0.120300015864604,0.512206129034241,0.210744386184571,0.156749468916584
25267,0.082125055088825,0.208267334647738,0.44625732615835,0.263350284105087
25268,0.152385974068888,0.251399000972492,0.493270486787599,0.102944538171021
25269,0.127174844194202,0.168658882460924,0.100999313523355,0.603166959821519
25270,0.395330146987921,0.155718220542391,0.144483657346819,0.304467975122869
25271,0.0735597346515631,0.232692169865484,0.58392986888311,0.109818226599843
25272,0.137410529285093,0.29980872048357,0.284892915929212,0.277887834302126
25273,0.27242379812375,0.21235901664056,0.255130191781803,0.260086993453887
25274,0.263035109186616,0.192257004052843,0.274093880551387,0.270614006209154
25275,0.430500918206338,0.335735400998203,0.141190185906636,0.0925734948888234
25276,0.298803114366409,0.387186859106456,0.179679711198075,0.13433031532906
25277,0.150564716875081,0.0957227165009145,0.497413831667516,0.256298734956488
25278,0.38652740678934,0.334248619780695,0.11249354030588,0.166730433124085
25279,0.485194902291093,0.131294437777962,0.0382525744158651,0.34525808551508
25280,0.161255918797351,0.120721720029783,0.632195134568798,0.0858272266040674
25281,0.247015905503087,0.0767838330783497,0.567257192753928,0.108943068664635
25282,0.485260192975966,0.0913845200147521,0.164795729814294,0.258559557194988
25283,0.208116984991158,0.0962343385904119,0.351900675940752,0.343748000477678
25284,0.181151848835598,0.540412532338148,0.138469700025444,0.13996591880081
25285,0.44709245759507,0.179511330002872,0.144838504437683,0.228557707964376
25286,0.471193381242633,0.15867441125443,0.155839177704402,0.214293029798535
25287,0.110575247525574,0.610434888308166,0.18097322818445,0.0980166359818104
25288,0.0800969179503491,0.0862637288787967,0.239004714882451,0.594634638288404
25289,0.0494309127052187,0.379740136902119,0.225559095234523,0.345269855158139
25290,0.223321309214687,0.351078618559006,0.10395859531576,0.321641476910547
25291,0.417742981482478,0.158902845355138,0.0857919710376145,0.337562202124769
25292,0.127666859020702,0.0632926318381432,0.271324615258971,0.537715893882184
25293,0.0574911097597103,0.299129308564723,0.193617198314935,0.449762383360631
25294,0.111447528699417,0.441827033643985,0.0439369753686266,0.402788462287971
25295,0.0909737836245446,0.0947055052694968,0.333078045623798,0.48124266548216
25296,0.0875332529235522,0.72333696048411,0.0424465898591591,0.146683196733179
25297,0.041662363437075,0.581906768178907,0.0955722169385093,0.280858651445509
25298,0.697790912672319,0.0640584528724784,0.0282170733204482,0.209933561134755
25299,0.543302176324083,0.0793715034954921,0.22101418218567,0.156312137994755
25300,0.219359550576764,0.47941838736757,0.0342783279370452,0.266943734118621
25301,0.450318480599448,0.0414519630528148,0.105595643842648,0.402633912505089
25302,0.479651730715695,0.0561975890623701,0.10151502622724,0.362635653994695
25303,0.0616423410617221,0.609955345241359,0.121957058939672,0.206445254757247
25304,0.027044343737742,0.0727923832939747,0.591198085806172,0.308965187162112
25305,0.708922496076765,0.0673184625704901,0.0531263858210152,0.17063265553173
25306,0.137726384935016,0.349902179944679,0.0320406485750704,0.480330786545235
25307,0.0484893491253258,0.230816388517704,0.063130395220272,0.657563867136698
25308,0.0984021922395783,0.669593821749079,0.0295933715858005,0.202410614425542
25309,0.174356380935617,0.262792226555511,0.362084644860955,0.200766747647917
25310,0.323542641149292,0.416248022876933,0.0817469855070849,0.17846235046669
25311,0.310992454910583,0.360827847569879,0.221986511638725,0.106193185880813
25312,0.253751592318246,0.188469406055478,0.456541340671849,0.101237660954427
25313,0.255942957664384,0.260132080406298,0.287782219545215,0.196142742384104
25314,0.376254430485952,0.256947820145128,0.108003549181281,0.258794200187639
25315,0.407013840099327,0.272275814020271,0.238025965658427,0.0826843802219745
25316,0.292873100700965,0.238897463792456,0.190721428955622,0.277508006550957
25317,0.29410416144481,0.213061707243086,0.303338170445782,0.189495960866322
25318,0.400819251448119,0.253494788716848,0.203142945219969,0.142543014615063
25319,0.364609839836253,0.431675018325954,0.0916226520331221,0.112092489804671
25320,0.164890147868415,0.14124270543932,0.483740236061495,0.21012691063077
25321,0.107172944503962,0.267977278386993,0.421525004417505,0.20332477269154
25322,0.327598911641898,0.205572454351537,0.353341129166354,0.113487504840212
25323,0.380498837231296,0.123881223089049,0.3207486776545,0.174871262025155
25324,0.279183768505751,0.344394533140553,0.152397570759211,0.224024127594485
25325,0.266021190606042,0.460488219243286,0.0573000062731751,0.216190583877497
25326,0.169038971233705,0.108470312311821,0.318597699352844,0.40389301710163
25327,0.12307514079655,0.398082285047847,0.165414572622429,0.313428001533174
25328,0.144571083581957,0.0588959163211652,0.597508107814924,0.199024892281954
25329,0.284773776287322,0.0505765488660145,0.160543799048067,0.504105875798596
25330,0.0478499092423679,0.195994314735762,0.452785187336459,0.303370588685412
25331,0.170279150411535,0.462910722781807,0.0273158253099546,0.339494301496704
25332,0.234878222301617,0.230319702801903,0.0391434875737828,0.495658587322697
25333,0.0849962197786233,0.326228576566751,0.0607415477335596,0.528033655921067
25334,0.29866162370913,0.39308896109937,0.0160348180838674,0.292214597107633
25335,0.0340443441443635,0.266114875473807,0.195036692192118,0.504804088189712
25336,0.0381549956409673,0.238037561147693,0.497586690286712,0.226220752924628
25337,0.0488045535373295,0.0300644130606283,0.399459412607164,0.521671620794878
25338,0.0708355715225103,0.0756770823952237,0.534167699381863,0.319319646700403
25339,0.403845359068641,0.0393201575709724,0.313335356474837,0.243499126885549
25340,0.0676281993094353,0.662402920024056,0.0634570211986408,0.206511859467868
25341,0.0313567395644254,0.659949369195044,0.0565836635855419,0.252110227654989
25342,0.0340791921737152,0.208255427056254,0.535096542124249,0.222568838645782
25343,0.155684044515206,0.422699962566721,0.325976157235659,0.0956398356824141
25344,0.179730032002114,0.0907995059123695,0.43401279308418,0.295457669001336
25345,0.0648543467732352,0.248938048039941,0.349658953362357,0.336548651824467
25346,0.31624743703386,0.0225592547111168,0.193004124763358,0.468189183491666
25347,0.549753585113854,0.213898725558294,0.0945155132076747,0.141832176120178
25348,0.396264035478101,0.176927602411767,0.161288702508359,0.265519659601774
25349,0.131688578500951,0.182813310008997,0.558406161775466,0.127091949714587
25350,0.527283468102197,0.202694290278712,0.106367951955278,0.163654289663813
25351,0.24649465301537,0.123734726897251,0.34680702001674,0.282963600070639
25352,0.368526368581816,0.125098396422746,0.0892039145412639,0.417171320454174
25353,0.169442624585114,0.0871861934033682,0.31329522375188,0.430075958259638
25354,0.574172993391349,0.112868189284807,0.219993813879507,0.0929650034443376
25355,0.0899410498555496,0.465408350822139,0.0543936616714267,0.390256937650884
25356,0.0857899237968824,0.202413414586539,0.123372989786003,0.588423671830575
25357,0.163103978042201,0.397636736457784,0.311625582209074,0.127633703290942
25358,0.374553550086124,0.180435859971495,0.244042966314244,0.200967623628137
25359,0.448779234519344,0.0854047453822122,0.370830550198124,0.0949854699003193
25360,0.102719903244214,0.155637979581513,0.421944992487069,0.319697124687204
25361,0.340158293995843,0.0887691760980775,0.389866694118767,0.181205835787313
25362,0.0692423810892744,0.0672175478186547,0.615088392899873,0.248451678192198
25363,0.0915203421745044,0.157920815402853,0.205299042389458,0.545259800033184
25364,0.0955834957479585,0.0857734711468113,0.553690619585085,0.264952413520145
25365,0.299925042968871,0.0334671390484031,0.103306514118308,0.563301303864418
25366,0.260085813139995,0.30472940760042,0.281839194613665,0.15334558464592
25367,0.160332404529707,0.361723800342554,0.349761226606471,0.128182568521267
25368,0.240971690119939,0.493322052330097,0.196094815515259,0.0696114420347045
25369,0.277035021399427,0.29251262260042,0.311255694312918,0.119196661687235
25370,0.231320207239261,0.205956227814557,0.420047989653558,0.142675575292624
25371,0.230968311673044,0.483025594947093,0.178283501044576,0.107722592335287
25372,0.471011886214611,0.125856668927465,0.298225172993348,0.104906271864576
25373,0.197805933292138,0.33911994202964,0.322614361411377,0.140459763266844
25374,0.1290229083749,0.431490401326351,0.355856341652368,0.0836303486463814
25375,0.302950635467568,0.443502878121616,0.128011836000791,0.125534650410026
25376,0.245732644238047,0.212722921033684,0.384932637385416,0.156611797342853
25377,0.174663836818054,0.360700329925312,0.318913142497272,0.145722690759362
25378,0.276725655302761,0.267483776820787,0.33475891034209,0.121031657534362
25379,0.307845652888988,0.377493699440276,0.215464762621039,0.0991958850496965
25380,0.253435315031609,0.372549683803066,0.229434037194137,0.144580963971188
25381,0.213369346400501,0.363623991326235,0.194661136668657,0.228345525604607
25382,0.413409164864376,0.160613944261365,0.257585994917016,0.168390895957244
25383,0.133686296494776,0.571043945322153,0.190875533095919,0.104394225087153
25384,0.208423577083877,0.234786832568105,0.35817799664866,0.198611593699358
25385,0.170225147374236,0.138047817815302,0.570385596282282,0.121341438528181
25386,0.362955748599178,0.273880994943569,0.187734246882299,0.175429009574954
25387,0.394716206923434,0.166067425385806,0.253526915791508,0.185689451899253
25388,0.273178634991571,0.326700236504614,0.281180081652679,0.118941046851136
25389,0.210638590010237,0.282438538417619,0.31583268610894,0.191090185463205
25390,0.229199895170782,0.265464053989355,0.392408246229476,0.112927804610387
25391,0.172009585419902,0.333575914404395,0.312856713233621,0.181557786942082
25392,0.314531315981474,0.166632838381654,0.360905648235514,0.157930197401358
25393,0.113147544087068,0.41597574444706,0.2895555289128,0.181321182553072
25394,0.257867113487214,0.180974818219724,0.499949294668693,0.0612087736243692
25395,0.182805005430694,0.230704229718837,0.306802214464417,0.279688550386052
25396,0.160592392470405,0.460196494391257,0.227936825343909,0.151274287794429
25397,0.158003742210291,0.265246211704798,0.421706480047808,0.155043566037103
25398,0.239161891929487,0.166410240801874,0.339184580702136,0.255243286566503
25399,0.218989261823633,0.246730233216663,0.229269898748595,0.305010606211109
25400,0.0968598886742346,0.305476381743245,0.350171383508811,0.24749234607371
25401,0.263871449215611,0.254348651169677,0.260303463407959,0.221476436206752
25402,0.314717354292531,0.180635459625248,0.238546058779614,0.266101127302607
25403,0.165699742653518,0.301590292963125,0.301538228208982,0.231171736174375
25404,0.360842652107094,0.225732772257686,0.223436351609035,0.189988224026186
25405,0.390193230514815,0.316203289133402,0.183160564741352,0.110442915610432
25406,0.160017440305667,0.337996301995203,0.262189121255188,0.239797136443943
25407,0.206853277118502,0.110663527580469,0.461980724425123,0.220502470875906
25408,0.246398336255285,0.377982842489549,0.129610219960451,0.246008601294714
25409,0.230972383353482,0.122176062739048,0.542346383384995,0.104505170522475
25410,0.0298518819728306,0.313964480100357,0.490489699566997,0.165693938359815
25411,0.168953112950639,0.222238713817547,0.149836292471584,0.458971880760229
25412,0.580867732533629,0.179783429702833,0.107749900716444,0.131598937047094
25413,0.710191748132017,0.123767223470503,0.0958378022048111,0.0702032261926688
25414,0.0996970786284216,0.099876470070432,0.657432914048379,0.142993537252768
25415,0.0626428206757123,0.210860439564051,0.448917363381941,0.277579376378296
25416,0.209155008770951,0.274608315979967,0.316355866122681,0.1998808091264
25417,0.0851490304770038,0.187260592761531,0.642538429672651,0.0850519470888148
25418,0.0507633907369533,0.632576773630176,0.0846784961640052,0.231981339468865
25419,0.138064966039652,0.300165499955155,0.486341851310215,0.0754276826949771
25420,0.0948327319472092,0.357760438380476,0.20696294629085,0.340443883381464
25421,0.438686619301531,0.280326050390592,0.212909246423932,0.0680780838839452
25422,0.312719433319524,0.124161035566717,0.0515603673046598,0.5115591638091
25423,0.375279271987327,0.0864632702826629,0.303084504331134,0.235172953398876
25424,0.160400009314768,0.184267841300307,0.454915115804146,0.200417033580779
25425,0.173230267686018,0.109516707831042,0.476301260895469,0.240951763587471
25426,0.203291124641228,0.52190553598539,0.0614457440039794,0.213357595369403
25427,0.141172344784013,0.249066208609252,0.283221792955026,0.326539653651709
25428,0.072763247184748,0.0379865453740575,0.60395944142131,0.285290766019885
25429,0.316671362907604,0.0697073896064751,0.323677685594218,0.289943561891702
25430,0.490538786179931,0.0871958175634867,0.245340427434866,0.176924968821716
25431,0.0692749545078592,0.587036314470157,0.163489537743601,0.180199193278383
25432,0.273521467408107,0.128030745235824,0.210470706865512,0.387977080490558
25433,0.0457890595812781,0.0765122704427697,0.5396269647989,0.338071705177052
25434,0.407526524221145,0.0900094903155856,0.205381430667718,0.297082554795552
25435,0.422886159964189,0.290382909638207,0.102355184551656,0.184375745845948
25436,0.0944212390316196,0.589048076262625,0.0269925429085953,0.28953814179716
25437,0.402955771952733,0.258882150655794,0.123700949624884,0.214461127766589
25438,0.1924287086175,0.21655876436127,0.417682685243965,0.173329841777265
25439,0.121445558550928,0.0633814486294531,0.460250215345804,0.354922777473815
25440,0.062498858396514,0.0532674526420011,0.616400940097687,0.267832748863798
25441,0.348155004502305,0.199095962853438,0.149999025820029,0.302750006824228
25442,0.148083026898904,0.135208692292881,0.571966666883001,0.144741613925214
25443,0.379398980467074,0.22611148631825,0.19422726275841,0.200262270456267
25444,0.126328338494726,0.28356594363171,0.332869859323109,0.257235858550456
25445,0.23382264334505,0.471541908707358,0.128294848902635,0.166340599044957
25446,0.350098653175231,0.278868316672339,0.13281318603908,0.23821984411335
25447,0.227917146391778,0.340216324243518,0.151405116877253,0.280461412487451
25448,0.270663409375341,0.400572332456552,0.0990482621222102,0.229715996045897
25449,0.115875739453306,0.463033725524601,0.170421428042154,0.250669106979939
25450,0.511565150482402,0.22728757812126,0.156787918935552,0.104359352460785
25451,0.232300983854621,0.481286158043998,0.188479874490891,0.0979329836104899
25452,0.535010917012238,0.236798251693246,0.0534443522003268,0.17474647909419
25453,0.115412111288412,0.153957032395766,0.244879478048554,0.485751378267268
25454,0.293939828955758,0.159329600563521,0.352347023958058,0.194383546522664
25455,0.334228956878926,0.193837108875686,0.144825769931662,0.327108164313726
25456,0.191061283623527,0.175187037350839,0.196301170304529,0.437450508721106
25457,0.0917824922947494,0.173265925905398,0.546576361936706,0.188375219863146
25458,0.515006694057471,0.170865077152675,0.130969972446895,0.183158256342958
25459,0.71175593120685,0.0728770245727607,0.14613977624378,0.0692272679766094
25460,0.0808756735849781,0.22320338734957,0.56370076509617,0.132220173969281
25461,0.0463569734006051,0.0890662379704775,0.344712574932214,0.519864213696704
25462,0.125669538937026,0.337032551730308,0.0364954826472275,0.500802426685438
25463,0.336663216463362,0.0623037656804154,0.169617663094445,0.431415354761778
25464,0.0221463192514368,0.421661728234036,0.163537677300171,0.392654275214357
25465,0.693591826871872,0.131316242152207,0.0572596298904123,0.117832301085508
25466,0.0756369383453997,0.1152025217211,0.659292579702415,0.149867960231085
25467,0.146266447142775,0.187858916551191,0.051879648237891,0.613994988068143
25468,0.0893694354591264,0.315400404272792,0.216970813533927,0.378259346734155
25469,0.121393942172485,0.462933424893544,0.0328190107598987,0.382853622174073
25470,0.114047687475404,0.146390697489507,0.529070754623216,0.210490860411873
25471,0.0298274221172968,0.298395741918243,0.0321292294945345,0.639647606469926
25472,0.118815456387211,0.135504849353431,0.125386199093028,0.62029349516633
25473,0.276370978339651,0.107262593350625,0.231622180228637,0.384744248081087
25474,0.127888157150005,0.445036356611542,0.0265657578079468,0.400509728430506
25475,0.0749704291017358,0.450747787590584,0.0930929945614656,0.381188788746215
25476,0.179979229167633,0.305956525784535,0.0151530371069288,0.498911207940903
25477,0.0969114571663618,0.0891325793775973,0.239865014429961,0.57409094902608
25478,0.0455770923037631,0.225771883972312,0.0230526873286497,0.705598336395275
25479,0.019970234705752,0.0216257809153974,0.749681121100113,0.208722863278738
25480,0.266763675114562,0.13889255262678,0.298480538429592,0.295863233829066
25481,0.222777915859867,0.522099420933802,0.105577555569793,0.149545107636537
25482,0.28435847963254,0.259020488472044,0.310581909777156,0.146039122118261
25483,0.217907006399608,0.355295578940058,0.32440690112001,0.102390513540323
25484,0.239188146132675,0.116896929422959,0.265827984619274,0.378086939825093
25485,0.431256788318433,0.260831884153394,0.160993704053758,0.146917623474415
25486,0.190484337784111,0.23701464303128,0.382191335643141,0.190309683541468
25487,0.238626429658564,0.161951114567595,0.194597184902382,0.404825270871458
25488,0.229272220943005,0.183500770737687,0.191797466626971,0.395429541692337
25489,0.235494749528703,0.285985868198828,0.232010688753884,0.246508693518585
25490,0.164057837312888,0.169825042525191,0.55002165620363,0.116095463958291
25491,0.124536536038176,0.324846258622999,0.16029831876963,0.390318886569196
25492,0.390978295992072,0.190495304119513,0.27360664977738,0.144919750111036
25493,0.0894139457391723,0.113539759791607,0.354024768428867,0.443021526040354
25494,0.351419897308029,0.302624282556158,0.121978149224805,0.223977670911008
25495,0.38489442894855,0.156944032375502,0.230031282518437,0.228130256157512
25496,0.0907605975990491,0.257549085584534,0.541896543053072,0.109793773763344
25497,0.102819324187584,0.115128445911448,0.658177452335855,0.123874777565113
25498,0.561488471517276,0.105650098012279,0.116251409329743,0.216610021140702
25499,0.179655835895007,0.155491572813808,0.429426680672547,0.235425910618638
25500,0.51663708948762,0.10135411707151,0.20832559194083,0.17368320150004
25501,0.148206120777461,0.36094936824455,0.257178784834593,0.233665726143396
25502,0.338480044728341,0.139373783297333,0.353883123577109,0.168263048397218
25503,0.105043217576626,0.122071508015328,0.473864750529208,0.299020523878837
25504,0.215930707423254,0.527999716785877,0.096437836604654,0.159631739186215
25505,0.190726759737037,0.291288053768613,0.216077266468402,0.301907920025948
25506,0.178658612547256,0.161556726635044,0.374895091111074,0.284889569706627
25507,0.14611798978164,0.224761353371477,0.106137575237999,0.522983081608884
25508,0.0741964249294683,0.572777312007079,0.228680882619674,0.124345380443779
25509,0.371531599706957,0.109103381638725,0.222390273668792,0.296974744985527
25510,0.223573050487903,0.187759921025798,0.248761601763452,0.339905426722847
25511,0.48416320038216,0.0904878712023324,0.103727656809584,0.321621271605923
25512,0.354548290281477,0.146061731949873,0.224301230355357,0.275088747413293
25513,0.0998146827958239,0.189112483596553,0.144344600608471,0.566728232999152
25514,0.135235974009603,0.22213057530508,0.333376595851798,0.30925685483352
25515,0.076206054863257,0.359574932753934,0.0861065697994738,0.478112442583335
25516,0.122762938059068,0.471101238578214,0.0672826089063846,0.338853214456333
25517,0.216864124751883,0.179655517193972,0.146542663317988,0.456937694736158
25518,0.340202018066743,0.271142307183243,0.240031297478681,0.148624377271334
25519,0.24697605935917,0.432447006905459,0.198125954103849,0.122450979631522
25520,0.20388533693388,0.344412267043314,0.346362796516494,0.105339599506312
25521,0.324984602678666,0.330763409125435,0.107601120861846,0.236650867334053
25522,0.147645560995281,0.48011366653834,0.158944953531807,0.213295818934573
25523,0.590620664025689,0.102813340957754,0.123536907474528,0.183029087542029
25524,0.208304436967829,0.243646580708454,0.321890590305828,0.22615839201789
25525,0.430264021102145,0.215915040082156,0.104970641186188,0.248850297629511
25526,0.227953806338429,0.496727004180968,0.116846903003649,0.158472286476953
25527,0.33361411835865,0.235125527556003,0.208713835477933,0.222546518607413
25528,0.413349151898051,0.114430589314142,0.298256361098872,0.173963897688936
25529,0.439799602321408,0.149655264458706,0.231150175255236,0.179394957964649
25530,0.168532228323384,0.485770822723287,0.115064688319406,0.230632260633922
25531,0.0508530175686144,0.191022497188693,0.688434162583069,0.0696903226596246
25532,0.120988279637209,0.545670344328695,0.20028666538552,0.133054710648576
25533,0.294805069584592,0.129404889166854,0.428865608979321,0.146924432269234
25534,0.0772026157341219,0.532878557395434,0.183773936123251,0.206144890747194
25535,0.259335154319404,0.425918286873634,0.0531950623828795,0.261551496424082
25536,0.0601184642568898,0.348342354973288,0.368229666384577,0.223309514385246
25537,0.13127945534529,0.22560293091496,0.327883258276651,0.315234355463099
25538,0.481196235523512,0.144774775057853,0.197823792172358,0.176205197246276
25539,0.461311704420135,0.21745260018586,0.204489237482862,0.116746457911143
25540,0.0854842260886146,0.168614230383706,0.620516319434156,0.125385224093524
25541,0.449752286603698,0.290015478477993,0.16770350658286,0.092528728335449
25542,0.145177373514155,0.454408724124898,0.132262760385085,0.268151141975862
25543,0.293821355061544,0.145010460441788,0.349490877256375,0.211677307240294
25544,0.285888504176028,0.411249281637975,0.0359308262847454,0.266931387901252
25545,0.371405217112535,0.159497421337299,0.245675015203071,0.223422346347095
25546,0.290562308721442,0.498574390750009,0.0724372303201545,0.138426070208394
25547,0.125020326326643,0.198377309160494,0.500945982556517,0.175656381956346
25548,0.152790674949324,0.195215574229605,0.295571041968827,0.356422708852245
25549,0.103067599165847,0.083327909858213,0.480427957093631,0.333176533882309
25550,0.167892356953583,0.092087620467782,0.0895073170031348,0.650512705575501
25551,0.192700063952553,0.116042256440781,0.15813867470391,0.533119004902757
25552,0.171874036020727,0.366111033925066,0.171832151208315,0.290182778845892
25553,0.107853896219531,0.585838616748595,0.14403291746945,0.162274569562423
25554,0.0647704784571179,0.599079374156667,0.132119778562607,0.204030368823609
25555,0.409073117035953,0.0895538359828844,0.0483003856252558,0.453072661355906
25556,0.267052138688961,0.528107640471433,0.115640406685063,0.0891998141545425
25557,0.364588610039766,0.329729534927631,0.195787700629177,0.109894154403426
25558,0.541821702513256,0.145407701542685,0.107256279455544,0.205514316488515
25559,0.59233449527387,0.151271462494572,0.184705609315255,0.0716884329163038
25560,0.309581724809298,0.449625547249828,0.0670464618549447,0.173746266085929
25561,0.191900286744768,0.485324212324957,0.110877566115637,0.211897934814639
25562,0.199215780888677,0.192749832676577,0.390912251267296,0.21712213516745
25563,0.446287025922652,0.168654451006108,0.265211479284673,0.119847043786567
25564,0.0643154856255983,0.150957070399551,0.656510600451986,0.128216843522865
25565,0.404406532944495,0.0418574227523642,0.225216246057932,0.328519798245209
25566,0.071874394559672,0.496007156863879,0.124517780918493,0.307600667657956
25567,0.0344053559065154,0.441078619632357,0.3061469345461,0.218369089915028
25568,0.495970577544239,0.293257880757843,0.129472863915943,0.0812986777819752
25569,0.37934055373176,0.182919213293444,0.348457002797398,0.0892832301773979
25570,0.378380647871511,0.125666778396859,0.276099934402981,0.21985263932865
25571,0.238409210320692,0.11261634362787,0.10549289105621,0.543481554995229
25572,0.56060645719865,0.0762232341708626,0.120449078948458,0.242721229682029
25573,0.12013910319608,0.722667615868419,0.074772694684537,0.0824205862509643
25574,0.0918446754107144,0.0553483127119216,0.527464918644123,0.325342093233241
25575,0.394445687344517,0.197297530808391,0.318738526553231,0.0895182552938605
25576,0.356228518949752,0.226932713583147,0.283397357576062,0.133441409891039
25577,0.425305690695911,0.120629583685133,0.27848902419295,0.175575701426006
25578,0.414644727255048,0.338645640441959,0.101460847704379,0.145248784598614
25579,0.594278989659702,0.161222732197653,0.13014877586907,0.114349502273574
25580,0.221615737407987,0.387236153708288,0.196422563291984,0.194725545591741
25581,0.478252567450098,0.183203307180939,0.0905149808492217,0.248029144519741
25582,0.104752745515755,0.201429905980563,0.162226923552059,0.531590424951624
25583,0.506604666271407,0.108134036541043,0.30981182288658,0.0754494743009699
25584,0.284633480790355,0.316585899507853,0.137278256480449,0.261502363221343
25585,0.162237281724711,0.365295775889404,0.108388991846758,0.364077950539127
25586,0.111941737903904,0.19796761289283,0.635589940849255,0.0545007083540117
25587,0.631085122210591,0.184163811799637,0.0964986415505969,0.0882524244391749
25588,0.284741533278099,0.15986995375972,0.200869237805005,0.354519275157176
25589,0.541514478714916,0.228816569183828,0.121304267305822,0.108364684795433
25590,0.17690108853055,0.250448651379979,0.0866323325043256,0.486017927585146
25591,0.146645282045498,0.398283836013917,0.124843152888834,0.330227729051751
25592,0.338376378815181,0.51357116055123,0.0333931133454824,0.114659347288107
25593,0.155428770744998,0.452739960071451,0.229046166693921,0.162785102489631
25594,0.268855093269296,0.332170032036044,0.201214139179158,0.197760735515502
25595,0.346560509890868,0.390444828996284,0.113366803977995,0.149627857134853
25596,0.0715820451145541,0.0336121836704944,0.727372391539474,0.167433379675478
25597,0.388579252153445,0.150675965097421,0.0957649791583396,0.364979803590795
25598,0.222347100208717,0.347821232751601,0.132569767290762,0.29726189974892
25599,0.166404796915834,0.115339868440748,0.48978541183384,0.228469922809578
25600,0.12766875510179,0.106415590200612,0.613621261814419,0.152294392883179
25601,0.563283083535215,0.0559366540308592,0.286617643528608,0.0941626189053181
25602,0.238738952696665,0.0564631261885997,0.166293709278839,0.538504211835897
25603,0.625550552949342,0.173753907865387,0.101811225527662,0.0988843136576084
25604,0.086964759557279,0.712983302455172,0.158550347488754,0.0415015904987955
25605,0.0551981788606458,0.0507397325047019,0.184056910371669,0.710005178262984
25606,0.0729680632677314,0.712844546512295,0.111255688117704,0.10293170210227
25607,0.357843949323432,0.309956613760591,0.0664465798287147,0.265752857087263
25608,0.0684187295132762,0.205819208713655,0.221304465687215,0.504457596085855
25609,0.690803235836236,0.0976808288913737,0.0570350452583212,0.154480890014069
25610,0.268554473254048,0.100722866051767,0.118057921743909,0.512664738950276
25611,0.0816431873830693,0.274675601888794,0.447071215839183,0.196609994888954
25612,0.0851874206128498,0.213701644041572,0.598621801654836,0.102489133690743
25613,0.333115379161771,0.202887708663304,0.339877788872168,0.124119123302757
25614,0.345023280145344,0.28723108732434,0.216412752111726,0.15133288041859
25615,0.209232184507761,0.526254615961089,0.166107838333733,0.0984053611974169
25616,0.117287492904483,0.460790588021524,0.253618812316707,0.168303106757286
25617,0.433855455132164,0.143511437793398,0.350657210747646,0.0719758963267921
25618,0.136495756234718,0.267238716038503,0.49364123752787,0.102624290198908
25619,0.25535314478186,0.0960091647748538,0.490475634414801,0.158162056028486
25620,0.227424319525643,0.0989848376039349,0.470750796897926,0.202840045972496
25621,0.201007850083564,0.0750884843790254,0.614153138530553,0.109750527006858
25622,0.263029788438487,0.225696595295584,0.348697798167904,0.162575818098025
25623,0.172881904820703,0.500702926651606,0.15286799994212,0.173547168585572
25624,0.274122555854344,0.195158513071482,0.310755961555321,0.219962969518853
25625,0.16036312363972,0.27788776496456,0.253053640006062,0.308695471389659
25626,0.202687132912253,0.47855008786022,0.150838286562467,0.16792449266506
25627,0.272679746670817,0.3696845957667,0.178490175046828,0.179145482515654
25628,0.145429970666628,0.364042446104674,0.282012043287215,0.208515539941483
25629,0.318951626320877,0.372385156902561,0.222215701145179,0.0864475156313834
25630,0.212599622610699,0.532296750460696,0.0893303102839482,0.165773316644657
25631,0.231409787612334,0.186884577378472,0.364120812807219,0.217584822201976
25632,0.178048501154591,0.396645048872927,0.320056263597828,0.105250186374654
25633,0.0880297629679988,0.225555416138427,0.339944249225364,0.34647057166821
25634,0.457206541449786,0.186105785884108,0.157607483586065,0.199080189080041
25635,0.5905077284369,0.167294224111433,0.0592942033497243,0.182903844101943
25636,0.347482271843669,0.188672421277396,0.198769791793378,0.265075515085557
25637,0.311327750248175,0.181736928846961,0.268736236132426,0.238199084772437
25638,0.210554666816115,0.256031234107714,0.0701779052560009,0.46323619382017
25639,0.176409868883123,0.494767688482982,0.1099490417207,0.218873400913195
25640,0.245982319783143,0.112822178427896,0.230031686842512,0.411163814946449
25641,0.192864426537904,0.331449614910973,0.304125160793214,0.171560797757909
25642,0.0268099913042483,0.58957652528234,0.133642968462461,0.249970514950951
25643,0.167377978167772,0.645794717732592,0.0623064699914076,0.124520834108229
25644,0.607245504576663,0.074309874975879,0.125846784678656,0.192597835768802
25645,0.0602367353462715,0.756393412099277,0.0739563917319019,0.109413460822549
25646,0.211264904145429,0.0777699953286843,0.600779861235722,0.110185239290165
25647,0.136078394623137,0.146945630752375,0.371424946861147,0.345551027763342
25648,0.196423974616671,0.0818688710754205,0.350914358805136,0.370792795502773
25649,0.176527533576608,0.577535576179986,0.102571138801019,0.143365751442386
25650,0.0526255035204193,0.0668386525890714,0.531683998085153,0.348851845805357
25651,0.423340469538571,0.317832402968621,0.174688735159426,0.0841383923333816
25652,0.357273299842092,0.202733348317015,0.0986080397525453,0.341385312088348
25653,0.213238874173086,0.298643337812218,0.274042105242541,0.214075682772155
25654,0.107495694246037,0.451062352195428,0.216136599269206,0.225305354289329
25655,0.112167125291285,0.120879846393142,0.582852868781337,0.184100159534237
25656,0.324072696079388,0.271148835360218,0.098805917406289,0.305972551154105
25657,0.16949890737309,0.387617625255997,0.248107757721721,0.194775709649192
25658,0.258558825451443,0.485760017525062,0.100172118241399,0.155509038782097
25659,0.551758602604029,0.161524897657908,0.152288483639797,0.134428016098266
25660,0.10609025890709,0.611922776409666,0.158391334563203,0.123595630120042
25661,0.148715842891658,0.055560813937735,0.299467861313644,0.496255481856963
25662,0.338048753731631,0.362397532662392,0.0372292135484374,0.26232450005754
25663,0.129364969829387,0.110091475410712,0.190842540238238,0.569701014521662
25664,0.0651939336723039,0.494811612202319,0.210916257360236,0.229078196765141
25665,0.0473680602981169,0.25907564522661,0.265770480501312,0.427785813973961
25666,0.134925480463655,0.169355840554818,0.147649482223456,0.548069196758071
25667,0.664242185201207,0.109716782786033,0.118352610534026,0.107688421478734
25668,0.179702360098273,0.177776925865462,0.0515105843821867,0.591010129654078
25669,0.0576859163609966,0.417962150043335,0.152751830246415,0.371600103349253
25670,0.436029045364293,0.265984535369031,0.201746833397405,0.0962395858692709
25671,0.250484216434555,0.425506830717679,0.254329141221182,0.0696798116265844
25672,0.0750102307657431,0.382580390568374,0.264741523290067,0.277667855375816
25673,0.0789233664004716,0.516418485050826,0.133641989608705,0.271016158939998
25674,0.364245308686927,0.260075847863291,0.152374197187237,0.223304646262546
25675,0.269012264787813,0.163306355184314,0.330976975059845,0.236704404968028
25676,0.118649865758096,0.613837503949603,0.135712745234868,0.131799885057433
25677,0.42393262487454,0.311135457195293,0.0526896013212088,0.212242316608959
25678,0.140140766519711,0.341692107245654,0.280888677006759,0.237278449227876
25679,0.157955209490265,0.536857032169425,0.0635830604103047,0.241604697930005
25680,0.0797598168343916,0.636277386829605,0.181512472599509,0.102450323736495
25681,0.0965726483367619,0.380273338934355,0.186917763743187,0.336236248985696
25682,0.21506837551182,0.234053924228324,0.176314949146591,0.374562751113266
25683,0.342378232941593,0.288405260481803,0.223226718771148,0.145989787805457
25684,0.0340769909702181,0.522845628749717,0.149535206079498,0.293542174200567
25685,0.0992644253921065,0.429967533626367,0.0888951687620242,0.381872872219502
25686,0.0786179699240424,0.289193444071273,0.333176488659318,0.299012097345367
25687,0.165354423995054,0.649976200332898,0.069670265752989,0.114999109919059
25688,0.153210448213914,0.355932110208955,0.354006699262308,0.136850742314823
25689,0.625923963115676,0.190174974194585,0.129915673803159,0.0539853888865798
25690,0.197797299789701,0.482761087183504,0.255513768871238,0.0639278441555568
25691,0.185722736579875,0.207180302912326,0.553028257720389,0.0540687027874109
25692,0.439054295103604,0.246979043276282,0.133644271421747,0.180322390198366
25693,0.228051110762621,0.364429451217936,0.322037376887475,0.0854820611319684
25694,0.394046414064515,0.151139918074642,0.275182115837222,0.17963155202362
25695,0.392094724870935,0.315392472122848,0.161926937997284,0.130585865008933
25696,0.156506409987932,0.463352911930569,0.314701577431745,0.0654391006497548
25697,0.0931799747564093,0.282404743356584,0.530376604902418,0.0940386769845885
25698,0.162369133249035,0.445418751124955,0.253758226238933,0.138453889387076
25699,0.278174629131321,0.172128013646232,0.38248509271834,0.167212264504107
25700,0.229759228729947,0.207518444308535,0.438195597886044,0.124526729075474
25701,0.180849488399708,0.5903678608715,0.147923493857925,0.0808591568708671
25702,0.141503705571961,0.306284970737519,0.440752103475766,0.111459220214754
25703,0.233886275510634,0.429567993187836,0.144389561487568,0.192156169813962
25704,0.596480753438778,0.147475680148557,0.165577939622953,0.0904656267897127
25705,0.109419409804812,0.224422952955799,0.537734696910772,0.128422940328618
25706,0.531001062281654,0.231799696765672,0.125826566256194,0.111372674696481
25707,0.305219333502107,0.428785628936715,0.137105963533672,0.128889074027506
25708,0.33635555183277,0.112877557574032,0.477446552118234,0.0733203384749645
25709,0.367307644264097,0.237590189423724,0.318861256129762,0.0762409101824169
25710,0.207141797308361,0.291989636046432,0.381327033109343,0.119541533535864
25711,0.383607293027342,0.200512347517347,0.331112636738227,0.0847677227170841
25712,0.405488319831887,0.251716678666853,0.21546873253101,0.12732626897025
25713,0.321400628394991,0.243341816470754,0.390824497024414,0.0444330581098419
25714,0.388677132217985,0.201370002702473,0.285684100674687,0.124268764404855
25715,0.327899151784143,0.336531428612112,0.277944133706038,0.0576252858977072
25716,0.31705244661235,0.23261364353307,0.318379778341427,0.131954131513153
25717,0.142988346303789,0.495703446938047,0.185636658029426,0.175671548728738
25718,0.484641287306845,0.160171515794329,0.149842744296662,0.205344452602165
25719,0.466080997092909,0.250245746243168,0.202751957927649,0.0809212987362746
25720,0.203896484285562,0.255631830085836,0.348930268243524,0.191541417385079
25721,0.259933287531002,0.229871721428917,0.428278878004378,0.0819161130357028
25722,0.14452431788507,0.28836563530952,0.12775879545626,0.43935125134915
25723,0.164392492217799,0.242185414138617,0.469812167306648,0.123609926336936
25724,0.278101206242631,0.146643771149929,0.262447811677824,0.312807210929615
25725,0.24150560109764,0.282326583065401,0.396981928462328,0.0791858873746315
25726,0.289878519934974,0.295655529354316,0.216607341648773,0.197858609061937
25727,0.184533871359564,0.204728663507266,0.515369049027662,0.0953684161055081
25728,0.263611760777193,0.345998559496686,0.229813684760002,0.160575994966119
25729,0.274088226503678,0.303893565484164,0.33608936722151,0.0859288407906484
25730,0.606510129169873,0.132385363013626,0.226033750112578,0.0350707577039228
25731,0.403526990013848,0.0990370049164344,0.370067993306758,0.12736801176296
25732,0.11005606290783,0.122229519845485,0.714020584714243,0.0536938325324429
25733,0.297314905971574,0.273828160850994,0.214129779258474,0.214727153918958
25734,0.284151855499326,0.356407881700521,0.24592171344955,0.113518549350603
25735,0.183957666987528,0.221595382857987,0.44850702222125,0.145939927933236
25736,0.34413275851155,0.206836371306595,0.302431545897983,0.146599324283872
25737,0.226584986592242,0.618371873832186,0.0600080732360127,0.0950350663395598
25738,0.268264900617842,0.285362478560896,0.16752053451632,0.278852086304942
25739,0.148934602413915,0.125790250604147,0.553204507201792,0.172070639780145
25740,0.427040765035178,0.214146007785602,0.208931907303604,0.149881319875616
25741,0.378678892822615,0.411748352529001,0.0438160797131707,0.165756674935213
25742,0.0913339959860856,0.62217617090639,0.15854380968467,0.127946023422854
25743,0.128967019726616,0.351012819823914,0.243090066173045,0.276930094276424
25744,0.41688652223247,0.340561718113567,0.0941582853070263,0.148393474346937
25745,0.201143447539554,0.436410122180052,0.245468169321724,0.116978260958669
25746,0.702490211061111,0.0917989876328713,0.165872707084624,0.0398380942213939
25747,0.544800054544073,0.194232907679976,0.132735425089952,0.128231612685999
25748,0.0952424830464091,0.536619119084903,0.130828155489876,0.237310242378813
25749,0.495021036918471,0.210447242167468,0.138845401336562,0.155686319577499
25750,0.250117853105088,0.10432999552702,0.542087501958757,0.103464649409135
25751,0.178244745245725,0.196799215187803,0.514140188165134,0.110815851401337
25752,0.23970415948511,0.146021695571396,0.232026262646744,0.38224788229675
25753,0.425042062532423,0.10517983641803,0.313088111869075,0.156689989180472
25754,0.643151888078773,0.086030348400565,0.129276002379326,0.141541761141336
25755,0.209426128768586,0.0691802091932775,0.189613088578641,0.531780573459495
25756,0.262102837906556,0.587961934997344,0.0733553788877745,0.0765798482083251
25757,0.206075618357821,0.103831903321836,0.11904458164016,0.571047896680183
25758,0.156052880412022,0.0682363081948083,0.333430303288183,0.442280508104987
25759,0.30941423637443,0.479961185130092,0.0770464791353218,0.133578099360156
25760,0.626483725430749,0.122029771432759,0.147475833914959,0.104010669221533
25761,0.101782768330257,0.300520222867013,0.0937258925961694,0.50397111620656
25762,0.133860644285959,0.4925015296564,0.126282789937059,0.247355036120582
25763,0.356868240176419,0.164643465297845,0.195416286845078,0.283072007680659
25764,0.320199141738127,0.0731385877906244,0.193361527823417,0.413300742647832
25765,0.380134517170944,0.127064369218736,0.252191890961383,0.240609222648937
25766,0.126844278022734,0.569250469595069,0.177451885242005,0.126453367140193
25767,0.377200872640321,0.27018787234299,0.106980292553766,0.245630962462923
25768,0.31873556418603,0.204451918887601,0.125213099363307,0.351599417563063
25769,0.438350795304505,0.248115703078837,0.168021229580152,0.145512272036507
25770,0.202524109256892,0.14683462643165,0.314594424862327,0.336046839449131
25771,0.102505935412673,0.499848921341358,0.253160512177181,0.144484631068788
25772,0.108034628290857,0.34794674732597,0.185743839347431,0.358274785035742
25773,0.396750336048346,0.125807133312235,0.0816910779757511,0.395751452663668
25774,0.134734929611032,0.27235052964656,0.521534887857345,0.071379652885064
25775,0.324449184082115,0.117797456806011,0.480152828404455,0.0776005307074181
25776,0.243343705163664,0.085991490780206,0.183532335422752,0.487132468633378
25777,0.102276461937961,0.185320258373802,0.62137424702566,0.0910290326625772
25778,0.257191352017187,0.464822873569085,0.0916588670801479,0.18632690733358
25779,0.254966290454173,0.299075709394122,0.10023347435526,0.345724525796445
25780,0.10888847191297,0.283234449711,0.297147665087558,0.310729413288472
25781,0.418150499402398,0.208375104924309,0.0517679150419245,0.321706480631368
25782,0.0800651268868886,0.370812846726332,0.0209414900070961,0.528180536379684
25783,0.257775444900455,0.18326104629699,0.305072104419428,0.253891404383127
25784,0.320091289750096,0.292792017114328,0.256540979916723,0.130575713218853
25785,0.184611233239687,0.271355195521032,0.354615787515771,0.189417783723511
25786,0.339802223264684,0.28581251373254,0.237730605791545,0.136654657211231
25787,0.276824108109235,0.382884037624076,0.255194541878583,0.0850973123881057
25788,0.319448035698932,0.282977303466729,0.290816029731221,0.106758631103118
25789,0.45154999360238,0.194609380536285,0.242915630575291,0.110924995286044
25790,0.284016388283648,0.394423555975715,0.145195128505002,0.176364927235636
25791,0.175160728330973,0.393361038594087,0.289458331415353,0.142019901659587
25792,0.297028118383086,0.229600033511301,0.328261569632762,0.145110278472851
25793,0.179231073543895,0.432842642095769,0.211040113566513,0.176886170793823
25794,0.376329518712667,0.221422622684503,0.207384191100967,0.194863667501863
25795,0.173338130269781,0.398311617064853,0.300710392605032,0.127639860060333
25796,0.247656693370438,0.21180217569237,0.440374581913833,0.100166549023359
25797,0.221195372391261,0.374653334179289,0.191436144106925,0.212715149322524
25798,0.162275600274963,0.37625186767009,0.188522267962655,0.272950264092292
25799,0.277605185194694,0.164456617617238,0.412547910520751,0.145390286667317
25800,0.284508690116936,0.236940703633372,0.132626062551688,0.345924543698004
25801,0.187900631587503,0.265536759760697,0.26178192920987,0.284780679441931
25802,0.1966302466062,0.186572246024334,0.168731710795877,0.448065796573589
25803,0.539240173943266,0.2524065430606,0.0875550166617776,0.120798266334357
25804,0.152480696175002,0.211766585623,0.4851563163714,0.150596401830598
25805,0.245262714224875,0.485235883614877,0.204485515540421,0.0650158866198281
25806,0.386458862256284,0.229476794056599,0.276024283152728,0.108040060534389
25807,0.126224912803957,0.629844815902394,0.118715570183177,0.125214701110472
25808,0.359725431116229,0.341361933353131,0.106384954416503,0.192527681114137
25809,0.086396414845825,0.140682636448813,0.509262705219277,0.263658243486085
25810,0.268416733615482,0.113578638062381,0.419616588857821,0.198388039464317
25811,0.200609113503228,0.560315885799443,0.16284236954606,0.0762326311512691
25812,0.205157556120353,0.147808894968493,0.487235665836358,0.159797883074796
25813,0.611280846642787,0.187396766080999,0.117190655200683,0.0841317320755313
25814,0.133723392095951,0.386738635517303,0.179910937726577,0.299627034660169
25815,0.213189223948386,0.535404121461181,0.174173247019479,0.0772334075709544
25816,0.0593679549242904,0.482343887196703,0.267889597193426,0.190398560685582
25817,0.128311831019121,0.0908240174620034,0.174933883557814,0.605930267961061
25818,0.111155981853082,0.486064000829694,0.227200333514201,0.175579683803023
25819,0.450345528691276,0.178608746033042,0.187351153400177,0.183694571875505
25820,0.0977008647535494,0.103977198722337,0.281512532534632,0.516809403989481
25821,0.22076435496805,0.0611924604114568,0.523608593734518,0.194434590885975
25822,0.238787329179039,0.19053145941931,0.438738751212119,0.131942460189532
25823,0.332210495311047,0.282883914385842,0.195960113614429,0.188945476688682
25824,0.365352759908528,0.234103186472697,0.233160145131549,0.167383908487226
25825,0.120759696806659,0.329577077272186,0.404195052461343,0.145468173459812
25826,0.295476117975937,0.306070532979296,0.211085089756514,0.187368259288254
25827,0.295380537170212,0.244691670814586,0.230238163073668,0.229689628941534
25828,0.302254912313326,0.450449667339644,0.120640440928104,0.126654979418926
25829,0.245157533641987,0.445405152276327,0.102035127439834,0.207402186641852
25830,0.137340832506986,0.337330528536937,0.439479858492645,0.0858487804634312
25831,0.181059662057922,0.168428962077138,0.281195031591804,0.369316344273137
25832,0.115057244822518,0.3378012243705,0.281032465890354,0.266109064916629
25833,0.20104317344325,0.325576732889132,0.346001194981777,0.127378898685841
25834,0.404236951755893,0.179871913185364,0.244256518735517,0.171634616323226
25835,0.18093132529783,0.114289261472597,0.415226525322991,0.289552887906581
25836,0.0810983988866583,0.17790530938321,0.494277564870255,0.246718726859877
25837,0.198733592500816,0.237351443668575,0.353196747609019,0.21071821622159
25838,0.198699336419884,0.456391139786983,0.0755734500603955,0.269336073732738
25839,0.536872259388805,0.234114586066738,0.0933037754393146,0.135709379105143
25840,0.119454530622921,0.348467825511658,0.268758703739129,0.263318940126293
25841,0.196393433926219,0.158726038651821,0.391667879243715,0.253212648178245
25842,0.265585892177962,0.489884600032834,0.14347853010115,0.101050977688054
25843,0.343556193509262,0.472062095820741,0.100942094025952,0.083439616644045
25844,0.556258915413347,0.0856879145655021,0.228170778556475,0.129882391464676
25845,0.143542014113527,0.372452800987298,0.40215532873032,0.0818498561688554
25846,0.312519384394428,0.174378804388755,0.255625342004136,0.257476469212681
25847,0.446461005595348,0.100381169543775,0.111372418320323,0.341785406540554
25848,0.14686083326608,0.493321723243617,0.11220131538721,0.247616128103093
25849,0.308346587566048,0.215473301763137,0.365109831963511,0.111070278707304
25850,0.190469060867384,0.282605837113877,0.37542503512713,0.151500066891609
25851,0.623028638514055,0.191549304736175,0.0998213176538326,0.085600739095937
25852,0.22311300356425,0.276505478029153,0.218955226329429,0.281426292077168
25853,0.126318868538954,0.345036644809798,0.387230645276204,0.141413841375044
25854,0.342480117482583,0.17845191556733,0.0728648546068606,0.406203112343227
25855,0.488858501630554,0.119905063973609,0.166314487930704,0.224921946465133
25856,0.52525932064464,0.213503831296053,0.0648674356253293,0.196369412433978
25857,0.0580379669627639,0.11439731181886,0.211969988401932,0.615594732816445
25858,0.101234413068289,0.356674903164552,0.159847046743141,0.382243637024018
25859,0.188054864443863,0.0886336042815664,0.236555641687916,0.486755889586655
25860,0.398446470853606,0.151400972799105,0.179834267852237,0.270318288495052
25861,0.206771652904748,0.178034396803882,0.452255844239976,0.162938106051393
25862,0.245485926924649,0.0949831412371784,0.484875733260015,0.174655198578158
25863,0.101283757347817,0.0765860542022333,0.742596688420868,0.0795335000290821
25864,0.562867212067166,0.132437884963088,0.104379518635717,0.200315384334029
25865,0.110286693474061,0.342559992798995,0.436895027972844,0.110258285754101
25866,0.167403113923125,0.188556523815169,0.443168167539684,0.200872194722022
25867,0.135684875770459,0.445557780904294,0.211503598917655,0.207253744407593
25868,0.172487711156706,0.374310294116929,0.0878401765870838,0.365361818139281
25869,0.0443129646352572,0.33389329084735,0.271297374040443,0.35049637047695
25870,0.112984978478072,0.068229900096457,0.241753320428369,0.577031800997102
25871,0.0365154673772074,0.190519141408267,0.656070661331671,0.116894729882855
25872,0.0608354414569172,0.18196339511965,0.62165738059461,0.135543782828823
25873,0.0552311485284103,0.122884295217472,0.201838289318213,0.620046266935904
25874,0.561302089711831,0.0592797398648858,0.222539111973205,0.156879058450078
25875,0.158621544074089,0.157318577747878,0.466606293928239,0.217453584249795
25876,0.551643450318088,0.029071040833425,0.138013435472134,0.281272073376353
25877,0.532679686039936,0.0661568888828463,0.12935777076723,0.271805654309988
25878,0.258785493043551,0.0951314619456153,0.190577596710328,0.455505448300506
25879,0.198367710291116,0.472323901750984,0.167837793268358,0.161470594689542
25880,0.212341754402329,0.563083120941644,0.179206327915537,0.0453687967404898
25881,0.328063209112932,0.376870294183729,0.244304479422499,0.0507620172808411
25882,0.24446459853367,0.393067297539731,0.257671181719929,0.10479692220667
25883,0.518122275748789,0.247118427468956,0.144129482719238,0.0906298140630166
25884,0.159220604190822,0.466781200981339,0.288096573723221,0.0859016211046179
25885,0.283330360523402,0.170494170510577,0.220328458905828,0.325847010060193
25886,0.10427528132462,0.580876875026607,0.242008508055537,0.0728393355932369
25887,0.337126203712128,0.198174414486131,0.311050560479974,0.153648821321766
25888,0.431038907383984,0.170774546726376,0.247357178272974,0.150829367616666
25889,0.175428741802462,0.29712865750738,0.345249434692985,0.182193165997174
25890,0.535780633912638,0.195875428009358,0.130730135196227,0.137613802881777
25891,0.209547188109346,0.147793573853554,0.576451789343925,0.0662074486931749
25892,0.208288138074302,0.272341813389227,0.289397908463673,0.229972140072798
25893,0.304502179518368,0.398969694769929,0.149090486344865,0.147437639366838
25894,0.457245623789847,0.35352188335722,0.0763057489169543,0.112926743935978
25895,0.383662130399961,0.133461604907036,0.25895880501009,0.223917459682913
25896,0.179838981399852,0.222264492165741,0.47678963040472,0.121106896029687
25897,0.171813982697253,0.475776509862193,0.232312478623482,0.120097028817073
25898,0.235275465709919,0.399270215814865,0.323319587092793,0.0421347313824222
25899,0.111935753577978,0.578299962475713,0.140329489616023,0.169434794330287
25900,0.153239513741813,0.312300805823899,0.369812601919946,0.164647078514343
25901,0.22254517477066,0.364585150065136,0.342698061423241,0.0701716137409625
25902,0.101193765369948,0.346987655163929,0.430653743256227,0.121164836209896
25903,0.262135531838624,0.272144020066532,0.366361279221996,0.0993591688728485
25904,0.0637765275015243,0.402607786098372,0.442566106804774,0.0910495795953302
25905,0.181052799163573,0.32344393806535,0.385415654959766,0.110087607811311
25906,0.307712208871162,0.477091665657788,0.16532713626284,0.0498689892082099
25907,0.159663010480303,0.519777033389825,0.258913900345896,0.0616460557839762
25908,0.257431435778551,0.137855349413118,0.346115401024219,0.258597813784113
25909,0.471643413380589,0.251323360760643,0.205366771343846,0.0716664545149219
25910,0.0569407373758685,0.410355137895426,0.396903420992264,0.135800703736442
25911,0.388573511385447,0.134617778869971,0.269865829502276,0.206942880242306
25912,0.367214467194651,0.347158479090137,0.156423118179349,0.129203935535864
25913,0.0820105544223348,0.271527003243122,0.425016998304014,0.221445444030529
25914,0.199962907264396,0.17598873724112,0.522884078363948,0.101164277130535
25915,0.441110772209413,0.169184555200576,0.290514053910289,0.0991906186797214
25916,0.143179762538312,0.466915619310414,0.143940793338412,0.245963824812862
25917,0.26415153188692,0.437176864809211,0.105350108269081,0.193321495034788
25918,0.156268619064527,0.310393502444852,0.344809351739014,0.188528526751607
25919,0.304275626177072,0.0479480884691542,0.291668872550113,0.35610741280366
25920,0.298499928817428,0.402643265560451,0.114873919909162,0.18398288571296
25921,0.0835653080553435,0.142108113234684,0.655693617588646,0.118632961121327
25922,0.0475712761269171,0.061663433128238,0.400131328023328,0.490633962721517
25923,0.249143230309408,0.115403214863439,0.082641804502622,0.552811750324531
25924,0.677470667348001,0.116785273081331,0.0988146724686625,0.106929387102006
25925,0.131215664154209,0.114802292802475,0.601221277543723,0.152760765499593
25926,0.435843734758224,0.395047115631043,0.0742030303855695,0.094906119225163
25927,0.127192312626841,0.406329591687536,0.155759080606311,0.310719015079312
25928,0.179191447180418,0.413424561451549,0.252204889749842,0.155179101618191
25929,0.0278987559465829,0.36406581800841,0.0865991225678057,0.521436303477201
25930,0.288870255911364,0.301736290495075,0.302353628110413,0.107039825483148
25931,0.0483029429368945,0.0618596127641078,0.78559783462767,0.104239609671327
25932,0.0562432871714262,0.399756751837791,0.149972999596417,0.394026961394366
25933,0.116617989310826,0.127976239990098,0.557709716831128,0.197696053867948
25934,0.0634005368987063,0.067142279384595,0.553370237225057,0.316086946491642
25935,0.176502780806749,0.216971807033836,0.107298364953114,0.499227047206301
25936,0.282962384332209,0.0812571708153758,0.519518107001495,0.11626233785092
25937,0.639719309191948,0.112855127346481,0.102056806389253,0.145368757072317
25938,0.0839556642346551,0.547668964657312,0.134613553432691,0.233761817675342
25939,0.148649830066332,0.11336144556025,0.438375640134388,0.299613084239031
25940,0.0497796154043746,0.247288562280826,0.115661810179578,0.587270012135221
25941,0.0814819488534758,0.307978018191553,0.50702422043023,0.103515812524741
25942,0.100832817645678,0.354014819387786,0.293402832329442,0.251749530637094
25943,0.0444742548606765,0.376036984921332,0.240155559049882,0.33933320116811
25944,0.182592905392462,0.118635646713278,0.101188702918468,0.597582744975792
25945,0.179505849177773,0.104431379006706,0.199665644970566,0.516397126844955
25946,0.519230915815039,0.201319877840845,0.0901749065336378,0.189274299810478
25947,0.371590021604679,0.234193275767164,0.1775878182968,0.216628884331357
25948,0.041149260704055,0.113042663512877,0.159304243120608,0.686503832662461
25949,0.0688926573851834,0.254537323689217,0.473370279649013,0.203199739276587
25950,0.661031528547356,0.109766140903975,0.136245565159554,0.0929567653891163
25951,0.100540495824718,0.181290509876402,0.427413961908557,0.290755032390323
25952,0.0454751663428525,0.126956834245485,0.544591082497555,0.282976916914107
25953,0.255293216902633,0.112015422707993,0.106325834615883,0.526365525773491
25954,0.625899799416747,0.0356132011966154,0.0400914890200818,0.298395510366557
25955,0.0981085602502263,0.563782723147224,0.244344349255082,0.0937643673474676
25956,0.250991993055353,0.288374023554777,0.411984418680814,0.0486495647090558
25957,0.478767752499134,0.266447103966745,0.19722140233802,0.0575637411961011
25958,0.336752224561762,0.40527461009879,0.16253124040648,0.0954419249329676
25959,0.110629226527734,0.340369319273283,0.441469925169187,0.107531529029797
25960,0.350775322540715,0.405017084979868,0.181941000208267,0.0622665922711498
25961,0.297318544586022,0.282634601057836,0.371413648787819,0.0486332055683231
25962,0.57844604288168,0.221947638403954,0.11136239442789,0.0882439242864764
25963,0.144688785510048,0.444536144526231,0.336392796688369,0.0743822732753523
25964,0.393125964663317,0.355962191743777,0.145509691638414,0.105402151954492
25965,0.340848601994244,0.155489119688948,0.399166473535271,0.104495804781537
25966,0.297177066293506,0.164543719045856,0.440787057077289,0.0974921575833493
25967,0.296828561625122,0.205689919586738,0.170568263421592,0.326913255366548
25968,0.286462686616688,0.353009798298889,0.204571836385672,0.155955678698751
25969,0.091310968259468,0.427958751534171,0.423775882684431,0.0569543975219304
25970,0.303885635868273,0.377925506316758,0.211542158598412,0.106646699216558
25971,0.358592364383622,0.270862409432734,0.300416194077849,0.0701290321057948
25972,0.209013597112423,0.40109728456574,0.238461741324888,0.151427376996949
25973,0.21703638010479,0.294933266925155,0.389925354537078,0.0981049984329769
25974,0.473328156830529,0.099122448430153,0.209601631274595,0.217947763464722
25975,0.10453372445154,0.449187543870266,0.286629431570982,0.159649300107213
25976,0.102938108761091,0.34062278840402,0.219192887585873,0.337246215249016
25977,0.4262279473933,0.177081769233609,0.330979503303749,0.0657107800693419
25978,0.268789045774864,0.515139603362624,0.162583540384598,0.0534878104779127
25979,0.579959499152947,0.0986032303902371,0.236387956508099,0.0850493139487176
25980,0.12505942981541,0.42038087547709,0.367883343626233,0.0866763510812667
25981,0.45109271398657,0.187630642911572,0.295643633551729,0.0656330095501295
25982,0.145930855311704,0.0989787391401217,0.63896378847003,0.116126617078144
25983,0.460934419210232,0.247128370528439,0.187522842287285,0.104414367974045
25984,0.329230112197353,0.122618815305847,0.313314407698476,0.234836664798324
25985,0.18839275661923,0.165487837343904,0.070896830680695,0.575222575356172
25986,0.484201957300128,0.0836739232967152,0.2075785351462,0.224545584256957
25987,0.110491853881428,0.188979713582543,0.641706091589067,0.0588223409469621
25988,0.0895182308126679,0.47063918173115,0.352839384723351,0.0870032027328307
25989,0.061609530671961,0.1919005068875,0.162329908334679,0.58416005410586
25990,0.0845930855007518,0.18931400888902,0.582074983992989,0.14401792161724
25991,0.253210644248556,0.13638160566334,0.148887982048371,0.461519768039732
25992,0.0540777216734876,0.347233021538488,0.474498593726298,0.124190663061726
25993,0.260723278971512,0.390376391864015,0.128002613205648,0.220897715958826
25994,0.213972241208651,0.161709993194508,0.214655938371744,0.409661827225098
25995,0.252450842186839,0.434310482244888,0.16536286673726,0.147875808831012
25996,0.292857965915212,0.261906242844603,0.336871541504593,0.108364249735592
25997,0.395203482846109,0.237056230458909,0.195519657201527,0.172220629493455
25998,0.333113355059045,0.258718876360639,0.234645872075907,0.173521896504409
25999,0.184627737424892,0.345155698722103,0.390235979575671,0.0799805842773337
26000,0.188780825359032,0.467547789201684,0.157007949020327,0.186663436418957
26001,0.26642333426778,0.482537703181117,0.130649852245293,0.12038911030581
26002,0.444177278537938,0.228663637790635,0.212056510091082,0.115102573580345
26003,0.318089140484167,0.159513445391324,0.17814822266804,0.344249191456469
26004,0.13935626596637,0.467548257034345,0.166722816842712,0.226372660156574
26005,0.102200864172287,0.228895212534235,0.405738797566923,0.263165125726555
26006,0.17124339796015,0.298511360342517,0.2105723582987,0.319672883398632
26007,0.258669008291941,0.430934226457509,0.234811293820737,0.0755854714298139
26008,0.185782334807507,0.0966897273322779,0.579387493605184,0.138140444255031
26009,0.159359898323367,0.657180909584096,0.11312171694309,0.0703374751494474
26010,0.257802264154104,0.212693835006469,0.184033506502801,0.345470394336626
26011,0.599342509777908,0.163341443498057,0.161605338101255,0.0757107086227802
26012,0.269533504767005,0.268837001535231,0.26953018359592,0.192099310101844
26013,0.168000484954887,0.261125648766436,0.320193143643833,0.250680722634844
26014,0.330366607475591,0.295644336532009,0.198972258347403,0.175016797644997
26015,0.193455944355704,0.426853977299713,0.275289790226916,0.104400288117667
26016,0.362736541989346,0.250169425131721,0.244726256269631,0.142367776609302
26017,0.45549467352703,0.145240814127402,0.238040369459257,0.161224142886311
26018,0.289970860093477,0.359062739809609,0.101552572008702,0.249413828088212
26019,0.137243121399226,0.449986277726069,0.237277750643586,0.175492850231119
26020,0.262294330540154,0.177943502529098,0.361874467258519,0.197887699672229
26021,0.137304972749621,0.473070555888206,0.150047918703848,0.239576552658326
26022,0.389095537482127,0.243192302713857,0.12397008151683,0.243742078287186
26023,0.13402573077154,0.377483057514701,0.332151002626078,0.156340209087681
26024,0.255542633173852,0.132915066174502,0.500326246972476,0.11121605367917
26025,0.194453665141446,0.42308130435615,0.118943619951714,0.26352141055069
26026,0.159716376253173,0.335204251196343,0.140540925633954,0.36453844691653
26027,0.234793004776208,0.10331419402434,0.496622546455123,0.165270254744329
26028,0.28580580691559,0.187994720501374,0.0951201054909637,0.431079367092073
26029,0.144463281906924,0.271245611653933,0.207363090133213,0.37692801630593
26030,0.193871761441867,0.155341004897803,0.111722609744855,0.539064623915476
26031,0.302475640549724,0.300480835413999,0.284566345306692,0.112477178729584
26032,0.377251381322362,0.303516372357767,0.214710705776304,0.104521540543566
26033,0.304817171327497,0.41588807161576,0.131474284809371,0.147820472247372
26034,0.220132279367495,0.134222511196896,0.49509738831319,0.150547821122419
26035,0.387564972487279,0.104354280779168,0.337744491978856,0.170336254754698
26036,0.347620531076469,0.0819227064854817,0.416161790965298,0.154294971472752
26037,0.16107080066917,0.677743126581253,0.0976753627424686,0.0635107100071084
26038,0.0685442884370233,0.464465963986519,0.238719430780687,0.228270316795771
26039,0.40844830474499,0.0840686479757433,0.307545504520424,0.199937542758843
26040,0.119069974397484,0.265097874485226,0.541111390277904,0.0747207608393869
26041,0.312059400307694,0.311173806799136,0.194556383171699,0.182210409721471
26042,0.190166088126533,0.409180193567764,0.11318295800419,0.287470760301512
26043,0.133879822323616,0.250281013752473,0.534828074097097,0.0810110898268133
26044,0.568886988527198,0.209891387106819,0.129485055465294,0.0917365689006889
26045,0.188374901801771,0.53016194973514,0.157822827318143,0.123640321144946
26046,0.268590128586641,0.18630848070832,0.15901408798352,0.386087302721519
26047,0.249988007842205,0.110017153145307,0.39221473006775,0.247780108944738
26048,0.095342701601813,0.303818094967768,0.355471713380436,0.245367490049983
26049,0.19117824854432,0.223043654838632,0.494428357403417,0.0913497392136311
26050,0.252404034863516,0.229108756475164,0.426322869443335,0.0921643392179847
26051,0.161356873057731,0.459520535525065,0.169767243677795,0.209355347739409
26052,0.133813663713209,0.353203404015993,0.182622826821793,0.330360105449004
26053,0.193855164402323,0.348737130466273,0.356808904744207,0.100598800387198
26054,0.232066010058313,0.344736089134909,0.201337980094431,0.221859920712348
26055,0.379780825158695,0.3278774152172,0.13037796321511,0.161963796408995
26056,0.363582106781472,0.139951630531138,0.256481557089506,0.239984705597885
26057,0.387472612996462,0.272903457979732,0.244307042142778,0.0953168868810283
26058,0.133954219593988,0.524304065444054,0.114881218271871,0.226860496690087
26059,0.473850449236973,0.262228910344877,0.187426773524355,0.0764938668937956
26060,0.479148344661824,0.273477178737866,0.132460911972899,0.114913564627412
26061,0.424712338230826,0.212019742325245,0.202229493351193,0.161038426092736
26062,0.266517459712699,0.228637850800864,0.329270488941004,0.175574200545434
26063,0.468168613151154,0.0554829397632525,0.266637105753019,0.209711341332574
26064,0.18236634284241,0.12962331950519,0.480821733977038,0.207188603675362
26065,0.574069744875875,0.176211179281645,0.122650620690306,0.127068455152174
26066,0.252073265992333,0.404260919993874,0.118723730162945,0.224942083850848
26067,0.434591120366844,0.311327136623031,0.142294535076643,0.111787207933482
26068,0.126555312052502,0.555467603172796,0.164288186783144,0.153688897991558
26069,0.134431205910772,0.112490212558763,0.66347250456261,0.0896060769678546
26070,0.49562675972154,0.23296080212022,0.120642586299371,0.15076985185887
26071,0.452832809867372,0.153279028351652,0.213775862054269,0.180112299726707
26072,0.278055265393941,0.306033567881842,0.338580236530371,0.0773309301938468
26073,0.238031019739215,0.391855294197509,0.241804831772687,0.12830885429059
26074,0.171548006104504,0.257123288420936,0.506230340920778,0.065098364553782
26075,0.209980785772627,0.347293511566565,0.30331802849629,0.139407674164518
26076,0.243760704845381,0.113104573452197,0.508953805249294,0.134180916453128
26077,0.0936602102237432,0.557673716754345,0.24373744247183,0.104928630550082
26078,0.169532097314785,0.2163198951785,0.579126554121688,0.0350214533850271
26079,0.13063867070041,0.269475078547029,0.389225632004702,0.210660618747859
26080,0.146657021491393,0.577628949118978,0.188618051537425,0.0870959778522045
26081,0.134116182681305,0.221759276289954,0.550344874640854,0.0937796663878869
26082,0.270793981625252,0.135081699912625,0.371532004217941,0.222592314244183
26083,0.19092873953703,0.334420767110741,0.238298201215271,0.236352292136958
26084,0.097151017359373,0.423638812098873,0.306610733967687,0.172599436574068
26085,0.251034862871241,0.203266995365297,0.272953366784699,0.272744774978762
26086,0.479157018396537,0.129352300270682,0.189620816133503,0.201869865199277
26087,0.137601421465029,0.341480326340261,0.40035132941707,0.12056692277764
26088,0.146776342234324,0.262990409815013,0.227716074914664,0.362517173036
26089,0.288500114199627,0.145908460166312,0.218277054940143,0.347314370693918
26090,0.378297237351459,0.0912332071681429,0.329702789620153,0.200766765860245
26091,0.114005637823307,0.109058975806367,0.620551610908445,0.156383775461881
26092,0.21784598662955,0.281534539201559,0.0338042060079899,0.466815268160901
26093,0.382519037393157,0.216413814262625,0.112764598497541,0.288302549846677
26094,0.295505390934397,0.0458970908952148,0.169118314460905,0.489479203709483
26095,0.0481675459141268,0.245113268478201,0.233091670478522,0.473627515129151
26096,0.539378072000865,0.165874580770598,0.111878300193644,0.182869047034893
26097,0.0389003302486393,0.522969279768729,0.0715758935755707,0.366554496407061
26098,0.668726831317757,0.112314623112591,0.0887161268040441,0.130242418765608
26099,0.0991092841064039,0.279696913899922,0.0958462525379972,0.525347549455677
26100,0.496014376270001,0.123728989814076,0.158547655729492,0.221708978186431
26101,0.537772608540792,0.288110154319973,0.0578845301255033,0.116232707013732
26102,0.103952139214288,0.107487910001494,0.134917019558548,0.65364293122567
26103,0.0688147439862724,0.570257383242625,0.166493515266321,0.194434357504782
26104,0.0635992611089665,0.151681627364094,0.162824325269756,0.621894786257184
26105,0.30133675608248,0.0904982427157725,0.0549013602920749,0.553263640909673
26106,0.0431780145031582,0.551153364442445,0.155852020572445,0.249816600481952
26107,0.224868340816875,0.56054744332457,0.115934987287902,0.0986492285706528
26108,0.255321080582971,0.290601578673535,0.250205224136043,0.203872116607451
26109,0.18793275910794,0.280619327002068,0.347878018781665,0.183569895108328
26110,0.443085351501978,0.180909654449359,0.254905494313375,0.121099499735289
26111,0.15463892498654,0.181016628538221,0.470712981594614,0.193631464880626
26112,0.117398666473589,0.48670668718279,0.222369036795624,0.173525609547997
26113,0.296222166526383,0.39691182139021,0.13448611257267,0.172379899510737
26114,0.25926248002796,0.468069824120215,0.179951106566099,0.0927165892857258
26115,0.24182725129143,0.107147743093651,0.553741430634749,0.0972835749801704
26116,0.137973651755026,0.200162763794418,0.476014279388018,0.185849305062539
26117,0.396976734441207,0.212438029445459,0.139063754929222,0.251521481184112
26118,0.392436085548121,0.226129068562946,0.118970726524887,0.262464119364047
26119,0.192927051425739,0.574160556000531,0.147990213980283,0.0849221785934472
26120,0.165476877740143,0.436338767095933,0.204006807840144,0.19417754732378
26121,0.397899374501314,0.111756105147313,0.230735357521566,0.259609162829807
26122,0.112727057260061,0.234436625462632,0.33165461967532,0.321181697601988
26123,0.179503027525628,0.188238509845567,0.380700479306441,0.251557983322364
26124,0.216272477096581,0.163062623283211,0.360141237408033,0.260523662212174
26125,0.368362866341922,0.208189876522742,0.274351981163728,0.149095275971608
26126,0.578070797274974,0.0559611712644067,0.115075144410809,0.25089288704981
26127,0.521941419027815,0.237317675539255,0.123775692167684,0.116965213265246
26128,0.241637073544649,0.169659235234123,0.102763221923344,0.485940469297885
26129,0.196467372754529,0.243462258708424,0.449099710248351,0.110970658288695
26130,0.423850948341645,0.174207806754584,0.100402884600071,0.301538360303701
26131,0.352908111075978,0.0541795363641305,0.234397539111394,0.358514813448498
26132,0.181533608112951,0.0591194989850328,0.438493789659769,0.320853103242248
26133,0.0731104717022088,0.458740121137224,0.220676063795606,0.247473343364961
26134,0.157638169525149,0.629285022824086,0.082739486100825,0.13033732154994
26135,0.100398223593221,0.271701457758887,0.266730051607575,0.361170267040318
26136,0.333174036890297,0.247906315479708,0.0927692162102722,0.326150431419723
26137,0.135345393317864,0.462511777636548,0.128000560052776,0.274142268992813
26138,0.0757664856720463,0.22966633713809,0.0437538124793367,0.650813364710527
26139,0.160038021401432,0.525175162555864,0.0511474276826947,0.26363938836001
26140,0.189592728900765,0.0398586738791696,0.391332992006645,0.379215605213421
26141,0.183134545503681,0.10556387677635,0.106772210088592,0.604529367631376
26142,0.0380725828886241,0.542366420895493,0.129022752965672,0.290538243250212
26143,0.0717452001821536,0.299836487970949,0.347501478375534,0.280916833471363
26144,0.0234433554162345,0.0875243374695914,0.47477174332567,0.414260563788505
26145,0.38837466272329,0.111303583891913,0.29124885526302,0.209072898121777
26146,0.19320317583887,0.161657057984785,0.494379871782998,0.150759894393347
26147,0.352338670126,0.335857661582088,0.195967403064645,0.115836265227267
26148,0.437014814643246,0.220046146656485,0.251943384821978,0.0909956538782909
26149,0.07256471625413,0.571547649331786,0.220335522359798,0.135552112054287
26150,0.260537170607737,0.251965250617351,0.14718465309801,0.340312925676903
26151,0.291826160245184,0.335034865291401,0.202664455299819,0.170474519163597
26152,0.078532867571979,0.525657777055859,0.155886921493355,0.239922433878807
26153,0.102840257556997,0.128360043944182,0.570406328034143,0.198393370464677
26154,0.181295723344519,0.160480473041762,0.315349602792685,0.342874200821035
26155,0.0512560413464784,0.567213060468709,0.233435586667662,0.14809531151715
26156,0.233161992625681,0.305947909306082,0.232103962049801,0.228786136018437
26157,0.139106507567427,0.268854755404292,0.483699419821438,0.108339317206843
26158,0.565597272359714,0.211468293796261,0.131342663796471,0.091591770047554
26159,0.195184048649602,0.155250267414678,0.465547234948737,0.184018448986983
26160,0.172916690884376,0.210537326145974,0.343601548491796,0.272944434477854
26161,0.110899232185152,0.384249657171031,0.22840843795444,0.276442672689378
26162,0.295041229799638,0.0739647146191668,0.52915643016483,0.101837625416365
26163,0.499734094890896,0.104302089748197,0.181430938501416,0.214532876859491
26164,0.054861376827948,0.35355876239776,0.429183888398803,0.162395972375489
26165,0.343247951091777,0.214051547630908,0.256196344378495,0.18650415689882
26166,0.188000135896773,0.101308844029164,0.638344777527068,0.0723462425469941
26167,0.114750817624229,0.327503788155906,0.210789065222252,0.346956328997613
26168,0.0785815670285952,0.415809643788569,0.392324124113754,0.113284665069082
26169,0.610639450794049,0.0406957142962386,0.219103964836235,0.129560870073477
26170,0.0578853958015048,0.621240028764735,0.211956921975981,0.108917653457779
26171,0.11496914323158,0.117015188595264,0.715089400435997,0.052926267737158
26172,0.13994492773514,0.437931300466252,0.245835916658192,0.176287855140416
26173,0.0645878344340722,0.320453586767474,0.510258077448578,0.104700501349875
26174,0.141750349321229,0.271133426672094,0.383633155449832,0.203483068556845
26175,0.0339787618743847,0.786227534850776,0.0140394302457426,0.165754273029097
26176,0.190086824183604,0.0940017859079162,0.597719704272306,0.118191685636174
26177,0.0192989206073325,0.040505042255089,0.542010359684761,0.398185677452818
26178,0.0233575541152784,0.310050937197939,0.0789340653924789,0.587657443294303
26179,0.597575236901002,0.170982941541073,0.0265006942106725,0.204941127347252
26180,0.413821195377137,0.23484292928556,0.0452497806673387,0.306086094669964
26181,0.314729051250234,0.137735518851526,0.123950400611834,0.423585029286406
26182,0.0196578507501632,0.609203266256069,0.161939878756248,0.20919900423752
26183,0.267336287312538,0.254490654839896,0.433177475805104,0.0449955820424627
26184,0.0854043284441817,0.227310496660054,0.493573902137276,0.193711272758489
26185,0.43379632811371,0.398376966819133,0.120809073771853,0.0470176312953048
26186,0.145038945159327,0.209003627426136,0.501268069364223,0.144689358050314
26187,0.454675529906596,0.317272333123163,0.112913179339301,0.115138957630941
26188,0.171635712868255,0.309529420555139,0.411777590005776,0.10705727657083
26189,0.442264116653893,0.141698690638737,0.253417460516837,0.162619732190532
26190,0.440824598621504,0.255470249857313,0.191210584940677,0.112494566580506
26191,0.351571263067747,0.327763905165971,0.210399642023,0.110265189743282
26192,0.141561580265774,0.163367653651931,0.601674967792134,0.0933957982901616
26193,0.243283779578754,0.263750357863336,0.341517493387931,0.151448369169979
26194,0.239534520432054,0.563155476048932,0.0872212714022892,0.110088732116726
26195,0.131442716641854,0.421054132282215,0.305159031122383,0.142344119953548
26196,0.264637096420932,0.0779046943909373,0.498185141381488,0.159273067806642
26197,0.164522706739832,0.302818021988187,0.176395497774243,0.356263773497738
26198,0.198392971343913,0.70012268049988,0.0666232324557328,0.0348611157004735
26199,0.38359784518356,0.126549707833243,0.118887452507958,0.370964994475239
26200,0.117671752219157,0.329105352014462,0.222064695833312,0.33115819993307
26201,0.561415756838143,0.215682510867173,0.0708745694614297,0.152027162833254
26202,0.513599742499646,0.135626356038815,0.25711794178281,0.0936559596787286
26203,0.464925834421329,0.33753259305649,0.0974027771762799,0.100138795345901
26204,0.326433310686905,0.207546590993535,0.249605122195662,0.216414976123898
26205,0.153542699771189,0.378826935653252,0.271176688396735,0.196453676178825
26206,0.300372619287286,0.183444928706496,0.0889368706763528,0.427245581329865
26207,0.239277286064455,0.283116778133078,0.25023500550191,0.227370930300557
26208,0.51219521933292,0.120743308640761,0.236397889619054,0.130663582407265
26209,0.367407727381073,0.487829526827851,0.0287173486849361,0.11604539710614
26210,0.670042876019602,0.137278790787949,0.0682033948612678,0.124474938331181
26211,0.298558209632497,0.454373583572658,0.0755564407225187,0.171511766072326
26212,0.16695439669024,0.457910074837283,0.144039248340691,0.231096280131787
26213,0.423842577697189,0.300167113072281,0.106785852219154,0.169204457011375
26214,0.0829385847182358,0.16205081148385,0.617157168815748,0.137853434982167
26215,0.167822572761728,0.515068760486877,0.0645594364587553,0.25254923029264
26216,0.126186884124786,0.205772658591454,0.413049209930676,0.254991247353085
26217,0.19859300652262,0.0741150774231961,0.250112740399714,0.477179175654471
26218,0.0876041562452623,0.665191234710919,0.170209382953842,0.0769952260899763
26219,0.425842096086006,0.0839130637220314,0.16779579325553,0.322449046936433
26220,0.077303705767796,0.200799761084404,0.640551429338179,0.0813451038096212
26221,0.216788969683212,0.203521803760056,0.496053411084864,0.0836358154718683
26222,0.531212380130596,0.14396208465387,0.271494659415931,0.0533308757996025
26223,0.148842265994659,0.437970635006112,0.337704358330708,0.075482740668521
26224,0.283043276000106,0.214392930720227,0.43597322263615,0.0665905706435171
26225,0.105212626003222,0.169164428375011,0.628845120769161,0.0967778248526064
26226,0.231624908623079,0.55989233740243,0.145642483556952,0.0628402704175397
26227,0.260230758072557,0.369971832982854,0.234876373471913,0.134921035472676
26228,0.251663494117539,0.183166175549424,0.461141819867637,0.1040285104654
26229,0.222356685725665,0.31986917607838,0.141993578772948,0.315780559423007
26230,0.126931088955706,0.619585726823646,0.203112758420939,0.0503704257997089
26231,0.44271927583697,0.15360812019645,0.281109556021847,0.122563047944732
26232,0.301045743605933,0.264147433392777,0.300192310882125,0.134614512119166
26233,0.609075435052045,0.117424240034566,0.157674154350079,0.11582617056331
26234,0.441859543372598,0.211199668478966,0.262924391662242,0.0840163964861936
26235,0.131064749171249,0.29927268620861,0.212601891345249,0.357060673274892
26236,0.186912258989473,0.302131636285191,0.38675628224355,0.124199822481786
26237,0.104800193368108,0.520677209360274,0.10022949643058,0.274293100841039
26238,0.163042438484025,0.585809482164318,0.108592666024125,0.142555413327532
26239,0.291373275992731,0.25524408876276,0.217616934130801,0.235765701113709
26240,0.4370154078127,0.117110822819682,0.348511406192525,0.0973623631750931
26241,0.225834035902331,0.273765100489946,0.439061121899053,0.0613397417086709
26242,0.166237201366019,0.473651963073868,0.266032653682133,0.0940781818779801
26243,0.252171955118465,0.536891676406641,0.123343303527585,0.0875930649473087
26244,0.150818663025069,0.32464485459737,0.359871875670883,0.164664606706679
26245,0.202014833134073,0.206992225138587,0.518097741306778,0.0728952004205611
26246,0.326463089133506,0.322932058827279,0.29849518812115,0.0521096639180656
26247,0.435527117039497,0.216150336293557,0.243796432200585,0.104526114466361
26248,0.136343026900403,0.563471377188824,0.198454128052691,0.101731467858082
26249,0.298062086488574,0.325187670281949,0.182410944857357,0.194339298372121
26250,0.459228343552746,0.175341228334456,0.20922727511351,0.156203152999288
26251,0.0900925510615949,0.130792594230162,0.259988104886055,0.519126749822188
26252,0.126489918883991,0.649127486478502,0.090357220231299,0.134025374406208
26253,0.160581809538226,0.365659409640091,0.230529232839424,0.243229547982259
26254,0.196848605062814,0.104428372572745,0.56364977027392,0.135073252090521
26255,0.101116206574813,0.248393337960196,0.207352611941852,0.443137843523139
26256,0.412094855054118,0.211494146503608,0.273103957300526,0.103307041141748
26257,0.192719409783204,0.0973419289957619,0.464815192956742,0.245123468264292
26258,0.0869337068463705,0.205879601334096,0.591638104702991,0.115548587116542
26259,0.402290760497864,0.113240834922798,0.312360590192792,0.172107814386547
26260,0.368878191772857,0.262109884619701,0.191673668533183,0.177338255074258
26261,0.22236679647264,0.301937038063238,0.130281657965391,0.345414507498732
26262,0.613713346276457,0.155014321212385,0.0913573527322177,0.139914979778941
26263,0.0945417292587434,0.609334399048397,0.128595807684868,0.167528064007991
26264,0.240533255331119,0.185013979704233,0.255075803514966,0.319376961449682
26265,0.254619332081097,0.298333733721649,0.145206375240628,0.301840558956625
26266,0.236481322487975,0.190583123426394,0.310705215515012,0.262230338570619
26267,0.273682864268289,0.0587498951942079,0.490937925744731,0.176629314792772
26268,0.266648760686607,0.0329301777234743,0.524649219719527,0.175771841870392
26269,0.430018740831474,0.125784092527787,0.150393396189316,0.293803770451424
26270,0.286135530257897,0.382803344385585,0.15407380492464,0.176987320431878
26271,0.244792438189987,0.13560945347464,0.496670712947122,0.122927395388251
26272,0.14364685485409,0.533208739351536,0.0931047316972854,0.230039674097088
26273,0.425529001227915,0.213148142399033,0.126646962564565,0.234675893808487
26274,0.639836255584892,0.151480707538183,0.112214815259564,0.096468221617361
26275,0.118093088885555,0.714627260391148,0.0435659534015043,0.123713697321792
26276,0.215481134382941,0.0893034370677481,0.415037873036497,0.280177555512814
26277,0.0609002190385458,0.0555270355535572,0.456891148816939,0.426681596590958
26278,0.193023652922628,0.383720919894284,0.247927217270312,0.175328209912777
26279,0.177918080807827,0.352444060386238,0.336244256811145,0.13339360199479
26280,0.472802458020833,0.140642415319514,0.216985681825347,0.169569444834307
26281,0.277086382732585,0.279538587682408,0.245588904736791,0.197786124848217
26282,0.225947553203398,0.472487397626587,0.155185829803341,0.146379219366675
26283,0.285061599609265,0.205119688763157,0.277606771551306,0.232211940076273
26284,0.248737100296522,0.393830728004487,0.140160035457187,0.217272136241804
26285,0.194631232492148,0.214117068202103,0.433770104129814,0.157481595175935
26286,0.502054602083445,0.274347213071467,0.160908227638802,0.062689957206286
26287,0.163057199361107,0.280867849667403,0.327997487524585,0.228077463446906
26288,0.230660435966406,0.321410364176905,0.299665309694027,0.148263890162663
26289,0.223300855099822,0.390695522429801,0.166261365275112,0.219742257195265
26290,0.221524953561949,0.202979328262985,0.482931084837111,0.0925646333379548
26291,0.270856910218869,0.3112478184718,0.276837290087071,0.14105798122226
26292,0.147139541582658,0.251252258113432,0.337830439294821,0.263777761009089
26293,0.146928002377322,0.275854788677717,0.190096277963564,0.387120930981398
26294,0.189215128708725,0.502174072136361,0.228875563488798,0.0797352356661163
26295,0.247890112021572,0.282391674564415,0.260557577897527,0.209160635516486
26296,0.158079097504525,0.210757188330015,0.293009034912242,0.338154679253219
26297,0.249398331544038,0.182874045065699,0.351856878206513,0.21587074518375
26298,0.103703430080356,0.128138327401145,0.686067715739384,0.0820905267791153
26299,0.0944094628353587,0.483250729603539,0.323174078137139,0.0991657294239629
26300,0.215827750697097,0.125249488493606,0.389679268951092,0.269243491858204
26301,0.142492190536751,0.409052680041681,0.197987528037817,0.250467601383751
26302,0.0810777951071228,0.709896584176413,0.11629847185585,0.0927271488606145
26303,0.30963454454181,0.325352756554322,0.162099540436149,0.202913158467719
26304,0.149198202858218,0.107957724311915,0.46820852931405,0.274635543515817
26305,0.521660715781414,0.237835094364921,0.0583291878114923,0.182175002042173
26306,0.367230519031341,0.0785829722403646,0.132145907612508,0.422040601115787
26307,0.0792964863734612,0.534109368832921,0.302688840946592,0.0839053038470256
26308,0.347706259952383,0.0587878025447077,0.142462714408418,0.451043223094492
26309,0.0481872960212961,0.420962132861812,0.146968324745238,0.383882246371653
26310,0.0986766695371676,0.228089598064639,0.555133234344309,0.118100498053884
26311,0.520157762155532,0.248199738294476,0.124604628004518,0.107037871545473
26312,0.209062853248688,0.540247071250643,0.170361064783461,0.0803290107172088
26313,0.136089966383711,0.397734332200959,0.235346019686761,0.23082968172857
26314,0.045705528893868,0.438638976592588,0.155171373843311,0.360484120670233
26315,0.439450307136137,0.130655813490775,0.0943424185737287,0.33555146079936
26316,0.132880939850021,0.0822554725506021,0.222074941734447,0.562788645864929
26317,0.188455264514422,0.234547984316074,0.185704945912263,0.391291805257241
26318,0.115364784559308,0.171047925949996,0.227962571159297,0.485624718331399
26319,0.569641472369729,0.0354468291716966,0.102531956422956,0.292379742035619
26320,0.0817483951661404,0.261675641829495,0.0878642463930847,0.56871171661128
26321,0.485489799908322,0.144054496841805,0.152783377895463,0.21767232535441
26322,0.431179915304076,0.182639015091501,0.206113476694845,0.180067592909578
26323,0.0651469854398646,0.631580142775855,0.169862776384411,0.133410095399869
26324,0.108246490804495,0.193489677732184,0.0952862418917208,0.6029775895716
26325,0.183961074500781,0.0579080330142525,0.371351241131707,0.38677965135326
26326,0.674999489011189,0.0929810094870501,0.136076792683483,0.0959427088182773
26327,0.533890099402317,0.0569050499461102,0.041678601871743,0.36752624877983
26328,0.192758066229598,0.580061270199095,0.0318881657150323,0.195292497856275
26329,0.100135070742688,0.0777162852405961,0.463622768548445,0.358525875468271
26330,0.0639604132665178,0.127473457636579,0.0998145222110982,0.708751606885805
26331,0.316278347833948,0.0758104034554494,0.0823785631954774,0.525532685515126
26332,0.0908805688225678,0.45745607116615,0.0369869125151894,0.414676447496093
26333,0.174988958277687,0.0537999078522967,0.155816998729117,0.6153941351409
26334,0.458952628552484,0.06594619963275,0.0405048582132516,0.434596313601514
26335,0.147586408160876,0.367996216034653,0.346426751165983,0.137990624638488
26336,0.194916306805906,0.309313944650652,0.226107955503812,0.26966179303963
26337,0.452335712288754,0.0733261893815798,0.403281222128352,0.0710568762013139
26338,0.0772760318513573,0.414226307076706,0.103189897364957,0.405307763706979
26339,0.11770211209086,0.497059383631786,0.130237228139931,0.255001276137423
26340,0.213570554340803,0.109422606538607,0.191115707433323,0.485891131687266
26341,0.0476487117645374,0.117458199087336,0.760894580998193,0.0739985081499342
26342,0.38737146019948,0.240415902772982,0.259779289715442,0.112433347312096
26343,0.308060304946618,0.334078934018653,0.233597943892982,0.124262817141748
26344,0.22171952913337,0.298542163515074,0.30902712590813,0.170711181443426
26345,0.324078192291348,0.152120738923676,0.460458907097301,0.0633421616876752
26346,0.0631028581624981,0.100607523531329,0.139980287876364,0.696309330429809
26347,0.177886425756421,0.705182141408894,0.0359943533710349,0.0809370794636498
26348,0.0854727370620576,0.164541750248778,0.600005624210849,0.149979888478316
26349,0.0847084559750715,0.129352681608767,0.587366475834143,0.198572386582018
26350,0.236241921236407,0.117269938802073,0.251427874198007,0.395060265763513
26351,0.0302366384386441,0.529033379075645,0.281060364792607,0.159669617693104
26352,0.104231671476531,0.178772031727648,0.104239392724603,0.612756904071217
26353,0.0620669650172801,0.447964215268961,0.122104062769272,0.367864756944488
26354,0.33705291598982,0.32595926372754,0.157541662271976,0.179446158010664
26355,0.206092182028284,0.156141062184099,0.23551018505821,0.402256570729406
26356,0.277128267253724,0.152842892887587,0.498216481637872,0.0718123582208177
26357,0.0676856896139834,0.242968571240031,0.344846445330749,0.344499293815236
26358,0.158046788237587,0.275733902150232,0.470181233119174,0.0960380764930077
26359,0.190764699702274,0.291878258041568,0.13364549460423,0.383711547651928
26360,0.32186498003189,0.315764105924593,0.240663616367711,0.121707297675806
26361,0.160115024408931,0.168330414890466,0.444654635653168,0.226899925047435
26362,0.211745294178373,0.175638085980421,0.221176030951955,0.391440588889251
26363,0.0491674286748166,0.427794776089438,0.170696570020088,0.352341225215658
26364,0.598289547419627,0.178109564204549,0.0841188255066977,0.139482062869127
26365,0.0238988025603887,0.436451115704632,0.174714252159529,0.364935829575451
26366,0.334805668927163,0.185475167628184,0.279877548666731,0.199841614777923
26367,0.324437750659821,0.0838391649207423,0.122826134813119,0.468896949606318
26368,0.132560960746545,0.102086635258476,0.574083316089651,0.191269087905328
26369,0.100773346854715,0.415537027100698,0.168247471096365,0.315442154948223
26370,0.612020566127111,0.191064554916749,0.0771099011075298,0.11980497784861
26371,0.0749562820331164,0.0933148851157365,0.200328113829576,0.631400719021571
26372,0.24954972418533,0.564386520134501,0.0795163358108383,0.106547419869331
26373,0.147526018364563,0.611142441129929,0.124327416366868,0.117004124138641
26374,0.129895457443676,0.126713626111337,0.235493116908864,0.507897799536122
26375,0.120354457952634,0.201376951642712,0.550482012560965,0.127786577843689
26376,0.48255354939063,0.223247627596348,0.124914046658814,0.169284776354208
26377,0.18823790603418,0.241227467337691,0.136576783328723,0.433957843299406
26378,0.134384373736124,0.12133830414712,0.363263714421416,0.38101360769534
26379,0.0936927280927851,0.177601897587466,0.601636516860132,0.127068857459616
26380,0.127807923190835,0.252315769023288,0.316701645622697,0.30317466216318
26381,0.602498701643145,0.136749306090972,0.141618562869721,0.119133429396162
26382,0.249553807550343,0.226598249385282,0.255758800458983,0.268089142605392
26383,0.156891379789973,0.612853430201982,0.109125181749273,0.121130008258771
26384,0.225348568903456,0.0961015885880221,0.367879777022878,0.310670065485644
26385,0.0543824531410595,0.283954154683725,0.0839178847886519,0.577745507386563
26386,0.0466778377274244,0.125475433332184,0.487854719862985,0.339992009077407
26387,0.0980716534063376,0.165768093093713,0.19463765154755,0.5415226019524
26388,0.189612002363722,0.149882357005162,0.30808690543793,0.352418735193186
26389,0.132928212679246,0.42595350756507,0.240563328427388,0.200554951328297
26390,0.244293728289959,0.377522135227548,0.191198801489889,0.186985334992604
26391,0.245495294857056,0.233306106763971,0.460745262956133,0.06045333542284
26392,0.1771590925508,0.351061802860465,0.358888815572145,0.11289028901659
26393,0.116553616442092,0.27049743823999,0.326977816397371,0.285971128920547
26394,0.394219535692571,0.229173644215299,0.187672744453581,0.188934075638549
26395,0.507586787646945,0.217489846927159,0.0771654194598041,0.197757945966092
26396,0.296178066556787,0.233011826696741,0.224696359527097,0.246113747219375
26397,0.289381510348521,0.201845491540226,0.286617653824761,0.222155344286492
26398,0.20323738579804,0.330188261731227,0.0968047089186271,0.369769643552106
26399,0.185494394581554,0.473597994447243,0.136967871227543,0.20393973974366
26400,0.245565640864386,0.150602082697056,0.263982852673307,0.339849423765251
26401,0.171005801289118,0.351614356032989,0.305354484283292,0.172025358394601
26402,0.0350933318565698,0.556314541506222,0.174423720758584,0.234168405878624
26403,0.211328979727779,0.568110229685846,0.0808021191714086,0.139758671414966
26404,0.535550684505605,0.0936972065646821,0.167106007335808,0.203646101593905
26405,0.0769338159982287,0.698333200132015,0.0977888087882968,0.12694417508146
26406,0.265191970303422,0.100258432230003,0.510332020554833,0.124217576911743
26407,0.159616975829782,0.187700985187115,0.361934934041108,0.290747104941995
26408,0.239906237571495,0.111801369846149,0.365299680266547,0.282992712315808
26409,0.235350394746511,0.482302098081741,0.138026338311069,0.144321168860678
26410,0.0723867176890788,0.0884728807670675,0.530700620144623,0.308439781399231
26411,0.254478521614424,0.410478916921277,0.239747748566113,0.0952948128981847
26412,0.284391389304138,0.333847232047567,0.255719495201057,0.126041883447238
26413,0.228591861686692,0.147810849514439,0.441209133261855,0.182388155537014
26414,0.169898362431088,0.292789121271349,0.313496042400145,0.223816473897418
26415,0.356082997431325,0.473028877188029,0.101491700619417,0.0693964247612286
26416,0.16985277909605,0.220159393611289,0.493025922189042,0.116961905103619
26417,0.219959270368202,0.39381319950228,0.157022818467102,0.229204711662417
26418,0.279480700986301,0.246984685297608,0.155995201929979,0.317539411786112
26419,0.166136719189052,0.340454042696561,0.267405400617134,0.226003837497253
26420,0.477599661699274,0.148434865916315,0.188107242150939,0.185858230233473
26421,0.601152918806699,0.192008138331606,0.122462074631379,0.0843768682303158
26422,0.277277097345295,0.12689907232465,0.326860094107545,0.268963736222511
26423,0.140297569474692,0.367710596116159,0.293628166191232,0.198363668217917
26424,0.483644829197764,0.163807139063486,0.141901690961369,0.210646340777382
26425,0.195337096663818,0.205411281723263,0.433357882465499,0.16589373914742
26426,0.155678392288752,0.177189934733974,0.428532065614695,0.238599607362579
26427,0.1695767964118,0.461095828412702,0.227284127687006,0.142043247488493
26428,0.325245200811986,0.356017392539761,0.106185847142782,0.212551559505471
26429,0.0573747631305323,0.656183251408973,0.190282862426488,0.0961591230340069
26430,0.170338853727071,0.289706324877133,0.474995476183263,0.0649593452125325
26431,0.2970203358654,0.38699161756717,0.268429769994051,0.0475582765733792
26432,0.115298654656419,0.576082614371,0.233555512426387,0.0750632185461937
26433,0.296440544543573,0.279556162907892,0.33950808136811,0.0844952111804248
26434,0.235134000393777,0.431989955725945,0.241960202752655,0.0909158411276235
26435,0.206989121593625,0.53218263424981,0.134297002288296,0.126531241868269
26436,0.433430258348794,0.194447620887203,0.304878772884447,0.0672433478795557
26437,0.130054362778179,0.209114038689066,0.572945944109206,0.0878856544235497
26438,0.183983329289406,0.464696341381092,0.290610175171457,0.0607101541580449
26439,0.211095999506612,0.139357885934123,0.590924693968532,0.0586214205907338
26440,0.210953932657496,0.438690312968582,0.261329358619818,0.0890263957541044
26441,0.183542082657114,0.593607191678097,0.149790052633307,0.0730606730314814
26442,0.56262790573608,0.217918046373392,0.0902666638849308,0.129187384005598
26443,0.568106037282216,0.195191334055798,0.183940632162275,0.0527619964997112
26444,0.684969924464426,0.095928502041728,0.173527229493213,0.0455743440006331
26445,0.409729144806606,0.367105846181954,0.129627363105096,0.0935376459063433
26446,0.453681068122642,0.382915359956548,0.060571661528295,0.102831910392515
26447,0.289944013540863,0.325642333900246,0.312060270841037,0.072353381717854
26448,0.30089415916449,0.31247714055524,0.286814896577319,0.0998138037029515
26449,0.46896788943794,0.155754761207991,0.0543090701036133,0.320968279250455
26450,0.296237609305684,0.148418839715897,0.0302610772795788,0.52508247369884
26451,0.334206121123784,0.341657056502522,0.21749735288751,0.106639469486183
26452,0.0573672837709316,0.36439101868531,0.163522715887165,0.414718981656593
26453,0.038497398587996,0.151589977688485,0.626068868343956,0.183843755379563
26454,0.218556570639802,0.0438093260112023,0.265586662661625,0.472047440687371
26455,0.0723335913689442,0.303519218111907,0.0374915298103098,0.586655660708839
26456,0.111960253485222,0.11522767205978,0.18046854047011,0.592343533984888
26457,0.0995518540557544,0.155870914563923,0.318604311466732,0.425972919913591
26458,0.0929845236867477,0.348236260894537,0.0720367572084936,0.486742458210221
26459,0.021135110092341,0.037716212281576,0.469653734025551,0.471494943600532
26460,0.0535861938986348,0.198260273639555,0.0360758230935517,0.712077709368259
26461,0.104332115748803,0.20680329198348,0.370131525443963,0.318733066823755
26462,0.40047390891461,0.276470698261347,0.0302957224051921,0.29275967041885
26463,0.0520586951750872,0.0586633812774142,0.500588552235822,0.388689371311677
26464,0.021913311800134,0.214350624188043,0.190510645561269,0.573225418450554
26465,0.0153805175204388,0.249925531135548,0.117028017756903,0.61766593358711
26466,0.109679410142264,0.418820681343853,0.0186565542981819,0.452843354215701
26467,0.506544039291057,0.0237828891480854,0.0127304100856645,0.456942661475194
26468,0.186281809715367,0.460732327043237,0.285395388763809,0.0675904744775864
26469,0.370809924346914,0.27581268863771,0.261946896230412,0.0914304907849639
26470,0.154618147213795,0.355623878244891,0.358422769749173,0.131335204792141
26471,0.411219111831358,0.336260402081529,0.207313240847339,0.0452072452397745
26472,0.111295693801436,0.205661857885704,0.643476524225729,0.03956592408713
26473,0.549310645059571,0.150144008292663,0.203440129456403,0.0971052171913637
26474,0.115641254018848,0.339411206983268,0.436652117876007,0.108295421121876
26475,0.299813717980496,0.199252680653375,0.313572244276219,0.18736135708991
26476,0.2093785051529,0.304187506521701,0.225088464131246,0.261345524194153
26477,0.20109083745749,0.21921585346779,0.448140128930614,0.131553180144107
26478,0.256214169885274,0.262055644688891,0.345840049557764,0.13589013586807
26479,0.215062947453798,0.296013672663865,0.354666200928284,0.134257178954053
26480,0.335037263735596,0.279006368241675,0.270762311613716,0.115194056409012
26481,0.207571247255478,0.196743693520431,0.418174079439197,0.177510979784894
26482,0.293844014652805,0.174596431598798,0.402134419716434,0.129425134031963
26483,0.257383419710182,0.336735282066193,0.20818854079104,0.197692757432585
26484,0.138258242979061,0.201244478201385,0.527396302687745,0.13310097613181
26485,0.157012520047007,0.556131979639821,0.191414701837571,0.0954407984756015
26486,0.237934871455569,0.22562962793752,0.160096053899023,0.376339446707888
26487,0.094489609998651,0.233641591901239,0.573908017201129,0.0979607808989812
26488,0.147252997526239,0.330798981793864,0.3490457466554,0.172902274024498
26489,0.318623305063357,0.222521394522605,0.292430138160837,0.166425162253201
26490,0.286642121866054,0.228173466376016,0.307574578463756,0.177609833294175
26491,0.373498176556235,0.37174398965032,0.17883620872113,0.0759216250723151
26492,0.255105897054922,0.426097888759024,0.211630411724415,0.107165802461639
26493,0.186221254940067,0.114472916448072,0.505299609152035,0.194006219459826
26494,0.387635695957224,0.337887024891781,0.132825126549984,0.141652152601012
26495,0.536827875484274,0.166974124594475,0.0525183215647467,0.243679678356504
26496,0.177310613184653,0.13041785904043,0.615230732618688,0.0770407951562279
26497,0.265378908861031,0.0945537392556413,0.539582385379311,0.100484966504016
26498,0.475509548285847,0.112693616241304,0.200388331393122,0.211408504079727
26499,0.243982497223939,0.130324587123827,0.3815040849859,0.244188830666334
26500,0.199557836665959,0.518828073821341,0.163965371766703,0.117648717745997
26501,0.453747879160103,0.189506414898661,0.164396110195033,0.192349595746204
26502,0.473029242010568,0.173346507724255,0.180660539587638,0.172963710677539
26503,0.115248229504205,0.596320976359801,0.19674136529795,0.0916894288380449
26504,0.105397037976183,0.116191853010143,0.285892002778366,0.492519106235307
26505,0.0639911082882359,0.44259531885725,0.249589449692748,0.243824123161765
26506,0.09769950781274,0.273601752408535,0.286950729413283,0.341748010365442
26507,0.556989357276305,0.140403124443419,0.0822686396672787,0.220338878612997
26508,0.315586458956373,0.288538987380683,0.0440227581542211,0.351851795508722
26509,0.125365499224248,0.696108245299853,0.0348471308530234,0.143679124622875
26510,0.168672292111338,0.195837309561319,0.172702801303373,0.462787597023971
26511,0.0594909172495345,0.269383304324907,0.588086573858589,0.0830392045669693
26512,0.095651553676539,0.126492013776967,0.131169931971169,0.646686500575325
26513,0.105237570222049,0.345641627846993,0.414442792321896,0.134678009609061
26514,0.0808383607158548,0.373411237794483,0.133961006135557,0.411789395354106
26515,0.263092753589102,0.128124100994179,0.464038761922546,0.144744383494174
26516,0.13338554948241,0.083021671043552,0.151355519854304,0.632237259619735
26517,0.13032731714414,0.322486653870404,0.123456827978545,0.42372920100691
26518,0.10507233024678,0.0615443617432133,0.331949109750224,0.501434198259784
26519,0.402479214862018,0.139679860921805,0.0920337680484358,0.365807156167742
26520,0.563742576195256,0.10413970948997,0.0563099238342593,0.275807790480515
26521,0.12786882943359,0.385444898222876,0.0532844322378926,0.433401840105641
26522,0.811496522721391,0.0492664798025761,0.0327628432183399,0.106474154257693
26523,0.0374228181467212,0.416503569898948,0.265278477789603,0.280795134164728
26524,0.259335807732908,0.0724573361288237,0.0578143621713336,0.610392493966934
26525,0.309652003038458,0.211430636702665,0.214945661283884,0.263971698974993
26526,0.222256979342348,0.490978402076204,0.200448781046568,0.0863158375348799
26527,0.197874582674668,0.199274915176383,0.423825304305563,0.179025197843387
26528,0.107606237857424,0.487976416527803,0.331925540635525,0.0724918049792482
26529,0.273970206291683,0.168519060372736,0.46516966249217,0.0923410708434113
26530,0.471221656480623,0.296632004143852,0.121858244082325,0.1102880952932
26531,0.0942177569213219,0.319538219964487,0.426202065497789,0.160041957616402
26532,0.222778289251462,0.568687661998564,0.105862588862771,0.102671459887204
26533,0.139637177398181,0.558666245782857,0.181261077466864,0.120435499352099
26534,0.581975112559061,0.160176848537244,0.184377138594909,0.0734709003087861
26535,0.116556250633454,0.250859093666552,0.507514604746475,0.125070050953519
26536,0.2242125207819,0.124305923279012,0.215803864247131,0.435677691691958
26537,0.207784288900116,0.473731346477067,0.175013144295164,0.143471220327654
26538,0.087773133940411,0.123202562250812,0.647527536369338,0.141496767439439
26539,0.105521177753946,0.440030237697052,0.313276402006189,0.141172182542814
26540,0.294299412029115,0.335731644180698,0.224784838465376,0.14518410532481
26541,0.355129514951266,0.120429088878686,0.0464185993877012,0.478022796782347
26542,0.319809119042365,0.256026798334071,0.183451022356085,0.240713060267479
26543,0.32562468827702,0.3039161784228,0.0459968574888892,0.32446227581129
26544,0.189903047213331,0.39504744332783,0.211126003691818,0.203923505767021
26545,0.228824778487508,0.238187223287506,0.157275058806381,0.375712939418605
26546,0.241351467481007,0.296901570599331,0.25796622401627,0.203780737903393
26547,0.489397858080474,0.157375310840357,0.0937880770735426,0.259438754005627
26548,0.452014313844005,0.213064757270561,0.25480968256574,0.0801112463196931
26549,0.173517800293708,0.193961202137496,0.49836110072126,0.134159896847536
26550,0.200528689442619,0.114656138485675,0.608048128298859,0.0767670437728473
26551,0.144717812462925,0.357568600425515,0.370482652057252,0.127230935054308
26552,0.289959488025876,0.189885216046611,0.24952879210296,0.270626503824553
26553,0.259003567369148,0.442662960396482,0.115368145986087,0.182965326248282
26554,0.339118711823725,0.350266920652124,0.246426468159847,0.0641878993643041
26555,0.196338204009249,0.0948421827059276,0.489629992923905,0.219189620360919
26556,0.210110077051724,0.180634836668732,0.238003847899473,0.371251238380071
26557,0.325406903174502,0.138708422711463,0.0840641259117775,0.451820548202258
26558,0.231311088066564,0.171307896518396,0.449614890292598,0.147766125122443
26559,0.284033823085187,0.348923394932048,0.051720271332731,0.315322510650034
26560,0.154932067466153,0.161160414110664,0.492389491968692,0.191518026454492
26561,0.120876050420066,0.409711199326587,0.15532268806488,0.314090062188467
26562,0.117766783839939,0.320244482399482,0.380851860875274,0.181136872885305
