No,Ch1,Ch2,Ch3,Ch4
21566,0.232300755161337,0.169675909523646,0.410113599233859,0.187909736081159
21567,0.0852882398206528,0.433378440007197,0.307486951832565,0.173846368339585
21568,0.338243884663138,0.375523182768996,0.171303362597799,0.114929569970067
21569,0.425433480422105,0.160387605320531,0.273986586046544,0.14019232821082
21570,0.275751410578935,0.24327787051415,0.402488441921233,0.0784822769856818
21571,0.125415629020572,0.583589620273478,0.202608653479672,0.0883860972262781
21572,0.237990652345279,0.0719240101000543,0.496687615401896,0.193397722152771
21573,0.136500998690338,0.176287897042579,0.216118198531685,0.471092905735398
21574,0.188394043815746,0.264098743981979,0.389923938630718,0.157583273571558
21575,0.0657052252317493,0.130936823133696,0.64578066416489,0.157577287469665
21576,0.190009579259886,0.159671104975832,0.361674017874116,0.288645297890166
21577,0.134987545197301,0.145524421839616,0.627547548458943,0.0919404845041396
21578,0.357377042368942,0.281689617354713,0.174730253922753,0.186203086353593
21579,0.0776176839135663,0.161559356773277,0.199648318663457,0.5611746406497
21580,0.0966994390110764,0.410848983726471,0.270520316571075,0.221931260691377
21581,0.318081657956521,0.114729342334223,0.268409858325437,0.298779141383819
21582,0.128224857692176,0.17488759430179,0.355974885873164,0.340912662132869
21583,0.11591423798243,0.164761795979811,0.301922429345851,0.417401536691908
21584,0.235730161509942,0.264338958390211,0.07545849587856,0.424472384221288
21585,0.362655048026179,0.207574871161799,0.132122882559709,0.297647198252313
21586,0.191908736558395,0.341291674688389,0.242463014575481,0.224336574177734
21587,0.0268240001360091,0.562160384136797,0.179045573087594,0.2319700426396
21588,0.0487144075385795,0.0820663124782959,0.584489135975309,0.284730144007815
21589,0.144001031561246,0.0764831122116301,0.550274794347306,0.229241061879818
21590,0.0231464582817554,0.163530354773303,0.532221039555116,0.281102147389826
21591,0.0220620268934042,0.211645385009266,0.446023333277912,0.320269254819419
21592,0.0578585698074573,0.237359551326461,0.0531420447355515,0.65163983413053
21593,0.649070980269328,0.117611251886381,0.109380712123261,0.123937055721031
21594,0.11693275328607,0.137468676330219,0.19338035032626,0.552218220057451
21595,0.322138535170338,0.104768218817845,0.0511549045076677,0.521938341504149
21596,0.112195128498685,0.598871151547036,0.100270986202842,0.188662733751437
21597,0.355965206292892,0.185506259995211,0.0348731436225311,0.423655390089366
21598,0.116489873020852,0.337732828861541,0.281873750271352,0.263903547846256
21599,0.208817694574282,0.472321793436848,0.184056287774378,0.134804224214493
21600,0.045759583570056,0.148614142429303,0.0610744692832665,0.744551804717375
21601,0.0270367893390853,0.132562820876677,0.241875137908432,0.598525251875806
21602,0.0246489852339569,0.408806422816137,0.374720160916934,0.191824431032972
21603,0.514155588547705,0.0187276213351495,0.0905335930895628,0.376583197027583
21604,0.0344442982562285,0.227238666597621,0.332786194292107,0.405530840854044
21605,0.208794705739457,0.0524421480182843,0.457126878702831,0.281636267539428
21606,0.243682106803009,0.0239128286142506,0.352664834531378,0.379740230051363
21607,0.456168853652055,0.0615568488841978,0.0540484197682223,0.428225877695526
21608,0.203927942747114,0.433041686923071,0.0160234309515911,0.347006939378224
21609,0.0428733186084983,0.0468032521196612,0.430823920886391,0.47949950838545
21610,0.290402481716443,0.284597521136909,0.0162166490286708,0.408783348117977
21611,0.0385423166276605,0.0268855023046509,0.568390115118102,0.366182065949587
21612,0.655280112840226,0.0911555393652545,0.134548222615233,0.119016125179287
21613,0.0179241891735589,0.165254084663542,0.222642259534795,0.594179466628104
21614,0.0695134588713612,0.394407719833827,0.238066082062805,0.298012739232007
21615,0.18799722143568,0.326330816093335,0.0183620996649266,0.467309862806058
21616,0.237613082734701,0.0152234718510525,0.536805677169101,0.210357768245145
21617,0.260659601214129,0.295131306217281,0.151250752719373,0.292958339849218
21618,0.120844760440152,0.0627590997422751,0.178912920581394,0.637483219236179
21619,0.0922473311573483,0.104097385607362,0.0343329957116955,0.769322287523594
21620,0.0411693310962717,0.768996680011617,0.039109720486993,0.150724268405118
21621,0.156854784735351,0.2782444755745,0.124486142796607,0.440414596893543
21622,0.0603816156735096,0.15864324442886,0.0875289357734848,0.693446204124146
21623,0.349119570737656,0.257637229877011,0.282937546593372,0.110305652791961
21624,0.372503402183339,0.299858477942581,0.207267783787126,0.120370336086954
21625,0.163090277380973,0.174286452540358,0.522411108710421,0.140212161368248
21626,0.396540430510202,0.200900303568741,0.290714416024008,0.11184484989705
21627,0.265223390419742,0.174376182588901,0.383386875050129,0.177013551941228
21628,0.176839144789014,0.369382594234426,0.388427181799415,0.0653510791771452
21629,0.343395763971801,0.258671843801791,0.24654292617869,0.151389466047718
21630,0.271797431783788,0.242375799390902,0.202170637772938,0.283656131052372
21631,0.193396448468244,0.207740496837167,0.550608943976264,0.0482541107183248
21632,0.182631246635849,0.216152648153875,0.456023301217648,0.145192803992628
21633,0.224615373051803,0.348401019281623,0.204998385081153,0.221985222585421
21634,0.258606170777088,0.51236544655015,0.169422833779045,0.0596055488937164
21635,0.160212027032481,0.517048734376809,0.251415525759027,0.0713237128316827
21636,0.450941375163973,0.204784760743906,0.225668810878379,0.118605053213742
21637,0.32653485507648,0.426887545244484,0.151647808874258,0.0949297908047788
21638,0.305338805981161,0.271847536361481,0.325761134043366,0.0970525236139931
21639,0.240531394516305,0.472440379134432,0.177156937900247,0.109871288449016
21640,0.402479013852,0.370621040339416,0.166637334173327,0.0602626116352568
21641,0.399346549801889,0.180868454457694,0.317922755507125,0.101862240233291
21642,0.356698811107433,0.323871422271754,0.168693160560436,0.150736606060377
21643,0.176767236729269,0.263840549305144,0.379223696922885,0.180168517042703
21644,0.288525078896244,0.254126687017862,0.241258205642063,0.216090028443831
21645,0.113939131345534,0.577780166926673,0.174374588663285,0.133906113064508
21646,0.256650947950698,0.208624091561193,0.431221025754601,0.103503934733508
21647,0.175800819805355,0.253985395866336,0.415582776986694,0.154631007341616
21648,0.333846427299672,0.144673502684085,0.346025016551324,0.175455053464919
21649,0.511131540922268,0.160173524043454,0.232306082818591,0.096388852215688
21650,0.261302820411011,0.341893520308538,0.236362884435766,0.160440774844686
21651,0.375031655571698,0.159208828153891,0.184941074486068,0.280818441788343
21652,0.104228252357263,0.151799031457197,0.228448955011005,0.515523761174535
21653,0.581232620255298,0.152073402799189,0.166883803566848,0.0998101733786651
21654,0.572819469479047,0.166984625552496,0.179886602744354,0.0803093022241028
21655,0.265696847359798,0.17259493428155,0.478902899143777,0.082805319214875
21656,0.441842792851246,0.139424109037255,0.222466663309481,0.196266434802017
21657,0.577125499357698,0.113483894355062,0.14571350859806,0.163677097689181
21658,0.34762725754184,0.143782876081094,0.324781511886046,0.183808354491019
21659,0.516258708941148,0.174414363236186,0.122779316258824,0.186547611563842
21660,0.137201650467775,0.140263242050475,0.277103760538241,0.44543134694351
21661,0.121407255047615,0.331361887099016,0.216020315630281,0.331210542223088
21662,0.0746282731457754,0.539055789756684,0.145301766551541,0.241014170545999
21663,0.200128770162568,0.179222715434333,0.493724860951846,0.126923653451254
21664,0.0492077838396775,0.424746034863971,0.216672178849154,0.309374002447198
21665,0.305808401170991,0.278134503977365,0.162438010034388,0.253619084817256
21666,0.0897990815310957,0.337260872092186,0.279337570987587,0.293602475389132
21667,0.0371219170171274,0.43430127850186,0.291642421201912,0.236934383279102
21668,0.246084797238536,0.253156249948887,0.238704564030684,0.262054388781894
21669,0.300702391561103,0.219473037979149,0.0902820104102739,0.389542560049474
21670,0.144063314498926,0.436143205961235,0.118923251894529,0.300870227645311
21671,0.115191922386493,0.491789052704792,0.311106625602699,0.0819123993060165
21672,0.0594155113567088,0.201443172582799,0.501064504891954,0.238076811168539
21673,0.362600935729865,0.202546877653362,0.0551412384309375,0.379710948185835
21674,0.362183346662483,0.101615792399872,0.2902987854482,0.245902075489444
21675,0.380654942289799,0.12566585336168,0.0930741113779128,0.400605092970608
21676,0.0882144949935565,0.575429069328299,0.180174197462604,0.15618223821554
21677,0.474827828644873,0.0653035322690976,0.275178625700311,0.184690013385718
21678,0.134129427993819,0.558351150554898,0.214306520326843,0.0932129011244405
21679,0.158092586644531,0.490131680241019,0.0836719177918421,0.268103815322608
21680,0.274371030388504,0.160367896589054,0.446842014807422,0.11841905821502
21681,0.29074868607508,0.0463123567724477,0.200623770055858,0.462315187096614
21682,0.326883759963681,0.27261184521108,0.0660371914572584,0.334467203367981
21683,0.275660578812083,0.0254457984333538,0.393897890458809,0.304995732295754
21684,0.393927366985859,0.0357626325950941,0.221355223556217,0.34895477686283
21685,0.0919517616256831,0.290531763616507,0.0829704543217543,0.534546020436055
21686,0.0667512836916137,0.526250362913009,0.123463716196444,0.283534637198934
21687,0.160419846549469,0.12084560806547,0.34657346382229,0.372161081562771
21688,0.20022323519539,0.133850034608849,0.0511252616303124,0.614801468565448
21689,0.150245366793285,0.64139826946756,0.0607224948041231,0.147633868935032
21690,0.670371262926946,0.194349447065042,0.0235606495145854,0.111718640493426
21691,0.118520079993915,0.485277249372853,0.0856832195013811,0.31051945113185
21692,0.0294093917155525,0.35333216215891,0.497480516120889,0.119777930004648
21693,0.0621715096787332,0.636399376810857,0.0629254621689432,0.238503651341467
21694,0.064577297638481,0.3633287075227,0.0862641649475354,0.485829829891283
21695,0.449585949621056,0.27855530804846,0.123856622512258,0.148002119818226
21696,0.540659668240139,0.167510597411888,0.0295473253820075,0.262282408965965
21697,0.542265195784817,0.133510369527641,0.111080426041882,0.21314400864566
21698,0.103662233404653,0.0363345451209458,0.772138786813836,0.0878644346605656
21699,0.252900661456285,0.537994598979088,0.0335779790234195,0.175526760541208
21700,0.225267373389861,0.260611414340185,0.200877171402399,0.313244040867555
21701,0.422235817995913,0.165793923346083,0.113347147889603,0.2986231107684
21702,0.0551086205092387,0.556096853252702,0.112192742649862,0.276601783588197
21703,0.0793316209976215,0.414322226174346,0.0508129084422366,0.455533244385797
21704,0.0664539447581168,0.211268652045994,0.426911790063794,0.295365613132095
21705,0.130542385595962,0.0290135116602066,0.384870549277923,0.455573553465908
21706,0.0691259904535454,0.463138442250817,0.0488329619714633,0.418902605324175
21707,0.0697014077815567,0.489088080390103,0.147814791101527,0.293395720726813
21708,0.0325110061455547,0.441073504352895,0.129414271168106,0.397001218333445
21709,0.302261776984468,0.132276656460216,0.0197494509345766,0.54571211562074
21710,0.337555846071014,0.0579503347552784,0.0517949196964456,0.552698899477262
21711,0.0261666519545256,0.487036680879673,0.104262445295565,0.382534221870237
21712,0.0440050192401842,0.308763027784485,0.0350032178876786,0.612228735087652
21713,0.667005030833931,0.0776576944021199,0.0783971669321409,0.176940107831809
21714,0.0399928887954163,0.649028882224064,0.0423690343527857,0.268609194627734
21715,0.493857263259413,0.108456673782064,0.165831850487795,0.231854212470729
21716,0.070895042850738,0.0924249229572772,0.163757271912174,0.672922762279811
21717,0.228210650652604,0.0216394317019696,0.361911763938691,0.388238153706735
21718,0.340313740153483,0.397898456055509,0.0210954524883624,0.240692351302646
21719,0.216590300702024,0.137414705787859,0.134432052890117,0.511562940620001
21720,0.310766471692312,0.285153234362697,0.0411306760141533,0.362949617930838
21721,0.121374707969458,0.168952570511546,0.405135395012035,0.304537326506961
21722,0.578273294608139,0.20671052883929,0.03680927227845,0.178206904274121
21723,0.0314585077982802,0.291901919116118,0.183833611195791,0.492805961889811
21724,0.283581857414599,0.202906752922572,0.206221864597503,0.307289525065326
21725,0.0441771293574178,0.153350052419171,0.170800183299176,0.631672634924235
21726,0.0186330525343547,0.314186811712945,0.343328637585108,0.323851498167593
21727,0.176506254057113,0.0550144501915932,0.587836233810425,0.180643061940869
21728,0.0549235696851013,0.0830528639392207,0.320082514595769,0.541941051779909
21729,0.177225237909768,0.206955299534701,0.0844683494787395,0.531351113076792
21730,0.395779848356616,0.0291410554295779,0.0533709719249672,0.521708124288839
21731,0.19615449205012,0.148520291803585,0.403922571124074,0.251402645022222
21732,0.28184176176967,0.133493638888041,0.0482390118561207,0.536425587486168
21733,0.486447961030302,0.281909479887186,0.0619273138790379,0.169715245203473
21734,0.0211865263452535,0.588706145834739,0.213492399616888,0.17661492820312
21735,0.155918495827273,0.297583064106797,0.023143135966718,0.523355304099212
21736,0.725595577823084,0.0491859076348577,0.0711718578662359,0.154046656675823
21737,0.369307912387014,0.240642535940304,0.327765955315261,0.0622835963574214
21738,0.327850969526527,0.313523110161019,0.262617399948957,0.0960085203634975
21739,0.29161164742406,0.294592676084844,0.326644494146015,0.087151182345081
21740,0.115829432387571,0.53873712745245,0.270313201150699,0.07512023900928
21741,0.217249106018414,0.411933481418027,0.212205347062853,0.158612065500706
21742,0.281255845313193,0.229126629679532,0.339436504922765,0.15018102008451
21743,0.342031240742419,0.412482031391489,0.0784584546060785,0.167028273260013
21744,0.299005957946775,0.271479301144779,0.344176594209593,0.0853381466988526
21745,0.261243124395803,0.163174485299377,0.375359163181466,0.200223227123354
21746,0.331553081526508,0.411157346378235,0.130295110028614,0.126994462066644
21747,0.6041855511758,0.163254574219863,0.156357052755699,0.0762028218486383
21748,0.342599153028573,0.422150232465442,0.132050903711248,0.103199710794737
21749,0.132781983258558,0.40759659508664,0.311093342402868,0.148528079251934
21750,0.143511154868483,0.177729659183748,0.456779739897605,0.221979446050165
21751,0.535352993823532,0.111246995070392,0.290919436589175,0.0624805745169009
21752,0.430124273925066,0.126821364229721,0.236084535269949,0.206969826575264
21753,0.330841899432148,0.207790823141206,0.252441858743993,0.208925418682653
21754,0.116036761906955,0.587914631041945,0.10433625931286,0.19171234773824
21755,0.189829450899616,0.300277162712407,0.313052625562341,0.196840760825637
21756,0.0605629262691737,0.37372239014486,0.137056594211516,0.428658089374451
21757,0.103853157220179,0.55776310469969,0.0145358651680058,0.323847872912125
21758,0.192846080228664,0.190993620285497,0.182289066314647,0.433871233171191
21759,0.350307663100714,0.347597287299752,0.14059994578345,0.161495103816085
21760,0.0994742810092884,0.0356751298746279,0.379995943209164,0.48485464590692
21761,0.087497018078273,0.133082942316671,0.417903716629819,0.361516322975237
21762,0.0224232789387271,0.799283296959012,0.0124386928003541,0.165854731301906
21763,0.471090566959002,0.0408558516459497,0.0189857713702343,0.469067810024814
21764,0.274267350497223,0.0311482526044782,0.462780910651559,0.23180348624674
21765,0.462507142981327,0.13458771938097,0.06884990817671,0.334055229460993
21766,0.0336842889604156,0.370865381487919,0.0221248173110753,0.573325512240591
21767,0.0466186418395229,0.114956387621845,0.349622170617467,0.488802799921165
21768,0.189774815891339,0.256433553128369,0.318795840596136,0.234995790384157
21769,0.162401960412958,0.111698674381865,0.0418286295034031,0.684070735701774
21770,0.0567432721366162,0.389858419975623,0.199626361645305,0.353771946242456
21771,0.0121495906225636,0.0681283429596757,0.365001957947251,0.554720108470509
21772,0.091541242268306,0.287110387681412,0.188437703235241,0.432910666815041
21773,0.111154504039232,0.462391764256156,0.0339553293055518,0.39249840239906
21774,0.0175218739102344,0.0965349036713165,0.518009599994211,0.367933622424238
21775,0.221542630935398,0.28000321983266,0.215769308034191,0.282684841197751
21776,0.307447548903156,0.339517708660882,0.129832949677063,0.223201792758899
21777,0.0611961636978421,0.034083184703881,0.632084317000007,0.27263633459827
21778,0.338370844711477,0.124098750959631,0.124314030828892,0.4132163735
21779,0.209599899363127,0.305264103905073,0.118455070196206,0.366680926535594
21780,0.183554589799456,0.107526564514299,0.409171159816686,0.299747685869559
21781,0.120691370316093,0.0896638740739053,0.522442980574583,0.267201775035418
21782,0.449841769793732,0.0333461265098363,0.352679040312524,0.164133063383907
21783,0.257018188066246,0.0584137723475823,0.18220903073021,0.502359008855962
21784,0.573109997848181,0.181254619645756,0.0746592557683595,0.170976126737703
21785,0.0904454791376001,0.619508458453466,0.19162934853891,0.0984167138700245
21786,0.0531304485744849,0.0499766859060385,0.238275553134263,0.658617312385214
21787,0.0557150863162367,0.690897140787385,0.071059173031778,0.1823285998646
21788,0.298316508406422,0.304558330348545,0.0396418586549558,0.357483302590077
21789,0.0778828261236724,0.238473232552997,0.18939362213494,0.494250319188391
21790,0.584147602653797,0.0892077515794105,0.0564834938483288,0.270161151918463
21791,0.264573732179305,0.109938857891833,0.129382247939806,0.496105161989057
21792,0.0635451297456734,0.291540145331135,0.365816023094655,0.279098701828537
21793,0.101234400449802,0.212890268948236,0.518900447531135,0.166974883070828
21794,0.0669046324513912,0.595823410762988,0.196530534745165,0.140741422040456
21795,0.311970780917437,0.0252393894587394,0.515246309755749,0.147543519868075
21796,0.225974478556028,0.224600056910817,0.187279995661999,0.362145468871156
21797,0.277945837499574,0.371616577775905,0.129207619853185,0.221229964871336
21798,0.457490978037034,0.0539941392434716,0.229232510463006,0.259282372256488
21799,0.0508846280066206,0.0444623751340496,0.264813296507504,0.639839700351826
21800,0.0769483544440275,0.0805058630670524,0.345770427546039,0.496775354942881
21801,0.132690349011685,0.129567636185711,0.196178420715029,0.541563594087575
21802,0.0272802485349669,0.175403512169617,0.38991915361379,0.407397085681626
21803,0.0856976153981092,0.101480785042493,0.581285096419424,0.231536503139974
21804,0.180272472120011,0.468055610282762,0.086244989954813,0.265426927642413
21805,0.523533705037435,0.063570822879489,0.0923814547764853,0.320514017306591
21806,0.0841496658332241,0.368096694614634,0.144789070649219,0.402964568902922
21807,0.16231229200801,0.365191616773393,0.140906934017984,0.331589157200614
21808,0.206482623154049,0.0855734393336021,0.139140713573894,0.568803223938455
21809,0.573536195309563,0.0333175783301796,0.0523214098306861,0.340824816529572
21810,0.789305778566482,0.0302640175880686,0.0810723798727553,0.0993578239726945
21811,0.328341091753146,0.433687311708496,0.12576371733596,0.112207879202398
21812,0.121774029455136,0.0413455262922541,0.470993467885111,0.365886976367499
21813,0.300669556105698,0.395163287654615,0.160625609623654,0.143541546616033
21814,0.227182527457019,0.380611818322821,0.280708067867597,0.111497586352564
21815,0.358913148664183,0.098782136266585,0.318355590497671,0.22394912457156
21816,0.319948248314791,0.385478928486383,0.154727762787997,0.139845060410828
21817,0.14807734203402,0.20356763948853,0.550833496763546,0.0975215217139033
21818,0.0784861524250066,0.100787458116812,0.501582132566174,0.319144256892008
21819,0.315047568031418,0.232749098481001,0.115531894823266,0.336671438664315
21820,0.637614794976077,0.147596974185634,0.123973533701685,0.0908146971366044
21821,0.167081661155826,0.152797147747665,0.555320784707482,0.124800406389027
21822,0.406337831738934,0.392724280604193,0.105801206227576,0.0951366814292959
21823,0.158095353749356,0.431217775897848,0.213451994395352,0.197234875957444
21824,0.188456436392084,0.39655352337726,0.277866428879519,0.137123611351137
21825,0.0635423187580237,0.470742159683732,0.139276521126509,0.326439000431735
21826,0.287412732298718,0.306765924695308,0.311344379126651,0.0944769638793236
21827,0.0677040758055925,0.100696368347177,0.734536249401699,0.0970633064455317
21828,0.0922524666233294,0.456280216934428,0.196125663496658,0.255341652945584
21829,0.160338561982321,0.195599958867526,0.490232032032851,0.153829447117302
21830,0.120858384998926,0.11301405755619,0.535585584983532,0.230541972461353
21831,0.24876865349153,0.30376695872738,0.149857893459218,0.297606494321872
21832,0.235377566651125,0.375821767745731,0.0573248875141214,0.331475778089023
21833,0.534061227159195,0.0902217322003639,0.225527646772522,0.150189393867919
21834,0.606529221683592,0.157876853821794,0.0971207583951966,0.138473166099418
21835,0.0908880487822758,0.38509249615011,0.111636511111399,0.412382943956215
21836,0.0596247020489031,0.140204029905656,0.513378526682682,0.286792741362759
21837,0.0854222238258477,0.0392299673960666,0.521661020484955,0.353686788293131
21838,0.263628677010611,0.0689405624755601,0.466478197198675,0.200952563315154
21839,0.0975777715158608,0.51584107052362,0.139371473648791,0.247209684311728
21840,0.6926032680921,0.0320393678739172,0.13796898868692,0.137388375347063
21841,0.495912056124597,0.119119018644837,0.0841538118254776,0.300815113405089
21842,0.0404274484430541,0.235714014109223,0.557325245932584,0.166533291515139
21843,0.544126508100544,0.0676914703267195,0.0614477150215887,0.326734306551148
21844,0.029051349434987,0.561129993996563,0.112436531292786,0.297382125275664
21845,0.236108122664095,0.105862620006945,0.252813769234857,0.405215488094104
21846,0.067874623637055,0.448266135451981,0.124801592580397,0.359057648330568
21847,0.313056759634914,0.0668763006035492,0.350178671608289,0.269888268153248
21848,0.0618750534676532,0.1621073696619,0.0344495780727636,0.741567998797683
21849,0.551891516983096,0.219352504486228,0.0330635431999296,0.195692435330747
21850,0.493054398244199,0.0769698398859907,0.0459636406903582,0.384012121179452
21851,0.166370661020422,0.601441991544121,0.0865699957762805,0.145617351659177
21852,0.400684645439795,0.128114052319263,0.262582726796514,0.208618575444428
21853,0.124383329361222,0.212747484971835,0.474019830203896,0.188849355463047
21854,0.371426376052611,0.144460733094428,0.174847028085642,0.30926586276732
21855,0.115345751920343,0.504844282633727,0.153339177615404,0.226470787830525
21856,0.472492061426717,0.13340872642412,0.287712661158321,0.106386550990842
21857,0.106281753384854,0.64005073921308,0.0746120567917404,0.179055450610326
21858,0.565348234494255,0.0777625060149506,0.0641966059397456,0.292692653551049
21859,0.529122673153389,0.0848934331307956,0.0914098245311705,0.294574069184645
21860,0.583102568349141,0.208456349158816,0.097071240881957,0.111369841610087
21861,0.24468753769027,0.13637297732346,0.497689224327929,0.121250260658341
21862,0.0449776940403824,0.406198547755203,0.361221704583334,0.187602053621081
21863,0.0615676494736846,0.296789207437623,0.208564458393662,0.43307868469503
21864,0.268188962453514,0.563036118538626,0.0473988238244551,0.121376095183405
21865,0.130261256370315,0.284782264069487,0.427417207676202,0.157539271883996
21866,0.196667639525495,0.144262299922872,0.503357048118085,0.155713012433549
21867,0.060581181918786,0.101612981066075,0.275220578322873,0.562585258692266
21868,0.14656652965006,0.0996221218884605,0.549573098312841,0.204238250148638
21869,0.31502727970634,0.0837495437189277,0.160397477328938,0.440825699245795
21870,0.268822465036946,0.282316121691631,0.236501739568083,0.212359673703341
21871,0.555672320842686,0.197257127741191,0.0835267876003074,0.163543763815815
21872,0.0937286782771409,0.384105918002444,0.39943285701329,0.122732546707125
21873,0.362695504289395,0.361336743149531,0.206805607943243,0.069162144617831
21874,0.153704817209033,0.593236873009724,0.139600777086782,0.113457532694461
21875,0.378056032835315,0.380537212303865,0.0668733247602166,0.174533430100603
21876,0.51740049848985,0.14650095088321,0.226519944598439,0.109578606028501
21877,0.106837435256723,0.433795069235572,0.158088225208008,0.301279270299697
21878,0.30451367407435,0.512429874662605,0.101344594732763,0.0817118565302818
21879,0.382461716264104,0.283710558558866,0.0745234653117778,0.259304259865253
21880,0.345820619760336,0.204214598595388,0.352407334419929,0.0975574472243469
21881,0.138507061714249,0.369967054631054,0.220485503309615,0.271040380345083
21882,0.223455508711952,0.253654119537618,0.245938737534724,0.276951634215706
21883,0.0743931934043836,0.391969509430099,0.240115032298437,0.29352226486708
21884,0.186902280607092,0.538012875831511,0.0560571905056877,0.21902765305571
21885,0.109603756419537,0.461976585770747,0.106300808180905,0.322118849628811
21886,0.295807366354561,0.284180476562196,0.104647972658967,0.315364184424276
21887,0.234462613931983,0.104666328894066,0.452165230997424,0.208705826176527
21888,0.0738544576766722,0.32789909667877,0.471444589230862,0.126801856413696
21889,0.123524967183224,0.327121376191851,0.254837780269422,0.294515876355503
21890,0.162716859878144,0.231820327423484,0.226987028985108,0.378475783713265
21891,0.487837174273424,0.0550867851910019,0.311109067136828,0.145966973398746
21892,0.0728747457286044,0.338940425959144,0.0966771039732172,0.491507724339035
21893,0.121970410491003,0.376239119142315,0.0921543318981714,0.409636138468511
21894,0.1861214640997,0.0996519955025416,0.198178517201025,0.516048023196734
21895,0.0462291234531139,0.0698087790469559,0.722295521926395,0.161666575573535
21896,0.319652031059095,0.192214033467437,0.257146324844558,0.23098761062891
21897,0.208290524484162,0.365056080856489,0.20253559602571,0.224117798633639
21898,0.183571345020885,0.228000294484697,0.31587649427306,0.272551866221357
21899,0.267893410685862,0.128863575906019,0.452726982690899,0.15051603071722
21900,0.0506681778027877,0.0777124115011637,0.0769529112915716,0.794666499404477
21901,0.158577880871901,0.650058756987794,0.0346539137442237,0.156709448396081
21902,0.0648956378318236,0.125036401739844,0.527262283180038,0.282805677248294
21903,0.0574975277075081,0.0932891640718761,0.536747073940921,0.312466234279695
21904,0.20187914433343,0.0627270708680002,0.247378254474804,0.488015530323766
21905,0.029916437802081,0.501389036675579,0.214610355146009,0.254084170376331
21906,0.0724008793402325,0.212340758878881,0.0806968495126774,0.634561512268209
21907,0.0576165552130709,0.347906563762198,0.0996304622962429,0.494846418728489
21908,0.304527439130807,0.191935659804107,0.286301930443159,0.217234970621927
21909,0.313830687947228,0.122257782669692,0.324731227398884,0.239180301984196
21910,0.456508111267088,0.159928014535576,0.163569988412337,0.219993885784998
21911,0.165126738163382,0.580312895989763,0.14698164950054,0.107578716346315
21912,0.166407258312556,0.535938534755515,0.0599304903682626,0.237723716563667
21913,0.129203365068229,0.513966237798101,0.120412454703251,0.236417942430419
21914,0.1285842514763,0.142572509310759,0.206840498679295,0.522002740533646
21915,0.303426216417927,0.0720807651320897,0.346200401683736,0.278292616766248
21916,0.0575923904379403,0.0898361071541385,0.290207873809142,0.56236362859878
21917,0.141866743174438,0.136914051310242,0.238974359379004,0.482244846136316
21918,0.108897213024161,0.0992200376119518,0.673984257982715,0.117898491381172
21919,0.182385175495467,0.0847642973319774,0.578126696662468,0.154723830510088
21920,0.224242339947134,0.159942820056443,0.159167053140427,0.456647786855997
21921,0.121179095325139,0.5940576573569,0.120323154354602,0.164440092963359
21922,0.469450689967295,0.230447002655041,0.0611481895279369,0.238954117849727
21923,0.176255590226893,0.0867603237072944,0.233584087759527,0.503399998306285
21924,0.198405662054977,0.0853816652355736,0.28118327383258,0.435029398876869
21925,0.498906101611921,0.0929613651927272,0.192785543364738,0.215346989830613
21926,0.421270309407767,0.0958895476456493,0.085459070805184,0.3973810721414
21927,0.088662865506582,0.138497891418262,0.524906198174948,0.247933044900208
21928,0.0753504450181563,0.592896109347668,0.0470834490524898,0.284669996581686
21929,0.0550509723407689,0.0660107280361972,0.0924927273700081,0.786445572253026
21930,0.0177133525483513,0.319805478147015,0.150111522121881,0.512369647182753
21931,0.12143425833484,0.30553464686753,0.0402584644943918,0.532772630303238
21932,0.0715392217114274,0.0450662633470429,0.428264693586951,0.455129821354579
21933,0.0563036081751171,0.464121304956361,0.0400801749996557,0.439494911868866
21934,0.0813828419112785,0.312242132598637,0.137539839643484,0.4688351858466
21935,0.0862348443311397,0.155259589817369,0.0529457309113828,0.705559834940108
21936,0.106158317198872,0.18536546685014,0.081009855081132,0.627466360869857
21937,0.04982097022588,0.110397132350759,0.526583434190828,0.313198463232533
21938,0.0172912688568949,0.415001975437326,0.0776850418033169,0.490021713902462
21939,0.0296345827732842,0.266581085392068,0.0435936479930644,0.660190683841583
21940,0.360232526332211,0.127492162760362,0.0737621655931996,0.438513145314228
21941,0.0608634465459776,0.029302110542841,0.14120679668944,0.768627646221741
21942,0.0725441792581213,0.695310835748286,0.0499465490736346,0.182198435919958
21943,0.0301793079539421,0.276183772446179,0.0299752355947714,0.663661684005108
21944,0.0516857821096403,0.309281936797031,0.215417695610474,0.423614585482854
21945,0.0547528086888564,0.216064113970735,0.0295631724780182,0.699619904862391
21946,0.431751839903239,0.192791819045062,0.105369718320233,0.270086622731466
21947,0.409072087244836,0.231517548522757,0.128345991138069,0.231064373094339
21948,0.102485528164352,0.450639703629769,0.193670145882285,0.253204622323594
21949,0.118405713737946,0.337255048009397,0.117500051741511,0.426839186511146
21950,0.154880499873914,0.443256034498048,0.0927111617604675,0.30915230386757
21951,0.105582942334808,0.219404647380614,0.309398272070742,0.365614138213836
21952,0.35341996263511,0.0591214461786557,0.0756226196148711,0.511835971571364
21953,0.443719502351146,0.187825057431458,0.0579792258834436,0.310476214333952
21954,0.184366406530543,0.0557127901017181,0.0795333125356099,0.680387490832129
21955,0.355799141476809,0.0694516134204324,0.204251171058803,0.370498074043956
21956,0.0235480807000058,0.0862780526062099,0.131621513254486,0.758552353439299
21957,0.429189077934071,0.106950700477843,0.162222909247434,0.301637312340653
21958,0.0317772048687404,0.707703461154459,0.0958698117028755,0.164649522273926
21959,0.0589998454842997,0.0764165087882847,0.0630112207657906,0.801572424961625
21960,0.107575426944821,0.53817235292264,0.0265837611330566,0.327668458999483
21961,0.160804120881388,0.14799223575262,0.304628216845223,0.386575426520769
21962,0.678411904347272,0.0995153061970693,0.0801111078220489,0.14196168163361
21963,0.0891818768794999,0.469615523139201,0.25719752772436,0.18400507225694
21964,0.130867866863945,0.0286998573876582,0.681944414766956,0.158487860981441
21965,0.0946164826116444,0.0687120495104116,0.323846802705213,0.512824665172731
21966,0.0732969579693842,0.0445651140998072,0.360556254700366,0.521581673230443
21967,0.464695465968508,0.0268619372882014,0.231742950683516,0.276699646059774
21968,0.165432223464427,0.536824113992985,0.0608760215229145,0.236867641019674
21969,0.0176088068147562,0.149988990151608,0.222770323875382,0.609631879158253
21970,0.152222443040919,0.1730435407806,0.118188544692613,0.556545471485868
21971,0.230630507896854,0.281314816620337,0.329245967065624,0.158808708417184
21972,0.346708164420901,0.12816242475273,0.137187109220805,0.387942301605563
21973,0.384326998990481,0.171460031337662,0.0439662767115173,0.40024669296034
21974,0.477582340837973,0.169795798913548,0.0425197735101371,0.310102086738342
21975,0.0242725808392586,0.0719048705718363,0.248552545423435,0.65527000316547
21976,0.365711183727367,0.259404949213657,0.209690630344241,0.165193236714736
21977,0.13160037900763,0.367102478022644,0.151050080088487,0.350247062881239
21978,0.214729928129051,0.037187909861318,0.236455642515423,0.511626519494208
21979,0.23123384221502,0.162655163396972,0.040785266333113,0.565325728054895
21980,0.0643330549196274,0.568131160710748,0.0591924262531129,0.308343358116512
21981,0.0896661188290083,0.483244393410801,0.158022724543081,0.269066763217109
21982,0.0946019106709447,0.198081477398825,0.16905903655958,0.53825757537065
21983,0.0277582135765138,0.0500885746545485,0.210106714133205,0.712046497635732
21984,0.128705289399712,0.276515475232064,0.198029797325567,0.396749438042657
21985,0.082911591093534,0.468194905196911,0.183236299563433,0.265657204146122
21986,0.165692408736742,0.199254043732851,0.481231162204145,0.153822385326263
21987,0.0709163177104811,0.35008125826397,0.176504009485193,0.402498414540356
21988,0.285249147333227,0.238673800239283,0.14678427706243,0.32929277536506
21989,0.118001085099845,0.278954717391891,0.249695900414139,0.353348297094126
21990,0.0516399697258911,0.401499908013472,0.253530980385347,0.29332914187529
21991,0.217680662144818,0.216993324451848,0.226589156995515,0.33873685640782
21992,0.243570374158399,0.158458057045307,0.106952173290804,0.491019395505489
21993,0.116914734679474,0.376365532695156,0.145905567298186,0.360814165327184
21994,0.137274235246267,0.44580288973092,0.316652725806694,0.100270149216119
21995,0.0922277202951952,0.16511471081991,0.454970506038379,0.287687062846516
21996,0.303391898015274,0.199808648943519,0.068946991372819,0.427852461668389
21997,0.313654619124104,0.115238823584139,0.263088839713093,0.308017717578664
21998,0.310232581966692,0.102381087855028,0.0955319533079649,0.491854376870315
21999,0.0960379900210924,0.547264057398545,0.178452392626183,0.17824555995418
22000,0.440859113097011,0.0841841596767953,0.240930761351701,0.234025965874492
22001,0.139973939990377,0.551620543705419,0.186578077117277,0.121827439186927
22002,0.127573069548557,0.419829075582908,0.112448820496968,0.340149034371567
22003,0.0719376285417439,0.231724143276756,0.467261037186454,0.229077190995047
22004,0.562572313223678,0.135394900239543,0.103319756328666,0.198713030208112
22005,0.352347517141225,0.088273740332763,0.182978622716042,0.37640011980997
22006,0.0420962216845575,0.270685013570152,0.222134508176866,0.465084256568424
22007,0.22781390922998,0.36389253556542,0.151849979692383,0.256443575512217
22008,0.0501078057207491,0.172846054932335,0.449659440301642,0.327386699045274
22009,0.367755672112953,0.127995277272391,0.157532505972543,0.346716544642114
22010,0.126494441001967,0.430248283255258,0.04562566835049,0.397631607392285
22011,0.0614603509154392,0.393271303560156,0.159576998665439,0.385691346858965
22012,0.25348173300775,0.102186967748434,0.137349702027937,0.50698159721588
22013,0.331565557671108,0.101687472481889,0.269622144748456,0.297124825098546
22014,0.101216485886561,0.086879851397984,0.628299773320101,0.183603889395354
22015,0.0629744408666693,0.0660128674488116,0.329303443300665,0.541709248383855
22016,0.042938123611978,0.41464848150452,0.042848306083645,0.499565088799857
22017,0.0641983669999691,0.720631974278816,0.0342835129661448,0.180886145755071
22018,0.245914428723812,0.129615734315766,0.293825478186938,0.330644358773484
22019,0.175020722253533,0.08570016212557,0.246874589363291,0.492404526257607
22020,0.111062531503221,0.0742985769231146,0.346074128486857,0.468564763086808
22021,0.0348310678173455,0.276893618947096,0.257471991483614,0.430803321751945
22022,0.551756476918121,0.0552102991843855,0.174954860039038,0.218078363858455
22023,0.368131298016485,0.0576593149388365,0.272825673260067,0.301383713784612
22024,0.328364625396623,0.0402433244831473,0.113392234332122,0.517999815788108
22025,0.4337842139659,0.178130990289705,0.0474954308847066,0.340589364859689
22026,0.635614140213435,0.0739491339734294,0.0326192657074657,0.25781746010567
22027,0.246293112955017,0.218460574266066,0.0697505020265735,0.465495810752344
22028,0.349172205292208,0.0673908600557571,0.0282482542761983,0.555188680375837
22029,0.0377923135833659,0.0614663295528076,0.0500492302273724,0.850692126636454
22030,0.548007733863118,0.0238079477562485,0.23989587780693,0.188288440573703
22031,0.179172658067585,0.132676109179461,0.0431188060416728,0.645032426711281
22032,0.0530853953484619,0.174224789042604,0.0387239911438875,0.733965824465047
22033,0.0468551734666892,0.0818893228893627,0.707365802134742,0.163889701509206
22034,0.712735221178804,0.0599764116304762,0.0382450810718786,0.189043286118841
22035,0.124437025276662,0.0905514790476436,0.0721890178390287,0.712822477836666
22036,0.529588171786478,0.160427028489412,0.0417570902873442,0.268227709436766
22037,0.110416230314902,0.104105179158775,0.0288129606792849,0.756665629847039
22038,0.0701125271768484,0.241927857102391,0.0433569618898071,0.644602653830953
22039,0.371391786728742,0.334896148827042,0.0120130428529742,0.281699021591243
22040,0.123992318771645,0.368792208101309,0.118566030481167,0.38864944264588
22041,0.185298246006761,0.0886869374817603,0.521382449950158,0.20463236656132
22042,0.251281766594279,0.244481467633204,0.25740208074337,0.246834685029147
22043,0.199013783964617,0.497949598642418,0.120236613895167,0.182800003497798
22044,0.0796057124693835,0.149845545943034,0.395674049135325,0.374874692452258
22045,0.0969245939981045,0.484284528494331,0.0835282735631071,0.335262603944458
22046,0.134481898215497,0.282281429450098,0.253554230164705,0.3296824421697
22047,0.166726848433851,0.453742913863026,0.0605989586921657,0.318931279010958
22048,0.128974867203215,0.709296039305121,0.0389310737170078,0.122798019774656
22049,0.156379257038337,0.559685242273619,0.0614016453931104,0.222533855294934
22050,0.220814583494149,0.280534482966171,0.385625281570822,0.113025651968858
22051,0.0695837511814914,0.093282429475636,0.60530920201673,0.231824617326143
22052,0.185369478632744,0.436121288457407,0.145218436697511,0.233290796212338
22053,0.0316726387399095,0.731971447644292,0.120340542323442,0.116015371292356
22054,0.0947062731983307,0.0843183748313309,0.655088302739611,0.165887049230727
22055,0.167218400861357,0.143860363525423,0.499012699152347,0.189908536460873
22056,0.213456298338243,0.116459041474439,0.524946414135136,0.145138246052182
22057,0.257067459804176,0.173425723700019,0.189280341738335,0.38022647475747
22058,0.283019913174526,0.538641870449644,0.0860974478239868,0.0922407685518432
22059,0.157019678710852,0.49016158285575,0.111467093165021,0.241351645268377
22060,0.204901548487398,0.22364471480627,0.0716092848031083,0.499844451903223
22061,0.115609283908664,0.178238954266768,0.374965958302913,0.331185803521656
22062,0.193012757972141,0.259306625059475,0.342015859202875,0.205664757765509
22063,0.0242841874862602,0.636658127986346,0.180634172678709,0.158423511848685
22064,0.42201778773773,0.233567154421112,0.119191783653466,0.225223274187692
22065,0.105998859156242,0.132492641729046,0.408004990274732,0.35350350883998
22066,0.443490954295104,0.11319011927901,0.0923424066826223,0.350976519743264
22067,0.351608738563267,0.179361914988687,0.0384877624508324,0.430541583997214
22068,0.130066155359935,0.728388315073803,0.0175703259229589,0.123975203643303
22069,0.0253917860218071,0.526928400028665,0.0632459066576443,0.384433907291883
22070,0.377740269987052,0.0337023054190311,0.0963053895100543,0.492252035083862
22071,0.334593204424018,0.152519803771009,0.0629406439475099,0.449946347857463
22072,0.0405362077799146,0.526686023691191,0.290558780876958,0.142218987651937
22073,0.105770401137669,0.0982810208699188,0.252359475071559,0.543589102920854
22074,0.0345599210225872,0.647722920905863,0.145619965542284,0.172097192529266
22075,0.0487950595889984,0.255767743291838,0.163919329699675,0.531517867419488
22076,0.664777442149576,0.121340315266697,0.0563158462661645,0.157566396317562
22077,0.162864344144368,0.0683804989909164,0.0608793690891335,0.707875787775583
22078,0.335893258135806,0.134139860981738,0.0734978559802322,0.456469024902224
22079,0.434517624131334,0.0262479169132695,0.0556289077154855,0.483605551239911
22080,0.0960670001340744,0.0501337443001497,0.50290213157712,0.350897123988656
22081,0.106407367048927,0.52899007874697,0.118276836663094,0.24632571754101
22082,0.601481874113223,0.130580436188632,0.07629322336409,0.191644466334056
22083,0.0154249874505122,0.593628772735885,0.111464686488415,0.279481553325188
22084,0.143534769682876,0.0648572751669603,0.0297146060309849,0.761893349119178
22085,0.27770883396247,0.090888577378346,0.124004509291745,0.50739807936744
22086,0.027358660936146,0.401181281992504,0.0258967219296019,0.545563335141748
22087,0.0254602412511706,0.0343913888514281,0.431958274480131,0.50819009541727
22088,0.0573722287130545,0.0842189144583811,0.0960320896298158,0.762376767198749
22089,0.0105735916558909,0.526431357718929,0.126407845690156,0.336587204935024
22090,0.0692232354707543,0.144455550601788,0.197497806104459,0.588823407822998
22091,0.0409877230977349,0.103434244654986,0.619013211912113,0.236564820335166
22092,0.647420849169004,0.142521396523312,0.0210060003567067,0.189051753950977
22093,0.0465802343122387,0.0733935897832441,0.481952629652917,0.3980735462516
22094,0.0703618408350542,0.0521221765666213,0.299109547669908,0.578406434928417
22095,0.0329783100109324,0.23278527743672,0.0923550362400538,0.641881376312294
22096,0.147847774553684,0.0155405528476482,0.61930579826404,0.217305874334628
22097,0.51774093883518,0.0143867070260841,0.0398455204209466,0.42802683371779
22098,0.250813096650899,0.0811759727078863,0.469522507498819,0.198488423142395
22099,0.037167230789845,0.308802374702116,0.23287711260715,0.421153281900889
22100,0.0714805034425376,0.200097422755766,0.541290716514962,0.187131357286735
22101,0.458717374384005,0.19469153138407,0.0904184099340811,0.256172684297845
22102,0.0889726547474605,0.346169152739223,0.104553409525087,0.46030478298823
22103,0.29977664898434,0.238082615842801,0.180820887219217,0.281319847953641
22104,0.352538227206357,0.265078192480419,0.0609328219008346,0.32145075841239
22105,0.0246450372494976,0.268845121277585,0.258205734727899,0.448304106745018
22106,0.699554755431309,0.117203668884673,0.0290343696055703,0.154207206078448
22107,0.0944396847248617,0.0613329551579883,0.536578736519754,0.307648623597396
22108,0.26664186084295,0.067411686746978,0.257753009421757,0.408193442988316
22109,0.265531397489872,0.42280805133075,0.0904241400114504,0.221236411167927
22110,0.0498388379350696,0.0519875761977101,0.161713157774551,0.73646042809267
22111,0.375413560647023,0.107529798298026,0.0935054316245374,0.423551209430414
22112,0.0290192129619524,0.188710698704541,0.452338781885655,0.329931306447852
22113,0.0460897249296097,0.439801368680479,0.170614368189047,0.343494538200864
22114,0.15184595282162,0.085840040567937,0.158633067381374,0.603680939229069
22115,0.153033567886204,0.104413780238694,0.0434100262843318,0.69914262559077
22116,0.0406015723056666,0.160927121446302,0.478390637405271,0.32008066884276
22117,0.263169641074578,0.0797931703173665,0.520490242130037,0.136546946478019
22118,0.670308726720437,0.0848284271924493,0.0743822518126151,0.170480594274499
22119,0.0683005558719968,0.569813894465451,0.103388024028702,0.25849752563385
22120,0.135359909819436,0.0824586784360107,0.46637809979123,0.315803311953324
22121,0.0446837619630517,0.289491726491699,0.13676554074101,0.52905897080424
22122,0.0911051414180561,0.315255212626053,0.47248067716849,0.121158968787401
22123,0.0888893022558724,0.379322100619529,0.246149664725845,0.285638932398753
22124,0.0415571900517982,0.334507564643702,0.262443590147382,0.361491655157118
22125,0.228386791187492,0.108671266389102,0.118466850704693,0.544475091718713
22126,0.164656378448163,0.105237511131341,0.260023349165293,0.470082761255203
22127,0.533288652934962,0.149126293315605,0.092896746163378,0.224688307586055
22128,0.365482855899031,0.188755908194053,0.174016037901662,0.271745198005254
22129,0.0317094951096083,0.0947904744759106,0.109216887014322,0.764283143400159
22130,0.0602698647345326,0.251142197040339,0.464874130884195,0.223713807340933
22131,0.683567978081329,0.0772762413135096,0.098200667532857,0.140955113072305
22132,0.0704525514412659,0.161557616258703,0.428603691590977,0.339386140709054
22133,0.0414057666481716,0.0983916417836364,0.533637390661846,0.326565200906346
22134,0.306501339357581,0.107273745533671,0.10341570395412,0.482809211154628
22135,0.640585054793922,0.0262792195029322,0.0300683270863559,0.30306739861679
22136,0.311803384186917,0.133630864880296,0.0557814446815737,0.498784306251213
22137,0.254373007760564,0.0741113392143554,0.168885157362202,0.502630495662878
22138,0.246652531682223,0.207908286821801,0.11622161068979,0.429217570806186
22139,0.109249555705538,0.409880807104448,0.125586058050464,0.35528357913955
22140,0.0294699960723122,0.0328118685353413,0.392630048099844,0.545088087292502
22141,0.0259400010141443,0.199980986046704,0.152406255963593,0.621672756975558
22142,0.142576552535564,0.0533276108564202,0.612972382459098,0.191123454148917
22143,0.205888942475499,0.105015367416577,0.244044466927558,0.445051223180366
22144,0.0187186482334923,0.22225722374606,0.533106807092688,0.22591732092776
22145,0.0539909552084914,0.0997741174070006,0.279844433584403,0.566390493800105
22146,0.216201541859595,0.0356772345438234,0.303280476069229,0.444840747527352
22147,0.356476954688552,0.0477955999025428,0.115420927792875,0.480306517616031
22148,0.2320278042649,0.0580672931641587,0.0906943390449641,0.619210563525977
22149,0.0376284263387871,0.283513376711945,0.0149819571877819,0.663876239761486
22150,0.0505045857168649,0.043406482430645,0.72049619461784,0.185592737234651
22151,0.137120144263257,0.026660442614956,0.28456185881694,0.551657554304847
22152,0.151418165200952,0.0376437375816325,0.0172463333032605,0.793691763914155
22153,0.0218281308332326,0.276211938016157,0.459192594971761,0.242767336178849
22154,0.0495132777064694,0.444879143044735,0.0930642942958854,0.41254328495291
22155,0.110472735419621,0.183102604394173,0.324282256604997,0.38214240358121
22156,0.0595624379668741,0.462233706779727,0.0673657117685948,0.410838143484805
22157,0.0796835579914006,0.305724220242869,0.291316359391487,0.323275862374243
22158,0.053774127004723,0.332470845194339,0.101056470115993,0.512698557684944
22159,0.102041021888825,0.166033549730548,0.428678596835351,0.303246831545277
22160,0.116470510088581,0.241170030188511,0.0876420080957804,0.554717451627128
22161,0.0468725561124104,0.246629862868362,0.129055952084538,0.57744162893469
22162,0.0785000334258848,0.217092621180255,0.21608477554424,0.48832256984962
22163,0.353574777876329,0.0540951176270899,0.0423742404978185,0.549955863998763
22164,0.0363692170320666,0.0276509271324463,0.470752996719647,0.465226859115841
22165,0.0415737640003229,0.435519031212285,0.0888451616509665,0.434062043136425
22166,0.42693583154846,0.348171592713636,0.050410648199023,0.174481927538881
22167,0.30837761452464,0.185351004430493,0.166034854684464,0.340236526360403
22168,0.100835307875232,0.111562359081787,0.270005558607043,0.517596774435938
22169,0.244323753903096,0.0259200968782257,0.149291207912847,0.580464941305831
22170,0.0568829316425648,0.163314659265574,0.558162912351197,0.221639496740665
22171,0.0568358008794841,0.248707227266035,0.256462938720193,0.437994033134288
22172,0.0373033532063979,0.105115252070531,0.0375928062088034,0.819988588514268
22173,0.111994446973695,0.493502914842193,0.0400788766039547,0.354423761580158
22174,0.510936896554959,0.134463074560402,0.0845175490283195,0.27008247985632
22175,0.0769675277189621,0.430960812759867,0.157917573255469,0.334154086265702
22176,0.253625684680048,0.0797732455859765,0.286760955328463,0.379840114405512
22177,0.148245158163755,0.0705366183697054,0.182353878834885,0.598864344631655
22178,0.173193641981653,0.377936793820689,0.120385236589937,0.328484327607721
22179,0.0433320387603637,0.344924838509539,0.0445018269001492,0.567241295829948
22180,0.222923046533625,0.0892398442877142,0.512961768194112,0.17487534098455
22181,0.111403407178894,0.50098974883788,0.0903811903034876,0.297225653679738
22182,0.332275615228618,0.0895584465517212,0.240543060828596,0.337622877391064
22183,0.201437842357709,0.431681852688338,0.10223608086385,0.264644224090102
22184,0.292698433062341,0.0490487337661422,0.0740592715337896,0.584193561637728
22185,0.123570147289739,0.252799639326262,0.0397026354312712,0.583927577952729
22186,0.0558226002183442,0.454859595595594,0.0815038862971016,0.40781391788896
22187,0.0571621024871855,0.129029800583402,0.0488571560711808,0.764950940858232
22188,0.248433154069961,0.126475993293203,0.25244198715996,0.372648865476876
22189,0.165037109848181,0.0298026570827845,0.396616038755209,0.408544194313825
22190,0.046370921224123,0.419877318297038,0.136812150452424,0.396939610026414
22191,0.221485751668157,0.116547945820879,0.483875328498379,0.178090974012586
22192,0.087710086832579,0.128600694817192,0.199677187034381,0.584012031315848
22193,0.0539581781446448,0.182904431296508,0.0682006664747393,0.694936724084108
22194,0.247609004319236,0.299838854008268,0.0145528339491561,0.437999307723341
22195,0.249863701190407,0.522972525506408,0.125402490104247,0.101761283198938
22196,0.26219000582216,0.0187871124883311,0.0573906215685309,0.661632260120978
22197,0.0747363692474411,0.442137695684513,0.0232048553107252,0.459921079757321
22198,0.0297233911044722,0.0209280840412521,0.0503424979660842,0.899006026888191
22199,0.637491905836054,0.0583699889768923,0.045279729873279,0.258858375313775
22200,0.403285946703695,0.0627208315192396,0.0858891131159925,0.448104108661073
22201,0.197723143723438,0.407835516862733,0.133231949740475,0.261209389673354
22202,0.567433282170442,0.192461651192852,0.0275269791771944,0.212578087459512
22203,0.430113270704625,0.333145956528435,0.0387386146895182,0.198002158077422
22204,0.0550148082350603,0.248932380690013,0.0126831916346408,0.683369619440286
22205,0.303964181869533,0.247416274725443,0.0895681574739658,0.359051385931058
22206,0.034992587951671,0.113273525704075,0.416265872081257,0.435468014262998
22207,0.0438877217900132,0.0289786548840514,0.287508611111235,0.639625012214701
22208,0.165041468616268,0.482274411199559,0.0291733398180887,0.323510780366084
22209,0.0866265694544368,0.0428636298299579,0.0166659840074774,0.853843816708128
22210,0.0668223226423718,0.11422004779649,0.103578343548795,0.715379286012344
22211,0.0448482997911518,0.234968085265762,0.0129714721482508,0.707212142794836
22212,0.0244624064211398,0.300172038972783,0.34714530520698,0.328220249399098
22213,0.0544207710334909,0.220006571729882,0.186559849597996,0.539012807638631
22214,0.0350784183102737,0.182220107192238,0.380749009731153,0.401952464766335
22215,0.0508340562930939,0.0900278888863872,0.659608581090298,0.19952947373022
22216,0.423330038126692,0.121122758870208,0.097709176761394,0.357838026241706
22217,0.0874548319848931,0.0611322855992711,0.539120858182511,0.312292024233325
22218,0.0439794022731148,0.342319759725205,0.0222472256560408,0.59145361234564
22219,0.331630531546289,0.0307315375848556,0.0948976565126141,0.542740274356242
22220,0.75561864996658,0.0171664402427763,0.0386500917370375,0.188564818053606
22221,0.0199974121479307,0.160860167840687,0.0508107034017593,0.768331716609623
22222,0.715980076252336,0.0559640296503356,0.0302269932861848,0.197828900811143
22223,0.135218832298303,0.355578307506086,0.0335747313708651,0.475628128824747
22224,0.170485321758289,0.0478886419219684,0.137437179111065,0.644188857208678
22225,0.622857231987799,0.15555571998255,0.081543061316981,0.14004398671267
22226,0.0673902391258791,0.0305613092787523,0.658764105091419,0.24328434650395
22227,0.545999707141372,0.168773247663909,0.098817407431688,0.186409637763032
22228,0.0191379430563338,0.619043691014437,0.0772757700374951,0.284542595891734
22229,0.191569576901099,0.336424070498529,0.0417191011654321,0.43028725143494
22230,0.0710178547381261,0.0571108809899207,0.685342320846895,0.186528943425058
22231,0.513800195575666,0.170634335067559,0.188598818433817,0.126966650922959
22232,0.420663295485311,0.240791822301153,0.0631953254363009,0.275349556777235
22233,0.141811145678549,0.0965098415182971,0.376064538315162,0.385614474487991
22234,0.249616597095288,0.343749206842455,0.108152467297312,0.298481728764944
22235,0.265513829437871,0.0803488506066427,0.17133731848309,0.482800001472397
22236,0.570286561790117,0.16304175700669,0.114997788225292,0.151673892977901
22237,0.289756076527908,0.0902483275418815,0.30040239942324,0.31959319650697
22238,0.0493156847802668,0.22403089879101,0.360310232848435,0.366343183580289
22239,0.200463797917599,0.389160399352949,0.175665373190633,0.234710429538818
22240,0.158639756918954,0.189153444538922,0.250542988040289,0.401663810501835
22241,0.325037862991287,0.10854831274522,0.139387029409133,0.427026794854359
22242,0.406636057163865,0.197471235620292,0.0577317924745727,0.338160914741271
22243,0.0423555885458139,0.616833640270041,0.0726714383362328,0.268139332847912
22244,0.210759346016016,0.432072367806331,0.188384041050306,0.168784245127348
22245,0.458346095004748,0.095573843845803,0.07532307117392,0.370756989975529
22246,0.141236298910142,0.469214560966916,0.0704801767774273,0.319068963345514
22247,0.083821650323659,0.0923529768363265,0.559896670463267,0.263928702376748
22248,0.463336661718521,0.180247715884909,0.240463617312135,0.115952005084436
22249,0.0693599243882438,0.128632672255696,0.251412657321915,0.550594746034145
22250,0.41483039798116,0.0640616573320206,0.213585823597056,0.307522121089763
22251,0.121530782052943,0.123779452501501,0.473301173539675,0.281388591905882
22252,0.129459070971363,0.0808022727085177,0.508482159987578,0.281256496332541
22253,0.156242831369131,0.499783841852733,0.0531830570992593,0.290790269678877
22254,0.0838320568820319,0.152894817376631,0.331080578940268,0.432192546801069
22255,0.0609650998452857,0.0341554799521756,0.45401884091145,0.450860579291089
22256,0.290944908546345,0.0482528700521047,0.207630067034275,0.453172154367276
22257,0.576550252939115,0.0529312620808385,0.152183769979176,0.21833471500087
22258,0.0522544026018802,0.513058187553008,0.178647621362351,0.25603978848276
22259,0.176414135507703,0.0776704863424975,0.207849278601935,0.538066099547865
22260,0.0289256971108868,0.0446916505250231,0.418356101664304,0.508026550699786
22261,0.284633941276967,0.0703883892387619,0.266286378655665,0.378691290828606
22262,0.413502372051107,0.215715432372181,0.0957322974519874,0.275049898124725
22263,0.0783885996019877,0.45167888267332,0.0255993754329145,0.444333142291778
22264,0.422613874462026,0.212898202834745,0.0752250477168905,0.289262874986339
22265,0.186229632285616,0.126731760117086,0.490606319387011,0.196432288210287
22266,0.0819778637687361,0.0467668905814178,0.36471463162486,0.506540614024986
22267,0.0428810605033257,0.0352106322537404,0.560596956007631,0.361311351235303
22268,0.294149262894732,0.168844220004694,0.0823924881750361,0.454614028925538
22269,0.284885778833086,0.544135602863754,0.0663120393029776,0.104666579000183
22270,0.107844660201143,0.24513339105002,0.409941326734595,0.237080622014243
22271,0.187000971447436,0.286124366912156,0.370884895186863,0.155989766453545
22272,0.236763348706723,0.433353072454681,0.145072780596862,0.184810798241734
22273,0.234390165446603,0.216230032181447,0.265136788403314,0.284243013968637
22274,0.174107293712052,0.548337542805673,0.0733188849636626,0.204236278518612
22275,0.131198692192939,0.512266481130635,0.159678469161009,0.196856357515418
22276,0.0554625048181658,0.129621348844808,0.501300754082939,0.313615392254087
22277,0.278402484104352,0.161391035264007,0.469275282590063,0.090931198041577
22278,0.0929377404562331,0.342267200368296,0.310394951106324,0.254400108069148
22279,0.399423359070013,0.188107784652541,0.143244019323622,0.269224836953824
22280,0.217803329859372,0.100405190735778,0.330931917343876,0.350859562060975
22281,0.639264049848554,0.0903658889495228,0.136884028054896,0.133486033147028
22282,0.0827125210445702,0.323635921828243,0.510107735829663,0.0835438212975241
22283,0.132139479303063,0.30269431978557,0.1544169207157,0.410749280195667
22284,0.308420558421966,0.128831061812458,0.436581021615525,0.126167358150051
22285,0.0922743630937541,0.37857558670618,0.165163130587215,0.363986919612851
22286,0.139587756096788,0.0600362277128288,0.570523669401506,0.229852346788878
22287,0.374055155765515,0.249105028284345,0.0770879771615582,0.299751838788582
22288,0.260638574147081,0.322488885011671,0.188894677607262,0.227977863233987
22289,0.185165130344687,0.30176562762753,0.299214953719792,0.213854288307993
22290,0.491612906910808,0.124921251813454,0.276593038850636,0.106872802425103
22291,0.589294337117571,0.0990128458394904,0.135327279769085,0.176365537273854
22292,0.189088043612255,0.289398279024825,0.270902094778988,0.250611582583933
22293,0.244578920930523,0.328599698076582,0.135767129350917,0.291054251641979
22294,0.302690205624027,0.174595741205649,0.0957656101921588,0.426948442978165
22295,0.0991235495157097,0.260727885501405,0.438619839315246,0.201528725667639
22296,0.27522262157926,0.0713199239183143,0.262700419904694,0.390757034597731
22297,0.210563628732415,0.169320317680308,0.354647863235368,0.26546819035191
22298,0.148726136492832,0.184565178048002,0.426154793998781,0.240553891460385
22299,0.0521491235509573,0.650957777619514,0.0809153076956149,0.215977791133914
22300,0.562412330036765,0.188640039214404,0.0977626941003953,0.151184936648435
22301,0.159524762919789,0.167008382116838,0.524167314173187,0.149299540790187
22302,0.103104074804861,0.474821262225592,0.173432533750417,0.248642129219129
22303,0.430114663785055,0.118722590773376,0.126303990607798,0.324858754833772
22304,0.251445535404333,0.337620160024089,0.061617392346145,0.349316912225433
22305,0.190941282707842,0.247183209938541,0.30015318965077,0.261722317702847
22306,0.169445696568702,0.153433971826893,0.51459194729656,0.162528384307845
22307,0.0950869641253756,0.320847504514182,0.0491066730752397,0.534958858285203
22308,0.136003136631916,0.264189111498689,0.202998006135448,0.396809745733947
22309,0.451476731952743,0.0826326286264629,0.037521157611522,0.428369481809272
22310,0.261981253959997,0.0474536939299964,0.213513628428743,0.477051423681264
22311,0.150014859605869,0.284327605517575,0.154369432898112,0.411288101978443
22312,0.620679205622256,0.106328994381051,0.0685525519219648,0.204439248074729
22313,0.442519936553255,0.205163543523059,0.0557116465911886,0.296604873332498
22314,0.368158445956085,0.193386512763421,0.181379677556548,0.257075363723947
22315,0.132940680196539,0.264531532342496,0.154027871754898,0.448499915706067
22316,0.0467591715350181,0.367172094642797,0.145581180877174,0.440487552945011
22317,0.0629236732073786,0.417538589497795,0.0875033343225706,0.432034402972256
22318,0.155826514494212,0.037519908736118,0.503289728765112,0.303363848004559
22319,0.329484478960144,0.192281645475683,0.0597974650333023,0.41843641053087
22320,0.110330136276857,0.31690919180491,0.332057233120727,0.240703438797505
22321,0.177567611726179,0.115998354928191,0.117695668910615,0.588738364435016
22322,0.0425022300313592,0.088231311225979,0.439815258946626,0.429451199796036
22323,0.0302137410123979,0.292631958447882,0.102031762490985,0.575122538048735
22324,0.0559100849616221,0.365802786502169,0.267908678971713,0.310378449564496
22325,0.151862603713031,0.176961811079346,0.0517950971039764,0.619380488103646
22326,0.373897140000663,0.103184173435568,0.142322553717927,0.380596132845843
22327,0.348507945807038,0.183117751026828,0.345631900002866,0.122742403163268
22328,0.275235732048062,0.130545717088794,0.184503511134479,0.409715039728665
22329,0.243346014656198,0.165834491422987,0.164303889186979,0.426515604733836
22330,0.16673289791318,0.151736539966883,0.290567671634635,0.390962890485302
22331,0.227872333299817,0.141173254625964,0.0807685518864355,0.550185860187783
22332,0.19326192354892,0.132085413835625,0.162024595718025,0.512628066897431
22333,0.583678899010316,0.0368185688860812,0.243334241428489,0.136168290675114
22334,0.152519050672236,0.15580951531563,0.313791710209073,0.37787972380306
22335,0.25552916526094,0.296972091349487,0.11175918368819,0.335739559701383
22336,0.445320873939802,0.136285515357945,0.12994808265144,0.288445528050812
22337,0.123839215744558,0.289570637972936,0.289517228988883,0.297072917293624
22338,0.0599486233359778,0.152989640839654,0.131279875965203,0.655781859859165
22339,0.14089299759706,0.0827657227253094,0.576153559343119,0.200187720334512
22340,0.0497225142210156,0.358796824022047,0.0852127350544679,0.50626792670247
22341,0.15082516558122,0.109374846310459,0.172565507379527,0.567234480728794
22342,0.198319698230471,0.116365733769559,0.444278365179413,0.241036202820558
22343,0.10582351806831,0.623619546872994,0.0804240131091705,0.190132921949525
22344,0.118780107353561,0.236143997357142,0.477778279269411,0.167297616019886
22345,0.663694886436286,0.1088552326269,0.117844101409532,0.109605779527282
22346,0.403774486126873,0.17817893256516,0.088802946144468,0.329243635163499
22347,0.135282640618671,0.281115200984029,0.400552468770799,0.1830496896265
22348,0.11440548395346,0.273203400341579,0.515328212158883,0.0970629035460785
22349,0.210384982687206,0.301179651256475,0.34328435353536,0.145151012520959
22350,0.221400920711124,0.306369145521335,0.329160048351272,0.143069885416269
22351,0.140517706387342,0.221825892411502,0.520239019309246,0.11741738189191
22352,0.557246898435646,0.107386067939361,0.197711572136583,0.13765546148841
22353,0.165562683986717,0.106583072580835,0.390970243827298,0.336883999605149
22354,0.211944470625794,0.331686033645249,0.212589588603521,0.243779907125436
22355,0.134311199355769,0.31575577415844,0.25512284444459,0.294810182041201
22356,0.163229569904301,0.0874838728082835,0.404242302102186,0.345044255185229
22357,0.130133232113759,0.546911897542392,0.134059681445735,0.188895188898114
22358,0.682403186751716,0.0793073046176392,0.109391670479709,0.128897838150936
22359,0.194806483622672,0.263835294502224,0.432024113490438,0.109334108384667
22360,0.19999315142387,0.468399773253347,0.0540791476203891,0.277527927702393
22361,0.216516169885984,0.189308036928799,0.117308370397262,0.476867422787955
22362,0.12528504918617,0.222871081470859,0.334860173193302,0.31698369614967
22363,0.0728472585674741,0.104431823400851,0.366471666699283,0.456249251332392
22364,0.257321275588262,0.312192317467349,0.159153941631786,0.271332465312603
22365,0.24678696493295,0.272990299097011,0.270049354284178,0.210173381685861
22366,0.206116958525404,0.504914299223292,0.202416468491505,0.0865522737597989
22367,0.484848654467859,0.0921462342063665,0.230994737925253,0.192010373400522
22368,0.199470060670651,0.423031189206826,0.125446533126261,0.252052216996263
22369,0.148724402186839,0.582466815503983,0.137100199890417,0.131708582418762
22370,0.0934350599071705,0.411964820614677,0.189422140892563,0.30517797858559
22371,0.473571149615117,0.0712778010374358,0.19178523315088,0.263365816196567
22372,0.402285314510758,0.387941097587818,0.0607848661089009,0.148988721792523
22373,0.243740079047002,0.0853038359871174,0.243450799555929,0.427505285409952
22374,0.258877775624733,0.548737032825051,0.0796462668783494,0.112738924671867
22375,0.120187373547695,0.533660577670149,0.102500297529219,0.243651751252937
22376,0.249854120167853,0.0858520984150853,0.132725860692142,0.531567920724919
22377,0.289993974549838,0.358481491425674,0.0979514735316423,0.253573060492846
22378,0.104197271291101,0.112757231853511,0.68124768897954,0.101797807875848
22379,0.387037840013471,0.308392176926313,0.0641421441456589,0.240427838914557
22380,0.0676404404173856,0.201417062199176,0.179822284111845,0.551120213271593
22381,0.08247169279655,0.419374569814921,0.167772104492075,0.330381632896455
22382,0.0451766072260828,0.568646499838554,0.100553114359844,0.285623778575519
22383,0.222154426697779,0.121372960161066,0.337435008262952,0.319037604878204
22384,0.17817290499933,0.564973632329851,0.0883486588569885,0.16850480381383
22385,0.351090071504247,0.219233589805393,0.283929802291679,0.145746536398682
22386,0.230560620565698,0.395270767303453,0.256914957194067,0.117253654936782
22387,0.250836968739655,0.104366870621642,0.256759094345429,0.388037066293274
22388,0.472201265817234,0.201938597138432,0.143694756139533,0.182165380904802
22389,0.189083242949125,0.206672714991194,0.383902160491103,0.220341881568578
22390,0.306715735373364,0.147276409833246,0.133367354650551,0.412640500142839
22391,0.308373112779971,0.126065791858482,0.174414576969047,0.3911465183925
22392,0.244333731753988,0.322968952317085,0.16470124646507,0.267996069463857
22393,0.131717676315948,0.16558193836003,0.535717037544073,0.166983347779949
22394,0.104693705906305,0.367946101530698,0.146576864538013,0.380783328024985
22395,0.407193287409558,0.211600671427637,0.204521577019602,0.176684464143203
22396,0.0592350181732382,0.0800517991086647,0.275918050447726,0.584795132270372
22397,0.363566428797363,0.287436297677157,0.0939620203162758,0.255035253209204
22398,0.33462102139562,0.119686088126364,0.310318505449462,0.235374385028554
22399,0.0848485471527622,0.182487353170168,0.5942697295189,0.13839437015817
22400,0.0824306994429997,0.104238282887718,0.663902903151967,0.149428114517315
22401,0.590173867517643,0.0762909086921973,0.0892608453144817,0.244274378475678
22402,0.164546488762139,0.376896828044284,0.321185576472197,0.13737110672138
22403,0.224516897338641,0.305293670352477,0.249767587151495,0.220421845157387
22404,0.471389847833205,0.0925833813087266,0.367444037632864,0.0685827332252051
22405,0.0917070729207347,0.463943513482365,0.124490622569808,0.319858791027093
22406,0.136605444469119,0.514186637653783,0.135236372006565,0.213971545870533
22407,0.208647603249376,0.138781235713593,0.293258548072911,0.359312612964121
22408,0.0668538662576406,0.12562310813761,0.73182885291165,0.0756941726930988
22409,0.38082141299307,0.233098849057356,0.276322659289699,0.109757078659875
22410,0.290042518899344,0.354445326545242,0.245525077360709,0.109987077194705
22411,0.20435461578397,0.306623094276421,0.345988232604901,0.143034057334709
22412,0.308642723496524,0.182246590817812,0.435263311733838,0.0738473739518265
22413,0.0768186574956621,0.136051028020659,0.147342888419857,0.639787426063823
22414,0.196662628208403,0.673533235317407,0.0503594402583599,0.0794446962158304
22415,0.0978700870785518,0.187127549833694,0.582272910265582,0.132729452822171
22416,0.0893236913984998,0.131632963412644,0.623078777871782,0.155964567317075
22417,0.25576157594377,0.130373197947796,0.286537598036315,0.327327628072119
22418,0.052310898496651,0.539498031429073,0.280746727623656,0.127444342450621
22419,0.122556670548187,0.287293627036271,0.130921037496107,0.459228664919435
22420,0.0777416383797982,0.505316906053943,0.133355744107533,0.283585711458726
22421,0.256206302143017,0.146107572843948,0.426022513380669,0.171663611632366
22422,0.0663305375368537,0.265694687160387,0.261491782776315,0.406482992526444
22423,0.095317659089796,0.216021444907368,0.525190997634448,0.163469898368388
22424,0.433136122014068,0.20175349884655,0.110936321929732,0.254174057209651
22425,0.142470634191414,0.311079380956916,0.10756328442635,0.43888670042532
22426,0.298385561141497,0.239252283166645,0.178162771690562,0.284199384001296
22427,0.348615747487124,0.264664664399417,0.0933894983755302,0.293330089737929
22428,0.0445418496748751,0.269799794270175,0.236951413565098,0.448706942489852
22429,0.653718868285055,0.13493783379877,0.067243968656471,0.144099329259705
22430,0.119616041939631,0.0890005077236897,0.490723817833065,0.300659632503615
22431,0.260472507208978,0.0857995374137233,0.252023051479019,0.401704903898279
22432,0.269673303301669,0.403959554782826,0.117265881426996,0.209101260488509
22433,0.0814425724529904,0.0850848702467505,0.172000357955512,0.661472199344747
22434,0.348238126476852,0.122600397279444,0.109065867599153,0.420095608644551
22435,0.0587799130335249,0.206897346927524,0.421645457966668,0.312677282072284
22436,0.0719587907955187,0.408509789329423,0.173812038517194,0.345719381357864
22437,0.149566455528763,0.124517345150846,0.153322845646003,0.572593353674388
22438,0.155699914502226,0.148575496595283,0.0616991225625401,0.634025466339951
22439,0.0621283381765947,0.177185047018271,0.433824669483418,0.326861945321716
22440,0.199037630095676,0.460875301458052,0.201018170560037,0.139068897886236
22441,0.282460881792637,0.379418491389198,0.250287280711885,0.0878333461062805
22442,0.196701327773896,0.355274878532955,0.371244004399072,0.076779789294077
22443,0.2777308900973,0.531868432726112,0.110905581108881,0.0794950960677073
22444,0.302505880397335,0.424253272150623,0.184036564860072,0.0892042825919696
22445,0.211808935445553,0.373870864124585,0.270502731520246,0.143817468909615
22446,0.218457835299825,0.374784979850751,0.365900815421582,0.0408563694278424
22447,0.224485224964421,0.418482137985133,0.267402307103346,0.0896303299471003
22448,0.272953164550403,0.392954211128808,0.259084716100216,0.0750079082205723
22449,0.2993095240104,0.357139558105885,0.218425000397009,0.125125917486705
22450,0.17274230482136,0.29999288197734,0.302522561511827,0.224742251689473
22451,0.149507231999719,0.573337256100253,0.176940342017338,0.10021516988269
22452,0.187124789736781,0.478472211744019,0.229119028090037,0.105283970429163
22453,0.271550730659044,0.250139998427375,0.227217766703477,0.251091504210104
22454,0.241282405923195,0.38664206962958,0.295573869174274,0.0765016552729507
22455,0.41816772597229,0.200464806749037,0.270592251820526,0.110775215458147
22456,0.346868311025062,0.165399623814143,0.276703347967995,0.2110287171928
22457,0.302205594770817,0.325148238380136,0.246606830868259,0.126039335980788
22458,0.181537831172194,0.396811530887748,0.275436981812819,0.14621365612724
22459,0.274621484370939,0.264415343166934,0.404947894585871,0.0560152778762567
22460,0.239707495029813,0.196301323622903,0.469243728470775,0.0947474528765089
22461,0.269691731429088,0.334727003000589,0.260814174482562,0.134767091087762
22462,0.406952829295443,0.269191233852083,0.198799698174221,0.125056238678253
22463,0.142634111993685,0.448159514281199,0.187434069970391,0.221772303754725
22464,0.225732479561726,0.325540448703192,0.266155014103683,0.182572057631399
22465,0.309623726014573,0.393466104445363,0.210388943928383,0.086521225611681
22466,0.243050700091316,0.359446629864371,0.102457784918239,0.295044885126074
22467,0.219780247596905,0.53027797855269,0.140956252243341,0.108985521607064
22468,0.248650427172852,0.305154789514597,0.239056253890336,0.207138529422215
22469,0.380297775250781,0.210186614416008,0.27030287440216,0.139212735931051
22470,0.202980341606609,0.583721533836872,0.0999355804835852,0.113362544072934
22471,0.510570389027311,0.238648816802122,0.158250641272014,0.0925301528985532
22472,0.107557839141094,0.391415116915691,0.343972926252694,0.15705411769052
22473,0.52737970128618,0.189194089467635,0.181774710779169,0.101651498467016
22474,0.539585666860213,0.0906617462598536,0.289401052169522,0.0803515347104113
22475,0.31196382857329,0.526982472675041,0.0780143050245218,0.0830393937271471
22476,0.17824300525964,0.235374635434361,0.332115565638466,0.254266793667532
22477,0.128835216898035,0.259437805552646,0.444822965048906,0.166904012500413
22478,0.104510522979533,0.0762537882219906,0.54023032280739,0.279005365991087
22479,0.221147834101395,0.070192543291622,0.122250722653415,0.586408899953568
22480,0.0643332747097588,0.144459335300413,0.371423976111641,0.419783413878188
22481,0.163282762619975,0.351896208387983,0.0415126140233112,0.443308414968732
22482,0.216912481027689,0.155177285512883,0.0527172083309683,0.57519302512846
22483,0.0966196799290237,0.227517570549218,0.0646261114283947,0.611236638093364
22484,0.246492692876499,0.298623162077277,0.0266261236037559,0.428258021442468
22485,0.0458279253038025,0.217508906196951,0.14498153051994,0.591681637979307
22486,0.0623798284175109,0.185945776621865,0.433775410120599,0.317898984840026
22487,0.070779543586592,0.0398919382613847,0.344558520322647,0.544769997829377
22488,0.0824108012474044,0.0689763820224294,0.430240303152208,0.418372513577959
22489,0.278141017877058,0.0534621451607922,0.283114492318679,0.38528234464347
22490,0.0590096695549315,0.555047269857063,0.0784126406900422,0.307530419897964
22491,0.0464926829625851,0.547268234562967,0.0627908104393486,0.343448272035099
22492,0.0567389607983999,0.192901362061232,0.401123177428411,0.349236499711957
22493,0.165756578530201,0.397725452333401,0.26654829316504,0.169969675971358
22494,0.162574183507166,0.0999352652694232,0.313819204254089,0.423671346969321
22495,0.107836894608781,0.179909522117655,0.313690758539622,0.398562824733942
22496,0.262128729880284,0.0438120666334011,0.182984133975338,0.511075069510977
22497,0.167800708092747,0.418323051688988,0.260882834433101,0.152993405785163
22498,0.0671356137369852,0.170853661479041,0.281729214663322,0.480281510120652
22499,0.449647301384812,0.133159916532273,0.125041585382507,0.292151196700407
22500,0.606420716981477,0.0940049614190231,0.0465766804434759,0.252997641156024
22501,0.357936383440175,0.137835573382727,0.167429264213606,0.336798778963493
22502,0.290601526713781,0.13238480872133,0.176196409641606,0.400817254923283
22503,0.228273065373123,0.164432216030274,0.0617634436703701,0.545531274926233
22504,0.145352737356677,0.441334038644965,0.0753563652376043,0.337956858760754
22505,0.223328456038437,0.0829490914161479,0.163805119177294,0.529917333368121
22506,0.204301898937776,0.246731309578138,0.259819943013849,0.289146848470236
22507,0.0239563089137772,0.508314839526114,0.100343642793014,0.367385208767095
22508,0.135092634710785,0.616351754870611,0.0515378363157901,0.197017774102813
22509,0.562619039999802,0.0579962478161497,0.0852772753598052,0.294107436824243
22510,0.0450267373529231,0.737031250732653,0.0554891347895418,0.162452877124882
22511,0.162721250187681,0.0702526523085992,0.601957863016933,0.165068234486787
22512,0.108066268619681,0.10286817214962,0.337925098454905,0.451140460775794
22513,0.150288126029288,0.0686780544800785,0.293635422955746,0.487398396534888
22514,0.129380623213054,0.585284356358103,0.0785249698917449,0.206810050537098
22515,0.0452315001674199,0.0499888402933555,0.461036818569695,0.44374284096953
22516,0.0806324062973192,0.469034468532166,0.19060965549683,0.259723469673685
22517,0.204156036945955,0.136669588108116,0.369312245511054,0.289862129434876
22518,0.129129623933289,0.20172210834874,0.237440827289253,0.431707440428718
22519,0.156512869700237,0.35235964042449,0.0739563442941762,0.417171145581097
22520,0.330019603788714,0.278142610215705,0.164247633578888,0.227590152416693
22521,0.0757045443575004,0.410960180916015,0.276862820695343,0.236472454031142
22522,0.0348344843767516,0.105727448002944,0.556364900129073,0.303073167491232
22523,0.0396578662972257,0.644840657569411,0.173604336417085,0.141897139716278
22524,0.0661794042664641,0.0647603108477137,0.286136214990604,0.582924069895218
22525,0.237836422102245,0.0627172446231013,0.605183450341149,0.0942628829335042
22526,0.368985422516092,0.351336003914077,0.0608447084401027,0.218833865129728
22527,0.0948887354503096,0.319893477496284,0.146109195231303,0.439108591822103
22528,0.110588737576842,0.0783295454262278,0.536723606737673,0.274358110259257
22529,0.153458006121975,0.39316668315267,0.136978461856595,0.31639684886876
22530,0.165884242346021,0.0450481067825933,0.112469335735548,0.676598315135838
22531,0.0786360070179095,0.0569811584840175,0.697390058288783,0.16699277620929
22532,0.241890879652229,0.161765490713742,0.0530916913718975,0.543251938262132
22533,0.0558199509047057,0.394535077267218,0.0699607294397181,0.479684242388359
22534,0.139620174652195,0.340650580361481,0.085564167137589,0.434165077848735
22535,0.147937165461739,0.239898492045262,0.349711863866471,0.262452478626529
22536,0.0871757681373415,0.522821971621532,0.100140216534713,0.289862043706414
22537,0.110405437458134,0.329912159047578,0.33222070498582,0.227461698508468
22538,0.0773521249341281,0.408543484983691,0.134475797484053,0.379628592598129
22539,0.13679721308751,0.220857604207589,0.434884507423654,0.207460675281247
22540,0.160481646741029,0.302663236648464,0.110908788111937,0.42594632849857
22541,0.0871075510222852,0.309397314867738,0.178037405990976,0.425457728119002
22542,0.109557230112816,0.267979106076239,0.27075629245698,0.351707371353966
22543,0.421136251158343,0.0914354268388624,0.0677071113150105,0.419721210687784
22544,0.0636655513154072,0.050457457880141,0.538868125955417,0.347008864849036
22545,0.0727503187298716,0.501761735460705,0.11727373494802,0.308214210861405
22546,0.421731043941485,0.392583339979681,0.0743085102322606,0.111377105846574
22547,0.344740673056602,0.217989033800317,0.196050377514482,0.241219915628599
22548,0.152057741661614,0.166492666488511,0.305342999970479,0.376106591879396
22549,0.311102006863278,0.043485771755894,0.209539678402528,0.435872542978301
22550,0.0828084758832341,0.230562217929988,0.534036617850796,0.152592688335983
22551,0.080056610859664,0.301473675379717,0.305875196051975,0.312594517708644
22552,0.0825379221863579,0.188943634328614,0.0717217590865252,0.656796684398503
22553,0.170683001305129,0.499647926180709,0.0742920397223582,0.255377032791804
22554,0.386696545348202,0.176985021278633,0.274453542176535,0.161864891196631
22555,0.158579669794709,0.440805158508621,0.266338358129576,0.134276813567095
22556,0.396931184237578,0.319258967781253,0.212898675322275,0.0709111726588948
22557,0.13633455646927,0.493022723930246,0.211298647221025,0.15934407237946
22558,0.20159501507049,0.21848387626191,0.494608783017288,0.0853123256503123
22559,0.192656277599797,0.268333790745092,0.275379974325166,0.263629957329946
22560,0.233016638753547,0.250093597672885,0.352329611271382,0.164560152302187
22561,0.167159956739485,0.325372165994161,0.398081684299498,0.109386192966857
22562,0.186409221601205,0.465321250695515,0.28950776920649,0.0587617584967899
22563,0.427336229227541,0.188709518182651,0.274629883032157,0.109324369557651
22564,0.414983324593584,0.139490845264481,0.304310670313165,0.14121515982877
22565,0.15688392709524,0.195655972566762,0.398472348341296,0.248987751996702
22566,0.181505812769815,0.483788115582296,0.24720063894998,0.0875054326979087
22567,0.317237563284316,0.130811321782474,0.285644892066482,0.266306222866729
22568,0.309633244168606,0.1859245254728,0.197139735483916,0.307302494874678
22569,0.293455488009125,0.18186812254133,0.453199789068995,0.0714766003805496
22570,0.331985082182582,0.250771041121017,0.17469145400977,0.242552422686632
22571,0.245726676292571,0.432624244282505,0.143509171561461,0.178139907863463
22572,0.244870963513276,0.259558470809313,0.19662800414431,0.298942561533101
22573,0.282869230596549,0.269384677512702,0.294396026626053,0.153350065264697
22574,0.321594059621552,0.103528254121223,0.339338039087373,0.235539647169852
22575,0.106281752845583,0.391707120420744,0.322832693620117,0.179178433113556
22576,0.326714563247314,0.293486269816985,0.205825453036234,0.173973713899467
22577,0.38433103544904,0.304033020286468,0.234160053132431,0.0774758911320604
22578,0.101398030255844,0.390158097191255,0.401658306278989,0.106785566273912
22579,0.105763486534077,0.355761105525132,0.222122707752949,0.316352700187843
22580,0.459519973971383,0.255342546979471,0.190292626294921,0.0948448527542255
22581,0.101046266194914,0.302924850889071,0.342978590841279,0.253050292074736
22582,0.409794930322292,0.205246299290371,0.287053708427689,0.097905061959648
22583,0.265769459674795,0.265449818419443,0.351990228435883,0.116790493469878
22584,0.120332373956347,0.350865437651575,0.356222903386564,0.172579285005514
22585,0.21177719894637,0.444938544062678,0.202663530061241,0.140620726929711
22586,0.135336967649852,0.549684952184993,0.167430140239091,0.147547939926064
22587,0.38407678257679,0.113872571932501,0.0903251494481372,0.411725496042572
22588,0.276010680633942,0.171947637056227,0.333059190847493,0.218982491462338
22589,0.348090782138778,0.40279656855519,0.162638432898658,0.0864742164073733
22590,0.115207759159819,0.108195753137902,0.453165711150952,0.323430776551327
22591,0.29137607217024,0.11328818701573,0.478007603417593,0.117328137396438
22592,0.278996605519576,0.406872069062823,0.185046187210513,0.129085138207088
22593,0.321925900416129,0.317942027795085,0.151214464005152,0.208917607783635
22594,0.148562793039081,0.0860903485093336,0.469543479418555,0.29580337903303
22595,0.0917566182186744,0.138905524530239,0.276785764363131,0.492552092887956
22596,0.293034450092175,0.471933246325107,0.1100317013933,0.125000602189418
22597,0.098406179947379,0.195915716465037,0.539875707478078,0.165802396109506
22598,0.11437645091773,0.482631453322419,0.0902881699874661,0.312703925772384
22599,0.155959163470429,0.142574140173998,0.125373554982156,0.576093141373417
22600,0.113291304044106,0.248190530909759,0.140544839381961,0.497973325664174
22601,0.370171202980385,0.0761542932983048,0.105891354367544,0.447783149353766
22602,0.676268777121503,0.119972984845998,0.0757357820749181,0.12802245595758
22603,0.280482363180016,0.0693828829118784,0.197834063811728,0.452300690096378
22604,0.0655578141518113,0.331244590803911,0.287861840765691,0.315335754278587
22605,0.525138696502946,0.086644308482872,0.0811324721056895,0.307084522908493
22606,0.189156484162073,0.123950734178525,0.422587411685201,0.2643053699742
22607,0.108649134903579,0.0984768885994654,0.373938698512644,0.418935277984311
22608,0.125046112219127,0.530892892762785,0.158513731671706,0.185547263346382
22609,0.233416254007874,0.348221614695758,0.0730139416876343,0.345348189608734
22610,0.0337811108039996,0.653602999428135,0.170570109848392,0.142045779919474
22611,0.127352184249125,0.261727555937565,0.416992981823117,0.193927277990193
22612,0.109881791380466,0.16023871265595,0.450444285062727,0.279435210900857
22613,0.472554047127231,0.262537182007175,0.116698121666192,0.148210649199401
22614,0.40266394852545,0.22288726149412,0.178943700271736,0.195505089708694
22615,0.167988531145822,0.487819867331853,0.254549382120047,0.0896422194022787
22616,0.521963898751353,0.0851030425890374,0.326208805693226,0.0667242529663839
22617,0.166496710682967,0.160329078632843,0.509157873292964,0.164016337391226
22618,0.459082225200372,0.0955688702773185,0.218301075943202,0.227047828579107
22619,0.0925226301184642,0.499058263992447,0.119286628351936,0.289132477537153
22620,0.0822165647632468,0.708362862726032,0.0904460554377741,0.118974517072947
22621,0.092942258400996,0.0671796933728255,0.64768294776393,0.192195100462248
22622,0.260416066722986,0.109253640202407,0.175119908200584,0.455210384874023
22623,0.118510923057253,0.612341605048775,0.105337390390177,0.163810081503795
22624,0.152602271536536,0.457717624023434,0.0983157331456318,0.291364371294399
22625,0.275048328501841,0.183743367969808,0.157565500552219,0.383642802976131
22626,0.323689690772229,0.126025616927507,0.196055717218399,0.354228975081865
22627,0.252782256703601,0.0965699992499703,0.397198135868562,0.253449608177866
22628,0.0892938618202952,0.290994082272819,0.509256318437621,0.110455737469265
22629,0.125976522679398,0.408096866552769,0.186426842427893,0.27949976833994
22630,0.305537521533978,0.40105942061281,0.180457703802068,0.112945354051145
22631,0.393423319683787,0.365354611853515,0.0702244117355563,0.170997656727142
22632,0.16087955063707,0.45297598800834,0.101328845472404,0.284815615882186
22633,0.144682597877067,0.155320399680764,0.321072964346657,0.378924038095513
22634,0.048130129501421,0.435739907415987,0.222616747604269,0.293513215478323
22635,0.0831743256729736,0.590430612599766,0.0589009972448261,0.267494064482434
22636,0.0556035137220276,0.573477444479648,0.184670118918793,0.186248922879532
22637,0.555215963194124,0.086265809392329,0.0828129989668079,0.27570522844674
22638,0.123809590743212,0.25112927453396,0.156483097486434,0.468578037236394
22639,0.0598127008762286,0.273631058604988,0.138822923738336,0.527733316780448
22640,0.0870095216081189,0.136980794461671,0.50200294157938,0.27400674235083
22641,0.0708245029182431,0.631125913047688,0.120009044552828,0.178040539481241
22642,0.0988403118645929,0.294947016965181,0.114274444202641,0.491938226967586
22643,0.223513457251853,0.144804839349055,0.322474389670757,0.309207313728335
22644,0.089570923958487,0.218759335771055,0.543827709586965,0.147842030683492
22645,0.225135902182593,0.058395711825906,0.198271275588248,0.518197110403253
22646,0.23555770121234,0.261788431111448,0.17011121520189,0.332542652474322
22647,0.600396372187988,0.251532266067877,0.039424241103879,0.108647120640256
22648,0.670321828825959,0.174030855554594,0.0280324602792249,0.127614855340222
22649,0.0961288678217609,0.282973265687178,0.272255351966625,0.348642514524436
22650,0.112872655695592,0.386144815494515,0.0958392859673719,0.405143242842521
22651,0.110599896079745,0.10968679832486,0.474690000544616,0.305023305050779
22652,0.0509653091575216,0.100037891079083,0.263981781043653,0.585015018719742
22653,0.0562878634727142,0.227634628283448,0.547160590501181,0.168916917742657
22654,0.0517671662438383,0.102876676165862,0.209293214961379,0.636062942628921
22655,0.120532953244157,0.531287032290367,0.0636486486784975,0.284531365786978
22656,0.1679150901706,0.164960998798097,0.44415363772802,0.222970273303282
22657,0.349324851412495,0.176514154785066,0.0883869686309085,0.385774025171531
22658,0.0775533433899566,0.0476383083090657,0.147322901309465,0.727485446991513
22659,0.142893851729374,0.110590197323512,0.510902538749756,0.235613412197359
22660,0.559360245046959,0.153130636409903,0.0342510780236785,0.25325804051946
22661,0.401414816325759,0.1202920392368,0.248518484659561,0.22977465977788
22662,0.0828804581440293,0.136164544314682,0.61941618139976,0.161538816141529
22663,0.170222876164706,0.614410540836827,0.0826036329811027,0.132762950017364
22664,0.0907879704140715,0.494728796956262,0.0569812363331027,0.357501996296564
22665,0.288020181620611,0.229552295759825,0.322490757626666,0.159936764992899
22666,0.319295742690139,0.258866205142767,0.038606310601515,0.383231741565579
22667,0.0737488774751002,0.178185230840342,0.520752132668934,0.227313759015624
22668,0.134389153397127,0.271277589321503,0.0497033235245244,0.544629933756846
22669,0.0833392060740706,0.0527862666107733,0.127452077889618,0.736422449425538
22670,0.111157183900228,0.349430942437315,0.10636975243946,0.433042121222997
22671,0.225301367517067,0.11528957706362,0.405663917980208,0.253745137439104
22672,0.351237109036235,0.0858925336549287,0.124125341216924,0.438745016091913
22673,0.283673186807691,0.17300691758509,0.113547879632503,0.429772015974716
22674,0.120442776176668,0.179305339168602,0.482123005247716,0.218128879407015
22675,0.0764254688392694,0.32347497023297,0.153007205654459,0.447092355273302
22676,0.142943493282013,0.497284413646358,0.0800768695885942,0.279695223483035
22677,0.43596438511503,0.102140344680852,0.160954018690296,0.300941251513821
22678,0.132269342785271,0.114485975885422,0.0854858820786429,0.667758799250664
22679,0.0323111617131847,0.452502040946551,0.0700344176565355,0.445152379683728
22680,0.0405051308727417,0.130205707017347,0.333832993575681,0.49545616853423
22681,0.0717010619640262,0.285109761806978,0.0913277357898067,0.551861440439189
22682,0.247684672835819,0.494519794553047,0.0655998352096492,0.192195697401486
22683,0.048263926604111,0.0216288318727365,0.575393416918094,0.354713824605059
22684,0.137866130495801,0.619781175290279,0.0764977085127096,0.165854985701211
22685,0.180290570062389,0.0883510083268544,0.146761477828274,0.584596943782482
22686,0.720013161180805,0.0518244024499198,0.0359074605377587,0.192254975831517
22687,0.105260777038782,0.521829814367578,0.147475663161019,0.225433745432621
22688,0.363862811262022,0.316331374777178,0.240572961008679,0.0792328529521208
22689,0.239085532387066,0.372844406424388,0.21483657378584,0.173233487402705
22690,0.1005740186364,0.259303963345348,0.562526614656426,0.077595403361826
22691,0.140602468133894,0.479326946517376,0.301711381896211,0.0783592034525192
22692,0.197270630679294,0.240755356322792,0.270014903777351,0.291959109220564
22693,0.25111387508146,0.349451225053895,0.154531602480053,0.244903297384592
22694,0.476614008167306,0.107539439068234,0.306609114349517,0.109237438414943
22695,0.203718710235532,0.166516078373944,0.465197716145261,0.164567495245264
22696,0.123109143292853,0.423631904123021,0.120551889052155,0.332707063531971
22697,0.0629942996517905,0.448891154243769,0.144092359712205,0.344022186392235
22698,0.351510378804138,0.33650517161803,0.0825861441400714,0.229398305437761
22699,0.445703595556542,0.0801267091805247,0.22368389863448,0.250485796628454
22700,0.255981153334722,0.145609609914385,0.125151951127755,0.473257285623138
22701,0.108469076124757,0.424075908700137,0.0532854340907554,0.41416958108435
22702,0.0541153640032361,0.168500501449412,0.510527606471946,0.266856528075406
22703,0.250424364626865,0.129840785360827,0.473733194834823,0.146001655177484
22704,0.110763266103076,0.48139507484388,0.150394140896695,0.257447518156349
22705,0.0847992009761248,0.291557223874243,0.312636617379573,0.31100695777006
22706,0.191270230881323,0.187944168964433,0.364104373682578,0.256681226471666
22707,0.0971644778257666,0.609436848731267,0.160177815612061,0.133220857830906
22708,0.159300066327567,0.166470625996963,0.479918380002377,0.194310927673094
22709,0.161572511444133,0.611726857415078,0.0625145332627185,0.164186097878071
22710,0.142481153747849,0.488764796460332,0.118239813680675,0.250514236111144
22711,0.587169194606405,0.122949322710224,0.146735172052979,0.143146310630391
22712,0.258864955147371,0.349788463612977,0.0747659023586846,0.316580678880967
22713,0.152997666144932,0.184734529768234,0.366575996252536,0.295691807834298
22714,0.108595235550539,0.185578022508148,0.571944421032535,0.133882320908778
22715,0.254582041320071,0.271080108917438,0.141659716464538,0.332678133297953
22716,0.160091576793104,0.250006693238721,0.230676224810522,0.359225505157653
22717,0.131452144020156,0.105847060758429,0.446224864094575,0.31647593112684
22718,0.410677899318295,0.108340258776055,0.138292896929332,0.342688944976317
22719,0.544017837015129,0.198178350429608,0.118967165689708,0.138836646865555
22720,0.0826861322938776,0.405809273228975,0.221829796647212,0.289674797829935
22721,0.452045658391871,0.259359599798009,0.110038659126916,0.178556082683205
22722,0.151279608487991,0.199763968332786,0.242293179665614,0.406663243513609
22723,0.139960720852851,0.481396935253087,0.0477517538749918,0.330890590019071
22724,0.113143217871815,0.169816793947076,0.585391655204388,0.13164833297672
22725,0.161053967827746,0.429831841586042,0.229122752768087,0.179991437818125
22726,0.112361014286618,0.489368713941578,0.246213640896989,0.152056630874815
22727,0.237022909367883,0.288454143863392,0.389187330128616,0.0853356166401095
22728,0.0863217935957695,0.50715362026849,0.221873454057044,0.184651132078697
22729,0.31717055715597,0.341650853687592,0.195256660837879,0.145921928318559
22730,0.142697299941998,0.333260623441121,0.339396783265897,0.184645293350983
22731,0.0659678242943679,0.431567657381375,0.356629903229458,0.145834615094799
22732,0.245533843019176,0.307246690551247,0.300326003296419,0.146893463133158
22733,0.364603641103185,0.250158342258463,0.147646725044305,0.237591291594047
22734,0.178941361200193,0.419374360506072,0.203090910983879,0.198593367309856
22735,0.180341541758478,0.473528504994454,0.2826023440627,0.0635276091843684
22736,0.120458050553267,0.231603400217931,0.487063480081248,0.160875069147554
22737,0.393261514354235,0.268968277568015,0.083393387808303,0.254376820269447
22738,0.370202614252389,0.175134349956547,0.306142647728528,0.148520388062537
22739,0.403330143134916,0.192167794652501,0.152481628859427,0.252020433353156
22740,0.116781344938051,0.527776494489748,0.237571787348592,0.117870373223608
22741,0.457197006555948,0.110945689725123,0.306049577075137,0.125807726643792
22742,0.18375731369502,0.554212423074209,0.187381479574751,0.0746487836560205
22743,0.159896295756964,0.522980928758971,0.135552291635542,0.181570483848524
22744,0.216540575697716,0.428628068164621,0.20848674180506,0.146344614332603
22745,0.329087491213755,0.24419692290664,0.201358313080706,0.225357272798899
22746,0.252806453800619,0.301612261418969,0.298488733848777,0.147092550931635
22747,0.51980060870012,0.180944052053359,0.123118827331088,0.176136511915433
22748,0.445554156592043,0.209218935859446,0.2774822200522,0.0677446874963116
22749,0.146582713526763,0.214325509103333,0.535116842806081,0.103974934563823
22750,0.202834152029101,0.134952366118959,0.599927512512819,0.0622859693391213
22751,0.158507607559245,0.331364542969764,0.400749368724102,0.10937848074689
22752,0.342179894946388,0.207048588935546,0.271280181861391,0.179491334256676
22753,0.231833221337444,0.494517946343506,0.149731404808388,0.123917427510661
22754,0.330136664772379,0.367650556163268,0.240231456862963,0.0619813222013904
22755,0.166240085655899,0.103193047818292,0.552226931576697,0.178339934949111
22756,0.221879150645492,0.213581515431794,0.314875059628871,0.249664274293842
22757,0.459139603422827,0.158569740683164,0.101077481621842,0.281213174272167
22758,0.240266917519084,0.187158933873995,0.467929223746448,0.104644924860473
22759,0.350682319744756,0.359573792637489,0.0805135798351546,0.2092303077826
22760,0.161295371257893,0.198557484461193,0.504251553060501,0.135895591220414
22761,0.136466702794411,0.473214378950002,0.162322142581123,0.227996775674464
22762,0.131945792829548,0.344914592340597,0.386521244263006,0.136618370566849
22763,0.111593788486428,0.401308233779491,0.261613167300266,0.225484810433815
22764,0.176336647329784,0.583052734572015,0.059023779463621,0.18158683863458
22765,0.237138382888786,0.253308028378237,0.271168476728565,0.238385112004412
22766,0.369795710728565,0.31502433486769,0.215567489557488,0.0996124648462557
22767,0.157945980519553,0.109603043265594,0.477847547924517,0.254603428290336
22768,0.16283258674079,0.181790771063666,0.437949771568524,0.21742687062702
22769,0.0746625316317502,0.777495327238338,0.0518117399043974,0.0960304012255143
22770,0.551241993088675,0.11504352010001,0.0740103974880069,0.259704089323308
22771,0.343933178327976,0.107134626370043,0.419844013967088,0.129088181334893
22772,0.442099634603513,0.219384364640629,0.148476400515097,0.190039600240761
22773,0.0833780645474731,0.512857305638238,0.085247246792801,0.318517383021488
22774,0.11305426121516,0.207488520693852,0.407649189993099,0.271808028097889
22775,0.243111204010898,0.34145456483343,0.290272237909794,0.125161993245878
22776,0.262658420873322,0.240669419255873,0.0972538294761612,0.399418330394644
22777,0.0911743731819769,0.438033214570922,0.282936677495961,0.187855734751141
22778,0.043164443296407,0.149545136577299,0.494267222105277,0.313023198021017
22779,0.170300609292842,0.36841684557069,0.220560836483503,0.240721708652965
22780,0.229218736747447,0.463637271316026,0.0948747247306754,0.212269267205852
22781,0.0623181863730653,0.186507718320549,0.537927198502456,0.21324689680393
22782,0.0612262021817735,0.0810534067677308,0.489168397085543,0.368551993964953
22783,0.192836752420334,0.126283336681579,0.476871294585403,0.204008616312684
22784,0.0873117567253379,0.53522085275849,0.0882612969840568,0.289206093532115
22785,0.158711748301225,0.405431329268008,0.25224986438923,0.183607058041537
22786,0.28852585903547,0.0758715538678993,0.323197177500458,0.312405409596172
22787,0.336413635341035,0.155549669601414,0.153327932013071,0.35470876304448
22788,0.427340130128164,0.0412968382882382,0.208707321261991,0.322655710321607
22789,0.417081276914886,0.1236648136721,0.105326078448901,0.353927830964114
22790,0.0738766361708646,0.2452806557728,0.445587937406257,0.235254770650078
22791,0.103145858649982,0.33847128461,0.0857857078557997,0.472597148884218
22792,0.0746642523042735,0.0797969493448423,0.671652268494276,0.173886529856609
22793,0.664596055366463,0.105727271850848,0.0588574166262163,0.170819256156473
22794,0.120676978530768,0.256064290064847,0.347787878834701,0.275470852569685
22795,0.153939670817895,0.412894521462207,0.0738745220486102,0.359291285671288
22796,0.563586144620297,0.0580841750785747,0.168683609190908,0.20964607111022
22797,0.0464072349568508,0.0892753306136654,0.723120969963886,0.141196464465597
22798,0.0648599206287709,0.0861016198187357,0.307918452882475,0.541120006670018
22799,0.476959051337502,0.086218285540002,0.0709754310651757,0.36584723205732
22800,0.247863639776698,0.112803669754334,0.216968569845554,0.422364120623414
22801,0.0693717815305664,0.280169555612302,0.273208550918426,0.377250111938706
22802,0.0672494122202207,0.421278060574394,0.230896213269309,0.280576313936077
22803,0.443463035952374,0.380946249859488,0.0515608161313913,0.124029898056747
22804,0.263370586326303,0.110586502681876,0.320016512314919,0.306026398676903
22805,0.189808430413226,0.282631055600577,0.212662561332938,0.314897952653258
22806,0.112722678718905,0.541607420111852,0.0885375693479839,0.257132331821259
22807,0.397541054927308,0.0395956402516795,0.357656418212286,0.205206886608727
22808,0.0452696550664441,0.446657703089231,0.212142537261465,0.29593010458286
22809,0.0925859334576985,0.184490873803854,0.542605878689904,0.180317314048544
22810,0.085294101384617,0.514794064446808,0.158130019263716,0.241781814904859
22811,0.178173381445366,0.14550345435916,0.288993179457896,0.387329984737578
22812,0.138661246318785,0.447668943795598,0.14325234526526,0.270417464620357
22813,0.351986051353332,0.118976543056399,0.258703408908681,0.270333996681588
22814,0.206994723649202,0.550170094478358,0.0594784215228532,0.183356760349586
22815,0.143991435005309,0.459816522799578,0.130878234954928,0.265313807240185
22816,0.126445198317357,0.205576324921167,0.0870608133610725,0.580917663400403
22817,0.448723162585145,0.113811675371482,0.0653801990593067,0.372084962984067
22818,0.0455189483885368,0.581770659234218,0.178320008690688,0.194390383686557
22819,0.142394685091051,0.110570267315334,0.41637241123172,0.330662636361895
22820,0.0941772258198567,0.207911656267229,0.44330843615708,0.254602681755835
22821,0.068957972352894,0.151969714517851,0.324501761727543,0.454570551401712
22822,0.297448586087391,0.0672475046263815,0.290678457009131,0.344625452277097
22823,0.0757064737948347,0.419645748358612,0.0571446066847511,0.447503171161802
22824,0.0428376596309256,0.456264607484474,0.148976783666296,0.351920949218305
22825,0.124264883563496,0.0362581924835116,0.697034674239162,0.14244224971383
22826,0.0827548870269014,0.12169790782922,0.29957112282429,0.495976082319589
22827,0.453452622342485,0.0408592718083613,0.152071158756343,0.353616947092811
22828,0.0499799649480334,0.228946536501207,0.559382601552035,0.161690896998725
22829,0.0745134737780801,0.475933946500875,0.250274693290884,0.199277886430161
22830,0.0849484019914647,0.0359881847269849,0.671431744079146,0.207631669202405
22831,0.0676526702909154,0.566584214244465,0.0374492765138126,0.328313838950807
22832,0.0753177208266246,0.0566619490681394,0.598755096057283,0.269265234047953
22833,0.140455352100887,0.535763945595644,0.0766528968953548,0.247127805408115
22834,0.0298612302790706,0.079928904928841,0.217501358293634,0.672708506498454
22835,0.160243773374031,0.12222715951269,0.0896802233884591,0.627848843724821
22836,0.19368139927796,0.334443128222399,0.0580480811997429,0.413827391299898
22837,0.0369832494696895,0.379503808440362,0.0910755297611644,0.492437412328784
22838,0.270797755989899,0.139072956706636,0.0316851646709835,0.558444122632481
22839,0.135795092982572,0.229923068451414,0.273710233177519,0.360571605388495
22840,0.488051080797159,0.0320356558774544,0.194854488484282,0.285058774841105
22841,0.190538414558402,0.0982800021158273,0.129623128161276,0.581558455164494
22842,0.355147380682357,0.0462713254218305,0.176734248933623,0.421847044962189
22843,0.313091786895972,0.0688126227712288,0.258949150214265,0.359146440118534
22844,0.617175106791394,0.0633235256244382,0.173926904152893,0.145574463431276
22845,0.587138207695971,0.203268710245668,0.105452019693726,0.104141062364635
22846,0.0805573174266848,0.651392027422611,0.0197159109815724,0.248334744169132
22847,0.227619876697974,0.49788955035105,0.0783306550159025,0.196159917935073
22848,0.220477845443303,0.170586719509081,0.0722867962185236,0.536648638829092
22849,0.317976961140647,0.0284203711417662,0.498734004271504,0.154868663446083
22850,0.453274306784055,0.0790937293666815,0.222166021396185,0.245465942453078
22851,0.120392869267796,0.436761888637383,0.0859577306154506,0.35688751147937
22852,0.524329152822165,0.0438930525856199,0.030973983168807,0.400803811423408
22853,0.584671137074812,0.0914696192037965,0.193729186988401,0.130130056732991
22854,0.0918436457035282,0.125917872634844,0.0466632847055395,0.735575196956088
22855,0.449963596399573,0.141186605479323,0.03319380107933,0.375655997041775
22856,0.0217841646941214,0.0330307075742229,0.474720917941908,0.470464209789747
22857,0.0171541519627885,0.0337189663338167,0.266250260936338,0.682876620767057
22858,0.266827433498176,0.249462732981374,0.28600682960066,0.19770300391979
22859,0.183789782462326,0.653161809267204,0.0827067664854204,0.0803416417850491
22860,0.192599631206719,0.290143384065531,0.1478998863796,0.36935709834815
22861,0.214995212970148,0.377736853594701,0.269659135869339,0.137608797565813
22862,0.155495319590213,0.181101075722356,0.200078822149219,0.463324782538212
22863,0.127258322489395,0.608887920894027,0.163987891108406,0.0998658655081724
22864,0.0626632623830199,0.390992507662153,0.206275071809809,0.340069158145019
22865,0.248811102231541,0.309737727553117,0.149092319174467,0.292358851040875
22866,0.259861348540606,0.0651172764217318,0.510265105616285,0.164756269421377
22867,0.20531820450822,0.0859050787859177,0.520237453514823,0.188539263191039
22868,0.140013543181046,0.196091196474908,0.319469457487024,0.344425802857022
22869,0.340737725091708,0.14078285708747,0.174609131013073,0.343870286807749
22870,0.271238059346704,0.26793884053541,0.21579748610201,0.245025614015877
22871,0.192560888470331,0.478014423913705,0.122523892400699,0.206900795215265
22872,0.167344476850312,0.63305640115365,0.051156417939931,0.148442704056107
22873,0.0780476688118919,0.252740232838966,0.34643555852136,0.322776539827782
22874,0.156389091716153,0.542211877105038,0.0745015922074778,0.226897438971331
22875,0.0667028793094943,0.582942489069741,0.0871186227249731,0.263236008895792
22876,0.212977390360584,0.435354277132121,0.169328019037149,0.182340313470147
22877,0.308524282197666,0.108671276735357,0.152547550631865,0.430256890435112
22878,0.104343899713581,0.0552338205928688,0.438076455029595,0.402345824663955
22879,0.185517153328132,0.127190259715162,0.539764194705832,0.147528392250874
22880,0.123233715824785,0.193327132344591,0.554794636283586,0.128644515547038
22881,0.252162823137184,0.153102326111219,0.267019323261777,0.327715527489819
22882,0.0432621751093241,0.769488740340457,0.0305192064188916,0.156729878131327
22883,0.151578707555037,0.0787936429012649,0.39129965083219,0.378327998711508
22884,0.0604548864125791,0.239459862165732,0.310049114460403,0.390036136961286
22885,0.385450859199501,0.138208708424902,0.031794417719225,0.444546014656371
22886,0.224062642228224,0.0323569346038239,0.122200865316131,0.621379557851822
22887,0.113473007082978,0.600726325077792,0.0865158808021035,0.199284787037126
22888,0.540571003553746,0.241618689517541,0.0477528460298692,0.170057460898844
22889,0.0244679474160628,0.0466687319742358,0.768660361760689,0.160202958849013
22890,0.282507159674747,0.423095232444324,0.0961269947873094,0.19827061309362
22891,0.141477007196034,0.342320747622548,0.213091484342068,0.303110760839349
22892,0.184558881271336,0.0851563792900615,0.450037034001977,0.280247705436626
22893,0.455001330208684,0.210529431432053,0.142767011594673,0.191702226764589
22894,0.0824085955667755,0.065283548014543,0.025392197142043,0.826915659276639
22895,0.367560009802973,0.157013737379904,0.148807542349629,0.326618710467494
22896,0.4426557700878,0.389504928321574,0.0596415159673006,0.108197785623326
22897,0.100676115497235,0.237242997449337,0.411667016085704,0.250413870967724
22898,0.100134077677805,0.190823714447001,0.431592854852401,0.277449353022794
22899,0.50058524258372,0.141288928901115,0.139001017236528,0.219124811278638
22900,0.39213847205701,0.109052313803261,0.0773554756162761,0.421453738523453
22901,0.215088141636861,0.260379828084863,0.162092377760334,0.362439652517942
22902,0.148179361431424,0.312806707807211,0.172128953661225,0.366884977100141
22903,0.205793291873369,0.22912396545989,0.404410620118711,0.160672122548029
22904,0.648334190574429,0.0828281946247157,0.127336449882238,0.141501164918617
22905,0.340321694780886,0.319659659512041,0.0795026490686205,0.260515996638453
22906,0.597722710001958,0.190469117513708,0.0567350971850169,0.155073075299317
22907,0.179202478553546,0.150897766481456,0.42884947684441,0.241050278120589
22908,0.190606831628595,0.245994378764777,0.288134139183011,0.275264650423618
22909,0.170128434080581,0.650868697131342,0.0480698856064556,0.130932983181622
22910,0.177289638485991,0.273349985714467,0.123025291052611,0.426335084746931
22911,0.104043158984391,0.155672375204439,0.264899222773033,0.475385243038136
22912,0.276981022143311,0.428377284564912,0.17223769166103,0.122404001630748
22913,0.182126699776599,0.112521939967722,0.559341217265232,0.146010142990447
22914,0.0885026404520742,0.389198858427167,0.131970073799446,0.390328427321313
22915,0.66925917376699,0.0636208288705825,0.0663663614576305,0.200753635904798
22916,0.210616596051364,0.321257206059971,0.0775290115939399,0.390597186294726
22917,0.312873618917184,0.208738952773706,0.0334529204047092,0.4449345079044
22918,0.508728856040227,0.136823491117685,0.0341501428248565,0.320297510017231
22919,0.0631957188907499,0.775263601613236,0.0425302254581557,0.119010454037859
22920,0.144882696010826,0.133147664798495,0.416009758205786,0.305959880984893
22921,0.39464272641328,0.100165256289333,0.0507743537114432,0.454417663585944
22922,0.171039304916254,0.442244432907594,0.120870488725467,0.265845773450685
22923,0.0245893913943874,0.442121219767091,0.137391185329469,0.395898203509052
22924,0.581408803063062,0.128028091423707,0.131785305770375,0.158777799742856
22925,0.16159789364726,0.280373913440528,0.0351337245609098,0.522894468351303
22926,0.392459181476987,0.0870671998351142,0.181427648256386,0.339045970431512
22927,0.0603243002886725,0.0929619027967798,0.250026606238675,0.596687190675873
22928,0.692902571870971,0.133533874437888,0.0212044957930927,0.152359057898048
22929,0.0625909756761666,0.584377145130506,0.138591176848331,0.214440702344996
22930,0.0842380610482441,0.11719067379396,0.439610306355733,0.358960958802064
22931,0.0903702492866517,0.224946675179057,0.522999238154885,0.161683837379407
22932,0.131124407413073,0.113843564115902,0.0506139375707539,0.704418090900271
22933,0.406999156368083,0.0949468888127493,0.0931806012226155,0.404873353596553
22934,0.132084882549485,0.0946435291225134,0.357983305630319,0.415288282697683
22935,0.103484405721192,0.533173970455777,0.166527092620699,0.196814531202332
22936,0.455299507949459,0.127016259814788,0.213293578811832,0.204390653423922
22937,0.391343880275974,0.186271496349513,0.14077485763349,0.281609765741023
22938,0.452359027136109,0.238543276168448,0.0796575705792801,0.229440126116163
22939,0.118956597877237,0.269437209077254,0.199331513172362,0.412274679873147
22940,0.139689666172233,0.0530570225135234,0.498726749559103,0.30852656175514
22941,0.22388558607088,0.0987215150157256,0.42189214176655,0.255500757146844
22942,0.0477949356538692,0.265761427636415,0.546595601521389,0.139848035188327
22943,0.106472448049864,0.306815575210324,0.103585414910197,0.483126561829614
22944,0.0821673607372267,0.451136169858892,0.0580404295147949,0.408656039889087
22945,0.186685395317286,0.255473437438589,0.129132871254515,0.42870829598961
22946,0.071297123846586,0.120710166953615,0.269356169113751,0.538636540086049
22947,0.211128290165347,0.566086225219049,0.0586952238401654,0.164090260775439
22948,0.249754915094198,0.102381264780472,0.0808554258082668,0.567008394317063
22949,0.0693309008647447,0.281396183667635,0.332251015311539,0.317021900156081
22950,0.163266298754282,0.264479246458875,0.0586225424578823,0.513631912328961
22951,0.130982992079829,0.443437690116308,0.141129539911336,0.284449777892527
22952,0.199329147154343,0.26652581832211,0.0793627358730781,0.45478229865047
22953,0.404168177953238,0.211547723058286,0.244338792294798,0.139945306693678
22954,0.198412169047212,0.205554732817351,0.242381706453603,0.353651391681834
22955,0.22913241790973,0.493470371973996,0.158834867032663,0.118562343083611
22956,0.373529526209077,0.21871333924425,0.164011718816556,0.243745415730117
22957,0.230036155314928,0.204038819783207,0.37694205795671,0.188982966945155
22958,0.520781692180875,0.200324653846012,0.124207482795032,0.154686171178081
22959,0.125706584283699,0.172383773878165,0.460422967035856,0.241486674802279
22960,0.420526121281129,0.331066207439248,0.136847009639539,0.111560661640084
22961,0.172210395050307,0.246926189533915,0.344300057945876,0.236563357469901
22962,0.197081338381407,0.149736328707142,0.573566937855679,0.0796153950557717
22963,0.0822982392175467,0.360054127029894,0.0919921281105562,0.465655505642003
22964,0.122126404582654,0.153728693485532,0.499767662069497,0.224377239862318
22965,0.299906383302238,0.354478087782785,0.120636935546177,0.2249785933688
22966,0.157649440272296,0.157612662225774,0.535421771644301,0.14931612585763
22967,0.0938341719358396,0.47616509250688,0.355115277217394,0.0748854583398865
22968,0.175202457611202,0.235777846015604,0.462518949384813,0.126500746988381
22969,0.314330647743411,0.267810930560777,0.270746983069695,0.147111438626117
22970,0.442020214842232,0.179154252832686,0.189767660819605,0.189057871505477
22971,0.17641038835765,0.187409815661162,0.554890187673165,0.0812896083080224
22972,0.262965661083491,0.532873822601805,0.105498807635274,0.0986617086794303
22973,0.0538788456194871,0.451544895277759,0.0673345153876554,0.427241743715099
22974,0.0804471704274325,0.121515634255492,0.440214858256413,0.357822337060663
22975,0.224485254532771,0.170810096281181,0.471094255105722,0.133610394080326
22976,0.0425660527016753,0.209683232870362,0.440339123108017,0.307411591319946
22977,0.0830289191869121,0.259195541235926,0.430280397137039,0.227495142440122
22978,0.0361703150854267,0.20094075799493,0.55580912685706,0.207079800062583
22979,0.069322673304114,0.247524569922235,0.435088420433159,0.248064336340492
22980,0.392933985306399,0.44879066145349,0.054802409391561,0.103472943848551
22981,0.171163637746632,0.587759804358286,0.124307158997245,0.116769398897838
22982,0.189158205985964,0.0697087597908569,0.211905974102832,0.529227060120347
22983,0.484886202560772,0.32073539582046,0.0469703623253899,0.147408039293378
22984,0.0247213794800539,0.440123950540385,0.27170907463516,0.263445595344401
22985,0.342998668237889,0.0687037104567633,0.129554967259676,0.458742654045671
22986,0.34396551981078,0.232836787856946,0.0662819489423614,0.356915743389913
22987,0.0543149906488106,0.10800331691301,0.404321543095281,0.433360149342899
22988,0.118096511259043,0.0680503404999737,0.584510734407858,0.229342413833126
22989,0.531172206016124,0.0893969495086154,0.150650375902949,0.228780468572312
22990,0.0904072966833461,0.37303039363309,0.073542377241009,0.463019932442555
22991,0.584966494894294,0.102596326593531,0.0524262249490204,0.260010953563155
22992,0.241265920069733,0.386182345218975,0.187343555438991,0.185208179272302
22993,0.143209471748447,0.116186981139768,0.614067446403615,0.12653610070817
22994,0.594171913381595,0.193528760632222,0.104912371251816,0.107386954734367
22995,0.102200952182253,0.298439012425657,0.294243369328469,0.305116666063621
22996,0.558282343190688,0.169371550581242,0.149889801835545,0.122456304392526
22997,0.21924356540628,0.353112163718291,0.162383442479937,0.265260828395492
22998,0.207518418753779,0.121533695139029,0.142536241159393,0.528411644947799
22999,0.435790376695553,0.128919525771629,0.21750136413223,0.217788733400588
23000,0.143348374019522,0.218912744580424,0.547945215953032,0.0897936654470221
23001,0.207925137890041,0.404610411787085,0.163704253911391,0.223760196411483
23002,0.0798669076640463,0.364179500892205,0.203582315547344,0.352371275896405
23003,0.615566565280987,0.133140410638175,0.130350154809502,0.120942869271336
23004,0.106737901720433,0.299986241741678,0.377066755094858,0.216209101443031
23005,0.220663608576355,0.55126519667384,0.0867243954792224,0.141346799270583
23006,0.111184127925985,0.127272788357249,0.627268987259061,0.134274096457705
23007,0.0475915748964188,0.418562738280752,0.4281341144561,0.10571157236673
23008,0.068930719657657,0.504464116551146,0.238424862681903,0.188180301109294
23009,0.251852284914413,0.111786241865944,0.336895697308815,0.299465775910828
23010,0.416970897216531,0.306938342379207,0.131909875703423,0.144180884700839
23011,0.364027639088926,0.107657514837202,0.247897897660523,0.28041694841335
23012,0.278632157103832,0.112896748978779,0.401054408054958,0.207416685862432
23013,0.340198602282089,0.112930514103208,0.256620135457106,0.290250748157597
23014,0.0782845509458427,0.322489776488042,0.35302329682614,0.246202375739976
23015,0.147713290415543,0.140798632846549,0.466186566246578,0.245301510491329
23016,0.344304361014348,0.191039645967873,0.331384094855716,0.133271898162063
23017,0.215348835096165,0.194995264462564,0.342252456211688,0.247403444229584
23018,0.517007968333305,0.179135961132223,0.153810930563719,0.150045139970753
23019,0.0983258979105104,0.158034849461306,0.630967010364288,0.112672242263896
23020,0.305259149978209,0.0967431835665304,0.105776458180703,0.492221208274558
23021,0.380587925320081,0.26739281108839,0.0460977083074489,0.30592155528408
23022,0.181020212072417,0.216798795805016,0.0673045023174981,0.53487648980507
23023,0.502414414614781,0.127025815428939,0.123411313460785,0.247148456495495
23024,0.289605145835524,0.329450123448898,0.0624630638792717,0.318481666836306
23025,0.0905321432223722,0.416040425359696,0.216060317004874,0.277367114413058
23026,0.698200809110825,0.0869099916389236,0.0878599732086264,0.127029226041625
23027,0.210287524570969,0.29629279166879,0.122221389495625,0.371198294264616
23028,0.111994124892873,0.589807518745775,0.0677622323416755,0.230436124019676
23029,0.0549365417725781,0.0481058884194413,0.567638501804459,0.329319068003522
23030,0.395955837577493,0.201248094920655,0.0677874747341369,0.335008592767715
23031,0.0621706918942428,0.19446451172282,0.282880278555842,0.460484517827096
23032,0.159088671048855,0.509276619414211,0.108118305072036,0.223516404464898
23033,0.371992603706709,0.143830405969046,0.0504476198358655,0.43372937048838
23034,0.0911441578585379,0.290279456294091,0.0625626796355707,0.556013706211801
23035,0.352610619038734,0.270892310546833,0.049334030582976,0.327163039831458
23036,0.0569848651364177,0.420334379376909,0.0657667766349241,0.45691397885175
23037,0.563954550132254,0.153138929101171,0.113055590932177,0.169850929834397
23038,0.301679661852612,0.447573895280595,0.106256765339917,0.144489677526876
23039,0.586572825812565,0.13745851481039,0.0224516748360576,0.253516984540987
23040,0.0557846954821377,0.0671108671518111,0.147478691348913,0.729625746017138
23041,0.261958806709405,0.0851878187737256,0.387843752405677,0.265009622111193
23042,0.328720144479933,0.12018601428299,0.0719389304018143,0.479154910835263
23043,0.0956774834894665,0.108759963589319,0.163753772373933,0.631808780547283
23044,0.103690512752921,0.160370500967566,0.463587303645291,0.272351682634222
23045,0.530258809236345,0.112237254459576,0.12019605753881,0.237307878765269
23046,0.738774864480951,0.0437729276598855,0.08365609229786,0.133796115561304
23047,0.0767441516783807,0.197320748090987,0.563468191455425,0.162466908775207
23048,0.547542866362891,0.151307704997435,0.145212732326566,0.155936696313108
23049,0.3988361151931,0.270912291510123,0.145719342542293,0.184532250754485
23050,0.282589549309468,0.461388481138972,0.130751362392505,0.125270607159055
23051,0.410941886274423,0.227749590495525,0.200879560549243,0.160428962680809
23052,0.125082371377502,0.625317708987755,0.172755514188264,0.076844405446479
23053,0.493339446528644,0.0820284480131046,0.21405543488938,0.210576670568871
23054,0.435864224215157,0.0833819519541644,0.337077890215538,0.143675933615141
23055,0.598237969933945,0.228335025978031,0.0752518605846463,0.0981751435033783
23056,0.212241842067298,0.145129214728323,0.226493856732822,0.416135086471557
23057,0.17718585036364,0.534269809501131,0.0435603294242011,0.244984010711028
23058,0.0492922151576434,0.46230560566092,0.325124700423903,0.163277478757533
23059,0.34316493481779,0.145396487156754,0.135712201002439,0.375726377023016
23060,0.481316987524913,0.113109519845436,0.0605770198292839,0.344996472800367
23061,0.502613641509473,0.143234954494367,0.265971666656719,0.0881797373394412
23062,0.167968183947321,0.254007164641798,0.0865234061477643,0.491501245263116
23063,0.101084489698981,0.0806607464861656,0.682575919970335,0.135678843844518
23064,0.139326578577302,0.0749605401518179,0.576283044175424,0.209429837095456
23065,0.122529500177143,0.214232562498243,0.445313438073649,0.217924499250965
23066,0.108228163137411,0.649961338267207,0.0563995256797503,0.185410972915632
23067,0.169288526933666,0.146646040736962,0.300543915692343,0.38352151663703
23068,0.667419115042462,0.185411108550917,0.0285674493751026,0.118602327031518
23069,0.0526000173935501,0.443048088726283,0.239601049696919,0.264750844183248
23070,0.203901400957043,0.39683422050914,0.0751865877677851,0.324077790766032
23071,0.042483202079528,0.475999239643945,0.290846809395272,0.190670748881255
23072,0.180458959083397,0.106402092582436,0.465121569423866,0.248017378910302
23073,0.12834299794873,0.0445159197621863,0.482386908694257,0.344754173594827
23074,0.486745982823307,0.0933400531346559,0.0742016854215343,0.345712278620503
23075,0.300376516117722,0.225735085189967,0.172750048195092,0.301138350497219
23076,0.514454334178341,0.0516538778766124,0.0547205216464264,0.37917126629862
23077,0.756699068604738,0.0541613169639442,0.0603560695382118,0.128783544893106
23078,0.0793511321441364,0.182601252616494,0.566377242181163,0.171670373058207
23079,0.459610648869844,0.114142446565384,0.249636705864077,0.176610198700695
23080,0.268865422078304,0.299335922431634,0.110759538541354,0.321039116948709
23081,0.0469186559890314,0.0773147843805852,0.640677141058359,0.235089418572025
23082,0.218154807430394,0.615744351453091,0.0433446181142954,0.122756223002219
23083,0.166002753309701,0.2860177952981,0.2416196339544,0.306359817437799
23084,0.067065889661625,0.21884672914414,0.548073028319783,0.166014352874452
23085,0.0899676843772191,0.0518915083985905,0.0985474871031788,0.759593320121012
23086,0.306134486076522,0.34626147942674,0.222209030177325,0.125395004319412
23087,0.275720634903364,0.279745701403608,0.329813878677661,0.114719785015368
23088,0.325246279023799,0.253075953779253,0.34842877231586,0.0732489948810873
23089,0.423502150800832,0.311929038850392,0.213861054119396,0.0507077562293805
23090,0.0980456352959051,0.23592005578052,0.460625309845932,0.205408999077643
23091,0.312647388102662,0.289575670230043,0.250650430518411,0.147126511148884
23092,0.31509345613913,0.177022717282683,0.325568819385459,0.182315007192727
23093,0.377952666462082,0.168899929937301,0.205238085823485,0.247909317777131
23094,0.521645591472303,0.204717153408657,0.206529457492798,0.0671077976262428
23095,0.281120473988971,0.259569054488639,0.133697934138131,0.325612537384259
23096,0.280818387830875,0.231806904816943,0.288383955364254,0.198990751987928
23097,0.574451032171853,0.109157735581175,0.253716235120926,0.062674997126046
23098,0.388208438537759,0.176613215049802,0.282621350325302,0.152556996087137
23099,0.434260203585895,0.203795955553965,0.220449262017596,0.141494578842543
23100,0.167442464499602,0.190737395694421,0.573192893742551,0.0686272460634266
23101,0.183855954526253,0.504611926277328,0.123483421135197,0.188048698061221
23102,0.330380985357548,0.181850911735921,0.294636559521347,0.193131543385184
23103,0.197137117946017,0.374040558529103,0.347068764033666,0.0817535594912142
23104,0.206944488535748,0.341959528821603,0.224911579021376,0.226184403621273
23105,0.101477687647429,0.329747140611705,0.345137161615118,0.223638010125749
23106,0.306631050561335,0.2267062137138,0.250736052126664,0.215926683598201
23107,0.208426027460927,0.142154968465235,0.542300584911124,0.107118419162714
23108,0.198722248939036,0.251782457231342,0.215110215927159,0.334385077902463
23109,0.130229965431543,0.357389153624717,0.343552494751425,0.168828386192315
23110,0.500120221380429,0.0786836699600476,0.245721104852619,0.175475003806905
23111,0.10296812115378,0.529064104927294,0.236681414027535,0.131286359891391
23112,0.146401444018139,0.13424928833357,0.618975102586957,0.100374165061334
23113,0.164260555699615,0.402367086382548,0.214711210878219,0.218661147039618
23114,0.106543308418263,0.297648895120515,0.450692470295613,0.14511532616561
23115,0.133643763284657,0.272520899417761,0.303713218499634,0.290122118797948
23116,0.0792904629586385,0.641755355298759,0.0360133456362911,0.242940836106311
23117,0.186033710659482,0.122823853990598,0.531007186645682,0.160135248704238
23118,0.0484942743649815,0.0716599500982722,0.508806723786822,0.371039051749924
23119,0.0426005915554716,0.34025256486556,0.114798258116871,0.502348585462097
23120,0.526797561309319,0.15797641243371,0.051603470689979,0.263622555566993
23121,0.328094330967512,0.262636087881074,0.0801467845002655,0.329122796651149
23122,0.297224623116226,0.152871962539421,0.155383302886447,0.394520111457907
23123,0.0471267022470654,0.488840027016657,0.203069817862506,0.260963452873771
23124,0.294351194216213,0.402938071335277,0.173864778934753,0.128845955513757
23125,0.319450230970645,0.356586842641354,0.198262132042812,0.125700794345189
23126,0.350047297131178,0.302002510524182,0.180888464854086,0.167061727490554
23127,0.29894573433602,0.225981567061489,0.363989661563162,0.111083037039329
23128,0.52616058535759,0.23984669433867,0.128355164737659,0.105637555566081
23129,0.378868570610616,0.308990394060706,0.157018856483972,0.155122178844706
23130,0.193494129879654,0.458875842120093,0.173042594025626,0.174587433974627
23131,0.247602252403941,0.185650086133232,0.431154822121802,0.135592839341025
23132,0.381044205855652,0.278094144577409,0.200167925296054,0.140693724270885
23133,0.188587387656477,0.158517932097508,0.53829790844175,0.114596771804265
23134,0.165639056166026,0.213629020688214,0.372109934457625,0.248621988688135
23135,0.159819838217358,0.392551237705687,0.28871994795666,0.158908976120295
23136,0.196037656783191,0.117548843614239,0.470271750078862,0.216141749523708
23137,0.13507745394919,0.26143558430209,0.173590838911641,0.429896122837079
23138,0.174899562524899,0.169102541418775,0.487033054000931,0.168964842055395
23139,0.381513081626652,0.228434888216841,0.168515286495575,0.221536743660932
23140,0.213296614869508,0.49067443509694,0.122787704233005,0.173241245800547
23141,0.121409629241396,0.497987204912968,0.139182817822863,0.241420348022773
23142,0.336398695292239,0.157767862740764,0.353926878857186,0.151906563109811
23143,0.24470958967807,0.268359818988152,0.385910602945521,0.101019988388258
23144,0.200114057048434,0.333089974350679,0.350303182933226,0.116492785667662
23145,0.248058258045673,0.349782578923165,0.255852805134765,0.146306357896397
23146,0.271008700156744,0.446376001320869,0.218274400822878,0.064340897699509
23147,0.253833862392939,0.223620619768532,0.320072318772445,0.202473199066084
23148,0.217066311379201,0.468670399128091,0.198776091493618,0.115487197999091
23149,0.406360380441608,0.320230774354252,0.122844319083062,0.150564526121078
23150,0.225093001831518,0.386877228329906,0.186114578152358,0.201915191686219
23151,0.251845791760943,0.222398647490904,0.415359347825102,0.11039621292305
23152,0.25856466331872,0.167224973429174,0.452375052276688,0.121835310975419
23153,0.36226104748364,0.26889961822843,0.209224566522513,0.159614767765417
23154,0.23383498862316,0.275588839182053,0.267638481556773,0.222937690638014
23155,0.442493679205338,0.257844723899772,0.153770763191404,0.145890833703486
23156,0.439204226566352,0.197559424084248,0.227980716013246,0.135255633336153
23157,0.131674140280145,0.561078866581289,0.176378561149617,0.130868431988949
23158,0.465661527069684,0.181911598442036,0.255171331119075,0.0972555433692047
23159,0.265073118322771,0.248980023870485,0.329290532201941,0.156656325604803
23160,0.122163987902165,0.196794527120829,0.345914504498042,0.335126980478964
23161,0.315676166532522,0.247514570629455,0.313981106347838,0.122828156490185
23162,0.200963945651498,0.24768296924216,0.0811393601008787,0.470213725005464
23163,0.110051733155133,0.723714519350631,0.047092882206655,0.119140865287581
23164,0.193125526713377,0.522383182113921,0.127538351160389,0.156952940012313
23165,0.0322691034588155,0.181571324073067,0.344930219184856,0.441229353283262
23166,0.5389949053146,0.122260542888838,0.0629530432470514,0.275791508549511
23167,0.304489069529689,0.0867459978349355,0.202276827374838,0.406488105260537
23168,0.177978432761023,0.0423694592233172,0.198171829225473,0.581480278790188
23169,0.206376334361259,0.277907025998637,0.390882879905004,0.1248337597351
23170,0.08317074459343,0.0827749467639024,0.182069584339785,0.651984724302882
23171,0.211778662710629,0.0995743579885532,0.220554450627443,0.468092528673375
23172,0.210187542702004,0.507178380207774,0.0962568397038319,0.18637723738639
23173,0.0378361982905525,0.0583564597415762,0.275769361757,0.628037980210871
23174,0.774618176159963,0.0831846446540064,0.0264026966802526,0.115794482505778
23175,0.316344077037132,0.101230831207137,0.151405269238088,0.431019822517643
23176,0.0357080064761539,0.552272778186397,0.0805196466181252,0.331499568719323
23177,0.346671057022905,0.193788522696145,0.351039137709033,0.108501282571917
23178,0.159106388008696,0.487499138534822,0.143472964698752,0.20992150875773
23179,0.123602477550203,0.574119529104195,0.0603133072987583,0.241964686046844
23180,0.0335837218579581,0.212759908471821,0.529968475278954,0.223687894391267
23181,0.247237159956384,0.435452523661706,0.170038204329806,0.147272112052104
23182,0.35689379188266,0.380113494570216,0.168633622629967,0.0943590909171574
23183,0.17413769070422,0.410746351817564,0.186891348622646,0.228224608855571
23184,0.268358595814229,0.304491384058221,0.272923328255135,0.154226691872415
23185,0.329387666525159,0.160066848674396,0.260923330379674,0.249622154420771
23186,0.31774228080563,0.286575280227094,0.103918307940422,0.291764131026854
23187,0.145528360358989,0.201840786804369,0.506294366996699,0.146336485839943
23188,0.465332051018524,0.31474141435421,0.113147640924809,0.106778893702457
23189,0.212612997980093,0.196845919054494,0.189659787870665,0.400881295094748
23190,0.195668534541978,0.239481565006134,0.298051281951427,0.266798618500461
23191,0.321852331493162,0.363453421178394,0.147312955882348,0.167381291446097
23192,0.264295459286624,0.404562540675739,0.0685479889963128,0.262594011041325
23193,0.25357641367177,0.253133045415751,0.116692422056593,0.376598118855886
23194,0.398916930086408,0.350636387311445,0.116545505876931,0.133901176725216
23195,0.431710984387451,0.198110039840256,0.212795032392385,0.157383943379908
23196,0.240014109291807,0.366415454052356,0.186104425976721,0.207466010679116
23197,0.321233428934676,0.107633844195317,0.246749171134476,0.324383555735531
23198,0.405466164958212,0.128145182008503,0.205419681555947,0.260968971477338
23199,0.509557931898896,0.177662895052706,0.0898173689431813,0.222961804105216
23200,0.309608938642615,0.180870299312886,0.405658699786359,0.103862062258139
23201,0.310600666799464,0.252535295997279,0.25135771666174,0.185506320541517
23202,0.22372825667858,0.274530929793672,0.348587967798205,0.153152845729543
23203,0.092115478851316,0.585672398157921,0.199794656251744,0.122417466739019
23204,0.177195329605314,0.367757675043932,0.171316017685157,0.283730977665598
23205,0.214904868421538,0.169498791802139,0.353545163116317,0.262051176660006
23206,0.298248958247642,0.344190605282837,0.0613607461806297,0.296199690288891
23207,0.322504099126269,0.20619529879656,0.323539961310811,0.14776064076636
23208,0.22346411001824,0.12383002134213,0.301162109762714,0.351543758876916
23209,0.261616878118486,0.401359510204952,0.118670696155837,0.218352915520726
23210,0.621705294320205,0.120238319912103,0.123168927219411,0.134887458548282
23211,0.343717866074111,0.352948341937669,0.107926392351836,0.195407399636385
23212,0.107425103681913,0.367158620891997,0.26018351200767,0.26523276341842
23213,0.105114634452384,0.135218659705917,0.410381242276952,0.349285463564748
23214,0.580155546388256,0.0856875087010077,0.228458827996718,0.105698116914018
23215,0.386621091961785,0.0947713208075978,0.188988637619896,0.329618949610721
23216,0.260498609314753,0.157954625224043,0.228888932489048,0.352657832972156
23217,0.0865604725658543,0.523761985828395,0.0786519123607441,0.311025629245007
23218,0.164287716065662,0.223475380521856,0.275102621007494,0.337134282404988
23219,0.283232832955607,0.0722714387985813,0.0502793445398126,0.594216383705999
23220,0.617100051517846,0.180348149667059,0.0594137833810164,0.143138015434079
23221,0.756908968820884,0.0289679321915929,0.0199381895970326,0.194184909390491
23222,0.0855935148731662,0.105923253334498,0.545328329643499,0.263154902148837
23223,0.110085735127454,0.39618540523018,0.0867092418974571,0.407019617744909
23224,0.0375061783160166,0.242565276596848,0.201469769793894,0.518458775293242
23225,0.218112841300728,0.509634331996942,0.0189327686557511,0.253320058046579
23226,0.0651816026972666,0.101294944938038,0.253931993112763,0.579591459251932
23227,0.638193188891106,0.120706301518161,0.0455197133963948,0.195580796194338
23228,0.0554938267423179,0.0341942201298754,0.101587532707056,0.808724420420751
23229,0.0928700471551501,0.121133081819893,0.306822966049407,0.479173904975549
23230,0.066956311769559,0.288932579973302,0.0252982906485341,0.618812817608605
23231,0.0307766358678451,0.234067061895937,0.0840055831514635,0.651150719084755
23232,0.18577493606621,0.222053596544136,0.112849326088659,0.479322141300995
23233,0.0714415202153932,0.0771621374655613,0.272171967429886,0.57922437488916
23234,0.161235569675342,0.0273901163805256,0.0670981476305439,0.744276166313589
23235,0.0807190524346416,0.0122936011728478,0.388040179459047,0.518947166933464
23236,0.463813515392448,0.0252758927298859,0.272022204695848,0.238888387181819
23237,0.0297098735729221,0.140590232414276,0.290846006289317,0.538853887723485
23238,0.14023826020701,0.23098457869062,0.286349495726007,0.342427665376363
23239,0.246909700613438,0.474118933736053,0.0419903019662705,0.236981063684239
23240,0.162658555927676,0.578730987666586,0.0698869268044019,0.188723529601337
23241,0.444887940417788,0.12521013333062,0.186256912321929,0.243645013929663
23242,0.622947142587807,0.150409653572865,0.0500213229060703,0.176621880933258
23243,0.289469378393155,0.0590970434035949,0.338900059414668,0.312533518788582
23244,0.151044561084913,0.499044549757092,0.137618829825353,0.212292059332642
23245,0.58139451089891,0.0250285433135221,0.150733001611815,0.242843944175753
23246,0.347028543155827,0.250442071172847,0.0956881806269449,0.306841205044381
23247,0.0865484116656129,0.0703043064002162,0.295379020655399,0.547768261278772
23248,0.104558840342212,0.483515682945258,0.153230684253448,0.258694792459081
23249,0.257863779551008,0.246592574873215,0.181289198504046,0.314254447071731
23250,0.227282397603247,0.0942924088105372,0.530439026366073,0.147986167220142
23251,0.0741863428082314,0.651087241371331,0.0936135657731011,0.181112850047337
23252,0.106898952156154,0.279031053683987,0.247247510709334,0.366822483450525
23253,0.0663715276482173,0.177710137837026,0.605641463455656,0.1502768710591
23254,0.567539765195979,0.0737919535798051,0.257197500032148,0.101470781192068
23255,0.340598644174469,0.246600280482284,0.0275854687022152,0.385215606641032
23256,0.641339086114547,0.035552320886205,0.142992414453649,0.180116178545599
23257,0.229507711269987,0.520538223941041,0.0580039368142594,0.191950127974713
23258,0.57731036405538,0.120205833492721,0.159953506379818,0.14253029607208
23259,0.0883865029791617,0.203343346422448,0.328692278655267,0.379577871943124
23260,0.202453579571919,0.0704929283173255,0.524446505147884,0.202606986962872
23261,0.137970440502853,0.471641784191944,0.118670321891325,0.271717453413878
23262,0.514072210031563,0.11616348678138,0.155528550052932,0.214235753134125
23263,0.453385095691273,0.209198967096251,0.196997488684248,0.140418448528228
23264,0.053679456740574,0.39296385006857,0.319971041117058,0.233385652073798
23265,0.55215906152913,0.159319076252422,0.116645969740511,0.171875892477938
23266,0.224767671288413,0.122128853538034,0.170666083566571,0.482437391606981
23267,0.23190197134107,0.205664340169367,0.334638431718927,0.227795256770637
23268,0.208514979360313,0.135411955121275,0.0701357429497219,0.58593732256869
23269,0.267615031461586,0.376494683077544,0.0467262056028122,0.309164079858058
23270,0.186271718632811,0.220452658774294,0.460331120549876,0.132944502043018
23271,0.315562223772804,0.0969411774725568,0.0837599265512935,0.503736672203346
23272,0.154397537796759,0.184639093013009,0.491594671217711,0.169368697972522
23273,0.122334652946864,0.456686411660847,0.108463811402368,0.312515123989921
23274,0.371134796973776,0.137692329461209,0.0953019564065857,0.395870917158429
23275,0.0862699562853607,0.196609004731771,0.292309746313949,0.424811292668919
23276,0.212902000524252,0.428676633147074,0.195494758916025,0.162926607412649
23277,0.417908903362371,0.338245664291691,0.0913838128014013,0.152461619544537
23278,0.144190907434522,0.169218127227891,0.363674475900225,0.322916489437362
23279,0.327010051160271,0.360736730584449,0.125003742852055,0.187249475403225
23280,0.285284475881858,0.204398878629809,0.244643438899164,0.26567320658917
23281,0.126417361648855,0.495423188190096,0.159114194261595,0.219045255899455
23282,0.23799277381216,0.412365496517043,0.168154193221055,0.181487536449742
23283,0.131100614989287,0.354255620063007,0.280214401904625,0.234429363043081
23284,0.124194314762951,0.377212355644692,0.231040911983027,0.267552417609331
23285,0.388748124770048,0.196824001730998,0.13803960708828,0.276388266410675
23286,0.216221746718367,0.116200954153365,0.433985272442843,0.233592026685426
23287,0.136510358756143,0.227137270420939,0.349022974311231,0.287329396511687
23288,0.615150994935585,0.121495705703257,0.13717512414069,0.126178175220468
23289,0.207412920716426,0.507067894261517,0.163518405047391,0.122000779974667
23290,0.212842470090324,0.388354065449874,0.0913269493817669,0.307476515078035
23291,0.375976926173732,0.14684725665476,0.172459335429497,0.304716481742012
23292,0.166279906336382,0.170647052285203,0.463452522632307,0.199620518746108
23293,0.546111159254918,0.225922169960092,0.0902974583035901,0.1376692124814
23294,0.173154336198158,0.229806536826508,0.153533433772548,0.443505693202786
23295,0.320113526871087,0.0154440830221617,0.493871131828509,0.170571258278242
23296,0.240275493677552,0.21175935221618,0.422133199359322,0.125831954746946
23297,0.135017907331339,0.0625571171765946,0.508662205574489,0.293762769917577
23298,0.37743361845773,0.0495931238987538,0.326022326507084,0.246950931136432
23299,0.395785511260332,0.182697965863246,0.0775272898949641,0.343989232981458
23300,0.389120110742098,0.209957606241708,0.274137494594153,0.12678478842204
23301,0.484504629018725,0.0657139284048045,0.101583546507317,0.348197896069153
23302,0.292474963560463,0.219149046479808,0.374157434380562,0.114218555579168
23303,0.168034323523818,0.180824293384653,0.394608153028832,0.256533230062697
23304,0.0287010963056484,0.438215053805428,0.0695896332851915,0.463494216603732
23305,0.44355220244699,0.0324402924490105,0.0394960656791272,0.484511439424873
23306,0.374227575918981,0.381067817002487,0.0854472346750456,0.159257372403487
23307,0.12719154605302,0.327047803220861,0.170555050646291,0.375205600079827
23308,0.259423165074353,0.0343813367375052,0.518958431365633,0.187237066822509
23309,0.116963361563015,0.118711503009263,0.0283839515094363,0.735941183918286
23310,0.12410171949418,0.0432884482348735,0.575377062892334,0.257232769378613
23311,0.101434038634286,0.0376503673516489,0.275606135193126,0.585309458820939
23312,0.265174334034771,0.144036261398432,0.439620801538415,0.151168603028382
23313,0.0780613538143172,0.285128606473172,0.256921847153454,0.379888192559057
23314,0.452336096549315,0.0612405303993689,0.0993563450725589,0.387067027978757
23315,0.391478281485012,0.118757435872004,0.372017114874294,0.11774716776869
23316,0.315466466546014,0.103919615901986,0.210540061123576,0.370073856428424
23317,0.280763931349536,0.176337292742075,0.166413711044104,0.376485064864284
23318,0.0739724667196297,0.0666265312222559,0.43793313549151,0.421467866566604
23319,0.296892744943401,0.12914221008001,0.024302567777445,0.549662477199144
23320,0.112694549468794,0.0552913767068342,0.234701766199797,0.597312307624576
23321,0.642638410367333,0.0106675258677106,0.221978040195157,0.124716023569799
23322,0.172183686068358,0.0527293355629953,0.394143527398909,0.380943450969738
23323,0.275738125829906,0.325159170329728,0.0352012366334631,0.363901467206903
23324,0.521453110373674,0.0732945539412382,0.106090231819016,0.299162103866072
23325,0.0418022324170798,0.372878361020396,0.295673047298057,0.289646359264468
23326,0.0550567801375234,0.123156997054412,0.0602032207091002,0.761583002098964
23327,0.0819895442733885,0.0234964138826303,0.696124727209144,0.198389314634837
23328,0.0150566079124325,0.433303411960203,0.030987925604222,0.520652054523143
23329,0.169041910789155,0.0396344992584354,0.178896844398079,0.612426745554331
23330,0.187359101697706,0.0441674771187979,0.488906766625966,0.279566654557529
23331,0.0942881698143127,0.681930401030623,0.0225649613244081,0.201216467830656
23332,0.100464330096673,0.217360308285379,0.508072000298666,0.174103361319282
23333,0.523140452454135,0.111029433148586,0.187324757265334,0.178505357131945
23334,0.321126535634809,0.171712660917229,0.147932586193456,0.359228217254506
23335,0.387122603664798,0.293722442961958,0.161948839991377,0.157206113381867
23336,0.0852065603694874,0.227780623071597,0.34764571252931,0.339367104029606
23337,0.59131754911989,0.104777057198424,0.186349373835471,0.117556019846216
23338,0.128435057688198,0.139178717820765,0.58963121270885,0.142755011782188
23339,0.151000670846345,0.0749784756346353,0.466526501766434,0.307494351752585
23340,0.116097941481664,0.0697804387223346,0.437525274592557,0.376596345203444
23341,0.115933947448426,0.058266746700551,0.642010118569467,0.183789187281556
23342,0.331809543804663,0.127869267465339,0.266517072299218,0.27380411643078
23343,0.133315895177837,0.375433494428521,0.103206769885911,0.388043840507732
23344,0.237003528848184,0.134104480723939,0.174670082706043,0.454221907721835
23345,0.108681639227485,0.159791150905941,0.159517827276433,0.572009382590141
23346,0.171548411394314,0.439301999409453,0.0846042307084149,0.304545358487818
23347,0.271525039684827,0.21355414225202,0.142019692787707,0.372901125275446
23348,0.101867378092517,0.234953756062422,0.316296130588384,0.346882735256677
23349,0.206619614372343,0.273875995385652,0.389434646823948,0.130069743418057
23350,0.194555285348435,0.506281275113341,0.0558215322651451,0.24334190727308
23351,0.134951638705704,0.164238405289782,0.288904012621708,0.411905943382806
23352,0.189686794719394,0.26772141692706,0.333338040952422,0.209253747401124
23353,0.116793771698146,0.400859015829667,0.226444330917461,0.255902881554725
23354,0.132612068841475,0.5273641661648,0.149043974530604,0.190979790463121
23355,0.240483433477385,0.412945212368351,0.110358768108813,0.236212586045452
23356,0.31301064519526,0.138837693816965,0.383121360935327,0.165030300052449
23357,0.149970469895045,0.469071700973028,0.114971587623271,0.265986241508656
23358,0.234652536145528,0.176429229614573,0.283920989202714,0.304997245037185
23359,0.240672440141358,0.172046519203155,0.351530672960587,0.2357503676949
23360,0.386728818766689,0.339975115545068,0.164558429665099,0.108737636023145
23361,0.111579599942749,0.124679115819138,0.497545275001578,0.266196009236534
23362,0.149652751299542,0.293677188836202,0.222268252325818,0.334401807538439
23363,0.199091794173277,0.351933523259788,0.227163037309779,0.221811645257156
23364,0.131158133781011,0.205853755428826,0.276980868212297,0.386007242577866
23365,0.284987882326137,0.256113746585383,0.250403888568769,0.208494482519711
23366,0.183048084002088,0.06733385875874,0.472051664796969,0.277566392442203
23367,0.260074588314139,0.135698074794884,0.464707832610602,0.139519504280374
23368,0.0935128754960023,0.305896692138551,0.36689859025285,0.233691842112597
23369,0.343724100117049,0.219969950024797,0.181940186389825,0.254365763468328
23370,0.122445471119673,0.169486237293741,0.462500410085139,0.245567881501448
23371,0.751384854111642,0.0402746917755909,0.0747734809217398,0.133566973191027
23372,0.43708937051759,0.0779667607015473,0.0347848180312734,0.450159050749589
23373,0.120484439316885,0.272270135691306,0.400437837883143,0.206807587108666
23374,0.0353388985229595,0.259869134379355,0.576576221314371,0.128215745783314
23375,0.19022257272254,0.297468686146226,0.340636107418643,0.171672633712591
23376,0.214654217711437,0.315691400565476,0.301741553833268,0.167912827889818
23377,0.119642025277953,0.209126193403267,0.531434121979955,0.139797659338824
23378,0.595006621101152,0.0558057991564245,0.177457779708464,0.171729800033959
23379,0.130837729422202,0.0653350110916843,0.385637898311129,0.418189361174984
23380,0.187587286626819,0.327918378743944,0.159134276580942,0.325360058048295
23381,0.114740651773643,0.287074378073256,0.246952090183335,0.351232879969766
23382,0.0734900061503327,0.0325304017322126,0.439838931244015,0.45414066087344
23383,0.0643714248140347,0.594849706997312,0.0912406041667776,0.249538264021876
23384,0.714124069306773,0.0457939794759112,0.0868665291189128,0.153215422098403
23385,0.17960148270517,0.322269532658564,0.364444910123539,0.133684074512727
23386,0.162958494840618,0.480813401360112,0.0174427449622837,0.338785358836987
23387,0.235315269673403,0.173365535249027,0.0448062452697369,0.546512949807833
23388,0.0909581882876146,0.196709699000467,0.325027926839012,0.387304185872906
23389,0.0288257321441676,0.0376807028676039,0.375587144006348,0.557906420981881
23390,0.298438770171856,0.343550342089896,0.196705039012974,0.161305848725274
23391,0.229981038213502,0.336556882932044,0.321135255572,0.112326823282454
23392,0.366920379369337,0.258383136814842,0.278112576866732,0.09658390694909
23393,0.0647394693477085,0.60794459129925,0.240640509214759,0.0866754301382828
23394,0.308285631095153,0.374490066190497,0.233975201076435,0.0832491016379155
23395,0.168817449984039,0.29365912387319,0.403327090533683,0.134196335609088
23396,0.502416181822024,0.232398511595645,0.136201597001713,0.128983709580618
23397,0.450638962792736,0.284786999529956,0.0994797037184391,0.16509433395887
23398,0.217158845662679,0.657235017782753,0.0561652723962418,0.0694408641583269
23399,0.0782001664607727,0.650075867577073,0.139116533094233,0.132607432867922
23400,0.531740361416996,0.0979889136444376,0.188118055555663,0.182152669382904
23401,0.420471306419666,0.288232128152549,0.127468558797379,0.163828006630406
23402,0.116334660902459,0.498188476570456,0.301973129405313,0.083503733121772
23403,0.220211880604665,0.237046983629754,0.35617178364864,0.186569352116941
23404,0.0934080262916678,0.545954367796119,0.271043058183318,0.089594547728895
23405,0.102214538935492,0.439547077700055,0.268297864852771,0.189940518511682
23406,0.556916668765764,0.225073085240861,0.138393260207958,0.079616985785417
23407,0.29322190800691,0.200009807800345,0.155330485237879,0.351437798954867
23408,0.399581929364567,0.292820459278373,0.149895313913086,0.157702297443974
23409,0.276671226303173,0.343199231448733,0.254274788102584,0.125854754145511
23410,0.238130751225314,0.360767411559916,0.21412228447485,0.18697955273992
23411,0.214234425110566,0.295765969874336,0.328018206306431,0.161981398708667
23412,0.17994416850781,0.459996090478673,0.18724378654395,0.172815954469567
23413,0.214487346066029,0.240959211437056,0.357245524306135,0.18730791819078
23414,0.324860073742803,0.317419401311512,0.162586170712061,0.195134354233624
23415,0.30570746046209,0.358634397303701,0.204761502523448,0.130896639710762
23416,0.169582818604966,0.512120011591657,0.186672166106354,0.131625003697024
23417,0.353803825437926,0.214642099277951,0.246392055094963,0.18516202018916
23418,0.141870506813402,0.260137377420478,0.253123874048649,0.344868241717471
23419,0.184105392256865,0.364490996010416,0.171893804014064,0.279509807718656
23420,0.223336471677699,0.182926781194499,0.406581820663248,0.187154926464554
23421,0.346497418494017,0.30443186880586,0.146644681240978,0.202426031459145
23422,0.216957140833644,0.14639330238008,0.384048480665213,0.252601076121063
23423,0.416665148393407,0.167008887580118,0.291101914500117,0.125224049526359
23424,0.355683106742794,0.168723946993111,0.179089032543847,0.296503913720248
23425,0.321013539590314,0.326666981423009,0.128180208615136,0.224139270371541
23426,0.245795887227151,0.420019644146993,0.136831433853005,0.197353034772851
23427,0.413543616005569,0.126386013261727,0.366044431150564,0.0940259395821402
23428,0.41364955717322,0.227548902766686,0.246670953642895,0.112130586417198
23429,0.330675962656357,0.392401173813463,0.194146389186247,0.0827764743439337
23430,0.299605300035902,0.303079243595464,0.317960322578158,0.0793551337904771
23431,0.252822254230629,0.3174589076782,0.361779263491523,0.0679395745996479
23432,0.259122879499357,0.272397759267467,0.309047989401219,0.159431371831958
23433,0.417119403243168,0.321504701897997,0.170552110785347,0.0908237840734882
23434,0.226628657448577,0.279642841313267,0.384107565033057,0.109620936205099
23435,0.313338446598093,0.223947885126607,0.292223034560112,0.170490633715188
23436,0.293579342951021,0.333321130134594,0.214393941529984,0.158705585384401
23437,0.259166152162367,0.324501329606291,0.281877195606283,0.134455322625059
23438,0.227280017625842,0.192404088515458,0.490674288663208,0.089641605195492
23439,0.244096511762012,0.35285856728774,0.230292345415614,0.172752575534634
23440,0.380692347676611,0.231381433072974,0.29125027837018,0.0966759408802351
23441,0.158976618547276,0.193526844345765,0.404417123515503,0.243079413591456
23442,0.312906484456545,0.341476047095551,0.216833742896176,0.128783725551728
23443,0.349671000407588,0.280316178424227,0.248397639518403,0.121615181649782
23444,0.169473269993381,0.30787855792854,0.456008991718878,0.0666391803592011
23445,0.1381522994865,0.23900147205229,0.545430433655881,0.0774157948053295
23446,0.495664803076531,0.192020433101363,0.190738602377242,0.121576161444863
23447,0.217249175851158,0.0965973979149373,0.423233522523808,0.262919903710097
23448,0.161495710733451,0.283793226623428,0.117584618713834,0.437126443929287
23449,0.494599131789209,0.0511186253683675,0.199784139794127,0.254498103048297
23450,0.0520077919479192,0.131259311822418,0.405994125788924,0.410738770440739
23451,0.161397611687922,0.211305128530399,0.298242964259749,0.329054295521931
23452,0.0453811901688278,0.584232925034289,0.0409055934644915,0.329480291332392
23453,0.517074917373249,0.104544612613069,0.133273651715491,0.245106818298191
23454,0.148685245425826,0.0931973791205488,0.0359976890908069,0.722119686362818
23455,0.298223294669806,0.0528933913471828,0.0758552723424316,0.57302804164058
23456,0.105618808770937,0.600313258859836,0.0454461508203966,0.24862178154883
23457,0.0884242572759801,0.0371747263485129,0.204889134084735,0.669511882290772
23458,0.015716697320573,0.395162922578886,0.238573888293549,0.350546491806993
23459,0.245537481925915,0.399807577270967,0.033059584948759,0.321595355854359
23460,0.150007312382936,0.647823901016993,0.0471372775589933,0.155031509041077
23461,0.0200735977171665,0.245039476544846,0.418960234059432,0.315926691678556
23462,0.630657235716626,0.159218682419456,0.0447272227396796,0.165396859124238
23463,0.0401606856209752,0.0830492084572048,0.441791666467049,0.434998439454771
23464,0.052654679752767,0.0202744209876525,0.508364167176265,0.418706732083315
23465,0.294308655478874,0.325030306414309,0.0643720190088777,0.316289019097939
23466,0.32963717065999,0.116028236072826,0.152226555672872,0.402108037594312
23467,0.0582470472091847,0.669585529419732,0.0852721623252874,0.186895261045797
23468,0.456868761186453,0.10692200967226,0.0979911558437684,0.338218073297518
23469,0.127628160137171,0.0685851516934962,0.712484438625927,0.091302249543406
23470,0.489074028627657,0.201631130535261,0.200049384681258,0.109245456155824
23471,0.0957713268060535,0.262787313766985,0.50089295037429,0.140548409052671
23472,0.2907208572567,0.262038930126329,0.241008308957495,0.206231903659476
23473,0.153711772983967,0.103402284835176,0.476293331516596,0.266592610664262
23474,0.216507655821946,0.0966613333470513,0.330596173549558,0.356234837281445
23475,0.0885193795459347,0.565146658773446,0.0745818568389533,0.271752104841666
23476,0.132824678175936,0.631760896908038,0.0701949609360613,0.165219463979965
23477,0.395312128204148,0.062550224891849,0.282431076234261,0.259706570669741
23478,0.229167646819315,0.396605233936813,0.161258621813644,0.212968497430228
23479,0.0470446819281639,0.14348455144632,0.253018494107962,0.556452272517555
23480,0.0742146083935458,0.476239999472564,0.290179553968964,0.159365838164926
23481,0.246488199048321,0.545092501317336,0.100942239431814,0.107477060202528
23482,0.7169843306265,0.0576023951323196,0.0828335348836912,0.142579739357489
23483,0.100175045940108,0.257822437330739,0.213636224046921,0.428366292682231
23484,0.0369864687449013,0.262225702241768,0.618446338675958,0.0823414903373729
23485,0.234071788172802,0.395940576098219,0.0447201705938188,0.32526746513516
23486,0.036274947076378,0.333264479638182,0.196855759030141,0.433604814255299
23487,0.230917427062673,0.385186168655502,0.0468964444450893,0.336999959836735
23488,0.162406687916363,0.49036162656071,0.0785111160921302,0.268720569430796
23489,0.242461796502902,0.0447607263151339,0.178350844033313,0.534426633148652
23490,0.0920992674942511,0.0295369085086273,0.24584192315242,0.632521900844702
23491,0.0505134352500678,0.144670899218872,0.252677062281273,0.552138603249787
23492,0.0468202750353246,0.321847996496035,0.320520657425713,0.310811071042927
23493,0.0568254809831472,0.0832882142342068,0.0822336236530367,0.777652681129609
23494,0.140521697493946,0.512328875809344,0.0562755813109987,0.290873845385712
23495,0.0877769220073041,0.69070834046872,0.0411650054576012,0.180349732066375
23496,0.0821781209157963,0.394020956065681,0.0167349969099401,0.507065926108582
23497,0.0933153081794231,0.575019266229062,0.0810514814971635,0.250613944094352
23498,0.153348250779091,0.0339555668069206,0.303080656915559,0.50961552549843
23499,0.0268254935549848,0.0477949567062775,0.208929375941243,0.716450173797495
23500,0.0247236656863716,0.128647939115122,0.467152141989935,0.379476253208571
23501,0.448236858720862,0.0428409461119839,0.195409071574019,0.313513123593135
23502,0.106922371881318,0.0365465717981784,0.31947935815682,0.537051698163684
23503,0.53776343264468,0.0619263997742284,0.04526344686142,0.355046720719671
23504,0.301708244817345,0.274677491067038,0.149844284482212,0.273769979633405
23505,0.0715159654367398,0.262315425284251,0.392654047713388,0.273514561565622
23506,0.486900655801272,0.0504401083036946,0.321241043029465,0.141418192865569
23507,0.62012779129587,0.190277732437882,0.0885821845516691,0.101012291714578
23508,0.04881707027823,0.108618792690227,0.359973751099205,0.482590385932338
23509,0.307733350235402,0.252094427359408,0.0830955007162195,0.357076721688971
23510,0.24733221282052,0.0514030864763629,0.245674660607091,0.455590040096026
23511,0.272059574292745,0.0511544577736332,0.0679660565860417,0.60881991134758
23512,0.689193747367189,0.143310994033017,0.0513610459324712,0.116134212667324
23513,0.108759756616707,0.176021215298374,0.0367718641889658,0.678447163895953
23514,0.251343589967787,0.0683321028587244,0.220760021559477,0.459564285614012
23515,0.685918512817436,0.0341749027619231,0.154258989511636,0.125647594909005
23516,0.301503556753476,0.0721415508774785,0.281209635932237,0.345145256436808
23517,0.506848720263194,0.0928000970239943,0.076023352239579,0.324327830473233
23518,0.0797501057243319,0.0438080306730061,0.753832519675767,0.122609343926895
23519,0.054864690968297,0.458402667525071,0.0535747949585514,0.433157846548081
23520,0.349525412457993,0.0619870821131636,0.128079468782233,0.460408036646611
23521,0.15375145892587,0.44749672190023,0.242055314614019,0.156696504559881
23522,0.0803617964784393,0.257798581141717,0.137060683093615,0.524778939286228
23523,0.0905140085643078,0.629516585933895,0.119995310026013,0.159974095475784
23524,0.0546818017894754,0.637498505754337,0.0836989057096316,0.224120786746557
23525,0.205730251324998,0.15113872898691,0.0815316014338758,0.561599418254217
23526,0.115755084341822,0.217970516767356,0.496117444610543,0.170156954280279
23527,0.112175012642698,0.19375234312075,0.300615127593383,0.393457516643169
23528,0.0563915384812213,0.621344348271072,0.123651392345988,0.198612720901719
23529,0.146369469670131,0.433077576462616,0.0376382666167806,0.382914687250472
23530,0.0838483507767613,0.0673586553853416,0.65174400431923,0.197048989518667
23531,0.377268451968014,0.0365802554925615,0.0399659397876449,0.546185352751779
23532,0.170461136730872,0.127807293557623,0.0615479425545667,0.640183627156938
23533,0.277098580681319,0.104604104570713,0.116159027604109,0.502138287143859
23534,0.122255671331095,0.0610975627672144,0.197920835381361,0.61872593052033
23535,0.0819897766514855,0.0463301709029039,0.0941937388345945,0.777486313611016
23536,0.0875601157271473,0.0610137850183845,0.207951403592299,0.643474695662169
23537,0.149290946738375,0.186559598426082,0.0375782753701558,0.626571179465387
23538,0.407741716136625,0.0849829387563514,0.0171577829276965,0.490117562179327
23539,0.0346142997726271,0.0648055271877666,0.119375680720755,0.781204492318851
23540,0.04702849943847,0.0252008895570146,0.300254133508327,0.627516477496188
23541,0.058322960025828,0.217683582435681,0.0331896503026253,0.690803807235866
23542,0.0378514043186577,0.171067462629044,0.509064532516,0.282016600536298
23543,0.29040790987242,0.25264464120408,0.118263296425798,0.338684152497703
23544,0.0474790982185417,0.156177857318356,0.694449503162541,0.101893541300562
23545,0.266019954889676,0.0439781649867923,0.0525167487500483,0.637485131373483
23546,0.055554221818256,0.0848870558993836,0.71517606535151,0.144382656930851
23547,0.372432782133684,0.363684589764196,0.0161657720974173,0.247716856004703
23548,0.270157008964397,0.0572928350579481,0.0419713369613418,0.630578819016314
23549,0.264104720369241,0.0687244803517543,0.131069319286023,0.536101479992982
23550,0.0373747579239992,0.20284499097854,0.0895783607566595,0.670201890340801
23551,0.538099123349368,0.103435153377667,0.165144231466545,0.19332149180642
23552,0.0295578815558187,0.482045742042966,0.425436859215642,0.0629595171855729
23553,0.0597931728933903,0.682686880836078,0.0679981659578674,0.189521780312665
23554,0.662440279838521,0.148491029273755,0.0690936089939878,0.119975081893736
23555,0.0253742841021645,0.129829129802153,0.711405790691974,0.133390795403709
23556,0.417910336807844,0.0842366829119406,0.0855158131033925,0.412337167176823
23557,0.0499234715999784,0.0428363915611344,0.569660237660414,0.337579899178474
23558,0.174915005019897,0.115417848978876,0.451784925840634,0.257882220160594
23559,0.144215257273413,0.0466335339153711,0.400110223704604,0.409040985106612
23560,0.0496497757975131,0.0553239949250167,0.420598242261032,0.474427987016438
23561,0.426412565742506,0.309251692568877,0.174253234338687,0.0900825073499298
23562,0.393073336390237,0.14089502541377,0.0860823608544854,0.379949277341508
23563,0.15175695418926,0.336576088770521,0.29606895551948,0.21559800152074
23564,0.08759366760417,0.459259196545177,0.2078763859601,0.245270749890554
23565,0.0825129216767143,0.0876541255485582,0.642710057140961,0.187122895633767
23566,0.426593649406103,0.196931234761675,0.0777321465658545,0.298742969266367
23567,0.161026091818277,0.503851579225348,0.160078852165635,0.17504347679074
23568,0.255649830939,0.505342921344561,0.0696703889504219,0.169336858766017
23569,0.642025146283693,0.10411692051506,0.12739989953306,0.126458033668187
23570,0.11625721344352,0.639049767506259,0.116182797736998,0.128510221313223
23571,0.105478480650029,0.0495774395771436,0.221750658734667,0.62319342103816
23572,0.257692792887403,0.46646577282641,0.0340622569639801,0.241779177322207
23573,0.087111896937083,0.0703215558565006,0.159962994926581,0.682603552279835
23574,0.0548647243477811,0.536424579812266,0.189055591039128,0.219655104800826
23575,0.043757790940054,0.246287763653944,0.195183140637428,0.514771304768575
23576,0.0931177060272305,0.120278062123376,0.154098627608121,0.632505604241272
23577,0.716156062089079,0.0763196363699214,0.079175546135585,0.128348755405414
23578,0.170100081530071,0.101323033106971,0.0397899140062484,0.688786971356709
23579,0.0507370621926367,0.466043649455923,0.10736996692503,0.37584932142641
23580,0.183299461564048,0.557267011018213,0.0526664450054224,0.206767082412317
23581,0.183626140386713,0.254791161370454,0.288106277253744,0.273476420989088
23582,0.131518048331754,0.186562115670879,0.552821997431377,0.12909783856599
23583,0.625415552244199,0.11233173812203,0.105490252033514,0.156762457600258
23584,0.536704536293654,0.18656006061697,0.0945043364216589,0.182231066667717
23585,0.595289846922873,0.198276592366817,0.0768331990569168,0.129600361653394
23586,0.280655566736195,0.264313364951326,0.255915490849283,0.199115577463196
23587,0.128516741214347,0.141665804630003,0.332675011578328,0.397142442577322
23588,0.251690723870347,0.0711218209620457,0.268542765342898,0.408644689824709
23589,0.62617037903716,0.0662592017090999,0.0629739140539727,0.244596505199768
23590,0.217183348021545,0.115861461347967,0.223779102575049,0.443176088055439
23591,0.65367572952411,0.0751323061066848,0.0978017102893171,0.173390254079888
23592,0.386085979156668,0.0987620331524812,0.0770696864979932,0.438082301192858
23593,0.0637283029642544,0.474900891352655,0.126918169058485,0.334452636624606
23594,0.635014323801198,0.0618861481963401,0.185037186314627,0.118062341687835
23595,0.163634890067427,0.101294920951875,0.584494542624323,0.150575646356375
23596,0.072037308188787,0.286668237804911,0.218918522592443,0.422375931413859
23597,0.271636078971673,0.0551145855330969,0.238771842195217,0.434477493300013
23598,0.61271783974391,0.0856927517124,0.0484488573700867,0.253140551173603
23599,0.226253434344108,0.360908666610194,0.235531469332551,0.177306429713147
23600,0.291897551148676,0.376610445938969,0.206763328801925,0.12472867411043
23601,0.223592663664859,0.399652897703232,0.25936390121372,0.11739053741819
23602,0.246045995536227,0.465672518168363,0.172260742658947,0.116020743636463
23603,0.13960923875343,0.288746061418493,0.417525382034691,0.154119317793386
23604,0.342399152668218,0.441483888343442,0.126508093905791,0.0896088650825493
23605,0.430185440714226,0.127842382656566,0.180221119574887,0.261751057054322
23606,0.302574505174523,0.355013797465214,0.12422116401014,0.218190533350123
23607,0.197085490195575,0.307581810077412,0.230175601558006,0.265157098169007
23608,0.439304384001469,0.166545882954506,0.133048123065052,0.261101609978973
23609,0.304797846972357,0.25598755484367,0.261635805639973,0.177578792544
23610,0.228187068317887,0.429237694693611,0.206025995443198,0.136549241545304
23611,0.159706154580423,0.228009675914316,0.476606169249052,0.135678000256209
23612,0.195992957605911,0.364081473801085,0.190474778767563,0.249450789825441
23613,0.366027371953689,0.208349200375635,0.339772425448814,0.0858510022218625
23614,0.241441453763068,0.512656373388989,0.155441952254319,0.0904602205936247
23615,0.26795090467392,0.256037677894971,0.136077173743161,0.339934243687948
23616,0.298595644948832,0.252331156032308,0.361323368379943,0.0877498306389176
23617,0.1943258928247,0.465626322661589,0.17730087845928,0.16274690605443
23618,0.306653818717556,0.0182752675618186,0.32498804485993,0.350082868860695
23619,0.0562648630067734,0.282762733288745,0.16245601378454,0.498516389919942
23620,0.060636443491137,0.253033320622639,0.0165519677923196,0.669778268093904
23621,0.323821782755607,0.101130505278289,0.06551697836867,0.509530733597434
23622,0.190677974168277,0.35055264385176,0.0260506453507174,0.432718736629245
23623,0.0203425432949211,0.132601359409477,0.0406106564586172,0.806445440836984
23624,0.0394700683954106,0.744099187155367,0.0516739579053668,0.164756786543856
23625,0.106540117833828,0.0991785766851624,0.161587686025566,0.632693619455444
23626,0.0543305201639681,0.465919605061142,0.0868704652731458,0.392879409501744
23627,0.137495927637843,0.0239494029297796,0.595937174610535,0.242617494821843
23628,0.240065923924834,0.0655728076112492,0.0243118237595551,0.670049444704362
23629,0.143490020076232,0.130434877335018,0.087503009020863,0.638572093567887
23630,0.306938136792505,0.323043109856593,0.065210575459173,0.30480817789173
23631,0.0257213486540623,0.180148407682483,0.389835583207873,0.404294660455582
23632,0.0363752028204409,0.0247760019386655,0.21435893846753,0.724489856773364
23633,0.0824183424491663,0.471325622494382,0.074786404070629,0.371469630985823
23634,0.708220234761217,0.0636312056972594,0.00770857721138793,0.220439982330136
23635,0.0162627897974156,0.240617698444055,0.0590375310937755,0.684081980664754
23636,0.0349429547236405,0.388790229447312,0.164666916648055,0.411599899180992
23637,0.366729186216233,0.386165339844038,0.117893509006882,0.129211964932847
23638,0.459333595854149,0.205709140650373,0.222695682357017,0.112261581138462
23639,0.242005232351691,0.216438678915609,0.381323103165938,0.160232985566762
23640,0.300469917589629,0.149718629564295,0.405850981149545,0.143960471696532
23641,0.151513128786391,0.416100843753844,0.241625433117417,0.190760594342349
23642,0.243299670295781,0.193415018371868,0.345461810661262,0.217823500671088
23643,0.275870393197835,0.382625035839316,0.253587871023276,0.0879166999395738
23644,0.25669497527902,0.413749273392642,0.1281869729631,0.201368778365238
23645,0.144020743316662,0.421677680370281,0.171005348815299,0.263296227497757
23646,0.229876743054798,0.368764816294225,0.196050106198655,0.205308334452322
23647,0.170284876954059,0.559851161383766,0.139111913046217,0.130752048615958
23648,0.264649431227529,0.524328776436369,0.0801519676736005,0.130869824662502
23649,0.245995534216331,0.32182055555896,0.192274734996262,0.239909175228447
23650,0.295209528075656,0.228399590014854,0.12048522248002,0.355905659429469
23651,0.191075609669317,0.509117190597709,0.153861217823894,0.14594598190908
23652,0.108144498056267,0.281570128036856,0.537719038767882,0.0725663351389947
23653,0.169753488142208,0.124420015520792,0.577576029404839,0.128250466932161
23654,0.123256153730194,0.183162923509768,0.5406623667457,0.152918556014338
23655,0.250155743764203,0.412016694128516,0.158333301208936,0.179494260898345
23656,0.170894176963661,0.179924093402168,0.282765445641295,0.366416283992876
23657,0.421689023005376,0.331907609935888,0.113503189037724,0.132900178021012
23658,0.354718083187134,0.0939995336068165,0.311054063671877,0.240228319534173
23659,0.529860621742514,0.284031351609517,0.12339824073025,0.0627097859177198
23660,0.358380138536302,0.229703396461649,0.0578360374045418,0.354080427597508
23661,0.244530978176133,0.0742470271451557,0.168784121292827,0.512437873385885
23662,0.132799838301222,0.393831920689621,0.157780453321546,0.315587787687611
23663,0.224163243713859,0.185718633497458,0.256058409363317,0.334059713425365
23664,0.0710097672313941,0.384192411883938,0.112233895853965,0.432563925030703
23665,0.286029902424302,0.274395406527487,0.052559531441364,0.387015159606848
23666,0.318376255412921,0.128320448261452,0.243688229570544,0.309615066755083
23667,0.377336126049317,0.0744467704816896,0.388949576768735,0.159267526700259
23668,0.545362377970045,0.0719619906203727,0.116910998317667,0.265764633091915
23669,0.245263000057053,0.297665829110095,0.102867892035606,0.354203278797247
23670,0.21564213380277,0.130207361106921,0.448989423884547,0.205161081205762
23671,0.0623284918049955,0.263255316759272,0.461420121723906,0.212996069711827
23672,0.164657633829093,0.16022209957952,0.359204537240534,0.315915729350853
23673,0.288573395099925,0.487593427259573,0.0821624850226667,0.141670692617835
23674,0.0338666514200647,0.302547013050018,0.549539629996777,0.114046705533141
23675,0.106128088353579,0.516528290466091,0.0845885577289135,0.292755063451416
23676,0.191751366074335,0.118791619340046,0.106689541116264,0.582767473469356
23677,0.181630218804497,0.223850281434084,0.28643679490465,0.308082704856769
23678,0.476893620891454,0.0766666146859211,0.0421016765021811,0.404338087920444
23679,0.471254932412608,0.109420526825955,0.289896203477601,0.129428337283837
23680,0.0626755618511175,0.104534643846614,0.608720597254493,0.224069197047776
23681,0.107517351048095,0.114679917626322,0.663676506019931,0.114126225305651
23682,0.0702376047683129,0.279090115226875,0.433131634927793,0.217540645077019
23683,0.347815421621419,0.0976722443957482,0.17743335584321,0.377078978139623
23684,0.125556864881867,0.556687477925247,0.0792876994702366,0.238467957722649
23685,0.324236287665543,0.317960041489213,0.241880736831979,0.115922934013265
23686,0.0817082779985652,0.0408525172564138,0.511582852522403,0.365856352222618
23687,0.117236026829691,0.0879539336485547,0.253240679440632,0.541569360081122
23688,0.258585765536566,0.0708895464963433,0.0464440605630484,0.624080627404042
23689,0.147747980580533,0.142317716604566,0.507783240862767,0.202151061952134
23690,0.289860271797933,0.216207757137956,0.0325705872942136,0.461361383769897
23691,0.0841674276682862,0.126261276826586,0.462311356567527,0.3272599389376
23692,0.0479359241221698,0.429737782233174,0.0736729702470894,0.448653323397567
23693,0.0649315758211557,0.296205781493295,0.383830733853586,0.255031908831963
23694,0.083985877057289,0.301880713212966,0.28434033077792,0.329793078951825
23695,0.0874347209006483,0.453653045928024,0.218243575717602,0.240668657453725
23696,0.450970642885139,0.371564952793329,0.0624436105674765,0.115020793754056
23697,0.302619747699768,0.111030731642467,0.333490267198425,0.25285925345934
23698,0.186037882846596,0.310683242481788,0.213160297333508,0.290118577338108
23699,0.115394570092626,0.576230451829203,0.0912787882056917,0.217096189872479
23700,0.40628947708751,0.0424429426846324,0.37312564638767,0.178141933840188
23701,0.0587245189351186,0.463433205370302,0.213260418855987,0.264581856838593
23702,0.0962421973891759,0.170511287510924,0.558646634998471,0.17459988010143
23703,0.103805055377703,0.532856804769881,0.147195267115357,0.216142872737059
23704,0.198756133422203,0.145438015406642,0.300253568529926,0.355552282641229
23705,0.148813754330982,0.446732967915925,0.144201395903014,0.260251881850079
23706,0.386605827274848,0.108557602986113,0.260035600425874,0.244800969313165
23707,0.191525903095722,0.573654557436129,0.0704682084716102,0.16435133099654
23708,0.134868295800981,0.485040542901248,0.134944378330142,0.245146782967628
23709,0.151502847779222,0.223161167383788,0.1081995762075,0.517136408629491
23710,0.467709433772256,0.115131414676005,0.0833093453187778,0.333849806232961
23711,0.049035193969413,0.575787103566653,0.200103484368857,0.175074218095077
23712,0.139518733209178,0.102885635884958,0.437054295024813,0.320541335881051
23713,0.152327990974375,0.331169213128763,0.289628154162568,0.226874641734295
23714,0.204636581744899,0.209779538178485,0.400363945060183,0.185219935016433
23715,0.38810622118469,0.0988622634065836,0.30513916758787,0.207892347820856
23716,0.338007797425394,0.232188571621104,0.189725363306102,0.2400782676474
23717,0.242518648990215,0.461168786635832,0.0844863369390989,0.211826227434854
23718,0.18220288055548,0.17813929146682,0.368480670852276,0.271177157125424
23719,0.309614964687136,0.368705036414907,0.0752881325344572,0.2463918663635
23720,0.145270981164272,0.121834823943379,0.515384319666406,0.217509875225943
23721,0.55854732494256,0.184136115243664,0.166459636095204,0.0908569237185724
23722,0.0931941422614504,0.265494402446426,0.328833046016744,0.31247840927538
23723,0.159886238424171,0.347132065518028,0.298490638884781,0.194491057173021
23724,0.228929146861755,0.406566598975738,0.0844869291567309,0.280017325005776
23725,0.242624620347949,0.0964338035150923,0.512590133265474,0.148351442871485
23726,0.275116002342551,0.321435553473963,0.221797832459872,0.181650611723614
23727,0.195442767228805,0.196343540255054,0.27358457261124,0.334629119904901
23728,0.185394145123804,0.251494139833118,0.118067896433033,0.445043818610045
23729,0.117958606414895,0.641968561963609,0.134437129574888,0.105635702046607
23730,0.203707941173423,0.291161716478738,0.224226022302078,0.280904320045761
23731,0.136972114371445,0.25208654777431,0.238727337113464,0.372214000740782
23732,0.431175624220469,0.185682348838108,0.103202385286511,0.279939641654912
23733,0.497137956258062,0.12925774883665,0.0961133043868744,0.277490990518414
23734,0.0732108495665425,0.0690683760753383,0.50390303875619,0.353817735601929
23735,0.503256404273502,0.0758575246891012,0.153277522226557,0.26760854881084
23736,0.117314151401144,0.126052269627894,0.318802395872603,0.43783118309836
23737,0.0975802488722172,0.558789937359773,0.180357075895967,0.163272737872043
23738,0.368788470545343,0.130581101843757,0.100289418489037,0.400341009121862
23739,0.175317786913191,0.100502830604902,0.0908525815479909,0.633326800933916
23740,0.11010730812505,0.0606631496904409,0.719468732909093,0.109760809275416
23741,0.0654725623109892,0.144083664069602,0.406836101478508,0.383607672140901
23742,0.113917787321721,0.261456242777829,0.0858686427543492,0.538757327146101
23743,0.103127796869722,0.680995895526479,0.0735710891317881,0.142305218472012
23744,0.0545817584003581,0.650955763718447,0.135427843457514,0.159034634423681
23745,0.550296203677783,0.075284066569455,0.0892106706857474,0.285209059067014
23746,0.470728902484981,0.205635870622561,0.0708500403031558,0.252785186589302
23747,0.100659810900523,0.21971137969953,0.466762831796893,0.212865977603054
23748,0.214179619765844,0.425496016871967,0.0743896960574907,0.285934667304699
23749,0.564042263692004,0.227131439510985,0.0564574280185834,0.152368868778428
23750,0.172771658875229,0.183501967229945,0.398902671762933,0.244823702131894
23751,0.331159565959541,0.207674421897595,0.301129888830746,0.160036123312119
23752,0.280460501322441,0.285407398453559,0.158421202125386,0.275710898098614
23753,0.255604614024615,0.182146141878298,0.189188388790863,0.373060855306224
23754,0.297386474023925,0.225449665029619,0.226910072427408,0.250253788519048
23755,0.389784640825695,0.235186227441874,0.236565236738432,0.138463894993999
23756,0.135975956439674,0.351315055929519,0.165260786592018,0.347448201038789
23757,0.278673182279853,0.423024278570539,0.136966652707674,0.161335886441934
23758,0.416562234429398,0.185501339545363,0.0784042169584995,0.319532209066739
23759,0.124096502655953,0.354394385119548,0.27172509685822,0.24978401536628
23760,0.256874330790674,0.0956439816134042,0.514869660882829,0.132612026713092
23761,0.200432056461726,0.1649406778017,0.347527192843122,0.287100072893452
23762,0.212354948383439,0.308066109806562,0.205298830878541,0.274280110931459
23763,0.464928835634857,0.214932811763944,0.100797771152749,0.21934058144845
23764,0.411283491758778,0.0892603045902976,0.189093700674509,0.310362502976416
23765,0.0601154571157326,0.0725079898808051,0.473563641791569,0.393812911211893
23766,0.0613346381785802,0.0834389577589971,0.779861082216432,0.0753653218459904
23767,0.34532131064546,0.222571003292718,0.187836803880253,0.24427088218157
23768,0.0864483280133383,0.06986868422784,0.263927868311338,0.579755119447484
23769,0.131642376127392,0.1322711311996,0.354886100648996,0.381200392024012
23770,0.228651521959572,0.102313914524979,0.485194766622564,0.183839796892885
23771,0.0782820541470405,0.491343313182629,0.077427046017832,0.352947586652499
23772,0.0674799854956063,0.262750877391491,0.0914257463243257,0.578343390788577
23773,0.0870269756020417,0.277419682049415,0.462807511442434,0.17274583090611
23774,0.135711966679007,0.345642551342084,0.119203425350574,0.399442056628335
23775,0.47303891895777,0.17592106740968,0.0679506386441157,0.283089374988434
23776,0.277043748089076,0.0610025820575021,0.24822426549369,0.413729404359732
23777,0.267655883790472,0.357768195586756,0.200383148030318,0.174192772592455
23778,0.0754320249963459,0.434094389596841,0.0538900677829285,0.436583517623885
23779,0.444257943092548,0.275709819051023,0.116258019786464,0.163774218069965
23780,0.380710043079315,0.344415927326803,0.0583866125207709,0.216487417073111
23781,0.514802324659672,0.163041777151842,0.0701331520512843,0.252022746137201
23782,0.129454180733124,0.248239483294735,0.294092302677106,0.328214033295035
23783,0.3263154882119,0.0237403366385556,0.284979729206016,0.364964445943529
23784,0.0869073969307466,0.0452027732637799,0.494586059484098,0.373303770321375
23785,0.5603916625245,0.151827250838114,0.0409195189411384,0.246861567696247
23786,0.241206479918821,0.299175723943435,0.0697873293649088,0.389830466772835
23787,0.552445083515791,0.150000509778167,0.0833293293597371,0.214225077346305
23788,0.1095494937242,0.520861243077307,0.0903766612647034,0.279212601933789
23789,0.598664663267446,0.112842651146994,0.104227558335038,0.184265127250522
23790,0.0456317068673303,0.115726521314713,0.549638861203709,0.289002910614248
23791,0.210397464291203,0.0879491261952071,0.490629716583071,0.211023692930519
23792,0.176391277737761,0.580393110683164,0.0995567425806297,0.143658868998445
23793,0.166244877218288,0.0939979795742962,0.222145177595552,0.517611965611864
23794,0.206765775193925,0.133466244512124,0.131101600512785,0.528666379781167
23795,0.25104280943026,0.183850556680808,0.0621141571764003,0.502992476712532
23796,0.146933252676065,0.172953925002872,0.126591892014684,0.553520930306379
23797,0.40730553049701,0.16245463078199,0.292242245018026,0.137997593702974
23798,0.254609254071389,0.0399245326735461,0.174466173953729,0.531000039301337
23799,0.536988934565733,0.0643991716384324,0.0640059902617075,0.334605903534127
23800,0.175019441628639,0.600189969820127,0.0750539113094911,0.149736677241742
23801,0.0475073325399436,0.118756094701879,0.681413760007028,0.15232281275115
23802,0.0874372873749021,0.638115459685646,0.105243897534362,0.16920335540509
23803,0.235516182931672,0.120157584665194,0.0565650099986316,0.587761222404502
23804,0.233655523765046,0.0788863402581045,0.229223093259621,0.458235042717229
23805,0.221491552394421,0.0531850847412899,0.493965879622135,0.231357483242154
23806,0.0788865717224245,0.30320739948114,0.119851071337241,0.498054957459195
23807,0.383603680901224,0.0891392290067315,0.0730526253120665,0.454204464779978
23808,0.221068436081657,0.447810929400197,0.149352447999957,0.181768186518189
23809,0.315707236498208,0.328324630761553,0.149945962194095,0.206022170546143
23810,0.172051095198257,0.511484512915033,0.185609107129656,0.130855284757054
23811,0.435300185806851,0.207764971748956,0.193015054091647,0.163919788352546
23812,0.257638651804588,0.255001879554799,0.30103726001649,0.186322208624124
23813,0.480857670909055,0.216113394289813,0.0929011988132041,0.210127735987928
23814,0.273835646828409,0.315073870351819,0.224232753763598,0.186857729056174
23815,0.104067925247997,0.110506259262331,0.363779080659944,0.421646734829728
23816,0.385501774065658,0.267105056702715,0.152048136770004,0.195345032461623
23817,0.246183800531197,0.160650247705059,0.317412238192611,0.275753713571133
23818,0.143314628079508,0.155855383073628,0.368256130602979,0.332573858243885
23819,0.113414154525376,0.536844103417096,0.15809830110304,0.191643440954488
23820,0.266105275704533,0.151131849564098,0.342269550536736,0.240493324194633
23821,0.0809417580424015,0.195166958736688,0.16096367855299,0.56292760466792
23822,0.163284965661196,0.279380046937855,0.0924629749442114,0.464872012456738
23823,0.0757446011597643,0.127038350747797,0.401350232812714,0.395866815279724
23824,0.151444403918408,0.502388368634036,0.123767245748623,0.222399981698934
23825,0.436453081347944,0.121166340120782,0.18657968094157,0.255800897589705
23826,0.0862247794053144,0.509722437239438,0.0970472603781227,0.307005522977125
23827,0.354516093521073,0.285878305571584,0.134070659879603,0.22553494102774
23828,0.0468122130452454,0.25710220429647,0.417759529286425,0.27832605337186
23829,0.268734751472782,0.218271043295021,0.180617821342835,0.332376383889362
23830,0.0724885479454326,0.607621164800782,0.135003507714894,0.184886779538892
23831,0.234633128471012,0.188926620547695,0.437119477446418,0.139320773534875
23832,0.148571419512703,0.212138373510683,0.423289606897652,0.216000600078963
23833,0.317907784005726,0.0870060710455506,0.331428870944623,0.263657274004101
23834,0.524978186559621,0.120088225707442,0.222927416530496,0.132006171202441
23835,0.205228307399128,0.342830751133858,0.206615592893053,0.24532534857396
23836,0.394162718755419,0.0538896932648555,0.11894102346457,0.433006564515156
23837,0.0303759745897004,0.0538244444972732,0.211367555007979,0.704432025905047
23838,0.645731186418905,0.119127721987119,0.0904424867195193,0.144698604874457
23839,0.677540139935246,0.0957887817483184,0.110051180224924,0.116619898091511
23840,0.26076389032688,0.0501200623674847,0.571902343512189,0.117213703793447
23841,0.420099137066452,0.0817156548717945,0.193609027858487,0.304576180203266
23842,0.61950347886912,0.0624118870700761,0.0853677320180419,0.232716902042762
23843,0.33994942181561,0.08627714189962,0.309697697755046,0.264075738529724
23844,0.546507227406946,0.0863992953999735,0.0812449259600352,0.285848551233045
23845,0.0654834797563036,0.0528449389463574,0.266659449612903,0.615012131684436
23846,0.451097611853555,0.370166351737242,0.128929178477573,0.0498068579316303
23847,0.18825556612397,0.498460065966062,0.230455630076335,0.0828287378336328
23848,0.0805486366856226,0.174435563682908,0.592874561556034,0.152141238075436
23849,0.322338836665406,0.190829225738323,0.304233464368337,0.182598473227934
23850,0.0994756991891898,0.217060721347816,0.552056763732257,0.131406815730737
23851,0.431436430424707,0.253327153663094,0.244052368387279,0.07118404752492
23852,0.308317526641762,0.301926366750432,0.191019572523223,0.198736534084584
23853,0.122222374092105,0.240851595689091,0.537597443868344,0.0993285863504599
23854,0.503069776729522,0.185580985832001,0.199353944369895,0.111995293068582
23855,0.255480023247089,0.331361148511553,0.112532789022888,0.30062603921847
23856,0.21579578970292,0.492591875855838,0.0966947431262823,0.194917591314961
23857,0.50493019758726,0.359777143866013,0.0706571003977979,0.0646355581489296
23858,0.418048677282397,0.165659349926394,0.257924717320026,0.158367255471183
23859,0.704872791881933,0.0725841067060629,0.102870864239961,0.119672237172043
23860,0.184389317171116,0.375607599117163,0.196199381609486,0.243803702102235
23861,0.226353257020921,0.101376586565052,0.583000902195296,0.0892692542187317
23862,0.123502749678361,0.120682119168432,0.669404079007266,0.0864110521459405
23863,0.300973994515007,0.109627518163974,0.405345811209595,0.184052676111425
23864,0.254201016439569,0.47939205493146,0.0563356950123355,0.210071233616636
23865,0.0832760291553595,0.236573830091251,0.378997653278097,0.301152487475293
23866,0.345196337496475,0.260615014744778,0.186869838509095,0.207318809249652
23867,0.0615658705233847,0.341285872583357,0.126650494790542,0.470497762102716
23868,0.0484269364440493,0.154717872857314,0.477809758546367,0.31904543215227
23869,0.282978538130774,0.0790746559640592,0.227268784900828,0.410678021004339
23870,0.185228432439319,0.0815651771212929,0.571669331634411,0.161537058804977
23871,0.0550904761710846,0.188646206461264,0.525111844365529,0.231151473002123
23872,0.0428361163461814,0.183022750209712,0.566761369245844,0.207379764198262
23873,0.123783550452718,0.29555610236158,0.353358987154897,0.227301360030806
23874,0.466564416027208,0.29899480132847,0.0669267609619583,0.167514021682364
23875,0.0476941041475551,0.53310978183245,0.301564942990765,0.11763117102923
23876,0.255902656623279,0.259971812225225,0.107985612538962,0.376139918612534
23877,0.23256855513634,0.196651502913651,0.0427289482833464,0.528050993666662
23878,0.155226641958922,0.326772364544784,0.0885537957640869,0.429447197732208
23879,0.12923555444516,0.504353976058965,0.207758713798982,0.158651755696893
23880,0.466163809558141,0.256276944532511,0.0794125494923613,0.198146696416987
23881,0.554172399860778,0.0795438549601441,0.225269453677515,0.141014291501563
23882,0.118215416419549,0.665217386336526,0.0531616612723813,0.163405535971544
23883,0.3308112235331,0.088561984494455,0.367872223948109,0.212754568024337
23884,0.241694844702206,0.389830078596354,0.265632431313507,0.102842645387933
23885,0.341142060704567,0.251161298625244,0.0425481888821918,0.365148451787997
23886,0.301896413146343,0.14257593718744,0.254730912171756,0.300796737494461
23887,0.364557713240145,0.205181815793559,0.138227156483898,0.292033314482398
23888,0.266897454074353,0.271711120801457,0.359702031780223,0.101689393343967
23889,0.653738660930487,0.173493200094091,0.0707083515671918,0.102059787408231
23890,0.202187321897942,0.572575269048684,0.0478833694260728,0.177354039627301
23891,0.535802882859672,0.0602552318940785,0.100704819191249,0.303237066055
23892,0.0744602909480753,0.447119210595404,0.115507823366156,0.362912675090364
23893,0.183518925888569,0.425427441053753,0.040962905082624,0.350090727975054
23894,0.151182253517098,0.334379196162142,0.137088505552161,0.377350044768598
23895,0.082936046564089,0.201430876401707,0.606585037782476,0.109048039251728
23896,0.0805212774348507,0.146613495215247,0.498463465966419,0.274401761383483
23897,0.13946003237559,0.285129458521017,0.0780422289491161,0.497368280154277
23898,0.13277223015051,0.583564038414815,0.085828970496691,0.197834760937984
23899,0.186239958370468,0.166325951751312,0.126709235083028,0.520724854795193
23900,0.0862525984733737,0.29637532794532,0.0791252563758684,0.538246817205438
23901,0.182435470118074,0.542769741422661,0.0747465698786811,0.200048218580584
23902,0.0777580032337365,0.433973347701054,0.261809601134049,0.226459047931161
23903,0.309396667952636,0.167695020404953,0.132676851285931,0.39023146035648
23904,0.121493498280979,0.33941617196499,0.240280074921356,0.298810254832675
23905,0.552359272178009,0.068825724348611,0.267387654048676,0.111427349424704
23906,0.650405388497802,0.0559840904239495,0.0849128366654228,0.208697684412826
23907,0.200266932598565,0.166344402858503,0.236419293060898,0.396969371482035
23908,0.142966977661116,0.377045392694793,0.0718149217701769,0.408172707873914
23909,0.219023594576032,0.0860197894618981,0.0623361605000039,0.632620455462066
23910,0.0679021337981588,0.214311384625287,0.450943891013497,0.266842590563058
23911,0.184116138925652,0.0410551641545557,0.135798384416154,0.639030312503638
23912,0.159867733148883,0.128198658582474,0.334961698276112,0.376971909992531
23913,0.0988768129996073,0.119721128636681,0.487714786927241,0.293687271436471
23914,0.029186784651483,0.676846699149823,0.0480226934254713,0.245943822773223
23915,0.648470755462025,0.149642846325352,0.0612718654225419,0.140614532790082
23916,0.0824105823967198,0.157336616305987,0.599784551087801,0.160468250209493
23917,0.0822524776544772,0.446700796722285,0.0996890216452171,0.371357703978021
23918,0.352935187489711,0.0721593328785888,0.0838929174009296,0.491012562230771
23919,0.177002918326702,0.334227358875646,0.0382874355490894,0.450482287248562
23920,0.149296169790841,0.237234781940817,0.298329468356016,0.315139579912327
23921,0.169503406968403,0.13107776567937,0.541178512852383,0.158240314499845
23922,0.134272434370513,0.2590976272511,0.464770928413499,0.141859009964888
23923,0.471469354693845,0.342825122858264,0.0969287986760637,0.0887767237718275
23924,0.203598937100604,0.610015042422418,0.115013650257426,0.0713723702195522
23925,0.244499838622875,0.289512708466176,0.128485714005282,0.337501738905666
23926,0.354826800090812,0.428628016717304,0.132161269351382,0.0843839138405022
23927,0.224024013516965,0.157270379624397,0.34407001548772,0.274635591370918
23928,0.103698035507375,0.319089326050945,0.359017851842962,0.218194786598718
23929,0.0712208535210902,0.453810176061043,0.11670327095802,0.358265699459847
23930,0.117876087727187,0.27404290986768,0.200299521058469,0.407781481346663
23931,0.128971592523194,0.6885302113328,0.102844807951196,0.0796533881928107
23932,0.325341509072338,0.384103842372978,0.0787339690651482,0.211820679489536
23933,0.0899488122782082,0.597349998207722,0.199308885853687,0.113392303660383
23934,0.0615291391851116,0.655578760942933,0.189011517816943,0.0938805820550118
23935,0.277754474530117,0.150916664199795,0.205873120360674,0.365455740909415
23936,0.466895054862414,0.132778603791521,0.157472218762175,0.242854122583891
23937,0.103479614847244,0.183025188853524,0.480415627758386,0.233079568540846
23938,0.479174725957032,0.133060891990206,0.0560279347861592,0.331736447266603
23939,0.282136829100793,0.141652195250198,0.388993387894405,0.187217587754604
23940,0.273767931977283,0.0773153727104838,0.185741561795235,0.463175133516998
23941,0.139667635320782,0.20696633118931,0.50902480467174,0.144341228818168
23942,0.545720429511889,0.127444155605945,0.2205939685498,0.106241446332366
23943,0.166983755810622,0.479796675991479,0.20328984109411,0.14992972710379
23944,0.376955023847647,0.124024580388802,0.398669833717117,0.100350562046434
23945,0.10181191046115,0.171611172317831,0.507375356148187,0.219201561072832
23946,0.260399381054602,0.550091107769041,0.0883597894585128,0.101149721717844
23947,0.136353681506522,0.399726153752715,0.26346680489898,0.200453359841782
23948,0.218082490411883,0.161918724075907,0.421169862495939,0.198828923016271
23949,0.162955929401259,0.314280166530806,0.101976860408896,0.42078704365904
23950,0.0734702998332563,0.585381314282324,0.248377638167628,0.0927707477167912
23951,0.480427245628028,0.124643258536017,0.224727568825346,0.17020192701061
23952,0.264919261163977,0.195736192538313,0.339403348989561,0.199941197308149
23953,0.591535339959171,0.1136447592636,0.0940293540393118,0.200790546737917
23954,0.444877693468222,0.13604866657811,0.288372454543645,0.130701185410023
23955,0.100157960047568,0.282085130670243,0.188601144582266,0.429155764699923
23956,0.176910777324077,0.271063517697506,0.384271541944349,0.167754163034068
23957,0.0912702983986109,0.44835037074355,0.0865200891593372,0.373859241698502
23958,0.16972853020086,0.537200701932657,0.0681221908361686,0.224948577030314
23959,0.308197595737466,0.182793143892434,0.219002730736884,0.290006529633216
23960,0.197515121529748,0.164897573891659,0.300378374189201,0.337208930389392
23961,0.646075232287261,0.212229880660062,0.0467179892218938,0.0949768978307832
23962,0.0729298174420228,0.445349227796446,0.252703746719125,0.229017208042406
23963,0.212390294764276,0.395618647549722,0.11110859663326,0.280882461052742
23964,0.0674140952443043,0.493054904797389,0.287291499579015,0.152239500379292
23965,0.169418955680635,0.131016143197791,0.510188524362791,0.189376376758783
23966,0.143215653313775,0.0690692258736197,0.480729842058206,0.306985278754399
23967,0.482050534483204,0.109338376176926,0.0966558598097583,0.311955229530112
23968,0.325883572117444,0.222175649723004,0.191967445416003,0.25997333274355
23969,0.484530427337352,0.0817612530131753,0.0909755362103644,0.342732783439109
23970,0.748848617109098,0.0807644546503127,0.0723743761761177,0.0980125520644714
23971,0.100228243097431,0.204018280289788,0.5581455938168,0.137607882795981
23972,0.480184494009264,0.130803580074107,0.248895449259931,0.140116476656699
23973,0.292142631494438,0.310286153235805,0.125404924999587,0.272166290270171
23974,0.061768227666245,0.0956315954984095,0.651264111093484,0.191336065741862
23975,0.225963576092322,0.610348256222873,0.0629646197576307,0.100723547927175
23976,0.187177582951014,0.320446253875401,0.231470878806174,0.26090528436741
23977,0.0839017680902203,0.215984093168368,0.567784103532787,0.132330035208626
23978,0.110434113171062,0.0799242979536617,0.134065336979671,0.675576251895605
23979,0.368890684261927,0.163667737514168,0.129746791929429,0.337694786294476
23980,0.127736557175246,0.527915507224465,0.102424370040235,0.241923565560054
23981,0.112977356893989,0.264030317870696,0.479179689374909,0.143812635860406
23982,0.206238950216579,0.0921236395918339,0.552984176937737,0.14865323325385
23983,0.209788775678507,0.259415952974196,0.181885917130923,0.348909354216374
23984,0.237185017746396,0.397722342498301,0.121945827881771,0.243146811873532
23985,0.207835703530526,0.122189068743955,0.15015980251006,0.519815425215459
23986,0.398533402524299,0.33927464893017,0.120202467643946,0.141989480901585
23987,0.276069276755417,0.307539251949288,0.095000326130125,0.32139114516517
23988,0.281333667125737,0.33850983419077,0.262304096677354,0.117852402006138
23989,0.131816581262687,0.179541835177471,0.46069055958116,0.227951023978683
23990,0.142237982501958,0.419662169559409,0.172593339494351,0.265506508444282
23991,0.0492509485273342,0.157358972709168,0.334112091257866,0.459277987505632
23992,0.108977129753647,0.513458065899378,0.156862890097798,0.220701914249177
23993,0.136398898651092,0.202684889651231,0.432144294245176,0.2287719174525
23994,0.10015540162226,0.328303710073663,0.207576046880287,0.36396484142379
23995,0.0409262990547339,0.229148154840393,0.420977100182131,0.308948445922742
23996,0.0998464373274218,0.182444213330128,0.595861616236399,0.12184773310605
23997,0.262385758737835,0.176683370684267,0.30451969974043,0.256411170837468
23998,0.224078967292077,0.231832870275485,0.339644258385679,0.204443904046758
23999,0.344003793054699,0.302039814743121,0.231406367974068,0.122550024228112
24000,0.317698025207709,0.384415706477815,0.156986399291717,0.14089986902276
24001,0.428049084766073,0.346409401394922,0.138962362730373,0.0865791511086321
24002,0.372778562243825,0.359032668637975,0.0815303765315378,0.186658392586662
24003,0.259751858817117,0.483903769151578,0.071261026401261,0.185083345630044
24004,0.271837432399826,0.172149148980154,0.352708225705455,0.203305192914566
24005,0.159495069466103,0.588579161146889,0.120495677945141,0.131430091441868
24006,0.167764876730292,0.300010812256879,0.420718993328987,0.111505317683842
24007,0.195862525751784,0.367388110556995,0.164782396685633,0.271966967005589
24008,0.0761112473526058,0.696829121157908,0.0915756433246578,0.135483988164829
24009,0.393954580921136,0.0982400628991795,0.262803093664281,0.245002262515403
24010,0.598887952579847,0.155938539150738,0.166462091942388,0.0787114163270274
24011,0.0798529019912562,0.673807869641954,0.125711280345259,0.120627948021532
24012,0.110322507625445,0.128817173374877,0.535729038026887,0.22513128097279
24013,0.0874021638418488,0.165849590881322,0.510328748718447,0.236419496558382
24014,0.150979917211138,0.17509706400979,0.551527171681701,0.122395847097371
24015,0.0670316357957468,0.508036593143023,0.203779023481697,0.221152747579533
24016,0.215848720076083,0.441927848427361,0.0882192043996371,0.254004227096919
24017,0.424880753190123,0.330240983049261,0.156482553720425,0.0883957100401908
24018,0.45605247088433,0.120437807304965,0.0680965770287748,0.355413144781931
24019,0.165245093829043,0.319476070313128,0.310559054145521,0.204719781712308
24020,0.0723204126954945,0.488067739978912,0.210700396065577,0.228911451260017
24021,0.0836412108046316,0.0759585966833876,0.655652939034909,0.184747253477071
24022,0.42225883120292,0.254699738119963,0.0653498335630789,0.257691597114039
24023,0.178335984328625,0.436839052209811,0.17977167548882,0.205053287972745
24024,0.290663375550609,0.480460434495611,0.060574889887147,0.168301300066633
24025,0.626741059932825,0.111921684566908,0.134389105341084,0.126948150159183
24026,0.142348007719352,0.608011743204786,0.101689280019858,0.147950969056004
24027,0.112416979938065,0.0376642551868619,0.313588330763986,0.536330434111087
24028,0.307466960136089,0.432605539225639,0.0172019377020457,0.242725562936226
24029,0.100865868791233,0.0587594114126168,0.18900074709882,0.65137397269733
24030,0.038896691725504,0.529755548548687,0.210344504765442,0.221003254960366
24031,0.0231642471000097,0.278121795755688,0.241349715857951,0.457364241286351
24032,0.124693198957187,0.0902950795672195,0.21135630859882,0.573655412876773
24033,0.734458446699441,0.0616358440938458,0.074295304271606,0.129610404935107
24034,0.226289884734018,0.0802349148340142,0.0260051071261899,0.667470093305778
24035,0.0377278405994489,0.509543049750503,0.110587519754416,0.342141589895632
24036,0.326317916596858,0.132265221076589,0.434467350747337,0.106949511579216
24037,0.242931875640121,0.514156126906859,0.128318910834559,0.114593086618462
24038,0.209234577910739,0.118564729515299,0.413554399463836,0.258646293110127
24039,0.390497674165305,0.363566889994753,0.0558345335662248,0.190100902273718
24040,0.0951282076841648,0.187234875321683,0.57236043859992,0.145276478394233
24041,0.232159070805022,0.374334865712939,0.133682094887237,0.259823968594803
24042,0.0815708029247363,0.369764322779771,0.37779921957469,0.170865654720803
24043,0.307699027527217,0.306528367686301,0.106289342580432,0.27948326220605
24044,0.278827955541233,0.370552800853445,0.203825014374934,0.146794229230388
24045,0.429365104987047,0.0916003278242843,0.187441591384893,0.291592975803776
24046,0.137720459473887,0.479526984663246,0.278083389535857,0.104669166327009
24047,0.332912217610688,0.0533896826881068,0.5296706808965,0.0840274188047057
24048,0.11356738293022,0.217467461805359,0.531705648016492,0.13725950724793
24049,0.492645393004124,0.171028281573431,0.192565287686127,0.143761037736319
24050,0.106717239373223,0.104397991640958,0.254270066823699,0.53461470216212
24051,0.114148347742037,0.431835658303556,0.0834647997605152,0.370551194193893
24052,0.666839321716899,0.115192087243678,0.117631145668424,0.100337445370999
24053,0.397908519983297,0.0749497887537827,0.315917552056558,0.211224139206363
24054,0.373843591841021,0.12626829617555,0.103337927214837,0.396550184768592
24055,0.304210011388623,0.323510226570766,0.18786485986416,0.184414902176451
24056,0.256301957172916,0.418197580299337,0.146858073663514,0.178642388864233
24057,0.209881304688678,0.15485494893717,0.280440423272995,0.354823323101158
24058,0.0710139659616591,0.292435373948634,0.332895024038422,0.303655636051285
24059,0.284369479227172,0.420885635497583,0.0697598005532551,0.224985084721989
24060,0.413411695326157,0.154380066659659,0.0781980683231122,0.354010169691072
24061,0.120084566810972,0.410279637619457,0.223941261790694,0.245694533778877
24062,0.317641962302885,0.153083677076438,0.313387623238533,0.215886737382144
24063,0.105343030076562,0.539100017422404,0.26255084334657,0.0930061091544647
24064,0.47944998288348,0.143378783028512,0.200307545367208,0.1768636887208
24065,0.132816262633653,0.172776552397038,0.55061559545264,0.14379158951667
24066,0.367055192784089,0.348892829204465,0.0800453105571619,0.204006667454284
24067,0.203062742943105,0.353107785205337,0.118407660675343,0.325421811176215
24068,0.575396659637843,0.136200918374469,0.151758500048518,0.13664392193917
24069,0.246319704539062,0.117660988080604,0.114011076965163,0.522008230415171
24070,0.525751907223415,0.215092751914226,0.122509599754328,0.13664574110803
24071,0.0935653720590153,0.0694643706965198,0.328878838681613,0.508091418562852
24072,0.0668572159101703,0.297126921281404,0.0876962484453948,0.548319614363031
24073,0.329014486397878,0.140320166177589,0.204078457270441,0.326586890154092
24074,0.416585881703878,0.160616065451512,0.133389707222345,0.289408345622265
24075,0.289479359772525,0.118120806499384,0.248886249533291,0.3435135841948
24076,0.10728074113807,0.42969120808044,0.187403826298597,0.275624224482893
24077,0.405381854926448,0.281578640121865,0.116186521364893,0.196852983586794
24078,0.318191336327641,0.218114070481056,0.123934576202187,0.339760016989117
24079,0.304643281603259,0.231138222750175,0.0504113990243302,0.413807096622236
24080,0.447921456366958,0.118386114104176,0.0763493271725581,0.357343102356308
24081,0.126871727972149,0.160703031931645,0.151478618173299,0.560946621922907
24082,0.220167452973046,0.329265457452431,0.290639499374142,0.159927590200381
24083,0.326751869594309,0.229636478642156,0.0320241059700251,0.41158754579351
24084,0.396098782892285,0.329626195989733,0.0799463305595589,0.194328690558424
24085,0.361089227503142,0.0689307310033347,0.0337538822468169,0.536226159246707
24086,0.245307970765097,0.214319537982033,0.176992533277999,0.363379957974872
24087,0.192179613521932,0.304314441152637,0.122829030270158,0.380676915055274
24088,0.0563821390822944,0.0495053369556013,0.608955076279564,0.28515744768254
24089,0.188932978359101,0.439540871680858,0.0505924259460066,0.320933724014035
24090,0.0622826968089383,0.0578244485649995,0.310456349484415,0.569436505141647
24091,0.18744310219356,0.155205829396893,0.4643556868528,0.192995381556746
24092,0.345433689228037,0.0586118832989645,0.0765227539067729,0.519431673566225
24093,0.263346354797977,0.338234102197238,0.269413004537234,0.12900653846755
24094,0.178941051085783,0.567166747286538,0.194204528573821,0.0596876730538574
24095,0.307631118203998,0.140775996472489,0.405066319281222,0.146526566042291
24096,0.205083167634536,0.447013694541379,0.175209739471112,0.172693398352974
24097,0.161568600406825,0.247626166901196,0.48064005486804,0.110165177823939
24098,0.49217493657843,0.214799518031882,0.14941326032643,0.143612285063258
24099,0.171573897218348,0.446835326743469,0.184505027094106,0.197085748944078
24100,0.363831885471462,0.411621897378747,0.0917312320521349,0.132814985097656
24101,0.236884070285317,0.330936412662349,0.163938641342575,0.268240875709759
24102,0.319054697232978,0.243247977630161,0.283891980894669,0.153805344242192
24103,0.221113880926296,0.469972115232581,0.188082223579191,0.120831780261932
24104,0.501546445641408,0.128687700783927,0.159338397062273,0.210427456512392
24105,0.441747935259236,0.164850691078614,0.245676133787493,0.147725239874657
24106,0.083909291415712,0.672067874766904,0.151647659817074,0.0923751740003104
24107,0.217508353174007,0.165944171025632,0.318330117545197,0.298217358255164
24108,0.245127674020023,0.143791700215423,0.421190441701867,0.189890184062687
24109,0.320137184432897,0.328186072763882,0.138611364355662,0.213065378447559
24110,0.308830143805603,0.28001795095156,0.176698912715408,0.23445299252743
24111,0.129837900282871,0.29639873962837,0.109624255935716,0.464139104153042
24112,0.267937298298729,0.123673722699369,0.16356289209943,0.444826086902472
24113,0.137072713584966,0.528963382038413,0.204659506740349,0.129304397636272
24114,0.174880252344456,0.155663375339895,0.366629363814279,0.30282700850137
24115,0.0610968943168012,0.577388828638291,0.241340703682375,0.120173573362532
24116,0.233353068160789,0.0954472946172235,0.527122599352787,0.1440770378692
24117,0.510832221482433,0.203786066863783,0.0964480077299804,0.188933703923803
24118,0.0978176630484502,0.243577223797473,0.409487257555192,0.249117855598885
24119,0.165887786611109,0.59889756590523,0.0775779157289349,0.157636731754726
24120,0.104550864023743,0.598172200855108,0.125017362930916,0.172259572190233
24121,0.627466782409566,0.110456778899569,0.127412549144393,0.134663889546473
24122,0.0630124809401451,0.213915872879999,0.55259684949657,0.170474796683286
24123,0.12241075361273,0.108847594310414,0.173210149580267,0.59553150249659
24124,0.166530065733368,0.512058486002751,0.121259879849853,0.200151568414029
24125,0.0503718912833774,0.0585128696731202,0.650217586090783,0.24089765295272
24126,0.0834328936973216,0.426421878061613,0.261708637520602,0.228436590720464
24127,0.311651274648726,0.288526559151097,0.173346452975262,0.226475713224915
24128,0.32439630783346,0.0836930623660239,0.0380292054811798,0.553881424319336
24129,0.291214382292755,0.192245610406548,0.136243162617255,0.380296844683443
24130,0.287870439715014,0.223694368821005,0.0336781057403583,0.454757085723622
24131,0.127832613090369,0.380299871011701,0.31777794450605,0.174089571391881
24132,0.208495196154569,0.585503571711372,0.076024989483934,0.129976242650126
24133,0.251448295511367,0.272757610529191,0.313265307306713,0.162528786652729
24134,0.369524484983979,0.319422017485774,0.227828898904888,0.08322459862536
24135,0.182581412191542,0.132642837198839,0.497244744387992,0.187531006221628
24136,0.214275037156284,0.189493426406555,0.436236722612094,0.159994813825067
24137,0.103642440480282,0.744796217539015,0.0693874003312636,0.0821739416494392
24138,0.560153218068987,0.137852436306912,0.097753865717719,0.204240479906382
24139,0.346658621453473,0.128948750362071,0.427325015422778,0.097067612761679
24140,0.431527360572117,0.261723384316847,0.179903602797111,0.126845652313925
24141,0.112921054788805,0.527292161958499,0.104118216662651,0.255668566590045
24142,0.142953333084991,0.235864168604364,0.406186315847458,0.214996182463187
24143,0.273535533838457,0.342074689779206,0.291758470978653,0.0926313054036833
24144,0.28321664830794,0.275930129185838,0.116411355626899,0.324441866879323
24145,0.114573008619721,0.415126614266688,0.330816435225245,0.139483941888346
24146,0.0557486933517501,0.191626143311782,0.496675200876339,0.255949962460129
24147,0.216061920901113,0.391650406404057,0.232426127122448,0.159861545572381
24148,0.28264862364653,0.429683908354952,0.118831842096791,0.168835625901728
24149,0.087046489214944,0.209987908324317,0.549714095261812,0.153251507198927
24150,0.369930112681715,0.251560562967032,0.178672886132092,0.199836438219162
24151,0.189159316255697,0.302180184281952,0.342718265470164,0.165942233992187
24152,0.0877785189316938,0.468478399306058,0.268120725168181,0.175622356594068
24153,0.15965823731073,0.207063712553846,0.43602996927041,0.197248080865013
24154,0.185752953116795,0.213004331365151,0.439397311331013,0.161845404187041
24155,0.0799441063517433,0.272838780611667,0.441577485082236,0.205639627954354
24156,0.0721336851269542,0.302576375389216,0.381789198762757,0.243500740721073
24157,0.143683485408216,0.296877586533013,0.152375416784397,0.407063511274374
24158,0.567786891656774,0.124920328109518,0.220355565975901,0.0869372142578068
24159,0.169860512931583,0.270647588698964,0.234583346369776,0.324908551999677
24160,0.360646548114352,0.176644791709821,0.13308127875747,0.329627381418358
24161,0.172052433050614,0.483998830176168,0.208609584389624,0.135339152383594
24162,0.421662979435151,0.223690107986109,0.0615129857986657,0.293133926780075
24163,0.189283114894484,0.34584276111723,0.269128560548602,0.195745563439684
24164,0.237949453399357,0.453420166714892,0.20933642173958,0.0992939581461713
24165,0.097368398752197,0.25602876660582,0.122646152747537,0.523956681894445
24166,0.0760757839450714,0.194486833634028,0.337343107009212,0.392094275411689
24167,0.0776817133302053,0.396491903611631,0.377660370311029,0.148166012747135
24168,0.508732121040722,0.0591865157885995,0.14395767831572,0.288123684854959
24169,0.27605250348824,0.28828494385073,0.315830657350026,0.119831895311005
24170,0.207499196732693,0.173606880394604,0.546199264854085,0.072694658018619
24171,0.168585637490058,0.411430580051665,0.347937296805407,0.07204648565287
24172,0.273726672519525,0.245629299560131,0.344858143437308,0.135785884483036
24173,0.165767956298882,0.423598064986345,0.250271041450967,0.160362937263805
24174,0.11936992123461,0.64186809132816,0.17469424649243,0.0640677409447996
24175,0.329849264634584,0.300603653134464,0.238989960736713,0.130557121494239
24176,0.194037529505875,0.180422818125039,0.451171775230011,0.174367877139075
24177,0.498086591205755,0.262471948925411,0.142588598325627,0.0968528615432075
24178,0.317388144221772,0.14680580334563,0.224086741175131,0.311719311257467
24179,0.150385989888461,0.454269750304824,0.326584468544187,0.0687597912625283
24180,0.368775457852952,0.133748749866307,0.16468009483807,0.332795697442671
24181,0.111127017612618,0.438444657665826,0.213653183961806,0.23677514075975
24182,0.191782464754171,0.279310443541643,0.441229991112229,0.0876771005919563
24183,0.405421150417724,0.311162644774453,0.210988973827107,0.072427230980717
24184,0.208285095381265,0.514241477993965,0.209766224253067,0.067707202371703
24185,0.152111521151391,0.387706864934503,0.323345201284357,0.13683641262975
24186,0.138174435650911,0.433635988574027,0.197976163267939,0.230213412507122
24187,0.425253587260465,0.226481139145254,0.168843677464734,0.179421596129547
24188,0.17623535691482,0.390034699378053,0.331000477441687,0.10272946626544
24189,0.151204562460581,0.270522314350939,0.459646314336577,0.118626808851903
24190,0.18512601701145,0.250657978812929,0.46458452862333,0.0996314755522918
24191,0.191798786893315,0.325663748929034,0.413439100274474,0.0690983639031773
24192,0.27210091710529,0.317572434350612,0.312480971002053,0.0978456775420452
24193,0.340677976679175,0.220294870193431,0.367596653374191,0.0714304997532037
24194,0.215329469009549,0.488829517595293,0.142217682516985,0.153623330878173
24195,0.366740766502296,0.17536629769983,0.31380872844207,0.144084207355804
24196,0.620745279940286,0.155015502871421,0.159501897556064,0.0647373196322292
24197,0.115016182945725,0.412613652427705,0.226057185035919,0.246312979590652
24198,0.504327210285017,0.200097350715298,0.216594665802326,0.0789807731973582
24199,0.273394606695628,0.411087330991781,0.194082280650368,0.121435781662223
24200,0.487268133751304,0.146495754369662,0.210046831780538,0.156189280098495
24201,0.489219634211522,0.251062100345387,0.20170693357792,0.0580113318651714
24202,0.197614346390303,0.186143330005596,0.533970011476055,0.0822723121280463
24203,0.43942542711637,0.334909781907084,0.151221402444784,0.0744433885317621
24204,0.143506512011602,0.55999181423619,0.20122995940052,0.0952717143516877
24205,0.36790673275933,0.353856992883968,0.171178784129111,0.107057490227592
24206,0.162989548583719,0.246263956529969,0.520690497516952,0.0700559973693605
24207,0.502274233816935,0.0747833292858974,0.17108955992877,0.251852876968398
24208,0.192219498869708,0.430736098325704,0.101261040983036,0.275783361821551
24209,0.115322899135661,0.281471143983654,0.338624860872903,0.264581096007782
24210,0.181957710965076,0.0811091075645528,0.305042193021839,0.431890988448533
24211,0.048448486747874,0.088564118335162,0.323266715374116,0.539720679542848
24212,0.32782590569616,0.0521014369698612,0.0982979521845093,0.52177470514947
24213,0.0441086786449151,0.160379679966704,0.582767181237851,0.21274446015053
24214,0.14057165912142,0.040480119042748,0.292934417212503,0.52601380462333
24215,0.096758669885556,0.0973940580998509,0.509556599529987,0.296290672484606
24216,0.123840587618791,0.1387597466529,0.269137895198074,0.468261770530235
24217,0.112817792684555,0.398993532337231,0.0401924344658124,0.447996240512402
24218,0.0974488397436629,0.0349441918370941,0.312904183725768,0.554702784693475
24219,0.28584256271046,0.0823322370792364,0.26905073337505,0.362774466835254
24220,0.208540983330124,0.225940880611412,0.101677818838966,0.463840317219499
24221,0.261830834381958,0.463677585279289,0.113992998798335,0.160498581540419
24222,0.594954214811098,0.113036237380809,0.11648979851584,0.175519749292253
24223,0.372560295736193,0.0809965350146035,0.069942600960323,0.476500568288881
24224,0.0856483486369969,0.076030522343748,0.346331274806226,0.491989854213029
24225,0.22748767838909,0.220723355914878,0.0958575576286054,0.455931408067427
24226,0.339454982758297,0.192214162673812,0.297574495500947,0.170756359066944
24227,0.281942386521804,0.307264225710381,0.273148963819033,0.137644423948781
24228,0.262963091252335,0.336210412999846,0.186069394330277,0.214757101417542
24229,0.21792447982553,0.402439291490179,0.248360517122498,0.131275711561794
24230,0.152510146090403,0.426535598982199,0.195530996245683,0.225423258681715
24231,0.27872785222744,0.257417840910347,0.244707277823722,0.219147029038491
24232,0.226014717715754,0.37710470900406,0.213808879797576,0.183071693482611
24233,0.290262649301761,0.307111186582052,0.172456482720091,0.230169681396096
24234,0.335503244770223,0.23501218739235,0.29454553927811,0.134939028559318
24235,0.448479901717372,0.235624749024196,0.191855026763923,0.12404032249451
24236,0.229897318661922,0.227539241663224,0.447040314087649,0.0955231255872042
24237,0.45560972988048,0.0953151651199389,0.245380635077334,0.203694469922248
24238,0.0914844799383079,0.292242921656771,0.39809466848118,0.218177929923741
24239,0.25896475069829,0.337402174580231,0.229023205393247,0.174609869328231
24240,0.175962683906231,0.407985595047383,0.212196465633432,0.203855255412954
24241,0.100727218219676,0.237505456285967,0.252408216806454,0.409359108687904
24242,0.278082825911943,0.250218154479932,0.324077473062836,0.14762154654529
24243,0.219613690052908,0.411212966956522,0.189203039727144,0.179970303263427
24244,0.318360009011149,0.233366277446171,0.278118195184689,0.170155518357992
24245,0.242939304405559,0.329867285654099,0.349715951033945,0.0774774589063972
24246,0.176217408349179,0.373624672715132,0.322613551362229,0.12754436757346
24247,0.267795296626823,0.257398180418853,0.38622374021522,0.0885827827391046
24248,0.330023300051311,0.120651443991112,0.297063290162092,0.252261965795486
24249,0.324178885827492,0.33685373468141,0.201384410199747,0.137582969291351
24250,0.198387099602101,0.326406927500684,0.195047117495182,0.280158855402033
24251,0.20933463129196,0.356015120239031,0.227608380161555,0.207041868307455
24252,0.165434123627034,0.390233178285659,0.148889690108828,0.295443007978479
24253,0.157765298207043,0.280881945087394,0.420352583876902,0.141000172828661
24254,0.177094026001249,0.260906128157511,0.373680845300842,0.188319000540399
24255,0.111688139988149,0.358901855525757,0.291055268038305,0.23835473644779
24256,0.203594058252412,0.251824321659205,0.184399206756849,0.360182413331534
24257,0.256485637045799,0.264619001537814,0.306255492612621,0.172639868803766
24258,0.279988038754391,0.40688191518431,0.0964735283265465,0.216656517734752
24259,0.15955966904141,0.253312957521847,0.228367248751509,0.358760124685234
24260,0.176405548403052,0.375606345500078,0.256538490508434,0.191449615588436
24261,0.333030506714273,0.126803509690099,0.183870345987822,0.356295637607806
24262,0.377489795827383,0.202916342007543,0.253886860703679,0.165707001461395
24263,0.302968339288078,0.203906715558709,0.248655237680764,0.244469707472449
24264,0.291006373294988,0.401147345961691,0.221704695169657,0.0861415855736641
24265,0.423485025496493,0.375983503902056,0.105705797536387,0.0948256730650636
24266,0.18683669464127,0.21447416261705,0.379640097904899,0.219049044836781
24267,0.357766841457419,0.381777364092993,0.155693353216112,0.104762441233476
24268,0.351369451926464,0.196443052217035,0.319788098755631,0.13239939710087
24269,0.164344436299766,0.51246006588443,0.199792962602316,0.123402535213488
24270,0.284046778203946,0.404678107968527,0.207041521700638,0.10423359212689
24271,0.204515983832081,0.414227510410374,0.248559289821155,0.13269721593639
24272,0.167500778405981,0.441734788731947,0.249509806935944,0.141254625926128
24273,0.428829298539016,0.262768815130317,0.170312532575556,0.138089353755111
24274,0.287207262459704,0.118328351981206,0.452672394618203,0.141791990940887
24275,0.178595312053593,0.285446492363214,0.341335917154293,0.1946222784289
24276,0.590578802063841,0.166183699196868,0.15131083248654,0.0919266662527513
24277,0.258466782225462,0.464006667741225,0.197657912387645,0.0798686376456677
24278,0.246412934286239,0.457599533529238,0.119561673311966,0.176425858872558
24279,0.454496210628595,0.199343199097278,0.172534598465272,0.173625991808855
24280,0.212187230067589,0.185831937372482,0.482278595548717,0.119702237011213
24281,0.618208618960025,0.21513566840885,0.0801375849238995,0.0865181277072253
24282,0.249537556117877,0.281147424779224,0.183988577480578,0.285326441622322
24283,0.185488173350909,0.420609381552162,0.126208214322806,0.267694230774123
24284,0.145805101225945,0.180917161085399,0.563615028835588,0.109662708853069
24285,0.0448110229938977,0.534346988920973,0.138448407816494,0.282393580268636
24286,0.127922248400574,0.0957639203613023,0.602425529236161,0.173888302001963
24287,0.182941832981322,0.483219332665933,0.0463328223972017,0.287506011955543
24288,0.0885872146463827,0.624666253698512,0.170059650794919,0.116686880860186
24289,0.0744022373207844,0.498563862711647,0.278781483540889,0.148252416426679
24290,0.118159577309907,0.347565747363454,0.126960971994091,0.407313703332549
24291,0.279164219462295,0.131865024458634,0.26391300059926,0.325057755479812
24292,0.103956310759038,0.102358704474392,0.402724221121216,0.390960763645353
24293,0.387368784391849,0.286629405961299,0.225665129772771,0.100336679874082
24294,0.144843391677919,0.544899366352145,0.0711774276405532,0.239079814329382
24295,0.104060091022779,0.312507810884268,0.231979290675723,0.35145280741723
24296,0.256399180694148,0.278239724644869,0.0692860696331477,0.396075025027835
24297,0.364535287988892,0.119649488172487,0.0881655754074453,0.427649648431176
24298,0.270674854658202,0.382601107963627,0.133848875683894,0.212875161694277
24299,0.209715499799063,0.107735686546795,0.0920894781952705,0.590459335458871
24300,0.248202909528955,0.158584176451258,0.143902621168463,0.449310292851324
24301,0.144783021828394,0.0670949305984154,0.20657196681932,0.58155008075387
24302,0.537860126427189,0.187643712606768,0.172548769534705,0.101947391431338
24303,0.429609395400025,0.195104320847973,0.0571642345341242,0.318122049217878
24304,0.114853139932009,0.0886354666411269,0.350411604685642,0.446099788741222
24305,0.2416408782187,0.447031343838773,0.0936026372205021,0.217725140722026
24306,0.259236292281043,0.0684479902087133,0.150250479357834,0.52206523815241
24307,0.602208344543513,0.156564262808861,0.114769261039016,0.12645813160861
24308,0.319321542071683,0.06570162159891,0.299917853221145,0.315058983108262
24309,0.0435404252526121,0.234743439920837,0.4368265831873,0.28488955163925
24310,0.148393489319442,0.484267766696597,0.188641410651143,0.178697333332819
24311,0.123651084187168,0.237992763596329,0.246257734121485,0.392098418095018
24312,0.316154974917744,0.103948345583323,0.120007402174071,0.459889277324862
24313,0.431037666750151,0.191624727462285,0.0570788057495394,0.320258800038024
24314,0.0417830061928491,0.680700667342469,0.0538975623328764,0.223618764131805
24315,0.22270017497442,0.472381205980631,0.161028328831699,0.14389029021325
24316,0.506868805068325,0.0886210769143656,0.0648195585614288,0.33969055945588
24317,0.150108135815077,0.524341110223138,0.0757212999287446,0.249829454033041
24318,0.0885025252611489,0.0872344686560026,0.597572143580143,0.226690862502706
24319,0.49231293225552,0.135481907249816,0.286008054292003,0.0861971062026605
24320,0.0562390680677807,0.13933159772267,0.245220599391045,0.559208734818505
24321,0.53017254986624,0.169384960797038,0.079395252985518,0.221047236351204
24322,0.484098098242199,0.198873461758913,0.094856285407579,0.222172154591309
24323,0.106961754811504,0.0621309921856083,0.636281224400944,0.194626028601944
24324,0.161585428905384,0.0900380784402364,0.40170155538745,0.34667493726693
24325,0.343875126727989,0.161705643238832,0.0779131977234264,0.416506032309753
24326,0.0872803502661628,0.126280168235334,0.401964538860164,0.384474942638339
24327,0.124321448748401,0.288980240295152,0.172137207821568,0.414561103134879
24328,0.0571266756750498,0.0566105785630928,0.516341852058755,0.369920893703103
24329,0.19044727777934,0.525335096347624,0.0418017701669102,0.242415855706127
24330,0.581770665946315,0.0640001429602521,0.196283317468265,0.157945873625168
24331,0.0767809635466994,0.0979636856557618,0.328682093734933,0.496573257062606
24332,0.464332630547264,0.107803690947827,0.232689650637164,0.195174027867745
24333,0.406846277780136,0.186132773280808,0.111819244709943,0.295201704229113
24334,0.311506102568813,0.213175773169691,0.128240452933687,0.347077671327809
24335,0.0570296392813661,0.518713810627073,0.0378966200029277,0.386359930088634
24336,0.0863682141667775,0.235206014108214,0.150622422048899,0.52780334967611
24337,0.580783234788948,0.0558224872751365,0.219429196500987,0.143965081434928
24338,0.591472424034612,0.0366650702067485,0.141421043987696,0.230441461770944
24339,0.407084107606715,0.340505430861177,0.0528824480440462,0.199528013488062
24340,0.219434458324079,0.362100588339436,0.030825847237509,0.387639106098975
24341,0.57402518675385,0.0596058927709907,0.174827387509051,0.191541532966108
24342,0.636102797873912,0.130649407025969,0.0736313336633867,0.159616461436732
24343,0.0553705471263375,0.3805864772682,0.0715875190567132,0.492455456548749
24344,0.0377791252355391,0.0996877228170057,0.535531562228241,0.327001589719215
24345,0.0516282674572929,0.0211617234518562,0.511345776489124,0.415864232601727
24346,0.228531222833314,0.0518176416646249,0.453578549091237,0.266072586410824
24347,0.0647611890813555,0.540318920668504,0.0990052309518989,0.295914659298242
24348,0.719217845192484,0.0194669070340859,0.107940122812871,0.153375124960559
24349,0.499346251651377,0.0872865780910016,0.0481450640527881,0.365222106204834
24350,0.025463677684718,0.213699151816035,0.547157507390129,0.213679663109117
24351,0.529322077466822,0.0489471104309326,0.0368643631418444,0.384866448960401
24352,0.0142644947098599,0.539939562575546,0.0743944586418694,0.371401484072725
24353,0.246394249246414,0.0725449345982646,0.197642854970411,0.483417961184911
24354,0.0371887917060036,0.40724018453248,0.100050888851213,0.455520134910303
24355,0.289226627958905,0.0505481603460503,0.325528535401265,0.33469667629378
24356,0.0382773270361414,0.117014259375627,0.0201601732010738,0.824548240387158
24357,0.581072366445232,0.17933526205362,0.0183199576272491,0.2212724138739
24358,0.473750187538288,0.0493295502173701,0.026392971538297,0.450527290706045
24359,0.159721311815649,0.605397581720976,0.0636561868253416,0.171224919638033
24360,0.097360079840647,0.32908533696657,0.271163709149034,0.30239087404375
24361,0.242840425828207,0.317897422762362,0.0718613948136116,0.367400756595819
24362,0.503682870179799,0.106926465248631,0.245046171102414,0.144344493469156
24363,0.0761736166514744,0.166674432306934,0.512687864626576,0.244464086415015
24364,0.0786577849242082,0.6673272947567,0.0952512316985529,0.158763688620539
24365,0.370028894907273,0.11976442671016,0.150724596143444,0.359482082239122
24366,0.110499594350811,0.344939413171349,0.200835114380911,0.343725878096928
24367,0.184294255877844,0.17250207863088,0.0867502660489869,0.556453399442289
24368,0.0817683929876078,0.257148768821506,0.409407301628519,0.251675536562367
24369,0.394370054347082,0.25208966158101,0.147940768195628,0.20559951587628
24370,0.111562729342638,0.369196514495785,0.364120682494421,0.155120073667157
24371,0.294089830565974,0.140693686819162,0.369939107156466,0.195277375458398
24372,0.0741432774431308,0.0625249184527203,0.452188697234941,0.411143106869208
24373,0.311945017440869,0.373055520579051,0.200501836809075,0.114497625171005
24374,0.299368856568156,0.208174387717438,0.206862233468015,0.28559452224639
24375,0.124370099504828,0.0833392796316103,0.362828530384599,0.429462090478963
24376,0.101922680148932,0.155471081174511,0.622108520986424,0.120497717690132
24377,0.101286134247052,0.522547560920231,0.203210990805943,0.172955314026774
24378,0.0564928374990565,0.567207904113288,0.0875456070621701,0.288753651325485
24379,0.0802102645784294,0.496062655822766,0.172885746933149,0.250841332665656
24380,0.0851897260568948,0.417081047919957,0.0824450791032415,0.415284146919907
24381,0.422066485559676,0.15656981737173,0.0782861168368586,0.343077580231735
24382,0.455590447261563,0.115874334055158,0.328539604738825,0.0999956139444545
24383,0.103171037891713,0.0734136471246512,0.693677228658841,0.129738086324795
24384,0.114956477588135,0.148934126964217,0.551218189940386,0.184891205507261
24385,0.51827147045993,0.0853388663224877,0.211330768886712,0.18505889433087
24386,0.0491921471631654,0.0830203975288573,0.624926728971095,0.242860726336882
24387,0.542511900402142,0.0542448889874296,0.105559395569422,0.297683815041006
24388,0.408887489751988,0.0531946452972983,0.162941592504483,0.37497627244623
24389,0.36991625498501,0.125901785735457,0.216693373300862,0.287488585978672
24390,0.27670588013739,0.0871690004625751,0.508533433211159,0.127591686188876
24391,0.112974583565931,0.209535944310357,0.0619924935657194,0.615496978557993
24392,0.045202964878444,0.270388926566638,0.366713285990742,0.317694822564177
24393,0.0381637812904357,0.104222857676481,0.720234740684662,0.137378620348422
24394,0.106245584144363,0.674508122343246,0.105132869411712,0.114113424100679
24395,0.228738495843316,0.226617638558198,0.47021867724503,0.0744251883534562
24396,0.522525391895206,0.158666301028981,0.0566574655802061,0.262150841495607
24397,0.129311617919947,0.252693779012574,0.371023013951424,0.246971589116055
24398,0.317892073251644,0.256285477282565,0.238100716278073,0.187721733187717
24399,0.0887526979248906,0.345220145591067,0.202326546140616,0.363700610343426
24400,0.0792308954381791,0.222133800148519,0.444590209805923,0.254045094607379
24401,0.285591440704847,0.143373553272862,0.248760405336615,0.322274600685677
24402,0.244029397785284,0.112113221983918,0.498877553212911,0.144979827017887
24403,0.0720030115384788,0.198275472596784,0.530128086836647,0.19959342902809
24404,0.0822495002982439,0.208396489167407,0.518794304627432,0.190559705906917
24405,0.167270683381718,0.282919950974733,0.35003374484003,0.199775620803519
24406,0.434464311086771,0.29356292599835,0.114497504733353,0.157475258181525
24407,0.091177519780939,0.490710827269845,0.316429978829017,0.1016816741202
24408,0.253780462617662,0.292441804220417,0.147087512751618,0.306690220410304
24409,0.253810695728886,0.257774777396892,0.0740590373405459,0.414355489533676
24410,0.188919076905717,0.309491384962313,0.157193793778508,0.344395744353463
24411,0.158582028273812,0.484711395350937,0.218886063264662,0.137820513110589
24412,0.43761079868756,0.254135907385726,0.130426230822378,0.177827063104336
24413,0.475892872785482,0.155981897423632,0.246433889471456,0.12169134031943
24414,0.205174218573771,0.566881532258535,0.0943391878249307,0.133605061342764
24415,0.307200838471348,0.136093952305252,0.359823532409059,0.196881676814341
24416,0.547977797793197,0.108289191317521,0.16256159469292,0.181171416196362
24417,0.218085894972677,0.0637545576135325,0.297145402603577,0.421014144810214
24418,0.130939582415762,0.190921923054637,0.066165440236791,0.61197305429281
24419,0.348989374393554,0.280896112571215,0.176111293443781,0.19400321959145
24420,0.108108079199796,0.419104700910188,0.202905642489247,0.269881577400769
24421,0.218256640265044,0.0846357522121174,0.0281819775608938,0.668925629961945
24422,0.411587627592635,0.122260594305061,0.0251973138329002,0.440954464269403
24423,0.0509548754014372,0.500111414704125,0.0378149195901065,0.411118790304331
24424,0.0821343189295088,0.271961306012982,0.244616520982519,0.40128785407499
24425,0.110133767688473,0.0288001936558634,0.0925999262104327,0.768466112445231
24426,0.414732092381636,0.149894745229403,0.0279264345530209,0.40744672783594
24427,0.0478252477151031,0.0519400253841639,0.630773078036391,0.269461648864342
24428,0.186803245366629,0.56448271905785,0.0278671087388716,0.220846926836649
24429,0.0806384969630206,0.760536813675903,0.0245897015185838,0.134234987842493
24430,0.0992789962437675,0.0482487341715336,0.0385319159553476,0.813940353629351
24431,0.118948808185519,0.557205018539135,0.123723554816324,0.200122618459022
24432,0.0246201577578435,0.380333287212875,0.0997163444478262,0.495330210581455
24433,0.0558663322622521,0.0817577205367249,0.142483075798979,0.719892871402044
24434,0.247093982028908,0.192386839565383,0.323513257909576,0.237005920496134
24435,0.43180099960045,0.289216778211367,0.112848648205956,0.166133573982227
24436,0.201161541291823,0.0999338166861123,0.304878016123108,0.394026625898956
24437,0.348226681369213,0.180969599710083,0.106870543739341,0.363933175181364
24438,0.601882606041447,0.109267305853851,0.154261354559252,0.134588733545449
24439,0.114974885910981,0.0295187689742867,0.610833198065036,0.244673147049697
24440,0.0304402750346055,0.621180959544856,0.0370186915116668,0.311360073908872
24441,0.590510464974188,0.113599418500648,0.0261138918591501,0.269776224666014
24442,0.626865406464971,0.139908754606551,0.114022870166593,0.119202968761884
24443,0.405879139953777,0.109979275539684,0.368956248890871,0.115185335615668
24444,0.0515073037893478,0.18132810477331,0.458011461294301,0.309153130143041
24445,0.238281357384773,0.113033147965721,0.125106789560659,0.523578705088846
24446,0.272728940720356,0.0514562902657403,0.0421001500172692,0.633714618996634
24447,0.10321870339378,0.770516757034975,0.030472445766066,0.095792093805179
24448,0.131858581511934,0.463062355267726,0.0679605851965422,0.337118478023798
24449,0.35020984492674,0.0290656536791018,0.134170438896571,0.486554062497587
24450,0.0492030688375752,0.0588467761865068,0.212839223044714,0.679110931931204
24451,0.0406793511906126,0.0653901907298364,0.421723469122331,0.47220698895722
24452,0.105216782031711,0.0432641737122601,0.360120559807151,0.491398484448878
24453,0.321427298619353,0.06638327281595,0.399839827756816,0.212349600807882
24454,0.251000352143055,0.359344647791673,0.105405662040852,0.28424933802442
24455,0.177720283653573,0.0695970712589965,0.472037533549263,0.280645111538167
24456,0.107088508695349,0.121565235867619,0.321411283017047,0.449934972419984
24457,0.222654013408182,0.0724035118447598,0.222607944355265,0.482334530391794
24458,0.0528608939859512,0.309997157005609,0.0864262625011467,0.550715686507293
24459,0.113824871446747,0.146475990323856,0.492826673984935,0.246872464244462
24460,0.0427182978529089,0.204342893093697,0.189606576661693,0.563332232391701
24461,0.0437491679366562,0.0718353406429876,0.407983609902403,0.476431881517954
24462,0.119890938235187,0.253700949612868,0.0908100161342448,0.5355980960177
24463,0.293615943311527,0.42753345948995,0.137234353054287,0.141616244144236
24464,0.132065355588565,0.136232256289677,0.236426585917731,0.495275802204027
24465,0.1318892213875,0.576985347522681,0.0752962162378752,0.215829214851944
24466,0.373078517345703,0.301747157958213,0.0522650104314558,0.272909314264628
24467,0.113148830083319,0.337783803631986,0.0319076664277502,0.517159699856945
24468,0.0569017989846094,0.443900891768244,0.168519575557951,0.330677733689196
24469,0.0861371495575551,0.378325797832427,0.0560790834126688,0.479457969197349
24470,0.121156703495833,0.122806570699599,0.064815598305686,0.691221127498882
24471,0.146489308621768,0.539121310690932,0.0806271304624786,0.233762250224822
24472,0.46994330519594,0.0867097373549576,0.192494186050863,0.250852771398239
24473,0.192093382797869,0.157329431882323,0.292948603859862,0.357628581459946
24474,0.617017203432966,0.224699585466169,0.0414033066547466,0.116879904446119
24475,0.0658767373803872,0.432640189967166,0.237975294615588,0.263507778036858
24476,0.225941555838517,0.373259264254835,0.0929759108088728,0.307823269097775
24477,0.0641096084810606,0.451410978497621,0.284498517661493,0.199980895359826
24478,0.192416545193094,0.123533196753846,0.445111874952108,0.238938383100953
24479,0.139960667857408,0.0643741636669422,0.464329213486665,0.331335954988985
24480,0.466723349972248,0.114896952878526,0.0861399255130478,0.332239771636179
24481,0.298834361911924,0.235951313717055,0.184476554113376,0.280737770257645
24482,0.478298756932605,0.0744339325911295,0.0728820215196976,0.374385288956568
24483,0.701130035547156,0.0862535774191467,0.0781009866156744,0.134515400418023
24484,0.0988176039926844,0.211015122387739,0.516313250726471,0.173854022893107
24485,0.443779233773138,0.139766650672582,0.250931412987763,0.165522702566518
24486,0.262668986963793,0.294812960884158,0.130574997482383,0.311943054669667
24487,0.0633255478301609,0.101438813595775,0.600411994255647,0.234823644318417
24488,0.236782385946693,0.583129379137891,0.057917664784298,0.122170570131119
24489,0.172928494786025,0.303011563401456,0.232541626882023,0.291518314930496
24490,0.0847928312222047,0.24184690033648,0.513825360511243,0.159534907930072
24491,0.10890647441612,0.0679788101118333,0.132246152621989,0.690868562850057
24492,0.258523305959923,0.0865469418840337,0.461925370735541,0.193004381420502
24493,0.100756235819045,0.24898285251515,0.504416638021697,0.145844273644108
24494,0.0764242512932241,0.459754822069752,0.277379177854245,0.186441748782779
24495,0.130211416375417,0.533448714266138,0.0687534669356379,0.267586402422807
24496,0.111689659477407,0.167376712406703,0.325930484498397,0.395003143617493
24497,0.151845486838926,0.0845501535914818,0.564315987627661,0.199288371941931
24498,0.27322708697522,0.237250667168452,0.359479940703902,0.130042305152426
24499,0.390869836440366,0.0904529962990362,0.241738563081714,0.276938604178883
24500,0.0729314823809836,0.584409300912878,0.077226302277108,0.265432914429031
24501,0.227289479279519,0.294320823280437,0.0827582446262305,0.395631452813814
24502,0.414115740556662,0.113140727116977,0.118317231189377,0.354426301136984
24503,0.0549157442462093,0.0703322331376778,0.174280919631426,0.700471102984687
24504,0.0578884195655775,0.549230874767378,0.0518171112773943,0.34106359438965
24505,0.0996810141498341,0.308062222833002,0.120129463520706,0.472127299496458
24506,0.114300375843695,0.0532136792715306,0.552319616664722,0.280166328220053
24507,0.0732368134228735,0.126072856407435,0.20282810733475,0.597862222834941
24508,0.384059551310541,0.157213472980999,0.25278656682584,0.20594040888262
24509,0.13309741932496,0.0491080424411683,0.340005328571267,0.477789209662606
24510,0.0613387363365326,0.112984013785884,0.56307945143298,0.262597798444603
24511,0.215836755867853,0.586293218105275,0.0990305399684099,0.0988394860584619
24512,0.337687960332639,0.0741585914615505,0.276474697761658,0.311678750444153
24513,0.573488847783471,0.0918846038880073,0.132514317795419,0.202112230533103
24514,0.338803664821416,0.338705184014978,0.0818711175429153,0.240620033620691
24515,0.15551484187008,0.219202187326797,0.291176112668383,0.33410685813474
24516,0.408592635046755,0.0934898178024575,0.125180979656643,0.372736567494145
24517,0.478107228716045,0.251615534019977,0.136345895121601,0.133931342142376
24518,0.0562251548676148,0.124002207762217,0.148983000956455,0.670789636413714
24519,0.0709473240935389,0.15281197477427,0.671112971675,0.105127729457191
24520,0.0259504200523277,0.318686481819185,0.285384608878539,0.369978489249948
24521,0.0834680688286964,0.393121863577452,0.0432115687512518,0.4801984988426
24522,0.0321076385077946,0.120724610703185,0.682364400825985,0.164803349963036
24523,0.0673550448316052,0.23227572764538,0.36813413628245,0.332235091240565
24524,0.105712582363936,0.110229635689534,0.497069903923318,0.286987878023213
24525,0.0993952187058339,0.169573025790401,0.0584348663750448,0.672596889128721
24526,0.5890384033593,0.106880073478881,0.188782405527694,0.115299117634125
24527,0.125572559831511,0.0344824561879774,0.453980317037013,0.385964666943498
24528,0.693412182170317,0.179261187978342,0.0306996918666915,0.0966269379846493
24529,0.111719240101664,0.0541485886655949,0.216377756176629,0.617754415056112
24530,0.338788221908553,0.209524174586837,0.223064406832327,0.228623196672283
24531,0.174053815728209,0.474875126511438,0.219372028667826,0.131699029092527
24532,0.164367849781239,0.299745798547746,0.388731139247018,0.147155212423996
24533,0.275889135743338,0.251245132188542,0.0960173455025832,0.376848386565537
24534,0.122968207915764,0.464032979347523,0.129417095656219,0.283581717080494
24535,0.60537664478381,0.0861288088572798,0.104257580442112,0.204236965916798
24536,0.146330622891207,0.194000956695315,0.362786383973251,0.296882036440227
24537,0.339052303596745,0.161315222493116,0.0756454794164646,0.423986994493674
24538,0.194011593407146,0.520902935913911,0.0920286268322177,0.193056843846726
24539,0.356019844079635,0.163031778600209,0.168706694217981,0.312241683102176
24540,0.422394593598647,0.099075711732229,0.256304461108534,0.22222523356059
24541,0.458225101686161,0.114197287006114,0.207415309530289,0.220162301777436
24542,0.129384323339639,0.494652530874715,0.0848645724880879,0.291098573297558
24543,0.0418074271204787,0.141788329390622,0.717971873477197,0.0984323700117019
24544,0.115686307361917,0.485214447653553,0.217197628696346,0.181901616288184
24545,0.269891044130227,0.10590202365583,0.433492463737838,0.190714468476105
24546,0.0830730232635506,0.516930667690062,0.178528777158536,0.221467531887852
24547,0.277010995968962,0.352770848726718,0.0687996364089742,0.301418518895345
24548,0.0546893184580692,0.305216853776172,0.356000410193187,0.284093417572572
24549,0.546149851321616,0.22943872397146,0.104699696578484,0.11971172812844
24550,0.191270323333916,0.418914448133748,0.290065217325656,0.0997500112066792
24551,0.0828320351576953,0.439259498596762,0.171546850118894,0.306361616126649
24552,0.0911459461139702,0.441784863540801,0.1245482246013,0.342520965743929
24553,0.438823665401335,0.16089134944278,0.155802826290334,0.244482158865551
24554,0.297461992024757,0.108391459787479,0.270161099488092,0.323985448699672
24555,0.148405419258964,0.602564847055262,0.101459378745539,0.147570354940235
24556,0.480628293042613,0.224093309877839,0.0528546396983265,0.242423757381222
24557,0.128717106027669,0.244063387202899,0.327812374640495,0.299407132128938
24558,0.112494414028251,0.539429628811685,0.0643412012416673,0.283734755918396
24559,0.0712222245195924,0.693028600119549,0.120813653919467,0.114935521441392
24560,0.0795026111966496,0.353383665733549,0.133958863495401,0.433154859574401
24561,0.215945742080772,0.172683064426763,0.133719839320513,0.477651354171952
24562,0.418453554875664,0.255620465548991,0.165496559322095,0.16042942025325
24563,0.0372077394248641,0.5144160323443,0.113409642322123,0.334966585908713
24564,0.0858869983884872,0.402397711875638,0.0800693539722049,0.43164593576367
24565,0.0719402824775269,0.356331949600909,0.249326570436519,0.322401197485045
24566,0.126365164147926,0.663371846048699,0.0725275669594553,0.137735422843919
24567,0.144893109325678,0.284454213149432,0.415619818187774,0.155032859337116
24568,0.38054179193154,0.317703795632514,0.0778694928079167,0.223884919628029
24569,0.200538592688541,0.106649080618832,0.260467881326819,0.432344445365808
24570,0.0520000883285819,0.464665960201391,0.131073692717468,0.352260258752559
24571,0.0576342001853925,0.219580614293405,0.351921332033801,0.370863853487402
24572,0.207416997791224,0.115266965299128,0.273194286634226,0.404121750275422
24573,0.151027474981529,0.131296128627898,0.467667803864147,0.250008592526426
24574,0.0493761350581444,0.241221860713628,0.459705742710325,0.249696261517903
24575,0.147141631027878,0.0675688075617641,0.115595774673226,0.669693786737131
24576,0.0391287243231091,0.174699398320308,0.571788796122403,0.21438308123418
24577,0.0615502172441734,0.16194721194807,0.319783245276918,0.456719325530839
24578,0.19719258249054,0.100359436916614,0.214663049210388,0.487784931382458
24579,0.379829833452922,0.369570680125069,0.0699691581763463,0.180630328245663
24580,0.0958937563799441,0.0594771896069962,0.419203380613745,0.425425673399315
24581,0.196826561973374,0.0418008743736919,0.56356810525255,0.197804458400384
24582,0.0627268577593578,0.119874895801496,0.644550665657822,0.172847580781324
24583,0.0180596031733904,0.110800151125142,0.511865691044338,0.35927455465713
24584,0.0308707388718282,0.0390539731493039,0.789373341707978,0.14070194627089
24585,0.0687541317875366,0.184445715695305,0.0172011224271462,0.729599030090012
24586,0.0388028932609739,0.0774144655339114,0.352478956392195,0.53130368481292
24587,0.425432083176439,0.216291458592581,0.193398314958175,0.164878143272804
24588,0.274042610207445,0.315393524157159,0.223897769797226,0.18666609583817
24589,0.15122446625531,0.447188129967746,0.242193507656556,0.159393896120387
24590,0.386240344296792,0.265166489890149,0.231928260072331,0.116664905740729
24591,0.306250395864151,0.221673276408182,0.29739165204475,0.174684675682916
24592,0.333375071910042,0.297884845189417,0.141626633153637,0.227113449746904
24593,0.377687465261382,0.227886105249129,0.203148228715427,0.191278200774062
24594,0.201236886583117,0.263828644975029,0.205279839619119,0.329654628822736
24595,0.276745473706078,0.35392604735438,0.274610483839012,0.0947179951005306
24596,0.399830499081939,0.242015147709886,0.102037769391253,0.256116583816922
24597,0.360564630652401,0.336812539084052,0.180756916313029,0.121865913950517
24598,0.406130143270432,0.132469515400115,0.110249395099924,0.351150946229529
24599,0.30585225466314,0.287882889311343,0.183393182888628,0.222871673136889
24600,0.256231880916574,0.318616697371755,0.186242979137557,0.238908442574115
24601,0.16163135219732,0.146476302733996,0.520218637133598,0.171673707935086
24602,0.213977668588191,0.461765235032144,0.136703837390899,0.187553258988766
24603,0.16011577931885,0.15767626960653,0.332834286197599,0.349373664877021
24604,0.245383551617886,0.206576366325266,0.421628403821012,0.126411678235836
24605,0.399761606760728,0.138784484044517,0.161258994849953,0.300194914344802
24606,0.089594202442338,0.425671020208124,0.339068198397869,0.145666578951669
24607,0.416019941217773,0.200980333569207,0.24313252430528,0.13986720090774
24608,0.187941093789041,0.367214843464165,0.136194893746227,0.308649169000567
24609,0.481038756954487,0.192967193204615,0.137452182849929,0.188541866990969
24610,0.091771553035369,0.226796762641742,0.176669506710081,0.504762177612809
24611,0.171235379450431,0.216124351557972,0.17215271213536,0.440487556856237
24612,0.0921941695002365,0.574177545205227,0.15592673900807,0.177701546286466
24613,0.146083401073693,0.19269821209293,0.49811982348668,0.163098563346697
24614,0.143097611178591,0.164780858684894,0.527998158085402,0.164123372051113
24615,0.366902526497393,0.209637961957947,0.0717156390391315,0.351743872505529
24616,0.201872980868376,0.164035739729145,0.355597499798896,0.278493779603584
24617,0.319906932171405,0.147662857744194,0.368167666848973,0.164262543235427
24618,0.29737196251549,0.113421048559779,0.433359266940395,0.155847721984336
24619,0.127657040110314,0.382649554971456,0.320232625035366,0.169460779882864
24620,0.192098393656073,0.179032259001262,0.117672989984768,0.511196357357896
24621,0.135433803436016,0.131478440552311,0.284170704249824,0.448917051761849
24622,0.0810181050182595,0.268021518443776,0.255132505072305,0.395827871465659
24623,0.186264689070086,0.116724373666847,0.243735061094304,0.453275876168762
24624,0.200064300477608,0.212612701659164,0.362443034960183,0.224879962903045
24625,0.372509516289587,0.0911182140727422,0.257837413849818,0.278534855787853
24626,0.371096758117926,0.173395651508308,0.143973283345433,0.311534307028333
24627,0.180186220174389,0.180875408312176,0.0963245871348901,0.542613784378546
24628,0.602342360024546,0.108853512469812,0.0659937349605766,0.222810392545065
24629,0.0814802752169705,0.495573952494775,0.111273061237614,0.31167271105064
24630,0.16095427504089,0.140638662808805,0.221325242143485,0.47708182000682
24631,0.227653365838978,0.186324444084996,0.126654839536288,0.459367350539738
24632,0.166047493705761,0.189288492424155,0.200226759859906,0.444437254010177
24633,0.215495152975933,0.0516431766285576,0.426124182149541,0.306737488245969
24634,0.190531714848623,0.0325936520213438,0.482756267835365,0.294118365294668
24635,0.328231508136244,0.0981689174964096,0.13545754104166,0.438142033325686
24636,0.236451658841729,0.343581851758503,0.110826270902672,0.309140218497096
24637,0.188175828821074,0.116243513880429,0.479476678948472,0.216103978350025
24638,0.117724515441653,0.471338515621896,0.0839649446262565,0.326972024310194
24639,0.324954194663835,0.165716850240695,0.103297861229204,0.406031093866265
24640,0.618080006814803,0.120070148339474,0.0947128643353127,0.16713698051041
24641,0.0914055080086133,0.683180636449642,0.0353534106984378,0.190060444843307
24642,0.15623051585442,0.0876938558642929,0.330926800777602,0.425148827503685
24643,0.0531920445040537,0.0524686983215527,0.385149982486474,0.50918927468792
24644,0.0813048237679833,0.429578461331687,0.194111661149621,0.295005053750709
24645,0.143502098651306,0.595488858156553,0.0262665758124454,0.234742467379696
24646,0.239747835802635,0.229175606841858,0.227207075196838,0.303869482158668
24647,0.388711062292288,0.344750773195466,0.154894466251671,0.111643698260575
24648,0.128159510524664,0.0630021751413272,0.444704680913848,0.364133633420161
24649,0.132385050759507,0.177562238321694,0.447258585766311,0.242794125152488
24650,0.0436137599766497,0.809613744739341,0.0247064109160003,0.12206608436801
24651,0.5365886019001,0.0705670926278778,0.039440177151234,0.353404128320788
24652,0.305491504329334,0.0535755573136624,0.482248657176517,0.158684281180487
24653,0.484187442788847,0.183001242473682,0.101289784215803,0.231521530521668
24654,0.0571710103500571,0.453438516229987,0.0446106625918223,0.444779810828133
24655,0.0798428418031431,0.162488323353646,0.387896628396944,0.369772206446267
24656,0.218222163119855,0.279444718553484,0.346552069689306,0.155781048637356
24657,0.208059367405999,0.156471115432165,0.0672596101450366,0.568209907016799
24658,0.0857002748107069,0.444472459539273,0.244361157883706,0.225466107766314
24659,0.0268261672248537,0.110025344128773,0.435913756681897,0.427234731964476
24660,0.131138189978746,0.3387616761193,0.233457321340795,0.296642812561159
24661,0.179401079874535,0.498616824653376,0.0619032033505089,0.26007889212158
24662,0.0343808591869634,0.137033045930899,0.561302270116376,0.267283824765761
24663,0.146576266782346,0.260524710506095,0.464926520083151,0.127972502628409
24664,0.120028465453279,0.246341987548289,0.403794476000231,0.229835070998201
24665,0.345477251731222,0.121261234696088,0.373293213168196,0.159968300404494
24666,0.124449014798694,0.544958365217454,0.0975470475506919,0.23304557243316
24667,0.0738240846092111,0.492093767215564,0.241820149965934,0.192261998209291
24668,0.150061346400748,0.0762688554322868,0.692346240496727,0.0813235576702381
24669,0.145419028218782,0.216188984243579,0.356008347977524,0.282383639560115
24670,0.521886017983489,0.0739892539806618,0.2369402883344,0.16718443970145
24671,0.0807029990927526,0.316772149733589,0.519143149273337,0.0833817019003222
24672,0.127761439771888,0.484892530440147,0.287885404352285,0.0994606254356795
24673,0.141245589168469,0.0789506299485795,0.667694534473328,0.112109246409623
24674,0.12677127576768,0.634564326639619,0.0719608975257216,0.16670350006698
24675,0.128160239694344,0.104911915030908,0.630832797031709,0.136095048243039
24676,0.188832712079344,0.5505303552548,0.130004142867748,0.130632789798107
24677,0.0617447714056662,0.15950344649749,0.344830296678025,0.433921485418818
24678,0.263894821671933,0.220899505309283,0.146291920595857,0.368913752422927
24679,0.257100389284707,0.411168428176639,0.0998549815620761,0.231876200976579
24680,0.0719492234942963,0.479236841256549,0.151671183254632,0.297142751994523
24681,0.362590602424926,0.238057190390109,0.0620159167359868,0.337336290448978
24682,0.444156121696194,0.425707440861754,0.053591955651989,0.0765444817900624
24683,0.120753821407277,0.263045572074239,0.444488201839743,0.17171240467874
24684,0.0932828134494837,0.189779038529158,0.524036030024871,0.192902117996488
24685,0.575915812942746,0.150457962002445,0.126316145894493,0.147310079160316
24686,0.475081227256223,0.109883975599555,0.0788858569274127,0.33614894021681
24687,0.254777157247209,0.274935545225064,0.201513718672546,0.268773578855181
24688,0.15254749277501,0.397979206110724,0.155798853676712,0.293674447437554
24689,0.247306306337075,0.223365733685525,0.432077462878917,0.0972504970984835
24690,0.682122689274522,0.0976208107549149,0.120485411727681,0.0997710882428825
24691,0.36599155773682,0.388547889538342,0.0779368950158054,0.167523657709033
24692,0.641269332043431,0.203131724638742,0.0490635983595712,0.106535344958256
24693,0.192009655125296,0.165730005704682,0.472304312644917,0.169956026525105
24694,0.179718098721998,0.287376744769936,0.351742057878168,0.181163098629898
24695,0.178156318788695,0.687078632187201,0.0488809643181477,0.0858840847059564
24696,0.188254397916768,0.317828991477423,0.143415253836203,0.350501356769607
24697,0.132995587243615,0.156669566248646,0.306103864855459,0.40423098165228
24698,0.274269001855198,0.474997396780374,0.165678388220195,0.0850552131442341
24699,0.2097018582988,0.0959798997823714,0.596301750051895,0.0980164918669332
24700,0.0918695185201217,0.4587109666279,0.12500759525424,0.324411919597738
24701,0.170172138208177,0.190056648268728,0.522780558993265,0.11699065452983
24702,0.199146011690014,0.489729310843765,0.228125984969816,0.0829986924964054
24703,0.315561184184454,0.311132271567628,0.274228492364948,0.0990780518829694
24704,0.152742584505554,0.430571196521702,0.308142747759786,0.108543471212959
24705,0.415289778203985,0.32386357495109,0.171186286583709,0.0896603602612158
24706,0.205697227507016,0.385029712638326,0.30028772804724,0.108985331807417
24707,0.294594176022181,0.194420145348139,0.27734132782355,0.23364435080613
24708,0.54698248355228,0.0979985079693952,0.229110879320906,0.125908129157419
24709,0.147925419412954,0.275186965814768,0.45797349143047,0.118914123341808
24710,0.33282618162123,0.313604846196447,0.225444309172552,0.128124663009772
24711,0.326794162624223,0.23345079137733,0.302065231194802,0.137689814803645
24712,0.362968025319647,0.347159932714532,0.166828984023527,0.123043057942294
24713,0.160997773329125,0.495558022388609,0.193072634314506,0.15037156996776
24714,0.340708478938704,0.312669026529337,0.176674986577236,0.169947507954723
24715,0.189088017292923,0.415176535573121,0.163732429617074,0.232003017516883
24716,0.400282458301088,0.334704830149816,0.118350157553545,0.146662553995551
24717,0.269652755860257,0.443581274811746,0.19373984195962,0.0930261273683766
24718,0.204319094099883,0.538241990830742,0.127815993428975,0.1296229216404
24719,0.291230123383115,0.205623415735572,0.218490486320848,0.284655974560466
24720,0.23278386856373,0.447454673195506,0.161994104923497,0.157767353317268
24721,0.280244324433704,0.384219969059568,0.171949995589086,0.163585710917643
24722,0.170724751263848,0.522737083502791,0.20197049916152,0.104567666071842
24723,0.404971270076557,0.238515738457907,0.226385794767368,0.130127196698168
24724,0.311469254923727,0.261143046052306,0.272468550967111,0.154919148056856
24725,0.455227563257915,0.261100228545118,0.106603957420177,0.17706825077679
24726,0.264824165718379,0.338342544199617,0.237955424231505,0.158877865850498
24727,0.116847066796811,0.127522714319312,0.392418099542478,0.363212119341399
24728,0.384243401215516,0.281412051907155,0.179155041405525,0.155189505471804
24729,0.266363223049422,0.173894434265451,0.336895663377083,0.222846679308045
24730,0.163391174817507,0.207208966322553,0.351014966239305,0.278384892620635
24731,0.136466758736991,0.533683509962183,0.16956097594255,0.160288755358277
24732,0.277583970425223,0.183796064272037,0.339329942880804,0.199290022421936
24733,0.0882754807630218,0.234284975642209,0.187990325484008,0.489449218110762
24734,0.181871186372172,0.328117366365516,0.0978785597181305,0.392132887544182
24735,0.0912824667049734,0.137792189364401,0.41754322971035,0.353382114220275
24736,0.148859008348619,0.528791179282782,0.144741606502185,0.177608205866415
24737,0.437505578383712,0.138673692881177,0.203039297110564,0.220781431624547
24738,0.0832726418333164,0.552010985807673,0.116299843862659,0.248416528496352
24739,0.355230542857911,0.0620388818306781,0.250784205555335,0.331946369756076
24740,0.224580568954361,0.395852042632228,0.135801513005605,0.243765875407806
24741,0.123249153843362,0.252330038251836,0.50653133994761,0.117889467957193
24742,0.267292475492421,0.326501093004014,0.0826037161553477,0.323602715348217
24743,0.165337301395528,0.377755406604928,0.0869969347403165,0.369910357259227
24744,0.39044670549812,0.0542833738289665,0.267088566983478,0.288181353689436
24745,0.16329215943379,0.138079524120704,0.245664336917852,0.452963979527654
24746,0.168271687636369,0.297074526417046,0.0531535892344008,0.481500196712185
24747,0.0582633125644491,0.359587687086323,0.238703081285048,0.34344591906418
24748,0.0207586578221687,0.0493547034201298,0.575976366783764,0.353910271973938
24749,0.117837133744195,0.313678611607489,0.253182439636862,0.315301815011454
24750,0.249158960420418,0.16122731831532,0.292253457233264,0.297360264030998
24751,0.482360322400872,0.0682816240151965,0.0571339321054131,0.392224121478519
24752,0.104440097342259,0.445445443325709,0.0656968394737341,0.384417619858299
24753,0.175831909586499,0.0338972983794613,0.53485846125955,0.255412330774491
24754,0.241795086510996,0.257687371446915,0.141498249674633,0.359019292367457
24755,0.0520556079701938,0.274544311704616,0.320233619331528,0.353166460993663
24756,0.110367673581083,0.288293937720625,0.223299905910328,0.378038482787964
24757,0.154251532220038,0.0832368855434252,0.165916870201863,0.596594712034674
24758,0.172834896219719,0.0752927193728319,0.463382789719485,0.288489594687964
24759,0.132993698336467,0.289792030904264,0.286358649390236,0.290855621369033
24760,0.304005537859741,0.332853131336573,0.139388620984003,0.223752709819684
24761,0.291920689782177,0.134561483787346,0.344207540732843,0.229310285697635
24762,0.167149735359942,0.377402001884743,0.0817277900389293,0.373720472716385
24763,0.123917805101537,0.626905842669506,0.0776567464151465,0.171519605813811
24764,0.573506428792735,0.0867354480041053,0.0598009813739418,0.279957141829218
24765,0.244326127631502,0.248282563650345,0.309450024901016,0.197941283817138
24766,0.0419160653547994,0.400805391389253,0.249427882503073,0.307850660752875
24767,0.167444537368907,0.123050699340156,0.0994725521828714,0.610032211108066
24768,0.146465905254185,0.446655993165788,0.132017584886013,0.274860516694013
24769,0.183813425790281,0.136832276152914,0.579696323778169,0.0996579742786356
24770,0.129992216855596,0.202199040433942,0.0657767054146183,0.602032037295843
24771,0.115261151094241,0.0668455182536132,0.48568383917891,0.332209491473236
24772,0.180163892133376,0.36532578889282,0.0842243778589907,0.370285941114814
24773,0.101343592207178,0.393900319302134,0.389037184069697,0.115718904420991
24774,0.36033819795262,0.175907447513587,0.121087690445381,0.342666664088412
24775,0.133149327125454,0.558097049246685,0.0640380485935077,0.244715575034354
24776,0.598530803598651,0.058566199220914,0.177921007424877,0.164981989755558
24777,0.281591100309291,0.334360175040524,0.190443665093959,0.193605059556226
24778,0.37190620525638,0.236416287409825,0.123746608897991,0.267930898435804
24779,0.0578194494942799,0.340021863184097,0.20974559434752,0.392413092974103
24780,0.519175176878374,0.147533422971585,0.20776583978522,0.125525560364822
24781,0.0518729419853629,0.102176146749359,0.730191410479121,0.115759500786157
24782,0.53678567341003,0.0504505101224775,0.0606314695734055,0.352132346894087
24783,0.0267806136532048,0.209980134311736,0.444886187532467,0.318353064502592
24784,0.269075395273153,0.0762418796208345,0.154658221121305,0.500024503984707
24785,0.0465507707557369,0.219344858274249,0.156409996684038,0.577694374285977
24786,0.108107950297584,0.143693536179109,0.413593470830672,0.334605042692636
24787,0.262015020879372,0.191028869376057,0.17128817907545,0.37566793066912
24788,0.0945749658787353,0.193221830613676,0.371370301982398,0.34083290152519
24789,0.348917245871704,0.246517534137868,0.0773387325776763,0.327226487412752
24790,0.0746904587575464,0.114864869835423,0.410164426005172,0.400280245401859
24791,0.188584584016146,0.0797621971107755,0.372015210992681,0.359638007880397
24792,0.238430998779572,0.0892529937044754,0.209601831178642,0.462714176337311
24793,0.109376140950842,0.039743210672793,0.508765738003541,0.342114910372824
24794,0.0664145067493296,0.652636622489631,0.0634139351562855,0.217534935604754
24795,0.204881665651401,0.111862303915401,0.0523888019207353,0.630867228512463
24796,0.501456606795599,0.313523046550936,0.105105139479975,0.0799152071734894
24797,0.141477311116248,0.580763628967764,0.150814605441257,0.126944454474731
24798,0.0403847918746815,0.0941943735186358,0.609812419401185,0.255608415205498
24799,0.283736707857417,0.108553433056784,0.271904796828401,0.335805062257398
24800,0.0467277426452793,0.152932464935981,0.568144339754904,0.232195452663836
24801,0.546826436754434,0.186667797727723,0.156765954591487,0.109739810926357
24802,0.253179377483665,0.261925421425507,0.132517079912614,0.352378121178214
24803,0.0778861267676097,0.124960593423672,0.633511172587856,0.163642107220862
24804,0.580438994997742,0.106892039746706,0.136372884369549,0.176296080886003
24805,0.18332935931989,0.254901935903047,0.0605509723566652,0.501217732420398
24806,0.181941032289041,0.411855740087419,0.0549735196800625,0.351229707943477
24807,0.518647037625165,0.33814279202491,0.0384331443790096,0.104777025970915
24808,0.388688034640837,0.0992756386368994,0.221625322752058,0.290411003970206
24809,0.681122252728908,0.0318846282381839,0.0551168776438618,0.231876241389046
24810,0.119455675257133,0.335359131965077,0.140536780930868,0.404648411846921
24811,0.152205281613406,0.0506368835694173,0.657170310806938,0.139987524010238
24812,0.0652327156816947,0.0669498104064177,0.731405191958032,0.136412281953855
24813,0.226883524899604,0.0566584067196122,0.38706001984213,0.329398048538654
24814,0.201646809630112,0.420094899097407,0.0256943705569864,0.352563920715494
24815,0.463864437970286,0.186446551313111,0.223041518446324,0.12664749227028
24816,0.251050065337414,0.13140977659065,0.357826213797382,0.259713944274554
24817,0.2057443365523,0.290684304197684,0.139514487688163,0.364056871561853
24818,0.352054496834995,0.298686437327988,0.200735474966861,0.148523590870157
24819,0.170891318279236,0.378400476193111,0.258870093626793,0.19183811190086
24820,0.367270142064587,0.166923489356467,0.0628015831081203,0.403004785470826
24821,0.439579339034204,0.180683309379849,0.0778561169183119,0.301881234667636
24822,0.102110169911585,0.545062943167982,0.0827493609250481,0.270077525995385
24823,0.147849011147998,0.313742209241144,0.275664278928479,0.262744500682379
24824,0.190168710036544,0.0760951930050007,0.215571739102031,0.518164357856425
24825,0.434648553297799,0.20557350933026,0.0737542097537662,0.286023727618174
24826,0.0927436696207252,0.0933213088272381,0.618834460174445,0.195100561377592
24827,0.209759054311738,0.520396293731979,0.101147897731839,0.168696754224444
24828,0.129417513331575,0.698425960997475,0.0651328777689764,0.107023647901974
24829,0.197109092915927,0.119712612976514,0.107859775900239,0.57531851820732
24830,0.139348490692963,0.520693080400193,0.182036169223663,0.157922259683181
24831,0.0673003717613555,0.447185231643786,0.155978962373026,0.329535434221832
24832,0.123275045859286,0.164441064156354,0.239131201830376,0.473152688153984
24833,0.280280650285898,0.21977993832495,0.306656394036696,0.193283017352457
24834,0.142686608870262,0.0703965391528263,0.209075297670111,0.577841554306801
24835,0.180519057840171,0.285399348118145,0.163029595952204,0.371051998089481
24836,0.0806567904057371,0.171363005739864,0.255394080992584,0.492586122861815
24837,0.621772518691522,0.0252190238247059,0.0771406088538891,0.275867848629883
24838,0.0719111407833221,0.279227788051899,0.0883475298727062,0.560513541292073
24839,0.499680096992746,0.179749849628199,0.128849245396958,0.191720807982097
24840,0.429309063210918,0.196677454433644,0.206404513868183,0.167608968487256
24841,0.05526533499561,0.640005566909924,0.151007288756924,0.153721809337541
24842,0.120281393851993,0.191963707589172,0.0869262788593483,0.600828619699487
24843,0.199839014662274,0.0464954213535528,0.387316108752814,0.366349455231359
24844,0.665133066942068,0.0830241923959508,0.147709061778002,0.10413367888398
24845,0.588298683028856,0.0377591891335079,0.026011760764521,0.347930367073116
24846,0.207872136323208,0.593562376574775,0.0219018721824155,0.176663614919601
24847,0.0973791447573895,0.0765323696071878,0.491730766549076,0.334357719086347
24848,0.0695227194724151,0.137830562508354,0.119906122713665,0.672740595305566
24849,0.368622201102478,0.0747411621829641,0.0724710358167484,0.484165600897809
24850,0.0924544186515665,0.509235648949738,0.0352322026388355,0.36307772975986
24851,0.231561486923236,0.059265235703394,0.161369368618236,0.547803908755134
24852,0.516143583920324,0.0483552399755852,0.0284888548766732,0.407012321227418
24853,0.381477016247576,0.12501629697552,0.270312287596862,0.223194399180041
24854,0.349814337160953,0.126398680853635,0.278681603965686,0.245105378019726
24855,0.161235053470096,0.170768135455191,0.376813142087564,0.291183668987149
24856,0.155799055198678,0.495545175305287,0.0886603470880545,0.259995422407981
24857,0.177025884598838,0.19589090589733,0.475038837487095,0.152044372016736
24858,0.120106957915581,0.455084453718755,0.227227659416301,0.197580928949364
24859,0.197202930016918,0.31027432274136,0.0797148318070721,0.41280791543465
24860,0.16114231176865,0.111438166694343,0.642247898748215,0.0851716227887919
24861,0.423538789874577,0.140851740804413,0.10336221634151,0.3322472529795
24862,0.101159555316931,0.561332223054814,0.0865487539138611,0.250959467714394
24863,0.29665242972756,0.0977299572018851,0.215471602806274,0.390146010264281
24864,0.133219633610358,0.117537975794618,0.442115976594279,0.307126414000745
24865,0.177257513794621,0.0527144145006244,0.485027704247333,0.285000367457422
24866,0.689306580545139,0.108870575349706,0.0965103304568042,0.10531251364835
24867,0.481493134105958,0.102802557093531,0.147052509868939,0.268651798931572
24868,0.485549135086281,0.0834938462585557,0.112037291270896,0.318919727384267
24869,0.258441915987068,0.0809299694926921,0.210361577757798,0.450266536762442
24870,0.611601146252388,0.0878537974011481,0.115996405012481,0.184548651333984
24871,0.158506351547076,0.0555323933542435,0.379299994489804,0.406661260608877
24872,0.254010735639641,0.257433201437935,0.279591853729718,0.208964209192706
24873,0.478267610443372,0.342728645777643,0.0954472340039007,0.0835565097750845
24874,0.145956320563893,0.412369230452101,0.274492637886524,0.167181811097482
24875,0.291137274187442,0.33077468082011,0.205242689021552,0.172845355970896
24876,0.161313080709904,0.422355368759858,0.285544513957118,0.130787036573121
24877,0.217598197693764,0.264633110008014,0.377949086716587,0.139819605581636
24878,0.194052611841006,0.153988149959202,0.441435089650015,0.210524148549777
24879,0.461581334127137,0.176655072383068,0.163247950803591,0.198515642686204
24880,0.29670708815136,0.271811649770425,0.276999054052307,0.154482208025908
24881,0.439018684354623,0.174013094199815,0.164105937687307,0.222862283758255
24882,0.566136995851472,0.184564710047298,0.158976797666043,0.0903214964351868
24883,0.182958899203661,0.289818748962052,0.412236088514632,0.114986263319654
24884,0.368643280268146,0.262806630676924,0.256304110957784,0.112245978097147
24885,0.253911214105004,0.347949495772673,0.218417106188172,0.179722183934151
24886,0.120036453389189,0.188081069166673,0.527386334020661,0.164496143423477
24887,0.279534815429495,0.50433808852482,0.128308550905328,0.087818545140357
24888,0.239704579364888,0.361553603454701,0.210586521596011,0.1881552955844
24889,0.16952638449942,0.294657810779283,0.429873996873376,0.105941807847922
24890,0.169469353475491,0.159811201608403,0.228600593046342,0.442118851869764
24891,0.338497491388762,0.14288604847624,0.0675398568899174,0.451076603245081
24892,0.31938105634669,0.0850191349129636,0.17570189854764,0.419897910192706
24893,0.291343413564581,0.202352273703187,0.130533805174876,0.375770507557356
24894,0.125242963186599,0.445454047918768,0.143474101965169,0.285828886929465
24895,0.0392512155962744,0.053829055006846,0.412804561746186,0.494115167650694
24896,0.0392910104644585,0.244520264847227,0.194441559577199,0.521747165111115
24897,0.176303425929223,0.0603606431262658,0.599664334030478,0.163671596914033
24898,0.247568827647759,0.111463323484308,0.268446021311024,0.372521827556909
24899,0.0249438816264946,0.259321351187468,0.51415068602867,0.201584081157368
24900,0.0746865083820057,0.122208627576535,0.295946576383665,0.507158287657794
24901,0.25667218678983,0.0455001142808832,0.302668343839394,0.395159355089892
24902,0.379535531466539,0.0628054054723318,0.138732396327097,0.418926666734033
24903,0.264402630716431,0.0742415760778835,0.106750435018453,0.554605358187233
24904,0.0576666773778159,0.323393050080052,0.0258086072465926,0.59313166529554
24905,0.0722032905184434,0.0617037178857292,0.699998149281496,0.166094842314332
24906,0.181927412490809,0.0365835295273631,0.315581227667475,0.465907830314353
24907,0.20289036844429,0.0651388087050756,0.0319646520018558,0.700006170848778
24908,0.0326843320049327,0.305824151717445,0.44293752648511,0.218553989792513
24909,0.0663735281686335,0.448852305472353,0.112002919034578,0.372771247324436
24910,0.212554962691528,0.291504438980275,0.340012325080513,0.155928273247683
24911,0.201548746779037,0.611785283063025,0.0896804651735095,0.0969855049844293
24912,0.0917360194432276,0.257370672445429,0.346031938925857,0.304861369185486
24913,0.117993143812531,0.613570886678934,0.121074626127597,0.147361343380938
24914,0.338871535808316,0.186666413739608,0.299215053937064,0.175246996515013
24915,0.0660474072650934,0.393831760007859,0.31038233865027,0.229738494076778
24916,0.511685933241595,0.176675004774044,0.134485328891725,0.177153733092637
24917,0.165865059565076,0.101511331963523,0.396786261289816,0.335837347181585
24918,0.193256571066195,0.0894503783024448,0.282190248213381,0.435102802417979
24919,0.101105057079389,0.326708439390977,0.390796317769475,0.181390185760159
24920,0.0695187539671845,0.430592700498255,0.419312402199296,0.0805761433352642
24921,0.614573942840465,0.201996680053811,0.0880133175926884,0.0954160595130355
24922,0.539612485090951,0.155325162807176,0.105613890701252,0.199448461400621
24923,0.182251152781648,0.161959903066904,0.547869462514158,0.10791948163729
24924,0.17314540080575,0.227991877088453,0.402805882197813,0.196056839907984
24925,0.20603107531694,0.610393926481237,0.105292811572435,0.0782821866293884
24926,0.26283230878143,0.120388562004772,0.48484102640364,0.131938102810158
24927,0.18264590889933,0.426503759433153,0.103987133062571,0.286863198604946
24928,0.106146995800061,0.312639887730646,0.366621272251638,0.214591844217655
24929,0.286684147421828,0.314696632447862,0.268488491332576,0.130130728797734
24930,0.32659924507149,0.367389877824215,0.205093882533586,0.10091699457071
24931,0.250725033330967,0.228236167193793,0.315630231095185,0.205408568380054
24932,0.134632173805895,0.320619279318454,0.387893789163935,0.156854757711715
24933,0.288129533771821,0.434311795644146,0.133455675641896,0.144102994942137
24934,0.408892577252258,0.227349360378876,0.155834970625147,0.207923091743718
24935,0.196931051851234,0.381937606933622,0.258668027548278,0.162463313666866
24936,0.329077069689745,0.225041120749306,0.304841687050576,0.141040122510373
24937,0.156263766965276,0.509919102721331,0.26644206935495,0.067375060958444
24938,0.452969584366786,0.195860216032325,0.232655386128525,0.118514813472364
24939,0.209027393192342,0.246295361868568,0.447035929779583,0.0976413151595073
24940,0.357793105798281,0.332809671228953,0.167346814956018,0.142050408016749
24941,0.238699541520238,0.352051302623947,0.210939977745863,0.198309178109952
24942,0.472140842466366,0.15350097075828,0.283338638927372,0.0910195478479817
24943,0.296288884048253,0.163666792068188,0.202923307008973,0.337121016874586
24944,0.438837839371182,0.325493632629719,0.138766460374607,0.0969020676244916
24945,0.142076340991033,0.141429803986806,0.373259779653475,0.343234075368687
24946,0.11858988918126,0.355175128213329,0.151222937149099,0.375012045456312
24947,0.350464133441053,0.213107945991297,0.22188134673089,0.21454657383676
24948,0.394807054992035,0.289142952705471,0.237236488797826,0.0788135035046678
24949,0.326049867897489,0.348665294346227,0.254737016445979,0.0705478213103053
24950,0.15735308819785,0.368896463633401,0.316605626069658,0.15714482209909
24951,0.177066315134665,0.463279023823381,0.192866985308678,0.166787675733276
24952,0.388630864600042,0.295787400437799,0.184151736408275,0.131429998553884
24953,0.279960870462307,0.22154929132504,0.338976730808061,0.159513107404592
24954,0.165172279706151,0.513931689196772,0.224649165598642,0.0962468654984345
24955,0.408932535238861,0.314024688215685,0.13473492553188,0.142307851013574
24956,0.171343674906642,0.321886752314208,0.346793572653341,0.159976000125809
24957,0.209092892981347,0.479256539956246,0.153907414873156,0.157743152189251
24958,0.141030938159819,0.554179198579276,0.227269448531973,0.0775204147289311
24959,0.148141185700859,0.367196613560616,0.256552793375469,0.228109407363055
24960,0.264186855407504,0.26819895873803,0.197388622998419,0.270225562856048
24961,0.334607114497717,0.2969078541423,0.27159230129658,0.0968927300634033
24962,0.0825145243714658,0.511620971423885,0.21355583500725,0.1923086691974
24963,0.172938646864446,0.423245504247549,0.166367522111022,0.237448326776983
24964,0.155361135480525,0.330907368454197,0.321771609091034,0.191959886974243
24965,0.195095121440859,0.570148520831651,0.148948690409675,0.0858076673178151
24966,0.196404551244491,0.364377832748318,0.339361391077798,0.0998562249293942
24967,0.359462958029336,0.0785447808592055,0.398898949945965,0.163093311165494
24968,0.160191450746474,0.417930716063263,0.214980343114992,0.206897490075271
24969,0.209673941906752,0.468563286812788,0.0648040725630199,0.25695869871744
24970,0.393237094810392,0.222469415431197,0.141302787900048,0.242990701858363
24971,0.282326473242138,0.465413260540196,0.081092901980931,0.171167364236735
24972,0.0900561592506104,0.387486071319016,0.137293476817718,0.385164292612656
24973,0.133084880527947,0.667434802707607,0.115956048814647,0.0835242679497987
24974,0.21582921725309,0.280498019187237,0.276236333310586,0.227436430249088
24975,0.148276652523324,0.448240993914997,0.216687241601434,0.186795111960246
24976,0.238889950298782,0.118252826068693,0.517256261899538,0.125600961732988
24977,0.404379067064093,0.208978576473546,0.0978898991698492,0.288752457292511
24978,0.224370320273711,0.347548758299839,0.173063706824516,0.255017214601934
24979,0.330104344753234,0.338975677297075,0.181692982984994,0.149226994964697
24980,0.0872047989070749,0.329500199546921,0.395087041986665,0.188207959559339
24981,0.153650129392436,0.103956295287483,0.375475750297621,0.36691782502246
24982,0.183890497185993,0.435341910234227,0.192482665174148,0.188284927405632
24983,0.684853436303882,0.159700173019617,0.0365396158622045,0.118906774814297
24984,0.0672528823650265,0.440393894953676,0.183007109240844,0.309346113440453
24985,0.102707044047584,0.398845249972695,0.292028392327611,0.20641931365211
24986,0.36098278682867,0.171284088091191,0.269098442096529,0.19863468298361
24987,0.0971416364362994,0.484357587756688,0.344808051878408,0.0736927239286046
24988,0.261298132395467,0.251195378900909,0.240788196270923,0.2467182924327
24989,0.276219162449227,0.290165449093973,0.363828157975676,0.0697872304811241
24990,0.118894697134645,0.564733927071172,0.186840127254912,0.129531248539271
24991,0.349884814843934,0.0775184938775096,0.42192150290121,0.150675188377346
24992,0.221600584786024,0.258649460526763,0.440913655226868,0.0788362994603448
24993,0.516401292930605,0.183420986616579,0.198771903558415,0.101405816894401
24994,0.47897100216805,0.182956009000822,0.186306897205217,0.151766091625912
24995,0.45235443237256,0.223189046687487,0.195812361888646,0.128644159051307
24996,0.245503961973822,0.280429747562645,0.176091799259409,0.297974491204124
24997,0.332972496173239,0.374415352476533,0.134440848189483,0.158171303160744
24998,0.219949447089668,0.110425246433023,0.432688500587204,0.236936805890105
24999,0.235830691724996,0.466150164681658,0.0854500058366584,0.212569137756688
25000,0.169121079346723,0.209355415176071,0.365658266037783,0.255865239439423
25001,0.244991454532297,0.488646187301428,0.134470221242783,0.131892136923493
25002,0.201807145465849,0.138216570132458,0.490934789135292,0.169041495266401
25003,0.220084099813543,0.180586075956486,0.332078127056121,0.267251697173849
25004,0.0689489504401431,0.151094157901609,0.626188370765212,0.153768520893037
25005,0.22499917214674,0.384454334180417,0.260910477835763,0.12963601583708
25006,0.428548982759541,0.235120200448889,0.209561219471299,0.126769597320272
25007,0.34767342836704,0.362717939827156,0.108144135316175,0.181464496489629
25008,0.173691134534483,0.116412214089298,0.557202181767547,0.152694469608671
25009,0.416006540618606,0.0719164459924893,0.296332479649893,0.215744533739012
25010,0.33497979642262,0.0493809708426314,0.421003809560868,0.194635423173881
25011,0.134075233560306,0.677480814195256,0.0992899158242796,0.0891540364201585
25012,0.0741396346610299,0.37021875002006,0.196831704160808,0.358809911158102
25013,0.325406739436611,0.0660661800162533,0.294838450941366,0.31368862960577
25014,0.136778697951954,0.207206844727695,0.553351156652756,0.102663300667595
25015,0.325439520243544,0.222584028281678,0.203982686880979,0.247993764593799
25016,0.156155140588782,0.350842080415341,0.086445353876453,0.406557425119424
25017,0.0906299519171319,0.233392002867359,0.564840567506713,0.111137477708796
25018,0.595715249458242,0.194516453477715,0.0918004480242855,0.117967849039758
25019,0.175037431602218,0.576924854307377,0.112767725279262,0.135269988811144
25020,0.241837742011772,0.137484647755686,0.114667513647427,0.506010096585117
25021,0.217879026368993,0.12580861044362,0.297550585556541,0.358761777630846
25022,0.0944690880643788,0.252934127840089,0.294312173484438,0.358284610611094
25023,0.138694619288427,0.217013936148388,0.522658223548318,0.121633221014867
25024,0.510993891029103,0.125128452793655,0.202495693102386,0.161381963074855
25025,0.371054257307556,0.190524689366674,0.163450654695176,0.274970398630595
25026,0.351330949183543,0.330243089122721,0.188313179899869,0.130112781793867
25027,0.0835271669878484,0.267839216122549,0.387757067941165,0.260876548948437
25028,0.556657785695142,0.126499190089851,0.20623404274501,0.110608981469998
25029,0.152277191755772,0.161716131446351,0.559748284929483,0.126258391868395
25030,0.147595243173041,0.0849078317811718,0.521028598089368,0.24646832695642
25031,0.126322973075337,0.0720458378737929,0.500735453060034,0.300895735990837
25032,0.104355863514606,0.0566035266901062,0.672594050864205,0.166446558931083
25033,0.317727790773176,0.142479593827434,0.320598608320164,0.219194007079227
25034,0.156691703525622,0.432350119707756,0.107295494790833,0.303662681975789
25035,0.28705110550834,0.16891143472773,0.203315108000851,0.34072235176308
25036,0.0916252094025839,0.175682993339717,0.2368541211234,0.495837676134299
25037,0.204311841951703,0.485696361590285,0.0778470140682839,0.232144782389728
25038,0.261748771461519,0.269296593226342,0.156298416123308,0.312656219188832
25039,0.104130517688009,0.292353775817962,0.332205916112576,0.271309790381453
25040,0.229406427201712,0.342457970743027,0.314802751622288,0.113332850432973
25041,0.224571964682649,0.514525421594159,0.0523875504181806,0.208515063305012
25042,0.133763453723737,0.209421089218802,0.365313634577511,0.291501822479951
25043,0.131583366325025,0.440112130038557,0.13323635262944,0.295068151006978
25044,0.356949580161924,0.105434537503246,0.352207966860044,0.185407915474786
25045,0.0935267024479196,0.189743522001694,0.559508252750425,0.157221522799962
25046,0.0764410429104254,0.744482299163686,0.0370478573059325,0.142028800619956
25047,0.30445814403213,0.158614616269922,0.34267377119552,0.194253468502428
25048,0.0600594249959284,0.432938171849943,0.220808062497922,0.286194340656206
25049,0.0790539889033883,0.382791583610375,0.469550068639613,0.0686043588466233
25050,0.301214075983902,0.421282988925654,0.088046564133575,0.189456370956869
25051,0.117114527763344,0.327476869521751,0.39597942463886,0.159429178076045
25052,0.111584129829235,0.537376299075555,0.0941059522864151,0.256933618808795
25053,0.160563078815915,0.17709106367888,0.204611491163425,0.457734366341779
25054,0.041435327917696,0.595271756309175,0.176280371638067,0.187012544135061
25055,0.0942532560027244,0.631805782485565,0.0831976753511678,0.190743286160542
25056,0.166638674818053,0.0867953609573846,0.225018099465779,0.521547864758783
25057,0.214336722064261,0.556030331419933,0.0928441980937272,0.136788748422079
25058,0.478446929794278,0.213535843021437,0.116259687827678,0.191757539356607
25059,0.330806725129844,0.0484184934435569,0.21246864500731,0.40830613641929
25060,0.128777749511807,0.33234133422814,0.267153982761737,0.271726933498316
25061,0.0624495362237406,0.4215999927496,0.202199714892794,0.313750756133866
25062,0.245801482642744,0.423354675494401,0.0528900084416505,0.277953833421205
25063,0.0451507159506438,0.364149798069859,0.227361146829933,0.363338339149564
25064,0.270652454433585,0.391301742869045,0.0517773991745215,0.286268403522849
25065,0.18572725670565,0.481211344072584,0.0907104029173129,0.242350996304454
25066,0.284921572826444,0.0590385341207769,0.208604380896598,0.447435512156182
25067,0.116226038155471,0.0431789147622886,0.300527243994719,0.540067803087521
25068,0.068194857449644,0.172694011926718,0.302370086717311,0.456741043906327
25069,0.051542816636459,0.334452994954713,0.341203252879349,0.272800935529479
25070,0.0779041373926805,0.112245754557535,0.109121742475646,0.700728365574138
25071,0.15662264160691,0.517259448270275,0.0624240611972521,0.263693848925563
25072,0.100264888237983,0.678810546455461,0.0506673679132168,0.17025719739334
25073,0.105883501886135,0.434292468810986,0.023968070400311,0.435855958902568
25074,0.115707038495378,0.558127067170323,0.0935797480935097,0.23258614624079
25075,0.189752837240583,0.0396440270579272,0.351731756600198,0.418871379101292
25076,0.039454852182462,0.0739796273037387,0.249309784271151,0.637255736242649
25077,0.0313129092448294,0.148022073048233,0.484658503433083,0.336006514273855
25078,0.463328967138687,0.0486542671615184,0.21288066843234,0.275136097267455
25079,0.138120721596635,0.045713426531811,0.366370515856304,0.44979533601525
25080,0.557748027964743,0.0705605616601344,0.0552273769987082,0.316464033376414
25081,0.403663210704794,0.126369359330398,0.238103789920376,0.231863640044432
25082,0.118375631113387,0.385288860311131,0.285905525736397,0.210429982839085
25083,0.123765241839308,0.337411448099579,0.237889410272054,0.300933899789059
25084,0.425183523002899,0.165072441525335,0.308709517034643,0.101034518437124
25085,0.263791024750404,0.450138311687856,0.19277897264913,0.0932916909126112
25086,0.567097850204913,0.112242729324994,0.196609772880242,0.124049647589851
25087,0.128560259025729,0.414411696635118,0.32773827792698,0.129289766412174
25088,0.453528029214046,0.19882556037841,0.244039521451681,0.103606888955863
25089,0.15289829833322,0.103085080184681,0.565535244409667,0.178481377072432
25090,0.446006190725704,0.245712612485069,0.182775418409017,0.12550577838021
25091,0.338328280501414,0.131777169508939,0.263726773739259,0.266167776250387
25092,0.174787667286213,0.161754689172787,0.103183498372027,0.560274145168972
25093,0.448976684037937,0.104342338220661,0.187688014096139,0.258992963645263
25094,0.097023688542473,0.138592791755371,0.665586441789717,0.0987970779124385
25095,0.101431648067634,0.453896694744165,0.315834255234307,0.128837401953893
25096,0.073146062558945,0.19338596665366,0.13430388772269,0.599164083064705
25097,0.0883737615096521,0.168775058772186,0.58374263482986,0.159108544888301
25098,0.259967825873319,0.142426894807442,0.210729100019648,0.386876179299592
25099,0.0674558132149149,0.321725213279259,0.440912972554646,0.16990600095118
25100,0.196049617269544,0.298745961179564,0.409732100859788,0.0954723206911033
25101,0.402556335778759,0.180349224035111,0.31415197254439,0.10294246764174
25102,0.301003870700909,0.275818847836348,0.203198802099575,0.219978479363168
25103,0.291569890432468,0.392211660567187,0.207582335228085,0.108636113772261
25104,0.139191007924477,0.344699649829504,0.431753228302372,0.0843561139436466
25105,0.19828952051252,0.307205155126714,0.365118332712584,0.129386991648182
25106,0.317449951770785,0.298592163183378,0.280990011826408,0.102967873219429
25107,0.170645371309048,0.410061941879902,0.216055205447366,0.203237481363685
25108,0.210234172277651,0.458118724639001,0.239441022311711,0.0922060807716372
25109,0.305108273305672,0.37559235971954,0.200789551409399,0.118509815565389
25110,0.205790852804503,0.19881200192697,0.226762157355006,0.368634987913521
25111,0.241204416894341,0.192976916159806,0.255444845368638,0.310373821577214
25112,0.170632993301685,0.251925178593189,0.394362051314199,0.183079776790927
25113,0.388637850985792,0.316982108285473,0.183798358556968,0.110581682171768
25114,0.250234266167956,0.256669521468278,0.335306586866717,0.157789625497049
25115,0.181746469336999,0.299012675417688,0.341665995514047,0.177574859731266
25116,0.297435686080669,0.337364716673051,0.232037899673372,0.133161697572909
25117,0.542422872228131,0.277941040967843,0.111230009755049,0.0684060770489771
25118,0.377785055852317,0.234538074152762,0.248982340370714,0.138694529624206
25119,0.0997845792041972,0.293327202495252,0.409410215926042,0.197478002374509
25120,0.292870909105744,0.261050737636122,0.0711332750124095,0.374945078245725
25121,0.4655008292663,0.127336767376995,0.182051313382035,0.22511108997467
25122,0.422268944768111,0.245706342417704,0.186667460351403,0.145357252462782
25123,0.454769794705133,0.093460227726845,0.348964074996967,0.102805902571055
25124,0.122741377371139,0.1310710928791,0.574175034834515,0.172012494915246
25125,0.717269612715938,0.135769329914399,0.0580298328672603,0.0889312245024034
25126,0.0554202619067517,0.461498788418273,0.245051291290575,0.2380296583844
25127,0.300515298856832,0.140622524847022,0.149291149492504,0.409571026803642
25128,0.228653334251887,0.0981270102912629,0.126574683784727,0.546644971672123
25129,0.30757978869439,0.193631119583426,0.426579131333861,0.0722099603883234
25130,0.183206141268856,0.146639278170507,0.111219789917013,0.558934790643625
25131,0.184144419818281,0.384558582677249,0.0346991458344818,0.396597851669988
25132,0.419513019384565,0.207501840152041,0.112542542991949,0.260442597471445
25133,0.7060391713238,0.0606892307107249,0.124983400974809,0.108288196990667
25134,0.24245948675244,0.275054604537254,0.0660586720611411,0.416427236649165
25135,0.0464008878173346,0.567143300639946,0.0522620776417467,0.334193733900972
25136,0.216590892739904,0.249618146108614,0.324231070520791,0.209559890630691
25137,0.0909656248543375,0.508774869532925,0.0954190733168145,0.304840432295923
25138,0.118868353523972,0.439041836388546,0.139668782734775,0.302421027352707
25139,0.167893903867247,0.339349337952042,0.161822351006603,0.330934407174108
25140,0.077836098993699,0.0868111248708956,0.487016440830868,0.348336335304537
25141,0.301586557233642,0.330817929769746,0.161264060128704,0.206331452867908
25142,0.263992780596453,0.278822594329889,0.0625787181381486,0.39460590693551
25143,0.0910513346692452,0.191850458244418,0.130329723919793,0.586768483166544
25144,0.1440519391447,0.301353540009992,0.0633004781222034,0.491294042723105
25145,0.384527122980841,0.126217532025607,0.0730123874506405,0.416242957542912
25146,0.231799285324708,0.532498903318177,0.0470246195696964,0.188677191787419
25147,0.163141790856117,0.115338176172174,0.38811536554616,0.33340466742555
25148,0.306188198884377,0.279888390567661,0.0406200004660985,0.373303410081863
25149,0.107682859838952,0.635368555433357,0.11540768638773,0.141540898339961
25150,0.114115442525699,0.081055231588485,0.475463487206078,0.329365838679738
25151,0.0334382174644801,0.473534115638915,0.123119833224774,0.369907833671831
25152,0.442815928651701,0.0594351781167462,0.0538401756463374,0.443908717585216
25153,0.362256616536578,0.484811826854641,0.0588073880720773,0.0941241685367038
25154,0.200262400239872,0.105165155713015,0.414843021527461,0.279729422519653
25155,0.0643098383678851,0.580938434612933,0.0288546603107422,0.32589706670844
25156,0.114790185049614,0.704438973556588,0.0556301775006458,0.125140663893152
25157,0.174637273026929,0.512276591868149,0.151158732477321,0.161927402627601
25158,0.447768669555226,0.353147462226329,0.0942193703979763,0.104864497820468
25159,0.145081265598746,0.406215379054668,0.174727802625846,0.27397555272074
25160,0.24517107652845,0.27638354294259,0.317957698429963,0.160487682098997
25161,0.366300544863443,0.102580740480512,0.215394732101993,0.315723982554052
25162,0.350416754912481,0.162237349743922,0.0966210876288314,0.390724807714766
25163,0.11789388937809,0.116817158075256,0.617991528117306,0.147297424429348
25164,0.435261336262858,0.396836597233759,0.0604156645236202,0.107486401979763
25165,0.144554635463264,0.148832979880324,0.164132833409246,0.542479551247167
25166,0.194469338502883,0.154816765747615,0.321971107676524,0.328742788072978
25167,0.287825983625883,0.457081990489024,0.0818646237448445,0.173227402140248
25168,0.268103183766485,0.342731201919779,0.0499932463973247,0.339172367916411
25169,0.231708154782628,0.232435625183179,0.0701843090603444,0.465671910973849
25170,0.455652455019762,0.340749264692314,0.061887846294846,0.141710433993078
25171,0.489494152375199,0.153025506308016,0.174464527808911,0.183015813507874
25172,0.162434201906325,0.387485949467351,0.198999912519308,0.251079936107016
25173,0.302969002964004,0.0649632213359279,0.253991712615273,0.378076063084795
25174,0.37604019026849,0.0822519162984182,0.248817001014001,0.292890892419091
25175,0.602956844013377,0.10329335603883,0.0520900412130423,0.24165975873475
25176,0.146295180023236,0.263255443232052,0.432286440254693,0.158162936490018
25177,0.219483866992317,0.243639517492718,0.30068300274238,0.236193612772585
25178,0.261846431050989,0.232509853947513,0.372522455180624,0.133121259820874
25179,0.614212288359609,0.148130940347398,0.168004203138328,0.0696525681546648
25180,0.424708097320962,0.0806466247426572,0.323109315277481,0.171535962658899
25181,0.111797378295719,0.0951128588458454,0.697693782591386,0.09539598026705
25182,0.253164534911191,0.232186002873164,0.200659002315011,0.313990459900634
25183,0.377707272356977,0.25680734236791,0.212266503730125,0.153218881544989
25184,0.167032925486544,0.234163417065392,0.388713138236075,0.210090519211988
25185,0.310002279088295,0.18128902311016,0.275145218497701,0.233563479303844
25186,0.206947635543264,0.606777130430583,0.0597570310936253,0.126518202932527
25187,0.251613478750116,0.259415552542288,0.147876533101443,0.341094435606153
25188,0.158592734285319,0.122070671483387,0.512640840405689,0.206695753825605
25189,0.379228229016339,0.177676903005657,0.20339743333275,0.239697434645254
25190,0.395730980973246,0.341225268882305,0.049426616914748,0.213617133229702
25191,0.0881679343691273,0.560268447708008,0.163101425010285,0.188462192912579
25192,0.148718871303417,0.344090526157937,0.220350083472664,0.286840519065983
25193,0.396879201538701,0.30318290140651,0.0972621971693838,0.202675699885405
25194,0.20330803129407,0.389410123452734,0.230963961184071,0.176317884069126
25195,0.13000706475257,0.170467104383826,0.433954072217281,0.265571758646324
25196,0.077787365432161,0.392641555613271,0.185733740571756,0.343837338382812
25197,0.0810807836792684,0.580925010741428,0.1149847279041,0.223009477675204
25198,0.186320047209816,0.414842342487313,0.0859791539697537,0.312858456333117
25199,0.279010478184171,0.10806111348079,0.418511540248045,0.194416868086994
25200,0.10318513923483,0.47508687717728,0.0836189973503207,0.338108986237569
25201,0.199768647487875,0.105718755804995,0.291675157780854,0.402837438926276
25202,0.292946772200392,0.110997399173319,0.31343662967201,0.282619198954279
25203,0.387107426417727,0.358177530543551,0.131745871048463,0.122969171990259
25204,0.0748059358435345,0.0935418025209838,0.528682036804044,0.302970224831437
25205,0.131908393327691,0.231246726433483,0.203638158374545,0.433206721864281
25206,0.164276290151843,0.325724384202696,0.244883639981985,0.265115685663477
25207,0.0884649258455422,0.141964015624633,0.211308917141866,0.55826214138796
25208,0.327978631163307,0.195585239472843,0.235734899936924,0.240701229426926
25209,0.170315639546946,0.0430363443853923,0.44531068795974,0.341337328107922
25210,0.156227867991803,0.150820410243159,0.5190612193211,0.173890502443939
25211,0.0609894554626693,0.24229196883772,0.448773676776431,0.24794489892318
25212,0.390085094495568,0.182782069533029,0.141139746395995,0.285993089575407
25213,0.127269489107289,0.120870977204526,0.481725696758898,0.270133836929287
25214,0.200071377492007,0.242860904176764,0.329101015859304,0.227966702471925
25215,0.355809513905923,0.287323011695141,0.20949775431771,0.147369720081225
25216,0.322042171157704,0.375599541565321,0.140989471285233,0.161368815991742
25217,0.425398963478524,0.346840930119162,0.12947135521577,0.0982887511865438
25218,0.350323459783707,0.362261464452257,0.0765813242053444,0.210833751558692
25219,0.249092628370529,0.465491082669317,0.0674223269606466,0.217993961999508
25220,0.22709143397356,0.153857937365885,0.381130805625619,0.237919823034935
25221,0.154290857300589,0.577282925702919,0.112870637958336,0.155555579038156
25222,0.170684656398658,0.288772615140575,0.422386801834643,0.118155926626124
25223,0.180499797655897,0.357238691114275,0.149352765983446,0.312908745246383
25224,0.0857563614876102,0.654794357656137,0.0989756169664179,0.160473663889835
25225,0.39019208146639,0.098133907827652,0.237179848415591,0.274494162290367
25226,0.581886974956341,0.146631675695817,0.178198933242394,0.093282416105448
25227,0.0895440215704372,0.64731219458992,0.123676482546684,0.139467301292959
25228,0.109697232547719,0.130487679934307,0.500743951866117,0.259071135651857
25229,0.0899551336084277,0.16003607112139,0.484562246084017,0.265446549186166
25230,0.156177700703092,0.157923343332862,0.546474165978119,0.139424789985928
25231,0.0672589634149047,0.475159941236313,0.208968514653633,0.248612580695149
25232,0.242561744790328,0.389055623563613,0.0877088849566308,0.280673746689429
25233,0.285791716251184,0.342554649827676,0.261029079155055,0.110624554766085
25234,0.217355779895204,0.336922862788135,0.353018009635628,0.0927033476810329
25235,0.406427922449143,0.205663509856326,0.287842467464655,0.100066100229876
25236,0.306437545389183,0.32937902549237,0.255760381329376,0.108423047789072
25237,0.24230065576387,0.449523952493977,0.210814451833771,0.0973609399083828
25238,0.286779914776811,0.240456629708897,0.338558249849449,0.134205205664844
25239,0.312465821207911,0.377824397850041,0.185456830131231,0.124252950810817
25240,0.217716255651504,0.21843527489477,0.460091217431499,0.103757252022227
25241,0.497687897904171,0.266355146598111,0.178882282200806,0.057074673296911
25242,0.186795125975713,0.310392119335528,0.350741279803047,0.152071474885711
25243,0.226052367391094,0.359992117722768,0.306527985137359,0.10742752974878
25244,0.246284934876099,0.430724333877038,0.192725564584157,0.130265166662706
25245,0.227723067872967,0.242598923788021,0.452068286157483,0.0776097221815295
25246,0.284774056321118,0.354046243035057,0.268255778087765,0.0929239225560606
25247,0.201875475033671,0.297527050425947,0.320596509802335,0.180000964738047
25248,0.234992249246039,0.321369278332871,0.223554598458738,0.220083873962353
25249,0.178898936726306,0.527348168325432,0.232411202298452,0.0613416926498104
25250,0.253105597696327,0.325658695863193,0.279193527678556,0.142042178761924
25251,0.191591914084659,0.291496493697413,0.318809803933828,0.1981017882841
25252,0.616496259432966,0.12238709423699,0.125166184257945,0.135950462072099
25253,0.252409954551357,0.374293534120091,0.129772694864041,0.24352381646451
25254,0.313035260846643,0.24344375591784,0.0702047903219214,0.373316192913596
25255,0.497926279007779,0.211619572815429,0.0622045763733378,0.228249571803454
25256,0.123687469894631,0.707377341902608,0.0890399225227973,0.0798952656799636
25257,0.18003824431015,0.20291311275708,0.425964068107279,0.19108457482549
25258,0.402006426383919,0.146909793063271,0.100631651151549,0.350452129401261
25259,0.203510594760969,0.461646160932572,0.1637083418415,0.17113490246496
25260,0.0569639649198458,0.493088262198146,0.183148111337182,0.266799661544826
25261,0.538505438121395,0.182430965688791,0.171930038232502,0.107133557957311
25262,0.228651839566068,0.333890470691389,0.0743836041604356,0.363074085582108
25263,0.404263797517814,0.154008361045993,0.225226549370681,0.216501292065512
25264,0.116040905340735,0.141151564887605,0.279807954482323,0.462999575289337
25265,0.643974068593957,0.20619738028223,0.0482433538698173,0.101585197253996
25266,0.109332609509051,0.557127733556883,0.196731648248921,0.136808008685146
25267,0.117828521557771,0.184126514790224,0.457783779948812,0.240261183703193
25268,0.155610259101242,0.266746261477955,0.476735708125462,0.100907771295341
25269,0.176157430126916,0.165792715159767,0.104091237346604,0.553958617366713
25270,0.430421196398217,0.150694506802515,0.138276658334153,0.280607638465116
25271,0.0532488168382323,0.251207171847568,0.563596128708949,0.131947882605251
25272,0.174380209224266,0.269198066632614,0.260499816425881,0.295921907717239
25273,0.234757357111733,0.221871211807979,0.23865906828422,0.304712362796068
25274,0.258792572764833,0.181770740880554,0.277370759430256,0.282065926924357
25275,0.421354709577373,0.347838695988393,0.115214190737441,0.115592403696793
25276,0.298408555115923,0.389261217653047,0.167035873605331,0.145294353625699
25277,0.118568849539307,0.0745151680425549,0.534912475414135,0.272003507004003
25278,0.366641678949242,0.341482023899681,0.0896887985264561,0.202187498624621
25279,0.470543826235823,0.116770350185394,0.0386481630741767,0.374037660504606
25280,0.129096891576247,0.126900897814044,0.638406364749834,0.105595845859874
25281,0.261381112240355,0.0663016994341489,0.547200423945897,0.1251167643796
25282,0.532341057093881,0.0710571857496943,0.118938485265706,0.277663271890719
25283,0.189989595785054,0.0799409428174966,0.360046512698657,0.370022948698793
25284,0.188503198276286,0.519617051072327,0.110580338951703,0.181299411699683
25285,0.439583307847653,0.167912837006466,0.137754032350012,0.25474982279587
25286,0.504667022239083,0.132495482907262,0.127178762952573,0.235658731901083
25287,0.109774910438099,0.62275826403665,0.155564317444892,0.111902508080359
25288,0.0889932089199613,0.0732065233628532,0.236140936266205,0.601659331450981
25289,0.0566061583880059,0.395839248990155,0.196714680767512,0.350839911854328
25290,0.206635952610748,0.407426035496216,0.101378956639396,0.28455905525364
25291,0.433627369391899,0.141608686857743,0.0748990609715671,0.349864882778791
25292,0.124645922945515,0.0612217590755585,0.271339788735414,0.542792529243513
25293,0.059462131609279,0.354947683087702,0.157838953700558,0.427751231602462
25294,0.115714469921995,0.46331720007677,0.0479542903101907,0.373014039691044
25295,0.0745681942618193,0.0910304743293838,0.319415115555559,0.514986215853238
25296,0.0980944155374614,0.704741337576225,0.0407573889102672,0.156406857976047
25297,0.0437299216889644,0.60282013204522,0.0922440124262559,0.26120593383956
25298,0.703846102890189,0.0675317546197001,0.0312249633812033,0.197397179108908
25299,0.513582673492916,0.0784364940825796,0.247774549805006,0.160206282619498
25300,0.254931521893026,0.465523985950976,0.0305450554861442,0.248999436669854
25301,0.467772529736211,0.0386522861091965,0.104788570042193,0.3887866141124
25302,0.498378373753916,0.0481091454551521,0.0955692063445929,0.357943274446339
25303,0.0502445109085854,0.596124190784433,0.151240762472623,0.202390535834358
25304,0.0277508307953937,0.0742908514593819,0.588143291060361,0.309815026684863
25305,0.711031824895489,0.0595065685055958,0.0615811918025947,0.16788041479632
25306,0.162618159973428,0.360136506655959,0.0308002220258013,0.446445111344813
25307,0.0582832442793798,0.271898978662513,0.0749961293426816,0.594821647715426
25308,0.124612270471158,0.653642857204236,0.0393259440162639,0.182418928308342
25309,0.19655483431214,0.228265984183965,0.267996510091951,0.307182671411944
25310,0.382948520885196,0.351160429419237,0.0881705626917971,0.177720487003771
25311,0.378235968305586,0.27279737338842,0.224939443262674,0.124027215043319
25312,0.22485178081694,0.152270201360726,0.512473188989611,0.110404828832723
25313,0.315299741367467,0.202187981459843,0.269957547764976,0.212554729407713
25314,0.416330948843085,0.182828291962233,0.0933157063581322,0.30752505283655
25315,0.470788637549241,0.227535301201628,0.194384509274068,0.107291551975063
25316,0.280130114136309,0.225643868422963,0.159923579024033,0.334302438416695
25317,0.242708973233249,0.274755037894573,0.273190838777851,0.209345150094327
25318,0.441398133928828,0.228496636875145,0.164022070835181,0.166083158360847
25319,0.254866040604583,0.526014488957771,0.0909891222166432,0.128130348221003
25320,0.154582999694402,0.184067873960577,0.398726374739371,0.262622751605649
25321,0.10432857596523,0.205859121463825,0.467930062629461,0.221882239941484
25322,0.312171685871067,0.17299165057982,0.388723997568093,0.126112665981021
25323,0.410802315895296,0.111659909697106,0.298560787799617,0.17897698660798
25324,0.259799077178619,0.377793130286778,0.126312737701954,0.236095054832648
25325,0.24496561293964,0.439000984564684,0.060362185025341,0.255671217470335
25326,0.1414715027949,0.111598901698712,0.327493045324936,0.419436550181453
25327,0.119155107701374,0.387713880249224,0.157223984032124,0.335907028017279
25328,0.134467817939477,0.0672776331331574,0.581445085988219,0.216809462939147
25329,0.325080492187812,0.052708891741439,0.136882393801982,0.485328222268767
25330,0.0490519227041985,0.206435397770465,0.427897925793903,0.316614753731434
25331,0.165736131068264,0.462397825486406,0.0344980153217131,0.337368028123616
25332,0.269966323935983,0.192216930344799,0.0430362669612443,0.494780478757973
25333,0.11247003671652,0.269919560559584,0.0710773321108578,0.546533070613039
25334,0.298695263572561,0.371275971597006,0.0221227709616566,0.307905993868777
25335,0.0410032803564325,0.293702200860253,0.184308152552142,0.480986366231172
25336,0.045810832379142,0.248593600760918,0.472637688981478,0.232957877878462
25337,0.0591288679658727,0.0341410502228108,0.420802587398013,0.485927494413304
25338,0.0724218022132559,0.0829452970051132,0.529046778478253,0.315586122303378
25339,0.370830248934869,0.0400904675203758,0.305138616700106,0.283940666844649
25340,0.0800319648095937,0.630955054859385,0.0713455298472398,0.217667450483781
25341,0.0366856449353845,0.650148465625328,0.0672873517109512,0.245878537728336
25342,0.0393070793647631,0.222129425577102,0.49241796020325,0.246145534854885
25343,0.186924971102776,0.401723244539872,0.303416941560433,0.107934842796919
25344,0.186354361283805,0.100955421888175,0.400263878941868,0.312426337886152
25345,0.0813322246732506,0.25610244502699,0.33675746830719,0.32580786199257
25346,0.331303226325437,0.031468585512337,0.202794915224276,0.43443327293795
25347,0.519326127858696,0.21863856977268,0.100706606923352,0.161328695445272
25348,0.394897630719347,0.153254934411676,0.141249868165746,0.310597566703232
25349,0.120288314737422,0.184053932026157,0.547349402391981,0.14830835084444
25350,0.488168512975764,0.201395481763233,0.103109865913803,0.207326139347201
25351,0.223765187561362,0.113009682670717,0.376704726885127,0.286520402882794
25352,0.322560054572355,0.1147328553678,0.0787128103763052,0.48399427968354
25353,0.187802257275869,0.0924904235461002,0.268788302970275,0.450919016207756
25354,0.538793843950513,0.101635912732082,0.233326641552091,0.126243601765314
25355,0.0962612996110764,0.411665788821976,0.0613664161519278,0.43070649541502
25356,0.085096334268365,0.222718357458331,0.123573347418839,0.568611960854465
25357,0.149005254058487,0.403528548687946,0.288707667319378,0.158758529934189
25358,0.40643602263088,0.14913577674192,0.218347173041073,0.226081027586128
25359,0.430643206717325,0.0755919462539431,0.365883316196401,0.12788153083233
25360,0.105328645375264,0.134538289901452,0.417005412243947,0.343127652479336
25361,0.372335924784899,0.0892835334258091,0.335803641928876,0.202576899860416
25362,0.0743281388853201,0.0747639803319968,0.567500500515512,0.283407380267171
25363,0.109578755323125,0.162597109478787,0.230489844123171,0.497334291074917
25364,0.0849588223936839,0.0821481640116799,0.540875169963715,0.292017843630921
25365,0.318484701281065,0.0428231231078812,0.111902304689235,0.526789870921819
25366,0.238176914247356,0.299165657960049,0.280571003562939,0.182086424229655
25367,0.190706307642797,0.331405252547729,0.357556369923899,0.120332069885575
25368,0.286033734733101,0.403716300980449,0.234668661381876,0.0755813029045742
25369,0.272581681371564,0.298380867051398,0.296237954762175,0.132799496814862
25370,0.242259697285684,0.229609690733964,0.391217567150688,0.136913044829664
25371,0.239019775803459,0.461231151791499,0.188458254174429,0.111290818230613
25372,0.421847197495772,0.180105227102974,0.293783207792918,0.104264367608336
25373,0.204682469196632,0.360102166760679,0.284785556372035,0.150429807670654
25374,0.135630218446563,0.418486004878197,0.34392622423673,0.10195755243851
25375,0.311798677663728,0.426511742288506,0.13922927090688,0.122460309140886
25376,0.230676334087528,0.228298255694905,0.361396058453117,0.17962935176445
25377,0.171285930618326,0.376775399409372,0.309908169451304,0.142030500520999
25378,0.285072550480701,0.280463801856645,0.30966729651994,0.124796351142714
25379,0.285578921223103,0.361427960830072,0.254227423450225,0.0987656944965995
25380,0.247949922721074,0.373714889371551,0.229975781146328,0.148359406761047
25381,0.197331429785803,0.333817269791664,0.203173001333033,0.2656782990895
25382,0.381134159898099,0.164454310686548,0.285036008968063,0.16937552044729
25383,0.160071877884984,0.521955783479182,0.211586520422838,0.106385818212996
25384,0.19631691233189,0.266197015639289,0.356947895396891,0.180538176631931
25385,0.161680030425629,0.194718557643531,0.46250812136197,0.181093290568871
25386,0.362129168738335,0.231139688050296,0.168189243599609,0.23854189961176
25387,0.328275016923497,0.180363680118992,0.222921267922285,0.268440035035226
25388,0.282334671426176,0.271559928877982,0.332518001455631,0.113587398240212
25389,0.229574826292974,0.321126731046403,0.261552707979671,0.187745734680952
25390,0.196884562687579,0.230336868094689,0.462394209449462,0.11038435976827
25391,0.211101972466473,0.277270190921497,0.272545834577275,0.239082002034755
25392,0.256937218803966,0.145010133924647,0.425828243986548,0.172224403284838
25393,0.12768061765161,0.458900118844513,0.24134506496927,0.172074198534607
25394,0.217710478949506,0.215785472788315,0.48126467308297,0.0852393751792088
25395,0.155566963123377,0.225676318113862,0.339880396356575,0.278876322406186
25396,0.169432587499629,0.489879193736597,0.190395879798881,0.150292338964894
25397,0.175708514245312,0.214863936489999,0.453849867667985,0.155577681596704
25398,0.251154009317842,0.167470460415197,0.298964822711508,0.282410707555453
25399,0.205597319388703,0.263399254673296,0.225902682093422,0.305100743844579
25400,0.117408255224422,0.360815093731326,0.298556998606372,0.223219652437881
25401,0.254464848769099,0.217605985046589,0.253493226841802,0.27443593934251
25402,0.364164343202668,0.161662746649239,0.225671779825306,0.248501130322787
25403,0.175042116679436,0.294345624678857,0.339010577134404,0.191601681507303
25404,0.32744564183388,0.254745798511391,0.202900712758463,0.214907846896266
25405,0.393905703345282,0.297984357195995,0.201133634023499,0.106976305435225
25406,0.152845566511652,0.33743763140612,0.24750682953924,0.262209972542989
25407,0.210297347871499,0.132113875096007,0.398047130059758,0.259541646972735
25408,0.240010190312814,0.380991330059222,0.137794598290505,0.24120388133746
25409,0.220613292201011,0.126956006278874,0.530244936085704,0.122185765434411
25410,0.0484661632955335,0.311592127836631,0.452374343141102,0.187567365726733
25411,0.18104316809555,0.209969677937036,0.149283239013922,0.459703914953492
25412,0.513383220477203,0.224824118155732,0.139099490585818,0.122693170781248
25413,0.638652686034746,0.144436002622283,0.124307561596738,0.0926037497462326
25414,0.122168446889326,0.129837893569816,0.609313784924389,0.138679874616469
25415,0.0852369862304227,0.236874468766612,0.380137365095851,0.297751179907115
25416,0.196134954114506,0.268734044772687,0.311383273235024,0.223747727877784
25417,0.10376234373515,0.218550298636811,0.572594396250469,0.10509296137757
25418,0.0703622791070305,0.58634597607465,0.116970489935074,0.226321254883245
25419,0.147149176201052,0.338759725257381,0.434187100562638,0.0799039979789287
25420,0.130337578771758,0.339245243501453,0.238086967371227,0.292330210355562
25421,0.369574593774402,0.319818065963945,0.23006435470382,0.0805429855578338
25422,0.332535339690905,0.152770986526383,0.0759689563710955,0.438724717411617
25423,0.425046547713051,0.0841540653751148,0.276505682140625,0.214293704771209
25424,0.160646670128557,0.164338501507114,0.464380644104722,0.210634184259606
25425,0.172421549817864,0.110570804697802,0.499551007193409,0.217456638290925
25426,0.212229752769034,0.508865758427177,0.0625772807045984,0.21632720809919
25427,0.120785321690866,0.241676280587196,0.331477876489145,0.306060521232794
25428,0.0845406033901993,0.046104077370023,0.531349884059018,0.33800543518076
25429,0.341120753195507,0.0659545184818884,0.266312720054107,0.326612008268497
25430,0.548773788718747,0.0768621832039252,0.199008949853133,0.175355078224195
25431,0.0695554663386043,0.527392782773586,0.203086045958987,0.199965704928824
25432,0.249397527079709,0.110888345631649,0.246657777172431,0.393056350116212
25433,0.0478013932972805,0.0739183873682798,0.488055028827209,0.390225190507231
25434,0.34106011306884,0.102840011922747,0.272188388329472,0.283911486678942
25435,0.408824900725022,0.268369530155261,0.115589129390762,0.207216439728955
25436,0.107897645318752,0.524264175727723,0.0371933237665273,0.330644855186998
25437,0.416459665512305,0.261191092043055,0.104672890865664,0.217676351578976
25438,0.224341443256003,0.165474460468602,0.447829126478982,0.162354969796412
25439,0.131775488006653,0.0648951431861682,0.454702259081316,0.348627109725862
25440,0.061780803821561,0.0536799146099006,0.594429646226053,0.290109635342486
25441,0.334540341858083,0.220688335188884,0.125713718334156,0.319057604618877
25442,0.113218028193435,0.0976671953148462,0.577795649297082,0.211319127194636
25443,0.407134905332293,0.219867418068435,0.126858543205428,0.246139133393844
25444,0.0999862131873855,0.247837516858188,0.326265035549292,0.325911234405135
25445,0.198056782754474,0.496822818935651,0.124782397688254,0.18033800062162
25446,0.380344727303872,0.212568308841706,0.103209251692196,0.303877712162227
25447,0.161027086705408,0.362334547572826,0.118535145458439,0.358103220263327
25448,0.329720712115721,0.329508962672642,0.0851974899955252,0.255572835216112
25449,0.0979815431793839,0.435206951812445,0.141113491627072,0.325698013381099
25450,0.533286886546246,0.197654084810786,0.14963738020823,0.119421648434738
25451,0.231680571109583,0.488560997451267,0.173217254693381,0.106541176745769
25452,0.563609180023505,0.208395995419238,0.0449481934523923,0.183046631104864
25453,0.0980082619808427,0.113264121857226,0.221944828158464,0.566782788003467
25454,0.283339403035447,0.138274873941921,0.367823808144421,0.210561914878211
25455,0.328877074013858,0.16926938402634,0.137441177294594,0.364412364665208
25456,0.155105428316983,0.157580155941219,0.234794200804422,0.452520214937376
25457,0.108491510663744,0.166964853524409,0.500575614146462,0.223968021665385
25458,0.490145534508682,0.186843320493737,0.138827001025806,0.184184143971776
25459,0.702483405214061,0.0773847850964306,0.124104518762232,0.0960272909272758
25460,0.100818571427344,0.229808898548802,0.54345131858692,0.125921211436935
25461,0.0446951028673823,0.0787084976328164,0.37883904275277,0.497757356747032
25462,0.111060132252709,0.354116090975387,0.0294005955001018,0.505423181271802
25463,0.370107863147201,0.055841034814465,0.154174330472193,0.419876771566141
25464,0.0294672149448147,0.435331175591383,0.181128856581233,0.354072752882569
25465,0.665716402734375,0.145973068995213,0.0599281209634009,0.128382407307011
25466,0.0767115058464742,0.132215191266155,0.633690668264929,0.157382634622442
25467,0.135607150134659,0.168115749089088,0.0407850852823315,0.655492015493922
25468,0.100746545973116,0.360712998042451,0.191958192050615,0.346582263933818
25469,0.136649344915234,0.49004937704968,0.0336339999668604,0.339667278068225
25470,0.112275148321849,0.144184435480932,0.55500152376003,0.188538892437188
25471,0.0291989678707046,0.330304526500645,0.0272265782874897,0.613269927341161
25472,0.121317576115671,0.119121785812723,0.12187064663302,0.637689991438586
25473,0.296130374466432,0.0954896580574514,0.228395975765917,0.3799839917102
25474,0.139342203632153,0.458657513695395,0.0255977057795111,0.376402576892941
25475,0.079705372029001,0.472064719768946,0.0881074560142809,0.360122452187772
25476,0.199951574302526,0.291649212380905,0.016550852823453,0.491848360493116
25477,0.0987684057072473,0.0841193622556283,0.264257730588129,0.552854501448995
25478,0.0526183839927644,0.246351191680206,0.0215010146399343,0.679529409687096
25479,0.0263903228467287,0.0212308835092181,0.763358819349474,0.189019974294579
25480,0.266704381458737,0.139204782378216,0.286596011800806,0.30749482436224
25481,0.193746005686818,0.550150515780441,0.0965294199959205,0.159574058536821
25482,0.34677345222044,0.212734604650842,0.301911682995192,0.138580260133527
25483,0.200925060776701,0.391190051856951,0.289352225237765,0.118532662128584
25484,0.240725381264783,0.11921968703103,0.259003125710867,0.38105180599332
25485,0.484405368648113,0.200370769592619,0.153908618601812,0.161315243157456
25486,0.180534614374083,0.204740842184782,0.384185606755067,0.230538936686068
25487,0.256113303410037,0.158556935342817,0.153681441850813,0.431648319396333
25488,0.281386501670219,0.151567895650619,0.168702362651351,0.39834324002781
25489,0.238773297289524,0.305537580389731,0.179656663311036,0.27603245900971
25490,0.159095056703631,0.162510948935559,0.526850270915857,0.151543723444952
25491,0.127807769630993,0.326824478717393,0.147274786922585,0.398092964729028
25492,0.40886955068375,0.198565017382513,0.223156994898921,0.169408437034816
25493,0.0884923433793016,0.0991531562933393,0.303302153848718,0.509052346478641
25494,0.394772772950152,0.277644813540666,0.101737875257752,0.225844538251431
25495,0.350089530355375,0.139576394026785,0.270067495777623,0.240266579840216
25496,0.0987336574914628,0.195715428873278,0.58808156046222,0.117469353173039
25497,0.0938545970309305,0.105790114237079,0.659096410096805,0.141258878635186
25498,0.579853538004281,0.093378268895081,0.101720728291084,0.225047464809555
25499,0.139935191354129,0.154851183661294,0.449188772544665,0.256024852439911
25500,0.522573361769805,0.0973115235844063,0.193970279665753,0.186144834980035
25501,0.145814876368083,0.385775862731779,0.215564452412905,0.252844808487234
25502,0.358166019983201,0.122271694270507,0.351396226819518,0.168166058926774
25503,0.0999964225360594,0.124329869533406,0.428365109008637,0.347308598921898
25504,0.225488714776175,0.515881496408264,0.092472693904577,0.166157094910984
25505,0.151124165566358,0.302028365298416,0.234981822654239,0.311865646480987
25506,0.162732307875445,0.141696291034956,0.356123913134511,0.339447487955089
25507,0.128228034322711,0.235171001901075,0.103351451202025,0.533249512574189
25508,0.0756002887197678,0.536213491735265,0.242342392437979,0.145843827106988
25509,0.393630207740933,0.106485757219988,0.207830199677885,0.292053835361195
25510,0.196894577234054,0.165624469458504,0.287803403126252,0.349677550181191
25511,0.488399377887576,0.0870075545581493,0.093574862603808,0.331018204950467
25512,0.383121786094521,0.136491720461156,0.231837425667122,0.2485490677772
25513,0.109329642679137,0.197238238936077,0.144440656901321,0.548991461483465
25514,0.146602592266298,0.212981028961478,0.35366391999402,0.286752458778204
25515,0.0817207293835402,0.351360198038254,0.0959684683348617,0.470950604243344
25516,0.12724584615692,0.442476129711749,0.0731295354462757,0.357148488685055
25517,0.25484730873852,0.164977114495923,0.158956634627089,0.421218942138468
25518,0.373577696362067,0.244439435078862,0.212186744902081,0.169796123656991
25519,0.184980559650887,0.446220649283371,0.24788957893653,0.120909212129211
25520,0.192481157011547,0.29541179545427,0.398106899438909,0.114000148095274
25521,0.317147063216014,0.298624743263089,0.122553629336711,0.261674564184187
25522,0.116624888197105,0.529472036196512,0.127420344048482,0.226482731557901
25523,0.620777541657997,0.0917597946249826,0.110831700142384,0.176630963574636
25524,0.176730566934736,0.226790329668132,0.362442723463984,0.234036379933147
25525,0.405720178255558,0.196711347154356,0.108017117725151,0.289551356864935
25526,0.230866059201917,0.504090399365858,0.0935254219602782,0.171518119471946
25527,0.380457061979802,0.215219901475311,0.175131228562916,0.229191807981971
25528,0.428684170036361,0.125088966373678,0.267291857277118,0.178935006312844
25529,0.477095959421949,0.130764295941198,0.212185259997897,0.179954484638956
25530,0.1703287513702,0.491630638613435,0.110318592634492,0.227722017381872
25531,0.0542819601322015,0.185326824994716,0.673595377681304,0.0867958371917784
25532,0.138835380705773,0.502098930340132,0.216292895198234,0.142772793755861
25533,0.296562383747656,0.122099896074578,0.421227701076534,0.160110019101232
25534,0.0921196783440237,0.547762235691768,0.162841628063919,0.19727645790029
25535,0.314130845308493,0.375436459197565,0.0633590942740674,0.247073601219874
25536,0.0735374402917867,0.316350080750526,0.379671776671802,0.230440702285885
25537,0.150996771363139,0.234807208535482,0.337002730128191,0.277193289973188
25538,0.466989075287399,0.136617403346476,0.210568892671761,0.185824628694364
25539,0.438262542831328,0.250207847563884,0.188478154469828,0.123051455134961
25540,0.1142517671955,0.136693685996131,0.615982835981529,0.133071710826841
25541,0.425107045317224,0.2841206038757,0.194810781724944,0.0959615690821327
25542,0.139308607588811,0.405673870602457,0.128641988966389,0.326375532842343
25543,0.272762066322017,0.159986298911441,0.360448733929744,0.206802900836798
25544,0.287577393640172,0.422272021544344,0.0525526988973724,0.237597885918112
25545,0.337577997932214,0.172167753815952,0.279380211444066,0.210874036807768
25546,0.291528577544044,0.474632270844463,0.091500175008806,0.142338976602688
25547,0.13415524790297,0.207011533145518,0.499583416898932,0.159249802052581
25548,0.16048620518313,0.199215241164188,0.317088534338102,0.32321001931458
25549,0.117151345443941,0.0972695519165557,0.461978443102812,0.323600659536691
25550,0.201283227368291,0.108799641185763,0.100244926443411,0.589672205002535
25551,0.184481471742908,0.154773014734954,0.160538558666864,0.500206954855274
25552,0.166712996198871,0.381032444663078,0.193454813558463,0.258799745579588
25553,0.117693621422847,0.565468145150228,0.138142525158356,0.17869570826857
25554,0.0674145223207424,0.601226146602766,0.135222848125885,0.196136482950607
25555,0.403367444563206,0.118692109453172,0.0742609071616358,0.403679538821986
25556,0.24836786217334,0.513837872801565,0.153903504654352,0.0838907603707432
25557,0.363309740150783,0.336061179890602,0.200119897514249,0.100509182444366
25558,0.498357641465234,0.179746030702879,0.133164425295075,0.188731902536813
25559,0.551050843131722,0.174122503028467,0.204650757523666,0.0701758963161447
25560,0.308859259804029,0.434318487595006,0.107582917929406,0.14923933467156
25561,0.197125870485248,0.444186589370184,0.148102270612898,0.21058526953167
25562,0.215240832346112,0.219980777255156,0.370651850391852,0.19412654000688
25563,0.457856403684308,0.173059637767651,0.26416162789331,0.104922330654731
25564,0.0931276708557891,0.163325010792788,0.628904926987295,0.114642391364128
25565,0.387326282355603,0.0703816005979878,0.250101165478737,0.292190951567672
25566,0.103362267496214,0.47887644037676,0.138693330407278,0.279067961719749
25567,0.0519430577975224,0.420076188505758,0.323616569162061,0.204364184534659
25568,0.471506345258907,0.286101670836518,0.156743247293551,0.085648736611024
25569,0.348796581620403,0.21477657047357,0.358151563178499,0.078275284727528
25570,0.351628119116685,0.148289393837547,0.288570767220603,0.211511719825165
25571,0.286540889551516,0.173647186691792,0.132930185869639,0.406881737887053
25572,0.554202647118895,0.105234677441294,0.134812156727996,0.205750518711815
25573,0.169055292034582,0.637693188829946,0.113853490130574,0.0793980290048989
25574,0.126037915645069,0.0843107389707675,0.512396675905419,0.277254669478745
25575,0.397160319972958,0.184348280833447,0.325090675354645,0.0934007238389493
25576,0.352905760203052,0.196502367526436,0.316772300991879,0.133819571278633
25577,0.403472683560771,0.129651274649276,0.266102011882805,0.200774029907148
25578,0.387002825210553,0.340309380147554,0.121287461953773,0.15140033268812
25579,0.559290613574479,0.20028735198063,0.109862233993931,0.13055980045096
25580,0.262882044218024,0.353203294659911,0.204580452578674,0.179334208543391
25581,0.457290378261975,0.206332158449964,0.0980736661125786,0.238303797175482
25582,0.113651696356837,0.197755804955837,0.17140072192758,0.517191776759746
25583,0.449679936803386,0.110369311955554,0.347337300672691,0.0926134505683689
25584,0.268616410304537,0.299929812096582,0.150856336156505,0.280597441442377
25585,0.154292006080113,0.382781426396707,0.121016599373953,0.341909968149227
25586,0.149746082849985,0.22173570397357,0.553446469585664,0.0750717435907812
25587,0.571094470079637,0.212473509937244,0.127154274109667,0.0892777458734515
25588,0.277546489677781,0.184098485532921,0.201353482668435,0.337001542120862
25589,0.497429756002971,0.24379040979897,0.136925189486661,0.121854644711398
25590,0.203257883021432,0.288447902645695,0.0966816017369135,0.411612612595959
25591,0.185314785907513,0.378665402433203,0.140079043067899,0.295940768591385
25592,0.340324179488475,0.48969550142427,0.0439334814373989,0.126046837649857
25593,0.176986527880046,0.410784613425457,0.251518475999826,0.160710382694671
25594,0.253359690119773,0.312447533960856,0.217323773442704,0.216869002476666
25595,0.374285369467262,0.342543043377223,0.13668200470952,0.146489582445995
25596,0.0892797890547868,0.0486890119761708,0.667477031592688,0.194554167376355
25597,0.365014070676609,0.160051431310153,0.121763128896185,0.353171369117054
25598,0.241546840765177,0.325944555726385,0.147298280220537,0.2852103232879
25599,0.188172410902475,0.113562353056242,0.465327937250385,0.232937298790898
25600,0.131629178780584,0.1071865673569,0.584813193373911,0.176371060488606
25601,0.491463204694878,0.0544329932923482,0.345531832374763,0.108571969638011
25602,0.284594038201169,0.0739760309483514,0.158428429725213,0.483001501125267
25603,0.591389865804239,0.196902448839893,0.0950045722181186,0.116703113137749
25604,0.0977765007937732,0.659806412752016,0.181382641973209,0.0610344444810024
25605,0.058262123889676,0.0662506917595132,0.237522692197949,0.637964492152861
25606,0.0824878346703471,0.695762764048103,0.109295569786584,0.112453831494966
25607,0.373354689450336,0.29794100526152,0.0689623045844514,0.259742000703693
25608,0.0827489493709422,0.240765212279853,0.226030824109998,0.450455014239207
25609,0.66787298944732,0.101880428058481,0.0680269670955828,0.162219615398617
25610,0.323872108935329,0.117803301658311,0.127716673343913,0.430607916062447
25611,0.104823181914295,0.286273080573182,0.413122440231576,0.195781297280947
25612,0.111681223544952,0.228162143229619,0.547728244704034,0.112428388521395
25613,0.415741944726969,0.173562984373821,0.276370271762602,0.134324799136609
25614,0.324513945866007,0.258153382708332,0.213559958038429,0.203772713387233
25615,0.255375009341375,0.445654727037142,0.185705282960671,0.113264980660812
25616,0.123915016383009,0.385329257893334,0.297858563819071,0.192897161904586
25617,0.449359479035455,0.155877297591861,0.302899813918544,0.0918634094541402
25618,0.158487907643283,0.223155178945521,0.509875570435983,0.108481342975213
25619,0.211705017376762,0.126184918666801,0.464756711703592,0.197353352252845
25620,0.195619220992294,0.114326404616238,0.448891245143049,0.241163129248419
25621,0.173894192626095,0.0892754748087715,0.601311176534329,0.135519156030804
25622,0.286656052677854,0.205503441057373,0.320464719465625,0.187375786799149
25623,0.167181668116432,0.442820846790752,0.165805602621689,0.224191882471127
25624,0.267860155118695,0.201505445764337,0.279228331800937,0.251406067316032
25625,0.145728774492486,0.246792885361141,0.242294114081888,0.365184226064485
25626,0.199473713817135,0.461369806968657,0.143700054282046,0.195456424932162
25627,0.263944678121141,0.33930222078513,0.170249930703042,0.226503170390688
25628,0.153937313557671,0.326584404761148,0.302053294972791,0.217424986708389
25629,0.326143689684621,0.349481941538988,0.23392539250524,0.0904489762711514
25630,0.231844198182488,0.494719921500686,0.0896468120933283,0.183789068223498
25631,0.210597380787158,0.209427519333914,0.350038149236585,0.229936950642342
25632,0.183612938271301,0.395197332405805,0.299254837353646,0.121934891969247
25633,0.0758963216883443,0.221358795269598,0.325970183505677,0.376774699536381
25634,0.455039817255869,0.184828491349776,0.148991895365988,0.211139796028368
25635,0.605916946386696,0.128980360957909,0.0664134853386553,0.19868920731674
25636,0.356748919653427,0.18620327137994,0.200775024554032,0.256272784412601
25637,0.305328499073092,0.165185496180174,0.234854100318468,0.294631904428266
25638,0.256452230108865,0.207687247791625,0.0755351675466936,0.460325354552817
25639,0.179338147349914,0.480411964821892,0.093140714201451,0.247109173626744
25640,0.260070959931054,0.101897140838332,0.228103363206903,0.409928536023712
25641,0.222621732579606,0.270393853625418,0.293202524889416,0.21378188890556
25642,0.0303147486246388,0.559373793323832,0.138399438238041,0.271912019813488
25643,0.178004607167616,0.604633659283907,0.0694569364476451,0.147904797100832
25644,0.615290796400347,0.0650817818548092,0.103421884412707,0.216205537332137
25645,0.057889609280514,0.733948699235856,0.0745142905382399,0.13364740094539
25646,0.205420840236202,0.0862040109069613,0.58144849479223,0.126926654064607
25647,0.139543417021205,0.14055130828088,0.371153207036237,0.348752067661678
25648,0.198529279094341,0.0810669945463727,0.350716238181501,0.369687488177785
25649,0.150825627446088,0.594270027041366,0.0975725973425614,0.157331748169984
25650,0.0539781787072151,0.0622826543505511,0.536781243629498,0.346957923312736
25651,0.398798694460917,0.327325050994934,0.170805420304076,0.103070834240073
25652,0.374448528871224,0.185014791887966,0.101936172519925,0.338600506720886
25653,0.190926788049767,0.311846231050184,0.278601710230408,0.218625270669641
25654,0.0982451359513442,0.447715202236158,0.214377277702339,0.239662384110159
25655,0.100579060890784,0.0945912723399281,0.609568722568307,0.195260944200981
25656,0.386180773692842,0.223206982475132,0.0930834015421794,0.297528842289846
25657,0.177754996167459,0.442164751501316,0.19015421988066,0.189926032450565
25658,0.258397820417848,0.486940567066371,0.0797914404851581,0.174870172030622
25659,0.581221561922974,0.131054913179971,0.142194076591271,0.145529448305785
25660,0.11799834146515,0.590600010899124,0.145970210988921,0.145431436646805
25661,0.12390106550412,0.0592228055946664,0.281543279226677,0.535332849674538
25662,0.27833688534532,0.412443434063947,0.0431193652544484,0.266100315336285
25663,0.107724419302215,0.0969251491321371,0.191156280183401,0.604194151382247
25664,0.0671213452021481,0.504025391700163,0.189531601804422,0.239321661293268
25665,0.055964596113975,0.273678825275883,0.21819531301383,0.452161265596312
25666,0.110371999661765,0.166565285528901,0.163644516436162,0.559418198373173
25667,0.652978437367566,0.104261737249985,0.0978559884792433,0.144903836903206
25668,0.190776779977516,0.13990260764937,0.0517415009563732,0.617579111416741
25669,0.0638261738201851,0.440411191183716,0.124238502823674,0.371524132172425
25670,0.452085875167949,0.273544333386655,0.169665064509345,0.104704726936051
25671,0.254573803402799,0.400778802328266,0.261341740187721,0.0833056540812135
25672,0.0815180616005165,0.444335503220201,0.224290632272179,0.249855802907103
25673,0.0974315659214842,0.485933519862457,0.153312302994738,0.263322611221321
25674,0.393432721683977,0.237106456102929,0.178150479275805,0.191310342937288
25675,0.283399229267383,0.173515643108588,0.306113212199794,0.236971915424234
25676,0.168161724577569,0.571312143660936,0.144656776842448,0.115869354919048
25677,0.455936781655398,0.286680603069299,0.0579349814456024,0.199447633829701
25678,0.144231679624145,0.300388568168898,0.33586627954101,0.219513472665947
25679,0.164420081345541,0.522349813105269,0.0736925109402919,0.239537594608899
25680,0.104054123854572,0.616344752901397,0.177163163941244,0.102437959302787
25681,0.117653288255117,0.378378223204149,0.173217934575242,0.330750553965492
25682,0.243364495979914,0.232461357002211,0.164150264121105,0.36002388289677
25683,0.343423748653225,0.331686653893779,0.20426996372642,0.120619633726576
25684,0.0432145601460256,0.528734972517422,0.144270389635251,0.283780077701301
25685,0.103368109460045,0.429535067236194,0.0983721727168402,0.368724650586921
25686,0.0937818258568587,0.327715147012454,0.305687820102479,0.272815207028208
25687,0.161921812039309,0.651567938899354,0.0755960157834114,0.110914233277926
25688,0.175158834591553,0.366671761266655,0.342923415619229,0.115245988522564
25689,0.544148040923884,0.207488026194178,0.179701993152851,0.0686619397290866
25690,0.207120551331643,0.446090683558517,0.265515845581241,0.0812729195285987
25691,0.219727706466305,0.229108711332292,0.488650167899144,0.0625134143022595
25692,0.363268203174629,0.273517244640667,0.160677022370153,0.202537529814551
25693,0.226566206765226,0.354833028760249,0.325225276619023,0.0933754878555027
25694,0.376764972864775,0.173449433875369,0.27540825287754,0.174377340382316
25695,0.368978015233336,0.307985889150576,0.179919050655308,0.14311704496078
25696,0.172211729110906,0.437774815218973,0.301281632067904,0.0887318236022165
25697,0.118471583534711,0.272271031468503,0.496585197095941,0.112672187900845
25698,0.191544480825453,0.402297129512026,0.238304705439174,0.167853684223347
25699,0.270978804726517,0.18763036957554,0.367461813793957,0.173929011903986
25700,0.242102307047477,0.215696686800836,0.402850555755834,0.139350450395853
25701,0.219610286047185,0.538156338037027,0.160351912259147,0.081881463656641
25702,0.172275634054486,0.32191043831521,0.384893431861894,0.12092049576841
25703,0.221956059352571,0.380883148565464,0.207113410644003,0.190047381437962
25704,0.542927666945496,0.176636895722058,0.187537677988933,0.0928977593435132
25705,0.138999571508947,0.255812785682625,0.479857378118587,0.125330264689841
25706,0.479689545718005,0.249516845310639,0.156217127884857,0.114576481086499
25707,0.326933188896008,0.399032860694849,0.155394376315051,0.118639574094092
25708,0.337127432717009,0.116098018983036,0.45092306838495,0.0958514799150055
25709,0.29876064943553,0.254424053673132,0.36039012549285,0.0864251713984888
25710,0.220436087148853,0.271196113903441,0.37628459238345,0.132083206564257
25711,0.38224051257308,0.180038992996655,0.320273709775156,0.11744678465511
25712,0.371878171010922,0.261281488723869,0.206225888983729,0.16061445128148
25713,0.352020634405341,0.247690417755903,0.329786716891729,0.0705022309470275
25714,0.390404952186008,0.196002912656821,0.256439245958707,0.157152889198464
25715,0.325042650053621,0.299213362255232,0.300751077366638,0.0749929103245099
25716,0.273527923741156,0.230005841312408,0.354280021928768,0.142186213017668
25717,0.155334963813774,0.435185094321873,0.204282769347163,0.20519717251719
25718,0.435050657372808,0.168463797521433,0.172920350636121,0.223565194469638
25719,0.394944031947961,0.306934058111524,0.211882171279076,0.0862397386614392
25720,0.21232141972364,0.283707557379384,0.312316518946931,0.191654503950044
25721,0.282440753942522,0.205012639081818,0.410711536772132,0.101835070203528
25722,0.173889981905626,0.294714669300918,0.146670666910157,0.384724681883299
25723,0.167986001382726,0.230441118219688,0.468575523980192,0.132997356417394
25724,0.266920647727647,0.184199200919029,0.274626276375015,0.274253874978309
25725,0.25019270167351,0.283395162087981,0.368766860436682,0.0976452758018268
25726,0.302233679490304,0.277339345299773,0.225075907065786,0.195351068144137
25727,0.163848492834288,0.256457113832654,0.460799033993015,0.118895359340043
25728,0.231712733307597,0.293129884209552,0.285859342459956,0.189298040022895
25729,0.268042287005534,0.255767342455122,0.378694206896268,0.0974961636430767
25730,0.5964927075117,0.164297685786185,0.183979609788745,0.0552299969133702
25731,0.42820499952232,0.0909070336146597,0.339892055002523,0.140995911860498
25732,0.119453635875511,0.118106168953843,0.686348587037745,0.0760916081329016
25733,0.267180055007302,0.240767871595374,0.222810690661402,0.269241382735922
25734,0.347575043749616,0.302906524264218,0.229794703912349,0.119723728073816
25735,0.167020549535466,0.241978882835559,0.416582916747876,0.1744176508811
25736,0.329636553694146,0.188898462678274,0.297237468875451,0.184227514752129
25737,0.205265856222943,0.634095345017619,0.0630208112146475,0.0976179875447901
25738,0.266042797607246,0.262894433866053,0.155347714027051,0.31571505449965
25739,0.172223645693027,0.141681125750304,0.499215556910723,0.186879671645947
25740,0.405528412656131,0.211077786157078,0.196404188764044,0.186989612422746
25741,0.412623350496674,0.36835086167168,0.0538297546172267,0.165196033214419
25742,0.0848312266585609,0.616929587771663,0.156271058418031,0.141968127151745
25743,0.144459086721123,0.360234928079612,0.233195954966659,0.262110030232605
25744,0.432686022991437,0.323663281097168,0.100226656098224,0.14342403981317
25745,0.179959527856975,0.457215285774848,0.233428854587521,0.129396331780657
25746,0.660077049233081,0.115028666274854,0.165814029679894,0.0590802548121711
25747,0.531163014673787,0.216973185914639,0.125029224033381,0.126834575378193
25748,0.108856424411691,0.547640042081222,0.128568262007817,0.214935271499269
25749,0.479909416696398,0.189156254062373,0.161881068059997,0.169053261181232
25750,0.232042573820008,0.128686486182369,0.538691170266144,0.100579769731479
25751,0.164997761181934,0.20693732281321,0.513801201256878,0.114263714747979
25752,0.259820795789484,0.132213005292404,0.233492641113317,0.374473557804794
25753,0.448296014509735,0.122399142480403,0.263072950291591,0.166231892718271
25754,0.641383740701782,0.0846311457946341,0.12507518922046,0.148909924283124
25755,0.252260793073014,0.0754682047675942,0.167809603444441,0.504461398714951
25756,0.279986847393027,0.560798525537823,0.0690254766047192,0.0901891504644311
25757,0.28390480656843,0.110881541603629,0.116091229060729,0.489122422767212
25758,0.155705023058901,0.0751765450437596,0.32934752984111,0.439770902056229
25759,0.342788475993811,0.422526047745234,0.0811575520151838,0.153527924245771
25760,0.596554931740864,0.138632398742241,0.159775797489506,0.105036872027389
25761,0.119661371325775,0.332722363699934,0.108903506005082,0.438712758969209
25762,0.173158490564445,0.472813090716752,0.120910428880619,0.233117989838184
25763,0.376359594363775,0.18324884764885,0.198891540690623,0.241500017296751
25764,0.317550281444605,0.0888945285845587,0.211816523221615,0.381738666749221
25765,0.314983172124989,0.149832792860417,0.308751165387846,0.226432869626748
25766,0.11802023529207,0.55408349159491,0.18821175949264,0.13968451362038
25767,0.400503184974361,0.247056918890084,0.101024085931564,0.251415810203991
25768,0.316944852302286,0.210227715999714,0.123357485016902,0.349469946681099
25769,0.455814674420036,0.263273912342873,0.143237741754428,0.137673671482663
25770,0.239699662000824,0.145851038046829,0.266509347603622,0.347939952348726
25771,0.0793188641378706,0.517767939581,0.262827053621802,0.140086142659328
25772,0.11566355233215,0.331482662667148,0.171918876458525,0.380934908542178
25773,0.441656593314102,0.116511295018812,0.0743715870487484,0.367460524618337
25774,0.168862970229159,0.217753762591135,0.517039566739336,0.0963437004403701
25775,0.336863220098133,0.106438748376701,0.459559345535169,0.0971386859899968
25776,0.258784304325992,0.0716137322376801,0.211315454916974,0.458286508519354
25777,0.087228298492083,0.146965978962964,0.652342117738896,0.113463604806057
25778,0.269260108635852,0.453650245839855,0.0804694860312685,0.196620159493025
25779,0.248230707946804,0.331001065978786,0.0931816303522613,0.327586595722149
25780,0.0946183773845248,0.302669627851647,0.283396250747655,0.319315744016173
25781,0.43087152616209,0.204059422448191,0.0485250231400027,0.316544028249717
25782,0.0832631429591402,0.413802140538757,0.0274416080872947,0.475493108414809
25783,0.282777403015601,0.144188699186628,0.324537387338911,0.24849651045886
25784,0.289142856462384,0.259410264454486,0.289649351432888,0.161797527650242
25785,0.163858840105047,0.29709131079479,0.305154179751962,0.233895669348201
25786,0.317125444697351,0.325304444295004,0.207174918652642,0.150395192355003
25787,0.174042541600732,0.474035395085747,0.266037400926232,0.0858846623872892
25788,0.384488425384533,0.24901748861383,0.250985591679202,0.115508494322435
25789,0.447378646049102,0.156165534099136,0.255768939124995,0.140686880726767
25790,0.340243648718992,0.343253628650713,0.112554341333041,0.203948381297254
25791,0.167193836600077,0.478049494952947,0.225524682661776,0.1292319857852
25792,0.282282550742371,0.181537398847403,0.376452757147358,0.159727293262869
25793,0.159621606074821,0.49383263860334,0.156332186475086,0.190213568846754
25794,0.359781381724434,0.286717882195293,0.13420603230173,0.219294703778543
25795,0.149594073270766,0.369150991590206,0.338704152752704,0.142550782386325
25796,0.264074973470254,0.14254240039324,0.489362492490061,0.104020133646446
25797,0.234902431291964,0.43240631023044,0.12320224539075,0.209489013086845
25798,0.210648126311102,0.330995431349002,0.188739987343228,0.269616454996668
25799,0.281647422398717,0.134699783206879,0.45066243393612,0.132990360458284
25800,0.356285288458522,0.19432786972303,0.131634497994077,0.317752343824372
25801,0.193780557736168,0.328790521069771,0.208384224409806,0.269044696784255
25802,0.258052458399112,0.203320467544976,0.141623349491238,0.397003724564674
25803,0.499146385366859,0.224176543851053,0.098058828435631,0.178618242346457
25804,0.182254135733087,0.177433027805492,0.465774227250722,0.174538609210699
25805,0.261007664950576,0.46950219623078,0.188734329369305,0.0807558094493404
25806,0.432989043336804,0.203617680989956,0.260958861927942,0.102434413745297
25807,0.165195902901695,0.545914957638002,0.126914602275579,0.161974537184725
25808,0.366510622113741,0.276708098664181,0.127141478116644,0.229639801105434
25809,0.0996105018319564,0.152839457241282,0.4429469035733,0.304603137353462
25810,0.244170805403986,0.114059626604995,0.412047634960596,0.229721933030422
25811,0.213099911123224,0.549845686579319,0.151364970453445,0.0856894318440115
25812,0.241126591821772,0.183189780500576,0.397943509697909,0.177740117979742
25813,0.60848585200904,0.16959251710163,0.117248409263412,0.104673221625919
25814,0.16936893906223,0.333942956043649,0.176160152266583,0.320527952627538
25815,0.170936231155845,0.525394518321698,0.195119011023268,0.108550239499189
25816,0.0787741142572913,0.442972994073355,0.241190844731072,0.237062046938281
25817,0.129888186439383,0.130830980367445,0.160895725574113,0.578385107619059
25818,0.132322676295629,0.3800215078657,0.287402334321617,0.200253481517055
25819,0.42956082264865,0.159032746021995,0.223710493288424,0.187695938040931
25820,0.115966675850352,0.115851690773285,0.295243326167434,0.472938307208928
25821,0.221158503421871,0.0774615678389385,0.491130569829169,0.210249358910022
25822,0.229796401457399,0.221574500283078,0.406614746013298,0.142014352246226
25823,0.307775999058223,0.242362716428532,0.231947712531625,0.21791357198162
25824,0.395424845441905,0.184151523022939,0.245145510721001,0.175278120814156
25825,0.0924036565350643,0.364116719707885,0.397759995866883,0.145719627890168
25826,0.242859498647897,0.386532604762763,0.195176818178404,0.175431078410936
25827,0.302265171021649,0.213343758698668,0.185668414474652,0.298722655805031
25828,0.292609069383829,0.471955721207191,0.108183404141762,0.127251805267218
25829,0.219091347600293,0.451251812049114,0.101176477211683,0.22848036313891
25830,0.160876481417628,0.300048796187194,0.443635125838883,0.0954395965562948
25831,0.209689372492594,0.158541809908945,0.262644260247039,0.369124557351422
25832,0.110158746521548,0.412186382605876,0.24981993658877,0.227834934283806
25833,0.176632563545495,0.356688211430045,0.351720299818846,0.114958925205614
25834,0.435664429825192,0.167122371177909,0.236250415843113,0.160962783153786
25835,0.170582325481526,0.104174348386821,0.439056549734969,0.286186776396684
25836,0.118649677091006,0.163798043695099,0.477957881051851,0.239594398162045
25837,0.178589111123061,0.237627485692171,0.35520838222956,0.228575020955208
25838,0.209070772303713,0.48692671093518,0.0762570191621069,0.227745497599001
25839,0.5621102935339,0.215627899621318,0.0956767627132904,0.126585044131492
25840,0.11143759424806,0.375021830204965,0.27640409027108,0.237136485275896
25841,0.180534833703612,0.152202755303601,0.42456367862247,0.242698732370318
25842,0.259318115329441,0.508591398656024,0.12957247982127,0.102518006193265
25843,0.293444337152524,0.510952417717738,0.105203539070115,0.090399706059623
25844,0.561121062839503,0.0753262909750016,0.211305133108674,0.152247513076821
25845,0.149407522421618,0.323569147558246,0.424022440583156,0.10300088943698
25846,0.31142089890137,0.158034855330532,0.246337389290992,0.284206856477106
25847,0.481501103567139,0.0847264359639115,0.0906512080264153,0.343121252442534
25848,0.171182731697996,0.483851681863658,0.0928864481947299,0.252079138243617
25849,0.310497334208187,0.203195300536656,0.349098185687982,0.137209179567176
25850,0.169697531483854,0.342102976274179,0.33658077528503,0.151618716956936
25851,0.647312867307483,0.160811463167696,0.0914720536320694,0.100403615892751
25852,0.222032525635552,0.271937178696988,0.220051866514876,0.285978429152584
25853,0.119966040926447,0.348024656229158,0.380786436068312,0.151222866776083
25854,0.382170569055365,0.189062394837303,0.0712853971752245,0.357481638932108
25855,0.512348629255679,0.11219172590476,0.141901224004453,0.233558420835108
25856,0.549522019011515,0.200647823149575,0.0632828780190433,0.186547279819867
25857,0.0630428061661818,0.12512489911199,0.239798544925869,0.57203374979596
25858,0.122457395092013,0.387122099345687,0.144479003724604,0.345941501837695
25859,0.199645289390458,0.0871053755871303,0.273074697418626,0.440174637603785
25860,0.380770294062912,0.14330288029392,0.161700132364894,0.314226693278274
25861,0.205098310236274,0.166210843896857,0.447307035977213,0.181383809889656
25862,0.252252289327454,0.089646366694999,0.472226829090516,0.185874514887031
25863,0.111835487314937,0.0790154686140759,0.705060944498837,0.10408809957215
25864,0.528201585738116,0.135040007537933,0.0971779620087488,0.239580444715202
25865,0.112706827535407,0.334743942786379,0.425888732341931,0.126660497336284
25866,0.168603912800504,0.182535855102975,0.444668405260045,0.204191826836476
25867,0.145541795904192,0.397784025078902,0.200000690148157,0.256673488868749
25868,0.198843620913343,0.335993714300367,0.106270312249603,0.358892352536687
25869,0.049366457316579,0.331841506523802,0.259192657327429,0.35959937883219
25870,0.1082259996926,0.0765093940799754,0.279444910884655,0.53581969534277
25871,0.0432121248497325,0.209202679672155,0.620721401302602,0.126863794175511
25872,0.0733405588840243,0.160560896888235,0.599689277191374,0.166409267036366
25873,0.0650152609216097,0.151330701983626,0.183784773202916,0.599869263891849
25874,0.540513735396765,0.0678272285010274,0.223752660037937,0.167906376064271
25875,0.151704103737061,0.168545844787445,0.458437759647718,0.221312291827775
25876,0.523388238848085,0.0382306634918335,0.135379907393572,0.303001190266509
25877,0.539930796781654,0.0683652775581622,0.124393224856957,0.267310700803227
25878,0.290500456014023,0.118856567243008,0.166826715133948,0.423816261609023
25879,0.182515942783119,0.458224592158299,0.156580836956102,0.20267862810248
25880,0.209533002469019,0.580854237064026,0.142326113404318,0.0672866470626364
25881,0.325437045773116,0.392700859195537,0.206840563027564,0.0750215320037831
25882,0.31836815281672,0.343160517188481,0.21942582026349,0.119045509731309
25883,0.547757771010666,0.196760750987694,0.156414318478712,0.099067159522928
25884,0.219309781503624,0.354353790584486,0.297647778490129,0.128688649421761
25885,0.286865517260356,0.169375653072523,0.198182229433266,0.345576600233856
25886,0.0938975367293708,0.616688258473059,0.202508909020713,0.0869052957768571
25887,0.343333535930469,0.175893326348085,0.268966773520475,0.211806364200971
25888,0.444415933959418,0.187414401354151,0.203224294493694,0.164945370192737
25889,0.21126741711816,0.249780836018664,0.345442254360504,0.193509492502672
25890,0.51884779345776,0.185832605891397,0.120891512363231,0.174428088287612
25891,0.193030984830977,0.178987152920111,0.535664046415087,0.0923178158338251
25892,0.233382538445639,0.248554471187279,0.264585978770485,0.253477011596597
25893,0.330129940313573,0.367822671687587,0.1272242458923,0.174823142106539
25894,0.461013980878661,0.322966671568961,0.0855968075906512,0.130422539961727
25895,0.373660446166036,0.135012705071343,0.243745683443193,0.247581165319428
25896,0.156928483440317,0.241832363036909,0.459879118378509,0.141360035144265
25897,0.168244864827947,0.441650347392257,0.241985570877775,0.148119216902021
25898,0.252635005517046,0.372502532025997,0.321151928309811,0.0537105341471458
25899,0.164687644816162,0.481226292298152,0.188819372871896,0.16526669001379
25900,0.204982452829368,0.307787057884815,0.340247368388826,0.146983120896991
25901,0.241306996561398,0.314367755806318,0.366722982848668,0.077602264783616
25902,0.143083015190709,0.350166513628624,0.384194900401787,0.122555570778879
25903,0.26271130038797,0.273715338836598,0.357298117591783,0.106275243183649
25904,0.0961865834568218,0.359667426535183,0.444316389274433,0.0998296007335617
25905,0.200251275488673,0.305100300981743,0.384686061993251,0.109962361536334
25906,0.30407271144976,0.450631973878616,0.18311474042653,0.0621805742450946
25907,0.184424177184184,0.492002475187024,0.256332948432357,0.0672403991964353
25908,0.260120084798135,0.180801386160098,0.333663094834003,0.225415434207764
25909,0.412861195571858,0.276731942873098,0.223217960486058,0.0871889010689855
25910,0.0881667267267175,0.405965821586026,0.373217837078305,0.132649614608952
25911,0.332413283983714,0.174145638412513,0.325582751921439,0.167858325682335
25912,0.349621741038349,0.339098824862076,0.17118339605342,0.140096038046155
25913,0.108227708033819,0.260485183351677,0.442691657252614,0.18859545136189
25914,0.219721389439736,0.225493436270865,0.448316337520852,0.106468836768546
25915,0.367094664802603,0.240710098922539,0.291420214089673,0.100775022185186
25916,0.15706664895631,0.47084894349077,0.16861775702438,0.20346665052854
25917,0.249656276474389,0.464173279275944,0.0975504681980514,0.188619976051616
25918,0.173555994641598,0.314083809319724,0.354288069845766,0.158072126192913
25919,0.302816133023433,0.0528148188202905,0.306736585259256,0.33763246289702
25920,0.322226191188089,0.397030890441764,0.0982711130685815,0.182471805301566
25921,0.0904498106877146,0.123924699444818,0.653442089310458,0.13218340055701
25922,0.0578281376762489,0.0758104528506464,0.378694228266915,0.48766718120619
25923,0.222290743942643,0.143449147768452,0.0856660072468382,0.548594101042067
25924,0.695394127695243,0.10296380068987,0.0873733370646619,0.114268734550225
25925,0.141608215841941,0.112495760907037,0.584821965305963,0.161074057945059
25926,0.423473842495164,0.381172359680218,0.0798413101930194,0.115512487631598
25927,0.127632879997771,0.376827731035984,0.1884483417419,0.307091047224345
25928,0.155268259238397,0.405381633149093,0.26729516296934,0.172054944643171
25929,0.0420468136578797,0.372432094811952,0.0898912591662847,0.495629832363884
25930,0.30312880622579,0.289276594382623,0.290320775979745,0.117273823411842
25931,0.0527926290259064,0.0640393248636321,0.763854051101491,0.119313995008971
25932,0.0623601941391547,0.432731542982316,0.136727978048518,0.368180284830011
25933,0.123327734982802,0.123860793227031,0.553743200272468,0.199068271517698
25934,0.0746230680818408,0.0762205468615824,0.544880233866462,0.304276151190115
25935,0.204670053786553,0.230188071887061,0.0972669673358939,0.467874906990492
25936,0.253596587283282,0.0931790326277914,0.525276843463524,0.127947536625403
25937,0.630850001642028,0.115776439718735,0.0992529590204899,0.154120599618747
25938,0.0878446044246091,0.55768914493044,0.121756025096178,0.232710225548773
25939,0.139113838346592,0.10113550906116,0.462070035227034,0.297680617365214
25940,0.0561405911598768,0.249956849876233,0.133697843625705,0.560204715338185
25941,0.0951065642875627,0.286291199992556,0.505084863692059,0.113517372027823
25942,0.10230528604974,0.382898942029886,0.261640976038936,0.253154795881438
25943,0.0488222332943843,0.332793712162371,0.259700301541127,0.358683753002117
25944,0.198928065105449,0.115968386159702,0.115275548507315,0.569828000227533
25945,0.158115797844211,0.110757826317072,0.233153763099173,0.497972612739543
25946,0.546318186840585,0.153090494221214,0.111634391297767,0.188956927640434
25947,0.390804609424096,0.197034252000515,0.180752525276075,0.231408613299313
25948,0.0432619910240766,0.103230224576568,0.124644645947515,0.72886313845184
25949,0.074448860620856,0.267310785751997,0.453296818743937,0.20494353488321
25950,0.659799141150123,0.0877923269346121,0.129592820516364,0.122815711398901
25951,0.0877478078474817,0.169757899886693,0.429588718777159,0.312905573488667
25952,0.0531169558864949,0.121603801723596,0.547953413680588,0.27732582870932
25953,0.280404023598226,0.120136878560581,0.109662773305256,0.489796324535937
25954,0.654903261012165,0.0376832908109481,0.0427447049028177,0.26466874327407
25955,0.134891221343783,0.482612179912364,0.248547476653726,0.133949122090127
25956,0.232468727307322,0.25879880611924,0.446471508780169,0.0622609577932684
25957,0.459678524879007,0.284396697788812,0.185145487401181,0.0707792899310001
25958,0.314855950979353,0.351298420559892,0.180799992259818,0.153045636200937
25959,0.137178582060897,0.282038261555868,0.436998259070536,0.1437848973127
25960,0.376593829385958,0.382591351756565,0.170108209045938,0.070706609811539
25961,0.336825344624219,0.228013209414666,0.364974710968966,0.0701867349921493
25962,0.514273392470348,0.253076328837755,0.117872722386744,0.114777556305153
25963,0.127116121228618,0.443206353886835,0.326766631276949,0.102910893607598
25964,0.418939516165653,0.318172542135096,0.156863960792077,0.106023980907174
25965,0.266292956699545,0.192940201087653,0.403189530929587,0.137577311283215
25966,0.266791480302554,0.175072251236176,0.442219357360929,0.115916911100341
25967,0.310552978819505,0.203405597798536,0.15204154551459,0.333999877867369
25968,0.288538109348011,0.337633338979364,0.2039483218156,0.169880229857025
25969,0.105070763895851,0.392561695475585,0.436701747108444,0.0656657935201204
25970,0.277750783486065,0.376657590732917,0.210170862323493,0.135420763457526
25971,0.36828150301086,0.264836954791297,0.265705605772473,0.101175936425369
25972,0.224772308604768,0.409838331666174,0.193522306907912,0.171867052821147
25973,0.216527513720853,0.258916322510398,0.406110696135404,0.118445467633345
25974,0.424735899689515,0.0951085804089304,0.218785538071515,0.261369981830041
25975,0.08913485629776,0.415285140214337,0.288883657226801,0.206696346261102
25976,0.0963796924158079,0.348345872857806,0.195067444147681,0.360206990578706
25977,0.488196081967095,0.136662625990352,0.290716286468503,0.0844250055740504
25978,0.22660422291016,0.520183372654232,0.181124996133981,0.0720874083016273
25979,0.642097956266191,0.0846880703236691,0.158377399948519,0.11483657346162
25980,0.111577740158218,0.453062688668946,0.318397658944142,0.116961912228694
25981,0.515592070917424,0.152821735959566,0.241252359555501,0.0903338335675094
25982,0.152650290702262,0.0751263836285531,0.617912650423458,0.154310675245727
25983,0.491232904484886,0.200849176766063,0.191788533074511,0.11612938567454
25984,0.354629350745079,0.102834400138183,0.274055690483814,0.268480558632925
25985,0.160135803924108,0.112740289617963,0.0911248865396008,0.635999019918328
25986,0.484672700856273,0.0781981151170511,0.183048653018036,0.254080531008639
25987,0.0711815376717516,0.108930546713583,0.727631735609388,0.0922561800052785
25988,0.0811449753537435,0.488091262115463,0.323386677512063,0.107377085018731
25989,0.055722985309014,0.192223527692881,0.109677969752683,0.642375517245422
25990,0.0667993433973836,0.136299414358535,0.65185437365943,0.145046868584651
25991,0.231706454894159,0.123358562144767,0.19951658508993,0.445418397871144
25992,0.0503182527689933,0.293884343650894,0.489727453326053,0.166069950254061
25993,0.247219426132043,0.378410314678705,0.125414414854397,0.248955844334855
25994,0.203701755508328,0.160583583634244,0.250426808755281,0.385287852102146
25995,0.217354342748364,0.404983077831417,0.180855418858843,0.196807160561376
25996,0.283291141026069,0.231213007819044,0.372303350529346,0.113192500625541
25997,0.406529592352265,0.176188303983232,0.211667651603761,0.205614452060742
25998,0.334302808633734,0.253623744650266,0.209306729386416,0.202766717329583
25999,0.211707384960284,0.257409769678546,0.432602396645031,0.0982804487161389
26000,0.159985613644598,0.439510896004606,0.199972836188898,0.200530654161898
26001,0.22248041682334,0.51873977419367,0.130259405825248,0.128520403157742
26002,0.45655315121496,0.188053259271822,0.224781996305649,0.130611593207569
26003,0.254706327521631,0.208442635388817,0.19022297998487,0.346628057104682
26004,0.109891309435198,0.505540175967579,0.163732635026142,0.220835879571081
26005,0.107433322547574,0.230500759175572,0.401134574227247,0.260931344049607
26006,0.164710700203668,0.344870858188452,0.200474877736432,0.289943563871449
26007,0.266943464847788,0.481772652717274,0.158308137223263,0.0929757452116753
26008,0.127178415268218,0.0844290475759172,0.618647444564323,0.169745092591542
26009,0.168648863759702,0.617464950294889,0.133525789213775,0.0803603967316342
26010,0.269239663740819,0.194785570391905,0.229929660865527,0.306045105001748
26011,0.666901864808937,0.132853767578595,0.11139389905589,0.0888504685565787
26012,0.26053482041231,0.235064385779908,0.278538855973708,0.225861937834074
26013,0.154568421469004,0.271627568754308,0.268660538436738,0.30514347133995
26014,0.296400861289264,0.318826739971841,0.194935545788913,0.189836852949982
26015,0.176748316205223,0.465058607219092,0.254335722352901,0.103857354222783
26016,0.39477137017899,0.229275485088073,0.227080205983014,0.148872938749923
26017,0.403869584867769,0.142120957970205,0.250868547653088,0.203140909508938
26018,0.311907979506339,0.291279352882478,0.108093619317269,0.288719048293914
26019,0.173130528559933,0.437132198754407,0.235452858418624,0.154284414267036
26020,0.25001772490672,0.156912510442964,0.372073846933009,0.220995917717306
26021,0.127671929521634,0.459160968486604,0.152325743370066,0.260841358621696
26022,0.329477352535344,0.276640508777365,0.129436494817048,0.264445643870244
26023,0.142643808938057,0.322561194953598,0.357066797766325,0.17772819834202
26024,0.238935576982337,0.136219262199253,0.50659387828759,0.118251282530821
26025,0.190953856310323,0.414420063270466,0.120874732679059,0.273751347740152
26026,0.180708947949562,0.267436804764281,0.172062522892535,0.379791724393622
26027,0.236166597461594,0.127764991747476,0.484628962658015,0.151439448132916
26028,0.274494371814932,0.179396065514924,0.117597155171285,0.428512407498859
26029,0.135794212259728,0.29188684529021,0.190604015110978,0.381714927339085
26030,0.225534068173291,0.160545117543958,0.122026610361256,0.491894203921496
26031,0.27169899248225,0.35193306794993,0.281805108552185,0.0945628310156342
26032,0.395758791471104,0.280482822834024,0.229129261770372,0.0946291239245002
26033,0.344743700445941,0.382150769187224,0.140173727317824,0.132931803049011
26034,0.221729756961295,0.155616018186032,0.505224700394126,0.117429524458548
26035,0.398478926511774,0.116508022431143,0.321793088249668,0.163219962807415
26036,0.351880107475432,0.087771593489562,0.413024368458275,0.147323930576731
26037,0.176057097024509,0.621619943126804,0.130171312614285,0.0721516472344021
26038,0.0978628085172137,0.420093476856918,0.23868303494264,0.243360679683228
26039,0.349855688092005,0.101997553800435,0.330955213625338,0.217191544482222
26040,0.163153031741014,0.263033369646409,0.499416692290151,0.0743969063224255
26041,0.321869880332578,0.289244536247627,0.2100249914054,0.178860592014395
26042,0.208282829510613,0.393434679126434,0.127398023487541,0.270884467875412
26043,0.147871635667192,0.268903942171416,0.493074968076224,0.0901494540851687
26044,0.545698905460155,0.231250855175145,0.130104602369642,0.0929456369950581
26045,0.197711879318317,0.535289215419316,0.156200950388023,0.110797954874343
26046,0.296530534857886,0.198801057906332,0.159159760193052,0.34550864704273
26047,0.300804159017685,0.1517110714727,0.313105173609901,0.234379595899714
26048,0.13137463006402,0.287813166357528,0.353399648350961,0.227412555227491
26049,0.183418793497826,0.263828710922166,0.456736563291688,0.0960159322883201
26050,0.256361283916979,0.184752376608736,0.428225440358158,0.130660899116127
26051,0.151765609288146,0.461550514603848,0.152824676671227,0.233859199436779
26052,0.124032256654412,0.310762796298339,0.164598549003872,0.400606398043377
26053,0.172712321723147,0.306789673734048,0.406311593244496,0.11418641129831
26054,0.202266538673705,0.346997584792172,0.172766535355568,0.277969341178554
26055,0.408163572380433,0.269000852342364,0.129773114803985,0.193062460473219
26056,0.308027512763638,0.131022890243467,0.281100782753204,0.279848814239691
26057,0.297953662889046,0.345694041743494,0.245741944685402,0.110610350682058
26058,0.136156139216574,0.44933717553539,0.114612878190151,0.299893807057885
26059,0.421260060919029,0.28852058163035,0.173784314280689,0.116435043169931
26060,0.384496122857656,0.347882540923406,0.124736476791016,0.142884859427923
26061,0.457565099583991,0.197541920780507,0.171453166935078,0.173439812700424
26062,0.214786664660127,0.261916093563247,0.302562544361138,0.220734697415488
26063,0.36790344653331,0.0657798003596823,0.318975535925413,0.247341217181595
26064,0.164054811889149,0.114762913820854,0.473765949398105,0.247416324891892
26065,0.53314268031786,0.182345650368176,0.107617996529603,0.176893672784361
26066,0.276810855938478,0.338657281065855,0.117464867756701,0.267066995238967
26067,0.45754431417455,0.267891322347642,0.147990851019922,0.126573512457887
26068,0.134993934555023,0.519685645761692,0.152699903432573,0.192620516250713
26069,0.134366974369571,0.19892559260474,0.497850169559293,0.168857263466396
26070,0.453657978560467,0.198394645907911,0.120212304074911,0.227735071456712
26071,0.322679408178147,0.190455887457089,0.189143309889294,0.29772139447547
26072,0.255377294593547,0.258166529159071,0.395203617344123,0.0912525589032599
26073,0.252958533534659,0.399639034943804,0.183739338552687,0.163663092968851
26074,0.140402929252189,0.212293270014963,0.562167004640906,0.0851367960919415
26075,0.249750190088475,0.258494403139194,0.27375883052362,0.21799657624871
26076,0.209283952743925,0.102525193735447,0.508290134248793,0.179900719271835
26077,0.117919491087278,0.547817875496402,0.197803272284739,0.13645936113158
26078,0.139310516273744,0.234241135522449,0.562238460894745,0.064209887309062
26079,0.112042420678059,0.254617735740322,0.383147715751214,0.250192127830405
26080,0.163714214323355,0.560289906622726,0.161322414430922,0.114673464622998
26081,0.164554547354412,0.180557244369199,0.518537538041326,0.136350670235064
26082,0.27276318904087,0.133584713082746,0.301331210673677,0.292320887202707
26083,0.188105288972565,0.310040023257483,0.220524697434101,0.281329990335851
26084,0.121006451113258,0.425157144219071,0.258547679771964,0.195288724895706
26085,0.256909671791579,0.180408933433412,0.2423593367987,0.320322057976308
26086,0.458950455457301,0.118632296605855,0.185734321963706,0.236682925973138
26087,0.149348129750152,0.31522515724428,0.38502243325369,0.150404279751877
26088,0.14826412719652,0.257143333020348,0.209868546271936,0.384723993511196
26089,0.282739073692801,0.13893210539746,0.175603905753871,0.402724915155868
26090,0.36937364943531,0.0727281235566213,0.349508056748168,0.208390170259901
26091,0.120079175036006,0.106480112623753,0.624887392888504,0.148553319451738
26092,0.188161659354045,0.292997841702415,0.0302254908124875,0.488615008131053
26093,0.401632405097593,0.219200191509833,0.0889061089704499,0.290261294422124
26094,0.318494472728576,0.0426474611099299,0.136537771089952,0.502320295071543
26095,0.0433640560958424,0.253749293994768,0.2120534841081,0.49083316580129
26096,0.541866221644913,0.14199768258931,0.119280862190038,0.196855233575739
26097,0.0370458570740596,0.481949687617167,0.0674075644320424,0.413596890876731
26098,0.682688766586897,0.109615775160935,0.0766855939689846,0.131009864283184
26099,0.0897330756283537,0.278040840426104,0.099541599160905,0.532684484784638
26100,0.539497849733438,0.118141864620891,0.147496334592007,0.194863951053664
26101,0.522126765319968,0.298193388603756,0.0470997599358498,0.132580086140427
26102,0.0889907846196313,0.124039939306747,0.157205783945299,0.629763492128323
26103,0.0686212884240295,0.569168351824717,0.181691195472371,0.180519164278882
26104,0.0588976036115899,0.196734921506393,0.146621408488513,0.597746066393504
26105,0.313980904890307,0.107380864565507,0.0503563813070318,0.528281849237154
26106,0.0357955616732301,0.576337447877507,0.136662336224392,0.251204654224871
26107,0.283736632595283,0.487157144472421,0.132183427897798,0.0969227950344981
26108,0.256508400177155,0.31807720979223,0.261456833338135,0.163957556692481
26109,0.233737885864152,0.257128904388838,0.342625514452723,0.166507695294287
26110,0.472338116648845,0.194774338338094,0.230719308302983,0.102168236710078
26111,0.189150199237788,0.225166269836952,0.434555126512187,0.151128404413073
26112,0.181053807714442,0.396655408422654,0.26904629447102,0.153244489391884
26113,0.323479585634683,0.373879986973786,0.158794056386761,0.14384637100477
26114,0.308361843055232,0.440745339413434,0.171105665676234,0.0797871518551005
26115,0.292578804445463,0.142303560354847,0.480249724478804,0.084867910720886
26116,0.169999237990797,0.204759314564069,0.463610648225099,0.161630799220036
26117,0.383380257006823,0.212548809876811,0.160716208084659,0.243354725031708
26118,0.379631927151711,0.231187506294992,0.143179426040765,0.246001140512532
26119,0.21364039919967,0.527979800205071,0.175886581706526,0.0824932188887329
26120,0.21005638809633,0.385214596014609,0.231743869348134,0.172985146540927
26121,0.400251442209592,0.183990078874774,0.186460396745633,0.229298082170002
26122,0.153848368143073,0.248016023227283,0.295974685196329,0.302160923433315
26123,0.237789346680477,0.230433789044537,0.323773844219767,0.208003020055219
26124,0.246783062902232,0.221294751540061,0.311966195544757,0.219955990012951
26125,0.328036886072873,0.262326672741421,0.282666124838099,0.126970316347607
26126,0.588287375413427,0.06625598270726,0.112034129679538,0.233422512199775
26127,0.502585862996447,0.253605499543459,0.112278522234972,0.131530115225122
26128,0.242315675742281,0.180380108195147,0.0922425386430532,0.485061677419519
26129,0.192298941660914,0.271560372061803,0.414390469206395,0.121750217070888
26130,0.455896678836638,0.186007233462455,0.119221291255924,0.238874796444984
26131,0.379297302473204,0.0558913339912897,0.212033196258838,0.352778167276668
26132,0.190281758313208,0.0696414481899007,0.459499823944962,0.28057696955193
26133,0.0681882263804397,0.441392125271989,0.228195900109376,0.262223748238195
26134,0.174131276068924,0.597731477453655,0.0974472008034702,0.130690045673951
26135,0.10175755200144,0.322046674780312,0.222784916954148,0.3534108562641
26136,0.343117256962051,0.233267488043859,0.104797193066184,0.318818061927907
26137,0.141796685410175,0.461656201786087,0.132323944177923,0.264223168625815
26138,0.0874735512433406,0.272442589201038,0.0547893028295181,0.585294556726103
26139,0.172505372639961,0.518422928955691,0.0537923735208605,0.255279324883488
26140,0.239671401659529,0.0471624953817732,0.361392373461182,0.351773729497517
26141,0.220046639358677,0.120879545060563,0.109960387809748,0.549113427771012
26142,0.0475153723436382,0.551983437370033,0.129746780429889,0.270754409856439
26143,0.0930132089208228,0.296805154841166,0.358700127157236,0.251481509080775
26144,0.0322958305271057,0.115245278435718,0.448183204416956,0.40427568662022
26145,0.441044394902142,0.113569630093848,0.202272076735109,0.243113898268901
26146,0.196477708433838,0.149768123435065,0.491797352660589,0.161956815470507
26147,0.278938268243468,0.403430749207953,0.195221285796122,0.122409696752457
26148,0.492734931013325,0.218908353887848,0.187700097596008,0.100656617502819
26149,0.0728047893920621,0.575991921783748,0.210782772750554,0.140420516073636
26150,0.281253592648131,0.223545668868358,0.129799085536894,0.365401652946617
26151,0.326218882621215,0.249880726689958,0.20780141152421,0.216098979164617
26152,0.0856739088209159,0.517342495427273,0.129004046843988,0.267979548907823
26153,0.0959046451673477,0.122602049703499,0.555537976122033,0.22595532900712
26154,0.172305226229992,0.184671500581085,0.256587386279298,0.386435886909624
26155,0.0560085209918767,0.547052807741521,0.230341827460674,0.166596843805929
26156,0.190838957326246,0.256024459230406,0.275984689071849,0.277151894371499
26157,0.135383989771486,0.234172852809249,0.514972676839551,0.115470480579714
26158,0.56599759372846,0.219148461606739,0.105488064220832,0.109365880443968
26159,0.157215341582047,0.164652849296209,0.480874857731477,0.197256951390267
26160,0.167553424532348,0.173435995539771,0.385178515787048,0.273832064140833
26161,0.116823144203095,0.367534510214098,0.214292634776245,0.301349710806563
26162,0.279671621101728,0.0774895949527462,0.519184470733516,0.12365431321201
26163,0.525968781251704,0.0920137352329837,0.14622693148245,0.235790552032863
26164,0.0700560535103043,0.372552497182519,0.409757159403624,0.147634289903552
26165,0.31288265911431,0.241610811630311,0.292682475696847,0.152824053558532
26166,0.22556465451628,0.160594074623982,0.539726794011334,0.0741144768484045
26167,0.155027929771953,0.338509604126701,0.244258551680731,0.262203914420615
26168,0.131055298553547,0.399636980147072,0.357185303908276,0.112122417391105
26169,0.54441159543733,0.0711300971466967,0.261977568055942,0.122480739360032
26170,0.09364359849912,0.563206488706944,0.253570633015986,0.0895792797779502
26171,0.154477563893246,0.15509653365238,0.626170555153381,0.064255347300994
26172,0.152040808520516,0.410789330802655,0.290061488265012,0.147108372411817
26173,0.101812786018717,0.329116853336248,0.470772505201294,0.0982978554437407
26174,0.17045472288359,0.334438564235645,0.316051421699564,0.179055291181202
26175,0.054066331805824,0.743149210619359,0.0324034340407037,0.170381023534113
26176,0.215624762800534,0.15693029323276,0.511021625779253,0.116423318187453
26177,0.037320820940989,0.0745824582537514,0.568709389351346,0.319387331453914
26178,0.0376732258226968,0.403360347781557,0.101691691644402,0.457274734751345
26179,0.549559600431767,0.221733530691289,0.0405970890072024,0.188109779869741
26180,0.366318792940265,0.330604128751762,0.0688080371342412,0.234269041173732
26181,0.327907025932021,0.190920838626571,0.159632248043336,0.321539887398072
26182,0.0361950187960267,0.583239817107568,0.203187138829595,0.17737802526681
26183,0.233635279068407,0.289613788511626,0.411177334177515,0.065573598242452
26184,0.104533248473321,0.223497924868357,0.456688907497986,0.215279919160337
26185,0.421313325277659,0.383048479888076,0.138512715353365,0.0571254794809003
26186,0.157543436803819,0.224770609880372,0.464371619840447,0.153314333475362
26187,0.468965075600565,0.272095987091119,0.133461941524677,0.12547699578364
26188,0.172241599392109,0.304429255837153,0.404729710728411,0.118599434042327
26189,0.37869226680361,0.154261061396533,0.268876126740393,0.198170545059464
26190,0.43062422292466,0.254441873824416,0.188081532354904,0.12685237089602
26191,0.377743380692894,0.31686967716198,0.189457230155164,0.115929711989962
26192,0.1461356253867,0.201213852489451,0.555308264243604,0.0973422578802442
26193,0.266792045446426,0.260462478877915,0.299783811253442,0.172961664422217
26194,0.214990781622476,0.557635792504897,0.109103987254502,0.118269438618125
26195,0.155568081824667,0.432819280566092,0.252398238600556,0.159214399008686
26196,0.263424582105292,0.102601651566841,0.432706997809134,0.201266768518733
26197,0.19410528210652,0.288534075059765,0.206125730865456,0.31123491196826
26198,0.194192619519839,0.660925060940562,0.0949712748656322,0.0499110446739666
26199,0.378312116234577,0.155526654004196,0.145502227126238,0.32065900263499
26200,0.148464382912606,0.335965563087364,0.248321318499554,0.267248735500477
26201,0.492338983029132,0.263097286197733,0.0861494643950302,0.158414266378106
26202,0.515791553956092,0.156378313027349,0.228433173398629,0.0993969596179309
26203,0.459849262264011,0.315120651554068,0.127801477089573,0.0972286090923479
26204,0.306459124582639,0.185041703639619,0.248712282664097,0.259786889113645
26205,0.173632370079524,0.329532576990606,0.254242165766864,0.242592887163006
26206,0.269633896665557,0.18935956067201,0.0931495227867872,0.447857019875646
26207,0.215317959461733,0.250977532326608,0.272865596013419,0.260838912198239
26208,0.503253303743347,0.130740876674067,0.240282012052066,0.125723807530521
26209,0.389783092336546,0.44706251601914,0.0416353689758568,0.121519022668457
26210,0.63179699373783,0.162077505490988,0.0866193990338039,0.119506101737378
26211,0.306502739720375,0.417092797363248,0.078092592347212,0.198311870569166
26212,0.160594153676932,0.428430382966218,0.14918474546234,0.26179071789451
26213,0.356534156686545,0.347919466913222,0.130148357163563,0.16539801923667
26214,0.101762042968418,0.193135696088639,0.578785885242202,0.126316375700741
26215,0.208091142129503,0.46850654167048,0.0843889980093577,0.239013318190659
26216,0.131758394370378,0.220785515665488,0.384013101777427,0.263442988186707
26217,0.217163834922369,0.0944465171975695,0.259141714968087,0.429247932911974
26218,0.0968284545250909,0.61002766962925,0.205681211541925,0.087462664303735
26219,0.418536672601832,0.11135575464859,0.186753755405935,0.283353817343643
26220,0.117740651875206,0.204926897633388,0.580385393302507,0.0969470571888984
26221,0.18640344090548,0.211550133058712,0.488584106773604,0.113462319262204
26222,0.519580368204382,0.149218437483864,0.248807446025113,0.0823937482866419
26223,0.170655043560915,0.450276775230968,0.267180627139978,0.111887554068139
26224,0.36216389748225,0.182802849181695,0.372772610363251,0.0822606429728042
26225,0.123851587360205,0.183459972908818,0.53906790208347,0.153620537647507
26226,0.251955811986615,0.538992341512101,0.124460199588102,0.0845916469131822
26227,0.197891252425118,0.377366122857429,0.261646125825442,0.163096498892011
26228,0.227628444300059,0.189476082870914,0.423996114036032,0.158899358792995
26229,0.205478530065801,0.318831955649063,0.14439979331216,0.331289720972976
26230,0.104483325916117,0.564284720299418,0.254318470442592,0.076913483341873
26231,0.451628480180894,0.163325166236998,0.248758526011263,0.136287827570845
26232,0.274878971706188,0.221454867150794,0.335274691265564,0.168391469877455
26233,0.580938091194028,0.129980226918027,0.125317678101523,0.163764003786421
26234,0.435361464857301,0.173344585123573,0.284566915931309,0.106727034087816
26235,0.135035466972775,0.30619005427724,0.216663906256927,0.342110572493058
26236,0.19912025619664,0.27149374757807,0.386737867050959,0.14264812917433
26237,0.121413345002847,0.482406830399735,0.108447175002787,0.287732649594632
26238,0.19125726537204,0.514523745703491,0.102082211673696,0.192136777250774
26239,0.304544021733365,0.226886270540078,0.233317480952445,0.235252226774113
26240,0.341819907818598,0.140105511790046,0.422277513263955,0.0957970671274017
26241,0.194997467837267,0.305299956924875,0.427149830132983,0.0725527451048761
26242,0.160883126441951,0.455604262194337,0.289752500199246,0.0937601111644661
26243,0.193028587977104,0.591143859522238,0.115968448950347,0.0998591035503123
26244,0.161836394014075,0.265689470988708,0.381464835947538,0.191009299049679
26245,0.224420023343693,0.165441831203308,0.523698057377028,0.0864400880759707
26246,0.334649760929401,0.291418678907607,0.306275304879877,0.0676562552831159
26247,0.426617421566032,0.166189454793903,0.286006387031009,0.121186736609057
26248,0.126021556270532,0.590323059079163,0.154036070376273,0.129619314274033
26249,0.30483263369351,0.355798434251721,0.149871684433431,0.189497247621338
26250,0.465225443184244,0.190973717635476,0.182813743533447,0.160987095646833
26251,0.103904980991697,0.149447523301061,0.263708818317938,0.482938677389304
26252,0.121958359779798,0.621135812845808,0.101098691963149,0.155807135411245
26253,0.161862991326672,0.379247111132494,0.211447087788722,0.247442809752112
26254,0.199219645798664,0.0988509115964838,0.568044674370195,0.133884768234657
26255,0.126413340612507,0.223851127224866,0.270897021644643,0.378838510517984
26256,0.405525228147297,0.232664450041033,0.267258488832005,0.0945518329796647
26257,0.214456697339765,0.0976938454013497,0.456495799666038,0.231353657592848
26258,0.101155064496819,0.186656811354529,0.592453252295663,0.11973487185299
26259,0.420401053906071,0.103835338227811,0.297852813006578,0.17791079485954
26260,0.427668099836283,0.207306326459822,0.152612732005095,0.2124128416988
26261,0.24403221334155,0.253307077253907,0.114455002589043,0.3882057068155
26262,0.640847324953885,0.119440697321721,0.0925755050044956,0.147136472719899
26263,0.0938175122783798,0.573898060490284,0.128471947489091,0.203812479742245
26264,0.198084645597825,0.190217336584355,0.279862734731266,0.331835283086555
26265,0.312025603756666,0.233416140984824,0.142419469039599,0.312138786218911
26266,0.199546971967548,0.252488934673996,0.254462804771971,0.293501288586485
26267,0.273804211559098,0.0626746645987819,0.472090139041322,0.191430984800798
26268,0.231669886485211,0.040379420441163,0.534245558612804,0.193705134460821
26269,0.380716434656141,0.119397969314772,0.198737146543466,0.301148449485622
26270,0.275695284663188,0.393717584309316,0.138744936985029,0.191842194042467
26271,0.217938043283064,0.135847177409801,0.517210250522239,0.129004528784897
26272,0.147409989434891,0.533431142187186,0.104148574010851,0.215010294367072
26273,0.405343251030553,0.195553536028904,0.13251693523305,0.266586277707493
26274,0.627272733627911,0.139444716988248,0.123414681539586,0.109867867844256
26275,0.117275559049665,0.705589124742607,0.0483547232732861,0.128780592934443
26276,0.19962197274238,0.0939873683645465,0.413394015323868,0.292996643569206
26277,0.070794968525272,0.0706403673557697,0.493277502225975,0.365287161892984
26278,0.186133173388974,0.362054641491883,0.266447562946663,0.185364622172481
26279,0.213858443009051,0.263348700324739,0.369280817725908,0.153512038940302
26280,0.396549063854765,0.148047686473655,0.283620720167149,0.171782529504432
26281,0.31421319108839,0.278553102388455,0.212296417954133,0.194937288569023
26282,0.236238366622234,0.45799460406161,0.138995241728086,0.16677178758807
26283,0.236464274686429,0.213216084858462,0.332692261172433,0.217627379282677
26284,0.295668499778939,0.369454148708679,0.124125266786722,0.21075208472566
26285,0.18537529005658,0.190744001546643,0.439683138138551,0.184197570258226
26286,0.514175423769704,0.231758646248296,0.17546726199176,0.0785986679902411
26287,0.152372579664416,0.265063906032046,0.325207974922219,0.257355539381319
26288,0.204015432274362,0.336410526702657,0.29782803689992,0.161746004123062
26289,0.240811204107915,0.395480487674807,0.136642456719693,0.227065851497584
26290,0.230361069200563,0.166543758384492,0.477893773693935,0.12520139872101
26291,0.286007742292153,0.316613342584304,0.240090541083602,0.157288374039941
26292,0.198115249843699,0.254943980559976,0.284807178468203,0.262133591128122
26293,0.201385067352771,0.270492353752148,0.174232488600363,0.353890090294718
26294,0.178141447523686,0.540578366033629,0.19087792789946,0.0904022585432257
26295,0.22125569655834,0.296741550935898,0.259773396446978,0.222229356058784
26296,0.181241777761869,0.234897756454476,0.280433287787321,0.303427177996335
26297,0.214269969096807,0.188049496289852,0.367560476364723,0.230120058248618
26298,0.11158656323594,0.182687491690628,0.602385441844818,0.103340503228613
26299,0.0989789855317261,0.478929845003988,0.310030445619745,0.112060723844542
26300,0.21461618006019,0.138178354203448,0.418967105468153,0.228238360268209
26301,0.161579261433432,0.402164799682979,0.164797504651934,0.271458434231655
26302,0.113747997484136,0.676709480897401,0.111324207124819,0.0982183144936437
26303,0.307811640010536,0.332275816074217,0.155944059564271,0.203968484350976
26304,0.141003147822733,0.136845410949975,0.440914610164984,0.281236831062309
26305,0.530349786565022,0.228870977826201,0.06607723110079,0.174702004507988
26306,0.320838074680844,0.082465749260231,0.129104968104478,0.467591207954447
26307,0.0884118061028108,0.48247357387199,0.329956845355075,0.0991577746701245
26308,0.324462606576098,0.0657372711938475,0.14584888416885,0.463951238061205
26309,0.0637655078308466,0.418242015518663,0.154931483838939,0.363060992811552
26310,0.117468372790078,0.254990357325348,0.494825140272411,0.132716129612164
26311,0.449593314829957,0.302933844289854,0.12724750592908,0.120225334951109
26312,0.216900659157833,0.504125424674753,0.178844489351868,0.100129426815547
26313,0.153691492398809,0.394746413880682,0.232166216565828,0.219395877154681
26314,0.0561920747837379,0.391807861914157,0.197663287357085,0.354336775945019
26315,0.444900337188139,0.151762599486405,0.111965564898912,0.291371498426544
26316,0.138068608687765,0.0813992802699912,0.205802487203172,0.574729623839072
26317,0.18035062359958,0.276085007593776,0.157217176788886,0.386347192017758
26318,0.0927320248375662,0.168761745561201,0.243818498086794,0.494687731514438
26319,0.562631870684163,0.0398935618480765,0.108125145389402,0.289349422078359
26320,0.0807555836967697,0.256680837323214,0.0952367142130883,0.567326864766928
26321,0.488023569919706,0.170250330992583,0.139092567462006,0.202633531625705
26322,0.437840433054728,0.180299204545316,0.199929336417694,0.181931025982262
26323,0.0681421397805567,0.5936301527439,0.18545266942046,0.152775038055083
26324,0.123311390070834,0.161544169629392,0.0897463728969278,0.625398067402846
26325,0.191559018791937,0.0539297378398098,0.359730053106646,0.394781190261607
26326,0.649439096378161,0.0897379888884534,0.145677340058354,0.115145574675032
26327,0.556477614461415,0.0528253821631132,0.0385145508792513,0.352182452496221
26328,0.18888003985248,0.59029406521803,0.0373263344896979,0.183499560439792
26329,0.0997049904799082,0.0800116972400408,0.488087108410839,0.332196203869212
26330,0.0676743175847939,0.125046582509533,0.111298203209551,0.695980896696122
26331,0.32893584930722,0.0760406362927607,0.0790899742156692,0.51593354018435
26332,0.097757450595335,0.456398806876616,0.0424849705515346,0.403358771976515
26333,0.208047819475932,0.0614582904692276,0.161443455821181,0.569050434233659
26334,0.471832653704341,0.0581012181940512,0.0423740212461001,0.427692106855508
26335,0.153855058754025,0.366049350784141,0.303059373459904,0.17703621700193
26336,0.209051363407318,0.270029607353001,0.258896828049382,0.2620222011903
26337,0.465235984487937,0.0958192587390823,0.351612912487723,0.0873318442852577
26338,0.0977769092343785,0.404145700266224,0.125072005142755,0.373005385356643
26339,0.136463160372144,0.46408237289395,0.143256007219734,0.256198459514172
26340,0.207746384846093,0.136654965420533,0.249789162237044,0.40580948749633
26341,0.0679435189843403,0.120220303861176,0.714830778788443,0.0970053983660407
26342,0.353205079208923,0.233264189014568,0.275180549304977,0.138350182471533
26343,0.265031786076875,0.359401141946502,0.239198879156978,0.136368192819645
26344,0.209584399493061,0.271783487646505,0.341645746029607,0.176986366830828
26345,0.302414997705468,0.161486346966923,0.443975630715018,0.0921230246125904
26346,0.07548924546331,0.125472761337853,0.12571431023045,0.673323682968386
26347,0.185886143434577,0.65521823338719,0.0595888520047385,0.099306771173495
26348,0.104191650469338,0.171087076361781,0.555044162622143,0.169677110546739
26349,0.100788946483229,0.122341083106753,0.577940204888407,0.198929765521612
26350,0.221519917193436,0.129732700136346,0.280772752988045,0.367974629682173
26351,0.055929734196944,0.52276038421859,0.260685436680728,0.160624444903738
26352,0.123197760849593,0.240769545936745,0.121460218705954,0.514572474507708
26353,0.0889838432845479,0.435336829423935,0.131160472588168,0.344518854703349
26354,0.285223182813962,0.347422423355331,0.14843169091507,0.218922702915637
26355,0.168141765506367,0.140884172187572,0.21625600567405,0.47471805663201
26356,0.2926368165681,0.128509785933626,0.481220154639391,0.0976332428588833
26357,0.0767181663872975,0.249319633416,0.298457414501917,0.375504785694785
26358,0.181425615890022,0.237988232248552,0.46358359661877,0.117002555242657
26359,0.183062664576128,0.226518576070634,0.123573140782484,0.466845618570753
26360,0.29326185566251,0.357091653121318,0.214002607064514,0.135643884151658
26361,0.149165535177976,0.159131650673255,0.454417627971762,0.237285186177006
26362,0.235454649663041,0.15288399611378,0.173118047752346,0.438543306470833
26363,0.0590893652018903,0.415962825073246,0.148424828938415,0.376522980786449
26364,0.592712534846547,0.162625326750442,0.0719071636721078,0.172754974730903
26365,0.0313074512824501,0.349040147708983,0.186783479514326,0.432868921494241
26366,0.332002198704664,0.142271316187466,0.299167409444278,0.226559075663592
26367,0.316017937267677,0.0850218533141628,0.0992994634716766,0.499660745946484
26368,0.142393212103881,0.109480482920761,0.543487183185728,0.20463912178963
26369,0.0975351863499583,0.400306931164171,0.16914747534498,0.333010407140891
26370,0.6132689139109,0.155981553701566,0.0803120339920425,0.150437498395492
26371,0.0627496064097202,0.085544949349504,0.195411829205248,0.656293615035528
26372,0.235921721524922,0.552680658260711,0.0855739973810608,0.125823622833307
26373,0.140452217661082,0.579488923105289,0.147290187530155,0.132768671703474
26374,0.187511729682153,0.140535698476646,0.231832910281044,0.440119661560158
26375,0.118147717015057,0.186246901760364,0.56093683522267,0.134668546001909
26376,0.482061272546558,0.200770343392828,0.135481605787156,0.181686778273458
26377,0.214853546474035,0.283211913651665,0.127949059927789,0.373985479946512
26378,0.153220409235586,0.123538327327693,0.381433627773426,0.341807635663294
26379,0.0914074348544728,0.151501396403415,0.621109759042877,0.135981409699235
26380,0.121979839514973,0.241088055148526,0.350251268714683,0.286680836621819
26381,0.626927396852389,0.107876462480561,0.145913543146539,0.119282597520512
26382,0.241590553072427,0.215505428847403,0.27756079235759,0.26534322572258
26383,0.178798485919796,0.588538104659901,0.0931755486731861,0.139487860747117
26384,0.208890628981649,0.0975424152266803,0.392404145708168,0.301162810083503
26385,0.0642942499635355,0.329364509252641,0.0925094090570475,0.513831831726776
26386,0.0626970856883837,0.132193673154823,0.516239620866255,0.288869620290539
26387,0.110454585682472,0.152843129834482,0.246694441602345,0.490007842880701
26388,0.19977293953894,0.15400390122271,0.34090664115286,0.30531651808549
26389,0.135241561090043,0.444755964679798,0.220011331663361,0.199991142566798
26390,0.271017987834289,0.348579640408195,0.189811716850671,0.190590654906845
26391,0.270643692308178,0.190467751779923,0.455826198261905,0.0830623576499938
26392,0.198361699409899,0.342503248514824,0.335962403054801,0.123172649020476
26393,0.109586298468521,0.253134204143607,0.31141748827416,0.325862009113712
26394,0.410798310151561,0.21635256253916,0.18367833351801,0.189170793791269
26395,0.545696611389717,0.170457304432004,0.0881001602961151,0.195745923882165
26396,0.322901278373688,0.225084963115289,0.218673234443146,0.233340524067877
26397,0.29955517063792,0.187890698301635,0.246489441912626,0.266064689147818
26398,0.254711956296465,0.252612972982305,0.100746098629096,0.391928972092133
26399,0.203882625599441,0.452635573678877,0.118956629676825,0.224525171044857
26400,0.266578211864423,0.136100933399382,0.24390896548211,0.353411889254085
26401,0.204064175871683,0.291931906729363,0.302782859102143,0.201221058296811
26402,0.0444556652762587,0.539039528319479,0.171277232948273,0.24522757345599
26403,0.212359569802051,0.546029748634328,0.0906643950111977,0.150946286552423
26404,0.561197927322924,0.0913741490977491,0.139678744382327,0.207749179196999
26405,0.0804666625742557,0.677524158216269,0.103687726423335,0.13832145278614
26406,0.24821175721031,0.110601016188097,0.510564168656577,0.130623057945016
26407,0.153688436671184,0.17552773292008,0.362769095802065,0.308014734606672
26408,0.232086881983674,0.109001080212092,0.354645371122661,0.304266666681574
26409,0.194785960339121,0.524496014777223,0.128223491428906,0.152494533454751
26410,0.0803133478325035,0.094426631508447,0.517517873781524,0.307742146877525
26411,0.303039657186086,0.384283040684668,0.217989032356483,0.0946882697727637
26412,0.334118593683302,0.308136797694302,0.241324929229798,0.116419679392599
26413,0.225748381339663,0.151982336441232,0.442262158482831,0.180007123736274
26414,0.159753360831027,0.251052518032191,0.325006525230858,0.264187595905923
26415,0.33803427635242,0.454192625945956,0.130118218286588,0.0776548794150356
26416,0.177607259291001,0.20637862623268,0.503335926989072,0.112678187487247
26417,0.197502870788781,0.436149549505352,0.16690943083024,0.199438148875626
26418,0.243566421951275,0.238003581091107,0.206864664245712,0.311565332711906
26419,0.180361107521543,0.330709177772156,0.240656254991857,0.248273459714443
26420,0.459420644505702,0.139993515231256,0.17675205000213,0.223833790260912
26421,0.59757562284778,0.192342099617841,0.124650193588701,0.0854320839456789
26422,0.323975567987006,0.125967737869969,0.294418185993388,0.255638508149637
26423,0.135711385553188,0.355134670892216,0.313155417360718,0.195998526193878
26424,0.509284878616749,0.162139558311967,0.136805484716098,0.191770078355186
26425,0.227880817175108,0.19949709064175,0.411045370254405,0.161576721928736
26426,0.175252754546796,0.158465655585879,0.418926668579181,0.247354921288143
26427,0.205187951736781,0.462572516511971,0.225218960932747,0.107020570818501
26428,0.294556818337516,0.380750506777116,0.122099776962766,0.202592897922602
26429,0.0716200387016218,0.614717917993244,0.212182865069819,0.101479178235316
26430,0.257882920232406,0.29657867594368,0.337664924329784,0.10787347949413
26431,0.342546335903479,0.392100518031289,0.203281273879786,0.0620718721854462
26432,0.1370555715427,0.491897501702297,0.228883903109898,0.142163023645105
26433,0.284942493043997,0.32189798164843,0.266219629572336,0.126939895735237
26434,0.230513958164564,0.389082409012366,0.216135262450622,0.164268370372447
26435,0.251051792698067,0.342209712644791,0.160973477557577,0.245765017099565
26436,0.470464671884492,0.178771505568921,0.258735291773863,0.0920285307727239
26437,0.133895743179668,0.187664581679989,0.539099460614189,0.139340214526155
26438,0.187808373344768,0.381059949258634,0.341533699182611,0.0895979782139867
26439,0.189272605837974,0.154935601575225,0.580978370278289,0.0748134223085116
26440,0.188491638711507,0.469947396247611,0.243189674194864,0.0983712908460179
26441,0.16664072154413,0.593258484020753,0.12958503938413,0.110515755050987
26442,0.468090936542967,0.225819800681855,0.109765555407059,0.196323707368119
26443,0.563926199423923,0.184146118712523,0.181250848421497,0.0706768334420574
26444,0.63696393647564,0.132251204270366,0.169800031490042,0.0609848277639519
26445,0.347193820636255,0.386236041116416,0.128445971561699,0.13812416668563
26446,0.423338850480863,0.367239519248886,0.0734382574564535,0.135983372813798
26447,0.27013214684272,0.319823750208665,0.305614156857113,0.104429946091502
26448,0.28589962557599,0.289105283303241,0.296125881817428,0.12886920930334
26449,0.485945518488791,0.146483053959506,0.0520098915962579,0.315561535955446
26450,0.317993794538477,0.135488136377308,0.0373745510631357,0.50914351802108
26451,0.338136073734155,0.319045023072552,0.191625937389491,0.151192965803803
26452,0.0697786713087346,0.368695424350828,0.163620289890081,0.397905614450356
26453,0.0592152665088538,0.158113887630179,0.560889556858681,0.221781289002287
26454,0.222084671940647,0.0440538055638957,0.249765393708367,0.48409612878709
26455,0.0692305120417919,0.32856404109926,0.0377294433237909,0.564476003535157
26456,0.110973529490995,0.11153544879891,0.20113079733241,0.576360224377685
26457,0.0969233201948727,0.158134941468669,0.302556511009502,0.442385227326956
26458,0.0894746518344154,0.350873632439615,0.0642832398399448,0.495368475886025
26459,0.0230973236276092,0.0383730664343096,0.45454971278185,0.483979897156231
26460,0.0436247562129766,0.188723612221665,0.0370594716130224,0.730592159952336
26461,0.106234646088135,0.195665424669665,0.35500834856048,0.343091580681721
26462,0.395464733479258,0.274025487470555,0.032550146011413,0.297959633038774
26463,0.0513318615147863,0.0585174624269028,0.526346055384757,0.363804620673554
26464,0.0315703352101382,0.211430181279427,0.185934931660639,0.571064551849796
26465,0.0204672361165055,0.260426290319847,0.137792127116524,0.581314346447124
26466,0.100765212304569,0.441439234770151,0.0229666835660978,0.434828869359183
26467,0.538277386497211,0.0249773658605308,0.0143336081956257,0.422411639446633
26468,0.279638244831807,0.397400179755411,0.233856410776787,0.0891051646359945
26469,0.379060223803426,0.274647461471382,0.236320291825215,0.109972022899977
26470,0.164196304508778,0.361511680837937,0.314234410202661,0.160057604450624
26471,0.448405966677865,0.2677945193043,0.223752436924371,0.0600470770934633
26472,0.112465192147888,0.188479016609288,0.642558348033866,0.0564974432089587
26473,0.550788481309498,0.13854405578252,0.173013599330965,0.137653863577016
26474,0.105319663386163,0.295919649534621,0.463823097816758,0.134937589262458
26475,0.323164881204968,0.189479110011312,0.282351003513811,0.205005005269909
26476,0.159842430874364,0.30945670508276,0.241591404285852,0.289109459757025
26477,0.184115832785489,0.211329647454089,0.449749404185183,0.154805115575239
26478,0.283983844373888,0.257141465230298,0.293944739255763,0.16492995114005
26479,0.21983872838192,0.278208011836671,0.367251496903102,0.134701762878308
26480,0.379815766272629,0.27871309619205,0.205982776796747,0.135488360738573
26481,0.188097002306311,0.185551392825823,0.444834411267662,0.181517193600204
26482,0.26412096978053,0.173507789947462,0.409885151104628,0.15248608916738
26483,0.27233375438391,0.286694469722016,0.23651355005063,0.204458225843444
26484,0.15562379504677,0.167186008205074,0.525818542179999,0.151371654568157
26485,0.145591022438796,0.572911529502034,0.180153156019355,0.101344292039815
26486,0.274576801009653,0.221174491785942,0.162588576501153,0.341660130703252
26487,0.0922876798749852,0.258644892281068,0.541126419020684,0.107941008823263
26488,0.196540264932449,0.294596111198582,0.305280096088879,0.203583527780089
26489,0.269643822003046,0.241613822342261,0.276059639484408,0.212682716170285
26490,0.274910164468398,0.227303500103567,0.295215181664852,0.202571153763184
26491,0.362612377613546,0.362584646362512,0.184832776799463,0.0899701992244797
26492,0.287619155745642,0.393878412633121,0.211245717693696,0.107256713927542
26493,0.168454780655114,0.102046792312753,0.526832914985322,0.202665512046811
26494,0.362298691232638,0.345293080487847,0.130186118770122,0.162222109509393
26495,0.493589714014027,0.168158831482156,0.066697049707884,0.271554404795933
26496,0.152785482976121,0.150966116207354,0.613531427095622,0.0827169737209031
26497,0.272228581274837,0.105121663546851,0.516210688234907,0.106439066943405
26498,0.494705577514933,0.112128808598813,0.176430392891176,0.216735220995078
26499,0.232578707909109,0.133697022554095,0.371587130570614,0.262137138966181
26500,0.216356436553053,0.483662619894352,0.159889164040469,0.140091779512126
26501,0.445353909066449,0.179418054777095,0.170435228942128,0.204792807214327
26502,0.480147258901037,0.171354505860745,0.173736894124465,0.174761341113753
26503,0.127086333828455,0.585438545730205,0.190918938807148,0.096556181634192
26504,0.119367387660773,0.116988420378897,0.292470267027425,0.471173924932906
26505,0.084371422467503,0.440614148535918,0.219700981989338,0.255313447007241
26506,0.0946105273771,0.288871839477542,0.28731056541631,0.329207067729048
26507,0.55593468626574,0.138309102239957,0.0791643711829526,0.226591840311351
26508,0.306281010147304,0.311044024095942,0.0528109359526833,0.329864029804071
26509,0.132540553020726,0.678855445181745,0.0385567007242728,0.150047301073257
26510,0.170381081341908,0.234883122601551,0.170391673766947,0.424344122289595
26511,0.0712260642201315,0.278102747495458,0.544348100132205,0.106323088152206
26512,0.0924986751904635,0.159360566827688,0.120263415769114,0.627877342212735
26513,0.104093477205551,0.358007521026443,0.394632943437687,0.143266058330319
26514,0.0876448764585356,0.408404935583057,0.130258893839834,0.373691294118574
26515,0.254957102494845,0.135159734468839,0.457207060376389,0.152676102659928
26516,0.149832402967179,0.0818873061848402,0.155336447232227,0.612943843615754
26517,0.144800058232156,0.313480633864736,0.126603238227109,0.415116069675998
26518,0.1139736432922,0.0599970720626486,0.35383202830462,0.472197256340531
26519,0.380703933663977,0.152219257569538,0.0997428579049137,0.367333950861571
26520,0.573875013197693,0.0911225388272899,0.0561318655316681,0.27887058244335
26521,0.127711340897688,0.407296398877742,0.0573406799395485,0.407651580285022
26522,0.811105751274289,0.0448030507566249,0.0343531670175437,0.109738030951543
26523,0.0498957414159416,0.423582900315798,0.257040463032079,0.269480895236181
26524,0.304488984349692,0.0652279572908868,0.062503997007483,0.567779061351938
26525,0.320496632559969,0.176519645308563,0.196222151538661,0.306761570592807
26526,0.204415632161161,0.479786962931736,0.22941974249405,0.0863776624130533
26527,0.208063390965539,0.203157537321485,0.399791210217339,0.188987861495637
26528,0.0974129284196082,0.50646674809528,0.309788515839021,0.0863318076460918
26529,0.271648211874234,0.150965648347054,0.47691337054953,0.100472769229182
26530,0.496928566366772,0.250236479865469,0.133312368240746,0.119522585527013
26531,0.139191761731289,0.272657335306881,0.430320895426556,0.157830007535274
26532,0.209482559400245,0.576275703257964,0.115618030265729,0.0986237070760623
26533,0.148541868291781,0.571699908910661,0.168977995467441,0.110780227330117
26534,0.55810706803884,0.162873779964105,0.184641736315592,0.0943774156814631
26535,0.106660459611478,0.262377109482479,0.512175123785001,0.118787307121042
26536,0.163423713439011,0.146226888417112,0.222818348727235,0.467531049416642
26537,0.218608337837685,0.491047884069268,0.160686308533008,0.129657469560039
26538,0.0894945675692462,0.104942411986068,0.641003910529203,0.164559109915482
26539,0.112431346081112,0.482075488727535,0.271109207411293,0.134383957780061
26540,0.318527004994683,0.319930610620382,0.226342561629853,0.135199822755083
26541,0.378154900630127,0.132688586695771,0.062292937177928,0.426863575496173
26542,0.311649456402409,0.246808072615997,0.184047351070097,0.257495119911497
26543,0.33918445516319,0.289919919311115,0.0592272564066021,0.311668369119093
26544,0.168826552481694,0.445309904817365,0.166857065506747,0.219006477194195
26545,0.244958706516101,0.181874621388039,0.161332523625079,0.411834148470781
26546,0.225411784570043,0.256926814613704,0.290841046237746,0.226820354578507
26547,0.481697513977269,0.133392705199788,0.0961029575702679,0.288806823252675
26548,0.441347129970955,0.164332982703822,0.291607879394459,0.102712007930764
26549,0.12333823170874,0.153278763242124,0.543791186788416,0.179591818260721
26550,0.165236054302419,0.137319108654877,0.603047342731708,0.0943974943109964
26551,0.118371854895947,0.311393028447211,0.403765530265523,0.166469586391319
26552,0.333049869543613,0.153263941827719,0.232558806221359,0.281127382407309
26553,0.204305954605566,0.482127496326223,0.122607237138054,0.190959311930157
26554,0.305839073564177,0.344678078132876,0.256997722277232,0.0924851260257149
26555,0.136692543434714,0.0892113507308164,0.516863321766562,0.257232784067909
26556,0.190394222846368,0.15076903571897,0.269286732691596,0.389550008743066
26557,0.316744344840704,0.116763516452825,0.0921777357886176,0.474314402917853
26558,0.212001576227325,0.171066115214471,0.456216670493547,0.160715638064657
26559,0.312983223015073,0.289112520744378,0.0646371753326724,0.333267080907877
26560,0.134675763249766,0.163360896801455,0.464877027576554,0.237086312372226
26561,0.11197159029829,0.438164831058343,0.13469273871092,0.315170839932447
26562,0.11173897774929,0.306081284084845,0.381599248455379,0.200580489710486
