No,Ch1,Ch2,Ch3,Ch4
21566,0.233277728065055,0.140221576754407,0.436334325208354,0.190166369972184
21567,0.0574794874980387,0.436362644729273,0.317015401212793,0.189142466559896
21568,0.366852469750942,0.393300590617617,0.112493224406037,0.127353715225404
21569,0.445701465108709,0.115097810609166,0.287749853958044,0.151450870324081
21570,0.2060457899783,0.233315180568084,0.480627946486957,0.0800110829666594
21571,0.0828340460036661,0.639638770386988,0.168539202345792,0.108987981263554
21572,0.187511241984849,0.0506321914026113,0.570602033438094,0.191254533174446
21573,0.117869521896498,0.15424633450295,0.216396977915658,0.511487165684894
21574,0.132365544663814,0.262063281077156,0.418491100519662,0.187080073739368
21575,0.0518518092840247,0.106839877888702,0.688174503129197,0.153133809698076
21576,0.162145149419995,0.119102815954431,0.392119129128298,0.326632905497276
21577,0.121864918933272,0.0667547140395252,0.727472774296645,0.0839075927305576
21578,0.322764896966107,0.28190347583508,0.154160234451364,0.241171392747448
21579,0.0626115885899946,0.143618036149418,0.226004290371704,0.567766084888883
21580,0.0649771556046416,0.389452447149122,0.252150345256544,0.293420051989693
21581,0.311817185599133,0.0830835063925877,0.326474039143013,0.278625268865266
21582,0.103800417001264,0.19068471962552,0.32888514243427,0.376629720938947
21583,0.125122158261633,0.152151949616288,0.376779829900341,0.345946062221738
21584,0.241722341068804,0.28691573407367,0.0637867640792122,0.407575160778314
21585,0.377414241797557,0.18642565313851,0.169301727922598,0.266858377141336
21586,0.180805627885677,0.352068870762398,0.249601776567242,0.217523724784684
21587,0.0310156764881464,0.55208830142117,0.214755442108357,0.202140579982327
21588,0.0441429603712601,0.0758064489878493,0.598235441295415,0.281815149345475
21589,0.147355363689277,0.0801805734661269,0.552198258716137,0.220265804128459
21590,0.0314023428471307,0.155656980323449,0.549989919554624,0.262950757274796
21591,0.0299133750675216,0.20635161570278,0.468751218875856,0.294983790353843
21592,0.0757049499069884,0.239434904074232,0.0652096257556893,0.61965052026309
21593,0.667515220357877,0.106590327383186,0.0920420634279939,0.133852388830944
21594,0.1182631454148,0.173854219399678,0.204866163340643,0.503016471844879
21595,0.364574790319545,0.108200173195408,0.0593501058294436,0.467874930655603
21596,0.113039354876476,0.618194165715489,0.0861436333991027,0.182622846008933
21597,0.418400328023139,0.192510457305103,0.0464275403157764,0.342661674355982
21598,0.0978029790576558,0.355302021136223,0.319262145298832,0.227632854507289
21599,0.178733098437586,0.522443912891421,0.170509099376742,0.128313889294251
21600,0.0589856587726125,0.178611784250423,0.0865220214281339,0.675880535548831
21601,0.0401454122566339,0.157400591410646,0.287610196401328,0.514843799931392
21602,0.029647000833234,0.474279067558343,0.300670959742631,0.195402971865793
21603,0.557146590276605,0.0288734282962009,0.114898507038063,0.299081474389131
21604,0.0308844969542073,0.234274519492931,0.340577423972304,0.394263559580558
21605,0.167862281823775,0.0465492887270258,0.493141511282932,0.292446918166268
21606,0.259643379442703,0.0278821882683325,0.313263113823051,0.399211318465914
21607,0.462618693639723,0.0639259907782123,0.0462344615365884,0.427220854045476
21608,0.194811331643533,0.482412677052021,0.0215429242632151,0.30123306704123
21609,0.0356788427222645,0.0472287930556822,0.40859451684193,0.508497847380124
21610,0.271956155582782,0.342405239487075,0.0201207195505056,0.365517885379637
21611,0.0420366580009517,0.0337945522145932,0.541123481148616,0.383045308635839
21612,0.642880743311835,0.0782419430209027,0.159835832609844,0.119041481057418
21613,0.0240932163009095,0.177597915556887,0.253834593094069,0.544474275048135
21614,0.0670846080549505,0.396493558904466,0.259226075303366,0.277195757737218
21615,0.193303552075486,0.356003084363043,0.0268405954614834,0.423852768099987
21616,0.217659739588378,0.020024059013784,0.566564469106974,0.195751732290865
21617,0.266389321551803,0.305855075383163,0.188703629576321,0.239051973488713
21618,0.134779684719431,0.0704440104277732,0.224607517746829,0.570168787105967
21619,0.0921273308101533,0.123009892125186,0.0338540399754193,0.751008737089242
21620,0.0438741977147133,0.798607548077715,0.038636280876533,0.118881973331038
21621,0.146429049940929,0.284526485423525,0.155325566453943,0.413718898181604
21622,0.0988903011830533,0.173869107041331,0.117161843302208,0.610078748473407
21623,0.358760163189954,0.258777933060286,0.227761836750404,0.154700066999357
21624,0.451420771519528,0.223827710385332,0.148008423265336,0.176743094829804
21625,0.131258446262618,0.142411155653776,0.547773356578572,0.178557041505034
21626,0.457819778199716,0.142942580342579,0.264358446213235,0.13487919524447
21627,0.211898701872222,0.180461055926135,0.40451159339499,0.203128648806653
21628,0.155220884118109,0.399611209417994,0.347290958900051,0.0978769475638455
21629,0.410012252435826,0.198553198636991,0.220029082889531,0.171405466037653
21630,0.316806835221303,0.225995082201198,0.190823679789526,0.266374402787973
21631,0.155647735568225,0.144190951568457,0.641582690741298,0.0585786221220204
21632,0.135615486917005,0.260948669248831,0.427751003335538,0.175684840498626
21633,0.253569079621466,0.336986233404317,0.182936887735683,0.226507799238534
21634,0.197135981803624,0.591719860191293,0.137029444321222,0.0741147136838618
21635,0.13626006708802,0.503008274932929,0.252877152503251,0.1078545054758
21636,0.505737413917065,0.153039127395678,0.194241282743354,0.146982175943903
21637,0.399992769395665,0.364921630920676,0.132570696579497,0.102514903104162
21638,0.188916746862826,0.303606321536706,0.388963872599675,0.118513059000794
21639,0.205708095314342,0.487467583600445,0.180814544370334,0.126009776714879
21640,0.457261703880362,0.328174988346413,0.135327309283698,0.0792359984895268
21641,0.311476892000343,0.173599960962851,0.397902210541348,0.117020936495459
21642,0.354124913666713,0.325680546023303,0.166120444147997,0.154074096161987
21643,0.201544100811607,0.239188487020387,0.391004478320228,0.168262933847778
21644,0.218072716431357,0.313027405493969,0.264483423249247,0.204416454825427
21645,0.108164669553709,0.548317125397444,0.19585413905437,0.147664065994477
21646,0.21404615675671,0.174271013210223,0.489545836927406,0.122136993105661
21647,0.18397154203527,0.268572649861204,0.372859124168366,0.174596683935161
21648,0.336249108290992,0.151302311444963,0.34498017258574,0.167468407678305
21649,0.527216937893826,0.147086562351376,0.226981186367634,0.0987153133871636
21650,0.263994447484065,0.349236216451396,0.209292823494373,0.177476512570166
21651,0.393831643745458,0.150739594914872,0.212868552080682,0.242560209258988
21652,0.121848709807046,0.185122075708121,0.190188972482592,0.502840242002242
21653,0.608517784970841,0.142055385514946,0.159263246128446,0.0901635833857671
21654,0.577310896398432,0.182344436995637,0.166683416799733,0.073661249806199
21655,0.284837562219384,0.137987621511177,0.497805969460535,0.0793688468089038
21656,0.413909413608801,0.169709176980637,0.238482181516412,0.17789922789415
21657,0.5510390971821,0.11118785996712,0.152257748823803,0.185515294026977
21658,0.260744713492055,0.137864381557321,0.403269052308511,0.198121852642113
21659,0.439392740652703,0.216073345507558,0.122109366778159,0.222424547061581
21660,0.162378631721031,0.148921292649079,0.3154096773629,0.37329039826699
21661,0.121856000560142,0.34516437148262,0.195398376787477,0.337581251169761
21662,0.0504524475902731,0.591014624664156,0.0900019494310068,0.268530978314564
21663,0.123738093630263,0.145734133575524,0.600922761055051,0.129605011739163
21664,0.0495406582455274,0.427381387536097,0.251698080165991,0.271379874052384
21665,0.310065353926786,0.29300549328266,0.148477781993322,0.248451370797231
21666,0.0828424448196455,0.366514232315249,0.270254752826106,0.280388570039
21667,0.0370901262797211,0.473588811731645,0.277243205650655,0.212077856337979
21668,0.238860690973438,0.245262005924914,0.245820262604063,0.270057040497585
21669,0.287952979818518,0.219310357452301,0.0907673268704589,0.401969335858723
21670,0.121457943311582,0.44031198388301,0.101622759359774,0.336607313445634
21671,0.0691993473183251,0.487096197125918,0.377109316340304,0.0665951392154534
21672,0.0613413000631548,0.194912853022808,0.514089544971678,0.22965630194236
21673,0.34135289204637,0.179533946130602,0.0503775345008283,0.4287356273222
21674,0.395341516165961,0.0956723536387642,0.317320547886414,0.191665582308861
21675,0.39020237789999,0.130115187378836,0.0963811915993511,0.383301243121823
21676,0.067949182927245,0.635495962215482,0.148124874601361,0.148429980255912
21677,0.533197748005104,0.0545789801007011,0.26243408158482,0.149789190309375
21678,0.0892390619325297,0.599723734916564,0.232786082987191,0.0782511201637155
21679,0.123275048932042,0.531294455841024,0.082594699410508,0.262835795816426
21680,0.250998272967451,0.12594627619797,0.497181105044536,0.125874345790043
21681,0.288830536394755,0.050046322109527,0.239899454185561,0.421223687310158
21682,0.285298272798357,0.301064209295026,0.0695567182440899,0.344080799662527
21683,0.287864669648496,0.0381524720872162,0.384282582393438,0.28970027587085
21684,0.338285037722918,0.0427544551018633,0.241178748899046,0.377781758276173
21685,0.0892304467406358,0.284232894949623,0.0952238362715081,0.531312822038234
21686,0.0702117174428108,0.500817726485642,0.151783083420151,0.277187472651396
21687,0.172447782678695,0.107859441472877,0.324047660649709,0.395645115198719
21688,0.193567123860159,0.121035365245298,0.0567405222467898,0.628656988647753
21689,0.155011719828551,0.626161371973133,0.0640544978814917,0.154772410316824
21690,0.686094758174136,0.181304644969523,0.0242380583534639,0.108362538502877
21691,0.124679106120345,0.446522541020046,0.0979008864359008,0.330897466423709
21692,0.0312171741480113,0.309899090854311,0.55175217608908,0.107131558908597
21693,0.0714399394208051,0.643735785783197,0.0513396101031533,0.233484664692845
21694,0.0770657651020476,0.381415367833656,0.122719258083588,0.418799608980709
21695,0.442404068892666,0.270003697707951,0.150446650025841,0.137145583373542
21696,0.526322638954834,0.195668964259859,0.0460509742801907,0.231957422505117
21697,0.519328311163637,0.163505646754914,0.125230189274039,0.19193585280741
21698,0.114183999666662,0.0441509244103383,0.775657568172937,0.0660075077500631
21699,0.247665377566654,0.577514600513714,0.0278674577365968,0.146952564183035
21700,0.273321432753973,0.275613915705298,0.191466565712578,0.259598085828151
21701,0.43970097531627,0.198144209647545,0.125330636865032,0.236824178171153
21702,0.0441433941419165,0.626595669251888,0.102100319627927,0.227160616978268
21703,0.0818853492138618,0.46749460066493,0.0562581245958709,0.394361925525338
21704,0.0633944998180259,0.215077525526352,0.457747046520853,0.263780928134769
21705,0.125403221064807,0.0383408223890792,0.449146258582786,0.387109697963328
21706,0.0854276958981973,0.459672449892785,0.0676699600332529,0.387229894175765
21707,0.0753575037320523,0.528506486660263,0.16933361915492,0.226802390452765
21708,0.039483143288129,0.473540758090519,0.137612296409567,0.349363802211785
21709,0.364462012086402,0.167183721024202,0.0290493171909477,0.439304949698448
21710,0.303384297291012,0.0531868083976991,0.0584979459691392,0.58493094834215
21711,0.0293997240575045,0.517584121465546,0.122281455969383,0.330734698507567
21712,0.0664174048176975,0.381777470610608,0.0489304519831529,0.502874672588542
21713,0.718353729260261,0.0755581436885051,0.0776993324049217,0.128388794646312
21714,0.0480038791038139,0.671189152906451,0.0514480751118541,0.229358892877881
21715,0.487942578693303,0.123707978756729,0.187952003252501,0.200397439297467
21716,0.0933086309352159,0.142460689826636,0.209706816898263,0.554523862339886
21717,0.266281633586697,0.0311502262984143,0.409709533446798,0.29285860666809
21718,0.375787538001417,0.418541231958611,0.0275299220387148,0.178141308001258
21719,0.239396619500937,0.145219323555528,0.147229645601749,0.468154411341786
21720,0.343441077898818,0.269144389646522,0.0688610924442947,0.318553440010365
21721,0.113603222139742,0.155582942401991,0.465603995789307,0.26520983966896
21722,0.633458834734426,0.18451689159271,0.0389184765310545,0.14310579714181
21723,0.0452257774395675,0.345009096206412,0.177337449104075,0.432427677249946
21724,0.273111084524568,0.213880352380376,0.238707543844918,0.274301019250137
21725,0.0465388044858153,0.151676174264004,0.230280077585621,0.57150494366456
21726,0.0240529961539491,0.354075031957203,0.364054214544661,0.257817757344188
21727,0.214414407161321,0.0454763054926453,0.605874452365835,0.1342348349802
21728,0.076962887837233,0.122075991445979,0.289321067671866,0.511640053044923
21729,0.216670839228427,0.217428536301237,0.105604817389806,0.46029580708053
21730,0.444959633056097,0.03947914880654,0.0723028831617797,0.443258334975583
21731,0.257178102573066,0.142707441837114,0.410413068529961,0.189701387059859
21732,0.298737659410964,0.163175687471237,0.0615904185497551,0.476496234568044
21733,0.496299446035114,0.315417912015329,0.0554540747930956,0.132828567156462
21734,0.0302766874447814,0.6137218958246,0.232504303481233,0.123497113249385
21735,0.183419729535622,0.354068609354896,0.037870194250252,0.42464146685923
21736,0.746567615601131,0.0593235787288063,0.0689990043300048,0.125109801340058
21737,0.375907696958393,0.216075188946567,0.333638241571092,0.0743788725239482
21738,0.307585169693959,0.350533134513115,0.249183857331458,0.0926978384614678
21739,0.225189120410678,0.314635941623021,0.349961598332256,0.110213339634044
21740,0.0707222310507857,0.615053674598413,0.224334457787101,0.0898896365637009
21741,0.191518064461607,0.423693251054278,0.233266502595904,0.151522181888211
21742,0.254756060768652,0.217168352477037,0.332929591365481,0.19514599538883
21743,0.393991304762705,0.373412646866427,0.0602978183090794,0.172298230061788
21744,0.32527295559092,0.222264292111376,0.354127841572388,0.0983349107253161
21745,0.200491819811612,0.156907030256704,0.40730621538817,0.235294934543514
21746,0.343384362441185,0.375836853521795,0.144251685337127,0.136527098699893
21747,0.669041332228529,0.135076512777036,0.112553786331158,0.0833283686632775
21748,0.311749529410938,0.44203963190789,0.14449215008001,0.101718688601163
21749,0.109453684333044,0.478239888503942,0.273407403228024,0.13889902393499
21750,0.129227186620296,0.151586851234534,0.432447231087764,0.286738731057405
21751,0.611132514131526,0.0699120290429856,0.250559579497035,0.0683958773284532
21752,0.435554459939157,0.133336507254245,0.242075159095122,0.189033873711477
21753,0.306886953264667,0.225830556306633,0.264655336121225,0.202627154307474
21754,0.1207149054344,0.586004935703372,0.104833384614867,0.188446774247362
21755,0.170434325714198,0.339042814571332,0.284242499526447,0.206280360188023
21756,0.0751277421077094,0.383039225647212,0.156577875314409,0.38525515693067
21757,0.137564643736487,0.558338658422486,0.0235774498643859,0.280519247976641
21758,0.204609523754868,0.221793978489001,0.208459754535185,0.365136743220946
21759,0.374658896167981,0.355314584899358,0.147920636113581,0.12210588281908
21760,0.133933240392667,0.044412192642794,0.421365781496478,0.400288785468061
21761,0.0812525242145888,0.134986269743187,0.487198477125736,0.296562728916488
21762,0.0253221666674082,0.826566689429795,0.0181914693905551,0.129919674512242
21763,0.541448489199876,0.0467219713038458,0.0235287783707348,0.388300761125543
21764,0.312832241254028,0.0358827377765281,0.479743031745759,0.171541989223685
21765,0.480559845930045,0.14578975966037,0.082687804710366,0.290962589699219
21766,0.0448232896496661,0.430051644047966,0.0302199574032407,0.494905108899127
21767,0.0563429322827442,0.16156437790378,0.369291121043778,0.412801568769698
21768,0.233490647448275,0.291628270315368,0.33189000611437,0.142991076121987
21769,0.199067013852953,0.157183864568413,0.0526452324062104,0.591103889172423
21770,0.0714635551963842,0.40890861510314,0.296085236973106,0.22354259272737
21771,0.0228838168118245,0.0952438022956741,0.395406765506934,0.486465615385568
21772,0.112803525392735,0.347743767891236,0.196199668233815,0.343253038482215
21773,0.118395624007296,0.448177485770711,0.0514046801361268,0.382022210085866
21774,0.0278708919209988,0.116551727598201,0.55990764440265,0.29566973607815
21775,0.24913285188273,0.278625162741556,0.230841599771227,0.241400385604487
21776,0.363578501576136,0.304350407612039,0.123872991120679,0.208198099691146
21777,0.0540371832725579,0.0351528946631185,0.675645174498435,0.235164747565889
21778,0.388752809784287,0.114461153855118,0.155079519243683,0.341706517116911
21779,0.249926129628529,0.289915025639026,0.100640337016007,0.359518507716438
21780,0.224767736587472,0.0857193554930928,0.397991304826883,0.291521603092552
21781,0.103496571932985,0.0723013742185549,0.552813540530446,0.271388513318014
21782,0.458228025085207,0.0273626739660117,0.360139067592995,0.154270233355786
21783,0.284510827124666,0.0567326491878905,0.16823418565833,0.490522338029114
21784,0.604145488824995,0.190365369625206,0.0657416808868909,0.139747460662909
21785,0.0720874565933044,0.652036177539181,0.198955969754977,0.0769203961125372
21786,0.058975667153032,0.0521753736551224,0.288093845384067,0.600755113807779
21787,0.0433408460660348,0.75731733343552,0.0505687939429889,0.148773026555456
21788,0.378330136747971,0.253572821356674,0.045636302909941,0.322460738985414
21789,0.0827702089860543,0.230127177036703,0.195650321483823,0.49145229249342
21790,0.659446344944396,0.0732862390953051,0.0568095079692389,0.21045790799106
21791,0.262133230782073,0.12859041399649,0.145977424785387,0.46329893043605
21792,0.0599379751672831,0.258734694230842,0.425028098972102,0.256299231629773
21793,0.0926034744244122,0.228798395470292,0.532586922947414,0.146011207157881
21794,0.0396327449757202,0.625731137226309,0.222047835636837,0.112588282161135
21795,0.267798994794606,0.0199510388435901,0.568748380267823,0.143501586093982
21796,0.252572214342275,0.229381126609952,0.192610543720512,0.325436115327261
21797,0.276575095598411,0.408824167183293,0.127678172090059,0.186922565128238
21798,0.427227625838071,0.0480846723165653,0.268289205008478,0.256398496836886
21799,0.0539929868956117,0.0485468704637397,0.246198046298245,0.651262096342404
21800,0.0934478071232838,0.0640687656054933,0.353804280426723,0.4886791468445
21801,0.126586154662238,0.130707669129715,0.173225387017219,0.569480789190828
21802,0.0298416109781371,0.142718478302916,0.475723414763312,0.351716495955634
21803,0.0878096954268398,0.0896819142567796,0.619996038258128,0.202512352058253
21804,0.182745889736029,0.512774257071099,0.0724379471069751,0.232041906085897
21805,0.523316620913052,0.0517878103121074,0.0948796685926867,0.330015900182154
21806,0.0841643349155081,0.413877861993388,0.141697902754067,0.360259900337037
21807,0.150982944450311,0.379951935563311,0.133040526146462,0.336024593839917
21808,0.175100858149952,0.0741476404509939,0.114629159766612,0.636122341632443
21809,0.552211512635251,0.0365945209531035,0.0654107583310195,0.345783208080626
21810,0.811295775066549,0.0349950342068017,0.0841755696403938,0.0695336210862552
21811,0.277550413210001,0.524801352143894,0.126605750836441,0.0710424838096647
21812,0.136903527937411,0.0466467817014531,0.454711481047674,0.361738209313462
21813,0.308307457530096,0.380792816671739,0.121648961468386,0.189250764329779
21814,0.184769826392701,0.334181681792083,0.339297128491219,0.141751363323997
21815,0.338513182240758,0.0766457339994656,0.328428045268674,0.256413038491103
21816,0.350404383094851,0.386488044746669,0.0992198821805321,0.163887689977948
21817,0.109865444215927,0.144760388011348,0.611772559155135,0.133601608617591
21818,0.0616856777701276,0.072354763376363,0.516454902297142,0.349504656556367
21819,0.336432819635139,0.258853659678195,0.0838429374616214,0.320870583225045
21820,0.700008538625862,0.120628560826546,0.0862853233246858,0.0930775772229067
21821,0.114268985315511,0.122059663104494,0.609929066754742,0.153742284825253
21822,0.454051942426511,0.389394363592047,0.0691502285888754,0.0874034653925671
21823,0.138089489722707,0.402546313642084,0.225783051077867,0.233581145557342
21824,0.150399330615755,0.406269645855538,0.288118464027308,0.1552125595014
21825,0.051656758879329,0.456804843739802,0.118749310433192,0.372789086947677
21826,0.262582926364717,0.336350095097958,0.305430132687236,0.0956368458500897
21827,0.040633956157062,0.0597716396985184,0.815857088506644,0.0837373156377754
21828,0.0777809362402607,0.47130851828928,0.160259007026747,0.290651538443713
21829,0.146010926227452,0.15270268278058,0.538465508809167,0.162820882182801
21830,0.119023926627563,0.0922488187103985,0.544695086858424,0.244032167803614
21831,0.266229303369917,0.278643519529645,0.140229426006513,0.314897751093924
21832,0.23394287802213,0.451416268251528,0.0487481678699169,0.265892685856425
21833,0.607865624670512,0.0637252309264782,0.191389036138503,0.137020108264507
21834,0.649886506825102,0.132495643352127,0.0818865394350559,0.135731310387715
21835,0.0797539231099001,0.451806128394098,0.137730426165824,0.330709522330178
21836,0.0502364909978569,0.163795273170079,0.554941815444141,0.231026420387923
21837,0.134195139488883,0.0565068326084966,0.511481193062462,0.297816834840158
21838,0.265375882833046,0.0829646044270208,0.486359877126212,0.165299635613722
21839,0.0909321844305005,0.526558788012229,0.172351763215767,0.210157264341503
21840,0.686087579545515,0.0299569353701266,0.134805514818807,0.149149970265551
21841,0.50532196675649,0.134520325134773,0.094577751480093,0.265579956628644
21842,0.0444986355249656,0.251394216346706,0.566900873244603,0.137206274883725
21843,0.566620298767199,0.0733749211606326,0.0858165832294192,0.274188196842749
21844,0.0321342512387583,0.611183333253671,0.12920720322595,0.227475212281621
21845,0.261632181681901,0.121741452459637,0.297866161983709,0.318760203874754
21846,0.0934739161250899,0.506186312729004,0.155783669327442,0.244556101818464
21847,0.327011142635726,0.0821969524092095,0.396102208289165,0.1946896966659
21848,0.0692766028724857,0.207624419616663,0.0398269435163448,0.683272033994507
21849,0.587185612865535,0.236287488333017,0.039259461542309,0.137267437259139
21850,0.540170639549052,0.0957071561425485,0.0479500785010974,0.316172125807302
21851,0.151104690199966,0.622875655432882,0.0705331070882355,0.155486547278917
21852,0.418199070541207,0.122298584258814,0.252582683843705,0.206919661356275
21853,0.10963165446893,0.184452606057179,0.463679418777859,0.242236320696032
21854,0.38396825589616,0.1445819347709,0.17604224875919,0.29540756057375
21855,0.113800366355238,0.511257883103382,0.130099150533283,0.244842600008097
21856,0.496310743853286,0.116100356511496,0.280128630848807,0.107460268786411
21857,0.0903144640087085,0.591123919916458,0.0821018724133591,0.236459743661475
21858,0.550648342104793,0.0641776373401447,0.0578186542505559,0.327355366304507
21859,0.638961703284473,0.0688127062384452,0.0802381099535228,0.211987480523559
21860,0.665954157865374,0.168590897821639,0.0627932505137446,0.102661693799243
21861,0.230119294562781,0.13747542057446,0.525033566194809,0.107371718667949
21862,0.0425455584975787,0.407801231882609,0.364285420402392,0.18536778921742
21863,0.0556866329919652,0.372548987033246,0.205495352693954,0.366269027280835
21864,0.205946821142418,0.634228839661663,0.0438296798588549,0.115994659337064
21865,0.113828601540025,0.292442004982987,0.448725130918635,0.145004262558352
21866,0.176197361124179,0.126933103380611,0.533765966730389,0.163103568764822
21867,0.0506475349530146,0.0843373835804103,0.302156658949103,0.562858422517472
21868,0.149033049880373,0.091582577372627,0.536240695095469,0.223143677651531
21869,0.279033976384727,0.0797032670556871,0.202401697653691,0.438861058905895
21870,0.256362364335896,0.26103828294531,0.172676228063463,0.30992312465533
21871,0.559210572770271,0.171289980012944,0.0848753421632415,0.184624105053543
21872,0.0788911071869347,0.412903796768246,0.376733597564109,0.13147149848071
21873,0.385032804981623,0.346043839163341,0.192104049821457,0.0768193060335792
21874,0.149219661972085,0.608473501280212,0.126466414474001,0.115840422273702
21875,0.359890956278471,0.347257357747331,0.0835160065783293,0.209335679395869
21876,0.487272606643069,0.141820727290223,0.242171483762014,0.128735182304694
21877,0.121780285507674,0.367381195743343,0.180064477998905,0.330774040750077
21878,0.324459817409632,0.530392112198723,0.069298320877162,0.0758497495144825
21879,0.379723554274051,0.234159594493293,0.0931465275650863,0.29297032366757
21880,0.410470350577139,0.199724054626818,0.278980297225011,0.110825297571032
21881,0.141780222511267,0.371526516689873,0.233196624951686,0.253496635847174
21882,0.210212176269757,0.263840354027975,0.209961771081983,0.315985698620285
21883,0.0812654377489962,0.353927760077743,0.258227332982204,0.306579469191057
21884,0.159607838457948,0.498099302317488,0.052831336525092,0.289461522699472
21885,0.108242942790861,0.343297338926297,0.0907810929166173,0.457678625366225
21886,0.261417671087331,0.331272756892252,0.124032171054694,0.283277400965723
21887,0.232835089665854,0.125485008039222,0.421563537509093,0.220116364785831
21888,0.0812706696296109,0.314035054765479,0.465722884932918,0.138971390671992
21889,0.125861977765893,0.322489288111411,0.281663077806367,0.269985656316329
21890,0.19032014598088,0.24472334320585,0.228445081797649,0.336511429015622
21891,0.484699500426409,0.0386774876103092,0.353095738162788,0.123527273800494
21892,0.066774816755994,0.367688478600835,0.0988140333864086,0.466722671256762
21893,0.131647200926558,0.392892210834241,0.0779822611458518,0.397478327093349
21894,0.1581664337217,0.0867260752547752,0.23423094260963,0.520876548413895
21895,0.0391055577681467,0.0500226266795971,0.760692487600403,0.150179327951853
21896,0.370706635381511,0.16326176843388,0.256370376373605,0.209661219811005
21897,0.204775985393712,0.366007455720102,0.233500699680483,0.195715859205704
21898,0.185347000333542,0.230242627547773,0.339420564996705,0.244989807121981
21899,0.274612018039605,0.0992844742737191,0.492270431580984,0.133833076105692
21900,0.0574156091493914,0.0995947425118338,0.0872160521658062,0.755773596172969
21901,0.168541891141337,0.655805203203097,0.0318941129815716,0.143758792673994
21902,0.0522401288917283,0.124602272940662,0.58567977308032,0.23747782508729
21903,0.0560081773493268,0.0887384927523007,0.514489819011293,0.34076351088708
21904,0.215430416316597,0.0716386768197335,0.256443506115013,0.456487400748656
21905,0.0273949132595167,0.489228684947903,0.260273925771427,0.223102476021153
21906,0.0845474470232083,0.224698491210102,0.0898264376417068,0.600927624124983
21907,0.0603246952841888,0.355279702630247,0.133660747016893,0.450734855068671
21908,0.302849621276762,0.218220399424386,0.250100974137877,0.228829005160976
21909,0.31249388009591,0.113727121430559,0.342876640100165,0.230902358373367
21910,0.438904681843382,0.138620946139393,0.184308270822666,0.238166101194559
21911,0.136842228050789,0.621621045231925,0.135769066057296,0.10576766065999
21912,0.161093165823184,0.551640959521318,0.0539845905910179,0.23328128406448
21913,0.150487954932641,0.489035504219062,0.131466670004705,0.229009870843593
21914,0.137000039728497,0.141636162091729,0.22118492882608,0.500178869353695
21915,0.325236040340517,0.066638902656284,0.301064859966197,0.307060197037003
21916,0.0573457180804658,0.107966525187742,0.334802282562253,0.499885474169539
21917,0.174916713736773,0.13996885204361,0.283512801081025,0.401601633138592
21918,0.104511717750627,0.0860909349784918,0.706372301138663,0.103025046132219
21919,0.17160961603662,0.0926997140111309,0.561562099722421,0.174128570229828
21920,0.248143790109156,0.177711783405175,0.167104757788841,0.407039668696829
21921,0.137692374873824,0.586485926242721,0.129063419534866,0.146758279348589
21922,0.471731345405286,0.226010134546934,0.0572116580183738,0.245046862029407
21923,0.194108666716687,0.0836513541032687,0.285045535126159,0.437194444053885
21924,0.226184836780947,0.096237611595914,0.294397333485926,0.383180218137213
21925,0.601161915010718,0.0779733218387967,0.142000885233531,0.178863877916954
21926,0.401402801071519,0.124781589160729,0.100776549029158,0.373039060738594
21927,0.0844922571204191,0.136588536192876,0.634376702954214,0.144542503732491
21928,0.0638685083889879,0.719731886502066,0.0356343295606268,0.180765275548319
21929,0.038636484542512,0.0451597359221123,0.0874875618542533,0.828716217681123
21930,0.0209771295169399,0.368765511969292,0.14219706056912,0.468060297944648
21931,0.0966382887225414,0.332936241673907,0.0362417774669021,0.53418369213665
21932,0.0807193405332631,0.0452756603467764,0.498012179790345,0.375992819329616
21933,0.0509680311377132,0.5797426129192,0.0384848447620155,0.330804511181071
21934,0.0834118487264368,0.365383755359352,0.127676804907854,0.423527591006358
21935,0.0698674116097322,0.129409533783874,0.0590701175179101,0.741652937088484
21936,0.100319027915715,0.188003185610776,0.0742088906137967,0.637468895859713
21937,0.0523756266436987,0.113441038495052,0.607041536801858,0.227141798059392
21938,0.019235882323248,0.503487126335042,0.106622005388573,0.370654985953138
21939,0.0311178003693455,0.256292549864779,0.050722171509978,0.661867478255898
21940,0.511273707174294,0.128320326727295,0.0697745679894231,0.290631398108988
21941,0.0465812880462215,0.030013117421649,0.117032352621369,0.806373241910761
21942,0.0766931374437559,0.78552073904146,0.0571591401508036,0.0806269833639808
21943,0.0382349990843217,0.314471374562095,0.0284679696736381,0.618825656679945
21944,0.0544463482722501,0.388539030557512,0.295284250156277,0.261730371013961
21945,0.0546980539637507,0.21560457854492,0.0302678863924135,0.699429481098916
21946,0.436861999872117,0.217807235655134,0.0923990060803809,0.252931758392367
21947,0.401402837383937,0.244169793378463,0.120949227147688,0.233478142089913
21948,0.0999286790077811,0.476233917162781,0.201030089116877,0.222807314712561
21949,0.11341539049735,0.323240894191965,0.140684599367635,0.422659115943051
21950,0.161034972876831,0.483046326808328,0.0909773508376419,0.2649413494772
21951,0.106302157544196,0.263900329410394,0.302849803840282,0.326947709205128
21952,0.373343569695943,0.0632780253748603,0.0831309157794444,0.480247489149752
21953,0.473058323853591,0.1864441073952,0.0768859385985786,0.26361163015263
21954,0.187917524101691,0.06486912836139,0.0754557016118017,0.671757645925117
21955,0.400041553803535,0.0672648521348373,0.195530361536461,0.337163232525167
21956,0.0363801805520194,0.122757371895139,0.143812680293344,0.697049767259497
21957,0.416488195657988,0.10545735315613,0.209230387408773,0.268824063777109
21958,0.0285260140629721,0.750741503719813,0.0830017571399433,0.137730725077272
21959,0.0610821879134942,0.0836674125017274,0.0702967581774953,0.784953641407283
21960,0.101527187053212,0.625186690215431,0.0376440887906143,0.235642033940743
21961,0.175298454886943,0.165313289440541,0.322552200799624,0.336836054872891
21962,0.705039659866326,0.0951950871318961,0.0736225175826748,0.126142735419104
21963,0.0913170734037072,0.534392930257038,0.236922737092306,0.137367259246948
21964,0.113134170998069,0.0348365446854112,0.726321222090336,0.125708062226184
21965,0.0828102177748944,0.0801800341176697,0.334876245057441,0.502133503049995
21966,0.0798451559436697,0.0427997010455509,0.390769236505176,0.486585906505604
21967,0.519865680653747,0.0302809128948874,0.244281830986268,0.205571575465098
21968,0.151448672154029,0.623323447866097,0.0504728897745365,0.174754990205338
21969,0.0219836898683336,0.167763422348792,0.215270444658555,0.594982443124319
21970,0.178356902878025,0.19667741145435,0.129967090872925,0.4949985947947
21971,0.187567068939533,0.344986815367666,0.338899532891654,0.128546582801146
21972,0.380139256070066,0.119525634347703,0.137064460317849,0.363270649264382
21973,0.447308622318637,0.186375749576751,0.0410158488050032,0.325299779299609
21974,0.509513836389976,0.164858102413867,0.0524410828928783,0.273186978303279
21975,0.0345893855706221,0.083451443784164,0.266520488447769,0.615438682197445
21976,0.336526543509833,0.272267397531645,0.246946646994701,0.144259411963821
21977,0.144197669788152,0.437308303859243,0.155750521389038,0.262743504963567
21978,0.291444633881533,0.040539496350719,0.28363656393397,0.384379305833778
21979,0.245145490664593,0.200244125547261,0.0509592692348515,0.503651114553295
21980,0.0681620458422711,0.625686699213299,0.0678156556297394,0.23833559931469
21981,0.0770675470323497,0.576777211711175,0.146240542146725,0.19991469910975
21982,0.105725595716861,0.225082068102309,0.185401109458182,0.483791226722648
21983,0.0320642320497015,0.0602466180039315,0.230748508653805,0.676940641292562
21984,0.127836000984843,0.293837334918727,0.173506721437224,0.404819942659206
21985,0.0632964135217829,0.493582745756049,0.134490708415154,0.308630132307014
21986,0.129476333831079,0.154778645446914,0.560913245041683,0.154831775680324
21987,0.0690672520357278,0.386800817310895,0.207394718219898,0.33673721243348
21988,0.248839039679077,0.273933202118596,0.153419250673049,0.323808507529277
21989,0.10503531324127,0.291485214901577,0.25578920886094,0.347690262996214
21990,0.051935582521803,0.414389642377449,0.261887396237524,0.271787378863224
21991,0.180151203415377,0.228122084912248,0.260978772077796,0.330747939594579
21992,0.254143774104494,0.156362076895058,0.108269430693276,0.481224718307172
21993,0.134527230462599,0.350087613458531,0.134466270018693,0.380918886060177
21994,0.0952938196352914,0.448942537021507,0.371447725655452,0.0843159176877494
21995,0.0998683090213074,0.159506880939943,0.461968498002977,0.278656312035773
21996,0.286959990288731,0.187325506758867,0.0629484897008816,0.462766013251521
21997,0.347787784786362,0.107049308811629,0.302824358525157,0.242338547876852
21998,0.338869567694441,0.113943430737494,0.111992028234076,0.435194973333989
21999,0.0917915915184985,0.573493817193668,0.163509705363377,0.171204885924457
22000,0.460252274965964,0.0723905693838457,0.261247014835226,0.206110140814965
22001,0.116051133080296,0.573038254703452,0.203533571171571,0.107377041044681
22002,0.109621692682693,0.441905294291185,0.108764653876886,0.339708359149236
22003,0.0627879144673687,0.225586306369089,0.50866794326316,0.202957835900383
22004,0.535914650561502,0.142914268700138,0.0982843096599376,0.222886771078423
22005,0.40838551250472,0.0769499632556303,0.170373656406307,0.344290867833342
22006,0.0501280144055601,0.327350922398584,0.229017215386182,0.393503847809675
22007,0.228979352135476,0.377709944765189,0.159307616625311,0.234003086474023
22008,0.0416510663175331,0.168401849475833,0.497337503773161,0.292609580433473
22009,0.349733367331417,0.12671853711404,0.191758375743901,0.331789719810642
22010,0.131239069771181,0.428631084289756,0.0646548289933289,0.375475016945735
22011,0.0655238531584007,0.433385435700439,0.174896778526379,0.326193932614781
22012,0.238199462664429,0.0969344321309849,0.138501476893974,0.526364628310612
22013,0.347294971651196,0.112135017251163,0.223224112794317,0.317345898303323
22014,0.117284620047633,0.0947645369679041,0.622292769558003,0.16565807342646
22015,0.0733276408058687,0.0780224117888457,0.352919461203567,0.495730486201719
22016,0.0522805471510411,0.439235466913686,0.0515265479743668,0.456957437960906
22017,0.0625111912967671,0.715298174466746,0.0402558298401248,0.181934804396362
22018,0.275765110531028,0.158315917705009,0.301362280147962,0.264556691616
22019,0.167207952769578,0.091695143884096,0.294744204603482,0.446352698742844
22020,0.1121664547403,0.0894330952693429,0.390230973837899,0.408169476152458
22021,0.0414211052469422,0.300464871736673,0.321855271714601,0.336258751301784
22022,0.57548707483193,0.0462317727568732,0.165424832731212,0.212856319679985
22023,0.371346802903501,0.0439714016474965,0.325887061274539,0.258794734174463
22024,0.375537173938446,0.0545900179415887,0.141607328960384,0.428265479159582
22025,0.412479249037325,0.211044063018761,0.0603914474051018,0.316085240538812
22026,0.666946058686534,0.0907866640006052,0.0344575507918751,0.207809726520986
22027,0.262035668835218,0.2161497862735,0.0772856398980107,0.444528904993271
22028,0.401176724057428,0.0820024887453434,0.0376912778695631,0.479129509327665
22029,0.0412913358798538,0.0722636018816303,0.066133622696209,0.820311439542307
22030,0.603159935977768,0.022004060264334,0.224081208984047,0.150754794773851
22031,0.196747527240968,0.16709815204694,0.0605414647944896,0.575612855917603
22032,0.0566190856332693,0.172249392040716,0.0502470513752244,0.72088447095079
22033,0.0558706041881437,0.0866717156597169,0.739498533151481,0.117959147000658
22034,0.749560941833861,0.056858599545085,0.0469200888689819,0.146660369752072
22035,0.193511218557981,0.0990108757868065,0.101736364149353,0.605741541505859
22036,0.531287557430005,0.175837396780925,0.0611158620926591,0.231759183696411
22037,0.122754455083318,0.149814821181063,0.0402705025575159,0.687160221178104
22038,0.0965957272026325,0.291894882080371,0.0477788454074865,0.56373054530951
22039,0.424146932978623,0.342331634892913,0.0184773232856977,0.215044108842766
22040,0.131059535974623,0.394274805689565,0.160572438187525,0.314093220148287
22041,0.180202068640098,0.0677641571033964,0.504564754273787,0.247469019982719
22042,0.230756438693157,0.228892433665789,0.275781773051036,0.264569354590017
22043,0.201486121068945,0.523323384418255,0.0839770690421053,0.191213425470695
22044,0.0704136256984159,0.13672423215219,0.38728859821486,0.405573543934535
22045,0.0652688054301782,0.510394911316992,0.0836614131452246,0.340674870107605
22046,0.129163854213279,0.29113111587686,0.254826318780475,0.324878711129387
22047,0.153405662470926,0.461339150874332,0.0749495944478678,0.310305592206874
22048,0.0862976819327924,0.763329134907372,0.0284043637653199,0.121968819394516
22049,0.14148651133092,0.543475280649991,0.0626100992172331,0.252428108801856
22050,0.140770472675992,0.342380717994406,0.404300680768793,0.112548128560809
22051,0.0500191872482577,0.0800246408694801,0.59759847192787,0.272357699954392
22052,0.17080126689787,0.446422199998045,0.155243705798026,0.227532827306058
22053,0.0246792134501627,0.783789126074254,0.0945784884792073,0.0969531719963763
22054,0.0794424973464794,0.0664280016830268,0.675609727292366,0.178519773678128
22055,0.186694603030863,0.12258187142007,0.519105504731666,0.1716180208174
22056,0.180855244299544,0.080647107250216,0.586846215201181,0.151651433249059
22057,0.290341471855591,0.150923725148747,0.223579568546691,0.335155234448972
22058,0.249852600559816,0.603184044705967,0.0654536275344267,0.0815097271997908
22059,0.166473186803092,0.478469772757481,0.0968702687948483,0.258186771644579
22060,0.210681698364568,0.211750147375738,0.0786527173915068,0.498915436868188
22061,0.110582250286817,0.168897226431379,0.397788217166264,0.32273230611554
22062,0.199885140147827,0.269734293360551,0.348736577877289,0.181643988614334
22063,0.0252941836216507,0.662345747784952,0.18682384089737,0.125536227696028
22064,0.419801047005651,0.214926865919793,0.143000094408134,0.222271992666421
22065,0.129529441366624,0.145536300478664,0.385071920721458,0.339862337433254
22066,0.495881340692648,0.126249706602882,0.0939066176837357,0.283962335020734
22067,0.376512671107266,0.196466176809944,0.062172602680905,0.364848549401886
22068,0.133614869586789,0.758561704370355,0.025569514709522,0.0822539113333348
22069,0.0657815153359808,0.487903553179943,0.0945657408225916,0.351749190661484
22070,0.470764709637333,0.0463804948604924,0.101118103217408,0.381736692284767
22071,0.358663633991454,0.198403703882317,0.0742830359787027,0.368649626147526
22072,0.041461778586515,0.616954990871855,0.246062354758355,0.0955208757832752
22073,0.117651190928185,0.125250482461023,0.263404243858403,0.49369408275239
22074,0.0519540818487653,0.673775707607702,0.137059951704507,0.137210258839026
22075,0.0678763121760136,0.269281240893133,0.195553019417306,0.467289427513547
22076,0.685001456694746,0.132786358079889,0.0616485924656332,0.120563592759732
22077,0.157189990381711,0.0820526499165575,0.0819747533143005,0.678782606387431
22078,0.426138975625838,0.139853976365961,0.0816246005947684,0.352382447413433
22079,0.456856578532639,0.0301265862453624,0.0558237191559612,0.457193116066038
22080,0.103333635657549,0.0602233916492516,0.525339520862944,0.311103451830256
22081,0.0839278460604561,0.623641325851877,0.0946066472856921,0.197824180801975
22082,0.647666010847812,0.126718661214194,0.0711875548806214,0.154427773057373
22083,0.0232198887406178,0.599607531041044,0.124287262468951,0.252885317749387
22084,0.150990046335971,0.0826183947138521,0.0374283116867204,0.728963247263456
22085,0.290363819408762,0.0928472268217264,0.153568339844698,0.463220613924814
22086,0.0339588078555067,0.381001682848779,0.0275822466674734,0.557457262628241
22087,0.0332059211550437,0.0512114885493199,0.517131287281049,0.398451303014587
22088,0.0630107565086146,0.0844217047288151,0.0831796663618745,0.769387872400696
22089,0.0165276819513153,0.527399000161398,0.148514057006468,0.307559260880818
22090,0.0770663775626207,0.159534005791777,0.216454829900283,0.546944786745319
22091,0.0368087100130736,0.0912147157606821,0.708155692021658,0.163820882204587
22092,0.689806924165715,0.146672473204656,0.0239786718155446,0.139541930814084
22093,0.0447496311278042,0.0840838457060301,0.526057677192837,0.345108845973329
22094,0.0815419646460481,0.0700515576145496,0.326582165204729,0.521824312534673
22095,0.0418615360818052,0.274589493110318,0.12442258335181,0.559126387456067
22096,0.123058307833719,0.0234879019878429,0.663973712166919,0.18948007801152
22097,0.49765537923768,0.0216318815289822,0.0455379211494435,0.435174818083894
22098,0.299341333532816,0.0731622506698554,0.468537019446489,0.15895939635084
22099,0.0560910428496848,0.353157891882988,0.252159970353431,0.338591094913896
22100,0.0844999520423218,0.17978456889803,0.59370313494931,0.142012344110338
22101,0.475522166223888,0.217642956561525,0.11212733110176,0.194707546112827
22102,0.10784505954624,0.378657676746647,0.130865244317877,0.382632019389236
22103,0.317539906851223,0.272391644410862,0.204674881765057,0.205393566972859
22104,0.38866638451087,0.270792719432596,0.0757847673125588,0.264756128743976
22105,0.0367884116012008,0.348506104048247,0.299682261507566,0.315023222842987
22106,0.70126547521718,0.118003823178128,0.0347990608086284,0.145931640796064
22107,0.115898162638429,0.0821652469261605,0.555564634277511,0.2463719561579
22108,0.326791338766515,0.107092964095099,0.274753316861921,0.291362380276465
22109,0.295367636798267,0.396963457463257,0.117944935625028,0.189723970113447
22110,0.091565735501174,0.0851933606976297,0.19838426664538,0.624856637155817
22111,0.382023222337779,0.134614082478917,0.133904530046682,0.349458165136623
22112,0.0463860623050113,0.1959032323167,0.485219621129019,0.272491084249269
22113,0.0769420814016371,0.436931607858481,0.18650866130529,0.299617649434592
22114,0.213020005353287,0.109679162958606,0.192174098334592,0.485126733353516
22115,0.175954118260214,0.125865869477552,0.0803106616021302,0.617869350660104
22116,0.058649871142215,0.153564058990942,0.541659700016947,0.246126369849896
22117,0.260809297944086,0.0950946028935455,0.505587672854739,0.13850842630763
22118,0.716479612812243,0.0609114159810209,0.0594677406434755,0.16314123056326
22119,0.0564766022948072,0.626987689910193,0.0860718104971517,0.230463897297848
22120,0.128053624530063,0.0704114931679153,0.48098759498604,0.320547287315982
22121,0.0453529958613313,0.298337599886314,0.186544776844866,0.469764627407489
22122,0.0863971247171773,0.331166786055114,0.482437250666719,0.0999988385609897
22123,0.109953571457495,0.383396453097286,0.255018779644211,0.251631195801008
22124,0.0386683661477699,0.385508403235427,0.296391495334611,0.279431735282192
22125,0.253647871571424,0.107693443555869,0.149916593089585,0.488742091783122
22126,0.173406333329868,0.148120753860254,0.277723853836976,0.400749058972902
22127,0.592755581674233,0.13634667603539,0.10155560814354,0.169342134146837
22128,0.402426939069132,0.208007216241226,0.166202475877618,0.223363368812024
22129,0.0390687305245316,0.10397662208383,0.116989893579607,0.739964753812032
22130,0.0422636389211555,0.23841069927477,0.522020168829457,0.197305492974617
22131,0.691826127600364,0.0594629186635342,0.117030028772066,0.131680924964036
22132,0.0531443544209373,0.179258647756093,0.510117988769904,0.257479009053066
22133,0.0382928777322674,0.0964881873314988,0.581674512826193,0.283544422110041
22134,0.377821851002414,0.13237448301895,0.132231669520447,0.35757199645819
22135,0.626886100148039,0.030590037072136,0.035206618412688,0.307317244367137
22136,0.285742661511447,0.142402795026754,0.067500821344016,0.504353722117783
22137,0.295989166709986,0.081502446703917,0.17738892573601,0.445119460850087
22138,0.268064534794608,0.197922961488376,0.128832467863818,0.405180035853198
22139,0.103760198164087,0.402048624870757,0.137609218058696,0.35658195890646
22140,0.0378486997173105,0.0418771886200563,0.370991155034788,0.549282956627845
22141,0.0333171843332023,0.194809058511997,0.164653555601958,0.607220201552843
22142,0.152440625946748,0.054275817294213,0.651939097426808,0.141344459332232
22143,0.219851681407745,0.124451835310927,0.228355564891152,0.427340918390176
22144,0.022389249054627,0.230331687436,0.574665261306893,0.172613802202479
22145,0.0672213735289427,0.122373149931693,0.265772182452451,0.544633294086913
22146,0.221417603710518,0.0407104524172869,0.297968074416563,0.439903869455632
22147,0.385233052459502,0.0541169538240626,0.138769566701668,0.421880427014768
22148,0.244649568180756,0.0709116490891555,0.118874452172321,0.565564330557768
22149,0.0467099897886503,0.280063475963787,0.0254355929113642,0.647790941336199
22150,0.0575567309085419,0.0503155443850281,0.750291959460013,0.141835765246418
22151,0.168933530423046,0.0377240525365144,0.322259566816491,0.471082850223948
22152,0.200367406880994,0.0497228162653718,0.0308325151988868,0.719077261654747
22153,0.031020497024425,0.260733484170936,0.510866894493348,0.197379124311291
22154,0.067248149484209,0.43013247586112,0.119790644971387,0.382828729683284
22155,0.143047346623722,0.213436378333226,0.361538738546506,0.281977536496545
22156,0.0674710282504353,0.518337830902961,0.0785284000361799,0.335662740810424
22157,0.106064056005206,0.262890932258016,0.374769162241185,0.256275849495593
22158,0.0721407430673677,0.431253405572551,0.168000044964257,0.328605806395825
22159,0.131390086212212,0.217512895865604,0.445944090823151,0.205152927099033
22160,0.176082876977574,0.267965957667889,0.117566444201269,0.438384721153269
22161,0.0732999167543575,0.281357895761941,0.199510931551837,0.445831255931864
22162,0.122329164212675,0.25443335694917,0.256783305375635,0.366454173462519
22163,0.451369707450849,0.0843065222502186,0.0547189584052917,0.40960481189364
22164,0.0431046415988546,0.0403807398278603,0.508252830677249,0.408261787896036
22165,0.0620688947518992,0.497679313629759,0.116792062708461,0.323459728909881
22166,0.411700431573214,0.405708922403576,0.0675558191304179,0.115034826892792
22167,0.370544326899261,0.209450924665194,0.185188688231775,0.23481606020377
22168,0.110425206268068,0.208722893905065,0.273991223773477,0.40686067605339
22169,0.31854091685514,0.0446354909711171,0.210702248694837,0.426121343478906
22170,0.0678556532437603,0.227197131576493,0.544926772082825,0.160020443096921
22171,0.085177080386876,0.313808133016752,0.304333137019442,0.29668164957693
22172,0.0884836896252522,0.180634200827403,0.0689790607116727,0.661903048835672
22173,0.182604327925059,0.490105525016559,0.0608647206884595,0.266425426369922
22174,0.57099005566222,0.12630732488745,0.0787947730230387,0.223907846427291
22175,0.0725729728123722,0.48126903852595,0.185504050064855,0.260653938596823
22176,0.332225576022617,0.0913568252833909,0.34479048938816,0.231627109305831
22177,0.19090363785906,0.0749810006513658,0.215005401055022,0.519109960434553
22178,0.184976917093864,0.367647539350075,0.118826194738905,0.328549348817157
22179,0.0520705258413087,0.396537142391599,0.0511764713100636,0.500215860457029
22180,0.215853749821304,0.0773654850395096,0.563772281425594,0.143008483713592
22181,0.108498463816849,0.532384024314871,0.105854841435827,0.253262670432453
22182,0.342748243605882,0.0971375572188206,0.277841285274752,0.282272913900546
22183,0.225295332313765,0.495677439891863,0.0755852343168977,0.203441993477474
22184,0.367961271121939,0.0591021457689381,0.0995138900966266,0.473422693012497
22185,0.13802205834897,0.317237308820867,0.0529393149168704,0.491801317913293
22186,0.0561336704767727,0.470039393681612,0.0830540172905046,0.390772918551111
22187,0.0786886786661478,0.125106547535317,0.0660521023846302,0.730152671413906
22188,0.269040309223379,0.126222908610697,0.271185173812475,0.333551608353448
22189,0.171475975834799,0.0374799892114903,0.485087847431098,0.305956187522613
22190,0.0591790055768194,0.439403679719457,0.149765147949903,0.35165216675382
22191,0.194251003454989,0.105277361458024,0.590536693244095,0.109934941842892
22192,0.119381902967221,0.184855203133853,0.293470734507217,0.40229215939171
22193,0.0722997947042476,0.185842303746307,0.108215947911437,0.633641953638009
22194,0.248275847777539,0.303889481062633,0.0227909371352583,0.42504373402457
22195,0.217607302007884,0.57898215573047,0.119934072876259,0.0834764693853867
22196,0.238378270373078,0.0253467986358817,0.0712582072546804,0.66501672373636
22197,0.0841685221734428,0.410745280341353,0.0313209929074138,0.473765204577791
22198,0.0358301963195691,0.0281544889101998,0.0627205869928074,0.873294727777424
22199,0.696683051377211,0.0573248795327184,0.0423120011347384,0.203680067955332
22200,0.354623215464767,0.0510126987279416,0.111869496333712,0.48249458947358
22201,0.180395791518729,0.455345750046747,0.138510808907111,0.225747649527414
22202,0.635369310299168,0.168967062546945,0.0335982691721866,0.1620653579817
22203,0.517012869019801,0.273519571478774,0.0484154052599763,0.161052154241449
22204,0.0639696966650646,0.276896115025029,0.0207221684822511,0.638412019827655
22205,0.297406345966146,0.235920363966463,0.106726568252306,0.359946721815085
22206,0.0414420713034769,0.113014812262595,0.40195614279497,0.443586973638958
22207,0.0537399516113683,0.039984711810472,0.309568210547957,0.596707126030203
22208,0.158552790639504,0.480322874522041,0.0333179394297259,0.32780639540873
22209,0.119908110649943,0.0514004182250784,0.0319048406102074,0.796786630514771
22210,0.0770342803683765,0.113571577229426,0.138098436060669,0.671295706341529
22211,0.0554855065279059,0.271603456630677,0.0213013479930044,0.651609688848413
22212,0.0276650657653688,0.331204628282725,0.349310668561383,0.291819637390523
22213,0.0695375762817134,0.22618897290236,0.20348524700262,0.500788203813307
22214,0.0468937084834134,0.201142728382045,0.429647095792275,0.322316467342267
22215,0.0483448307409808,0.0863327657920164,0.678559428927531,0.186762974539472
22216,0.399882086833866,0.116340100038336,0.102612653889696,0.381165159238102
22217,0.104651487267655,0.0741082572064429,0.537618784482504,0.283621471043398
22218,0.0633732607559171,0.388724233841387,0.0302398710305345,0.517662634372162
22219,0.322495480019581,0.0337319950370495,0.132796778111374,0.510975746831996
22220,0.784350614731853,0.0238151623312109,0.0448235550895126,0.147010667847424
22221,0.0241654803678507,0.136925038962271,0.0494803108508347,0.789429169819043
22222,0.74197796035758,0.0630660634221471,0.0290808101555707,0.165875166064702
22223,0.154027637053324,0.412700360692597,0.0373383222512837,0.395933680002795
22224,0.176333398224245,0.0628989696054927,0.167618055110546,0.593149577059717
22225,0.671660222177854,0.144450224708682,0.0939428821700335,0.08994667094343
22226,0.0640001017126773,0.0304076253322749,0.761202287025101,0.144389985929947
22227,0.577213169860141,0.153289749322278,0.141865323520683,0.127631757296898
22228,0.0271143019454891,0.649127809007855,0.0912943208871005,0.232463568159556
22229,0.237564106470887,0.384000080802094,0.0624012351184984,0.316034577608521
22230,0.0829964104320967,0.0621242887381005,0.714320761385258,0.140558539444545
22231,0.527246988437716,0.169552003046665,0.187217714725593,0.115983293790026
22232,0.430115319636259,0.249868527458581,0.0822539999293852,0.237762152975775
22233,0.112944086306594,0.0959289762520347,0.407845179311878,0.383281758129493
22234,0.273925072264602,0.324190758033198,0.0882876797670203,0.31359648993518
22235,0.254273580990559,0.0747122298157163,0.178510110813069,0.492504078380656
22236,0.634379077725657,0.139252606155535,0.0766548696274093,0.149713446491399
22237,0.263291611776293,0.0851835302641233,0.342144713530981,0.309380144428603
22238,0.0441377644833442,0.202406192501166,0.418227933978325,0.335228109037166
22239,0.178956622970562,0.418007905175119,0.181515606214283,0.221519865640036
22240,0.158088804341104,0.158753937093016,0.284071688768559,0.399085569797321
22241,0.343912926725622,0.108251624162981,0.140719922026722,0.407115527084676
22242,0.40215684816544,0.190072439370977,0.0469075312611263,0.360863181202457
22243,0.043719145470007,0.60782549746033,0.0765666164419956,0.271888740627667
22244,0.226310061679874,0.425812245124963,0.215068043729344,0.132809649465819
22245,0.492928322722569,0.0835599188567812,0.0682563367143396,0.35525542170631
22246,0.144203433321046,0.440004792243653,0.0896152021149285,0.326176572320372
22247,0.0882414149818729,0.0978874217616574,0.565597973016783,0.248273190239687
22248,0.520036773447898,0.143093814160986,0.252272868881922,0.0845965435091944
22249,0.0703362308295004,0.128609328547635,0.243855793159129,0.557198647463736
22250,0.396210332056764,0.063800241452589,0.235950166914475,0.304039259576172
22251,0.137849603715918,0.132150474069911,0.471027884512081,0.258972037702091
22252,0.101997648672053,0.0716856466657566,0.523278006258933,0.303038698403258
22253,0.147794017657549,0.466909338648839,0.0699290919193733,0.315367551774238
22254,0.102957183761068,0.166951072317425,0.333008307195771,0.397083436725736
22255,0.0737729614437097,0.041217017477422,0.431058125493114,0.453951895585754
22256,0.275644476079088,0.0661640249540711,0.197053329405318,0.461138169561523
22257,0.582714388927477,0.0513565795237655,0.136221857348224,0.229707174200534
22258,0.065767794318398,0.521854346280761,0.168773611226583,0.243604248174258
22259,0.188283154742688,0.0864142785507267,0.234111078431873,0.491191488274712
22260,0.0308264236252023,0.0419694671327295,0.39273594613257,0.534468163109498
22261,0.292109785762505,0.0788065215352356,0.288998664651534,0.340085028050726
22262,0.382322074365137,0.264643529888749,0.0957094172660971,0.257324978480017
22263,0.0983491027471882,0.508395331598058,0.0310929324091722,0.362162633245582
22264,0.426627880950106,0.219122572431618,0.0776087340785196,0.276640812539756
22265,0.174360174386367,0.126483035415619,0.489781760281138,0.209375029916876
22266,0.0873183475265867,0.0583259831889099,0.425862983649221,0.428492685635282
22267,0.0502344862194908,0.0392409305510011,0.529919637990793,0.380604945238716
22268,0.343691797719041,0.164119142548648,0.0936100013414701,0.39857905839084
22269,0.281656560854412,0.560143895939093,0.0573093350525361,0.100890208153959
22270,0.119135421458066,0.318570357732541,0.361439432239259,0.200854788570134
22271,0.186592047817928,0.292642829380568,0.38257343290417,0.138191689897334
22272,0.242823470351186,0.417363566679685,0.177838287114594,0.161974675854535
22273,0.193754375331346,0.198959401412386,0.279910361434753,0.327375861821515
22274,0.213984899793183,0.540503652709871,0.0922287997263678,0.153282647770579
22275,0.164647373146222,0.455074854473513,0.170176018269188,0.210101754111078
22276,0.0561715305984324,0.132833057329126,0.560734972210241,0.2502604398622
22277,0.218663904785236,0.174551651800725,0.519082114963828,0.0877023284502119
22278,0.115437394115432,0.376899067190449,0.284111726481379,0.223551812212741
22279,0.353360052520592,0.225084341933037,0.202033655217262,0.219521950329108
22280,0.212696428644003,0.148370400762147,0.400822404130746,0.238110766463104
22281,0.607735707016064,0.0979160236669616,0.161372781805293,0.132975487511681
22282,0.0899449803919248,0.297656365757246,0.536235169870769,0.0761634839800603
22283,0.193029086038255,0.376592864208823,0.174668089507664,0.255709960245259
22284,0.298007822610546,0.140684837222472,0.434922517047339,0.126384823119643
22285,0.121586410729033,0.393099725294256,0.216897240769627,0.268416623207084
22286,0.169736265773329,0.0790622214522792,0.573861797830202,0.17733971494419
22287,0.365150141971028,0.290380248494693,0.115196722764613,0.229272886769666
22288,0.31592681031028,0.215597849053471,0.227116635142929,0.24135870549332
22289,0.17451452569286,0.319473013872939,0.288510127582076,0.217502332852125
22290,0.48267877970158,0.0666910154222538,0.337919124140981,0.112711080735186
22291,0.65055826230641,0.0781636945177705,0.0988976325577862,0.172380410618033
22292,0.241028979015236,0.265808922259007,0.256566935446727,0.23659516327903
22293,0.218031964459734,0.393899523796775,0.0970537435962101,0.291014768147281
22294,0.281141379001877,0.153217338936606,0.086624377830296,0.479016904231222
22295,0.128258392364378,0.229700409306847,0.46329905451036,0.178742143818415
22296,0.282182779161386,0.0654185233115089,0.292815590939733,0.359583106587372
22297,0.209552596305094,0.169676382919609,0.37658436142883,0.244186659346467
22298,0.1374922625577,0.198738566945923,0.429192246671466,0.234576923824911
22299,0.0396407782313107,0.705807142974657,0.0689346850849628,0.18561739370907
22300,0.592662734525652,0.186569526301517,0.0767016062389306,0.1440661329339
22301,0.108994869348072,0.152376127100245,0.568326301220749,0.170302702330935
22302,0.0957563378037769,0.538742920725111,0.196687664676648,0.168813076794464
22303,0.421560823335037,0.176661600630105,0.148183163927723,0.253594412107136
22304,0.269273618447919,0.353842339679064,0.0687279732629672,0.30815606861005
22305,0.170966470664134,0.288437001580917,0.331302411125715,0.209294116629234
22306,0.158060806422096,0.15328946085152,0.507076641208245,0.181573091518139
22307,0.105399327978353,0.312247655441462,0.068205356563353,0.514147660016832
22308,0.163393119105787,0.302451810599267,0.205573299613862,0.328581770681084
22309,0.452221488535789,0.0922357309121439,0.0477575733082687,0.407785207243798
22310,0.267446029332142,0.0654945935971961,0.255163011539447,0.411896365531215
22311,0.158113480739528,0.307128140209607,0.197332852602586,0.337425526448278
22312,0.664679713647613,0.0970497553625519,0.0665957197902406,0.171674811199595
22313,0.476735999869444,0.215474441517818,0.0756422169761558,0.232147341636582
22314,0.389856682041624,0.219623258994846,0.199046317121622,0.191473741841908
22315,0.139503869027399,0.323615445877954,0.181900305818235,0.354980379276413
22316,0.0642009075778834,0.387254856060904,0.154986947261614,0.393557289099598
22317,0.077736892571215,0.466308584066525,0.113503925747216,0.342450597615045
22318,0.179114232155168,0.0495092256236017,0.506186525624029,0.265190016597201
22319,0.3245967327502,0.227652512156661,0.081935806594192,0.365814948498948
22320,0.137567020411277,0.332352388018748,0.361320108944851,0.168760482625125
22321,0.244794724614834,0.166761813204915,0.152827185264132,0.435616276916119
22322,0.0683708053983406,0.125911116965738,0.468880448127504,0.336837629508417
22323,0.0477692492337237,0.363791190786691,0.131815864213693,0.456623695765892
22324,0.0793184449822494,0.393308690610653,0.296399189693843,0.230973674713255
22325,0.195890662036433,0.229656841912835,0.0949171511813811,0.479535344869351
22326,0.411322085527968,0.0952098959907982,0.12747179708949,0.365996221391744
22327,0.331303042101402,0.228999952382988,0.332476808421779,0.10722019709383
22328,0.313680571458904,0.148649929651895,0.200486696123458,0.337182802765743
22329,0.255965106164198,0.176303051573981,0.191625483239923,0.376106359021897
22330,0.140549287855771,0.153379887329088,0.316889259416989,0.389181565398152
22331,0.219394463136147,0.152374465820379,0.0695987334931672,0.558632337550307
22332,0.168347791810837,0.121810140129405,0.19135836828087,0.518483699778888
22333,0.651428885591383,0.0320815498427911,0.220278891847681,0.0962106727181444
22334,0.18009856085113,0.136030908637895,0.388172721815803,0.295697808695172
22335,0.238450062497676,0.301340194616103,0.115587030051788,0.344622712834433
22336,0.42501160712033,0.191238945470857,0.118274453493948,0.265474993914865
22337,0.120048068111207,0.336157964756969,0.293062610925772,0.250731356206052
22338,0.0655342655790967,0.191469638311849,0.127734169044123,0.615261927064931
22339,0.155481175777572,0.0639765663604134,0.637648212583843,0.142894045278172
22340,0.0512739015985641,0.463913687429464,0.0869576070838674,0.397854803888105
22341,0.161762474036593,0.131942850064413,0.20099422335681,0.505300452542184
22342,0.169361337014126,0.133126923795283,0.538498063596666,0.159013675593926
22343,0.0972125245656311,0.695802254057547,0.0798906604440637,0.127094560932758
22344,0.106432812592281,0.257750543351234,0.519797241730382,0.116019402326103
22345,0.723837295142441,0.0840663592805515,0.102943339631514,0.0891530059454935
22346,0.4413605996624,0.18409700054189,0.0849334185709947,0.289608981224715
22347,0.106571653656747,0.325119808549602,0.413695903826669,0.154612633966982
22348,0.0939329179950363,0.334457479925782,0.498574468206476,0.0730351338727054
22349,0.213125685273555,0.313056127566718,0.361936956162636,0.111881230997091
22350,0.216430082198927,0.299780170834587,0.352175076413368,0.131614670553118
22351,0.135730892073322,0.219262753801411,0.550684466234761,0.0943218878905051
22352,0.588329317429199,0.0924502946416155,0.21961830116148,0.0996020867677061
22353,0.216954213536351,0.115030575671282,0.403565685789909,0.264449525002458
22354,0.246324330344172,0.278410423331351,0.256405758388321,0.218859487936156
22355,0.157954393971418,0.3335793110128,0.283064834264559,0.225401460751223
22356,0.20346501776989,0.0896693605871673,0.394492966305026,0.312372655337916
22357,0.111977017725901,0.593514253641647,0.138844530525267,0.155664198107185
22358,0.68357172863544,0.0874475278886841,0.123342526274447,0.105638217201429
22359,0.197545514879049,0.304741251646397,0.4182412003739,0.0794720331006535
22360,0.234764918894456,0.462736990944891,0.0563630540820178,0.246135036078635
22361,0.279095590249223,0.217032649235659,0.161479064549145,0.342392695965973
22362,0.154859295830507,0.263783041130273,0.360234008314644,0.221123654724575
22363,0.0897639756164763,0.138548163818997,0.420538772738861,0.351149087825666
22364,0.253917233546866,0.290201050127495,0.163642119216942,0.292239597108696
22365,0.224176433731467,0.309946748176366,0.23030394565219,0.235572872439977
22366,0.156337055173925,0.534909831993459,0.219429944498006,0.089323168334611
22367,0.468839672646891,0.0955762884405378,0.237449203411299,0.198134835501272
22368,0.176243962758812,0.419451017756037,0.113184973044562,0.29112004644059
22369,0.152507963831711,0.596322061203525,0.138180303890122,0.112989671074642
22370,0.117310944409681,0.356863989849461,0.186340598300312,0.339484467440546
22371,0.445859279706695,0.0790518240200249,0.224712728023285,0.250376168249995
22372,0.463752985099198,0.314665946750244,0.0747925184330443,0.146788549717514
22373,0.199861907040703,0.0933080781983547,0.267442140328652,0.43938787443229
22374,0.222331691332487,0.601742736575851,0.0725904835020575,0.103335088589605
22375,0.11101128314886,0.53665538144211,0.104359745932178,0.247973589476852
22376,0.231871752910384,0.115869606172522,0.185055429001022,0.467203211916072
22377,0.305759229392728,0.3281985160291,0.125991685716939,0.240050568861233
22378,0.0966509479944782,0.0906851342570359,0.709463304556226,0.10320061319226
22379,0.343537462731363,0.327633226221379,0.0758335848902248,0.252995726157033
22380,0.09132834159752,0.23786400814124,0.226149407476526,0.444658242784713
22381,0.0912394001675086,0.414224108089287,0.199170721801764,0.295365769941441
22382,0.057732550044981,0.58583247711908,0.0983710164865072,0.258063956349432
22383,0.226767750296138,0.122792257267458,0.361873644980309,0.288566347456095
22384,0.184119155790417,0.543258342350833,0.0811194570460509,0.191503044812699
22385,0.312215093153735,0.226453194850281,0.306860016907883,0.154471695088101
22386,0.240420192957597,0.368865085258519,0.26449758704287,0.126217134741014
22387,0.211318705826509,0.111583536356575,0.336352465305579,0.340745292511337
22388,0.513185774987451,0.184631799846711,0.113246354708236,0.188936070457602
22389,0.1943528685607,0.24461146294644,0.3809908769095,0.180044791583361
22390,0.317323440394259,0.212805042901613,0.119484134017301,0.350387382686828
22391,0.331025184499915,0.116816462531055,0.211707645501987,0.340450707467043
22392,0.270349697743189,0.350011542141474,0.159820077075654,0.219818683039684
22393,0.130319565671547,0.16774566249852,0.524368923446196,0.177565848383737
22394,0.111315975843311,0.386300092436262,0.173456136169798,0.328927795550629
22395,0.40175241867529,0.23070483901556,0.190109117326695,0.177433624982455
22396,0.070851723266327,0.086572098146465,0.382083171598487,0.460493006988722
22397,0.300275251427881,0.343456512861881,0.0926819964754885,0.263586239234749
22398,0.334450050976481,0.114838999642841,0.316607990865363,0.234102958515315
22399,0.07295507140485,0.177542543814123,0.62706412215523,0.122438262625798
22400,0.0840923721570849,0.088853799595247,0.669186729956819,0.157867098290849
22401,0.534238441880882,0.0709477818771732,0.0890991900202382,0.305714586221706
22402,0.16409100606467,0.381677898700598,0.297896711796392,0.156334383438341
22403,0.234778308350251,0.297875312148979,0.216471942235471,0.2508744372653
22404,0.498243488083155,0.0595292732518159,0.370394082923903,0.0718331557411263
22405,0.097607256593165,0.480574709260714,0.132041275093857,0.289776759052264
22406,0.143808852644723,0.498471679074434,0.125689785166474,0.232029683114369
22407,0.223514903999853,0.134484985726687,0.260775680936657,0.381224429336803
22408,0.0614263836760711,0.0938828480625195,0.753653553542736,0.091037214718673
22409,0.392875865003855,0.193592714623239,0.277071956485555,0.13645946388735
22410,0.239466119597276,0.39880011201112,0.233264384948361,0.128469383443243
22411,0.179082471319941,0.328937450787713,0.308375899535746,0.1836041783566
22412,0.298667267952154,0.139877643896127,0.475010429321983,0.0864446588297357
22413,0.0685089268878498,0.123865981042656,0.150120228180726,0.657504863888769
22414,0.191642488421681,0.690270323389848,0.0355869455106375,0.0825002426778333
22415,0.0871726946440489,0.168117309916478,0.597266781090635,0.147443214348838
22416,0.0869835197191904,0.115025694343672,0.580022947545943,0.217967838391194
22417,0.246620976528279,0.137482725283029,0.243791225882258,0.372105072306434
22418,0.0365289850114494,0.509782642408547,0.305037038137537,0.148651334442466
22419,0.13412951296674,0.27236789054025,0.144560786154373,0.448941810338638
22420,0.0670026760986779,0.484963997881254,0.144872055230982,0.303161270789086
22421,0.301733694652549,0.0971287615331496,0.442239902391361,0.158897641422941
22422,0.0640813824108407,0.340737115820154,0.255158847382864,0.340022654386142
22423,0.0831923959458164,0.180567644808614,0.603950790956815,0.132289168288755
22424,0.449686223748196,0.194800503640354,0.118712279942879,0.236800992668571
22425,0.139536366550263,0.3543894485519,0.129167618187855,0.376906566709982
22426,0.318276874300771,0.241021974141224,0.180809932651139,0.259891218906866
22427,0.384622692006827,0.285272864355315,0.0787206871675702,0.251383756470288
22428,0.0382121606371216,0.32755125579832,0.260835755206965,0.373400828357593
22429,0.706753778116281,0.121246982433033,0.040498923186995,0.131500316263691
22430,0.12172862820367,0.0920186771518756,0.526010925847304,0.26024176879715
22431,0.303106099760308,0.10310223012734,0.258455114509545,0.335336555602807
22432,0.300055585050313,0.387000518010156,0.124387605869272,0.188556291070259
22433,0.119373145633323,0.103597936845544,0.192621010879938,0.584407906641195
22434,0.349982024855573,0.131355149401693,0.123243461127203,0.395419364615531
22435,0.0540954526015571,0.206101038257319,0.461688746542706,0.278114762598418
22436,0.0825473197693594,0.419483796293356,0.179608995719927,0.318359888217358
22437,0.209557006961285,0.134313482083029,0.177462323411946,0.47866718754374
22438,0.202515306595274,0.162400180009857,0.0763801330894995,0.55870438030537
22439,0.0593812440823395,0.162855835666846,0.497214025572081,0.280548894678734
22440,0.181270405190165,0.495870308981574,0.172306906564366,0.150552379263895
22441,0.307192548320517,0.267745046324627,0.307186329948135,0.117876075406721
22442,0.146564482999379,0.296868386567835,0.464106609404261,0.0924605210285252
22443,0.156319681578987,0.670576137183558,0.0739469841687776,0.0991571970686774
22444,0.324035934347246,0.340411137364335,0.219748403548189,0.11580452474023
22445,0.166030353499443,0.394491371131301,0.267426663908258,0.172051611460998
22446,0.15288357505902,0.326114554100433,0.483875928867321,0.0371259419732262
22447,0.20729901348313,0.452123682451791,0.220967489610336,0.119609814454744
22448,0.167832016928345,0.401626977514175,0.353865967374401,0.0766750381830796
22449,0.21574447286484,0.435248145682328,0.193694153035824,0.155313228417008
22450,0.154609289246478,0.324870052985705,0.304315412943945,0.216205244823873
22451,0.0929597023468764,0.623216562969078,0.185619672327086,0.0982040623569603
22452,0.143334330169227,0.528915024438913,0.179648608462382,0.148102036929478
22453,0.282462474780359,0.218908163273614,0.211821409603054,0.286807952342973
22454,0.249793052603572,0.496480291049026,0.167025933217507,0.0867007231298948
22455,0.394737966766085,0.205998685379091,0.234770114695892,0.164493233158932
22456,0.346802192200462,0.144725699779611,0.286254480530426,0.2222176274895
22457,0.248544316027499,0.320184804847224,0.301112696646665,0.130158182478611
22458,0.177324649100742,0.440116708928688,0.248415794143741,0.134142847826829
22459,0.206836530208951,0.316749481459495,0.413137673417051,0.0632763149145024
22460,0.1529336955679,0.156792724958235,0.572846810831048,0.117426768642817
22461,0.281533432600967,0.318236015878918,0.211841887730186,0.18838866378993
22462,0.376082991402231,0.331538363849033,0.176945255984491,0.115433388764245
22463,0.0941823968942571,0.475434406831651,0.200129136249859,0.230254060024234
22464,0.248822078891468,0.323364763689317,0.201443301019059,0.226369856400156
22465,0.363590966268793,0.398675777464486,0.138085547507697,0.0996477087590237
22466,0.213700598357069,0.439055985471769,0.0707760054114192,0.276467410759743
22467,0.158628813345517,0.59285878881751,0.124014419517146,0.124497978319828
22468,0.218002115050876,0.316393329135673,0.271776277838357,0.193828277975094
22469,0.361437291604224,0.153599891702391,0.325671387371086,0.159291429322299
22470,0.203139122213269,0.606189630427403,0.0540182402607678,0.13665300709856
22471,0.560795466496293,0.237388667561447,0.101018474245513,0.100797391696747
22472,0.0758923096760059,0.484033373003417,0.276261103123324,0.163813214197254
22473,0.534272374917625,0.132866170057473,0.207867742360093,0.124993712664809
22474,0.593119837255665,0.0512250366336618,0.286094124398755,0.0695610017119192
22475,0.308084864703176,0.533845624381943,0.0616049068194534,0.0964646040954275
22476,0.166663033944309,0.235300666790009,0.346611946535819,0.251424352729864
22477,0.114463544289646,0.269746901698087,0.450879549168019,0.164910004844248
22478,0.117056437210446,0.0835836336995817,0.555333708407162,0.24402622068281
22479,0.256384714554154,0.0827106160165398,0.137559784207681,0.523344885221625
22480,0.069945073199043,0.175598873062595,0.368869924645678,0.385586129092684
22481,0.223521872229939,0.402099159842883,0.0519806575391354,0.322398310388042
22482,0.241366535392329,0.153609662093549,0.0567237215582103,0.548300080955912
22483,0.10104714651016,0.2338898271258,0.0742246937991682,0.590838332564871
22484,0.2568286747687,0.308440733715582,0.034759789479041,0.399970802036678
22485,0.0430936834543842,0.22943253406463,0.134795002834184,0.592678779646802
22486,0.0797422552721948,0.188233229139443,0.412827268382604,0.319197247205759
22487,0.0804143915105097,0.0520415617002915,0.369805171660584,0.497738875128615
22488,0.113791067856412,0.072500559316741,0.443356648637677,0.37035172418917
22489,0.329868028318352,0.0520239220602448,0.292811012489363,0.32529703713204
22490,0.0677564345383268,0.586664901432355,0.0801216821186227,0.265456981910696
22491,0.0497005325110195,0.592963273762321,0.0755456174219544,0.281790576304706
22492,0.057118188309549,0.178979946342292,0.421948116194936,0.341953749153223
22493,0.162952058347301,0.438891110644311,0.262774418304307,0.135382412704081
22494,0.193234971382212,0.110164402354169,0.34910945330398,0.347491172959639
22495,0.103402977292378,0.182383182502484,0.242116692619661,0.472097147585477
22496,0.288609342789565,0.0619049840960996,0.222389379688587,0.427096293425749
22497,0.159532542153374,0.476922830384052,0.214209648058831,0.149334979403743
22498,0.0785047589310532,0.178471629699146,0.274924715858302,0.468098895511499
22499,0.451610159250514,0.114060575695194,0.160136776422025,0.274192488632268
22500,0.612037639529506,0.0781082145142051,0.0524760753223556,0.257378070633933
22501,0.330860698489451,0.159761240085588,0.161943825182964,0.347434236241997
22502,0.31025122742063,0.15036544599463,0.172640979939994,0.366742346644746
22503,0.215988159503507,0.185917761696281,0.0593088414107986,0.538785237389414
22504,0.150549509235973,0.471866508998521,0.0950218714669986,0.282562110298508
22505,0.204729459442534,0.0792497278078398,0.177155853869424,0.538864958880202
22506,0.214699091274358,0.23835655927824,0.253798633120047,0.293145716327354
22507,0.0331510648147461,0.536820954140458,0.101652768510318,0.328375212534479
22508,0.132374518871666,0.632272859769464,0.0653655608328988,0.169987060525971
22509,0.568902148171546,0.0695940274671937,0.0858195382268894,0.275684286134371
22510,0.0413260276951462,0.785707394868077,0.0475565870734522,0.125409990363324
22511,0.158892766179371,0.0722840381046837,0.629661747024691,0.139161448691255
22512,0.115490284783501,0.127222555136922,0.363561333687758,0.393725826391819
22513,0.178463365044844,0.100133019509617,0.367797936982789,0.353605678462749
22514,0.160191906874776,0.581782215310731,0.0842772026799848,0.173748675134508
22515,0.050470438935043,0.0724995693846425,0.504005536435161,0.373024455245154
22516,0.0700726358141396,0.502489516066022,0.151715254382954,0.275722593736885
22517,0.208881883141936,0.125399771139016,0.388637777284568,0.27708056843448
22518,0.131434810178043,0.198093732890535,0.260131593675806,0.410339863255616
22519,0.155284287090979,0.391926906184672,0.0723073832032431,0.380481423521106
22520,0.310346471924962,0.30297347430059,0.174753341253793,0.211926712520656
22521,0.0634928040748608,0.449399309946338,0.26247097537017,0.224636910608632
22522,0.0309731299734622,0.0760756776501801,0.577667567994074,0.315283624382283
22523,0.0289861390331437,0.711673833588352,0.139076294397842,0.120263732980663
22524,0.0575492503563604,0.0515309962081737,0.254264624332269,0.636655129103197
22525,0.238821112497283,0.0524172748420145,0.629386661030044,0.0793749516306583
22526,0.407247877729236,0.352900048380416,0.0584986386470356,0.181353435243312
22527,0.0921530548241375,0.330516787431602,0.156589595374976,0.420740562369284
22528,0.0929737546954018,0.0625857398729423,0.559201486907776,0.28523901852388
22529,0.146426377570136,0.388519615867348,0.148676654515173,0.316377352047343
22530,0.155741240730106,0.0376784110439418,0.113496429187174,0.693083919038778
22531,0.0540333171854757,0.0450604930687141,0.766595639088386,0.134310550657424
22532,0.238431962563636,0.17869902895029,0.0615427925238945,0.52132621596218
22533,0.0603202194489337,0.448260978903841,0.0778170932261375,0.413601708421088
22534,0.140379014878157,0.406913343541074,0.095250411843126,0.357457229737643
22535,0.11772500974843,0.24085074113729,0.37104615727111,0.270378091843171
22536,0.0677148705732763,0.566503942698052,0.08338108027017,0.282400106458501
22537,0.0905745315208008,0.288950614266234,0.376939544684868,0.243535309528098
22538,0.0687448122696364,0.462744595300419,0.151551142730015,0.31695944969993
22539,0.122261221556703,0.242703048643173,0.454454637942474,0.18058109185765
22540,0.180565629931666,0.289791614659817,0.116093289927531,0.413549465480987
22541,0.0857267546786766,0.324836312871248,0.190047151339351,0.399389781110725
22542,0.100636840147357,0.265323538036138,0.300376214186834,0.333663407629672
22543,0.448016896850953,0.0846339466241181,0.0562390498738371,0.411110106651092
22544,0.0418767195674333,0.0377382712064643,0.543979896194022,0.376405113032081
22545,0.0577801267029003,0.552686126848905,0.108872929904793,0.280660816543402
22546,0.419184355632256,0.445978366644038,0.0525118958099871,0.0823253819137182
22547,0.378765901384507,0.216332147466347,0.179955131992032,0.224946819157115
22548,0.137265752492687,0.208641001899211,0.306717504184528,0.347375741423575
22549,0.3530337849766,0.0429768590711362,0.222293366491661,0.381695989460603
22550,0.0517930605346022,0.267151273031738,0.547704401527888,0.133351264905772
22551,0.070395844303159,0.331985481594385,0.341079578648569,0.256539095453887
22552,0.0979966068491856,0.212186415463433,0.0649575877939543,0.624859389893427
22553,0.19250473065738,0.505317992111461,0.0590428396950156,0.243134437536143
22554,0.309315702796887,0.17455979597794,0.305703533599532,0.210420967625641
22555,0.120287392143102,0.474069787931188,0.254160765355743,0.151482054569967
22556,0.427244721652776,0.329914581268211,0.158997266163922,0.0838434309150923
22557,0.11234741781405,0.531288441876187,0.208636431251397,0.147727709058366
22558,0.156922510984733,0.135433926577226,0.610022680264699,0.0976208821733422
22559,0.157957105634264,0.249414626624905,0.284111005196963,0.308517262543868
22560,0.179384445034572,0.223653602211047,0.373019222972983,0.223942729781397
22561,0.132608098007395,0.327773410466605,0.429253478825377,0.110365012700623
22562,0.154206696527497,0.499706607607968,0.277849984901488,0.0682367109630463
22563,0.441216270860052,0.171791763372171,0.283998532334015,0.102993433433762
22564,0.408502288902058,0.102032051159523,0.320877953748772,0.168587706189648
22565,0.133353314916151,0.158990725191028,0.422457492575325,0.285198467317497
22566,0.128135093657284,0.516035535483719,0.244836744287187,0.11099262657181
22567,0.286718327379894,0.147002840400463,0.290120183594773,0.27615864862487
22568,0.294337841616083,0.167922513331485,0.215980864923342,0.32175878012909
22569,0.259917604131907,0.146850101066945,0.521088518839599,0.0721437759615495
22570,0.281892866668541,0.293092453962698,0.152916525933611,0.27209815343515
22571,0.262783764699746,0.410057298339695,0.128143441214211,0.199015495746348
22572,0.237744043543763,0.289987593455532,0.178247006542459,0.294021356458247
22573,0.268486684525328,0.25973578824195,0.276937238319252,0.194840288913469
22574,0.341247567474285,0.126070509789927,0.32821621779266,0.204465704943128
22575,0.0930206988109108,0.411058585070489,0.302197354898093,0.193723361220508
22576,0.323063549289768,0.265487732930059,0.191376485869723,0.220072231910451
22577,0.382904464825051,0.322375123775938,0.203933959678942,0.090786451720069
22578,0.0829324894073822,0.430386834296923,0.361051979759867,0.125628696535828
22579,0.104140831272037,0.306976810646492,0.244029505253372,0.344852852828099
22580,0.426866469127801,0.231552151556088,0.234901761302933,0.106679618013178
22581,0.0923312060621131,0.290555143133566,0.350331355769148,0.266782295035173
22582,0.370102964521049,0.194232036795117,0.330872733827516,0.104792264856318
22583,0.265221342865645,0.301058163974069,0.298546319691134,0.135174173469153
22584,0.116516108310295,0.376921179702911,0.33674263344554,0.169820078541254
22585,0.224378458173177,0.417449340077012,0.220149942343735,0.138022259406076
22586,0.134356332171121,0.510981639556021,0.182351599301881,0.172310428970977
22587,0.382266099254313,0.107874849011729,0.090846600840519,0.419012450893439
22588,0.336704743081655,0.162624421035114,0.302801971014166,0.197868864869065
22589,0.330885195242557,0.433127964527065,0.154345331967394,0.0816415082629844
22590,0.121813577981296,0.116000124319172,0.4565578856347,0.305628412064832
22591,0.286104837327243,0.107790794313684,0.485693961579546,0.120410406779528
22592,0.297119533803572,0.421267670543751,0.148327390469112,0.133285405183565
22593,0.323522691105884,0.293490792430223,0.146347111659812,0.23663940480408
22594,0.116113335008282,0.0829405107689855,0.469853882340104,0.331092271882628
22595,0.0925691465254547,0.136317313859974,0.237686648491565,0.533426891123006
22596,0.286931409679547,0.494927753384947,0.0986603986221454,0.11948043831336
22597,0.0738855319760754,0.15581350051272,0.606572669623692,0.163728297887513
22598,0.0828705341832914,0.461323726501389,0.0740800197785281,0.381725719536791
22599,0.149929926486347,0.126879899854657,0.14463450721037,0.578555666448626
22600,0.123664069116433,0.225813128224812,0.178420934018415,0.47210186864034
22601,0.36425791009243,0.0579024781152026,0.134531360632742,0.443308251159626
22602,0.702631286343272,0.0938070424845003,0.0711942868371511,0.132367384335076
22603,0.241389581387119,0.0744896833784834,0.181834159401714,0.502286575832683
22604,0.0566572544151359,0.353919191648027,0.28239953119147,0.307024022745367
22605,0.482337132847498,0.0669637373351277,0.0753883324540348,0.375310797363339
22606,0.145038888297331,0.103537525459274,0.449910686791433,0.301512899451962
22607,0.12290204087414,0.099730378222047,0.338809846870745,0.438557734033068
22608,0.0988385838386765,0.592972153692527,0.134772196415362,0.173417066053435
22609,0.245236220949029,0.393649443450288,0.0777134264552427,0.28340090914544
22610,0.0318202410095256,0.691129611268367,0.150907978210871,0.126142169511237
22611,0.157487432325426,0.240338587005229,0.404158412406001,0.198015568263344
22612,0.115286185164499,0.156963808431218,0.41099584898532,0.316754157418963
22613,0.457198745195497,0.244001306136252,0.112472122963927,0.186327825704325
22614,0.415214917897057,0.200433448877597,0.155402250968359,0.228949382256987
22615,0.141784887303914,0.559011956074454,0.195171217929166,0.104031938692467
22616,0.576331317883712,0.0487116665675111,0.312383181926014,0.0625738336227633
22617,0.142919834592275,0.133779765732943,0.543212172842708,0.180088226832075
22618,0.497492079382732,0.0787072514296991,0.199652684614268,0.224147984573301
22619,0.0912220358634685,0.460810995782665,0.115780284195208,0.332186684158659
22620,0.0707052287474964,0.725741557447779,0.0724456603957834,0.131107553408941
22621,0.0841621985080477,0.0599636516643846,0.65158633238818,0.204287817439388
22622,0.226926137987845,0.118633744004218,0.173343840589379,0.481096277418558
22623,0.121728993935036,0.570300930931185,0.125945707699931,0.182024367433847
22624,0.162714739682456,0.470919904004222,0.108001439760139,0.258363916553183
22625,0.330196886508616,0.198529557725913,0.168141046265793,0.303132509499678
22626,0.389127531709618,0.129766208679063,0.192552822114255,0.288553437497064
22627,0.259185538087652,0.0829938965067005,0.308305460414162,0.349515104991485
22628,0.0806656456320068,0.300228193744118,0.512150414120919,0.106955746502957
22629,0.129457541537794,0.396820285966069,0.218231230617353,0.255490941878784
22630,0.307965007870709,0.417373691132758,0.177955101820591,0.0967061991759416
22631,0.46033879301683,0.293718222111014,0.0836584897327328,0.162284495139423
22632,0.190949141068424,0.392735951500299,0.124238337146468,0.292076570284809
22633,0.178710750932084,0.192244058145335,0.281034391418026,0.348010799504555
22634,0.0865659784826523,0.411018184959503,0.206719609045324,0.295696227512521
22635,0.144387587266641,0.452953620872393,0.127943863818792,0.274714928042175
22636,0.107354099857629,0.524909985537397,0.17425124510125,0.193484669503724
22637,0.454681832335689,0.136478856358577,0.151973488996782,0.256865822308951
22638,0.124718682982111,0.25119189370997,0.174994172029643,0.449095251278276
22639,0.0854170038465848,0.255367478651735,0.218177499387321,0.44103801811436
22640,0.111409090925522,0.179505030438218,0.435131025153207,0.273954853483053
22641,0.109633757405181,0.624469563693641,0.108903175504694,0.156993503396484
22642,0.132288712423492,0.308856166065994,0.160344576308422,0.398510545202093
22643,0.256776030179123,0.195048997299625,0.280794736246401,0.267380236274851
22644,0.103921521413538,0.16898174750062,0.586785006037266,0.140311725048576
22645,0.201733991278152,0.120602414129948,0.236410831649686,0.441252762942214
22646,0.227728936079925,0.2732308446437,0.175942807789081,0.323097411487294
22647,0.606272882775869,0.249601673521319,0.0563472415584136,0.0877782021443988
22648,0.59655020338491,0.217654654585439,0.0668280966439615,0.11896704538569
22649,0.0860649119530801,0.26229437567805,0.281131547431139,0.370509164937732
22650,0.0983533732256287,0.422428314460276,0.0906966557137715,0.388521656600324
22651,0.100792128385275,0.130146440402073,0.45194145046605,0.317119980746603
22652,0.0637689786818639,0.105349625476673,0.200781721940948,0.630099673900515
22653,0.0595287906257698,0.235441172453726,0.561168574653662,0.143861462266843
22654,0.0648960279333063,0.10207906970281,0.186909400604159,0.646115501759725
22655,0.121692077143948,0.521360582905104,0.0605580706218605,0.296389269329087
22656,0.188210304647349,0.141345570319266,0.449919443776605,0.22052468125678
22657,0.346486123274056,0.190213618611719,0.100404572519471,0.362895685594753
22658,0.0725020588665853,0.0497200626480658,0.122599010108175,0.755178868377174
22659,0.105777155145766,0.117611227404166,0.565690208733901,0.210921408716167
22660,0.60753695143375,0.146544272205756,0.0467149773493872,0.199203799011107
22661,0.349055697709568,0.139112980818618,0.284589722537416,0.227241598934398
22662,0.090877489094462,0.136732916512219,0.627660969531671,0.144728624861648
22663,0.17456921927151,0.602611735803459,0.105668858205961,0.11715018671907
22664,0.116483759054313,0.478527429062343,0.0570261781909691,0.347962633692375
22665,0.299377015710277,0.211433522625829,0.32666611904441,0.162523342619484
22666,0.365163098759849,0.224576888451481,0.0478202544517091,0.362439758336961
22667,0.0930422387929011,0.174124701721179,0.50824630194172,0.2245867575442
22668,0.16623095244606,0.310816854341608,0.0674442046340184,0.455507988578314
22669,0.0982561140442625,0.0693330868269122,0.161329195252106,0.67108160387672
22670,0.137541760845357,0.358225130559688,0.127698942045783,0.376534166549173
22671,0.239458879235891,0.122321682904287,0.418123003877456,0.220096433982366
22672,0.375513773286242,0.105177636697239,0.150115252499508,0.369193337517011
22673,0.312999790877198,0.214901585892083,0.131842886966802,0.340255736263918
22674,0.131375164991604,0.206633247569915,0.457809805812235,0.204181781626246
22675,0.0908197931162788,0.307802668707173,0.163092420204212,0.438285117972336
22676,0.14655481581698,0.497068468947728,0.0954541541895681,0.260922561045725
22677,0.535891795276981,0.106256235100621,0.146061232067265,0.211790737555133
22678,0.159507480535697,0.152704355686636,0.123871016790508,0.563917146987158
22679,0.0513645762754173,0.495244778540454,0.0798990778936577,0.373491567290471
22680,0.0498077814028895,0.158260696664935,0.400334698835101,0.391596823097074
22681,0.0931327019703897,0.359683675833502,0.112508363042579,0.43467525915353
22682,0.232227418321578,0.587368381854471,0.0522141477093332,0.128190052114618
22683,0.0679460361555031,0.0294918032347546,0.598200696491835,0.304361464117908
22684,0.149351198964935,0.687683183972246,0.0665741089201775,0.0963915081426422
22685,0.176540932797086,0.133405261202599,0.158424321222003,0.531629484778312
22686,0.772679095843658,0.058729928849851,0.0428631594688286,0.125727815837663
22687,0.131034151838474,0.508143871280111,0.136619900987057,0.224202075894358
22688,0.405794156807019,0.269015744037958,0.240481448342387,0.0847086508126358
22689,0.236459497497267,0.386474839960347,0.212875240782357,0.164190421760028
22690,0.120463763706242,0.239941088420772,0.563934741819601,0.0756604060533849
22691,0.122113003476723,0.49352086706466,0.319433162854814,0.064932966603803
22692,0.193315142991188,0.280761676526204,0.284720594495684,0.241202585986925
22693,0.20292006373596,0.403663874998293,0.170769148591274,0.222646912674473
22694,0.520937514610988,0.0820399933616201,0.296916057416993,0.100106434610399
22695,0.192637264682837,0.182149636430208,0.484474357077149,0.140738741809807
22696,0.124671186119776,0.461636565727336,0.122382440289165,0.291309807863724
22697,0.0713565913005627,0.432947389207257,0.167094016677604,0.328602002814577
22698,0.361466516009925,0.336350940342015,0.0963808091165088,0.205801734531551
22699,0.513432417530543,0.107487993975914,0.191319092320221,0.187760496173322
22700,0.303929538856172,0.175491749031666,0.131975556784871,0.388603155327291
22701,0.149422994179363,0.453482196465211,0.0762594049896398,0.320835404365786
22702,0.0767283014509822,0.237995452922757,0.441964304394969,0.243311941231293
22703,0.266080785290496,0.141310641674977,0.483695584889235,0.108912988145292
22704,0.160005799218735,0.437381562094613,0.191710068436495,0.210902570250157
22705,0.112392331545633,0.280396347768959,0.360205584395286,0.247005736290121
22706,0.18066349113216,0.215100257925819,0.375738515442163,0.228497735499858
22707,0.0826519925146419,0.613417571510476,0.177192341166211,0.126738094808671
22708,0.133651737273586,0.233670118516884,0.481378698034414,0.151299446175116
22709,0.163698110143135,0.645229050662607,0.0471517202593044,0.143921118934954
22710,0.161124892492602,0.495592709872521,0.12082885769423,0.222453539940647
22711,0.600296065213325,0.107676140697228,0.170760819435093,0.121266974654355
22712,0.292167962800984,0.383463649838437,0.0751359485117148,0.249232438848864
22713,0.184530082624024,0.208154789992954,0.340967309502059,0.266347817880964
22714,0.112645282770442,0.20660403606346,0.576741842486447,0.104008838679651
22715,0.247756916427937,0.335413826849863,0.16021139833236,0.25661785838984
22716,0.160727240180773,0.304118218743133,0.225400049063869,0.309754492012226
22717,0.159142876882418,0.12226583509892,0.427915633147705,0.290675654870957
22718,0.475523702318277,0.111361477577633,0.128508441897576,0.284606378206513
22719,0.494017585131755,0.258370749540167,0.148169624456414,0.0994420408716647
22720,0.0705413656437821,0.403659574499706,0.205482257703703,0.320316802152809
22721,0.47950739506683,0.296580269027233,0.0994780832181174,0.12443425268782
22722,0.152404662173751,0.249296224289507,0.251658797587727,0.346640315949014
22723,0.151377735415006,0.436623940924813,0.0509083404002217,0.36108998325996
22724,0.119732727334893,0.138285961075341,0.648836733398836,0.0931445781909298
22725,0.13511942080622,0.470389029588901,0.205078914160092,0.189412635444788
22726,0.0742241880266255,0.542632141275868,0.152006715758298,0.231136954939209
22727,0.187995809048712,0.216477559564691,0.485971302127515,0.109555329259082
22728,0.0716345683711496,0.499757133442434,0.28009253957851,0.148515758607907
22729,0.311601915735864,0.346012978689831,0.194463842826552,0.147921262747754
22730,0.129323109295186,0.381692115346045,0.294120931641663,0.194863843717107
22731,0.0636654648731937,0.453692341437265,0.335298489108138,0.147343704581403
22732,0.243622117878578,0.340579106230576,0.269698921536137,0.146099854354709
22733,0.344913499226983,0.260230895404509,0.159028509039799,0.235827096328709
22734,0.221729769147853,0.397880559249361,0.16740530576563,0.212984365837156
22735,0.105715638298475,0.483749500278457,0.343662437924541,0.0668724234985268
22736,0.103898262376128,0.21598315791047,0.521665807127269,0.158452772586134
22737,0.382932438591719,0.26044667184458,0.0785435409623887,0.278077348601312
22738,0.368086084708648,0.152480480562928,0.35618465027059,0.123248784457833
22739,0.431984520001385,0.212277982225275,0.145743422704311,0.209994075069029
22740,0.108757608335217,0.518730541697227,0.215431134464703,0.157080715502854
22741,0.515986989022446,0.105835172016113,0.246452541869648,0.131725297091793
22742,0.118400952173339,0.594378859981197,0.203418055996049,0.0838021318494157
22743,0.163317529046828,0.500403286485988,0.138139556135339,0.198139628331846
22744,0.165451788778599,0.463214401496178,0.208217498789634,0.163116310935589
22745,0.341465741023899,0.241580811767358,0.174549358424093,0.24240408878465
22746,0.217044897284528,0.318449060620371,0.303251333835308,0.161254708259793
22747,0.535225683259679,0.148641528731977,0.121725555217042,0.194407232791303
22748,0.451208269360175,0.149062434263149,0.328281282778168,0.0714480135985085
22749,0.141477736818318,0.239169909551834,0.509815654672855,0.109536698956994
22750,0.131941338211521,0.105181411001602,0.697938148667367,0.0649391021195094
22751,0.149810659951322,0.303182656917307,0.432477383994487,0.114529299136884
22752,0.30001246638292,0.175529409314091,0.313199370149442,0.211258754153547
22753,0.248982036016677,0.479973358768269,0.134472513354495,0.136572091860559
22754,0.333625343193246,0.346037566779553,0.25735549909304,0.0629815909341615
22755,0.153260954985167,0.132612848851236,0.514241686366943,0.199884509796655
22756,0.224763556271458,0.267307171621775,0.244596007877758,0.263333264229009
22757,0.463586239871846,0.173276831728957,0.117236157146451,0.245900771252746
22758,0.20353060385928,0.175641586730021,0.500425172452433,0.120402636958267
22759,0.31039625189562,0.411127405205733,0.0890228079490397,0.189453534949607
22760,0.167246451414884,0.195651698735388,0.509108922753172,0.127992927096556
22761,0.165842321926655,0.425065074673051,0.155095086743856,0.253997516656438
22762,0.0829792607893021,0.312362357657244,0.474555600674727,0.130102780878727
22763,0.0933208081171411,0.405304952439023,0.266501454120636,0.234872785323199
22764,0.180785839547694,0.589425824753503,0.0516368170091315,0.178151518689671
22765,0.203075876357966,0.259060762346333,0.281112789546413,0.256750571749289
22766,0.392473165899948,0.322992108976163,0.183882683613913,0.100652041509977
22767,0.165059658742442,0.113877634344761,0.49198430447409,0.229078402438707
22768,0.121367210092987,0.151924104811751,0.482668503239048,0.244040181856215
22769,0.0536472504971431,0.818447077907071,0.0380016391480992,0.0899040324476865
22770,0.585806411191207,0.0936374203359279,0.0622346958670805,0.258321472605784
22771,0.360771426654128,0.0968533534445796,0.417041375957637,0.125333843943655
22772,0.475608582400488,0.196063338492075,0.130254566988038,0.198073512119399
22773,0.0874015291777867,0.536285392654352,0.0894924593608786,0.286820618806982
22774,0.12609134567045,0.217032280522264,0.372320668656544,0.284555705150742
22775,0.258081315840727,0.337352835868666,0.30259721490779,0.101968633382818
22776,0.266026986411188,0.297574346129945,0.0967032706113252,0.339695396847543
22777,0.0769402153039225,0.399549098325238,0.356636465989369,0.166874220381471
22778,0.0536612227516457,0.195916888132732,0.464572718326261,0.285849170789361
22779,0.169511916385232,0.373063583005597,0.214468344264346,0.242956156344826
22780,0.278887134141346,0.388304975289648,0.100542234856736,0.23226565571227
22781,0.0708274972649267,0.173567445589481,0.543660455914495,0.211944601231097
22782,0.068947504876757,0.0879996962791177,0.510873192763144,0.332179606080981
22783,0.184397173619178,0.112301651506565,0.504995878062642,0.198305296811615
22784,0.087078686096213,0.494989409898631,0.0894435709912372,0.328488333013918
22785,0.13037021986445,0.425979347916949,0.264293851277766,0.179356580940835
22786,0.318485452576477,0.0781525955400274,0.329389151718106,0.27397280016539
22787,0.398043735093798,0.127029810171064,0.163673373495929,0.311253081239209
22788,0.482354768147849,0.0437787773613837,0.197016637932183,0.276849816558585
22789,0.427046267997984,0.0867931186676476,0.125985390580244,0.360175222754124
22790,0.0626471704135578,0.218015808518281,0.511673666560474,0.207663354507687
22791,0.0988357998823306,0.385021797893585,0.096333342345066,0.419809059879019
22792,0.0737104750832693,0.0661272530242687,0.700378493611727,0.159783778280735
22793,0.706824248867912,0.0833501219144692,0.0499549228811076,0.159870706336511
22794,0.0945719311821748,0.266335391246837,0.394749595115649,0.244343082455339
22795,0.153286973373069,0.40937665607906,0.0577319361242916,0.379604434423579
22796,0.57173115032257,0.0555818181724633,0.171194414805814,0.201492616699153
22797,0.0439513764550648,0.0802462871023224,0.781890971639717,0.0939113648028958
22798,0.0646974328912248,0.0877965480447956,0.303524198822848,0.543981820241131
22799,0.491474043632739,0.0737976583028285,0.057924780549895,0.376803517514538
22800,0.221821333289302,0.1191314154522,0.259967187774779,0.399080063483719
22801,0.0713948164818338,0.281488121752479,0.261350511871134,0.385766549894553
22802,0.0584400160458816,0.41786022386246,0.271766259124559,0.2519335009671
22803,0.475741158870127,0.359763064452608,0.0373242600130593,0.127171516664206
22804,0.277189740916998,0.0888360274124845,0.366785690812205,0.267188540858313
22805,0.236279334623324,0.304853070509256,0.170910085062023,0.287957509805397
22806,0.117880093161466,0.549534929773368,0.0939445325483311,0.238640444516835
22807,0.419063874242779,0.0390760021641993,0.369858345516738,0.172001778076284
22808,0.0477979500622413,0.39007712250239,0.249690999488202,0.312433927947167
22809,0.0963887691451584,0.173315880091713,0.530243801952661,0.200051548810468
22810,0.0831581868169462,0.497538464270793,0.170853347262726,0.248450001649534
22811,0.175380732181809,0.186704888874789,0.366570054647272,0.27134432429613
22812,0.166629809231885,0.414501208200866,0.180893724341413,0.237975258225836
22813,0.328927210083067,0.111361832772923,0.326180073528855,0.233530883615156
22814,0.231142116461995,0.50443309289389,0.0582108191130193,0.206213971531095
22815,0.201896640084358,0.36749852822946,0.171280371392378,0.259324460293804
22816,0.120208923450512,0.261735301266453,0.0638118120860565,0.554243963196979
22817,0.504314076185253,0.136721197242214,0.0650358873105973,0.293928839261936
22818,0.0506207541113585,0.55199983170957,0.244502406402494,0.152877007776578
22819,0.184362236321838,0.143910105633205,0.389536122853668,0.282191535191288
22820,0.0729219146697927,0.220580961962254,0.482136174404707,0.224360948963246
22821,0.0814734993032757,0.185519828731722,0.346735504356924,0.386271167608078
22822,0.365664283690346,0.0664662810864319,0.262522150692924,0.305347284530298
22823,0.0847998430863179,0.437900119417549,0.0672267802028994,0.410073257293234
22824,0.0462451104868334,0.497298178132012,0.139396134653995,0.317060576727159
22825,0.144197007394475,0.0312289303899081,0.701481247171516,0.123092815044101
22826,0.0876406491137508,0.119564380691108,0.317738393101575,0.475056577093566
22827,0.541477723391826,0.0433460222986587,0.157635350436774,0.257540903872741
22828,0.0689205486199567,0.22160555006916,0.580173648228321,0.129300253082562
22829,0.0624329880605218,0.521251259741505,0.285272193885961,0.131043558312012
22830,0.0799835947461944,0.0309298477232187,0.705255790184684,0.183830767345903
22831,0.0775552620208494,0.571001344541524,0.0455031369437682,0.305940256493859
22832,0.0992991455564557,0.0672702474261378,0.604832307872161,0.228598299145246
22833,0.180946583282999,0.498301147563934,0.0805919408725445,0.240160328280523
22834,0.03207633702412,0.0872331196110835,0.262274946910354,0.618415596454443
22835,0.206678894082205,0.152231422829077,0.131657100611268,0.50943258247745
22836,0.199807698897367,0.358028658095912,0.0693177416562358,0.372845901350485
22837,0.04713144493018,0.39706818062158,0.110226954252401,0.445573420195839
22838,0.287369030682649,0.152735310225335,0.0485495587589423,0.511346100333073
22839,0.174964077003671,0.263789360946764,0.229423924934298,0.331822637115267
22840,0.446051990955742,0.03572525112662,0.220133076617281,0.298089681300358
22841,0.204569930970222,0.132888228632117,0.146174007927659,0.516367832470003
22842,0.347104791759911,0.0571836809925661,0.226414146339001,0.369297380908522
22843,0.331265486393923,0.084691993295843,0.243183448777241,0.340859071532994
22844,0.675352788828156,0.0532193337711866,0.176848737841865,0.0945791395587926
22845,0.607754563831077,0.209246097208009,0.109534534698702,0.0734648042622127
22846,0.0854214646780157,0.691495104800249,0.0294655992575892,0.193617831264146
22847,0.223060520991216,0.522261953038792,0.0870533103915078,0.167624215578484
22848,0.213990319432525,0.201119263098711,0.0889398392211306,0.495950578247634
22849,0.418040747131804,0.028214660192768,0.435977856812643,0.117766735862785
22850,0.45477496564541,0.0782490181502071,0.278578981787336,0.188397034417047
22851,0.144546080474826,0.427283635739604,0.124305196776986,0.303865087008585
22852,0.497899935348358,0.059666359347981,0.0415501861936978,0.400883519109964
22853,0.62143282394038,0.0871597493914666,0.205791057149239,0.0856163695189147
22854,0.129120422607058,0.176650456196528,0.0634916294129295,0.630737491783484
22855,0.415771597045185,0.182318722528738,0.0434297125621719,0.358479967863905
22856,0.0315976026846279,0.0430716366788836,0.486847302070334,0.438483458566154
22857,0.0366183853235376,0.055509475516874,0.330488495664105,0.577383643495484
22858,0.22188728765937,0.247061630771306,0.279336094737118,0.251714986832206
22859,0.119682101336293,0.73212014606551,0.0594828717891934,0.0887148808090039
22860,0.195780932060131,0.289198841764032,0.139513566216147,0.375506659959689
22861,0.207918694888805,0.37387838677253,0.252044051094564,0.166158867244101
22862,0.161880781250665,0.208107490922873,0.213100570000232,0.41691115782623
22863,0.0998161631246648,0.695804339254528,0.1008871239503,0.103492373670507
22864,0.0559270931945292,0.411601302161349,0.195781157969691,0.33669044667443
22865,0.225148063559001,0.301826849851159,0.118696972711782,0.354328113878058
22866,0.245100179931425,0.0524081927215027,0.542653033272497,0.159838594074575
22867,0.174698510283115,0.069936916070347,0.545046421774553,0.210318151871985
22868,0.143832407518031,0.214506412457195,0.321100025072073,0.320561154952701
22869,0.375846906919071,0.154575219211933,0.172163286769075,0.297414587099921
22870,0.19265757450793,0.284479843264065,0.216400024947306,0.3064625572807
22871,0.16022988651338,0.483106042286803,0.0986363004914742,0.258027770708343
22872,0.160376921466264,0.650813635527264,0.046388981682549,0.142420461323923
22873,0.0928404959602932,0.258633099860387,0.309737524724019,0.3387888794553
22874,0.145201834225471,0.520400450253244,0.066975640867813,0.267422074653473
22875,0.0621358208577856,0.549927716217268,0.0790209694516257,0.30891549347332
22876,0.190812819507722,0.482289313387012,0.167924546886981,0.158973320218286
22877,0.314958221816263,0.110069327978585,0.166526784524082,0.40844566568107
22878,0.103715317524025,0.0539264079614204,0.477749351000857,0.364608923513698
22879,0.155277857479717,0.121584605473567,0.627245677782247,0.0958918592644682
22880,0.12989496801159,0.207688313150019,0.563222824742573,0.0991938940958182
22881,0.294003509470776,0.1451785430724,0.278952246285694,0.281865701171131
22882,0.0426432260889751,0.807348472498532,0.0290560003607362,0.120952301051757
22883,0.163964873551851,0.0985137819599012,0.45499485567125,0.282526488816997
22884,0.0824259579539927,0.279455878594464,0.333903329308892,0.304214834142651
22885,0.425026097787143,0.182519630998017,0.0426295831072473,0.349824688107594
22886,0.297482792282285,0.0464167029040991,0.149864628316182,0.506235876497434
22887,0.108851472125747,0.656429896645166,0.0820235193785103,0.152695111850576
22888,0.599365080745851,0.234372764867416,0.0534019245182713,0.112860229868462
22889,0.027142366744926,0.0444817941497705,0.797593500339619,0.130782338765685
22890,0.33000606047096,0.470112783877941,0.0762162141509479,0.12366494150015
22891,0.147365967692729,0.412715296519867,0.204130194360141,0.235788541427262
22892,0.167189642424503,0.0963435302736414,0.489630867700222,0.246835959601633
22893,0.526488516335656,0.189441897894323,0.150251728586065,0.133817857183956
22894,0.108859827055417,0.0865053365126499,0.0399530558278849,0.764681780604048
22895,0.408572611187008,0.20383752992403,0.126027274791475,0.261562584097486
22896,0.431298633913358,0.4525138092268,0.0328645920777521,0.08332296478209
22897,0.107693293719085,0.244731830181803,0.427872933224382,0.219701942874729
22898,0.0987294722730974,0.185202608949337,0.453728434723543,0.262339484054023
22899,0.57969785039377,0.102069049810497,0.110966227717016,0.207266872078716
22900,0.431691333270365,0.104498810259892,0.0815494535784717,0.382260402891271
22901,0.199391679056933,0.265205661344316,0.173167451952234,0.362235207646517
22902,0.152403765726613,0.328942619663759,0.161257176396602,0.357396438213026
22903,0.190278493893241,0.228056173613697,0.456173404239226,0.125491928253836
22904,0.686956004149498,0.0794635861100597,0.104503439319573,0.129076970420869
22905,0.333317265315989,0.368902894835114,0.0697668078557952,0.228013031993102
22906,0.677513577806306,0.173599197980302,0.0316765422294924,0.1172106819839
22907,0.160332818710991,0.151875719378041,0.455287822960136,0.232503638950833
22908,0.159083520080597,0.264940939226794,0.346687486667259,0.229288054025351
22909,0.140587088743409,0.733192640382413,0.0390728981946244,0.0871473726795537
22910,0.182584677152208,0.290841989825672,0.113710432964782,0.412862900057338
22911,0.124161943379631,0.173399124881378,0.273958663648622,0.428480268090369
22912,0.265998543053023,0.490656592466226,0.15027049411026,0.0930743703704914
22913,0.211698776148384,0.0835083484506972,0.598057932208417,0.106734943192502
22914,0.0957076895522078,0.408369045584711,0.136409665482406,0.359513599380674
22915,0.625676917786834,0.0581061468587433,0.0791362611771758,0.237080674177247
22916,0.177982468663911,0.319751707278998,0.0713888403350308,0.43087698372206
22917,0.304947889462125,0.228379043904486,0.038927140219795,0.427745926413594
22918,0.481343229105549,0.155607943224785,0.0406681055147619,0.322380722154904
22919,0.0552333479242664,0.798581962874416,0.0413903296350962,0.104794359566221
22920,0.137291196770446,0.121993294361611,0.451368856034998,0.289346652832944
22921,0.341053646760772,0.126241066948952,0.06498834646754,0.467716939822736
22922,0.153811741833881,0.460739752188022,0.125056376133975,0.260392129844122
22923,0.0309100009790558,0.4612508641906,0.154612335171624,0.35322679965872
22924,0.573665408493522,0.131944843080841,0.151945251869349,0.142444496556288
22925,0.157236712641411,0.240562618047114,0.0421574448008893,0.560043224510585
22926,0.3642189642131,0.0895575969263564,0.209630326139264,0.336593112721279
22927,0.0736627410066826,0.0894146232675591,0.205562483362161,0.631360152363598
22928,0.702848724100384,0.113703029670406,0.0291349860315576,0.154313260197652
22929,0.0565435155620747,0.618284106395101,0.145723812079016,0.179448565963809
22930,0.0861580968143233,0.129991221631654,0.443791380633456,0.340059300920567
22931,0.0693769941236578,0.209588481432599,0.598289455676186,0.122745068767557
22932,0.108898475982572,0.122016866641254,0.0701027713180082,0.698981886058165
22933,0.360978777442422,0.121881604765407,0.138914927334798,0.378224690457373
22934,0.206343856673459,0.119264772918671,0.360661534900098,0.313729835507772
22935,0.0897152667862664,0.572857774811585,0.160475496988053,0.176951461414096
22936,0.429456348086307,0.135638953498582,0.234232794663258,0.200671903751852
22937,0.478164903611945,0.188982091744501,0.16995081452618,0.162902190117374
22938,0.368148710487357,0.349961536487295,0.0871508481476557,0.194738904877692
22939,0.145221492081953,0.328162377079877,0.271507255125539,0.25510887571263
22940,0.151463728219432,0.0703730604719754,0.560241304120618,0.217921907187975
22941,0.262207137911078,0.122044560406429,0.469781121670401,0.145967180012093
22942,0.0494287120938903,0.260141690717616,0.577548458383667,0.112881138804828
22943,0.12095859487419,0.381519468347356,0.125041309747028,0.372480627031425
22944,0.0988269060982935,0.464482863988667,0.0752133387705246,0.361476891142515
22945,0.18256962805293,0.367193602190509,0.174743511310204,0.275493258446357
22946,0.0926664790358449,0.170442947876278,0.353012762291317,0.383877810796561
22947,0.226626113723167,0.586079604057286,0.0572728386132862,0.130021443606261
22948,0.311142071178681,0.154376533703875,0.11649236788674,0.417989027230704
22949,0.081553032628584,0.340562757608878,0.343742479486631,0.234141730275907
22950,0.214063254939241,0.315525554777373,0.0927882910584436,0.377622899224942
22951,0.17463741682297,0.452110231664107,0.169345634477825,0.203906717035099
22952,0.243415648944585,0.377223429325403,0.0972288862001077,0.282132035529905
22953,0.418202464814649,0.165697462404857,0.216637998619282,0.199462074161212
22954,0.17232162067955,0.208448345021017,0.27308807508278,0.346141959216653
22955,0.18730590448477,0.54840129704404,0.10627889384614,0.158013904625049
22956,0.384582822176736,0.204868710852466,0.160060654919034,0.250487812051764
22957,0.221746567888191,0.17487110568425,0.407159168042708,0.196223158384851
22958,0.584764642706614,0.160894515874715,0.0780465492213218,0.176294292197349
22959,0.104517165861128,0.168726923293394,0.464449210145316,0.262306700700162
22960,0.391297230011158,0.39142248427268,0.0952201019253845,0.122060183790778
22961,0.122312893259802,0.204966610719559,0.344796834544094,0.327923661476546
22962,0.193677247543156,0.0915577059906355,0.627257823229989,0.0875072232362193
22963,0.0737217661908298,0.409617382323298,0.0785996005878479,0.438061250898024
22964,0.112711363974148,0.132943048975043,0.519843832022789,0.23450175502802
22965,0.29826285114265,0.393565074843585,0.105989011983583,0.202183062030181
22966,0.136790822128286,0.141643360994563,0.571007416252072,0.15055840062508
22967,0.0392027488235711,0.529794801980126,0.357987491353049,0.0730149578432542
22968,0.155714006712042,0.197407190276509,0.493955568778366,0.152923234233083
22969,0.28402980959682,0.258400787182713,0.288060358965114,0.169509044255353
22970,0.425772510326579,0.158806587625685,0.181687901562907,0.23373300048483
22971,0.151010958799115,0.173039705261777,0.588575665283914,0.0873736706551935
22972,0.260262036443654,0.560881225589086,0.0720431169683824,0.106813620998878
22973,0.0539281783598177,0.441531093208293,0.0706230774030915,0.433917651028798
22974,0.0687678455525269,0.0839643520562653,0.411568416986261,0.435699385404947
22975,0.236061584795304,0.12144854193572,0.504323671000168,0.138166202268808
22976,0.0440245301401042,0.195546784339296,0.471602678152165,0.288826007368434
22977,0.0670667099001565,0.235919832338477,0.431288911757651,0.265724546003715
22978,0.0399336234063766,0.188306717901867,0.546764138109711,0.224995520582045
22979,0.0681009640246235,0.258537346933943,0.440480083201962,0.232881605839471
22980,0.400266474680235,0.457345451368912,0.0504578500892475,0.0919302238616057
22981,0.17070535141621,0.597892425172496,0.123860660205745,0.10754156320555
22982,0.246674362044383,0.079234674904625,0.194552121746217,0.479538841304775
22983,0.495469809112898,0.329951259131031,0.0337413157947632,0.140837615961307
22984,0.0266639985167407,0.384020087490049,0.349556122492332,0.239759791500879
22985,0.350470999937575,0.0751633276409861,0.148323879818023,0.426041792603416
22986,0.352668317621201,0.22882963153017,0.0818320513517474,0.336669999496882
22987,0.0604450053548298,0.104832588429992,0.399381987253829,0.435340418961349
22988,0.128496936133346,0.0776561836300518,0.506704078874115,0.287142801362487
22989,0.505786161359659,0.0928683493455975,0.149542801574755,0.251802687719989
22990,0.101186112414006,0.430013776896229,0.0694769378290596,0.399323172860706
22991,0.534691568956323,0.0964027477637998,0.0549741985377457,0.313931484742131
22992,0.277851439208082,0.369489541841009,0.137475784566888,0.215183234384021
22993,0.124022018178337,0.0741729459106444,0.643865807523468,0.15793922838755
22994,0.609036284242015,0.184573319515762,0.0837564235079909,0.122633972734232
22995,0.0797582629534558,0.339213221148248,0.260346510593999,0.320682005304297
22996,0.525845084390458,0.157739536796816,0.131230940883678,0.185184437929048
22997,0.200343957690527,0.354372551437388,0.176073908506061,0.269209582366024
22998,0.192186341405403,0.0969085144714719,0.118272943400132,0.592632200722994
22999,0.44709843021961,0.101637297792716,0.218707940943872,0.232556331043803
23000,0.135455728143765,0.202200095946844,0.570876354682752,0.0914678212266393
23001,0.197941163637625,0.417146287013042,0.148923094471334,0.235989454877999
23002,0.0771593397097601,0.375045494410064,0.185785156452349,0.362010009427827
23003,0.636174977767909,0.0984874902352113,0.150895973607542,0.114441558389338
23004,0.118386229052603,0.306885634451217,0.35741036312092,0.217317773375261
23005,0.21766360720606,0.567847305939441,0.0716071060141896,0.142881980840309
23006,0.0840967947259261,0.111268792440598,0.650501678552612,0.154132734280864
23007,0.0312501528229928,0.43701860072034,0.437151365956293,0.0945798805003744
23008,0.0662318425990515,0.466947923046498,0.283790784309452,0.183029450044998
23009,0.232659754975768,0.108008836336408,0.302186098440628,0.357145310247197
23010,0.462859024976846,0.298480098381637,0.104748716572669,0.133912160068849
23011,0.334842148042164,0.127152539875357,0.283602003917813,0.254403308164665
23012,0.292036108392042,0.0872201706140841,0.444281502093327,0.176462218900548
23013,0.357358000749448,0.102356199869314,0.26709386359496,0.273191935786279
23014,0.0807173220338934,0.32073296565353,0.390397539941559,0.208152172371018
23015,0.131148272656118,0.146266468485686,0.468219409635582,0.254365849222615
23016,0.335109842863943,0.184471478040623,0.350766780186785,0.129651898908649
23017,0.234006841371489,0.189642164531915,0.358152199132764,0.218198794963833
23018,0.550476847611861,0.162169932409048,0.149817107188217,0.137536112790875
23019,0.0600513326126764,0.1383455862735,0.691543073688701,0.110060007425122
23020,0.366347010309635,0.0957718237402709,0.100103431549305,0.437777734400789
23021,0.442122103129615,0.297745270943798,0.0415399787192536,0.218592647207333
23022,0.200393212848594,0.228444489933901,0.0714264550723268,0.499735842145178
23023,0.517357162183361,0.134964004456992,0.128634866423877,0.21904396693577
23024,0.314999456030793,0.341474763177258,0.0626177274966388,0.28090805329531
23025,0.106954212490042,0.454521421623863,0.22391179911793,0.214612566768164
23026,0.760870419083013,0.0744291069246187,0.0636339786410627,0.101066495351306
23027,0.234581069202771,0.321769866830021,0.130076597029845,0.313572466937363
23028,0.0954144763420485,0.605223097188541,0.0542878812852674,0.245074545184143
23029,0.0415479833408551,0.0488358339326114,0.548237853869167,0.361378328857367
23030,0.370743393572351,0.207907671551555,0.0608822775881856,0.360466657287908
23031,0.051210438600605,0.199437898113125,0.328369826604874,0.420981836681397
23032,0.146447755951462,0.491694262071674,0.118731643850485,0.243126338126379
23033,0.363921739724745,0.111294065561242,0.0443950760485934,0.480389118665419
23034,0.0789487499019789,0.259429782609774,0.0597654299693735,0.601856037518873
23035,0.338098584819402,0.274127279905208,0.0537862430190126,0.333987892256378
23036,0.0513218539017232,0.377973154424325,0.0570278968493391,0.513677094824613
23037,0.55864350730139,0.134148160192472,0.116366999444543,0.190841333061595
23038,0.350265636447103,0.439692518289126,0.0804453530489893,0.129596492214781
23039,0.548310926136569,0.121643655936605,0.0270262495828466,0.30301916834398
23040,0.0546620701226787,0.0708535338589448,0.129983412673271,0.744500983345106
23041,0.292399281431469,0.0758640403342781,0.374202225329897,0.257534452904357
23042,0.321804532441942,0.12640326059075,0.0679606653198878,0.483831541647421
23043,0.0805860674239852,0.114881621235238,0.191521743787442,0.613010567553335
23044,0.120740696119687,0.141256445772033,0.450729891612812,0.287272966495468
23045,0.574119074811077,0.0777233811716199,0.115839134282125,0.232318409735177
23046,0.735402214347619,0.0385787026407237,0.0613264698143006,0.164692613197357
23047,0.0821302621743394,0.181563973776006,0.558154753692348,0.178151010357306
23048,0.556302199672002,0.116678344781541,0.151367590874294,0.175651864672164
23049,0.363925844786224,0.286164394040386,0.104097991711747,0.245811769461643
23050,0.282823029145436,0.462155143839275,0.12183151052299,0.1331903164923
23051,0.422164674975611,0.17549860717866,0.215960214817438,0.18637650302829
23052,0.111481439690616,0.701763251229852,0.107950840629846,0.0788044684496866
23053,0.501143672230462,0.0626212052455569,0.194517032610734,0.241718089913248
23054,0.41294696349278,0.0525793854951384,0.385368439276936,0.149105211735145
23055,0.688851525672724,0.158758323752545,0.0508572267674893,0.101532923807242
23056,0.205278460440085,0.119423339409122,0.24226066814249,0.433037532008303
23057,0.168202468004194,0.554546780825443,0.0329644392835202,0.244286311886843
23058,0.0450533984117591,0.475033006307946,0.333345380167473,0.146568215112822
23059,0.395778184160111,0.115740995203959,0.159780170881373,0.328700649754556
23060,0.521054626549179,0.0794604827073514,0.0501126794115159,0.349372211331954
23061,0.550214698379188,0.1050454794832,0.254255399422332,0.0904844227152791
23062,0.137198185366718,0.227319929599313,0.0911282080232183,0.544353677010751
23063,0.099528829968041,0.0565056379304581,0.675816146464588,0.168149385636913
23064,0.107785832801401,0.0724270537679909,0.595481238926008,0.2243058745046
23065,0.110155813751132,0.186608197801212,0.443389993999607,0.259845994448049
23066,0.0755040036201084,0.715603678101509,0.0358033252527725,0.17308899302561
23067,0.186045708559957,0.147478004301564,0.272284829407077,0.394191457731402
23068,0.676315209131279,0.162428724554483,0.030869541857824,0.130386524456415
23069,0.046529599475521,0.492869422296252,0.224950091434135,0.235650886794092
23070,0.185436088533218,0.458478333993701,0.0686185948125909,0.287466982660491
23071,0.0374027512701757,0.545450651991444,0.264365839647164,0.152780757091216
23072,0.175281579677527,0.102058958476322,0.486623572457881,0.23603588938827
23073,0.108205106816774,0.0489825980333727,0.518786148248205,0.324026146901649
23074,0.529653041258079,0.0911490733458036,0.0719285725991578,0.30726931279696
23075,0.276015327809722,0.244229085836135,0.190389346207514,0.289366240146629
23076,0.546391749183172,0.0543382793274817,0.0513957821783127,0.347874189311034
23077,0.800266281817401,0.0493547899633903,0.0543988170483597,0.0959801111708491
23078,0.0848442039048912,0.156596885656769,0.605535894848233,0.153023015590107
23079,0.480359898886641,0.121463539046732,0.244870331289521,0.153306230777107
23080,0.283280396916199,0.335214688775283,0.111702025686992,0.269802888621526
23081,0.0465749232158584,0.0762659603915888,0.687095027020726,0.190064089371827
23082,0.208512131832602,0.639983935536706,0.047993210188782,0.103510722441911
23083,0.170331194366544,0.311729621978644,0.247356125541206,0.270583058113605
23084,0.0769769886883589,0.226928253399347,0.536422687633216,0.159672070279079
23085,0.133265902214531,0.0654774407619962,0.113404062246607,0.687852594776866
23086,0.249850805835797,0.40718442203425,0.209695380139828,0.133269391990125
23087,0.270663874076768,0.252012734445249,0.342768517525595,0.134554873952387
23088,0.368184330632968,0.178280561565691,0.377280241809136,0.0762548659922053
23089,0.422420095478034,0.319070195054814,0.196765756767786,0.0617439526993662
23090,0.0902966265667102,0.274346452896834,0.430403515626533,0.204953404909923
23091,0.322654413212617,0.314811868366713,0.239592563845681,0.122941154574989
23092,0.257982678361456,0.167800445609918,0.398569073847056,0.17564780218157
23093,0.296245207413074,0.195985269629888,0.289268809865099,0.21850071309194
23094,0.572452249382001,0.226709861692148,0.130957709947848,0.0698801789780033
23095,0.354720977500617,0.222339186298838,0.151793998920843,0.271145837279703
23096,0.287539972999389,0.221419421078574,0.312523889283366,0.178516716638671
23097,0.612812310640937,0.0886921622132624,0.237945885746197,0.0605496413996035
23098,0.383616027728975,0.20394882779841,0.247931950208302,0.164503194264314
23099,0.438587280512515,0.221693307313952,0.204856680023779,0.134862732149754
23100,0.14129415541806,0.193141386307223,0.589646413649647,0.0759180446250693
23101,0.216645138383967,0.498884902598747,0.128989475870024,0.155480483147261
23102,0.343773958844818,0.192825220379499,0.257895781822876,0.205505038952807
23103,0.160542777885589,0.312126017556101,0.445461844933692,0.0818693596246172
23104,0.235999120754788,0.346320643041393,0.233322856455441,0.184357379748378
23105,0.08772025385621,0.364958788231997,0.325578026768818,0.221742931142976
23106,0.304661769959414,0.244656802584834,0.25803572619867,0.192645701257081
23107,0.184277594801114,0.118118451479628,0.593498251466406,0.104105702252852
23108,0.189974733737796,0.233829720125018,0.209312666487818,0.366882879649368
23109,0.113361115517599,0.38053239997648,0.35759734921104,0.148509135294881
23110,0.515102256206879,0.0550441189181946,0.260568049883555,0.169285574991371
23111,0.0844126785829464,0.531525750785804,0.256419827692567,0.127641742938682
23112,0.11798821906069,0.113445502396501,0.674128232742811,0.0944380457999976
23113,0.165015820165936,0.401095458963274,0.261056542948674,0.172832177922116
23114,0.0892479092408721,0.282815476864624,0.50109184762167,0.126844766272834
23115,0.126025101287506,0.334877669421207,0.270091522469029,0.269005706822258
23116,0.0757405427298443,0.672804325616973,0.0428785348575019,0.208576596795681
23117,0.129605486926407,0.0863194108692887,0.614397711118316,0.169677391085988
23118,0.050919795697688,0.0742440144091318,0.520527901707609,0.354308288185572
23119,0.051684002591057,0.388875516803088,0.132219427620667,0.427221052985188
23120,0.625437107503353,0.122588536694059,0.0502656103938532,0.201708745408735
23121,0.302762354920422,0.293816920044329,0.0766664281690526,0.326754296866197
23122,0.290427543432624,0.147777797955321,0.176574467779034,0.385220190833021
23123,0.0556358590161371,0.512912652529681,0.189023126395259,0.242428362058923
23124,0.292234763413095,0.387334384594075,0.187871607360527,0.132559244632303
23125,0.278969190850299,0.338937671467718,0.242312096991539,0.139781040690444
23126,0.351941403026302,0.30830190764539,0.179499308623678,0.16025738070463
23127,0.300747325814855,0.263003353453921,0.332080192701433,0.104169128029791
23128,0.538631075057129,0.238739599240441,0.12904394440437,0.0935853812980596
23129,0.372408900293533,0.341300277502505,0.151025699910034,0.135265122293927
23130,0.187518337055704,0.440438823549875,0.189192324062889,0.182850515331532
23131,0.249945079429267,0.248198724525015,0.404767183385826,0.0970890126598917
23132,0.313326866405425,0.352718729116314,0.213175516015922,0.120778888462339
23133,0.17379681676625,0.139044305200905,0.548899004716874,0.138259873315971
23134,0.215668836600174,0.210206507459845,0.345796486839037,0.228328169100944
23135,0.145882947631679,0.454275852594882,0.255955302830873,0.143885896942566
23136,0.182699232948911,0.159784424526454,0.500551456800391,0.156964885724245
23137,0.194631413536946,0.282900709365787,0.185070649022325,0.337397228074942
23138,0.230360873414751,0.143372898526883,0.498847484629708,0.127418743428658
23139,0.314695635347161,0.27128790046097,0.255673007498858,0.158343456693011
23140,0.241792512078054,0.478869172879512,0.127938163774406,0.151400151268028
23141,0.12653657066624,0.493810267987812,0.196287985329983,0.183365176015965
23142,0.359313090455884,0.175623662041447,0.321003303684696,0.144059943817973
23143,0.229701411235695,0.215472467373643,0.451163433697561,0.103662687693101
23144,0.120145392358826,0.345236825090898,0.415286873020253,0.119330909530023
23145,0.227061716550525,0.363172279358594,0.248559447984809,0.161206556106072
23146,0.149527509046642,0.527530093981667,0.258568113207135,0.0643742837645564
23147,0.234726094667053,0.205883572243972,0.340709857355778,0.218680475733197
23148,0.1834248391427,0.517490425827078,0.143310777837171,0.155773957193052
23149,0.463844648491324,0.318166986101257,0.0695654551463438,0.148422910261075
23150,0.212719996918458,0.439477496994057,0.143969923798549,0.203832582288937
23151,0.270071326104686,0.13336569240461,0.497410732561733,0.0991522489289711
23152,0.222454645930974,0.105852666554002,0.497013211787892,0.174679475727132
23153,0.364480026532011,0.209397082397784,0.232257313812602,0.193865577257603
23154,0.191281771726919,0.251746292928599,0.308141559707016,0.248830375637467
23155,0.470642725643255,0.250656530802694,0.13138357284579,0.147317170708262
23156,0.483589129894487,0.12247991489676,0.218695801612108,0.175235153596646
23157,0.116033549205721,0.609590419652039,0.124743554666647,0.149632476475593
23158,0.532973982036974,0.146847928455785,0.205366784859972,0.114811304647269
23159,0.274749529004574,0.232735691265039,0.329437144302581,0.163077635427805
23160,0.076711782123264,0.206307113416349,0.385187654165548,0.331793450294839
23161,0.355203830084341,0.245542097489092,0.281972164414747,0.11728190801182
23162,0.197501829932295,0.252515784743822,0.0724581659218112,0.477524219402072
23163,0.0883519751903767,0.758221021519572,0.0337079177461054,0.119719085543946
23164,0.176207863053255,0.579118918695854,0.0937747090609126,0.150898509189979
23165,0.0290520298478821,0.180246468703197,0.38569719536275,0.405004306086171
23166,0.568931899694747,0.112860868112029,0.0488368900364014,0.269370342156823
23167,0.326182549615088,0.0731067123839155,0.232613530942305,0.368097207058692
23168,0.166541891335359,0.0307613971489016,0.193140395594652,0.609556315921088
23169,0.225922693769119,0.247929606403129,0.406362402898566,0.119785296929185
23170,0.074214449512803,0.0726600498348621,0.182981077348697,0.670144423303638
23171,0.20564944144501,0.091636783037722,0.237678935402949,0.465034840114319
23172,0.201611008172785,0.543746087962546,0.0758155802816117,0.178827323583057
23173,0.0301835340859468,0.0495411976247744,0.296960139479148,0.623315128810131
23174,0.812290636385683,0.0667934023306219,0.0205524472254074,0.100363514058288
23175,0.317130577418026,0.100634344100319,0.123791596803303,0.458443481678352
23176,0.0289166169889746,0.602733144069626,0.0637965343294353,0.304553704611964
23177,0.342199442637809,0.18517540011713,0.369968016010385,0.102657141234677
23178,0.141913369861263,0.521815910272546,0.119285275764012,0.216985444102179
23179,0.118846680776918,0.614637612342066,0.045611974770512,0.220903732110504
23180,0.0291024411052317,0.233284791166811,0.545838593675988,0.191774174051969
23181,0.159536799166565,0.498305338811972,0.173177307745882,0.168980554275581
23182,0.361657147445439,0.44230247558282,0.108192778005723,0.087847598966018
23183,0.165715330970996,0.426030482185398,0.193177192245337,0.215076994598269
23184,0.237008791931625,0.322616567282832,0.279860047967214,0.160514592818329
23185,0.387765601483291,0.151261478092129,0.274899004809585,0.186073915614995
23186,0.359420052540722,0.235504116893422,0.120783240936592,0.284292589629264
23187,0.101302217200863,0.148067119210419,0.599702503815939,0.150928159772779
23188,0.467697001193732,0.360042344911291,0.0764019922837416,0.0958586616112348
23189,0.233168465211489,0.191532628929962,0.199140823115862,0.376158082742688
23190,0.215415636307588,0.244950733985753,0.299100131732886,0.240533497973774
23191,0.325717209902542,0.415097381436845,0.0990792713868978,0.160106137273715
23192,0.315485640050427,0.438784970215767,0.0599411889744514,0.185788200759355
23193,0.276306635727048,0.284696495093241,0.115047337148379,0.323949532031332
23194,0.424780751924821,0.375095490209098,0.082857197746547,0.117266560119535
23195,0.428016428469268,0.207597635526785,0.209481854000739,0.154904082003209
23196,0.220931462759051,0.395462784107719,0.204974384239715,0.178631368893515
23197,0.317689391066219,0.103676755958222,0.287099089331284,0.291534763644275
23198,0.439741440088253,0.109490651856786,0.16009232475051,0.290675583304451
23199,0.556624603945238,0.165119766135212,0.0744998614905755,0.203755768428975
23200,0.325883951751311,0.158504372140605,0.394299228041249,0.121312448066835
23201,0.331727951079306,0.25754109778704,0.251487167721112,0.159243783412543
23202,0.183118952366696,0.284258050503051,0.362678549814277,0.169944447315976
23203,0.068890710424728,0.637262635293045,0.166440664919443,0.127405989362785
23204,0.175764832731751,0.375996643705544,0.176354622662006,0.271883900900699
23205,0.217147869141043,0.178572692590661,0.345020015381208,0.259259422887088
23206,0.346188803126234,0.33776911929963,0.0529791037807534,0.263062973793382
23207,0.334241042416059,0.178791318840449,0.342820739965623,0.144146898777869
23208,0.209518731910282,0.128737215071609,0.303203167507036,0.358540885511073
23209,0.278147273264131,0.401682846890993,0.128443329990371,0.191726549854505
23210,0.663566251603879,0.101795099346617,0.101746523301964,0.13289212574754
23211,0.340742653205684,0.387260424440023,0.116055865101089,0.155941057253205
23212,0.0955165793694511,0.460044014790604,0.242289188695841,0.202150217144105
23213,0.0859852379521317,0.106974439253158,0.411791219998457,0.395249102796253
23214,0.635174376545473,0.0599291243710929,0.205930589912337,0.0989659091710971
23215,0.441118621356544,0.096732407226984,0.216222789073579,0.245926182342892
23216,0.264804915166483,0.19007622223794,0.253796247685744,0.291322614909833
23217,0.0910230587353636,0.572128705319705,0.0832268806519498,0.253621355292982
23218,0.181466275847228,0.262169654191832,0.268317379892197,0.288046690068742
23219,0.340640607511998,0.0872344695010615,0.0577705025868775,0.514354420400063
23220,0.698016392234308,0.150208971754812,0.0643537896466807,0.0874208463641995
23221,0.805495305616855,0.0315207955948297,0.0222180509397783,0.140765847848537
23222,0.0993076073616176,0.122835221790863,0.57702649261507,0.200830678232449
23223,0.124417261577249,0.444104094759257,0.111176834738478,0.320301808925016
23224,0.0561404868564821,0.297805803816356,0.244369346197838,0.401684363129324
23225,0.215230255965288,0.608281668977062,0.024327839560933,0.152160235496717
23226,0.0968220162907543,0.12064820154133,0.30681909606327,0.475710686104646
23227,0.728983999624462,0.124437648625791,0.0425302792300862,0.104048072519661
23228,0.0656109079757229,0.0454019770614719,0.122130937871419,0.766856177091387
23229,0.13237984537547,0.120954879652012,0.425212577439144,0.321452697533374
23230,0.0879664484163545,0.381406519448127,0.0368649129883647,0.493762119147153
23231,0.0367156388338147,0.31944624046681,0.143008178846047,0.500829941853329
23232,0.250850821127253,0.283517835804471,0.156666760065762,0.308964583002514
23233,0.112396881597017,0.115981266839698,0.293173900748351,0.478447950814934
23234,0.225445474299094,0.039470630321202,0.0845193571831136,0.650564538196591
23235,0.106927292776774,0.0232448375904661,0.498411197538145,0.371416672094615
23236,0.477268145389635,0.0300412265763869,0.340934152534598,0.15175647549938
23237,0.04091247833062,0.197182517495967,0.240705303193431,0.521199700979983
23238,0.12670367529584,0.253296224163051,0.258110465975351,0.361889634565758
23239,0.248324562155789,0.47652516333063,0.0418450034438927,0.233305271069689
23240,0.177003453164358,0.562500487000524,0.0679329661978235,0.192563093637294
23241,0.418961516251931,0.127894574735757,0.180045828901737,0.273098080110575
23242,0.568457396161032,0.175221028261366,0.0506306539666677,0.205690921610934
23243,0.28247646544955,0.0687985809016062,0.34684409849368,0.301880855155164
23244,0.138295437069483,0.521407801624463,0.131068336525243,0.209228424780811
23245,0.582461444009975,0.0414481146705613,0.138442633423469,0.237647807895995
23246,0.290053645185526,0.302088369854354,0.111626504853409,0.296231480106711
23247,0.105407037653009,0.0759093790770841,0.286370148121746,0.532313435148162
23248,0.0979347108571447,0.491949832871087,0.136733264216506,0.273382192055262
23249,0.242012235487906,0.239358426721524,0.212474293304038,0.306155044486532
23250,0.21734115066454,0.106085670341052,0.532332592295709,0.144240586698698
23251,0.0666191886043071,0.679085290715723,0.0806294898044921,0.173666030875478
23252,0.119306804241854,0.279201839357483,0.236884070816111,0.364607285584552
23253,0.0748230529981352,0.155248518393035,0.627799650795969,0.142128777812861
23254,0.59506461509895,0.0757684189525708,0.242410252632838,0.0867567133156407
23255,0.343632001010511,0.250883592982284,0.0579727814698609,0.347511624537345
23256,0.662089191783254,0.041658483057293,0.110571445282469,0.185680879876984
23257,0.239602858689985,0.509810574240635,0.0488891201017639,0.201697446967617
23258,0.605094760977871,0.0975476767737638,0.123342576313065,0.1740149859353
23259,0.0963757533073033,0.177471417868649,0.335862620867666,0.390290207956382
23260,0.200509003115371,0.0792221301339463,0.531921697431909,0.188347169318774
23261,0.139796689583517,0.442886234508225,0.117707896955581,0.299609178952677
23262,0.523142999294928,0.112313708056369,0.136276207456732,0.228267085191971
23263,0.529725304626246,0.167611988159305,0.158109159871388,0.144553547343061
23264,0.0383933377770949,0.41430523962741,0.316828508886108,0.230472913709388
23265,0.551101411629471,0.151932928769819,0.122426774213433,0.174538885387277
23266,0.234238231481218,0.134385021943291,0.167336185116337,0.464040561459154
23267,0.229395524647989,0.202231140162118,0.344988370562037,0.223384964627856
23268,0.240788309380859,0.138746459432319,0.0739627589873732,0.546502472199449
23269,0.239806124417349,0.421950440698284,0.0542339726285023,0.284009462255865
23270,0.168474412845756,0.212378868136443,0.494126062934399,0.125020656083402
23271,0.324043554861351,0.0992145533774077,0.0966262047607689,0.480115687000473
23272,0.134468360816534,0.159102243350559,0.54718466833555,0.159244727497358
23273,0.129351641789971,0.452030557911708,0.142029546591968,0.276588253706353
23274,0.349890935398086,0.155489980261955,0.102793269497251,0.391825814842708
23275,0.0769161683300267,0.175763979063949,0.342772644533374,0.40454720807265
23276,0.148522620466008,0.441184521209795,0.195781634095763,0.214511224228434
23277,0.462520235159539,0.331503046059388,0.0494861832212176,0.156490535559856
23278,0.123890751500944,0.134782194790908,0.375186110521679,0.36614094318647
23279,0.327266881666529,0.363177735584671,0.101910461900812,0.207644920847989
23280,0.291777267628053,0.188992168138078,0.24355891262598,0.275671651607888
23281,0.124149343707544,0.478749906401736,0.164640101096739,0.232460648793981
23282,0.24860573583199,0.388279442093277,0.183165082403375,0.179949739671357
23283,0.104241548861756,0.385576995109051,0.274183540210927,0.235997915818265
23284,0.118661480098778,0.358961515282219,0.262588701978485,0.259788302640518
23285,0.401261432604808,0.181311314728551,0.125006255909488,0.292420996757153
23286,0.240400538568274,0.118179475145051,0.367356915557195,0.27406307072948
23287,0.119309730735103,0.21444322171351,0.345862729541075,0.320384318010313
23288,0.659801324755364,0.10147878317975,0.104206176883919,0.134513715180967
23289,0.150901496654548,0.57316428427365,0.159427748154883,0.116506470916919
23290,0.201760436911639,0.434799682760337,0.0860208777713281,0.277419002556696
23291,0.394710326730278,0.159565791584316,0.153976642742844,0.291747238942561
23292,0.167228863818855,0.152841090097665,0.459527693193667,0.220402352889813
23293,0.584049592443299,0.201063887643095,0.0738756394198412,0.141010880493765
23294,0.205658723766128,0.272019877429168,0.128544623990917,0.393776774813786
23295,0.335926339044062,0.024654609836575,0.447697047787084,0.191722003332279
23296,0.155140267333304,0.252474579879936,0.457646094350705,0.134739058436054
23297,0.118750489089824,0.053338725556683,0.482614720796273,0.34529606455722
23298,0.37989968147775,0.0414956973364814,0.322001432205276,0.256603188980492
23299,0.34404799908204,0.169879337033377,0.0616106353194399,0.424462028565143
23300,0.409725327954384,0.206973765899524,0.248720102065672,0.13458080408042
23301,0.443447240137203,0.0561637353675603,0.101708022318396,0.398681002176841
23302,0.289242597530755,0.185321084798234,0.416000428690624,0.109435888980387
23303,0.126183497659122,0.179879546795224,0.387804890461151,0.306132065084503
23304,0.0354783156963988,0.382434666917065,0.0697131298060638,0.512373887580473
23305,0.369150078057059,0.0421945093578673,0.0463424308608799,0.542312981724194
23306,0.313481854667919,0.429233280351154,0.081760256568777,0.17552460841215
23307,0.122056616578378,0.251588112784531,0.170786353085894,0.455568917551198
23308,0.218316674217682,0.0333728444181662,0.556357184690584,0.191953296673568
23309,0.128820268457259,0.0837404764096491,0.0271770137804623,0.76026224135263
23310,0.107972187149144,0.0446465011395734,0.568500080749563,0.27888123096172
23311,0.0920790268020038,0.0415461189506158,0.307894027168455,0.558480827078926
23312,0.256616405532841,0.100764607700735,0.504367846812447,0.138251139953977
23313,0.0771208933119131,0.255687597198485,0.183583899462226,0.483607610027376
23314,0.482059274814954,0.0753769030603484,0.117218901880373,0.325344920244325
23315,0.398492491974584,0.160097073237055,0.335460056696597,0.105950378091764
23316,0.353317653515272,0.156074779816996,0.249124390457218,0.241483176210514
23317,0.288467118036164,0.223991621432159,0.22543205932017,0.262109201211508
23318,0.0751595339100177,0.0823018687592553,0.487392288809848,0.355146308520879
23319,0.347586500356059,0.172324975638566,0.0385135817133466,0.441574942292028
23320,0.108945900167885,0.0667561648849436,0.281752589185819,0.542545345761353
23321,0.664721234832546,0.0211036347498272,0.215129712895471,0.0990454175221561
23322,0.216490257718308,0.0643516487616747,0.474636268822093,0.244521824697924
23323,0.286466956775789,0.332896080496481,0.0509347921997011,0.329702170528029
23324,0.476703881205911,0.113395679966572,0.134989257863215,0.274911180964302
23325,0.0508134773424807,0.440262435083969,0.289877302206429,0.219046785367121
23326,0.0701364516717132,0.160659989035712,0.0789493093518473,0.690254249940728
23327,0.0921106675749096,0.0349697404652381,0.722204611794676,0.150714980165177
23328,0.0281138633473147,0.528819884556715,0.0426068906831355,0.400459361412834
23329,0.200158758276489,0.0685854426257512,0.225402305469727,0.505853493628033
23330,0.176395240744926,0.0682392789323368,0.550843904048498,0.20452157627424
23331,0.103762199913574,0.707230624609645,0.0347254741303747,0.154281701346406
23332,0.100650817072908,0.25292409415222,0.50776373933325,0.138661349441622
23333,0.529016630716847,0.0863979439681459,0.175930368395546,0.208655056919461
23334,0.327177663121936,0.183830619503432,0.143868276009552,0.34512344136508
23335,0.342889943024934,0.307445582738251,0.177920221947035,0.17174425228978
23336,0.0734342006542809,0.216723344978399,0.309065660741545,0.400776793625775
23337,0.63017129866606,0.104461236848914,0.14860972925201,0.116757735233016
23338,0.115014618229037,0.152771674018718,0.56471815878134,0.167495548970904
23339,0.124567830764495,0.0578470211751594,0.481194414929597,0.336390733130749
23340,0.112328718781117,0.0674326269341597,0.409685705665504,0.410552948619218
23341,0.101157927964816,0.0456852409071864,0.662313513430955,0.190843317697043
23342,0.313217979308199,0.12410633829033,0.285682424213334,0.276993258188137
23343,0.153845667732381,0.381003699460954,0.122333642325928,0.342816990480736
23344,0.200094146472004,0.138727663185063,0.212802133122492,0.448376057220441
23345,0.109419202607587,0.13659196925786,0.131813766512454,0.622175061622099
23346,0.172012855802964,0.440334743906365,0.0848434851878108,0.302808915102861
23347,0.284781541855045,0.213643845165675,0.126731177362473,0.374843435616808
23348,0.104794722566855,0.225495127207431,0.294941066848758,0.374769083376956
23349,0.230924268833244,0.299991001558415,0.350468490865837,0.118616238742505
23350,0.235155127538198,0.443910308062887,0.0538207862429091,0.267113778156006
23351,0.124426575541053,0.160891286106019,0.298459494594775,0.416222643758154
23352,0.168666869575815,0.221400635487982,0.390502084144836,0.219430410791367
23353,0.0804847496684732,0.414639601894911,0.207023724383154,0.297851924053462
23354,0.0992113989419968,0.573589343753338,0.122666867695658,0.204532389609007
23355,0.182739245184184,0.472174537847315,0.0953105361055137,0.249775680862988
23356,0.277518953932022,0.118563506927944,0.421884375500076,0.182033163639958
23357,0.127428787533843,0.493002281700108,0.0947814540757634,0.284787476690285
23358,0.211030770281672,0.149109414709745,0.317244704162415,0.322615110846169
23359,0.231394774516496,0.188230675182228,0.317854288185333,0.262520262115944
23360,0.385629730082582,0.375081741815234,0.124274702096352,0.115013826005832
23361,0.104072575454034,0.105336009229399,0.508558958205235,0.282032457111333
23362,0.143076288214888,0.23999287483762,0.249164738020954,0.367766098926538
23363,0.181402097122148,0.315705639473654,0.269034028126193,0.233858235278006
23364,0.122065534588983,0.214836095514922,0.284174289773604,0.378924080122492
23365,0.332172081996444,0.217129580884498,0.231051400008774,0.219646937110284
23366,0.167979659461916,0.0742432336519482,0.472328682391325,0.285448424494812
23367,0.18899499886948,0.153425798736271,0.507281146982927,0.150298055411322
23368,0.0700594356192748,0.307316614463894,0.382477399757756,0.240146550159075
23369,0.373173852779748,0.22559938083164,0.144677257458787,0.256549508929825
23370,0.120228178313176,0.163733013234415,0.419765317033876,0.296273491418533
23371,0.760209382722538,0.028251632862062,0.0680069537194319,0.143532030695968
23372,0.420964477778009,0.0652267517507603,0.037065473083863,0.476743297387367
23373,0.103491851295831,0.272407580835971,0.433130501385514,0.190970066482685
23374,0.0275217530257073,0.291272598590518,0.549639248635271,0.131566399748503
23375,0.196757882732317,0.334693956765415,0.316472952323923,0.152075208178346
23376,0.21420618904835,0.268001962289873,0.350161512746281,0.167630335915495
23377,0.114502309744445,0.171172077005582,0.573192041614988,0.141133571634985
23378,0.645888045519523,0.0463842490279401,0.161351242645533,0.146376462807004
23379,0.153049735711608,0.071973415447605,0.354159217905162,0.420817630935625
23380,0.184416572543932,0.333337923776952,0.134336641898668,0.347908861780448
23381,0.130088975105317,0.305022248829782,0.214087504967883,0.350801271097018
23382,0.0801365519269799,0.0331800961609239,0.40443060077072,0.482252751141376
23383,0.046974655230484,0.649850205295192,0.0833740628827224,0.219801076591601
23384,0.728507911310102,0.0495282629544426,0.0805381808104745,0.141425644924981
23385,0.179884459900326,0.377221205337404,0.327932022326385,0.114962312435885
23386,0.166765397289355,0.484083518605491,0.0216035959352987,0.327547488169855
23387,0.229170400159268,0.158470567960115,0.0502741428277596,0.562084889052858
23388,0.116220094379628,0.202408815527693,0.32098138757112,0.360389702521559
23389,0.0396213802585499,0.0447096235085495,0.321687355129762,0.593981641103139
23390,0.307895720847544,0.342234072913511,0.237793802106695,0.112076404132251
23391,0.221693827856612,0.340109987317517,0.329687362665617,0.108508822160254
23392,0.399372623996029,0.234291687418458,0.273175044945976,0.0931606436395368
23393,0.112615927875842,0.537053054545217,0.263972584128547,0.0863584334503941
23394,0.263706490142479,0.383076168313544,0.26338803559861,0.0898293059453676
23395,0.175310856519515,0.308904182898033,0.368963948697344,0.146821011885108
23396,0.536813305148408,0.215580477726654,0.119922644265182,0.127683572859757
23397,0.395671429634256,0.270051849719506,0.190899176954448,0.14337754369179
23398,0.20274669633741,0.641864204067258,0.0979717324814552,0.0574173671138771
23399,0.19192563433616,0.499873126626502,0.171489322341035,0.136711916696303
23400,0.569172540426449,0.115856407373254,0.175561307530267,0.13940974467003
23401,0.340074805583871,0.397533128289479,0.123541928660406,0.138850137466244
23402,0.236865813862042,0.459834040461967,0.244056595319575,0.0592435503564152
23403,0.165888731467558,0.292811040893463,0.398689875280126,0.142610352358853
23404,0.187433881125501,0.457291237055022,0.279220018644729,0.0760548631747482
23405,0.0988125814669561,0.45235843961897,0.296548354284972,0.152280624629101
23406,0.518456015894965,0.260944485317517,0.14731528468323,0.0732842141042883
23407,0.274422208152156,0.297065877131951,0.218319535564497,0.210192379151396
23408,0.415410167842376,0.298345726400859,0.140925791227976,0.145318314528789
23409,0.233041150962538,0.391986438064933,0.252940770081405,0.122031640891125
23410,0.215208258295445,0.420380805057485,0.198897671464409,0.165513265182661
23411,0.19836490493599,0.278086355254487,0.375574446188557,0.147974293620966
23412,0.133427597907196,0.49074299875996,0.203895239456243,0.1719341638766
23413,0.212302360031385,0.273456936311402,0.341131929242033,0.17310877441518
23414,0.318508723807369,0.332731832549055,0.179546175483937,0.16921326815964
23415,0.314632133349703,0.38250240178914,0.183314137627851,0.119551327233306
23416,0.191196345651224,0.481327581019176,0.203819635693143,0.123656437636457
23417,0.338727516302904,0.217216755979394,0.273284776823372,0.17077095089433
23418,0.161501681676993,0.298076533919618,0.287320284075537,0.253101500327852
23419,0.188620480857477,0.447067827620538,0.137747516203227,0.226564175318758
23420,0.172518384295836,0.216686771238807,0.414282780774179,0.196512063691179
23421,0.354846199658684,0.296604462691795,0.141819367875324,0.206729969774197
23422,0.217119722629731,0.164817672090378,0.402664450821096,0.215398154458795
23423,0.438567177805007,0.212485188614577,0.254020991559435,0.0949266420209814
23424,0.397842382737426,0.203429102554619,0.146673163800015,0.25205535090794
23425,0.331082470759249,0.306394562222059,0.167218533731552,0.19530443328714
23426,0.273024711579454,0.404242008718084,0.129417149201535,0.193316130500927
23427,0.44634696323884,0.101516859068641,0.370909353978175,0.0812268237143451
23428,0.400687104591891,0.228708937379754,0.276277883129019,0.094326074899336
23429,0.331150499258884,0.372401865626563,0.210463107933453,0.0859845271811003
23430,0.280850990065082,0.303160812490492,0.319508497580548,0.0964796998638772
23431,0.268332999279501,0.313605444895141,0.333797567526982,0.0842639882983766
23432,0.203966435611491,0.277207809024246,0.360994707963661,0.157831047400602
23433,0.419430539097823,0.346625927039019,0.145010457657336,0.088933076205822
23434,0.212223951238946,0.324868083925899,0.371600359175485,0.0913076056596706
23435,0.267621752969112,0.292766477690131,0.300230161016311,0.139381608324446
23436,0.24106289393698,0.362860130760567,0.248144193318006,0.147932781984448
23437,0.264459300966439,0.31348901031754,0.309958063931279,0.112093624784742
23438,0.209365868940539,0.222384020475402,0.474375361706425,0.0938747488776347
23439,0.271797255100971,0.344636849498794,0.240056597166621,0.143509298233614
23440,0.377447704926699,0.260406026876218,0.267854156158563,0.0942921120385198
23441,0.174437775241732,0.220582505744433,0.468096001821073,0.136883717192762
23442,0.232038069125279,0.374428460891043,0.272720949659111,0.120812520324567
23443,0.351227689235415,0.314480116684922,0.22880307134844,0.105489122731223
23444,0.173020678892922,0.326143804156669,0.430328836925125,0.0705066800252843
23445,0.157524780702568,0.271380586511551,0.481328884498879,0.0897657482870019
23446,0.416307436456458,0.224526146461942,0.2333392889396,0.125827128142
23447,0.206993007287341,0.0916406799469979,0.424394183039307,0.276972129726355
23448,0.179782720927386,0.263038876487758,0.118624038606274,0.438554363978583
23449,0.51545718215157,0.0569872262430084,0.153287754928398,0.274267836677023
23450,0.0542838118559535,0.151679516570032,0.399739756360961,0.394296915213054
23451,0.164767464768954,0.223913233414019,0.286818263842715,0.324501037974312
23452,0.0497780583778139,0.547327878074478,0.0389151072822155,0.363978956265492
23453,0.502424459889743,0.110139296632201,0.129121081113997,0.258315162364059
23454,0.152444189332388,0.089623309908452,0.0337178850322862,0.724214615726874
23455,0.272204469597104,0.062759631824203,0.0845963757468134,0.580439522831879
23456,0.0884194654098677,0.576490505326425,0.0426969129856661,0.292393116278041
23457,0.0864751377888097,0.0428430318413842,0.193888060313545,0.676793770056261
23458,0.0244438450387607,0.420413839523132,0.233760789719878,0.321381525718229
23459,0.23657064754531,0.384121622912336,0.0393957097609007,0.339912019781453
23460,0.132513047351062,0.709075210397593,0.0405216432688578,0.117890098982487
23461,0.0203265488598927,0.275013505228974,0.413826394104209,0.290833551806925
23462,0.636344221149429,0.163340390344986,0.0443875153690031,0.155927873136582
23463,0.0437436087253298,0.0976995632622872,0.412802309188939,0.445754518823444
23464,0.0678503778414602,0.0308863932109951,0.52224856182056,0.379014667126984
23465,0.31582463708195,0.292203181173838,0.078501925580204,0.313470256164008
23466,0.265730903485475,0.111710520228809,0.146604953205692,0.475953623080024
23467,0.0530323231312331,0.657502982265342,0.0795757863800896,0.209888908223336
23468,0.433669874432508,0.0993002734417246,0.0967388155871081,0.37029103653866
23469,0.101110724558503,0.0544922797554702,0.753022488984997,0.0913745067010301
23470,0.506807505502082,0.197965944049414,0.185908918159458,0.109317632289046
23471,0.0518751942899583,0.297676390341762,0.520890588207676,0.129557827160603
23472,0.293323518143971,0.261257674592429,0.217962637704633,0.227456169558968
23473,0.152203317111905,0.107271417733876,0.423058942676188,0.317466322478031
23474,0.194925619819604,0.108884636464517,0.31280364314198,0.3833861005739
23475,0.0800580749681005,0.550232409216625,0.0733837282373348,0.296325787577939
23476,0.143887907007791,0.592386603777362,0.0859768544710285,0.177748634743819
23477,0.389556570769423,0.0740258521754244,0.285542085279941,0.250875491775211
23478,0.217138506341912,0.384903533162283,0.17099349976109,0.226964460734716
23479,0.0469601226226708,0.156030780452133,0.22703015485649,0.569978942068707
23480,0.0734884335407635,0.464270893602429,0.305136341214294,0.157104331642514
23481,0.203414961431552,0.601510806659466,0.0918113854210329,0.103262846487949
23482,0.71919132661362,0.0508538683769955,0.0868922986225887,0.143062506386796
23483,0.125456899587161,0.222431491253174,0.216438872276505,0.435672736883161
23484,0.0393939039457125,0.245262041978695,0.642662140997154,0.0726819130784381
23485,0.221983198814975,0.367882984124168,0.0393572406795122,0.370776576381345
23486,0.0377167814202257,0.338365475169364,0.174565697022193,0.449352046388218
23487,0.23130280169253,0.395568002232789,0.0388308367379294,0.334298359336751
23488,0.147714255188501,0.51049638358137,0.0684179832984535,0.273371377931676
23489,0.241119121834114,0.0407446787863704,0.157676558036558,0.560459641342958
23490,0.0743583194337713,0.0271028006610784,0.213971153125119,0.684567726780032
23491,0.0667138923276544,0.186688582678459,0.250880686634349,0.495716838359537
23492,0.0365255676562168,0.401392383347894,0.316814231701104,0.245267817294785
23493,0.0490888055503065,0.0751000626370372,0.0808110221040914,0.795000109708565
23494,0.144479879338439,0.542531831403083,0.0486279291845536,0.264360360073925
23495,0.0789847286407855,0.741515846861296,0.0357386799151721,0.143760744582746
23496,0.097627691623258,0.426617153067978,0.0194107745776973,0.456344380731067
23497,0.112087848632561,0.608496257498508,0.0706040788327212,0.208811815036209
23498,0.167439874137387,0.0351112468298028,0.34400489417112,0.45344398486169
23499,0.0291947113317988,0.0436784263805687,0.20184862637179,0.725278235915843
23500,0.0333111751365438,0.120914663603557,0.450250705504539,0.395523455755359
23501,0.491452968324366,0.0361286322211492,0.19424649251804,0.278171906936445
23502,0.124827899544882,0.0418715487878985,0.335883075170212,0.497417476497007
23503,0.541854664385336,0.0501458800978026,0.0480895001802154,0.359909955336646
23504,0.26213612140312,0.301466558206625,0.164692799265561,0.271704521124695
23505,0.0698151092137827,0.272131687554938,0.404411480310426,0.253641722920853
23506,0.489129551571832,0.0371746374998177,0.368779067682091,0.10491674324626
23507,0.675273431520201,0.160360158201269,0.0824837887015595,0.0818826215769704
23508,0.0619938528799457,0.131675637411137,0.343090770671797,0.463239739037121
23509,0.33197979976179,0.292721392229338,0.0882479574538431,0.287050850555029
23510,0.208991946511731,0.0551791248621344,0.279488803863438,0.456340124762696
23511,0.247122153669213,0.0614466548922639,0.0725168565245647,0.618914334913959
23512,0.749802881163376,0.119624920347,0.0405759621746763,0.0899962363149479
23513,0.0976848050444584,0.151996804860833,0.0381893681512426,0.712129021943466
23514,0.261921201142336,0.0889669985226593,0.249437003624807,0.399674796710198
23515,0.736505068873505,0.0334673284561917,0.152291116741147,0.0777364859291567
23516,0.314731747823762,0.0810374954659607,0.243599399849674,0.360631356860604
23517,0.547062936339214,0.103054529497488,0.0653757430367105,0.284506791126588
23518,0.0681973955834233,0.0397556991197211,0.79497040205004,0.0970765032468158
23519,0.0721008907251361,0.500257527719084,0.0691653920685363,0.358476189487244
23520,0.36801130941622,0.0715753091193009,0.120857812235037,0.439555569229442
23521,0.14021587958671,0.415556024461828,0.328628055282383,0.115600040669079
23522,0.0850399320187294,0.287923304602508,0.154024516414477,0.473012246964286
23523,0.0895949209928956,0.653772596873731,0.0977230808953761,0.158909401237998
23524,0.054107109491548,0.680853825770958,0.0833188339530411,0.181720230784454
23525,0.227576120344989,0.18190546565431,0.0798237270485286,0.510694686952173
23526,0.100483665198216,0.221312279581154,0.528180455500659,0.150023599719971
23527,0.110813410866187,0.157155909750137,0.327740898351948,0.404289781031728
23528,0.0428556418495301,0.69278877855059,0.103281582033703,0.161073997566177
23529,0.172213895828623,0.438114009439314,0.0382045256323395,0.351467569099724
23530,0.0762192088042039,0.0602052954603079,0.694840764753406,0.168734730982082
23531,0.410117685052192,0.0319789962760389,0.0358694993581134,0.522033819313656
23532,0.194026799642966,0.132533314183935,0.0654630187109633,0.607976867462135
23533,0.311990349580299,0.0989974241762044,0.115051896585225,0.473960329658272
23534,0.132923975864089,0.0575739915756715,0.220692900986968,0.588809131573271
23535,0.0733868053059404,0.0427137186324553,0.117705289098643,0.766194186962961
23536,0.0797202727396723,0.0646124332642512,0.272987963406427,0.582679330589649
23537,0.162592996930026,0.184561971753931,0.0330705058823842,0.619774525433659
23538,0.436978107938506,0.0824573933969201,0.023871314280181,0.456693184384393
23539,0.0391013937230196,0.0617055510754096,0.130057235183599,0.769135820017972
23540,0.0568761570516794,0.0298401477807034,0.305474201502542,0.607809493665075
23541,0.052835539857225,0.208496159821992,0.0404077683073021,0.698260532013481
23542,0.0530494716684435,0.180557845373243,0.493822807080294,0.27256987587802
23543,0.290282272279953,0.213478500249647,0.134526158638896,0.361713068831504
23544,0.0492214869168131,0.0991093609000084,0.750409041658501,0.101260110524678
23545,0.223304747563822,0.0632756601290211,0.0816945874492345,0.631725004857923
23546,0.0385472536225842,0.0578934896698178,0.761911150654512,0.141648106053086
23547,0.365374069454718,0.318443127827987,0.0301918258385214,0.285990976878774
23548,0.236082812312646,0.0648769683647436,0.0540685679830812,0.644971651339529
23549,0.260014563360654,0.0683528147347528,0.153573611309658,0.518059010594935
23550,0.0455763914416416,0.208898799785926,0.0889370076420043,0.656587801130429
23551,0.553094920931414,0.0846664211389853,0.185680310053219,0.176558347876382
23552,0.0315948499023381,0.482236426805874,0.440304006669542,0.0458647166222461
23553,0.0680829651940456,0.656909545315789,0.0808144705898389,0.194193018900327
23554,0.702023183025104,0.102211695286728,0.0810474804896896,0.114717641198478
23555,0.0332220683846588,0.123745724088316,0.706272137852026,0.136760069675
23556,0.393454138873607,0.0957027142802078,0.102488135177817,0.408355011668368
23557,0.0630423968188953,0.0484314586700807,0.535176078730859,0.353350065780165
23558,0.220571020605097,0.105096934128318,0.395213467949475,0.279118577317111
23559,0.159953402169085,0.0606687274350356,0.433577823223081,0.345800047172798
23560,0.0672496410774628,0.0784055821095059,0.423863919999979,0.430480856813053
23561,0.465093648241055,0.279429876995831,0.16149559560901,0.0939808791541037
23562,0.407402900555133,0.129510890540891,0.0714526551156171,0.391633553788359
23563,0.189312873620401,0.321223560075148,0.262020628360633,0.227442937943818
23564,0.0952881130853651,0.441434193351909,0.223283112332016,0.23999458123071
23565,0.080547159542782,0.0849636884488893,0.629519598119466,0.204969553888863
23566,0.422974647005477,0.184667710692473,0.0899451930843246,0.302412449217725
23567,0.149402283951209,0.548820999276198,0.140337239094446,0.161439477678146
23568,0.187511237199591,0.585289345565442,0.0514279800366141,0.175771437198353
23569,0.659900410072571,0.0827924502469628,0.130476213059029,0.126830926621437
23570,0.0940994813788713,0.68678707550729,0.0914710546379565,0.127642388475882
23571,0.086772641105916,0.0485980065401564,0.191289460530821,0.673339891823107
23572,0.235368618083341,0.500209122286152,0.0299160789525796,0.234506180677928
23573,0.0742686340951802,0.067985050941451,0.140685165839434,0.717061149123935
23574,0.0519141598822264,0.541416815320456,0.179619104361495,0.227049920435822
23575,0.0508760797569308,0.259054730451271,0.182994959190702,0.507074230601097
23576,0.0620928559977764,0.0916792795039509,0.166699648901129,0.679528215597143
23577,0.733843696489205,0.0657842372340312,0.0645203903160335,0.13585167596073
23578,0.143393158209769,0.103230080819458,0.029562599092439,0.723814161878335
23579,0.0456258777278583,0.46999820918107,0.113412472992691,0.370963440098381
23580,0.142944199297302,0.629183438806204,0.0386663890280232,0.18920597286847
23581,0.1781938040483,0.243071609744494,0.3096560203341,0.269078565873107
23582,0.0979363074518772,0.194313518691525,0.591154735639294,0.116595438217304
23583,0.711809584147005,0.0616285756016779,0.0741905529933809,0.152371287257937
23584,0.612238103790428,0.146796349339266,0.0781056450937184,0.162859901776588
23585,0.642364216665024,0.175181815626915,0.0678622951006826,0.114591672607379
23586,0.264901077294885,0.269598705580403,0.276754872702683,0.188745344422029
23587,0.120942454185097,0.121784016662158,0.303309470097506,0.45396405905524
23588,0.269849971877192,0.0667160130864155,0.29773509618132,0.365698918855073
23589,0.64824478285149,0.0535022017501447,0.0516361721359147,0.24661684326245
23590,0.212209854352843,0.116843057432844,0.222507803669623,0.44843928454469
23591,0.750823653699826,0.0472010250331715,0.068113076268665,0.133862244998338
23592,0.424504683885006,0.0754574727766359,0.0637271441914761,0.436310699146882
23593,0.0510743896804195,0.492995072310325,0.124957998702673,0.330972539306583
23594,0.743540010210176,0.0379061041612424,0.136927089322468,0.0816267963061131
23595,0.158929057478128,0.076303787011475,0.656043288277927,0.10872386723247
23596,0.060131722667476,0.267482581226206,0.272989443135188,0.399396252971131
23597,0.274034739400466,0.0617205068078723,0.272037105802694,0.392207647988967
23598,0.655180938132554,0.0641474869364961,0.0483751385612742,0.232296436369676
23599,0.199908921233171,0.385128894156302,0.246581278068763,0.168380906541763
23600,0.282531278486414,0.343779032584831,0.22023431340553,0.153455375523225
23601,0.153444698236453,0.448127197785389,0.244382893443563,0.154045210534595
23602,0.155096012073612,0.542535109829526,0.124005459594738,0.178363418502124
23603,0.0968907286068135,0.278560564470429,0.444622541664863,0.179926165257895
23604,0.292208501128735,0.532476841355524,0.08668771964957,0.0886269378661718
23605,0.468297723741577,0.0899777297963031,0.149507155244416,0.292217391217704
23606,0.265045072699788,0.393318174851817,0.0915692333750907,0.250067519073304
23607,0.14016198596195,0.321977061293776,0.24947729506485,0.288383657679424
23608,0.482390066837393,0.114459478103443,0.112980362784237,0.290170092274927
23609,0.29038966456878,0.202768898321253,0.300674986948798,0.206166450161169
23610,0.216542363719536,0.47410076803772,0.180759624198816,0.128597244043928
23611,0.122240054279214,0.163226796750008,0.545133993325576,0.169399155645201
23612,0.157050923844007,0.413372115323634,0.175204493837455,0.254372466994905
23613,0.346798547065003,0.201198568673624,0.350938406362597,0.101064477898775
23614,0.254413070945737,0.539464431281671,0.106300258920163,0.0998222388524289
23615,0.281646241982105,0.295961772146234,0.109418321391795,0.312973664479867
23616,0.316699657832102,0.150760169174802,0.430136713480502,0.102403459512593
23617,0.187681104323621,0.511555591085325,0.123835414780643,0.176927889810412
23618,0.361230009303672,0.0208775534232764,0.298832423880006,0.319060013393046
23619,0.0748759747637644,0.298010699452662,0.186278975462431,0.440834350321143
23620,0.0712410716988576,0.306182889895449,0.0264720888221511,0.596103949583543
23621,0.311400794283785,0.11044550603601,0.0855409659867878,0.492612733693418
23622,0.201242060579717,0.351769234115593,0.0424827453377674,0.404505959966922
23623,0.0278868506818774,0.138021185137969,0.0525453644684081,0.781546599711746
23624,0.0489347514942336,0.750646905066645,0.0682325909221067,0.132185752517015
23625,0.141815671714669,0.124111422147789,0.220152772521391,0.51392013361615
23626,0.0553494499928722,0.488230250188023,0.0967828669964341,0.35963743282267
23627,0.147126070225318,0.0281517441073276,0.644280746188751,0.180441439478604
23628,0.292233665840273,0.0925598699877872,0.0376971561497195,0.57750930802222
23629,0.170852363370017,0.151236727380235,0.109324887461891,0.568586021787858
23630,0.288404871934728,0.399183008367196,0.0715069644138478,0.240905155284228
23631,0.0349798131849161,0.186036509510925,0.394527875813256,0.384455801490903
23632,0.043075940042906,0.0325171823134378,0.227388246458742,0.697018631184914
23633,0.101055596914893,0.508175194247761,0.0748489861177132,0.315920222719633
23634,0.768328700750897,0.0637415229583882,0.0131178993108252,0.15481187697989
23635,0.0236627943200108,0.315411086862272,0.0821416204459199,0.578784498371797
23636,0.051261085381075,0.407555057822634,0.17841572631872,0.362768130477572
23637,0.344484338045299,0.40312230301884,0.110336797787586,0.142056561148275
23638,0.479241341614876,0.170301748784299,0.189720344701249,0.160736564899576
23639,0.221678504631161,0.154951269377788,0.453107460877196,0.170262765113855
23640,0.303438121173178,0.115326973140361,0.430258662088401,0.15097624359806
23641,0.152524918389983,0.392761517329806,0.257131194612196,0.197582369668015
23642,0.230920796325635,0.195733035287307,0.346046490345436,0.227299678041622
23643,0.268067797385818,0.408413972969061,0.225226015460757,0.0982922141843643
23644,0.271613183850004,0.406613567339908,0.12979206521747,0.191981183592618
23645,0.106844627155023,0.431523658673742,0.180408541998255,0.28122317217298
23646,0.200871092747416,0.410483849259733,0.196975719125268,0.191669338867584
23647,0.167569360441626,0.539782366704968,0.142551317012068,0.150096955841338
23648,0.263439463841748,0.522552201947176,0.0682165779778469,0.145791756233229
23649,0.252379647154693,0.310756062795083,0.198413851809997,0.238450438240227
23650,0.263844732183086,0.226122232687125,0.140973819034446,0.369059216095343
23651,0.161261892407108,0.544230655973037,0.142228491012422,0.152278960607432
23652,0.119145791354016,0.300854864502376,0.503066055961648,0.0769332881819601
23653,0.138266266597443,0.107663728822681,0.58875522900409,0.165314775575785
23654,0.0939844821177985,0.148633312253219,0.603830451344054,0.153551754284929
23655,0.271324772209829,0.361977474635651,0.162031017304286,0.204666735850235
23656,0.200681300136479,0.186609020979588,0.281910315931595,0.330799362952338
23657,0.453671485591606,0.303862499431921,0.1173901067084,0.125075908268072
23658,0.371903695129237,0.0941613802094984,0.300894161796576,0.233040762864689
23659,0.550054761103428,0.278499071132928,0.103495582534705,0.0679505852289392
23660,0.352346909378407,0.258448267652304,0.0892194345665955,0.299985388402694
23661,0.238650483273197,0.0928729165140152,0.162893434766568,0.50558316544622
23662,0.109201588889578,0.407072942246651,0.185507650240814,0.298217818622956
23663,0.207768592269465,0.191346926572765,0.255316289322358,0.345568191835413
23664,0.0875770500396777,0.332175246183138,0.128300437223886,0.451947266553298
23665,0.292433424471392,0.26313898974139,0.0651780261997388,0.379249559587479
23666,0.32905000958832,0.137606930781498,0.252019033040931,0.281324026589251
23667,0.346631643105909,0.0756453352001056,0.432809200352776,0.144913821341209
23668,0.542182143536158,0.0896863462378853,0.110752964368103,0.257378545857854
23669,0.256791949386624,0.289695570150697,0.128461205137189,0.32505127532549
23670,0.180955268477454,0.122241656699296,0.478284291183265,0.218518783639985
23671,0.0693058053202923,0.265157169592346,0.468704206018343,0.196832819069019
23672,0.175870092127083,0.171781841944237,0.3925382848112,0.259809781117481
23673,0.304589409123253,0.498155707061608,0.0720124476004456,0.125242436214694
23674,0.0335389737906451,0.257996865194248,0.600712113546891,0.107752047468217
23675,0.0752598796350147,0.575693429073278,0.0843801238379988,0.264666567453708
23676,0.208718482560109,0.115948998427438,0.103345543255131,0.571986975757322
23677,0.175751865444671,0.236577117272357,0.309246721042543,0.278424296240429
23678,0.493026787915192,0.0706773344313708,0.0495952611306875,0.38670061652275
23679,0.46005246208301,0.0752868901764759,0.356393138095836,0.108267509644679
23680,0.0598009292516023,0.0897249790650316,0.660242017081847,0.190232074601519
23681,0.0709399096532055,0.0981364351900123,0.747734780722429,0.0831888744343529
23682,0.0686908809316332,0.272767157358208,0.478891279202428,0.179650682507731
23683,0.356399083619916,0.0862188004212311,0.195905457086336,0.361476658872518
23684,0.103016489071068,0.605569365448976,0.079009611178715,0.212404534301241
23685,0.369478355468295,0.27623294860779,0.262482289407163,0.0918064065167517
23686,0.0691022280663687,0.0475552245842637,0.555704895215297,0.327637652134071
23687,0.0981554548011587,0.0898179326340678,0.246941802050125,0.565084810514649
23688,0.263800785062818,0.0657986378010208,0.0482471038043513,0.62215347333181
23689,0.129706545783638,0.126133289993734,0.569995666843715,0.174164497378912
23690,0.293574900819743,0.227090821278944,0.0404960687346779,0.438838209166635
23691,0.0981375122412232,0.149805751724406,0.462904728343771,0.2891520076906
23692,0.0578802886019334,0.435257092665207,0.0727200229739003,0.434142595758959
23693,0.0522918669817086,0.291214780651282,0.461608658185965,0.194884694181045
23694,0.0957288251281734,0.308846587442009,0.282980953855344,0.312443633574474
23695,0.0898937893347724,0.475967238816147,0.254718609660645,0.179420362188436
23696,0.494490081940344,0.361008378497108,0.0496490215476928,0.0948525180148551
23697,0.316384434580938,0.111513741967004,0.393524759091218,0.17857706436084
23698,0.213127578575439,0.326630560070464,0.213439480518832,0.246802380835264
23699,0.114720207279928,0.614119082550837,0.107589756358034,0.163570953811201
23700,0.417288999227167,0.0395264399142082,0.43014941456721,0.113035146291415
23701,0.0640514683562344,0.437974354374248,0.245077410930455,0.252896766339062
23702,0.0939656805228319,0.189972952625567,0.570154858206486,0.145906508645115
23703,0.104890624012443,0.56033390219294,0.142148533265051,0.192626940529566
23704,0.204230814186273,0.1633550307263,0.331735776901745,0.300678378185682
23705,0.167701197415595,0.441658006478662,0.161508885155664,0.229131910950078
23706,0.40449850313977,0.138778043993389,0.265320657378828,0.191402795488013
23707,0.17708422904585,0.594696410424515,0.0757930192009653,0.15242634132867
23708,0.175895339553021,0.434901135468574,0.169415647437889,0.219787877540515
23709,0.147731488147325,0.328892621446047,0.110047543380775,0.413328347025853
23710,0.523871389781309,0.124869523333689,0.0943765685698296,0.256882518315173
23711,0.0585983500098525,0.583634182567844,0.243070737883712,0.114696729538591
23712,0.139187734178058,0.12489466850483,0.474030276703253,0.26188732061386
23713,0.120798854243988,0.322318004171889,0.317803371217314,0.239079770366809
23714,0.186787899430105,0.16111291333611,0.446135309285441,0.205963877948343
23715,0.357953614544031,0.0760299719889976,0.339117408901698,0.226899004565274
23716,0.34162460121166,0.222884497921267,0.154064829505316,0.281426071361757
23717,0.268332158153641,0.484920530953873,0.0798659250191799,0.166881385873306
23718,0.14010471333528,0.167085773799952,0.397481501548977,0.295328011315791
23719,0.306570591945152,0.399581302037267,0.0572727835615188,0.236575322456062
23720,0.144028457569318,0.127766653237773,0.513852037940465,0.214352851252444
23721,0.492779416659114,0.174801425965255,0.227467923578899,0.104951233796732
23722,0.119754214418815,0.269504041649617,0.317601227873172,0.293140516058396
23723,0.162061626665907,0.356372861245919,0.284368862405992,0.197196649682182
23724,0.231691060554867,0.411803629511571,0.104178873404883,0.25232643652868
23725,0.234578141926066,0.0789483676383643,0.529640367392245,0.156833123043325
23726,0.276087197704679,0.32933596152411,0.254059224764108,0.140517616007102
23727,0.194036415723293,0.230323876107516,0.27836300041781,0.297276707751381
23728,0.172259456368425,0.235963513141685,0.14440248479385,0.447374545696039
23729,0.133811843353831,0.633430062064979,0.138059467009088,0.0946986275721019
23730,0.210663934138868,0.271660106002079,0.248258616363033,0.269417343496021
23731,0.185254736374399,0.237114052814862,0.263335307891012,0.314295902919727
23732,0.411176591747664,0.21703112820039,0.111512724359235,0.260279555692711
23733,0.503509291814766,0.132013494357665,0.0956708464397919,0.268806367387778
23734,0.0916472417323037,0.0755916529584721,0.54324084616436,0.289520259144865
23735,0.532618718462056,0.0764583311933458,0.16791241245311,0.223010537891489
23736,0.145024752600808,0.120224851047547,0.366517491113418,0.368232905238228
23737,0.105595075647841,0.524067654659138,0.216927619561081,0.15340965013194
23738,0.4047039633405,0.125562767181679,0.118165688641826,0.351567580835996
23739,0.258456359434931,0.136534164489024,0.116321181245685,0.488688294830361
23740,0.108832879136867,0.055784270632915,0.742939549154113,0.0924433010761042
23741,0.0787070312550898,0.193256056879038,0.42280444286257,0.305232469003302
23742,0.174978943044516,0.304612336543275,0.109908847065319,0.41049987334689
23743,0.10760642716547,0.713710563056034,0.0791268577984963,0.0995561519799996
23744,0.0686970738640396,0.626292437743181,0.160620104799981,0.144390383592798
23745,0.55914538967681,0.0883441938214454,0.103681314061771,0.248829102439974
23746,0.482410319725979,0.255042630461917,0.0805338103590261,0.182013239453078
23747,0.0891188120488224,0.249439839738064,0.483743454286838,0.177697893926275
23748,0.194191225370995,0.487309292673775,0.107264956423058,0.211234525532172
23749,0.56451585092563,0.260842634397299,0.0590875093246512,0.115554005352421
23750,0.209016953123342,0.167280510803066,0.428334494489139,0.195368041584453
23751,0.276715480561876,0.215453631810875,0.329256778753221,0.178574108874029
23752,0.281555224356691,0.304462915552684,0.149338044390906,0.264643815699719
23753,0.261619367053626,0.171512497629876,0.179738315749028,0.38712981956747
23754,0.267594255516363,0.214919607786899,0.253631591706944,0.263854544989795
23755,0.423379751361633,0.222265069707471,0.230865512441396,0.123489666489501
23756,0.111880609527645,0.368978890485354,0.149978146042907,0.369162353944094
23757,0.277198927273446,0.4354059667991,0.126524300208685,0.160870805718768
23758,0.395380365380015,0.209028090401795,0.0747176596599496,0.32087388455824
23759,0.124915625399786,0.352973285384469,0.26571353428215,0.256397554933595
23760,0.271169190033787,0.0853622558172777,0.51484564864145,0.128622905507486
23761,0.218237699950787,0.171699307418932,0.320038835669914,0.290024156960367
23762,0.193567075485488,0.290305303160465,0.218036495072635,0.298091126281412
23763,0.450347872571323,0.215842671507129,0.0939819406198495,0.239827515301699
23764,0.370998146525972,0.101570923305406,0.217035410515317,0.310395519653305
23765,0.0476911108971426,0.0693106583522795,0.500129531842483,0.382868698908095
23766,0.0496062359631312,0.0703923046036414,0.822035347545966,0.0579661118872612
23767,0.328963182988034,0.225409327549221,0.190347445197092,0.255280044265653
23768,0.0970147125852232,0.0848010003140088,0.269311190287585,0.548873096813184
23769,0.132162211717604,0.144253829649826,0.336134999678178,0.387448958954392
23770,0.219182326326361,0.0894644640186309,0.52379428205432,0.167558927600688
23771,0.0783225601034823,0.496652959483182,0.0871948707245996,0.337829609688736
23772,0.0898079189814279,0.261169426102079,0.107280641464455,0.541742013452038
23773,0.0681089159877676,0.257955556517789,0.510072737914693,0.163862789579751
23774,0.145411459210463,0.335294575112003,0.12868756457971,0.390606401097824
23775,0.428183029762878,0.157099973752859,0.0775406135509043,0.337176382933359
23776,0.298789602505543,0.0638664963424443,0.264411582448798,0.372932318703215
23777,0.243004739330207,0.389174030568489,0.213258542764708,0.154562687336596
23778,0.086859659622948,0.439034581889711,0.0732204934767227,0.400885265010618
23779,0.444879200871256,0.272332852720789,0.123642054502883,0.159145891905073
23780,0.353961051338245,0.379899653105674,0.0706956101907945,0.195443685365287
23781,0.524032689563421,0.151592169370209,0.0649380887641374,0.259437052302233
23782,0.133941910286668,0.272139410400492,0.308972705146627,0.284945974166213
23783,0.355194431123798,0.035369366377836,0.322153016581107,0.28728318591726
23784,0.114805994434088,0.0562865963340627,0.475897307725291,0.353010101506558
23785,0.582845762157869,0.131570565595179,0.0397096742649639,0.245873997981988
23786,0.233426887409645,0.36583990722673,0.0814703078469151,0.319262897516711
23787,0.553898087371005,0.139720901528448,0.110185556242525,0.196195454858022
23788,0.120067716622956,0.523943241904119,0.119835413954719,0.236153627518207
23789,0.646275335057147,0.0775920389614416,0.0614699198943992,0.214662706087013
23790,0.0376783220251281,0.0996040743849587,0.528941067251657,0.333776536338256
23791,0.190682377112924,0.0755594385939663,0.49315331386457,0.24060487042854
23792,0.180060445315347,0.591931250504399,0.0774374976118098,0.150570806568445
23793,0.157863578529473,0.0826733405720857,0.210993838899553,0.548469241998888
23794,0.180063961195658,0.1324193313596,0.128562085305727,0.558954622139016
23795,0.25245327874101,0.196864089049934,0.0630409439601419,0.487641688248915
23796,0.142956378675501,0.143030674095692,0.122375150796675,0.591637796432132
23797,0.465133688636245,0.159165658414535,0.2364212316386,0.13927942131062
23798,0.250434192153087,0.0389704682027005,0.144960150236451,0.565635189407761
23799,0.516455674728095,0.0527418005575276,0.0639542571583629,0.366848267556015
23800,0.155077754615605,0.635116212002105,0.0555728292783079,0.154233204103982
23801,0.0388236463680127,0.105260595073839,0.711267460309976,0.144648298248173
23802,0.0657876262473577,0.669844867748889,0.0890567037235287,0.175310802280225
23803,0.259519725612213,0.114560376368436,0.0544745876082069,0.571445310411144
23804,0.263996914651318,0.0870953453348642,0.233940190425581,0.414967549588236
23805,0.197010866578248,0.0514648158356543,0.509120666737384,0.242403650848714
23806,0.0808859667241579,0.330314160702441,0.137748451883613,0.451051420689789
23807,0.45923386458083,0.0793009415691288,0.0704831611017427,0.390982032748298
23808,0.219667740313596,0.466714244899703,0.152915088071704,0.160702926714997
23809,0.325585006781486,0.359744544595208,0.137231065583976,0.17743938303933
23810,0.145922795162621,0.551200520307209,0.169079937570001,0.13379674696017
23811,0.439450595805595,0.203419388768371,0.22999024654006,0.127139768885975
23812,0.271933160743951,0.288442265910914,0.292764280770692,0.146860292574443
23813,0.476518345293302,0.264896273563466,0.0835631523316298,0.175022228811602
23814,0.270534014984149,0.364929284553917,0.218059227391416,0.146477473070518
23815,0.0974750157794526,0.15017041713458,0.370313665415085,0.382040901670883
23816,0.400436983555754,0.26011632547897,0.159256993080155,0.180189697885122
23817,0.289984870196506,0.180412062189406,0.31843637709696,0.211166690517129
23818,0.167038128316743,0.19671625310717,0.330668694874899,0.305576923701188
23819,0.124114348550402,0.538471470150537,0.191665599227234,0.145748582071827
23820,0.310629199360753,0.174117284539002,0.318948361241546,0.196305154858699
23821,0.109476428342806,0.223697651386863,0.179993451102259,0.486832469168073
23822,0.210014292593723,0.313181224055173,0.130543830828357,0.346260652522747
23823,0.100784359358088,0.183790505042108,0.430071485554865,0.28535365004494
23824,0.102691038977945,0.610129372288424,0.126053803637013,0.161125785096618
23825,0.414180650401266,0.172356435851032,0.236359060302471,0.177103853445232
23826,0.0856446295594985,0.571662225938284,0.132191280758254,0.210501863743964
23827,0.36360102304102,0.286637259203927,0.138200840705364,0.211560877049689
23828,0.05007384329157,0.28171628027353,0.423115028645716,0.245094847789184
23829,0.202001813684551,0.273519712935433,0.200666569468771,0.323811903911245
23830,0.0796064943396629,0.612362428012914,0.145920389137042,0.162110688510381
23831,0.183341135142306,0.164231656109002,0.52064238693669,0.131784821812001
23832,0.146229428098987,0.228860269926772,0.414600925313036,0.210309376661205
23833,0.34366493989711,0.100868872803008,0.343810969056035,0.211655218243847
23834,0.563354789713272,0.11583515385401,0.209799294389113,0.111010762043605
23835,0.163963540637511,0.375560639759707,0.240019220638409,0.220456598964373
23836,0.424692979954087,0.048112731117069,0.155577369248704,0.37161691968014
23837,0.0348236401133332,0.0510445819677693,0.174334197478842,0.739797580440056
23838,0.705248314170623,0.0953822354955865,0.0859669708535431,0.113402479480247
23839,0.695342028381886,0.0897051617780565,0.119784833652766,0.0951679761872922
23840,0.279839387588766,0.0378728579509959,0.595180440723174,0.0871073137370644
23841,0.419269397268317,0.106183599299934,0.211808411140911,0.262738592290839
23842,0.602034720346477,0.0755704398952836,0.0901338744950002,0.232260965263239
23843,0.312253351676269,0.100381225461305,0.341432036115448,0.245933386746978
23844,0.533774647729845,0.0862462307281667,0.103623609634938,0.27635551190705
23845,0.077852976046435,0.0468075086772384,0.278707400255811,0.596632115020516
23846,0.432664260290519,0.367398933350439,0.143700647275975,0.0562361590830667
23847,0.145384615991654,0.542748094797484,0.215387010702893,0.0964802785079696
23848,0.0706770377481813,0.131205249893486,0.651126575285868,0.146991137072465
23849,0.337868573508628,0.182961069275198,0.276998029488431,0.202172327727742
23850,0.0900459957474187,0.213449221026197,0.541793881422061,0.154710901804323
23851,0.447333116081012,0.249864704148083,0.204374612313437,0.0984275674574678
23852,0.260605109565668,0.318249161868795,0.220432188084547,0.20071354048099
23853,0.0959607224796465,0.196066994116657,0.596630880512886,0.111341402890811
23854,0.493051143457774,0.17278700632786,0.195654551198508,0.138507299015859
23855,0.262667598327969,0.330890558237142,0.108757990457149,0.29768385297774
23856,0.193820337612944,0.510895061762136,0.0981888605393543,0.197095740085566
23857,0.488767270671795,0.388443700732129,0.0627827880635834,0.0600062405324927
23858,0.405961799313641,0.175903350619624,0.24884698507322,0.169287864993515
23859,0.69119814199649,0.0703774723238226,0.112538955364601,0.125885430315087
23860,0.195836313040559,0.358417016783303,0.230903918829694,0.214842751346445
23861,0.239350270445611,0.0797731962510277,0.589972221919973,0.0909043113833883
23862,0.101091389818157,0.0988467769247656,0.718101830610738,0.081960002646339
23863,0.325492786047945,0.11139105018627,0.404930671382191,0.158185492383594
23864,0.271759212713682,0.441338305190208,0.0713237753097327,0.215578706786378
23865,0.0602149583810011,0.211563311842146,0.375402304166426,0.352819425610427
23866,0.355425400964732,0.289918374083468,0.140276325517223,0.214379899434578
23867,0.0468099734241732,0.347732568204627,0.0717412125087576,0.533716245862442
23868,0.0361349463825167,0.103067642090543,0.512768929103258,0.348028482423682
23869,0.255268208043774,0.0591599959627375,0.195953054081616,0.489618741911873
23870,0.150771076154828,0.0538554247698503,0.645384405729017,0.149989093346305
23871,0.0526337051100634,0.148719136923281,0.590924920080366,0.20772223788629
23872,0.0296240206814081,0.167599942713411,0.610612302764582,0.192163733840599
23873,0.0880349620428276,0.261217297203537,0.437556071551036,0.213191669202599
23874,0.492948548716413,0.318225823378722,0.0548755775870158,0.133950050317849
23875,0.027255392321951,0.600855978322799,0.267258505487437,0.104630123867813
23876,0.26382270165986,0.265897997411945,0.0859735116414077,0.384305789286787
23877,0.242090996780992,0.170665018175261,0.0355642919882507,0.551679693055496
23878,0.162951672817273,0.28773909383502,0.0824604022651668,0.466848831082541
23879,0.140907632639327,0.503901693465663,0.217208678045073,0.137981995849937
23880,0.516626452325751,0.24273520010268,0.0583068477806028,0.182331499790967
23881,0.601167078937241,0.0517354881719092,0.198446759444988,0.148650673445862
23882,0.0851598095465529,0.678192438665537,0.0441476212483674,0.192500130539543
23883,0.301564059598525,0.0889540645939238,0.41424049945006,0.195241376357491
23884,0.224614299387251,0.407690235195827,0.237751615819946,0.129943849596976
23885,0.293783031200432,0.237055496290352,0.0491450360094592,0.420016436499757
23886,0.260236227979498,0.151447277685228,0.242182756398755,0.346133737936518
23887,0.327303483258192,0.20146414976362,0.130246024905329,0.340986342072859
23888,0.25592943597905,0.269326610974863,0.373497016560682,0.101246936485405
23889,0.689537094767733,0.142761368593769,0.052066376361697,0.115635160276802
23890,0.165189513429188,0.605398786616626,0.0524751211104977,0.176936578843689
23891,0.456120277198265,0.0731072835060912,0.103018417969424,0.367754021326221
23892,0.0727791617726482,0.425153519642345,0.121442429103605,0.380624889481402
23893,0.199817505530301,0.374895580916208,0.043099050252936,0.382187863300555
23894,0.155922000058625,0.310368666153303,0.136111949836143,0.397597383951929
23895,0.0835749549942559,0.172781600737805,0.605806256708417,0.137837187559523
23896,0.0829865923332985,0.146633731859609,0.464029287558311,0.306350388248782
23897,0.146697887555224,0.285727121837169,0.0767425698728941,0.490832420734712
23898,0.126869674797104,0.571022775697402,0.0840523744519111,0.218055175053582
23899,0.207896697697494,0.166880869502319,0.155727397422115,0.469495035378072
23900,0.0909123359067958,0.292612506375445,0.0850553582301794,0.531419799487579
23901,0.17981987904396,0.500736140772817,0.110675357426224,0.208768622756999
23902,0.0873398652299036,0.420884594454545,0.227342872509864,0.264432667805688
23903,0.280056976446105,0.149273849322105,0.150666323069873,0.420002851161917
23904,0.132272023651058,0.3043821438809,0.237267367657498,0.326078464810544
23905,0.561220294181908,0.0532384751530962,0.278525955641309,0.107015275023687
23906,0.627789755707919,0.0556116167172758,0.0784295648132089,0.238169062761597
23907,0.189120895483056,0.194423454352832,0.196838725928545,0.419616924235567
23908,0.133535867486294,0.381172987436924,0.073775848094499,0.411515296982283
23909,0.219705304925372,0.074506718720781,0.0558645953682638,0.649923380985584
23910,0.0815282076550713,0.198503291985856,0.414551434025112,0.305417066333961
23911,0.183252153102796,0.0448255788308487,0.140715524505654,0.631206743560702
23912,0.16184612394486,0.13524361288907,0.335079084068493,0.367831179097578
23913,0.0960169756813986,0.116676405024533,0.44805519349168,0.339251425802388
23914,0.0283076417219693,0.661204516961519,0.0491097603733121,0.2613780809432
23915,0.646225504599495,0.175926380851979,0.0496831284561889,0.128164986092337
23916,0.073007535356841,0.154336927203838,0.598367600143299,0.174287937296023
23917,0.0885890584554007,0.443967015189627,0.123903654582642,0.34354027177233
23918,0.346566517811068,0.0829248392170421,0.103261365011621,0.467247277960269
23919,0.184255294702828,0.291885673833471,0.0458723012712597,0.477986730192441
23920,0.139382768359773,0.221334574013402,0.337277348598615,0.30200530902821
23921,0.149599276712266,0.144067182275593,0.535068057608372,0.171265483403769
23922,0.117558919904706,0.261637364936317,0.460902280139849,0.159901435019128
23923,0.465084064354313,0.359504139226753,0.0744638241650962,0.100947972253838
23924,0.164280081176289,0.644975313795096,0.113857163176428,0.0768874418521877
23925,0.199459761722699,0.285275730042242,0.127716207702794,0.387548300532266
23926,0.315288002122402,0.474736332177624,0.12435206412239,0.0856236015775841
23927,0.23287113769419,0.159770419039164,0.343939831050492,0.263418612216154
23928,0.0949646058383264,0.294772523853503,0.38993248588208,0.22033038442609
23929,0.0713845413889062,0.444667576851887,0.110506577731069,0.373441304028138
23930,0.130441083324002,0.222548084409825,0.183274697945912,0.46373613432026
23931,0.107355142064145,0.719650565045941,0.0937068377107995,0.0792874551791141
23932,0.333529826003549,0.336703199593267,0.0714622950725144,0.25830467933067
23933,0.0654967881946591,0.66227024103711,0.167540351379241,0.10469261938899
23934,0.0584783522955604,0.710691251476255,0.145160484390861,0.085669911837324
23935,0.280333397464481,0.169310165617841,0.2217769509148,0.328579486002878
23936,0.451699051342318,0.115618570302236,0.174194088882943,0.258488289472503
23937,0.106015171263814,0.172907208015394,0.497667320238973,0.223410300481819
23938,0.47101342821732,0.124093551183592,0.0627223061797199,0.342170714419368
23939,0.289914720682931,0.15416949312018,0.398728907783159,0.157186878413729
23940,0.240975181185866,0.06405988590502,0.155927953781893,0.539036979127221
23941,0.125962533210563,0.205765344433972,0.512850985425201,0.155421136930264
23942,0.582444343840198,0.112756408003462,0.181587201404358,0.123212046751983
23943,0.177409542151058,0.477212127779443,0.180610378756231,0.164767951313268
23944,0.345465935578858,0.0771877379623648,0.453907312525023,0.123439013933754
23945,0.110184620180938,0.165867759602055,0.524295022846591,0.199652597370416
23946,0.262761362455782,0.570396033552794,0.0557122162506435,0.111130387740781
23947,0.109046399842896,0.415824370852684,0.263453396378432,0.211675832925989
23948,0.209809410163768,0.151488000819034,0.434256649939627,0.20444593907757
23949,0.135351066538239,0.280949767050492,0.0843519220525831,0.499347244358686
23950,0.0412215244532801,0.637619410277613,0.233115291837083,0.088043773432024
23951,0.502844411927107,0.114252748632943,0.188562194784184,0.194340644655766
23952,0.236601176561988,0.169903002001572,0.368177907941798,0.225317913494642
23953,0.599556749829994,0.0920736588077642,0.0917630312459412,0.216606560116301
23954,0.445609957880021,0.102140811847404,0.322700243090031,0.129548987182544
23955,0.0861497577983587,0.263209885550225,0.211397669657895,0.439242686993522
23956,0.14238652944064,0.294897270188745,0.387772191085281,0.174944009285334
23957,0.0981815795513089,0.506930681702535,0.0781652621020431,0.316722476644113
23958,0.139380482738132,0.58920760372731,0.0592070950106559,0.212204818523901
23959,0.325778564514747,0.179384955573218,0.207278764123405,0.28755771578863
23960,0.202731194458214,0.161712203182195,0.317658902279385,0.317897700080206
23961,0.674865838648199,0.176548335983977,0.0374038934070486,0.111181931960775
23962,0.0656321437345877,0.463784026949024,0.275181689722747,0.195402139593641
23963,0.20319566888315,0.448736425651105,0.0977840484066076,0.250283857059138
23964,0.0456993868692214,0.5282883264897,0.289236626317926,0.136775660323152
23965,0.178609536234004,0.12013073070317,0.510516832627851,0.190742900434975
23966,0.137614788631941,0.0637210800290866,0.498818806556139,0.299845324782834
23967,0.510148958619722,0.10894429103365,0.108921019694318,0.27198573065231
23968,0.306818303497023,0.256616073705947,0.227447321358939,0.209118301438091
23969,0.520812413389381,0.0710484671774571,0.0858047094821443,0.322334409951018
23970,0.811079474616321,0.0544488967735257,0.0548238277392797,0.0796478008708737
23971,0.097811392971147,0.182013296927398,0.58612237724612,0.134052932855335
23972,0.520470778747964,0.113000785652834,0.24964465008582,0.116883785513382
23973,0.309742772006198,0.371175258642954,0.110760947019328,0.20832102233152
23974,0.0586505519007682,0.0857914728430097,0.688492340202508,0.167065635053714
23975,0.227529743946071,0.630684656275394,0.0546899737793464,0.0870956259991887
23976,0.197309924682452,0.347426198232859,0.237648835722039,0.217615041362649
23977,0.0768163229078346,0.204579880982152,0.60204105863024,0.116562737479774
23978,0.154657246760747,0.0919801774282268,0.143429622988672,0.609932952822355
23979,0.387225018169232,0.1813844633512,0.13722193575151,0.294168582728058
23980,0.173888467409924,0.52450625425826,0.10638928589866,0.195215992433155
23981,0.0845317958002075,0.264801806735357,0.512242585334658,0.138423812129778
23982,0.142145303912831,0.0611414103546756,0.662566247789161,0.134147037943332
23983,0.19716766621763,0.227048992890157,0.212620723996042,0.363162616896171
23984,0.232624739265474,0.435664228484273,0.110301011736114,0.22141002051414
23985,0.226244402774808,0.119984049595608,0.170889354819255,0.482882192810329
23986,0.381659818551326,0.3923734986512,0.109874833220078,0.116091849577396
23987,0.287304978214004,0.305117610168013,0.0985452899242189,0.309032121693765
23988,0.293115898222432,0.369584835056044,0.232166422590675,0.105132844130849
23989,0.126528917117447,0.145634433036397,0.487766214287104,0.240070435559051
23990,0.130633597751348,0.408180886317087,0.207833225807633,0.253352290123931
23991,0.0574252196868524,0.158378400314096,0.380907776289775,0.403288603709276
23992,0.0925929204139566,0.500682785892993,0.174806856603446,0.231917437089604
23993,0.130995132782869,0.206266441734808,0.464135351770301,0.198603073712022
23994,0.0938467429673986,0.319212390312917,0.202612166794876,0.384328699924809
23995,0.0440211629201069,0.278482100593278,0.438321197807829,0.239175538678786
23996,0.0844169707211767,0.176439928446669,0.639608346702327,0.0995347541298275
23997,0.215253122015299,0.207305690341672,0.360138254697485,0.217302932945545
23998,0.17753934345059,0.262605141442953,0.317327129352528,0.242528385753929
23999,0.444839381569234,0.24368777881668,0.155523558442619,0.155949281171467
24000,0.329087364538548,0.434117899079407,0.0974833026739435,0.139311433708102
24001,0.467309652469494,0.368885621446051,0.0655710131496613,0.0982337129347937
24002,0.314300301220263,0.422031602670261,0.0736412923491135,0.190026803760363
24003,0.226445314165468,0.506976128013347,0.0603193357202337,0.206259222100951
24004,0.185256923594212,0.153011270342912,0.419168066453467,0.242563739609409
24005,0.133131795264056,0.645470979536879,0.0894499482820441,0.131947276917021
24006,0.141157304510617,0.269932422216209,0.469850041965688,0.119060231307487
24007,0.18963157468603,0.332130113085212,0.139244802048343,0.338993510180415
24008,0.0849598831850383,0.666556267642531,0.102950102844928,0.145533746327503
24009,0.387884418231178,0.0998198680875671,0.225621793655681,0.286673920025575
24010,0.581355893279322,0.171253342710133,0.151050572433831,0.0963401915767141
24011,0.0662663434508912,0.677643435426924,0.106227963757174,0.149862257365011
24012,0.1020824186913,0.128588499436555,0.547348321194566,0.22198076067758
24013,0.0762655720674758,0.140776589015848,0.526254295470059,0.256703543446617
24014,0.133248589796103,0.120108725241513,0.636806317382065,0.109836367580319
24015,0.078763717887887,0.482058531765287,0.227346757598769,0.211830992748058
24016,0.22309091525138,0.432058504033621,0.0750657206710894,0.26978486004391
24017,0.439037751474059,0.343953911745005,0.147018765180086,0.0699895716008504
24018,0.472840321056773,0.126461779528578,0.068865672106283,0.331832227308366
24019,0.18728587866305,0.318862409256247,0.284780666330479,0.209071045750224
24020,0.0761505418615172,0.478118515257889,0.232727669946768,0.213003272933826
24021,0.0874132634269148,0.0680913301379358,0.670394858408295,0.174100548026855
24022,0.44565332688015,0.219813293516989,0.0739963616298849,0.260537017972976
24023,0.162131772280843,0.487071838527072,0.164875150544305,0.185921238647779
24024,0.279746031587271,0.540490088562045,0.0410342398461126,0.138729640004572
24025,0.66056067115349,0.0723798861768213,0.173043045195522,0.0940163974741663
24026,0.133470755678556,0.646862389891755,0.0944204245879319,0.125246429841757
24027,0.11904662731982,0.051762136432353,0.290225617775987,0.53896561847184
24028,0.240962388063246,0.527209013004826,0.0244999895666219,0.207328609365306
24029,0.123175788502419,0.0613554447681039,0.199653084426343,0.615815682303134
24030,0.0540000388857258,0.509353569981921,0.243121242417454,0.193525148714899
24031,0.0437487042239603,0.283410377559769,0.230133005412227,0.442707912804044
24032,0.0889687025462839,0.0914149334400413,0.235278541723459,0.584337822290216
24033,0.74387866332568,0.0606343350762314,0.068674850069931,0.126812151528157
24034,0.197806432387738,0.101600550941485,0.0329520035345089,0.667641013136269
24035,0.0464431056134556,0.480061661997237,0.156355167975248,0.31714006441406
24036,0.314663865767988,0.0745872366197023,0.504230371456239,0.106518526156071
24037,0.241953595426648,0.543110544834386,0.0980465629876405,0.116889296751325
24038,0.201167464337403,0.0898315425257863,0.455135124369296,0.253865868767515
24039,0.38418692868022,0.363530298618447,0.0525852342522969,0.199697538449036
24040,0.0718475628004435,0.16749574507555,0.58812762861606,0.172529063507947
24041,0.233695609741873,0.371238772916183,0.126980184582733,0.268085432759211
24042,0.0691356879149315,0.392698222232464,0.372791825305812,0.165374264546793
24043,0.302894081566892,0.262738840687603,0.104546375686501,0.329820702059004
24044,0.287015534203424,0.335523667954559,0.211210687821021,0.166250110020996
24045,0.413728098854753,0.0754459192684958,0.238568772877591,0.27225720899916
24046,0.0852781074906879,0.595287281250327,0.21954608722876,0.0998885240302256
24047,0.306670174186073,0.0429068425516924,0.56543449820184,0.0849884850603943
24048,0.0978190793573826,0.228362478939046,0.526194335177884,0.147624106525688
24049,0.482694766037762,0.154231430006287,0.207182238979078,0.155891564976873
24050,0.099491441967038,0.0918622239497486,0.311782551936211,0.496863782147002
24051,0.110484959339257,0.480769558994631,0.0698496018371421,0.338895879828969
24052,0.724051094539148,0.0965985985512034,0.0875275658646301,0.0918227410450189
24053,0.425974952224737,0.0660689408878383,0.309186601458361,0.198769505429064
24054,0.405107692427172,0.127955148063549,0.115927226655408,0.351009932853872
24055,0.30232093803807,0.345372728683594,0.161307622282928,0.190998710995408
24056,0.255984135510574,0.42292048255929,0.153228680146944,0.167866701783192
24057,0.239872537881998,0.16189697471449,0.304617680450312,0.2936128069532
24058,0.0875615292636624,0.288102223171207,0.362654302813387,0.261681944751744
24059,0.30292760962595,0.416977446479201,0.0775000391127181,0.202594904782132
24060,0.370108480225498,0.194529593530265,0.0990167347726493,0.336345191471587
24061,0.14286262757193,0.407839850333136,0.216824097745097,0.232473424349837
24062,0.32163417815436,0.176328147307012,0.291545014572678,0.21049265996595
24063,0.102192085780951,0.556613106871378,0.269491779749517,0.0717030275981546
24064,0.446334141932797,0.157391199871488,0.240891971933192,0.155382686262523
24065,0.137456283412543,0.177651041491093,0.559374491273948,0.125518183822415
24066,0.391895661052132,0.305128284416761,0.109934637265633,0.193041417265474
24067,0.21108939231845,0.362995075155005,0.166930588387883,0.258984944138662
24068,0.574082802948096,0.135229197061901,0.16894561904777,0.121742380942233
24069,0.248217318554265,0.141229475142379,0.161749680603261,0.448803525700094
24070,0.510583207712107,0.246576743600872,0.137701036206858,0.105139012480164
24071,0.118003743048016,0.0880130948204441,0.393801327944076,0.400181834187464
24072,0.0748483646749718,0.358938619359143,0.11747094420344,0.448742071762445
24073,0.292954487270377,0.191833442186313,0.216317096841545,0.298894973701765
24074,0.390348851286535,0.163673068661351,0.151559577104523,0.29441850294759
24075,0.283952636762708,0.0923399023434948,0.258076103459933,0.365631357433865
24076,0.0983667307808499,0.443847424284492,0.177046768012933,0.280739076921726
24077,0.497099220310737,0.249580607335356,0.0914184642379569,0.16190170811595
24078,0.354810535491781,0.229229376741769,0.0946879873941764,0.321272100372273
24079,0.316159777538894,0.249630921419174,0.0459446918294983,0.388264609212434
24080,0.480905421921757,0.118083403195797,0.0764399873604044,0.324571187522042
24081,0.130842283649724,0.188960068865532,0.142195604184349,0.538002043300395
24082,0.193382325390972,0.303563234037698,0.368862469439046,0.134191971132283
24083,0.298787046453102,0.241915948003832,0.0330678316618653,0.426229173881201
24084,0.386120964476307,0.334495413696702,0.0789147887713526,0.200468833055639
24085,0.348127137094538,0.0850131616661076,0.0335746522577802,0.533285048981574
24086,0.250885008646483,0.214447766783744,0.193830056415784,0.34083716815399
24087,0.196443737443036,0.368611320391838,0.124869663882095,0.310075278283031
24088,0.0550758361726884,0.0546091918088298,0.641770801088648,0.248544170929834
24089,0.205815029923726,0.445268457880248,0.0566672082794372,0.292249303916589
24090,0.0504155133397141,0.058338055444111,0.293102564101521,0.598143867114654
24091,0.2157613792714,0.152707302306571,0.465696941972239,0.165834376449789
24092,0.36900452970045,0.0611796959300845,0.107412163056308,0.462403611313158
24093,0.329363702747933,0.308164280272167,0.183113583685191,0.17935843329471
24094,0.0881794663802734,0.688528713230928,0.142411662074215,0.0808801583145834
24095,0.288275974423934,0.063420065586826,0.465736843487883,0.182567116501357
24096,0.15143653440948,0.519764507466756,0.112958790114925,0.215840168008839
24097,0.0781905795514734,0.169595530347164,0.605236423445448,0.146977466655915
24098,0.571724361185963,0.129590622818167,0.0989550140483859,0.199730001947484
24099,0.158425250911455,0.512680033154938,0.131250550773356,0.197644165160251
24100,0.401316039012989,0.386577858763817,0.0626852359043235,0.149420866318871
24101,0.170529504878371,0.367808870961849,0.153403967829403,0.308257656330378
24102,0.292533486939897,0.189352222242062,0.313180087840395,0.204934202977645
24103,0.13387093284513,0.524011377647494,0.201313640939331,0.140804048568046
24104,0.563320870567716,0.0810056233100839,0.124741025764736,0.230932480357464
24105,0.507016766206061,0.0986392393564984,0.190634907525401,0.20370908691204
24106,0.036349993996081,0.802145206041665,0.0811600297266539,0.0803447702356007
24107,0.216907602817527,0.126582055815958,0.337967201280357,0.318543140086157
24108,0.277862636806532,0.0639676867916693,0.430278386832163,0.227891289569635
24109,0.37791683837053,0.284221053583601,0.0890791688741861,0.248782939171682
24110,0.331805223563872,0.261930917657389,0.152003134753475,0.254260724025264
24111,0.118417056936236,0.306928311381408,0.0845126275836893,0.490142004098666
24112,0.246916652153843,0.113388738995702,0.141103135150684,0.498591473699771
24113,0.0904240149251101,0.577900573269112,0.215247021298006,0.116428390507772
24114,0.177618685863844,0.189890696544817,0.375623290080343,0.256867327510996
24115,0.0416156814632319,0.587642401115612,0.237934946960144,0.132806970461012
24116,0.245471883555127,0.0853294653172873,0.510969990176163,0.158228660951422
24117,0.532632074465783,0.214337042088637,0.0992783459923631,0.153752537453217
24118,0.0989396382459906,0.210831512588132,0.448406127468759,0.241822721697119
24119,0.14954563446176,0.666761127729137,0.0590460776792599,0.124647160129843
24120,0.0901987323776647,0.642240489574911,0.115308194195159,0.152252583852265
24121,0.649435985809771,0.10952729155313,0.11049481207169,0.130541910565409
24122,0.0560405692048805,0.218978393032347,0.549881146027771,0.175099891735002
24123,0.123081535797156,0.130134034862856,0.179067914538649,0.567716514801339
24124,0.17271554805955,0.494808547122415,0.102994932026691,0.229480972791344
24125,0.0503797563438965,0.0644241374550771,0.671396060342356,0.213800045858671
24126,0.0912080775967697,0.413613498505731,0.265666101585617,0.229512322311882
24127,0.337832821077342,0.330664108191618,0.168229797588001,0.163273273143039
24128,0.314792587296007,0.114604092396426,0.0409518157180136,0.529651504589553
24129,0.290956874994076,0.245122177175175,0.147626329007833,0.316294618822916
24130,0.276026563264488,0.275503368407937,0.0417585542489111,0.406711514078663
24131,0.102196415293214,0.381902993732878,0.296746221491571,0.219154369482337
24132,0.193245997637318,0.581089059833664,0.0592225249648584,0.16644241756416
24133,0.226250385138198,0.263236150879602,0.303296842182963,0.207216621799237
24134,0.390284422299794,0.315879442440622,0.202927777516285,0.090908357743299
24135,0.184264812881405,0.117242186412556,0.47382431256866,0.224668688137378
24136,0.175642007193,0.146692014039965,0.486265401059082,0.191400577707954
24137,0.0708800052634731,0.757894869132305,0.0539373747493481,0.117287750854874
24138,0.54311436123374,0.111862018900839,0.0854287709134031,0.259594848952018
24139,0.351466960851617,0.0955189319411193,0.432515510673436,0.120498596533828
24140,0.440083467730946,0.26327993364779,0.150421123990209,0.146215474631056
24141,0.110766311229891,0.500283424478492,0.0969944164612021,0.291955847830415
24142,0.147516139033628,0.247569729099193,0.348505435814046,0.256408696053134
24143,0.30194766967003,0.307341977665843,0.28997645348979,0.100733899174337
24144,0.258421419923691,0.291733229336793,0.103265255487974,0.346580095251541
24145,0.0970164811304374,0.384551928860768,0.3794654081413,0.138966181867494
24146,0.0574998912570561,0.211933369170378,0.440732959657759,0.289833779914807
24147,0.220113645910284,0.387342700830559,0.208788927075289,0.183754726183868
24148,0.272666239209592,0.380151105478853,0.116852415140835,0.230330240170721
24149,0.0779006323053221,0.189313186397579,0.55535040015412,0.177435781142978
24150,0.352589685055583,0.246590931734777,0.206226517967732,0.194592865241908
24151,0.172539776708674,0.311005365488159,0.368866581978908,0.147588275824259
24152,0.051973206997733,0.529452021964501,0.271928361030015,0.146646410007751
24153,0.119811943713366,0.160596889726696,0.478905823902495,0.240685342657443
24154,0.187229732031262,0.171723787613054,0.471095698460275,0.16995078189541
24155,0.0730594856779125,0.251677178384097,0.476992083540106,0.198271252397885
24156,0.0588121341193825,0.283900701154629,0.437148657690043,0.220138507035945
24157,0.14387987951672,0.296732996466501,0.145246717794415,0.414140406222364
24158,0.633730196272601,0.122563750048563,0.162905269472739,0.0808007842060978
24159,0.153822004176609,0.277291860105157,0.260645219474658,0.308240916243576
24160,0.393732692661895,0.152463755635375,0.131846624006956,0.321956927695774
24161,0.171401015386334,0.518822203351025,0.187685983558549,0.122090797704092
24162,0.44860397657559,0.218396372076678,0.0631382758222423,0.26986137552549
24163,0.161567147582878,0.392998557522705,0.277112511877524,0.168321783016893
24164,0.221841783594636,0.504755848559931,0.190808555680733,0.0825938121647
24165,0.0990544515598645,0.230698020328291,0.150908559443895,0.51933896866795
24166,0.0852312252745214,0.199770548338874,0.342350375226668,0.372647851159936
24167,0.0618836950534941,0.448830971422223,0.34939478793066,0.139890545593623
24168,0.517288275641437,0.0686238381518315,0.164131965362493,0.249955920844239
24169,0.266920737738248,0.280788603349313,0.34267163095941,0.109619027953029
24170,0.138617498366283,0.168039828730505,0.597024548113181,0.0963181247900309
24171,0.131828087948385,0.440431318531674,0.32377626301883,0.103964330501111
24172,0.267502228790495,0.207635923890433,0.385949632381584,0.138912214937488
24173,0.164465937261577,0.450783213334571,0.221459672979112,0.163291176424741
24174,0.0913912068912633,0.717912549295169,0.117176585409851,0.0735196584037169
24175,0.318427702197778,0.300115402515912,0.230542157182077,0.150914738104234
24176,0.195171266823047,0.174349523692946,0.43946013244689,0.191019077037117
24177,0.511979612359151,0.246173437160163,0.144450844785173,0.0973961056955129
24178,0.296473889803591,0.172440735602484,0.239254048213628,0.291831326380297
24179,0.0962559091961158,0.510262649011435,0.319331097297603,0.0741503444948455
24180,0.419700347214188,0.14370599677364,0.159808202370742,0.27678545364143
24181,0.101434815018815,0.384806961873168,0.240475375059759,0.273282848048258
24182,0.151768016454768,0.233097617865438,0.500129588752448,0.115004776927346
24183,0.414143973175904,0.31135288201113,0.199088197158512,0.0754149476544534
24184,0.201456926106115,0.558348524340325,0.151988467376681,0.0882060821768789
24185,0.141407618286066,0.34571139724281,0.358604479480692,0.154276504990433
24186,0.139038281553054,0.416690249052679,0.18639928342024,0.257872185974027
24187,0.382326537638504,0.255909405648389,0.167071622555361,0.194692434157745
24188,0.0927721813541301,0.435939912038154,0.364416245177889,0.106871661429827
24189,0.143757522516694,0.254682958044332,0.472865613310897,0.128693906128078
24190,0.174470487434581,0.240596301175539,0.48044049405428,0.104492717335601
24191,0.128777493888759,0.292986080707042,0.483092535911544,0.0951438894926561
24192,0.257604167248455,0.327343346782598,0.28408279770262,0.130969688266327
24193,0.3151809653469,0.24906711407616,0.362094731375476,0.0736571892014643
24194,0.219818566217996,0.502466692256839,0.130630138736024,0.147084602789141
24195,0.365744889697042,0.143391332646309,0.317290109122936,0.173573668533713
24196,0.679423749899631,0.136923351559731,0.110991019041373,0.0726618794992643
24197,0.0978346786138222,0.413384201005879,0.25389028873492,0.234890831645379
24198,0.500662191877109,0.213564188073829,0.177817696294055,0.107955923755007
24199,0.275014876314646,0.46811939052879,0.137779286575646,0.119086446580918
24200,0.503128228544817,0.122178341930093,0.228724325069599,0.145969104455491
24201,0.510626055603824,0.217106787017759,0.210556917623678,0.06171023975474
24202,0.154652827178943,0.15475646168577,0.612169179644407,0.0784215314908797
24203,0.465116556587037,0.25531223368485,0.194875645691916,0.084695564036197
24204,0.122222117341581,0.588676616743813,0.185803928148892,0.103297337765714
24205,0.402700066648948,0.359324786666805,0.150867150209189,0.0871079964750577
24206,0.169755813055126,0.184416271021116,0.558747756191205,0.0870801597325529
24207,0.49506419798434,0.076076794511765,0.186964444246522,0.241894563257373
24208,0.162402857076747,0.448159951629686,0.0939197779081914,0.295517413385375
24209,0.133050744310316,0.279740187402622,0.350651731153571,0.23655733713349
24210,0.172699240713682,0.100683727067791,0.325226017849332,0.401391014369195
24211,0.0586642416077929,0.0858636755061363,0.314388379358882,0.541083703527188
24212,0.324235764861365,0.0643294733701113,0.130061361453032,0.481373400315491
24213,0.0395263160804209,0.158446874129031,0.579644860696299,0.222381949094249
24214,0.172669709243695,0.049328313077209,0.272989889587152,0.505012088091944
24215,0.115433577544363,0.105283895037925,0.527362658863574,0.251919868554138
24216,0.151820606349561,0.136164201747603,0.299274281125261,0.412740910777576
24217,0.149819859021584,0.395549491004963,0.0564239735319818,0.398206676441471
24218,0.121761550999255,0.0452516425300632,0.33636596430622,0.496620842164461
24219,0.324974913863518,0.113865308241916,0.27279346330805,0.288366314586516
24220,0.242224619337159,0.216885176673754,0.124447786398007,0.41644241759108
24221,0.266845419166755,0.481290275758609,0.119015490796384,0.132848814278252
24222,0.603993344763033,0.110174472842523,0.160659380940583,0.125172801453861
24223,0.342523020447639,0.0894430890370646,0.0865265303549434,0.481507360160354
24224,0.126403175774727,0.0898732520479599,0.25224629051011,0.531477281667203
24225,0.260333644093506,0.25937075903323,0.114097437141919,0.366198159731345
24226,0.320665359739169,0.163710439617245,0.315021798185623,0.200602402457963
24227,0.299542023360553,0.286161268348585,0.279839222684467,0.134457485606394
24228,0.224772806285667,0.334819431083478,0.169932755169203,0.270475007461652
24229,0.20289419573176,0.427127332288837,0.224342138793759,0.145636333185644
24230,0.11160111879503,0.478172502949376,0.195569672376807,0.214656705878787
24231,0.247301846240888,0.27398242811603,0.228937018558229,0.249778707084853
24232,0.163714078249786,0.406332632341325,0.228647957055165,0.201305332353723
24233,0.308837230306281,0.322340260322805,0.161468740330472,0.207353769040443
24234,0.275503955691161,0.241720586142413,0.344721780444802,0.138053677721624
24235,0.537004860359635,0.176039875530861,0.14115753667259,0.145797727436915
24236,0.162128128424994,0.205738835534526,0.538547433488816,0.0935856025516643
24237,0.470231275382441,0.0857895982202347,0.262629323423121,0.181349802974203
24238,0.0849952268753278,0.319169735985796,0.388833796758429,0.207001240380448
24239,0.316887009279495,0.346028822997973,0.193877522496365,0.143206645226166
24240,0.143257205098078,0.463396224764324,0.210015990955742,0.183330579181856
24241,0.113804524247856,0.234528987287516,0.2986627505971,0.353003737867529
24242,0.273330455808317,0.253314197826678,0.301378248609776,0.171977097755229
24243,0.167489462785271,0.456623413605581,0.173304002154274,0.202583121454874
24244,0.325429231189381,0.207940128297844,0.311568619724943,0.155062020787832
24245,0.149748737412726,0.349351566681414,0.410267672655585,0.0906320232502742
24246,0.177958870328673,0.408564433354399,0.283279386997496,0.130197309319433
24247,0.278720705533656,0.124764793200291,0.488445082082174,0.108069419183879
24248,0.308731802510397,0.115240772652668,0.280551385757645,0.295476039079291
24249,0.387821148906938,0.343728806214872,0.115799746895745,0.152650297982445
24250,0.166539677156955,0.337549277322022,0.195692521063789,0.300218524457234
24251,0.158148916341938,0.36657925822323,0.214337802138793,0.260934023296038
24252,0.158628533865438,0.441563854683705,0.136898769402415,0.262908842048441
24253,0.12635986275821,0.250337934676644,0.462060937442339,0.161241265122808
24254,0.169810362148758,0.23119125482969,0.400342128106484,0.198656254915069
24255,0.0849635412084878,0.390217965257036,0.296855687288927,0.227962806245549
24256,0.226841939979752,0.249622135816188,0.186140336895487,0.337395587308574
24257,0.220347155318062,0.252722643838577,0.353052237283805,0.173877963559556
24258,0.252565522068421,0.446763130501977,0.0858698766780971,0.214801470751505
24259,0.14975885180747,0.290648184996662,0.239179923939402,0.320413039256467
24260,0.170098103142874,0.345079756104366,0.279115987863305,0.205706152889454
24261,0.368362897958777,0.127240376130278,0.187884506857184,0.316512219053761
24262,0.374160780141707,0.167280884878727,0.281598371874495,0.176959963105071
24263,0.307220037617622,0.178373006614574,0.269626770810369,0.244780184957436
24264,0.306184678237604,0.356985068808159,0.249477686129266,0.0873525668249712
24265,0.353728571947283,0.359766169100344,0.20839703173878,0.078108227213593
24266,0.273211434878395,0.299684996857402,0.247732856989629,0.179370711274574
24267,0.345420085333577,0.389209745501709,0.146217523387928,0.119152645776786
24268,0.333249108182694,0.172417298692153,0.36104602590987,0.133287567215283
24269,0.197156942600625,0.465470802392033,0.194801897984607,0.142570357022735
24270,0.290630592493649,0.362127925640484,0.245394503152403,0.101846978713464
24271,0.230472112594185,0.398943339466057,0.237560304352978,0.133024243586781
24272,0.200032475800911,0.377392683382588,0.284801757428366,0.137773083388135
24273,0.324534692400213,0.226469752045803,0.29667608163493,0.152319473919054
24274,0.231463801646994,0.323578239025445,0.326338715397036,0.118619243930525
24275,0.236201682377073,0.241918574148517,0.3307809884173,0.19109875505711
24276,0.439783455743794,0.290116244980591,0.192225830152968,0.0778744691226471
24277,0.238311395651844,0.49393576870414,0.194626933826159,0.0731259018178562
24278,0.215090030695084,0.402315319944867,0.246432098584567,0.136162550775482
24279,0.377599984731012,0.296381417881289,0.154381850362368,0.171636747025332
24280,0.339510213205093,0.221360068288418,0.342156984658793,0.0969727338476959
24281,0.425018593334435,0.259300604779401,0.241091473737253,0.0745893281489114
24282,0.304905932764759,0.318614213171725,0.1582131835182,0.218266670545316
24283,0.164769308884145,0.42733445178875,0.145177480572987,0.262718758754118
24284,0.112017040894924,0.152165773400729,0.632222096410585,0.103595089293762
24285,0.045253484551476,0.537052107146987,0.117106799985523,0.300587608316015
24286,0.109516585839658,0.0770093455684653,0.616753557508113,0.196720511083764
24287,0.172389953047577,0.50721222730248,0.0443186912094697,0.276079128440474
24288,0.0749319938114735,0.689617138541929,0.132084208550199,0.103366659096398
24289,0.0688443374774816,0.532165711289123,0.259271604341317,0.139718346892079
24290,0.126997289101413,0.346534780699121,0.132177789833991,0.394290140365475
24291,0.301789647215522,0.155901935668266,0.231135843467364,0.311172573648849
24292,0.116792427461555,0.0897890608000174,0.440979452915794,0.352439058822634
24293,0.379657194676495,0.331825299256303,0.192596269822476,0.0959212362447257
24294,0.137632581902711,0.569971547207247,0.0732415618662158,0.219154309023827
24295,0.10756472160479,0.342795334934168,0.260918764942052,0.28872117851899
24296,0.287113087974545,0.29435004995649,0.0870848369094748,0.331452025159491
24297,0.368612082657454,0.1109141119252,0.0909156912499785,0.429558114167367
24298,0.214463550973775,0.354959526717921,0.131496380844056,0.299080541464248
24299,0.2305220217735,0.105455838885917,0.0762724343024882,0.587749705038095
24300,0.276222505595702,0.147419055269442,0.181030431231217,0.395328007903639
24301,0.141212476773286,0.0639318162194912,0.22407892069723,0.570776786309993
24302,0.548450918096151,0.167252294165942,0.174103898948048,0.110192888789859
24303,0.449474162379498,0.192285593342132,0.0671687320866383,0.291071512191732
24304,0.0847176240422414,0.0878161508062878,0.381321394536211,0.44614483061526
24305,0.249538170230912,0.420165065493599,0.0838136768880887,0.2464830873874
24306,0.255568733227464,0.0530118026418256,0.157349865074645,0.534069599056065
24307,0.623709120031158,0.129392864306002,0.086992967046236,0.159905048616604
24308,0.255367015770076,0.0561376525140597,0.383745634444534,0.30474969727133
24309,0.0372947294953035,0.23906921959438,0.466930085525,0.256705965385316
24310,0.133326391972696,0.42685795576326,0.21843630019881,0.221379352065234
24311,0.106038685685946,0.206182787603377,0.308016170088269,0.379762356622408
24312,0.363363934804972,0.0885528637672666,0.112470558602985,0.435612642824776
24313,0.409348816289254,0.19465147407023,0.0465494941431094,0.349450215497406
24314,0.0390807747476025,0.603972954732678,0.0562451576339361,0.300701112885784
24315,0.253357792526609,0.420221321295104,0.158904855220847,0.16751603095744
24316,0.544862953585616,0.0781326446951016,0.0538246608209078,0.323179740898375
24317,0.138038282837899,0.538441091469027,0.0778558999576339,0.24566472573544
24318,0.0714381056042058,0.0714053677213807,0.581213532762868,0.275942993911545
24319,0.480921960924024,0.115452679107141,0.319378959881189,0.0842464000876472
24320,0.0457524786625355,0.127938881702397,0.196711202138974,0.629597437496094
24321,0.58826050721495,0.127763563363611,0.0756172123143112,0.208358717107128
24322,0.515472813914663,0.229931099644954,0.0898236760809791,0.164772410359405
24323,0.111769180265188,0.0584901374330766,0.696577964010697,0.133162718291038
24324,0.19819809898349,0.12224390194633,0.41740311129593,0.26215488777425
24325,0.384003722337599,0.182592830800707,0.0874483785362279,0.345955068325466
24326,0.107871608599327,0.159717230785429,0.456947047916015,0.275464112699229
24327,0.136830247316128,0.330434122365907,0.173284263718255,0.359451366599711
24328,0.0727243525299268,0.0718151428064067,0.603784835057496,0.25167566960617
24329,0.17784513051165,0.622733622759808,0.0470825539559358,0.152338692772606
24330,0.577535759345374,0.0556725222393832,0.226214854960033,0.14057686345521
24331,0.0880200856860643,0.132599202014885,0.38410920574995,0.395271506549101
24332,0.481549942456544,0.118764876934538,0.240995792097626,0.158689388511292
24333,0.397627615260862,0.270855157072337,0.109301383716658,0.222215843950143
24334,0.290783406594538,0.27370997898782,0.157893821632509,0.277612792785133
24335,0.0682519141395401,0.616369665097357,0.0515727072893396,0.263805713473763
24336,0.095382877403699,0.310423272772916,0.208491657535862,0.385702192287523
24337,0.635506210588302,0.0746025286496686,0.184523950163614,0.105367310598416
24338,0.648705740854233,0.0423464783825674,0.153594622514847,0.155353158248352
24339,0.441772999691702,0.353897652879834,0.04893217460121,0.155397172827254
24340,0.210279197059101,0.406025911576456,0.0392284296757014,0.344466461688741
24341,0.651794861200072,0.0480362890355017,0.143198662369322,0.156970187395105
24342,0.670081128466386,0.113499333178348,0.0614743680852585,0.154945170270008
24343,0.0553934780546732,0.441104719089774,0.0868280384867611,0.416673764368792
24344,0.0428340192736726,0.116752951002646,0.561829962651806,0.278583067071876
24345,0.073502634689477,0.0328536244782803,0.497990297475475,0.395653443356768
24346,0.213390717434719,0.0635191809011203,0.481235406293643,0.241854695370517
24347,0.0687737534141743,0.560006614511335,0.117046925144632,0.254172706929859
24348,0.718461101668389,0.0246646344925496,0.109119759898495,0.147754503940567
24349,0.472366826399925,0.102416597156678,0.061491212563454,0.363725363879943
24350,0.0260820953437071,0.176731938382493,0.622174123459229,0.175011842814572
24351,0.505223966330323,0.0525737040498074,0.0614224529588999,0.38077987666097
24352,0.0228959082565065,0.552399980920083,0.0850486358883014,0.339655474935109
24353,0.281288088746766,0.0944627053788996,0.214873856116459,0.409375349757875
24354,0.0475736704953723,0.445545537644742,0.126099570283686,0.380781221576199
24355,0.309526863813901,0.0610617493730079,0.346894381049205,0.282517005763886
24356,0.0506927701161791,0.125565983564021,0.0302316772378091,0.793509569081991
24357,0.583545158354958,0.213322184866935,0.029242691792844,0.173889964985263
24358,0.463755142586981,0.0663595653686542,0.0397894003728813,0.430095891671484
24359,0.157479883744292,0.598024340730765,0.066742811499966,0.177752964024977
24360,0.107022479229452,0.381997851303919,0.22394110409855,0.287038565368079
24361,0.220832861506586,0.36016039935274,0.0773028444718401,0.341703894668834
24362,0.54461811311049,0.08320895813497,0.239860434267786,0.132312494486755
24363,0.0838024001166162,0.156915089820437,0.496564124527415,0.262718385535532
24364,0.088171642407598,0.685964515976544,0.0839791858461643,0.141884655769694
24365,0.347378237885784,0.128401050693527,0.161200600222736,0.363020111197953
24366,0.128509972677193,0.373714886788551,0.208183517906821,0.289591622627435
24367,0.192969081112938,0.172872494450661,0.0959367309248371,0.538221693511564
24368,0.103136014009994,0.310490292308007,0.384818967624038,0.201554726057962
24369,0.404846792213676,0.226364716737131,0.172499858165337,0.196288632883856
24370,0.11453352907833,0.394685372634315,0.356189350101914,0.134591748185441
24371,0.262767532995402,0.131598055048631,0.434255731701993,0.171378680253974
24372,0.0853744912359717,0.0579426513808437,0.505560707171175,0.35112215021201
24373,0.291847451590182,0.410119081374575,0.199109265248915,0.0989242017863284
24374,0.354866574453771,0.227390185725559,0.186808316218234,0.230934923602437
24375,0.132440157814446,0.0959874631899153,0.401167108648596,0.370405270347043
24376,0.100883032432814,0.158374199299074,0.652667725119441,0.0880750431486715
24377,0.0908618613279631,0.593346056297723,0.17649814716807,0.139293935206244
24378,0.0685944233867278,0.489956856308559,0.104407658859669,0.337041061445045
24379,0.135543210951428,0.407087090939988,0.194804227168317,0.262565470940267
24380,0.108679500907992,0.34903047886064,0.142634287497496,0.399655732733872
24381,0.399272089280178,0.188041290699993,0.0738215671291215,0.338865052890708
24382,0.451972905131302,0.119343112798772,0.316967828622732,0.111716153447194
24383,0.108274910933111,0.0869409109623525,0.657966044396194,0.146818133708342
24384,0.132978561955649,0.172742299547292,0.485382763527103,0.208896374969955
24385,0.478171175441437,0.093281927604698,0.224547864790923,0.203999032162943
24386,0.0568134596695346,0.092987321178085,0.630110205475091,0.22008901367729
24387,0.523509222328464,0.0654482739221036,0.133273174930322,0.27776932881911
24388,0.454820966294638,0.0612554013893265,0.160633135498599,0.323290496817437
24389,0.358072372725761,0.148267890713868,0.170830692768995,0.322829043791377
24390,0.23048342346295,0.0902138348529818,0.568762627633305,0.110540114050763
24391,0.124736862910528,0.26245390522393,0.0770146870675943,0.535794544797948
24392,0.053933696930353,0.309453194310063,0.343297879972245,0.293315228787338
24393,0.04374585958041,0.107223243326784,0.709336715520917,0.139694181571889
24394,0.0959022287768472,0.700174506945022,0.0914460878281417,0.112477176449989
24395,0.187075473334693,0.216833879742345,0.520324872081722,0.0757657748412403
24396,0.513236403708545,0.162663826200451,0.0818555655711175,0.242244204519886
24397,0.120686852586474,0.24636038165964,0.362116589721188,0.270836176032697
24398,0.306833157171585,0.257568572412896,0.23906316189037,0.196535108525149
24399,0.0656072328317708,0.361904098264923,0.177286849800911,0.395201819102396
24400,0.0678218655378015,0.172053540148448,0.483911069583753,0.276213524729998
24401,0.245228082985165,0.150101198113127,0.231583592463661,0.373087126438047
24402,0.210719782146175,0.0913083920978025,0.558221174307175,0.139750651448848
24403,0.0634788646046968,0.146745578090455,0.59153250542253,0.198243051882319
24404,0.0690530276086024,0.178454036307911,0.554643786811724,0.197849149271762
24405,0.125161518858741,0.252160228033539,0.432129647342032,0.190548605765688
24406,0.483431031837905,0.264587331195566,0.101363641472197,0.150617995494331
24407,0.0621164577227584,0.565604316002217,0.267977488848681,0.104301737426343
24408,0.262089141336559,0.286892868162842,0.132897798461323,0.318120192039276
24409,0.255188128265836,0.265067690519786,0.072247611250056,0.407496569964322
24410,0.198516196525165,0.257531206372743,0.178307848470027,0.365644748632064
24411,0.144355551829253,0.515715685964442,0.200282326843346,0.139646435362959
24412,0.491387242416956,0.205527733750518,0.10278294848162,0.200302075350906
24413,0.5072790059898,0.156098053805941,0.203928482394576,0.132694457809684
24414,0.188037089309972,0.558972839581369,0.0926318448822781,0.16035822622638
24415,0.273874534596208,0.13391727247064,0.378776982762348,0.213431210170804
24416,0.621298553412159,0.0815573581161371,0.128825733934764,0.168318354536941
24417,0.214331766050429,0.0891302958894339,0.305067691817912,0.391470246242225
24418,0.12989714323804,0.197824268937404,0.0738973031430089,0.598381284681547
24419,0.376866816911459,0.240771552639517,0.194481387035239,0.187880243413785
24420,0.105459459328215,0.457304552420848,0.192166924727173,0.245069063523764
24421,0.203669636955659,0.109099686865708,0.0370223760215342,0.650208300157099
24422,0.413051923712358,0.109144207489239,0.038284093649173,0.43951977514923
24423,0.068343421285506,0.498537998801452,0.0612926926565512,0.371825887256491
24424,0.0907056898626533,0.261118302979873,0.334088620104395,0.314087387053078
24425,0.122535761869151,0.0369735728333828,0.10207299001564,0.738417675281827
24426,0.431239228947768,0.149450615367753,0.0316950398105602,0.387615115873918
24427,0.0691933840707929,0.0625691745715762,0.596866550373186,0.271370890984445
24428,0.198482143474198,0.591117944767805,0.0294522734734863,0.180947638284511
24429,0.0946042802517973,0.771689960586662,0.0326491152720093,0.101056643889531
24430,0.119214525608328,0.0653211919626821,0.0516799767932961,0.763784305635694
24431,0.115815974133931,0.574939692892249,0.122239218574662,0.187005114399158
24432,0.0381116626517424,0.404767958066192,0.115773824247744,0.441346555034322
24433,0.0772814265043595,0.100675736984024,0.17604000836936,0.646002828142256
24434,0.210941563894613,0.217474971519213,0.381313137323297,0.190270327262877
24435,0.461720727543084,0.324047674328588,0.09713147063318,0.117100127495148
24436,0.179973996981513,0.146025973453273,0.309806798635149,0.364193230930065
24437,0.408188098003749,0.182300878177251,0.116757311986872,0.292753711832128
24438,0.679146031209759,0.0879359073735737,0.126070026212194,0.106848035204474
24439,0.113345316350491,0.0343307522254955,0.641880767245625,0.210443164178388
24440,0.036005107732964,0.64277528344945,0.0438141083320364,0.27740550048555
24441,0.507217544503832,0.151212468321017,0.0403620122911396,0.301207974884012
24442,0.709353997712653,0.116012392817076,0.0948606161759182,0.0797729932943529
24443,0.45232408762903,0.0977392287176167,0.355435656420307,0.0945010272330464
24444,0.0564829750873736,0.182935993957975,0.572692868386136,0.187888162568515
24445,0.250819872440874,0.118896205409001,0.109397675311821,0.520886246838305
24446,0.330464340209443,0.0714077983553253,0.0553000215240904,0.542827839911142
24447,0.109114115773049,0.763359814659712,0.0370383365225974,0.090487733044642
24448,0.123032050512442,0.533702106417756,0.0867509695319495,0.256514873537853
24449,0.368350555721016,0.0409151237585591,0.123726369859723,0.467007950660701
24450,0.0685242664007024,0.0588200336881319,0.260046437007588,0.612609262903578
24451,0.0546758727779915,0.0876684080487201,0.421286979129223,0.436368740044066
24452,0.129418190314427,0.0530564724559731,0.437432215361977,0.380093121867623
24453,0.348611214712955,0.0842908440924166,0.425048219486488,0.142049721708141
24454,0.281482070885183,0.329999552133139,0.0974422719154193,0.29107610506626
24455,0.194347556742937,0.0667787896801621,0.432394272861581,0.30647938071532
24456,0.0896659075500958,0.107522018250491,0.323726365220597,0.479085708978816
24457,0.220478712954053,0.0475363162369452,0.212598741355371,0.519386229453631
24458,0.0348590125459723,0.287552283841738,0.0724123171017037,0.605176386510586
24459,0.103427787041643,0.137115096610834,0.462295042149072,0.297162074198452
24460,0.0366775238004733,0.189865355974576,0.164024747503798,0.609432372721153
24461,0.0381895039467823,0.0539550828949193,0.397976785212143,0.509878627946156
24462,0.134028485562874,0.214487761617148,0.0809425552212144,0.570541197598763
24463,0.285048617669612,0.473571505879743,0.107247858023467,0.134132018427178
24464,0.10555124407256,0.14367240913246,0.260290114351364,0.490486232443616
24465,0.106403937575382,0.60421280754513,0.0497240392128822,0.239659215666606
24466,0.345620564176033,0.308845844956651,0.0555052851869083,0.290028305680408
24467,0.103959121466281,0.335663208556703,0.0295204323064868,0.53085723767053
24468,0.0461155158630731,0.3851560373048,0.158445444240675,0.410283002591451
24469,0.0835991319660124,0.400843495232799,0.0540445044530367,0.461512868348152
24470,0.103819309798833,0.101893305250481,0.0529403088800266,0.741347076070659
24471,0.152865211236968,0.525377038446854,0.0847942942242422,0.236963456091937
24472,0.47511653626912,0.0904254501294255,0.174718478627791,0.259739534973663
24473,0.186229677818957,0.148366776882194,0.277461169318572,0.387942375980277
24474,0.625544548767928,0.19311581801598,0.0323348368882808,0.149004796327812
24475,0.0493213750928363,0.47266133662209,0.2298077784128,0.248209509872273
24476,0.196063182020867,0.448693135518279,0.0608172081445602,0.294426474316293
24477,0.0382700777285089,0.504155133843892,0.28403473609398,0.173540052333619
24478,0.19385402869653,0.0858132254540315,0.478048837402839,0.242283908446599
24479,0.110438127951511,0.0496452520917687,0.490650769473185,0.349265850483535
24480,0.511750965321668,0.0962693029632266,0.0723924677947266,0.319587263920379
24481,0.300419998082051,0.246485560349769,0.165919223489981,0.287175218078199
24482,0.506121004671185,0.0555425478495709,0.0516013208519544,0.38673512662729
24483,0.768706855121044,0.0547401448943472,0.0514804522521148,0.125072547732494
24484,0.0780458141890591,0.166458636575998,0.581238526706251,0.174257022528693
24485,0.499847464129576,0.100341191336458,0.248937272440316,0.150874072093651
24486,0.294104631626655,0.3196449346747,0.106610326356537,0.279640107342107
24487,0.0473393299340428,0.0773337220051685,0.666856409572168,0.208470538488621
24488,0.2323418069004,0.60380840769873,0.0475750529477091,0.11627473245316
24489,0.151602307657572,0.348894609289507,0.236459346440202,0.263043736612719
24490,0.0760652964959796,0.22734628781744,0.535122097722207,0.161466317964373
24491,0.133597064659399,0.0645451996676289,0.118463032307092,0.68339470336588
24492,0.19341245857206,0.0627476062651129,0.530101790465136,0.213738144697691
24493,0.0614943140800915,0.221899055611035,0.572716944785987,0.143889685522887
24494,0.0414263683845391,0.553006987183498,0.245851618627096,0.159715025804868
24495,0.0934107000626832,0.620325347023064,0.049788306012655,0.236475646901598
24496,0.120346954720458,0.171578143665374,0.258602495417729,0.449472406196439
24497,0.147457597902957,0.0715912483989865,0.600658110960043,0.180293042738013
24498,0.297595704415879,0.207583252671914,0.370843976184463,0.123977066727744
24499,0.390697162714769,0.074864716785492,0.270608745543391,0.263829374956348
24500,0.0615158701565316,0.557866090828633,0.0742870814505878,0.306330957564247
24501,0.226363500630103,0.315456275847297,0.0765961236090342,0.381584099913566
24502,0.437638528653211,0.106327005796056,0.096457908884453,0.35957655666628
24503,0.0447525894227563,0.0627987581479492,0.151908133852434,0.74054051857686
24504,0.0648173215697474,0.55375737773755,0.0605485975781037,0.320876703114599
24505,0.0997559986156245,0.264796127627062,0.127292080316991,0.508155793440322
24506,0.102230206145346,0.0489221146141636,0.601438579605834,0.247409099634657
24507,0.082692485230083,0.141039270805893,0.199336685265638,0.576931558698386
24508,0.409183719938638,0.131506081192444,0.272524394594119,0.186785804274799
24509,0.156862788212486,0.0555103198681612,0.351807220663159,0.435819671256194
24510,0.0648316974983894,0.102762199524267,0.584535826695622,0.247870276281722
24511,0.210572643513266,0.617320980213434,0.0740898504807036,0.0980165257925967
24512,0.261746276204211,0.106559526476424,0.298391983264404,0.333302214054961
24513,0.558830442679939,0.0911817699442207,0.141691220521173,0.208296566854667
24514,0.303284607375057,0.395461113447377,0.0816975692417538,0.219556709935812
24515,0.167777222365319,0.2357923589635,0.28370287642067,0.312727542250512
24516,0.417061048437138,0.112301522663827,0.1322497933981,0.338387635500935
24517,0.446602824386954,0.276592023982534,0.16368590078988,0.113119250840631
24518,0.0580657387891291,0.117817370736303,0.129522896490198,0.69459399398437
24519,0.0689299446948838,0.142302982139845,0.681480095761186,0.107286977404085
24520,0.0280699094534161,0.335309338467779,0.265277032895041,0.371343719183764
24521,0.0891221902869373,0.349757952699258,0.0656933868421804,0.495426470171624
24522,0.0339510457132169,0.084754686591651,0.708500882108547,0.172793385586585
24523,0.0624635239742886,0.280908392242714,0.397846054849319,0.258782028933678
24524,0.124390895114505,0.129166869946786,0.479296645218231,0.267145589720477
24525,0.105792408828236,0.154632705531617,0.066685402024029,0.672889483616118
24526,0.574856135884979,0.103291402756964,0.204314082252532,0.117538379105525
24527,0.138445385882136,0.0464490644292653,0.453023909387151,0.362081640301449
24528,0.732182773272871,0.141299661744143,0.0378214055275381,0.0886961594554477
24529,0.0971787109222006,0.0612858366896952,0.294180982486201,0.547354469901903
24530,0.352776024292875,0.223667070911379,0.231138824287013,0.192418080508733
24531,0.128103674195208,0.50534826216955,0.226914694155602,0.139633369479641
24532,0.169804001434044,0.30676882808338,0.382770409889765,0.140656760592811
24533,0.25051462196223,0.286413812342014,0.107689006304404,0.355382559391352
24534,0.0971966989348856,0.549111905304604,0.113475047076152,0.240216348684358
24535,0.658670215085551,0.0744470742135126,0.0916328668262467,0.17524984387469
24536,0.146671864966678,0.263453335515559,0.325624365048758,0.264250434469005
24537,0.341767262574983,0.178706393879315,0.0830557210846958,0.396470622461007
24538,0.197007523433663,0.579277525924552,0.0625910016266921,0.161123949015093
24539,0.357650126084545,0.178760748949255,0.158790867751692,0.304798257214508
24540,0.463341859725522,0.0876750250688947,0.268807539247971,0.180175575957612
24541,0.46508961540645,0.132136445455891,0.207116708014087,0.195657231123573
24542,0.143111288373111,0.499344911735275,0.0979830074584224,0.259560792433192
24543,0.0369195314985681,0.138928764876451,0.739182667348493,0.0849690362764888
24544,0.112541880434152,0.515128069306007,0.231022189191281,0.14130786106856
24545,0.30403783301385,0.106181296328765,0.439716316832255,0.15006455382513
24546,0.0749220713639928,0.595307579668362,0.140286956908893,0.189483392058752
24547,0.238752592667138,0.434639783505549,0.0787119598588516,0.247895663968461
24548,0.0669046477480802,0.344624210081153,0.364720802698638,0.22375033947213
24549,0.570560237735093,0.200448142305677,0.120026246473327,0.108965373485903
24550,0.164289359105523,0.465778469630267,0.266262531782316,0.103669639481895
24551,0.0653612646814205,0.448795257392927,0.180630284522062,0.305213193403591
24552,0.105638026672467,0.473178134219456,0.135021464745018,0.286162374363059
24553,0.41305644990939,0.173465927779521,0.177692135075261,0.235785487235828
24554,0.303355085173393,0.131382523426836,0.322938633370415,0.242323758029356
24555,0.172930900753285,0.595224233013762,0.106789451614781,0.125055414618171
24556,0.493665151870446,0.253786650571966,0.0659366900260971,0.186611507531491
24557,0.148029014767495,0.311868657417236,0.31615412207693,0.223948205738339
24558,0.138594019032131,0.54629660231356,0.0766184043546082,0.238490974299701
24559,0.0665668657008836,0.711191823946522,0.126556413755206,0.0956848965973886
24560,0.109959295406897,0.379276668005218,0.149376521502475,0.36138751508541
24561,0.220617719171576,0.199485292229981,0.135961989859878,0.443934998738565
24562,0.420245487447988,0.262789356679556,0.180118769283797,0.136846386588659
24563,0.0421137204880866,0.481852306873288,0.12299730035865,0.353036672279976
24564,0.0744683751605912,0.445842780550555,0.120337837440386,0.359351006848468
24565,0.0921296355275562,0.333783372224227,0.241865873432388,0.332221118815828
24566,0.143560856071316,0.660817189866371,0.0790284889966452,0.116593465065668
24567,0.146279064138475,0.335871415723388,0.384755481178595,0.133094038959542
24568,0.389317309039882,0.304309854856705,0.0938933382385124,0.2124794978649
24569,0.209836054070203,0.122201922324281,0.280900573965521,0.387061449639995
24570,0.0760316377266119,0.4518223580746,0.143241496884651,0.328904507314137
24571,0.0722175355828382,0.267500004821376,0.292986610156049,0.367295849439737
24572,0.165824557941239,0.149171531329764,0.307925558735493,0.377078351993503
24573,0.136220182356886,0.152154449059775,0.491897100119389,0.219728268463949
24574,0.0761282682156854,0.248862560946349,0.466543533900204,0.208465636937762
24575,0.159426243625505,0.0779418232516293,0.145379350313908,0.617252582808958
24576,0.0497389664363382,0.17410057590158,0.578254603329112,0.19790585433297
24577,0.0883432143196011,0.209324682688635,0.26223014662145,0.440101956370314
24578,0.229933850399863,0.121062321661523,0.263548579411308,0.385455248527306
24579,0.416286362820593,0.347981272821645,0.0829438580878543,0.152788506269908
24580,0.13016632084026,0.0814009966782875,0.420502667645974,0.367930014835479
24581,0.174373585624666,0.0428076457260082,0.631080345926511,0.151738422722815
24582,0.0780926003116206,0.101062373112183,0.641518247371341,0.179326779204855
24583,0.0249503704885152,0.154354525319534,0.489371656171992,0.331323448019959
24584,0.036770284059148,0.0490567500854216,0.769419086701937,0.144753879153493
24585,0.11840765170979,0.204144522823243,0.0329577192730661,0.644490106193901
24586,0.0782885459790531,0.102831100689228,0.346135898227783,0.472744455103937
24587,0.38800261849893,0.236897396503527,0.175809180990507,0.199290804007035
24588,0.279835761992313,0.301605839322714,0.195721067746308,0.222837330938666
24589,0.122662174744526,0.462957889950545,0.215334165933327,0.199045769371603
24590,0.446020592870493,0.286014227696015,0.144764689579809,0.123200489853682
24591,0.323942404485407,0.228299000246469,0.246121475358118,0.201637119910006
24592,0.36981678920749,0.309549824399642,0.0925907491707937,0.228042637222074
24593,0.402985622787084,0.218826453854065,0.180704387620868,0.197483535737984
24594,0.143607221902159,0.291813140220349,0.183732477843347,0.380847160034145
24595,0.241063442889117,0.345748390630776,0.316143446446421,0.097044720033686
24596,0.38872217154132,0.250744397931442,0.0687349254969804,0.291798505030258
24597,0.335131646088444,0.361741373826419,0.150968007929487,0.152158972155651
24598,0.410158251439777,0.121947429913781,0.0849355861942705,0.382958732452171
24599,0.298335542683195,0.309368301385619,0.173688852209296,0.218607303721891
24600,0.231886638783533,0.390228138166787,0.160115483772109,0.217769739277572
24601,0.134261364744773,0.13519320682761,0.564531577296946,0.166013851130671
24602,0.196825815986475,0.490117307599024,0.118439235127886,0.194617641286616
24603,0.105220122444509,0.171397782190942,0.380592372921892,0.342789722442657
24604,0.244643665363887,0.1902988699648,0.4290402141698,0.136017250501514
24605,0.405248117963691,0.120125018064879,0.185409012789366,0.289217851182064
24606,0.106803645534,0.457666600992999,0.29496518282056,0.140564570652442
24607,0.459141386708446,0.202616219675515,0.229014641428685,0.109227752187355
24608,0.190869383949647,0.388157097944058,0.137528976983687,0.283444541122608
24609,0.564003594318245,0.160223689805664,0.118102724396589,0.157669991479501
24610,0.0866346343842561,0.214211393898913,0.15596239999303,0.543191571723801
24611,0.183747170121026,0.223851406875989,0.188651973490644,0.403749449512341
24612,0.0689350868792256,0.654691253972487,0.136483192284845,0.139890466863442
24613,0.121097983313397,0.182816535795877,0.555479515633396,0.14060596525733
24614,0.123640745074038,0.125949432256376,0.611970592431444,0.138439230238143
24615,0.457692982104134,0.20207986227683,0.0713727354378668,0.268854420181169
24616,0.226063677560339,0.15811116313759,0.364780687526014,0.251044471776057
24617,0.301662293725528,0.143710577056666,0.391473248317942,0.163153880899864
24618,0.268539376679718,0.0875532654676189,0.540318581460469,0.103588776392194
24619,0.122159751029666,0.330678583942814,0.408890923248503,0.138270741779017
24620,0.179209814025522,0.200853692012066,0.135201049497714,0.484735444464698
24621,0.158775460824891,0.123237894194649,0.318768139616252,0.399218505364208
24622,0.0815335439593604,0.313875795222705,0.235085068568068,0.369505592249866
24623,0.22206357678395,0.13843294582368,0.312811025601189,0.326692451791181
24624,0.206705030149041,0.231374355337073,0.386884479648325,0.17503613486556
24625,0.414147875379043,0.101338966553281,0.279097187353419,0.205415970714257
24626,0.412272647740551,0.158171846973042,0.180717145419093,0.248838359867314
24627,0.18840045198077,0.169857497490963,0.114776690178191,0.526965360350076
24628,0.678724809745755,0.0959648742426787,0.0560803191608537,0.169229996850712
24629,0.0863437306772014,0.577154677937173,0.129144107254496,0.20735748413113
24630,0.155344537746849,0.173777799579817,0.164306055142964,0.50657160753037
24631,0.261492162305093,0.193728025597101,0.14265166336905,0.402128148728756
24632,0.174083842064192,0.251750522484459,0.250576387885713,0.323589247565635
24633,0.227490562190867,0.059237772281334,0.490211308806259,0.22306035672154
24634,0.219986322349265,0.0405239887689121,0.541964034322546,0.197525654559277
24635,0.397491498275335,0.127534254691704,0.145688135936534,0.329286111096427
24636,0.231783173866851,0.409113535642899,0.137928718041672,0.221174572448578
24637,0.188483115193757,0.125590105381073,0.520033213114593,0.165893566310577
24638,0.128184704295633,0.476063767892515,0.0977411621576569,0.298010365654195
24639,0.379515254815268,0.256965747698079,0.114497930389981,0.249021067096672
24640,0.638690588846972,0.118793253219552,0.107091105878353,0.135425052055123
24641,0.111699988364267,0.68519667673241,0.0410628604609168,0.162040474442407
24642,0.216607457057905,0.120695030092021,0.416757176292237,0.245940336557838
24643,0.0858111532542314,0.0716184920134077,0.419640829774802,0.422929524957559
24644,0.0739453079299114,0.443829203350656,0.200130244568205,0.282095244151227
24645,0.159353144829763,0.599365331105569,0.0331777566652692,0.208103767399399
24646,0.223773260671264,0.254454371744305,0.233094093024314,0.288678274560117
24647,0.392761544751379,0.370501537854028,0.146516837113007,0.0902200802815865
24648,0.153334905999761,0.0666995645114735,0.442909928504287,0.337055600984478
24649,0.0967571026266178,0.148283139783752,0.524367687512488,0.230592070077142
24650,0.0351254273493886,0.831174110018268,0.0237110686406968,0.109989393991646
24651,0.548130241982725,0.0626258091809134,0.0387087854983829,0.350535163337979
24652,0.357488640161018,0.0468904870626382,0.463205220362478,0.132415652413866
24653,0.481488337341277,0.178847708791301,0.106581856965843,0.233082096901579
24654,0.0608218181586108,0.459903998608958,0.0514995830307026,0.427774600201729
24655,0.0702942506738834,0.206979629389225,0.389045175916885,0.333680944020007
24656,0.245447960982434,0.310661832070652,0.334061809539529,0.109828397407385
24657,0.22537936370886,0.191472611739065,0.0657261328745417,0.517421891677533
24658,0.0752858343195589,0.421160186680795,0.336352861263691,0.167201117735955
24659,0.0321818278333082,0.127736896205013,0.454570835750344,0.385510440211335
24660,0.152291618113328,0.384993592452921,0.202009348524691,0.26070544090906
24661,0.190177292155039,0.459478523433942,0.0718019356857158,0.278542248725303
24662,0.0393454860916058,0.144048945626061,0.590774645656326,0.225830922626007
24663,0.108008893988241,0.239216551755327,0.524741578560377,0.128032975696055
24664,0.128222831061202,0.265516110826669,0.394947457689676,0.211313600422454
24665,0.377188934612861,0.130805857335293,0.326949416936445,0.1650557911154
24666,0.121255575220508,0.548180875898431,0.101751066853247,0.228812482027815
24667,0.0827501121516322,0.497422539387797,0.236741682069852,0.183085666390719
24668,0.149229993111593,0.0692105739368012,0.700823210968908,0.0807362219826978
24669,0.129726544491481,0.200292315138227,0.350882946207706,0.319098194162585
24670,0.570515472629294,0.0776310754493724,0.211799648414885,0.140053803506448
24671,0.0773261819282479,0.277761853817577,0.563668896471619,0.0812430677825564
24672,0.0939598710501527,0.517145571616099,0.303195335896075,0.0856992214376731
24673,0.109566445336335,0.0630191491100668,0.712746108868904,0.114668296684694
24674,0.113976156048781,0.63498940098787,0.0835772089138483,0.167457234049501
24675,0.129550183493476,0.103668985823289,0.637247058190374,0.129533772492861
24676,0.189001331967454,0.562122368949605,0.12356624635507,0.125310052727871
24677,0.0589000639308693,0.184187992155702,0.354530503176921,0.402381440736508
24678,0.263061753578846,0.209775256444521,0.198247938525197,0.328915051451437
24679,0.245788849752218,0.378659445892501,0.139647621637095,0.235904082718187
24680,0.0873968606856772,0.395688170423703,0.195286518078472,0.321628450812148
24681,0.314800180851585,0.235451948771542,0.0917186740034964,0.358029196373376
24682,0.431474564795867,0.462761865447643,0.035175504545441,0.0705880652110496
24683,0.124342715953267,0.252226325879279,0.441568893337047,0.181862064830407
24684,0.101190319923918,0.184899447261132,0.50369501811286,0.210215214702091
24685,0.602800342359327,0.107921412581382,0.119486058339659,0.169792186719632
24686,0.526083038968615,0.115427590217382,0.0875692531286388,0.270920117685364
24687,0.21292006751955,0.300091808400501,0.204412907667682,0.282575216412267
24688,0.142063565868706,0.389516781376703,0.146915655615413,0.321503997139179
24689,0.215459772426067,0.220681262835634,0.466094322021015,0.0977646427172847
24690,0.684034074332233,0.0873831868274103,0.108841896370943,0.119740842469414
24691,0.356453399823899,0.393523142539418,0.0714703230129071,0.178553134623776
24692,0.691844808524931,0.171486008014111,0.0298908337935943,0.106778349667363
24693,0.170766913476388,0.151033175788312,0.482466469875461,0.195733440859839
24694,0.148370193121211,0.288637523792598,0.380440033117257,0.182552249968934
24695,0.14151916836219,0.742832058234317,0.0414890157073488,0.0741597576961444
24696,0.181977183783218,0.332275811512408,0.113834316940146,0.371912687764229
24697,0.131006907059846,0.167384015838063,0.324480296110287,0.377128780991804
24698,0.243585230417658,0.539142001004984,0.136063577583095,0.0812091909942625
24699,0.214014821367553,0.0800906590990938,0.61442189410109,0.0914726254322632
24700,0.110474517502392,0.449970646743843,0.135217418170388,0.304337417583377
24701,0.13717494115585,0.151642275224601,0.588711344827089,0.12247143879246
24702,0.159075769557163,0.586920473421711,0.1564580335146,0.0975457235065264
24703,0.250532441568137,0.343946365640425,0.276393492113506,0.129127700677932
24704,0.0886581207708095,0.495956100168423,0.303999112951299,0.111386666109469
24705,0.404956677255379,0.339795938381016,0.140382268971206,0.114865115392399
24706,0.221061016275916,0.367508737392249,0.295343209767129,0.116087036564707
24707,0.269028469742632,0.198136688161536,0.262850926409154,0.269983915686677
24708,0.55070969944259,0.120501929912027,0.197842798770466,0.130945571874918
24709,0.121267773940022,0.24228150664496,0.495294603419089,0.141156115995929
24710,0.306402062693782,0.264315579572237,0.282907364600909,0.146374993133072
24711,0.360800505087433,0.233612931832118,0.253626029397653,0.151960533682795
24712,0.331048981215197,0.374452878229651,0.159313849653952,0.1351842909012
24713,0.144167507876628,0.498752887906072,0.162710844722574,0.194368759494726
24714,0.277483280701507,0.319845198601857,0.203435928491965,0.199235592204672
24715,0.164947336735748,0.439297132949074,0.154506471169552,0.241249059145626
24716,0.420649637673727,0.294370733122785,0.136507932024299,0.148471697179188
24717,0.199349813209355,0.509756523375341,0.189319420234908,0.101574243180397
24718,0.218503844773717,0.522597077877198,0.138884092232296,0.120014985116789
24719,0.219944487576641,0.229122408807372,0.253536739843798,0.297396363772189
24720,0.218686409997508,0.443817011085266,0.157653364479977,0.179843214437248
24721,0.312096364011693,0.359623344411343,0.147187386706076,0.181092904870889
24722,0.113824259499787,0.593337512183901,0.163188347988137,0.129649880328174
24723,0.437314950574388,0.20304079229607,0.224898560511339,0.134745696618203
24724,0.275704154404018,0.295242064144874,0.272433415639422,0.156620365811686
24725,0.467713830780419,0.274455849337386,0.078081366672089,0.179748953210106
24726,0.2760609520959,0.336579927564887,0.225993679128252,0.161365441210961
24727,0.0913139591042651,0.134858723985075,0.377138622528387,0.396688694382273
24728,0.410664853853945,0.27632879137373,0.145681020015535,0.167325334756791
24729,0.299125578043369,0.164347636979182,0.332477616033704,0.204049168943745
24730,0.160774987047905,0.193252798369949,0.307484867675544,0.338487346906602
24731,0.118447302296119,0.549770228999982,0.181749758707519,0.150032709996381
24732,0.3072768827908,0.181419857118515,0.312048387041786,0.1992548730489
24733,0.0939650974445595,0.235594761562069,0.18219749225544,0.488242648737932
24734,0.193957950413277,0.322144456087547,0.0959627221111382,0.387934871388038
24735,0.099592064183477,0.151408252360163,0.418141402341577,0.330858281114783
24736,0.0995111239667764,0.601578985684902,0.138835701345495,0.160074189002827
24737,0.427617321313935,0.147425739912128,0.225630411203021,0.199326527570916
24738,0.0745080794638863,0.570589918672297,0.131599531633898,0.223302470229918
24739,0.415137501611187,0.0550368610094393,0.287220920229417,0.242604717149957
24740,0.241834411578419,0.42308766941192,0.134954432581761,0.200123486427899
24741,0.0978247014938395,0.289885941751242,0.534858152238794,0.0774312045161246
24742,0.327386768294143,0.375585078666082,0.0827988575369377,0.214229295502838
24743,0.188893620225092,0.485690279430765,0.0986657032596429,0.2267503970845
24744,0.444037297048407,0.0546397084203591,0.332346832562679,0.168976161968555
24745,0.231886725992334,0.160340798466899,0.229788289785661,0.377984185755105
24746,0.171848632498195,0.318518661026372,0.0456453289066898,0.463987377568743
24747,0.0457545240049006,0.455092717826948,0.236497515921826,0.262655242246325
24748,0.0318051776206124,0.0534387182896532,0.663472551618419,0.251283552471316
24749,0.140565620365693,0.34551355503768,0.280538364639402,0.233382459957225
24750,0.294090277305103,0.150207779696125,0.347062866728184,0.208639076270589
24751,0.570313382738294,0.0937784772926799,0.0681129397171151,0.267795200251911
24752,0.136819440177797,0.531981856413945,0.0749776367499686,0.25622106665829
24753,0.170395428999104,0.0413400417320844,0.612772280314821,0.175492248953991
24754,0.25720525842122,0.293620082103279,0.179768412367981,0.269406247107519
24755,0.0725386356849604,0.302263487913293,0.393924834232767,0.23127304216898
24756,0.143298174917521,0.315756045749965,0.292922678121404,0.24802310121111
24757,0.167289524933681,0.102411144322853,0.147172848412292,0.583126482331174
24758,0.16030769663941,0.0853208633599702,0.439186489179078,0.315184950821542
24759,0.139180371592478,0.244677465650279,0.268520011649511,0.347622151107732
24760,0.303530277648056,0.323920975412423,0.115591410991678,0.256957335947844
24761,0.241214773383477,0.127889061546605,0.364480175327521,0.266415989742397
24762,0.133161144423643,0.366604603834891,0.0908851911625691,0.409349060578897
24763,0.0986486979648842,0.671946320023876,0.0622129980384115,0.167191983972828
24764,0.570037704534282,0.0688928448870049,0.0545316359023041,0.306537814676409
24765,0.25169595892624,0.230667317724843,0.325875833697734,0.191760889651183
24766,0.0450707956348401,0.406356301316312,0.265040964788393,0.283531938260455
24767,0.157779216465631,0.110025550502536,0.0766863266195281,0.655508906412305
24768,0.134059182742828,0.434521424570612,0.161070233946082,0.270349158740478
24769,0.181953338608094,0.12397388924333,0.592347487013004,0.101725285135572
24770,0.0994806136577858,0.167483354249653,0.0615972176596827,0.671438814432879
24771,0.0993218811513557,0.0523523170658064,0.445749377158473,0.402576424624365
24772,0.17334769084811,0.291001982070961,0.0824154555477496,0.45323487153318
24773,0.0780483088609176,0.394671320327233,0.418176488462594,0.109103882349256
24774,0.340661961257465,0.155996075512738,0.122892967224577,0.38044899600522
24775,0.118448775817695,0.572770518384919,0.0594086419407485,0.249372063856638
24776,0.601290565880497,0.0495023255713902,0.187207689573276,0.161999418974837
24777,0.309626171529339,0.336878906629808,0.168329347235951,0.185165574604902
24778,0.383758306559219,0.271865176528532,0.110109888378468,0.234266628533781
24779,0.0505497553075624,0.379495070974948,0.229415144542481,0.340540029175008
24780,0.593470236861248,0.0981745803207061,0.205644539439434,0.102710643378612
24781,0.045635291324832,0.0875467632825419,0.770385150011169,0.0964327953814571
24782,0.586547149079997,0.0499840903952448,0.0513647437166178,0.31210401680814
24783,0.0308636276278387,0.215484865785679,0.458531087643181,0.295120418943301
24784,0.284529478741163,0.0605490138485478,0.168326464566243,0.486595042844046
24785,0.0428049664733389,0.220184258870925,0.134457788695302,0.602552985960434
24786,0.102088607212988,0.152383541774461,0.470602615300084,0.274925235712468
24787,0.265218743600791,0.193584110771417,0.197549406301085,0.343647739326707
24788,0.0919272372819388,0.172989744196509,0.412735040101747,0.322347978419805
24789,0.424843934394445,0.209874865634686,0.0685537257040688,0.2967274742668
24790,0.0965895743145849,0.130281120449063,0.394315457876079,0.378813847360273
24791,0.198376408305573,0.0852808384439856,0.378288023780046,0.338054729470396
24792,0.237917361588073,0.101622581348185,0.214508803736401,0.445951253327341
24793,0.117087005712492,0.0471519639873031,0.506879585323611,0.328881444976594
24794,0.058754277257718,0.704038162558604,0.068513967332546,0.168693592851132
24795,0.258023788368697,0.117119747146181,0.0611162745132717,0.56374018997185
24796,0.50114738964169,0.301713224427897,0.114509524236715,0.0826298616936981
24797,0.0843279192241233,0.694834989965075,0.104116571660179,0.116720519150622
24798,0.0312068430542846,0.0539722479530438,0.640146514864151,0.274674394128521
24799,0.307221137829431,0.0830488985802643,0.218661683167902,0.391068280422402
24800,0.0362460805558823,0.149013186419539,0.552503017853514,0.262237715171065
24801,0.586127866983316,0.169785535558225,0.105957554367195,0.138129043091263
24802,0.218998876295335,0.27357316802963,0.129441632389996,0.37798632328504
24803,0.0474357366117955,0.080121252281747,0.706180675350053,0.166262335756405
24804,0.636710147255234,0.0674600460415785,0.106301646853295,0.189528159849893
24805,0.169822222799522,0.23789927893106,0.0450576241233809,0.547220874146038
24806,0.195249967189474,0.388195973570326,0.0452133333105248,0.371340725929676
24807,0.538755214192763,0.353455349626752,0.0276235949193676,0.0801658412611173
24808,0.391513590356168,0.0997353099829606,0.207184729766507,0.301566369894364
24809,0.725196351232923,0.0269227668354483,0.0445199611486377,0.203360920782991
24810,0.115122518842235,0.328323090321297,0.136019274712256,0.420535116124212
24811,0.136611397995264,0.0318854048645487,0.708859559838034,0.122643637302153
24812,0.0447030511621427,0.0520767779530088,0.782367454447065,0.120852716437784
24813,0.231090524342268,0.0493582947462094,0.401645748705703,0.31790543220582
24814,0.202253022211366,0.406842632353027,0.0276687667337036,0.363235578701904
24815,0.540977909676907,0.142120238093191,0.181540319743986,0.135361532485916
24816,0.223429789873329,0.161284696385468,0.413825020864961,0.201460492876243
24817,0.223657245257411,0.318975572582834,0.141772785270693,0.315594396889062
24818,0.363373373207958,0.256656044399222,0.223471501772402,0.156499080620418
24819,0.150691508505304,0.424100701671791,0.248337978943814,0.176869810879091
24820,0.366278854860941,0.202011256077113,0.0739813209256267,0.35772856813632
24821,0.473101045410992,0.169101012275152,0.0871769483894162,0.27062099392444
24822,0.104518261318206,0.553726365304543,0.12065105171401,0.221104321663241
24823,0.142398276850604,0.303581148940657,0.367363223604351,0.186657350604388
24824,0.174633830278907,0.0910886359331904,0.251368782177799,0.482908751610103
24825,0.460300705187384,0.216749797400808,0.0699190858967309,0.253030411515078
24826,0.107509216979139,0.104963101462336,0.608768980012298,0.178758701546226
24827,0.192755279537946,0.576488585810824,0.069265540473931,0.161490594177299
24828,0.119563457914226,0.716840711091308,0.0707557814249925,0.0928400495694741
24829,0.1977465053682,0.168621670397201,0.128624204357103,0.505007619877497
24830,0.128959743011649,0.515045276254544,0.189580351517336,0.166414629216471
24831,0.0849254914545829,0.480145889769147,0.17950315907528,0.25542545970099
24832,0.144219262664534,0.228291956007299,0.254867719627739,0.372621061700428
24833,0.231631096365179,0.256586066172698,0.343270682381898,0.168512155080225
24834,0.175332162829121,0.0767854862886832,0.256441724647943,0.491440626234253
24835,0.196703830098561,0.312115881036492,0.156981017097636,0.334199271767312
24836,0.0828967440106462,0.226627990325431,0.27557094917538,0.414904316488543
24837,0.639975985911939,0.0272651060397133,0.0818351218130147,0.250923786235333
24838,0.0801450300873293,0.331530610151232,0.124847947021021,0.463476412740418
24839,0.565456165170357,0.167140224923313,0.124255844396849,0.143147765509481
24840,0.47198276726579,0.183561489439013,0.211331086632444,0.133124656662753
24841,0.0432563464235817,0.74322683866972,0.120887619185811,0.0926291957208876
24842,0.13693505397802,0.251452892797472,0.105630008332208,0.5059820448923
24843,0.219965354384578,0.0615622849474556,0.414923414603156,0.303548946064811
24844,0.665471474622208,0.0755114810896209,0.17393674181769,0.0850803024704807
24845,0.583554381943125,0.0472177891969161,0.0338438991219386,0.33538392973802
24846,0.18328407813904,0.646347930965189,0.0330060875418527,0.137361903353918
24847,0.1123621490847,0.0968937436282254,0.497981045852276,0.292763061434799
24848,0.0903365940351025,0.153497415010036,0.149208025660644,0.606957965294217
24849,0.376666642844778,0.0980083876501228,0.0826523386732958,0.442672630831804
24850,0.12815080187192,0.550454037876935,0.0530578631623613,0.268337297088784
24851,0.221888529866975,0.0791540104969147,0.23549350262541,0.4634639570107
24852,0.527801702493967,0.0545888546667491,0.0375640406963847,0.3800454021429
24853,0.397052493822028,0.0798994901243457,0.277864009644435,0.245184006409191
24854,0.345029460107757,0.0743897980730764,0.31897496511066,0.261605776708507
24855,0.165896144947951,0.142655126457473,0.377333452441789,0.314115276152787
24856,0.176008269076463,0.487534684571608,0.0777787316081592,0.25867831474377
24857,0.148499196613052,0.128545167024504,0.555738165205423,0.16721747115702
24858,0.072949652538685,0.472646593360489,0.248190668122993,0.206213085977832
24859,0.170488472290837,0.296033708776173,0.0729256769196723,0.460552142013318
24860,0.122772926521729,0.0674391358875596,0.730706312607077,0.0790816249836346
24861,0.430078378118096,0.115355311125929,0.0852860539733598,0.369280256782616
24862,0.0995474169963749,0.525553144253329,0.109695840989612,0.265203597760684
24863,0.302978877122767,0.077154156398376,0.220048973899324,0.399817992579533
24864,0.141556134850131,0.0896321416287302,0.4524444731342,0.316367250386939
24865,0.170639488459481,0.0464919048325888,0.475691130141347,0.307177476566584
24866,0.738337120036489,0.0833965489516331,0.0815012991778532,0.0967650318340252
24867,0.493629582931945,0.0904742927148401,0.127310572050223,0.288585552302992
24868,0.489477436903001,0.0898618872662982,0.108506771921283,0.312153903909418
24869,0.261114568596176,0.0524186485451884,0.192591549726678,0.493875233131957
24870,0.622910476200547,0.0605237064834233,0.0990626912559628,0.217503126060067
24871,0.129830808528758,0.0455463342264426,0.406048673586979,0.41857418365782
24872,0.272361823934843,0.223782496298987,0.312249322058738,0.191606357707432
24873,0.54543898840739,0.269428801588028,0.0802068748796584,0.104925335124924
24874,0.1137267572583,0.453470217007516,0.299952662092209,0.132850363641975
24875,0.276262616187518,0.412235477306776,0.169317318766799,0.142184587738907
24876,0.0951810554896286,0.486363626226419,0.297460752648954,0.120994565634998
24877,0.237024967647646,0.221058105889859,0.417478744957008,0.124438181505488
24878,0.17941690010766,0.163668034252653,0.465333860766953,0.191581204872734
24879,0.510951433447723,0.164201193977469,0.149542924118736,0.175304448456072
24880,0.30768473110095,0.327894893864301,0.243991331318016,0.120429043716734
24881,0.438895432081037,0.165799391444113,0.179427896974975,0.215877279499875
24882,0.684283468775336,0.137008134043717,0.0951919236103273,0.0835164735706204
24883,0.130010546516382,0.228113688246949,0.526491933717172,0.115383831519497
24884,0.408072899468672,0.216286214554323,0.272374876217447,0.103266009759557
24885,0.280769981807741,0.396744505791957,0.200184398887621,0.122301113512681
24886,0.0880621557080454,0.138740717611101,0.629090801227347,0.144106325453506
24887,0.259668743278611,0.575429959984987,0.0907751542392768,0.0741261424971258
24888,0.222940663428502,0.390351021039252,0.226162243470137,0.160546072062108
24889,0.155902634139977,0.276553194049738,0.460308628553113,0.107235543257172
24890,0.19970037742205,0.171468460274625,0.223340239498894,0.405490922804431
24891,0.348395000444009,0.174323244932387,0.0829467354203427,0.394335019203261
24892,0.349386624096491,0.0840090670131803,0.201251881928781,0.365352426961548
24893,0.350690768962145,0.202555861449157,0.134538729932623,0.312214639656075
24894,0.105002893938499,0.492361554833116,0.134200428515216,0.268435122713169
24895,0.0407358385629159,0.0578675383425204,0.397438996443505,0.503957626651059
24896,0.0411859652809971,0.257449159275488,0.220842194615741,0.480522680827774
24897,0.16827748499046,0.0539009012408871,0.661286134718261,0.116535479050392
24898,0.280018241806654,0.107618138066719,0.295717459890658,0.316646160235969
24899,0.0261148084550912,0.244544535887235,0.556752822838599,0.172587832819076
24900,0.0775475959790308,0.132694843892278,0.307288260002623,0.482469300126068
24901,0.278699900821626,0.0476449335321,0.329318535712403,0.344336629933871
24902,0.423444614583465,0.0632223220435706,0.151297984586776,0.362035078786188
24903,0.292256277058399,0.0804171266311728,0.126462610274298,0.500863986036131
24904,0.0510672819434953,0.329129491429202,0.0314241089399907,0.588379117687312
24905,0.0630868442913048,0.052383161865267,0.753988630520908,0.13054136332252
24906,0.217307817442263,0.0414347833792036,0.394632539705372,0.346624859473161
24907,0.234070340782016,0.0573259010576834,0.0373505003981931,0.671253257762108
24908,0.0405959386458094,0.294976180667744,0.491843065205768,0.172584815480679
24909,0.066021174694713,0.506516651654149,0.120576941339035,0.306885232312103
24910,0.166697129647495,0.323222711492155,0.337904332141232,0.172175826719118
24911,0.163928266525025,0.646999464504512,0.0613959044225804,0.127676364547883
24912,0.0736220361761649,0.278586758546831,0.353387457695163,0.294403747581841
24913,0.0736804694688129,0.67325358920296,0.0731970090181481,0.179868932310079
24914,0.376646495425257,0.145353549789906,0.263435939472784,0.214564015312053
24915,0.0626659147231327,0.40465480449632,0.308505661983351,0.224173618797197
24916,0.532876513939994,0.162550484344139,0.107469439619178,0.197103562096689
24917,0.150643298904506,0.0890301680433321,0.425361255727361,0.334965277324802
24918,0.168244549206643,0.0901162943552615,0.281924351562568,0.459714804875527
24919,0.0881292276050889,0.401406109025329,0.347514884028651,0.16294977934093
24920,0.0407579354809698,0.402231708563884,0.480019093934673,0.0769912620204725
24921,0.680119884662731,0.150796815946542,0.0668878546744452,0.102195444716282
24922,0.498246170216823,0.151265867699956,0.0813892162200652,0.269098745863157
24923,0.190519762322251,0.167832066088326,0.528891824447829,0.112756347141595
24924,0.179996024757789,0.228138163267686,0.360575677439233,0.231290134535293
24925,0.191515730451254,0.676108278496927,0.0570260339101266,0.0753499571416925
24926,0.221277963899544,0.0897782500423436,0.545507733371243,0.14343605268687
24927,0.192122216293646,0.398807641310843,0.113848381918231,0.29522176047728
24928,0.0982324687775698,0.296490930941756,0.311902885958297,0.293373714322378
24929,0.290329401272761,0.350706657093443,0.205010901451886,0.153953040181911
24930,0.337754498443785,0.386168348545477,0.162691597566123,0.113385555444616
24931,0.278574326071538,0.199785336903451,0.328246171639442,0.193394165385569
24932,0.116359749500385,0.318299777289256,0.409815066315333,0.155525406895026
24933,0.336366238399328,0.439227626810093,0.0899639114667045,0.134442223323875
24934,0.396435789383527,0.243724342231762,0.127797769459093,0.232042098925619
24935,0.161930069700107,0.440712656077921,0.229022000268556,0.168335273953417
24936,0.340220505597228,0.200195869806884,0.30399960536499,0.155584019230898
24937,0.105871462203277,0.600014888225723,0.232077409966755,0.0620362396042449
24938,0.477494316099133,0.16268203203148,0.255792924484941,0.104030727384447
24939,0.161305096577881,0.230742529144583,0.497152868792604,0.110799505484932
24940,0.404180981633638,0.320948695944123,0.11948295370139,0.155387368720849
24941,0.251071654585847,0.386115497066198,0.185305246250516,0.177507602097439
24942,0.516540165533595,0.180885890034259,0.194179181913808,0.108394762518338
24943,0.314139433990547,0.198140485599379,0.204761803981729,0.282958276428345
24944,0.52516756312006,0.261953674154418,0.119229475295235,0.0936492874302869
24945,0.134595335881658,0.136895889279725,0.457454946508947,0.271053828329669
24946,0.108633355391706,0.481632551198995,0.135472184576524,0.274261908832776
24947,0.348666912314825,0.222559990765287,0.219813515539308,0.20895958138058
24948,0.441913055567699,0.238454019068027,0.234658228052084,0.0849746973121899
24949,0.259545846838332,0.418911029751618,0.233404723318466,0.0881384000915838
24950,0.118008361673061,0.433455071447668,0.274030347337537,0.174506219541735
24951,0.175542539129907,0.480493428635503,0.199238584149874,0.144725448084715
24952,0.411129543883395,0.240357655712876,0.21393053875488,0.13458226164885
24953,0.274853445674905,0.230101030974006,0.367084919485422,0.127960603865667
24954,0.181246067030796,0.524874420732638,0.185879954299373,0.107999557937193
24955,0.452863141956815,0.292577128527194,0.120847628239089,0.133712101276902
24956,0.186687803126359,0.388744935199824,0.291817506398662,0.132749755275154
24957,0.203118191126673,0.475587437462588,0.171829590654507,0.149464780756232
24958,0.100241934028235,0.61429088251687,0.207266622397194,0.0782005610577012
24959,0.181759354500573,0.389250837461965,0.213547303595029,0.215442504442433
24960,0.236959047058774,0.270264959578978,0.171504312175994,0.321271681186254
24961,0.33751174146733,0.332413818798412,0.231851880011408,0.0982225597228495
24962,0.0799731638466339,0.49096084114947,0.189174153058173,0.239891841945723
24963,0.134134760277168,0.434249719202567,0.20744273599463,0.224172784525634
24964,0.149870929238609,0.338390904195971,0.273542733614778,0.238195432950643
24965,0.198967468726301,0.577264565257178,0.134838919511634,0.0889290465048872
24966,0.181921143980548,0.372018567994171,0.338560249356336,0.107500038668946
24967,0.41029564749475,0.0578140810479714,0.376957108090217,0.154933163367062
24968,0.173547519554376,0.44762388651133,0.204487902094045,0.174340691840249
24969,0.233323450114691,0.513106342909904,0.0675706590085044,0.1859995479669
24970,0.37740752026723,0.229727874577379,0.14062111390189,0.252243491253501
24971,0.286855794620019,0.481594442370616,0.087436683732983,0.144113079276381
24972,0.0964542721146398,0.448308514437236,0.160918651722603,0.294318561725521
24973,0.117901514798734,0.667699885033904,0.127617107502776,0.0867814926645861
24974,0.218425024184651,0.317040909249501,0.303346178136117,0.161187888429731
24975,0.146608437778375,0.413447238753133,0.235893118074669,0.204051205393824
24976,0.22016644971746,0.0856965907259064,0.578865176216474,0.11527178334016
24977,0.401178356134382,0.237645174545058,0.119819647123677,0.241356822196883
24978,0.229921633402131,0.42551793123754,0.157858924024362,0.186701511335967
24979,0.309219577295572,0.410302915211129,0.145671793116082,0.134805714377217
24980,0.0977336605524736,0.367078152168321,0.354040312932842,0.181147874346364
24981,0.177251260924427,0.121759752956653,0.357025863338924,0.343963122779996
24982,0.176806372541716,0.44000145909531,0.195238416858504,0.187953751504469
24983,0.738002318657741,0.124566967409247,0.0335842080763825,0.10384650585663
24984,0.0791296324052389,0.484182208577843,0.194437127622624,0.242251031394295
24985,0.109769503306771,0.38821012122236,0.303005964370091,0.199014411100778
24986,0.334054191681282,0.151306891453305,0.251966027368813,0.2626728894966
24987,0.0687330922809996,0.49522345627039,0.36560159006697,0.0704418613816412
24988,0.279886862436972,0.176723034071784,0.276872126585542,0.266517976905701
24989,0.216932074238336,0.361738228260465,0.337951802132839,0.0833778953683597
24990,0.100929053533593,0.598817013558797,0.169688444648826,0.130565488258784
24991,0.38511247047357,0.065143756011591,0.409453323288612,0.140290450226227
24992,0.159831998421447,0.279802301230707,0.479578139639162,0.0807875607086845
24993,0.610706660047446,0.122887023294319,0.157279218118022,0.109127098540213
24994,0.525938554606334,0.176056459430468,0.133643570492048,0.164361415471149
24995,0.513238872053,0.191952460374276,0.154039704108581,0.140768963464144
24996,0.211999096502943,0.278737971400904,0.155684111916206,0.353578820179948
24997,0.336933766201249,0.372887436401146,0.121479614423955,0.168699182973651
24998,0.281693511480207,0.102612057121759,0.398235202741401,0.217459228656633
24999,0.213934826721373,0.484239384924502,0.0819992896673046,0.219826498686821
25000,0.169753047557593,0.230066770926725,0.319978039488635,0.280202142027047
25001,0.22788927701975,0.547011865051666,0.102902677245607,0.122196180682977
25002,0.183962227645449,0.115130587356728,0.531424037016293,0.16948314798153
25003,0.210128229782074,0.203308200429009,0.347976848011892,0.238586721777025
25004,0.058492204433902,0.110603751187109,0.637112643473484,0.193791400905505
25005,0.201611751488388,0.393795682700669,0.261427136745567,0.143165429065375
25006,0.451142356861646,0.186575053026648,0.237460254962806,0.1248223351489
25007,0.307654857178601,0.36760295389428,0.0945599809578101,0.23018220796931
25008,0.127894258133419,0.0757918336321869,0.618286392580365,0.17802751565403
25009,0.428878351857757,0.0465296870280396,0.319828422909421,0.204763538204783
25010,0.359489739184467,0.0376588187687976,0.400620580819861,0.202230861226874
25011,0.0947639972839795,0.738111030108289,0.0774402103047848,0.0896847623029464
25012,0.0933892149961797,0.306661394780834,0.203239379331543,0.396710010891443
25013,0.339457781403806,0.0507382779800607,0.31747567208073,0.292328268535404
25014,0.158409320671519,0.151848715657569,0.583881659199831,0.10586030447108
25015,0.317515313301814,0.16735416352295,0.249669931956943,0.265460591218293
25016,0.15583751953566,0.382351012622026,0.0649853631921997,0.396826104650114
25017,0.0537133317967318,0.218945943728603,0.613362475049891,0.113978249424774
25018,0.641184565259931,0.185875258187036,0.0585331089048218,0.114407067648211
25019,0.18167369290024,0.615847544702809,0.0792894059505978,0.123189356446354
25020,0.263610180921958,0.0945476071552476,0.0877162302425437,0.554125981680251
25021,0.227509359389167,0.179297234106866,0.264952411839949,0.328240994664019
25022,0.0983188470753654,0.2685996339874,0.311066033986516,0.322015484950718
25023,0.110345174193773,0.199112149098193,0.569146654313739,0.121396022394294
25024,0.534954046946029,0.106221407505244,0.166597034005966,0.19222751154276
25025,0.378388695393423,0.175613930033202,0.157122921039221,0.288874453534153
25026,0.327268690022542,0.292394245417309,0.220092303373791,0.160244761186357
25027,0.0758192520339831,0.252998298330243,0.352675483617363,0.318506966018411
25028,0.628993982841178,0.119796033775034,0.150732443292495,0.100477540091293
25029,0.138610534229695,0.156381367968809,0.557909370494477,0.147098727307019
25030,0.118667852113658,0.0692715563742962,0.568531823995258,0.243528767516789
25031,0.113434250808547,0.0762762574008973,0.475751665654889,0.334537826135667
25032,0.088603024440833,0.0466209532997523,0.70789890568299,0.156877116576425
25033,0.314949923075165,0.129583342412016,0.326593085095229,0.228873649417591
25034,0.144336711392075,0.458198496168031,0.111373222123937,0.286091570315957
25035,0.227529151599767,0.230879113936511,0.233986517546174,0.307605216917547
25036,0.0746735954609555,0.181419772056512,0.194825770993326,0.549080861489207
25037,0.188817060532762,0.503038277786255,0.0828173184887813,0.225327343192202
25038,0.235833619715963,0.306071117571191,0.13508558048369,0.323009682229155
25039,0.093711530395283,0.316156746013396,0.297195966204265,0.292935757387056
25040,0.226676584855036,0.39031029095904,0.277211730596915,0.105801393589009
25041,0.26064082087379,0.48278021508373,0.0537136930482316,0.202865270994249
25042,0.116136060457675,0.20888036675581,0.406600973209788,0.268382599576728
25043,0.134797774418126,0.490556091365393,0.133733586491202,0.240912547725279
25044,0.371172614649329,0.111335967161464,0.338828739337843,0.178662678851365
25045,0.0982582481657245,0.220542555042025,0.54373145130238,0.137467745489871
25046,0.0851504987468211,0.745519496322365,0.0413666376075797,0.127963367323235
25047,0.282263472174434,0.191520674997045,0.345104577349336,0.181111275479185
25048,0.0761114324078316,0.43853315062628,0.215275608284258,0.270079808681631
25049,0.0832503713192875,0.31461533572375,0.551904910664329,0.0502293822926335
25050,0.23771520957109,0.472056697566513,0.112838452169662,0.177389640692734
25051,0.126623569828607,0.340125409616123,0.413537349092865,0.119713671462405
25052,0.134950611497104,0.498160836439366,0.128843682985503,0.238044869078028
25053,0.183108877833067,0.213109650855529,0.265005726675404,0.338775744636
25054,0.0495299598831484,0.627882231436363,0.183541454089315,0.139046354591174
25055,0.107029522091304,0.605304835401415,0.114180407540854,0.173485234966428
25056,0.220570712776032,0.110551410125606,0.233835945404841,0.435041931693522
25057,0.239360934996189,0.547847295676746,0.0968100679585034,0.115981701368562
25058,0.461143890672091,0.188037529440601,0.151789288694059,0.199029291193249
25059,0.388754239577977,0.0671598273088629,0.260769237173477,0.283316695939683
25060,0.186478447251878,0.312731844885417,0.291782895648955,0.20900681221375
25061,0.104203594384363,0.458881287049701,0.215691384480141,0.221223734085796
25062,0.231922551009382,0.416623263676969,0.0636883448318192,0.28776584048183
25063,0.0513203398525216,0.361162372473381,0.260859391753934,0.326657895920163
25064,0.284709724651237,0.408673903118934,0.0548566892721953,0.251759682957634
25065,0.194224204323681,0.469381199330011,0.106722743307217,0.229671853039091
25066,0.307830529072811,0.0656168507282513,0.187238550017491,0.439314070181447
25067,0.115560882975476,0.0409903835763048,0.280810620944971,0.562638112503249
25068,0.0847973007799638,0.238388580423196,0.327006118903481,0.349807999893359
25069,0.0531252764544428,0.392467854239695,0.339548627733391,0.214858241572472
25070,0.0847937138423987,0.120958171614293,0.113463741645609,0.680784372897699
25071,0.155483089791572,0.547954253216384,0.0637715862881721,0.232791070703872
25072,0.0888594613001247,0.743694961267336,0.0416489049803514,0.125796672452189
25073,0.127505512188186,0.474184134242175,0.0310470719773694,0.36726328159227
25074,0.15340558585602,0.565787042012336,0.100822987532786,0.179984384598858
25075,0.214209764387371,0.0476547179628009,0.397899620534865,0.340235897114963
25076,0.047899211427825,0.0719318199773954,0.272421703203213,0.607747265391566
25077,0.0472275680761667,0.133348174225999,0.504083782506483,0.315340475191351
25078,0.493753636475376,0.0515283904704207,0.213662340745267,0.241055632308936
25079,0.160484364994251,0.0538607176260521,0.414993889506334,0.370661027873363
25080,0.583231462179541,0.073745424965765,0.0629000931417128,0.280123019712981
25081,0.378430136779618,0.125180237991544,0.30291533377826,0.193474291450579
25082,0.108358264221435,0.390753760983745,0.299468152434585,0.201419822360236
25083,0.122992385632583,0.322623006302059,0.236929921990296,0.317454686075062
25084,0.451760070568879,0.141478215949429,0.309510008532944,0.0972517049487484
25085,0.227470958489749,0.456194229058138,0.239289938088162,0.0770448743639517
25086,0.62804152577904,0.105608456337035,0.159623003154693,0.106727014729232
25087,0.122080117307144,0.462499479912222,0.304400580460703,0.11101982231993
25088,0.517490019065281,0.157321982219635,0.228085838333819,0.0971021603812656
25089,0.142890905904914,0.0953664254511499,0.604373998346322,0.157368670297613
25090,0.46602331824411,0.221141694618984,0.198588137987681,0.114246849149225
25091,0.33015012425015,0.132121373905609,0.299303477659744,0.238425024184497
25092,0.204894753503462,0.18734154032999,0.121291003631067,0.486472702535482
25093,0.453302834674857,0.111931217769061,0.198082433580898,0.236683513975183
25094,0.0972900652854048,0.111425703329424,0.69231216909192,0.0989720622932516
25095,0.104200315665294,0.509752289855506,0.283775855546284,0.102271538932916
25096,0.0971606948323124,0.19673529314569,0.161510094568282,0.544593917453716
25097,0.101578579486271,0.151984934709873,0.582504690997265,0.163931794806591
25098,0.31585733379996,0.151573631528654,0.215006148682031,0.317562885989355
25099,0.0755156762626763,0.350633904861828,0.440946879842008,0.132903539033488
25100,0.173362473661028,0.305223252910853,0.421266271994125,0.100148001433994
25101,0.458488185522702,0.155186712799242,0.254248221988462,0.132076879689595
25102,0.24327085666475,0.316023963206289,0.235869047104323,0.204836133024639
25103,0.278613356990831,0.366369836644844,0.227481140831103,0.127535665533222
25104,0.109483554958677,0.357041767804624,0.442384490224821,0.0910901870118771
25105,0.207065078018191,0.312261715448275,0.342948542009085,0.137724664524449
25106,0.266538688380669,0.336915922332616,0.280161505692852,0.116383883593863
25107,0.15072621094772,0.402711914734816,0.235713761748989,0.210848112568476
25108,0.218733992272901,0.440253751404506,0.243495253361796,0.0975170029607966
25109,0.315680154732,0.380788806713426,0.16833599275032,0.135195045804254
25110,0.167574822666196,0.204854230766521,0.238719672565608,0.388851274001675
25111,0.205609598086496,0.230599888465114,0.270302144883966,0.293488368564425
25112,0.171558425682099,0.263122814513434,0.405527371892629,0.159791387911838
25113,0.380814687734809,0.320209662839846,0.187996829340111,0.110978820085233
25114,0.221661120641193,0.25918115209802,0.36379446910041,0.155363258160377
25115,0.182736766715295,0.330144474002418,0.302618207207795,0.184500552074492
25116,0.294131650345417,0.3225264402032,0.234587092651375,0.148754816800007
25117,0.504161845641458,0.307214760554531,0.113656014470578,0.0749673793334331
25118,0.348691854521844,0.246749798235544,0.265689384496044,0.138868962746568
25119,0.107990716116971,0.254291470085242,0.376670943268814,0.261046870528972
25120,0.280448318694595,0.242402776088581,0.0725865229158474,0.404562382300976
25121,0.434914876294547,0.0972070216222786,0.162267227182333,0.305610874900841
25122,0.418371956300729,0.226183059296866,0.173801056601098,0.181643927801307
25123,0.450070524444183,0.0512459186958388,0.386473248740466,0.112210308119512
25124,0.152401691801601,0.138363217103753,0.54385036734894,0.165384723745705
25125,0.760072110297995,0.0962501056126265,0.0511198201449011,0.0925579639444772
25126,0.0534920992856877,0.421573686347762,0.235992914341441,0.288941300025109
25127,0.215548840030673,0.14734332924798,0.162507042266868,0.47460078845448
25128,0.220874616222025,0.0909839155854753,0.132366853045846,0.555774615146654
25129,0.309818234031664,0.226744947275744,0.405097269336008,0.0583395493565847
25130,0.158511886678254,0.182535551845643,0.109700471829187,0.549252089646916
25131,0.216314074283944,0.363569870568787,0.0393220879680568,0.380793967179212
25132,0.42282972638593,0.22792576427552,0.101833581476682,0.247410927861868
25133,0.685674890432553,0.0657954606826263,0.116691276611616,0.131838372273205
25134,0.232511779547579,0.270361632268048,0.0819159018333943,0.415210686350979
25135,0.0511294763451687,0.542427412553382,0.071354669502103,0.335088441599347
25136,0.207541496439147,0.280816818675592,0.307081742368118,0.204559942517143
25137,0.0995787888009478,0.555264364704229,0.092412671392197,0.252744175102626
25138,0.115942619227864,0.498881907650958,0.132553697868635,0.252621775252543
25139,0.151242213532266,0.389316865884356,0.166399427279579,0.293041493303799
25140,0.0665739420966157,0.0827613416888946,0.55703584773522,0.29362886847927
25141,0.292203617739015,0.322100136193648,0.206302413754875,0.179393832312462
25142,0.292075091351204,0.308336267265372,0.0596000004079278,0.339988640975496
25143,0.106441506957283,0.186364445031847,0.139620961168315,0.567573086842555
25144,0.12758100955419,0.339563014403657,0.0703313753928488,0.462524600649304
25145,0.389540403498221,0.132809167837667,0.0766686883849734,0.400981740279138
25146,0.191316804094238,0.583565488202633,0.0529197233996513,0.172197984303478
25147,0.152971151492757,0.132062617220573,0.374498099774515,0.340468131512155
25148,0.272039826702363,0.354680974953779,0.0505255694551102,0.322753628888748
25149,0.0988321190978003,0.665445622999858,0.111833202451216,0.123889055451125
25150,0.128225264279681,0.0760753125518024,0.447138659363619,0.348560763804897
25151,0.039075315283904,0.444024931468219,0.1007741876424,0.416125565605477
25152,0.484529642373253,0.0632388152574925,0.0683795890768584,0.383851953292396
25153,0.403219984446408,0.478538054925044,0.045126927507036,0.0731150331215125
25154,0.200714931809746,0.101790703917527,0.37307688178744,0.324417482485287
25155,0.0648618176130395,0.538373213833455,0.0359135452680945,0.360851423285411
25156,0.106533109930284,0.730740394235712,0.0601796902684393,0.102546805565566
25157,0.12219232562139,0.536491173008168,0.14972744471409,0.191589056656352
25158,0.487365074403981,0.339226258584948,0.0686711395993384,0.104737527411733
25159,0.144394319351077,0.401260629866921,0.177554877952584,0.276790172829418
25160,0.227858527468229,0.28137921592655,0.323706025118593,0.167056231486627
25161,0.36382080795173,0.11286227550121,0.25785085360831,0.26546606293875
25162,0.307439344100298,0.154119473973663,0.102986055754592,0.435455126171448
25163,0.078199892199059,0.0757193611849866,0.692523532590404,0.15355721402555
25164,0.404858876776955,0.449106312515781,0.0414789179629784,0.104555892744285
25165,0.141719941519157,0.151013525019286,0.155486671921243,0.551779861540314
25166,0.204148849191887,0.178050020613372,0.282865032992533,0.334936097202208
25167,0.281007257992298,0.486839065457176,0.0566701932079196,0.175483483342607
25168,0.287217730695925,0.380197620603051,0.05551280423476,0.277071844466264
25169,0.237623553573649,0.239890036340698,0.0740326532401991,0.448453756845453
25170,0.472857125745098,0.337922157028124,0.0520430335089835,0.137177683717795
25171,0.472103017314344,0.162113941711228,0.18258044623862,0.183202594735808
25172,0.161146531978847,0.388969133336303,0.211650306240739,0.238234028444111
25173,0.292689175777313,0.0802883492974237,0.273831089604472,0.353191385320792
25174,0.364344482690431,0.0845776074059196,0.206359215669512,0.344718694234138
25175,0.599382448060375,0.10561638843429,0.057915667309444,0.237085496195891
25176,0.150133806714557,0.27467859738372,0.437304176984886,0.137883418916836
25177,0.215036192211946,0.230084212394381,0.324339269991783,0.23054032540189
25178,0.289140214122576,0.194410993602151,0.390578580697029,0.125870211578244
25179,0.659461808053097,0.124032122703479,0.148428161150684,0.0680779080927402
25180,0.410941518247073,0.0585065342608693,0.363015679880586,0.167536267611472
25181,0.107176585332435,0.0855236476029918,0.72665978589229,0.0806399811722838
25182,0.253129021817066,0.275899166685814,0.219355128875502,0.251616682621618
25183,0.365289613524519,0.282200241189522,0.218676594987866,0.133833550298093
25184,0.216046157107171,0.224542616734078,0.377410450913847,0.182000775244905
25185,0.325036479900747,0.20893202092276,0.275741977726851,0.190289521449642
25186,0.196266589045911,0.604195644407279,0.0615546426602546,0.137983123886556
25187,0.235365844966397,0.313782479848035,0.157634249602489,0.29321742558308
25188,0.192715484710855,0.139250959255388,0.485950585116784,0.182082970916972
25189,0.308214035703706,0.216195162216587,0.236591665305585,0.238999136774122
25190,0.389152878549127,0.352199377232922,0.0507030381543874,0.207944706063565
25191,0.0974141227371196,0.48581597516527,0.202731605621739,0.214038296475871
25192,0.204222443432858,0.339064101526096,0.223817127193735,0.232896327847311
25193,0.427560394305964,0.297365583935761,0.0939187307379001,0.181155291020374
25194,0.240148202340499,0.343275025894972,0.246207420011988,0.170369351752541
25195,0.139067688159773,0.161625633441103,0.413207809910504,0.28609886848862
25196,0.0664182655820183,0.368447537303931,0.200598752149164,0.364535444964887
25197,0.0673996132193336,0.562682880532673,0.109946925255914,0.25997058099208
25198,0.194539469551008,0.404714863389582,0.0789607474960437,0.321784919563366
25199,0.28313344334584,0.0981911318575857,0.396835841017816,0.221839583778758
25200,0.105913657535812,0.462216536853668,0.0798155203681465,0.352054285242374
25201,0.169485450889689,0.106561913621239,0.32126724702078,0.402685388468292
25202,0.226464417430991,0.114626539854195,0.328343026485589,0.330566016229225
25203,0.34895128513345,0.412130642589895,0.102978832033312,0.135939240243343
25204,0.0729973958947406,0.0804439796432267,0.516954279318218,0.329604345143814
25205,0.128062413175582,0.21068075738648,0.233634005471584,0.427622823966354
25206,0.153158285602757,0.325308844339177,0.252115281743051,0.269417588315015
25207,0.0949138554005486,0.154972281969522,0.239516167947919,0.51059769468201
25208,0.309302326595821,0.188843073587272,0.239715624108149,0.262138975708757
25209,0.172399120740555,0.0495598211285048,0.428012154228696,0.350028903902245
25210,0.129205509880027,0.137900634316237,0.543320521677625,0.189573334126111
25211,0.0523217044172049,0.245051650744049,0.413764304481507,0.28886234035724
25212,0.378615829285125,0.192047650928092,0.137908617325849,0.291427902460934
25213,0.124405478035291,0.12024110130832,0.392190486349861,0.363162934306527
25214,0.16300351285292,0.277180269910094,0.34518823740715,0.214627979829835
25215,0.348271381992205,0.330051011131222,0.174788420465903,0.14688918641067
25216,0.34032249986724,0.395430545237735,0.106430348094668,0.157816606800356
25217,0.438524166887413,0.3782471865322,0.0801026570783658,0.103125989502022
25218,0.334280299013007,0.41048363329589,0.0742263570396743,0.181009710651428
25219,0.252364553816127,0.477554643612913,0.0564486662623755,0.213632136308585
25220,0.188038055816905,0.154451090899461,0.402148468559485,0.255362384724149
25221,0.124052365051641,0.630231513976963,0.0970535781007378,0.148662542870659
25222,0.150838286332753,0.261574623440038,0.487960642426754,0.0996264478004546
25223,0.223116975561853,0.34046796074641,0.159193886745443,0.277221176946294
25224,0.0872975477258647,0.637746862484566,0.107347701666331,0.167607888123238
25225,0.357152608011563,0.114855118719652,0.261254140269443,0.266738132999342
25226,0.59795255971326,0.15881984464489,0.154730527523378,0.0884970681184712
25227,0.0894959639633977,0.661965617639245,0.109749332952575,0.138789085444782
25228,0.0971328426152937,0.154202101391437,0.537107896746561,0.211557159246709
25229,0.0937275465399655,0.173940702688799,0.503850753331112,0.228480997440124
25230,0.132783066304245,0.133471353613005,0.618322004302163,0.115423575780586
25231,0.0754316202803861,0.466318956029526,0.253762534499871,0.204486889190217
25232,0.272892125859373,0.365521010530001,0.0897382058050121,0.271848657805614
25233,0.194632488341328,0.381720771925016,0.282070787483183,0.141575952250473
25234,0.212354832476424,0.260758504502613,0.402978764530782,0.123907898490181
25235,0.440894331221551,0.14168613255561,0.283714450521678,0.133705085701161
25236,0.312757916868736,0.348282458145001,0.197972046637666,0.140987578348597
25237,0.273786159609852,0.486396985390406,0.146687099486374,0.0931297555133679
25238,0.222406066279573,0.209482360422219,0.391378608445302,0.176732964852906
25239,0.328677814130111,0.425358919691782,0.100355780685301,0.145607485492807
25240,0.176478754735188,0.1988606771083,0.503193167482683,0.121467400673829
25241,0.482085433496553,0.229330165973566,0.216910407878985,0.0716739926508958
25242,0.131981044484088,0.344655192282921,0.365420830641221,0.15794293259177
25243,0.18066664150099,0.390579741857058,0.299945260320062,0.12880835632189
25244,0.234124234548975,0.486177642203658,0.152596058242237,0.127102065005129
25245,0.237642257419395,0.168994324391156,0.494127069464215,0.0992363487252351
25246,0.292249505938407,0.359662026166949,0.258345001413469,0.0897434664811745
25247,0.174861516264142,0.29613400712602,0.349555342373849,0.179449134235989
25248,0.200079785871278,0.355912844804813,0.228686011237837,0.215321358086072
25249,0.171277456530296,0.551448183256462,0.212360549675138,0.0649138105381036
25250,0.239954995539845,0.32357688067522,0.29012938723706,0.146338736547875
25251,0.239321557024647,0.257347420280153,0.315004016225759,0.18832700646944
25252,0.597252736072362,0.0914447730963529,0.110553957340437,0.200748533490849
25253,0.208528468666263,0.359300892055242,0.10063570591881,0.331534933359685
25254,0.297680263287629,0.26739756573241,0.0658165185776572,0.369105652402304
25255,0.465079710102104,0.222541355796516,0.0532258594507484,0.259153074650632
25256,0.0725402609826686,0.780685626464769,0.0601289237379125,0.0866451888146503
25257,0.18532033075984,0.156555962998932,0.447736837361339,0.210386868879889
25258,0.350688214490678,0.146510482680284,0.0931420831375249,0.409659219691513
25259,0.191813087871374,0.454065781793774,0.153876635453087,0.200244494881765
25260,0.0500991405614388,0.506088163367478,0.188350775337708,0.255461920733375
25261,0.556838136773268,0.157699014352879,0.172334055160031,0.113128793713822
25262,0.214666426423472,0.302514947607599,0.0658682566977989,0.416950369271131
25263,0.364876152296541,0.132446153807704,0.240235620046422,0.262442073849333
25264,0.110093016497558,0.115701470249303,0.223067314374055,0.551138198879085
25265,0.669803037962227,0.150481598839723,0.043479636169007,0.136235727029043
25266,0.0781417864082631,0.591907660444831,0.185907598091658,0.144042955055248
25267,0.10329485777911,0.182373226963516,0.426930997646442,0.287400917610933
25268,0.0994729817805166,0.2336850402782,0.573890087848153,0.0929518900931308
25269,0.135692861034973,0.164825775404481,0.098482803498371,0.600998560062175
25270,0.383293356846405,0.149260286137648,0.176714561936506,0.290731795079441
25271,0.047623744104183,0.248866846231045,0.582585235101527,0.120924174563245
25272,0.163473946071719,0.26833693866261,0.307541139518271,0.2606479757474
25273,0.230265697183417,0.25219112187188,0.258293886917434,0.259249294027269
25274,0.262179788946047,0.188064519255458,0.309559482709648,0.240196209088847
25275,0.463777346140842,0.312819179865742,0.105509599186145,0.117893874807271
25276,0.223972425087959,0.440170913790039,0.181030420607922,0.154826240514079
25277,0.101759584224214,0.0636836694497968,0.56707865318964,0.26747809313635
25278,0.368470306728497,0.373269841513791,0.0779955744193515,0.180264277338361
25279,0.506789714329079,0.11182625404749,0.0405827949554642,0.340801236667967
25280,0.100422107775515,0.0852968705570677,0.739591025533832,0.0746899961335851
25281,0.248456628496038,0.0495167667961221,0.59222193036887,0.10980467433897
25282,0.563688719427001,0.0559137608503385,0.107432551075495,0.272964968647166
25283,0.233952052024396,0.0940729911697581,0.317895481184575,0.354079475621271
25284,0.155131928842176,0.570194046295668,0.103387893147799,0.171286131714356
25285,0.436907891829774,0.162668970835246,0.170032988497983,0.230390148836997
25286,0.517323857963038,0.145041823122092,0.115260713896908,0.222373605017962
25287,0.106645934112955,0.632883594300767,0.155487970917652,0.104982500668627
25288,0.0951262608897844,0.0646915676639825,0.287173560177892,0.553008611268341
25289,0.0575658238160492,0.451173750920172,0.204040157584139,0.28722026767964
25290,0.218108326426442,0.423477009708086,0.0834716291301686,0.274943034735303
25291,0.434862171555764,0.163088927285874,0.0794574944510854,0.322591406707277
25292,0.158502125224978,0.0715248610103169,0.261480967766878,0.508492045997827
25293,0.0632340380241608,0.355802636679085,0.171983442536575,0.408979882760179
25294,0.125975669536783,0.491526564689507,0.048030758210223,0.334467007563486
25295,0.0749786913249552,0.105630752517075,0.319091268365235,0.500299287792736
25296,0.0858797876744789,0.731249591486067,0.0386799559573064,0.144190664882148
25297,0.046400834338262,0.607156559720677,0.106389300837796,0.240053305103264
25298,0.734539530260165,0.0571649299558452,0.0275674046278008,0.180728135156189
25299,0.495871155482929,0.0948966443981352,0.244567609541609,0.164664590577327
25300,0.252438271991556,0.48466666163168,0.0486139380726529,0.214281128304111
25301,0.421466260836907,0.0512067146982548,0.118259248431715,0.409067776033124
25302,0.509794637978539,0.0559627184121313,0.109394928965085,0.324847714644244
25303,0.0577544704765827,0.554294866558101,0.165039938993589,0.222910723971727
25304,0.0331483330766275,0.0860361341200538,0.60956473271668,0.271250800086639
25305,0.70420957134929,0.0640160064131745,0.0751942687209166,0.156580153516619
25306,0.165080161964272,0.328826953446263,0.0387517432576754,0.467341141331789
25307,0.0534392230016553,0.213198104890638,0.0935738562392187,0.639788815868488
25308,0.133085704351995,0.665379182100347,0.0443381771895933,0.157196936358065
25309,0.20684599590349,0.24927936406448,0.276219789895361,0.26765485013667
25310,0.356458822512008,0.384617591832667,0.091496496025787,0.167427089629538
25311,0.44260066734808,0.198121348142248,0.230582228114095,0.128695756395578
25312,0.180073527952774,0.125998148870107,0.589788064443027,0.104140258734092
25313,0.324835880831584,0.191079928412563,0.282132974281864,0.201951216473989
25314,0.414844156947993,0.17927377038124,0.100092717075095,0.305789355595672
25315,0.535943498395397,0.186182889571175,0.165801035705279,0.112072576328149
25316,0.304936160986895,0.210723041249963,0.211536144519968,0.272804653243175
25317,0.222401041639815,0.274913935530574,0.272426809629435,0.230258213200176
25318,0.475859659726861,0.219100255093015,0.145670571161997,0.159369514018127
25319,0.21198582384863,0.578143001838314,0.0763233148140822,0.133547859498973
25320,0.134911982170048,0.209103881712398,0.417406819936287,0.238577316181268
25321,0.100281154240135,0.198363187679688,0.490049717321435,0.211305940758742
25322,0.293975784046547,0.126845630231178,0.467076985681194,0.112101600041081
25323,0.438806905218645,0.121313290950089,0.26663690412745,0.173242899703815
25324,0.222925844399138,0.444392199699436,0.128949231434225,0.203732724467201
25325,0.263612502739415,0.42634370015415,0.0909998960325717,0.219043901073864
25326,0.14590344905127,0.133193086670797,0.391195303694789,0.329708160583143
25327,0.139609657401309,0.403527339973727,0.187504416209676,0.269358586415289
25328,0.137324379831248,0.058055172484536,0.581748620699463,0.222871826984754
25329,0.337220941202294,0.05014237059153,0.114394911058932,0.498241777147244
25330,0.0481457290281034,0.224109562989007,0.374407643987665,0.353337063995225
25331,0.218194413698174,0.475481997750919,0.0360417770839194,0.270281811466988
25332,0.279347675521074,0.171270653269517,0.0409924057157007,0.508389265493708
25333,0.114409325355058,0.277238040938655,0.0650782593468133,0.543274374359474
25334,0.27985920052446,0.340660006839334,0.0265214299627761,0.35295936267343
25335,0.033792180883049,0.300507167848862,0.159660132213193,0.506040519054896
25336,0.0532256885497496,0.23221190902211,0.442380076141136,0.272182326287004
25337,0.0572035341103334,0.036971931494766,0.414629257491853,0.491195276903048
25338,0.0809635433053518,0.0694696990692756,0.50171205213609,0.347854705489283
25339,0.366031057083923,0.0374394207738799,0.310055583571806,0.286473938570391
25340,0.081745467311027,0.633192668258495,0.0608770655873265,0.224184798843152
25341,0.0337677661631515,0.661094316690039,0.0577635074256293,0.24737440972118
25342,0.042365651938174,0.216713794064199,0.490517827800804,0.250402726196823
25343,0.173229886011236,0.460695127779733,0.268271965789423,0.0978030204196081
25344,0.217271833049502,0.0940864490738473,0.394112588078107,0.294529129798544
25345,0.0768515080781015,0.243799242167651,0.261326885235589,0.418022364518658
25346,0.330585892151646,0.0388069911068726,0.261601403022928,0.369005713718554
25347,0.522220912104687,0.22853464834786,0.0773367220338127,0.17190771751364
25348,0.396455923431454,0.114951880928939,0.119726799287946,0.368865396351662
25349,0.101082432158151,0.155021344856427,0.57808852355455,0.165807699430872
25350,0.502779240236877,0.219819902904761,0.0759331739014652,0.201467682956897
25351,0.216431167387139,0.109564287409184,0.347150964077589,0.326853581126088
25352,0.359363141532987,0.0890449580108053,0.0692742023544571,0.482317698101751
25353,0.171940580758203,0.0743758157489625,0.301713731915569,0.451969871577266
25354,0.59227513843504,0.0558498451549736,0.223511979644603,0.128363036765383
25355,0.0810339453606817,0.418309336387751,0.0545944227232411,0.446062295528327
25356,0.068986196167069,0.189513065676183,0.102939889584933,0.638560848571815
25357,0.139173067068658,0.386463359271342,0.309856344720373,0.164507228939627
25358,0.394286892420909,0.139198373708932,0.239507799971216,0.227006933898943
25359,0.425191444477455,0.0499404297472349,0.379182983925345,0.145685141849966
25360,0.105192696138317,0.133770337603842,0.413584390614142,0.3474525756437
25361,0.340124651068547,0.094394894253434,0.336082932405523,0.229397522272496
25362,0.0518455353682121,0.0562114131265649,0.56698219333073,0.324960858174493
25363,0.13600769506919,0.13886791329009,0.26517498443523,0.459949407205491
25364,0.0770582844222109,0.0633748423127723,0.573379170772145,0.286187702492872
25365,0.385497059034025,0.0377472818472357,0.143882428572369,0.43287323054637
25366,0.219037780890994,0.313831727243187,0.273419231999087,0.193711259866732
25367,0.172636818319371,0.37765989492103,0.327901215870521,0.121802070889078
25368,0.406354248762403,0.394497600526369,0.117782361996804,0.0813657887144239
25369,0.301115816112952,0.207334381703852,0.36623684327113,0.125312958912066
25370,0.272832717804347,0.239145984953807,0.346374270381107,0.141647026860739
25371,0.196366346968517,0.509238436544848,0.192609112978495,0.10178610350814
25372,0.460224811924437,0.0955532023727321,0.357760012365775,0.0864619733370555
25373,0.168894323100562,0.363516028104449,0.301083961633327,0.166505687161662
25374,0.139081688798411,0.347655387089022,0.406342820308581,0.106920103803986
25375,0.253067018092735,0.465468411749329,0.147764570863195,0.133699999294741
25376,0.226597768956675,0.21708306532094,0.392958934568757,0.163360231153629
25377,0.201255258849872,0.375042799238103,0.300230984750534,0.123470957161491
25378,0.330664669907267,0.24391387637655,0.329243460140683,0.0961779935754998
25379,0.249082427841782,0.441245966685023,0.20021615370189,0.109455451771306
25380,0.274885755362319,0.345123507302821,0.210989101995923,0.169001635338937
25381,0.160431557804419,0.401552988587213,0.163639851833593,0.274375601774776
25382,0.465352583108247,0.139100934103413,0.2434034665924,0.15214301619594
25383,0.115522552851717,0.522228337658542,0.262555593075913,0.0996935164138278
25384,0.186605285920416,0.30929785025939,0.343147961538624,0.16094890228157
25385,0.115186085083878,0.154553418101987,0.531593471211909,0.198667025602227
25386,0.377632177401503,0.196830846443035,0.13818273600093,0.287354240154533
25387,0.358810954872934,0.18029636970252,0.189047351486423,0.271845323938122
25388,0.239530645056059,0.288373052641746,0.324944389078407,0.147151913223788
25389,0.275554583128532,0.291331490394849,0.174723886216518,0.258390040260101
25390,0.142550982131252,0.227633458621415,0.502364882378484,0.12745067686885
25391,0.191695946129032,0.237856135539109,0.282279409617279,0.288168508714579
25392,0.193963757625325,0.117765554067837,0.479355534076448,0.20891515423039
25393,0.133930491082311,0.473997836230262,0.205134377592621,0.186937295094806
25394,0.125581708285207,0.276871370789531,0.487722992908111,0.109823928017151
25395,0.110229651672527,0.247627637770969,0.353063737518274,0.28907897303823
25396,0.146053011095026,0.531416663415534,0.182950568741724,0.139579756747716
25397,0.144475173648875,0.205756313131261,0.497726320751791,0.152042192468073
25398,0.222591037398068,0.139796936663984,0.399053717790462,0.238558308147485
25399,0.220371883874366,0.250077769024348,0.253852386607309,0.275697960493977
25400,0.116053023361602,0.336786802855463,0.299911220177174,0.24724895360576
25401,0.308470065540953,0.190894708505039,0.277416444040398,0.22321878191361
25402,0.402135420205797,0.11203477513142,0.208539005736156,0.277290798926627
25403,0.168338404711742,0.294036760656286,0.387272402891338,0.150352431740634
25404,0.378943747772904,0.244701456029701,0.202941778107301,0.173413018090094
25405,0.477087125112211,0.257017944915684,0.168227748918821,0.0976671810532839
25406,0.153569758165255,0.351065250290742,0.263913126880673,0.23145186466333
25407,0.214699105576218,0.132578487480569,0.443183924028146,0.209538482915068
25408,0.25622143712583,0.39919880218086,0.104226004666563,0.240353756026748
25409,0.214286843689023,0.116897520914317,0.56486786820492,0.103947767191741
25410,0.062893548980435,0.308138233902968,0.486053701921729,0.142914515194867
25411,0.246110176807685,0.188248205029928,0.17980772219603,0.385833895966357
25412,0.535128648474052,0.186661230996898,0.149426968242255,0.128783152286795
25413,0.659507094948805,0.119822479504127,0.147605244169473,0.073065181377596
25414,0.129031953111582,0.112747916579102,0.629752679788609,0.128467450520707
25415,0.11055681655417,0.228630615823691,0.386446346448666,0.274366221173474
25416,0.206054409963735,0.359521664490789,0.261424638433321,0.172999287112156
25417,0.116072214169796,0.209176357966219,0.575875683761028,0.0988757441029569
25418,0.0789838727846946,0.605078511471304,0.125316061198581,0.190621554545421
25419,0.151615142517812,0.314378288694068,0.472860447435712,0.0611461213524083
25420,0.127726766347513,0.332329257559722,0.270246108523241,0.269697867569524
25421,0.368410668338332,0.309625671916021,0.256093591444507,0.0658700683011396
25422,0.415497109972626,0.176364918877818,0.0901449311372571,0.317993040012298
25423,0.410707275031321,0.0637220665307093,0.294022350901842,0.231548307536128
25424,0.163213841921193,0.151155764925827,0.487588943806432,0.198041449346547
25425,0.133911959137642,0.0893493596071131,0.527197461352135,0.24954121990311
25426,0.222871585997613,0.488520915980013,0.0636864528104965,0.224921045211877
25427,0.115681115806839,0.221928988600472,0.356313350483562,0.306076545109126
25428,0.0801897713840498,0.048090223004706,0.527116811592288,0.344603194018957
25429,0.323534433987883,0.0723522412639029,0.262718274662625,0.34139505008559
25430,0.583275267243697,0.0636678233248237,0.172096895440863,0.180960013990616
25431,0.0640743431119903,0.54998333326478,0.209481441132272,0.176460882490958
25432,0.218415826386955,0.108064180593537,0.277016849855683,0.396503143163826
25433,0.0477357770326149,0.0602241522311073,0.471542279746971,0.420497790989307
25434,0.333626976925202,0.0930557343159804,0.307085595967936,0.266231692790882
25435,0.349813420001699,0.36122617101099,0.101166126989989,0.187794281997322
25436,0.101230447848108,0.57453472132309,0.0385216563733585,0.285713174455444
25437,0.431635792568249,0.261449423736073,0.0967735879740925,0.210141195721586
25438,0.202737629353469,0.147885377192484,0.477268396240617,0.17210859721343
25439,0.130136451351901,0.0599473960804919,0.520563272831725,0.289352879735882
25440,0.0570416551963319,0.039488402046288,0.597307350612175,0.306162592145206
25441,0.367655090873244,0.216137911383265,0.131805890836048,0.284401106907444
25442,0.0933235614486082,0.0975065807396159,0.629826188004466,0.17934366980731
25443,0.416129476998922,0.243598988551214,0.112793193990702,0.227478340459162
25444,0.077844886299956,0.281391354962365,0.375244525964274,0.265519232773405
25445,0.150761075970235,0.558039881275036,0.125747785206123,0.165451257548606
25446,0.438897786681765,0.201529070851367,0.100726454950393,0.258846687516475
25447,0.164907344648246,0.383401878845965,0.122036082139127,0.329654694366662
25448,0.335109633361945,0.370271616170315,0.0800674138557985,0.214551336611941
25449,0.109328076770634,0.395796674732723,0.141358578277152,0.353516670219491
25450,0.515814979128742,0.20793633100839,0.171572083106051,0.104676606756817
25451,0.303696631914258,0.490219770251012,0.12688417751777,0.0791994203169595
25452,0.5496076597948,0.232741050600115,0.0481697676388223,0.169481521966264
25453,0.124635447387304,0.170409382584543,0.271562825905234,0.433392344122919
25454,0.313471297357685,0.132389516821567,0.382502161230814,0.171637024589934
25455,0.319672554763489,0.201349677198465,0.14765918253142,0.331318585506627
25456,0.155521249286447,0.190293341955782,0.278646961983772,0.375538446773999
25457,0.121959384428932,0.169388932051322,0.525886757740428,0.182764925779318
25458,0.507213430741332,0.158010004861486,0.16108337621494,0.173693188182242
25459,0.712465819708199,0.0796781101956243,0.115665793985255,0.092190276110922
25460,0.102889301421091,0.239487603016317,0.537346601929872,0.12027649363272
25461,0.0553761516129367,0.0989577798741751,0.492774073810903,0.352891994701985
25462,0.171713003888514,0.372696476814953,0.0495028484331618,0.406087670863372
25463,0.393751568607131,0.0903183553692876,0.217071292464469,0.298858783559112
25464,0.0388959512394404,0.498626605799847,0.18110532715346,0.281372115807253
25465,0.721999395939685,0.134724032536749,0.0621798131288351,0.0810967583947311
25466,0.0816934708983054,0.156190405126848,0.652375336812157,0.109740787162689
25467,0.184615532340085,0.212456603931402,0.0801148110424938,0.522813052686019
25468,0.124590031228315,0.380508784132051,0.228067956465428,0.266833228174206
25469,0.171085210062949,0.540338238103392,0.049399989913354,0.239176561920305
25470,0.104408198796361,0.142780910420067,0.649057667035845,0.103753223747728
25471,0.0459487685411169,0.477899186124045,0.0467435520036617,0.429408493331176
25472,0.169392415350615,0.179805385589191,0.179240235290913,0.471561963769281
25473,0.411745076834545,0.128112296579701,0.223543719297164,0.236598907288589
25474,0.143580578477874,0.561533919043318,0.0438135459819809,0.251071956496827
25475,0.0951883175659955,0.572999777049986,0.110220764243696,0.221591141140322
25476,0.248179009765789,0.385366171766173,0.0344771506782129,0.331977667789825
25477,0.126062524507582,0.118210468605029,0.347495055398464,0.408231951488924
25478,0.0938796395028872,0.385839720874543,0.0435377863753392,0.47674285324723
25479,0.0364835181215607,0.031081991669212,0.797187259541068,0.135247230668159
25480,0.273031828908032,0.117492983791917,0.268025148824888,0.341450038475164
25481,0.155999444078279,0.587165016292947,0.0696505291783583,0.187185010450416
25482,0.324814112723385,0.195031221226567,0.30557938719752,0.174575278852527
25483,0.20183531202785,0.371182174433778,0.261608891410278,0.165373622128093
25484,0.170497753161435,0.113634447836494,0.319379641164458,0.396488157837613
25485,0.486452748366446,0.190962901963863,0.12816362280526,0.19442072686443
25486,0.179680155914748,0.221722519323256,0.375785690998472,0.222811633763524
25487,0.209310673355964,0.191361764089855,0.132063877188485,0.467263685365695
25488,0.248264477327312,0.127250475470171,0.156119543842268,0.468365503360248
25489,0.250595307286415,0.327522600638236,0.160515250354571,0.261366841720778
25490,0.149499986921714,0.150712107883271,0.515220357017655,0.184567548177361
25491,0.126893858046237,0.26598885991998,0.129117475520962,0.477999806512822
25492,0.392528930326097,0.2119444652294,0.198746279630294,0.19678032481421
25493,0.091149277207125,0.106940711512778,0.360954362745862,0.440955648534235
25494,0.356371743913342,0.304495822668104,0.0749043430293288,0.264228090389225
25495,0.358026445891737,0.10837095894897,0.255548866533026,0.278053728626266
25496,0.0762000545200512,0.157229696401965,0.634342044325966,0.132228204752018
25497,0.0921258548661602,0.0803562446103794,0.640143718138671,0.18737418238479
25498,0.524062367336711,0.074932485034671,0.0918233753101542,0.309181772318464
25499,0.141989234310878,0.13309038548052,0.464704182246641,0.260216197961962
25500,0.552785232360396,0.104669307051025,0.195513465792432,0.147031994796147
25501,0.152945316877397,0.351474847851873,0.286520142883311,0.209059692387419
25502,0.364198048896028,0.109655487745556,0.358110923734431,0.168035539623985
25503,0.113173389221418,0.141412752452524,0.502068480485919,0.24334537784014
25504,0.226094415532573,0.580050619476679,0.0680076928381993,0.125847272152549
25505,0.155486460723086,0.35894566971738,0.235304757160797,0.250263112398737
25506,0.172485831689172,0.141274063041901,0.39770586226362,0.288534243005308
25507,0.127935358628894,0.251303469963256,0.107025059259394,0.513736112148456
25508,0.0456086675540963,0.611904621124585,0.243109729544903,0.0993769817764153
25509,0.409045907618026,0.115531627552454,0.217048358328267,0.258374106501253
25510,0.182557445543987,0.179794597244102,0.341460821294181,0.296187135917731
25511,0.555160255334343,0.095389612205558,0.114391373751251,0.235058758708847
25512,0.431273290167992,0.150711188149062,0.229268115850985,0.188747405831962
25513,0.117304937058635,0.211267235977896,0.149885528151344,0.521542298812124
25514,0.164497288511302,0.238789711215171,0.378493574466032,0.218219425807495
25515,0.0914149965353647,0.447714627446578,0.134393850699359,0.326476525318699
25516,0.107623308835601,0.534115795339677,0.070768548383308,0.287492347441414
25517,0.306770744237453,0.19492725972446,0.140365879616668,0.35793611642142
25518,0.34487203821663,0.282634060807511,0.236776090749706,0.135717810226153
25519,0.15942502438493,0.424875684314068,0.261810171253925,0.153889120047077
25520,0.174430952049425,0.305186040117936,0.408164187826564,0.112218820006075
25521,0.310974014220645,0.343126630763193,0.118890357586639,0.227008997429522
25522,0.106642073225949,0.553937196226407,0.127677042621079,0.211743687926566
25523,0.62198690062427,0.103231693069624,0.106842846129343,0.167938560176764
25524,0.155432369592362,0.29820678455073,0.323806323406245,0.222554522450663
25525,0.437540539205297,0.197076978384327,0.113205849944574,0.252176632465802
25526,0.232491474004027,0.51946065244443,0.0718156831125248,0.176232190439019
25527,0.358946146607587,0.235852292570813,0.175590057401738,0.229611503419862
25528,0.475174625604613,0.0973204635667952,0.272211272192783,0.155293638635809
25529,0.443221835617562,0.138524414762055,0.236371529327566,0.181882220292817
25530,0.194011243048073,0.493558439968675,0.118357935204967,0.194072381778284
25531,0.0485109136827834,0.201199910552954,0.667878460651484,0.0824107151127786
25532,0.127862067403236,0.502680796642508,0.239770300354148,0.129686835600108
25533,0.29353051486361,0.134201303255838,0.435283939217669,0.136984242662884
25534,0.0995889956047133,0.54260755135977,0.155451506788491,0.202351946247026
25535,0.267840973763518,0.453753828594922,0.071534305185539,0.206870892456021
25536,0.0746278968219011,0.349305935207602,0.395374160886768,0.180692007083729
25537,0.109624108607138,0.179694457939242,0.317605678730565,0.393075754723056
25538,0.418700798325264,0.111356918949502,0.233730006146445,0.236212276578789
25539,0.470854933362713,0.217666603779853,0.16294817552888,0.148530287328555
25540,0.108379186348803,0.0810009617818899,0.663546987106307,0.147072864763
25541,0.402535333262093,0.298321593788757,0.197506363620472,0.101636709328678
25542,0.121057019458469,0.424816757887423,0.102950875357466,0.351175347296642
25543,0.280221503224033,0.14168004144049,0.375596991955867,0.202501463379611
25544,0.278529826255767,0.411517022352683,0.0455859833704958,0.264367168021054
25545,0.302636935752263,0.138852137222679,0.300828261981514,0.257682665043544
25546,0.28223978486543,0.482364578717028,0.076598336564755,0.158797299852787
25547,0.106238723760907,0.212973427727797,0.524018494247529,0.156769354263766
25548,0.16394965576947,0.199992241218951,0.280982293786125,0.355075809225454
25549,0.0898498610935847,0.0884813483915164,0.450578318712286,0.371090471802613
25550,0.231791007499665,0.0898109520172551,0.0874880083627075,0.590910032120372
25551,0.22305872445469,0.171444834255746,0.156954486759712,0.448541954529852
25552,0.141262394031096,0.348260128087442,0.182814373263571,0.327663104617891
25553,0.126941909836791,0.494281222363701,0.169717444207553,0.209059423591955
25554,0.0587265535830168,0.639035483551058,0.107165379333205,0.19507258353272
25555,0.432560999869862,0.146089657158678,0.0559042762034484,0.365445066768011
25556,0.187104551474035,0.585478604550296,0.143203446119843,0.0842133978558263
25557,0.380968324668368,0.345987191727646,0.186279181280103,0.0867653023238841
25558,0.49313115614128,0.174127944356262,0.163208817959321,0.169532081543136
25559,0.594192669401033,0.136848791076164,0.200978629839004,0.0679799096837991
25560,0.295514527079618,0.427286527065354,0.132467354361986,0.144731591493041
25561,0.16772153855699,0.437181651086055,0.17274334426756,0.222353466089394
25562,0.231053201507778,0.254234177591044,0.295747177974329,0.21896544292685
25563,0.437144358516775,0.208478060392785,0.241141428211862,0.113236152878578
25564,0.0820549478678544,0.206261487211496,0.605123929863828,0.106559635056822
25565,0.338670406387281,0.104388056156424,0.279076753712326,0.27786478374397
25566,0.124011055706154,0.308492287276108,0.171009062709659,0.396487594308079
25567,0.0756721126207262,0.424365814783414,0.276341002030912,0.223621070564947
25568,0.513813159713404,0.252629502943416,0.156759036543172,0.0767983008000076
25569,0.35375092563526,0.175781706414751,0.40238127227261,0.0680860956773795
25570,0.30650828019201,0.167549601956165,0.282560487839443,0.243381630012382
25571,0.198503736048798,0.178320234431178,0.202476979397756,0.420699050122268
25572,0.469124324434821,0.132653079320135,0.180213884397604,0.218008711847441
25573,0.180046229233629,0.59773202890976,0.139482666080043,0.082739075776568
25574,0.200033843173723,0.114049712220006,0.443409718537209,0.242506726069062
25575,0.480759049446635,0.10620660903986,0.310646318641072,0.102388022872433
25576,0.343516185906827,0.131809464097069,0.359584811070209,0.165089538925895
25577,0.401684894294385,0.129653004299933,0.251158960054284,0.217503141351398
25578,0.382739131323548,0.316346654638563,0.108258620222012,0.192655593815877
25579,0.60229990330496,0.174104743585129,0.0854274650940596,0.138167888015851
25580,0.282880842411658,0.357554572371778,0.148447171624942,0.211117413591622
25581,0.412116525573047,0.212799157954692,0.0849331042743515,0.29015121219791
25582,0.13359095987816,0.192500254902867,0.17272885250747,0.501179932711504
25583,0.518794392991997,0.0672539883867075,0.310621923012033,0.103329695609263
25584,0.257077134619293,0.285278082656895,0.148798620276943,0.308846162446869
25585,0.149018738823983,0.32261234208266,0.126317605588586,0.40205131350477
25586,0.123579219465447,0.179257689713665,0.612571524387567,0.0845915664333209
25587,0.620483344247391,0.160954016293253,0.11265231903762,0.105910320421736
25588,0.255198193602759,0.18359405392279,0.195237446960503,0.365970305513949
25589,0.494193631417651,0.24630111014373,0.117355260108775,0.142149998329843
25590,0.200986206842565,0.257144449089666,0.102032796419817,0.439836547647952
25591,0.189932308805621,0.343062236717548,0.137223991266446,0.329781463210385
25592,0.340957972579335,0.499721917925331,0.0409272712425982,0.118392838252736
25593,0.181740417109766,0.426593022836309,0.213050775322151,0.178615784731774
25594,0.318956899510095,0.297804366395857,0.190334485432948,0.1929042486611
25595,0.359541603610089,0.350969912242371,0.134622521787173,0.154865962360367
25596,0.0935436238321994,0.0483414714167252,0.691660795295427,0.166454109455648
25597,0.413733147728302,0.16790366430876,0.131948207688123,0.286414980274815
25598,0.235092281225572,0.379389376933027,0.162040087704582,0.223478254136818
25599,0.209230478399702,0.12317970196087,0.465399384855725,0.202190434783704
25600,0.156430997534416,0.118318561479791,0.531429345353528,0.193821095632265
25601,0.477949079168843,0.0497374173372028,0.367239057421348,0.105074446072606
25602,0.283627532784422,0.0853503269504402,0.171308720298689,0.459713419966449
25603,0.599757070251235,0.172896835951643,0.112935849643398,0.114410244153724
25604,0.0739430485632878,0.707858443978502,0.160196489273081,0.0580020181851285
25605,0.0623952523713787,0.0807991953730165,0.323557559101443,0.533247993154162
25606,0.0963548246789776,0.680316765746153,0.113784157678142,0.109544251896728
25607,0.385758672307526,0.263358553461316,0.102730503013644,0.248152271217514
25608,0.113486836565166,0.249054813171241,0.233518056819381,0.403940293444213
25609,0.678850512527985,0.108278724072534,0.0786819743605166,0.134188789038964
25610,0.317953135029483,0.128963179218825,0.16382475524261,0.389258930509082
25611,0.128278044963571,0.249167077638004,0.421711284842228,0.200843592556197
25612,0.12410929805147,0.211380177537431,0.559461717920175,0.105048806490924
25613,0.431951803162376,0.167948118305984,0.254767983270449,0.14533209526119
25614,0.324248867731014,0.247978088796848,0.21888166363658,0.208891379835559
25615,0.210831831639614,0.406440318885935,0.235835668934813,0.146892180539638
25616,0.144019038712153,0.375201218418625,0.276187913425777,0.204591829443445
25617,0.515716087718095,0.151218943372055,0.250827242202454,0.082237726707396
25618,0.144524397269514,0.220924114779336,0.52184150114897,0.11270998680218
25619,0.195409215939045,0.11413897032069,0.486981545088937,0.203470268651329
25620,0.202257361638895,0.151228806422766,0.400511363041167,0.246002468897172
25621,0.1737681383469,0.0840825685439279,0.620624189028959,0.121525104080213
25622,0.283823381190119,0.181460192354643,0.322147894460841,0.212568531994397
25623,0.177777033202059,0.444036581042233,0.18414500741192,0.194041378343789
25624,0.213868879145376,0.271537345311398,0.280492712762625,0.2341010627806
25625,0.171055894179453,0.238660265806478,0.21100031071033,0.379283529303739
25626,0.184393577866047,0.467197102466378,0.166078521629776,0.182330798037798
25627,0.258507345742034,0.329115883090211,0.180970132917088,0.231406638250667
25628,0.146821338136108,0.383137428059999,0.273369046395472,0.196672187408421
25629,0.338424429956624,0.407460563154187,0.181744823449478,0.0723701834397112
25630,0.246672168425824,0.449039311300216,0.103728759816385,0.200559760457575
25631,0.215047288501649,0.185750876342644,0.401344040188171,0.197857794967537
25632,0.175479564073194,0.44208075983622,0.249867050228537,0.132572625862048
25633,0.0638903289721032,0.21017920700573,0.292823865555112,0.433106598467055
25634,0.47285785030782,0.143731450774418,0.140286934424002,0.24312376449376
25635,0.641769391030281,0.0667785870850561,0.0512744951853026,0.240177526699361
25636,0.310470185421935,0.173437751484713,0.166464028315978,0.349628034777374
25637,0.29129345394762,0.16109767265306,0.222117416679055,0.325491456720264
25638,0.234357244217069,0.171942664220984,0.0569412464923223,0.536758845069625
25639,0.172391875197875,0.485857390076955,0.081765050776897,0.259985683948273
25640,0.226470361809568,0.0651269688929828,0.220853479232374,0.487549190065076
25641,0.233225845243803,0.221991595923825,0.274765207214683,0.27001735161769
25642,0.0304891690851558,0.546689291939596,0.121539093578033,0.301282445397216
25643,0.156226923888865,0.631282190808931,0.0562135830099905,0.156277302292213
25644,0.615534298869824,0.0517835686159928,0.0831211531714359,0.249560979342747
25645,0.0364093012899135,0.777785020399605,0.050859059581138,0.134946618729343
25646,0.168905274911305,0.0618253108779404,0.639941933364088,0.129327480846666
25647,0.13768290725675,0.132085433380892,0.357885934705019,0.37234572465734
25648,0.199215346529449,0.0802212882546753,0.395570600703854,0.324992764512022
25649,0.142986197638146,0.607352993464924,0.0808229262042826,0.168837882692647
25650,0.0465402973940818,0.056299868753233,0.543605956741826,0.353553877110859
25651,0.430147052633641,0.32480419647218,0.148726913127638,0.0963218377665418
25652,0.436042585690784,0.161394965339762,0.0803347397674117,0.322227709202043
25653,0.216949138152436,0.294064705448851,0.255731555914068,0.233254600484645
25654,0.0898448586145264,0.446911010881615,0.233480564871997,0.229763565631862
25655,0.0800931873379942,0.0762040361745696,0.639399069459679,0.204303707027757
25656,0.429795430801315,0.197541643160716,0.0856007556794545,0.287062170358515
25657,0.147783791934443,0.513290118746557,0.160934834411626,0.177991254907374
25658,0.210323992263845,0.568568506027941,0.0455856125849178,0.175521889123296
25659,0.65754677689457,0.0850020142550489,0.13145264142765,0.125998567422731
25660,0.0852256473603525,0.685128672436383,0.0996814197940919,0.129964260409173
25661,0.105676707395367,0.0565680698559119,0.256115142313323,0.581640080435398
25662,0.22573789753751,0.487260071374294,0.0313798882497953,0.255622142838401
25663,0.106259724143874,0.082344124587439,0.18972221190811,0.621673939360577
25664,0.0568857826459025,0.517995464760116,0.18172107757115,0.243397675022832
25665,0.0571656071629365,0.280757696549486,0.217241636302966,0.444835059984612
25666,0.0757108495338068,0.141313491101837,0.175487710234056,0.6074879491303
25667,0.703214817190244,0.0840272226829062,0.0715265531628484,0.141231406964001
25668,0.168740921815789,0.132909230059902,0.0405225556101417,0.657827292514167
25669,0.0527588482967696,0.441876857029696,0.133867211301493,0.371497083372041
25670,0.487952885019462,0.225747704930078,0.18293678846411,0.103362621586351
25671,0.193831735706401,0.47528236154079,0.244337525825758,0.0865483769270504
25672,0.0598924357430843,0.475989777808705,0.196101670082257,0.268016116365954
25673,0.0858427521731014,0.502139468702549,0.170742075495673,0.241275703628677
25674,0.394431275333431,0.20647981121612,0.209782423999862,0.189306489450587
25675,0.286848316125069,0.175200998024301,0.351946704573918,0.186003981276711
25676,0.177742950405441,0.602952159372655,0.11501670716815,0.104288183053755
25677,0.493350445520951,0.268807873442554,0.0578265549260694,0.180015126110426
25678,0.144340218589893,0.40781636976681,0.277731774806834,0.170111636836464
25679,0.181752911618843,0.514452694742253,0.0819094978351098,0.221884895803794
25680,0.0764780201353476,0.655004661149739,0.170433066135981,0.098084252578933
25681,0.135976318897432,0.403577308587128,0.165305482060853,0.295140890454587
25682,0.210777386048768,0.255734496232818,0.144543504986076,0.388944612732339
25683,0.332965724377889,0.367250564404414,0.193104514435982,0.106679196781715
25684,0.0458604459126304,0.483890285473158,0.124428759485889,0.345820509128322
25685,0.082854509169725,0.412946408479786,0.116562550677215,0.387636531673274
25686,0.10250901459018,0.317027966063235,0.243231920598929,0.337231098747656
25687,0.165798817318799,0.654181026645068,0.0781641601364996,0.101855995899633
25688,0.149012854646538,0.418669398524334,0.334223839858281,0.098093906970847
25689,0.602033270620227,0.123037630278146,0.194351382062079,0.0805777170395481
25690,0.140129340297541,0.537104835135822,0.235291118726101,0.0874747058405356
25691,0.182220461790904,0.153698841913563,0.599303836951601,0.0647768593439324
25692,0.346503547815975,0.296716291083888,0.147977930889226,0.208802230210912
25693,0.19224078066444,0.453470873351112,0.258962711135728,0.0953256348487209
25694,0.41418719671666,0.140113309574242,0.248269062172418,0.19743043153668
25695,0.367304854197166,0.303768043125443,0.172604885679706,0.156322216997685
25696,0.175800707985503,0.440731907943701,0.294500265728068,0.0889671183427281
25697,0.120075574397275,0.263418241758995,0.507016687744443,0.109489496099287
25698,0.185555106169432,0.407161994336857,0.250177048522172,0.15710585097154
25699,0.222788019607742,0.172618451933736,0.422832593516794,0.181760934941728
25700,0.205586660706348,0.237354942633713,0.424434510638569,0.13262388602137
25701,0.203375404856935,0.604830711383549,0.107925734396883,0.0838681493626325
25702,0.174090938936403,0.344001370534715,0.375992830795404,0.105914859733478
25703,0.20945118839551,0.449341174559405,0.179356833551188,0.161850803493898
25704,0.643110796296152,0.12324282214185,0.127079334420003,0.106567047141995
25705,0.100632354146445,0.256188527299806,0.504580713382306,0.138598405171443
25706,0.533119963197069,0.195355135857587,0.159677023718326,0.111847877227018
25707,0.315162498998373,0.39962912138294,0.144164428422251,0.141043951196436
25708,0.370729992446139,0.0723255231509047,0.451781538519233,0.105162945883723
25709,0.237801977298611,0.273457983591867,0.384161681410179,0.104578357699343
25710,0.206218951106958,0.160701822158144,0.47673107337199,0.156348153362908
25711,0.392161825787656,0.131513744304084,0.349976698470617,0.126347731437643
25712,0.3561294634752,0.292974263945011,0.163343648730955,0.187552623848834
25713,0.369517227721409,0.272711474708697,0.276409775074653,0.0813615224952409
25714,0.476572093500562,0.137451484098604,0.233142172869227,0.152834249531608
25715,0.305013170869342,0.267886391759899,0.342567343383029,0.0845330939877307
25716,0.208668970085776,0.227120807984316,0.389839152167347,0.174371069762562
25717,0.128562818725626,0.477940155721638,0.18983178498787,0.203665240564865
25718,0.439717964771797,0.15875592155133,0.141395644081991,0.260130469594882
25719,0.352414030387509,0.376831825277577,0.181486150021782,0.0892679943131315
25720,0.176346637525234,0.254014827659047,0.352688655533643,0.216949879282076
25721,0.243468895232022,0.135160001552316,0.515719955060274,0.105651148155388
25722,0.215065255012869,0.281923926179852,0.0973698544960049,0.405640964311274
25723,0.156479901152967,0.158273450632649,0.558269699311506,0.126976948902879
25724,0.250879005694589,0.156261220517613,0.328014435242894,0.264845338544904
25725,0.231389865079386,0.215052427983194,0.445676093412641,0.107881613524778
25726,0.293173275534973,0.265927786504921,0.180535721597239,0.260363216362866
25727,0.130052162127987,0.248628141553382,0.483339270756352,0.13798042556228
25728,0.177834243078451,0.283629611380192,0.289441054233631,0.249095091307727
25729,0.296476435354943,0.188299547933927,0.398524117342969,0.116699899368162
25730,0.683627173247529,0.130605701610025,0.122478901547451,0.063288223594996
25731,0.413898919913351,0.0546678601442717,0.350331818242502,0.181101401699876
25732,0.0822234597805425,0.0869036840800291,0.758507316001315,0.0723655401381136
25733,0.281419639273308,0.234199866751919,0.219610242793767,0.264770251181006
25734,0.350755390338208,0.306312897932345,0.204666760807921,0.138264950921526
25735,0.154081633443051,0.251269337476662,0.419913557798661,0.174735471281627
25736,0.280469734758523,0.196468694085568,0.321072397713621,0.201989173442288
25737,0.166244166103564,0.671284640293223,0.0471794891145922,0.115291704488621
25738,0.266190212124445,0.296149213296046,0.147186613464801,0.290473961114708
25739,0.166118483500611,0.126361401667767,0.493201314273958,0.214318800557664
25740,0.355847341453886,0.232761530057233,0.182350355103274,0.229040773385607
25741,0.400107395915443,0.362451096946865,0.046026503535753,0.191415003601939
25742,0.0684058581249591,0.607703613871924,0.146445444863847,0.177445083139271
25743,0.144661217385824,0.374942385666713,0.199797017656622,0.280599379290841
25744,0.505260078993612,0.260417272952354,0.0915305434980984,0.142792104555935
25745,0.165930140109737,0.488008054609525,0.199203434292482,0.146858370988257
25746,0.760234478833465,0.0784675635253213,0.103144842320925,0.0581531153202896
25747,0.610214676819713,0.187736826145831,0.0872731106958385,0.114775386338617
25748,0.088519941713981,0.547320049451648,0.108753833011245,0.255406175823126
25749,0.512878803791081,0.164804291036182,0.129224945730146,0.19309195944259
25750,0.165009135745862,0.10684219554071,0.625900596230769,0.102248072482659
25751,0.119618872207269,0.214602143634181,0.53279856174382,0.13298042241473
25752,0.232401742153732,0.112793803209535,0.21124142220944,0.443563032427293
25753,0.486353086142061,0.110125004134174,0.234522815040834,0.16899909468293
25754,0.680060570445392,0.0667461397576001,0.0866095782769175,0.166583711520091
25755,0.258671929646952,0.0630829621890905,0.172643922370575,0.505601185793383
25756,0.247651986482389,0.61469266566625,0.0530138022915202,0.0846415455598413
25757,0.317485284138282,0.0967291236416998,0.100645759633612,0.485139832586406
25758,0.150812717313166,0.0626868187687782,0.34083559578667,0.445664868131386
25759,0.32911309521497,0.452724333238251,0.059485961836978,0.158676609709801
25760,0.667490022673652,0.115416811082,0.124103687342005,0.0929894789023432
25761,0.126547123693713,0.381977189862307,0.118499511653889,0.37297617479009
25762,0.146027077881611,0.47164370353206,0.117659486173177,0.264669732413153
25763,0.363865980667865,0.192228333137227,0.172975817597113,0.270929868597795
25764,0.342718165916235,0.0959902248725795,0.239709065749316,0.32158254346187
25765,0.298802078168412,0.12008303897844,0.3216733093949,0.259441573458248
25766,0.0796751557543762,0.580262243136819,0.198139845013482,0.141922756095322
25767,0.390867702655456,0.259755733677624,0.0746034829441883,0.274773080722732
25768,0.32535227620625,0.239382885284572,0.11392465950494,0.321340179004238
25769,0.498977428396629,0.260621976035573,0.10307260759812,0.137327987969679
25770,0.257153654102898,0.143506036737445,0.274717608569998,0.32462270058966
25771,0.0616634559320055,0.596791941947643,0.198614402241135,0.142930199879217
25772,0.126768562048353,0.351670910859968,0.14908516296425,0.37247536412743
25773,0.515547513845167,0.0904069512850295,0.0503122586077179,0.343733276262085
25774,0.164618722790554,0.219464456423696,0.509134990988212,0.106781829797538
25775,0.338550259621357,0.0793243206210272,0.486746315447511,0.0953791043101052
25776,0.287959891410741,0.0620562990262514,0.248157399877652,0.401826409685356
25777,0.0765278894536187,0.102033736485564,0.708762030097166,0.112676343963651
25778,0.239621770102831,0.4986563140113,0.0652213260497844,0.196500589836085
25779,0.205190253932392,0.318010368974258,0.0853941045444225,0.391405272548927
25780,0.09310882257768,0.296098493093833,0.311870319203742,0.298922365124745
25781,0.419860940161043,0.271363770841369,0.0401381519029703,0.268637137094618
25782,0.0808022466819341,0.463039072383574,0.0255556741131085,0.430603006821384
25783,0.276293713048537,0.140341094696368,0.361044950332907,0.222320241922187
25784,0.302583595896993,0.254833257977404,0.257467007818345,0.185116138307258
25785,0.164725996891049,0.275598638736477,0.331261959117022,0.228413405255452
25786,0.351047405395577,0.282632272598671,0.196475234522337,0.169845087483416
25787,0.112514006867838,0.552097128467967,0.24984881388575,0.0855400507784451
25788,0.400216398632107,0.248141017788588,0.248832199611059,0.102810383968247
25789,0.461463455210014,0.11801342665207,0.277710941327679,0.142812176810238
25790,0.344702904039713,0.365713989063828,0.0942002767252414,0.195382830171218
25791,0.138555910127028,0.541801241196187,0.192267644700743,0.127375203976042
25792,0.341079913976677,0.150758436353042,0.353075321467652,0.155086328202629
25793,0.165497032989297,0.519338238703638,0.120785982086013,0.194378746221052
25794,0.37791584750028,0.290252670906468,0.121989547782928,0.209841933810325
25795,0.134733451053634,0.406609534686482,0.301591105356231,0.157065908903653
25796,0.270005560414996,0.110229801420428,0.48822115212632,0.131543486038257
25797,0.222043148855828,0.456154785908446,0.121331295393527,0.200470769842199
25798,0.216505949931106,0.421836273146423,0.160834669072302,0.20082310785017
25799,0.277646337021304,0.0905735232753877,0.501890182132517,0.129889957570791
25800,0.383810613289798,0.187136667987502,0.150701277809377,0.278351440913323
25801,0.228987382591721,0.360028263463141,0.192772991088154,0.218211362856985
25802,0.294454422700469,0.201771523236376,0.12082581094119,0.382948243121965
25803,0.49797011344455,0.215551778361194,0.110376313513221,0.176101794681035
25804,0.14709167203831,0.178705737132159,0.480044091176489,0.194158499653042
25805,0.247897177878215,0.532308516781454,0.1366221215237,0.0831721838166317
25806,0.477954046188012,0.165734860633804,0.243598733986882,0.112712359191302
25807,0.143762602648766,0.575132645054572,0.128901465876946,0.152203286419716
25808,0.353395063628377,0.299528024473025,0.121581453370937,0.225495458527661
25809,0.0797763326439413,0.148981326509303,0.471916788562948,0.299325552283808
25810,0.249145602491287,0.132847461298046,0.388007936287211,0.229998999923456
25811,0.195609844057761,0.573136015906582,0.142640881965796,0.0886132580698618
25812,0.246609295933284,0.154182109444068,0.378460098093769,0.220748496528879
25813,0.616287193806589,0.15229596368658,0.11607317527684,0.11534366722999
25814,0.143017063131599,0.384646464569538,0.191091295836178,0.281245176462685
25815,0.171898822327948,0.507528981915517,0.195610970470456,0.124961225286078
25816,0.0771470297088708,0.484848595715738,0.247787603674835,0.190216770900556
25817,0.138986210077,0.144298521530964,0.174337257816459,0.542378010575578
25818,0.138725346431343,0.422623302199386,0.268279078410465,0.170372272958806
25819,0.390937493666698,0.161762718444991,0.248902671508853,0.198397116379458
25820,0.113874318240028,0.157855009350451,0.337972352570503,0.390298319839018
25821,0.238309575985758,0.0922330839405874,0.462164032716754,0.207293307356901
25822,0.157123034494522,0.236485296201536,0.455438744361118,0.150952924942824
25823,0.245752954744278,0.25016090221544,0.2394683061105,0.264617836929783
25824,0.411416934213393,0.136836238272097,0.229647372830859,0.222099454683651
25825,0.0552984821410886,0.376983826221107,0.440203067243885,0.127514624393919
25826,0.225999086577503,0.379429848737722,0.199367214571272,0.195203850113503
25827,0.305721734662053,0.195689519181688,0.198320310363082,0.300268435793177
25828,0.260617570273393,0.526162170453772,0.0935434538938274,0.119676805379008
25829,0.175799302808054,0.496866801571306,0.0874401958130305,0.23989369980761
25830,0.128629460876568,0.286386501618016,0.497502319502147,0.087481718003269
25831,0.18439585178611,0.144217024610631,0.245253715867958,0.426133407735302
25832,0.105005102410468,0.401454183994155,0.243698868807522,0.249841844787856
25833,0.153083774778873,0.401810042732555,0.321028922299312,0.12407726018926
25834,0.44537303284639,0.160299243022401,0.224665055644353,0.169662668486857
25835,0.170881072382326,0.0955780394793992,0.417666270328865,0.31587461780941
25836,0.0961939492529502,0.168755880546964,0.505384051969919,0.229666118230166
25837,0.171788812747151,0.232357124666334,0.385625863208376,0.210228199378139
25838,0.204892745956162,0.476172280634707,0.0742528848359202,0.24468208857321
25839,0.568728232189912,0.242454099494519,0.0849059743958176,0.103911693919752
25840,0.0874636734416381,0.403552686927009,0.260582340056476,0.248401299574877
25841,0.183510824318685,0.166112117301196,0.394242850220811,0.256134208159309
25842,0.243511549674447,0.513938052682702,0.108834470677219,0.133715926965633
25843,0.29194304771922,0.506332149407364,0.0931241536413214,0.108600649232095
25844,0.57357201945659,0.0618520200504022,0.176521826169138,0.188054134323871
25845,0.143840004972356,0.356168646665408,0.394591003957886,0.105400344404349
25846,0.327671070915894,0.12585509544558,0.237523710241183,0.308950123397343
25847,0.43299647419619,0.0715108304894298,0.0790590718343406,0.416433623480039
25848,0.154213374796963,0.47367759752891,0.0692222832277272,0.3028867444464
25849,0.326337138030349,0.177913664297025,0.357614287350331,0.138134910322295
25850,0.156031743274816,0.367038301934578,0.323030014597561,0.153899940193045
25851,0.686332036724794,0.131957653766732,0.0674411934754275,0.114269116033047
25852,0.190894800933203,0.249399414204663,0.244771537518261,0.314934247343873
25853,0.0856916528845689,0.320049948466517,0.446771399639852,0.147486999009063
25854,0.368180160869454,0.202677945860809,0.0641100276057181,0.365031865664019
25855,0.471651734306761,0.0953994343250454,0.148872431038434,0.28407640032976
25856,0.52559136972889,0.198125663089012,0.0558152891512617,0.220467678030837
25857,0.0578460812281049,0.135959590119183,0.25080264970127,0.555391678951442
25858,0.129936500281607,0.377434517115147,0.166728745840037,0.325900236763209
25859,0.15742443783126,0.0873727449657572,0.296693262420088,0.458509554782895
25860,0.362381024367034,0.122644777536393,0.148386670653073,0.3665875274435
25861,0.155259405514487,0.136689481494546,0.454156031157465,0.253895081833502
25862,0.229427913419933,0.0760042450960878,0.461845696554653,0.232722144929327
25863,0.0720241257056973,0.0541492837542161,0.750532591966542,0.123293998573544
25864,0.533355353769106,0.140723096651589,0.0957398723002488,0.230181677279056
25865,0.0712532383489833,0.292636132554832,0.502517332000841,0.133593297095344
25866,0.142076676282489,0.170485554637077,0.434549766726355,0.252888002354079
25867,0.146080582580978,0.400974016439996,0.168197543970734,0.284747857008292
25868,0.190029128793933,0.372931968712153,0.107075094265871,0.329963808228044
25869,0.0420513031680858,0.313475130905596,0.269624079952275,0.374849485974043
25870,0.104000543183382,0.0711255025591294,0.297795618808903,0.527078335448586
25871,0.0325643379216952,0.186018857696704,0.652528992553624,0.128887811827977
25872,0.0650919390816762,0.129554521034066,0.621943523169595,0.183410016714662
25873,0.0501850216613204,0.166032740077189,0.173440293914441,0.61034194434705
25874,0.541088248752099,0.061960073053992,0.201000027053529,0.19595165114038
25875,0.145187452375687,0.173509810256817,0.398732957404632,0.282569779962864
25876,0.50423764784749,0.0413770420592872,0.136075435289125,0.318309874804098
25877,0.526308881399681,0.0596998660012134,0.112927600155172,0.301063652443934
25878,0.339555956447351,0.110655773203691,0.161021889171528,0.388766381177431
25879,0.172185332372957,0.489292124303185,0.135503692246918,0.20301885107694
25880,0.180832589240255,0.6108044736085,0.121605839798463,0.0867570973527814
25881,0.361491532620915,0.386485071281709,0.180250602883971,0.0717727932134045
25882,0.294145707211992,0.332098667418514,0.235910854029485,0.137844771340009
25883,0.631168171683375,0.154542155881592,0.101438878715065,0.112850793719968
25884,0.206360082749572,0.390026143521002,0.286735855661112,0.116877918068313
25885,0.290523895505823,0.182791528388275,0.231287192388536,0.295397383717366
25886,0.0785843331865022,0.640657342127815,0.175718364549692,0.105039960135991
25887,0.361802070564351,0.170906908457149,0.255270313106121,0.212020707872378
25888,0.422962124798776,0.213679198409375,0.18279641781314,0.180562258978709
25889,0.208043540223775,0.255937303453518,0.345777106283225,0.190242050039482
25890,0.538357195392345,0.18120461295841,0.116661281125093,0.163776910524152
25891,0.174888710250522,0.131964599917229,0.60510088988206,0.0880457999501891
25892,0.228705377596734,0.286677115988294,0.262903248245153,0.221714258169819
25893,0.289601510185842,0.390634941388878,0.147432228459751,0.172331319965529
25894,0.495197847274799,0.313691036938821,0.0595466480120478,0.131564467774331
25895,0.373700979197969,0.151961505587356,0.254557086096969,0.219780429117706
25896,0.135823950972664,0.245554960836699,0.472621820479,0.145999267711638
25897,0.173098078779914,0.487248572526838,0.217168987523513,0.122484361169734
25898,0.246113843400717,0.487259114826587,0.197708991118473,0.0689180506542227
25899,0.126142295168713,0.516156590242246,0.170875371297448,0.186825743291593
25900,0.173481283922468,0.247251152223149,0.385123382793118,0.194144181061264
25901,0.239667328233951,0.204864190092171,0.463660960688475,0.091807520985403
25902,0.132410468383354,0.314478071844103,0.437474084549057,0.115637375223486
25903,0.1902594804991,0.272772293652271,0.405005265880621,0.131962959968007
25904,0.0726741532506624,0.313756578818099,0.498137236900782,0.115432031030456
25905,0.145739330197004,0.281856135618246,0.438367512525032,0.134037021659718
25906,0.333657064377364,0.494937683829876,0.110690744817768,0.0607145069749919
25907,0.172017767808324,0.542899265307075,0.210175758796828,0.0749072080877732
25908,0.288154279888017,0.17962202302784,0.293344079147155,0.238879617936988
25909,0.455664354010408,0.321741456804439,0.126239311079417,0.0963548781057364
25910,0.0595399450839187,0.383650286860398,0.429050205752933,0.12775956230275
25911,0.338492298556411,0.199091187330518,0.297242459860647,0.165174054252424
25912,0.361149143727441,0.327565888436947,0.159064407046089,0.152220560789523
25913,0.103028714826752,0.220717089993076,0.45623891414532,0.220015281034852
25914,0.179057439803653,0.236010761508567,0.458336796666768,0.126595002021013
25915,0.42865443171576,0.198307576505856,0.250000040559627,0.123037951218757
25916,0.148288583649581,0.508345962674949,0.142776155607269,0.200589298068201
25917,0.269136110685198,0.438732759444479,0.0790478311755037,0.213083298694818
25918,0.159595688139033,0.274369108494136,0.372931830885425,0.193103372481406
25919,0.307426184732722,0.047800112588399,0.311170355461663,0.333603347217216
25920,0.358964681764935,0.370321074127688,0.0708880332032648,0.199826210904112
25921,0.066453326067742,0.106434461949978,0.66450773581708,0.162604476165201
25922,0.0546573033304951,0.0598918640727426,0.399506027970564,0.485944804626199
25923,0.23584103659679,0.176854869151754,0.0625526001441726,0.524751494107284
25924,0.705243537088673,0.0991412265275311,0.0787746569881579,0.116840579395638
25925,0.119480735393028,0.098732983438889,0.599096439714123,0.18268984145396
25926,0.404646925830901,0.420150178483942,0.0687444055989479,0.106458490086209
25927,0.137562991787679,0.349858295793404,0.211819659626806,0.300759052792112
25928,0.141458722945209,0.413372461053148,0.268973074624872,0.176195741376771
25929,0.0447401480835615,0.401854958565007,0.0797055235021625,0.473699369849269
25930,0.253500252833482,0.323927155693119,0.315313781870901,0.107258809602498
25931,0.0383669757791897,0.046005781092074,0.815234626250172,0.100392616878564
25932,0.0545324521577747,0.415324966219987,0.133614781857802,0.396527799764437
25933,0.120527258482702,0.10145368698441,0.559842470689596,0.218176583843293
25934,0.0849579733147548,0.0792447489735439,0.544310459743661,0.291486817968041
25935,0.219669125341017,0.228031902906166,0.107729035719448,0.444569936033369
25936,0.215028430048903,0.0926562736704064,0.536025798091886,0.156289498188805
25937,0.677171131508609,0.0690075993048638,0.0716569207412286,0.182164348445298
25938,0.0648337733853875,0.58842116598669,0.0891508864906145,0.257594174137308
25939,0.12328769141675,0.0777218607701801,0.431982118686649,0.367008329126422
25940,0.0397104885778918,0.193895263276277,0.11988097660684,0.646513271538992
25941,0.0831764576824254,0.272682050590566,0.524273216344103,0.119868275382906
25942,0.108434072415975,0.390904911608942,0.233389941551661,0.267271074423422
25943,0.0372443123838491,0.317918669823418,0.278513201594624,0.366323816198109
25944,0.153938600184617,0.0840721142061813,0.099845529389869,0.662143756219332
25945,0.141345556109692,0.110281732815765,0.206760986101563,0.54161172497298
25946,0.610859085671053,0.112026588102651,0.0964505724332275,0.180663753793069
25947,0.420158308290085,0.167531333638048,0.165592269784328,0.246718088287539
25948,0.0336254184506351,0.0779772836246929,0.0893175666544966,0.799079731270175
25949,0.0529177885071449,0.235480029233065,0.499738208187443,0.211863974072348
25950,0.687480544590782,0.059423373627731,0.116833764192862,0.136262317588625
25951,0.0634456524095601,0.15840487441107,0.462942336989265,0.315207136190105
25952,0.0455104619258827,0.0985717298273617,0.5683940362071,0.287523772039656
25953,0.30158893078121,0.107217086899821,0.103105830358001,0.488088151960968
25954,0.632768202208752,0.0343899646180569,0.0405599256237679,0.292281907549423
25955,0.131072940513258,0.499046735268099,0.237850500822195,0.132029823396449
25956,0.206527370424857,0.249501462770975,0.466323404517675,0.0776477622864928
25957,0.486318721567327,0.309675435035564,0.124049009889434,0.0799568335076757
25958,0.312829078438577,0.371650056950271,0.185010007049665,0.130510857561487
25959,0.137799479346133,0.264260548400266,0.450754370138136,0.147185602115465
25960,0.480843258982596,0.318849104683788,0.121832832431565,0.0784748039020517
25961,0.37169552375152,0.126394410977827,0.427609300272858,0.0743007649977948
25962,0.518177022783285,0.227851710650362,0.123180950812455,0.130790315753898
25963,0.142544425947799,0.459563094151258,0.301580059507292,0.0963124203936515
25964,0.500066029990699,0.240509257181863,0.143845125591994,0.115579587235444
25965,0.288080138123031,0.177350314784339,0.383635459941444,0.150934087151186
25966,0.230344873648067,0.138581759547488,0.488400091611964,0.142673275192481
25967,0.316365476429782,0.1811148832829,0.175132919400055,0.327386720887263
25968,0.274253799985613,0.363553699498291,0.187419569943635,0.174772930572462
25969,0.104189449012901,0.340574433140117,0.477034146167186,0.0782019716797954
25970,0.256217056771072,0.369517147885353,0.227993663643901,0.146272131699674
25971,0.384962757355269,0.247455269063633,0.26183769193056,0.105744281650538
25972,0.21651944359745,0.409352587940319,0.197827247862589,0.176300720599643
25973,0.229655549896788,0.229696887198403,0.388459203779388,0.152188359125421
25974,0.419692972268908,0.0804075367854875,0.267127047746205,0.2327724431994
25975,0.0841705145917379,0.407290657433424,0.299362965604382,0.209175862370456
25976,0.0864783190629062,0.315820400871134,0.196888873617269,0.400812406448691
25977,0.510029590023925,0.106286671142725,0.293025926435532,0.0906578123978193
25978,0.187712742170914,0.521790616855896,0.213826066935109,0.0766705740380813
25979,0.693587865348177,0.0582980912028298,0.117409398927486,0.130704644521507
25980,0.0970518280655208,0.446106109977264,0.325829726423614,0.131012335533602
25981,0.562552016588391,0.113133157323647,0.223125681750397,0.101189144337566
25982,0.131271580300763,0.0573339123261177,0.640241217732271,0.171153289640848
25983,0.554460946849969,0.131841469323422,0.198145962547207,0.115551621279403
25984,0.354295726468453,0.0936897810547634,0.29513705432015,0.256877438156633
25985,0.16770702762768,0.101464688782605,0.0821664058193291,0.648661877770386
25986,0.50954278359345,0.0741759901929291,0.165594060450486,0.250687165763135
25987,0.0607242811036314,0.0716837791322956,0.754805502437726,0.112786437326347
25988,0.0694375821933729,0.505422049358765,0.320887527562862,0.104252840885
25989,0.0516664392231512,0.183271597209725,0.0974649797354834,0.66759698383164
25990,0.0540211319894506,0.10823383673052,0.670329835903216,0.167415195376813
25991,0.257124558525941,0.116152965037779,0.213604742798423,0.413117733637858
25992,0.0458715356593376,0.32674574688322,0.458166725500003,0.16921599195744
25993,0.270353177862548,0.420428718201087,0.0995965046288828,0.209621599307482
25994,0.193542128038181,0.144464146724033,0.266312453362664,0.395681271875122
25995,0.183705009860643,0.416209213669107,0.20176369474078,0.198322081729469
25996,0.269559429711475,0.160198248509617,0.408902067438731,0.161340254340177
25997,0.440068939558815,0.136977293257632,0.184609813147274,0.238343954036279
25998,0.331897647670265,0.304320377990516,0.149345842883387,0.214436131455832
25999,0.179617688679349,0.25174965464667,0.437218219171668,0.131414437502313
26000,0.110962035879467,0.428203569466204,0.186298785097686,0.274535609556644
26001,0.176664019817401,0.533504077891323,0.121257937725144,0.168573964566132
26002,0.514187922499998,0.146631066580298,0.200517669939953,0.138663340979751
26003,0.235190625983233,0.23416592415046,0.195223155655286,0.335420294211022
26004,0.0724190787042105,0.526867789574309,0.122440417381537,0.278272714339943
26005,0.0769960832862941,0.223721515093591,0.462813868289652,0.236468533330463
26006,0.138360851908774,0.388356514639483,0.175720012666489,0.297562620785254
26007,0.249044542228291,0.576931041076158,0.0803428364037298,0.0936815802918213
26008,0.0981260161980231,0.0511691040923386,0.669273793378905,0.181431086330733
26009,0.168830471590931,0.647975830520534,0.11291187367378,0.0702818242147554
26010,0.26079718684573,0.176820760780567,0.2134951081739,0.348886944199803
26011,0.766705507090155,0.0868046604891112,0.0646734046539163,0.0818164277668179
26012,0.2837611625744,0.21187693961527,0.230630384810035,0.273731513000295
26013,0.14791819214029,0.236082559927806,0.270166975861879,0.345832272070025
26014,0.306784406394184,0.282086957045544,0.200201166340125,0.210927470220148
26015,0.130882780735736,0.524220865745159,0.228769982987946,0.116126370531158
26016,0.380403863566143,0.233361260294849,0.252300468081081,0.133934408057927
26017,0.398415150552843,0.116468322723282,0.271147995727155,0.213968530996721
26018,0.303979632511486,0.307907563188002,0.102768765871153,0.285344038429359
26019,0.173862181620446,0.43807037317075,0.222985650579979,0.165081794628825
26020,0.289514137245494,0.15851989284605,0.349323029513133,0.202642940395323
26021,0.141768370283264,0.465172363079704,0.133389687032213,0.259669579604819
26022,0.3307049257882,0.277257686784522,0.161706310346842,0.230331077080436
26023,0.115367061364998,0.323116993342002,0.348187986681961,0.213327958611038
26024,0.247138751378314,0.13443507523627,0.468953038798178,0.149473134587238
26025,0.178938578103263,0.416687563021848,0.137486739210475,0.266887119664414
26026,0.186326166600225,0.346967939294095,0.171837486592842,0.294868407512837
26027,0.251667694420674,0.109201932789463,0.491660987728133,0.14746938506173
26028,0.26420302015771,0.186714771425522,0.145179477966855,0.403902730449912
26029,0.171337638186255,0.31089221998219,0.206921984669983,0.310848157161572
26030,0.254531730897172,0.125919352208177,0.100336638284724,0.519212278609927
26031,0.212792978005578,0.408012816159527,0.268667705223327,0.110526500611568
26032,0.456048680574389,0.227298547884299,0.222756358444953,0.0938964130963594
26033,0.3694771995623,0.36303602024389,0.117859927157651,0.149626853036159
26034,0.143014135719288,0.110442554492508,0.616035892871296,0.130507416916908
26035,0.406612737618893,0.0999050830583102,0.343207671178939,0.150274508143858
26036,0.356818866220361,0.0903150564962663,0.410169057672492,0.142697019610881
26037,0.119124404900206,0.720262744201894,0.0937502672076621,0.066862583690238
26038,0.105630340626667,0.372123388419133,0.252236420096388,0.270009850857812
26039,0.339477829917755,0.103744524864157,0.348975064164676,0.207802581053412
26040,0.162643506706478,0.217159760797054,0.548494522748722,0.0717022097477464
26041,0.338608140805352,0.243948694982202,0.2120744455419,0.205368718670546
26042,0.197582793339469,0.421857987962078,0.118876118583908,0.261683100114544
26043,0.0983476181285088,0.195275159758651,0.615366483001216,0.0910107391116239
26044,0.61017856391504,0.199376333351761,0.0946170407686925,0.0958280619645071
26045,0.177655716095839,0.609592386701229,0.112776733871906,0.099975163331026
26046,0.295921079455445,0.175651407793476,0.152162713783917,0.376264798967162
26047,0.371301771096291,0.173278478048944,0.236025550634571,0.219394200220194
26048,0.131097952575355,0.31336403905672,0.362507518013114,0.193030490354811
26049,0.149308327805927,0.215554282311331,0.536646554063055,0.0984908358196878
26050,0.230929434666913,0.145623039111787,0.468715221885814,0.154732304335485
26051,0.130997446587691,0.445017927891544,0.145534691122726,0.278449934398039
26052,0.108716796606686,0.2276557652887,0.154106820962772,0.509520617141842
26053,0.117956781869686,0.268527527680826,0.47994313238953,0.133572558059959
26054,0.180851807128386,0.303344985847235,0.163811577571685,0.351991629452694
26055,0.39914940164808,0.229418141547354,0.126076845563793,0.245355611240773
26056,0.282625083006663,0.119321039374592,0.281511588324391,0.316542289294354
26057,0.232655737643882,0.395162689214076,0.251637023687009,0.120544549455033
26058,0.128682484001077,0.390221138317813,0.123848121993069,0.357248255688041
26059,0.417270623238364,0.264196987078455,0.176031685374009,0.142500704309173
26060,0.316067124893858,0.405055914827608,0.119538436514384,0.159338523764151
26061,0.479445344747712,0.156466103011528,0.139373271521878,0.224715280718881
26062,0.213969999340925,0.255479116415114,0.278187026624477,0.252363857619484
26063,0.360009667810557,0.0739312898211967,0.318633087080649,0.247425955287597
26064,0.159606106175477,0.102231067079955,0.429343669770053,0.308819156974515
26065,0.539667816614207,0.147815736490076,0.0914058648131351,0.221110582082582
26066,0.237351904893992,0.34297275198809,0.119158750405188,0.30051659271273
26067,0.488722578950347,0.211529813354132,0.160572805556982,0.13917480213854
26068,0.111699346427108,0.506808092688805,0.165202259565347,0.216290301318741
26069,0.0950563681930968,0.20919484135603,0.505800847099666,0.189947943351207
26070,0.393645515004579,0.170272961245051,0.124297754540617,0.311783769209753
26071,0.298696724436631,0.161348894926774,0.14780652380493,0.392147856831665
26072,0.195515106714403,0.253256336121056,0.430396528158371,0.12083202900617
26073,0.264657598466851,0.382161662986217,0.136432230006772,0.216748508540159
26074,0.104528944398489,0.186327156714636,0.608657323861485,0.10048657502539
26075,0.199652012434239,0.23220196706451,0.26108943214717,0.307056588354081
26076,0.20594762272319,0.0969801961160892,0.460550681934029,0.236521499226692
26077,0.149960751271232,0.511646026276102,0.16780846036766,0.170584762085006
26078,0.092810027813385,0.258812347732577,0.555446044647602,0.0929315798064354
26079,0.100242762450932,0.256598497933716,0.338361783516586,0.304796956098766
26080,0.144731328242906,0.549398140736754,0.15957027004537,0.14630026097497
26081,0.133147535462393,0.175243197693521,0.523700124229169,0.167909142614917
26082,0.216410752321339,0.137520637045536,0.328694622071365,0.317373988561761
26083,0.190175350679874,0.247179182879969,0.229883549048307,0.332761917391851
26084,0.122489327280889,0.388942774778089,0.24594042501926,0.242627472921762
26085,0.253619425819913,0.184411371949927,0.233792062762623,0.328177139467537
26086,0.392157755258158,0.106813649337571,0.194544238806101,0.306484356598171
26087,0.167474204028622,0.293580912875173,0.380520602918158,0.158424280178048
26088,0.162129442869128,0.264931968918863,0.173037402741761,0.399901185470249
26089,0.255810512464823,0.131761686112433,0.180646099270798,0.431781702151946
26090,0.33217304718371,0.0529339847638163,0.398824768684632,0.216068199367841
26091,0.0864868663386372,0.0737641120316584,0.692930128168921,0.146818893460783
26092,0.151924867606261,0.255052114338809,0.0291591103124203,0.563863907742509
26093,0.440430418995577,0.17815249803895,0.076693596461207,0.304723486504266
26094,0.294252554563801,0.0429770897182249,0.145069633904995,0.517700721812979
26095,0.0418820663105397,0.233176901576647,0.240615158683211,0.484325873429603
26096,0.583886960098963,0.124590255207958,0.110947062071155,0.180575722621925
26097,0.0309648463139932,0.492864057488162,0.0772854661511435,0.398885630046701
26098,0.689477241702134,0.105240099676971,0.0812246251053988,0.124058033515497
26099,0.094466477539105,0.238433252385217,0.105533707539353,0.561566562536325
26100,0.55958438206107,0.121778908522607,0.140387504366296,0.178249205050026
26101,0.616391405884911,0.245196192268626,0.0286384118434705,0.109773990002992
26102,0.0800628116465214,0.125364069820988,0.145344387592909,0.649228730939582
26103,0.0469763906754458,0.634444999718028,0.147086947208368,0.171491662398158
26104,0.0540832058069849,0.224478646221643,0.14581436818291,0.575623779788462
26105,0.30972860463083,0.131468116909133,0.0541001936778459,0.504703084782191
26106,0.0383684022494933,0.547522302013514,0.141450523778334,0.272658771958659
26107,0.285929449266529,0.53598374598068,0.113776142174363,0.0643106625784281
26108,0.208030260029332,0.333405377026493,0.286749477322044,0.171814885622131
26109,0.214059925130485,0.28041832863014,0.349433267392421,0.156088478846955
26110,0.518512745565521,0.154531328858059,0.223098123563855,0.103857802012564
26111,0.177517441738512,0.208997273802787,0.465726999174789,0.147758285283913
26112,0.131569352941792,0.489292555541755,0.232607090578813,0.146531000937641
26113,0.237628083575745,0.380445316361235,0.191503445040552,0.190423155022468
26114,0.386763935812673,0.39481226217173,0.149702493175504,0.0687213088400927
26115,0.284993593742709,0.129897139569149,0.496319123775601,0.0887901429125414
26116,0.153231836912442,0.192208934679939,0.538180142672208,0.116379085735411
26117,0.322402693922033,0.237460567131826,0.155479977393565,0.284656761552577
26118,0.348376195823137,0.280507945497366,0.149211151967861,0.221904706711636
26119,0.168951487751324,0.597554824201879,0.144296147059786,0.089197540987011
26120,0.196010989487333,0.418109337827149,0.235343259968375,0.150536412717143
26121,0.39375147018418,0.197058648067421,0.175182316119057,0.234007565629342
26122,0.165038123018516,0.235622824242534,0.265203306061377,0.334135746677573
26123,0.22641215958707,0.232844380440271,0.330429482217809,0.210313977754851
26124,0.21672076571565,0.231676536676164,0.345639097439486,0.205963600168699
26125,0.342462356032324,0.242584855899723,0.324357733075531,0.0905950549924223
26126,0.59848147419484,0.0599003005647714,0.104666711169893,0.236951514070496
26127,0.490608341951847,0.278829870879895,0.109155327010537,0.121406460157722
26128,0.249188787607648,0.216558432417229,0.102712731510467,0.431540048464656
26129,0.160990891350267,0.271862008589172,0.44848704043016,0.118660059630402
26130,0.539012795609854,0.147069877650459,0.0882125717874421,0.225704754952244
26131,0.372926345752956,0.0522711944523349,0.209906936833451,0.364895522961259
26132,0.18281894526479,0.0650432514163031,0.456947987498007,0.295189815820899
26133,0.0652414408818165,0.412037850508592,0.244358339478271,0.27836236913132
26134,0.140906663180444,0.634384871880761,0.0989405716320304,0.125767893306764
26135,0.10209479316108,0.261596655851846,0.269127777522626,0.367180773464448
26136,0.281267721487717,0.266190399633834,0.0954038174579553,0.357138061420493
26137,0.111045290172004,0.538907112555618,0.120056449025832,0.229991148246547
26138,0.0788409509507217,0.318270227227884,0.0544157150745023,0.548473106746892
26139,0.148960449061795,0.534351507566469,0.0591072785326868,0.25758076483905
26140,0.220679550619774,0.0527844728889402,0.420260926618916,0.30627504987237
26141,0.25013458785446,0.135728985162228,0.122707071752404,0.491429355230909
26142,0.0560112659823332,0.532398874354158,0.15172680349742,0.259863056166089
26143,0.0926008676742958,0.306287540097236,0.360013013646177,0.241098578582292
26144,0.0378544976476171,0.134242328230888,0.440423369928245,0.38747980419325
26145,0.445147768270879,0.102333247762617,0.169013226246976,0.283505757719529
26146,0.220503561413122,0.151282021181086,0.455268074450311,0.172946342955481
26147,0.216803129639191,0.524670495055729,0.148356616009019,0.110169759296061
26148,0.535010426429052,0.200054348031738,0.152808805850683,0.112126419688527
26149,0.0722653019601481,0.576314640415514,0.19962004510478,0.151800012519558
26150,0.249549600421302,0.274934146071628,0.130341985863114,0.345174267643956
26151,0.289362667160205,0.241961150670303,0.249943276201545,0.218732905967947
26152,0.088693103711469,0.514209860411917,0.115107769123195,0.281989266753419
26153,0.10053335326667,0.135375728668831,0.537376086808894,0.226714831255604
26154,0.186795930722979,0.160033378542019,0.227422878262173,0.425747812472829
26155,0.0497336496488591,0.548238664473536,0.237521388032897,0.164506297844708
26156,0.206363713426047,0.258388806168886,0.228599613222764,0.306647867182304
26157,0.113953262449061,0.217753182987002,0.560757876162924,0.107535678401013
26158,0.597972473227456,0.218168091786055,0.0799043656545465,0.103955069331942
26159,0.171337574465453,0.166809867924761,0.458108206734732,0.203744350875053
26160,0.173304610427803,0.19292892545287,0.348842708835655,0.284923755283671
26161,0.13589009086105,0.361615725548737,0.244458256918313,0.2580359266719
26162,0.220553682953447,0.0768636873618102,0.562387494643896,0.140195135040847
26163,0.458153210419433,0.0948172242324929,0.147209160077297,0.299820405270777
26164,0.059787297995906,0.394756968197097,0.353154621721991,0.192301112085006
26165,0.343566380645404,0.202844060937669,0.27903656850488,0.174552989912048
26166,0.210506270249473,0.123204265917624,0.586263336208919,0.080026127623984
26167,0.137473274368303,0.311615725910153,0.200506786857157,0.350404212864387
26168,0.109792255177561,0.407058747064286,0.360520333271155,0.122628664486998
26169,0.521686309578507,0.0522010135731393,0.277816914175038,0.148295762673316
26170,0.0921621382480645,0.573187993355729,0.229797168312339,0.104852700083868
26171,0.11632586680684,0.154524639668958,0.660423634103343,0.0687258594208589
26172,0.149928617464477,0.383809512647428,0.320330484385438,0.145931385502657
26173,0.089413712389724,0.325645787521919,0.480603545409394,0.104336954678963
26174,0.19049307864819,0.335628144962709,0.260242361217359,0.213636415171742
26175,0.065992465372826,0.703239612962975,0.0402599727854968,0.190507948878703
26176,0.191234225233994,0.113594943121121,0.563993530951158,0.131177300693726
26177,0.0441751841353906,0.0726510607284249,0.475456024034448,0.407717731101737
26178,0.0496822605341262,0.41743157779916,0.0991585590322643,0.433727602634449
26179,0.58463624249716,0.194727797142565,0.0415793042859829,0.179056656074292
26180,0.308269623776043,0.317633235879188,0.0776572861290295,0.296439854215739
26181,0.287398181171901,0.192671572918702,0.154122322873494,0.365807923035903
26182,0.0490140137424589,0.532396233544288,0.205348819547182,0.213240933166071
26183,0.193486857659841,0.311381822251319,0.423994242060379,0.0711370780284609
26184,0.0928984091313413,0.170779649435355,0.501263851902469,0.235058089530835
26185,0.374152211049837,0.407484842524591,0.134776489916926,0.0835864565086452
26186,0.144506605940472,0.205276340587765,0.471949411366391,0.178267642105372
26187,0.479035978399149,0.242931141034198,0.124860078546989,0.153172802019664
26188,0.181296180483916,0.323808043987543,0.3692726251714,0.125623150357141
26189,0.380197148462999,0.175213752160933,0.264867418622316,0.179721680753752
26190,0.487806538842469,0.197127530515557,0.153000225034256,0.162065705607718
26191,0.368118588392628,0.316037623049114,0.183376425635957,0.132467362922302
26192,0.112355779448547,0.194811285838613,0.575188513000422,0.117644421712418
26193,0.208872035318601,0.333199789022096,0.301737707018553,0.15619046864075
26194,0.209633619560133,0.5380003367002,0.115586513374382,0.136779530365286
26195,0.161723423431854,0.435531878593439,0.240658944432487,0.162085753542221
26196,0.288714043703111,0.113917681288729,0.410797660415929,0.186570614592231
26197,0.182870046593621,0.328283960318692,0.20204416239357,0.286801830694118
26198,0.183164958710032,0.647288170387146,0.102693831884531,0.0668530390182913
26199,0.353380057214586,0.174799202738984,0.177326668104443,0.294494071941987
26200,0.137951861144423,0.298440323442036,0.284474064544263,0.279133750869278
26201,0.510101285526646,0.231004574752901,0.0831396688952778,0.175754470825175
26202,0.600952173475648,0.123351977542591,0.153268746924508,0.122427102057253
26203,0.550032842776753,0.22598618192434,0.114161357237482,0.109819618061424
26204,0.29907980923132,0.15559828185572,0.256567562191528,0.288754346721432
26205,0.146446583478464,0.36978863793873,0.238598824660546,0.245165953922261
26206,0.246275242488498,0.193153671348259,0.0890436135425538,0.471527472620689
26207,0.197092720056499,0.272123599489783,0.220358646215479,0.310425034238239
26208,0.540136537999071,0.0683224106934742,0.257384664301834,0.134156387005621
26209,0.404099951820049,0.442744769525912,0.0321516627695144,0.121003615884525
26210,0.688849491943432,0.131172411893719,0.0667066501657961,0.113271445997053
26211,0.251545524072167,0.443132697775973,0.0876489429078206,0.21767283524404
26212,0.155200071131959,0.407924028722199,0.150236851873512,0.286639048272331
26213,0.316225179209269,0.376915099768947,0.109071811582762,0.197787909439021
26214,0.0715509992268587,0.175435062951003,0.623172330524245,0.129841607297893
26215,0.20185022776852,0.460898057759192,0.0665754998810031,0.270676214591284
26216,0.130593165192809,0.219028042426316,0.394720670981147,0.255658121399729
26217,0.260189453819205,0.0909317650761172,0.256865983312107,0.39201279779257
26218,0.0762409149384174,0.648638923413079,0.189305512926065,0.0858146487224392
26219,0.327902025719562,0.0951533801977624,0.180394059215679,0.396550534866996
26220,0.0923687803204305,0.199734502359704,0.609299702168149,0.0985970151517169
26221,0.182970841191722,0.172597056630706,0.527955820824374,0.116476281353198
26222,0.555783689164658,0.139966368646862,0.210702004190866,0.093547937997614
26223,0.184142444733472,0.395313178443463,0.294940924110532,0.125603452712533
26224,0.362502495419862,0.127499068521778,0.402378983340367,0.107619452717993
26225,0.137164057035199,0.170491840242369,0.551557929931732,0.1407861727907
26226,0.244070117561724,0.587018784032459,0.0768368811816443,0.0920742172241725
26227,0.17776391355149,0.392669905233319,0.259159887033506,0.170406294181685
26228,0.221480189127445,0.18033252666466,0.428755219660465,0.16943206454743
26229,0.174478374521907,0.302573727662162,0.144585693765799,0.378362204050133
26230,0.048365103030654,0.624564295317561,0.25369584886323,0.0733747527885551
26231,0.475848709510968,0.147515951570486,0.236484883692839,0.140150455225708
26232,0.226809449274849,0.215948558310942,0.384695146112567,0.172546846301642
26233,0.596090936009019,0.108779320658087,0.126287375755473,0.168842367577422
26234,0.437997190317268,0.161199907538032,0.301321019757194,0.0994818823875054
26235,0.133249918238711,0.294177749533069,0.223997158567285,0.348575173660935
26236,0.196672233559956,0.281838565607763,0.372523151146999,0.148966049685281
26237,0.123090375664743,0.548354182957617,0.12462486046148,0.203930580916161
26238,0.15905823657411,0.602525135802156,0.0809771665568343,0.1574394610669
26239,0.343959786521571,0.243857395509692,0.195571777619145,0.216611040349593
26240,0.299759648185942,0.107687699152696,0.462538267421087,0.130014385240275
26241,0.124783678888737,0.280066232794922,0.506098110165466,0.0890519781508757
26242,0.0778582198898959,0.54759748441198,0.263714875784056,0.110829419914067
26243,0.169332585230037,0.635108571064334,0.099237029127531,0.0963218145780981
26244,0.16775558903155,0.275998772889418,0.325661940941162,0.23058369713787
26245,0.188520005799614,0.148359645329622,0.576721642750714,0.0863987061200495
26246,0.354140050126941,0.237200143505285,0.327690253823423,0.0809695525443515
26247,0.442391372498392,0.136708393711715,0.284418218787553,0.136482015002341
26248,0.116325140314132,0.562801302444758,0.138189091031265,0.182684466209845
26249,0.279944265805579,0.377280513627375,0.133003199041014,0.209772021526031
26250,0.483408859004929,0.162220390898179,0.161985365763109,0.192385384333784
26251,0.0858111767539036,0.145314365612989,0.295471649132244,0.473402808500863
26252,0.119366846060122,0.628796445616694,0.117056989956334,0.13477971836685
26253,0.167644065050126,0.357067806943509,0.206560705845104,0.268727422161261
26254,0.174052974232737,0.077193754858131,0.600107581482459,0.148645689426674
26255,0.137390647615882,0.240645884775358,0.278517305849332,0.343446161759427
26256,0.38587969989934,0.212287963300881,0.293998309280791,0.107834027518989
26257,0.231573459620251,0.0924761472688399,0.438417855219874,0.237532537891036
26258,0.0870372545628669,0.164151578668715,0.635375763777471,0.113435402990947
26259,0.420364445308,0.111881982139846,0.291626579894839,0.176126992657315
26260,0.398029330413941,0.174431633120135,0.192725665578918,0.234813370887006
26261,0.222366042107251,0.221685146279339,0.117040536124833,0.438908275488576
26262,0.666932431373636,0.109850862960578,0.068440574586073,0.154776131079713
26263,0.0861720153504047,0.592204294047816,0.136827532146988,0.184796158454791
26264,0.170972195694211,0.196575268526471,0.169860813614375,0.462591722164943
26265,0.27559352884245,0.235360223823409,0.175043912914676,0.314002334419465
26266,0.175871563605101,0.2710036645078,0.289179704125323,0.263945067761775
26267,0.227100169996953,0.0663215937893823,0.510129327675309,0.196448908538355
26268,0.229965753954343,0.0436811364763926,0.547173441619329,0.179179667949936
26269,0.435893899564642,0.135056621469961,0.154760648151352,0.274288830814045
26270,0.244732836198765,0.426449868149755,0.151580408830789,0.177236886820691
26271,0.199045140083042,0.152627186426603,0.520637693098761,0.127689980391593
26272,0.122194629618145,0.503360075315133,0.123592783714122,0.2508525113526
26273,0.407893440887722,0.263392565999999,0.121997289058333,0.206716704053946
26274,0.629959676895105,0.146682227957257,0.105723965723914,0.117634129423724
26275,0.134121281215959,0.66797402169835,0.0552524982750149,0.142652198810676
26276,0.234781506046596,0.128759415718586,0.427799456863535,0.208659621371283
26277,0.096536399945282,0.0797809776495682,0.477222214986002,0.346460407419148
26278,0.165436698519312,0.378654180702127,0.252081670983352,0.20382744979521
26279,0.170264896594863,0.237072013661625,0.412368886761109,0.180294202982404
26280,0.395957726023121,0.121985965116975,0.297971689596033,0.184084619263871
26281,0.304582112486097,0.297041710493007,0.17972667751954,0.218649499501356
26282,0.258947455358829,0.454539056785347,0.132080554512526,0.154432933343297
26283,0.204422034351421,0.224477729761443,0.319434760888166,0.251665474998971
26284,0.304037770677397,0.383121246830115,0.0974603037730621,0.215380678719426
26285,0.16897383851098,0.190170948436055,0.456487434124124,0.184367778928841
26286,0.4680745166819,0.191329551981079,0.245181971145383,0.0954139601916376
26287,0.185371423454147,0.250948860867463,0.320300732070948,0.243378983607442
26288,0.174475894312681,0.358942537777297,0.291714887272228,0.174866680637794
26289,0.219374706599781,0.404499674548696,0.157752445771617,0.218373173079905
26290,0.22399709758493,0.149945900813794,0.484425353707219,0.141631647894058
26291,0.315664191693053,0.319459777311601,0.222946190210927,0.141929840784419
26292,0.174742347750974,0.297289649480468,0.295784983502041,0.232183019266518
26293,0.17796362194231,0.261201298982647,0.233599054298209,0.327236024776834
26294,0.175646236289526,0.560992559876211,0.18018802036762,0.083173183466643
26295,0.21409850076507,0.295612770325595,0.2781926690857,0.212096059823635
26296,0.227565749789845,0.191078721458969,0.311301005438674,0.270054523312512
26297,0.201701970214902,0.156188957811834,0.413912014578519,0.228197057394746
26298,0.0808088061125168,0.151077118192093,0.659961569605434,0.108152506089956
26299,0.0736846170899737,0.506646563348498,0.285873400631975,0.133795418929553
26300,0.221993862344428,0.112067674647795,0.448005059361151,0.217933403646626
26301,0.145496646326409,0.434167198127704,0.144393272375844,0.275942883170043
26302,0.0871068791657791,0.739244855435566,0.0855407955907831,0.0881074698078716
26303,0.311608324560918,0.306124650154061,0.163184866345948,0.219082158939073
26304,0.153981649395909,0.157096677027638,0.425505221323871,0.263416452252583
26305,0.54560061606367,0.215026073551258,0.0777636663798136,0.161609644005259
26306,0.297877529419643,0.0874289437708253,0.126908031310704,0.487785495498828
26307,0.0677527024690506,0.528604825394299,0.319011141638201,0.08463133049845
26308,0.34754451163684,0.0681056635892247,0.1680546949376,0.416295129836336
26309,0.0594754999123459,0.397739397271427,0.180864423692432,0.361920679123795
26310,0.10844042116142,0.226959185096082,0.521926583378212,0.142673810364287
26311,0.4613488694887,0.315218197373289,0.120398808107676,0.103034125030335
26312,0.207960916794735,0.528583535682278,0.157126914102223,0.106328633420764
26313,0.154726150091034,0.347336319650823,0.276433805244346,0.221503725013797
26314,0.0710224527683497,0.383529985425903,0.201437080247757,0.344010481557991
26315,0.424577751706408,0.172732009070714,0.120587182145817,0.282103057077061
26316,0.130109284965137,0.0715122348384374,0.180997323252715,0.617381156943711
26317,0.170241378751279,0.242407551074893,0.130632880043417,0.456718190130411
26318,0.0750921998938158,0.162577360742313,0.206484533167939,0.555845906195932
26319,0.579240996240254,0.0305809078900228,0.0884790743943344,0.301699021475389
26320,0.0705520951575611,0.243786952154819,0.111349171298731,0.574311781388888
26321,0.581947444275902,0.134580488348688,0.101776022451494,0.181696044923916
26322,0.517157679909693,0.143574060729965,0.164438476193958,0.174829783166384
26323,0.037894102530728,0.700169400828249,0.151841156327256,0.110095340313768
26324,0.107925907641572,0.130697353005697,0.0745180874566101,0.686858651896121
26325,0.188096327577275,0.0479459317457387,0.388778347537157,0.37517939313983
26326,0.683289333350231,0.0597898720307512,0.15034094957352,0.106579845045498
26327,0.536672457048393,0.0450856426024662,0.0316733764699543,0.386568523879186
26328,0.151088579098304,0.642881792256625,0.0387280269253859,0.167301601719685
26329,0.0867600469618436,0.0648773743905312,0.518786367155418,0.329576211492207
26330,0.060351529276057,0.108217503088017,0.108880515546452,0.722550452089474
26331,0.316325699698959,0.0813958993144057,0.0672637284914695,0.535014672495166
26332,0.100144470552115,0.488091426608992,0.0463869291941481,0.365377173644745
26333,0.193768820705657,0.0604968296891922,0.165601979079447,0.580132370525704
26334,0.46309418305303,0.0535708440392306,0.0409785262139272,0.442356446693812
26335,0.162262391891814,0.361017735920478,0.307995386745839,0.168724485441868
26336,0.217361079072175,0.280576116036028,0.252380618911914,0.249682185979883
26337,0.530473374203126,0.0560462902097478,0.325797870106535,0.0876824654805909
26338,0.109553503104505,0.410718930946338,0.142846063872523,0.336881502076634
26339,0.164631132987604,0.439802083572307,0.140270779984824,0.255296003455266
26340,0.229826610263651,0.127601452495895,0.252937867346914,0.38963406989354
26341,0.0636546029871969,0.082133166992801,0.748614508886151,0.105597721133851
26342,0.371076201614691,0.203881795857023,0.280782625013883,0.144259377514403
26343,0.241887002953207,0.370731839489485,0.243284748950373,0.144096408606935
26344,0.199323544507272,0.276942709629335,0.334325954810008,0.189407791053385
26345,0.30790692489398,0.133796049388166,0.460948654383928,0.0973483713339258
26346,0.0776742119642239,0.112235866395408,0.116849931757714,0.693239989882655
26347,0.20333070161897,0.646651824770695,0.0452300420627586,0.104787431547576
26348,0.0911834242162839,0.165381357825446,0.564632957455337,0.178802260502933
26349,0.0977094026911682,0.109352800222463,0.525877172234066,0.267060624852303
26350,0.234038959354673,0.128759891130949,0.262750456381279,0.3744506931331
26351,0.0413878366520972,0.51344060638641,0.273404972815928,0.171766584145565
26352,0.129652369001698,0.240697818945753,0.125352964619837,0.504296847432711
26353,0.0895409739622442,0.428960740342939,0.161957305841917,0.3195409798529
26354,0.297813919444465,0.311437699323205,0.167356336669911,0.22339204456242
26355,0.161763931323726,0.148903821048235,0.22754952757599,0.461782720052049
26356,0.271826750930832,0.0860685921011445,0.556920074753717,0.0851845822143068
26357,0.0782497378807548,0.21908582472138,0.343102747031956,0.359561690365909
26358,0.135873574119188,0.242788967939294,0.501338638931174,0.119998819010345
26359,0.191893944543363,0.260766263121312,0.115010921131683,0.432328871203641
26360,0.228275702731783,0.442354046127616,0.185140148190053,0.144230102950549
26361,0.155038301212088,0.123301975611862,0.493078717094847,0.228581006081203
26362,0.216757347303862,0.174672393960193,0.158946191959729,0.449624066776216
26363,0.0604633000365469,0.399207281830143,0.147670320112769,0.392659098020542
26364,0.635451437644335,0.134441195096018,0.0745511848535492,0.155556182406098
26365,0.0459218651607807,0.378854351882441,0.198735302320633,0.376488480636145
26366,0.33163197496942,0.147673219297062,0.305997080339335,0.214697725394183
26367,0.334051723691212,0.090550705575037,0.108733183857931,0.46666438687582
26368,0.14114199904568,0.092731440484099,0.581106313875841,0.18502024659438
26369,0.0973946211168406,0.345451808892831,0.171586496778431,0.385567073211898
26370,0.638939703009307,0.13016793723097,0.0860186001587355,0.144873759600987
26371,0.069975408250394,0.0847291744670054,0.245057426041208,0.600237991241393
26372,0.181039496089534,0.647230960765724,0.0648362278292695,0.106893315315473
26373,0.102006522259784,0.619772852174966,0.143721326785312,0.134499298779938
26374,0.156385224601586,0.161987218159606,0.239917062723252,0.441710494515556
26375,0.0801193694514885,0.176711185872486,0.5814018380453,0.161767606630725
26376,0.499298592739173,0.189512348314651,0.152868301403938,0.158320757542239
26377,0.198014883374123,0.265885305269673,0.130685854589563,0.405413956766642
26378,0.151844035974921,0.138782509978172,0.416037409689713,0.293336044357194
26379,0.0765127775317135,0.139950157304904,0.664102519445309,0.119434545718074
26380,0.122508450653083,0.278613862037479,0.344908911515731,0.253968775793706
26381,0.667956401702066,0.0890947049994967,0.113440508073056,0.129508385225381
26382,0.321106331349999,0.19634937560085,0.231548141141898,0.250996151907253
26383,0.151668346143602,0.609440250248066,0.0761373777889657,0.162754025819366
26384,0.224550486493116,0.110177261967299,0.45555439790258,0.209717853637005
26385,0.053219073084934,0.293420262124627,0.0890130047830673,0.564347660007372
26386,0.0565049145341347,0.143011885761216,0.574620732748324,0.225862466956326
26387,0.0966689611716022,0.149712415387893,0.278472339307365,0.47514628413314
26388,0.220936495834985,0.167065323728768,0.369232464096443,0.242765716339804
26389,0.129741591014301,0.453645467981808,0.230039065758634,0.186573875245257
26390,0.240121715784125,0.30384873706264,0.228691028823551,0.227338518329684
26391,0.23986943789117,0.14861596832564,0.534531607698893,0.0769829860842984
26392,0.203343586056905,0.36824845115472,0.292645417609106,0.135762545179269
26393,0.0805317830840905,0.259401881803808,0.281245053579704,0.378821281532397
26394,0.456763794255941,0.183678789568602,0.149884900125662,0.209672516049795
26395,0.618115346194704,0.084926641429425,0.0667234736971908,0.230234538678681
26396,0.317587304175957,0.186450204713614,0.180644852593924,0.315317638516506
26397,0.296738487310309,0.197734703897938,0.218804452866494,0.286722355925259
26398,0.228665829850313,0.196677374962595,0.0744557615174435,0.500201033669649
26399,0.2340599140746,0.44255474207455,0.0922855081403129,0.231099835710537
26400,0.234632938337886,0.0962882702456738,0.225712459838959,0.443366331577481
26401,0.216715823764993,0.262241650776375,0.288966545280862,0.23207598017777
26402,0.0430762351677196,0.498869417659444,0.173309108773239,0.284745238399597
26403,0.194504057882708,0.581722253564185,0.074132033242085,0.149641655311021
26404,0.609410541866941,0.0625659095193142,0.108587741949775,0.21943580666397
26405,0.0480447654053789,0.741685135457801,0.0657096903296843,0.144560408807137
26406,0.220893015579415,0.0735582697869979,0.575406225184048,0.130142489449539
26407,0.156186935097214,0.140527197188972,0.359973668900829,0.343312198812985
26408,0.256648314854638,0.0900843291725243,0.382240231352833,0.271027124620004
26409,0.149420914790111,0.592259359485783,0.0994929216709665,0.15882680405314
26410,0.0618892906747304,0.0727937335949813,0.521278421715798,0.34403855401449
26411,0.324615476403003,0.385618934001309,0.187572986859677,0.102192602736012
26412,0.289297493555781,0.293284471557049,0.287499501831339,0.129918533055832
26413,0.189740950403484,0.191428863641585,0.446162163982481,0.17266802197245
26414,0.173839141721347,0.291327860085069,0.301519689728295,0.233313308465289
26415,0.328958990554007,0.488752862693118,0.108305095876647,0.0739830508762274
26416,0.151410811353096,0.181327402785118,0.539385707954027,0.127876077907759
26417,0.202041787063038,0.387410182395359,0.17853355541669,0.232014475124914
26418,0.2268353541518,0.307284690672039,0.208245861392706,0.257634093783456
26419,0.197113444877902,0.29834278365874,0.319250547667781,0.185293223795577
26420,0.474111429133262,0.140389606682268,0.19587918868476,0.189619775499711
26421,0.589715901664343,0.188817195717686,0.129860368735974,0.0916065338819974
26422,0.284128222364993,0.200344322212865,0.267927918774902,0.247599536647241
26423,0.14664327317601,0.365095610318656,0.317366072495784,0.17089504400955
26424,0.485804882077771,0.16875699674333,0.148750722150904,0.196687399027996
26425,0.184346685579252,0.186261316851986,0.442708342984315,0.186683654584448
26426,0.202406462752149,0.190192455934132,0.38392060956006,0.22348047175366
26427,0.207157913514214,0.474048270974375,0.204904094896144,0.113889720615267
26428,0.323789642206994,0.398494046418433,0.153987643153122,0.123728668221452
26429,0.0744299909113699,0.624615838120821,0.190493634988905,0.110460535978904
26430,0.250635301744136,0.302674670850904,0.346534728516589,0.100155298888371
26431,0.388185395511313,0.396606256165784,0.146069524935166,0.0691388233877375
26432,0.143603380009439,0.484133469108509,0.238115501403292,0.134147649478761
26433,0.251035920255385,0.290586923336007,0.324875978013098,0.13350117839551
26434,0.246371034634033,0.373701786363816,0.208236458513127,0.171690720489024
26435,0.231886024325774,0.385758462977752,0.172319069190149,0.210036443506325
26436,0.47976552796571,0.165776871706152,0.243849051943372,0.110608548384766
26437,0.151596822355058,0.206276811678972,0.525299712753124,0.116826653212846
26438,0.169016062549669,0.373242802091597,0.368761775046265,0.0889793603124693
26439,0.160701018101825,0.13079534360775,0.62641411012171,0.0820895281687159
26440,0.21479129600666,0.394741904227993,0.271227944825743,0.119238854939604
26441,0.183727744303114,0.547958567398907,0.152535939849102,0.115777748448878
26442,0.488945188618297,0.195140727796466,0.13278892859907,0.183125154986168
26443,0.543058346177272,0.201263542710074,0.172831882174611,0.0828462289380424
26444,0.634994999963873,0.134147635786246,0.165433644138353,0.065423720111528
26445,0.311419657356224,0.363087083743481,0.203106579666579,0.122386679233716
26446,0.431517354242746,0.370933963296863,0.0900885149525797,0.107460167507812
26447,0.274201029734444,0.322083996289092,0.29115536299604,0.112559610980423
26448,0.213534499770604,0.366099248357062,0.285161867307669,0.135204384564664
26449,0.515654614362291,0.140988531146805,0.0495049662282288,0.293851888262676
26450,0.349013373812296,0.156418784896479,0.0403406580612936,0.454227183229931
26451,0.272636042189758,0.356599717475119,0.246373654852722,0.124390585482401
26452,0.0765355673398033,0.38994522623213,0.193814045859289,0.339705160568778
26453,0.0435952587356573,0.120889132243981,0.64962371139849,0.185891897621871
26454,0.263419925985452,0.0539851729213793,0.253410991675269,0.4291839094179
26455,0.0739751115530876,0.360054107936769,0.0443018872297929,0.521668893280351
26456,0.119364053848528,0.127913793174646,0.218184701773438,0.534537451203388
26457,0.107482478912803,0.175674427001968,0.368853671236219,0.347989422849011
26458,0.0992736824461652,0.382405441795519,0.0713695609514854,0.446951314806831
26459,0.026694853197523,0.0435630754745543,0.446664972248827,0.483077099079096
26460,0.0512812066288322,0.228349954725349,0.0516190312164807,0.668749807429339
26461,0.099389845824083,0.196176936007291,0.412990563202259,0.291442654966368
26462,0.401405619178169,0.297138719263959,0.0349526438552401,0.266503017702632
26463,0.054499876853157,0.068268126808271,0.533247908255907,0.343984088082665
26464,0.0309184199866946,0.252041077675205,0.235918961689745,0.481121540648355
26465,0.0300598343489439,0.28013441708654,0.188124010817508,0.501681737747007
26466,0.108106869881749,0.453728240912199,0.0286060247264774,0.409558864479574
26467,0.559873287805117,0.0330651152427843,0.0244855875618777,0.382576009390222
26468,0.309970875954144,0.399213436164859,0.192339203652622,0.0984764842283753
26469,0.404682999699827,0.266938821206369,0.200918602086254,0.12745957700755
26470,0.165681154102698,0.343222563643771,0.32834772183405,0.162748560419481
26471,0.535543433167208,0.187300597440257,0.212532498753059,0.0646234706394766
26472,0.0839640421306552,0.117318476252921,0.732460396658485,0.0662570849579392
26473,0.567613820815165,0.141901797888756,0.148700921812386,0.141783459483693
26474,0.0960602597975401,0.291886768305655,0.469035046594456,0.143017925302349
26475,0.302044720099036,0.154136512281013,0.330459995228534,0.213358772391418
26476,0.158442876830966,0.306081157467647,0.176088550286206,0.359387415415181
26477,0.155913463029639,0.18891618152272,0.499043668341354,0.156126687106287
26478,0.265200433565026,0.229751389032101,0.308903073128066,0.196145104274806
26479,0.210207793651098,0.26320695942851,0.380197894506899,0.146387352413493
26480,0.416316684227281,0.2319832609886,0.201486771258546,0.150213283525573
26481,0.190803186521505,0.187955880784908,0.425152322562089,0.196088610131498
26482,0.265094523856137,0.173465971861545,0.387970184513631,0.173469319768687
26483,0.241105499690594,0.387198471599938,0.164342679722944,0.207353348986524
26484,0.128092127959022,0.177838383273288,0.532826871844965,0.161242616922725
26485,0.112431898217093,0.611328206082348,0.172541651250076,0.103698244450483
26486,0.291388558548116,0.197819973895245,0.215720000628683,0.295071466927956
26487,0.0752484851455265,0.242399662386177,0.574745575787396,0.1076062766809
26488,0.144787229079685,0.329664719076437,0.331612088266849,0.193935963577029
26489,0.257968041159382,0.280183541115819,0.268983382544257,0.192865035180541
26490,0.255617231958955,0.239505326452109,0.305167529381073,0.199709912207864
26491,0.374702328618349,0.35278299776165,0.169836747952024,0.102677925667977
26492,0.189198817244145,0.453912621886466,0.231576588500405,0.125311972368985
26493,0.150181471902573,0.102093891218275,0.531160597960444,0.216564038918708
26494,0.348755278747567,0.36477545601842,0.11999994486748,0.166469320366533
26495,0.500717571910397,0.163217961188613,0.0790262649570037,0.257038201943986
26496,0.133957191907813,0.096016853109731,0.702044740490559,0.0679812144918971
26497,0.26665313832397,0.0849703865729712,0.54625910851956,0.102117366583499
26498,0.505342541121829,0.0892808888219144,0.186395976966472,0.218980593089784
26499,0.264585375236545,0.161654219382896,0.295578229472033,0.278182175908526
26500,0.203246465566941,0.512350323231988,0.163346216056153,0.121056995144918
26501,0.414285142897969,0.166647730086099,0.200446316926718,0.218620810089214
26502,0.476250778503714,0.180012860654676,0.176192976808222,0.167543384033387
26503,0.129411476313221,0.553101549799602,0.208098377273492,0.109388596613686
26504,0.123245879994475,0.126610922114248,0.3324695423777,0.417673655513577
26505,0.0943616673749684,0.452573959775419,0.207329876122211,0.245734496727401
26506,0.0771334633361129,0.317990923563141,0.28088359571502,0.323992017385726
26507,0.541536211468586,0.148924751202666,0.0593141086974855,0.250224928631262
26508,0.282295330206265,0.352787791650591,0.0386511558695975,0.326265722273547
26509,0.112706828279207,0.692224961730431,0.0452866315949193,0.149781578395443
26510,0.167716638194712,0.242522426607225,0.169615639838004,0.420145295360059
26511,0.0911087452893804,0.322884815391983,0.505780439805752,0.0802259995128848
26512,0.0950121751353523,0.167163855855713,0.112059018140466,0.625764950868468
26513,0.102696094914205,0.383138037788686,0.399309603415936,0.114856263881173
26514,0.0998307724481527,0.387094706161199,0.15592887419141,0.357145647199238
26515,0.238645538955523,0.156440649941887,0.47223521539038,0.132678595712211
26516,0.178798758954927,0.0843992153699683,0.167374793849588,0.569427231825518
26517,0.169512666910548,0.31062228238042,0.151044735046828,0.368820315662204
26518,0.125681147897534,0.0553524759877756,0.323779286942671,0.495187089172019
26519,0.381602430604208,0.189708029875071,0.105992697833085,0.322696841687636
26520,0.605587155218799,0.0807056893162795,0.049440915100878,0.264266240364044
26521,0.172926812051335,0.425332961895092,0.0603865182144982,0.341353707839075
26522,0.84879942432409,0.0433876862945469,0.0333276756004046,0.0744852137809581
26523,0.0639850001936633,0.380291681527221,0.298367683962641,0.257355634316474
26524,0.373300680258544,0.0635581243723348,0.0817414289514362,0.481399766417685
26525,0.310628041506171,0.159220397516322,0.156975625551133,0.373175935426374
26526,0.127497053417989,0.544963893592388,0.239189494202572,0.0883495587870508
26527,0.193878741747309,0.230744615043054,0.377792988579734,0.197583654629903
26528,0.0670451671798865,0.517531537554962,0.308579013773949,0.106844281491202
26529,0.26881716418533,0.112816059511386,0.491785605899038,0.126581170404247
26530,0.524542423502996,0.260720643851519,0.104191726141162,0.110545206504323
26531,0.124779785113453,0.254913194319428,0.439517200282559,0.18078982028456
26532,0.187659751188471,0.633711648598547,0.0835611417643859,0.0950674584485955
26533,0.112877397825886,0.618813693631231,0.155218622909592,0.113090285633291
26534,0.606196883290288,0.138570657078919,0.144918116052885,0.110314343577908
26535,0.0788037619291199,0.235731944253642,0.545223986228194,0.140240307589044
26536,0.145617043870727,0.167627590468726,0.239879456276888,0.446875909383659
26537,0.232060656980944,0.454992069508772,0.151939865889437,0.161007407620847
26538,0.0799435503528836,0.0983993158320069,0.667813183425659,0.153843950389451
26539,0.105214258379505,0.475678244284841,0.248159661590575,0.17094783574508
26540,0.3157698198991,0.351614007606686,0.200900200035471,0.131715972458743
26541,0.340268437170362,0.165113795336683,0.0553196507695327,0.439298116723423
26542,0.292142153959177,0.273038494933402,0.186217463122754,0.248601887984667
26543,0.282137207042467,0.34015965323274,0.0586426789352731,0.31906046078952
26544,0.143130999021781,0.484873177975618,0.130591441941272,0.241404381061329
26545,0.273185611302759,0.159855771873814,0.138753770240375,0.428204846583052
26546,0.208599819599555,0.251955126380117,0.285371952790969,0.254073101229359
26547,0.494331227425955,0.112910693586939,0.0806623144165268,0.312095764570579
26548,0.485884439458804,0.0971006609830356,0.318358807633836,0.0986560919243244
26549,0.0952119023136426,0.158727077445014,0.576254300884483,0.169806719356861
26550,0.103279846541358,0.0993373608209079,0.713522793836717,0.0838599988010168
26551,0.103363005069349,0.283163034522888,0.455728426056775,0.157745534350989
26552,0.318098929404451,0.110553657878476,0.263511436560266,0.307835976156807
26553,0.172452356120338,0.534297502836012,0.106921348778729,0.186328792264921
26554,0.32670304511532,0.356040485227525,0.236130237750066,0.0811262319070895
26555,0.107717928892933,0.0982951231149886,0.553435862810954,0.240551085181124
26556,0.166864968932832,0.164797474229275,0.252185186731667,0.416152370106226
26557,0.374574992676684,0.103750464851039,0.0834183820993502,0.438256160372927
26558,0.178076428725049,0.160190217503855,0.502996837611069,0.158736516160027
26559,0.30618363700971,0.315382902746212,0.0649134786935557,0.313519981550522
26560,0.134852869810729,0.162830753546285,0.510564862344057,0.191751514298929
26561,0.107785980219682,0.441841882708847,0.121126615849184,0.329245521222288
26562,0.0812326005681149,0.27073469101752,0.469678152224661,0.178354556189705
