No,Ch1,Ch2,Ch3,Ch4
21566,0.221285253317688,0.167180945578425,0.479545970808323,0.131987830295565
21567,0.072181408679693,0.474465104993012,0.311069422772802,0.142284063554493
21568,0.378451378908731,0.367440136059926,0.156727156260103,0.0973813287712398
21569,0.461280541340117,0.140133273857631,0.288608873253338,0.109977311548914
21570,0.26026881134014,0.237803291018884,0.44061425849007,0.0613136391509061
21571,0.1018720660699,0.60309421053966,0.207862862989332,0.0871708604011083
21572,0.22056730773225,0.0544644967711113,0.567556538345782,0.157411657150857
21573,0.126311189635122,0.172261393373081,0.224954502155799,0.476472914835999
21574,0.178837301969445,0.261575213019742,0.416633627181754,0.142953857829059
21575,0.0548468923514554,0.126766659094364,0.68838864686927,0.12999780168491
21576,0.191344731070843,0.155978901000382,0.394140398559424,0.258535969369351
21577,0.118634589077288,0.108743583505698,0.711739717918669,0.0608821094983441
21578,0.352118157916171,0.286303632529688,0.170639178998251,0.19093903055589
21579,0.055942755967168,0.156038483673876,0.20899325832631,0.579025502032646
21580,0.0732634479133669,0.413369529414002,0.268342549419493,0.245024473253137
21581,0.328185229296475,0.08504112792566,0.302277457769828,0.284496185008037
21582,0.111460091352124,0.181976584982437,0.340381272583128,0.366182051082311
21583,0.0993295120560385,0.159368264567706,0.321622959369568,0.419679264006688
21584,0.224329318169402,0.279215960728722,0.057253039492497,0.439201681609379
21585,0.401805358099978,0.208079813262919,0.17292704439472,0.217187784242383
21586,0.20968335771272,0.327760984318624,0.287417426987449,0.175138230981207
21587,0.0310064219784432,0.574700734281499,0.219679420486869,0.174613423253189
21588,0.0588300632255562,0.0994154183729876,0.619463117592405,0.222291400809051
21589,0.158995304495752,0.107165524724255,0.554849402371055,0.178989768408938
21590,0.0293250650915179,0.208343623925191,0.546467995357837,0.215863315625454
21591,0.0249929209643116,0.245742380271873,0.475473914827597,0.253790783936218
21592,0.0774560188832921,0.297742640593353,0.0839492355729436,0.540852104950412
21593,0.671472908695013,0.115128306526741,0.12163647627492,0.091762308503325
21594,0.140019588196318,0.209266233040429,0.223225457215357,0.427488721547896
21595,0.36432544693045,0.135344296020191,0.0697529797293358,0.430577277320023
21596,0.133987119564327,0.62109228786162,0.10832054137166,0.136600051202393
21597,0.432858922061132,0.220186008543768,0.0438950123607775,0.303060057034323
21598,0.118041650426203,0.372832844870588,0.30990594466789,0.199219560035319
21599,0.190927790230628,0.527226236526616,0.187945909129811,0.0939000641129453
21600,0.065666365769512,0.197099605969101,0.0996726072178989,0.637561421043488
21601,0.0406388942574989,0.161191689920879,0.302875766585639,0.495293649235984
21602,0.0238635041829685,0.48823395733418,0.335395844255844,0.152506694227008
21603,0.593106853791168,0.0245288896585501,0.114289267891481,0.268074988658801
21604,0.0271889247628768,0.251197693239301,0.348551891461215,0.373061490536607
21605,0.20657750308241,0.0495847323206821,0.505661368140078,0.238176396456829
21606,0.274289180530582,0.019162549236326,0.335942057689407,0.370606212543686
21607,0.516141436086642,0.0636082183903561,0.0499371318371617,0.37031321368584
21608,0.206220406715985,0.500063785918927,0.0129960703563929,0.280719737008695
21609,0.0400041711458802,0.0483086828950334,0.447927739919805,0.463759406039281
21610,0.289891503737334,0.320852826395056,0.0136771721198535,0.375578497747756
21611,0.0390354211152695,0.0289864911979761,0.593189561187142,0.338788526499613
21612,0.655057189810611,0.0943430165523184,0.147093299423936,0.103506494213135
21613,0.0168736712672907,0.178023760180385,0.243154490993929,0.561948077558396
21614,0.0688090527099874,0.410096989849539,0.262001721207975,0.259092236232499
21615,0.206657767175474,0.364200658354016,0.0189605271260788,0.410181047344431
21616,0.239494840920333,0.0133092752818121,0.581759693574103,0.165436190223752
21617,0.259753425840137,0.309219176329608,0.182360220904832,0.248667176925423
21618,0.117202365045493,0.0634303344882881,0.205145820040241,0.614221480425978
21619,0.0839555361183333,0.114660387925558,0.0308804799846769,0.770503595971432
21620,0.040660949222773,0.811728966551411,0.0346102352443336,0.112999848981482
21621,0.160287702961568,0.294381380105358,0.136645469217689,0.408685447715386
21622,0.0708043860866706,0.151996205571453,0.105738449660753,0.671460958681123
21623,0.364075097264296,0.26559607511416,0.27493236328094,0.0953964643406039
21624,0.427526356053867,0.269978847531156,0.179951656932179,0.122543139482798
21625,0.138466721333024,0.145114672163617,0.605683894009458,0.110734712493901
21626,0.442658116291474,0.180868178622256,0.274759052323049,0.101714652763221
21627,0.231021198294438,0.175434920083071,0.444168758040838,0.149375123581653
21628,0.140110199486544,0.39222178375896,0.407002026836594,0.060665989917902
21629,0.395291599539909,0.241097558894164,0.219991565463816,0.143619276102111
21630,0.305547697181893,0.255657840595735,0.191595464414196,0.247198997808177
21631,0.18119849016188,0.197182733611771,0.590772229104899,0.0308465471214502
21632,0.151885171747723,0.237465770356109,0.478839516011134,0.131809541885034
21633,0.228455904706088,0.379919635566515,0.177473009655935,0.214151450071462
21634,0.220151391686816,0.59245215086654,0.138894842375622,0.048501615071022
21635,0.156935216795885,0.507034854309786,0.265426388408303,0.0706035404860261
21636,0.525366842343388,0.162759147517638,0.192160089834325,0.119713920304649
21637,0.429552256985893,0.362744812959139,0.129189120123306,0.0785138099316609
21638,0.218172627346171,0.288123307918798,0.400977084094997,0.0927269806400344
21639,0.21151955092563,0.53527404841958,0.163745342647598,0.089461058007191
21640,0.459940653087124,0.365357804305764,0.126384577116125,0.0483169654909871
21641,0.345646670658125,0.166380262824657,0.392869211993393,0.095103854523825
21642,0.350505260831862,0.354704366614,0.175577789757564,0.119212582796574
21643,0.146935721348461,0.28395511299992,0.404645263180664,0.164463902470955
21644,0.250471551337268,0.293427429019513,0.265575966256614,0.190525053386605
21645,0.104507011633247,0.602246576337738,0.179206704541216,0.114039707487799
21646,0.251168632668126,0.162365578643526,0.491018458516769,0.0954473301715784
21647,0.171689431015231,0.275566940944376,0.424315285391613,0.12842834264878
21648,0.345873475446608,0.148411025149336,0.353082377579556,0.152633121824501
21649,0.525435555910316,0.156105519364482,0.240351600206723,0.0781073245184797
21650,0.26062746340992,0.370892309842807,0.214824274322452,0.153655952424821
21651,0.413822625009537,0.131385624298418,0.209565803978957,0.245225946713088
21652,0.091946511306706,0.151590025874369,0.201075597760364,0.55538786505856
21653,0.602971015845393,0.139606310244061,0.176706285313117,0.0807163885974296
21654,0.603450706421149,0.172322593431997,0.16216286451991,0.0620638356269441
21655,0.259028161255832,0.161111599738158,0.521208350817287,0.0586518881887228
21656,0.441546124814809,0.135898499633793,0.241104334235921,0.181451041315477
21657,0.577539835612276,0.111509969622405,0.155274345388607,0.155675849376712
21658,0.332854473438109,0.125975280519718,0.366272798404264,0.17489744763791
21659,0.51224638471702,0.196988372167113,0.109567478388757,0.181197764727111
21660,0.12040300834722,0.125418342400381,0.289272370992275,0.464906278260124
21661,0.116499343132356,0.405883679971306,0.182883815787603,0.294733161108735
21662,0.0632596332560391,0.554337209787539,0.153989229917022,0.2284139270394
21663,0.204600719371148,0.185273420939812,0.500804764231106,0.109321095457934
21664,0.0425766677221424,0.483488949591357,0.211849187753491,0.262085194933009
21665,0.308563386797485,0.318350116043452,0.168144072153453,0.20494242500561
21666,0.084374490958728,0.358084429192383,0.307253178377723,0.250287901471167
21667,0.0354612672322642,0.459861234913311,0.299823153784364,0.204854344070061
21668,0.212990066414247,0.276461605815776,0.267466203132347,0.24308212463763
21669,0.33397747941673,0.219010991382456,0.0921363730350802,0.354875156165734
21670,0.149316216645428,0.435757475346424,0.131853916964482,0.283072391043666
21671,0.115143675649255,0.496043681372423,0.339157017134537,0.0496556258437847
21672,0.0618386170641298,0.211110051243217,0.520009317404491,0.207042014288162
21673,0.362371843877932,0.234361805505519,0.0536504221115345,0.349615928505015
21674,0.405125855559573,0.120442659993644,0.282548546542381,0.191882937904403
21675,0.410605156252565,0.137835705733378,0.100290683268373,0.351268454745683
21676,0.0848960835052487,0.588269685080772,0.203754762931532,0.123079468482448
21677,0.501198961462635,0.0614324851654657,0.291074168603004,0.146294384768895
21678,0.133785380529625,0.592560692537084,0.212135558736476,0.061518368196816
21679,0.159003972532723,0.51062864895591,0.0881122364401018,0.242255142071266
21680,0.273669136143798,0.166341285196193,0.458857312560775,0.101132266099234
21681,0.323690926702107,0.0469414070687561,0.259243724088261,0.370123942140877
21682,0.326964759678638,0.323573318617847,0.0595798287148922,0.289882092988623
21683,0.309227857327907,0.0284036519797406,0.415953180478224,0.246415310214129
21684,0.387388621436704,0.0341598924854796,0.261224758096847,0.317226727980969
21685,0.0970380999901645,0.336781957536193,0.0980471207528685,0.468132821720774
21686,0.0709339408335765,0.533655891369946,0.150831793056687,0.244578374739791
21687,0.18766981296573,0.131018369974294,0.347661975300413,0.333649841759563
21688,0.216747788521333,0.168437221035767,0.060631700125818,0.554183290317082
21689,0.167636989549312,0.629102440689342,0.0727874207811783,0.130473148980167
21690,0.674910679216034,0.205124292848478,0.0217918749204239,0.0981731530150645
21691,0.133889815432389,0.468678662079251,0.0957828692790097,0.301648653209351
21692,0.0278180529483465,0.357356054894155,0.529961526817215,0.0848643653402835
21693,0.0653493214786263,0.661712495872474,0.0549124284720492,0.218025754176851
21694,0.072428868116972,0.401238509744718,0.111603796723529,0.414728825414782
21695,0.464882512837068,0.265445018806977,0.142582974554944,0.127089493801012
21696,0.54113548422743,0.211908473313217,0.0330590408122976,0.213897001647056
21697,0.52939568708932,0.163822077737363,0.126008563458081,0.180773671715236
21698,0.105160261569251,0.0404731667598646,0.786544695408747,0.0678218762621377
21699,0.243493672993133,0.566929481869139,0.0352429846076149,0.154333860530114
21700,0.244062593399474,0.282896777893159,0.215146078509644,0.257894550197722
21701,0.396394658023105,0.196581480780413,0.145450290371949,0.261573570824533
21702,0.0560431530782635,0.613851722619992,0.11542509233089,0.214680031970854
21703,0.10221190331557,0.458952934994151,0.0622109963963219,0.376624165293958
21704,0.0723913395635596,0.229848143779981,0.425345060416859,0.272415456239601
21705,0.150702393068394,0.0429120233477798,0.419958965889711,0.386426617694115
21706,0.084002590443182,0.449160318326517,0.0642539418755061,0.402583149354795
21707,0.0745129053851602,0.515706093554641,0.160632295377464,0.249148705682735
21708,0.0427057925253935,0.462879197206368,0.149446437391842,0.344968572876396
21709,0.343094763362447,0.157628744001592,0.0223901774432083,0.476886315192752
21710,0.317172520335764,0.0634538578821335,0.061060224594743,0.558313397187359
21711,0.031119009758269,0.477420826312811,0.11180695087021,0.37965321305871
21712,0.0578650820265197,0.36169027328655,0.0421861538537168,0.538258490833214
21713,0.705999981400195,0.0710623272409325,0.0783587075296788,0.144578983829194
21714,0.045643700129767,0.658348123673256,0.0473317980929493,0.248676378104027
21715,0.515310718837302,0.103849658221563,0.164553622214936,0.2162860007262
21716,0.0789067358761497,0.116693816904605,0.184551999095856,0.61984744812339
21717,0.246998515431753,0.0229710177354646,0.389148304164539,0.340882162668243
21718,0.366528249770577,0.395268646615874,0.0295948247219762,0.208608278891573
21719,0.226210603857491,0.168739121733408,0.173590471104407,0.431459803304694
21720,0.312182316671439,0.313729013474037,0.0590179967270674,0.315070673127456
21721,0.126261298553007,0.160950266808809,0.440623669528241,0.272164765109943
21722,0.612585405479116,0.191898160600889,0.0425387041251605,0.152977729794834
21723,0.0396428067831691,0.325114137588224,0.202720692819564,0.432522362809043
21724,0.285355665683363,0.216238037522265,0.230029501883308,0.268376794911064
21725,0.0437815950251785,0.153137873883994,0.229461408887222,0.573619122203605
21726,0.0197278011824408,0.337064197520674,0.350211346691154,0.292996654605731
21727,0.194668478465224,0.0572019565265629,0.610003538848701,0.138126026159512
21728,0.0705190233057892,0.106772410091942,0.308254086497334,0.514454480104935
21729,0.216144442754308,0.216514457370096,0.0974841825295383,0.469856917346058
21730,0.419496188764457,0.0324727436452769,0.070965328871933,0.477065738718333
21731,0.221817995520513,0.135903265312404,0.427639290039195,0.214639449127888
21732,0.305555410550687,0.140040332786142,0.0515763994616603,0.502827857201511
21733,0.522876645360257,0.28846647786931,0.0562313842666858,0.132425492503747
21734,0.0224972606336292,0.64249182469537,0.196616941581114,0.138393973089887
21735,0.173279806132622,0.327534299091187,0.0276587267836046,0.471527167992586
21736,0.740828077945769,0.0481373628267312,0.0663567218063105,0.144677837421189
21737,0.378254374572028,0.251281413388124,0.31358341672642,0.0568807953134277
21738,0.319924744913145,0.343745738175568,0.263486754388206,0.0728427625230806
21739,0.290644914886716,0.295617384003566,0.338229379039186,0.075508322070531
21740,0.0961570810555947,0.574600989735133,0.268749484334569,0.0604924448747029
21741,0.241535258066137,0.436051671637392,0.198881444304217,0.123531625992255
21742,0.267375392809567,0.262230535771968,0.310756604971687,0.159637466446779
21743,0.350747896970898,0.443356577970733,0.0703366842760589,0.13555884078231
21744,0.286960858552322,0.290827307992795,0.351920243574704,0.0702915898801796
21745,0.21560699249923,0.16424232388678,0.434961192665635,0.185189490948355
21746,0.326805874607406,0.400879627729278,0.159953501093265,0.112360996570052
21747,0.633710079449019,0.144219311083579,0.159012193819947,0.0630584156474561
21748,0.292714408352076,0.49589350688571,0.124062867856393,0.0873292169058209
21749,0.127051641339807,0.464261628056271,0.289517986664988,0.119168743938935
21750,0.133162598363548,0.180951288626466,0.455305459332278,0.230580653677708
21751,0.59605224121607,0.104062923773359,0.256105876701718,0.0437789583088533
21752,0.441903313127514,0.117857875580016,0.24873877527504,0.191500036017431
21753,0.315709168886582,0.227639115347755,0.253600153918513,0.20305156184715
21754,0.11280028459475,0.62337255999714,0.0897410728210574,0.174086082587053
21755,0.167880844633742,0.310663127111593,0.309688834118798,0.211767194135867
21756,0.0669500046298484,0.339646050358674,0.149873086249197,0.44353085876228
21757,0.114780644109233,0.540456011441396,0.0159299504883291,0.328833393961042
21758,0.187169172971789,0.195098944271205,0.196966253413006,0.420765629344001
21759,0.370111209716627,0.380173357076225,0.128896079280497,0.120819353926652
21760,0.112065335591338,0.0398476876556146,0.405975749844384,0.442111226908663
21761,0.0835334111375487,0.121659065085134,0.467930781375629,0.326876742401688
21762,0.0213666714303162,0.828724642975942,0.0123151064212296,0.137593579172512
21763,0.481449156145999,0.0409353158022092,0.0171985654576442,0.460416962594147
21764,0.278082143516219,0.0321434714304425,0.494677872419279,0.195096512634059
21765,0.480338067513087,0.125526430139264,0.0770958801634757,0.317039622184174
21766,0.0371433940944821,0.378297980273578,0.0238489748940847,0.560709650737856
21767,0.0506526649568446,0.133988626649221,0.333367865840976,0.481990842552959
21768,0.189679802978961,0.246438164399317,0.350341229751281,0.213540802870441
21769,0.160321477156694,0.129909041631742,0.0448879907604077,0.664881490451157
21770,0.0524427303902332,0.417388329779425,0.236021930392089,0.294147009438253
21771,0.0133493999416181,0.0736634446115105,0.365247741146819,0.547739414300052
21772,0.0868034496142917,0.301475197614426,0.180153978896589,0.431567373874693
21773,0.0906715067680946,0.515156850580653,0.0375537929641368,0.356617849687116
21774,0.0172733396225658,0.0909181304743162,0.519652095360367,0.372156434542751
21775,0.249972285042537,0.299596335708173,0.227083763348095,0.223347615901195
21776,0.307868464550679,0.366284209089037,0.127380661424889,0.198466664935395
21777,0.0481925216710728,0.0293062918793242,0.704121650732221,0.218379535717382
21778,0.403393898004784,0.147535305716401,0.1369420308975,0.312128765381315
21779,0.243296201722942,0.341476326349731,0.107246351743015,0.307981120184312
21780,0.218553777091449,0.0963564401973565,0.417687166602063,0.267402616109132
21781,0.121720049077498,0.0847555737390082,0.56266228710528,0.230862090078214
21782,0.47722343381823,0.0246536094026908,0.355801740337764,0.142321216441315
21783,0.302224938120802,0.0564745533158313,0.19719543874493,0.444105069818437
21784,0.602584517604416,0.178567649477459,0.0743214192160289,0.144526413702096
21785,0.0799339980597822,0.653102751982365,0.191690636951375,0.0752726130064785
21786,0.0677516381031089,0.0567861846897487,0.30429487395475,0.571167303252392
21787,0.0474610849600354,0.740956531971623,0.0602983043504771,0.151284078717864
21788,0.349044271162181,0.297353970076772,0.0380463082864975,0.31555545047455
21789,0.0771818125348275,0.242830844388344,0.221636325238881,0.458351017837948
21790,0.637230870003134,0.082562158600848,0.0540980443384343,0.226108927057584
21791,0.279272280288608,0.125325330920881,0.140128794343735,0.455273594446777
21792,0.0537367800905344,0.284672476007361,0.419417434411789,0.242173309490316
21793,0.0898860848515249,0.227626866756702,0.524346001482829,0.158141046908944
21794,0.0447033252038543,0.638399890511074,0.211279607647674,0.105617176637398
21795,0.307185273785405,0.0187410270542462,0.550923520166803,0.123150178993546
21796,0.275110262909277,0.224154454885983,0.188645059580453,0.312090222624288
21797,0.290643338276233,0.367442620003153,0.134981133930441,0.206932907790173
21798,0.450785505780335,0.0467205674046607,0.2430293430834,0.259464583731604
21799,0.0538938604335497,0.0524887465433755,0.28655941544399,0.607057977579084
21800,0.0841310552543183,0.076885313122518,0.370728407799061,0.468255223824103
21801,0.146749398511978,0.137037730937549,0.183532714594678,0.532680155955796
21802,0.02305171422109,0.16078329292928,0.464472074656686,0.351692918192944
21803,0.0800750045281726,0.0913948529406803,0.589071680256642,0.239458462274505
21804,0.18763497535772,0.4909146445792,0.0816720583814723,0.239778321681608
21805,0.516761361952885,0.063964821583136,0.100806843283255,0.318466973180724
21806,0.0823191895508058,0.398196489727866,0.154943196685324,0.364541124036004
21807,0.150552246044603,0.370484588921562,0.126387286373689,0.352575878660146
21808,0.188270453110581,0.0736127326109776,0.131914418442373,0.606202395836068
21809,0.568800004678016,0.032198312096154,0.0581522539574959,0.340849429268334
21810,0.819735098082161,0.0275696733443037,0.0797523709639868,0.0729428576095481
21811,0.289830984130149,0.497026184591179,0.129806210814771,0.0833366204639012
21812,0.119952971945646,0.0370291866870599,0.476176752060296,0.366841089306998
21813,0.328716742664865,0.377368576688327,0.147448046679552,0.146466633967256
21814,0.229457800217219,0.37711680401467,0.276918603736353,0.116506792031758
21815,0.374622629281408,0.0810883368986018,0.322793990049365,0.221495043770626
21816,0.372075712311355,0.373227590712329,0.122681877739787,0.132014819236529
21817,0.122542044022886,0.163277369259777,0.620652446283045,0.0935281404342922
21818,0.0609392010654393,0.0727626922479537,0.561547599443535,0.304750507243072
21819,0.374141093922929,0.234899542877954,0.094409472658091,0.296549890541025
21820,0.680383301944881,0.132466380853877,0.107958447447263,0.079191869753979
21821,0.142359698316045,0.141913153424535,0.598935658527312,0.116791489732108
21822,0.428062180406086,0.42056278226205,0.0810927554980066,0.0702822818338567
21823,0.14019184153185,0.456464495337495,0.202067360921377,0.201276302209279
21824,0.185868128954849,0.414108298365095,0.275930318300955,0.124093254379101
21825,0.0418268563211421,0.500464146566288,0.111820763473629,0.345888233638941
21826,0.254901386275828,0.343731162541296,0.322585056858782,0.0787823943240941
21827,0.0444664403139529,0.0662432258633036,0.818497525246863,0.07079280857588
21828,0.0720729238357819,0.497309010606944,0.164293705239165,0.266324360318109
21829,0.130582566537604,0.156731187709084,0.572100973746616,0.140585272006696
21830,0.102662948713192,0.0873412483525385,0.589591191972045,0.220404610962224
21831,0.260657300906959,0.304323585004912,0.135286041188323,0.299733072899805
21832,0.275415273984754,0.39618187201752,0.0554809955592676,0.272921858438458
21833,0.569918532443359,0.0869570383272604,0.206036599399223,0.137087829830157
21834,0.62341284086393,0.145862822673841,0.0947967970189361,0.135927539443293
21835,0.0892668127978957,0.467403124046278,0.127856174645103,0.315473888510723
21836,0.0559036330119402,0.152646149368134,0.543953029862923,0.247497187757003
21837,0.109830613478636,0.0490481369890161,0.551051342826341,0.290069906706007
21838,0.255452731372642,0.0760589884540821,0.488195821446132,0.180292458727144
21839,0.0923683090374738,0.553486129625684,0.16068818592889,0.193457375407952
21840,0.721921315151466,0.0324975594007095,0.132764234987358,0.112816890460467
21841,0.515912480124925,0.125254355531297,0.0910297890972561,0.267803375246522
21842,0.0342843059787604,0.255923708476853,0.573225836679168,0.136566148865218
21843,0.553443462439343,0.0843003451792,0.0787762869086963,0.283479905472761
21844,0.0302702294826458,0.607372712140246,0.119971852705403,0.242385205671705
21845,0.274678903282874,0.108493094742609,0.287727351587977,0.32910065038654
21846,0.0773192499271907,0.497618765850119,0.132742408424615,0.292319575798075
21847,0.329656781135231,0.0699457971171553,0.382439440476417,0.217957981271197
21848,0.0646941062422116,0.174705772482666,0.0392963601690196,0.721303761106103
21849,0.574020316127879,0.225424641213206,0.0355699138684417,0.164985128790474
21850,0.548919832845329,0.0846377281302479,0.0437531091948155,0.322689329829608
21851,0.164666294400987,0.632120082905393,0.083512557662612,0.119701065031008
21852,0.420957132923042,0.135736548539944,0.267587150304586,0.175719168232428
21853,0.119339891041381,0.21496489018483,0.452163015189964,0.213532203583824
21854,0.388926333217453,0.158527731241776,0.182742092218291,0.269803843322481
21855,0.106117323874091,0.538107423270222,0.134320467344709,0.221454785510978
21856,0.492175734860257,0.121276004193765,0.30526752409021,0.0812807368557676
21857,0.0974736033395645,0.650948723147622,0.0791984784316395,0.172379195081174
21858,0.58479138482466,0.082487919505644,0.0655242552664013,0.267196440403295
21859,0.585211090412989,0.083763416328365,0.0921740428773383,0.238851450381308
21860,0.654451819112888,0.16723435659288,0.0980566667230606,0.0802571575711713
21861,0.246454320625628,0.12631069838232,0.535523469812542,0.0917115111795101
21862,0.0412080689825839,0.435760032763977,0.370876617463201,0.152155280790239
21863,0.0615885935924567,0.347019430054651,0.203287526426409,0.388104449926483
21864,0.238766055008542,0.617200641567987,0.0396415757131893,0.104391727710281
21865,0.117201041830075,0.285881633933454,0.477373625859026,0.119543698377445
21866,0.190497302767285,0.124567892159789,0.555914258288008,0.129020546784918
21867,0.0509531215669729,0.0983406879112631,0.253315310056082,0.597390880465683
21868,0.14791320764678,0.0986635651646094,0.5586910007011,0.19473222648751
21869,0.275373197230343,0.0827132690548404,0.183172910140561,0.458740623574256
21870,0.289374824323404,0.284873808433824,0.193860903424745,0.231890463818027
21871,0.5962522340858,0.185124645909659,0.0687480910897362,0.149875028914805
21872,0.096218017098693,0.36486974032201,0.441494797871188,0.0974174447081088
21873,0.384437543420737,0.360715252899174,0.197212730916684,0.0576344727634051
21874,0.160338394540508,0.618458977109325,0.128715409766362,0.0924872185838054
21875,0.386627419149275,0.376259364785526,0.0735146707116006,0.163598545353599
21876,0.50439159030298,0.138206731510395,0.252171626178572,0.105230052008053
21877,0.0937496468334576,0.423500371717079,0.156263438070054,0.32648654337941
21878,0.310048118921254,0.535933916227635,0.0976596432005976,0.0563583216505133
21879,0.419937712663054,0.235277867763161,0.0714923799586571,0.273292039615129
21880,0.411430569935794,0.181809229472849,0.307100329154245,0.0996598714371125
21881,0.136372641458477,0.372764243956693,0.214045642165594,0.276817472419236
21882,0.227633875388289,0.265357480833477,0.212245487579975,0.294763156198259
21883,0.0677067542387903,0.395271258850919,0.24610319806617,0.290918788844121
21884,0.155446615217862,0.554257729310822,0.0540304597335981,0.236265195737718
21885,0.094797467383598,0.393567227092657,0.0944045563943073,0.417230749129437
21886,0.28343481509279,0.282110394406716,0.107610413417794,0.3268443770827
21887,0.20173039753014,0.102369674759028,0.492049549225535,0.203850378485297
21888,0.0593115411094914,0.32371929550421,0.500888261724699,0.1160809016616
21889,0.144664808172253,0.29793835738045,0.299579284477988,0.257817549969309
21890,0.192471272530377,0.246886125114514,0.227157943504354,0.333484658850755
21891,0.495676188260211,0.046775609334517,0.335265691049484,0.122282511355788
21892,0.0823190692222007,0.377205393541635,0.099870558189114,0.440604979047051
21893,0.147678967422915,0.357866021886792,0.0950172220266577,0.399437788663635
21894,0.20745704762644,0.102325966698084,0.210483823936635,0.47973316173884
21895,0.0413602485474138,0.0606160822064899,0.756106174473026,0.141917494773071
21896,0.341931329825088,0.177143722731899,0.26142537538027,0.219499572062743
21897,0.212564226971532,0.3545931507965,0.218766211721315,0.214076410510652
21898,0.175350153546224,0.222452649744709,0.343603326359786,0.258593870349282
21899,0.279742132064771,0.0987681283725753,0.505254115690239,0.116235623872415
21900,0.0619349738682129,0.0912449236002167,0.0931943991439598,0.753625703387611
21901,0.188285960442937,0.643165052947767,0.0266483599444018,0.141900626664895
21902,0.0548692342752408,0.122046887348792,0.548817200149184,0.274266678226784
21903,0.0636236184460765,0.0923466529499892,0.488652442590428,0.355377286013506
21904,0.241453414909884,0.0571265261713731,0.26164549781817,0.439774561100573
21905,0.0191866693335207,0.518856499686002,0.22319285041163,0.238763980568847
21906,0.0662481032334444,0.210957079095599,0.0724339695212845,0.650360848149672
21907,0.0497050451009211,0.344379771194474,0.126291692534945,0.479623491169661
21908,0.286124128877248,0.211391785384243,0.279143249866622,0.223340835871888
21909,0.321422238804589,0.12377014626486,0.33387431771002,0.220933297220531
21910,0.463590626555759,0.134473726327491,0.169631061483944,0.232304585632807
21911,0.149342004158389,0.614965676117034,0.144860575327337,0.0908317443972406
21912,0.149399119870957,0.569361679595662,0.0469102858255642,0.234328914707816
21913,0.131357937769455,0.532811685714488,0.111010473599006,0.224819902917051
21914,0.127176836309468,0.128226987676376,0.182979650897396,0.561616525116761
21915,0.31024881156103,0.0668600393594968,0.335116214922151,0.287774934157323
21916,0.0482177856052722,0.0924871135322314,0.295393847569251,0.563901253293245
21917,0.146420521204479,0.134092115400416,0.252171015907462,0.467316347487643
21918,0.0968071424831369,0.0832931679263351,0.723882415495846,0.0960172740946822
21919,0.170153536659306,0.0826196102008431,0.58943085418271,0.157795998957141
21920,0.24653894408922,0.134816425201197,0.151980936595395,0.466663694114188
21921,0.111271837896955,0.635334041612033,0.114177320363003,0.139216800128009
21922,0.481328597068898,0.224240021385048,0.0475614009219112,0.246869980624143
21923,0.162952685100934,0.0717448003644345,0.223922038524915,0.541380476009716
21924,0.190282621343306,0.0720099212086188,0.273451502069952,0.464255955378124
21925,0.585567446085987,0.0671273396533228,0.149384752838174,0.197920461422516
21926,0.414693454853667,0.0982652468785068,0.0828916952640517,0.404149603003774
21927,0.106624125381103,0.160894282474105,0.547920624701915,0.184560967442877
21928,0.0853889326226955,0.665632872786547,0.0534863030197526,0.195491891571005
21929,0.0606751456474135,0.0707195660348157,0.123522931597373,0.745082356720397
21930,0.0222214112250996,0.35985592027123,0.161548634564569,0.456374033939102
21931,0.117740072356498,0.343146515309307,0.0508963843610628,0.488217027973132
21932,0.0908175235450424,0.0578491712929175,0.451002643472077,0.400330661689964
21933,0.0656193813645406,0.490398065571147,0.0442247060475311,0.399757847016781
21934,0.094213694629459,0.316456296040242,0.135206886804638,0.454123122525662
21935,0.0752644019685198,0.168503044099876,0.0736190107050285,0.682613543226576
21936,0.111913369072559,0.178567838858511,0.0820310996249034,0.627487692444026
21937,0.0595063070894165,0.131071633008035,0.58719421747502,0.222227842427528
21938,0.0181279285592253,0.42092219681931,0.122014824385316,0.438935050236149
21939,0.0337191498114098,0.26938008281103,0.052758480457226,0.644142286920334
21940,0.420260118217518,0.130359645937769,0.0783799669448731,0.37100026889984
21941,0.0641566113159963,0.031108435877505,0.139772683019866,0.764962269786633
21942,0.0826728214517817,0.764061402504611,0.0573522105717969,0.0959135654718108
21943,0.0356934234195975,0.294470722006494,0.0287090073138014,0.641126847260107
21944,0.055884701192019,0.361260205351696,0.285601938007021,0.297253155449264
21945,0.0556235627710136,0.221509934956604,0.0306163983004559,0.692250103971927
21946,0.422971919270259,0.226765479262295,0.1158026078696,0.234459993597846
21947,0.394737313109028,0.246267542990043,0.127122551877716,0.231872592023213
21948,0.0980611564454381,0.472234245684669,0.197342866070424,0.232361731799469
21949,0.121904511351351,0.348140670475792,0.144295451563776,0.385659366609081
21950,0.158232079786572,0.482919938836634,0.100659744735617,0.258188236641177
21951,0.104749875333629,0.24638177645487,0.312031044366723,0.336837303844778
21952,0.405995345112855,0.0655124755984814,0.0844041778634994,0.444088001425164
21953,0.47308882629908,0.182954413076734,0.0711756772925627,0.272781083331623
21954,0.20220454774255,0.0727829230325168,0.0926685320788507,0.632343997146083
21955,0.390980821605338,0.060220152441938,0.196457020563434,0.35234200538929
21956,0.0267409034354774,0.109304296303051,0.158986607440449,0.704968192821022
21957,0.427268848469338,0.106933704227665,0.190099996318336,0.275697450984661
21958,0.0261882976760902,0.751115352051823,0.0822624519831582,0.140433898288928
21959,0.0696961901901536,0.08537197426297,0.0713172665489608,0.773614568997916
21960,0.100620936525619,0.596782169219487,0.0288772912925273,0.273719602962367
21961,0.169716498220078,0.158343012014301,0.329756037211736,0.342184452553886
21962,0.708466859996342,0.0899653171459804,0.0722886813438422,0.129279141513836
21963,0.0827585541649692,0.534159928338279,0.235620612902153,0.147460904594598
21964,0.109340308926178,0.0280273933797244,0.725745903940525,0.136886393753573
21965,0.0968675290135428,0.0774417178597674,0.320085311635442,0.505605441491248
21966,0.0872733041005498,0.0508476263506741,0.414738997296052,0.447140072252724
21967,0.491753405830914,0.0291529580740985,0.246919636839388,0.2321739992556
21968,0.153334918794831,0.593425451104918,0.0561188593750254,0.197120770725226
21969,0.0202713765934152,0.167133522574787,0.23133461629865,0.581260484533147
21970,0.167050145954496,0.205337499731075,0.133624466734629,0.4939878875798
21971,0.217027773622811,0.321518292979458,0.341921365773964,0.119532567623768
21972,0.375871339619556,0.12790608703458,0.138336818227248,0.357885755118615
21973,0.421076141985147,0.176312586927127,0.0450444524107867,0.35756681867694
21974,0.514218784911628,0.172347477023311,0.0487482672148741,0.264685470850187
21975,0.0334118179445974,0.0846631996040092,0.280949270083938,0.600975712367456
21976,0.368318288686055,0.258821965654534,0.247478586511528,0.125381159147882
21977,0.134035390610514,0.400349907789783,0.163043708716338,0.302570992883365
21978,0.245483824223751,0.0395771065984036,0.266061786758202,0.448877282419643
21979,0.241447069869604,0.172767932643845,0.0462294053116184,0.539555592174934
21980,0.068863852629769,0.580601836178608,0.062341046429716,0.288193264761907
21981,0.0804432222293064,0.572658875193392,0.140822915273447,0.206074987303855
21982,0.102752275907436,0.210361339300997,0.17090277484509,0.515983609946478
21983,0.0260659531656271,0.0522966795805245,0.218311644077358,0.703325723176491
21984,0.107383590146851,0.301269062819823,0.167966457840758,0.423380889192568
21985,0.0625530890498263,0.476800407271101,0.175950755682696,0.284695747996376
21986,0.161424308461592,0.161645778595247,0.527186556553945,0.149743356389217
21987,0.0492257991758758,0.397926481195598,0.167614061374126,0.3852336582544
21988,0.278234274332338,0.252491958859766,0.147840118493454,0.321433648314442
21989,0.0976710957331587,0.276275662512,0.271176514527216,0.354876727227626
21990,0.0395527625408743,0.403756189620324,0.259237083082615,0.297453964756187
21991,0.188052558705011,0.214629339369726,0.244952833347933,0.35236526857733
21992,0.256799732976508,0.146348625921212,0.0876145244610757,0.509237116641204
21993,0.126543186132862,0.356779473776961,0.137096526406259,0.379580813683919
21994,0.126150159378971,0.464708986349248,0.343650816685673,0.065490037586108
21995,0.0883530796832215,0.159174570048719,0.467644473267962,0.284827877000098
21996,0.292957535763547,0.186444118528154,0.0553403313304842,0.465258014377815
21997,0.352035144529076,0.108134818358298,0.262823307363778,0.277006729748848
21998,0.301554505616604,0.0983869739858017,0.08929091890523,0.510767601492364
21999,0.0886435246922197,0.575646715080601,0.178889344885205,0.156820415341974
22000,0.467269829564207,0.0728572136693064,0.258294726361942,0.201578230404545
22001,0.134612736376625,0.597480228373842,0.179754118271551,0.0881529169779825
22002,0.11564903730644,0.442049195587611,0.096738823160609,0.34556294394534
22003,0.0775660255324362,0.250528648578047,0.462074866495413,0.209830459394104
22004,0.536478847154015,0.182176941250206,0.107888465395165,0.173455746200614
22005,0.392761138137033,0.0938577433021962,0.171191922096611,0.34218919646416
22006,0.0545792395420974,0.330610968936461,0.219858290158041,0.394951501363401
22007,0.220353785198385,0.357345244772646,0.168998783457116,0.253302186571854
22008,0.0519289208561675,0.184768913678632,0.454052706039534,0.309249459425666
22009,0.352122984508124,0.134380589171264,0.186895150690329,0.326601275630283
22010,0.138615693096806,0.408842552199308,0.0746412215057538,0.377900533198133
22011,0.073351454359126,0.429788970045521,0.152335949513943,0.34452362608141
22012,0.239313363795375,0.09537798874799,0.146443867800243,0.518864779656392
22013,0.349104285802302,0.123551561061227,0.239051241764512,0.288292911371959
22014,0.111542024161212,0.103997459132473,0.621856580745332,0.162603935960982
22015,0.0651512797921781,0.0850697407861366,0.322069595133808,0.527709384287877
22016,0.0452594122427807,0.409930426851092,0.0505483521012111,0.494261808804916
22017,0.0684506577610751,0.719939026639974,0.0401514697723364,0.171458845826614
22018,0.277843874404514,0.14863557729602,0.27370578688216,0.299814761417306
22019,0.162764726779767,0.0865041049307095,0.254306581903043,0.49642458638648
22020,0.101375601691972,0.0813370584549611,0.329592225216934,0.487695114636133
22021,0.0399278245378031,0.267127357120715,0.26639919555985,0.426545622781632
22022,0.565095217480988,0.0606372832450816,0.17777422557161,0.19649327370232
22023,0.357735362454997,0.0594665382046452,0.299538768052905,0.283259331287453
22024,0.360678459631739,0.054892451658758,0.153052792425583,0.431376296283919
22025,0.417169542386031,0.206378032489963,0.05567105716386,0.320781367960146
22026,0.646927019182071,0.0895611587299494,0.0405599480302375,0.222951874057742
22027,0.238448462798328,0.222550753438528,0.0733903161214517,0.465610467641693
22028,0.396914441028194,0.0774036135658347,0.0330640902249828,0.492617855180988
22029,0.040995453644646,0.0826518420090875,0.0657906184424188,0.810562085903848
22030,0.621432437062467,0.0200440247636046,0.210879430804933,0.147644107368996
22031,0.191358800106989,0.154321785129083,0.054354085172134,0.599965329591794
22032,0.0526530105026102,0.174507116606904,0.0423703337485022,0.730469539141983
22033,0.0497321903233454,0.0886371930942441,0.759023678747258,0.102606937835153
22034,0.712479667512515,0.0632268680632315,0.0434852178655808,0.180808246558673
22035,0.158304523174159,0.0857233895671233,0.0891908975581567,0.666781189700562
22036,0.529020724365205,0.17258087756855,0.0511566453113871,0.247241752754858
22037,0.0967526361319151,0.121595877165523,0.0316771010933576,0.749974385609204
22038,0.0760466052098757,0.26276424684843,0.0416793434871879,0.619509804454507
22039,0.423692570857263,0.324910194289419,0.0117115064182095,0.239685728435109
22040,0.120557776093669,0.381174272913878,0.130733141604397,0.367534809388056
22041,0.205787250904418,0.0979863644435837,0.518380741854937,0.177845642797062
22042,0.231683169567642,0.295684932510111,0.268556680531725,0.204075217390522
22043,0.21927626074709,0.505719498952653,0.118607344960633,0.156396895339624
22044,0.0823309801647298,0.168101272602718,0.466539713283907,0.283028033948646
22045,0.0887786346574164,0.554367363970795,0.0921421252118389,0.264711876159949
22046,0.166629250232038,0.29037025534874,0.281025587663314,0.261974906755908
22047,0.162607442201346,0.507076522010583,0.0739065123489902,0.25640952343908
22048,0.110034157569276,0.753077163741087,0.0316353501505426,0.105253328539095
22049,0.157972071993428,0.568264478441186,0.0634288054326012,0.210334644132784
22050,0.182647485819524,0.313373167507104,0.406134953927439,0.0978443927459336
22051,0.0587645169345047,0.0984094205545995,0.600027127601735,0.242798934909161
22052,0.192446818214665,0.450905155454523,0.15215795822618,0.204490068104632
22053,0.0239794396559122,0.755196130796019,0.11470230548499,0.106122124063078
22054,0.0862667740834555,0.0755653854795479,0.676883034211022,0.161284806225975
22055,0.162798638797291,0.12779775702322,0.536202974366546,0.173200629812943
22056,0.193766106083578,0.0768369612101769,0.584197789575675,0.14519914313057
22057,0.300579880268296,0.17079216846589,0.221635425356412,0.306992525909402
22058,0.248527045838865,0.600409488835814,0.0729589222123767,0.0781045431129445
22059,0.154006112420535,0.508391778404002,0.101339175532521,0.236262933642942
22060,0.195896822173888,0.237352975574589,0.0814219392538864,0.485328262997637
22061,0.110260757591363,0.192393155753128,0.368483955705963,0.328862130949546
22062,0.210978219105483,0.267895949467147,0.3496080036246,0.17151782780277
22063,0.0226959641873099,0.642507263785573,0.194474223492789,0.140322548534329
22064,0.427966255344005,0.228101623712037,0.132032159369125,0.211899961574833
22065,0.121966394465844,0.148119469650764,0.390335707393908,0.339578428489484
22066,0.450286464679223,0.124185028611021,0.0940269578534202,0.331501548856336
22067,0.362856646605336,0.214823811979606,0.0480543722862981,0.374265169128759
22068,0.132432514255285,0.754165205298236,0.0170990549574968,0.0963032254889824
22069,0.0360270798124192,0.508757330660459,0.073638010773855,0.381577578753267
22070,0.431504341471817,0.0342728989324136,0.107267768794335,0.426954990801434
22071,0.328733193776111,0.190885601549188,0.0734413215168392,0.406939883157863
22072,0.0369665685602122,0.609773587661687,0.263243359888899,0.0900164838892025
22073,0.104644693050868,0.117960695860203,0.25495055797579,0.522444053113139
22074,0.0378031224495241,0.66738220737198,0.155585268228688,0.139229401949808
22075,0.0479480518566046,0.265546976885563,0.159540472326228,0.526964498931605
22076,0.68191038050714,0.128253951281603,0.0593001849062845,0.130535483304972
22077,0.175667078794151,0.0819060679784489,0.0833278471444236,0.659099006082976
22078,0.383278978982185,0.132810922710937,0.0814442823217395,0.402465815985138
22079,0.439474119730209,0.0280888997059524,0.0613441399562409,0.471092840607598
22080,0.0938159383430334,0.0535495258358828,0.480767671387371,0.371866864433713
22081,0.10013358830139,0.585852590934038,0.0989913388812584,0.215022481883314
22082,0.631637934460129,0.121906956142462,0.0762351365953572,0.170219972802052
22083,0.0185289232999291,0.555067832084215,0.114253884489808,0.312149360126048
22084,0.153338440249002,0.0834909261903521,0.0337416595540907,0.729428974006556
22085,0.28481749471901,0.101776705912909,0.144640436538228,0.468765362829853
22086,0.0259880708091395,0.389962690269764,0.0259050777491666,0.55814416117193
22087,0.0260060734679406,0.0388430410827512,0.464817545624245,0.470333339825063
22088,0.0642943038093978,0.0771732652009902,0.0952648854552154,0.763267545534397
22089,0.00876289076608516,0.519831850640423,0.134471559463289,0.336933699130203
22090,0.0683732995216292,0.146482797184044,0.203957120139421,0.581186783154906
22091,0.0357532105347919,0.0945695971122694,0.663797670182516,0.205879522170423
22092,0.698582413341882,0.125056495849751,0.0212090520467791,0.155152038761588
22093,0.0441390463638868,0.0777647056108446,0.506931857597432,0.371164390427837
22094,0.0690423745136917,0.0592088997734752,0.288605556644734,0.583143169068099
22095,0.0311256977467349,0.240129795298599,0.0973232929443637,0.631421214010302
22096,0.122229113890959,0.0150361152105749,0.691247422271913,0.171487348626553
22097,0.502238278068673,0.0146675568679404,0.0419913214945246,0.441102843568862
22098,0.296923127714103,0.0754915042697676,0.481265799653409,0.14631956836272
22099,0.0446901410436928,0.381426231876313,0.267851938411562,0.306031688668433
22100,0.075089297753636,0.194756018472385,0.569156315611334,0.160998368162645
22101,0.469311656831194,0.235248542641298,0.100462068694812,0.194977731832695
22102,0.0948838988421238,0.405298933753612,0.129790990980785,0.37002617642348
22103,0.302061175055702,0.268902249898856,0.204129173494181,0.224907401551261
22104,0.387315430666834,0.28706648389764,0.0690125226902172,0.256605562745309
22105,0.0275797064947685,0.336314246545557,0.297539677626501,0.338566369333174
22106,0.721082497507929,0.125741591260495,0.0302580810671925,0.122917830164383
22107,0.107228528731144,0.0682348521868889,0.553271791714869,0.271264827367098
22108,0.310234272419549,0.0948150760581647,0.284700256797862,0.310250394724425
22109,0.266919382999187,0.433222764706502,0.125817310349016,0.174040541945294
22110,0.0767648891749142,0.0742242606127174,0.189968347164553,0.659042503047815
22111,0.406261617525229,0.12313857908464,0.120907245214608,0.349692558175523
22112,0.0334625851138341,0.208115796816674,0.461207354814606,0.297214263254886
22113,0.0547594124532332,0.459637223768533,0.187885869693933,0.297717494084301
22114,0.183473686223595,0.0983409144584268,0.187801125882276,0.530384273435703
22115,0.1459732403217,0.126392676792696,0.0653262540188433,0.662307828866762
22116,0.0433096840681673,0.158682306633189,0.534810577734338,0.263197431564305
22117,0.281692360092172,0.0876598979775356,0.518476387570309,0.112171354359983
22118,0.663210009813339,0.0948326564957928,0.0983496370648643,0.143607696626004
22119,0.0712619188779578,0.587761937532319,0.120628217361579,0.220347926228144
22120,0.153059832679097,0.103153644675868,0.479777734376545,0.26400878826849
22121,0.049057320818463,0.312111606220932,0.174519025336489,0.464312047624116
22122,0.0997835271451648,0.348171469129148,0.450926759954038,0.101118243771649
22123,0.0996806815468454,0.378684192831706,0.278445533447636,0.243189592173813
22124,0.0454453048232438,0.389515518627584,0.296804374824684,0.268234801724489
22125,0.247801816882416,0.128921626333848,0.133780271521309,0.489496285262427
22126,0.186794171439863,0.129629460212375,0.276310278976079,0.407266089371684
22127,0.579505460218339,0.15778840793927,0.0921210754630704,0.170585056379321
22128,0.377263297435797,0.217956654027429,0.165258166750466,0.239521881786307
22129,0.036912386390342,0.105329802095416,0.141921681872945,0.715836129641297
22130,0.0599345403435371,0.237747761499225,0.518728807279463,0.183588890877775
22131,0.70772542648473,0.0872262814263289,0.110154054631611,0.0948942374573299
22132,0.0726223113248762,0.182234885701539,0.485147645386674,0.259995157586911
22133,0.0435203911696622,0.109235631593606,0.562961499359771,0.284282477876961
22134,0.343145937262704,0.121118928812656,0.108841389707898,0.426893744216743
22135,0.643711650735877,0.0357997565996111,0.0405682447809064,0.279920347883606
22136,0.311279225295255,0.154299922148621,0.0668682788025595,0.467552573753565
22137,0.299007602819611,0.0798477381343971,0.179201269684904,0.441943389361087
22138,0.264680747131205,0.200034401261381,0.144460263386301,0.390824588221113
22139,0.114444216072336,0.417420774050062,0.141535177450643,0.326599832426959
22140,0.0401134484330027,0.0401259133499545,0.375251033225202,0.544509604991841
22141,0.0300061730491779,0.199364227481758,0.172192749266935,0.598436850202129
22142,0.148381864545261,0.0590005924096179,0.622409886904559,0.170207656140562
22143,0.244392766731026,0.110741997638824,0.207988671646125,0.436876563984026
22144,0.0184725384326666,0.233235900756374,0.555791829576239,0.19249973123472
22145,0.0578941857333208,0.115333073126905,0.267580857024102,0.559191884115673
22146,0.218687563228026,0.0393965329199381,0.299489476161512,0.442426427690524
22147,0.371472174286914,0.0539419179294027,0.127780207549502,0.446805700234181
22148,0.236768161296811,0.0708182844734249,0.109950383610494,0.58246317061927
22149,0.046054975917518,0.277317086156052,0.0183719590360977,0.658255978890333
22150,0.0544272620197611,0.0537371618474772,0.758421895199635,0.133413680933127
22151,0.16154774429977,0.0316632201889236,0.314908767729603,0.491880267781703
22152,0.163401718568029,0.0539361925049193,0.025225387212346,0.757436701714706
22153,0.0221040377886865,0.246162559207284,0.531580990832371,0.200152412171658
22154,0.0569157060397618,0.398938544202707,0.11121556411095,0.432930185646582
22155,0.126960008885514,0.194632942980636,0.347950026867395,0.330457021266455
22156,0.080897640783436,0.476782490446593,0.0936508561267237,0.348669012643247
22157,0.095022400210172,0.283720075017725,0.334916450124373,0.28634107464773
22158,0.0754799386700994,0.363335462500867,0.14758673842414,0.413597860404893
22159,0.11935600034572,0.181103204320695,0.427438613112882,0.272102182220703
22160,0.145888739719817,0.270567751761583,0.128676203701075,0.454867304817525
22161,0.0594316498805353,0.237189167880367,0.171423615269567,0.531955566969531
22162,0.0978420832410431,0.240344669605995,0.227689304360671,0.434123942792291
22163,0.390491817849324,0.0738517864987231,0.053424803567122,0.482231592084831
22164,0.0410532441183071,0.0348087976288308,0.463291252954047,0.460846705298815
22165,0.0607900942301925,0.443269520304247,0.12151619752778,0.374424187937781
22166,0.442775384192692,0.38286366478912,0.0501745490114371,0.124186402006751
22167,0.335974257965796,0.201441190221739,0.165963907429527,0.296620644382938
22168,0.109517846977993,0.147473347765661,0.253761549033343,0.489247256223003
22169,0.293938556456521,0.0377919312304042,0.176249406385377,0.492020105927698
22170,0.0487058264918684,0.16516679726062,0.58767962581822,0.198447750429291
22171,0.0554384959189455,0.280365610258713,0.270512922955227,0.393682970867114
22172,0.0643975991150593,0.124972415564176,0.0528654099207474,0.757764575400018
22173,0.136021750225368,0.502572948063714,0.0453181269146172,0.316087174796301
22174,0.546441677784833,0.13019965489697,0.0880902353634341,0.235268431954763
22175,0.0721977872879676,0.462485573982702,0.174192123353082,0.291124515376249
22176,0.296742326905719,0.0873943334775771,0.31525215862376,0.300611180992944
22177,0.173884812139657,0.0799739491050562,0.217942608078752,0.528198630676535
22178,0.180938937055172,0.382719515358327,0.125251178046422,0.311090369540079
22179,0.0467326426506438,0.373935175428135,0.0512902148213236,0.528041967099898
22180,0.219695914046541,0.079111811841671,0.557198570156568,0.14399370395522
22181,0.105580124985958,0.538228524822323,0.0871804581080796,0.26901089208364
22182,0.358556479619511,0.0970010922500292,0.263693626857766,0.280748801272694
22183,0.196689120619926,0.500089802980475,0.0823560249117671,0.220865051487832
22184,0.323219730584861,0.0500195810514484,0.0757288859300679,0.551031802433622
22185,0.117373914491855,0.290507834406045,0.0445851755433749,0.547533075558725
22186,0.0536935080378852,0.472069701432017,0.0885112102726306,0.385725580257467
22187,0.0627574148016676,0.122601290843332,0.0605836829543682,0.754057611400632
22188,0.265599686207513,0.120963853395815,0.257674668443771,0.355761791952901
22189,0.148560511431181,0.0286078381493966,0.437327280609145,0.385504369810278
22190,0.0442166407441768,0.428784144853429,0.131931794646044,0.395067419756351
22191,0.188291260259706,0.0930199387187064,0.562420909165308,0.15626789185628
22192,0.0950995335152271,0.137289237126311,0.226497347747232,0.54111388161123
22193,0.072769625867004,0.208843057573877,0.105236271120979,0.61315104543814
22194,0.247149778303271,0.316467674281032,0.0182377268940011,0.418144820521696
22195,0.228354206882116,0.581121845605488,0.121998837988695,0.068525109523701
22196,0.283558971227454,0.0229032204942738,0.0819120931765559,0.611625715101716
22197,0.0899103961117939,0.436409659801284,0.0294481250825685,0.444231819004354
22198,0.0398507140880238,0.0281734352423621,0.0654577327519163,0.866518117917698
22199,0.690412195390145,0.0610063935783564,0.0471703331735661,0.201411077857933
22200,0.381399656035552,0.0699686064869639,0.104450452689095,0.444181284788389
22201,0.180840838306187,0.458535357633695,0.140173623735202,0.220450180324916
22202,0.612765846901418,0.177042588822739,0.0353119837665527,0.174879580509291
22203,0.532961535854976,0.270620506525021,0.0408008541259262,0.155617103494077
22204,0.0602248993636025,0.262996067086154,0.0147756878060114,0.662003345744233
22205,0.298478806801648,0.239410161677073,0.0938695402537731,0.368241491267505
22206,0.039856763169433,0.114229854276302,0.418345283389774,0.427568099164491
22207,0.0500480532359409,0.0362334549459578,0.320174443653531,0.59354404816457
22208,0.159905519455754,0.472305878741844,0.0291831187924966,0.338605483009905
22209,0.111732907332835,0.0606583927159396,0.0279771570861144,0.799631542865111
22210,0.0685227864568337,0.117342730570291,0.111474775205212,0.702659707767664
22211,0.0460118217790929,0.263137941907828,0.0156276619071693,0.67522257440591
22212,0.026362030677058,0.35324522882976,0.351997204647886,0.268395535845297
22213,0.065897035855491,0.248819155117767,0.225058723803678,0.460225085223064
22214,0.0426297413198512,0.215875400530317,0.408877358536159,0.332617499613673
22215,0.0527278560378939,0.0993956283286268,0.680783185112341,0.167093330521138
22216,0.390802614883733,0.147093171673517,0.132329461113975,0.329774752328775
22217,0.125952891189744,0.0791945151983392,0.525334217488017,0.269518376123899
22218,0.0601909351583904,0.408740023512573,0.0269278924472155,0.504141148881821
22219,0.355059835969973,0.0376925949556751,0.152275244173632,0.454972324900721
22220,0.768487069395629,0.0249831475547598,0.0559243471858847,0.150605435863726
22221,0.0246093447094368,0.213765041891913,0.0698813031722071,0.691744310226443
22222,0.727991092525155,0.0773178769222306,0.0375675285237386,0.157123502028876
22223,0.149546300011557,0.415262636673308,0.0395253142792075,0.395665749035927
22224,0.214260439983987,0.0610574534168028,0.161906503501668,0.562775603097542
22225,0.626337201771732,0.163727474887608,0.109456863952932,0.100478459387728
22226,0.0761718580774773,0.032575238164455,0.713912738130991,0.177340165627077
22227,0.557952321363631,0.184778781865949,0.116721765978674,0.140547130791746
22228,0.0230651858005182,0.65230499771558,0.101836822275148,0.222792994208753
22229,0.225474749076835,0.374627705148199,0.063023968033147,0.33687357774182
22230,0.0814457040551843,0.0699844469116758,0.692599666473975,0.155970182559165
22231,0.463497786331567,0.188344673728556,0.229737065292801,0.118420474647076
22232,0.429548291703302,0.278886954238923,0.0721942871140494,0.219370466943726
22233,0.156764646022007,0.105794503120055,0.427302795006674,0.310138055851264
22234,0.291774629299627,0.30518191175589,0.114956883119724,0.288086575824759
22235,0.268810114702532,0.0906264002648769,0.224257115441734,0.416306369590858
22236,0.568758075904796,0.184661637648646,0.106971589549127,0.139608696897431
22237,0.266791887673078,0.0883072048872303,0.350373220961566,0.294527686478126
22238,0.0484138384534216,0.242142211723364,0.375421948269455,0.33402200155376
22239,0.215016679115364,0.351977486976945,0.197856652659632,0.235149181248059
22240,0.16527284924294,0.161211362246889,0.305828171967946,0.367687616542225
22241,0.361996515417637,0.112914936551252,0.144027053487346,0.381061494543765
22242,0.391647987103658,0.218107969493665,0.0584147580123289,0.331829285390349
22243,0.049226832669435,0.590508837814381,0.0934620549503863,0.266802274565798
22244,0.226114524349392,0.404002149729852,0.225248918666463,0.144634407254293
22245,0.477739138690423,0.100829388552859,0.0833294241039761,0.338102048652742
22246,0.158411617112776,0.449145336985211,0.0864583875736284,0.305984658328385
22247,0.10217479481189,0.111494806121984,0.541003771634491,0.245326627431634
22248,0.464682255167596,0.173791380764037,0.270103919557948,0.0914224445104185
22249,0.0750614987511848,0.153387299975314,0.237577574106621,0.533973627166881
22250,0.436567962119664,0.0540577244996536,0.230473234952565,0.278901078428118
22251,0.12159050797476,0.118162845959899,0.511063466387739,0.249183179677602
22252,0.112965818472703,0.067322813210391,0.541803715127697,0.277907653189209
22253,0.151059930948189,0.529997959524449,0.0506860529331478,0.268256056594214
22254,0.0833775598513451,0.158246717479449,0.326168210039574,0.432207512629633
22255,0.0508808979662318,0.0256852173318723,0.476110080004884,0.447323804697012
22256,0.294591556398492,0.0451815607958527,0.219695412405633,0.440531470400022
22257,0.607316514635742,0.0485921532107242,0.145791933149423,0.198299399004111
22258,0.0514247545548385,0.572938434206049,0.151511084901949,0.224125726337164
22259,0.167861575021977,0.0725060687961861,0.195731094949049,0.563901261232788
22260,0.0226358759740863,0.036541359027583,0.438373361133353,0.502449403864978
22261,0.29439442297762,0.0627799310165393,0.260025949764011,0.382799696241831
22262,0.420872542458078,0.248926580563932,0.0830809438595348,0.247119933118455
22263,0.0656579594043104,0.488298177727135,0.0185825299771584,0.427461332891396
22264,0.45073918617246,0.2079025589845,0.0711066387987093,0.27025161604433
22265,0.167984000046361,0.132573809781722,0.508593066410951,0.190849123760966
22266,0.0682402502140093,0.0434705242794434,0.366794310907505,0.521494914599042
22267,0.0393049234089048,0.0305213959413192,0.58367235065998,0.346501329989797
22268,0.313770715663038,0.149484428821099,0.0826236057756602,0.454121249740202
22269,0.284298642302083,0.571746315157883,0.056982588131199,0.0869724544088343
22270,0.105638454745788,0.305932681698019,0.394802356323325,0.193626507232868
22271,0.206456852503124,0.286952523155573,0.390591572634919,0.115999051706385
22272,0.244156115241054,0.457031706852187,0.160279721551386,0.138532456355373
22273,0.211937571147489,0.191748071889295,0.308653868331007,0.287660488632209
22274,0.184259796980054,0.589945521922104,0.0726905799770414,0.153104101120801
22275,0.139172535062074,0.529532799366518,0.154792125158525,0.176502540412883
22276,0.0435844524047205,0.117807607002572,0.596485605074027,0.242122335518681
22277,0.246777053016053,0.178762629078417,0.506724685013516,0.0677356328920143
22278,0.0960387129941728,0.382187295895146,0.288354769675436,0.233419221435245
22279,0.41335679485153,0.198417217119444,0.146603156187113,0.241622831841913
22280,0.213591185578549,0.0967210953920223,0.384377993713459,0.305309725315969
22281,0.650610317559691,0.0875337580485638,0.146165118336816,0.115690806054929
22282,0.0793295702031361,0.290130136365265,0.568002390391578,0.0625379030400204
22283,0.123472748004498,0.334071344555451,0.140544107940828,0.401911799499223
22284,0.290198736245535,0.13844290481426,0.461832790579383,0.109525568360823
22285,0.0797474227875568,0.40831391414484,0.161138114922699,0.350800548144904
22286,0.128726197808347,0.0581218917006191,0.623885302822928,0.189266607668106
22287,0.381136746741078,0.279419084755715,0.0775766767064529,0.261867491796755
22288,0.262682570694619,0.300518896119855,0.222196893129653,0.214601640055874
22289,0.190976984487711,0.293692538522957,0.305537454664886,0.209793022324446
22290,0.500703045711362,0.0943392012577059,0.320224416031454,0.0847333369994777
22291,0.604276173376818,0.09573546827724,0.122589071880323,0.177399286465619
22292,0.200750296518761,0.30979953947279,0.265591661539794,0.223858502468655
22293,0.243337409127969,0.34297820042263,0.129190843069551,0.284493547379851
22294,0.311133677780493,0.175935800821889,0.0998482691317796,0.413082252265839
22295,0.122864323065245,0.257705583883499,0.421911966593922,0.197518126457335
22296,0.295700286599139,0.0733505416109756,0.285072416902002,0.345876754887884
22297,0.21017119936109,0.18472542506103,0.357341457264953,0.247761918312927
22298,0.145243599133257,0.20368814902687,0.426124148463327,0.224944103376546
22299,0.0451509769444915,0.653496997239467,0.0932001402254971,0.208151885590544
22300,0.560455430259952,0.189244708160121,0.0871763562283498,0.163123505351577
22301,0.110138713019718,0.159943747399133,0.575799003781287,0.154118535799863
22302,0.106502192415358,0.494469822443454,0.18592945989061,0.213098525250579
22303,0.433621600310244,0.144866995025184,0.133389014268141,0.28812239039643
22304,0.261476161325103,0.33971864561713,0.0571441258726874,0.341661067185079
22305,0.186886339627735,0.257357304383083,0.314685434762847,0.241070921226335
22306,0.169001836202068,0.14841262614855,0.524830236974753,0.15775530067463
22307,0.0922078636931317,0.326882776447144,0.0642099252300912,0.516699434629633
22308,0.147995957314168,0.290070156360796,0.199111292609947,0.36282259371509
22309,0.466018728721142,0.0918697676348015,0.0345441969990174,0.40756730664504
22310,0.266034768342573,0.0491690117943972,0.231992082869209,0.452804136993821
22311,0.158730788331539,0.282972493488586,0.195839633285155,0.36245708489472
22312,0.649269505359708,0.106098428180835,0.0680033936752784,0.176628672784179
22313,0.46158866698717,0.19678369738507,0.0684593034088868,0.273168332218872
22314,0.381119577497058,0.190690069208544,0.185994996581101,0.242195356713296
22315,0.123954180211121,0.297796096002792,0.165199390289321,0.413050333496766
22316,0.0486719892994966,0.380128713144208,0.143490912635263,0.427708384921033
22317,0.0624501343684158,0.450529668393901,0.0972920216296944,0.389728175607989
22318,0.153644291528638,0.0388342596446238,0.556969262980768,0.25055218584597
22319,0.324605783626677,0.206262050395171,0.0640615576749713,0.405070608303181
22320,0.113647046241622,0.329528710322614,0.350363502207107,0.206460741228658
22321,0.202659322113888,0.131528991374069,0.127872059314805,0.537939627197238
22322,0.0451613504961708,0.0947570717875524,0.451285931229495,0.408795646486782
22323,0.026983931421202,0.308147080735441,0.109505576686388,0.555363411156969
22324,0.0593186257263786,0.386792229102499,0.284886479100417,0.269002666070705
22325,0.15331159903662,0.192759515825008,0.0634531696334732,0.590475715504899
22326,0.382091908737032,0.0962444241587857,0.138212498638106,0.383451168466076
22327,0.335459887089107,0.227221979077866,0.344095595217924,0.0932225386151027
22328,0.301128203699686,0.148487210696344,0.170194279636144,0.380190305967826
22329,0.239116215436638,0.169499740333556,0.184291475178558,0.407092569051248
22330,0.137172601378985,0.149825143826635,0.299576239297716,0.413426015496663
22331,0.235185471107418,0.134222004162335,0.0477952747289314,0.582797250001315
22332,0.161566575130149,0.113144427162827,0.16824815356485,0.557040844142174
22333,0.642030666083033,0.0218886462186877,0.23367504709006,0.10240564060822
22334,0.17383686493609,0.126532682463011,0.324228591784741,0.375401860816158
22335,0.217782950951989,0.31067138018018,0.0870514324434958,0.384494236424335
22336,0.416055556992143,0.155748191352355,0.125827777874302,0.302368473781201
22337,0.11641536811671,0.296294641381443,0.299441196091589,0.287848794410259
22338,0.0544288304902793,0.167225139168979,0.126000359779942,0.6523456705608
22339,0.156836335820256,0.0617370934273647,0.608699609499251,0.172726961253128
22340,0.0340997007051541,0.4463958603465,0.0601034184043133,0.459401020544033
22341,0.142991254715049,0.0925644768383981,0.19951290787913,0.564931360567423
22342,0.207801878307781,0.101968170253109,0.441098659060074,0.249131292379035
22343,0.10452741786786,0.665607845597414,0.0653980584155097,0.164466678119216
22344,0.113557405715115,0.247860186583376,0.496367546311928,0.142214861389582
22345,0.740643531972039,0.0869244136391361,0.092004890715511,0.080427163673314
22346,0.460263637116077,0.141950756112267,0.067647887427855,0.330137719343801
22347,0.113577009431375,0.295541359493703,0.427569474690225,0.163312156384697
22348,0.0832934464572602,0.260727159989961,0.584293615510243,0.0716857780425357
22349,0.202006099834356,0.308491346854389,0.380598436696167,0.108904116615089
22350,0.214829463604938,0.294407134587913,0.369295203658053,0.121468198149096
22351,0.121237379802461,0.207978910339073,0.581521958660951,0.0892617511975151
22352,0.62934564049372,0.0807534373053896,0.187644935807657,0.102255986393233
22353,0.167873631266931,0.0959724558026553,0.407310953191687,0.328842959738726
22354,0.218969274255415,0.330882573307325,0.209582492594567,0.240565659842694
22355,0.139160400327368,0.321494083540443,0.273715347484493,0.265630168647695
22356,0.149702211666033,0.0728858587656765,0.434053887958827,0.343358041609464
22357,0.095350169216158,0.623844389957766,0.117711583285625,0.163093857540451
22358,0.721332883214776,0.0785774858995779,0.103013268743065,0.0970763621425805
22359,0.198645843898046,0.321966801404352,0.409462058178133,0.0699252965194688
22360,0.205441240111843,0.510453084978083,0.0356640734117304,0.248441601498344
22361,0.215135708990028,0.193858653149163,0.113524808970435,0.477480828890374
22362,0.116026617240891,0.246954975323512,0.349179337850535,0.287839069585063
22363,0.0628831397784508,0.106257315352566,0.363792022100717,0.467067522768266
22364,0.267320413943057,0.349308183008107,0.177148507802734,0.206222895246102
22365,0.252100623371555,0.316881403555508,0.261974445725396,0.169043527347542
22366,0.190977404039891,0.555861218598753,0.197826592056115,0.05533478530524
22367,0.478461685875848,0.0949656395170877,0.271899357532681,0.154673317074384
22368,0.203464773751871,0.457656279588151,0.122587587974475,0.216291358685503
22369,0.134972155150531,0.634252787751331,0.140311301170252,0.090463755927886
22370,0.106570061215984,0.417667399704824,0.198306160850099,0.277456378229093
22371,0.528371076480217,0.0687504700675142,0.20238100859283,0.200497444859439
22372,0.445906451290509,0.374476534395941,0.0618014368809741,0.117815577432577
22373,0.213881144059113,0.0843091397992043,0.296432526567374,0.405377189574309
22374,0.222684724958525,0.617745345150975,0.0885340922724251,0.0710358376180751
22375,0.120880757714891,0.564684587855673,0.102170198199618,0.212264456229818
22376,0.226174067615904,0.0983722880139754,0.165437681614401,0.51001596275572
22377,0.343526855619278,0.354840490505934,0.104986693574761,0.196645960300027
22378,0.0988187927772527,0.112072027180492,0.722107691719223,0.0670014883230326
22379,0.407221042404675,0.323947271332104,0.0654435783572133,0.203388107906008
22380,0.0634468124106824,0.212025860343405,0.185124727983595,0.539402599262318
22381,0.0762142968241143,0.452910293249298,0.183481587524795,0.287393822401794
22382,0.0427751013549933,0.603058849093185,0.0955316943884436,0.258634355163378
22383,0.229780593090724,0.113403475552095,0.390963662819775,0.265852268537407
22384,0.201698604589581,0.532551051632972,0.0975920823005048,0.168158261476942
22385,0.326083104811622,0.236176512163807,0.298835680040673,0.138904702983898
22386,0.236590264600648,0.367538536801092,0.285971790070315,0.109899408527945
22387,0.219634488232383,0.11116121251926,0.32157391758579,0.347630381662567
22388,0.469947137642359,0.232685283626652,0.125224543200701,0.172143035530287
22389,0.190953077247903,0.246831845652338,0.401406164893039,0.16080891220672
22390,0.306176585999588,0.182838335795894,0.131918675572193,0.379066402632325
22391,0.301880635702123,0.137818863729667,0.208584592613422,0.351715907954789
22392,0.244514632224144,0.348838866044871,0.188156312534721,0.218490189196263
22393,0.135644994586565,0.160670490031695,0.559029261191759,0.144655254189982
22394,0.105817611579545,0.377783046894223,0.154125533614054,0.362273807912178
22395,0.418931669588418,0.212635574001076,0.197892035984678,0.170540720425829
22396,0.0615714372986083,0.073583889937598,0.309460278947889,0.555384393815905
22397,0.34149440871532,0.30526062766823,0.100094452233939,0.253150511382511
22398,0.339601116205073,0.125481561914293,0.315851705219005,0.219065616661629
22399,0.0704201987933985,0.187668925713778,0.630379093895075,0.111531781597748
22400,0.0831805078857637,0.110219738281215,0.684790997501514,0.121808756331508
22401,0.547605802176612,0.0899719828798925,0.100356713675651,0.262065501267844
22402,0.162925661369648,0.38727811838471,0.333756324269559,0.116039895976083
22403,0.226828127149009,0.322341557176836,0.239106094377136,0.211724221297019
22404,0.473680069814073,0.0764304635686796,0.396702563056156,0.0531869035610915
22405,0.0817277161786767,0.499433914126691,0.116787214110275,0.302051155584358
22406,0.131348927694072,0.540094475002682,0.126039669743968,0.202516927559277
22407,0.211326219439163,0.122954942655151,0.251607088460597,0.414111749445089
22408,0.0565540288186511,0.11906569791754,0.759167634684196,0.0652126385796128
22409,0.409360700628697,0.213207945238266,0.273472408379063,0.103958945753974
22410,0.274921625270387,0.368041265734297,0.253275994425001,0.103761114570316
22411,0.196165183843536,0.333294251268929,0.324796891164661,0.145743673722874
22412,0.311032847242292,0.147419657947632,0.483610188290737,0.0579373065193396
22413,0.0581603913357623,0.113987238422943,0.147706622624219,0.680145747617076
22414,0.188546824728427,0.710537187076335,0.0351610559629108,0.0657549322323273
22415,0.083615354410742,0.167964450114632,0.628312439653205,0.120107755821422
22416,0.0895121133190713,0.118768917790276,0.616844368090131,0.174874600800522
22417,0.254136724956795,0.124101531016644,0.264235000780478,0.357526743246084
22418,0.030908272547434,0.550648362403987,0.288924360755217,0.129519004293362
22419,0.105820042758398,0.231072679996137,0.116328015166581,0.546779262078884
22420,0.0544307350961707,0.513570559534735,0.128428819389041,0.303569885980053
22421,0.294035005097988,0.13133426362674,0.432503698600725,0.142127032674547
22422,0.0502411779597993,0.326788966003916,0.240791796614662,0.382178059421624
22423,0.0798651333537164,0.197199988507563,0.573843081637555,0.149091796501166
22424,0.444073741801556,0.213589996043893,0.108304440207778,0.234031821946773
22425,0.116328700854899,0.33000626307554,0.112652307572099,0.441012728497462
22426,0.297535270286402,0.239720914520987,0.184275200731752,0.27846861446086
22427,0.367851962984126,0.277728436697468,0.0922416533901368,0.262177946928269
22428,0.0305483897122681,0.278547282873008,0.242945557391844,0.44795877002288
22429,0.707949247156535,0.12615298509046,0.0529398178602079,0.112957949892797
22430,0.113392160544242,0.0804825110412084,0.508069687645165,0.298055640769385
22431,0.267896506948109,0.0986340605477365,0.248649774236894,0.384819658267261
22432,0.253943031210295,0.414676882040632,0.148504151978642,0.182875934770431
22433,0.0862855538386935,0.0860150633041731,0.154581275611833,0.6731181072453
22434,0.339606395378789,0.120069471629232,0.1162042593127,0.424119873679279
22435,0.0490908572562425,0.195390961281362,0.43266694683224,0.322851234630156
22436,0.0665580402804272,0.417076326051698,0.1654694539446,0.350896179723275
22437,0.14599407530326,0.112336617562476,0.137312501160623,0.60435680597364
22438,0.13251820404148,0.140647156005068,0.054896975374312,0.67193766457914
22439,0.0533852173768778,0.159154374711466,0.471333204507,0.316127203404656
22440,0.184042685886905,0.508873217373727,0.170369115237287,0.136714981502081
22441,0.329214377345443,0.256375577952028,0.310619078477492,0.103790966225037
22442,0.147021256370849,0.291449333808977,0.474396211804964,0.0871331980152098
22443,0.149176473561836,0.712228645761917,0.0595531902196282,0.0790416904566189
22444,0.342615955084287,0.346537957549512,0.212346725167031,0.0984993621991706
22445,0.138747908021787,0.427240485650185,0.270633509969702,0.163378096358327
22446,0.168388019899402,0.36365890716249,0.436052415689598,0.0319006572485104
22447,0.221185783037415,0.491239814737553,0.181020839092088,0.106553563132945
22448,0.178728034364331,0.407642108897187,0.336175841158574,0.077454015579908
22449,0.203237747902693,0.501031793001328,0.151460946893384,0.144269512202595
22450,0.15362263577519,0.274778737523447,0.301387971649548,0.270210655051815
22451,0.0731026959218934,0.650863217538776,0.182746166843891,0.0932879196954395
22452,0.126287708808661,0.586870631067271,0.152503587397569,0.1343380727265
22453,0.252238126455118,0.172824816948716,0.232908601079909,0.342028455516257
22454,0.24940913050507,0.496042079715297,0.176990457090661,0.077558332688972
22455,0.429740510058314,0.212848378747291,0.229911070747586,0.127500040446809
22456,0.34184388195599,0.112050944691857,0.272655106855011,0.273450066497141
22457,0.210935221875552,0.347479934297126,0.303237210568173,0.13834763325915
22458,0.110450985137176,0.451599079449249,0.267578763690228,0.170371171723347
22459,0.25756795909348,0.290697148699329,0.405220683893495,0.0465142083136965
22460,0.181743553317918,0.178997118320221,0.551739977149288,0.0875193512125728
22461,0.306156649604443,0.327348185374339,0.215699487999383,0.150795677021835
22462,0.414102703346447,0.311549972723956,0.18036943613525,0.0939778877943474
22463,0.108790708268298,0.526844671796571,0.161715824234798,0.202648795700333
22464,0.232979883167959,0.355328899715545,0.236502570500723,0.175188646615773
22465,0.354246594914606,0.393687115161203,0.183225592527309,0.0688406973968823
22466,0.23938035726777,0.383293296641772,0.0803813430152841,0.296945003075174
22467,0.193962261739606,0.574711969609923,0.126989619206887,0.104336149443584
22468,0.222118432539517,0.358832185040402,0.23171162240681,0.187337760013271
22469,0.376341669278777,0.192563909459416,0.296632113438605,0.134462307823202
22470,0.186641288927387,0.646582930663849,0.0706304084458359,0.0961453719629283
22471,0.557518561818041,0.24629788040998,0.126710367290842,0.0694731904811385
22472,0.0816963320446836,0.428300287343485,0.343394041574082,0.146609339037749
22473,0.564409725914192,0.166032525277358,0.179535672694523,0.0900220761139276
22474,0.574843746121029,0.0612512527594411,0.302882409171922,0.0610225919476076
22475,0.281690922349093,0.58958527643525,0.0562063071139313,0.0725174941017257
22476,0.148028227566068,0.220124397164061,0.353441764450518,0.278405610819354
22477,0.107254752809502,0.243956715356312,0.489711301372702,0.159077230461484
22478,0.12602250011475,0.0879687042586204,0.54303833049535,0.242970465131279
22479,0.253919284788055,0.084924769362062,0.147616641354194,0.513539304495689
22480,0.0749546371155691,0.158182737980856,0.389337993448655,0.37752463145492
22481,0.215769317814897,0.38611473159784,0.049620085950688,0.348495864636575
22482,0.248392245353779,0.16662188869223,0.0587928438423223,0.526193022111668
22483,0.0923404803273709,0.242627460732489,0.0697028679537082,0.595329190986432
22484,0.247751827806937,0.306446548256862,0.0312006402612431,0.414600983674958
22485,0.0474214800195442,0.230859464483067,0.15553776545171,0.566181290045679
22486,0.0795511555309762,0.199791516662235,0.430853841585338,0.289803486221451
22487,0.0819155481031168,0.0503857199204468,0.341780233930723,0.525918498045714
22488,0.108448629420264,0.0769470370664851,0.404199151934479,0.410405181578772
22489,0.328170706888952,0.0577501154208004,0.279594136095577,0.334485041594671
22490,0.072368620724437,0.558174540288074,0.0815510374008324,0.287905801586657
22491,0.0555907129523216,0.551438873362263,0.0825216070817134,0.310448806603702
22492,0.0590098519990715,0.161556612177079,0.43400749283039,0.34542604299346
22493,0.155534927413757,0.431175474310033,0.261768272568018,0.151521325708192
22494,0.167044699577577,0.103722549063966,0.321212623219993,0.408020128138465
22495,0.113378843353109,0.190248391707489,0.265319597354905,0.431053167584498
22496,0.252216797814329,0.0454856954638233,0.186182631345087,0.51611487537676
22497,0.166297673232339,0.462372877991129,0.242325451214704,0.129003997561828
22498,0.0654319615426997,0.172095133563872,0.299615893509672,0.462857011383756
22499,0.481048642912497,0.114467268210496,0.141841720920403,0.262642367956605
22500,0.618878243512132,0.0929067006150431,0.0423951706163331,0.245819885256492
22501,0.362928290573372,0.144041530025419,0.156974677478199,0.336055501923011
22502,0.307504327638817,0.14154368502985,0.182260023273898,0.368691964057435
22503,0.214148498207098,0.173655599921532,0.0483034214475608,0.56389248042381
22504,0.153723179541485,0.465907470705712,0.0824744494597172,0.297894900293086
22505,0.217948791790947,0.0679132964683161,0.163500350312703,0.550637561428034
22506,0.207349456297344,0.24713870494559,0.274320381264349,0.271191457492717
22507,0.0201392396197427,0.557695125719541,0.0907310768709357,0.331434557789781
22508,0.12112515631085,0.654361737857779,0.0498282601510552,0.174684845680316
22509,0.600681940173579,0.0583597076701064,0.0853010816844358,0.255657270471879
22510,0.0373473493777674,0.801713092840715,0.0424170266476682,0.11852253113385
22511,0.146151987301071,0.0554422407979097,0.671434371040609,0.12697140086041
22512,0.0991069487216476,0.0986419088164291,0.341956791088466,0.460294351373457
22513,0.158187777014737,0.0709887517230144,0.31779696874194,0.453026502520308
22514,0.136781011943613,0.615804715878812,0.0775529837326976,0.169861288444877
22515,0.039144611964378,0.0504582007653987,0.489284199630193,0.421112987640031
22516,0.0643447863802912,0.501506361478231,0.162394259106335,0.271754593035144
22517,0.217497192341157,0.108329707951676,0.36327597756184,0.310897122145326
22518,0.117719797365715,0.190584637199968,0.227942556421757,0.46375300901256
22519,0.140746403056901,0.358332353461724,0.0634550241702198,0.437466219311156
22520,0.322577709617151,0.281566200647243,0.157469037084031,0.238387052651576
22521,0.0586472964425556,0.436668294434772,0.273867429907344,0.230816979215329
22522,0.0241280683670338,0.0845777260420977,0.556236994873976,0.335057210716893
22523,0.0252173279953727,0.715876941011104,0.139129852473476,0.119775878520048
22524,0.0561863145200758,0.0434980980452868,0.243270044605112,0.657045542829525
22525,0.237364886945599,0.0521736388528203,0.6478977618052,0.0625637123963802
22526,0.394878811940517,0.352478566595421,0.0537351678189345,0.198907453645127
22527,0.0843377755848209,0.314007560205871,0.130987488841952,0.470667175367357
22528,0.0880063146163908,0.0652705792823876,0.562907449757032,0.283815656344189
22529,0.135694038540522,0.397878499177258,0.132773185217072,0.333654277065148
22530,0.141258810939939,0.0348047963606336,0.0974811519519546,0.726455240747473
22531,0.0627410684417541,0.0431725412055796,0.762350551512934,0.131735838839732
22532,0.203863028293601,0.143018889175979,0.0421160897603131,0.611001992770107
22533,0.0423521004825955,0.385135985663866,0.0573326181755081,0.515179295678031
22534,0.11876307928704,0.362369176403896,0.0775486843550797,0.441319059953985
22535,0.137484919900215,0.232273283515375,0.35776159274675,0.27248020383766
22536,0.0780086398888786,0.543921689179302,0.0960238717682503,0.282045799163569
22537,0.102109600238348,0.300420806021483,0.364218294159117,0.233251299581052
22538,0.0638901037387492,0.423874229931008,0.136348003841492,0.375887662488751
22539,0.13510963925468,0.231240421248643,0.431460944540871,0.202188994955807
22540,0.165998327906924,0.292949858196742,0.105596638508874,0.43545517538746
22541,0.0832335650513875,0.293744203468532,0.181303147414307,0.441719084065774
22542,0.10797624313896,0.277309529357072,0.250214561107446,0.364499666396523
22543,0.429547990540454,0.0883373915546766,0.0573954701489959,0.424719147755873
22544,0.0537736086643279,0.0385760208440237,0.530869904952695,0.376780465538953
22545,0.0712606884911179,0.526489578705235,0.106526697394447,0.2957230354092
22546,0.436215014231084,0.426989173785417,0.0648542059287447,0.0719416060547544
22547,0.371327154465508,0.209098350539817,0.185496873659355,0.234077621335319
22548,0.125379565611781,0.195679991710065,0.282219999736943,0.396720442941211
22549,0.321118560138298,0.0391774216719663,0.203593642319821,0.436110375869915
22550,0.0567108781319499,0.234485982601455,0.572596138993318,0.136207000273277
22551,0.0640621601155926,0.307626219676122,0.318754453207415,0.30955716700087
22552,0.087085626834347,0.194056978231811,0.069233568089795,0.649623826844047
22553,0.179970967713359,0.508430897939413,0.0657621694877089,0.245835964859519
22554,0.346515936605327,0.175201958552567,0.325734485949052,0.152547618893054
22555,0.127848548491401,0.488760038375132,0.268874185574537,0.11451722755893
22556,0.448694765857263,0.30202956835638,0.194717729023788,0.0545579367625684
22557,0.115557211967421,0.559590542678104,0.2009641265406,0.123888118813876
22558,0.160393733422852,0.199041215129768,0.576721302450723,0.0638437489966574
22559,0.17225023462158,0.290473785426093,0.290738630395444,0.246537349556884
22560,0.223049576752301,0.21276877105173,0.399247976051415,0.164933676144554
22561,0.135618802289736,0.331501153827725,0.438571099210905,0.0943089446716352
22562,0.169776558978985,0.482867414019679,0.302884724488916,0.0444713025124204
22563,0.421493182703602,0.18745020733273,0.299266341260454,0.0917902687032145
22564,0.451865438551705,0.107496944732186,0.312730346651662,0.127907270064448
22565,0.125641787611578,0.169238295808484,0.452977354403866,0.252142562176072
22566,0.154159391665225,0.521174273586352,0.249033793570678,0.0756325411777462
22567,0.313861965345913,0.130267084031607,0.294957233279513,0.260913717342967
22568,0.326938713612669,0.162766847168701,0.201455850977763,0.308838588240867
22569,0.233209375048947,0.14597709703894,0.567661870131802,0.0531516577803114
22570,0.338729059862558,0.270578849573912,0.139396685811785,0.251295404751745
22571,0.248107204551691,0.458974831480471,0.121280318766163,0.171637645201674
22572,0.247944426635895,0.270064135527819,0.173742977213939,0.308248460622347
22573,0.249968998088729,0.280301663119454,0.331661610519014,0.138067728272803
22574,0.370970976142401,0.108974993274453,0.344030760408454,0.176023270174692
22575,0.089793734010856,0.453561898638015,0.310972195150755,0.145672172200374
22576,0.373096747684942,0.251153249956416,0.207497231738826,0.168252770619815
22577,0.394350950824551,0.309823404697513,0.226889461731951,0.0689361827459849
22578,0.0934886104512397,0.445813959861857,0.371979112311999,0.0887183173749045
22579,0.100693205947616,0.338024129626236,0.263897226731053,0.297385437695095
22580,0.467343603315967,0.243949746460947,0.209938402683992,0.0787682475390946
22581,0.0913275760853281,0.320328346517319,0.350606142141935,0.237737935255418
22582,0.404473933907866,0.19558809429797,0.322228680629328,0.0777092911648364
22583,0.261817420038427,0.273801046599893,0.359037057825666,0.105344475536014
22584,0.114728068041575,0.36830783675493,0.382254527158211,0.134709568045284
22585,0.199833001501943,0.4666727906428,0.217073947243385,0.116420260611872
22586,0.118961712743151,0.586433760018521,0.16212880350906,0.132475723729269
22587,0.395834559831076,0.102499135782731,0.0801959783824042,0.421470326003789
22588,0.307312375409532,0.143071861405707,0.337848984869288,0.211766778315474
22589,0.344471744934538,0.434791919219054,0.157288907514009,0.0634474283323994
22590,0.100694376198521,0.0994678070713749,0.498218718911765,0.301619097818339
22591,0.280120783833552,0.105654143525511,0.514951319887808,0.099273752753129
22592,0.277736722628657,0.446821632313626,0.170778318341098,0.104663326716619
22593,0.337578112550541,0.314200193186485,0.171908787004146,0.176312907258828
22594,0.132824205241551,0.0918382184076375,0.496282463658503,0.279055112692309
22595,0.087229739259109,0.142388060641178,0.247319950443975,0.523062249655738
22596,0.317915295533878,0.498047755172164,0.0967673947389286,0.0872695545550303
22597,0.0839943874678089,0.174833674768181,0.60185312033996,0.13931881742405
22598,0.109272125275727,0.467665576240124,0.0811517405592472,0.341910557924902
22599,0.148397511769374,0.139892882451778,0.12235768870527,0.589351917073579
22600,0.115447842146524,0.232924379271457,0.156090303445508,0.495537475136511
22601,0.385276157867025,0.068026336852864,0.106207678686809,0.440489826593303
22602,0.691957172119509,0.117523669501912,0.0837280527276109,0.106791105650968
22603,0.248567245493977,0.0782833870752035,0.213018266315278,0.460131101115542
22604,0.0627556658333209,0.347882996086522,0.29381704578846,0.295544292291698
22605,0.537595532673298,0.0758198918193064,0.0846795998228793,0.301904975684516
22606,0.166496326720317,0.12576214287605,0.473773823582597,0.233967706821037
22607,0.106469357873885,0.101168327097189,0.370390001108455,0.421972313920471
22608,0.105337216093293,0.57438890653222,0.152463082552749,0.167810794821739
22609,0.253654676188865,0.361822720072972,0.0633676981019307,0.321154905636233
22610,0.028540319058237,0.710977333284367,0.153927527118892,0.106554820538504
22611,0.150907745435488,0.270680451207826,0.406748191126041,0.171663612230646
22612,0.121046309498035,0.161767631533731,0.439435438776601,0.277750620191634
22613,0.475023330628939,0.291852056551758,0.101529941702434,0.13159467111687
22614,0.417522481914953,0.20677684784267,0.187758687392318,0.187941982850059
22615,0.145704930743063,0.543490942334068,0.229448970110401,0.0813551568124679
22616,0.595057956867977,0.0686620862967583,0.283911807541915,0.0523681492933496
22617,0.159773263751733,0.136841543399201,0.545046402577066,0.158338790272
22618,0.518178714337935,0.100438233615059,0.192708057834883,0.188674994212123
22619,0.0965282951177679,0.486628079773448,0.119366313829653,0.297477311279131
22620,0.0853759178282213,0.710244446070658,0.0932150711718816,0.111164564929239
22621,0.0959399794977939,0.0615430595816593,0.653330813675978,0.189186147244569
22622,0.225355303410073,0.0986480529940749,0.166515380029081,0.509481263566771
22623,0.120732782629281,0.573858166135043,0.126467175903271,0.178941875332405
22624,0.160068574690426,0.482058114378236,0.0924717769192081,0.265401534012131
22625,0.281464849509176,0.197603357016126,0.140286969283772,0.380644824190926
22626,0.335505893668915,0.117633328679387,0.187691364164567,0.359169413487131
22627,0.256772566935778,0.0908465837110915,0.369992654952711,0.28238819440042
22628,0.0682851989944826,0.277887034492477,0.538284282030104,0.115543484482936
22629,0.118210820749686,0.41734214016767,0.18332262446746,0.281124414615185
22630,0.294449456906873,0.474028265942065,0.104265475615115,0.127256801535947
22631,0.355396522971818,0.419394001270968,0.0235260628555521,0.201683412901661
22632,0.131352447465314,0.419248267163166,0.0887492463972563,0.360650038974265
22633,0.105394401452799,0.0938946017308655,0.296724250004774,0.503986746811561
22634,0.0138192725846309,0.442731427852699,0.209011017185782,0.334438282376889
22635,0.0296838299498985,0.596190418121899,0.0251982779934631,0.34892747393474
22636,0.0162149974652406,0.628027630531962,0.151786218719718,0.20397115328308
22637,0.616444860183602,0.0319465221624352,0.0293623274524464,0.322246290201517
22638,0.100707393788951,0.187821404082313,0.098019438221801,0.613451763906936
22639,0.0272300230891816,0.230431141257357,0.0822611706088855,0.660077665044576
22640,0.0452276737985936,0.083028854525072,0.539373102776487,0.332370368899847
22641,0.0220150681263975,0.688180119982088,0.116665989692996,0.173138822198518
22642,0.0564878060349885,0.215592511780306,0.0872158366262865,0.640703845558419
22643,0.181458577150842,0.0745686418474544,0.366325476192087,0.377647304809617
22644,0.032974182505741,0.163474402358869,0.657318209166421,0.146233205968969
22645,0.158792725171041,0.0236336165990981,0.135217084154057,0.682356574075804
22646,0.245536060389722,0.218964000475319,0.133235039497033,0.402264899637925
22647,0.652057277314042,0.225392085711403,0.0123890051292735,0.110161631845282
22648,0.750573001004455,0.0966882042743568,0.00657390459179629,0.146164890129392
22649,0.0864428199460933,0.265672448576192,0.261904958519742,0.385979772957972
22650,0.0912775698275045,0.435732381284457,0.0812548553383304,0.391735193549708
22651,0.0959939896082286,0.100226497178029,0.48203377383849,0.321745739375253
22652,0.0548867807638959,0.100996161993703,0.22279614101943,0.621320916222972
22653,0.0450911992452176,0.212374926846115,0.595665505741278,0.146868368167389
22654,0.0463982467415898,0.096514971061087,0.190126049064812,0.666960733132511
22655,0.112980559437368,0.540877894133096,0.0537146038891904,0.292426942540345
22656,0.178972626938494,0.142926093791739,0.460062240405848,0.218039038863918
22657,0.339848266518712,0.198145422331581,0.0838333076860755,0.378173003463631
22658,0.0672173220176466,0.0332619330676815,0.116821890155001,0.782698854759671
22659,0.114651214934125,0.101131943611743,0.557867577750337,0.226349263703795
22660,0.59799137295637,0.142936003202621,0.0320882244043334,0.226984399436676
22661,0.397741962032441,0.109239365322193,0.25248105506748,0.240537617577886
22662,0.0634162112594042,0.130107440028112,0.682038846283306,0.124437502429178
22663,0.155776421765329,0.650296846302197,0.0852000473942305,0.108726684538244
22664,0.0785735965518118,0.520282814008702,0.0405183806149877,0.360625208824498
22665,0.317820778792267,0.202242416324784,0.336746518143381,0.143190286739569
22666,0.306643262704938,0.227301795128567,0.0301288682560446,0.435926073910452
22667,0.0726249516261753,0.165164821743032,0.523053108510285,0.239157118120508
22668,0.173505406464076,0.326080838337635,0.0687955829781758,0.431618172220112
22669,0.109383023632182,0.0760398222256466,0.15270766929074,0.661869484851431
22670,0.146500031481322,0.374577387847801,0.134747776636685,0.344174804034192
22671,0.225185872678657,0.117925053785867,0.425502512367263,0.231386561168213
22672,0.404106417865586,0.1005401667166,0.134302153447838,0.361051261969975
22673,0.304097193108315,0.201599722418877,0.127876261445502,0.366426823027307
22674,0.128294870626098,0.194085790338517,0.501729367645751,0.175889971389634
22675,0.0822215023157147,0.32553592857692,0.158784466153415,0.43345810295395
22676,0.141149286870653,0.510420292491978,0.0877151401051318,0.260715280532237
22677,0.486823001462719,0.103070818894403,0.159896085667276,0.250210093975602
22678,0.16114743539253,0.128962949507621,0.115345912503444,0.594543702596405
22679,0.0432650658285679,0.47909192164297,0.0722772130814732,0.405365799446989
22680,0.0435060355050327,0.143580556867631,0.38443152804024,0.428481879587096
22681,0.0815206351979154,0.341028362940782,0.104935068276843,0.472515933584459
22682,0.237332379878999,0.570905104174079,0.0613920847266892,0.130370431220233
22683,0.0612838910366319,0.0276188572316022,0.587575248291447,0.323522003440319
22684,0.156222770335036,0.667264118651756,0.0667206962477715,0.109792414765437
22685,0.170181575342957,0.0987448370289454,0.137933764888923,0.593139822739174
22686,0.772664910166026,0.055178031952565,0.0429040105715037,0.129253047309906
22687,0.11214977550576,0.549486212940707,0.144279370469634,0.194084641083898
22688,0.380314318924702,0.320497216345848,0.240221152987173,0.0589673117422767
22689,0.260070906341697,0.364127889942806,0.226779357583656,0.14902184613184
22690,0.0841934269672449,0.264204630931035,0.589532423613103,0.0620695184886166
22691,0.150838713406302,0.478107681343096,0.316638320717298,0.0544152845333037
22692,0.22199675912729,0.26154059633637,0.283093409361341,0.233369235175
22693,0.259134179523245,0.360448430243013,0.168035468190356,0.212381922043387
22694,0.50489133733604,0.0916182009093011,0.31879236387156,0.0846980978830993
22695,0.192386795611815,0.185654413960474,0.490212049989579,0.131746740438133
22696,0.122966739432979,0.480096083585776,0.114977114082058,0.281960062899188
22697,0.056568862567247,0.465955395857495,0.153594637169367,0.323881104405891
22698,0.357609833633685,0.367920960508321,0.0756741874816496,0.198795018376344
22699,0.53596064341328,0.085620672573778,0.196225876826106,0.182192807186836
22700,0.249661673954621,0.148301280099797,0.136936759245962,0.465100286699621
22701,0.108194901203188,0.456815518821157,0.0460440664867592,0.388945513488896
22702,0.0425759192411868,0.202613709939919,0.520121898457286,0.234688472361608
22703,0.221487250650638,0.124551800662232,0.542349870060185,0.111611078626945
22704,0.111001812790258,0.507565410944055,0.154778253036529,0.226654523229159
22705,0.0853267704177715,0.315655298878697,0.341627134159524,0.257390796544007
22706,0.172852630633241,0.241008852500362,0.399438038857764,0.186700478008634
22707,0.0962021852359162,0.627735162971785,0.165486826611223,0.110575825181076
22708,0.175631847041558,0.169643249483033,0.492114484067024,0.162610419408385
22709,0.163155291122849,0.655366558703489,0.0650103986818687,0.116467751491793
22710,0.150535504817981,0.511868632467523,0.129398138010952,0.208197724703545
22711,0.635893709545934,0.113290579730095,0.155078870790893,0.095736839933078
22712,0.281973217392077,0.358263286431691,0.0943085268507651,0.265454969325467
22713,0.165944205786937,0.19783227550893,0.352127799183035,0.284095719521098
22714,0.109717101975065,0.19483547980679,0.590681673055543,0.104765745162603
22715,0.256157049311384,0.29593864609914,0.176255338678876,0.271648965910601
22716,0.137158334915985,0.297594424776374,0.217351070354429,0.347896169953212
22717,0.142629224897662,0.123569351105316,0.424274779449732,0.309526644547289
22718,0.444895132231549,0.126511181638416,0.121553084489274,0.307040601640761
22719,0.572578544886413,0.203214565426348,0.127096632420471,0.0971102572667682
22720,0.0925610414398575,0.428305149675073,0.199311057046521,0.279822751838548
22721,0.468076194627049,0.274611185593533,0.115168573087961,0.142144046691457
22722,0.146231233731892,0.219170194502118,0.229705912421896,0.404892659344094
22723,0.141908670784089,0.464592454781293,0.0450787239866544,0.348420150447964
22724,0.0896303046174037,0.156701973864799,0.661157475962798,0.0925102455549998
22725,0.165248173543566,0.528697953824728,0.188982424817283,0.117071447814423
22726,0.101034589952759,0.516523539289516,0.23345050335802,0.148991367399705
22727,0.24362255890438,0.305882145399219,0.366521154785115,0.0839741409112857
22728,0.0793289765042699,0.56502051753345,0.244882318735716,0.110768187226564
22729,0.321417769218436,0.370157708547807,0.213444057868251,0.0949804643655055
22730,0.159513925787838,0.361184927828938,0.337690370751246,0.141610775631979
22731,0.0647128553995035,0.434348107989237,0.394472202059101,0.106466834552159
22732,0.212575384351224,0.356004306766105,0.316585035635598,0.114835273247073
22733,0.398790787054256,0.274205463052972,0.159667883828782,0.16733586606399
22734,0.2199240855677,0.425625511943689,0.191975635046218,0.162474767442393
22735,0.15017649571659,0.500085740991168,0.306420981488667,0.0433167818035746
22736,0.108184212090482,0.237742661947773,0.534170681643536,0.119902444318209
22737,0.415165219463789,0.28764434941926,0.0805554669852429,0.216634964131708
22738,0.411102367526027,0.168949648868184,0.317277188533613,0.102670795072176
22739,0.474773153062712,0.202235084191694,0.147469804917871,0.175521957827724
22740,0.109148548414554,0.539174229151118,0.237841355896318,0.11383586653801
22741,0.501607451961119,0.104175262995858,0.292159503574519,0.102057781468503
22742,0.161549877095284,0.574764814461168,0.206882350820755,0.0568029576227937
22743,0.166215449504323,0.555974321941437,0.123320599063195,0.154489629491045
22744,0.234339975562761,0.370091041025086,0.259120133184329,0.136448850227823
22745,0.373539471203708,0.25842049162913,0.187261118682074,0.180778918485088
22746,0.238092279849378,0.339531798333654,0.289700617850777,0.13267530396619
22747,0.556177091010159,0.166044938978903,0.121633445531258,0.15614452447968
22748,0.468173407242144,0.21627596819179,0.260519556012939,0.0550310685531272
22749,0.170385205271482,0.231709280007527,0.512462541386605,0.0854429733343855
22750,0.169786738797172,0.101996711788595,0.675300623591507,0.0529159258227265
22751,0.18250826649897,0.328788117569467,0.398328514046845,0.0903751018847184
22752,0.304210629875722,0.206471818846449,0.310578499058688,0.178739052219142
22753,0.272264157960092,0.464129479161948,0.139323599820189,0.124282763057771
22754,0.36511663547061,0.363624845127452,0.226024650781141,0.0452338686207973
22755,0.159554944949455,0.0974218305413292,0.587748721346873,0.155274503162343
22756,0.227048752833463,0.230602665089038,0.298089406605088,0.24425917547241
22757,0.489259960715654,0.154094380822286,0.0961436983719234,0.260501960090137
22758,0.231222891012335,0.175474705840754,0.493471187047266,0.0998312160996443
22759,0.334068410212867,0.402310000105172,0.0695563748489142,0.194065214833046
22760,0.162481769350641,0.17489043304071,0.542915281240895,0.119712516367754
22761,0.141054399174612,0.499753897542186,0.137029701512172,0.222162001771031
22762,0.0964061322911337,0.356447361963184,0.429490536328415,0.117655969417267
22763,0.104147577570341,0.37488170618921,0.298028035353364,0.222942680887086
22764,0.174734549092386,0.607865544007736,0.0542594377396239,0.163140469160255
22765,0.201572208319255,0.266655388549282,0.303085146158653,0.22868725697281
22766,0.384035104626774,0.331255498284875,0.205400164481585,0.0793092326067661
22767,0.154654169064329,0.109057273740894,0.521747868019385,0.214540689175391
22768,0.159109530266507,0.155958138583833,0.484107201580297,0.200825129569362
22769,0.0670479780256516,0.819664198776228,0.0399560518540614,0.0733317713440595
22770,0.585996714467327,0.103736117863361,0.0597924133439013,0.250474754325411
22771,0.354477580648364,0.106924722237434,0.431273120797237,0.107324576316965
22772,0.481699858438763,0.202284528236439,0.14321963508971,0.172795978235088
22773,0.0869063436824351,0.534823486578834,0.0830477164731954,0.295222453265535
22774,0.121122574819711,0.230191342074525,0.380128680984341,0.268557402121423
22775,0.257235415924048,0.342014315243464,0.28678565137888,0.113964617453608
22776,0.248600238977618,0.289878425766551,0.0929411048579214,0.36858023039791
22777,0.0719479884751741,0.439767469599869,0.323147549825549,0.165136992099408
22778,0.0363483129368107,0.171869978253963,0.496269702652102,0.295512006157125
22779,0.154566885982289,0.40261741280718,0.195965324977988,0.246850376232543
22780,0.202922140874708,0.49908463460681,0.0746448639628397,0.223348360555642
22781,0.0599585635497745,0.164580040534481,0.562551867918426,0.212909527997319
22782,0.0516130551240389,0.079700312553935,0.505021747611306,0.36366488471072
22783,0.193487619076697,0.127820976735939,0.48195220678697,0.196739197400394
22784,0.0825422004701871,0.496133948843724,0.0879727102990714,0.333351140387018
22785,0.135745088159125,0.425382453495498,0.249547773838676,0.189324684506701
22786,0.283884424240382,0.0713324802144284,0.311543372367866,0.333239723177323
22787,0.333314706776749,0.145711535812667,0.149997290203075,0.37097646720751
22788,0.425178670495132,0.0347044548527047,0.206472676338489,0.333644198313675
22789,0.386227034158899,0.123700434782531,0.105588450013797,0.384484081044773
22790,0.0808544107678573,0.219284896189653,0.479079848288016,0.220780844754474
22791,0.091922325953596,0.357647897300993,0.0794799147679283,0.470949861977483
22792,0.0796770250845022,0.0774758703950258,0.678666159756624,0.164180944763848
22793,0.693621624216915,0.10555678121565,0.0551356142288534,0.145685980338582
22794,0.103142703905966,0.23822962041072,0.357575220587674,0.301052455095639
22795,0.152831904815686,0.370185815010539,0.0642278044072107,0.412754475766565
22796,0.547759872374648,0.0572459831827668,0.178741395644789,0.216252748797796
22797,0.0420754316431192,0.0792149253969467,0.74809360260952,0.130616040350415
22798,0.0561612623418854,0.0779892856685212,0.26417810944436,0.601671342545234
22799,0.47548810430983,0.0755159537235926,0.0618321459220152,0.387163796044563
22800,0.20438615844112,0.111952595569109,0.221887973999684,0.461773271990087
22801,0.0690276935981021,0.292258605420551,0.284088969042185,0.354624731939163
22802,0.0496120101268825,0.454285920760094,0.226899487601946,0.269202581511077
22803,0.444186088869598,0.39710137466054,0.0378008428537332,0.120911693616129
22804,0.273547522108236,0.0940945010861342,0.35920920970684,0.273148767098791
22805,0.193261842010847,0.302504104040642,0.183331112572789,0.320902941375722
22806,0.104591461584921,0.589461555921253,0.0741407167090783,0.231806265784748
22807,0.42330178821729,0.0293613903542657,0.357034874139034,0.190301947289411
22808,0.0461239313191463,0.427027849363436,0.231343214667668,0.29550500464975
22809,0.0856928346924435,0.162026719574276,0.572956292325409,0.179324153407872
22810,0.0804517551579987,0.515323275204896,0.157791811284104,0.246433158353001
22811,0.159021173595195,0.162288012621902,0.331613409660595,0.347077404122307
22812,0.148088104873041,0.430300052401155,0.162781001240829,0.258830841484975
22813,0.346545476201957,0.091154126375494,0.291075457716881,0.271224939705667
22814,0.211474102352229,0.559996456570942,0.0539811557212883,0.174548285355541
22815,0.155771405222108,0.412578634804244,0.142839852533959,0.28881010743969
22816,0.0983625322327098,0.196717010112926,0.0584716280424776,0.646448829611887
22817,0.488648045587011,0.112734625730921,0.0661045846972653,0.332512743984802
22818,0.03858979043067,0.584401230840931,0.192053324101006,0.184955654627393
22819,0.154625484713465,0.116407863525703,0.405503393986613,0.323463257774219
22820,0.0896985252625952,0.211131512728102,0.486250014414632,0.212919947594671
22821,0.0853309628999033,0.178804522040441,0.351520167966285,0.384344347093371
22822,0.314241331942984,0.0666490815316733,0.28676156776466,0.332348018760682
22823,0.0857153540754808,0.416466644611452,0.0708054700288263,0.42701253128424
22824,0.0495040465514586,0.455287290511592,0.160084669826363,0.335123993110587
22825,0.143804572276536,0.0338665493890702,0.707260898619707,0.115067979714686
22826,0.0814022212186626,0.121193378472449,0.325086548118839,0.47231785219005
22827,0.50005909484004,0.0458434050259257,0.165689314879031,0.288408185255003
22828,0.0552409810932459,0.20917792420157,0.601497757752987,0.134083336952198
22829,0.0714212055322385,0.493603080632218,0.30155002908905,0.133425684746494
22830,0.0847727412680611,0.0319609524254306,0.693971331252222,0.189294975054286
22831,0.0749037817825512,0.567482995209925,0.0447899639040444,0.31282325910348
22832,0.0924852468252212,0.0677330046561015,0.584637566556181,0.255144181962496
22833,0.144529178467088,0.531973997520149,0.0903349739700237,0.233161850042739
22834,0.0299030559764182,0.0830058717322887,0.242267275246842,0.644823797044451
22835,0.159639436115058,0.141532888215084,0.101193665883003,0.597634009786856
22836,0.17549976257034,0.346561224130418,0.062262860838039,0.415676152461203
22837,0.0395922150213827,0.355033476798455,0.110342670400214,0.495031637779949
22838,0.249821427461885,0.14263648848918,0.0348575348654801,0.572684549183455
22839,0.152362499955652,0.282817565302047,0.277005039948782,0.287814894793519
22840,0.483455304863778,0.0380646299008346,0.227607806590794,0.250872258644594
22841,0.247625713504331,0.14102943074452,0.154790215151995,0.456554640599154
22842,0.350392603217984,0.0577571068511989,0.257241220688403,0.334609069242414
22843,0.370537411474969,0.0812383796371071,0.240809599444848,0.307414609443076
22844,0.657503876074208,0.0664658959003534,0.182355102919538,0.0936751251059004
22845,0.616671142428878,0.195835321753868,0.107405353988857,0.0800881818283978
22846,0.0782006078129897,0.697485952668173,0.0260521059007182,0.198261333618119
22847,0.218012996472749,0.549409291569858,0.0873397861488813,0.145237925808512
22848,0.214391572767044,0.213644469876209,0.0869365449844656,0.485027412372282
22849,0.3980536882606,0.0326593591397504,0.476520416971579,0.0927665356280704
22850,0.48975005104312,0.0775549056898619,0.256462027338613,0.176233015928405
22851,0.131858627953057,0.453097138185515,0.0999315676651582,0.31511266619627
22852,0.54821697152787,0.0578214503909085,0.0379186027403841,0.356042975340837
22853,0.624948831673581,0.0931455136646486,0.200042205357991,0.0818634493037795
22854,0.102891596563633,0.149734248462887,0.0535461556415709,0.693827999331909
22855,0.447520631278041,0.161274126772186,0.0327655498122389,0.358439692137534
22856,0.0241650518251403,0.0386506273666708,0.502841324259767,0.434342996548422
22857,0.0192164352105998,0.0424198156595539,0.268588046998941,0.669775702130905
22858,0.249077212901701,0.257130415570111,0.278584221366559,0.215208150161628
22859,0.158117070643438,0.693945152988561,0.0758526829235281,0.0720850934444728
22860,0.173501120112908,0.298411376968075,0.150959851157494,0.377127651761523
22861,0.232321183799598,0.346454912161706,0.279274759038723,0.141949144999973
22862,0.148240056303537,0.181302960651703,0.19267708126817,0.47777990177659
22863,0.104818602285714,0.651787081984868,0.155612722060946,0.0877815936684719
22864,0.0485178379370214,0.41462911674794,0.19635349410287,0.340499551212169
22865,0.241577141090713,0.318350424539157,0.130807972551405,0.309264461818725
22866,0.239641395631526,0.0437444018167782,0.574332857877002,0.142281344674694
22867,0.177726734226644,0.0828684868779725,0.543244708834938,0.196160070060445
22868,0.128314715660564,0.190009356269933,0.318380314160715,0.363295613908787
22869,0.351903657340139,0.144922248840043,0.160960037784705,0.342214056035113
22870,0.232392873135365,0.285191392929498,0.214863736118374,0.267551997816763
22871,0.166900281006556,0.492303185210302,0.101002467697706,0.239794066085436
22872,0.148051666617687,0.668318728769778,0.0409503097153353,0.1426792948972
22873,0.0697435451473877,0.25188856714024,0.316019453507982,0.362348434204391
22874,0.122420285096445,0.556284300638243,0.0636548427411219,0.25764057152419
22875,0.0553203725012149,0.577411961095324,0.0848412477633531,0.282426418640108
22876,0.195856788785553,0.474679161338462,0.14637752440279,0.183086525473195
22877,0.34734647952453,0.111634793510859,0.155881751224515,0.385136975740096
22878,0.101526953078759,0.0591953711356916,0.478702739945377,0.360574935840172
22879,0.166558068420332,0.122274234223057,0.598672790943651,0.11249490641296
22880,0.133551015998793,0.185853419217847,0.578402817238681,0.102192747544678
22881,0.270155674511099,0.152295556071756,0.290821833655619,0.286726935761526
22882,0.0401948287684086,0.80941804120159,0.0284290021633768,0.121958127866625
22883,0.154303714058755,0.0799986582305256,0.436036425863773,0.329661201846946
22884,0.069440315262231,0.269089939664686,0.318833999503015,0.342635745570067
22885,0.40639571864242,0.15105766918042,0.0351770151081865,0.407369597068973
22886,0.244494242547467,0.0343440273658903,0.13555659294831,0.585605137138333
22887,0.105082769037907,0.666397109746234,0.0810056423516054,0.147514478864253
22888,0.599639933563066,0.227745199451264,0.0400893825795341,0.132525484406137
22889,0.0237679639020549,0.0435808726327706,0.807149555876413,0.125501607588762
22890,0.306002059518941,0.477394363341052,0.0804639273417395,0.136139649798268
22891,0.142616654747865,0.379592195037777,0.208830782483874,0.268960367730484
22892,0.160314667103425,0.0870837024494119,0.526601870613338,0.225999759833825
22893,0.528118958608598,0.178526499189318,0.132291705636051,0.161062836566033
22894,0.103609981952486,0.0816003948613142,0.0337351749308973,0.781054448255302
22895,0.392155991947448,0.172040293710845,0.125174589112715,0.310629125228992
22896,0.424738642909004,0.467930680359065,0.0419411721033787,0.0653895046285524
22897,0.10365315612065,0.265032365076833,0.416778499102057,0.214535979700461
22898,0.108545577579383,0.201425993949448,0.474150204345345,0.215878224125824
22899,0.531579306771006,0.146171792622748,0.144049275582036,0.178199625024211
22900,0.460810661267066,0.130383102938258,0.0886623408426571,0.320143894952018
22901,0.192904219142338,0.326215228570007,0.174974408693378,0.305906143594277
22902,0.165201834315505,0.350081673734236,0.178685209261579,0.306031282688681
22903,0.184961779266845,0.24921181521804,0.456959469836088,0.108866935679028
22904,0.644939947575893,0.0913695760512499,0.142741027183985,0.120949449188872
22905,0.376188656196017,0.329644248443042,0.0790228355479079,0.215144259813033
22906,0.642536347408637,0.207198217456676,0.040700888464495,0.109564546670192
22907,0.18080378512696,0.167623955415853,0.435877134514328,0.21569512494286
22908,0.203064339415207,0.262022755563334,0.32315078179648,0.211762123224978
22909,0.149806086404032,0.710443920705855,0.0475365809205309,0.0922134119695823
22910,0.201453492872522,0.297338092553167,0.130144532183301,0.371063882391009
22911,0.118491060078561,0.18229664444088,0.293521752955347,0.405690542525211
22912,0.273381125802326,0.477217399014507,0.168769794024462,0.0806316811587051
22913,0.182742515882356,0.108420726077821,0.619452344910534,0.0893844131292901
22914,0.0920160409676095,0.442224353791235,0.138094870501159,0.327664734739997
22915,0.640023295867142,0.0774310698447548,0.0993269925344194,0.183218641753684
22916,0.222224206029644,0.321532674118053,0.0904895327260739,0.36575358712623
22917,0.349903604681159,0.254240910944101,0.0396220885548592,0.356233395819881
22918,0.499864788608552,0.178006193710874,0.0389983383410655,0.283130679339509
22919,0.0670150623908018,0.785768904030138,0.0544482950229763,0.0927677385560837
22920,0.136970186800705,0.15728292715887,0.428801710768875,0.27694517527155
22921,0.42930928740247,0.129262395351409,0.0735723492180777,0.367855968028044
22922,0.172296521017275,0.437047679361739,0.133145643418306,0.25751015620268
22923,0.0290444516585043,0.486371049760266,0.163875546827732,0.320708951753498
22924,0.572815925657886,0.130641336459733,0.159520195368449,0.137022542513932
22925,0.172045933953414,0.289815444859406,0.0400718928596155,0.498066728327565
22926,0.374066653728714,0.0973499917654877,0.205413173327533,0.323170181178266
22927,0.0731718909943247,0.0970096983554303,0.260902761200306,0.568915649449939
22928,0.729314551486735,0.132256566559676,0.0269491685176,0.111479713435989
22929,0.0617556775116917,0.598662187556317,0.155044273756481,0.18453786117551
22930,0.0782713732733882,0.134115617626001,0.451560191948244,0.336052817152366
22931,0.0749093092671983,0.215143516956233,0.580246380476815,0.129700793299754
22932,0.121346431800184,0.120954236274664,0.063715832542168,0.693983499382985
22933,0.422099953801847,0.114850410631696,0.117426777612897,0.34562285795356
22934,0.150808575423397,0.0948603340122506,0.360157058721853,0.3941740318425
22935,0.0897267527002355,0.572326838225487,0.156795664302303,0.181150744771976
22936,0.454551679309304,0.12652464088499,0.212404832856918,0.206518846948787
22937,0.433480736964887,0.179432790602802,0.135232542927835,0.251853929504476
22938,0.407008805270889,0.273977604798876,0.0855614545456064,0.233452135384629
22939,0.12718676904043,0.271551074586069,0.218325806713831,0.382936349659671
22940,0.12533059349776,0.0513385542434725,0.532825218019224,0.290505634239543
22941,0.231762278226873,0.0842911170572686,0.440773979009012,0.243172625706846
22942,0.0397339890389505,0.255176293476565,0.589349079037025,0.115740638447459
22943,0.0912438011461399,0.33355755302784,0.10625282621557,0.46894581961045
22944,0.0782690334447588,0.43349450329993,0.053968650320476,0.434267812934835
22945,0.170450669451522,0.29972463672696,0.124658733967983,0.405165959853534
22946,0.0724217923430522,0.123778091757566,0.297754819056593,0.506045296842789
22947,0.201634966154461,0.6023829353948,0.0510131078603561,0.144968990590383
22948,0.239167408544337,0.110122262407716,0.088686348290358,0.562023980757589
22949,0.0615926053540063,0.295952494533555,0.327746381831669,0.31470851828077
22950,0.152160823209298,0.272144142847683,0.0649043994790952,0.510790634463924
22951,0.133055159686859,0.434360358321184,0.13740831955966,0.295176162432297
22952,0.186730237901246,0.279661215454121,0.0749887736312689,0.458619773013363
22953,0.421279530058935,0.203690754828269,0.232197995364657,0.142831719748138
22954,0.19103342230383,0.201456344775308,0.290320870841883,0.317189362078979
22955,0.200297863964626,0.541216584415623,0.137000929352952,0.121484622266799
22956,0.41926904473831,0.205744923310126,0.156464757047955,0.218521274903609
22957,0.259410502321301,0.187137395079658,0.399865759129194,0.153586343469848
22958,0.566752691958666,0.1831958484369,0.103832336934201,0.146219122670233
22959,0.119247263776517,0.173238548700803,0.471767850732452,0.235746336790228
22960,0.400093700263506,0.389117331520574,0.10868953822149,0.10209942999443
22961,0.158309635008459,0.238212101408349,0.370174330062244,0.233303933520948
22962,0.185716924331512,0.112022995183424,0.637686563938013,0.0645735165470513
22963,0.0675976522376288,0.373363269158315,0.0686300635689917,0.490409015035065
22964,0.115540971407858,0.12577878949818,0.532350431614593,0.226329807479369
22965,0.304677907246822,0.391986043487369,0.0982590804361429,0.205076968829666
22966,0.152202711216911,0.14099690483089,0.58283394065835,0.123966443293849
22967,0.055942260325392,0.518882193424443,0.369965656643845,0.0552098896063197
22968,0.152146719512601,0.227787286422217,0.489147125214063,0.13091886885112
22969,0.304960703663023,0.255369274666711,0.293235503346338,0.146434518323928
22970,0.462281781122698,0.164696650400672,0.179304081650417,0.193717486826213
22971,0.152029372539679,0.178528706786761,0.599476231633586,0.0699656890399742
22972,0.233790461400741,0.601992220343314,0.0877008384851711,0.0765164797707732
22973,0.0387018194618274,0.459208793805476,0.0522054357352342,0.449883950997463
22974,0.0624680392716153,0.101029892947638,0.454487032631383,0.382015035149364
22975,0.230084847375141,0.154456535242775,0.504963865510741,0.110494751871343
22976,0.0268893803459054,0.202792121797713,0.491410442527372,0.27890805532901
22977,0.0681788250107239,0.261572037481972,0.462544208493854,0.207704929013451
22978,0.0284664846275079,0.212701193942905,0.560821064927988,0.198011256501599
22979,0.0584383529805775,0.259040436888064,0.464757589065967,0.217763621065391
22980,0.416520095580249,0.46736137291486,0.0455859307251288,0.0705326007797622
22981,0.140932845588359,0.648933997651753,0.122315699251629,0.0878174575082581
22982,0.184024017683815,0.0654382701523292,0.199957735350986,0.55057997681287
22983,0.542018317468731,0.32584072285565,0.0318924391080538,0.100248520567565
22984,0.0162762741154263,0.459642349308207,0.287092272622049,0.236989103954318
22985,0.329914998910646,0.0565516984296968,0.122914644614053,0.490618658045605
22986,0.352063658589569,0.23237870863567,0.0696094958504355,0.345948136924325
22987,0.046926242778423,0.113090151407751,0.383081466032634,0.456902139781192
22988,0.121829435060438,0.0598977773567479,0.586415338795827,0.231857448786988
22989,0.580611256004996,0.0789427117815257,0.144704744131596,0.195741288081882
22990,0.0897515028557023,0.355764496915228,0.0674601400257385,0.487023860203331
22991,0.572458632399072,0.104289828238373,0.0524948941083631,0.270756645254192
22992,0.254026986687293,0.360146047274395,0.205757519189283,0.180069446849028
22993,0.151879617534806,0.124789197151753,0.603975706123634,0.119355479189808
22994,0.609681359316335,0.192123051919103,0.106595080301134,0.0916005084634278
22995,0.0883028659912052,0.355686111060028,0.260998531903263,0.295012491045504
22996,0.517873426565203,0.204705886304784,0.166160104450186,0.111260582679826
22997,0.201967141448625,0.385350990597043,0.172283069356684,0.240398798597647
22998,0.188097792811937,0.125483184067842,0.123366046272516,0.563052976847705
22999,0.444576922405535,0.134573680105146,0.229055147720996,0.191794249768323
23000,0.146962658761576,0.243797784853513,0.528293325272589,0.0809462311123223
23001,0.206273210301157,0.399044761005488,0.168785557266998,0.225896471426356
23002,0.0773898501125995,0.420252061505523,0.170160019332442,0.332198069049436
23003,0.617189646617016,0.133496695730424,0.143852886043212,0.105460771609348
23004,0.119617429453287,0.315963812797016,0.360184939490823,0.204233818258874
23005,0.218688343615274,0.573810026994395,0.0806765063505843,0.126825123039747
23006,0.116594651959017,0.144344649135783,0.613953351496737,0.125107347408464
23007,0.0393995150062118,0.444820419643035,0.436336578706558,0.0794434866441952
23008,0.062197784403362,0.486751436138145,0.280941787238961,0.170108992219532
23009,0.274285808800461,0.10387235639503,0.297678574512922,0.324163260291586
23010,0.416943757622247,0.307865006324374,0.113797146256983,0.161394089796396
23011,0.367687960807193,0.102272509542643,0.25397831218766,0.276061217462505
23012,0.270107771268662,0.081156999662435,0.44718802699645,0.201547202072452
23013,0.336937563969302,0.0985416936555855,0.265644370244901,0.298876372130211
23014,0.0527596384599279,0.296256263429006,0.403887887431059,0.247096210680007
23015,0.127051213643297,0.122964295829643,0.478672486406009,0.271312004121051
23016,0.343802173014517,0.184004419193904,0.340426454891698,0.131766952899881
23017,0.212375790191202,0.170843942450106,0.358536771869495,0.258243495489197
23018,0.535387820282416,0.173203231673592,0.152292932750143,0.139116015293848
23019,0.0611905127410759,0.152668063858152,0.682505110507844,0.103636312892928
23020,0.313660678318117,0.0802316394321033,0.0865152118039349,0.519592470445845
23021,0.41704886878137,0.279394563409922,0.0269877362033778,0.276568831605331
23022,0.171521596011343,0.222776390876149,0.0571107433126583,0.54859126979985
23023,0.482355586257535,0.125645599745169,0.121479643296751,0.270519170700545
23024,0.298062489194166,0.316157763289644,0.0410086443044482,0.344771103211742
23025,0.0700849262354485,0.434756979139483,0.222568776964231,0.272589317660838
23026,0.742234459436964,0.0678069107692605,0.0754428276149942,0.114515802178782
23027,0.216335848355213,0.295300803346186,0.101149435197469,0.387213913101132
23028,0.0839679573063638,0.612989453142851,0.045959949357504,0.257082640193281
23029,0.0425923078404005,0.0429315680489487,0.664720567387727,0.249755556722924
23030,0.422488041401328,0.222105746060021,0.0708939832145068,0.284512229324145
23031,0.0593124629880544,0.21092983342654,0.336284527950346,0.39347317563506
23032,0.163030748524331,0.538893102530589,0.113878983845463,0.184197165099616
23033,0.43607451967097,0.144638487584511,0.0541051006613455,0.365181892083174
23034,0.0927701230968775,0.316800190074483,0.0651514045513611,0.525278282277279
23035,0.366887744442487,0.303300179690267,0.0488461667088046,0.280965909158441
23036,0.0560187122654994,0.465181594776453,0.0656792179890276,0.41312047496902
23037,0.579035842433176,0.155084573299418,0.12626583106988,0.139613753197526
23038,0.328022933718175,0.480471156292839,0.0990491293172547,0.0924567806717314
23039,0.61443243936021,0.139959894048461,0.0226013221322084,0.22300634445912
23040,0.0587325874923066,0.0832521092754891,0.147115684024966,0.710899619207238
23041,0.303213027471459,0.0815811376132208,0.400215677184229,0.21499015773109
23042,0.369950812732497,0.13052129732342,0.0632469325037567,0.436280957440326
23043,0.0795105512629932,0.122928339432672,0.192036329650033,0.605524779654302
23044,0.107219957270198,0.15742017108599,0.532526356212879,0.202833515430933
23045,0.567161183856515,0.0932666473390204,0.129028891605217,0.210543277199247
23046,0.779307339946895,0.0443295503141109,0.0766361302804645,0.0997269794585292
23047,0.0694854767373116,0.211173826405533,0.581399433229007,0.137941263628149
23048,0.548190820788649,0.155128390363948,0.150399011102156,0.146281777745247
23049,0.394816863478615,0.276103633819008,0.135517210324435,0.193562292377943
23050,0.282488791289767,0.460411798466073,0.143947754732198,0.113151655511963
23051,0.402430002689585,0.217170993427443,0.222191520789901,0.158207483093072
23052,0.11152823776444,0.685325763283936,0.148691052275254,0.0544549466763706
23053,0.511299833995093,0.0763240247404997,0.205775988877204,0.206600152387203
23054,0.444218499978922,0.070618735550728,0.36402851108339,0.121134253386961
23055,0.659972536513511,0.196415575147163,0.0708001356101986,0.072811752729127
23056,0.202828267469667,0.150636992851784,0.226673127385059,0.41986161229349
23057,0.170775423170377,0.569689485753028,0.034173147838646,0.225361943237949
23058,0.0444998650385439,0.479483311642048,0.334376973261632,0.141639850057776
23059,0.399261311637642,0.121986836215238,0.134544556255783,0.344207295891337
23060,0.519320619334499,0.0976289884343232,0.0526055707693484,0.330444821461829
23061,0.550715445743621,0.132584499060993,0.245455232932185,0.0712448222632014
23062,0.170906404975244,0.217326374418128,0.0870992579614158,0.524667962645213
23063,0.108043181965944,0.0812333370675478,0.685824663879732,0.124898817086776
23064,0.138719175632511,0.0754994153076738,0.592019869512068,0.193761539547747
23065,0.116985612111372,0.21045754616416,0.451091862892201,0.221464978832267
23066,0.0949057797283908,0.706580735866628,0.0474862846704323,0.151027199734549
23067,0.183891479543865,0.14596399720198,0.293304602214749,0.376839921039406
23068,0.708038719437217,0.165106221060046,0.0219751067577653,0.104879952744971
23069,0.0409646482226107,0.466850614176576,0.235924462721104,0.256260274879709
23070,0.183623864706397,0.463338763163179,0.0601084084970656,0.292928963633358
23071,0.0347267759257238,0.531388252367922,0.266820300230766,0.167064671475589
23072,0.176497903667747,0.102298809312157,0.492800440618902,0.228402846401194
23073,0.109095407576539,0.0397021260249442,0.518937054505436,0.332265411893081
23074,0.531522344886227,0.0818557560392446,0.0625725839662099,0.324049315108319
23075,0.300393222000746,0.238238040910754,0.173168837474424,0.288199899614077
23076,0.570426433286009,0.0441275030452798,0.043476726830994,0.341969336837718
23077,0.815105397187642,0.0469402576163468,0.0461786389845473,0.0917757062114639
23078,0.0652527953250679,0.145696151751103,0.632698600416227,0.156352452507603
23079,0.513765061137603,0.106355181520156,0.231641209492591,0.14823854784965
23080,0.279172312366874,0.324935790999267,0.0932373954231492,0.30265450121071
23081,0.0343234187107119,0.06706262639478,0.684691196018442,0.213922758876066
23082,0.182438233736814,0.681414790613694,0.0387649658628036,0.0973820097866891
23083,0.160588388721694,0.316482032387572,0.237406351093691,0.285523227797043
23084,0.0535681728076074,0.199079163859483,0.608757638270951,0.138595025061958
23085,0.0773957002014075,0.0460221209638321,0.0830859696168609,0.7934962092179
23086,0.266454805114053,0.39969996632925,0.233290431850668,0.100554796706029
23087,0.25476535250252,0.299059485934579,0.346977659848083,0.0991975017148179
23088,0.355544184356115,0.172460558538876,0.414965717931826,0.0570295391731834
23089,0.444563349562854,0.333075385869957,0.184392154937595,0.0379691096295947
23090,0.0836968788082461,0.242816522149854,0.50440214513942,0.16908445390248
23091,0.367093816041517,0.317791344215714,0.219057809089931,0.096057030652838
23092,0.306326255928478,0.144808698738591,0.406283890958883,0.142581154374048
23093,0.388401363405347,0.181755186647168,0.217769139397712,0.212074310549772
23094,0.602574786566037,0.207208114455011,0.145858032938662,0.0443590660402903
23095,0.3039674734793,0.264462726651344,0.110391722211972,0.321178077657385
23096,0.336710099668652,0.210809039907119,0.308763121988092,0.143717738436137
23097,0.620107292234022,0.0918827713486605,0.245072851192999,0.0429370852243188
23098,0.434111982500238,0.17018530136164,0.262373148865539,0.133329567272583
23099,0.516939749565778,0.205138074039689,0.165665119581049,0.112257056813483
23100,0.150368250409462,0.145421129185451,0.657769953093986,0.0464406673111017
23101,0.161885305730376,0.582289580886943,0.110661236448364,0.145163876934318
23102,0.397849104452779,0.156224676650801,0.263199376282864,0.182726842613555
23103,0.169927817703815,0.345439589265586,0.421402613607188,0.0632299794234107
23104,0.19760723653972,0.374929761691019,0.244770254858392,0.18269274691087
23105,0.0931122818858995,0.318871079083345,0.356407773203051,0.231608865827705
23106,0.308695286118883,0.243214621421202,0.250437396706349,0.197652695753566
23107,0.203024945890286,0.135442433373394,0.566202833587032,0.0953297871492882
23108,0.183285633427719,0.226585608454653,0.216526531498381,0.373602226619248
23109,0.1185747402599,0.362905249559156,0.346881476193963,0.171638533986981
23110,0.529975173873393,0.0541947262576197,0.256107768065237,0.159722331803751
23111,0.0835069552981168,0.528796963552673,0.25614037582932,0.13155570531989
23112,0.121724347780354,0.115615599794834,0.676045672069452,0.0866143803553603
23113,0.158391339581441,0.384558083312789,0.253433365842504,0.203617211263267
23114,0.0894143452825975,0.284718062697004,0.478981415482448,0.146886176537951
23115,0.119043696736845,0.311461654536615,0.273754832364716,0.295739816361823
23116,0.0666635827455673,0.655186306599269,0.0305049331591601,0.247645177496004
23117,0.143390234879279,0.0905178272623086,0.601370057854611,0.164721880003801
23118,0.038647072209332,0.0621899943185782,0.504782120563586,0.394380812908504
23119,0.0362420058848696,0.354209328941029,0.108436786957015,0.501111878217086
23120,0.604445074497149,0.119405663990803,0.0419030634134707,0.234246198098578
23121,0.349927785099217,0.23222893065248,0.0613688150612267,0.356474469187076
23122,0.302880909732272,0.129501738487535,0.151407379612176,0.416209972168017
23123,0.0390201968776287,0.519901265203546,0.186248312305584,0.254830225613241
23124,0.296145980344292,0.418356160421288,0.18407834989506,0.101419509339361
23125,0.306964761627109,0.380016651144928,0.212807357342336,0.100211229885627
23126,0.364082335114434,0.339554659572908,0.168959175466335,0.127403829846323
23127,0.285884740674673,0.239297608576589,0.398517456718651,0.0763001940300874
23128,0.545817040406992,0.264906298751378,0.117835852258099,0.071440808583531
23129,0.403319187891168,0.332841262877812,0.152990071751103,0.110849477479917
23130,0.201789868582097,0.463894743414163,0.183508883207184,0.150806504796555
23131,0.272347729590887,0.199378698155157,0.443734440309334,0.0845391319446214
23132,0.384782644609161,0.298298689786392,0.218267284307032,0.0986513812974148
23133,0.187173802861169,0.149943526345535,0.553606599339498,0.109276071453798
23134,0.181495155068343,0.225382197046794,0.37975949623786,0.213363151647003
23135,0.156294894941396,0.440269539391826,0.289798188220383,0.113637377446395
23136,0.163233133545759,0.109754102781895,0.576033711612807,0.150979052059539
23137,0.141034811264488,0.268743671321871,0.159542598014789,0.430678919398852
23138,0.168946952477867,0.154105285824751,0.554303483169526,0.122644278527857
23139,0.371364104772819,0.265363932574886,0.186105963673828,0.177165998978467
23140,0.190582482308602,0.554763050682404,0.113572329197631,0.141082137811363
23141,0.114167817341766,0.535628655781188,0.145261622996195,0.204941903880852
23142,0.366226668648357,0.134391724962348,0.370943997683197,0.128437608706098
23143,0.223058552512923,0.285866477783888,0.416242826351464,0.0748321433517258
23144,0.200454474005487,0.325407595710071,0.387200521362283,0.0869374089221599
23145,0.25033819074435,0.347220835587198,0.293437757155835,0.109003216512617
23146,0.251121628935393,0.491708944499987,0.214969996825294,0.0421994297393267
23147,0.265593671738406,0.237629044333126,0.334554327348206,0.162222956580262
23148,0.242506465703675,0.473736599865549,0.198138228594881,0.0856187058358958
23149,0.491788460337464,0.295435530442963,0.108172219259691,0.104603789959882
23150,0.2362602563746,0.436383028159907,0.191248709471847,0.136108005993646
23151,0.251093053296658,0.216284183811399,0.460637763691965,0.0719849991999779
23152,0.258818334208109,0.167486403543252,0.443018506687334,0.130676755561306
23153,0.344241356581152,0.278390949174818,0.228772876226244,0.148594818017786
23154,0.275108524452163,0.256156380082709,0.277112400949064,0.191622694516065
23155,0.452174978916436,0.256656923257811,0.170718573898888,0.120449523926865
23156,0.446630219665711,0.198034176718914,0.225077337612959,0.130258266002416
23157,0.140570470886899,0.571518321348054,0.184874142359762,0.103037065405285
23158,0.51913352880597,0.154195519010701,0.241723026800615,0.0849479253827138
23159,0.273636884126109,0.224299511954557,0.343603377434706,0.158460226484628
23160,0.0974800256113115,0.204455286050437,0.384725256052675,0.313339432285577
23161,0.322078021325951,0.233862169808812,0.327886915150422,0.116172893714815
23162,0.18743095237069,0.251984954707739,0.0698180227035316,0.49076607021804
23163,0.0976665453501817,0.764461808960752,0.0385625749715192,0.0993090707175474
23164,0.180630678906755,0.567524734493133,0.114972282937364,0.136872303662748
23165,0.0249046250609747,0.176729027353175,0.349734912514997,0.448631435070854
23166,0.560512401602241,0.122228625236129,0.0566145555493709,0.260644417612259
23167,0.306385881894165,0.0892851468471769,0.19570754151621,0.408621429742448
23168,0.180308824630932,0.0300476589037092,0.173243096237976,0.616400420227384
23169,0.211306273772631,0.280379966621773,0.398628707627468,0.109685051978128
23170,0.0822395944281997,0.0735281157167221,0.164568114408052,0.679664175447026
23171,0.190403800447187,0.0964570871802199,0.205859983014939,0.507279129357655
23172,0.204626665164957,0.528057114666553,0.0955263219381536,0.171789898230336
23173,0.0257529347105836,0.0482865702390846,0.268265783677172,0.65769471137316
23174,0.814905829142958,0.077744706376521,0.0220306571679706,0.0853188073125503
23175,0.318749200095018,0.101759005890083,0.136959034729625,0.442532759285274
23176,0.0265635334348132,0.612037405800403,0.0663172994254727,0.295081761339312
23177,0.350316544314331,0.182205172696041,0.389193087374612,0.0782851956150166
23178,0.145138661770931,0.537868645980235,0.116366042713154,0.200626649535681
23179,0.113362766922256,0.622353991120462,0.0548711998433922,0.209412042113891
23180,0.0255641614760398,0.194058110771459,0.586998842219076,0.193378885533425
23181,0.217161809746052,0.469921347769504,0.170252314456282,0.142664528028161
23182,0.339488122895109,0.442963462545817,0.145295202062167,0.0722532124969068
23183,0.172684612190413,0.421371733026877,0.187037315803794,0.218906338978917
23184,0.277776187109597,0.317372829619702,0.262434416670676,0.142416566600025
23185,0.366493015642671,0.147347317062915,0.258418791292488,0.227740876001925
23186,0.358382135071252,0.246355154082986,0.0894850312195305,0.305777679626231
23187,0.114528678104039,0.17139612529667,0.57825331029091,0.13582188630838
23188,0.494958160854996,0.318426763881335,0.100405218336959,0.08620985692671
23189,0.21924486594556,0.170793552888233,0.190533077247407,0.4194285039188
23190,0.199516279599696,0.224816845029158,0.291888694012455,0.28377818135869
23191,0.316362237818588,0.372498267780365,0.149827146895202,0.161312347505845
23192,0.291903426297344,0.406951536345907,0.0503586862262782,0.25078635113047
23193,0.246810790619484,0.254035606715011,0.106408004101445,0.392745598564061
23194,0.429040747511341,0.352838257643978,0.102020999276114,0.116099995568567
23195,0.437351065965419,0.201724701799395,0.196311828785787,0.164612403449399
23196,0.237980718104723,0.381111628664269,0.174952128492613,0.205955524738395
23197,0.333879362920971,0.0863087162686444,0.227085461850172,0.352726458960213
23198,0.434841542861662,0.106995368515221,0.176285663223003,0.281877425400115
23199,0.538620769982822,0.164479162695466,0.0585334953951687,0.238366571926543
23200,0.326596789488503,0.178819564392271,0.387818658726376,0.10676498739285
23201,0.30545464079953,0.272533187337779,0.251178166480652,0.170834005382039
23202,0.200448948959986,0.283933065206753,0.370985095558027,0.144632890275235
23203,0.0767862977651441,0.626841142940609,0.189334338588882,0.107038220705365
23204,0.196497799906385,0.3883960620017,0.159862583523172,0.255243554568742
23205,0.222912631112228,0.177060565142578,0.323470781469573,0.276556022275621
23206,0.305544148525308,0.365286143309672,0.0543171727946504,0.274852535370369
23207,0.324469712335728,0.205678575562514,0.336488921804347,0.133362790297411
23208,0.201996081424373,0.124145468112982,0.329040860631177,0.344817589831469
23209,0.254731688991107,0.397375894921727,0.124626487756001,0.223265928331165
23210,0.661103832778504,0.100549071702537,0.117594408326472,0.120752687192487
23211,0.330247962290116,0.379866896149335,0.10848447265629,0.181400668904261
23212,0.0946577111532075,0.419231348845256,0.249284190139466,0.23682674986207
23213,0.090765692080051,0.121696460503135,0.390332927909306,0.397204919507509
23214,0.634783346140048,0.0696344815708645,0.206548370769166,0.0890338015199215
23215,0.399861785252774,0.0827156051113194,0.195723507209688,0.321699102426219
23216,0.252388422580967,0.167247887636995,0.235846152682914,0.344517537099124
23217,0.0786550151483932,0.542869190148282,0.0701185907384818,0.308357203964844
23218,0.145804405517463,0.220201280597986,0.267840425941637,0.366153887942914
23219,0.311446078200096,0.0842168908961583,0.0541350504351591,0.550201980468586
23220,0.654215668119146,0.166271849698252,0.067361717735408,0.112150764447194
23221,0.795958575618642,0.0280617878956059,0.0182547926332866,0.157724843852466
23222,0.0832146003410774,0.124893470062761,0.569547596809905,0.222344332786257
23223,0.116371969053561,0.376020675868296,0.0985560389030518,0.409051316175091
23224,0.0405252550997925,0.266972910847534,0.200022073124665,0.492479760928008
23225,0.2250367361412,0.558656482901439,0.0187696019737113,0.19753717898365
23226,0.0800957027705823,0.113949856121347,0.285064008530498,0.520890432577572
23227,0.690178228761935,0.124389102270856,0.0418661834228393,0.14356648554437
23228,0.0566824918788909,0.0430768214641425,0.109986636354576,0.79025405030239
23229,0.113117795997686,0.108544855310073,0.359152406508634,0.419184942183607
23230,0.0686825484041814,0.327525033756123,0.0276536703387995,0.576138747500896
23231,0.0260819574082701,0.270733658861091,0.0959519369850466,0.607232446745593
23232,0.203076232484291,0.238303635724408,0.137417866485484,0.421202265305817
23233,0.0850076702604278,0.0936635401714759,0.280554486605777,0.540774302962319
23234,0.16984470466579,0.033327625184862,0.0697243380547063,0.727103332094642
23235,0.0769398365258164,0.0127488615824762,0.419466737514182,0.490844564377526
23236,0.51235322550994,0.0195738484404807,0.284586848462678,0.183486077586901
23237,0.0250477429832141,0.141372761502981,0.247087817392101,0.586491678121704
23238,0.147598407303593,0.27774308255387,0.302633274563156,0.27202523557938
23239,0.287256383806057,0.493991143617966,0.0430794726244466,0.17567299995153
23240,0.176037339635908,0.585508098172386,0.083274391487657,0.155180170704049
23241,0.458310684073103,0.137926922720803,0.209457828275852,0.194304564930241
23242,0.606884549870702,0.173628730609153,0.0641781355439733,0.155308583976172
23243,0.323113321839311,0.0729782840096493,0.375151943078884,0.228756451072156
23244,0.156903191957035,0.510340169601505,0.148171635756299,0.184585002685161
23245,0.631199075153421,0.0324044131202354,0.150538405965597,0.185858105760746
23246,0.337433024477975,0.306302165049684,0.106316595963844,0.249948214508498
23247,0.106835857524214,0.0787543545975167,0.335982393924688,0.478427393953581
23248,0.108286642191589,0.531700757427084,0.15146115404797,0.208551446333357
23249,0.267900682527101,0.256213687114813,0.225445373058606,0.25044025729948
23250,0.238980041859484,0.11916195077054,0.520705264028285,0.121152743341692
23251,0.0755185948846076,0.677740929087695,0.101715032630825,0.145025443396872
23252,0.113116947873382,0.298260952109898,0.258866017670934,0.329756082345786
23253,0.0755672439660144,0.160430726043039,0.649661552352005,0.114340477638942
23254,0.576438454913255,0.0749088108244979,0.27612984613172,0.0725228881305274
23255,0.356319816977335,0.280320065471466,0.040587735061023,0.322772382490176
23256,0.677608652805571,0.0373765427580178,0.136785692453133,0.148229111983279
23257,0.22963315997981,0.533176475467697,0.0538688854191681,0.183321479133325
23258,0.617604019607255,0.1033323953232,0.158610604116901,0.120452980952644
23259,0.0652527423589289,0.189928333174078,0.336214621174937,0.408604303292057
23260,0.192630868131416,0.0650109416437733,0.565145932097823,0.177212258126988
23261,0.120120122210991,0.492441461739076,0.117722022263151,0.269716393786782
23262,0.53234123728706,0.121488977111249,0.144824119483378,0.201345666118313
23263,0.509578617793191,0.199207086937748,0.161380330884891,0.12983396438417
23264,0.0397259381584704,0.402946042543971,0.324727373876387,0.232600645421172
23265,0.583047952195976,0.14208692800741,0.117159416179098,0.157705703617517
23266,0.203002058422447,0.117360214805181,0.152027601028453,0.527610125743919
23267,0.23420655805023,0.201823212052284,0.355572944722892,0.208397285174595
23268,0.195401896887721,0.121709580595103,0.0602672930362865,0.62262122948089
23269,0.248100230882098,0.422889480881489,0.0462562097879469,0.282754078448465
23270,0.165123144700973,0.222432760723005,0.496777829568717,0.115666265007306
23271,0.292458391099515,0.0773727681496292,0.0864681722386505,0.543700668512206
23272,0.146546162958674,0.171776507005473,0.537151669634205,0.144525660401648
23273,0.105799037484147,0.464550749704413,0.113977345154094,0.315672867657345
23274,0.354655184069748,0.134505540362629,0.0908976747737365,0.419941600793886
23275,0.0670505403513719,0.184909027011068,0.271745007865898,0.476295424771662
23276,0.215013113012311,0.441828183257919,0.18059138590242,0.162567317827349
23277,0.462664433874088,0.314620655266014,0.0950710092598834,0.127643901600015
23278,0.142249051205516,0.164139803255882,0.366256403666653,0.327354741871949
23279,0.334134152053231,0.375298789172464,0.119723804563985,0.17084325421032
23280,0.327708697959789,0.180457069490904,0.2555347933524,0.236299439196906
23281,0.121055005747864,0.523865011970888,0.159847919796811,0.195232062484437
23282,0.261345047717307,0.392640817635505,0.185703462330424,0.160310672316764
23283,0.129716487857164,0.377951344725926,0.268978290268335,0.223353877148574
23284,0.124064552108587,0.392612457725181,0.252534379241889,0.230788610924343
23285,0.413214725878999,0.185093691968969,0.148446414937864,0.253245167214169
23286,0.230506293523306,0.123351907742064,0.415929137447843,0.230212661286787
23287,0.140534209592791,0.224161734823152,0.335062709321597,0.300241346262461
23288,0.630790853446499,0.124197696995189,0.133350608304011,0.111660841254301
23289,0.193981704473705,0.534599979118334,0.161853662907382,0.10956465350058
23290,0.190047485768375,0.442942816600568,0.0909973855678228,0.276012312063235
23291,0.396318604356099,0.154958145821365,0.159057780662405,0.289665469160131
23292,0.180722472896319,0.150016882210043,0.472060647560976,0.197199997332662
23293,0.551643937949343,0.222468848458623,0.0869198575958071,0.138967355996227
23294,0.185961337036654,0.227562571982667,0.11751810246533,0.468957988515349
23295,0.355286053401016,0.0155572081004931,0.474766973937603,0.154389764560888
23296,0.203504187038789,0.217072493995325,0.461491704112101,0.117931614853785
23297,0.114689518168316,0.059841565347854,0.55123853199113,0.2742303844927
23298,0.397526534498949,0.0434407394479388,0.341269719738165,0.217763006314947
23299,0.394057457053935,0.165050139622214,0.0676779911126317,0.37321441221122
23300,0.423157674272949,0.198717419793389,0.265159805130514,0.112965100803148
23301,0.468401934642679,0.0593580953830348,0.125327725063728,0.346912244910558
23302,0.304899540441173,0.186667057331937,0.412666284751772,0.0957671174751177
23303,0.131388358964269,0.193501699456766,0.389505152638833,0.285604788940133
23304,0.0314114434650543,0.423985380297552,0.0694736812626307,0.475129494974763
23305,0.402466086210768,0.039292827433965,0.0421866380523843,0.516054448302883
23306,0.338880999929232,0.433632439470429,0.0721612639274933,0.155325296672846
23307,0.112361485944247,0.274144474020435,0.180539650734477,0.432954389300842
23308,0.230128737641579,0.0278208578636855,0.577322698848259,0.164727705646476
23309,0.103837970336859,0.0909428392098302,0.0229829740452146,0.782236216408097
23310,0.093258003805568,0.0427904682708317,0.608877928370998,0.255073599552602
23311,0.0940452202266783,0.0351677391846829,0.24797345014956,0.622813590439079
23312,0.278761063724543,0.106408620394408,0.504054922375004,0.110775393506045
23313,0.0664000091707293,0.279343125835964,0.227402651458743,0.426854213534564
23314,0.467302826919558,0.080004429628126,0.115952748825944,0.336739994626372
23315,0.381414844579538,0.148640048862676,0.38017299843664,0.0897721081211462
23316,0.35321808373793,0.154556778397632,0.206138217440585,0.286086920423853
23317,0.288766987049657,0.205780414969283,0.204243982801883,0.301208615179177
23318,0.0738584723348126,0.0832499125152673,0.472101242781179,0.370790372368741
23319,0.346426259921195,0.143399079309668,0.0296129532526668,0.48056170751647
23320,0.115474417811553,0.0680456888480719,0.265836305343943,0.550643587996433
23321,0.675779674537469,0.0134841019254483,0.21429133407914,0.0964448894579427
23322,0.210173749523875,0.0664423362332864,0.421584311969994,0.301799602272844
23323,0.263175681949086,0.350545133523596,0.0396986580749878,0.34658052645233
23324,0.480495466226132,0.10148105801977,0.134370753155616,0.283652722598482
23325,0.0497971164034287,0.412446827799217,0.3003689857907,0.237387070006654
23326,0.0592634658242669,0.134948399628738,0.0805846419977421,0.725203492549253
23327,0.0898129777172347,0.0297925530942633,0.715540389221964,0.164854079966538
23328,0.0177340819105601,0.512767874732035,0.0323695185783098,0.437128524779096
23329,0.178188492155771,0.0469788092675791,0.206510017765227,0.568322680811422
23330,0.169456968090842,0.0529309896133102,0.512012509538142,0.265599532757706
23331,0.0952926822485716,0.713155973647435,0.0252273502108358,0.166323993893157
23332,0.107986664841047,0.236921357153439,0.505785740142892,0.149306237862622
23333,0.53774894866657,0.108379235993248,0.19623500756508,0.157636807775102
23334,0.360483147790584,0.154617177562821,0.123630455689007,0.361269218957588
23335,0.381772956269275,0.310934279970712,0.166631165671511,0.140661598088502
23336,0.0648610102425993,0.233348513616347,0.332269840876168,0.369520635264885
23337,0.630852413641001,0.101850021155339,0.183252097244446,0.0840454679592141
23338,0.112256957581711,0.163529165216875,0.598040357152514,0.1261735200489
23339,0.133420088909132,0.0484142312248337,0.514868608194687,0.303297071671347
23340,0.120505243003899,0.0579367885410011,0.455309550802625,0.366248417652475
23341,0.117361448935174,0.0452810429337514,0.691235008344484,0.146122499786591
23342,0.311036566626591,0.12257447475683,0.2975437962766,0.268845162339979
23343,0.139064228429907,0.395966801846759,0.0996661324882367,0.365302837235097
23344,0.20952143975781,0.116475926892165,0.18432249942761,0.489680133922415
23345,0.0942001933765008,0.145216721994413,0.130979750985568,0.629603333643518
23346,0.172980815030146,0.466692538341344,0.0841779872119321,0.276148659416578
23347,0.283578470698965,0.220036202518819,0.134440483124215,0.361944843658001
23348,0.0966344865526835,0.242379376055829,0.292415258230846,0.368570879160642
23349,0.21431414851751,0.283039478536575,0.398723439419763,0.103922933526151
23350,0.208010435610183,0.513116576290544,0.0514242247840112,0.227448763315262
23351,0.129721122470331,0.1432833287974,0.310525015448088,0.416470533284181
23352,0.191857228360782,0.256756761871262,0.359142205737115,0.192243804030841
23353,0.0939228066028558,0.431269951901528,0.250862596225332,0.223944645270284
23354,0.11058610926081,0.577408968894368,0.137777779935768,0.174227141909054
23355,0.218922265055552,0.468212369603079,0.102660326224276,0.210205039117093
23356,0.319147562687844,0.127347591890814,0.401127898723566,0.152376946697777
23357,0.151335371141517,0.50196089181973,0.0999048101160742,0.246798926922679
23358,0.245876640632846,0.168141921459261,0.31290735114946,0.273074086758434
23359,0.212955571138021,0.175055674112233,0.391656494029921,0.220332260719825
23360,0.374903905595839,0.381661157671267,0.155019603690636,0.0884153330422569
23361,0.100820680693952,0.106505877068888,0.535324148328848,0.257349293908311
23362,0.141135625941662,0.281753656110436,0.275045190937724,0.302065527010178
23363,0.191928394055181,0.372746207825072,0.234423907372265,0.200901490747482
23364,0.131761534387598,0.210000498275875,0.310075751046821,0.348162216289706
23365,0.307097894754089,0.245576284536407,0.245552643117708,0.201773177591796
23366,0.179096992177753,0.0633655441307953,0.500083057624766,0.257454406066686
23367,0.196881477656941,0.162604469576647,0.516016807243212,0.124497245523201
23368,0.0630483550611066,0.311233449560509,0.397980868987042,0.227737326391343
23369,0.356713886727251,0.217008465311068,0.166978719643513,0.259298928318168
23370,0.123144551640712,0.160464779161722,0.460190548785928,0.256200120411639
23371,0.760746559034372,0.0426910548633587,0.0854780206757127,0.111084365426557
23372,0.462847846550837,0.0903846932100621,0.0429470156703143,0.403820444568787
23373,0.120626939939895,0.272030686527283,0.420762864627832,0.186579508904991
23374,0.0352806373481741,0.287401706197603,0.569027478798373,0.10829017765585
23375,0.18969343592772,0.314637781023414,0.356407987943051,0.139260795105815
23376,0.208200724399539,0.296375104573845,0.35191098701923,0.143513184007386
23377,0.122997490531829,0.196412708926266,0.558341965328798,0.122247835213107
23378,0.636361828234314,0.0550199261322075,0.175248280709311,0.133369964924168
23379,0.155458673087739,0.0801561051810699,0.375238912037115,0.389146309694076
23380,0.201677286691887,0.335799568716136,0.167026184635177,0.2954969599568
23381,0.128216503691133,0.314229658979091,0.239451472512062,0.318102364817714
23382,0.0935970102466965,0.0418135209127031,0.445226879992169,0.419362588848431
23383,0.0591300037978738,0.628827287794737,0.095770386647816,0.216272321759574
23384,0.728815338203702,0.0582460684312112,0.0860392200999496,0.126899373265138
23385,0.17785131589721,0.38021806218178,0.347805562963661,0.0941250589573493
23386,0.179918835171133,0.49719376565186,0.016812788300667,0.30607461087634
23387,0.250869525444843,0.177791144385469,0.0568486809007765,0.514490649268911
23388,0.100300317990163,0.221581466980015,0.319793300003967,0.358324915025854
23389,0.0377398886675367,0.0544929317096897,0.339595625751689,0.568171553871085
23390,0.311489427108231,0.358202543240253,0.128211062445654,0.202096967205861
23391,0.147541494035365,0.320544417274821,0.407965455207339,0.123948633482476
23392,0.262797193736916,0.293448657225383,0.331871019533164,0.111883129504537
23393,0.019385906925548,0.648043344666012,0.236317535219917,0.0962532131885235
23394,0.346483390149006,0.36014088905509,0.180182336259668,0.113193384536235
23395,0.136303749485909,0.235060050033265,0.465809086612466,0.162827113868361
23396,0.558360067954581,0.172489650732464,0.120082419333012,0.149067861979943
23397,0.46024444065668,0.314058468107804,0.0452235483121544,0.180473542923361
23398,0.164034855666209,0.757519411917664,0.0119624483391591,0.0664832840769672
23399,0.0335289288492716,0.70656676139614,0.0989326570311658,0.160971652723423
23400,0.626847513074448,0.0383946197931386,0.12713667999373,0.207621187138684
23401,0.432897805479618,0.282214607925968,0.0942861666863651,0.190601419908049
23402,0.0346915268895854,0.605931707215104,0.286746291175607,0.0726304747197037
23403,0.139924098445592,0.244912276215458,0.390122181757714,0.225041443581237
23404,0.0273440919500841,0.691418309088992,0.178925946187993,0.102311652772931
23405,0.0663288941351103,0.431456285516379,0.251402182178261,0.25081263817025
23406,0.678028005722416,0.15417782112303,0.073613908544837,0.0941802646097169
23407,0.257894460552545,0.138487639770581,0.114257896691521,0.489360002985354
23408,0.507387150616105,0.198155140623992,0.103847640681039,0.190610068078864
23409,0.255224178788052,0.363177634712254,0.244554615246474,0.13704357125322
23410,0.220121285220779,0.391336419666433,0.202282835207191,0.186259459905597
23411,0.20514905693276,0.27008855650138,0.360298424786186,0.164463961779674
23412,0.151007618906966,0.470701311826861,0.189568313919932,0.18872275534624
23413,0.197717858119399,0.248116415043102,0.342746843897729,0.21141888293977
23414,0.328554131130683,0.29225999632847,0.147848534478241,0.231337338062606
23415,0.295773257676199,0.399391796254099,0.172256668187524,0.132578277882178
23416,0.173738936946018,0.487897979131089,0.201588640283944,0.136774443638948
23417,0.341827220576372,0.206818094923157,0.257024527383474,0.194330157116997
23418,0.133223505637616,0.280239448550689,0.261472864019359,0.325064181792336
23419,0.161451546194583,0.420799175030715,0.131928828486039,0.285820450288664
23420,0.20681936817959,0.163286527834055,0.434897857676152,0.194996246310204
23421,0.388033455520079,0.276721298654738,0.109973887662891,0.225271358162291
23422,0.215678973789457,0.12727298933718,0.384457971393701,0.272590065479663
23423,0.451335650880397,0.139764638416534,0.29066074309274,0.118238967610329
23424,0.368945249908205,0.147052012921461,0.153950915778012,0.330051821392322
23425,0.321725950946698,0.304308206915891,0.118338590872518,0.255627251264893
23426,0.214968580717922,0.439314579574725,0.123456240810553,0.2222605988968
23427,0.431100852133391,0.090107035620498,0.398779125836699,0.0800129864094119
23428,0.411440904591423,0.225752039015774,0.279289476664085,0.0835175797287173
23429,0.361158696933692,0.365689228431722,0.209820346629102,0.063331728005484
23430,0.239264711488005,0.350742043617973,0.338724548830046,0.0712686960639752
23431,0.264859784864342,0.273071162350039,0.40551009893257,0.0565589538530484
23432,0.241598734680522,0.240303662953846,0.394098962914278,0.123998639451354
23433,0.398780154927937,0.361866672360173,0.172372306942629,0.0669808657692604
23434,0.222497072610009,0.332091338802773,0.383113701707113,0.0622978868801047
23435,0.341787651297209,0.27442813762758,0.261854887852782,0.121929323222428
23436,0.271173969133398,0.322721413335347,0.278262072857963,0.127842544673292
23437,0.259712681925287,0.345113826507116,0.301103498690038,0.0940699928775594
23438,0.20854330538308,0.215611704692015,0.515029677854,0.0608153120709055
23439,0.216507007354183,0.407337211948491,0.244774657332536,0.13138112336479
23440,0.377646655570704,0.24330422986981,0.306419247583728,0.0726298669757577
23441,0.147589404068933,0.177809148308042,0.494167769972323,0.180433677650702
23442,0.295513302159055,0.394597102473931,0.202391008823674,0.10749858654334
23443,0.407873102671743,0.245762816348154,0.256981525084393,0.0893825558957109
23444,0.138912154573535,0.295643196450885,0.503170792047707,0.0622738569278728
23445,0.124755239932161,0.232300158112609,0.576634567618242,0.0663100343369882
23446,0.508404130728763,0.19698656618449,0.178913044318089,0.115696258768658
23447,0.20221245637254,0.115501971982547,0.463763042682033,0.21852252896288
23448,0.175705839100676,0.308210617635401,0.138250808902541,0.377832734361382
23449,0.520716870219185,0.0686428971648998,0.183365470446894,0.22727476216902
23450,0.0564256913548282,0.164847776009206,0.441170011830587,0.337556520805379
23451,0.17756763200601,0.241031976301371,0.3072548800929,0.274145511599718
23452,0.0487900965642202,0.598210577152924,0.0492132475672811,0.303786078715575
23453,0.508430472664833,0.110595326228581,0.152521447678864,0.228452753427722
23454,0.155341987786767,0.110662151268252,0.0386024965266136,0.695393364418368
23455,0.294642005832209,0.0645326820318072,0.0917115328998403,0.549113779236143
23456,0.109375939730422,0.621802136868756,0.0508838788486527,0.21793804455217
23457,0.0953992529750126,0.0427690183394385,0.210879497863251,0.650952230822298
23458,0.0175298699000839,0.451038402985171,0.239049902643267,0.292381824471479
23459,0.263397687614056,0.409377408816501,0.0375516954393927,0.28967320813005
23460,0.142326868331649,0.709770030801173,0.0456861786263173,0.10221692224086
23461,0.0183283075380288,0.279134818499152,0.449782018666947,0.252754855295872
23462,0.665595821126516,0.152761753557544,0.0448291604892817,0.136813264826658
23463,0.0442720231827158,0.0935411340364533,0.46705767851757,0.395129164263261
23464,0.0527356015543684,0.0207621485627837,0.561554793903983,0.364947455978865
23465,0.322707617572877,0.32429860870944,0.0708279480592995,0.282165825658384
23466,0.324669131883681,0.137566342193152,0.183381800552947,0.35438272537022
23467,0.0542987966468123,0.690132287214293,0.0911054054108806,0.164463510728014
23468,0.497524322146104,0.114315743761109,0.109991052493917,0.278168881598871
23469,0.124565569349188,0.0601145772797499,0.744811012559539,0.0705088408115227
23470,0.475404100245039,0.216631886954444,0.215582329744186,0.0923816830563303
23471,0.0650125089748076,0.295834642568747,0.527137414958487,0.112015433497958
23472,0.31058279585087,0.277474115807728,0.236033992160744,0.175909096180659
23473,0.181585868538237,0.106003563313988,0.469549350811264,0.24286121733651
23474,0.223233799419428,0.105916941409936,0.364807191000053,0.306042068170583
23475,0.0958687619770973,0.584585574649605,0.0807658726465933,0.238779790726705
23476,0.158445034037129,0.609505759081646,0.0853433658866715,0.146705840994554
23477,0.422841104909713,0.0668359806641567,0.296188233833991,0.21413468059214
23478,0.247732296474776,0.391649431799432,0.170071063469025,0.190547208256768
23479,0.0442956786132523,0.182402544713611,0.274968527256315,0.498333249416821
23480,0.065149874131427,0.488269108156637,0.319374873505976,0.127206144205959
23481,0.244798676030521,0.574347036374334,0.0956674628965652,0.0851868246985796
23482,0.722366955759935,0.0552301289019734,0.0912815478661498,0.131121367471941
23483,0.110566155357171,0.265605925489901,0.215120006096183,0.408707913056746
23484,0.0343080204866029,0.25886939670776,0.645769368740597,0.0610532140650398
23485,0.239079575832496,0.412805963264682,0.0541972763464402,0.293917184556382
23486,0.0372472718758041,0.376009748889629,0.204346181793692,0.382396797440876
23487,0.248412083064803,0.411852437724549,0.0409672590491766,0.298768220161471
23488,0.15593343239289,0.524937602402282,0.0796966035623707,0.239432361642457
23489,0.253555393823808,0.0492613811415408,0.200337942762052,0.4968452822726
23490,0.104055965239412,0.0320735529174185,0.258962080915779,0.60490840092739
23491,0.05953921790887,0.167694835266036,0.288013319950771,0.484752626874323
23492,0.0446450904128698,0.391231051194002,0.329760629765247,0.234363228627881
23493,0.0654033459740845,0.103191612804573,0.104828778576077,0.726576262645266
23494,0.150518228444813,0.556650054698956,0.0669715865424808,0.225860130313751
23495,0.0832938889805617,0.739593012281397,0.0405041189659419,0.136608979772099
23496,0.0859105426226634,0.462522592586584,0.016048273388131,0.435518591402622
23497,0.107997434143191,0.606808494594842,0.0858814003891155,0.199312670872851
23498,0.16127315302792,0.0358229458374179,0.360560397032268,0.442343504102394
23499,0.0334342492330977,0.058933221416651,0.230720799828495,0.676911729521757
23500,0.0270020390475241,0.133038984954614,0.491944009333422,0.34801496666444
23501,0.496695448904442,0.0385841726259415,0.20075561233929,0.263964766130326
23502,0.11996309445785,0.0401625155280934,0.355988594431219,0.483885795582839
23503,0.570610563818555,0.0660325833608868,0.0487266544034497,0.314630198417109
23504,0.262789822111475,0.291374777741132,0.182824123645907,0.263011276501486
23505,0.0757244187416392,0.27901914623736,0.406671205454341,0.23858522956666
23506,0.476251670966145,0.0447465444230401,0.371057125726692,0.107944658884122
23507,0.627617186056552,0.207151543997241,0.0912465066099024,0.0739847633363045
23508,0.0577508739530567,0.139316348812319,0.400172904741528,0.402759872493097
23509,0.356840868082103,0.275176180613871,0.0998293763064656,0.26815357499756
23510,0.245574353805156,0.0636898470976268,0.292665257248117,0.3980705418491
23511,0.311276708410392,0.0660540407188555,0.083593436028135,0.539075814842617
23512,0.730367132858256,0.133626841607329,0.0515099284391065,0.084496097095308
23513,0.142846979905083,0.186282027337462,0.0400366594761151,0.63083433328134
23514,0.27559095845201,0.0992034974573729,0.253572292077097,0.37163325201352
23515,0.717461900567181,0.0371654584093101,0.153708263968511,0.0916643770549974
23516,0.328104410358073,0.0825119080711676,0.252158591059331,0.337225090511429
23517,0.533521665731828,0.11680929402601,0.0753307234364398,0.274338316805723
23518,0.0860992918719337,0.041425529579613,0.790748285385711,0.0817268931627423
23519,0.0705610107260388,0.503413212807306,0.0674036254265753,0.35862215104008
23520,0.364479307826072,0.0713442487217082,0.154445035733008,0.409731407719212
23521,0.140148748947398,0.420336996136071,0.317563596960838,0.121950657955692
23522,0.0960482829358661,0.296295202468602,0.158371460506909,0.449285054088623
23523,0.0785611994999457,0.675773741137701,0.0949189327332773,0.150746126629076
23524,0.0452439268908726,0.679698999709749,0.068691740953825,0.206365332445554
23525,0.180983313889841,0.136951072666751,0.0670749007213376,0.61499071272207
23526,0.0977520827308914,0.200452712288365,0.534640409910635,0.167154795070108
23527,0.0982129428326236,0.160982779141367,0.32277809627542,0.41802618175059
23528,0.0416682930712804,0.676812655048217,0.0944635890305471,0.187055462849956
23529,0.130872436972729,0.439910122228,0.0297352464997786,0.399482194299492
23530,0.0712043445562442,0.0595065669750427,0.689466025552875,0.179823062915838
23531,0.354636623966913,0.0226939087814709,0.0273706783867201,0.595298788864896
23532,0.135507079889248,0.110158761730016,0.0508963997504433,0.703437758630293
23533,0.27330443139386,0.0844870790716231,0.103952355728273,0.538256133806244
23534,0.0919681121825636,0.0413012909761662,0.17917501983789,0.68755557700338
23535,0.0595574471505269,0.0336541734330311,0.0814196453732982,0.825368734043144
23536,0.0654974723631226,0.0479622000837836,0.190532608050482,0.696007719502612
23537,0.122164013944557,0.140162966240531,0.0279641576607049,0.709708862154207
23538,0.397148334057598,0.0692845135040245,0.0127804820262354,0.520786670412142
23539,0.0264183663747495,0.0493411110890337,0.0900899690957365,0.83415055344048
23540,0.0348183251335968,0.0193238329286604,0.233937279339979,0.711920562597764
23541,0.0442331422179337,0.160116533769371,0.021736689927853,0.773913634084842
23542,0.0551879157848247,0.209880113067802,0.519162140028461,0.215769831118912
23543,0.279425328650086,0.311244443367014,0.142947231559225,0.266382996423675
23544,0.0492440594011012,0.147946118980644,0.732493959704855,0.0703158619134001
23545,0.297505912188113,0.0601375597658908,0.0791849951310753,0.563171532914921
23546,0.0586279821647211,0.0812672868181982,0.7575730298722,0.102531701144881
23547,0.4069098360247,0.366292581553975,0.0223741464618092,0.204423435959516
23548,0.290910329024672,0.0687082397997166,0.0500801024218549,0.590301328753756
23549,0.309740791693425,0.0762898454810641,0.177350005868622,0.436619356956889
23550,0.0402026562688824,0.24025572177037,0.103892241546985,0.615649380413763
23551,0.55139052277767,0.101727826693599,0.20179732436838,0.145084326160351
23552,0.0313069976124562,0.473542174596367,0.459327714701536,0.0358231130896402
23553,0.0725943044689712,0.696001009938209,0.0776444736740573,0.153760211918763
23554,0.714506895276811,0.125514584484098,0.0687188452301248,0.0912596750089664
23555,0.0273675727199001,0.125745239897969,0.745296584880923,0.101590602501209
23556,0.441930535321475,0.0959405665475431,0.101511613740307,0.360617284390675
23557,0.0635389480413245,0.0470043879099019,0.603957576593013,0.28549908745576
23558,0.207223119133856,0.115437170015617,0.453495552830728,0.223844158019799
23559,0.156330851012462,0.0527788810612684,0.478278982062037,0.312611285864232
23560,0.061223742994581,0.0630345920456163,0.452887661847925,0.422854003111878
23561,0.477029264618978,0.283497012996616,0.167992502576057,0.0714812198083485
23562,0.428145476280827,0.116842832276123,0.0665128084009926,0.388498883042057
23563,0.170915153472314,0.341761889531003,0.281692974020154,0.205629982976528
23564,0.0796107017009973,0.472518876717217,0.216304019269295,0.231566402312491
23565,0.0801164342566541,0.0829644924060519,0.661556168281132,0.175362905056162
23566,0.447742905043005,0.177011299995208,0.0742740327332499,0.300971762228537
23567,0.146555849808675,0.538351894868188,0.155496356211964,0.159595899111173
23568,0.231392945664181,0.561251563492049,0.0560471166120778,0.151308374231692
23569,0.685852634528833,0.0901358594524424,0.124950372865324,0.0990611331534001
23570,0.0995763713460985,0.698927279225535,0.100587012997731,0.100909336430635
23571,0.0820084128798552,0.0339131965481509,0.184236685554486,0.699841705017508
23572,0.262650900095543,0.497406754523704,0.0211035513668436,0.21883879401391
23573,0.0774536169130342,0.0600413761001454,0.136513673214268,0.725991333772553
23574,0.0426721480968182,0.554330585084777,0.199863150278285,0.20313411654012
23575,0.0323642970250373,0.211956604296211,0.187550666254574,0.568128432424178
23576,0.0776119323681269,0.0864831633430404,0.133422480183079,0.702482424105754
23577,0.760563910720224,0.0644503958818897,0.0752758214447351,0.0997098719531511
23578,0.140017195395444,0.092342859498663,0.0260092198204313,0.741630725285462
23579,0.035083728477032,0.484665186427908,0.111272631995879,0.368978453099181
23580,0.15667817916418,0.62569578992853,0.0325740907522404,0.18505194015505
23581,0.174563880151767,0.245669339075501,0.294111404314327,0.285655376458406
23582,0.110609744102416,0.188546146503489,0.594352394440409,0.106491714953686
23583,0.70955653695482,0.0743738101614167,0.0820337055842899,0.134035947299474
23584,0.617269618127975,0.149514205725004,0.0748579468226007,0.15835822932442
23585,0.644722170494253,0.178859408297359,0.0682502188507407,0.108168202357647
23586,0.283618937759292,0.271897464252449,0.259830757933493,0.184652840054766
23587,0.114329829478877,0.118837698406557,0.30454528598352,0.462287186131046
23588,0.24187762153282,0.051539418064959,0.283588714605872,0.422994245796349
23589,0.640499182410949,0.0573193555025168,0.0519806866068036,0.250200775479731
23590,0.208059196534734,0.0991762815903619,0.20639572401547,0.486368797859434
23591,0.731099261234119,0.0535011373729043,0.0793561498026151,0.136043451590362
23592,0.381510453610282,0.084419025684205,0.0606966114438779,0.473373909261635
23593,0.051768989898093,0.492131749384165,0.119262105306886,0.336837155410857
23594,0.735790750197967,0.043345169216203,0.136865749538469,0.0839983310473615
23595,0.135679509686226,0.087923914756689,0.664588762253612,0.111807813303473
23596,0.0492120239475354,0.272576941252872,0.242793160977147,0.435417873822446
23597,0.25451901520814,0.0463276330963475,0.249292643367225,0.449860708328287
23598,0.638981428435118,0.0633271006073337,0.0363473713218572,0.261344099635691
23599,0.216609326638865,0.392415550293297,0.242527995255184,0.148447127812654
23600,0.308342987022805,0.375562295938508,0.20212678779585,0.113967929242836
23601,0.193106064999927,0.442889503819513,0.234333760945152,0.129670670235408
23602,0.191669663008146,0.529036166919053,0.149964447759496,0.129329722313306
23603,0.109285238454956,0.299517594015176,0.450976170148505,0.140220997381364
23604,0.306225904750769,0.501448348759111,0.106207668682803,0.0861180778073167
23605,0.500922413605407,0.095658303895957,0.145185551696588,0.258233730802048
23606,0.295827105427228,0.371003123210883,0.100453897388379,0.23271587397351
23607,0.165980068162502,0.308522355193102,0.249454844410831,0.276042732233565
23608,0.499273335703312,0.138889641319292,0.109117405676629,0.252719617300767
23609,0.308941829633987,0.224729579771025,0.268137957034226,0.198190633560762
23610,0.198366073670251,0.478686004820786,0.202472431495941,0.120475490013022
23611,0.119976057689053,0.208524558323498,0.542793325014993,0.128706058972455
23612,0.16960052717386,0.405065855342828,0.160158527754642,0.26517508972867
23613,0.338136714247025,0.214167508525133,0.364532385899129,0.0831633913287134
23614,0.227374266024208,0.555534741472696,0.129211990750496,0.0878790017525992
23615,0.253080170609366,0.257507655741122,0.112074294127725,0.377337879521788
23616,0.271970107789784,0.20477077505933,0.446632350422891,0.0766267667279945
23617,0.167736560623893,0.515811856576597,0.148055677966017,0.168395904833493
23618,0.3154193544275,0.0167339952918094,0.333393016199621,0.33445363408107
23619,0.0630261782163932,0.303385222307432,0.179407336567283,0.454181262908892
23620,0.0634375310334871,0.256923205675467,0.0174238543135518,0.662215408977494
23621,0.319656837490734,0.0968185939320494,0.0743707456852571,0.50915382289196
23622,0.179133545873998,0.338776260853765,0.0316056739057183,0.450484519366519
23623,0.0224298176864235,0.126781965562517,0.0481696044189001,0.80261861233216
23624,0.0427982721004974,0.775462273525642,0.0524616609427519,0.129277793431109
23625,0.109958719157036,0.101247712175578,0.169418159530699,0.619375409136687
23626,0.0487128441075409,0.488716534607749,0.0905730017764058,0.371997619508305
23627,0.121541730616518,0.0261443242001047,0.64109006227717,0.211223882906208
23628,0.253553824556949,0.0744970769405275,0.028180653311384,0.64376844519114
23629,0.143404421405948,0.13061171187098,0.0887118833581354,0.637271983364937
23630,0.301729546305163,0.36706961376073,0.0662037646981367,0.264997075235971
23631,0.0270398672017739,0.156899308620131,0.422380148113646,0.393680676064449
23632,0.0365049083362159,0.0257120605056501,0.192860230668224,0.74492280048991
23633,0.0812964329746306,0.532107524963303,0.0663444589835085,0.320251583078558
23634,0.763970728506494,0.0573641583586746,0.00675891713468667,0.171906196000144
23635,0.0157020522570882,0.246521823225703,0.0594817883721163,0.678294336145093
23636,0.0358902994611045,0.411113064464639,0.142584804991438,0.410411831082818
23637,0.380013435002513,0.414647463300217,0.109309307030679,0.0960297946665908
23638,0.469436976936328,0.211082449039173,0.216592140961319,0.10288843306318
23639,0.253031644192296,0.196856352955371,0.418550149009053,0.131561853843281
23640,0.314962699508215,0.144846614023319,0.432829452492782,0.107361233975684
23641,0.144856281219638,0.454602463820443,0.253948219896191,0.146593035063727
23642,0.238935575446871,0.205844936681666,0.360305282940384,0.194914204931079
23643,0.278913214829164,0.37912657941879,0.271816794882725,0.0701434108693214
23644,0.281286577852925,0.440326514621549,0.120918650379917,0.15746825714561
23645,0.128711085739625,0.471245762288714,0.174637061734327,0.225406090237334
23646,0.227543294650936,0.409922761279259,0.202509872416711,0.160024071653094
23647,0.20353324474022,0.542555906483695,0.14579970812559,0.108111140650495
23648,0.290106726930373,0.540818766944165,0.0598493506612547,0.109225155464208
23649,0.281057517707799,0.320031257403849,0.197719864251557,0.201191360636796
23650,0.289581102205018,0.241117850153105,0.117262612912843,0.352038434729034
23651,0.18428538067031,0.535641663506782,0.15196075352622,0.128112202296687
23652,0.105253612198313,0.310075340552902,0.527091012167263,0.0575800350815229
23653,0.174681567303102,0.127887610032638,0.570306601422053,0.127124221242206
23654,0.10098882238046,0.176777374610408,0.600839089651327,0.121394713357805
23655,0.279518792485093,0.387959914698175,0.15493417542581,0.177587117390922
23656,0.184327834219447,0.211554642183484,0.354799445759179,0.249318077837889
23657,0.41509657227408,0.353717314557502,0.126369847396066,0.104816265772351
23658,0.406040355643643,0.100407679892283,0.324462633315214,0.16908933114886
23659,0.546033809876123,0.279538774303122,0.122974729301191,0.0514526865195635
23660,0.422763644548595,0.267277984808536,0.0719996101302602,0.23795876051261
23661,0.285819277314895,0.0917213697600766,0.189269686146394,0.433189666778635
23662,0.151561489258233,0.414403104087165,0.179031238874351,0.25500416778025
23663,0.249142803725308,0.196279785680742,0.273876781489618,0.280700629104333
23664,0.0787812289651187,0.438910559695245,0.123676362862138,0.358631848477498
23665,0.308057423236149,0.315411053788698,0.0515339641097947,0.324997558865359
23666,0.344011780161103,0.140626312935703,0.281660141299928,0.233701765603266
23667,0.392850418317516,0.0645922549240512,0.407511919722087,0.135045407036346
23668,0.600526943373432,0.0675558863348443,0.119197689794474,0.212719480497249
23669,0.278106144339592,0.309859662545019,0.114996489901735,0.297037703213654
23670,0.206239420952196,0.119252281900076,0.478009632001455,0.196498665146274
23671,0.0595892058929701,0.291434706986762,0.482562934492915,0.166413152627353
23672,0.17721952351046,0.168088880660531,0.398865557345655,0.255826038483355
23673,0.298507980950453,0.528901679479722,0.0713358701901329,0.101254469379692
23674,0.0250137783005009,0.272169947420883,0.601298732051701,0.101517542226915
23675,0.0939743218989741,0.556041006200187,0.0988878218549829,0.251096850045857
23676,0.219999388208742,0.135270555841811,0.11030596726179,0.534424088687658
23677,0.1825139076668,0.254785789364715,0.289316606814833,0.273383696153653
23678,0.524695417539255,0.0779177432676629,0.0442273333596838,0.353159505833399
23679,0.470757926695496,0.100881605096987,0.333420420604267,0.0949400476032503
23680,0.0690682583974043,0.105104279848006,0.659050981538744,0.166776480215846
23681,0.0906635332407062,0.0993618032761858,0.726185068020988,0.0837895954621197
23682,0.0766675673573408,0.297268771425201,0.457555948164399,0.168507713053059
23683,0.360320273226994,0.102035392895193,0.208392304025981,0.329252029851833
23684,0.125003027854913,0.580618942790965,0.0856708197236618,0.20870720963046
23685,0.404740079028406,0.286372023842452,0.234731433482507,0.0741564636466344
23686,0.0776041585794561,0.046837741054922,0.55995945773092,0.315598642634702
23687,0.105204388869305,0.0979762893527405,0.26752678679189,0.529292534986065
23688,0.250136951146265,0.0697633940133314,0.0458255559069988,0.634274098933405
23689,0.132005424757578,0.129655237305178,0.57057451931836,0.167764818618885
23690,0.297478912802458,0.229105327558379,0.0294534762180113,0.443962283421152
23691,0.0920018559239105,0.130677363345769,0.480327118993662,0.296993661736659
23692,0.0508215002846914,0.458460782189333,0.0792511367730498,0.411466580752926
23693,0.0521921761718942,0.312989070860417,0.443028335591617,0.191790417376072
23694,0.0822140363304609,0.310128900100949,0.304181312410924,0.303475751157667
23695,0.0733945132055816,0.484140032660036,0.225210292607197,0.217255161527186
23696,0.472573214048932,0.391027234471503,0.0439889300375542,0.0924106214420106
23697,0.304539718563737,0.115688737254232,0.374978398939497,0.204793145242534
23698,0.184056621179467,0.30603574851358,0.227257035039735,0.282650595267219
23699,0.1020702369552,0.631540280551415,0.0809086517339843,0.185480830759401
23700,0.42214120608884,0.0313060580708813,0.399232057582524,0.147320678257755
23701,0.0545123765670895,0.464595716251955,0.222188550223198,0.258703356957758
23702,0.0820685395780768,0.17170046995896,0.599857518195138,0.146373472267825
23703,0.0972428235443062,0.562081132935256,0.131865731392622,0.208810312127815
23704,0.181777244788081,0.143476292187442,0.328083432000879,0.346663031023597
23705,0.151320015083337,0.436722409137145,0.149194670670663,0.262762905108855
23706,0.398151254317123,0.101920260656194,0.267994123156791,0.231934361869892
23707,0.174673275927039,0.616408459643782,0.0683031041403286,0.14061516028885
23708,0.136157056226137,0.479200344154037,0.140032780073166,0.244609819546661
23709,0.133655819135157,0.239749948323076,0.0909346215404641,0.535659611001302
23710,0.513478168720721,0.102103914142438,0.0836686103080554,0.300749306828785
23711,0.0414102819004577,0.614306278856017,0.191543329924512,0.152740109319014
23712,0.124739125230314,0.0993925277111424,0.472358254132267,0.303510092926277
23713,0.124963637784018,0.404630282517326,0.305173554936466,0.165232524762191
23714,0.22032306772559,0.198853571426634,0.436985355116842,0.143838005730934
23715,0.453952383388615,0.0763868004523369,0.305687283992583,0.163973532166465
23716,0.385077009741271,0.227317741545734,0.182915821329208,0.204689427383787
23717,0.289585354059948,0.502730890248187,0.074330927944863,0.133352827747002
23718,0.1691968915688,0.170731453382838,0.422347426119824,0.237724228928538
23719,0.319214572104354,0.427310883470573,0.0562659742911672,0.197208570133906
23720,0.140832043750735,0.129320287603864,0.569383243118478,0.160464425526923
23721,0.508472699800782,0.201001446671704,0.214985183653224,0.0755406698742896
23722,0.0933238404945436,0.317416662125279,0.372174485727209,0.217085011652969
23723,0.16194940411738,0.364427308507817,0.320662689183256,0.152960598191547
23724,0.261231086967068,0.448832195183545,0.0879263797032868,0.202010338146101
23725,0.268135230214394,0.0786411610899327,0.545585634647869,0.107637974047805
23726,0.277191714733172,0.34087134888785,0.257172186633362,0.124764749745617
23727,0.193629688590401,0.201868341336665,0.344720827106051,0.259781142966883
23728,0.19240712808303,0.276666936833474,0.118485526852553,0.412440408230944
23729,0.122584423055186,0.66457680756976,0.133526066289969,0.0793127030850854
23730,0.234518181727183,0.291009913684977,0.257228533519351,0.217243371068489
23731,0.171682374844431,0.260462679231061,0.263176197289758,0.30467874863475
23732,0.43943006692102,0.200367428132819,0.0904415529317221,0.269760952014439
23733,0.526674107385163,0.113126144316979,0.0832885180442961,0.276911230253561
23734,0.0636345690574392,0.0635843408400294,0.558083692866093,0.314697397236438
23735,0.532192746925752,0.068244964581177,0.143518301719158,0.256043986773914
23736,0.109513657211993,0.116639956757239,0.337349101351324,0.436497284679443
23737,0.0791445237222488,0.598346378296762,0.182321982318677,0.140187115662312
23738,0.386969593145033,0.118582571372763,0.0935654166008082,0.400882418881396
23739,0.171921767763069,0.108789480613247,0.0862545457379136,0.63303420588577
23740,0.0959116880248467,0.0535309968979126,0.770169457618511,0.0803878574587303
23741,0.0583393952066576,0.141770868397545,0.419517184395871,0.380372551999927
23742,0.117450028130762,0.253651950995005,0.0859587140363356,0.542939306837897
23743,0.0936800977622701,0.728084088351604,0.0686745522153701,0.109561261670756
23744,0.0542051033932767,0.660162637617912,0.131952740991359,0.153679517997453
23745,0.562740546936106,0.0733489671156513,0.0796824877073699,0.284227998240873
23746,0.54244359146292,0.1964268989825,0.0565924152806565,0.204537094273924
23747,0.0728160786655041,0.19132739150031,0.540829216381925,0.195027313452261
23748,0.183013077959478,0.47713635727508,0.0724685076080258,0.267382057157417
23749,0.622000590186281,0.209935060512599,0.0415032317941379,0.126561117506983
23750,0.157219600899129,0.175185179197843,0.450514073453116,0.217081146449913
23751,0.313846571035761,0.201008186261602,0.326600198712003,0.158545043990634
23752,0.298598498448448,0.285688321229602,0.149988111425958,0.265725068895993
23753,0.2566946042508,0.176945292327654,0.183946901440168,0.382413201981378
23754,0.285543289762667,0.222538081666953,0.239796546444338,0.252122082126042
23755,0.396901880897873,0.227072764995581,0.245656648643116,0.13036870546343
23756,0.112389683930539,0.373943167179712,0.155516126968677,0.358151021921072
23757,0.292380469613702,0.427469605975507,0.120844317627242,0.159305606783548
23758,0.424820597941587,0.187236350140584,0.0650948587008925,0.322848193216936
23759,0.105596317770543,0.362398483104512,0.259617015914358,0.272388183210587
23760,0.251359710461888,0.0889949076219722,0.538716311817414,0.120929070098727
23761,0.21266636030882,0.156679130898182,0.327539707640805,0.303114801152193
23762,0.177613573544211,0.314462268154128,0.204435351925602,0.303488806376059
23763,0.461936610434734,0.215065932395756,0.0900502565084943,0.232947200661016
23764,0.394796055525029,0.0824588630206993,0.178332919343604,0.344412162110667
23765,0.037365936136406,0.0527133773992823,0.495543131508242,0.41437755495607
23766,0.0477285339799057,0.0671759963879913,0.834790864656682,0.0503046049754211
23767,0.328947867891995,0.210569382450506,0.181105548268508,0.279377201388991
23768,0.0755736788356418,0.0593680869362697,0.235054244077025,0.630003990151064
23769,0.119504439213643,0.114731107365489,0.35460109542576,0.411163357995108
23770,0.217873293793763,0.114515787150796,0.532121761822351,0.13548915723309
23771,0.08362329068351,0.515216296978706,0.0883482926206534,0.312812119717131
23772,0.0905246190410328,0.330931277187724,0.117458797721775,0.461085306049469
23773,0.0825343611426268,0.278161490123998,0.494990761801627,0.144313386931748
23774,0.152690097130422,0.365341711191757,0.137977185024782,0.34399100665304
23775,0.462126237001216,0.185274758065133,0.0794827651547726,0.273116239778879
23776,0.314501085111303,0.0673048367120807,0.266884616860818,0.351309461315798
23777,0.28588117084868,0.338708563085814,0.220717656247611,0.154692609817895
23778,0.0751889898393995,0.505075665432831,0.0660981127769987,0.353637231950771
23779,0.47105755111188,0.262146235153077,0.121465383944734,0.145330829790309
23780,0.405973210378049,0.332780789868087,0.06352742974839,0.197718570005474
23781,0.546781628611084,0.149366086295421,0.0673860202502631,0.236466264843232
23782,0.128282014703471,0.249020181961536,0.340369991249297,0.282327812085696
23783,0.350819697175952,0.0240389593688458,0.308416846840023,0.316724496615179
23784,0.0977075612653922,0.0461896158827572,0.522530640993301,0.33357218185855
23785,0.6096588980283,0.126893963040395,0.0382999865045775,0.225147152426728
23786,0.233700375903269,0.362366388900557,0.0739778444070646,0.32995539078911
23787,0.594406154157779,0.132225707150627,0.085121830556919,0.188246308134676
23788,0.112779882767726,0.542492720954943,0.102751526836127,0.241975869441205
23789,0.666146757975474,0.08897562204385,0.0799590590501892,0.164918560930486
23790,0.0354974568272065,0.11957679859604,0.561625035785951,0.283300708790803
23791,0.205896314821385,0.0797742106704218,0.512571369389255,0.201758105118938
23792,0.168206765511842,0.599859219320004,0.0999817052413939,0.131952309926761
23793,0.148830824349793,0.077830842500177,0.20033817818603,0.573000154964
23794,0.203108257192398,0.120040840790705,0.110501832656492,0.566349069360405
23795,0.230751445714068,0.181879857374123,0.050437669155964,0.536931027755846
23796,0.143739348202562,0.131422072492568,0.112972001653321,0.611866577651548
23797,0.435760837868127,0.163512545208037,0.277954390993735,0.122772225930102
23798,0.220764859914574,0.0316061321129889,0.159312207468547,0.588316800503891
23799,0.544803262746133,0.060907878969658,0.0677881277088211,0.326500730575388
23800,0.167459437702535,0.628112873387577,0.0699820415548449,0.134445647355043
23801,0.0379550377165733,0.118951549786524,0.725562514138793,0.117530898358109
23802,0.0716981923445791,0.684949009449734,0.0994615428410645,0.143891255364623
23803,0.232329181521916,0.0965345597286635,0.0449827333554312,0.626153525393989
23804,0.23414271685872,0.069410388370495,0.22584665761184,0.470600237158945
23805,0.190196199146076,0.0480518785998467,0.532807403331079,0.228944518922999
23806,0.0720659747519447,0.278171018047571,0.110300746355776,0.539462260844709
23807,0.41563104224171,0.072194646768271,0.063972273355408,0.448202037634611
23808,0.233567793114778,0.461859550901883,0.152097412513784,0.152475243469555
23809,0.330790735691879,0.353281449467318,0.137378791444271,0.178549023396532
23810,0.148979929224703,0.559524378460541,0.168382222292802,0.123113470021954
23811,0.447748797560568,0.208481764044944,0.201662761045981,0.142106677348506
23812,0.261698534269893,0.277871436381059,0.303176166088858,0.15725386326019
23813,0.498175842943884,0.235746603970286,0.080227221117554,0.185850331968276
23814,0.279812721762083,0.347167452695929,0.219743029664538,0.15327679587745
23815,0.0961809346730201,0.112361070368202,0.388819964257699,0.40263803070108
23816,0.419961619249881,0.252592628625036,0.154327463580581,0.173118288544502
23817,0.266810188618275,0.156425423712302,0.33204744287891,0.244716944790514
23818,0.132153953780106,0.15800854511222,0.37459927489196,0.335238226215714
23819,0.113625244271293,0.576399932574742,0.156006025463657,0.153968797690308
23820,0.265067313742195,0.138770778922773,0.371718112561893,0.224443794773139
23821,0.0713499638506027,0.205565325378971,0.149562774935908,0.573521935834518
23822,0.167737899922617,0.288006990801438,0.0959370657240008,0.448318043551945
23823,0.0701150182743286,0.1278795255396,0.427669387678908,0.374336068507163
23824,0.114611827108489,0.592522031411792,0.10757660253048,0.18528953894924
23825,0.471509868167348,0.128048749713068,0.178814560815286,0.221626821304298
23826,0.0630781271674118,0.565450490971318,0.0979852000078563,0.273486181853414
23827,0.343158347560562,0.31729785299773,0.156568184886786,0.182975614554923
23828,0.0513702447838387,0.306430521872548,0.40608095276354,0.236118280580074
23829,0.228956626905751,0.271236911482263,0.213150967991797,0.286655493620188
23830,0.0827852226299584,0.615994703637045,0.144767128398519,0.156452945334477
23831,0.221077106174584,0.155640382101427,0.503011392541192,0.120271119182797
23832,0.155458652448077,0.25008314519991,0.417553271401539,0.176904930950475
23833,0.3348686058284,0.105624893175385,0.339239743564652,0.220266757431564
23834,0.539230008324762,0.124781234629857,0.224547862891453,0.111440894153928
23835,0.188215507215331,0.401742233784943,0.208326031879398,0.201716227120329
23836,0.414037448547917,0.0672358227033202,0.185567295656352,0.333159433092411
23837,0.0378670081197495,0.0678716690695271,0.213491542094678,0.680769780716045
23838,0.664487498277507,0.114522194087997,0.105302521080742,0.115687786553755
23839,0.671532456624143,0.106868008995014,0.130991878935418,0.0906076554454254
23840,0.279468644879144,0.0539586237447622,0.589068114393708,0.0775046169823867
23841,0.401641273914962,0.0991989639182695,0.227427841455372,0.271731920711397
23842,0.600118795762544,0.0856498328006229,0.106904556948826,0.207326814488007
23843,0.317020893649469,0.100478261958507,0.343619114398439,0.238881729993585
23844,0.546612328075821,0.100497987117206,0.0977970632225334,0.255092621584439
23845,0.076249201003919,0.0597702443367698,0.295432994618639,0.568547560040672
23846,0.447295154011767,0.386628580855537,0.130206405452736,0.03586985967996
23847,0.169718006646544,0.535113307213175,0.228579494139825,0.0665891920004553
23848,0.0571293265721555,0.130049667605409,0.713771379473444,0.0990496263489913
23849,0.352988012879687,0.185236641347848,0.314560880357246,0.147214465415219
23850,0.0807367375993218,0.206883454649972,0.612651045965418,0.0997287617852883
23851,0.438803983313594,0.248904076542247,0.257192907184062,0.055099032960097
23852,0.312647201888442,0.313422047802037,0.226139121390648,0.147791628918872
23853,0.0879798800870248,0.194390797225717,0.64155420246969,0.076075120217568
23854,0.539854443884631,0.168194888788518,0.194635238489096,0.0973154288377553
23855,0.269334693302477,0.358755539078987,0.0892415434889905,0.282668224129545
23856,0.183655517911427,0.573801848080755,0.0834546370902421,0.159087996917577
23857,0.513102049204414,0.38220562198286,0.0626354247864058,0.0420569040263209
23858,0.449829415967144,0.163893409977175,0.266698482118458,0.119578691937223
23859,0.7408280473983,0.0601438028379886,0.109266239508197,0.0897619102555135
23860,0.176504929197079,0.384334789051249,0.216599179811943,0.222561101939728
23861,0.222043012817454,0.0809078801415723,0.631573554836653,0.065475552204321
23862,0.102493793376591,0.096603448085874,0.745554026088755,0.0553487324487794
23863,0.304735741683261,0.0858135365278887,0.458915262428794,0.150535459360057
23864,0.258147103975097,0.500960573176069,0.0505709110897159,0.190321411759118
23865,0.0834977138121322,0.265973298775207,0.402919246803258,0.247609740609403
23866,0.355501387770627,0.271404759576646,0.204879510577418,0.168214342075309
23867,0.0552994010131016,0.429812018099656,0.122563235515914,0.392325345371328
23868,0.0431554197569991,0.147340058305841,0.520404961817928,0.289099560119232
23869,0.302777543010746,0.0835137417161833,0.247673965180028,0.366034750093043
23870,0.177129004975084,0.0749292487904725,0.617848113149296,0.130093633085148
23871,0.0545152803655497,0.170851550648535,0.580621578041843,0.194011590944072
23872,0.0350438550469516,0.191390097647143,0.593777240727371,0.179788806578535
23873,0.113045537788539,0.295187811390417,0.409638915577399,0.182127735243645
23874,0.492452812888267,0.307581274666335,0.0665506667001263,0.133415245745272
23875,0.0330275973752239,0.604772839681452,0.27793287343331,0.0842666895100138
23876,0.268338885563146,0.306655706114333,0.105745577084172,0.319259831238349
23877,0.277724573821287,0.201979385495109,0.0382931123822389,0.482002928301365
23878,0.171620336961583,0.321407481035893,0.102134007047992,0.404838174954533
23879,0.127214789293966,0.503117965071113,0.234320137964207,0.135347107670714
23880,0.518769710565775,0.24435306933038,0.0724670545699372,0.164410165533908
23881,0.607535818743687,0.0737684084274064,0.196125865882565,0.122569906946342
23882,0.105887162896991,0.709654019592466,0.053386965283716,0.131071852226827
23883,0.332925475448679,0.0904047169859066,0.386818793933715,0.1898510136317
23884,0.238297267763722,0.420707400043519,0.254549175989245,0.0864461562035147
23885,0.353839519091704,0.231531500357566,0.029408553366373,0.385220427184358
23886,0.285009326312201,0.141734985427793,0.274806789324767,0.298448898935238
23887,0.358651256279677,0.205690675342867,0.120415943355695,0.315242125021761
23888,0.259405827770098,0.271647715018073,0.380260338302836,0.0886861189089937
23889,0.704370451539332,0.162898939144531,0.0545062639640043,0.0782243453521322
23890,0.174788011033103,0.635360273209263,0.0383879019903592,0.151463813767275
23891,0.566865560915825,0.0508681999145512,0.0875800892968413,0.294686149872782
23892,0.0587633240847715,0.466547700262606,0.105501692587175,0.369187283065447
23893,0.175565312196684,0.438012409059121,0.0307515119720468,0.355670766772149
23894,0.14071272516383,0.335935424207801,0.123148054471483,0.400203796156887
23895,0.0724576545596127,0.185801041529646,0.646437584655593,0.095303719255148
23896,0.0660501812705793,0.140791178029946,0.513612659089364,0.279545981610111
23897,0.126793475314671,0.273586311153909,0.0578375603186832,0.541782653212737
23898,0.116374739409021,0.645838123793718,0.0640056253688455,0.173781511428415
23899,0.175517373805546,0.1475593014237,0.113388997022868,0.563534327747886
23900,0.0674864608900968,0.286767439061173,0.062446230382436,0.583299869666294
23901,0.179602782809606,0.56343967593929,0.0730449534102433,0.183912587840861
23902,0.0691478795839716,0.457488146937979,0.247161879172851,0.226202094305199
23903,0.289191158940097,0.147274422524712,0.119148534487976,0.444385884047216
23904,0.116728801659822,0.317333302456404,0.233205516206966,0.332732379676809
23905,0.581569420457879,0.0568425104665112,0.283234331765795,0.0783537373098146
23906,0.672078823269085,0.0487499640979523,0.0772878025792163,0.201883410053746
23907,0.186977384334614,0.156836641569673,0.212150109404739,0.444035864690974
23908,0.128190424413819,0.392890023822837,0.0559332335459332,0.422986318217412
23909,0.171137695622743,0.0698652460130258,0.0452793169860739,0.713717741378157
23910,0.0616683207933823,0.207379293813851,0.454822853145777,0.27612953224699
23911,0.144601249282785,0.033232803539652,0.121029074651564,0.701136872525999
23912,0.144517089608258,0.127211405822269,0.345097810348393,0.38317369422108
23913,0.0929348561607158,0.106799001512541,0.496812681671236,0.303453460655507
23914,0.0231293611644607,0.691149531934933,0.0506310211495226,0.235090085751083
23915,0.697559162974973,0.13684378179922,0.0504417667540252,0.115155288471782
23916,0.0663624869861848,0.1381681377593,0.657170404174358,0.138298971080157
23917,0.0662677265187664,0.442873307760453,0.0972563675252461,0.393602598195535
23918,0.331468254291816,0.062850651295244,0.0736629155996633,0.532018178813277
23919,0.158467848496207,0.314969924829308,0.0277601539349926,0.498802072739493
23920,0.134916028366458,0.236630377528913,0.325316069363884,0.303137524740745
23921,0.151856493484608,0.125051231005401,0.587121527918316,0.135970747591675
23922,0.149157309678905,0.266736376844532,0.449740024494522,0.134366288982042
23923,0.521022460746924,0.330168582296833,0.0734707405430137,0.075338216413229
23924,0.201821127090733,0.631958421431838,0.109882017967155,0.0563384335102737
23925,0.232562376439131,0.298088365219553,0.129705336714253,0.339643921627062
23926,0.345863953130316,0.448704809580142,0.128247315226903,0.0771839220626391
23927,0.208659251396409,0.16453147637312,0.387855845900134,0.238953426330337
23928,0.0980601791703283,0.336379058752679,0.374945010243262,0.19061575183373
23929,0.0620123826145788,0.488910771757236,0.117160840202681,0.331916005425505
23930,0.12410107558246,0.234559446268186,0.191092285388492,0.450247192760861
23931,0.122626374066638,0.715312016204857,0.106577353821888,0.0554842559066169
23932,0.350807564462308,0.363320043617928,0.0674182568769663,0.218454135042798
23933,0.0579011973790369,0.660918635062514,0.188201182943851,0.0929789846145974
23934,0.0497970700572413,0.706610030565723,0.170833757238899,0.0727591421381365
23935,0.2901871521546,0.151878178946563,0.212094420582023,0.345840248316814
23936,0.494608882970671,0.104913444430959,0.1711921573568,0.229285515241571
23937,0.0981647546927106,0.165423625265349,0.521756725487092,0.214654894554848
23938,0.50215203562946,0.116749130574735,0.0548596076041518,0.326239226191652
23939,0.300458760134726,0.131389588808153,0.415277180693467,0.152874470363655
23940,0.244203197656896,0.0625841253675444,0.15949816946967,0.53371450750589
23941,0.143629788693603,0.208452588838292,0.531644286107377,0.116273336360729
23942,0.576099636178157,0.125545902542796,0.219598298987069,0.0787561622919782
23943,0.155001525545195,0.491306495011996,0.227405200901797,0.126286778541012
23944,0.336358712061997,0.105841724539898,0.473401282197854,0.0843982812002508
23945,0.0963307203946737,0.153671069980013,0.584245621500833,0.165752588124481
23946,0.24655748307098,0.59337989870142,0.0838362091809687,0.0762264090466307
23947,0.142982215670764,0.423163598875055,0.264729484509336,0.169124700944845
23948,0.225245777406168,0.152725121816755,0.467466560365108,0.154562540411969
23949,0.152649755561879,0.292713433471198,0.0920443724726339,0.462592438494289
23950,0.0589728260173878,0.661584796002098,0.221042317030398,0.058400060950116
23951,0.5050363154068,0.122799648993703,0.219170851493606,0.152993184105892
23952,0.273022152979808,0.198450040321378,0.355036796351188,0.173491010347627
23953,0.644583420995573,0.0937634708053308,0.101616760140107,0.160036348058989
23954,0.499728865446338,0.115951959461524,0.282251817188636,0.102067357903502
23955,0.0822761848346825,0.264167975509735,0.186500277393356,0.467055562262227
23956,0.157706124918303,0.284462599227546,0.412013205103996,0.145818070750154
23957,0.0844933031996117,0.484474121523776,0.0719596011808097,0.359072974095803
23958,0.147593884196199,0.620871445600748,0.0564246913511775,0.175109978851876
23959,0.315982882535801,0.193917970387339,0.201398540742197,0.288700606334662
23960,0.199842403825478,0.166959677944539,0.313718188066395,0.319479730163588
23961,0.677276391300702,0.204460806855696,0.0391802977337272,0.0790825041098752
23962,0.0630124005403135,0.450965212204759,0.279298979963149,0.206723407291779
23963,0.194311190873088,0.445765339394974,0.109448897993341,0.250474571738597
23964,0.0678986996106082,0.517082242341779,0.283631769966521,0.131387288081092
23965,0.167314585321282,0.138137559665075,0.534354902632618,0.160192952381025
23966,0.132477859664041,0.0748020203424971,0.490424953403324,0.302295166590138
23967,0.495509288002423,0.111145396807585,0.100573177430402,0.292772137759591
23968,0.318524895200388,0.239221127948578,0.218465225497545,0.223788751353489
23969,0.515025377491309,0.077609575237078,0.0919272032913469,0.315437843980266
23970,0.786341666561141,0.0803858617244418,0.0632079270148439,0.0700645446995733
23971,0.0997489898298854,0.181226526600429,0.59863582462558,0.120388658944106
23972,0.536707487150733,0.132586645194843,0.225562396715924,0.1051434709385
23973,0.296408280325455,0.355122247939083,0.107100223881556,0.241369247853906
23974,0.0574878850712865,0.095399037470046,0.685216866251777,0.16189621120689
23975,0.203884346277697,0.656496578467031,0.0650796320459886,0.0745394432092839
23976,0.188325361366073,0.344284592783953,0.234480638167734,0.23290940768224
23977,0.0709490524284816,0.202682456252176,0.622506018648513,0.103862472670829
23978,0.104109531819447,0.0823199080486692,0.134101317898683,0.6794692422332
23979,0.372402863335552,0.17648782076008,0.126486262463738,0.32462305344063
23980,0.127352220273365,0.525053699674298,0.100757650140781,0.246836429911556
23981,0.0915655420089658,0.284223661121689,0.492172951738767,0.132037845130579
23982,0.176824049324992,0.061442368635293,0.630001642167888,0.131731939871828
23983,0.18039010840083,0.260712429849033,0.196599730812986,0.362297730937151
23984,0.251599223290845,0.388379332939921,0.110004977554797,0.250016466214437
23985,0.199941640844707,0.105748896268281,0.154437616874789,0.539871846012223
23986,0.395694186483044,0.358963532577514,0.111091067821544,0.134251213117898
23987,0.258435713990101,0.321595681368416,0.080439032528525,0.339529572112958
23988,0.286148554132725,0.358933693718047,0.249308446756969,0.105609305392259
23989,0.115067973226467,0.157063231876531,0.486894184009022,0.24097461088798
23990,0.119878148994202,0.426185164274879,0.176232393081614,0.277704293649305
23991,0.0422971354955951,0.144635306426124,0.340943064458285,0.472124493619996
23992,0.0925360255081527,0.493648637146176,0.177308502121557,0.236506835224114
23993,0.12556139524803,0.198037158181454,0.445211575589183,0.231189870981333
23994,0.0846919672043463,0.311129893709346,0.196553578300826,0.407624560785481
23995,0.0289046628079037,0.254581176423968,0.41726037940642,0.299253781361708
23996,0.0888727979842019,0.164978600193314,0.647659058554578,0.0984895432679063
23997,0.240116906060746,0.198559189270257,0.326812413397608,0.234511491271389
23998,0.210278489830325,0.239206394028693,0.369860475852617,0.180654640288365
23999,0.406970692755082,0.285659278707287,0.195126382450904,0.112243646086726
24000,0.350604181482294,0.404882012422453,0.116709670430095,0.127804135665158
24001,0.47688770764677,0.370883578265648,0.0845619721815789,0.0676667419060031
24002,0.355224585516492,0.410121237994263,0.0788406727060363,0.155813503783209
24003,0.252234236319909,0.528304050811218,0.0539408319002969,0.165520880968576
24004,0.214073909904265,0.158616931182123,0.43674766205377,0.190561496859841
24005,0.14394632599205,0.657109961587359,0.0953876403085646,0.103556072112026
24006,0.149433759726856,0.304955617480338,0.444942440857164,0.100668181935643
24007,0.19107169386293,0.401063604837574,0.153083446967797,0.2547812543317
24008,0.0753115847489043,0.688705175318095,0.10227292198797,0.133710317945032
24009,0.425987918268655,0.0819060723130006,0.234686246773729,0.257419762644615
24010,0.617962496399741,0.156008692644423,0.15439079581463,0.0716380151412063
24011,0.0643954027697466,0.701041508729663,0.111598414533804,0.122964673966786
24012,0.0913056506182009,0.107409611895786,0.599503993487739,0.201780743998274
24013,0.0679315162440097,0.12646488647227,0.581857217082641,0.22374638020108
24014,0.134381469568949,0.116001172476175,0.641899147507359,0.107718210447516
24015,0.0525999504890465,0.534881909809156,0.213448457618649,0.199069682083149
24016,0.214149769834779,0.473062187284587,0.0553672602910165,0.257420782589618
24017,0.46209001095245,0.313954070250635,0.157377344683203,0.0665785741137116
24018,0.500375499199813,0.116043402890759,0.066594984358654,0.316986113550774
24019,0.175785879449319,0.331437446159498,0.291977492352745,0.200799182038438
24020,0.0673517603527232,0.495003286174547,0.221186409651408,0.216458543821322
24021,0.0830238930756019,0.0674909219489534,0.677850902952145,0.1716342820233
24022,0.447275092175721,0.231953270371411,0.0653280104017326,0.255443627051135
24023,0.169706855276318,0.475158449919687,0.178004019432892,0.177130675371102
24024,0.311107532650826,0.521538126561205,0.0439117996536126,0.123442541134356
24025,0.668286202031479,0.0810920682177134,0.162195391174992,0.0884263385758151
24026,0.134820766295671,0.665384651087463,0.0898638334924883,0.109930749124378
24027,0.122186066791733,0.0368882239009093,0.285778087931819,0.555147621375539
24028,0.289786180763496,0.490962776063089,0.0152822101581451,0.20396883301527
24029,0.126327166226464,0.0620993857979695,0.191432124763974,0.620141323211592
24030,0.0384135877889668,0.513986910502203,0.261197632104795,0.186401869604035
24031,0.0282127005848454,0.269892862295064,0.236849043973605,0.465045393146486
24032,0.109508207215711,0.096743444181529,0.207009442976087,0.586738905626672
24033,0.770579054630573,0.0571196524810554,0.0747335692514748,0.0975677236368969
24034,0.20619798372865,0.105229595593133,0.0307719767366258,0.657800443941591
24035,0.0343467212887164,0.519203096289836,0.138931505532439,0.307518676889008
24036,0.311493282045967,0.119465487262936,0.486489616476045,0.0825516142150524
24037,0.241407864918483,0.531297070035838,0.134704682569657,0.092590382476022
24038,0.21998329546883,0.109252797241374,0.460008950587625,0.210754956702171
24039,0.398076367619407,0.369692119688664,0.0600862520866989,0.17214526060523
24040,0.107000748894644,0.183865929443493,0.577693267319238,0.131440054342625
24041,0.251005288522875,0.407773155254368,0.13616658959464,0.205054966628118
24042,0.0638819496764321,0.419050471530448,0.362307364411522,0.154760214381598
24043,0.314063948622331,0.288033537043421,0.13383324148033,0.264069272853918
24044,0.272067247466578,0.372038070488523,0.230764144071479,0.12513053797342
24045,0.434501036425205,0.0825483252750177,0.224325907397004,0.258624730902773
24046,0.100940326328492,0.558781219922751,0.257654125132362,0.0826243286163953
24047,0.33164755862554,0.0545349220796411,0.554290284303185,0.0595272349916343
24048,0.114560568404629,0.218802139910603,0.552185478946592,0.114451812738176
24049,0.487421382251539,0.205138742709579,0.180517325437919,0.126922549600964
24050,0.109392615408899,0.0799695163602019,0.255265919087676,0.555371949143223
24051,0.10129811657709,0.482641596001067,0.0742274594742003,0.341832827947643
24052,0.720863071944436,0.0782769909595566,0.124908408404748,0.0759515286912595
24053,0.434047142562042,0.0786457772665473,0.307660714218117,0.179646365953293
24054,0.372610199067287,0.119008742830241,0.107436853119267,0.400944204983205
24055,0.293557949886509,0.353328828903188,0.191511019192942,0.161602202017361
24056,0.285602965285093,0.407599996821394,0.146070763449388,0.160726274444126
24057,0.244583914151941,0.17056303725145,0.297975263802073,0.286877784794536
24058,0.0673461384269231,0.309490289030484,0.369228513865839,0.253935058676754
24059,0.293428471555426,0.44818114217662,0.0680056584662026,0.190384727801751
24060,0.437860908660949,0.156458370313492,0.0848326098565227,0.320848111169036
24061,0.136799955091833,0.399827421191938,0.244608298461695,0.218764325254533
24062,0.34628205357973,0.172993217013097,0.287087904265436,0.193636825141737
24063,0.0994959822410551,0.563496375403437,0.275638434401225,0.0613692079542829
24064,0.490957453674491,0.158764141331402,0.193631864536308,0.156646540457799
24065,0.135205596376402,0.185586900602714,0.568797197189961,0.110410305830923
24066,0.363802944837822,0.389774891053007,0.0722356995406065,0.174186464568564
24067,0.230368991469446,0.364985284289924,0.129640768766374,0.275004955474256
24068,0.610538602665507,0.133506289163476,0.148500256825506,0.107454851345511
24069,0.25367431919395,0.114266596318532,0.134873980652266,0.497185103835252
24070,0.572462851750175,0.215925100348798,0.116424213155236,0.0951878347457909
24071,0.0931894557263429,0.0700483676342315,0.342578539113082,0.494183637526344
24072,0.0645807720654511,0.302042127226414,0.098674259487844,0.534702841220291
24073,0.325706408732754,0.166971931348464,0.228455881335563,0.278865778583219
24074,0.394803179098415,0.179843040493392,0.154251762090813,0.27110201831738
24075,0.277168591254178,0.114982782718953,0.28434165044754,0.323506975579329
24076,0.101552686521173,0.431732910223708,0.191807531099755,0.274906872155364
24077,0.481614390644244,0.256560121182107,0.112954957966523,0.148870530207126
24078,0.359794017403739,0.216189632634823,0.114009711048956,0.310006638912482
24079,0.297483349929672,0.269495339090715,0.0421985008639159,0.390822810115697
24080,0.462743041273859,0.123123561870269,0.0768057730391349,0.337327623816737
24081,0.151444213294442,0.206468324298073,0.148614745493279,0.493472716914206
24082,0.218697972033161,0.324713842719181,0.332419220636104,0.124168964611554
24083,0.340653974884823,0.234981951221896,0.0262421565437005,0.39812191734958
24084,0.407674341479574,0.341068871213837,0.0850350265700061,0.166221760736584
24085,0.388026800934357,0.0863137293266738,0.0277213436207535,0.497938126118216
24086,0.253965495519905,0.221529532058885,0.161218216068435,0.363286756352776
24087,0.209542817204736,0.314366821665332,0.125880438308622,0.35020992282131
24088,0.0556837844474975,0.0516073989539115,0.61485193725774,0.277856879340851
24089,0.202131484058579,0.459351289547651,0.0443061457922644,0.294211080601506
24090,0.050344032392982,0.0602049346673349,0.300260715965357,0.589190316974326
24091,0.201725435924672,0.159739865834089,0.466443635759631,0.172091062481608
24092,0.373846443428354,0.0605092279839123,0.0932218976653447,0.472422430922389
24093,0.28479688530897,0.349283138336481,0.220704102605915,0.145215873748635
24094,0.128636858358594,0.638910681484393,0.175454580217147,0.0569978799398667
24095,0.335947280655562,0.0727177656796384,0.461484712075781,0.129850241589019
24096,0.178063356827502,0.543150528054533,0.115641843992071,0.163144271125893
24097,0.0974473370380228,0.230295781983964,0.568064468425464,0.104192412552549
24098,0.554357897230792,0.159245666870431,0.121972263011123,0.164424172887654
24099,0.14211590302691,0.534895460044329,0.147785203503243,0.175203433425518
24100,0.363731003124802,0.45339038928572,0.0615416886771643,0.121336918912314
24101,0.181676785670421,0.394071206311428,0.175665024968955,0.248586983049196
24102,0.317944954535201,0.176554456593467,0.344779940579188,0.160720648292144
24103,0.144773117149764,0.56216748671718,0.174159808937904,0.118899587195151
24104,0.59671906256081,0.0774974105636781,0.135693064385063,0.190090462490449
24105,0.493896474096992,0.115273875620559,0.215804098812296,0.175025551470154
24106,0.0413571161196211,0.756879857195559,0.117257891878108,0.0845051348067118
24107,0.243973900281577,0.125504339876917,0.356224979344407,0.274296780497099
24108,0.280288677437083,0.0833252499146903,0.444159498066197,0.19222657458203
24109,0.444678635560906,0.268635959485038,0.08025786940127,0.206427535552785
24110,0.343848640907498,0.252298785958802,0.175991656991911,0.227860916141789
24111,0.132016105210243,0.314264020192768,0.0852055816204348,0.468514292976554
24112,0.290973850079598,0.150461635977593,0.188796440173527,0.369768073769282
24113,0.119870069905411,0.538540479953583,0.221218010897209,0.120371439243797
24114,0.185967334798458,0.182457177261448,0.381482945044318,0.250092542895775
24115,0.0533604456587894,0.569078280008789,0.273045483954606,0.104515790377816
24116,0.268548367467374,0.0965009941713535,0.496265120020287,0.138685518340986
24117,0.504245903817586,0.237345569887901,0.103649320680098,0.154759205614415
24118,0.093684120833534,0.228197511657733,0.432645770960201,0.245472596548532
24119,0.169107128550757,0.618679675806922,0.0702593650576422,0.141953830584679
24120,0.101148388652229,0.598586474492488,0.132562188590775,0.167702948264509
24121,0.646557730084175,0.114703930137548,0.121660580463017,0.11707775931526
24122,0.0607223542037166,0.219306813529418,0.545235643106603,0.174735189160263
24123,0.156131328802117,0.130754070621448,0.203560130507907,0.509554470068529
24124,0.164461706950779,0.527374664453514,0.115487792522581,0.192675836073127
24125,0.0529170142930469,0.0682799291177242,0.661445225698577,0.217357830890652
24126,0.0809557416775425,0.420572746455513,0.277015063062922,0.221456448804022
24127,0.317112320181751,0.315013460788789,0.166172183639822,0.201702035389637
24128,0.330624739201194,0.097697497537824,0.0362787248871592,0.535399038373823
24129,0.307126949899563,0.212891911759268,0.14488671037355,0.335094427967619
24130,0.294945205002498,0.259085739972271,0.0330209439552532,0.412948111069977
24131,0.122400842747985,0.377501279684505,0.342859116632174,0.157238760935337
24132,0.212348906183286,0.611670326681928,0.0731841599079004,0.102796607226886
24133,0.215475938471976,0.280225984258306,0.356726470766707,0.14757160650301
24134,0.38768955863803,0.305674738740016,0.241421134396116,0.0652145682258383
24135,0.188845307488343,0.134685229988432,0.52926442672201,0.147205035801215
24136,0.21090854189075,0.165287712417311,0.492982851520675,0.130820894171264
24137,0.104425258270019,0.759226385162696,0.066933612467392,0.0694147440998932
24138,0.585353599667791,0.13415221459733,0.0925343938387893,0.18795979189609
24139,0.366316437340604,0.136039892317134,0.416950513606113,0.0806931567361494
24140,0.443362635828293,0.268749206167805,0.183071943364236,0.104816214639667
24141,0.120842535403128,0.544814226624943,0.110691101993109,0.22365213597882
24142,0.157419704934365,0.26676355289344,0.369035083718106,0.206781658454088
24143,0.311864291139103,0.343793515956655,0.269896263343719,0.0744459295605231
24144,0.276152400618166,0.312339901224473,0.111047797899266,0.300459900258095
24145,0.096531266039947,0.395671092935349,0.400323217712709,0.107474423311995
24146,0.0548010423714956,0.214559278434125,0.493817549654753,0.236822129539626
24147,0.195579213268502,0.447847434683732,0.205863370237349,0.150709981810417
24148,0.269096899702696,0.437907067556817,0.108946592406695,0.184049440333792
24149,0.0822732615596808,0.203927408639878,0.57891565303394,0.134883676766501
24150,0.335811935009862,0.269620140115399,0.20378609692039,0.19078182795435
24151,0.173348094034792,0.308355807743322,0.369527009201011,0.148769089020875
24152,0.0865240315082214,0.434617502814086,0.314533462225517,0.164325003452176
24153,0.170465094481203,0.212572284319549,0.416533593973699,0.200429027225549
24154,0.203447128692101,0.245409383363662,0.386937440828819,0.164206047115418
24155,0.10250361220025,0.28381069777339,0.409303642578703,0.204382047447657
24156,0.0821149288068768,0.303343742644646,0.378658824160498,0.23588250438798
24157,0.171980540644417,0.301590446627938,0.183769010053959,0.342660002673686
24158,0.615934101915966,0.106394263938607,0.202854776377681,0.0748168577677451
24159,0.155951115100984,0.296850193063554,0.253225024787229,0.293973667048233
24160,0.362158534727311,0.17705645883371,0.152921782553367,0.307863223885612
24161,0.175875712420672,0.470485169083743,0.224242095422023,0.129397023073563
24162,0.438227247759472,0.2190312290964,0.0691348988841377,0.27360662425999
24163,0.168770439346006,0.347981440080934,0.288602527960917,0.194645592612143
24164,0.230343357801987,0.476357005472084,0.207952913252555,0.0853467234733737
24165,0.10404451445466,0.255039860283631,0.144813084751927,0.496102540509782
24166,0.0833894723042003,0.187838782841831,0.371930334965988,0.356841409887982
24167,0.075885664071456,0.422104155049925,0.343496158386729,0.158514022491891
24168,0.500132233388145,0.0663416521218503,0.159118466851352,0.274407647638653
24169,0.253649637978097,0.245586184006252,0.397270694872913,0.103493483142737
24170,0.161997702974538,0.145154175506216,0.635689829581226,0.0571582919380199
24171,0.129195629890874,0.465427856865799,0.338353160562266,0.0670233526810613
24172,0.271389892087039,0.186264076349128,0.403574483621582,0.138771547942251
24173,0.153186410034964,0.466613345303325,0.239643234200924,0.140557010460787
24174,0.0967537828849008,0.704338707859567,0.147625723282614,0.0512817859729183
24175,0.333969863389306,0.314519895079589,0.232765964279375,0.11874427725173
24176,0.17880207054301,0.146090622539735,0.507335199512166,0.167772107405089
24177,0.546231386087298,0.249388558409755,0.12092089387119,0.0834591616317581
24178,0.348903604228721,0.129798629416485,0.201006936827591,0.320290829527203
24179,0.110066533387131,0.522650923215828,0.313889186678006,0.0533933567190354
24180,0.39746162502838,0.0988508083195095,0.167379749019582,0.336307817632528
24181,0.0710800439054847,0.465638537102906,0.211031984432969,0.25224943455864
24182,0.142002566571725,0.2575749535972,0.52240050433851,0.0780219754925643
24183,0.476102643502407,0.283715545681117,0.182025165404795,0.0581566454116815
24184,0.197245702192402,0.573792356616233,0.174056224650747,0.0549057165406176
24185,0.138298028150153,0.394168998617752,0.335942535158319,0.131590438073776
24186,0.096553978930003,0.483921789298218,0.182732212995751,0.236792018776028
24187,0.467296075650733,0.196764714299821,0.13782979011744,0.198109419932006
24188,0.103933910606807,0.46154830886596,0.362081471960412,0.0724363085668211
24189,0.124081079910562,0.280970760074359,0.493343226469659,0.10160493354542
24190,0.147970401110182,0.263605112642553,0.508073055574996,0.0803514306722687
24191,0.13868598540783,0.312035495095058,0.483221096692792,0.0660574228043204
24192,0.264868800674221,0.309075952589305,0.32900908323382,0.0970461635026539
24193,0.349997908427435,0.20720841122694,0.379989685094271,0.0628039952513546
24194,0.193784820216555,0.571277903527601,0.110502945326613,0.124434330929232
24195,0.424423009109464,0.136897683452539,0.320053601509104,0.118625705928893
24196,0.685251328058968,0.138472142574675,0.129048631996093,0.047227897370265
24197,0.0799097544097656,0.490839952551162,0.20276377596274,0.226486517076333
24198,0.542165302873304,0.203941679774404,0.183390646799157,0.070502370553135
24199,0.281827121931143,0.475411719313013,0.142030561107275,0.100730597648569
24200,0.499626016369885,0.11812916699906,0.235840790633932,0.146404025997122
24201,0.508807158345147,0.236387560358583,0.214976841634768,0.0398284396615017
24202,0.145971091130005,0.138662880786104,0.651518737106096,0.0638472909777955
24203,0.498706729473572,0.300965460921625,0.139492945203244,0.0608348644015591
24204,0.111349317492946,0.628906964996993,0.184190711043985,0.0755530064660765
24205,0.389854469631576,0.399632128660295,0.133629490288984,0.0768839114191444
24206,0.147363228239513,0.196149512123102,0.591233831098874,0.0652534285385111
24207,0.46771405727863,0.0924149270305252,0.200495139436632,0.239375876254213
24208,0.182124963987394,0.43815387166595,0.123096443096871,0.256624721249785
24209,0.138654232525709,0.275644602787686,0.357307280018966,0.228393884667638
24210,0.185529326751674,0.118015846538373,0.33103379011974,0.365421036590213
24211,0.0656105037563641,0.111210653534986,0.37002243866727,0.453156404041379
24212,0.351167076333635,0.0665591097017082,0.129329145872471,0.452944668092186
24213,0.0463353921296142,0.201627417327242,0.563220665800052,0.188816524743092
24214,0.180660170639416,0.0552116427599413,0.297222055816079,0.466906130784563
24215,0.138116973332382,0.120616248446068,0.481992088753682,0.259274689467869
24216,0.134979977192408,0.155898550015519,0.307552249344063,0.40156922344801
24217,0.153879566486507,0.412100476597692,0.0505627771822879,0.383457179733513
24218,0.0998135891033774,0.0382170403933895,0.384303950370746,0.477665420132487
24219,0.330449926251152,0.104844239236511,0.266734900687552,0.297970933824785
24220,0.237747596699252,0.234431888766757,0.130483996921456,0.397336517612535
24221,0.279962576453075,0.466023948533326,0.121358773398789,0.13265470161481
24222,0.557554385292708,0.132533233119698,0.170658925057789,0.139253456529806
24223,0.346216356176282,0.0970330851284141,0.0931730711517418,0.463577487543562
24224,0.119310486006969,0.0906923713248755,0.297048855920414,0.492948286747742
24225,0.25414322610153,0.239172732137198,0.124750939666466,0.381933102094806
24226,0.377049493373253,0.174844135094465,0.306783717073823,0.141322654458459
24227,0.300660092548986,0.347960957038718,0.240603178320124,0.110775772092171
24228,0.261413178511919,0.363408033184251,0.178674017841671,0.196504770462159
24229,0.237295244493882,0.392178325439363,0.265423017129573,0.105103412937182
24230,0.127291321520564,0.52155284108905,0.201778600723359,0.149377236667027
24231,0.269544616558568,0.318795498335625,0.24464167128083,0.167018213824977
24232,0.218151251798523,0.365536537805811,0.246076658357483,0.170235552038183
24233,0.323972922242957,0.33875002691746,0.161738747856406,0.175538302983178
24234,0.334830238764629,0.260601134210554,0.298436249297468,0.106132377727348
24235,0.464333752738074,0.240319870596896,0.185140999117973,0.110205377547057
24236,0.220766515954955,0.227505713283988,0.477602864203341,0.0741249065577164
24237,0.515068463583642,0.0719990974872679,0.257149008662902,0.155783430266189
24238,0.0784844872921378,0.279335349176905,0.455893232878075,0.186286930652883
24239,0.311833732176943,0.347277752159514,0.218167713321674,0.122720802341869
24240,0.171522677470329,0.458027664708325,0.209185467911165,0.161264189910181
24241,0.100499214537199,0.255303014516069,0.297462358184,0.346735412762732
24242,0.254983630333059,0.279098493913393,0.342354642613668,0.12356323313988
24243,0.197341733739199,0.453625495407204,0.196259694953704,0.152773075899893
24244,0.313192264058088,0.204183317202395,0.331728790643462,0.150895628096056
24245,0.189458623510521,0.368053432209099,0.383628328346931,0.0588596159334486
24246,0.172125890426654,0.403927186140478,0.32889743754239,0.0950494858904785
24247,0.281950719980233,0.199547066615302,0.435468507391056,0.0830337060134103
24248,0.36674811791163,0.107758920164938,0.304677994246208,0.220814967677223
24249,0.40299815411918,0.338745818647628,0.161077391614707,0.0971786356184847
24250,0.186576644260884,0.362391366738403,0.211527806146609,0.239504182854104
24251,0.173119482621273,0.410861762425776,0.224609568475848,0.191409186477103
24252,0.163048761002967,0.467622065423083,0.148933815147204,0.220395358426747
24253,0.145102813717074,0.280577419240941,0.457663907181499,0.116655859860486
24254,0.161327075734975,0.231580585955263,0.440917787226371,0.166174551083391
24255,0.0887909784937692,0.418709271512778,0.293470495103456,0.199029254889997
24256,0.214049683374278,0.284607168478311,0.182636189356996,0.318706958790415
24257,0.228315384154647,0.280532294438278,0.351151876067955,0.140000445339119
24258,0.287868914195037,0.440434454784221,0.0699907067205694,0.201705924300173
24259,0.144792536516737,0.276308916494881,0.23189753804719,0.347001008941192
24260,0.177289348691649,0.372927727302845,0.284241820111013,0.165541103894494
24261,0.359516020214082,0.122694337557337,0.182825277946868,0.334964364281713
24262,0.381848871317382,0.181803928348738,0.284437634153372,0.151909566180508
24263,0.314302880404843,0.206934858236988,0.24058333352665,0.238178927831519
24264,0.177834933430948,0.556393943043917,0.163295243581461,0.102475879943674
24265,0.407054383259588,0.463111274570357,0.0415680955032072,0.0882662466668484
24266,0.10526291219886,0.116924296198259,0.45615812422196,0.321654667380921
24267,0.348002980536487,0.425930343212369,0.111533465623186,0.114533210627958
24268,0.34374430121651,0.207250635535857,0.264287152108132,0.184717911139501
24269,0.104434411475015,0.595847904180097,0.155400668478503,0.144317015866384
24270,0.22439224090458,0.492178952986742,0.155937096437159,0.127491709671518
24271,0.111576652693252,0.467372624173538,0.276210861785535,0.144839861347676
24272,0.0957108611895289,0.500862316391599,0.228765077337003,0.17466174508187
24273,0.469481094430286,0.210624375528431,0.125301379123272,0.194593150918011
24274,0.25948265873796,0.0403029490301057,0.527906982260685,0.172307409971249
24275,0.0859503563491395,0.220351014584578,0.423845140854998,0.269853488211284
24276,0.736768339372778,0.0768193055306712,0.0717971730362853,0.114615182060266
24277,0.137709508300743,0.565502176416378,0.219265470672339,0.0775228446105405
24278,0.23252398580173,0.486233980418906,0.0686965405994929,0.212545493179871
24279,0.485762965947811,0.107626389523671,0.172901011935794,0.233709632592725
24280,0.108558400635343,0.0901379321972109,0.656961590371873,0.144342076795574
24281,0.738723528133302,0.132528437962241,0.0205011036275655,0.108246930276891
24282,0.157536229321424,0.234722768816639,0.151185836121135,0.456555165740803
24283,0.176073837099356,0.436721284657031,0.14120555527117,0.245999322972443
24284,0.125032552776576,0.190177752977175,0.603096549374744,0.0816931448715048
24285,0.0396107691335024,0.545436976212636,0.142197523788832,0.272754730865029
24286,0.127219804158171,0.084897429135411,0.626626949946315,0.161255816760103
24287,0.189813096738412,0.51001209164786,0.0394891067543874,0.26068570485934
24288,0.075861253831025,0.660253635081084,0.186069405805161,0.0778157052827308
24289,0.0680758034419115,0.516674059432334,0.294454760260958,0.120795376864797
24290,0.125308459030455,0.350306066858766,0.133656311901393,0.390729162209386
24291,0.313465817591649,0.141551933040906,0.234067848616022,0.310914400751423
24292,0.100048205058719,0.0855242273559202,0.462427270542047,0.352000297043314
24293,0.396322211746856,0.30577428594343,0.22352942295813,0.074374079351584
24294,0.149110689982572,0.573529498044502,0.0741374545939717,0.203222357378955
24295,0.1033682473947,0.329971683973358,0.257956190858879,0.308703877773063
24296,0.271005556373999,0.299995285302825,0.0747508467549013,0.354248311568275
24297,0.372310511875878,0.119830518063019,0.0918151537774609,0.416043816283643
24298,0.240444088267194,0.370977956116702,0.151730945919413,0.236847009696691
24299,0.232023062817841,0.100669229503113,0.082666911876964,0.584640795802081
24300,0.242569196977638,0.14815493301737,0.171154555705343,0.438121314299649
24301,0.144047963894001,0.0581004006761399,0.221198535457092,0.576653099972767
24302,0.534999388674845,0.174718233263689,0.202103914531525,0.0881784635299413
24303,0.421064283209155,0.227963467989122,0.0569519610581487,0.294020287743575
24304,0.110185880853919,0.0848357073962322,0.343261048707745,0.461717363042104
24305,0.245186459207654,0.439141647850223,0.101423067548091,0.214248825394032
24306,0.24732423018106,0.0561181494431767,0.163092489497217,0.533465130878547
24307,0.597723399936389,0.171782777444274,0.116914085362707,0.11357973725663
24308,0.285707576722773,0.0556239253174615,0.359569353080669,0.299099144879096
24309,0.0321169245248164,0.254260653684475,0.484761483875343,0.228860937915366
24310,0.157103212596759,0.457983610217554,0.203367236465729,0.181545940719958
24311,0.11666826773986,0.196912050586753,0.307734839400369,0.378684842273018
24312,0.326971334326551,0.0868438204269063,0.122971127887719,0.463213717358824
24313,0.420744503573369,0.211443856902982,0.0513846481307633,0.316426991392885
24314,0.0377082719514531,0.698846983533298,0.0588413827753963,0.204603361739852
24315,0.234665018483375,0.462987018741733,0.172962695990146,0.129385266784746
24316,0.536549916174102,0.0918439158238314,0.0616958367631902,0.309910331238876
24317,0.160109971554973,0.547237624528606,0.0753865941870133,0.217265809729408
24318,0.0829507466014768,0.0871555908752591,0.608455976180935,0.221437686342329
24319,0.514490548737131,0.131556330535007,0.294756547841853,0.0591965728860092
24320,0.0487956395394807,0.143402786792479,0.198623697782498,0.609177875885542
24321,0.561972241092665,0.149100911614659,0.080988743805184,0.207938103487492
24322,0.493447227921615,0.222383263920926,0.0969236218359,0.187245886321559
24323,0.111368551690382,0.0678119003722421,0.667211486693594,0.153608061243782
24324,0.181945814698788,0.110096547177698,0.412831996765638,0.295125641357876
24325,0.369567316673183,0.16936012613637,0.0800634964687353,0.381009060721712
24326,0.0959737578671324,0.132015838910904,0.437085743286244,0.33492465993572
24327,0.133054299098636,0.308849962454501,0.176085591644809,0.382010146802053
24328,0.0685486735708166,0.0641774928116398,0.593523100844707,0.273750732772836
24329,0.171118397860975,0.577668834130129,0.0484203375136489,0.202792430495247
24330,0.604684661987657,0.0631699547081778,0.192079708017863,0.140065675286303
24331,0.0798802582786701,0.112026933493307,0.359222298515775,0.448870509712248
24332,0.493904538050751,0.102801654421836,0.235233282618028,0.168060524909385
24333,0.426879280456002,0.219370294236118,0.109347593149363,0.244402832158517
24334,0.307199024754769,0.232162998934728,0.129083141275846,0.331554835034656
24335,0.0523373409492069,0.571995220871575,0.0399984041786882,0.33566903400053
24336,0.0892524216763531,0.26824938309054,0.191263945952901,0.451234249280206
24337,0.66283466384751,0.0575628656116309,0.180728685189899,0.0988737853509599
24338,0.653161123636739,0.0373279221239353,0.135253281742621,0.174257672496705
24339,0.440609409738522,0.350779378983401,0.0453769224658176,0.16323428881226
24340,0.240277941563546,0.401817464164185,0.0377198235576282,0.320184770714641
24341,0.624907778560046,0.0683638997108793,0.166438946705215,0.14028937502386
24342,0.657380531842609,0.127904973019233,0.0738378088908381,0.140876686247321
24343,0.0586500911859409,0.481006048946329,0.0862642781556715,0.374079581712059
24344,0.04204171835,0.113106848445184,0.571476896091961,0.273374537112855
24345,0.0660862024715585,0.027494785584206,0.553573360419853,0.352845651524382
24346,0.23221329446298,0.0559942926633793,0.484026110712074,0.227766302161567
24347,0.0693040826799148,0.581188032376046,0.119556264615043,0.229951620328996
24348,0.745163638452648,0.0256261702922209,0.116545647532696,0.112664543722435
24349,0.505226013706715,0.0988858873140414,0.0625498201634901,0.333338278815753
24350,0.0203684263779741,0.202441118632839,0.62188799319709,0.155302461792097
24351,0.535604191879919,0.0608441029930553,0.052582330850998,0.350969374276028
24352,0.0181744406304914,0.585694506859373,0.0850926700525105,0.311038382457625
24353,0.281215965620083,0.0844270281793012,0.232551215657861,0.401805790542755
24354,0.0387332397241372,0.457282291789641,0.112931742491649,0.391052725994574
24355,0.311813305381793,0.0513923348270954,0.362251764146487,0.274542595644625
24356,0.0461731087430521,0.125613411014706,0.0308902613774092,0.797323218864833
24357,0.603973881609625,0.197143441522142,0.0225992468675968,0.176283430000637
24358,0.500606951006857,0.0591582941857287,0.0362022663005144,0.4040324885069
24359,0.16445460802747,0.618263873416322,0.0601898491512587,0.15709166940495
24360,0.0816695167135713,0.403064015600986,0.261932850747105,0.253333616938338
24361,0.225743807411789,0.398463290950109,0.0621703043994816,0.31362259723862
24362,0.551016302153712,0.0890913566673866,0.238597653347081,0.121294687831821
24363,0.0634814013694849,0.164766070392716,0.522827357398561,0.248925170839239
24364,0.0766790945337553,0.699117380671124,0.0874458044442475,0.136757720350873
24365,0.366139372512921,0.116364858243157,0.16823582426078,0.349259944983142
24366,0.104718959594609,0.396854403517198,0.196013543747937,0.302413093140256
24367,0.163633544490087,0.153373857597785,0.0917579176602822,0.591234680251846
24368,0.0782825594889945,0.301534528691478,0.42410028611243,0.196082625707097
24369,0.424556263626828,0.233791780821668,0.167005587269758,0.174646368281746
24370,0.103796270631215,0.430087227668482,0.339884935300099,0.126231566400205
24371,0.243793229004274,0.124754560309724,0.468719071302088,0.162733139383914
24372,0.0614452512316409,0.0508409423851029,0.511743769833352,0.375970036549905
24373,0.307432211619486,0.392246138145967,0.212870262747496,0.0874513874870515
24374,0.332937747161162,0.194759612330359,0.206689228483517,0.265613412024963
24375,0.115868049186166,0.0832349204120547,0.402607253177103,0.398289777224677
24376,0.0965902123520684,0.164812285083241,0.648027354563459,0.0905701480012325
24377,0.0829658920292127,0.56814480719004,0.203680873947067,0.14520842683368
24378,0.0512797940421988,0.578632393166468,0.0845873651066287,0.285500447684705
24379,0.093433709132341,0.492606435247412,0.182209254262113,0.231750601358134
24380,0.0827747115512212,0.429262995604922,0.0855707278616796,0.402391564982177
24381,0.471085860591906,0.151044593112191,0.0653532526443318,0.312516293651571
24382,0.489371859435254,0.102595099018242,0.325902269621451,0.082130771925053
24383,0.0947910531699905,0.0684252953147325,0.723465001900112,0.113318649615165
24384,0.108307101139711,0.148024652578465,0.559811648380948,0.183856597900876
24385,0.530835216392156,0.0774321866062793,0.209377721638686,0.182354875362879
24386,0.0407407957595462,0.0765994230819545,0.66967338368868,0.21298639746982
24387,0.575097926493291,0.0466360973369209,0.126022453970768,0.25224352219902
24388,0.459515099002694,0.0400531341730091,0.161626873388551,0.338804893435746
24389,0.387735169174171,0.111268982090711,0.211267507528686,0.289728341206433
24390,0.227183111535421,0.0781885425555878,0.60615252413629,0.088475821772701
24391,0.0899005270038011,0.195652451220707,0.0561252510143407,0.658321770761151
24392,0.030967477489253,0.267472945598533,0.370549107985315,0.331010468926899
24393,0.0286597613837753,0.0843353037221011,0.778207648666874,0.108797286227249
24394,0.089747072073758,0.747090067694451,0.0781498396262061,0.0850130206055846
24395,0.19254901461721,0.20116325540189,0.561064813789729,0.0452229161911708
24396,0.569039918952275,0.140566423000915,0.0446713815224411,0.245722276524369
24397,0.141346648788088,0.284104137700249,0.370511485467129,0.204037728044534
24398,0.341306633969218,0.240063044152868,0.270305423021314,0.1483248988566
24399,0.0730785190932361,0.409171211766586,0.213351708934152,0.304398560206027
24400,0.0771560373861244,0.212642309830359,0.485817563433852,0.224384089349665
24401,0.287443431607504,0.167005910815854,0.261642746654964,0.283907910921679
24402,0.245052423052158,0.114924660693122,0.524407404094985,0.115615512159736
24403,0.0609981827841432,0.183718498646104,0.583720373779119,0.171562944790634
24404,0.0755925571968148,0.216192056691597,0.548254983087017,0.159960403024571
24405,0.153274984874378,0.257286205115379,0.4337520478842,0.155686762126044
24406,0.446893743497621,0.315084444786447,0.109140986105118,0.128880825610814
24407,0.0673876679534643,0.541597231699482,0.313139815359377,0.0778752849876775
24408,0.24836708481535,0.342127837309289,0.141415235892183,0.268089841983178
24409,0.278318027321716,0.275570148985381,0.0690052143643176,0.377106609328586
24410,0.201827312601283,0.311621555292618,0.159013015409871,0.327538116696228
24411,0.15307198312715,0.496938977778141,0.230585833510514,0.119403205584196
24412,0.479816710399946,0.239651525302975,0.122907481043955,0.157624283253124
24413,0.491476537294774,0.167608634723867,0.233353548055434,0.107561279925926
24414,0.185215982631678,0.605127340670703,0.101429850598278,0.108226826099341
24415,0.312250614827757,0.138472943125276,0.365029748997389,0.184246693049579
24416,0.586974698013325,0.103434123563651,0.155199945002131,0.154391233420894
24417,0.24472217429316,0.0920897655136272,0.335298368443136,0.327889691750076
24418,0.164499911410531,0.272651519293126,0.082710459716485,0.480138109579858
24419,0.356856876837318,0.292604466694871,0.19101494088524,0.159523715582572
24420,0.10742116227111,0.445322827858248,0.212035799618925,0.235220210251717
24421,0.275998825962688,0.117281504746764,0.0339770933452723,0.572742575945276
24422,0.450505987636848,0.129994990648303,0.0351893963603278,0.384309625354521
24423,0.0585072403052904,0.520633922707278,0.0494082172362164,0.371450619751216
24424,0.094085787625124,0.285532377035961,0.291693975869072,0.328687859469843
24425,0.130237229590731,0.0334462054727825,0.110667421540251,0.725649143396235
24426,0.462078252627275,0.154819516509689,0.0317839055910302,0.351318325272006
24427,0.056032215529806,0.0579013221731239,0.648752919416507,0.237313542880564
24428,0.19883549943372,0.594663798536236,0.0240659360651246,0.18243476596492
24429,0.0828958707463453,0.783019336949616,0.0259982316920786,0.108086560611961
24430,0.104416740812991,0.0587928088884965,0.0471581159682573,0.789632334330255
24431,0.116263067482253,0.569981215004581,0.123761412752665,0.189994304760501
24432,0.0249932129024381,0.431702997655888,0.109769921342594,0.43353386809908
24433,0.06874480694262,0.0879962156294602,0.148030365510732,0.695228611917188
24434,0.241590188031722,0.196617130244766,0.358762155333571,0.20303052638994
24435,0.43178235997213,0.366255185795154,0.106093234774445,0.0958692194582711
24436,0.216602354282586,0.138209466584837,0.320268527436032,0.324919651696545
24437,0.386493763414859,0.228795135967617,0.125391531145937,0.259319569471586
24438,0.64982271480471,0.100334502552195,0.147436398615676,0.102406384027419
24439,0.121907832738198,0.0316007737945295,0.645440569981394,0.201050823485879
24440,0.0302928527927775,0.680962972137229,0.0457451808635736,0.24299899420642
24441,0.567782378356564,0.151187869348421,0.036629175799993,0.244400576495022
24442,0.657315747582501,0.157581500815607,0.111407965208814,0.0736947863930783
24443,0.417779145545732,0.110368980683533,0.385866487123662,0.0859853866470734
24444,0.0514410599368477,0.189806293706298,0.563190965547071,0.195561680809783
24445,0.290349985987073,0.130381209122616,0.119751067691351,0.45951773719896
24446,0.340781633231012,0.0742365744306182,0.0462107928692792,0.538770999469091
24447,0.113566700776828,0.782975511862341,0.031648863263062,0.071808924097769
24448,0.130401853917273,0.537363609730035,0.0774884011552857,0.254746135197406
24449,0.407691581297373,0.0303312062276591,0.13514065659459,0.426836555880379
24450,0.0559649354416129,0.073311205211985,0.260211876533404,0.610511982812998
24451,0.0455557856553569,0.0766091526964589,0.446398593858983,0.431436467789201
24452,0.117546240239337,0.0478239034078874,0.430605934320028,0.404023922032749
24453,0.37213443133843,0.0687097402530518,0.415084515980863,0.144071312427656
24454,0.275002714622485,0.346138686961231,0.0923682987455554,0.286490299670729
24455,0.213916764155801,0.0628463783222616,0.467555881290952,0.255680976230985
24456,0.0898945298021757,0.129092536038265,0.315445947538359,0.465566986621201
24457,0.189081525599825,0.0554489030736932,0.241909735002354,0.513559836324128
24458,0.0412757239249764,0.308594694799223,0.0760733818244853,0.574056199451316
24459,0.122159509811732,0.158284527632705,0.485560336799537,0.233995625756026
24460,0.0285921929787634,0.193436527739657,0.174641201415305,0.603330077866274
24461,0.0373866056735217,0.0670710469725613,0.383943187105493,0.511599160248424
24462,0.125978103417313,0.225876669166881,0.0798073953054364,0.56833783211037
24463,0.297391942934258,0.483587004789079,0.118235236984552,0.100785815292112
24464,0.106285015470748,0.134625284421081,0.252502097830828,0.506587602277343
24465,0.133785138713548,0.599810735969711,0.0716811288499501,0.19472299646679
24466,0.343170906344378,0.341866707232708,0.0486825969177911,0.266279789505123
24467,0.100967627147396,0.333802333271753,0.0226207254487264,0.542609314132125
24468,0.047623446501211,0.45588236282657,0.162613398341678,0.333880792330541
24469,0.0766812205216579,0.374468359000035,0.0460513183893009,0.502799102089006
24470,0.121967522587399,0.101092137948248,0.0608108546762772,0.716129484788076
24471,0.144582374238526,0.538514809234976,0.0757664268362181,0.24113638969028
24472,0.492624454592629,0.0953286402338497,0.197452531502391,0.214594373671131
24473,0.191870074145035,0.160074523378751,0.294270654269213,0.353784748207001
24474,0.628684865753543,0.227805877243808,0.0369296651776653,0.106579591824984
24475,0.0520263269158406,0.461926693934644,0.244310435099137,0.241736544050378
24476,0.198138917557363,0.429060156776883,0.0835367309793234,0.28926419468643
24477,0.055998458658764,0.495359070374531,0.281311062432999,0.167331408533706
24478,0.18763798907821,0.11365663190466,0.4946180308817,0.204087348135431
24479,0.118556507914363,0.0598322324858345,0.490578415567009,0.331032844032794
24480,0.503910206972792,0.101915656464534,0.081884110212474,0.3122900263502
24481,0.312778294800164,0.237739063257124,0.181405025913362,0.268077616029349
24482,0.511307206306986,0.0680624152335492,0.0644075855838081,0.356222792875657
24483,0.748172711051173,0.078542531392116,0.0680817661275549,0.105202991429156
24484,0.0874999855634036,0.173691198867436,0.578639772822188,0.160169042746973
24485,0.495974471393637,0.13253738221073,0.239372208803787,0.132115937591846
24486,0.276044726269568,0.323470851766687,0.110269714605334,0.29021470735841
24487,0.05066912796086,0.0930676383743068,0.648992484525125,0.207270749139709
24488,0.218806713547446,0.625772465841127,0.0561454026725819,0.0992754179388452
24489,0.160112449757406,0.35042777442153,0.232848423745586,0.256611352075478
24490,0.0731804859150223,0.232399639306166,0.56277250719248,0.131647367586331
24491,0.1027777054842,0.064501296459309,0.123774702506361,0.708946295550129
24492,0.275701017596138,0.0783243491846157,0.467813222251095,0.178161410968151
24493,0.0891020767314439,0.255098549049419,0.539975620680252,0.115823753538885
24494,0.051583856036716,0.509894216960626,0.268080450664865,0.170441476337794
24495,0.147775797205001,0.535144920479759,0.0689698848600208,0.248109397455219
24496,0.136151725604052,0.20733049280805,0.302494236247853,0.354023545340045
24497,0.168406125133797,0.0901123575820204,0.563282071521035,0.178199445763147
24498,0.299981257822721,0.230723265751515,0.368417863836387,0.100877612589377
24499,0.394896787141458,0.0924610069804891,0.259698407924286,0.252943797953767
24500,0.083646267681084,0.559061776014791,0.0988383103148979,0.258453645989227
24501,0.248790552459237,0.292155235107125,0.0864949628428584,0.37255924959078
24502,0.422635640726398,0.119345831621145,0.127356574098935,0.330661953553521
24503,0.0603847252021495,0.0771528168533067,0.198201928282731,0.664260529661813
24504,0.0662978342116767,0.551132632025672,0.0591061711776808,0.323463362584971
24505,0.111557249286213,0.287242971550919,0.143820473160387,0.457379306002482
24506,0.130281377965376,0.0528245858020508,0.540672904757545,0.276221131475028
24507,0.0795480338079341,0.16705411210967,0.197699502770816,0.555698351311581
24508,0.398551213008402,0.133146642701794,0.289361972001469,0.178940172288335
24509,0.158688275774961,0.0522232430358184,0.366746523590873,0.422341957598348
24510,0.0631762041700567,0.123641536055183,0.562139741715381,0.251042518059379
24511,0.239335518564046,0.582033993753372,0.0963071002601587,0.0823233874224242
24512,0.325522279820939,0.0954379310772699,0.330677531809541,0.24836225729225
24513,0.595292409560454,0.104060481061085,0.142259914820516,0.158387194557946
24514,0.324153025342855,0.409458937541933,0.0957631664587406,0.170624870656471
24515,0.15751643736171,0.251239585456138,0.338804532001761,0.25243944518039
24516,0.458165574089692,0.108568247709324,0.138607963460304,0.29465821474068
24517,0.473943820257014,0.278053071547148,0.154989881205844,0.0930132269899935
24518,0.0566068405251021,0.139417778008238,0.142551436315537,0.661423945151123
24519,0.0725887748509953,0.167147039567502,0.681977660093982,0.0782865254875206
24520,0.0221152343368363,0.355930583687164,0.311024633550958,0.310929548425041
24521,0.0853124210377227,0.422767890357334,0.0544935590569996,0.437426129547944
24522,0.0309119575508787,0.108413107712479,0.714305111792215,0.146369822944427
24523,0.0588949665582993,0.286526875917448,0.40616093345778,0.248417224066473
24524,0.110971704957733,0.119487772091399,0.557737012562786,0.211803510388081
24525,0.112012969225798,0.148393851649888,0.0783548640388916,0.661238315085422
24526,0.605730082107817,0.106402377691544,0.20277325212866,0.085094288071979
24527,0.128236296767904,0.0378268039392481,0.503839396966654,0.330097502326195
24528,0.744782346468883,0.154894324817132,0.031655764640919,0.068667564073066
24529,0.107854475992394,0.0617925541763647,0.253794346874674,0.576558622956568
24530,0.353733152564939,0.231119635466316,0.232625763911648,0.182521448057098
24531,0.128142128068404,0.514664979911627,0.234068352352004,0.123124539667965
24532,0.183926905400309,0.318801802834222,0.370548573308079,0.126722718457389
24533,0.29013336132375,0.301168853473521,0.0990487929517149,0.309648992251014
24534,0.0876016159916959,0.572673926312255,0.101549610010702,0.238174847685347
24535,0.68491943546693,0.0629116386651112,0.0793459650929639,0.172822960774995
24536,0.150826753492125,0.248321801363463,0.344781435607029,0.256070009537384
24537,0.382605700706564,0.180795200688119,0.0752597167828729,0.361339381822444
24538,0.209412741419535,0.560610078244769,0.0664244976189393,0.163552682716757
24539,0.395089769581142,0.180424091159649,0.139969224450682,0.284516914808527
24540,0.463009847807546,0.0883833188243787,0.286265399462042,0.162341433906033
24541,0.461506306797752,0.11397761441865,0.217913633457986,0.206602445325613
24542,0.136364257808068,0.523975595947025,0.0819343176969233,0.257725828547983
24543,0.0297133321516167,0.154156126128164,0.741081317111191,0.075049224609028
24544,0.12211136818005,0.514050187369949,0.219581878605876,0.144256565844125
24545,0.30893053752573,0.087065329530417,0.457048950661322,0.14695518228253
24546,0.0628477742417365,0.591345973579229,0.146839256669382,0.198966995509652
24547,0.277072502825861,0.398418683308675,0.0483953932561911,0.276113420609273
24548,0.0491762839226182,0.341309177355867,0.369906402980203,0.239608135741312
24549,0.590299468690484,0.208416079025429,0.112664350555235,0.0886201017288529
24550,0.157715327666672,0.445620181565385,0.317788830374722,0.0788756603932204
24551,0.0577113377097369,0.4578108762726,0.170370126896525,0.314107659121138
24552,0.0690282925201232,0.489654086207587,0.114851261033656,0.326466360238634
24553,0.446541875442293,0.159702890510048,0.150231451298709,0.24352378274895
24554,0.312646010265219,0.113426981349592,0.300874600743691,0.273052407641498
24555,0.131636874397756,0.650255394602311,0.0951713267273613,0.122936404272572
24556,0.522628734269868,0.231282067218546,0.04704405894668,0.199045139564906
24557,0.138521106981646,0.288773017466292,0.30970268117604,0.263003194376023
24558,0.110336402949717,0.585302098638242,0.0556402722692569,0.248721226142784
24559,0.0576625721289939,0.723887884237097,0.12518600400596,0.0932635396279495
24560,0.0730020594701153,0.369404821022641,0.120140462420382,0.437452657086862
24561,0.183729510872176,0.171406819016676,0.140034326311845,0.504829343799302
24562,0.463707903455682,0.231751702445919,0.156882484017113,0.147657910081286
24563,0.0264120318417591,0.523278392721451,0.0996374588967387,0.350672116540051
24564,0.0572700813547331,0.419059499961992,0.0732424649934031,0.450427953689872
24565,0.0587479905480385,0.34844109647505,0.246098912943471,0.346712000033441
24566,0.129129092087083,0.686275250135658,0.0637896206165104,0.120806037160748
24567,0.124958134654427,0.285301553664553,0.448166387406885,0.141573924274135
24568,0.398488131208327,0.31690529700914,0.0895088015512355,0.195097770231298
24569,0.220037964937334,0.130139611740068,0.285062201687137,0.364760221635462
24570,0.058347956154005,0.49764446985875,0.132581709207471,0.311425864779774
24571,0.064827931362644,0.264931843302483,0.331747045257167,0.338493180077706
24572,0.188484601833058,0.129645017824555,0.319920540618344,0.361949839724043
24573,0.132011112516581,0.155704162921177,0.522746517730705,0.189538206831537
24574,0.0627832233030227,0.2451698830845,0.481170740086116,0.210876153526361
24575,0.173567275901165,0.0810725544633216,0.149168896170563,0.59619127346495
24576,0.0436990936071537,0.174578735336888,0.595812245057476,0.185909925998483
24577,0.0753813014033571,0.196432145225159,0.310307137139464,0.41787941623202
24578,0.231777015978753,0.114440331137649,0.257917155457948,0.39586549742565
24579,0.428749018349233,0.363377888488215,0.0733378256553145,0.134535267507237
24580,0.118577343249181,0.0704122943941227,0.438594028260069,0.372416334096627
24581,0.175006526550627,0.035849078679479,0.652998305692865,0.136146089077028
24582,0.0631120658307754,0.10311274975308,0.701655513384156,0.132119671031988
24583,0.016189248583982,0.119059008073511,0.551459161907319,0.313292581435188
24584,0.0293736496063766,0.0451366846748334,0.824169221522609,0.101320444196181
24585,0.0850357916433758,0.173557462087627,0.0210949801931811,0.720311766075817
24586,0.0493606614066514,0.0874860242166634,0.364212731849837,0.498940582526848
24587,0.380581718065592,0.259755258674179,0.212794710100128,0.146868313160101
24588,0.238554301048325,0.367189782290505,0.22963531983877,0.164620596822399
24589,0.141150702260744,0.46270264457886,0.245951429260692,0.150195223899704
24590,0.433463213936995,0.2593150037596,0.219698361918219,0.0875234203851861
24591,0.3089873489429,0.199181620586064,0.341091464478846,0.15073956599219
24592,0.334037613320115,0.352139917572881,0.115951490307151,0.197870978799853
24593,0.379112041522843,0.244218031523354,0.206859067397015,0.169810859556788
24594,0.202231985628772,0.31839336078709,0.183250252098868,0.29612440148527
24595,0.311802093483778,0.326925469438362,0.290613607988487,0.0706588290893738
24596,0.457709201243511,0.230835168940779,0.0776355349244483,0.233820094891262
24597,0.324537958606276,0.368572385700422,0.200710298361462,0.106179357331841
24598,0.450300461268715,0.144697905978196,0.0963326225365036,0.308669010216585
24599,0.319725712519393,0.332928949380128,0.144760197922632,0.202585140177848
24600,0.273592726659605,0.355961821912826,0.170128930357273,0.200316521070296
24601,0.164551034999803,0.145159859714293,0.535730154386856,0.154558950899048
24602,0.189676182944489,0.528548680997792,0.125849044361179,0.15592609169654
24603,0.124110280847325,0.169613600280434,0.358016973621252,0.348259145250989
24604,0.261730035847551,0.21316221030049,0.410171180911663,0.114936572940296
24605,0.415053255346464,0.138330167735199,0.173478267106704,0.273138309811633
24606,0.0830395712244617,0.488654953955951,0.312238801598225,0.116066673221362
24607,0.414363806321384,0.201783905004824,0.276741104336433,0.107111184337358
24608,0.163027389040019,0.445563563923669,0.102151312512062,0.28925773452425
24609,0.543204376413029,0.187376375084929,0.118565500156816,0.150853748345226
24610,0.0801122592460035,0.21831295773085,0.190656429910658,0.510918353112489
24611,0.145856381879662,0.240940418545082,0.193257579589153,0.419945619986103
24612,0.086037733802245,0.645467933734614,0.125124604847128,0.143369727616013
24613,0.106032706861697,0.198215109368891,0.571290434891651,0.124461748877762
24614,0.103039274183193,0.119300548873571,0.629979799711635,0.1476803772316
24615,0.433454044292878,0.213933438979172,0.0502543582400639,0.302358158487887
24616,0.230254569253243,0.138006177302971,0.368834628969879,0.262904624473907
24617,0.337262333719799,0.142243023317952,0.375142866446479,0.145351776515769
24618,0.2898093396155,0.0893824498953103,0.510481809958405,0.110326400530784
24619,0.118950446092789,0.370587888440591,0.36879900413353,0.14166266133309
24620,0.198393077557554,0.207629053927393,0.0941798049312662,0.499798063583787
24621,0.13638378270524,0.140025782465941,0.311836248135974,0.411754186692845
24622,0.05419859684382,0.301476883990491,0.262711388165078,0.381613131000612
24623,0.194271996082083,0.086038153903912,0.330534031282485,0.38915581873152
24624,0.191361354412248,0.228057122311123,0.401500942016811,0.179080581259819
24625,0.39597882518776,0.100958607948486,0.287383944122786,0.215678622740968
24626,0.409937693483398,0.182729056272271,0.16821599373753,0.239117256506801
24627,0.196109355107213,0.202437307795151,0.119328093399594,0.482125243698041
24628,0.668686333729142,0.110625809204346,0.0576789514892316,0.16300890557728
24629,0.0828981629801834,0.569837578954837,0.121059046160444,0.226205211904536
24630,0.181466911882635,0.155907272668679,0.193739876406397,0.46888593904229
24631,0.244158192153132,0.206958172605134,0.139216782397831,0.409666852843903
24632,0.177007723963294,0.217704996604285,0.270522867367644,0.334764412064777
24633,0.225485169725359,0.0510977642747749,0.479716962153726,0.24370010384614
24634,0.210026227925167,0.0308796675520128,0.536178557271815,0.222915547251005
24635,0.385369845188975,0.119612366607352,0.132157317071464,0.362860471132209
24636,0.238678620297649,0.384382232082934,0.136186228303622,0.240752919315796
24637,0.200227775874083,0.124410507379126,0.506375259792706,0.168986456954085
24638,0.120030024812734,0.497480218613868,0.0860236187042467,0.296466137869151
24639,0.369855701511156,0.220868185648871,0.112306177221731,0.296969935618242
24640,0.650303515260895,0.131874272059617,0.102258716428925,0.115563496250563
24641,0.121758452237404,0.684179335969779,0.0364089975448627,0.157653214247955
24642,0.189908930017089,0.0956190589623344,0.395425058006315,0.319046953014261
24643,0.0618067746927266,0.0559961176757521,0.400012522477408,0.482184585154113
24644,0.0701499638175287,0.437525648427585,0.187982575998631,0.304341811756255
24645,0.140018797431233,0.610745124321924,0.0219864738209141,0.227249604425929
24646,0.220488434035022,0.233687264017581,0.225902672083802,0.319921629863595
24647,0.403226442698332,0.36568319746801,0.144895340308727,0.0861950195249304
24648,0.132126511981523,0.0600678615488201,0.46678523161235,0.341020394857307
24649,0.104924101687869,0.144771285593005,0.516194870368617,0.234109742350509
24650,0.0311028271755039,0.851266387135637,0.0175458205590387,0.100084965129821
24651,0.523872164099481,0.0576379099038101,0.0295476139061117,0.388942312090597
24652,0.309181160691139,0.0472141015374143,0.505500639127977,0.13810409864347
24653,0.5040713850831,0.168757004164402,0.100308091219813,0.226863519532686
24654,0.0501094358258479,0.458226179769928,0.0381619247126496,0.453502459691575
24655,0.066991553196235,0.184569587907241,0.367914552707844,0.38052430618868
24656,0.220993938386036,0.290345726331682,0.349106013319292,0.13955432196299
24657,0.192002791391954,0.152566676048271,0.0564411101886606,0.598989422371115
24658,0.0613906172099352,0.452720013185268,0.290802400923854,0.195086968680943
24659,0.0201213826790991,0.103283319394518,0.43957847791844,0.437016820007943
24660,0.112233724614014,0.378657452986678,0.203516555875093,0.305592266524215
24661,0.141740361921405,0.548155797035088,0.0541407202656823,0.255963120777825
24662,0.0262467467883833,0.123996950094915,0.596606923489775,0.253149379626927
24663,0.130571137448194,0.255925403807619,0.515835965761962,0.0976674929822252
24664,0.131210025087567,0.271627412903939,0.422804233113625,0.174358328894869
24665,0.352020364373964,0.130352896009558,0.387385865418806,0.130240874197671
24666,0.121142444929335,0.585483445879382,0.0956003112398803,0.197773797951403
24667,0.0760865311016393,0.508413085102863,0.256765276271665,0.158735107523832
24668,0.123426712243902,0.0862413187866096,0.733920462839871,0.0564115061296173
24669,0.130735218848764,0.236474436906009,0.362076197412699,0.270714146832528
24670,0.555918359315121,0.0789178120134604,0.245202499341695,0.119961329329724
24671,0.0698368239543891,0.319233868074083,0.548506477075972,0.0624228308955561
24672,0.122031777548628,0.499504135434518,0.316733079555824,0.06173100746103
24673,0.135858173663404,0.0689588380184012,0.706011138831667,0.0891718494865274
24674,0.122362398327626,0.667241154044725,0.0771114361528888,0.133285011474761
24675,0.136506612500568,0.112303265368713,0.6443337670387,0.106856355092019
24676,0.175429621119041,0.570704959757647,0.146611612422923,0.10725380670039
24677,0.0568490960685467,0.160794042197079,0.367851721680372,0.414505140054002
24678,0.248152517891599,0.240975487633399,0.151411995515877,0.359459998959125
24679,0.241794287778884,0.425173878748211,0.123012541509413,0.210019291963492
24680,0.0661881083583638,0.46585430840481,0.18762393674676,0.280333646490066
24681,0.338014286691762,0.233194552213526,0.0675687064858155,0.361222454608896
24682,0.429477461369533,0.471806908398404,0.0508519153277703,0.0478637149042934
24683,0.113196322818053,0.272719729753935,0.463518745739043,0.150565201688969
24684,0.109007875726387,0.194944735693014,0.539141591076785,0.156905797503814
24685,0.595189052857096,0.146595385895348,0.135662358719048,0.122553202528509
24686,0.529552710757136,0.125532623458841,0.0813954301984959,0.263519235585527
24687,0.213060257495755,0.354607799227649,0.196590021321211,0.235741921955385
24688,0.157606346778352,0.40496931495974,0.160301714590783,0.277122623671126
24689,0.205709278879342,0.239271275941828,0.483603918024394,0.0714155271544358
24690,0.677012764538029,0.0908982045017588,0.13850968830466,0.0935793426555523
24691,0.393577945232366,0.377677499021457,0.0818200398777858,0.146924515868391
24692,0.689320484452608,0.184435751754982,0.0456871313700191,0.0805566324223909
24693,0.183893102546897,0.165480421914905,0.492590727552715,0.158035747985483
24694,0.182575271195215,0.284839945974566,0.38406674053794,0.148518042292279
24695,0.144165826015505,0.740711224031622,0.0508879034471594,0.0642350465057131
24696,0.192509145082698,0.340551015255146,0.125089876924807,0.341849962737349
24697,0.12878089845324,0.173481982470634,0.31175425395249,0.385982865123635
24698,0.262437157748292,0.524065756891122,0.154859967906377,0.0586371174542095
24699,0.190722997646624,0.107911697322418,0.641787624184368,0.0595776808465901
24700,0.0961169594845111,0.478805715207892,0.131543609682462,0.293533715625135
24701,0.135318492594938,0.13478699612682,0.621624104271433,0.108270407006809
24702,0.163028342881817,0.542013301232371,0.213276266301754,0.081682089584058
24703,0.291420939816999,0.339105555635458,0.265906113821657,0.103567390725886
24704,0.101060427716647,0.447062701103973,0.357946583509039,0.0939302876703407
24705,0.391337331021422,0.36563227779369,0.14268407677815,0.100346314406737
24706,0.171495022176677,0.403775944767162,0.319148456689194,0.105580576366968
24707,0.294330621860738,0.197301169510015,0.281258045168605,0.227110163460643
24708,0.578884705534122,0.0879808827725019,0.216412849021651,0.116721562671725
24709,0.110307785985678,0.245742076668866,0.531272214206937,0.112677923138518
24710,0.304428219777666,0.307670741067169,0.257498711855504,0.130402327299661
24711,0.354433228483889,0.220975003589315,0.289548519414907,0.135043248511889
24712,0.358917099594646,0.358523629539566,0.16061858385961,0.121940687006178
24713,0.128101454376042,0.532287465841939,0.171353311594023,0.168257768187997
24714,0.311790465714668,0.344593352547413,0.173088530354525,0.170527651383394
24715,0.133151160896031,0.474123793106178,0.162973108035041,0.229751937962751
24716,0.420893617104298,0.335424872555293,0.108475853867508,0.135205656472901
24717,0.211077213418641,0.513667973343511,0.178652596675353,0.0966022165624946
24718,0.187619593766915,0.568132442950079,0.108258465527662,0.135989497755345
24719,0.269247550678525,0.200685653195363,0.199749656809526,0.330317139316586
24720,0.237201899256361,0.464177399212698,0.150443839984897,0.148176861546043
24721,0.289780111542259,0.392282290273471,0.159001809849694,0.158935788334575
24722,0.145061685510386,0.565174407297853,0.183364076415807,0.106399830775954
24723,0.435599758869165,0.215408241271512,0.220230729328617,0.128761270530707
24724,0.302148462234714,0.2863986194778,0.268680727330865,0.142772190956622
24725,0.490580427380072,0.267011038808801,0.080692606607293,0.161715927203834
24726,0.273254691959641,0.356276765368388,0.236567081528548,0.133901461143422
24727,0.09896434686973,0.118140676464109,0.43277293084656,0.3501220458196
24728,0.420296326512608,0.271257980798244,0.163623015309225,0.144822677379922
24729,0.297422440561043,0.165433406241215,0.340242150208284,0.196902002989458
24730,0.151113180496851,0.193606839118323,0.345864163125576,0.30941581725925
24731,0.121513417969485,0.586264091833029,0.152785015653938,0.139437474543548
24732,0.278885212041271,0.169752686838794,0.357377667519372,0.193984433600563
24733,0.0770646388853003,0.255190425703586,0.167120595201525,0.500624340209589
24734,0.173629672709257,0.322370800850339,0.093180698655882,0.410818827784522
24735,0.074120521752528,0.1363376936382,0.452399857385361,0.337141927223911
24736,0.116610734650151,0.598003295557887,0.117876421274453,0.167509548517509
24737,0.484007435284647,0.132267241153305,0.182973102135249,0.200752221426799
24738,0.060927222148419,0.599339120909966,0.0972451360704648,0.242488520871151
24739,0.395223627723244,0.0700872207708518,0.270583316270242,0.264105835235662
24740,0.285128067918757,0.388722362936183,0.131502389474752,0.194647179670308
24741,0.115056563444543,0.269355503083812,0.539049715071716,0.076538218399929
24742,0.296750847126423,0.380897201904151,0.101903530428737,0.22044842054069
24743,0.170652596478943,0.459106931730608,0.117652979360206,0.252587492430244
24744,0.420898995841893,0.0674461965411481,0.295503878928339,0.216150928688619
24745,0.21336507651699,0.144259360518028,0.240040873582545,0.402334689382437
24746,0.176613732156807,0.316796779676368,0.0579306739543079,0.448658814212517
24747,0.0536843110391869,0.394840701452055,0.254881139971417,0.296593847537341
24748,0.0369078358732201,0.0701624894523692,0.580846496773614,0.312083177900797
24749,0.139661587413999,0.322292149984372,0.277211158414247,0.260835104187383
24750,0.280120417018336,0.16712914559337,0.311616621292495,0.2411338160958
24751,0.548183846091049,0.0821290829575362,0.0725311884076326,0.297155882543782
24752,0.120632520575227,0.447711079836545,0.0803480565841442,0.351308343004084
24753,0.177804945428449,0.0394429646559266,0.550508802460107,0.232243287455518
24754,0.261178236682966,0.254260415983672,0.168693300974465,0.315868046358897
24755,0.0620111406358892,0.291065541324383,0.338339041261773,0.308584276777955
24756,0.125623591394529,0.31435466386484,0.247419802730998,0.312601942009634
24757,0.166423985094624,0.0848020124640923,0.145499193866902,0.603274808574382
24758,0.162266784223024,0.0847661982846501,0.45787336303811,0.295093654454216
24759,0.137767600532463,0.27548188997386,0.268329202121925,0.318421307371753
24760,0.300506263425466,0.329048679220236,0.132703316829851,0.237741740524447
24761,0.266623770395418,0.120440939546163,0.389885648546378,0.22304964151204
24762,0.14217673735464,0.367303631708791,0.0830687069151201,0.407450924021449
24763,0.106721864301621,0.668620623927071,0.0745518340049905,0.150105677766318
24764,0.589053324642028,0.082198149727737,0.0624749631231316,0.266273562507104
24765,0.244834680608435,0.245509567373887,0.324244013907366,0.185411738110312
24766,0.0382124692180461,0.405945988489127,0.253830078113349,0.302011464179477
24767,0.131998294242325,0.117242536207592,0.0894859015315341,0.661273268018548
24768,0.127443559611975,0.465356186449246,0.144239120389016,0.262961133549763
24769,0.179526600085506,0.13236356128226,0.610075392849828,0.0780344457824063
24770,0.0988708854062271,0.17119249063633,0.059130221049793,0.67080640290765
24771,0.108068411892531,0.0639928230038876,0.462515502243008,0.365423262860574
24772,0.17928405949946,0.317291750458421,0.0754571886111763,0.427967001430942
24773,0.07784172650821,0.389784484177961,0.429341827709174,0.103031961604655
24774,0.343572075597136,0.153403150538103,0.109326282233445,0.393698491631316
24775,0.113830168469621,0.59494827200354,0.0571236294340439,0.234097930092795
24776,0.627307574981045,0.0510511334498191,0.169195108995947,0.152446182573189
24777,0.284206220280135,0.342654321557582,0.190826769748409,0.182312688413874
24778,0.366940624515819,0.266212759581971,0.126666977435353,0.240179638466857
24779,0.0582423396055823,0.357735826690486,0.253304919480412,0.33071691422352
24780,0.545297776922608,0.149093314351564,0.209730292761087,0.0958786159647409
24781,0.0607923473705551,0.114274258642502,0.72696681056211,0.0979665834248336
24782,0.547076148426333,0.062370087846199,0.0701203583221221,0.320433405405346
24783,0.0361197980732884,0.228129901500968,0.451286233603392,0.284464066822352
24784,0.266258988763381,0.087672736574258,0.19716314483379,0.448905129828571
24785,0.0649923706058618,0.23516111947173,0.155707773050137,0.544138736872271
24786,0.117845407520666,0.146560821471158,0.434539876569874,0.301053894438302
24787,0.248100706519986,0.190250580946916,0.20940209981391,0.352246612719188
24788,0.109103619860267,0.20916073313156,0.371817680650811,0.309917966357363
24789,0.39576418804196,0.22007460439477,0.0965670750863248,0.287594132476945
24790,0.110319949320876,0.135918434314567,0.374885240509695,0.378876375854862
24791,0.199775191989053,0.0874166380042805,0.35982083111968,0.352987338886987
24792,0.245275986475791,0.118005122466573,0.209488612647695,0.427230278409941
24793,0.115400838969908,0.057931397009961,0.517255406607552,0.309412357412579
24794,0.0751942312200768,0.666527897192206,0.0838743848241616,0.174403486763555
24795,0.231634493587374,0.132685686077212,0.0667053471985324,0.568974473136882
24796,0.477941778544141,0.337051280266521,0.117101894538089,0.0679050466512492
24797,0.135099358532124,0.613872884686459,0.153017873206104,0.0980098835753135
24798,0.0378065067358607,0.0866538426776395,0.686222943552749,0.189316707033751
24799,0.323174078858947,0.13067499785385,0.267602033871129,0.278548889416075
24800,0.0473156686774181,0.169090452530501,0.579452529307517,0.204141349484563
24801,0.552135315381322,0.184389653838056,0.173561081884805,0.0899139488958179
24802,0.262700554244737,0.309024033215219,0.157257571470331,0.271017841069714
24803,0.0728774913535175,0.140713441059205,0.663528771624274,0.122880295963004
24804,0.604676532916361,0.113002148019861,0.152869038857087,0.129452280206691
24805,0.22494948946836,0.280846692097267,0.0594583467141295,0.434745471720243
24806,0.183169607359043,0.475183293765126,0.0530918847085431,0.288555214167289
24807,0.508326157695924,0.378701833547772,0.0375106120114671,0.0754613967448371
24808,0.430610430766676,0.11296347098559,0.230945734963405,0.22548036328433
24809,0.704770902481366,0.0351112631554594,0.0684979283265614,0.191619906036613
24810,0.138311550406633,0.349757690436741,0.157310856209339,0.354619902947288
24811,0.151789976732994,0.0496900675071437,0.690741731913352,0.10777822384651
24812,0.0654244844958237,0.0724363477586313,0.766873555399078,0.0952656123464676
24813,0.245955453334266,0.0573063685928341,0.424116938242547,0.272621239830354
24814,0.22204080362256,0.445041698082949,0.0259603341885672,0.306957164105924
24815,0.458557874307355,0.200126563711621,0.223492794050269,0.117822767930754
24816,0.239596131989032,0.171559509383204,0.399466673336336,0.189377685291428
24817,0.237948921505565,0.355335412789995,0.165684312476615,0.241031353227825
24818,0.329404624754002,0.304164298544093,0.226994303985669,0.139436772716237
24819,0.184582463481043,0.354122856974753,0.288854493231994,0.17244018631221
24820,0.42884030948917,0.207455883447739,0.079442780386972,0.284261026676119
24821,0.451423664473658,0.192318101927157,0.112692419080734,0.243565814518451
24822,0.109352974747068,0.544252720549744,0.116559813236028,0.229834491467161
24823,0.156744634556981,0.332880756974549,0.304809899976368,0.205564708492102
24824,0.20129791519745,0.094268338966479,0.294732417805852,0.409701328030219
24825,0.449809931607274,0.216107430611666,0.0949673049333272,0.239115332847733
24826,0.109705334344588,0.11102057911,0.60710677040982,0.172167316135592
24827,0.217923583527868,0.532273025018198,0.0889764213440609,0.160826970109873
24828,0.135024933537585,0.680577463337728,0.0847936354057846,0.0996039677189026
24829,0.20428259041557,0.16789789635762,0.131377214300251,0.496442298926559
24830,0.128613532397142,0.499401370107191,0.203174048094792,0.168811049400874
24831,0.0765603963033082,0.475961695700658,0.183055992149839,0.264421915846196
24832,0.150864542618321,0.207217085305527,0.249088009702604,0.392830362373549
24833,0.254223586644846,0.244874662402868,0.317948584966186,0.1829531659861
24834,0.164900748857629,0.0868293910473959,0.264183099218859,0.484086760876116
24835,0.201808254708372,0.270851336943317,0.186948554982178,0.340391853366134
24836,0.107837301883517,0.21451299035314,0.25809674086524,0.419552966898104
24837,0.606418982765011,0.0277593401744002,0.0924331748438285,0.27338850221676
24838,0.0904350651176805,0.334580956974506,0.119851036669274,0.455132941238539
24839,0.529245863267965,0.171503825130467,0.141437695711287,0.157812615890281
24840,0.464924900572741,0.186843172751005,0.199382190457772,0.148849736218483
24841,0.047224315816944,0.680507518064487,0.172571896471155,0.0996962696474146
24842,0.136352360143861,0.253827087693334,0.111128953814484,0.498691598348322
24843,0.211407992367258,0.0583182699429492,0.395690780913267,0.334582956776526
24844,0.6600575637594,0.0911372786397987,0.161412329288072,0.0873928283127303
24845,0.555391475583971,0.0520971305276525,0.0343598392992336,0.358151554589143
24846,0.1960621793752,0.614533346663433,0.0279596013046782,0.161444872656689
24847,0.107346971658808,0.0995655586890379,0.475981260540069,0.317106209112085
24848,0.0863278423549603,0.159976175779799,0.13765563267736,0.616040349187882
24849,0.37142018397088,0.094398414713529,0.089359537476298,0.444821863839293
24850,0.111189667496002,0.501990505637083,0.0421516495969341,0.34466817726998
24851,0.222923160602567,0.0719812015402143,0.207205651156368,0.497889986700851
24852,0.516139940657596,0.061865504120923,0.0355093457951583,0.386485209426322
24853,0.372455740561377,0.0965854305029928,0.297415433570868,0.233543395364762
24854,0.373329231218206,0.102444201487956,0.289231180782239,0.234995386511599
24855,0.162904422822111,0.178801780895707,0.377778816059119,0.280514980223062
24856,0.165440206525896,0.480609041857009,0.0861139724873753,0.26783677912972
24857,0.172245753615431,0.185062130775405,0.47355072127993,0.169141394329234
24858,0.106432834223626,0.475289165232474,0.236077614329025,0.182200386214876
24859,0.185513255231365,0.314812174381199,0.0827482478693013,0.416926322518135
24860,0.132965704785988,0.0949347873352225,0.70099682087768,0.0711026870011087
24861,0.437910528194693,0.129060714417441,0.0946269892951984,0.338401768092667
24862,0.0965965651650548,0.543645853205968,0.0979542251684439,0.261803356460533
24863,0.315762954836217,0.0897467853882574,0.216568659859094,0.377921599916431
24864,0.127541299527678,0.103090921802291,0.459643096355752,0.309724682314279
24865,0.182313266959327,0.04539815347869,0.47221965016619,0.300068929395793
24866,0.697863399738564,0.0962962711202834,0.0974340923472332,0.10840623679392
24867,0.447872338327921,0.100077445209871,0.153044884819369,0.29900533164284
24868,0.480259472660606,0.083331712841431,0.115339903181012,0.321068911316951
24869,0.273623157695068,0.0543966091650565,0.213644823072572,0.458335410067303
24870,0.597270781812539,0.0745664115162491,0.120126294601072,0.20803651207014
24871,0.152468642572275,0.048037933331125,0.394787377231169,0.404706046865431
24872,0.261439590913317,0.256489241092563,0.293127761229274,0.188943406764846
24873,0.489761105847259,0.33919315612883,0.0885841254775448,0.0824616125463657
24874,0.125814745677149,0.40542593836627,0.312258369720285,0.156500946236297
24875,0.282675594477544,0.360105235020475,0.19948277436815,0.157736396133831
24876,0.132038456062215,0.444709567171947,0.298365187603558,0.12488678916228
24877,0.224549957605447,0.266618630740603,0.390218295833206,0.118613115820744
24878,0.192312814472594,0.163081417691378,0.449814736854392,0.194791030981637
24879,0.461178931597054,0.195029002369358,0.164675248437594,0.179116817595994
24880,0.290940687446961,0.294043821026717,0.285892312797769,0.129123178728554
24881,0.442571708637784,0.170003480842375,0.178020798124634,0.209404012395207
24882,0.616743460115445,0.176994516181977,0.128128352589879,0.0781336711126994
24883,0.144245513020872,0.266947409765827,0.470150576217716,0.118656500995585
24884,0.384326094986147,0.251868949254774,0.265147933851979,0.0986570219070998
24885,0.252224368760193,0.394365728693904,0.19917155315326,0.154238349392644
24886,0.09413439395144,0.176265198043586,0.566847510547527,0.162752897457447
24887,0.279112785284795,0.535609792153212,0.111812341732814,0.0734650808291791
24888,0.234174632692365,0.398356909110597,0.202556508653282,0.164911949543756
24889,0.154376857356215,0.304285262812768,0.448063848337597,0.0932740314934204
24890,0.173344833203147,0.16016092269028,0.230468823152474,0.436025420954099
24891,0.331866946530214,0.151304562346678,0.0670714157309935,0.449757075392114
24892,0.331318329775771,0.0812514930381638,0.174126939021882,0.413303238164183
24893,0.299095908863658,0.186645416621793,0.1398198598569,0.374438814657649
24894,0.10733789628068,0.46722184068885,0.143034772704959,0.28240549032551
24895,0.0304184483425324,0.0483439654401138,0.409116664164099,0.512120922053255
24896,0.0359404746615265,0.240180762480104,0.206240215555708,0.517638547302661
24897,0.15515188608706,0.0572931658458942,0.62668806626814,0.160866881798905
24898,0.269869056301414,0.103902881221439,0.249011267464049,0.377216795013098
24899,0.0170516671970018,0.233679176987939,0.561110577127372,0.188158578687687
24900,0.0570247288493602,0.118173035240266,0.278294381551309,0.546507854359065
24901,0.238901397990085,0.0366239202271834,0.310750463206808,0.413724218575924
24902,0.379498997616912,0.0588483204465995,0.134886254028789,0.4267664279077
24903,0.249930183317053,0.0798805417697722,0.106968693698839,0.563220581214336
24904,0.0488205199001596,0.309446742539391,0.0211621868566392,0.620570550703811
24905,0.0593300446251744,0.0565150759542214,0.756984884914996,0.127169994505608
24906,0.189671923692794,0.0335414596974295,0.351343746322427,0.425442870287349
24907,0.177212523395052,0.057536562440596,0.0274040559695862,0.737846858194766
24908,0.0255908817705015,0.279431571790974,0.515883966382136,0.179093580056388
24909,0.0576931772971128,0.429911331928839,0.111547240025859,0.400848250748189
24910,0.202677726185055,0.294377769488141,0.372430103070405,0.130514401256399
24911,0.177723395147704,0.668633072706964,0.0672924352244212,0.0863510969209118
24912,0.0717833626715557,0.274411148617261,0.403192424782386,0.250613063928797
24913,0.0814552743586849,0.684408466216789,0.0946862805170976,0.139449978907429
24914,0.357788216156167,0.169415265090137,0.304693674992629,0.168102843761067
24915,0.0499069721632317,0.442229635699759,0.318452616368213,0.189410775768796
24916,0.572740021571319,0.154148611495187,0.112159947260624,0.16095141967287
24917,0.137808615193581,0.080278912848267,0.485557889665295,0.296354582292858
24918,0.16794627451078,0.0769460988290587,0.292309327257655,0.462798299402507
24919,0.0758875921344295,0.386396080942144,0.384176800468153,0.153539526455274
24920,0.0420439515097366,0.447326903621803,0.453313498380574,0.0573156464878865
24921,0.679582742639161,0.176758765411073,0.0610469416023864,0.082611550347379
24922,0.578601542083199,0.124326689955993,0.0840245245921408,0.213047243368667
24923,0.170049578412908,0.148431092842278,0.573859305422862,0.107660023321952
24924,0.152206991895626,0.216419934571938,0.439233675298513,0.192139398233924
24925,0.175704830920465,0.692464643440981,0.0707670795059119,0.0610634461326417
24926,0.24911109271851,0.0952609369888886,0.545293699892084,0.110334270400518
24927,0.162109008259038,0.441678712766447,0.0859556247020225,0.310256654272492
24928,0.0812091876002345,0.288952655969436,0.359015223551321,0.270822932879009
24929,0.262637170710929,0.340205480919888,0.28524103112908,0.111916317240103
24930,0.369815458096454,0.357111981156033,0.197008637963047,0.076063922784466
24931,0.27590942441983,0.257923178482921,0.31634555706871,0.14982184002854
24932,0.133498537855644,0.33331381305973,0.420191191182192,0.112996457902435
24933,0.305395731098162,0.469434600104579,0.11171431536471,0.11345535343255
24934,0.442138815712185,0.238464415313154,0.143849071652458,0.175547697322203
24935,0.191850659128966,0.403541562427242,0.264899820676492,0.1397079577673
24936,0.34501099753881,0.235390432767831,0.294283586078949,0.12531498361441
24937,0.148944322324291,0.555335284967235,0.249195420823236,0.0465249718852385
24938,0.485505946356358,0.185483318185526,0.234289161865148,0.0947215735929683
24939,0.200554520089081,0.238353465200923,0.479063519131567,0.0820284955784282
24940,0.359224411045537,0.372415188361151,0.149486731866742,0.11887366872657
24941,0.253369692867893,0.384758913625656,0.211283298105158,0.150588095401293
24942,0.521348659444108,0.148804768557512,0.248905515397304,0.0809410566010753
24943,0.294807999922678,0.157681469935276,0.2194463654516,0.328064164690446
24944,0.512199065588525,0.300886917346687,0.112223956311719,0.0746900607530689
24945,0.128791939952013,0.139927372518964,0.407944626096836,0.323336061432187
24946,0.104668792167816,0.399142407009747,0.141600453925562,0.354588346896875
24947,0.358592270345677,0.232430889949113,0.224736759162163,0.184240080543047
24948,0.408166350880824,0.272489645982407,0.260406925686992,0.0589370774497761
24949,0.309250060960187,0.379800594129759,0.255376547829884,0.05557279708017
24950,0.109481562128094,0.401062950664366,0.339762284854561,0.149693202352979
24951,0.144053648680691,0.522293312342036,0.192723999279262,0.140929039698011
24952,0.396833402710147,0.294690044063628,0.189449882418614,0.119026670807611
24953,0.285688066747259,0.226742485815252,0.3776730794648,0.109896367972689
24954,0.162137621080007,0.547377526255414,0.200660222856543,0.0898246298080359
24955,0.447709597694409,0.337059703886238,0.104172615580904,0.111058082838449
24956,0.183254790976653,0.402767183409703,0.294333486021228,0.119644539592416
24957,0.197735918328619,0.539629382477807,0.131120786751255,0.131513912442318
24958,0.100274869268114,0.600233999673,0.232696391287941,0.0667947397709453
24959,0.142970943838932,0.414281908122497,0.25023217693462,0.192514971103951
24960,0.243683542278426,0.280759429626917,0.215974202481274,0.259582825613383
24961,0.318735899353154,0.331399929807962,0.262839211382032,0.0870249594568521
24962,0.0559773729862499,0.557562388595978,0.192955686658263,0.193504551759509
24963,0.121326625709945,0.497194303143105,0.154692428135315,0.226786643011636
24964,0.123551999858903,0.334418307314842,0.332607187114875,0.20942250571138
24965,0.208586845652377,0.577729487778527,0.132487958564937,0.0811957080041586
24966,0.171794206060926,0.386249877091586,0.347667686195981,0.0942882306515068
24967,0.391272656711415,0.0720222758184391,0.39950222282399,0.137202844646156
24968,0.181858840285524,0.457930391577182,0.189500355372211,0.170710412765084
24969,0.217453306231178,0.526040336385532,0.0568876473095323,0.199618710073758
24970,0.403905198382382,0.230016559951092,0.150817149176992,0.215261092489535
24971,0.275837998786645,0.490182798843291,0.0854842669573295,0.148494935412735
24972,0.087612299241665,0.453319115254513,0.153449730536788,0.305618854967034
24973,0.139980324775842,0.691437811512772,0.105099349407978,0.0634825143034082
24974,0.220337617120574,0.312286256751181,0.275129566527395,0.19224655960085
24975,0.140248664560774,0.434927502822313,0.244994035509744,0.179829797107169
24976,0.224205046115813,0.104826049222065,0.559351737701528,0.111617166960594
24977,0.420842703763577,0.225616402123473,0.106297634677785,0.247243259435165
24978,0.218420533297432,0.401976091920532,0.168129555109972,0.211473819672064
24979,0.328235402021772,0.377829661339908,0.169679615286061,0.12425532135226
24980,0.0953677590131469,0.331025517647514,0.392853673904139,0.1807530494352
24981,0.14616752671011,0.10356365235398,0.389083307462978,0.361185513472932
24982,0.174922436728146,0.478325961605659,0.185741144755579,0.161010456910616
24983,0.743116780856296,0.133012286134563,0.0318969731040836,0.0919739599050574
24984,0.0700078385250396,0.480216744624448,0.178153567874844,0.271621848975669
24985,0.0970127025419919,0.40860928133197,0.291041705299388,0.20333631082665
24986,0.390258471596795,0.147257747802261,0.233932207763743,0.228551572837201
24987,0.0639332052956625,0.529849465795257,0.344398241005436,0.0618190879036447
24988,0.304448566949963,0.201500259849522,0.233388503636105,0.26066266956441
24989,0.242927522440829,0.337951012784365,0.339320880137744,0.0798005846370627
24990,0.0823997271823362,0.626117136771746,0.17437483281546,0.117108303230458
24991,0.319705212902341,0.053761661746086,0.474439814198342,0.152093311153231
24992,0.171233913244194,0.227320297882764,0.530019378354407,0.0714264105186351
24993,0.623024554648577,0.130262361015138,0.151668827806319,0.0950442565299652
24994,0.543813310371433,0.180017220621007,0.127900948053233,0.148268520954327
24995,0.534672716306161,0.191316864833967,0.147134136857402,0.12687628200247
24996,0.211693236920053,0.272024609678841,0.152026617436455,0.364255535964651
24997,0.311557543976935,0.427656781252792,0.095794183769874,0.164991491000398
24998,0.225616720858152,0.0806965934641502,0.460639803627025,0.233046882050672
24999,0.185431970317487,0.526600622873549,0.0702478385706956,0.217719568238268
25000,0.148609222326895,0.20175741553452,0.365196058567542,0.284437303571042
25001,0.203144830821443,0.589474548848308,0.0926135865608954,0.114767033769353
25002,0.1635919334187,0.0895594274635963,0.578412419529088,0.168436219588616
25003,0.192927397761363,0.179313482719199,0.349921461330493,0.277837658188944
25004,0.0462247505481378,0.0938652340912605,0.691206184751071,0.16870383060953
25005,0.218393472469465,0.374025104668203,0.285541944094885,0.122039478767447
25006,0.470771109368805,0.204515551068121,0.217593679666795,0.107119659896279
25007,0.333738337177721,0.407625836199236,0.0951883446175025,0.163447482005541
25008,0.147627724188574,0.0980786572385175,0.614768666918739,0.139524951654169
25009,0.436371505237812,0.0518977011439693,0.329154345395988,0.18257644822223
25010,0.370640805972913,0.0424238794255753,0.409921239960731,0.17701407464078
25011,0.112662433576196,0.738159549720818,0.0853555567692558,0.0638224599337296
25012,0.0726467409040793,0.345031770195518,0.213433314555383,0.36888817434502
25013,0.355458196256091,0.052014567819842,0.306145929407104,0.286381306516963
25014,0.129701962957343,0.197212174823058,0.591971335605299,0.0811145266142997
25015,0.327656950647767,0.220407007943853,0.236501754916309,0.215434286492071
25016,0.1549452481323,0.365896192880163,0.0717341104821835,0.407424448505353
25017,0.0858027444437411,0.24651109592733,0.586963378649854,0.0807227809790751
25018,0.639815643543055,0.190488293278566,0.0784543671470337,0.0912416960313459
25019,0.177119695411627,0.609082445094228,0.104421496431714,0.109376363062432
25020,0.218747495341735,0.118446825532016,0.100991407971204,0.561814271155045
25021,0.214291685863297,0.135648167999219,0.302641758749053,0.347418387388432
25022,0.0760332532510374,0.272340060112688,0.30833202711244,0.343294659523835
25023,0.14473817598732,0.211257200710167,0.554040519547302,0.089964103755211
25024,0.531112929590053,0.113945293893777,0.195363682308196,0.159578094207974
25025,0.409019257503441,0.197159744138095,0.156615686559665,0.237205311798799
25026,0.332639866503204,0.340561567393645,0.198608701780067,0.128189864323084
25027,0.0687241808731546,0.267017927302968,0.392136790723733,0.272121101100144
25028,0.619037725344477,0.107317717601087,0.186734085090121,0.0869104719643151
25029,0.129348785272378,0.167525653162171,0.575232922085792,0.127892639479659
25030,0.13102528593983,0.0564020056054436,0.592849227562708,0.219723480892018
25031,0.117197070903028,0.0580599372338697,0.53289307843478,0.291849913428321
25032,0.0979186709467715,0.0424813001055683,0.712891954698676,0.146708074248984
25033,0.315764852087276,0.126428879418105,0.346927676371675,0.210878592122944
25034,0.137981557255288,0.486014466192103,0.104915905733353,0.271088070819255
25035,0.279863268234664,0.178828156455364,0.220733881711713,0.320574693598259
25036,0.0706400991706986,0.183219498134416,0.216781824828244,0.529358577866642
25037,0.201237172507156,0.517612846928168,0.0707101781104934,0.210439802454183
25038,0.263284030653014,0.300404809848803,0.140659041187775,0.295652118310408
25039,0.0877171859783721,0.32968679430828,0.31415088408186,0.268445135631488
25040,0.20379106827018,0.367799326019229,0.327991956709692,0.100417649000899
25041,0.214481200537966,0.539930054002058,0.0424968857618139,0.203091859698162
25042,0.113515672880649,0.18869023925936,0.425312387277992,0.272481700581999
25043,0.132666290838152,0.510968750216533,0.130822259640878,0.225542699304437
25044,0.37739878858632,0.100870852428001,0.365581851100908,0.156148507884771
25045,0.0854720197467914,0.19793011457178,0.586140610888106,0.130457254793323
25046,0.0733248012421322,0.798612201224981,0.0264227284317523,0.101640269101134
25047,0.306290751465275,0.175048720408427,0.362277748260033,0.156382779866265
25048,0.060317472986649,0.459556079394043,0.227157363441426,0.252969084177883
25049,0.0716033254720075,0.337883744199852,0.546420502820312,0.0440924275078292
25050,0.27321570339765,0.480188715119498,0.086342533050754,0.160253048432099
25051,0.110470870410385,0.340244334974249,0.429865742985137,0.119419051630228
25052,0.11944543273306,0.56318600343208,0.0944124494470397,0.22295611438782
25053,0.155373994529877,0.187037945482083,0.228694212036483,0.428893847951556
25054,0.0346873059065123,0.651250353332594,0.175214872672924,0.13884746808797
25055,0.0859823058823781,0.669013344618301,0.0800335739939036,0.164970775505418
25056,0.173585894824731,0.0775292179048579,0.211779389618219,0.537105497652192
25057,0.202491959962464,0.604106177494542,0.0928957343368257,0.100506128206169
25058,0.512819335291461,0.196448570686424,0.125654559016906,0.165077535005209
25059,0.340649901490421,0.0455028623632967,0.209226473867635,0.404620762278647
25060,0.131789222822195,0.341264402286778,0.296763604852608,0.230182770038419
25061,0.0577386770519103,0.443365704895841,0.20260608719117,0.296289530861078
25062,0.241589734328292,0.4137274658071,0.0559399577641523,0.288742842100457
25063,0.0359158514373994,0.385526372795662,0.229336369283512,0.349221406483426
25064,0.259215547210504,0.413959317647372,0.0404371757911806,0.286387959350944
25065,0.164298771458801,0.498614538194806,0.0819873634531577,0.255099326893236
25066,0.283710800942939,0.0519676427638144,0.207007862923934,0.457313693369313
25067,0.106638300854216,0.0330247519316364,0.281312460471319,0.579024486742829
25068,0.060207293203613,0.179995417188162,0.318909630442842,0.440887659165383
25069,0.0443214029202455,0.384443494126092,0.329502449233374,0.241732653720288
25070,0.0708646933883591,0.104388949367615,0.103588255870865,0.721158101373161
25071,0.142110377474031,0.557661072074129,0.0614830218555189,0.238745528596321
25072,0.0718817290468718,0.7524179828637,0.0364017753082636,0.139298512781165
25073,0.0844933182986866,0.495752972040783,0.017714080477923,0.402039629182607
25074,0.109462088575695,0.592940813448297,0.0835571174751061,0.214039980500902
25075,0.17648094455909,0.0330024782132794,0.38131258850019,0.409203988727441
25076,0.0345090439614034,0.0593845958302834,0.232062262885887,0.674044097322426
25077,0.0270593750145926,0.122498880834516,0.505135444109969,0.345306300040923
25078,0.493289379880145,0.0386364349051407,0.190390267528243,0.277683917686471
25079,0.12304526477462,0.0377126853073538,0.391430208700548,0.447811841217478
25080,0.590055050505696,0.062923370134691,0.0441746137097648,0.302846965649849
25081,0.422515027566382,0.116248216805699,0.263033026827207,0.198203728800712
25082,0.10567149230469,0.408709459562666,0.301806322370733,0.183812725761911
25083,0.114015079498751,0.355567104919285,0.252455933224976,0.277961882356987
25084,0.424867300299569,0.153361743296879,0.336584240796669,0.085186715606882
25085,0.26631413706564,0.441886316568079,0.213479111731705,0.0783204346345755
25086,0.630817465087829,0.0998284843782937,0.175468378778466,0.0938856717554111
25087,0.11943445892472,0.439337633755984,0.339603739648114,0.101624167671182
25088,0.498032637947596,0.171148671736189,0.24677993044492,0.0840387598712949
25089,0.149469370664323,0.0947543884881362,0.605590239940773,0.150186000906768
25090,0.465722496999174,0.22496401711472,0.197423078909133,0.111890406976972
25091,0.330405358630672,0.121354762359934,0.291661177328415,0.25657870168098
25092,0.177953662818414,0.179996303714213,0.0995926784061312,0.542457355061241
25093,0.477529687205927,0.0928257515538537,0.192454823291201,0.237189737949019
25094,0.0925221923605494,0.125258256301552,0.71066153247475,0.0715580188631484
25095,0.0898838420602861,0.495122419106,0.309347135948492,0.105646602885222
25096,0.0749203956100648,0.187058984208786,0.141352339756549,0.596668280424601
25097,0.0880049346469742,0.150524374025443,0.611633464773287,0.149837226554295
25098,0.272225479925787,0.134667164262835,0.217052728583961,0.376054627227417
25099,0.057706998259808,0.29900600293091,0.500464932405231,0.142822066404051
25100,0.152222517174943,0.29738593974881,0.469733800852049,0.0806577422241983
25101,0.427291859377309,0.14922314783394,0.326646117480552,0.096838875308198
25102,0.307507214643455,0.301704877764619,0.200654415647123,0.190133491944803
25103,0.287607399342223,0.409409826727202,0.218373025360815,0.0846097485697612
25104,0.119539238590104,0.35091776448727,0.463213701110136,0.0663292958124899
25105,0.185554185433573,0.316573067467847,0.382224010142056,0.115648736956525
25106,0.314871282485157,0.316616319931976,0.283455543782756,0.0850568538001116
25107,0.156789221324265,0.456864825663191,0.185463130896511,0.200882822116034
25108,0.213762240579446,0.437359176112539,0.268631281840047,0.0802473014679682
25109,0.298257746060448,0.411076141664141,0.178491899817144,0.112174212458267
25110,0.176626860558905,0.186331754152639,0.21435687435111,0.422684510937346
25111,0.209473673575107,0.184879618023275,0.252123348360042,0.353523360041577
25112,0.167469347003731,0.249864181592549,0.42800226117787,0.154664210225849
25113,0.427659445170056,0.32099336719454,0.154439981531445,0.0969072061039593
25114,0.256197574722771,0.253791243957539,0.351433675365305,0.138577505954385
25115,0.128431047720955,0.272644434005674,0.413359426772247,0.185565091501123
25116,0.275317260578946,0.388660178250033,0.201756802651842,0.134265758519179
25117,0.559468705978703,0.281771410458774,0.103391866382551,0.0553680171799721
25118,0.444611441936929,0.171003440752811,0.246095057499438,0.138290059810822
25119,0.097228850763095,0.312516958618771,0.401868003133061,0.188386187485073
25120,0.349011263723623,0.253628465314018,0.0708679432333728,0.326492327728986
25121,0.448701434128773,0.1231673569111,0.194475700357094,0.233655508603032
25122,0.436720724472165,0.259789863605222,0.170114098565956,0.133375313356658
25123,0.463128914533856,0.070979139944504,0.386273348716082,0.079618596805558
25124,0.128094648711876,0.144556603280525,0.57271642084455,0.154632327163049
25125,0.744067519522372,0.135168406909763,0.0498111553110181,0.070952918256847
25126,0.0520041076328403,0.46162867330151,0.251607454289725,0.234759764775926
25127,0.236626283308645,0.157554004217892,0.172298353462285,0.433521359011179
25128,0.242747918214006,0.100969470090225,0.131995539082878,0.524287072612891
25129,0.293341958823885,0.218931312312656,0.440174151200742,0.0475525776627169
25130,0.167530910802289,0.168834724361076,0.11177305597465,0.551861308861985
25131,0.211703361245965,0.392334052320602,0.0306428661828026,0.36531972025063
25132,0.432622519032707,0.217050929823096,0.11692268206321,0.233403869080987
25133,0.701493227610624,0.0700738192630148,0.136359704939746,0.0920732481866153
25134,0.248143072505182,0.281784427462132,0.0690180777677904,0.401054422264896
25135,0.0317831075283715,0.613569493272437,0.0462341825842458,0.308413216614946
25136,0.218001852124833,0.28057260643492,0.312302154199279,0.189123387240967
25137,0.0859745617429013,0.532193480712857,0.0864397416091813,0.29539221593506
25138,0.1153685746087,0.476274093443332,0.143126510669843,0.265230821278125
25139,0.152174217008749,0.374944093282641,0.165911685019127,0.306970004689484
25140,0.0685216622183082,0.0703866076309815,0.548608250237636,0.312483479913074
25141,0.286758113636626,0.345974576647062,0.183853330816253,0.183413978900059
25142,0.270826328413699,0.302492287443793,0.0568233546291976,0.36985802951331
25143,0.0994836309759336,0.183711985521149,0.120827489286445,0.595976894216473
25144,0.134289451152585,0.320841711176271,0.06042530456394,0.484443533107205
25145,0.389428534395706,0.132879555912889,0.074488859192074,0.403203050499331
25146,0.200375514101915,0.590196664903745,0.0456090630445022,0.163818757949838
25147,0.157671259673247,0.115329842413134,0.387848608448922,0.339150289464698
25148,0.29686455912178,0.315164572525363,0.0374912981499416,0.350479570202915
25149,0.0879603271432078,0.676875346239925,0.112619814457015,0.122544512159852
25150,0.102461780775683,0.074991294857777,0.479257837509064,0.343289086857476
25151,0.0273455303679756,0.460371560920769,0.102248303879382,0.410034604831873
25152,0.462784347297594,0.052023372286796,0.0547998193792556,0.430392461036354
25153,0.379766600817851,0.508237091398707,0.0516084148043295,0.0603878929791126
25154,0.184085701032247,0.0931439580242067,0.421170401113982,0.301599939829564
25155,0.0557533419263474,0.563128089832993,0.0244765694593671,0.356641998781293
25156,0.105153451038924,0.739055768836742,0.0601252569769249,0.0956655231474098
25157,0.176712062251051,0.525897744367262,0.155292742497438,0.142097450884249
25158,0.443737188597737,0.397977638640517,0.0833654645174168,0.0749197082443297
25159,0.151433114531207,0.447607095559147,0.17312520260627,0.227834587303376
25160,0.270508285542075,0.292823050672038,0.303817231367858,0.132851432418029
25161,0.389758359446346,0.114500972256183,0.242603739381204,0.253136928916268
25162,0.357287598284247,0.175890627903244,0.0828143827691616,0.384007391043347
25163,0.102107745461157,0.116185672587034,0.654415044044832,0.127291537906977
25164,0.480410350067417,0.38171703545391,0.0546108811515962,0.0832617333270769
25165,0.149383943556276,0.145558223888594,0.164117458374296,0.540940374180835
25166,0.209142478821997,0.180756983897573,0.310742349495443,0.299358187784986
25167,0.30111471341596,0.456375106974967,0.0924215610566795,0.150088618552394
25168,0.280053302576756,0.378608517288364,0.0428913582871291,0.298446821847751
25169,0.224837316331641,0.232756939712811,0.0716578453681908,0.470747898587358
25170,0.461470171989597,0.370037568920114,0.0563184786350037,0.112173780455285
25171,0.482475651599221,0.169920834542006,0.188104350415961,0.159499163442812
25172,0.178792461364987,0.403589700306699,0.194570099834192,0.223047738494121
25173,0.320405964750193,0.0668255681535246,0.244149661165244,0.368618805931038
25174,0.40931187638656,0.0781962636306039,0.220574228063338,0.291917631919498
25175,0.608626689612918,0.115002677559902,0.0481075414646364,0.228263091362543
25176,0.168095810969209,0.252264856924417,0.45261983358669,0.127019498519684
25177,0.247292291846448,0.232563035535269,0.308970444659131,0.211174227959152
25178,0.267183920794664,0.24373092720261,0.369675282187298,0.119409869815429
25179,0.622913658378363,0.128777071918072,0.199207506781439,0.0491017629221259
25180,0.41453746973214,0.0645468341239098,0.370391131140728,0.150524565003223
25181,0.114486851868481,0.0909352605321252,0.724059480239551,0.0705184073598437
25182,0.262886166461873,0.273196641169827,0.208919467806954,0.254997724561346
25183,0.342889295884655,0.302085317880424,0.217619400457961,0.13740598577696
25184,0.203235838649042,0.223239596898688,0.40725998399565,0.166264580456621
25185,0.357692138240414,0.190067838287207,0.263885892936956,0.188354130535423
25186,0.235548762163089,0.584784458059118,0.0607960024435981,0.118870777334195
25187,0.242948846879923,0.303481882802068,0.157673258032623,0.295896012285386
25188,0.162087075067752,0.129813399281861,0.521507372936213,0.186592152714174
25189,0.362610981291707,0.190543480743071,0.23178465798673,0.215060879978492
25190,0.373225299424294,0.377102901002816,0.0416889019615383,0.207982897611352
25191,0.100999003810764,0.510803900674208,0.195951517043492,0.192245578471535
25192,0.161420059222538,0.356079494623542,0.228624534670096,0.253875911483824
25193,0.397809142190244,0.33133975084107,0.0879919242120312,0.182859182756655
25194,0.248825346768628,0.338520688582979,0.252864087010585,0.159789877637808
25195,0.128920473771162,0.168541027430993,0.435400033655227,0.267138465142618
25196,0.0633726658534947,0.382089773224523,0.196221294387723,0.35831626653426
25197,0.0677497307524597,0.60522246962892,0.104890379087677,0.222137420530943
25198,0.170791571949507,0.429815586513502,0.0789814385415613,0.320411402995431
25199,0.278730196059604,0.101061642161087,0.426049726541034,0.194158435238275
25200,0.107867650990453,0.476853407036457,0.073324508381246,0.341954433591844
25201,0.175401110197723,0.107670822115724,0.285113707644185,0.431814360042369
25202,0.242645767004021,0.118563003874985,0.326729459333732,0.312061769787262
25203,0.388738364657819,0.376789602689793,0.127927439183688,0.1065445934687
25204,0.0726942581604267,0.0824379663039784,0.535539068364907,0.309328707170688
25205,0.113954207066229,0.218575950549064,0.214538930016098,0.452930912368609
25206,0.152179273681946,0.353059337253776,0.224221718398619,0.270539670665659
25207,0.072521782461498,0.131230518491672,0.190278870900944,0.605968828145886
25208,0.320479690797637,0.192710890756617,0.239875771507287,0.24693364693846
25209,0.156705792427234,0.0439368469031236,0.439686307180751,0.359671053488891
25210,0.155501059604024,0.127805893760244,0.563282943102583,0.153410103533149
25211,0.0498834514815319,0.225256928722455,0.454450128626711,0.270409491169302
25212,0.371991088331477,0.162296886833511,0.149710754543323,0.31600127029169
25213,0.114719898974532,0.128456736369493,0.457846119905476,0.298977244750499
25214,0.184140240813857,0.243099034349866,0.359529677168334,0.213231047667943
25215,0.398434775274099,0.283218652473865,0.184900365807604,0.133446206444432
25216,0.347096180119516,0.363805367171225,0.133790290347267,0.155308162361992
25217,0.444163079668041,0.366849215634174,0.115267697778653,0.0737200069191321
25218,0.348316976951538,0.389068802168494,0.0789010845298371,0.183713136350131
25219,0.257497635681576,0.480707573848175,0.0545648036881132,0.207229986782136
25220,0.192221682996283,0.146411616062555,0.425917380910205,0.235449320030957
25221,0.129580725024883,0.620672398679684,0.118552309704024,0.131194566591409
25222,0.143276182249787,0.292759801172727,0.467366400009719,0.0965976165677679
25223,0.190600416757805,0.359381397296834,0.151954403474599,0.298063782470763
25224,0.087014364563648,0.645837733165451,0.1027640866575,0.164383815613401
25225,0.372793056967579,0.0944123480688537,0.24303064694491,0.289763948018657
25226,0.630027850996617,0.136067127464915,0.163629574659555,0.070275446878913
25227,0.0845210544123882,0.654313924002558,0.136249085070779,0.124915936514274
25228,0.0953663961901649,0.121978759927967,0.534924934095443,0.247729909786425
25229,0.081567680603055,0.153805230830549,0.514164710439454,0.250462378126942
25230,0.123735850196426,0.148554417715139,0.611880066946749,0.115829665141686
25231,0.0627692415583479,0.486129876591677,0.212614018669312,0.238486863180663
25232,0.236739366673928,0.388749502047512,0.0723318423949388,0.302179288883621
25233,0.246454019767855,0.413137931001399,0.252925659452561,0.0874823897781847
25234,0.199646649738791,0.357422672222834,0.366540877261009,0.0763898007773662
25235,0.500807621429791,0.16997466238675,0.246911910025538,0.0823058061579206
25236,0.327773761595463,0.358965847203852,0.220250591911442,0.0930097992892428
25237,0.268804248141911,0.487611789382716,0.181898319820362,0.0616856426550115
25238,0.276460527520371,0.223252045920976,0.366341182857234,0.13394624370142
25239,0.323743290215014,0.426622378781877,0.137289345265359,0.11234498573775
25240,0.192723915776941,0.227887557174644,0.502017040137328,0.0773714869110879
25241,0.478454129231394,0.275047625817796,0.196636483426129,0.0498617615246815
25242,0.150571174794115,0.345190222901073,0.393649364306677,0.110589237998134
25243,0.221474785430744,0.37180570505746,0.311549603956009,0.0951699055557867
25244,0.245566045967423,0.458093061436581,0.196934157002595,0.099406735593401
25245,0.240388738762367,0.226230051437655,0.47038287388799,0.0629983359119883
25246,0.285555092453241,0.371599850000534,0.273066356945402,0.0697787006008239
25247,0.181434037653253,0.296335449697537,0.368466694608578,0.153763818040632
25248,0.205008945645934,0.359261867266661,0.201491342731467,0.234237844355938
25249,0.17482699625601,0.54567483288309,0.233047484366306,0.0464506864945952
25250,0.274562919705909,0.311949268279335,0.292763602837075,0.120724209177681
25251,0.220983740889351,0.271752853374232,0.313143772389582,0.194119633346835
25252,0.598882943028421,0.125796338373767,0.128920209186267,0.146400509411545
25253,0.223435840686007,0.359045043686579,0.123456229258497,0.294062886368916
25254,0.300287543581078,0.254785208255601,0.0583501971281693,0.386577051035152
25255,0.479798857795373,0.228286137087824,0.0545604220797213,0.237354583037082
25256,0.108888735180018,0.733922868340445,0.0878767132515546,0.0693116832279819
25257,0.162482286374022,0.2143292957382,0.425361340189845,0.197827077697933
25258,0.390875069737928,0.139031710773406,0.108796622709207,0.361296596779459
25259,0.197530525049009,0.4522292930383,0.170146783303431,0.18009339860926
25260,0.0573790561963395,0.515453830412525,0.186562142886029,0.240604970505106
25261,0.536555690123962,0.169096532443855,0.193745558410565,0.100602219021618
25262,0.221030815552224,0.309575624330686,0.0749559016491075,0.394437658467982
25263,0.372952424909433,0.157183838436862,0.227077273391693,0.242786463262012
25264,0.109415002347487,0.124578339074504,0.244219484656428,0.521787173921581
25265,0.65572292279285,0.208153771449292,0.0481620694751671,0.0879612362826904
25266,0.0926211780991999,0.577778343722024,0.199434625054314,0.130165853124463
25267,0.090587691108582,0.19785973400264,0.446245980353294,0.265306594535483
25268,0.127020122129351,0.239567223913166,0.54910539370785,0.0843072602496335
25269,0.130715715489946,0.161863449759253,0.0983572353513979,0.609063599399403
25270,0.395004892110869,0.161777916661654,0.150510195213101,0.292706996014376
25271,0.0596501631118769,0.253400622612949,0.584322500706595,0.10262671356858
25272,0.151240711664211,0.289637673455366,0.300290866788843,0.258830748091581
25273,0.252618852245404,0.238682588905612,0.261419650739869,0.247278908109115
25274,0.267645502913884,0.182843315938093,0.302582022012195,0.246929159135828
25275,0.464595285769412,0.325396743570963,0.125932698011546,0.0840752726480795
25276,0.25479661206753,0.415349526372499,0.19436721480519,0.135486646754782
25277,0.124704303277375,0.0767764669767138,0.554618739758562,0.243900489987349
25278,0.380430706755014,0.369558930907709,0.0875982663498334,0.162412095987444
25279,0.524885095642247,0.116962831407687,0.0360049504145649,0.322147122535502
25280,0.1348337139788,0.100369870326052,0.694545894963212,0.0702505207319359
25281,0.247130234939894,0.0670441080647168,0.584065245188321,0.101760411807069
25282,0.552235163161819,0.0725960963358418,0.133621659050638,0.241547081451701
25283,0.210880549743731,0.0932741122562577,0.350961066110303,0.344884271889709
25284,0.165925744776811,0.56650719995157,0.120212124926279,0.14735493034534
25285,0.455486847957363,0.174619511568154,0.161910327001116,0.207983313473368
25286,0.519468988145491,0.149046373320841,0.133323112885397,0.198161525648271
25287,0.116914091062069,0.614356535144956,0.176411675161659,0.0923176986313157
25288,0.0769556787650909,0.0734125449099514,0.256957380556452,0.592674395768506
25289,0.0478497461389874,0.418084685857104,0.20969329458771,0.324372273416198
25290,0.228759370778636,0.390639192676897,0.0966784982587592,0.283922938285708
25291,0.444596749564989,0.15993050006293,0.0763902006434781,0.319082549728603
25292,0.152178887243076,0.0636036147505514,0.276021873763849,0.508195624242524
25293,0.0577574171478154,0.353068149082305,0.183198857421127,0.405975576348753
25294,0.12074721414549,0.472920090584822,0.0445778713443863,0.361754823925301
25295,0.0765589022444163,0.0977702878040249,0.340932156358131,0.484738653593428
25296,0.0860669345288009,0.740730757600234,0.038624840458106,0.134577467412859
25297,0.041175122642068,0.611889744921354,0.0982987262166682,0.24863640621991
25298,0.718741883910246,0.060558750808301,0.0254957984241244,0.195203566857329
25299,0.53646113111283,0.087847804050287,0.231482014754616,0.144209050082266
25300,0.236614144922704,0.473294140770037,0.0411272296024966,0.248964484704762
25301,0.463638530469271,0.0399894532042366,0.110595599127664,0.385776417198829
25302,0.513217060275145,0.0480796836860877,0.0907509469067649,0.347952309132002
25303,0.0548090545170454,0.616498813368634,0.136025104891917,0.192667027222403
25304,0.0252311798239719,0.0714018464944941,0.612454565004678,0.290912408676856
25305,0.736760901752117,0.0594758806557486,0.058149073699081,0.145614143893054
25306,0.14259303490089,0.333481383480661,0.0308893574997721,0.493036224118677
25307,0.0459766425821999,0.222528583095104,0.0732868269470521,0.658207947375644
25308,0.115213089118202,0.687524905163761,0.0330794327495063,0.164182572968531
25309,0.207399949653648,0.23263499629979,0.317212899547394,0.242752154499169
25310,0.350139437872079,0.407804210855003,0.0835959250799272,0.158460426192991
25311,0.372879380142632,0.277584044946462,0.250627224234552,0.0989093506763544
25312,0.232256375309219,0.158773355037739,0.518641176332131,0.0903290933209109
25313,0.298805827152163,0.226321513872074,0.286436431473156,0.188436227502607
25314,0.433612823809001,0.208677419003873,0.0943241590057602,0.263385598181366
25315,0.491930201537246,0.22255414133541,0.20234416282542,0.0831714943019235
25316,0.311721433321322,0.221503520962685,0.192569664884139,0.274205380831855
25317,0.252662797161468,0.251299398066707,0.294697626773032,0.201340177998793
25318,0.448339728968677,0.231561395014145,0.181260623224557,0.138838252792621
25319,0.296347052309432,0.511290631696733,0.0834015482294156,0.108960767764419
25320,0.144449025110262,0.179043809145421,0.449830586068611,0.226676579675707
25321,0.102675592747132,0.223090152022294,0.481562081955448,0.192672173275127
25322,0.31120409903895,0.165457834520065,0.421524376535552,0.101813689905433
25323,0.411823360245461,0.11785785814741,0.302674197515587,0.167644584091541
25324,0.248037132868318,0.410092201525504,0.130286795502586,0.211583870103591
25325,0.244395933696887,0.463612913211729,0.0628784516895601,0.229112701401824
25326,0.160175263997401,0.109040863514617,0.363606975390985,0.367176897096997
25327,0.111934267785774,0.420044618635738,0.17127028342209,0.296750830156398
25328,0.144354491312032,0.0541538063290928,0.61222482105934,0.189266881299535
25329,0.345211872930494,0.0466964635127152,0.140004100130382,0.46808756342641
25330,0.0467812510840074,0.214560501201209,0.445437207185736,0.293221040529049
25331,0.199634544542064,0.500526101206211,0.0267217187249701,0.273117635526755
25332,0.267691069842383,0.203984337545422,0.0348745813668422,0.493450011245353
25333,0.0967975777896233,0.295898256807343,0.0579071284578525,0.549397036945182
25334,0.295653014402902,0.376127980640091,0.0186937965878851,0.309525208369122
25335,0.0324099933372156,0.303680110636258,0.163507997373482,0.500401898653044
25336,0.0467015238590653,0.248732066370699,0.481681888900683,0.222884520869553
25337,0.0503730547741048,0.0305984640036009,0.404581109037748,0.514447372184547
25338,0.078173539214,0.0663533787817001,0.538819458294817,0.316653623709483
25339,0.397088280725394,0.0335980745562363,0.323252562540336,0.246061082178033
25340,0.0761144788912179,0.667545356160955,0.0571559779095319,0.199184187038295
25341,0.0303903482246373,0.697293139840953,0.0543035964404468,0.218012915493963
25342,0.0351975141449306,0.199275817484397,0.547972461925966,0.217554206444707
25343,0.159809314447353,0.464991550108995,0.287953353601076,0.0872457818425758
25344,0.185390119710175,0.0840836563790145,0.418798479844394,0.311727744066417
25345,0.0738678980422621,0.256327823987114,0.301391415609513,0.368412862361111
25346,0.322092737368604,0.0246845743460809,0.197692574536485,0.45553011374883
25347,0.544870781057168,0.230433932973459,0.0902278258450076,0.134467460124365
25348,0.447197850382013,0.141192292585432,0.148854350887937,0.262755506144619
25349,0.112909657858294,0.16605695450809,0.597190710031742,0.123842677601873
25350,0.567875082923215,0.193688551147201,0.0849692821890069,0.153467083740577
25351,0.247067820067077,0.124349128429521,0.35586624078549,0.272716810717912
25352,0.372989414071305,0.0978844659537023,0.0831868875979965,0.445939232376996
25353,0.175591062888454,0.0800380470212134,0.32031368243573,0.424057207654603
25354,0.589617880568219,0.0824096950726311,0.236491768296541,0.0914806560626086
25355,0.0810130950094325,0.470859813681711,0.0591012581705247,0.389025833138332
25356,0.0755208096189107,0.205268102855386,0.110492170701529,0.608718916824174
25357,0.150464899435345,0.408361805142711,0.321270245216407,0.119903050205537
25358,0.376592240710849,0.163806895620215,0.259524916833467,0.200075946835469
25359,0.446947572469721,0.0673401617338754,0.383404952739247,0.102307313057156
25360,0.104086196046211,0.1312013195381,0.449747987318368,0.314964497097321
25361,0.359249944401637,0.0926171461254478,0.369518612109544,0.178614297363371
25362,0.0612284852956899,0.0589596267353442,0.626025354626676,0.25378653334229
25363,0.104951849193587,0.148013663001214,0.239125118348336,0.507909369456863
25364,0.0776897573344205,0.0684128984817735,0.604207032672638,0.249690311511168
25365,0.357839501412341,0.0329048910615296,0.11175152842588,0.497504079100249
25366,0.208984964877553,0.322286980493019,0.307066520561868,0.16166153406756
25367,0.125845418294866,0.417270951822942,0.337984908585265,0.118898721296928
25368,0.316550649046636,0.500992583557989,0.117600419154359,0.0648563482410165
25369,0.304306329335219,0.211164114885686,0.371807776004442,0.112721779774653
25370,0.248532058934948,0.245229319713433,0.363668400691432,0.142570220660187
25371,0.193465700896526,0.557343581147888,0.161148378701914,0.0880423392536712
25372,0.496360385876375,0.0802500724778701,0.343286325785153,0.0801032158606021
25373,0.161672985774872,0.366568244635734,0.331734465376052,0.140024304213342
25374,0.140579313461215,0.358303446440892,0.410468975653499,0.0906482644443941
25375,0.2609563715564,0.471864566509546,0.152216819039474,0.11496224289458
25376,0.235153309171707,0.217774300467002,0.388646549940149,0.158425840421142
25377,0.206925364182562,0.367211759563302,0.303937947003123,0.121924929251014
25378,0.310615605245875,0.204573506660452,0.378991903252896,0.105818984840777
25379,0.291304292303176,0.434535912559709,0.180073311400704,0.0940864837364117
25380,0.243225532139373,0.385709416961123,0.220927544335309,0.150137506564195
25381,0.182070354923775,0.362134822271443,0.154067562746819,0.301727260057963
25382,0.463444338223859,0.16090200234523,0.218722408566127,0.156931250864784
25383,0.093531049660353,0.590515585152627,0.22512478312497,0.0908285820620505
25384,0.20521624083652,0.249405684752234,0.378066111054813,0.167311963356433
25385,0.138896403548817,0.152755185901623,0.553506661323577,0.154841749225983
25386,0.374730018833693,0.248098480757801,0.164687970605173,0.212483529803333
25387,0.371706146832978,0.1718860944073,0.232922653573911,0.223485105185812
25388,0.262923967973661,0.320744175830359,0.291691021090601,0.12464083510538
25389,0.249823009387188,0.283856584501785,0.250361118855005,0.215959287256022
25390,0.187957536998501,0.242480121815381,0.45640876342751,0.113153577758609
25391,0.184143358781305,0.285390372811471,0.30642541830516,0.224040850102064
25392,0.263686945072461,0.142573895145656,0.423963357267557,0.169775802514326
25393,0.126776554823386,0.42239793351466,0.257291411923789,0.193534099738165
25394,0.188970845449501,0.23513640253228,0.500013308637668,0.0758794433805504
25395,0.137964642961894,0.255927902434689,0.34280326440692,0.263304190196497
25396,0.165967714376022,0.480145867298757,0.211382464550492,0.142503953774729
25397,0.145090893063751,0.233982063413942,0.476792663771429,0.144134379750878
25398,0.227469123517016,0.158140631103054,0.352632069457734,0.261758175922196
25399,0.212452924925753,0.249429343751897,0.253129749474292,0.284987981848058
25400,0.109469548031081,0.322848803481624,0.330952267409763,0.236729381077533
25401,0.281249477284553,0.218206455770781,0.254836541215219,0.245707525729447
25402,0.367061056878221,0.132673439304288,0.221143283420221,0.27912222039727
25403,0.156463542545624,0.312217331801173,0.344553969544889,0.186765156108314
25404,0.393934776321285,0.238920878559628,0.197560455312901,0.169583889806187
25405,0.44865562231141,0.272269603561966,0.193386436507207,0.0856883376194166
25406,0.164484545678225,0.358242377027938,0.259094024369932,0.218179052923904
25407,0.21640384751273,0.123879520831421,0.46369184985522,0.196024781800629
25408,0.255226454596365,0.422595925306498,0.115930569871598,0.206247050225538
25409,0.236393280433492,0.119081058751479,0.558220855100702,0.0863048057143273
25410,0.041395197784657,0.32751742509881,0.49436639798768,0.136720979128854
25411,0.209683489098887,0.207169828645344,0.170786899072113,0.412359783183655
25412,0.606422488595459,0.174010031208541,0.112197566285476,0.107369913910524
25413,0.728260635967977,0.110158477109652,0.105037205425319,0.0565436814970516
25414,0.108836042048676,0.104136496636348,0.674691011923437,0.112336449391539
25415,0.0768859213395452,0.235667738394772,0.423294137105124,0.264152203160559
25416,0.212297891726385,0.298512816363197,0.313616439050315,0.175572852860104
25417,0.0936092555710108,0.197922859041312,0.639890700629293,0.068577184758384
25418,0.0571572904503896,0.658962217665513,0.0929817895062024,0.190898702377895
25419,0.139806451593908,0.300309182794599,0.502734375394804,0.0571499902166889
25420,0.101760813051427,0.387193782381025,0.220118020294376,0.290927384273172
25421,0.431786717738068,0.288794992029839,0.220771046800551,0.0586472434315425
25422,0.373940102538348,0.139668135613238,0.064128438540146,0.422263323308268
25423,0.409391819756358,0.0772539753923747,0.317073762719098,0.19628044213217
25424,0.162841408713354,0.167108475246987,0.492692997532827,0.177357118506831
25425,0.167045157859929,0.104766071606164,0.508038569306098,0.220150201227809
25426,0.218595870707739,0.529966885850674,0.0640222485503719,0.187414994891215
25427,0.128704862653559,0.248104877199004,0.336498500727322,0.286691759420115
25428,0.0784635161292687,0.0423625543579621,0.584014857948364,0.295159071564405
25429,0.336334978384506,0.0675093936837884,0.313917469957455,0.282238157974251
25430,0.540248923048331,0.0803301016772821,0.215097621414579,0.164323353859808
25431,0.0708391513569504,0.587850413386595,0.176337891061832,0.164972544194623
25432,0.236682279795251,0.119799293561811,0.265043114729979,0.37847531191296
25433,0.0432652401940382,0.0694091833733111,0.550086023977101,0.33723955245555
25434,0.376580832769909,0.0923243695164512,0.260756290586378,0.270338507127262
25435,0.398003900933995,0.323330064454086,0.101874344911336,0.176791689700583
25436,0.0949746429065815,0.592686294444647,0.0305251489911767,0.281813913657595
25437,0.429065487763087,0.260416179215565,0.113860085643693,0.196658247377654
25438,0.200152447250907,0.197544937893627,0.447416747780846,0.15488586707462
25439,0.124680492027479,0.0598197404001775,0.502721497168848,0.312778270403495
25440,0.0593369342200581,0.0455873933315026,0.622136543472404,0.272939128976035
25441,0.359683458175405,0.211575035478728,0.143550047979009,0.285191458366858
25442,0.120448128277584,0.126927620561196,0.61557651989542,0.1370477312658
25443,0.40834261231758,0.242117839109825,0.169871673082825,0.17966787548977
25444,0.107763894081508,0.27494053439353,0.39250492501311,0.224790646511851
25445,0.181730358960916,0.530799972523232,0.134715932026317,0.152753736489535
25446,0.409705450529316,0.24681002189813,0.130915146608663,0.212569380963892
25447,0.210062533552804,0.383940565531839,0.147122757110394,0.258874143804963
25448,0.318160579889788,0.379379443374727,0.0922620851952434,0.210197891540242
25449,0.123283195057184,0.444208498695415,0.16840978470631,0.264098521541091
25450,0.514789371165705,0.222804534558503,0.169192521810443,0.0932135724653481
25451,0.275433337456293,0.476668256390945,0.174218048013824,0.0736803581389377
25452,0.550144972410925,0.23646692681461,0.0567665320978329,0.156621568676632
25453,0.120245922259486,0.167277318867988,0.256756282569058,0.455720476303468
25454,0.305222304774287,0.152405813301045,0.382479783044914,0.159892098879754
25455,0.338708812311737,0.184940665576072,0.159418619399065,0.316931902713126
25456,0.182340129779274,0.183308340842899,0.258149435460195,0.376202093917632
25457,0.108591729887912,0.168059201077899,0.553592668793331,0.169756400240858
25458,0.520403757601243,0.17819949118245,0.145737025497442,0.155659725718865
25459,0.704542050068775,0.0809466257600353,0.146433355191218,0.0680779689799712
25460,0.0892257668991311,0.230085604873348,0.563742429888411,0.11694619833911
25461,0.0499682483824676,0.0973948761048965,0.456072734779568,0.396564140733068
25462,0.151360489798415,0.386970915941982,0.0452501950153094,0.416418399244295
25463,0.386023465078271,0.079852857552745,0.199858446725972,0.334265230643012
25464,0.0296754499824493,0.489498175431935,0.180816914649394,0.300009459936222
25465,0.714552790807403,0.135591905787613,0.0619789416414788,0.0878763617635045
25466,0.0820581728397195,0.149190187202515,0.646909600602683,0.121842039355083
25467,0.176407020599996,0.213327862149308,0.0689168095226949,0.541348307728001
25468,0.105270819444851,0.364294213655501,0.219853772130162,0.310581194769486
25469,0.146036510098602,0.535902365514788,0.0410273215688642,0.277033802817745
25470,0.103563739767382,0.143910670154243,0.622933542830122,0.129592047248254
25471,0.0365142421033964,0.401018550030238,0.0379712186789274,0.524495989187439
25472,0.141627787835041,0.163150894195579,0.157684544644084,0.537536773325297
25473,0.360326082370501,0.114697263032153,0.227286853557901,0.297689801039446
25474,0.151519075559921,0.512093040711401,0.0345846583970868,0.301803225331591
25475,0.0813665851086815,0.569470124125418,0.0896765547616819,0.259486736004218
25476,0.219660602195419,0.359280139965723,0.0207679090419053,0.400291348796952
25477,0.105731658428526,0.105693472111396,0.298213938323706,0.490360931136373
25478,0.0624780908025733,0.308437943592814,0.0284422602741769,0.600641705330436
25479,0.0228920178712674,0.0222718724672548,0.80688967707691,0.147946432584568
25480,0.263801158435271,0.128710835592797,0.313151093487341,0.294336912484591
25481,0.203733519012014,0.551034936012039,0.0933514766350471,0.1518800683409
25482,0.305375985958192,0.245631040508011,0.305629465470049,0.143363508063748
25483,0.204588585691801,0.353764508024908,0.326018708434991,0.1156281978483
25484,0.205932196115134,0.122784227679677,0.320584323059879,0.350699253145311
25485,0.458578102237117,0.244187691655675,0.147614477408372,0.149619728698837
25486,0.178639830182696,0.238792153193219,0.403058397081412,0.179509619542673
25487,0.234115355606655,0.193063151371053,0.166216262426291,0.406605230596
25488,0.251577583076004,0.169448795566519,0.194534209784605,0.384439411572872
25489,0.246268104721118,0.321890267556702,0.205396306540224,0.226445321181956
25490,0.1621710229752,0.173001563415941,0.537384404273267,0.127443009335593
25491,0.131638564266394,0.318179477340177,0.142273778586864,0.407908179806565
25492,0.394474297760721,0.210000322612837,0.242585638000261,0.152939741626181
25493,0.101575762657655,0.103704495705596,0.37744888537068,0.417270856266069
25494,0.348224047486819,0.337417883196944,0.100206003065412,0.214152066250824
25495,0.396256952270211,0.123101388067021,0.245020678149385,0.235620981513383
25496,0.0886261033815344,0.21089656838031,0.599330336407857,0.101146991830299
25497,0.105524740775369,0.105360957045383,0.656485993130106,0.132628309049142
25498,0.546553031468463,0.102841894830017,0.117222858787645,0.233382214913876
25499,0.156557901746708,0.153730971318936,0.461002402901063,0.228708724033294
25500,0.545368410534456,0.100558445771821,0.206303665480876,0.147769478212848
25501,0.152232439388305,0.366238333664554,0.264432034175369,0.217097192771773
25502,0.361402431081506,0.114413152174872,0.373102564999058,0.151081851744564
25503,0.105425004395359,0.126034159474269,0.513101648806987,0.255439187323384
25504,0.225461457841501,0.557510742736348,0.0863819382939221,0.130645861128229
25505,0.165131217950246,0.337533607585481,0.236875175713057,0.260459998751216
25506,0.167843907949493,0.157057399365023,0.389755731814849,0.285342960870635
25507,0.126445976325927,0.249184968396736,0.0973976116610508,0.526971443616286
25508,0.0549810149339634,0.595263563475297,0.249745392574192,0.100010029016548
25509,0.405546159910715,0.108273516358563,0.214413144581989,0.271767179148732
25510,0.199656751055579,0.172793791310999,0.30362802236512,0.323921435268302
25511,0.527486728207747,0.0869932355442134,0.107192652981796,0.278327383266243
25512,0.405467717952106,0.140233118758876,0.225107852638596,0.229191310650422
25513,0.0987236957943917,0.193506744583855,0.141729657143419,0.566039902478334
25514,0.139093580285277,0.227313127770136,0.369988069642042,0.263605222302545
25515,0.0693200139143688,0.404042892456323,0.09095321442164,0.435683879207668
25516,0.108304968939475,0.522809801470764,0.0545394579323641,0.314345771657397
25517,0.266462011724406,0.177454943193028,0.13861922363914,0.417463821443426
25518,0.359699616938562,0.269291514914232,0.236852253993176,0.134156614154029
25519,0.203036462705562,0.446021952527585,0.230842844412425,0.120098740354428
25520,0.193564460574769,0.32346207946468,0.384028045067453,0.0989454148930984
25521,0.327393510656412,0.341141994480629,0.112404295802262,0.219060199060697
25522,0.112841925470153,0.562808836454625,0.129830671524266,0.194518566550956
25523,0.630144968796467,0.101492640187271,0.105704400824284,0.162657990191977
25524,0.179057042654186,0.268312584610547,0.342372456181141,0.210257916554125
25525,0.452701282998776,0.198629088912854,0.111781271982298,0.236888356106072
25526,0.23217775784381,0.522997548163284,0.0858644328438775,0.158960261149028
25527,0.379454535437499,0.230386181964019,0.173212518799992,0.216946763798491
25528,0.464226154785453,0.107680270116151,0.290070435585931,0.138023139512466
25529,0.44838526332516,0.133444616500111,0.238099362417649,0.180070757757079
25530,0.169788418924886,0.518112441833107,0.108733295341171,0.203365843900835
25531,0.0449536009321806,0.192595287924973,0.693138007642463,0.0693131035003835
25532,0.140665595373567,0.518414680724467,0.222847847710375,0.118071876191592
25533,0.307548078164122,0.117965961366978,0.445603713250165,0.128882247218735
25534,0.0749202628735463,0.572601390537594,0.156253554032902,0.196224792555958
25535,0.279604725715179,0.428479014748223,0.0574499245384766,0.234466334998122
25536,0.059796164119585,0.351867277128681,0.39470668176564,0.193629876986094
25537,0.109102733990714,0.204529874856162,0.335639544803174,0.35072784634995
25538,0.469725931909894,0.134077389515075,0.204949975357024,0.191246703218008
25539,0.500414582225561,0.210750483743779,0.180295872415395,0.108539061615265
25540,0.0985073151222838,0.114230564243932,0.66535879972264,0.121903320911144
25541,0.422443151490868,0.29493255532698,0.194272601657703,0.0883516915244496
25542,0.127339524630271,0.448860459080666,0.112032362775252,0.311767653513811
25543,0.284191354326977,0.133486528484846,0.379897220707766,0.202424896480412
25544,0.301695785551649,0.408247883920635,0.0332914579123389,0.256764872615377
25545,0.336714183191611,0.147369494867322,0.291286453232327,0.22462986870874
25546,0.27992076643901,0.516501042923886,0.0693123886399622,0.134265801997142
25547,0.106311393999089,0.207951288761336,0.534356716718088,0.151380600521487
25548,0.141033464165618,0.188326346115311,0.303685517843304,0.366954671875767
25549,0.0897217093092398,0.0780690204277868,0.480773426782271,0.351435843480702
25550,0.188248457799344,0.0819933601144102,0.0800834615568126,0.649674720529433
25551,0.186329068359082,0.128225736917002,0.148420880640101,0.537024314083815
25552,0.144344092335259,0.381178076836668,0.171455893235061,0.303021937593011
25553,0.109997331517928,0.57503376325505,0.147423448897159,0.167545456329862
25554,0.0558752212338404,0.643880142053999,0.103783882953797,0.196460753758364
25555,0.429595721718814,0.105125084256135,0.0447562526667856,0.420522941358266
25556,0.222498868065334,0.574020908078751,0.127828768750834,0.0756514551050816
25557,0.39164179458225,0.346382737707237,0.175263811522134,0.0867116561883796
25558,0.542631492786272,0.147703226619293,0.117666221410807,0.191999059183628
25559,0.642269272874024,0.126705548782772,0.168141252573081,0.0628839257701236
25560,0.334392894913693,0.412525813171931,0.0906992746882111,0.162382017226164
25561,0.172690649038705,0.486797822034914,0.126338831487193,0.214172697439188
25562,0.197663609140196,0.19734673105359,0.384105455395805,0.220884204410409
25563,0.489628899031988,0.174247771901712,0.228014078509444,0.108109250556856
25564,0.076249993684791,0.157715529171212,0.660577937026762,0.105456540117235
25565,0.387609107789016,0.0547495010202297,0.250471075479122,0.307170315711632
25566,0.0811255053336291,0.426617177374944,0.119779290171078,0.372478027120349
25567,0.0436812516579449,0.451699029489259,0.289156251932217,0.215463466920579
25568,0.52061076506617,0.274109205048504,0.138022423717085,0.0672576061682408
25569,0.421498837558363,0.15542791582893,0.352935597406864,0.0701376492058431
25570,0.355739519384224,0.123615963322253,0.288958574786897,0.231685942506626
25571,0.227816328403673,0.122974694065274,0.126749372053971,0.522459605477082
25572,0.597658563210907,0.0732296543564761,0.125702215292102,0.203409567140514
25573,0.137386939548547,0.702870910317867,0.0868225357031279,0.0729196144304579
25574,0.120386918040723,0.0665382228129066,0.511615370301764,0.301459488844606
25575,0.439691738799103,0.137107953157465,0.344694908877232,0.0785053991661999
25576,0.364838160446073,0.175243984989844,0.332016317499677,0.127901537064406
25577,0.453807077825248,0.116345432265819,0.241381423744541,0.188466066164393
25578,0.419363072681277,0.327755816511771,0.102466850461001,0.15041426034595
25579,0.615461821292733,0.176016330838637,0.0991534269310477,0.109368420937582
25580,0.266604413066356,0.380159110695539,0.169546661971606,0.183689814266499
25581,0.484538305926827,0.20098816142844,0.0779370611601128,0.236536471484621
25582,0.120454582054753,0.189924412662479,0.154561068651042,0.535059936631725
25583,0.524725702076536,0.0767182004767297,0.32593087712486,0.0726252203218744
25584,0.273914004157496,0.305022482664557,0.131267852022976,0.289795661154971
25585,0.154894040875872,0.354060187611502,0.107292578445335,0.383753193067292
25586,0.113208907860362,0.213123127044753,0.618890042641971,0.0547779224529155
25587,0.649744078851802,0.159676805349413,0.104769171690285,0.0858099441085007
25588,0.255393504478128,0.154906528962845,0.215851570272129,0.373848396286899
25589,0.542076226042407,0.233638176523036,0.107384978926201,0.116900618508356
25590,0.17524194513021,0.24316231150096,0.0820947943566555,0.499500949012174
25591,0.16582047101813,0.390119498992383,0.109977846038461,0.334082183951026
25592,0.356429864960354,0.508707917218078,0.0341594765955937,0.100702741225974
25593,0.18244572881577,0.451562406573957,0.198857042789901,0.167134821820373
25594,0.305730540523603,0.328607500480088,0.190011355889574,0.175650603106735
25595,0.369304138256656,0.379290694879935,0.119150147075604,0.132255019787806
25596,0.0643527047143819,0.0339928268563823,0.762998972844689,0.138655495584546
25597,0.398791637227525,0.163434810394661,0.110781360052133,0.326992192325681
25598,0.2708091292501,0.359955875019282,0.125330778812623,0.243904216917996
25599,0.18827548382209,0.102923095486858,0.509465690916364,0.199335729774689
25600,0.128860880367583,0.0979119800058983,0.625652257446199,0.14757488218032
25601,0.538686864833771,0.0481944117361938,0.330152851691258,0.082965871738777
25602,0.250493638353787,0.0597114817182739,0.153869776624595,0.535925103303345
25603,0.647247279266528,0.159834102323047,0.102468906011213,0.0904497123992116
25604,0.0770239578400627,0.734948077973884,0.147627347420842,0.0404006167652111
25605,0.0486980091133105,0.0528177164943524,0.222337976252313,0.676146298140024
25606,0.0738418426017389,0.744951341377222,0.0961079747102356,0.0850988413108031
25607,0.41715433727572,0.273038389572841,0.0696122902377845,0.240194982913655
25608,0.0749334209575751,0.227802779391676,0.21709000800673,0.48017379164402
25609,0.722247916310463,0.089628588853311,0.0604564763980518,0.127667018438175
25610,0.278819901838016,0.103133089840998,0.123363049058623,0.494683959262364
25611,0.0915400704928177,0.248632754998567,0.470723014675099,0.189104159833516
25612,0.0923987565169197,0.198628075749584,0.623165517182714,0.0858076505507823
25613,0.425087457513983,0.17502759997656,0.270796943751562,0.129087998757895
25614,0.373655807940978,0.252490613889039,0.192917280500411,0.180936297669572
25615,0.226134793241904,0.435319171627366,0.230964373718596,0.107581661412134
25616,0.121174007203673,0.378848469854881,0.311419247928633,0.188558275012814
25617,0.516002331096559,0.136349185772819,0.277641537198129,0.0700069459324926
25618,0.150068051890593,0.219693924793441,0.530536216498677,0.0997018068172888
25619,0.196742311252036,0.0804690195887602,0.546573368895318,0.176215300263886
25620,0.184627749978614,0.095236976461579,0.495786322549185,0.224348951010622
25621,0.167371301426868,0.0647738637346052,0.656672005287935,0.111182829550591
25622,0.280854015918429,0.168839364045956,0.368478194617552,0.181828425418063
25623,0.178716331469097,0.486214235642774,0.151314201361045,0.183755231527084
25624,0.290561963700625,0.21064443960192,0.261738939928382,0.237054656769074
25625,0.144028216334896,0.231108949636882,0.244977470775231,0.379885363252991
25626,0.216289847434749,0.503666025055984,0.118487318870916,0.161556808638351
25627,0.268632498156522,0.345185458537845,0.184463418253438,0.201718625052195
25628,0.122313724532589,0.416914898188744,0.276806702308469,0.183964674970199
25629,0.295832940262896,0.403605597542319,0.227683240937631,0.0728782212571542
25630,0.233804821143829,0.515676430753794,0.0741363920658789,0.176382356036497
25631,0.178972865101155,0.197284537380027,0.419359468332702,0.204383129186116
25632,0.178663888444048,0.437010383684501,0.282716883395465,0.101608844475986
25633,0.0790035871561695,0.238720639556446,0.35086144099014,0.331414332297245
25634,0.501791471333819,0.158419202610561,0.163232588606785,0.176556737448835
25635,0.645890280637847,0.115306513696818,0.0568534999012187,0.181949705764117
25636,0.355532598378891,0.195230207065893,0.190424652492896,0.258812542062321
25637,0.323416841432658,0.173884259576892,0.249485894135397,0.253213004855053
25638,0.250318657811421,0.218638907806145,0.0632749678174832,0.467767466564951
25639,0.186298925755064,0.51183764697452,0.0952716051610989,0.206591822109317
25640,0.265949714295886,0.0845182869939072,0.238749924353704,0.410782074356503
25641,0.226258998002043,0.269749679156021,0.308985247389854,0.195006075452082
25642,0.0252508150948196,0.613482025448254,0.124313635165033,0.236953524291894
25643,0.17045613022051,0.641354828490952,0.061798015685078,0.126391025603461
25644,0.647114212908342,0.0639105979809691,0.10439690096397,0.184578288146719
25645,0.0470736070322976,0.795434146002623,0.0590672874182113,0.098424959546868
25646,0.180636158599258,0.0677216341193781,0.651196714671984,0.10044549260938
25647,0.132262674206772,0.13088349426194,0.388218491390581,0.348635340140708
25648,0.19975918157971,0.0819176636277606,0.378151041141666,0.340172113650864
25649,0.168242683647942,0.59912002934389,0.102072778188162,0.130564508820006
25650,0.0503508347458451,0.0621108504000682,0.566437209636017,0.32110110521807
25651,0.427270847234126,0.330624933624671,0.163250562189391,0.0788536569518114
25652,0.422901630902547,0.187844683682601,0.0859956549013425,0.30325803051351
25653,0.234527387028343,0.296781493632265,0.260323908603241,0.208367210736152
25654,0.0968650834022356,0.456416740451539,0.231065936424373,0.215652239721852
25655,0.0975401902269743,0.0955900713656946,0.625054300801591,0.181815437605741
25656,0.389422254582082,0.231589074001339,0.0960889108702277,0.282899760546351
25657,0.161866987462632,0.452197043644848,0.224166174558123,0.161769794334398
25658,0.239259033275558,0.551433113331643,0.0680564223458122,0.141251431046987
25659,0.618811486319764,0.12480203540313,0.143654952210866,0.11273152606624
25660,0.0982605741628524,0.646845802282814,0.140437004532412,0.114456619021922
25661,0.11557963654865,0.0493152946765443,0.281196797279524,0.553908271495282
25662,0.28730278185327,0.431121075590865,0.0321553192698466,0.249420823286018
25663,0.120169593244258,0.0928249392291816,0.201194708823998,0.585810758702563
25664,0.0645494802338462,0.510132825208813,0.202934869247984,0.222382825309357
25665,0.0490345493314379,0.259359397262272,0.250169726850261,0.44143632655603
25666,0.103441975823885,0.170505175538411,0.153301703484996,0.572751145152709
25667,0.679660322996736,0.110667713801855,0.100061753731703,0.109610209469707
25668,0.181537684831726,0.156753489536548,0.0406878966691328,0.621020928962594
25669,0.0521355131293815,0.450858875140817,0.149170893037383,0.347834718692419
25670,0.467233114455889,0.262193980938045,0.189047374840401,0.0815255297656652
25671,0.217235107690981,0.430943853359162,0.283708439194109,0.0681125997557477
25672,0.0583949361971833,0.479003798207616,0.21421380366157,0.248387461933631
25673,0.0722789703642797,0.541888536122606,0.139980500726225,0.24585199278689
25674,0.402745697336799,0.230390800624325,0.176035596052301,0.190827905986576
25675,0.293804025840416,0.166192494688889,0.334822127204108,0.205181352266587
25676,0.151496793541306,0.627838994908179,0.11734321430711,0.103320997243406
25677,0.492606993766495,0.28877144184374,0.0493453039976086,0.169276260392156
25678,0.149886667686081,0.364039965478553,0.291016109587038,0.195057257248327
25679,0.148633314644503,0.572149036101584,0.0677456390703746,0.211472010183538
25680,0.0700316646049399,0.669259401387078,0.169196373543729,0.091512560464253
25681,0.103923866249898,0.435004962193626,0.15904713213817,0.302024039418306
25682,0.205123728576904,0.236409745498661,0.164834412845142,0.393632113079293
25683,0.363348525969526,0.319304466623424,0.204296382383856,0.113050625023195
25684,0.0333300110033625,0.540955092903611,0.115402800964842,0.310312095128185
25685,0.0741409878009569,0.460020813010859,0.0897941143164505,0.376044084871734
25686,0.0786271279555826,0.321878782751597,0.276520660587227,0.322973428705593
25687,0.150377842790839,0.688329317170683,0.0628859240975111,0.0984069159409666
25688,0.144094129191719,0.383584378826738,0.364106693040312,0.108214798941231
25689,0.626374025308124,0.158385428001772,0.160989272840538,0.054251273849566
25690,0.159083475044705,0.531164615777899,0.246265816506209,0.0634860926711873
25691,0.18690979345585,0.182418672361335,0.584022566062725,0.0466489681200901
25692,0.4106247194594,0.280832067734465,0.126915312798837,0.181627900007298
25693,0.177565563991266,0.435369246686284,0.310059507067294,0.0770056822551562
25694,0.453080548422546,0.13420216615563,0.238293483118377,0.174423802303447
25695,0.408321928150463,0.31802361883777,0.148229331144249,0.125425121867518
25696,0.163970190486584,0.479443369461697,0.29256179010383,0.0640246499478894
25697,0.110031073807624,0.246546248750482,0.553016537338547,0.0904061401033476
25698,0.161968169365726,0.467860333354382,0.235734707200261,0.134436790079631
25699,0.257684480280723,0.185953404110092,0.394368011460839,0.161994104148345
25700,0.199962361244259,0.215116658037103,0.466326170055737,0.118594810662901
25701,0.197166575176867,0.602843368698153,0.128499337611351,0.0714907185136293
25702,0.13328595918616,0.354998690194688,0.413740368917924,0.0979749817012286
25703,0.217389398563379,0.468718305515567,0.144597374649627,0.169294921271427
25704,0.651240361795693,0.133497200454623,0.12796818315267,0.0872942545970144
25705,0.0930393201236127,0.256944788016553,0.535098656398035,0.1149172354618
25706,0.566915439166238,0.205132738867579,0.131144020994059,0.0968078009721249
25707,0.322142038487371,0.435665462633065,0.118019879697668,0.124172619181896
25708,0.382517222501936,0.0907492879822346,0.462997037248008,0.0637364522678207
25709,0.300497693020375,0.266209097296981,0.35864219236359,0.0746510173190539
25710,0.201950253096608,0.220037168348755,0.468144175987624,0.109868402567013
25711,0.404617001597313,0.165441843021819,0.345635938993937,0.0843052163869315
25712,0.401908553672082,0.279137621344901,0.178149849267494,0.140803975715523
25713,0.342846611424798,0.265535639571235,0.341054101248177,0.0505636477557897
25714,0.455049416394289,0.159857292190449,0.262342904108075,0.122750387307187
25715,0.328912297859111,0.309630235377677,0.302658064454019,0.0587994023091922
25716,0.252590652093223,0.237741371377433,0.374309508344332,0.135358468185012
25717,0.129360437962773,0.512219388701742,0.181541699861909,0.176878473473576
25718,0.478431894618298,0.156282068643258,0.141986057542273,0.223299979196171
25719,0.40919920253718,0.332698887281839,0.18710549139348,0.0709964187875008
25720,0.179563381657268,0.268582661188718,0.358414189700132,0.193439767453883
25721,0.271744228145279,0.160781688494534,0.487924521800987,0.0795495615591993
25722,0.194575450976039,0.276554383999813,0.0945451428277907,0.434325022196357
25723,0.142911302005522,0.182845350545896,0.566067815287662,0.10817553216092
25724,0.234643101653231,0.140799745374051,0.318362473395452,0.306194679577265
25725,0.227082329351112,0.280362645558668,0.416340467744929,0.0762145573452908
25726,0.281674664110597,0.290939028319629,0.218475245893539,0.208911061676235
25727,0.158566058681392,0.226477381661082,0.517014809197427,0.0979417504600982
25728,0.211848518581735,0.334839271778215,0.270722023812666,0.182590185827384
25729,0.295235298503247,0.240695260861826,0.375681694128993,0.088387746505934
25730,0.645300774990896,0.138602374996626,0.177693932668186,0.0384029173442917
25731,0.415856650671692,0.0662360658566033,0.385423481390195,0.13248380208151
25732,0.0952210843126934,0.104434815474832,0.746730699481901,0.0536134007305737
25733,0.284676074941985,0.263011983553456,0.225838785485726,0.226473156018833
25734,0.334388645756561,0.34200639254869,0.211994724013114,0.111610237681635
25735,0.15928214557573,0.25249199694585,0.445635782860945,0.142590074617475
25736,0.337936493257961,0.199671028637938,0.306527752167665,0.155864725936436
25737,0.20476070314715,0.649207276020648,0.0548461045687956,0.0911859162634061
25738,0.25965668843761,0.297241020079881,0.152144833899905,0.290957457582604
25739,0.147927276396676,0.121604537329795,0.544665518482242,0.185802667791286
25740,0.410931173694847,0.223136862602459,0.195224727218506,0.170707236484188
25741,0.426351242698822,0.373331820872773,0.040016847819354,0.16030008860905
25742,0.0735592769530334,0.639817297889262,0.151002100516172,0.135621324641533
25743,0.125225573606854,0.392910557226353,0.213320576238425,0.268543292928369
25744,0.490934522510666,0.292661913941092,0.0908457734368719,0.12555779011137
25745,0.178952469937071,0.490853003551035,0.213085548722695,0.117108977789199
25746,0.752270709496956,0.0803300350270224,0.129611378019953,0.0377878774560682
25747,0.584002163952416,0.204618787732873,0.108689060045001,0.10268998826971
25748,0.100763500193888,0.554964815351641,0.119590044458635,0.224681639995836
25749,0.532419841191824,0.191653249553019,0.123884911259823,0.152041997995334
25750,0.209818569175905,0.103088123964157,0.596451372849334,0.0906419340106043
25751,0.149762503976521,0.198689138323372,0.547868809072181,0.103679548627927
25752,0.242822783415797,0.130578905368657,0.207387147314468,0.419211163901077
25753,0.504836327183594,0.101141390672225,0.248958826057846,0.145063456086336
25754,0.666679140780931,0.0810629203454216,0.113501532888914,0.138756405984733
25755,0.219573361646446,0.0616283030436589,0.16881541594552,0.549982919364375
25756,0.252092029227778,0.618447997045638,0.0616100712366603,0.0678499024899237
25757,0.254210346329243,0.0896875489458289,0.10101861756236,0.555083487162568
25758,0.140389050790885,0.0609220747910936,0.336698027569063,0.461990846848959
25759,0.322437944257269,0.471835358831189,0.0742502245275354,0.131476472384007
25760,0.673368352457398,0.116479784079053,0.126649361536365,0.0835025019271844
25761,0.106175785922066,0.340709926241468,0.103212632200079,0.449901655636387
25762,0.141089159916408,0.500031257016181,0.116214693675221,0.24266488939219
25763,0.375449427358354,0.183651810552685,0.17802011211942,0.262878649969541
25764,0.318914452616296,0.075581895166659,0.213749704659512,0.391753947557533
25765,0.352654047978119,0.123312577190201,0.301612107267262,0.222421267564418
25766,0.114903821375074,0.565953482615148,0.200037239229647,0.119105456780132
25767,0.401422125968237,0.277610124677807,0.0837203731795738,0.237247376174382
25768,0.343753782615141,0.224513721736921,0.1188423577601,0.312890137887838
25769,0.478672915560418,0.260655605186343,0.13900213716176,0.121669342091479
25770,0.240044939622645,0.151218425362707,0.284709574049719,0.32402706096493
25771,0.0802490503812539,0.585946626308819,0.211777931419967,0.12202639188996
25772,0.117528556458171,0.343304326598074,0.167057250602379,0.372109866341376
25773,0.473791081775433,0.110188612413681,0.0616293305799415,0.354390975230945
25774,0.146585876761162,0.253780540572997,0.527463798404208,0.0721697842616327
25775,0.330126590711686,0.105594727912508,0.487105835819467,0.0771728455563393
25776,0.258601116572047,0.0671353956369238,0.212588527248808,0.461674960542222
25777,0.0892894844855214,0.139239393903687,0.681338197023954,0.0901329245868383
25778,0.251362458808137,0.496584007680768,0.0734741003995631,0.178579433111533
25779,0.234926417053239,0.325308921147445,0.0876726441760361,0.352092017623281
25780,0.0986168125530051,0.303147282179026,0.306436167595838,0.291799737672131
25781,0.437636356570855,0.235151188447986,0.0428513768509071,0.284361078130252
25782,0.0714256121651035,0.411415849667988,0.0183913304215223,0.498767207745386
25783,0.257274338387726,0.154747240838666,0.364722395382489,0.22325602539112
25784,0.298573015983404,0.285284585974908,0.267873384806816,0.148269013234871
25785,0.165641477559706,0.293422819372444,0.35300649437972,0.18792920868813
25786,0.334980842613238,0.28704330111078,0.229778462297395,0.148197393978586
25787,0.191183012576956,0.462111112818406,0.272449432058157,0.0742564425464809
25788,0.358981154661892,0.272738069231511,0.269651885964519,0.0986288901420786
25789,0.469449134467581,0.150983691359217,0.262486710415579,0.117080463757623
25790,0.344224121781136,0.366902497752769,0.109406321668618,0.179467058797478
25791,0.160190027719775,0.492965892796853,0.226228998118051,0.120615081365322
25792,0.311208303521199,0.178511054622341,0.367556364184995,0.142724277671465
25793,0.169404458906057,0.489049833124384,0.169742380645102,0.171803327324456
25794,0.387013499186421,0.260163190346061,0.158227771149767,0.194595539317751
25795,0.142143874556629,0.409817587092678,0.321403141960194,0.126635396390498
25796,0.244679762777893,0.158434567618759,0.497982297883289,0.0989033717200592
25797,0.212880590945843,0.436139734537891,0.152460170012117,0.198519504504149
25798,0.186809094536077,0.385549226329726,0.173422310214199,0.254219368919997
25799,0.274285307242765,0.121643060669355,0.486979405553162,0.117092226534718
25800,0.334167723230738,0.191980120012727,0.136292108671244,0.337560048085291
25801,0.195650791880353,0.31605856126773,0.219569620742872,0.268721026109045
25802,0.239137930472141,0.187263614020184,0.140899886563157,0.432698568944518
25803,0.557189724805966,0.218608452198191,0.0905581201773486,0.133643702818494
25804,0.161175298636155,0.18485652146124,0.505774070060054,0.148194109842551
25805,0.264636060321683,0.498103808942491,0.174636509255128,0.0626236214806987
25806,0.452763080271016,0.190971089354856,0.25411816547915,0.102147664894979
25807,0.13482877538146,0.630842206868427,0.11376570217645,0.120563315573663
25808,0.387837826865055,0.313459929175126,0.105279479250266,0.193422764709554
25809,0.0697022816009599,0.141100304046035,0.520179407190678,0.269018007162328
25810,0.244205164676166,0.117474292665142,0.445421971099755,0.192898571558937
25811,0.202711145541992,0.580842746837207,0.142438854898481,0.0740072527223197
25812,0.245927996876609,0.169271450232126,0.42020448779702,0.164596065094245
25813,0.643586855694583,0.163875731699186,0.105516137297918,0.0870212753083126
25814,0.133630679270953,0.389219249822187,0.182180434483744,0.294969636423116
25815,0.18016922413682,0.550960026443575,0.185936453520502,0.0829342958991039
25816,0.0606902303006866,0.503541278926084,0.247613432705097,0.188155058068133
25817,0.117196936561449,0.112527282237722,0.156101894779139,0.614173886421689
25818,0.110188065668274,0.464420712921045,0.26186473511531,0.163526486295371
25819,0.439881956033962,0.157544012831375,0.227545402998254,0.175028628136409
25820,0.101168582076897,0.120125515167238,0.318648901227478,0.460057001528387
25821,0.213329002711262,0.0693110693891702,0.521050121806861,0.196309806092706
25822,0.197705428098665,0.214227623143534,0.456733112130048,0.131333836627753
25823,0.318377386171199,0.266770047760865,0.223749369413196,0.19110319665474
25824,0.404397920926494,0.182818164819374,0.241107217281803,0.171676696972329
25825,0.0793471755519034,0.376192743132706,0.42278900255941,0.121671078755981
25826,0.257755859561273,0.363532167542482,0.205999606148887,0.172712366747358
25827,0.314011389603973,0.216467086587577,0.217412738837892,0.252108784970558
25828,0.275323612877106,0.502482113155328,0.108952560031635,0.113241713935931
25829,0.194175431896653,0.500671871077197,0.0981007074927584,0.207051989533391
25830,0.132770119841496,0.291454530230936,0.496906330850991,0.0788690190765769
25831,0.185327310618168,0.160808689087605,0.263589989059632,0.390274011234595
25832,0.104759178311446,0.397334161551103,0.258135576927771,0.239771083209679
25833,0.182221649419997,0.358997634090665,0.339702666553362,0.119078049935976
25834,0.432702575004833,0.17134566119311,0.237651785422495,0.158299978379562
25835,0.16284242698212,0.0991443320831813,0.439088510644164,0.298924730290534
25836,0.0860304495346087,0.166180381553103,0.515426863425811,0.232362305486477
25837,0.174629018852419,0.24399272502566,0.379237689789652,0.202140566332269
25838,0.217571304473882,0.451791039062202,0.0741442293180094,0.256493427145906
25839,0.562373366129976,0.230898569399183,0.0886724006743846,0.118055663796457
25840,0.0996493686309958,0.381893564930055,0.272334344432227,0.246122722006723
25841,0.189323281657983,0.150661241816681,0.412966425809632,0.247049050715704
25842,0.25699382078981,0.524244073127224,0.120883091204565,0.0978790148784008
25843,0.319504108935772,0.501275748726464,0.0965367518068335,0.0826833905309312
25844,0.581117098744277,0.0718888490348254,0.205967297747405,0.141026754473493
25845,0.143460473607313,0.350269771413558,0.422367143279836,0.0839026116992934
25846,0.343485232103826,0.147663220602467,0.251316424890309,0.257535122403398
25847,0.482044185493767,0.0752070036029283,0.0936019942504811,0.349146816652824
25848,0.150852482002821,0.510318819340213,0.0903022086535889,0.248526490003377
25849,0.313933070409212,0.198822487101219,0.374252778453695,0.112991664035874
25850,0.171996228284869,0.333419735293457,0.349635392186238,0.144948644235436
25851,0.679909040877676,0.156224436839951,0.0792071167603859,0.0846594055219869
25852,0.20524058249447,0.275345483004135,0.241487399333544,0.277926535167851
25853,0.099034549182524,0.332095241990224,0.437931476947792,0.130938731879459
25854,0.377291781538421,0.181319086330064,0.0638634809656472,0.377525651165869
25855,0.508479548852566,0.099639248945209,0.163583754202263,0.228297447999962
25856,0.552767740813646,0.199823224552045,0.0580115420705784,0.18939749256373
25857,0.049339600268424,0.119403558512481,0.235623437179088,0.595633404040007
25858,0.110377144901078,0.388402446443881,0.155106594987945,0.346113813667096
25859,0.167953247099776,0.085482338935301,0.274363944797932,0.472200469166991
25860,0.397439089097347,0.145241326655987,0.164354555566582,0.292965028680084
25861,0.171826012079271,0.163920178869149,0.48328948800564,0.18096432104594
25862,0.238246922074879,0.0872329379846332,0.497371748835944,0.177148391104544
25863,0.083821783000742,0.0638478819461974,0.771282957245064,0.0810473778079967
25864,0.580428951439898,0.131786327153289,0.0964239261886369,0.191360795218176
25865,0.0870588625848288,0.312488797263292,0.497944142483961,0.102508197667918
25866,0.151923955601464,0.174858958142272,0.46471410953777,0.208502976718493
25867,0.144558283851696,0.43419916291957,0.186921528963052,0.234321024265682
25868,0.189929244688117,0.373675336526179,0.0878044249866329,0.348590993799072
25869,0.0378328718323681,0.327111624315494,0.280501531104483,0.354553972747654
25870,0.107859866921315,0.0646106838196139,0.279671424197859,0.547858025061212
25871,0.0325606437853466,0.192700072712346,0.666990830856943,0.107748452645364
25872,0.0559043465671124,0.156341716595616,0.64285226593376,0.144901670903511
25873,0.0482386115819224,0.151823704505494,0.181391283551406,0.618546400361177
25874,0.567487711710223,0.0583204816162239,0.222094495618291,0.152097311055263
25875,0.147309567514254,0.169010414080341,0.450814708131797,0.232865310273608
25876,0.561137872873743,0.0292498059325917,0.122622734012505,0.28698958718116
25877,0.562291356317194,0.0602607468472021,0.116519695936409,0.260928200899195
25878,0.293597206864538,0.0989742060994034,0.172953142478288,0.434475444557771
25879,0.164492820973427,0.542457489180585,0.130230878199095,0.162818811646893
25880,0.198856754640469,0.608164104535645,0.141274358216915,0.0517047826069715
25881,0.351927577866837,0.392789896831136,0.205374395865847,0.0499081294361801
25882,0.280401878729764,0.363609351816621,0.247857213988018,0.108131555465597
25883,0.616309726198596,0.183832142272232,0.111316421534275,0.088541709994897
25884,0.192086649753855,0.412322572593721,0.30570149507815,0.0898892825742736
25885,0.292365245507718,0.157683355609157,0.207257745080162,0.342693653802963
25886,0.0864727384257595,0.641302163938199,0.20074384365875,0.0714812539772923
25887,0.378701320018748,0.173126936567851,0.282816517419576,0.165355225993826
25888,0.475972668689842,0.175650199067259,0.203304152108153,0.145072980134747
25889,0.196144013003262,0.254046120349665,0.371299105073123,0.17851076157395
25890,0.57198430976803,0.172721590029762,0.113559926668973,0.141734173533235
25891,0.18772067892012,0.12842435567045,0.619697774379923,0.0641571910295074
25892,0.246050655662189,0.258261342854782,0.268494346431141,0.227193655051888
25893,0.323658534890175,0.388728740213846,0.13270904105179,0.154903683844189
25894,0.506976237171054,0.322350589834668,0.0577928371648933,0.112880335829385
25895,0.39970786771984,0.131181499309368,0.246399708554131,0.222710924416662
25896,0.149063740708062,0.238941288761804,0.498455643300474,0.11353932722966
25897,0.145480592776613,0.525871381550727,0.217438832915781,0.111209192756879
25898,0.247524657137534,0.467551012954585,0.238339935705866,0.0465843942020149
25899,0.10120314713951,0.606498973523559,0.13088100176575,0.161416877571182
25900,0.14394632099516,0.255375778038457,0.434066884386872,0.166611016579511
25901,0.242549284342456,0.269347341797197,0.421578780350541,0.0665245935098063
25902,0.0927015830539146,0.349288237889555,0.457758278545408,0.100251900511122
25903,0.20703031593867,0.295684590957973,0.399900757762593,0.097384335340764
25904,0.0638657512770595,0.362181844149195,0.483812313758383,0.0901400908153631
25905,0.141342599329118,0.325038566419718,0.427907068861027,0.105711765390137
25906,0.318563995852528,0.514703247564143,0.120335211384269,0.0463975451990603
25907,0.170003500386356,0.550280428595195,0.222374536936538,0.0573415340819112
25908,0.268880508758878,0.141573940150808,0.353652951973925,0.235892599116389
25909,0.491963353318352,0.302138239419267,0.139662002688904,0.0662364045734771
25910,0.047677813571813,0.423468880170811,0.418953366009572,0.109899940247804
25911,0.404857202383846,0.145036621127902,0.262795295654883,0.187310880833369
25912,0.386899813095104,0.348024093255876,0.142300135372543,0.122775958276477
25913,0.0777996342722121,0.216804276167057,0.502421839132114,0.202974250428616
25914,0.188792559556406,0.175094057513572,0.529551420023533,0.106561962906489
25915,0.486617162402298,0.163175040144912,0.248004568235128,0.102203229217662
25916,0.146714947236904,0.503096613036557,0.13424400854416,0.215944431182378
25917,0.278373128992178,0.438122958203457,0.101198032836874,0.182305879967492
25918,0.173102764003217,0.314229847383767,0.35059605845096,0.162071330162055
25919,0.311088280270587,0.0522268191047546,0.318174610293975,0.318510290330683
25920,0.354547959619131,0.374092650065379,0.0972870382734612,0.174072352042029
25921,0.0838776784045293,0.138206192889502,0.66014128652413,0.117774842181838
25922,0.0517463709921901,0.0632949363721885,0.396370968176725,0.488587724458897
25923,0.247421793088343,0.148308988353575,0.0736280637668922,0.53064115479119
25924,0.677712897175987,0.118212861746643,0.105732524854905,0.0983417162224656
25925,0.135990931923459,0.121603656633825,0.595826559479721,0.146578851962995
25926,0.429969045151025,0.411826461685061,0.0732763845465003,0.0849281086174137
25927,0.132352683212031,0.379039228659962,0.188422597174099,0.300185490953909
25928,0.177394026463821,0.406384640504881,0.262034584741829,0.154186748289469
25929,0.0344456474413064,0.375720762561484,0.0868438354440433,0.502989754553167
25930,0.253158873075436,0.332077089099104,0.322297450801049,0.0924665870244107
25931,0.0436056394227793,0.0561542944443454,0.810062757039154,0.0901773090937212
25932,0.0569914224341299,0.421142116860028,0.144139553369789,0.377726907336054
25933,0.121244526894685,0.12332740819466,0.577318538250721,0.178109526659935
25934,0.0791500696326097,0.0764787386826309,0.558639584966295,0.285731606718464
25935,0.195388948716106,0.218300395985707,0.112658038537124,0.473652616761063
25936,0.250283827035891,0.0911052558855837,0.53675595207481,0.121854965003716
25937,0.654706186071545,0.0978477492091699,0.102114178033746,0.145331886685539
25938,0.0766776220461614,0.578569533711058,0.126660171810927,0.218092672431853
25939,0.144778657432839,0.101422903679498,0.446720023266216,0.307078415621447
25940,0.0424552749509438,0.218916115820371,0.119059103470722,0.619569505757964
25941,0.0869260187311396,0.306602321646114,0.497181095770625,0.109290563852121
25942,0.108580946428985,0.391851469970849,0.261272853281067,0.238294730319099
25943,0.0394609757887265,0.360349819479846,0.265201389543962,0.334987815187465
25944,0.16438501806543,0.0994074042957564,0.0997407930064923,0.636466784632322
25945,0.153087211385248,0.0999783596136139,0.200038065061945,0.546896363939193
25946,0.586248028514513,0.156491299278291,0.0922912720578329,0.164969400149363
25947,0.403443152988352,0.20433616332101,0.169377060694357,0.222843622996281
25948,0.033317338196269,0.0935667368150632,0.131029705099725,0.742086219888942
25949,0.0697439576894709,0.244480979946403,0.495537386086166,0.19023767627796
25950,0.687961988695173,0.0851724933158808,0.135853539844771,0.0910119781441756
25951,0.078024345691067,0.167469053500295,0.477001218181736,0.277505382626902
25952,0.0478194076635199,0.114829088714172,0.580780861411638,0.25657064221067
25953,0.264543558633367,0.103387512503882,0.0950265197665303,0.537042409096221
25954,0.666503632891222,0.0341923945067568,0.0412442518998519,0.25805972070217
25955,0.112180829272329,0.57743223265038,0.21327301299866,0.0971139250786311
25956,0.245517568595791,0.283224382205667,0.42075698692968,0.050501062268862
25957,0.49566381411407,0.303809993030849,0.145186440492923,0.0553397523621579
25958,0.349983810366233,0.392844941629093,0.147288516447514,0.10988273155716
25959,0.115066359705431,0.262510929253745,0.506126174715594,0.11629653632523
25960,0.425393403193662,0.381361704877575,0.136728976233735,0.056515915695028
25961,0.3430649137574,0.166585997265173,0.439649372188215,0.0506997167892116
25962,0.556738136852848,0.249187776688464,0.100709067565954,0.0933650188927331
25963,0.118383685707562,0.469276483778447,0.334068236871137,0.0782715936428543
25964,0.481768256126287,0.293075538990588,0.133509817369392,0.0916463875137327
25965,0.279612078809969,0.165608824191998,0.436033162088181,0.118745934909853
25966,0.248331211373472,0.154423878926431,0.496750676787403,0.100494232912695
25967,0.321553299474113,0.170478707207335,0.147530007683328,0.360437985635223
25968,0.246884552746991,0.37084281298578,0.218767641373706,0.163504992893524
25969,0.078724307207053,0.406828204038184,0.461666111039281,0.0527813777154819
25970,0.282011526187271,0.389683254076134,0.217075478879003,0.111229740857592
25971,0.41472250608194,0.274003775599813,0.235573744361758,0.0756999739564889
25972,0.210892608807073,0.457924081116358,0.181170298965238,0.150013011111331
25973,0.191637859460975,0.27362697371685,0.426783636131367,0.107951530690808
25974,0.470430303740851,0.082785611202849,0.242772480158582,0.204011604897718
25975,0.089025220347266,0.443775231429151,0.306076640431415,0.161122907792168
25976,0.0892831612090553,0.355708136082693,0.214170236648796,0.340838466059455
25977,0.459102051179638,0.145991077504819,0.330758307780776,0.0641485635347677
25978,0.240716972702209,0.512724777155476,0.194133765938149,0.0524244842041662
25979,0.661680361302009,0.0760547230524345,0.176051462239636,0.0862134534059206
25980,0.108317588360677,0.462939357062364,0.33590845171003,0.0928346028669285
25981,0.498940208196503,0.160335123699877,0.271087255721982,0.0696374123816387
25982,0.14579933535513,0.0778257120469861,0.658054374264906,0.118320578332978
25983,0.516187276834927,0.190389196094502,0.198525181713387,0.0948983453571843
25984,0.366514025116403,0.105028159949507,0.294317900753554,0.234139914180537
25985,0.173687931294701,0.125619704099251,0.0797931381173026,0.620899226488746
25986,0.519537942993396,0.0782871624980558,0.184973189638393,0.217201704870155
25987,0.0851734450527936,0.119249343295415,0.732032079363565,0.0635451322882264
25988,0.079789774678938,0.489574749686736,0.354380021392521,0.0762554542418044
25989,0.0507630088988426,0.190490504764062,0.125711819312133,0.633034667024963
25990,0.0690741603120136,0.147408210372596,0.653388930062955,0.130128699252435
25991,0.253011449906659,0.124097868868324,0.188643718566424,0.434246962658593
25992,0.0461383506781494,0.330374191361637,0.50009028868264,0.123397169277574
25993,0.269504857759185,0.423301366429468,0.112766348040349,0.194427427770997
25994,0.206045433763673,0.151256599826589,0.245958416006658,0.39673955040308
25995,0.224126033679564,0.429761758910531,0.189606177463981,0.156506029945924
25996,0.275394335312636,0.221813728663315,0.382694609384836,0.120097326639213
25997,0.438799251378119,0.191158094539147,0.187020995805554,0.18302165827718
25998,0.340619860557609,0.283361863799638,0.195996183341715,0.180022092301037
25999,0.186857306367776,0.317898733017526,0.40383646692525,0.0914074936894481
26000,0.155885029271051,0.466040937680442,0.169006466665245,0.209067566383262
26001,0.217322565238677,0.527694703496953,0.126647451503452,0.128335279760918
26002,0.493447385752722,0.179230916809169,0.20987286486807,0.117448832570039
26003,0.277810967939069,0.19018588981715,0.190630353643832,0.341372788599949
26004,0.113239296171081,0.511122105311935,0.151555537431011,0.224083061085974
26005,0.0896489988995684,0.215835339520196,0.461676749941078,0.232838911639158
26006,0.153658973853472,0.362918488540303,0.192872266395724,0.290550271210501
26007,0.251653433420713,0.51854002311129,0.157532047415316,0.0722744960526813
26008,0.150055060347579,0.0776541060391581,0.628662095758612,0.143628737854651
26009,0.167895488369882,0.66161874449562,0.110602744715366,0.059883022419132
26010,0.264287048647933,0.196392369088548,0.19592939450678,0.343391187756739
26011,0.687512112707066,0.130832832805764,0.116522047768257,0.0651330067189128
26012,0.266503919561145,0.241849575871502,0.266987411524875,0.224659093042478
26013,0.146118695235959,0.262921197090049,0.310368246964421,0.280591860709571
26014,0.318303328547151,0.291139614476712,0.201990435293679,0.188566621682459
26015,0.154007640401365,0.4694330719282,0.274631856032243,0.101927431638192
26016,0.382341675368148,0.246265639750178,0.238438826042957,0.132953858838716
26017,0.429991009614017,0.118904636205712,0.265949723606596,0.185154630573675
26018,0.307247184873811,0.341124235845661,0.0888078480864719,0.262820731194056
26019,0.147715947370086,0.467675998360561,0.218561698102035,0.166046356167319
26020,0.279102724533957,0.143913435347295,0.37572350261106,0.201260337507688
26021,0.122853146998708,0.497207167913787,0.133358128612441,0.246581556475065
26022,0.381902141311671,0.2582242662893,0.120662777754679,0.239210814644349
26023,0.107172296035076,0.369632254304547,0.352728407522613,0.170467042137765
26024,0.251770876216773,0.11715380344746,0.51728440382727,0.113790916508497
26025,0.175022389817694,0.455867033235663,0.109738641732488,0.259371935214155
26026,0.174707410997365,0.340653072166052,0.135917799779492,0.348721717057091
26027,0.239576815466664,0.0871597421724211,0.534881860071572,0.138381582289343
26028,0.283360447219521,0.153773138566628,0.10350783925788,0.459358574955971
26029,0.146076664406348,0.294879298544547,0.190500349150895,0.368543687898209
26030,0.221220677855446,0.128011136341555,0.0858682779008636,0.564899907902135
26031,0.254350149197851,0.343608920068264,0.311779509476503,0.0902614212573823
26032,0.428305043783017,0.25159139605081,0.226427889986882,0.0936756701792908
26033,0.340551708130342,0.405758798632916,0.12460730677968,0.129082186457062
26034,0.179973501260941,0.118473166190654,0.584535893400084,0.117017439148322
26035,0.416039561416897,0.085120050460099,0.354755312809408,0.144085075313595
26036,0.366432902388669,0.0774378609240455,0.420724372754779,0.135404863932507
26037,0.136541581116142,0.71478316719292,0.0959094634406214,0.0527657882503164
26038,0.0838432496174489,0.409569254318532,0.254612338784704,0.251975157279315
26039,0.376905948269501,0.0855634635130791,0.343420569378337,0.194110018839083
26040,0.144395528745661,0.239630656511509,0.553312566923066,0.0626612478197633
26041,0.318103389151836,0.300828774467657,0.214274978935203,0.166792857445304
26042,0.191499981304442,0.442508079253852,0.102136580321667,0.26385535912004
26043,0.110995997896398,0.222106612957553,0.595922106853655,0.0709752822923945
26044,0.609377922990958,0.204626286865074,0.106255346975398,0.0797404431685705
26045,0.175910912547147,0.605979040448021,0.125283866368885,0.0928261806359476
26046,0.289897918564481,0.166840028404356,0.137368544491788,0.405893508539376
26047,0.292470125649535,0.146947520577023,0.32515735857472,0.235424995198722
26048,0.102628439961784,0.321502653134823,0.369383747800241,0.206485159103152
26049,0.163967105368876,0.232963028884706,0.52785577602781,0.075214089718609
26050,0.257633336556153,0.186056505826631,0.456294386872761,0.100015770744454
26051,0.144906546822566,0.484008754107598,0.156513360045427,0.214571339024409
26052,0.121652831496276,0.323662436100107,0.175598532751529,0.379086199652088
26053,0.162965989631999,0.318594743790654,0.423264597278547,0.0951746692988004
26054,0.21596523533974,0.349536283349599,0.186319079889905,0.248179401420756
26055,0.40579668769603,0.293184515411134,0.129691050647837,0.171327746245
26056,0.344621126818329,0.125213582391861,0.286067790754351,0.244097500035459
26057,0.320355680022937,0.320749822181231,0.267604505470986,0.0912899923248461
26058,0.131867663608765,0.481852623875632,0.126967773032542,0.259311939483062
26059,0.451046399350952,0.270987847335905,0.187559572087816,0.0904061812253281
26060,0.411913631197418,0.336037066275129,0.13445875469916,0.117590547828293
26061,0.466817109094332,0.190900532033502,0.192752094419842,0.149530264452324
26062,0.247894913938365,0.235478247359908,0.328474190708999,0.188152647992727
26063,0.42125647151725,0.0622077150723596,0.305911602706139,0.210624210704252
26064,0.176318758908232,0.112445578122497,0.489059354730815,0.222176308238457
26065,0.559906577359379,0.170107773687274,0.119150819965437,0.15083482898791
26066,0.255747956991585,0.396958002246129,0.112555528320593,0.234738512441693
26067,0.479938440810421,0.259394264022854,0.151620642408149,0.109046652758576
26068,0.125145160204197,0.541589092727201,0.170895141202509,0.162370605866093
26069,0.115270905588459,0.169849423715094,0.605064861087243,0.109814809609205
26070,0.485622939534319,0.213278004006963,0.124579415671677,0.176519640787042
26071,0.394171343219462,0.158995475897081,0.199483805928262,0.247349374955194
26072,0.24408854788094,0.296142397331227,0.378214080886543,0.0815549739012895
26073,0.262946522244018,0.401949636620291,0.201890361822821,0.13321347931287
26074,0.144764995290205,0.219457029291275,0.573082720272696,0.0626952551458242
26075,0.220259178278522,0.298720670684832,0.296642087398027,0.184378063638619
26076,0.239105521113646,0.106489023344469,0.50177253251372,0.152632923028165
26077,0.12625286657101,0.553065634979422,0.2052697746395,0.115411723810068
26078,0.134082063476761,0.24860091177741,0.573388059905096,0.0439289648407327
26079,0.112488135730854,0.305422587506737,0.365391416858106,0.216697859904303
26080,0.151749620008661,0.589671049006861,0.166037857840904,0.092541473143574
26081,0.13128505277099,0.193349089124604,0.57248884499678,0.102877013107627
26082,0.251911935487448,0.137624812430732,0.357898570085103,0.252564681996718
26083,0.194638618396088,0.302878235819588,0.24290756450679,0.259575581277535
26084,0.122246909365925,0.424572252707746,0.282166087957757,0.171014749968573
26085,0.260222537837251,0.18176271833367,0.247539187907558,0.31047555592152
26086,0.474817108959149,0.118548619809853,0.184237768909021,0.222396502321978
26087,0.140221161246302,0.329597341758523,0.411665585175582,0.118515911819592
26088,0.169695209187516,0.272575520342068,0.198952198646001,0.358777071824414
26089,0.2854195803935,0.137352107676026,0.205749644442505,0.371478667487969
26090,0.374782828572248,0.0735793902347746,0.359938853109935,0.191698928083043
26091,0.114129538656044,0.099440373958516,0.654201641408648,0.132228445976792
26092,0.187773866481958,0.27333862490411,0.0311682112974556,0.507719297316477
26093,0.43303363963143,0.193783980712859,0.103700982203782,0.269481397451929
26094,0.316375395449825,0.0459967041155451,0.154726395877146,0.482901504557484
26095,0.044465733158996,0.243783451191381,0.229173856262382,0.482576959387241
26096,0.565860610214996,0.151371089214019,0.110256665023388,0.172511635547597
26097,0.0325881062405684,0.514291801779773,0.0735656555021663,0.379554436477492
26098,0.675352905450997,0.116790396118152,0.0881618373477208,0.11969486108313
26099,0.0992214511323913,0.268712286980369,0.0950090646908513,0.537057197196388
26100,0.538905888574367,0.123339473747336,0.143711081950697,0.1940435557276
26101,0.596280877175416,0.254666471971948,0.0447939480403289,0.104258702812307
26102,0.0896358796674621,0.118475759612859,0.138991930045168,0.652896430674512
26103,0.0637855357132315,0.616054596343494,0.159643858307424,0.160516009635851
26104,0.058286942648829,0.189965718730648,0.14668953449738,0.605057804123143
26105,0.305453988663432,0.104897304698982,0.052177662368844,0.537471044268742
26106,0.0444927871580121,0.565205049467453,0.150120934757952,0.240181228616583
26107,0.261197284418268,0.539275596673438,0.121726605072879,0.0778005138354153
26108,0.254727639754742,0.298319779148254,0.273417225096991,0.173535356000013
26109,0.220597612931392,0.322091299266476,0.282599489603036,0.174711598199096
26110,0.471527852752423,0.185915767388321,0.241793513112992,0.100762866746264
26111,0.198247093869848,0.158797861982658,0.485340755447083,0.15761428870041
26112,0.0970024568109665,0.539416655900878,0.202232060979823,0.161348826308333
26113,0.323965222550521,0.359102726434249,0.133427626120775,0.183504424894455
26114,0.354974509376836,0.39539224053353,0.167644072064298,0.0819891780253353
26115,0.247142199000501,0.132761820362967,0.537510156236337,0.0825858244001963
26116,0.12674596373756,0.21363286492252,0.529708242604238,0.129912928735683
26117,0.378304372786082,0.22703857409845,0.143079277289211,0.251577775826258
26118,0.411007866618176,0.222383439820846,0.105719121728254,0.260889571832724
26119,0.202954503406099,0.595647833468034,0.120503675779132,0.080893987346734
26120,0.205792331750677,0.450635666325902,0.177892965315331,0.16567903660809
26121,0.425518946518688,0.123243941568699,0.216908979034378,0.234328132878236
26122,0.115939743062065,0.203137557782679,0.309606055008315,0.371316644146942
26123,0.163124559642952,0.173298012501112,0.423103306846094,0.240474121009841
26124,0.211329795258164,0.156354725973095,0.395116547764387,0.237198931004355
26125,0.381354179581891,0.181198889465831,0.312458125066931,0.124988805885348
26126,0.597362227879664,0.0544756519844085,0.102902617039121,0.245259503096807
26127,0.500870497542449,0.267370040586856,0.122095394017901,0.109664067852794
26128,0.262702550698965,0.190755814116096,0.0950498018993385,0.451491833285601
26129,0.172053418722061,0.25265456495713,0.484489892438694,0.0908021238821151
26130,0.507721194307118,0.169070692736058,0.0968870140511985,0.226321098905626
26131,0.377711735489443,0.0470618441047857,0.218088244881663,0.357138175524108
26132,0.181134670944825,0.0582220272894398,0.46797829367246,0.292665008093275
26133,0.0662039054206952,0.454273649812724,0.226085125267513,0.253437319499068
26134,0.142807564584489,0.656738185902765,0.0854501983483624,0.115004051164384
26135,0.0955897080911525,0.270497418493167,0.266521393446224,0.367391479969456
26136,0.309763095780641,0.256206037124829,0.0880892244094176,0.345941642685113
26137,0.130059966594073,0.514718909400087,0.11403337229397,0.24118775171187
26138,0.0685010907807313,0.272452131317396,0.0417837810940882,0.617262996807784
26139,0.151515912821357,0.543135311161305,0.0547579239864232,0.250590852030914
26140,0.222286158455134,0.0420336310523251,0.402395310429763,0.333284900062778
26141,0.203670309021344,0.11478077869605,0.104863247041027,0.576685665241579
26142,0.0432306868607564,0.564469026749326,0.13099340176888,0.261306884621038
26143,0.0763412290904545,0.294651763942863,0.371073208694395,0.257933798272288
26144,0.023974224767243,0.0961147153987747,0.474735108218585,0.405175951615398
26145,0.428969572811302,0.118154007662736,0.236155758898846,0.216720660627116
26146,0.227829360388637,0.151200597513522,0.470044146785295,0.150925895312546
26147,0.302002763930618,0.424065449397211,0.176353963616695,0.097577823055476
26148,0.481502696803906,0.226421832992561,0.203866959210707,0.0882085109928254
26149,0.0798482026943139,0.562978996513457,0.224445131643025,0.132727669149204
26150,0.287803894856927,0.266920606897451,0.135851162150164,0.309424336095458
26151,0.3053720132678,0.295732510457208,0.228350977075659,0.170544499199333
26152,0.0842858259176005,0.535457735235613,0.14516453166671,0.235091907180077
26153,0.105190892999586,0.128927312540077,0.567256166898352,0.198625627561985
26154,0.196736757804823,0.169341945954698,0.269349205717863,0.364572090522616
26155,0.0555463364305804,0.561308586836853,0.241058085335466,0.142086991397101
26156,0.211354122091251,0.290248128468035,0.245118854957952,0.253278894482762
26157,0.130843266477704,0.247208676483157,0.523057150414932,0.0988909066242068
26158,0.594228223340686,0.21664078761181,0.107820350831612,0.0813106382158924
26159,0.191571391890298,0.172986733271154,0.461686425052365,0.173755449786183
26160,0.156159581718028,0.20085428387524,0.368934785184939,0.274051349221793
26161,0.113926717779033,0.395362515002706,0.232682122387087,0.258028644831174
26162,0.272905889194405,0.07129131031983,0.553397113062021,0.102405687423744
26163,0.494987936854317,0.107909956289871,0.166699248439817,0.230402858415996
26164,0.0452659005201194,0.408602653689342,0.392260889932292,0.153870555858246
26165,0.377819271407089,0.204768270623025,0.24776354721272,0.169648910757165
26166,0.208708737419391,0.102564949008687,0.62886185004001,0.0598644635319126
26167,0.111238938765396,0.350300759746484,0.203407882821922,0.335052418666199
26168,0.082581455533776,0.431076261532197,0.379110866917875,0.107231416016152
26169,0.60239450883991,0.0378046757418738,0.235253672506662,0.124547142911554
26170,0.0622829722270222,0.637632010568102,0.207269803719357,0.0928152134855188
26171,0.104362210473729,0.131111003711366,0.717686440686812,0.0468403451280929
26172,0.138804961291826,0.45003183497545,0.256573498881803,0.154589704850921
26173,0.0713812707333934,0.330791571363936,0.50735245029982,0.0904747076028508
26174,0.171010163495685,0.292739239635391,0.33637684943067,0.199873747438254
26175,0.0375855805610483,0.775460259256066,0.0212416893977691,0.165712470785116
26176,0.18976313101855,0.0918838955865919,0.611019769823836,0.107333203571022
26177,0.0236819465560099,0.0472622479448633,0.538732554505435,0.390323250993692
26178,0.0302217775352449,0.329896068228901,0.0749429931497932,0.564939161086061
26179,0.632604306377139,0.16295126011414,0.0268979937467964,0.177546439761924
26180,0.389628276274493,0.264147466122704,0.0535291820768253,0.292695075525978
26181,0.308596298235363,0.152647809630567,0.126919547130858,0.411836345003212
26182,0.0280033323297644,0.602716207675246,0.184578450367774,0.184702009627216
26183,0.215776802148485,0.282050507379084,0.456432222640303,0.0457404678321277
26184,0.0840097072422345,0.185745913915487,0.538917230623885,0.191327148218393
26185,0.419904656390108,0.412873100235814,0.11669638976691,0.0505258536071678
26186,0.141856366531843,0.183988610364299,0.529378418301952,0.144776604801906
26187,0.500074471043119,0.271936360828685,0.11000074672982,0.117988421398377
26188,0.176949802616452,0.3280145612992,0.394877756588895,0.100157879495453
26189,0.428290511160374,0.151394471884293,0.262957559954312,0.157357457001022
26190,0.491631194268197,0.235638007039744,0.151798173903566,0.120932624788494
26191,0.374321739467734,0.34330547196248,0.181353948076436,0.101018840493351
26192,0.116760274587001,0.178220681008248,0.612387723783678,0.0926313206210733
26193,0.249405014904678,0.292879560020311,0.306950404905246,0.150765020169765
26194,0.205098781882977,0.591093611320835,0.0901925731263241,0.113615033669864
26195,0.138941430842746,0.462421273199145,0.265273264076394,0.133364031881714
26196,0.2639348689032,0.09458872186215,0.471493212324242,0.169983196910408
26197,0.177579860780559,0.302386957450975,0.189788295930379,0.330244885838088
26198,0.179278484072023,0.695012201792243,0.084798052293054,0.0409112618426804
26199,0.394477423990715,0.124107501527024,0.130500086914618,0.350914987567643
26200,0.136233010947784,0.349587506436143,0.212048867467247,0.302130615148826
26201,0.554008006108927,0.228074664206963,0.0686907584823313,0.149226571201779
26202,0.561713097272503,0.136558801558503,0.20677093991974,0.0949571612492532
26203,0.50475815447808,0.291655434504631,0.114460437637003,0.0891259733802866
26204,0.319710439728039,0.180692613754844,0.260724520338098,0.23887242617902
26205,0.154168680896502,0.381476425852554,0.253129290458786,0.211225602792158
26206,0.284703367978281,0.191391861003737,0.084836253119324,0.439068517898659
26207,0.204840059805737,0.276281938766467,0.265435419224681,0.253442582203115
26208,0.551707910845342,0.0868484561126703,0.245301513940192,0.116142119101795
26209,0.398344196053643,0.458882572751319,0.0256548436261394,0.117118387568899
26210,0.693112477270558,0.134127613903447,0.0664088889440039,0.106351019881991
26211,0.287831840139234,0.452501935171749,0.0736625956745109,0.186003629014506
26212,0.152138379032499,0.447748327114273,0.139102588561017,0.261010705292211
26213,0.368345495188926,0.347872740873242,0.108005693365143,0.175776070572689
26214,0.0758313524303486,0.174698612785333,0.634096639372704,0.115373395411614
26215,0.180786318990726,0.499955629185918,0.0624649188705491,0.256793132952807
26216,0.117342991963516,0.216877010492862,0.406558296650638,0.259221700892984
26217,0.214365920159816,0.0786347042675019,0.260041483404545,0.446957892168137
26218,0.0837056512703935,0.662888254381908,0.180304010423087,0.0731020839246119
26219,0.421165075791064,0.0815310972198328,0.162059049335439,0.335244777653664
26220,0.0753554467851743,0.190385266766847,0.657992220724336,0.0762670657236437
26221,0.183685838555723,0.198399790876525,0.534283178461836,0.0836311921059162
26222,0.565244849527012,0.1415357336207,0.234849104504351,0.0583703123479372
26223,0.160569102929669,0.453196099495436,0.298081889467134,0.0881529081077606
26224,0.337984430241232,0.14801656150115,0.443425025485556,0.0705739827720622
26225,0.112163007840342,0.156794136857493,0.630066258910811,0.100976596391355
26226,0.23899269748773,0.591552109244322,0.104673403287073,0.0647817899808759
26227,0.188783518651631,0.415246441742879,0.264245021950511,0.131725017654979
26228,0.228759051174266,0.182277047559645,0.470987290031185,0.117976611234904
26229,0.186936250149915,0.328712752220679,0.132842528185091,0.351508469444315
26230,0.0698054282205768,0.638665177069934,0.241832902318753,0.0496964923907361
26231,0.503894358639417,0.138376093380559,0.23898263484278,0.118746913137244
26232,0.270039433468511,0.224005854660998,0.373274898098834,0.132679813771658
26233,0.643260709485409,0.102621019647467,0.125796090148342,0.128322180718782
26234,0.499107043916403,0.154786441499986,0.263847540913608,0.0822589736700027
26235,0.112664188600709,0.310817592302344,0.206013300849823,0.370504918247124
26236,0.189302497751683,0.269987783555489,0.413581751271467,0.127127967421362
26237,0.100694494984223,0.544308313269225,0.0990795685609181,0.255917623185634
26238,0.159443554121277,0.632724628282492,0.0729246666861263,0.134907150910104
26239,0.343069455557242,0.222074908534398,0.205333787187466,0.229521848720894
26240,0.368568086658622,0.116143932826816,0.417180432488,0.0981075480265618
26241,0.16989100665911,0.293086995781616,0.476913877365439,0.0601081201938346
26242,0.118927351234736,0.530392039157945,0.263613638430093,0.0870669711772268
26243,0.211017596144421,0.608288781675559,0.103909375809399,0.0767842463706216
26244,0.151510834169622,0.318606883507202,0.356666802932242,0.173215479390935
26245,0.189042740994291,0.167823036851501,0.572185896740404,0.0709483254138041
26246,0.339095865766657,0.277976155443746,0.328924483759042,0.0540034950305558
26247,0.443646209016613,0.167398098230066,0.279025088303492,0.109930604449829
26248,0.127956793643697,0.588049540350359,0.162102787480579,0.121890878525365
26249,0.292521196011886,0.368631078279032,0.153162567864254,0.185685157844828
26250,0.508265580036867,0.155349789362545,0.175654519761402,0.160730110839186
26251,0.0880663465647353,0.134100097044358,0.260149350781492,0.517684205609415
26252,0.115140267943214,0.65019571799337,0.099804645274811,0.134859368788605
26253,0.149687596388743,0.392236112484282,0.203240432602588,0.254835858524387
26254,0.178801108710232,0.0836190813086456,0.601427423794638,0.136152386186484
26255,0.108928672853984,0.237055570332101,0.240965380569104,0.413050376244811
26256,0.439081405638238,0.200457106318144,0.26227970238651,0.098181785657108
26257,0.207676810979219,0.0865245473028083,0.475342961770639,0.230455679947334
26258,0.0777097228565394,0.167365492887726,0.648682621283171,0.106242162972563
26259,0.428846029067627,0.113319032703835,0.304628394246015,0.153206543982523
26260,0.430970004839253,0.205892611172179,0.174007526220313,0.189129857768255
26261,0.236961935356467,0.272594941684983,0.119819101074062,0.370624021884489
26262,0.689917505390469,0.120977798415906,0.0664367401645178,0.122667956029107
26263,0.0795102737575594,0.632410110229428,0.12705231207342,0.161027303939593
26264,0.209365125816199,0.184526413748903,0.222691910009848,0.38341655042505
26265,0.282436773494774,0.262034598226255,0.152525687480242,0.303002940798729
26266,0.195669664221122,0.241417168974321,0.313092430490925,0.249820736313632
26267,0.237286290299926,0.0562496278100834,0.531718363329127,0.174745718560863
26268,0.227497896627536,0.0340493143799109,0.572715083256879,0.165737705735674
26269,0.444591137713775,0.123768173447275,0.153414227429076,0.278226461409873
26270,0.259290288151345,0.423122913144208,0.147279544320322,0.170307254384125
26271,0.21703256376275,0.1338616400265,0.535677494410541,0.113428301800209
26272,0.123243114600373,0.55555124844028,0.0988361361677616,0.222369500791585
26273,0.434402644635144,0.228131357245342,0.120362648904677,0.217103349214836
26274,0.670411702200827,0.144455261478498,0.0995611837928626,0.0855718525278117
26275,0.12846310608813,0.708849812668411,0.0464929047477049,0.116194176495755
26276,0.206774055818216,0.095545057263768,0.443926177219429,0.253754709698588
26277,0.068626102523918,0.0614854810186152,0.492650723012282,0.377237693445185
26278,0.16013649139072,0.443088541265303,0.245355004621802,0.151419962722175
26279,0.194349717183898,0.285137141076564,0.388737140023296,0.131776001716243
26280,0.45517146844107,0.116682502918958,0.273783480269817,0.154362548370155
26281,0.339085618534168,0.271828437038982,0.196073862087535,0.193012082339315
26282,0.265499981539812,0.482869507756895,0.125388603132709,0.126241907570584
26283,0.230128058347264,0.199528479116719,0.346246057392422,0.224097405143595
26284,0.301089632857269,0.400978011338636,0.10444801998467,0.193484335819425
26285,0.170530795208611,0.187836337672616,0.482834048363739,0.158798818755034
26286,0.481883624853734,0.237476870367182,0.214389188339405,0.0662503164396789
26287,0.15027231581382,0.283816299764227,0.351063180814734,0.214848203607219
26288,0.190595813392555,0.35064355016667,0.32154216642227,0.137218470018504
26289,0.237305547220104,0.421813086333246,0.150623030794835,0.190258335651815
26290,0.231500887656353,0.16343170249321,0.505910196326894,0.0991572135235432
26291,0.295931787144386,0.334459384850245,0.241029673371915,0.128579154633454
26292,0.173403625777796,0.264356437525778,0.326593705441953,0.235646231254473
26293,0.168954353520117,0.282702533196813,0.169216468872917,0.379126644410153
26294,0.171883636334766,0.569999414308676,0.184714469698653,0.073402479657905
26295,0.237788624516736,0.297774980927608,0.270157711182113,0.194278683373543
26296,0.19548854042015,0.205668425317673,0.294473614958449,0.304369419303728
26297,0.212440138694665,0.152379539116769,0.426065167976186,0.209115154212381
26298,0.0890817315750849,0.141296993996241,0.695974283049812,0.0736469913788618
26299,0.0813271440167479,0.51475678352673,0.306299517471156,0.0976165549853664
26300,0.226191052615158,0.102718806309903,0.456900861083526,0.214189279991413
26301,0.140901207167022,0.441439638280864,0.179752035755855,0.237907118796259
26302,0.0929348600023846,0.723968075068319,0.105606295363099,0.0774907695661971
26303,0.326333296589012,0.321516690014343,0.1737014567914,0.178448556605244
26304,0.143062635034558,0.122355545807439,0.473587996036509,0.260993823121495
26305,0.565873220830187,0.210748190564601,0.0644701998861274,0.158908388719084
26306,0.344160965454897,0.0727210005857664,0.116282566689543,0.466835467269794
26307,0.0719259582312758,0.537546575112059,0.316115533423393,0.0744119332332727
26308,0.34484856900962,0.0572562690593939,0.148479571786895,0.449415590144091
26309,0.0459609949696943,0.44298560115165,0.162674676708896,0.348378727169759
26310,0.100003105803001,0.231430306088001,0.559387976373009,0.109178611735988
26311,0.522802116181459,0.273289726392463,0.111547203967188,0.09236095345889
26312,0.204597421980324,0.554777303933189,0.165686606293842,0.0749386677926445
26313,0.144692854468416,0.39944012366998,0.258491577074843,0.197375444786761
26314,0.0472357518125438,0.439386544562634,0.175713350946985,0.337664352677837
26315,0.483599909090882,0.137925806172053,0.0976643870586671,0.280809897678398
26316,0.133104913697436,0.0740701747290658,0.201757935612628,0.591066975960871
26317,0.176173592753103,0.245177776881398,0.147395250352954,0.431253380012545
26318,0.0984688097506526,0.155302906901584,0.220156006302637,0.526072277045127
26319,0.58195042764171,0.032213695050127,0.101456662117517,0.284379215190646
26320,0.0744694609719117,0.259977049760693,0.0939573510907796,0.571596138176616
26321,0.538743657946665,0.140116579405495,0.127407841150342,0.193731921497498
26322,0.489892638539332,0.15836612633919,0.177861001913069,0.173880233208409
26323,0.0477886811129553,0.660856585854579,0.176505795160825,0.114848937871641
26324,0.101159793983663,0.146624092228837,0.0766012157991845,0.675614897988315
26325,0.186867434381882,0.0472618953128959,0.369704149789541,0.396166520515682
26326,0.665777184106512,0.0812593181753664,0.150005310070309,0.102958187647812
26327,0.542870380004548,0.0507671648105727,0.0336297657772597,0.372732689407619
26328,0.17027114098468,0.616524180876336,0.0340609721073685,0.179143706031615
26329,0.0875099310306615,0.069799802103939,0.506193804946339,0.33649646191906
26330,0.051131311565299,0.097320854466976,0.0880253415703046,0.763522492397421
26331,0.307991560142615,0.0699157051472298,0.070163237723723,0.551929496986433
26332,0.0860886605522455,0.438966183580806,0.0352021369098639,0.439743018957085
26333,0.181556503257698,0.0455122838405296,0.142875733695619,0.630055479206154
26334,0.454051396206526,0.0551859474177075,0.0358593392992316,0.454903317076535
26335,0.15294323355011,0.371334723853435,0.340096919627844,0.135625122968611
26336,0.216496149838902,0.293470288778295,0.253834114480993,0.23619944690181
26337,0.503665240430271,0.0671571884071982,0.366894924535131,0.0622826466274005
26338,0.08830371292867,0.431124835844763,0.117783347122745,0.362788104103822
26339,0.134808152707655,0.494677860725329,0.129762007763246,0.24075197880377
26340,0.211426817093378,0.118640159659007,0.23787705789122,0.432055965356395
26341,0.0550499696776038,0.102664787694482,0.767185237398743,0.0751000052291711
26342,0.393462156620588,0.21844084609835,0.274149503151998,0.113947494129064
26343,0.275885318972311,0.356240016221332,0.251545126192834,0.116329538613524
26344,0.207116966903159,0.293854863352327,0.34379141949992,0.155236750244594
26345,0.330862580418596,0.139831294169112,0.465833291201882,0.0634728342104106
26346,0.0657069932462369,0.115160282320655,0.130974847562235,0.688157876870873
26347,0.19815581291145,0.683405090884227,0.0399594493394479,0.0784796468648755
26348,0.080967874348379,0.16708115339549,0.607279219674288,0.144671752581844
26349,0.0917634487416245,0.11996392362583,0.580728854760207,0.207543772872338
26350,0.242215523285607,0.112592348860351,0.276450087851313,0.368742040002728
26351,0.0307697657188684,0.543143723351125,0.281272133069569,0.144814377860437
26352,0.106762272133386,0.219192072242343,0.106591413372794,0.567454242251476
26353,0.0610373314789767,0.462149139073447,0.142251660291512,0.334561869156064
26354,0.309004015741897,0.33069474661099,0.175619037295732,0.184682200351381
26355,0.188366637540933,0.16425812630832,0.247913845723215,0.399461390427532
26356,0.284066273824017,0.129218215255585,0.519389493923632,0.067326016996766
26357,0.0818212890126398,0.252284509381643,0.345808347325342,0.320085854280376
26358,0.152310058287802,0.264596090661543,0.489414989180438,0.0936788618702174
26359,0.195412406836356,0.293705424027077,0.136466283718526,0.374415885418041
26360,0.264260679335251,0.399248515688483,0.224627780759543,0.111863024216724
26361,0.164982006775658,0.146959810895841,0.476681439036086,0.211376743292416
26362,0.225710550490388,0.177160294905049,0.183498976232097,0.413630178372465
26363,0.0535069904777911,0.445508627034489,0.151252883594513,0.349731498893208
26364,0.624908202177739,0.150381091238208,0.0844961851470504,0.140214521437003
26365,0.0321279808238436,0.419274955992239,0.181339482430513,0.367257580753404
26366,0.336622057211624,0.188503745692831,0.287822501529834,0.187051695565712
26367,0.332738724801166,0.090411210587866,0.118785863858138,0.458064200752829
26368,0.138053681198521,0.0935251778600261,0.586813937705352,0.181607203236101
26369,0.0960603501805745,0.40167251647908,0.177616015719272,0.324651117621073
26370,0.638709946535726,0.166037796075837,0.0840551196359436,0.111197137752493
26371,0.0716262804947038,0.0947977304423967,0.221944057877674,0.611631931185226
26372,0.213216483703307,0.617484960352777,0.0731740703203812,0.0961244856235349
26373,0.119718368012385,0.640408337103645,0.136678836531185,0.103194458352785
26374,0.144820810974649,0.138418075337656,0.23866389389697,0.478097219790725
26375,0.0946030785473413,0.182441535215355,0.600475493397882,0.122479892839422
26376,0.497602855544376,0.208537396769509,0.140793554832736,0.153066192853379
26377,0.192691533501077,0.25183399552179,0.134946652089347,0.420527818887786
26378,0.140025483101622,0.126036436933743,0.403035194497182,0.330902885467454
26379,0.0797858355282562,0.151808401446606,0.659822056394887,0.108583706630251
26380,0.118749059870957,0.248736838900737,0.360122273649954,0.272391827578352
26381,0.666601915522301,0.101949974927971,0.128958081911551,0.102490027638177
26382,0.290880983954699,0.213222720661317,0.241831966044504,0.25406432933948
26383,0.149482850422637,0.652507289694853,0.082526215379201,0.115483644503309
26384,0.218413371870893,0.0938529946437162,0.417074495585828,0.270659137899563
26385,0.0472229216183341,0.302588087041895,0.0829666824327261,0.567222308907045
26386,0.0472309467198734,0.125483961735047,0.539111398172487,0.288173693372592
26387,0.0936951065968782,0.139287348250023,0.239428016504719,0.52758952864838
26388,0.198932694358269,0.15628555979996,0.344809956352967,0.299971789488805
26389,0.129473285861831,0.448946716874844,0.232632142841932,0.188947854421394
26390,0.26547150436401,0.346215904042132,0.212308695744453,0.176003895849404
26391,0.244346969441351,0.181031741549304,0.517584552927803,0.0570367360815434
26392,0.187144521774677,0.36059624929273,0.347408472176549,0.104850756756043
26393,0.107993414063182,0.284665636532093,0.330382359309714,0.276958590095011
26394,0.425512502961137,0.218485539415921,0.196376428835543,0.159625528787399
26395,0.577724964544435,0.152888970612165,0.0791145117107495,0.19027155313265
26396,0.313157342195269,0.234031713940219,0.210575931134362,0.24223501273015
26397,0.304715977420945,0.211367061771716,0.259340947410462,0.224576013396877
26398,0.247411758983724,0.276440112139477,0.0926452302530418,0.383502898623757
26399,0.227385586388907,0.464471661738121,0.119126829896745,0.189015921976228
26400,0.269898847352756,0.123135737159546,0.259572024635657,0.347393390852042
26401,0.201212124753851,0.309042663975389,0.313874053563284,0.175871157707476
26402,0.0399240999190054,0.547437792867719,0.190359946802613,0.222278160410662
26403,0.224130488673782,0.556814170826504,0.0863081238090822,0.132747216690632
26404,0.589580746318987,0.084247048793718,0.143469675035298,0.182702529851997
26405,0.0674787938355061,0.734040899965123,0.0849394472757484,0.113540858923623
26406,0.250369418316539,0.0887574849764434,0.554934445532394,0.105938651174624
26407,0.160060690766817,0.167704839342302,0.373308942652782,0.298925527238099
26408,0.257040360628912,0.105534804575061,0.373102051384179,0.264322783411848
26409,0.202063094371059,0.542976487247026,0.13352394783946,0.121436470542455
26410,0.072510163727221,0.086416794200983,0.542484711798635,0.298588330273161
26411,0.294503374216246,0.419107812623887,0.195035289857218,0.0913535233026496
26412,0.301745266394197,0.332409492319813,0.268473806557432,0.0973714347285578
26413,0.217912681555292,0.168416837740939,0.452782251095524,0.160888229608246
26414,0.158949053226413,0.271970412659636,0.332639298906381,0.23644123520757
26415,0.355505447349266,0.470779097136108,0.110827318389964,0.0628881371246623
26416,0.148993906947259,0.217746973782574,0.517766059746842,0.115493059523325
26417,0.192538070773274,0.431406900052339,0.147816313523153,0.228238715651235
26418,0.247033903900976,0.270711091445461,0.193671969931013,0.28858303472255
26419,0.179837657284427,0.342450864959584,0.27484822797941,0.202863249776579
26420,0.519764760073398,0.128589031874722,0.17256805923657,0.17907814881531
26421,0.607444928390785,0.181178768255119,0.128111085786764,0.0832652175673323
26422,0.295916205022755,0.157876399965355,0.30390036932645,0.24230702568544
26423,0.12216878845314,0.38196673504513,0.326748591932408,0.169115884569323
26424,0.524091559683374,0.144888796916803,0.134628481757337,0.196391161642486
26425,0.185212310750771,0.184922243694279,0.467600919921751,0.162264525633199
26426,0.163604140214242,0.164456000909859,0.442576982235656,0.229362876640242
26427,0.162562868131486,0.50504918195576,0.204045228310193,0.128342721602561
26428,0.327508216587427,0.392362508644387,0.115997990590418,0.164131284177768
26429,0.0556334517086514,0.658114037000069,0.19042711363225,0.0958253976590306
26430,0.21740764150701,0.32312149573137,0.391080469868688,0.0683903928929316
26431,0.351244299928002,0.419192391327816,0.180583073270739,0.0489802354734434
26432,0.116839161260612,0.570193506721507,0.221774866597421,0.0911924654204599
26433,0.286330523318989,0.315196920270275,0.305556295771118,0.0929162606396185
26434,0.252179147871979,0.377436788829768,0.250200975682344,0.12018308761591
26435,0.238097621177896,0.445295043781324,0.155118558627453,0.161488776413327
26436,0.47051515596847,0.184606147070103,0.264576103882894,0.0803025930785321
26437,0.125446011272741,0.193020835509487,0.592976997911673,0.0885561553060997
26438,0.162997955929487,0.382992383331697,0.38672844403901,0.0672812166998056
26439,0.161473864794594,0.122374998501358,0.660318478091951,0.0558326586120967
26440,0.189629560078575,0.456940493990811,0.263177871880631,0.0902520740499836
26441,0.162892890215031,0.625227953529386,0.128301526975396,0.0835776292801865
26442,0.564857141563495,0.200281218917517,0.0878982707583332,0.146963368760654
26443,0.59874761929578,0.168472006175498,0.175947539193239,0.0568328353354834
26444,0.684376619471266,0.116372702791385,0.152913383551586,0.0463372941857627
26445,0.382685413985175,0.388978279238837,0.13388058454959,0.0944557222263977
26446,0.442869373725546,0.395075137736097,0.0650781594409543,0.096977329097402
26447,0.283176898512319,0.334109917788106,0.301768547287362,0.0809446364122132
26448,0.260541117129568,0.304964791479579,0.327261850834654,0.107232240556198
26449,0.510877488609841,0.157641254890292,0.0558676366119698,0.275613619887897
26450,0.344465163474271,0.175391025406256,0.0405529297498354,0.439590881369638
26451,0.305583904753844,0.355909198430717,0.233527903763796,0.104978993051644
26452,0.0766098466876736,0.383140715344013,0.199187068854795,0.341062369113518
26453,0.0503900945021576,0.142403044370078,0.648000058460393,0.159206802667371
26454,0.254224899490408,0.0532245636380597,0.268480394815977,0.424070142055555
26455,0.0770986694848113,0.358791749272078,0.0473488620908364,0.516760719152275
26456,0.124039318440154,0.135443782156221,0.199593938378017,0.540922961025608
26457,0.103846780109052,0.170612860589907,0.346268937327294,0.379271421973747
26458,0.0995142447982575,0.375955802621936,0.0729973339702428,0.451532618609563
26459,0.0252312465763528,0.0465538046776724,0.465856593602487,0.462358355143488
26460,0.0614315254314644,0.230230512917001,0.0483541701581528,0.659983791493382
26461,0.10208582952679,0.198894630777379,0.412186761699481,0.286832777996351
26462,0.415653529882013,0.294299901304731,0.0349171681113369,0.255129400701919
26463,0.060997965060984,0.0757888225653209,0.523206438495783,0.340006773877912
26464,0.0244369109494303,0.242760541754108,0.203105643481934,0.529696903814528
26465,0.0226314991676051,0.274963692174771,0.156671773026405,0.545733035631219
26466,0.117115128183631,0.46007332484923,0.0262015934594839,0.396609953507655
26467,0.55303607591456,0.0288711560050008,0.0177734912066798,0.40031927687376
26468,0.237818111065817,0.454754165873297,0.237692066306418,0.0697356567544679
26469,0.386560603955242,0.300637821003453,0.221410072244292,0.0913915027970129
26470,0.152528850901184,0.369005739004221,0.357761184121237,0.120704225973358
26471,0.468366264709052,0.270070379245657,0.21709402784048,0.0444693282048108
26472,0.105571301811992,0.168378964550163,0.682278946220298,0.043770787417547
26473,0.584134083867357,0.141620073605254,0.172661910886826,0.101583931640562
26474,0.10476989437255,0.317448689536721,0.470596243342646,0.107185172748083
26475,0.332045809494689,0.193210009877069,0.293738233260093,0.181005947368149
26476,0.196764010257486,0.318601377698231,0.204483985332922,0.280150626711361
26477,0.186057947700069,0.196732303519866,0.495313490813967,0.121896257966098
26478,0.263455043376518,0.24617200471842,0.342798341312559,0.147574610592503
26479,0.207380625873548,0.298202168207329,0.373498714463239,0.120918491455884
26480,0.396641993637926,0.261086232095265,0.23085643610327,0.111415338163539
26481,0.211248513586636,0.201742674222269,0.420330473335039,0.166678338856056
26482,0.278479720029841,0.173579392197843,0.413166451898556,0.13477443587376
26483,0.268263926669137,0.345169496538177,0.202826170702073,0.183740406090613
26484,0.136974909956993,0.187161970914047,0.545617479938973,0.130245639189987
26485,0.135021834429784,0.606164225123617,0.178453894653613,0.0803600457929872
26486,0.277527699364402,0.214150964984016,0.176229569302461,0.332091766349121
26487,0.0767896650736735,0.248870854546683,0.582533435190803,0.091806045188841
26488,0.154151335571952,0.345123159154461,0.3396810883759,0.161044416897686
26489,0.301963460956747,0.250442650873249,0.285888655554808,0.161705232615195
26490,0.279174576080031,0.226728138500149,0.319457225536752,0.174640059883069
26491,0.370905731404316,0.38348777004217,0.174588550698298,0.0710179478552162
26492,0.218400324493593,0.469159571510701,0.209235727477214,0.103204376518493
26493,0.165304092546381,0.0982784584526114,0.556022523585479,0.180394925415529
26494,0.378639918706109,0.368396087873848,0.114477560370595,0.138486433049448
26495,0.564305348009811,0.152155925282038,0.0566261296101162,0.226912597098035
26496,0.14725730625521,0.113949367740224,0.675937680984012,0.0628556450205533
26497,0.26814372209043,0.0860925269325464,0.550493142379504,0.0952706085975196
26498,0.531667105172985,0.0939113134926198,0.181539925792161,0.192881655542234
26499,0.2485777318069,0.13378012931734,0.374347291593776,0.243294847281984
26500,0.201287969331776,0.543251499525287,0.143316735320005,0.112143795822932
26501,0.449441460547046,0.178097681322818,0.198377193385169,0.174083664744967
26502,0.51881607074205,0.167734395893382,0.161385108486849,0.152064424877719
26503,0.130330109872905,0.586278328536883,0.192617228632246,0.0907743329579666
26504,0.104814829811135,0.112096408752526,0.317614404956484,0.465474356479856
26505,0.0645393086976216,0.47128351368213,0.225571263588165,0.238605914032083
26506,0.0964360316654419,0.313367374143244,0.300661494248564,0.289535099942751
26507,0.563846661719979,0.156029704287128,0.0810373879285407,0.199086246064352
26508,0.304277035192002,0.344018439422767,0.0468591270976437,0.304845398287588
26509,0.136591411566914,0.683557819940424,0.0458941071503072,0.133956661342355
26510,0.181005224453622,0.232886359479836,0.186198638445722,0.39990977762082
26511,0.0748835526295748,0.290293048276371,0.5597494309757,0.0750739681183538
26512,0.106620710511699,0.164605785409354,0.127860949804073,0.600912554274874
26513,0.116562649361388,0.360504543517918,0.404881410415786,0.118051396704907
26514,0.0938362829105423,0.398636477830748,0.150291094687345,0.357236144571365
26515,0.25863112619361,0.136592074661268,0.481603966133144,0.123172833011979
26516,0.164107127232325,0.0897974105243928,0.171077404399294,0.575018057843988
26517,0.160165891537791,0.332528734388835,0.132455119361753,0.374850254711621
26518,0.119357300661074,0.0638443669920697,0.351806493414346,0.464991838932511
26519,0.412339232563135,0.171987493295557,0.103584884193554,0.312088389947754
26520,0.596271546647524,0.102599963678923,0.0625671834563583,0.238561306217195
26521,0.149565580981654,0.418254411167057,0.0643275661881018,0.367852441663187
26522,0.830949831347526,0.0527771021794336,0.0365065483067697,0.0797665181662711
26523,0.0482094565288621,0.406747603542049,0.287277579826964,0.257765360102125
26524,0.32436808043277,0.0756592951529504,0.0707929595286061,0.529179664885674
26525,0.343571077870677,0.177175405266539,0.184179313225588,0.295074203637197
26526,0.181782559334055,0.50941336182202,0.230163615749743,0.0786404630941813
26527,0.194988049656749,0.214898846765798,0.416314611701185,0.173798491876268
26528,0.0823931573794534,0.50942467064808,0.335156653477381,0.0730255184950862
26529,0.286263327346251,0.144586072817813,0.477699288902797,0.0914513109331392
26530,0.497816759438501,0.286289594972011,0.1161095307751,0.099784114814388
26531,0.110474277688736,0.267407604219881,0.456396370780908,0.165721747310476
26532,0.205634714118889,0.603951037056262,0.102300812548181,0.0881134362766687
26533,0.132282665561634,0.593514788077589,0.171603758998569,0.102598787362208
26534,0.62228291971559,0.14721963458286,0.153847693946372,0.0766497517551786
26535,0.10351581925852,0.251617396438105,0.524342303707962,0.120524480595414
26536,0.174030972842844,0.143561034165463,0.226091747954586,0.456316245037106
26537,0.20951329354845,0.5098725103512,0.15536450714037,0.12524968895998
26538,0.0777451779182458,0.102196379175113,0.676728335278582,0.143330107628059
26539,0.0995454907575665,0.486895660229878,0.276563994637827,0.136994854374729
26540,0.314627643963361,0.34414637183563,0.213461374860305,0.127764609340703
26541,0.354975764202671,0.12908217564562,0.0417154903956856,0.474226569756024
26542,0.314276361620293,0.251894521965768,0.17816414523121,0.25566497118273
26543,0.321070246514325,0.313683356578381,0.0443689907072353,0.320877406200058
26544,0.17155373331171,0.454385462933666,0.178735195393347,0.195325608361278
26545,0.260589067914316,0.201272561922085,0.156295922232148,0.381842447931451
26546,0.221231701084984,0.29486208272464,0.27456054084942,0.209345675340956
26547,0.516057142963731,0.143352374388114,0.0851777164057394,0.255412766242415
26548,0.463598143850994,0.170224452190515,0.290973687638938,0.0752037163195532
26549,0.139029092919819,0.188649272454561,0.540656987612674,0.131664647012947
26550,0.15808669120771,0.110142407788954,0.661736256000138,0.0700346450031987
26551,0.142588384582375,0.323846496871269,0.406595266199933,0.126969852346424
26552,0.30247362817745,0.163780667211569,0.277369538730926,0.256376165880055
26553,0.234535404904142,0.474642123043868,0.126868435212827,0.163954036839163
26554,0.356144333467091,0.345964356035302,0.24031436434228,0.0575769461553269
26555,0.144547527252002,0.0956836738114809,0.554124945695104,0.205643853241413
26556,0.188860398643373,0.183779001952098,0.258331660787085,0.369028938617445
26557,0.345398623380772,0.121086491350448,0.0838810659296556,0.449633819339124
26558,0.213119636622655,0.172068779855938,0.482401006181847,0.13241057733956
26559,0.302574105758597,0.331908974875812,0.0581175548124063,0.307399364553185
26560,0.147716778220267,0.158051954257213,0.501342986930259,0.192888280592262
26561,0.117185154573299,0.45119710896466,0.144295945701165,0.287321790760876
26562,0.105172046873083,0.308557569200721,0.428525698267558,0.157744685658637
