No,Ch1,Ch2,Ch3,Ch4
21566,0.207306858116952,0.144840644676317,0.462887053562198,0.184965443644534
21567,0.0610945159430917,0.45820523347563,0.316269026172833,0.164431224408444
21568,0.363999753007387,0.397798105733409,0.131484225393985,0.106717915865218
21569,0.475560151717605,0.123902926475901,0.274474488950236,0.126062432856258
21570,0.231309396167062,0.235860876439244,0.470047495567649,0.0627822318260458
21571,0.0927589262982913,0.620553626967093,0.196886325416725,0.0898011213178912
21572,0.197921553518544,0.0503306478559177,0.584439765508065,0.167308033117473
21573,0.11566423051514,0.159494808969553,0.212871844148217,0.511969116367089
21574,0.168953327797674,0.264008560881639,0.419399177337164,0.147638933983522
21575,0.0520630608236856,0.118845084305755,0.69653558000486,0.1325562748657
21576,0.183917799737196,0.148713962503436,0.396566408630407,0.270801829128962
21577,0.120099067070632,0.0985240806824548,0.71978395962041,0.0615928926265035
21578,0.341990863566609,0.294034170674764,0.169861765976941,0.194113199781687
21579,0.05616471659784,0.154705710268075,0.220396221978219,0.568733351155866
21580,0.0747040515748953,0.403297921482287,0.27413934905286,0.247858677889957
21581,0.322015764221412,0.0880769095260217,0.322955827983507,0.26695149826906
21582,0.115758971978229,0.19755451885103,0.350255963642161,0.33643054552858
21583,0.109902246745529,0.170964877561222,0.361739112211866,0.357393763481384
21584,0.247234278783805,0.300735676512555,0.0627825888391628,0.389247455864478
21585,0.401306324465822,0.194691630896324,0.166132497603775,0.237869547034079
21586,0.203429326945328,0.340956350079909,0.265497769541821,0.190116553432942
21587,0.0270768382891266,0.581185294695787,0.206202932414167,0.185534934600919
21588,0.0512078985199978,0.0894778952355946,0.629799818134193,0.229514388110215
21589,0.154390615893833,0.096601038503934,0.558058607707722,0.190949737894511
21590,0.0276162444246451,0.195374762359819,0.552679779179025,0.224329214036511
21591,0.022792114346999,0.232215015840479,0.483867189167883,0.261125680644639
21592,0.0747576539585806,0.290915422695902,0.0789138399152125,0.555413083430305
21593,0.673896460429015,0.113139079494608,0.115997612468537,0.0969668476078401
21594,0.138147136921414,0.204205275233299,0.22571976681153,0.431927821033757
21595,0.373224091099184,0.131195658887067,0.0695122125110488,0.426068037502701
21596,0.131278128630938,0.622682731127314,0.106650817317063,0.139388322924685
21597,0.437656328178784,0.216244150649759,0.0444088986425333,0.301690622528923
21598,0.115894482003384,0.375846716024811,0.308256153060467,0.200002648911338
21599,0.188131895988675,0.528777849704652,0.187497237704192,0.0955930166024807
21600,0.0640493947031003,0.202772144367822,0.100811999808515,0.632366461120562
21601,0.0419518884244456,0.164383891679693,0.315322312633687,0.478341907262174
21602,0.0262399336711042,0.486894232122986,0.334095425832339,0.152770408373571
21603,0.596270797923447,0.0265495490843888,0.121539940914052,0.255639712078113
21604,0.0255079755067798,0.23891416858528,0.349268152089361,0.38630970381858
21605,0.19938402207694,0.0465737535495547,0.504085040252669,0.249957184120836
21606,0.264142001068414,0.0182438549604883,0.334639136424063,0.382975007547034
21607,0.515008803182682,0.0619924933053508,0.046270859829627,0.37672784368234
21608,0.19972988765999,0.498431780034932,0.0125606054504253,0.289277726854652
21609,0.0397122931370717,0.0477155178655981,0.447419456222172,0.465152732775158
21610,0.290552941879801,0.323887389150345,0.0135407196716196,0.372018949298235
21611,0.0395933393022463,0.0304872111949166,0.581061050242744,0.348858399260093
21612,0.652447257677365,0.092159886499238,0.148358925327557,0.107033930495841
21613,0.0171800413914954,0.181276334688993,0.255668318600139,0.545875305319373
21614,0.0712201145591784,0.404794263555408,0.263489451690675,0.260496170194739
21615,0.209517309662503,0.373363967771903,0.0205076832109142,0.39661103935468
21616,0.23464550311116,0.0149112223882447,0.58385313269435,0.166590141806245
21617,0.253380987826599,0.311992544280733,0.189135511358614,0.245490956534054
21618,0.128802562116372,0.0711891520133473,0.225063563488835,0.574944722381446
21619,0.0903194803695443,0.128100067227369,0.0343499415658505,0.747230510837236
21620,0.0458799663190519,0.804071922425363,0.038817291823628,0.111230819431958
21621,0.165848815111111,0.285952934832228,0.154381835070877,0.393816414985783
21622,0.0824379882385275,0.176583332495704,0.120317097782445,0.620661581483324
21623,0.375953919324234,0.272418080361665,0.239106377967565,0.112521622346536
21624,0.461633526118109,0.240132463226719,0.15721330694732,0.141020703707852
21625,0.125254079502707,0.131798390448047,0.593704729036414,0.149242801012832
21626,0.476121774815735,0.161967429364292,0.250275546091962,0.111635249728011
21627,0.203644270197934,0.176241927918852,0.435946021617526,0.184167780265687
21628,0.136098337923403,0.427466665273421,0.369344769080166,0.0670902277230094
21629,0.419260473752724,0.221487655955958,0.201494098651176,0.157757771640143
21630,0.285387843993494,0.244492632817115,0.183894028697803,0.286225494491588
21631,0.18631368730143,0.178144257954783,0.602641690025731,0.0329003647180554
21632,0.141452481572262,0.244628557966754,0.474827629611949,0.139091330849035
21633,0.226538367256617,0.379405458547242,0.17133583668469,0.222720337511451
21634,0.213468535737515,0.600013369968046,0.136586840598924,0.0499312536955151
21635,0.155588775911743,0.505042890985492,0.264719447051093,0.0746488860516716
21636,0.529499342458077,0.159247038196366,0.188231214222974,0.123022405122583
21637,0.422850985079406,0.364254004822064,0.134871201808298,0.0780238082902319
21638,0.210654071915802,0.301363532908345,0.39320514942129,0.0947772457545629
21639,0.209425659867212,0.534106442737955,0.168826448316322,0.0876414490785112
21640,0.448089112773337,0.372549512981026,0.131108879681034,0.0482524945646028
21641,0.351199283509518,0.167676589085383,0.386536535707196,0.0945875916979031
21642,0.372019176520821,0.330293728376953,0.161291487745422,0.136395607356803
21643,0.131367848121403,0.270440420083472,0.420453433123099,0.177738298672026
21644,0.249196323848072,0.281987265806958,0.250472338783285,0.218344071561686
21645,0.0952047422258442,0.614147485006093,0.169990756115463,0.1206570166526
21646,0.240442876177766,0.16375671610036,0.496321769010869,0.0994786387110041
21647,0.165372374145681,0.260642551819714,0.434594908800294,0.139390165234312
21648,0.348533142764937,0.138997927068902,0.354455666042824,0.158013264123337
21649,0.533234986203775,0.150625082601916,0.235240300866379,0.0808996303279301
21650,0.252225333170577,0.364852901768792,0.221615488859161,0.16130627620147
21651,0.429252067381504,0.12547264093528,0.198069058053943,0.247206233629273
21652,0.0899534580123124,0.146281762898834,0.194769479420612,0.568995299668242
21653,0.615338061976496,0.137573057478066,0.168847882483413,0.0782409980620247
21654,0.612358991429073,0.169882770923287,0.156570977657397,0.0611872599902436
21655,0.261466859112967,0.155095817245824,0.52402927398626,0.0594080496549479
21656,0.4432814331284,0.139083378130324,0.24031239979736,0.177322788943916
21657,0.583288093578419,0.110557670485264,0.152579136519995,0.153575099416322
21658,0.322873630672488,0.127283453154049,0.379706721033113,0.170136195140351
21659,0.507348979646863,0.199794569946383,0.110574123925012,0.182282326481742
21660,0.12687532430579,0.124799912278359,0.321333403712783,0.426991359703069
21661,0.109911547413621,0.391652106028961,0.183152807289908,0.315283539267509
21662,0.0574635588825873,0.569691198357124,0.13409596479987,0.238749277960419
21663,0.193295327561685,0.174546076921931,0.519799659244534,0.112358936271851
21664,0.0405829492173468,0.46788449157415,0.217146708230621,0.274385850977883
21665,0.309581874620173,0.312543971937986,0.162939541567727,0.214934611874114
21666,0.0817698565096353,0.360656538580548,0.296126683422353,0.261446921487464
21667,0.0342620171460119,0.463181977725788,0.289471067313391,0.213084937814809
21668,0.213431818209857,0.273553909594889,0.263535892694781,0.249478379500473
21669,0.321748856736764,0.220915207010892,0.0933644705902006,0.363971465662144
21670,0.146662383013092,0.440540767539347,0.126594795104672,0.286202054342888
21671,0.109633493915396,0.494552192458368,0.346585804026184,0.0492285096000524
21672,0.0636762531210816,0.210101245822969,0.517707646764835,0.208514854291114
21673,0.35936264213465,0.233310639468295,0.0544255057022946,0.35290121269476
21674,0.404907425450967,0.123180304821708,0.284515051015793,0.187397218711532
21675,0.415168878000814,0.139141871926488,0.101543286178183,0.344145963894515
21676,0.0861547373898918,0.58740811836324,0.206410552223163,0.120026592023706
21677,0.508494467589483,0.0643610782188112,0.285262067370571,0.141882386821135
21678,0.133324504862979,0.584971058742442,0.221787164575196,0.0599172718193829
21679,0.158517497159956,0.51146146437582,0.0942394248588129,0.235781613605412
21680,0.25710303350855,0.148054978487118,0.487018031614012,0.10782395639032
21681,0.309687140430486,0.0425171357344871,0.240518783059269,0.407276940775758
21682,0.316462298675959,0.325429457211221,0.0556987526020943,0.302409491510726
21683,0.302348729213196,0.0270644986765391,0.415984990906072,0.254601781204193
21684,0.378634934009969,0.0329349422100607,0.255013818457602,0.333416305322369
21685,0.0911996794530963,0.331928749158761,0.0950891721446791,0.481782399243464
21686,0.0678247958380274,0.535258058640594,0.151009792215975,0.245907353305404
21687,0.18839935995981,0.12693945332893,0.347023161263378,0.337638025447883
21688,0.220602833743879,0.165702367711804,0.0619877959455883,0.551707002598729
21689,0.172113689460142,0.621066150108508,0.0747510921590771,0.132069068272273
21690,0.66872836974916,0.212253753333242,0.0222687790314466,0.0967490978861516
21691,0.138322763179451,0.462513581438117,0.100990653614765,0.298173001767667
21692,0.0295683126285615,0.364755013390181,0.521658005389694,0.0840186685915638
21693,0.0717901311047435,0.654720405849842,0.0579637509325321,0.215525712112883
21694,0.0778516770111215,0.419440952677146,0.123915160508906,0.378792209802826
21695,0.452032873607516,0.267257019965802,0.156537330031847,0.124172776394836
21696,0.528471979528584,0.229083095560627,0.0384655967479245,0.203979328162865
21697,0.517586752357368,0.177595061154172,0.13129754882622,0.17352063766224
21698,0.113427267220405,0.0464948214592119,0.776275682762775,0.0638022285576082
21699,0.225133377059305,0.58111943898403,0.0271376795243174,0.166609504432348
21700,0.2535148020728,0.280345646436106,0.191227391422461,0.274912160068633
21701,0.420989770314902,0.174428148972712,0.123343144129403,0.281238936582983
21702,0.0487536792729961,0.616156470222181,0.106145341109574,0.228944509395248
21703,0.090324925742729,0.450950115695009,0.0534426384443777,0.405282320117885
21704,0.0656122218424741,0.218592767466161,0.433747712813395,0.282047297877971
21705,0.135152020693996,0.0386316127761983,0.425972355956306,0.4002440105735
21706,0.0784426226581077,0.445983783172658,0.0609434236423127,0.414630170526921
21707,0.0721535473787487,0.521215100370889,0.158037488464429,0.248593863785933
21708,0.0414627815432854,0.465661962912157,0.149574038342434,0.343301217202124
21709,0.34607115279693,0.158371859418232,0.0221357153891502,0.473421272395688
21710,0.30931409819868,0.0641086087098509,0.0620342237058547,0.564543069385615
21711,0.0319390384557049,0.477857281807661,0.115024625433938,0.375179054302695
21712,0.0656078752092671,0.375958765515604,0.0464798964854988,0.51195346278963
21713,0.700524952818059,0.0768093041642111,0.0855071142479347,0.137158628769795
21714,0.049350663747326,0.65373771058909,0.0539610465132896,0.242950579150294
21715,0.491314603374895,0.115885120268823,0.186802060142031,0.205998216214251
21716,0.093949047072206,0.137721242295297,0.210189079958632,0.558140630673866
21717,0.254991159125654,0.0289927677530352,0.402347452735378,0.313668620385933
21718,0.361308691046193,0.393877279935129,0.0247141315549472,0.22009989746373
21719,0.210463573999825,0.138235306285302,0.142051532412465,0.509249587302408
21720,0.336533048907223,0.263469604679726,0.0543292153515003,0.34566813106155
21721,0.111950534929493,0.149146773144132,0.457560514926272,0.281342177000103
21722,0.623693857141497,0.180094013208329,0.0399226366369874,0.156289493013187
21723,0.0375585585521655,0.317581049755302,0.180569300867881,0.464291090824652
21724,0.290913821780027,0.206321848872882,0.221065689839625,0.281698639507466
21725,0.0409289182668788,0.147214793007441,0.208584740237114,0.603271548488567
21726,0.0186742009466628,0.334238275523774,0.349600024227044,0.297487499302519
21727,0.192727310807319,0.0555775433601767,0.612982459115364,0.138712686717141
21728,0.0714972643381148,0.104884226461615,0.300284862801307,0.523333646398964
21729,0.213688648592602,0.217617768420176,0.100097982829434,0.468595600157789
21730,0.420498872043046,0.0331296508536006,0.0755195301158044,0.470851946987549
21731,0.226305376644632,0.141936066581253,0.421575209643495,0.21018334713062
21732,0.313257769103199,0.146714799879126,0.0561031465055327,0.483924284512142
21733,0.513744958463959,0.297896085453778,0.0592189889047395,0.129139967177524
21734,0.0248852115056979,0.621525722372903,0.224703032567555,0.128886033553844
21735,0.187186666711455,0.349630540017245,0.03025787851168,0.43292491475962
21736,0.738496517883529,0.0517566018232439,0.073446226423507,0.13630065386972
21737,0.345215082931363,0.214876233903796,0.374615504888098,0.0652931782767437
21738,0.326363929672364,0.324497966037774,0.269016020092522,0.0801220841973395
21739,0.243761626025917,0.309351412024373,0.366470015763024,0.0804169461866865
21740,0.0832499455555466,0.604067917518743,0.248652815610835,0.0640293213148761
21741,0.209059533869954,0.443898440726895,0.1958578722623,0.151184153140851
21742,0.2567312202878,0.241612474636216,0.329122017750705,0.172534287325279
21743,0.36575164794977,0.425158310885607,0.064552982710777,0.144537058453846
21744,0.299021390431473,0.274159181625194,0.353202090973869,0.0736173369694647
21745,0.212322627548431,0.16111955183428,0.425190602462887,0.201367218154402
21746,0.320862254390147,0.413464076038865,0.15037990466909,0.115293764901899
21747,0.641333201203491,0.144746183080554,0.14963397727597,0.0642866384399845
21748,0.292308626078357,0.492765364038172,0.127708492075972,0.0872175178074988
21749,0.120825096320626,0.468630160929388,0.290978755517967,0.119565987232019
21750,0.128834908943434,0.172885570676204,0.459173097937879,0.239106422442484
21751,0.59123064949701,0.100526621176721,0.262686636997491,0.0455560923287786
21752,0.441573696824846,0.124442377024712,0.253493836405776,0.180490089744667
21753,0.317081433266599,0.238382988947067,0.259637833679071,0.184897744107263
21754,0.114544144528051,0.625043811811856,0.0962523832569941,0.164159660403099
21755,0.17649209917448,0.335194861342516,0.295340041715042,0.192972997767963
21756,0.0597235780970693,0.347777646670785,0.133864787644496,0.458633987587651
21757,0.111019277296163,0.534432771550884,0.0136448588001363,0.340903092352817
21758,0.186946460042921,0.191060059460809,0.189290831229126,0.432702649267145
21759,0.365450811057438,0.380399031344513,0.12570397937923,0.128446178218819
21760,0.110541313999478,0.036557164264156,0.402690243816054,0.450211277920312
21761,0.0765852281918753,0.119276072385502,0.470170089385062,0.333968610037561
21762,0.0199196696978715,0.82584344951951,0.0113931132492182,0.142843767533401
21763,0.487065359560265,0.0394739822400285,0.0160257216475898,0.457434936552117
21764,0.287612696534836,0.0316005779673506,0.487195918023407,0.193590807474406
21765,0.483846290149092,0.125869653943894,0.0767294906366734,0.313554565270341
21766,0.0374285297501636,0.381248500836607,0.0237887268413855,0.557534242571844
21767,0.0526737792353207,0.137838001781344,0.338298084459472,0.471190134523864
21768,0.200026667392123,0.258956111199405,0.34034868419451,0.200668537213962
21769,0.170629128307968,0.140097627192078,0.046692664298394,0.64258058020156
21770,0.0552572934616092,0.409779604171835,0.256879380766392,0.278083721600164
21771,0.0144327699632638,0.0817134572080629,0.376145548532918,0.527708224295756
21772,0.0979858367829843,0.311703103314949,0.177485048808932,0.412826011093135
21773,0.103778341015463,0.508223419635112,0.0423523027240273,0.345645936625397
21774,0.0202604553733761,0.102039635468252,0.523594713979734,0.354105195178639
21775,0.226938807391489,0.299063019936328,0.225525837886386,0.248472334785797
21776,0.330231811792877,0.344241413544477,0.118285340682599,0.207241433980048
21777,0.0418734709253914,0.0262278098161174,0.701833031860858,0.230065687397633
21778,0.392234537463298,0.136673574560445,0.135499440090822,0.335592447885435
21779,0.254975892464942,0.324248090881186,0.0943362783424663,0.326439738311406
21780,0.216484824532865,0.088988376955416,0.413981947896688,0.280544850615031
21781,0.115492494681768,0.0786712873257324,0.566199591284212,0.239636626708288
21782,0.471841075134166,0.0234888507422439,0.360621774744014,0.144048299379576
21783,0.299125545474896,0.0547295756550926,0.191920851217574,0.454224027652438
21784,0.601992075181476,0.177614048911645,0.0753207727238836,0.145073103182995
21785,0.0775989888743697,0.652905340862255,0.193699968836851,0.0757957014265237
21786,0.0684653390361081,0.0575041076547656,0.317232820937702,0.556797732371425
21787,0.0489384762640765,0.743461549242111,0.0601655432990991,0.147434431194714
21788,0.356114136136688,0.291780324294574,0.0416360109675196,0.310469528601218
21789,0.0840459385617285,0.246110537273395,0.222943266235888,0.446900257928989
21790,0.636231860680197,0.0865184087821147,0.0579771873035582,0.219272543234131
21791,0.288275212005482,0.132298170875151,0.153826541806676,0.42560007531269
21792,0.0615055278148651,0.292947992446611,0.413737233235538,0.231809246502986
21793,0.0997178508813256,0.239753350262424,0.506843993341889,0.153684805514362
21794,0.039213559184658,0.643459690162096,0.209191957556054,0.108134793097193
21795,0.287567842901182,0.0160192406407683,0.567172773446865,0.129240143011185
21796,0.263229561459178,0.222726433841007,0.18133431057287,0.332709694126945
21797,0.280865195830711,0.379219330821437,0.128991041553562,0.21092443179429
21798,0.440900220579294,0.0446174061198654,0.241555915962053,0.272926457338787
21799,0.0529366482889694,0.050154917718176,0.275359493056266,0.621548940936589
21800,0.0840810854676206,0.0731226502065791,0.376628388795197,0.466167875530603
21801,0.140297051105203,0.138047945141756,0.182975883128892,0.538679120624149
21802,0.0226235635697959,0.156765721594965,0.472226233578884,0.348384481256355
21803,0.0820504793972355,0.0931618635422305,0.584397898613855,0.240389758446679
21804,0.189996087460286,0.485315682358555,0.0804443197951423,0.244243910386017
21805,0.512313523031038,0.0640437550495878,0.106163163159934,0.317479558759441
21806,0.0889257066404556,0.400445230805681,0.155788630836799,0.354840431717064
21807,0.161371345926284,0.350069412515317,0.137116452127066,0.351442789431334
21808,0.188708401272499,0.0799347478452813,0.141272853340416,0.590083997541804
21809,0.566848119979749,0.0355367111398273,0.0648599412498702,0.332755227630553
21810,0.810882592071012,0.0320476184035079,0.0872647045792103,0.0698050849462703
21811,0.292650967244688,0.496298283240037,0.132646244994582,0.0784045045206935
21812,0.134889074319843,0.0433030716378145,0.467323025105889,0.354484828936454
21813,0.296816245589992,0.410036404126045,0.126683963885109,0.166463386398855
21814,0.195402176975708,0.34928252079155,0.32677450148599,0.128540800746752
21815,0.3525748161923,0.071402287907457,0.331614006596462,0.24440888930378
21816,0.362899433325303,0.386221357442562,0.106533393615495,0.14434581561664
21817,0.115466389509758,0.151902265803306,0.632432818964753,0.100198525722184
21818,0.054576672898887,0.0672934853148707,0.538065487369644,0.340064354416599
21819,0.356924044929619,0.232930310851656,0.0871001545633296,0.323045489655395
21820,0.68645655119716,0.129594870333162,0.101799859366201,0.0821487191034767
21821,0.13534113140078,0.137758284251847,0.604738835462265,0.122161748885107
21822,0.432410097868131,0.417847177841997,0.078184294806478,0.0715584294833939
21823,0.137123822877339,0.446672264812128,0.206845731096215,0.209358181214318
21824,0.183521453743499,0.408730982822053,0.278918234370501,0.128829329063947
21825,0.0430747984328873,0.502350499248085,0.11509377472007,0.339480927598958
21826,0.249947803700016,0.348048306762531,0.323812654094753,0.0781912354426995
21827,0.0444539634859784,0.0676596367786079,0.817877836180211,0.0700085635552027
21828,0.0772443655629304,0.486692785696865,0.174808682410281,0.261254166329923
21829,0.142270337948374,0.163938574334285,0.550642722608821,0.14314836510852
21830,0.112761292914805,0.0935112301319364,0.578631687652825,0.215095789300434
21831,0.266220902012505,0.306915936289692,0.151235500535868,0.275627661161935
21832,0.259602770271751,0.398780303609101,0.0457514841646316,0.295865441954517
21833,0.593845152336005,0.0756111596674316,0.186338976331625,0.144204711664938
21834,0.636633047922501,0.136119188295322,0.0855035467405407,0.141744217041637
21835,0.0771261612857417,0.469852194756696,0.118500715547016,0.334520928410547
21836,0.0504555343514836,0.144664437355556,0.548437756722549,0.256442271570411
21837,0.109447232457619,0.0482656814634612,0.53784951323253,0.30443757284639
21838,0.248191672444248,0.0757464357945238,0.494113110522251,0.181948781238978
21839,0.0903198250994595,0.552482771763742,0.159164115477496,0.198033287659303
21840,0.716309313332432,0.033147278865292,0.134480359465707,0.116063048336569
21841,0.513605357818459,0.12633203786588,0.0941724433780941,0.265890160937567
21842,0.0371408926418371,0.271344642687921,0.559536221143971,0.131978243526271
21843,0.550396121345429,0.0891190697921677,0.0872515857571102,0.273233223105293
21844,0.0318852146195933,0.609291146972531,0.12731084132326,0.231512797084615
21845,0.269409556264564,0.121989802620451,0.299212605993302,0.309388035121683
21846,0.0900582867908562,0.505556983675752,0.140890070196743,0.263494659336649
21847,0.329385580155081,0.0832755615703546,0.384917088280461,0.202421769994103
21848,0.0784609283532666,0.210796765946561,0.0420059403618769,0.668736365338295
21849,0.570372985981332,0.233746907188918,0.0440665137804705,0.15181359304928
21850,0.554501237716305,0.0999546186267878,0.0510532956507422,0.294490848006165
21851,0.152328404745777,0.642327128524243,0.0756546518752776,0.129689814854702
21852,0.432290708312621,0.128772630171311,0.250218234113137,0.188718427402931
21853,0.113973696231583,0.207622464958579,0.462756778464059,0.215647060345779
21854,0.39573840726788,0.153220846700947,0.17438382434648,0.276656921684693
21855,0.101336038138721,0.528017831579524,0.129371923104855,0.241274207176901
21856,0.499030028593935,0.118210998784553,0.297112029497759,0.0856469431237526
21857,0.0943410285924969,0.639368749180657,0.08131959690104,0.184970625325806
21858,0.583765661089189,0.0784983437550868,0.0645506625080196,0.273185332647705
21859,0.601385400961261,0.0788197940846696,0.0904748510597586,0.229319953894311
21860,0.657361271160684,0.163989091428032,0.0963283301573872,0.0823213072538976
21861,0.246491455366936,0.131144744917401,0.53243791163713,0.0899258880785333
21862,0.0445461281051146,0.438372279049737,0.364951725634756,0.152129867210392
21863,0.0617530439172691,0.361754866304555,0.20763659387739,0.368855495900787
21864,0.220389796441378,0.633762619527128,0.0436334589467426,0.102214125084752
21865,0.121936118688137,0.2890734599787,0.46909967045848,0.119890750874683
21866,0.198571808049918,0.128396014728143,0.544694739587005,0.128337437634934
21867,0.0501258969468312,0.0980437016440537,0.281131518702703,0.570698882706413
21868,0.149997429581727,0.103919316469418,0.550865998864031,0.195217255084824
21869,0.280376156743059,0.0890085321608883,0.198089646638417,0.432525664457636
21870,0.280825897106128,0.246213625306841,0.194238010971938,0.278722466615093
21871,0.604304571537995,0.168829031296611,0.0647130367510549,0.162153360414338
21872,0.0841855859940241,0.384683773560443,0.425805628549653,0.10532501189588
21873,0.389391664343427,0.358394063256342,0.193286400277879,0.0589278721223526
21874,0.149273490335141,0.626913588903468,0.125547072851313,0.0982658479100783
21875,0.392057661767956,0.360029008710743,0.0684385438115525,0.179474785709748
21876,0.522252765306294,0.13092198355085,0.23774103734568,0.109084213797176
21877,0.0893782466096944,0.409924893662424,0.147303659632542,0.353393200095339
21878,0.312635609985382,0.540604042378584,0.0897094045785761,0.0570509430574585
21879,0.407242091895469,0.227840575756012,0.0702074942744332,0.294709838074086
21880,0.41404323995631,0.184963267653795,0.301632124974508,0.0993613674153869
21881,0.138378636533152,0.370509419188946,0.214446014404476,0.276665929873426
21882,0.224565106560023,0.270199115861063,0.210876553715756,0.294359223863158
21883,0.0689833267120663,0.390722716272153,0.254598198420541,0.28569575859524
21884,0.159158990383518,0.542997474545481,0.0546003484518996,0.243243186619102
21885,0.0980163664383262,0.379568571612552,0.0943414098763482,0.428073652072774
21886,0.285876805781285,0.312735339692606,0.11306846100907,0.28831939351704
21887,0.220903417933107,0.108427904134458,0.474360758815429,0.196307919117006
21888,0.0649432606860703,0.345569514485656,0.47467406948873,0.114813155339544
21889,0.123156313505627,0.286634964163618,0.291832292100638,0.298376430230118
21890,0.188499680778313,0.218720364945016,0.224042722461557,0.368737231815114
21891,0.511048057575142,0.0369965320755107,0.323152910353912,0.128802499995436
21892,0.0662120732099363,0.371561854737856,0.0834039407973289,0.478822131254879
21893,0.12489813371244,0.373465520854944,0.0773028041446847,0.424333541287931
21894,0.17802329105495,0.0901294135796969,0.219944764840851,0.511902530524502
21895,0.037032446791142,0.0530601621933071,0.763350285543903,0.146557105471648
21896,0.347765664479043,0.167658605668624,0.261338265891183,0.223237463961151
21897,0.20467809900925,0.355986214208332,0.225301117374923,0.214034569407495
21898,0.173351930730858,0.222352007536289,0.344741055950569,0.259555005782284
21899,0.281669609569756,0.0956370113181186,0.504448109922981,0.118245269189145
21900,0.0637370008922742,0.0958619628379439,0.0953578976619627,0.745043138607819
21901,0.197410367827564,0.635524840995475,0.0284548412196278,0.138609949957333
21902,0.0586949881327012,0.126231113910226,0.555152516989033,0.25992138096804
21903,0.0700484685031537,0.098696109695903,0.492537207143392,0.338718214657551
21904,0.250281811259746,0.0644005548115862,0.268339511838462,0.416978122090206
21905,0.0225249126551971,0.494979944949607,0.256275835501957,0.226219306893239
21906,0.0831089305483429,0.228868902977483,0.091794446388616,0.596227720085559
21907,0.062505602119366,0.352123917710066,0.140964901583568,0.444405578587
21908,0.29560011879788,0.190930412706977,0.264945020119491,0.248524448375652
21909,0.311406042614844,0.109391980512612,0.338576635318363,0.240625341554181
21910,0.467332056871927,0.12694607623816,0.155585427899379,0.250136438990534
21911,0.141290527228144,0.628895545935258,0.136423093122546,0.0933908337140511
21912,0.14533269840861,0.569255673026549,0.0430167052562711,0.24239492330857
21913,0.131489617932704,0.517916128483263,0.107429007490932,0.243165246093101
21914,0.120765516814164,0.122442502926618,0.180923433199257,0.575868547059961
21915,0.30544910154112,0.0645759084003548,0.334103588074417,0.295871401984108
21916,0.0461171827857508,0.0923043732795171,0.297183142981882,0.56439530095285
21917,0.150053514039748,0.13498511985946,0.260218796876624,0.454742569224168
21918,0.0979546579635845,0.082761827930178,0.723834515808852,0.0954489982973856
21919,0.17337247559073,0.0868790885068264,0.580439478443527,0.159308957458917
21920,0.256905411170468,0.144556026182021,0.161084445197212,0.437454117450299
21921,0.113218747385745,0.632601185286672,0.114782512756786,0.139397554570797
21922,0.475391037039572,0.230239020889196,0.0504543275947838,0.243915614476448
21923,0.182213507003922,0.0725744152101154,0.254376910934481,0.490835166851482
21924,0.215596226697951,0.0763767563509685,0.298975027957695,0.409051988993385
21925,0.594427736875812,0.0686606889775241,0.146377571947731,0.190534002198934
21926,0.430157879678108,0.109412676462498,0.0866277691824829,0.373801674676911
21927,0.0900168807331744,0.14434272127794,0.575969073267629,0.189671324721257
21928,0.0770031370590475,0.683206485652092,0.0423461176367114,0.197444259652149
21929,0.0477508909167454,0.0548940532908408,0.104008541843462,0.793346513948952
21930,0.0173835125619854,0.349740805966609,0.148283224221541,0.484592457249864
21931,0.104832059078745,0.325687968358492,0.0413730853086109,0.528106887254152
21932,0.0845757417100446,0.0505259885503362,0.450553743503772,0.414344526235847
21933,0.0589525383281779,0.502648351327605,0.0392688552717983,0.399130255072419
21934,0.0881865462540214,0.318955038481346,0.127827499873759,0.465030915390874
21935,0.0693053521903239,0.157770551996044,0.0673788709233227,0.705545224890309
21936,0.107433008410044,0.171932567960866,0.0756276185543818,0.645006805074708
21937,0.0603958754402569,0.130328435922964,0.586669794613273,0.222605894023506
21938,0.0175927525988947,0.430694832773547,0.121439083167661,0.430273331459897
21939,0.0338188525027425,0.267821935203297,0.0523532009676265,0.646006011326334
21940,0.433968530557951,0.12981801278792,0.0813596093503954,0.354853847303734
21941,0.0651994710745598,0.0313732820308263,0.138313203327244,0.76511404356737
21942,0.0858049204267008,0.767150059340362,0.0581405895250346,0.0889044307079026
21943,0.0397178769075939,0.307089680078571,0.0296356903468705,0.623556752666965
21944,0.0649076931195592,0.359774303332229,0.301253599457942,0.274064404090269
21945,0.0621636395526225,0.232040016482655,0.0336485254153291,0.672147818549394
21946,0.432304988358717,0.200177329533732,0.101035761358824,0.266481920748726
21947,0.412109974323863,0.224495135741338,0.115699065321858,0.247695824612941
21948,0.0894273469299669,0.481889878651858,0.188688642906413,0.239994131511762
21949,0.110487315077576,0.339160163431544,0.137196234398293,0.413156287092587
21950,0.147086539815597,0.483690734123616,0.096346854343172,0.272875871717615
21951,0.0984836567011268,0.245208931930826,0.304425965978374,0.351881445389673
21952,0.398868709232045,0.0654971783918721,0.0843756209858419,0.451258491390241
21953,0.470430642297108,0.177830581438763,0.0727263247076269,0.279012451556502
21954,0.203471484456124,0.0729664286155183,0.0905133094146412,0.633048777513717
21955,0.393273336966034,0.0615480294456602,0.192953454647804,0.352225178940501
21956,0.0279159609977471,0.115110537525694,0.161350478643805,0.695623022832755
21957,0.418753448425558,0.110987610986209,0.19826260689292,0.271996333695312
21958,0.0284533193392636,0.749946811349308,0.086211366913017,0.135388502398411
21959,0.0715107923654918,0.0894632182669688,0.0749571900185489,0.764068799348991
21960,0.107740428572636,0.597856145923566,0.0342811434815817,0.260122282022216
21961,0.178902231383369,0.172446272203873,0.318621338873548,0.33003015753921
21962,0.693644761389406,0.0971656452579908,0.0848534796392574,0.124336113713346
21963,0.0961413929923228,0.527020246441435,0.241153700699472,0.13568465986677
21964,0.119524868282736,0.0367511754840466,0.714153696214792,0.129570260018425
21965,0.0829915339691468,0.0728446456340209,0.307972008153492,0.536191812243341
21966,0.0749520257684203,0.0446660043752709,0.396541632027229,0.48384033782908
21967,0.498581919241919,0.027738695824404,0.23791336374839,0.235766021185288
21968,0.153581117144982,0.591140817517317,0.0527552423811212,0.20252282295658
21969,0.017792081826348,0.156581673352279,0.21428653414131,0.611339710680063
21970,0.167029101991359,0.196952992498846,0.126876848029311,0.509141057480484
21971,0.206146131627929,0.32942823362343,0.341104857564749,0.123320777183893
21972,0.377611229970122,0.121545168119484,0.132899411446013,0.367944190464382
21973,0.426204850749223,0.178546143641662,0.0453775485179385,0.349871457091177
21974,0.516640537131171,0.172847825113298,0.0489188379475834,0.261592799807947
21975,0.0339497771656626,0.0857560339993864,0.278548680672868,0.601745508162083
21976,0.359591849687438,0.258436508841705,0.251570673138578,0.13040096833228
21977,0.137790943898756,0.409778008763108,0.159132262888061,0.293298784450075
21978,0.26006538919098,0.0415976755468572,0.275179540656066,0.423157394606097
21979,0.246085665396528,0.182021006660693,0.0494027800441743,0.522490547898604
21980,0.0764279503539476,0.584123840263746,0.0663171686374823,0.273131040744825
21981,0.0864430282773091,0.567002978774839,0.149978160099682,0.19657583284817
21982,0.108460658887029,0.220856347436816,0.180734978221496,0.489948015454659
21983,0.0291910687194473,0.0593919671303975,0.23726705758762,0.674149906562535
21984,0.0972172751013387,0.276352651829561,0.157298689239657,0.469131383829444
21985,0.0584340302749124,0.478940606254303,0.159913605164524,0.302711758306261
21986,0.154171566105999,0.150971406747658,0.540045124082323,0.15481190306402
21987,0.0465785050347235,0.373384068582946,0.163213472350906,0.416823954031424
21988,0.270883157093692,0.240847941488166,0.139450882175255,0.348818019242887
21989,0.0936576477475371,0.271305592836327,0.258322366261665,0.376714393154471
21990,0.0377746025267106,0.401737024843673,0.246723858736622,0.313764513892994
21991,0.183441291915564,0.208179701458532,0.240097978759258,0.368281027866646
21992,0.246442959531373,0.145081728314115,0.0876469071245446,0.520828405029967
21993,0.125593655089172,0.354536219138142,0.133538416190775,0.38633170958191
21994,0.120201447667939,0.462044454604773,0.35170579245318,0.0660483052741078
21995,0.0906346139108851,0.156094954995323,0.467051548635662,0.286218882458129
21996,0.293701951918837,0.18303122449452,0.0553904619636556,0.467876361622987
21997,0.353171941531181,0.10936035272532,0.267211949926669,0.27025575581683
21998,0.318577989129061,0.100848723179525,0.0932436208145023,0.487329666876912
21999,0.0907363567598743,0.575009209095654,0.179076561034185,0.155177873110287
22000,0.471333388565787,0.0761184813164994,0.256314729382112,0.196233400735602
22001,0.135591852718914,0.588373465847981,0.189241268016749,0.086793413416355
22002,0.116579130600166,0.44476579756431,0.102878742150753,0.335776329684771
22003,0.0645624993386407,0.224272244325033,0.483760667746621,0.227404588589705
22004,0.559020805327816,0.159803357329812,0.0950662302368083,0.186109607105563
22005,0.370330577054703,0.0801135931664187,0.170533150278323,0.379022679500556
22006,0.0472489916109963,0.313873677653209,0.213476003826809,0.425401326908986
22007,0.213586959268867,0.361428995871574,0.160016217930518,0.264967826929041
22008,0.0452526673346361,0.173030268932796,0.462708821984885,0.319008241747683
22009,0.352794080449243,0.12832680006948,0.183823971001393,0.335055148479884
22010,0.135204698195403,0.40301573242629,0.0716747976844333,0.390104771693874
22011,0.0705139376558231,0.42881479430633,0.155541823760374,0.345129444277473
22012,0.235220775825409,0.0933031663575511,0.144438483115101,0.527037574701939
22013,0.354261139721397,0.12387289300377,0.230902804509593,0.29096316276524
22014,0.116304000625227,0.108082603948084,0.617098938819514,0.158514456607176
22015,0.0700170433875364,0.0895745700631847,0.327475920961897,0.512932465587382
22016,0.0490173563085817,0.418503663662414,0.0560409495216795,0.476438030507325
22017,0.0740685682330879,0.713159994326463,0.0434740969717451,0.169297340468705
22018,0.293354693567478,0.157345002228977,0.26912813567978,0.280172168523766
22019,0.172779098329582,0.0968647303858658,0.264335976196287,0.466020195088266
22020,0.109460331143026,0.089703500201082,0.347457155873453,0.453379012782439
22021,0.0470281548570025,0.280085478067015,0.280909056959454,0.391977310116528
22022,0.579961492277464,0.0532836186548321,0.15780518982095,0.208949699246755
22023,0.35694854262909,0.0507554191466161,0.297134993962838,0.295161044261456
22024,0.339442110879668,0.0493948061658032,0.134140840808622,0.477022242145907
22025,0.418542662093789,0.195976074205112,0.0513560860847682,0.334125177616331
22026,0.652902267470583,0.0839179547257567,0.0361189075235907,0.22706087028007
22027,0.244784635517646,0.212246890176034,0.0690951175558814,0.473873356750439
22028,0.398624686980914,0.0741539140521775,0.0315595299288167,0.495661869038092
22029,0.0397157238978216,0.0800224233968597,0.0647625340457718,0.815499318659547
22030,0.623554993926915,0.0193921206693424,0.208284697020354,0.148768188383389
22031,0.200875311634022,0.158781494611396,0.0545074223535545,0.585835771401027
22032,0.0533105561048612,0.177340009062774,0.0433118827644295,0.726037552067935
22033,0.0522499257257444,0.0899423756754912,0.753489650934774,0.104318047663991
22034,0.716050381461795,0.0651240984435971,0.0452139206962717,0.173611599398336
22035,0.191044642606489,0.093228249683266,0.100175419888671,0.615551687821573
22036,0.536066207584277,0.175743800513781,0.0536220099924895,0.234567981909453
22037,0.112333156791962,0.142516809247835,0.0338004552606345,0.711349578699568
22038,0.0880579333576338,0.289896869003359,0.045114572107029,0.576930625531979
22039,0.429014226290436,0.333086456746875,0.0140231693749037,0.223876147587785
22040,0.124142676313665,0.38330516057755,0.148405566164165,0.34414659694462
22041,0.173781007769098,0.0756042639220545,0.543420808297901,0.207193920010947
22042,0.228071886152289,0.264649346093342,0.269181105593598,0.238097662160771
22043,0.195212151719089,0.53412563506449,0.0967583871230943,0.173903826093327
22044,0.0721705224224273,0.150477777011251,0.431777688795052,0.34557401177127
22045,0.0732799956943147,0.546971998954999,0.0830481063260108,0.296699899024676
22046,0.149638850378657,0.28269842369167,0.278515617971388,0.289147107958286
22047,0.155360441571862,0.497166062105523,0.0713556149128085,0.276117881409807
22048,0.10105336395247,0.760877190948948,0.0301002297598764,0.107969215338706
22049,0.152884555060074,0.565683976166896,0.0629758518759471,0.218455616897082
22050,0.171843106928366,0.321724413887374,0.404554843784666,0.101877635399594
22051,0.0591662575543195,0.1003589518942,0.594402192656237,0.246072597895243
22052,0.191242677816731,0.451393273453614,0.154177754184317,0.203186294545337
22053,0.0244346378743918,0.756042458660931,0.117179841457149,0.102343062007529
22054,0.0923320819885822,0.0835333042729479,0.667696291550742,0.156438322187728
22055,0.16261279101629,0.13852119482818,0.529462945129989,0.169403069025541
22056,0.199139036083414,0.0899805557197282,0.570452515785807,0.140427892411051
22057,0.290084295197596,0.19704180785655,0.240268145878103,0.272605751067752
22058,0.247494078788394,0.596699459699752,0.0826583411323798,0.0731481203794741
22059,0.17075200556375,0.484135003043502,0.120628695181055,0.224484296211692
22060,0.185753444442486,0.226912678422224,0.0775022212382188,0.509831655897072
22061,0.104250664040439,0.182219830193141,0.376058545758769,0.337470960007651
22062,0.205607913742193,0.265494900238748,0.348033671828961,0.180863514190098
22063,0.022885323084228,0.645033522564409,0.190756037088908,0.141325117262455
22064,0.432153214274842,0.217438537603165,0.133319846006841,0.217088402115152
22065,0.121273643830806,0.144500377870481,0.385831329370025,0.348394648928688
22066,0.454866517072744,0.122756365835999,0.0917814600951582,0.330595656996099
22067,0.363044426847628,0.212920931439821,0.0515151174417317,0.372519524270819
22068,0.136789004961161,0.7489891271283,0.0192046337664225,0.0950172341441172
22069,0.0421524829749852,0.495557399998365,0.0789003611431319,0.383389755883518
22070,0.448452490177776,0.0359454158773549,0.10621971428104,0.409382379663829
22071,0.330945807728673,0.203097512331051,0.0746441193936728,0.391312560546604
22072,0.0433497553083196,0.609322031603924,0.259602804729327,0.0877254083584293
22073,0.110456041549301,0.123247011872955,0.264463561710021,0.501833384867723
22074,0.0458033105858634,0.660711391063829,0.160878487117486,0.132606811232822
22075,0.0528419580137098,0.274553327470659,0.175485293344987,0.497119421170644
22076,0.678419605906304,0.136166870030084,0.0640552453208055,0.121358278742806
22077,0.180984976314705,0.0850014167127449,0.0874319433930305,0.64658166357952
22078,0.399732035202227,0.139225113039329,0.0855247650946066,0.375518086663837
22079,0.435224268423537,0.0240991145354011,0.0511249707967478,0.489551646244314
22080,0.0868751377810026,0.0487097775698615,0.475638314228946,0.38877677042019
22081,0.0921819747395153,0.594481138784792,0.093001652418264,0.220335234057429
22082,0.636309570476614,0.117115904120535,0.070013283696086,0.176561241706766
22083,0.0175496486326372,0.548624160921713,0.111863791306314,0.321962399139336
22084,0.151569174150788,0.0807963336291821,0.0317507810707267,0.735883711149303
22085,0.278848518879826,0.0957206264140914,0.140960441432533,0.48447041327355
22086,0.0249240958541149,0.381563681982221,0.0240152034683976,0.569497018695266
22087,0.0256522631413282,0.0391505240184808,0.466309313346617,0.468887899493574
22088,0.0638033793875184,0.0775278309574599,0.0930401887041121,0.76562860095091
22089,0.00870202871066572,0.510722674401329,0.138466725242567,0.342108571645438
22090,0.0689055510023826,0.146327769886111,0.209016397373378,0.575750281738128
22091,0.0380001745517894,0.0989032020670317,0.662286770956873,0.200809852424306
22092,0.698656044282836,0.13066613315135,0.0221111835198413,0.148566639045972
22093,0.0462263656868395,0.0840142021513775,0.506283337410508,0.363476094751275
22094,0.0758365992961619,0.0627331889049233,0.302498762697642,0.558931449101273
22095,0.0344277119623553,0.264276683936731,0.105503432588853,0.595792171512062
22096,0.132170365315441,0.0165322163135872,0.684394999344536,0.166902419026435
22097,0.504615379327691,0.0163918168946263,0.0456364317646008,0.433356372013082
22098,0.310898149601212,0.0636083235555176,0.469531157205376,0.155962369637894
22099,0.0392009014649481,0.365510368866789,0.245227813371358,0.350060916296904
22100,0.068527554338441,0.181942680406362,0.584920229713836,0.164609535541361
22101,0.472966709523444,0.223603018624638,0.0927172519103857,0.210713019941532
22102,0.0876234911435503,0.398162673764815,0.118809245568572,0.395404589523062
22103,0.304765125222495,0.263297216990973,0.196047130643485,0.235890527143047
22104,0.385484351392417,0.287925783787961,0.0661501849749821,0.26043967984464
22105,0.02695435018025,0.339560326389257,0.287458093340659,0.346027230089835
22106,0.718640953698448,0.124815311643881,0.0298208214520927,0.126722913205579
22107,0.108085976545308,0.0699658909318811,0.547571580493496,0.274376552029315
22108,0.314158940477191,0.0975612050421669,0.280703064448154,0.307576790032488
22109,0.270317688697018,0.425189588457728,0.130641471296199,0.173851251549055
22110,0.0833034852267416,0.0796146325490357,0.20954452365519,0.627537358569033
22111,0.402329878702974,0.132704539821984,0.126764662949894,0.338200918525148
22112,0.0370983524983884,0.214751147656205,0.458443974095089,0.289706525750318
22113,0.0628910499725219,0.45455560965545,0.202040132592507,0.280513207779521
22114,0.214900357293356,0.107421028381645,0.208499995217343,0.469178619107657
22115,0.176642163576917,0.138162876065603,0.0764528246402372,0.608742135717243
22116,0.0504114936100314,0.165964262246174,0.534996946478705,0.24862729766509
22117,0.254109141212351,0.0829720764718284,0.541552810640667,0.121365971675154
22118,0.67133154350306,0.0860542282475246,0.0893626116492331,0.153251616600182
22119,0.0641207502514665,0.592414407977883,0.110183692302289,0.233281149468362
22120,0.140175455470398,0.0921353855736166,0.480696319643026,0.286992839312959
22121,0.0449760751479889,0.299421781888066,0.17165596341098,0.483946179552966
22122,0.0984976851576136,0.345558943640554,0.450379620097487,0.105563751104346
22123,0.0957438067155144,0.387533643481086,0.265074931924536,0.251647617878864
22124,0.0444511158877911,0.382912860516266,0.298798711024196,0.273837312571747
22125,0.254369197551052,0.127251494768222,0.134607556196869,0.483771751483858
22126,0.18693915003549,0.134037671700982,0.280210725686282,0.398812452577246
22127,0.58582730763656,0.152881213669394,0.0935944702094853,0.167697008484561
22128,0.380210487307193,0.215121739759162,0.163247777258171,0.241419995675475
22129,0.0366524245028771,0.102653181587913,0.136357680377705,0.724336713531506
22130,0.0631068811169056,0.241044483742243,0.514100065161275,0.181748569979577
22131,0.706961813565821,0.089161443345108,0.108727602279796,0.0951491408092748
22132,0.0748868650542673,0.183753460335786,0.490616162300028,0.250743512309919
22133,0.0466435751472742,0.114598519369939,0.560451250852952,0.278306654629835
22134,0.372634142332962,0.135715859374655,0.117199036011816,0.374450962280567
22135,0.64511317454244,0.0416283377085815,0.0479801725768552,0.265278315172123
22136,0.288320312658081,0.135373993837049,0.0581813557838987,0.518124337720972
22137,0.291131686214426,0.0716779583276065,0.163212959645581,0.473977395812387
22138,0.266871752903214,0.183685135632554,0.130600444514362,0.418842666949871
22139,0.104920724977253,0.412500102494897,0.133112693943564,0.349466478584285
22140,0.0364634494301557,0.0375560887508494,0.355909372003368,0.570071089815627
22141,0.028002457467213,0.192897006621163,0.165164265165115,0.613936270746509
22142,0.146364538927867,0.0591589353344538,0.620282337416713,0.174194188320967
22143,0.233210219191976,0.10875337720259,0.201998708043492,0.456037695561942
22144,0.0193924137611897,0.235470434980819,0.547984602970946,0.197152548287045
22145,0.0573181173795795,0.113682471583416,0.265804728052725,0.56319468298428
22146,0.219175687371383,0.0417092642277108,0.29458419389572,0.444530854505186
22147,0.368314882930086,0.0562067206417819,0.130376722460434,0.445101673967698
22148,0.241104635442865,0.0736459912588299,0.115818091250674,0.569431282047631
22149,0.0478462388056509,0.288456994614032,0.020456962185598,0.643239804394719
22150,0.0585171121865244,0.0574337781153753,0.753934399147486,0.130114710550614
22151,0.169702242823084,0.0365289605378076,0.321939661387082,0.471829135252027
22152,0.190120999133035,0.0546315330595377,0.0278226364844376,0.72742483132299
22153,0.0268619894566051,0.265352458043232,0.517989215129677,0.189796337370486
22154,0.0654437025493965,0.395441603172992,0.120539806193022,0.41857488808459
22155,0.111862424876381,0.18294074223621,0.351740124736172,0.353456708151237
22156,0.0637626016948533,0.474669562215049,0.0765147249653804,0.385053111124717
22157,0.0867971863539114,0.271298875671612,0.341254384344611,0.300649553629866
22158,0.0669233051116129,0.3549494801375,0.135133941936582,0.442993272814305
22159,0.111621706135137,0.179575075033023,0.434253122116522,0.274550096715318
22160,0.13797586634372,0.259430048418844,0.118664111751429,0.483929973486006
22161,0.0583658786681897,0.234761877542163,0.165472669685012,0.541399574104635
22162,0.0980128752887171,0.234680207503781,0.232507941739391,0.434798975468111
22163,0.397014780416682,0.0761990598707912,0.0527656936305549,0.474020466081972
22164,0.0412378036423367,0.0348665094224379,0.466199433779547,0.457696253155678
22165,0.0642040969459664,0.449994753370456,0.121321102310989,0.364480047372588
22166,0.433227947339165,0.387953359634143,0.0560540394636646,0.122764653563027
22167,0.341888173342472,0.205294094408763,0.16989883187538,0.282918900373385
22168,0.112718973722136,0.16966070388398,0.253843373115629,0.463776949278256
22169,0.310584036327085,0.0451874289769068,0.188908295798679,0.45532023889733
22170,0.0557319550340874,0.189938002514571,0.569207339067996,0.185122703383346
22171,0.0638398298059367,0.294356581401233,0.27911197082751,0.362691617965321
22172,0.0803214812606111,0.159761308671561,0.0657828537541136,0.694134356313714
22173,0.168911052718826,0.494337763060237,0.0560498518060083,0.280701332414929
22174,0.553681514461896,0.117711333176883,0.0798405127047769,0.248766639656445
22175,0.0637499328206041,0.47395476325923,0.159964245006952,0.302331058913214
22176,0.297626676028525,0.0811503028211139,0.312297426194258,0.308925594956103
22177,0.167297088977049,0.0708865184770826,0.195819121108078,0.56599727143779
22178,0.179772657148586,0.376168969555851,0.116626832618446,0.327431540677118
22179,0.0440627804350249,0.367155383796846,0.0492560950025919,0.539525740765538
22180,0.216641715716136,0.0780730833241343,0.556275339395151,0.149009861564579
22181,0.103538631612354,0.538466865873486,0.0879251977902715,0.270069304723889
22182,0.361465201403619,0.0995495082906378,0.259463480173168,0.279521810132575
22183,0.201322576307326,0.497668080477765,0.0840231942834106,0.216986148931499
22184,0.338894830421333,0.0516245533727063,0.077736741343729,0.531743874862232
22185,0.120340011203561,0.298398256135932,0.0471809108069946,0.534080821853513
22186,0.0560412425286963,0.466909305808342,0.0932893664408823,0.38376008522208
22187,0.0655351724342858,0.125589395024578,0.0646568484142602,0.744218584126876
22188,0.266986691955722,0.122938850561574,0.263015222802259,0.347059234680444
22189,0.155649622250563,0.0335705850120994,0.439711249244094,0.371068543493244
22190,0.049401062834152,0.426912761755266,0.144066622540762,0.37961955286982
22191,0.206194376054284,0.102319782359869,0.550666091919099,0.140819749666748
22192,0.111321687566858,0.164221872542897,0.254269427087678,0.470187012802567
22193,0.0670137886091392,0.191588199966364,0.103763912397434,0.637634099027063
22194,0.238655397782206,0.297702679682323,0.0165591052277143,0.447082817307756
22195,0.227355369989879,0.578668598129728,0.119655812297728,0.0743202195826652
22196,0.266712602617053,0.0217550948948376,0.0784959804836182,0.633036322004491
22197,0.085553579495059,0.424867212526712,0.0279236655863191,0.46165554239191
22198,0.0397774311466915,0.0277857585089861,0.0658998700664045,0.866536940277918
22199,0.692698607193265,0.0598254058264917,0.0459333887814388,0.201542598198805
22200,0.372379160819415,0.0677871176364517,0.106432337731285,0.453401383812849
22201,0.180399145071739,0.45458882304379,0.140653657369434,0.224358374515037
22202,0.614832136622402,0.172301415003905,0.0370026294277648,0.175863818945928
22203,0.531121174311529,0.267991445608992,0.0440664449479342,0.156820935131545
22204,0.0625637116326427,0.273947950466187,0.0149814699554151,0.648506867945755
22205,0.289092193618997,0.240866284504876,0.0984374017190646,0.371604120157062
22206,0.0423697241864597,0.117799221452584,0.409294058147993,0.430536996212963
22207,0.0530667439151538,0.0384350236717041,0.337045287773645,0.571452944639497
22208,0.158331013718851,0.463464697845823,0.0324926896209226,0.345711598814403
22209,0.125328188873898,0.0643113826715494,0.0305641624038018,0.779796266050751
22210,0.0787086651390371,0.124532433711414,0.130706868376138,0.666052032773411
22211,0.0526708026432207,0.294748003466841,0.017348863900317,0.635232329989622
22212,0.0241929038410456,0.340451343381154,0.351698060362527,0.283657692415273
22213,0.0629250001504422,0.236421002914908,0.211783299166852,0.488870697767798
22214,0.0418914431803864,0.21238650983221,0.39795266233319,0.347769384654213
22215,0.0521762601125224,0.0985093328550844,0.674977445396265,0.174336961636128
22216,0.387788578225857,0.141787500178684,0.130096278530954,0.340327643064505
22217,0.122869415435892,0.0775366406799271,0.521242977438678,0.278350966445503
22218,0.0592255200935711,0.401143316598531,0.027230958323364,0.512400204984534
22219,0.347429267681703,0.0369509980835235,0.151779588056992,0.463840146177782
22220,0.764301835957749,0.0262442838054768,0.0550198964708068,0.154433983765967
22221,0.023646752663899,0.201225333780628,0.066132559657246,0.708995353898227
22222,0.722577634596513,0.0801637208709583,0.0410358197865905,0.156222824745939
22223,0.148034725273205,0.421066102725328,0.0393655675065135,0.391533604494954
22224,0.215736968016748,0.0619926544084121,0.166048071004785,0.556222306570054
22225,0.625467748191774,0.162113825436344,0.113494235575795,0.098924190796088
22226,0.0779875598332372,0.036966210167321,0.711547947985558,0.173498282013884
22227,0.551237939538349,0.18804089005379,0.123126955719237,0.137594214688624
22228,0.0268686315743396,0.64839308914498,0.106607127514505,0.218131151766176
22229,0.233385850217125,0.38270341354669,0.0662523430484279,0.317658393187758
22230,0.0880200081494442,0.0802621044294639,0.678932820807457,0.152785066613635
22231,0.487890892087089,0.176831525789923,0.20806667754908,0.127210904573908
22232,0.434663492083543,0.259464718743084,0.0658158479730861,0.240055941200288
22233,0.139439585877711,0.0988223704496566,0.416383937822532,0.345354105850101
22234,0.280701518994672,0.313185916414099,0.101576445355586,0.304536119235644
22235,0.261415785056785,0.084926043780761,0.212136911175343,0.441521259987111
22236,0.581849750227842,0.17715203455831,0.0990817017938019,0.141916513420046
22237,0.267102448459576,0.0851954625124106,0.339949404461485,0.307752684566528
22238,0.0456370540311233,0.231203097486769,0.381278558778949,0.341881289703159
22239,0.211595145763141,0.35548725245546,0.194625698511363,0.238291903270036
22240,0.164105812116732,0.160167152852377,0.304867044719426,0.370859990311465
22241,0.361109781119925,0.112617234673085,0.143014047369834,0.383258936837156
22242,0.391606297045349,0.220576007741848,0.0572993144295867,0.330518380783217
22243,0.049973230818402,0.588767495133766,0.100932382396601,0.260326891651231
22244,0.230184371866822,0.399922653890394,0.234113003539712,0.135779970703072
22245,0.48321399951836,0.103181734134396,0.0870579693441732,0.326546297003071
22246,0.157596364662975,0.453969553397396,0.0896625734219631,0.298771508517665
22247,0.106406502660921,0.117030875491312,0.544509185795496,0.232053436052272
22248,0.467394662266845,0.185970990102937,0.262192166797051,0.0844421808331669
22249,0.0821041916655747,0.160648524814327,0.251468519011949,0.50577876450815
22250,0.445197814850799,0.0511332013493957,0.212464446101821,0.291204537697985
22251,0.111959103684203,0.107549073168449,0.51111118886479,0.269380634282559
22252,0.103228026413909,0.0638188824983004,0.548756118697292,0.284196972390499
22253,0.144430304323793,0.523430264357057,0.0510828218882733,0.281056609430877
22254,0.0799769792999771,0.150931269993639,0.335222009343063,0.433869741363321
22255,0.0498245511754409,0.0253213863130733,0.45818199339804,0.466672069113446
22256,0.289862535114803,0.0466206806650987,0.212438086976445,0.451078697243653
22257,0.607954411548531,0.0475653336018259,0.139141427683941,0.205338827165702
22258,0.0532251652679988,0.562786929940474,0.150378990519986,0.233608914271542
22259,0.171084072604832,0.0735195957271461,0.210413600079944,0.544982731588077
22260,0.0226509875578484,0.036054565977338,0.44630308497,0.494991361494814
22261,0.31384697691758,0.0664221936347621,0.256754301932646,0.362976527515012
22262,0.408666955358967,0.254886476810121,0.087168455736884,0.249278112094029
22263,0.0725714147849948,0.515051166019775,0.0197305299583835,0.392646889236847
22264,0.445337470683636,0.211257241734667,0.0757982201072024,0.267607067474494
22265,0.17829433105322,0.140815208434243,0.488423414501484,0.192467046011053
22266,0.0726912528436479,0.0476932581134198,0.400357628632577,0.479257860410356
22267,0.0454133624316431,0.0333053260759685,0.582410103048489,0.3388712084439
22268,0.348852803300144,0.158247274113051,0.0901837387947206,0.402716183792084
22269,0.26320781819128,0.595771116362291,0.0495417550367037,0.0914793104097259
22270,0.0959001020525982,0.271887283380181,0.39888315572965,0.233329458837571
22271,0.191698159220863,0.280690606175887,0.398590607173329,0.12902062742992
22272,0.237719794114447,0.462696730619563,0.149756169058152,0.149827306207839
22273,0.207321372801734,0.18887885850844,0.29047972862201,0.313320040067815
22274,0.179480635092975,0.586686777512062,0.0700941290567806,0.163738458338183
22275,0.134600706689224,0.521529690488089,0.152559786940293,0.191309815882394
22276,0.0423611848242402,0.118459610742631,0.585768186362634,0.253411018070495
22277,0.238091944804911,0.181822708120406,0.510604906202055,0.069480440872628
22278,0.0964534433880581,0.380144429782002,0.285875958843042,0.237526167986898
22279,0.40920269459072,0.203075199836787,0.149805457155148,0.237916648417345
22280,0.218261034578637,0.103748629062301,0.390860699371842,0.287129636987221
22281,0.636125678225922,0.0908783156840518,0.155870951335398,0.117125054754628
22282,0.0833693015473065,0.300447230854437,0.553352192203581,0.0628312753946754
22283,0.137277858690297,0.36295591490192,0.147506824463016,0.352259401944767
22284,0.302057142354314,0.146328913937588,0.442768911861967,0.108845031846131
22285,0.0868786206699543,0.420605692816628,0.181262891138685,0.311252795374733
22286,0.141748805841173,0.0636699621837421,0.618846443749347,0.175734788225737
22287,0.387650177558355,0.297011905216319,0.0885647139368605,0.226773203288465
22288,0.301240070892873,0.251244396764321,0.202828680212928,0.244686852129878
22289,0.169286941949692,0.311326330809489,0.289111439877827,0.230275287362992
22290,0.503275957418581,0.0761269861829534,0.329288428874605,0.0913086275238614
22291,0.623533392392867,0.0855362707192637,0.106422276872981,0.184508060014889
22292,0.2153674587085,0.282447143061027,0.264325311157809,0.237860087072664
22293,0.226118850008788,0.361427312953403,0.116254617996543,0.296199219041266
22294,0.304582586477425,0.167217712085973,0.0945614385342223,0.43363826290238
22295,0.123762978117627,0.245654839795814,0.434504612654692,0.196077569431867
22296,0.295398389524115,0.0724219574641267,0.286290706153357,0.345888946858401
22297,0.208034655031933,0.183154726832049,0.365208188883777,0.243602429252241
22298,0.148359839012272,0.210997834529293,0.420752405581762,0.219889920876672
22299,0.046110510821267,0.660596108336538,0.0973695125599483,0.195923868282247
22300,0.552936428832208,0.199907050090015,0.0920505796404243,0.155105941437353
22301,0.119466088739947,0.164738274702695,0.566266389819971,0.149529246737387
22302,0.108847714846443,0.491382941303138,0.211034841399296,0.188734502451123
22303,0.42805943092198,0.166277339954685,0.146674107891176,0.25898912123216
22304,0.280560565894884,0.337560144623599,0.0681261730338952,0.313753116447622
22305,0.195027743109343,0.266771486230422,0.319449338635009,0.218751432025227
22306,0.173243762305342,0.15996331043469,0.515540795024781,0.151252132235187
22307,0.0819421115484498,0.29790144051324,0.0573484508999785,0.562807997038332
22308,0.137614085280207,0.286694778163489,0.192842152841754,0.38284898371455
22309,0.445872067079086,0.0866515574578298,0.0320470163904188,0.435429359072666
22310,0.256844975479766,0.0484413732060087,0.230661097083412,0.464052554230814
22311,0.153234139520773,0.289619815122544,0.186255992598068,0.370890052758615
22312,0.653962893506833,0.104727833780156,0.067385706062165,0.173923566650845
22313,0.469866509445265,0.190461081124494,0.0676983240815627,0.271974085348679
22314,0.387574943018466,0.188803346751475,0.185247101395973,0.238374608834087
22315,0.125495088314641,0.296475203985928,0.172510747826709,0.405518959872722
22316,0.0532887166937745,0.38018619250969,0.148657804904215,0.417867285892321
22317,0.0653196673004074,0.459802718940362,0.0994714509696406,0.375406162789591
22318,0.160427922932679,0.0426713310331229,0.55271399849032,0.244186747543878
22319,0.327889546822,0.215438011848678,0.0698728000091644,0.386799641320157
22320,0.120878534203236,0.332469177931514,0.350778830496889,0.19587345736836
22321,0.224946535477774,0.149159880648231,0.140583309530193,0.485310274343802
22322,0.0512281196045026,0.104795554441435,0.467478064883501,0.376498261070562
22323,0.033468772819243,0.342829211331078,0.121749394047411,0.501952621802269
22324,0.0693890982965401,0.390450488863411,0.291469891869719,0.24869052097033
22325,0.179129670171555,0.226338553764619,0.073713913209711,0.520817862854115
22326,0.383072906040545,0.0894291601282097,0.131061320573393,0.396436613257852
22327,0.335008878159242,0.231612755130693,0.33234260558273,0.101035761127334
22328,0.289030772235223,0.144372231355379,0.168834082949739,0.397762913459659
22329,0.232684279907396,0.163878346062675,0.175689728287908,0.427747645742021
22330,0.131748348763719,0.147172273886543,0.297821286362157,0.423258090987581
22331,0.224681510798357,0.127264324754211,0.0481217104615911,0.599932453985841
22332,0.15522897027333,0.110698286399565,0.162592400928575,0.57148034239853
22333,0.640855509356149,0.0233412927804944,0.234618990423648,0.101184207439709
22334,0.170864535981761,0.128921426799163,0.327840377698188,0.372373659520889
22335,0.21370569358446,0.304202869938487,0.097455273213781,0.384636163263272
22336,0.411291075348229,0.164261080859413,0.121503202458397,0.302944641333961
22337,0.124215206695764,0.296790713329738,0.292908256322371,0.286085823652128
22338,0.0536756359858553,0.164197991468326,0.123173463179353,0.658952909366465
22339,0.165249652039123,0.0672096059022778,0.599368680645636,0.168172061412964
22340,0.0381073639928466,0.452524664436789,0.064973046069705,0.444394925500659
22341,0.145074631274893,0.102881839921651,0.199533740536158,0.552509788267298
22342,0.212200234244867,0.117298862152736,0.435777299495365,0.234723604107031
22343,0.105495882466148,0.652263104832559,0.0829823947172079,0.159258617984085
22344,0.11609512268226,0.256829937833632,0.494331692757082,0.132743246727026
22345,0.74889104327288,0.0841240607762775,0.0870605651899689,0.0799243307608734
22346,0.455083738522071,0.138328042110221,0.0663417747595511,0.340246444608157
22347,0.106826409577977,0.294955459554046,0.429981762595135,0.168236368272843
22348,0.0793753459262764,0.262056013635866,0.587164987469936,0.0714036529679211
22349,0.207937429777372,0.315283885417978,0.364043680154022,0.112735004650628
22350,0.215262210137131,0.290382138671937,0.370893773510137,0.123461877680795
22351,0.122416797383577,0.206631002233432,0.580211875966045,0.0907403244169465
22352,0.630294686289457,0.0795309291292155,0.191876624903641,0.0982977596776866
22353,0.173139818670708,0.0966910324127087,0.411298357477598,0.318870791438985
22354,0.224328958829323,0.323906057273578,0.217019455086672,0.234745528810427
22355,0.144822634963709,0.323131927912502,0.275341778207935,0.256703658915854
22356,0.155676760297601,0.0756894580989029,0.434571814017315,0.334061967586182
22357,0.0988158314070017,0.617984521899244,0.124971233463116,0.158228413230639
22358,0.713219574400473,0.0826453981984636,0.110134539371894,0.0940004880291698
22359,0.198386631979661,0.316423166048012,0.416395324285658,0.0687948776866691
22360,0.21562600167255,0.506135770078075,0.0395140236429221,0.238724204606453
22361,0.235456502745738,0.204858567962735,0.126422348356301,0.433262580935225
22362,0.128267428571083,0.260459163579899,0.348800169834422,0.262473238014596
22363,0.0682747557726756,0.117408394416715,0.389287099982155,0.425029749828454
22364,0.275769184864175,0.296732280592877,0.160687856950836,0.266810677592112
22365,0.25672244116597,0.294674072738411,0.24109323056218,0.207510255533438
22366,0.164680959819919,0.566874430602472,0.208255086243993,0.0601895233336156
22367,0.494295095749928,0.0846614095046095,0.246959901586725,0.174083593158737
22368,0.18973335549659,0.462592893223439,0.109150035739806,0.238523715540164
22369,0.130115533325615,0.641024256773599,0.131839530839597,0.0970206790611894
22370,0.100059593584411,0.400380696517637,0.188867518010675,0.310692191887278
22371,0.509646951867057,0.0665336231094635,0.201655340904735,0.222164084118744
22372,0.458267432107504,0.353966774524352,0.0624863349321249,0.125279458436019
22373,0.207451700946765,0.0856887236018242,0.290057634452147,0.416801940999263
22374,0.219846778612841,0.61621815997358,0.0879100998251751,0.0760249615884042
22375,0.123052922439679,0.5564318867916,0.103319546086538,0.217195644682183
22376,0.235074339771372,0.104948151014763,0.174619657263406,0.48535785195046
22377,0.343374138626935,0.345469119968675,0.109311210961408,0.201845530442982
22378,0.103623028791414,0.116168243501615,0.708932801672689,0.0712759260342818
22379,0.402383744257569,0.321630633419083,0.06958027108534,0.206405351238008
22380,0.0717390068866729,0.236920324443699,0.216116197617389,0.47522447105224
22381,0.0843144495950007,0.449539282808387,0.205361035746787,0.260785231849826
22382,0.0479733654739685,0.610266126472396,0.104225284488464,0.237535223565172
22383,0.202972709825552,0.101731987431033,0.378896131044345,0.31639917169907
22384,0.182205338381617,0.546969766576199,0.087819536622278,0.183005358419906
22385,0.342826928862698,0.221442452474666,0.291860002898371,0.143870615764265
22386,0.231941916601494,0.3777586534472,0.274677966659097,0.11562146329221
22387,0.206855758066734,0.102357507941294,0.310575344176758,0.380211389815213
22388,0.479307449870621,0.224517563937124,0.117448193475144,0.178726792717111
22389,0.186379971756184,0.240544427728276,0.406258101908609,0.166817498606931
22390,0.298035576088141,0.187808515000866,0.121515301797732,0.392640607113261
22391,0.304786354599647,0.128769339220309,0.210875734829276,0.355568571350769
22392,0.247593722293272,0.353373756802367,0.182475582312575,0.216556938591787
22393,0.135863386799987,0.162393459804096,0.555337819964466,0.146405333431451
22394,0.103827078433005,0.386235185970905,0.15903338877642,0.350904346819669
22395,0.414761941321531,0.222320429044699,0.193286483130539,0.169631146503231
22396,0.061595856721019,0.0726976628620361,0.324476645268412,0.541229835148533
22397,0.329841834115563,0.321681979579643,0.101149914306407,0.247326271998388
22398,0.344655836322534,0.128740703598852,0.31840040644891,0.208203053629704
22399,0.0715872934478016,0.19227976503611,0.629241179026632,0.106891762489457
22400,0.0854213600627566,0.115852420257156,0.676433834674313,0.122292385005774
22401,0.545226944661062,0.0916212057585649,0.1049055871404,0.258246262439973
22402,0.147915031035134,0.37997218657483,0.324629645403579,0.147483136986456
22403,0.21785903043674,0.289971950315187,0.231840835334955,0.260328183913118
22404,0.499327177667928,0.0682422213669279,0.377221199655175,0.0552094013099693
22405,0.075454090563383,0.464117791771673,0.11026282829628,0.350165289368664
22406,0.122012285961958,0.541364482464162,0.116791227441272,0.219832004132607
22407,0.193933445989122,0.118688040337965,0.245451343981569,0.441927169691344
22408,0.0555955944560486,0.11355685350277,0.762920500544594,0.0679270514965874
22409,0.410346222570078,0.20494653438314,0.27532617101601,0.109381072030772
22410,0.261964179980421,0.377626774785772,0.254340446045052,0.106068599188754
22411,0.191326646749603,0.334809530669693,0.323497630525589,0.150366192055115
22412,0.311082475552188,0.145914815022507,0.483022366025581,0.0599803433997238
22413,0.0577698057766771,0.112921869635562,0.145911742899917,0.683396581687844
22414,0.193813485193605,0.704399606822824,0.0362572262015177,0.0655296817820533
22415,0.0856930611428234,0.170868044634416,0.623974768854866,0.119464125367894
22416,0.0930024011742622,0.118590463821832,0.611116770139337,0.177290364864569
22417,0.266026245284554,0.132206981650074,0.26394042092336,0.337826352142012
22418,0.0332787751843116,0.530132961199974,0.306436354255492,0.130151909360223
22419,0.110627050023999,0.264510190533259,0.123779247981052,0.501083511461689
22420,0.0586087797805808,0.527323271350576,0.138397478919826,0.275670469949018
22421,0.309993749020076,0.11741738930543,0.422589023977327,0.149999837697167
22422,0.0457306085865854,0.297877464574985,0.223386238608769,0.43300568822966
22423,0.0756676411288164,0.186978575470523,0.588035240205479,0.149318543195182
22424,0.443033642515872,0.200185802780797,0.101414360387884,0.255366194315448
22425,0.110453485161675,0.318688889313868,0.104650107638171,0.466207517886285
22426,0.298839398390926,0.230836366873709,0.174329729619269,0.295994505116096
22427,0.36624292987803,0.282347145148706,0.0872231308238539,0.264186794149411
22428,0.0288945213311396,0.278302526855281,0.231470044548551,0.461332907265029
22429,0.710951857886811,0.123129883684521,0.0504593482172772,0.115458910211391
22430,0.110802662611052,0.0801061591042166,0.505951723276379,0.303139455008352
22431,0.270945349761728,0.098543685675411,0.245089944972926,0.385421019589935
22432,0.257855933064966,0.41026820078194,0.148689744048797,0.183186122104297
22433,0.0888055646355864,0.0874148897296786,0.159328878258852,0.664450667375883
22434,0.343623650438784,0.125981483579751,0.118050917626375,0.41234394835509
22435,0.0511231127711556,0.200343662456143,0.433441649714189,0.315091575058512
22436,0.0715400688351587,0.420011031815272,0.172300041723671,0.336148857625899
22437,0.164117453009598,0.116241421210608,0.154190394749298,0.565450731030496
22438,0.147755749327571,0.141887843447154,0.0587258106127114,0.651630596612564
22439,0.056569458385928,0.164703444785914,0.475669754693334,0.303057342134824
22440,0.175483417952054,0.500441630125167,0.160366249971458,0.163708701951321
22441,0.331255701646084,0.237802675333667,0.321459307405183,0.109482315615067
22442,0.138253804912867,0.270226668146231,0.499091037703098,0.0924284892378043
22443,0.138403858047321,0.723343017498287,0.0551305561623281,0.0831225682920641
22444,0.340850132017176,0.325186158841653,0.230911633230916,0.103052075910255
22445,0.135441832109432,0.432358547493552,0.260906496754452,0.171293123642564
22446,0.168967553490226,0.360747866487869,0.438102647608264,0.0321819324136409
22447,0.22119922337945,0.490811095103759,0.179628648813475,0.108361032703316
22448,0.173075837662855,0.404592446100454,0.34683774903554,0.0754939672011506
22449,0.199903685244108,0.503893928419762,0.152495940509532,0.143706445826598
22450,0.154851220155873,0.279590662412414,0.30005152862419,0.265506588807524
22451,0.0739273640722936,0.650893541772029,0.1839812861716,0.091197807984078
22452,0.127203555433013,0.577252458089252,0.160613389341911,0.134930597135824
22453,0.268952088451504,0.182299270161732,0.238003096190388,0.310745545196375
22454,0.262470743849563,0.480622650719925,0.182045658751729,0.0748609466787835
22455,0.414855996493953,0.217201451127571,0.240703637004502,0.127238915373975
22456,0.355222130017006,0.122379964126359,0.290787780694737,0.231610125161898
22457,0.228922787014981,0.345236040998587,0.299601745933757,0.126239426052674
22458,0.127301119622494,0.450763102744192,0.277081595878733,0.144854181754582
22459,0.231344530193332,0.281975787233995,0.43685541344211,0.0498242691305633
22460,0.167978989047961,0.167500872848596,0.572510974208621,0.0920091638948219
22461,0.333301139553856,0.307872034015795,0.193845876119837,0.164980950310512
22462,0.41799743076582,0.30706847179074,0.174869361417366,0.100064736026074
22463,0.102287265022567,0.514858676284868,0.158451791081219,0.224402267611346
22464,0.237265659891643,0.348254775064167,0.226801675608644,0.187677889435546
22465,0.359909913703844,0.393866491886672,0.174787424486438,0.0714361699230455
22466,0.228609539460323,0.385774026792885,0.0782797952378725,0.30733663850892
22467,0.192858904005979,0.57847306120383,0.124313825583019,0.104354209207172
22468,0.22358339542867,0.349468096510541,0.23742456200509,0.189523946055698
22469,0.368316550924671,0.196172621738269,0.300858857798405,0.134651969538655
22470,0.189330041305651,0.645368126936893,0.0675573218188522,0.0977445099386036
22471,0.553744752025839,0.250874624502907,0.125787334312916,0.0695932891583382
22472,0.0842068349423969,0.447600331978317,0.327454318175632,0.140738514903655
22473,0.546141829876859,0.174367328459429,0.189769122336257,0.0897217193274553
22474,0.585389954011537,0.0668377065147176,0.289401083768045,0.0583712557056999
22475,0.300064206388522,0.568089849861118,0.0615740269999568,0.0702719167504028
22476,0.160275422557137,0.236601896902843,0.361879958671543,0.241242721868477
22477,0.111147006586529,0.267398293903864,0.472535163090815,0.148919536418792
22478,0.112877215393447,0.0795717870904762,0.544590212593261,0.262960784922815
22479,0.245058705288385,0.0803558047132792,0.136519220156051,0.538066269842285
22480,0.0698640354467968,0.152936278589805,0.378984109429243,0.398215576534156
22481,0.213379787437287,0.377797852714715,0.0472199147154033,0.361602445132595
22482,0.242868115000621,0.155135062808385,0.0552494534774376,0.546747368713557
22483,0.0908430552916583,0.226249608631427,0.0665507398229175,0.616356596253997
22484,0.244240757219268,0.3015805603024,0.0309346630628735,0.423244019415459
22485,0.045636151773508,0.227315575361168,0.147156627596865,0.579891645268459
22486,0.081903023424536,0.194162426632379,0.428854980193121,0.295079569749964
22487,0.0826929394876979,0.0512545231579819,0.340627201577181,0.52542533577714
22488,0.111898836711198,0.0746795126775588,0.405233281228255,0.408188369382989
22489,0.328332668257315,0.0595173374984303,0.278557906963332,0.333592087280923
22490,0.0709587687149111,0.563762653543348,0.0833910782494307,0.28188749949231
22491,0.0583196080005415,0.556350439665599,0.0852116498594789,0.300118302474381
22492,0.0681831387171598,0.158551772477088,0.431957441721185,0.341307647084567
22493,0.16177811924574,0.428913637254763,0.26219291392352,0.147115329575977
22494,0.179157344305132,0.110729875360529,0.32189254355939,0.388220236774949
22495,0.126972605922999,0.191115559970117,0.26232323169036,0.419588602416525
22496,0.276770871802898,0.0532836686294824,0.198604567235687,0.471340892331933
22497,0.160258968044721,0.471761113103612,0.231457224626288,0.136522694225379
22498,0.0606737804746781,0.159626844775868,0.267725183821957,0.511974190927497
22499,0.484267210613521,0.105961765008169,0.135515715294841,0.27425530908347
22500,0.618565188393601,0.0852326909835153,0.0398864113648126,0.256315709258071
22501,0.362257554882253,0.139430221929467,0.149891083490888,0.348421139697393
22502,0.302195604357116,0.134195369652222,0.170629017792678,0.392980008197985
22503,0.211530287948437,0.166741824603767,0.0460631932210484,0.575664694226748
22504,0.150452367755932,0.463017882471808,0.0810744382495268,0.305455311522733
22505,0.211539412645435,0.0658618683127167,0.162798651117436,0.559800067924412
22506,0.208648075257593,0.240733591983719,0.269680411044349,0.280937921714339
22507,0.0206228968949132,0.555936154655496,0.0913013949736449,0.332139553475946
22508,0.125755276420496,0.645904246256428,0.0526801449226252,0.175660332400451
22509,0.593570421150091,0.0625118313528933,0.0865673733024514,0.257350374194564
22510,0.0395123548404591,0.798586176284537,0.0438174038665147,0.118084065008489
22511,0.151818656600765,0.0606868090074935,0.660364753956629,0.127129780435112
22512,0.10400325244296,0.106662172774982,0.354474773463983,0.434859801318075
22513,0.170654583744152,0.0788890925057266,0.35021419200263,0.400242131747492
22514,0.148165415647629,0.601054560499206,0.082322132188227,0.168457891664938
22515,0.0429778968647086,0.0566153917869609,0.508026762883454,0.392379948464877
22516,0.0616463936959831,0.501332253891751,0.153321659407499,0.283699693004767
22517,0.204155086893291,0.101680868101988,0.362788517404515,0.331375527600207
22518,0.112813066010938,0.177794348020861,0.216890082760185,0.492502503208017
22519,0.137812416398023,0.358077701589001,0.0632158357012885,0.440894046311688
22520,0.320584127147176,0.27920130808451,0.154853854014261,0.245360710754054
22521,0.0574361046498141,0.439853679066912,0.26541148010289,0.237298736180384
22522,0.0245883466708008,0.0822720386518622,0.557719768843994,0.335419845833343
22523,0.0253281447227278,0.710540598276781,0.140589859878536,0.123541397121955
22524,0.0565193863440231,0.0421782682267824,0.245092839490086,0.656209505939109
22525,0.237158544757897,0.0519023423598629,0.645381602909998,0.0655575099722425
22526,0.393167545643297,0.350607469583899,0.057405447356898,0.198819537415906
22527,0.085958154704483,0.31542457200121,0.135603594633052,0.463013678661255
22528,0.0914938565570144,0.067305814082351,0.55371615502799,0.287484174332645
22529,0.137483447114559,0.395560557004758,0.135705392989369,0.331250602891314
22530,0.142190841716117,0.0342594091658562,0.0976542041978829,0.725895544920144
22531,0.0637980588905065,0.0458610408444371,0.762019605565067,0.12832129469999
22532,0.217598745779181,0.151037427621178,0.0463860343096719,0.584977792289969
22533,0.0491616280794887,0.397750989481926,0.0641034015187216,0.488983980919863
22534,0.128093210996544,0.383984739736126,0.0834262025380788,0.404495846729251
22535,0.122950957522158,0.22164523311562,0.360032240703962,0.29537156865826
22536,0.0653602269420121,0.538573255504866,0.0849014917907527,0.311165025762369
22537,0.0934345521033247,0.292470584525202,0.366363483248258,0.247731380123216
22538,0.057621338271293,0.407758956037733,0.125592971149469,0.409026734541505
22539,0.128976502731604,0.225376592654935,0.437443442946552,0.208203461666908
22540,0.156718137789979,0.28029656218415,0.0993500552648221,0.463635244761048
22541,0.0797602069444686,0.29092816862146,0.175458880424092,0.45385274400998
22542,0.101898569613052,0.268842178570008,0.256670562865987,0.372588688950953
22543,0.431919089794273,0.0850660720180925,0.0539922561371379,0.429022582050497
22544,0.0494616732514058,0.0362840760690943,0.533142403641715,0.381111847037785
22545,0.0689552104295949,0.528954153518646,0.105659718810554,0.296430917241205
22546,0.431376075422112,0.431475095798571,0.0657621347220813,0.0713866940572352
22547,0.374816888689134,0.210059229955182,0.184106129481591,0.231017751874093
22548,0.127959854211041,0.199433333324726,0.289093862656902,0.383512949807332
22549,0.335249622740176,0.0406315414106246,0.211658112292792,0.412460723556408
22550,0.0556404707040483,0.246684026354344,0.566255062702717,0.131420440238891
22551,0.0650681695456124,0.31537455346204,0.324216986093881,0.295340290898466
22552,0.0902534782150217,0.200740140407261,0.0700091991862206,0.638997182191497
22553,0.193590393778911,0.507383645291686,0.0677073119724772,0.231318648956926
22554,0.361489117513606,0.161411699021367,0.281308348437234,0.195790835027794
22555,0.119844947101446,0.51212083188392,0.236264513132631,0.131769707882002
22556,0.437911721433023,0.342364606572719,0.15905372019279,0.0606699518014688
22557,0.105481853073478,0.548388069779796,0.199794265339661,0.146335811807066
22558,0.15999899392398,0.168840670181862,0.604071633861144,0.0670887020330139
22559,0.153716434387332,0.261346326201488,0.281839158932413,0.303098080478767
22560,0.206904953152053,0.227561547286095,0.379680714266772,0.185852785295081
22561,0.133798259928487,0.330712456907117,0.43626296220578,0.0992263209586156
22562,0.165605072619346,0.489308245121882,0.297930938576971,0.047155743681801
22563,0.425608972130245,0.177445794270387,0.303264890243869,0.0936803433554993
22564,0.447718251089882,0.104318394993408,0.315999996675121,0.131963357241588
22565,0.126903199764856,0.161992608882429,0.455877990506125,0.25522620084659
22566,0.149018430665638,0.517142254478333,0.256072680693683,0.0777666341623458
22567,0.307013296142844,0.139238211094225,0.305577290442127,0.248171202320805
22568,0.336179076794084,0.167844579367205,0.21476497144814,0.281211372390571
22569,0.256678063642547,0.161873893450716,0.528974240087308,0.0524738028194292
22570,0.328419862450756,0.293012549990004,0.147790222323736,0.230777365235504
22571,0.26800629309405,0.443051253354439,0.127932132548453,0.161010321003059
22572,0.25839253856881,0.290829257347683,0.193836574366253,0.256941629717254
22573,0.283373965147783,0.269354246189922,0.285914845241891,0.161356943420405
22574,0.341447558735335,0.0974260783493418,0.340145334673797,0.220981028241527
22575,0.0722219011202694,0.431209738593492,0.33045676320806,0.166111597078179
22576,0.346381380986436,0.27990325298373,0.183723695759026,0.189991670270808
22577,0.410997719020509,0.301877135916158,0.215003875200518,0.072121269862815
22578,0.0821764774252704,0.424170081625502,0.399672592808209,0.0939808481410187
22579,0.09041137271347,0.328178164479169,0.240064713547192,0.341345749260169
22580,0.477403114336403,0.227174780317847,0.213179166476147,0.0822429388696043
22581,0.0845665719768487,0.312689098711689,0.357210956462598,0.245533372848865
22582,0.405666247455802,0.194393319951143,0.320918708222595,0.079021724370461
22583,0.266982898465495,0.273899915243952,0.349296906745409,0.109820279545144
22584,0.113052965506821,0.370646244458744,0.382100969796815,0.13419982023762
22585,0.205160524553425,0.457148515585346,0.220746176273508,0.116944783587722
22586,0.121316047837638,0.581778319205946,0.165251248534789,0.131654384421628
22587,0.427171815129743,0.106381942875435,0.0810660389534266,0.385380203041396
22588,0.338321258154855,0.153086747369686,0.316633069214122,0.191958925261337
22589,0.337904491738794,0.43759589445142,0.162900124042135,0.0615994897676518
22590,0.106563947107286,0.104697880858174,0.521425445268045,0.267312726766495
22591,0.297644534022519,0.111585669132482,0.493136721384832,0.0976330754601676
22592,0.286816610982437,0.440168402595187,0.159469099615973,0.113545886806403
22593,0.344334035181693,0.300757030824205,0.169196566589647,0.185712367404455
22594,0.122735601250824,0.0897303150455126,0.485872052982893,0.30166203072077
22595,0.0811477849473713,0.133504135600178,0.226946334174131,0.55840174527832
22596,0.315658044947531,0.492882474548807,0.0983537946712275,0.0931056858324345
22597,0.0802023223132119,0.174411639262211,0.597717050678003,0.147668987746574
22598,0.103480009035333,0.459927468623107,0.0783373746530765,0.358255147688484
22599,0.145436206809007,0.138928835739949,0.13018136574121,0.585453591709834
22600,0.116331458547897,0.227881702044925,0.155804365409499,0.49998247399768
22601,0.379716171972434,0.0664462842394954,0.109221379595967,0.444616164192104
22602,0.679594527382729,0.121300798614067,0.0876411520418444,0.11146352196136
22603,0.240529014086453,0.0821844694215436,0.21385527234077,0.463431244151234
22604,0.0638862432595894,0.351624698506482,0.286020938056695,0.298468120177234
22605,0.521969270727927,0.0780228116935024,0.0876473908828501,0.312360526695721
22606,0.15940866855286,0.130689411669975,0.471637488021647,0.238264431755518
22607,0.11445038500054,0.106884715273756,0.366365607536777,0.412299292188928
22608,0.110985778123817,0.559546307861722,0.160156037480293,0.169311876534168
22609,0.260245070458714,0.367875404258469,0.0715351669978207,0.300344358284997
22610,0.0332811475870015,0.691339796771892,0.168899935493116,0.10647912014799
22611,0.132050321769861,0.259918589194286,0.379459560775681,0.228571528260172
22612,0.107510806951516,0.147265941599743,0.423405463904304,0.321817787544437
22613,0.495264769596904,0.258542977875683,0.0925487143683151,0.153643538159097
22614,0.424286201058529,0.205373662797633,0.172644211566382,0.197695924577456
22615,0.138991547795999,0.566492024185317,0.210470051157067,0.0840463768616172
22616,0.597042253279975,0.0639589781715121,0.284938740793219,0.0540600277552944
22617,0.149887498092723,0.131002896684873,0.549615787014231,0.169493818208173
22618,0.516495779693058,0.0947874693726562,0.192074079858905,0.196642671075381
22619,0.0934571460912822,0.477235838735967,0.115391712368843,0.313915302803907
22620,0.0828396402335489,0.711907603127396,0.0917469976171772,0.113505759021878
22621,0.0947865717862187,0.0620191725174222,0.65384657346759,0.18934768222877
22622,0.228628530227347,0.102996919990219,0.163320215716359,0.505054334066075
22623,0.122501239010455,0.567365678307526,0.13226260405329,0.177870478628729
22624,0.163006886248314,0.489912627141716,0.0985195853237082,0.248560901286262
22625,0.304976553238149,0.211159032887157,0.150673363629967,0.333191050244727
22626,0.366223643371287,0.122593712857718,0.198627986025144,0.312554657745852
22627,0.278539642970472,0.0967724837789513,0.346870973202275,0.277816900048302
22628,0.0746117444332124,0.302264760665008,0.514944443605634,0.108179051296145
22629,0.13180362298608,0.412198756528773,0.205201799269189,0.250795821215958
22630,0.296545929570314,0.476648141394335,0.105676669100895,0.121129259934456
22631,0.354083760487837,0.416640080134449,0.0251117763961861,0.204164382981528
22632,0.132108123501954,0.415924175279848,0.0906326256853891,0.361335075532809
22633,0.108128613005532,0.0994968367427133,0.298161213493265,0.494213336758491
22634,0.0161032885149832,0.431163396969062,0.21196915313831,0.340764161377646
22635,0.0349380548298529,0.578607110841705,0.0304601952061335,0.355994639122309
22636,0.0196315157213121,0.618685558403615,0.160201524972276,0.201481400902797
22637,0.610861810310191,0.0394480523345059,0.0370582223302751,0.312631915025029
22638,0.10479477049541,0.198140836078123,0.105635875395561,0.591428518030906
22639,0.0312826684122975,0.247381489594539,0.0973989546432134,0.62393688734995
22640,0.0511393466955495,0.0946126446143119,0.52856369346818,0.325684315221959
22641,0.0277598020269335,0.683967728521343,0.119785697061502,0.168486772390221
22642,0.0638033302263652,0.235086518853449,0.0983383921721905,0.602771758747995
22643,0.19929391450535,0.0878977055836073,0.352037038998934,0.360771340912109
22644,0.0416343959319232,0.175397456321673,0.642280479153715,0.140687668592688
22645,0.174212859082345,0.0326050689745692,0.158866286790597,0.634315785152489
22646,0.251130576076724,0.232159556689331,0.13997021246157,0.376739654772374
22647,0.637058629885324,0.243214104228101,0.01661888734851,0.103108378538065
22648,0.726328595871305,0.12067942324071,0.00984926929285126,0.143142711595135
22649,0.0704509731774494,0.283174022921269,0.222616746269072,0.42375825763221
22650,0.077189960864722,0.413917729090749,0.0668362518299466,0.442056058214582
22651,0.082574867321982,0.0910495469630856,0.485939274107961,0.340436311606971
22652,0.0498522600697381,0.0898571498525701,0.183085692951885,0.677204897125807
22653,0.0422269649487805,0.200280461246395,0.59923997640573,0.158252597399094
22654,0.0431916731759712,0.0878763793320549,0.171297881734484,0.69763406575749
22655,0.107669860792356,0.534798952174036,0.0519322465387185,0.30559894049489
22656,0.174929785734348,0.141378354373384,0.457014423911829,0.226677435980439
22657,0.336338396176553,0.189022267510862,0.0817201187305096,0.392919217582075
22658,0.0638562864843516,0.0332771820891781,0.115867462457969,0.786999068968502
22659,0.114007624917041,0.10435399074348,0.55388274602259,0.227755638316889
22660,0.594477415483371,0.147697035071966,0.0345393380101051,0.223286211434558
22661,0.376827310294937,0.116422927700383,0.263433153571534,0.243316608433146
22662,0.0691919330799667,0.135609871852947,0.670578477812365,0.124619717254722
22663,0.170480506273606,0.625818674956015,0.0953751137810014,0.108325704989378
22664,0.0894657435685361,0.503668258454183,0.0439116989968111,0.36295429898047
22665,0.3038072690755,0.223741355926098,0.328233830036381,0.144217544962021
22666,0.343422837239626,0.208737224948242,0.0339518958786098,0.413888041933523
22667,0.0826986171793114,0.163197518308003,0.518398785968547,0.235705078544139
22668,0.147137777987566,0.28946345271257,0.0592375505103427,0.504161218789522
22669,0.0916420390992249,0.0663772911809816,0.135877705838032,0.706102963881762
22670,0.128880386649618,0.352398139476612,0.122099422329127,0.396622051544644
22671,0.211594355051389,0.110535225671245,0.434936585130311,0.242933834147056
22672,0.392692134889407,0.0966467489978382,0.127501510012224,0.383159606100531
22673,0.298368316193709,0.195974292283513,0.122601138065821,0.383056253456957
22674,0.125117255256601,0.190305140041444,0.497257888174247,0.187319716527707
22675,0.0838234536062342,0.31393357736631,0.154365491382866,0.44787747764459
22676,0.138312712155784,0.507652904996566,0.0876320616450403,0.26640232120261
22677,0.49284831170611,0.102959420766769,0.153269555005266,0.250922712521855
22678,0.168776923536037,0.132584491985393,0.127619635524924,0.571018948953647
22679,0.048593531320431,0.479616140819259,0.0763031040310161,0.395487223829294
22680,0.0481287313189652,0.151686775572937,0.405436340028864,0.394748153079233
22681,0.094896496468402,0.357844346669427,0.118083837371156,0.429175319491015
22682,0.23789865845397,0.567611465469059,0.0677128959448166,0.126776980132155
22683,0.0688695791031184,0.0318619812590025,0.585110406009409,0.314158033628471
22684,0.155487936645371,0.670926652412843,0.0687221701693552,0.104863240772431
22685,0.18519327898328,0.12627484349646,0.154453945670747,0.534077931849513
22686,0.76913290926369,0.0614494038499454,0.0489109584301705,0.120506728456194
22687,0.0903713304796722,0.569839115874724,0.115756704031289,0.224032849614315
22688,0.399225993758686,0.296230681328127,0.241435524833895,0.0631078000792915
22689,0.225055368367607,0.411811866722617,0.198665955473831,0.164466809435945
22690,0.0781814249041261,0.233143420338228,0.621402179913935,0.0672729748437114
22691,0.133150719400673,0.500585477401155,0.310525422766042,0.0557383804321301
22692,0.203749301378614,0.255643672385227,0.277498504452398,0.263108521783761
22693,0.235758879108161,0.377614609683923,0.157302341828895,0.22932416937902
22694,0.534097202845371,0.0829206425507081,0.296337812754464,0.0866443418494571
22695,0.18574035109249,0.180639930113768,0.49803206092776,0.135587657865982
22696,0.122196436992979,0.478153592325991,0.108837623021349,0.29081234765968
22697,0.0573936612607994,0.459828708253754,0.152641498285841,0.330136132199605
22698,0.357021050720322,0.364355582332101,0.0768717049591696,0.201751661988407
22699,0.540877231343108,0.0888005966831622,0.189488346043109,0.18083382593062
22700,0.268683884588305,0.162771779768771,0.143115606956005,0.425428728686919
22701,0.119767670983726,0.476570172873848,0.050875398845468,0.352786757296958
22702,0.0478416018731684,0.224747699938486,0.500695059245773,0.226715638942573
22703,0.258822358979345,0.132160187517165,0.504778459672345,0.104238993831145
22704,0.123809088016448,0.488640529577887,0.169583423411858,0.217966958993807
22705,0.0967141455417589,0.302555185887495,0.365085040126355,0.235645628444392
22706,0.175154330844,0.206280177348052,0.398348253517463,0.220217238290485
22707,0.0866852213822577,0.639726260437987,0.154634983503019,0.118953534676736
22708,0.157304611974269,0.164852027671973,0.505818828090907,0.172024532262852
22709,0.159557605073088,0.654640090115388,0.0563439346895532,0.129458370121971
22710,0.140343858544952,0.506711047434937,0.121121909333751,0.23182318468636
22711,0.636406464367509,0.107651674395193,0.155817050037909,0.100124811199389
22712,0.26263973607816,0.366103294464286,0.0888516552171144,0.282405314240439
22713,0.161581747502718,0.197956670793777,0.340744382231165,0.299717199472341
22714,0.10904552546995,0.195495904842694,0.589897743109112,0.105560826578244
22715,0.254989898436093,0.297241176070801,0.173975109489591,0.273793816003515
22716,0.133899851828172,0.297122575176745,0.213135119107171,0.355842453887913
22717,0.148106022418897,0.12641766141913,0.413204024768242,0.312272291393731
22718,0.443128960940503,0.129967289534649,0.124949916793231,0.301953832731617
22719,0.548674976731592,0.216639382682202,0.138807426211328,0.0958782143748782
22720,0.0958306782525628,0.424196043688205,0.197766393777784,0.282206884281448
22721,0.461308676042563,0.279036560392261,0.12264262122358,0.137012142341597
22722,0.150936657764137,0.23406405747328,0.238734900765063,0.376264383997521
22723,0.1551462312362,0.453885638046077,0.0498968621984148,0.341071268519309
22724,0.100678635610241,0.168611025200011,0.642930915666647,0.0877794235231015
22725,0.143129052099993,0.495254036663372,0.211793518730622,0.149823392506012
22726,0.0776100423785525,0.575722653894338,0.180948497235573,0.165718806491536
22727,0.220387075637258,0.242978519371932,0.445164794404092,0.0914696105867178
22728,0.0679086369149233,0.559298023481658,0.247959085335244,0.124834254268175
22729,0.343745340087249,0.352619768389902,0.198396074926645,0.105238816596204
22730,0.1388024691373,0.378085672081898,0.328413863626324,0.154697995154478
22731,0.0600952210638348,0.45401356627325,0.369862863355442,0.116028349307474
22732,0.22421792668384,0.350652489643216,0.305785533430104,0.11934405024284
22733,0.384151701310444,0.28031488469983,0.15916898682069,0.176364427169036
22734,0.219602751488095,0.429640723563834,0.186777193081999,0.163979331866072
22735,0.14237388512722,0.501028511397577,0.312707624835556,0.0438899786396469
22736,0.110217074262022,0.231924165366425,0.53874701375489,0.119111746616663
22737,0.39731907124277,0.304926829437794,0.0856330056208004,0.212121093698635
22738,0.405112135910558,0.179085922311638,0.318346758226412,0.0974551835513918
22739,0.472284081372706,0.210883907498037,0.155920033226576,0.160911977902681
22740,0.12127521401832,0.505128964862432,0.26089206628792,0.112703754831327
22741,0.50211882855322,0.117438709146145,0.283683770537473,0.0967586917631626
22742,0.172098798823922,0.558532170099908,0.213298775277035,0.0560702557991361
22743,0.174834472554358,0.536747420878491,0.146009821691102,0.142408284876049
22744,0.164430682592303,0.48704840524065,0.191425686865268,0.157095225301778
22745,0.35817717919079,0.233698360058535,0.175828134767545,0.23229632598313
22746,0.224538923472241,0.326974414220086,0.301035726901137,0.147450935406537
22747,0.582898176837511,0.14046926292125,0.101770283348279,0.17486227689296
22748,0.47668041319402,0.183263563440084,0.281757799721009,0.0582982236448872
22749,0.150409879012661,0.205701607888573,0.548913574971267,0.0949749381274992
22750,0.153261049085351,0.101821553212899,0.690102283275454,0.0548151144262963
22751,0.169193644346863,0.326039027446308,0.407999175105584,0.0967681531012442
22752,0.307045544874627,0.197399368771981,0.307761764051802,0.18779332230159
22753,0.265707273426869,0.469520934225168,0.138253084660307,0.126518707687657
22754,0.360061205035561,0.36516739476545,0.228656332636926,0.0461150675620635
22755,0.158017465296718,0.0998683681146424,0.581203168576406,0.160910998012234
22756,0.236786126549903,0.243661092549596,0.27535099037983,0.24420179052067
22757,0.491834108767239,0.163034277046579,0.102419589781568,0.242712024404614
22758,0.239812577828165,0.181134734649855,0.479402286921937,0.099650400600043
22759,0.316598963983102,0.422949650475791,0.0755872169557532,0.184864168585354
22760,0.175201814580771,0.176922819106576,0.532492070468,0.115383295844653
22761,0.161980390146761,0.467832935230651,0.158712927477229,0.21147374714536
22762,0.103466594877912,0.363380045033197,0.416722249100392,0.116431110988499
22763,0.0883686214892048,0.415965088325519,0.254476847723657,0.241189442461619
22764,0.167674855732146,0.608366894694068,0.0466201048823806,0.177338144691406
22765,0.204837020565256,0.261612844943405,0.286387009774937,0.247163124716402
22766,0.387176885702987,0.333816371322165,0.193976219850432,0.0850305231244162
22767,0.149939213849651,0.101088474106049,0.519608284883429,0.229364027160871
22768,0.141635086962216,0.157110736798668,0.487758072190073,0.213496104049043
22769,0.0615520726231646,0.823946765795614,0.0375362132751777,0.0769649483060437
22770,0.587947659294837,0.0995001841070448,0.057300219757784,0.255251936840335
22771,0.356762618897566,0.104956794588572,0.428573714259682,0.10970687225418
22772,0.481465266391896,0.201913585166546,0.139795847182283,0.176825301259275
22773,0.085910993537207,0.531808888740108,0.0839705582719932,0.298309559450692
22774,0.124731270758893,0.233449356883879,0.374372710194271,0.267446662162957
22775,0.264257644558625,0.34905311813812,0.276500249210097,0.110188988093159
22776,0.250784630503391,0.298995242481543,0.0958882963189943,0.354331830696072
22777,0.0742329015423738,0.420219877020984,0.343948960707168,0.161598260729475
22778,0.0395457175415148,0.191162695682488,0.487798552512926,0.281493034263071
22779,0.169813224797084,0.403769146216105,0.185135757545866,0.241281871440946
22780,0.228744706367393,0.469419452070575,0.0832128820241743,0.218622959537857
22781,0.0681626972609915,0.183888704962279,0.539261247314763,0.208687350461966
22782,0.0466871581899524,0.0714102697238176,0.501888267430572,0.380014304655658
22783,0.177404247633406,0.11685043746041,0.499071902742898,0.206673412163287
22784,0.0737963472565828,0.496838545416827,0.0798748557286674,0.349490251597922
22785,0.128526197098022,0.429089097828553,0.250875934510862,0.191508770562563
22786,0.283428178261719,0.0661447829056667,0.313286170468728,0.337140868363887
22787,0.339071598309065,0.134391820290404,0.146596949634502,0.37993963176603
22788,0.431487478927227,0.0324578393631733,0.202236358851927,0.333818322857673
22789,0.390932063715904,0.113303454248833,0.105008901573738,0.390755580461524
22790,0.0771403745391874,0.222653224699745,0.48012213938554,0.220084261375527
22791,0.0871926457860604,0.366385981080604,0.0770950104138622,0.469326362719474
22792,0.0779080051275055,0.0743807384600967,0.68397345712442,0.163737799287978
22793,0.701188658484613,0.10207006470282,0.053580921821037,0.14316035499153
22794,0.101244940094363,0.240095648089504,0.362479615524766,0.296179796291367
22795,0.151204779307193,0.374756625773367,0.0627260493999591,0.41131254551948
22796,0.546526724976108,0.0579331869829811,0.186204212336305,0.209335875704606
22797,0.0444897476763889,0.0852692031145809,0.747118054384884,0.123122994824146
22798,0.0584742630531534,0.0803449550838952,0.274332610342193,0.586848171520759
22799,0.478250609471027,0.07915209671116,0.0632579335877389,0.379339360230074
22800,0.204532284451509,0.116859688098774,0.237257671927029,0.441350355522688
22801,0.0650751778017804,0.280472959385372,0.270551705882661,0.383900156930187
22802,0.0456329173231691,0.452194311681746,0.223851326026299,0.278321444968786
22803,0.458769033149004,0.378372408863759,0.0368056408711023,0.126052917116135
22804,0.267790502168648,0.0889755301810533,0.356268279037883,0.286965688612416
22805,0.194276267233012,0.3079133431459,0.171620431518801,0.326189958102287
22806,0.103890487766273,0.583668943766657,0.0744483440454141,0.237992224421657
22807,0.421327842956968,0.0303971310050564,0.354207154353411,0.194067871684565
22808,0.0471291905975721,0.42052446837766,0.231962845636104,0.300383495388664
22809,0.0866764739241874,0.16114115662944,0.566472112416641,0.185710257029732
22810,0.0835953207932112,0.504588304743657,0.16266812935592,0.249148245107213
22811,0.156106086057275,0.17054585257732,0.344139583221025,0.32920847814438
22812,0.153948669202966,0.424237035960543,0.170756947570268,0.251057347266223
22813,0.331266618289497,0.0966199830123266,0.30182660613703,0.270286792561146
22814,0.224625179527265,0.541376300931822,0.0602168531767642,0.173781666364149
22815,0.172507020807201,0.387004236536711,0.156585174017141,0.283903568638947
22816,0.110557098197997,0.220472435722299,0.0616695424666099,0.607300923613094
22817,0.494609143002311,0.121075171376995,0.0708447521096497,0.313470933511044
22818,0.0449588338723461,0.563352868599722,0.215182950858934,0.176505346668998
22819,0.172024620846741,0.133926042981406,0.40205711225337,0.291992223918483
22820,0.0780912109650845,0.204539005579532,0.486289571103476,0.231080212351907
22821,0.0774338784044629,0.16845221768064,0.344155652645152,0.409958251269745
22822,0.309942352253365,0.0602313900003273,0.277377154529387,0.35244910321692
22823,0.0819508580210524,0.413838792121858,0.0670318257063382,0.437178524150751
22824,0.0479402507521812,0.457105614842294,0.155989624362359,0.338964510043166
22825,0.145782118190321,0.0343796284942441,0.696849495682017,0.122988757633418
22826,0.0783480812049357,0.116735585045808,0.327936311847881,0.476980021901375
22827,0.508656267575327,0.0460319892409476,0.161811735475501,0.283500007708224
22828,0.0562516363885192,0.20457986014172,0.603156807337351,0.136011696132409
22829,0.0716533793315504,0.490666048981543,0.304511078595357,0.13316949309155
22830,0.086882013237555,0.0328196296880574,0.692114028319118,0.18818432875527
22831,0.0779994292415085,0.565857734494111,0.0479247361174987,0.308218100146882
22832,0.0947677474550325,0.069588535463909,0.586668536660327,0.248975180420731
22833,0.154255070079553,0.523041934747833,0.0971677739288665,0.225535221243747
22834,0.0306024291414521,0.0913472226944502,0.257788869655687,0.620261478508411
22835,0.173739399105033,0.151538390669858,0.12032032037875,0.554401889846358
22836,0.188692604063536,0.341014087465221,0.0740718750429364,0.396221433428307
22837,0.0467028958162169,0.35700799520049,0.124637188126012,0.471651920857281
22838,0.2703962295416,0.15168709562146,0.0434423921803463,0.534474282656594
22839,0.142551295246312,0.269476622529869,0.256340681258078,0.331631400965741
22840,0.492104918272337,0.0341340615909399,0.200736405054364,0.273024615082359
22841,0.217855479121645,0.124898764207138,0.139595641022495,0.517650115648723
22842,0.350248200977761,0.054431442981873,0.225946995104442,0.369373360935924
22843,0.359217318543628,0.0755544375296081,0.232251338341865,0.332976905584899
22844,0.660735994399172,0.0638771961184068,0.17993841083134,0.0954483986510814
22845,0.615504902243456,0.192044413856982,0.108360996441724,0.0840896874578394
22846,0.0787735705682474,0.690437023089342,0.0257314153614899,0.205057990980921
22847,0.215800404750467,0.546665388016093,0.0865331557031931,0.151001051530247
22848,0.207642396244565,0.221166405177779,0.087501462830309,0.483689735747347
22849,0.397612498609833,0.0340554456141735,0.470149975733392,0.0981820800426012
22850,0.477974807422186,0.0812153791828509,0.261583105561756,0.179226707833208
22851,0.140594055631916,0.426496843558943,0.117927187636013,0.314981913173128
22852,0.540937077950006,0.0630659615314035,0.0408483191270268,0.355148641391564
22853,0.610236226101535,0.103473766774093,0.206691778990994,0.0795982281333782
22854,0.128035802545839,0.185945911586146,0.0625440285741418,0.623474257293874
22855,0.421728052889891,0.187750667527657,0.0387812153895053,0.351740064192947
22856,0.0288540848710612,0.0450557506522444,0.499522859522558,0.426567304954137
22857,0.0246333220960898,0.0505085631067347,0.327514132922728,0.597343981874447
22858,0.241066090830554,0.243857818381255,0.279784156819044,0.235291933969146
22859,0.143171874013591,0.712648569488627,0.0687927449583682,0.0753868115394132
22860,0.15354945424812,0.267272749558637,0.139857073010998,0.439320723182245
22861,0.216084598326439,0.36185555992387,0.269902225479748,0.152157616269943
22862,0.140005674441753,0.175832983529873,0.185093286752119,0.499068055276255
22863,0.101107823708123,0.667467518465246,0.142931497101834,0.0884931607247963
22864,0.0453052904360312,0.401479819220238,0.191468985656231,0.3617459046875
22865,0.237178689769167,0.313878132026288,0.127065076376764,0.321878101827781
22866,0.236718930085463,0.0428962366860581,0.569297918021673,0.151086915206807
22867,0.173857502577544,0.0790324671402221,0.54684330495159,0.200266725330645
22868,0.129614258244992,0.195261585172094,0.326096965344905,0.349027191238009
22869,0.367182643965058,0.148157345118842,0.164090389827713,0.320569621088387
22870,0.219070195737839,0.291593113857806,0.221371880372093,0.267964810032262
22871,0.169812856576987,0.489775585012774,0.10096554179779,0.23944601661245
22872,0.156595664525654,0.659409715498567,0.0426089559541093,0.14138566402167
22873,0.0762430262493789,0.271693305650836,0.324829607070216,0.32723406102957
22874,0.131531622040616,0.547034376729247,0.0662306888565989,0.255203312373538
22875,0.0588411457288216,0.572777784744515,0.0910901662293599,0.277290903297304
22876,0.20678489709392,0.469487483545025,0.156840597211185,0.166887022149871
22877,0.329324853629707,0.0997507410453354,0.1432621656256,0.427662239699358
22878,0.093162769957506,0.0535079914433376,0.479415595591147,0.373913643008009
22879,0.15478257940756,0.110905433614723,0.621687985315909,0.112624001661808
22880,0.130388407861948,0.183651190596749,0.578697266066229,0.107263135475074
22881,0.272761011641506,0.141106749858734,0.289339865712939,0.296792372786821
22882,0.0409421658243161,0.808120329467451,0.0280517630130592,0.122885741695174
22883,0.148856476519832,0.0779607869776129,0.439034504682787,0.334148231819768
22884,0.0675272111024041,0.265889395156649,0.316130830877011,0.350452562863936
22885,0.405531692720661,0.154759078843234,0.0370807514152129,0.402628477020893
22886,0.254225000818629,0.0353753324934784,0.137513621563318,0.572886045124574
22887,0.10802655501239,0.665070031050408,0.0827278402542831,0.144175573682919
22888,0.600403477212152,0.23175742569527,0.0423881004908562,0.125450996601722
22889,0.0250185614706185,0.0467462257950993,0.806082986750706,0.122152225983577
22890,0.310679808274934,0.474852959618596,0.084245404019914,0.130221828086556
22891,0.146661117100301,0.376712612831351,0.213541191309836,0.263085078758512
22892,0.165978940971904,0.0951813255209656,0.517036131430878,0.221803602076253
22893,0.515499349334584,0.194113073201527,0.139342109880296,0.151045467583594
22894,0.109832841697127,0.0874989718058229,0.0368168244613683,0.765851362035682
22895,0.382494780535097,0.185234550768635,0.136855847114612,0.295414821581656
22896,0.427183321604842,0.467415403224857,0.036622553778021,0.0687787213922801
22897,0.0980705358229727,0.256079766743546,0.419502281387766,0.226347416045715
22898,0.0987537637539366,0.193553706173941,0.475757284263505,0.231935245808617
22899,0.543944463698498,0.136423995769317,0.134743301776934,0.184888238755251
22900,0.45234914792384,0.123482636213206,0.0845117113668406,0.339656504496113
22901,0.192357499637879,0.310160284269671,0.172510397500389,0.324971818592062
22902,0.160551573338024,0.351074094739695,0.173455574861311,0.31491875706097
22903,0.184163633511653,0.242585247677409,0.460319578261794,0.112931540549144
22904,0.651914364383991,0.0905394184734628,0.136841498538889,0.120704718603658
22905,0.367908101775837,0.33538012048319,0.0789581569528275,0.217753620788146
22906,0.641075135254568,0.20956847636786,0.0402435999508733,0.109112788426699
22907,0.177209239485127,0.167857222211249,0.440273343803641,0.214660194499983
22908,0.203305454015966,0.262703317337152,0.323530292527372,0.21046093611951
22909,0.155691280960361,0.707071998430601,0.0495927715903743,0.0876439490186638
22910,0.208632284855709,0.300352171260101,0.126937111858077,0.364078432026113
22911,0.123904451887809,0.192029215046625,0.297225570984103,0.386840762081464
22912,0.270800887577934,0.474934261176714,0.17602756567862,0.0782372855667317
22913,0.18442141284703,0.122833673699119,0.605551193105066,0.0871937203487855
22914,0.10166275503842,0.438765401468925,0.15045112999935,0.309120713493305
22915,0.63987743446059,0.0673427016820209,0.0855553697866182,0.207224494070772
22916,0.187590556389448,0.343397055811471,0.0799324314941986,0.389079956304883
22917,0.322149309900997,0.239570632367748,0.0352321416515907,0.403047916079665
22918,0.496564923079711,0.164622384425846,0.0353990627076235,0.30341362978682
22919,0.0646580979491429,0.78418524302423,0.052988707723887,0.0981679513027396
22920,0.130984245795465,0.146420141972356,0.437664931530216,0.284930680701963
22921,0.413001988926666,0.126649870424775,0.0718617895110467,0.388486351137512
22922,0.167386537752708,0.437382855309116,0.130102153312007,0.265128453626169
22923,0.0292016803994453,0.482203792943627,0.161559728500204,0.327034798156724
22924,0.571271390126302,0.13046123519712,0.161240648179625,0.137026726496954
22925,0.175686630868652,0.286528469928438,0.0421181799192024,0.495666719283708
22926,0.356689518479142,0.104140472336569,0.216637235814392,0.322532773369897
22927,0.0834275131305684,0.0978301696298166,0.260601136833243,0.558141180406372
22928,0.713855112792108,0.142502352270709,0.0311616780295093,0.112480856907673
22929,0.0684679123651479,0.581136555336876,0.173592804501328,0.176802727796648
22930,0.0829637160295843,0.157074993565424,0.434193442503866,0.325767847901126
22931,0.0831629430536114,0.216147065307743,0.576368493577889,0.124321498060757
22932,0.136738595642574,0.146014511036267,0.0791456752221242,0.638101218099035
22933,0.411231452074322,0.127287968033305,0.149415488111109,0.312065091781263
22934,0.140974846948902,0.0911369317889187,0.350769635597597,0.417118585664582
22935,0.0816328735995953,0.591703190279918,0.139828279875682,0.186835656244805
22936,0.461717347729986,0.116759661292776,0.206634772349769,0.214888218627469
22937,0.450633182907195,0.164667475558834,0.13175190835388,0.252947433180092
22938,0.40831018407542,0.275367644169366,0.0802571794093408,0.236064992345873
22939,0.123618155447004,0.27105865724715,0.220071122211749,0.385252065094097
22940,0.126837270373407,0.0509845494472573,0.532225188629639,0.289952991549696
22941,0.230913977223321,0.0864133282424466,0.446327916583077,0.236344777951155
22942,0.0411618796371672,0.260532630088663,0.583777380384525,0.114528109889645
22943,0.0945023495290042,0.341879651524924,0.106206412060577,0.457411586885495
22944,0.0794699229452981,0.437532324410372,0.0564209091449089,0.426576843499421
22945,0.171027522381188,0.313877563357165,0.133726603970452,0.381368310291196
22946,0.0751103804877824,0.129304137320676,0.319154215848444,0.476431266343097
22947,0.209032670401693,0.598799543300367,0.0558830278070558,0.136284758490884
22948,0.271997487639716,0.116780171634237,0.0953880080417722,0.515834332684275
22949,0.0680982996313791,0.300361408654448,0.331862267729646,0.299678023984527
22950,0.168699614447601,0.288190991704018,0.0733788270886434,0.469730566759737
22951,0.149878371861541,0.420679564875969,0.15159638362037,0.27784567964212
22952,0.197773250199724,0.324337647057933,0.0821185015210514,0.395770601221291
22953,0.463222223495791,0.173252995523754,0.197661342363755,0.1658634386167
22954,0.161795636261725,0.170533855831164,0.245185586958311,0.4224849209488
22955,0.201994987650245,0.545025144899118,0.123072222951382,0.129907644499256
22956,0.394466108473166,0.185401659170064,0.142334875719009,0.277797356637761
22957,0.249648659165874,0.167492547469022,0.398190579512582,0.184668213852522
22958,0.582820805956976,0.171333159855019,0.0926652373817907,0.153180796806215
22959,0.110613625984115,0.158328625382916,0.466245153794481,0.264812594838487
22960,0.409094587953001,0.385860828849325,0.102856242271342,0.102188340926332
22961,0.145366816253478,0.233051451354123,0.370588147646028,0.250993584746372
22962,0.182503726294221,0.105503009990099,0.646446148776401,0.0655471149392791
22963,0.0654465020179512,0.372516831588226,0.0669977448111986,0.495038921582624
22964,0.11483553277813,0.126192948424651,0.530236923825409,0.22873459497181
22965,0.303490894963917,0.396560163912795,0.099414073103988,0.2005348680193
22966,0.151625299129226,0.141764774203128,0.585271447635139,0.121338479032507
22967,0.0539851514653224,0.524447572565178,0.366217993108068,0.0553492828614315
22968,0.159425313465194,0.228371125398935,0.482820879241885,0.129382681893986
22969,0.306585082509829,0.245576910888057,0.308847626281523,0.138990380320591
22970,0.452003788979314,0.170396210315893,0.187651752062178,0.189948248642614
22971,0.155838852506046,0.186585870617607,0.590269548254563,0.0673057286217835
22972,0.226069481287359,0.609714317893061,0.0826132732427233,0.0816029275768566
22973,0.0375147177784684,0.442921728005664,0.0522283779456965,0.467335176270172
22974,0.0599107728563629,0.0971735151010968,0.446207473842397,0.396708238200144
22975,0.227210344013866,0.146457273779024,0.514977255007575,0.111355127199535
22976,0.0265174913879695,0.202082957687455,0.485501088193754,0.285898462730821
22977,0.0674035539551335,0.254764431241125,0.461311296451108,0.216520718352633
22978,0.0290260970734139,0.209733619097379,0.554129147002703,0.207111136826503
22979,0.0591383527530089,0.25918311066889,0.461800289854875,0.219878246723226
22980,0.414899885832307,0.464194503172043,0.0481798537787702,0.0727257572168796
22981,0.146295899262382,0.637774336442773,0.126257209301854,0.0896725549929914
22982,0.194782133652603,0.0669943340922306,0.200789957722385,0.537433574532781
22983,0.533291852548274,0.327653816973612,0.0356430813160818,0.103411249162032
22984,0.017775039340903,0.45553971023505,0.299330537070195,0.227354713353853
22985,0.34483096161368,0.0616726147128694,0.128057154370953,0.465439269302498
22986,0.359554779012854,0.238655233157789,0.0739651646839288,0.327824823145429
22987,0.0487678066999856,0.114889016421968,0.407399956661764,0.428943220216282
22988,0.130840035517964,0.0689616645629879,0.557604166196863,0.242594133722185
22989,0.566974326116415,0.0840911440683061,0.148742044622919,0.20019248519236
22990,0.0944516271277925,0.394587254155276,0.0705206143059914,0.44044050441094
22991,0.547130509939567,0.0933417837054343,0.0471199950943129,0.312407711260686
22992,0.251988285960407,0.366048455502738,0.184201905152292,0.197761353384563
22993,0.143810793824365,0.11214894975686,0.614108839195488,0.129931417223287
22994,0.608544565434388,0.188733902043724,0.102179257262618,0.10054227525927
22995,0.0804979375731106,0.339827956022323,0.25808798812457,0.321586118279997
22996,0.524012521021657,0.195211025292751,0.158288428964124,0.122488024721468
22997,0.193631061513741,0.379395943898283,0.165440065052731,0.261532929535244
22998,0.179016717029063,0.116761120898227,0.117710916765581,0.586511245307129
22999,0.453211999218313,0.125811154960809,0.221282737601445,0.199694108219432
23000,0.143143787666999,0.241572091643235,0.530678232182225,0.0846058885075411
23001,0.202612309952973,0.399556462232151,0.166995599522069,0.230835628292807
23002,0.0775422010492918,0.417086337236484,0.170874603312563,0.334496858401662
23003,0.609735718075511,0.137331382317017,0.147782139061678,0.105150760545794
23004,0.122307352556627,0.316656243693552,0.356470808432848,0.204565595316973
23005,0.217432422986913,0.564081010947492,0.0911816453937515,0.127304920671844
23006,0.118822469738525,0.147416187148464,0.607360218949541,0.12640112416347
23007,0.0430352573285391,0.444827252982619,0.43159540974847,0.0805420799403722
23008,0.0683445752226176,0.475820333201903,0.288238958486749,0.167596133088731
23009,0.273817308707462,0.117301806658594,0.288665309516833,0.320215575117111
23010,0.457276351899353,0.277341050379837,0.0999556097106672,0.165426988010143
23011,0.372054838033043,0.0923636644260644,0.23753897801788,0.298042519523012
23012,0.27295543405466,0.0718355632272928,0.448302996315217,0.20690600640283
23013,0.342187828948504,0.0903713865555423,0.252041603803189,0.315399180692765
23014,0.048303878341791,0.303258825656385,0.392624954394429,0.255812341607395
23015,0.114824233868672,0.116816522196312,0.488832831941414,0.279526411993602
23016,0.336645060373912,0.178607235068323,0.352097430451019,0.132650274106746
23017,0.206133600640977,0.172436738955679,0.353907740431308,0.267521919972036
23018,0.546783589728481,0.166499355594779,0.147670060814354,0.139046993862386
23019,0.0566490230784384,0.150206625392244,0.690580062276502,0.102564289252815
23020,0.326777378998808,0.0799360675083016,0.0823167847076633,0.510969768785228
23021,0.420474151084968,0.281833579291996,0.0267705184416787,0.270921751181357
23022,0.18123604974441,0.230808430061222,0.0581263555708977,0.52982916462347
23023,0.484965660795287,0.127038129298762,0.123488563417941,0.264507646488011
23024,0.301366735970383,0.318628572307138,0.0424967581438192,0.33750793357866
23025,0.0736681720009487,0.438399086247167,0.228056318680436,0.259876423071449
23026,0.748074031854835,0.0700087702095917,0.0748221224711094,0.107095075464464
23027,0.226166216955081,0.305741308632667,0.107008993917368,0.361083480494884
23028,0.0891695510330803,0.613335673111106,0.0477580936888349,0.249736682166979
23029,0.0357406375492526,0.0379915175147112,0.63593651698461,0.290331327951426
23030,0.413008894870223,0.216038933198952,0.0636552971797448,0.30729687475108
23031,0.0551332789450192,0.202567783418999,0.327550985110269,0.414747952525712
23032,0.151175002372169,0.538303869758277,0.112155202523836,0.198365925345719
23033,0.426975802806329,0.1349627358629,0.0505595422829169,0.387501919047855
23034,0.086805732063225,0.305269295070308,0.0633868198752165,0.544538152991251
23035,0.365685275597161,0.296114911100542,0.047872537858107,0.290327275444189
23036,0.0543540215050944,0.452259777631049,0.0637356389646414,0.429650561899216
23037,0.566093871630134,0.154682382095133,0.128911439265515,0.150312307009218
23038,0.335778722344986,0.464824709111165,0.100392299620881,0.0990042689229678
23039,0.599789257774796,0.1427106367133,0.0234121070093559,0.234087998502549
23040,0.0588591970997192,0.0836004937828077,0.151615082031998,0.705925227085475
23041,0.314589798460841,0.0854858716879798,0.38464071116048,0.2152836186907
23042,0.374781953581837,0.137060431813503,0.0679561600074447,0.420201454597215
23043,0.0844070143009076,0.13034472779465,0.210610936256073,0.57463732164837
23044,0.111168640561199,0.158145980616662,0.518837355526792,0.211848023295347
23045,0.546231600853546,0.101718479576772,0.14051477047223,0.211535149097452
23046,0.760362256160414,0.0493333146292316,0.0837130031357412,0.106591426074613
23047,0.0790944572933102,0.225817432316158,0.5501333924057,0.144954717984832
23048,0.557879123229041,0.135344878976217,0.146748499838755,0.160027497955987
23049,0.399305228112945,0.270630001742618,0.122417983602945,0.207646786541492
23050,0.27477350712023,0.46883763064172,0.136491468626403,0.119897393611648
23051,0.412056144272292,0.204170584588216,0.219749247479753,0.164024023659739
23052,0.107914479791915,0.693917352606256,0.141943931310447,0.0562242362913813
23053,0.509447325120221,0.0724088427899758,0.20014560808659,0.217998224003214
23054,0.442904872159003,0.0650376339047041,0.36528380426066,0.126773689675633
23055,0.66303367413999,0.192375870803495,0.0682103635151548,0.0763800915413605
23056,0.201538938938616,0.141979769923378,0.233228958949519,0.423252332188487
23057,0.168668287202536,0.571103739207792,0.0327611401838907,0.227466833405781
23058,0.0454336838829312,0.479414253431656,0.331280217956251,0.143871844729163
23059,0.40494416445718,0.121622672328134,0.139866956992635,0.333566206222051
23060,0.527791713158506,0.0949651274262718,0.0535517650120311,0.323691394403191
23061,0.544775700788745,0.137388800100496,0.247396229185466,0.0704392699252922
23062,0.174925706804811,0.222417431249117,0.0900591188004276,0.512597743145644
23063,0.113955894029991,0.0864045421633235,0.67166184231514,0.127977721491545
23064,0.14027450256683,0.0814002700633824,0.585572659517617,0.192752567852171
23065,0.120462364447565,0.21822327227155,0.439864781170795,0.221449582110089
23066,0.0992464491399805,0.696622216396208,0.0521877123546191,0.151943622109193
23067,0.161297108690333,0.122133566089907,0.275027463310517,0.441541861909243
23068,0.714392992950751,0.152010102815673,0.0201415230245013,0.113455381209074
23069,0.0346970047942827,0.477590142098168,0.21276384268076,0.274949010426789
23070,0.160030518240696,0.469458795731421,0.0539269738586304,0.316583712169253
23071,0.0314567263634937,0.536657681331972,0.258689638922083,0.173195953382451
23072,0.164108144299035,0.0932128863910861,0.496181505666687,0.246497463643193
23073,0.0994839893963838,0.0382987084703476,0.513206153961038,0.349011148172231
23074,0.524726251153456,0.0783728705041485,0.0588349887347463,0.338065889607649
23075,0.294712264047456,0.231563383946841,0.172710832452871,0.301013519552832
23076,0.565045557071209,0.0439483957502385,0.0422431101465682,0.348762937031984
23077,0.812451268338004,0.0482772191047352,0.0469412734457096,0.0923302391115511
23078,0.0689957389177465,0.152547018062945,0.622982738279334,0.155474504739974
23079,0.503994947325226,0.113853856511616,0.233490110157662,0.148661086005496
23080,0.271316412837702,0.325853845476671,0.0985428986906451,0.304286842994982
23081,0.0370317214211291,0.0728505621329255,0.675487534582664,0.214630181863281
23082,0.198849574234226,0.660091874992441,0.0440743343854634,0.0969842163878704
23083,0.170316455141151,0.32136966228766,0.230112806609425,0.278201075961765
23084,0.0608828984701418,0.231780619505249,0.568813893527463,0.138522588497146
23085,0.103918012183805,0.0514040779483248,0.0928451968762179,0.751832712991652
23086,0.270918531685986,0.39473113839703,0.225878213378252,0.108472116538731
23087,0.214277796309811,0.299441244587406,0.375569461505342,0.110711497597442
23088,0.361831024266072,0.155679993654563,0.422431756674162,0.0600572254052027
23089,0.461953415037989,0.312896435298463,0.183912812454839,0.0412373372087081
23090,0.0825514797723433,0.247586181240708,0.476521045283686,0.193341293703263
23091,0.369222997405488,0.32605056743851,0.201031879923653,0.103694555232349
23092,0.304715422907813,0.138095434959002,0.401204840056398,0.155984302076788
23093,0.365059265241569,0.17653198057554,0.220752723377828,0.237656030805063
23094,0.593655050423736,0.216445963188175,0.143502989115949,0.0463959972721406
23095,0.302897619907093,0.259458916532033,0.11590884698243,0.321734616578444
23096,0.324195547635964,0.214949624773815,0.313406036424786,0.147448791165435
23097,0.602992359115364,0.0960757290308159,0.257533912888322,0.0433979989654985
23098,0.428553719337982,0.181898784416459,0.256198440190549,0.133349056055011
23099,0.493096548449083,0.219601983011985,0.174873852603556,0.112427615935376
23100,0.158082306036787,0.157564398409585,0.635735871353855,0.0486174241997732
23101,0.175446057381708,0.567861665840833,0.120058263046727,0.136634013730733
23102,0.364532274011976,0.176491390769511,0.285100021954436,0.173876313264077
23103,0.172348317544757,0.308305581461074,0.458211914053649,0.0611341869405206
23104,0.21888672635552,0.367313350448994,0.252114460716588,0.161685462478898
23105,0.0740534032934456,0.360222223785389,0.314354900298549,0.251369472622616
23106,0.337173154042237,0.208532514882632,0.230611559729544,0.223682771345588
23107,0.194632066778155,0.115681132028355,0.586859220961481,0.10282758023201
23108,0.157438471179238,0.242682111788331,0.192400663236596,0.407478753795835
23109,0.105150602036776,0.368725520115321,0.349366636811427,0.176757241036476
23110,0.550479608497706,0.0483451172848118,0.232185838322287,0.168989435895195
23111,0.0744969008506547,0.549984862972923,0.240170827092644,0.135347409083778
23112,0.110047620766728,0.112696455507724,0.686088761190564,0.0911671625349834
23113,0.151823624257804,0.392744959475002,0.251922726620572,0.203508689646623
23114,0.0870332202514359,0.283909826852872,0.482684797179911,0.146372155715782
23115,0.116581927096262,0.315576216124227,0.269564353239018,0.298277503540493
23116,0.0673118664013132,0.656188955086523,0.0315958141413653,0.244903364370798
23117,0.138462159523196,0.0907144378779848,0.605899338684731,0.164924063914089
23118,0.0418886542128707,0.0648531458353272,0.50790143745188,0.385356762499922
23119,0.0406549179084314,0.371488137397456,0.120269185359014,0.467587759335099
23120,0.613156081247425,0.120900120570173,0.0440796411566161,0.221864157025787
23121,0.324631531056894,0.266061089156342,0.0690752993308103,0.340232080455953
23122,0.294519369166149,0.139902035828887,0.173383050136824,0.392195544868141
23123,0.0437411992846345,0.509207327065704,0.204874662395959,0.242176811253702
23124,0.26506804260632,0.44806192709538,0.168391419867423,0.118478610430877
23125,0.278947437146521,0.399457966474848,0.198970761772948,0.122623834605683
23126,0.35941048694373,0.330314855739353,0.172692198150856,0.137582459166061
23127,0.301115034632308,0.226464718786863,0.386386541255633,0.086033705325196
23128,0.553152976717866,0.254557815678904,0.116749247132347,0.0755399604708833
23129,0.397656517095833,0.335582640799438,0.146522633708445,0.120238208396283
23130,0.197339561472144,0.464175209665047,0.176913536920139,0.16157169194267
23131,0.258869051325368,0.198403406567684,0.451347205431074,0.0913803366758746
23132,0.383195045635254,0.293888904732336,0.215689754600168,0.107226295032242
23133,0.182545647148081,0.15064800847508,0.551300749258182,0.115505595118657
23134,0.182946143948333,0.21900853451152,0.374496752645747,0.2235485688944
23135,0.161198117675964,0.436348494025576,0.284488294593147,0.117965093705313
23136,0.167400874064504,0.123331692374144,0.560687747895937,0.148579685665415
23137,0.152649902612749,0.279909552387795,0.171507987308343,0.395932557691113
23138,0.184838310644369,0.15649538637152,0.538344442322603,0.120321860661508
23139,0.350845589227225,0.276796458118463,0.207063492271988,0.165294460382325
23140,0.207938158340646,0.534077292317135,0.123020970949183,0.134963578393036
23141,0.123430946099793,0.538045431268945,0.161802102058631,0.176721520572632
23142,0.352042375713999,0.148809924693612,0.372729260677297,0.126418438915092
23143,0.227456384863952,0.256547999682285,0.432929933153082,0.083065682300681
23144,0.156970412739788,0.338207953370794,0.405894295063255,0.0989273388261628
23145,0.221182535717168,0.371330334067809,0.27078421010948,0.136702920105542
23146,0.209910146198976,0.518634053766631,0.226843281103528,0.0446125189308653
23147,0.251837079440637,0.215800939695517,0.340260957666114,0.192101023197732
23148,0.212389726923147,0.506305241436424,0.179622029481357,0.101683002159072
23149,0.483043549458025,0.299924592290988,0.0957146113229755,0.121317246928012
23150,0.227725417239447,0.436211657094457,0.175826861141881,0.160236064524215
23151,0.255028264079293,0.194585432073706,0.475343350115119,0.0750429537318831
23152,0.24470885196598,0.157660239615589,0.459936310061877,0.137694598356554
23153,0.352259660467818,0.265461280148346,0.226692129548769,0.155586929835067
23154,0.262230222887724,0.256269906687717,0.282766058021072,0.198733812403488
23155,0.457749322198377,0.26098957884546,0.164732996327148,0.116528102629015
23156,0.449168858394262,0.1888611694358,0.23285186375913,0.129118108410808
23157,0.13993386318794,0.580302224273424,0.179939683775047,0.0998242287635896
23158,0.512338086483795,0.158678991404859,0.243227700277108,0.0857552218342379
23159,0.249665964890658,0.237623676245562,0.367791043605207,0.144919315258574
23160,0.100478876884685,0.221584840129348,0.402520510915524,0.275415772070443
23161,0.319286569411595,0.233941535999232,0.339107308338313,0.107664586250861
23162,0.180486326993042,0.238751472387856,0.0650791802656479,0.515683020353455
23163,0.0955273186983232,0.764432616782395,0.0361013438931452,0.103938720626137
23164,0.170615985541895,0.582290861882799,0.106554698094212,0.140538454481094
23165,0.0228971477640072,0.170216672718088,0.344822586132958,0.462063593384947
23166,0.566789298760749,0.115885758130158,0.0521518436028772,0.265173099506216
23167,0.304649712911526,0.0815247324944421,0.19975342767905,0.414072126914982
23168,0.17067909830422,0.0282628425397823,0.16883033593896,0.632227723217037
23169,0.213139157121124,0.270605705384347,0.404711268489876,0.111543869004654
23170,0.0745530455897876,0.0706610283234897,0.160028935491488,0.694756990595235
23171,0.188326048130768,0.09240551108153,0.207751489502199,0.511516951285503
23172,0.200915651195809,0.532509690100102,0.0935221735516319,0.173052485152457
23173,0.023794854058988,0.0458380995889408,0.265413956296676,0.664953090055395
23174,0.812820918504802,0.0788929331582863,0.0236882169668747,0.0845979313700368
23175,0.325023142133404,0.105824754706816,0.135043032617198,0.434109070542583
23176,0.0271400799570599,0.615483596435739,0.0684921581088503,0.288884165498351
23177,0.344530969061182,0.188895668606326,0.385807809025241,0.0807655533072516
23178,0.149385177722253,0.538409325731249,0.112174931523383,0.200030565023116
23179,0.116403171729773,0.62024571197936,0.0564622465940461,0.206888869696821
23180,0.0287008355286274,0.206976984214134,0.577026964174225,0.187295216083014
23181,0.182367116965525,0.499923012784753,0.159694005471692,0.15801586477803
23182,0.358004756202634,0.431363886827269,0.133026505144319,0.0776048518257782
23183,0.158613268041276,0.421339387153802,0.17775252947336,0.242294815331562
23184,0.261481983505052,0.306008367763738,0.275527097841426,0.156982550889785
23185,0.366989553983421,0.143002101169077,0.248307847728454,0.241700497119048
23186,0.354232904323954,0.23474274063627,0.0860468797267211,0.324977475313055
23187,0.109122469939698,0.163512991363875,0.587480312037452,0.139884226658976
23188,0.491835900620848,0.324637545314668,0.0966141597708368,0.0869123942936478
23189,0.21593690783246,0.166264922773433,0.183333022517316,0.434465146876791
23190,0.198088811865559,0.226665087667807,0.28225332311285,0.292992777353784
23191,0.318161815164897,0.373645307661695,0.145596109806678,0.16259676736673
23192,0.298527226719928,0.408699645635178,0.0523699672812054,0.240403160363688
23193,0.243959171624264,0.257980648000876,0.112294040234828,0.385766140140032
23194,0.424133401098014,0.356596209016066,0.105783892671469,0.113486497214451
23195,0.414439525352463,0.218063726404396,0.20613110204996,0.161365646193181
23196,0.25805294596969,0.366612186870924,0.176723532971297,0.19861133418809
23197,0.331027027807011,0.0969238856288772,0.232842183267652,0.33920690329646
23198,0.43555097531415,0.117744045783629,0.168467564418922,0.2782374144833
23199,0.531610293177649,0.177224204080765,0.0631001132896605,0.228065389451925
23200,0.297735426947447,0.160671809121069,0.420958879614724,0.120633884316759
23201,0.310638490909063,0.253847010178188,0.253747417216624,0.181767081696125
23202,0.175705640472531,0.287502262427427,0.383030836808722,0.153761260291321
23203,0.0702476935882982,0.639219822084485,0.178421760220351,0.112110724106865
23204,0.177673115546082,0.381488487897268,0.152772251702988,0.288066144853661
23205,0.214636383406103,0.168658740310682,0.333203802753197,0.283501073530019
23206,0.313471747988313,0.353327009300295,0.0502630380873757,0.282938204624016
23207,0.325363915479023,0.200182716960657,0.337484284331555,0.136969083228765
23208,0.199613409719687,0.123693400929215,0.320850016624914,0.355843172726184
23209,0.252146678936984,0.402986956287461,0.124486144541278,0.220380220234278
23210,0.661718406479744,0.101125570780692,0.116176251431448,0.120979771308116
23211,0.329440985569267,0.382327908837533,0.112661592951188,0.175569512642012
23212,0.096665984005296,0.423075657221152,0.251261285480728,0.228997073292824
23213,0.0914428748822587,0.121663630543559,0.388886472779249,0.398007021794933
23214,0.624275483239608,0.0736651149296053,0.212259366225646,0.0898000356051405
23215,0.403263927333495,0.0930764958162749,0.207895005250715,0.295764571599515
23216,0.258118358943107,0.180847473772637,0.248813521861088,0.312220645423168
23217,0.0864496030095075,0.552479599757386,0.0780422247239447,0.283028572509162
23218,0.162340614392456,0.243692557266632,0.260807226749225,0.333159601591687
23219,0.297279111929387,0.0750328655737217,0.0478093155433244,0.579878706953567
23220,0.67294787773215,0.151999106952277,0.0616144639204133,0.11343855139516
23221,0.79624535220703,0.0260348734785335,0.0165746518790201,0.161145122435417
23222,0.0801912591076236,0.119904591407505,0.575057619547853,0.224846529937018
23223,0.110591114321944,0.380610091867389,0.0969618065459931,0.411836987264674
23224,0.039923544252844,0.264101256796021,0.199871457729535,0.4961037412216
23225,0.226560622417665,0.561622890882403,0.0180453283449799,0.193771158354951
23226,0.0797931480538235,0.111199372893202,0.286546648494523,0.522460830558451
23227,0.695841945458478,0.125791574186551,0.0408257053344594,0.137540775020512
23228,0.0552518588749238,0.0424169877566272,0.116304079483723,0.786027073884726
23229,0.118081802403376,0.110787202815103,0.363741985412536,0.407389009368985
23230,0.0750353951979652,0.3452689772315,0.0285944442616395,0.551101183308895
23231,0.0272763584710969,0.285711826013936,0.107371895746822,0.579639919768145
23232,0.210904525817736,0.243749981191451,0.149187370804478,0.396158122186335
23233,0.0933742811421802,0.104464160521651,0.291033465436039,0.51112809290013
23234,0.195486107235804,0.0354595371762266,0.0752855561050172,0.693768799482952
23235,0.088233116976915,0.0147542504345091,0.43227708704464,0.464735545543936
23236,0.501040114650753,0.0221503455629891,0.306904066843348,0.16990547294291
23237,0.0303429702207712,0.159946920693411,0.243301604371471,0.566408504714348
23238,0.129656662341424,0.25720083581517,0.298698577336609,0.314443924506798
23239,0.260045810038407,0.505606070941806,0.0374955009828156,0.196852618036971
23240,0.16995070644322,0.595215882112792,0.0731243718158496,0.161709039628139
23241,0.461740365634048,0.132064050235276,0.196822203371954,0.209373380758722
23242,0.607827168921877,0.16853793660274,0.0585551128636343,0.165079781611749
23243,0.317155829716686,0.0676370039087706,0.370177374004246,0.245029792370297
23244,0.152320347366946,0.519302867604248,0.141998467241457,0.186378317787349
23245,0.625473913013099,0.0325484425241267,0.146457205267065,0.195520439195709
23246,0.331490717816594,0.3039796830666,0.107162912513199,0.257366686603607
23247,0.109182909581863,0.0763256238180539,0.336289926941373,0.47820153965871
23248,0.109270513189538,0.527265418273328,0.14801705203919,0.215447016497944
23249,0.262896946197702,0.254152634865335,0.226879375598274,0.256071043338689
23250,0.243014950360781,0.124341256655806,0.512569644549318,0.120074148434095
23251,0.0761647917472995,0.67502749096008,0.103970351081713,0.144837366210907
23252,0.123041987357315,0.32316665559435,0.244915564518647,0.308875792529687
23253,0.0830233671646831,0.160927415716631,0.642524666290711,0.113524550827975
23254,0.561542406698653,0.0821365277539593,0.286809011743838,0.0695120538035493
23255,0.3619148216445,0.300359662091677,0.0471612918661891,0.290564224397634
23256,0.666122686802678,0.0438824557854484,0.143351418414747,0.146643438997127
23257,0.228662166268274,0.531428808131136,0.0459106484070947,0.193998377193495
23258,0.635991503161659,0.0948493292707979,0.1435417310692,0.125617436498343
23259,0.0608584515191457,0.17059325523161,0.331176888951879,0.437371404297366
23260,0.176701425162162,0.0612281311658371,0.569252290285216,0.192818153386784
23261,0.113535347230969,0.488118301656371,0.107070377285086,0.291275973827574
23262,0.540758280226184,0.113032555957922,0.134839892251925,0.21136927156397
23263,0.525133477809705,0.183545445065258,0.156762410694127,0.134558666430911
23264,0.0356304905921903,0.402871229967903,0.316801816941778,0.244696462498129
23265,0.583214432908401,0.138119382383662,0.112970745590219,0.165695439117718
23266,0.205471117203056,0.114376649939437,0.145257363478704,0.534894869378803
23267,0.2305150976628,0.197673028179121,0.357680601698585,0.214131272459493
23268,0.193232869795341,0.1139418600814,0.0572690303693024,0.635556239753957
23269,0.243911404914761,0.427809673211279,0.0473592109941727,0.280919710879787
23270,0.165405946768656,0.226702926080964,0.490623044127331,0.117268083023049
23271,0.300655918004942,0.0774643962834414,0.0863975128423056,0.535482172869311
23272,0.148237153326397,0.169247779197551,0.530914738971074,0.151600328504978
23273,0.110746551530996,0.46511477821737,0.121405231715916,0.302733438535718
23274,0.361440636060352,0.138343340073021,0.0923118597779134,0.407904164088714
23275,0.0704095915528597,0.188239997804942,0.300748431916724,0.440601978725475
23276,0.178534139382623,0.465472299041828,0.168208851573734,0.187784710001815
23277,0.468778499992672,0.318070237861095,0.0771075338971456,0.136043728249088
23278,0.124298005734336,0.145281120217153,0.355855619694343,0.374565254354169
23279,0.330226222182234,0.371115238396664,0.109875088306493,0.18878345111461
23280,0.305460012663245,0.184575072518087,0.23769348977701,0.272271425041659
23281,0.113751422700356,0.518582949188848,0.151504178746,0.216161449364796
23282,0.247371247309147,0.398710121973728,0.181715687510637,0.172202943206489
23283,0.116529927456065,0.378034066292157,0.27196545052491,0.233470555726868
23284,0.118285257047549,0.390234378264623,0.245556503735893,0.245923860951935
23285,0.414234932274947,0.180861224125677,0.140490781136481,0.264413062462896
23286,0.232187445976208,0.119292236766965,0.414876784287387,0.233643532969441
23287,0.137999489491207,0.221150758605847,0.342202674112304,0.298647077790641
23288,0.635891957696431,0.121063077713874,0.13040155575022,0.112643408839475
23289,0.192157742696403,0.536574369347802,0.161835061967466,0.109432825988328
23290,0.196215035341904,0.450304622935926,0.0922869661911645,0.261193375531006
23291,0.401362499598929,0.162663945780283,0.158388359591934,0.277585195028854
23292,0.183295352047439,0.155675732211039,0.466805143799286,0.194223771942236
23293,0.549550690946114,0.226486260330569,0.0910543629608048,0.132908685762512
23294,0.202159479158444,0.258362004313342,0.125886505143871,0.413592011384343
23295,0.356018253615145,0.0130302168863743,0.467954664456288,0.162996865042193
23296,0.174384482796953,0.214640769137524,0.483704367251608,0.127270380813916
23297,0.102759682432668,0.0504241483330182,0.55436530208378,0.292450867150534
23298,0.397225363629464,0.0355470484724924,0.335459054832443,0.231768533065601
23299,0.372898374241867,0.157650465716451,0.0563262596732105,0.413124900368471
23300,0.427157729090812,0.197301491554197,0.25731084036227,0.118229938992721
23301,0.460428214590269,0.0531654630116575,0.11159259646044,0.374813725937634
23302,0.304040984867675,0.180173077277292,0.416398845356231,0.0993870924988016
23303,0.124380298016368,0.193372619556418,0.388760871708181,0.293486210719033
23304,0.0310955492028968,0.421808651153602,0.0694712472358397,0.477624552407661
23305,0.407669085096693,0.040303183056827,0.0428318466202369,0.509195885226243
23306,0.331051502061862,0.436883720333125,0.0783178820240852,0.153746895580928
23307,0.116123455038737,0.263423253564351,0.194584329295898,0.425868962101014
23308,0.231398864326339,0.0283945500079532,0.577147936387056,0.163058649278652
23309,0.125571432101577,0.104233966899286,0.0242757441552393,0.745918856843898
23310,0.10545798322337,0.0449479705429323,0.600441323306015,0.249152722927682
23311,0.113509039827523,0.0380091250775227,0.288947342720321,0.559534492374633
23312,0.274042318760556,0.121544265897694,0.494187738205387,0.110225677136363
23313,0.0819559521502734,0.30148546601081,0.206725036376753,0.409833545462164
23314,0.47464669211472,0.069461472455845,0.103056994412869,0.352834841016566
23315,0.391726883365475,0.143873279296083,0.365504841696342,0.0988949956421006
23316,0.332590073069848,0.150088394096033,0.218570827366563,0.298750705467556
23317,0.282870592342599,0.203493796840443,0.195891834169305,0.317743776647653
23318,0.065953881691271,0.0791942808999623,0.474435117445691,0.380416719963075
23319,0.339387077581187,0.135804967272907,0.0277508874370701,0.497057067708836
23320,0.105349994640403,0.0653142333193678,0.260729590025764,0.568606182014465
23321,0.677731382607931,0.0133841175077906,0.212615879418698,0.0962686204655802
23322,0.21102663115448,0.0654422889600346,0.427235288129908,0.296295791755577
23323,0.261810796700826,0.350339429138459,0.0414804897753379,0.346369284385377
23324,0.469820446421241,0.107889458519562,0.137815996670301,0.284474098388896
23325,0.0506858936718434,0.419997778879049,0.297172674333281,0.232143653115828
23326,0.0658742815548253,0.147418767491108,0.0833852767812297,0.703321674172837
23327,0.0976913923734002,0.0316698518937265,0.708601632784528,0.162037122948346
23328,0.0196135299059777,0.528146452110273,0.0351564494729123,0.417083568510837
23329,0.186706155123372,0.0531672521573774,0.229479060540622,0.530647532178628
23330,0.190183000449682,0.0618838164983429,0.495245092220339,0.252688090831636
23331,0.104840928845215,0.701863885765614,0.0299849628831037,0.163310222506067
23332,0.111221238227976,0.247120756780459,0.499916400411519,0.141741604580046
23333,0.548473514514358,0.100088420147676,0.181462773833052,0.169975291504914
23334,0.332142431877469,0.140810510778454,0.113647737508174,0.413399319835903
23335,0.392150580693047,0.29362848788258,0.167222301863384,0.146998629560989
23336,0.0608553288123004,0.217989636442553,0.323540440226647,0.3976145945185
23337,0.639345809805384,0.100145942075965,0.168834196751901,0.0916740513667494
23338,0.108982320658807,0.156199728726801,0.598143562077264,0.136674388537128
23339,0.123971939550186,0.0450690892456424,0.502928325398873,0.328030645805299
23340,0.115302914097061,0.0570999156406326,0.447328176072863,0.380268994189444
23341,0.113936562540419,0.0433914630264505,0.684034659159343,0.158637315273787
23342,0.312684059379554,0.118897152300119,0.29207938040848,0.276339407911848
23343,0.140975355678415,0.392702620421736,0.102631720456933,0.363690303442916
23344,0.211266601448868,0.118519745371685,0.186169600551297,0.484044052628151
23345,0.0920935320007213,0.140148331933341,0.130307886713595,0.637450249352343
23346,0.172867200618804,0.465933126306272,0.086373629337573,0.274826043737352
23347,0.290735964325075,0.224524202279824,0.134711196763172,0.350028636631929
23348,0.101261588840692,0.245983051481597,0.292957025967372,0.359798333710339
23349,0.219271719967123,0.300842902254174,0.374991267242512,0.104894110536191
23350,0.222672046735248,0.496168033717021,0.0553944982429411,0.22576542130479
23351,0.135728793247254,0.151937345900399,0.313941667526392,0.398392193325954
23352,0.168830606371039,0.219258316959154,0.397630080054554,0.214280996615254
23353,0.0795835139042845,0.440732594142388,0.229310466848343,0.250373425104984
23354,0.0938471876395131,0.593193710448227,0.121880395704781,0.191078706207479
23355,0.19784544733239,0.481624862865094,0.0949796588854392,0.225550030917077
23356,0.30493758329405,0.118973293085744,0.414514475218967,0.161574648401239
23357,0.139565718000969,0.50158480618105,0.0949472065266585,0.263902269291322
23358,0.242264080386143,0.157913990803243,0.31632075155516,0.283501177255454
23359,0.220889810280918,0.175216406497966,0.371774103505184,0.232119679715931
23360,0.371986874314946,0.386306749022994,0.151139161695964,0.0905672149660962
23361,0.10413257043955,0.106976840015181,0.526158122542623,0.262732467002647
23362,0.138368974426396,0.274012217477555,0.275820032094577,0.311798776001471
23363,0.193740448847231,0.360860627915436,0.239041894343388,0.206357028893944
23364,0.139197890981276,0.216466179299172,0.314657704276143,0.329678225443409
23365,0.309984580954134,0.244423036161797,0.242336518768806,0.203255864115262
23366,0.184454191622084,0.0719447750336539,0.494634540164392,0.24896649317987
23367,0.21812773417651,0.168384930335608,0.492217310645037,0.121270024842845
23368,0.0703038061812612,0.339560587293344,0.368943766923417,0.221191839601977
23369,0.329586693720215,0.237556918930394,0.181001043583249,0.251855343766142
23370,0.12811725980085,0.188206015115093,0.434210080226748,0.249466644857309
23371,0.767943214668646,0.0380848853582377,0.0774494119694547,0.116522488003662
23372,0.456968308046309,0.080075370328908,0.0386904062144922,0.42426591541029
23373,0.112722575263474,0.266831390214458,0.424273893338972,0.196172141183096
23374,0.0322410124426612,0.280704711012511,0.572617268854887,0.11443700768994
23375,0.193735237417524,0.318583644446703,0.338902268141883,0.14877884999389
23376,0.208814681811367,0.289558781848457,0.352563209942715,0.149063326397462
23377,0.121598854824465,0.190733547695437,0.559226789665753,0.128440807814346
23378,0.642130046326384,0.0539041068682058,0.172267172088337,0.131698674717074
23379,0.157418670268911,0.0791050172319832,0.373839684278711,0.389636628220394
23380,0.20113253010943,0.332645951287869,0.16730048491282,0.298921033689881
23381,0.130691254293236,0.314139087179253,0.235147872490137,0.320021786037375
23382,0.0957740649245567,0.0420940008497241,0.443428270876107,0.418703663349613
23383,0.061714976400073,0.624450541057113,0.102209977097356,0.211624505445458
23384,0.72437233493602,0.0613732311180489,0.0899977487281549,0.124256685217776
23385,0.175352589859324,0.382867360529012,0.348025628426015,0.0937544211856484
23386,0.189424905042524,0.494221159088548,0.0184402240202373,0.29791371184869
23387,0.272588884247088,0.185282851669851,0.0623967656880479,0.479731498395013
23388,0.109190590558203,0.227551068507342,0.316308943543707,0.346949397390749
23389,0.0430411842192817,0.0606354790186354,0.35702112765791,0.539302209104173
23390,0.281345416740172,0.339555795741008,0.117501369883764,0.261597417635056
23391,0.11712440861308,0.290363044260086,0.453706783311002,0.138805763815832
23392,0.226772474138633,0.304873205311469,0.35029275153008,0.118061569019819
23393,0.0187491945107176,0.65860836877741,0.223370422470245,0.0992720142416282
23394,0.373999446565891,0.332561574314633,0.171964717802637,0.12147426131684
23395,0.131677056354028,0.225283267533307,0.465387844230307,0.177651831882358
23396,0.55344028357312,0.166299755952617,0.120372740913253,0.15988721956101
23397,0.448651493862181,0.308898189864692,0.0482990217176964,0.194151294555431
23398,0.164243948188704,0.755374156532413,0.0136693873189966,0.0667125079598867
23399,0.0377686655493589,0.684715759403627,0.101754610792739,0.175760964254275
23400,0.620465933527343,0.0405521526596705,0.127194568287106,0.21178734552588
23401,0.413744686385061,0.298600011134123,0.0945215734464615,0.193133729034354
23402,0.0464685227913309,0.59545466538486,0.286919707867672,0.0711571039561378
23403,0.132620797635777,0.253571671598769,0.389302676030579,0.224504854734875
23404,0.0369162196612975,0.659033646229005,0.201350313745068,0.10269982036463
23405,0.0698166855415342,0.432853517752452,0.256736301283151,0.240593495422863
23406,0.64071523492583,0.176269236790994,0.0884101322151521,0.0946053960680237
23407,0.272687930794364,0.164644831189521,0.133087395497034,0.429579842519081
23408,0.482307404972397,0.220728746215088,0.113483398824473,0.183480449988042
23409,0.27444616987415,0.339810113508845,0.237199426717693,0.148544289899312
23410,0.196139288877597,0.401911685564694,0.199991825923817,0.201957199633892
23411,0.199137442998271,0.280357724088096,0.348969157556105,0.171535675357528
23412,0.137574079378841,0.480905164441396,0.186750432588745,0.194770323591018
23413,0.205377628037488,0.251813458769986,0.325376867790283,0.217432045402244
23414,0.307282810773471,0.31970149638331,0.142756010902706,0.230259681940514
23415,0.295514042812054,0.407991795457244,0.161590272537246,0.134903889193456
23416,0.168366845871377,0.48932041476399,0.203485267685707,0.138827471678926
23417,0.340982743338498,0.203515465639496,0.259810717950015,0.195691073071991
23418,0.134823912747937,0.281963696418725,0.264980301667141,0.318232089166197
23419,0.164008705151479,0.422544860232499,0.131407191271261,0.282039243344762
23420,0.199445652042416,0.166989514469672,0.43982395579914,0.193740877688772
23421,0.380050792315447,0.285420071480158,0.115901063267812,0.218628072936583
23422,0.221348108909903,0.134390149557516,0.381221826702381,0.2630399148302
23423,0.453184412058913,0.156025837426548,0.28028067337574,0.1105090771388
23424,0.385515103012002,0.160575024943338,0.146589051127301,0.307320820917359
23425,0.334059639395856,0.29057755914616,0.13339240181466,0.241970399643325
23426,0.23636110193086,0.426503887533609,0.128274163158169,0.208860847377362
23427,0.435861528439575,0.102070408108986,0.387999901425187,0.0740681620262513
23428,0.342762983611423,0.19501088740883,0.354852910138657,0.10737321884109
23429,0.290874035988373,0.45496625002847,0.177559123451487,0.0766005905316706
23430,0.271865871562511,0.313603753804928,0.338205457834198,0.0763249167983638
23431,0.265273614052006,0.300522631590326,0.372222391801136,0.0619813625565325
23432,0.249999404542905,0.211854973617026,0.382595987292621,0.155549634547449
23433,0.432180482891742,0.331606415809205,0.165284014562806,0.0709290867362466
23434,0.216789954278478,0.321953285929527,0.393785657856123,0.0674711019358727
23435,0.341911420064647,0.275276325840375,0.239660885884592,0.143151368210386
23436,0.276057772969055,0.305040898408299,0.278302190818739,0.140599137803906
23437,0.265432397224664,0.34893922413758,0.288726427344942,0.0969019512928137
23438,0.208834193506558,0.218306631801419,0.510798565074087,0.0620606096179359
23439,0.213565056905759,0.405158700210364,0.248010557775354,0.133265685108523
23440,0.374013620696789,0.253794473945482,0.299651125028691,0.0725407803290391
23441,0.156145985086284,0.185442848220864,0.494346186753541,0.164064979939312
23442,0.271466495859453,0.414035402518684,0.210274174736522,0.104223926885341
23443,0.406287297977502,0.260712726209305,0.247374850843076,0.0856251249701165
23444,0.153233756271953,0.320345869917716,0.465790626639223,0.0606297471711088
23445,0.133982954956676,0.243766680818255,0.55468402103669,0.0675663431883789
23446,0.487524144047022,0.210109809849489,0.190535048428299,0.11183099767519
23447,0.200244228892046,0.0984880117809481,0.460894408506772,0.240373350820234
23448,0.163941483566412,0.279307609944177,0.124597530983667,0.432153375505745
23449,0.53382170853014,0.0622239198323237,0.167260718034019,0.236693653603518
23450,0.0517485736130362,0.152839423977424,0.429490771996387,0.365921230413153
23451,0.170062426748673,0.237136212263374,0.296393236471869,0.296408124516084
23452,0.0464851886572759,0.592209116099771,0.0452547350080011,0.316050960234953
23453,0.511185313562433,0.107817511179375,0.143329393814216,0.237667781443977
23454,0.156984547601744,0.105891878405364,0.0363886802695199,0.700734893723371
23455,0.294063679564238,0.0634459943422352,0.0907780014486921,0.551712324644835
23456,0.107924766388582,0.619913137413169,0.0513583991441455,0.220803697054103
23457,0.0976482029883925,0.0433932549665629,0.22046278273967,0.638495759305375
23458,0.0184863863787176,0.450174203303054,0.237462862520096,0.293876547798132
23459,0.26746126249272,0.399663716682547,0.0384799346511983,0.294395086173535
23460,0.147691745838257,0.704927473062801,0.0462075601354098,0.101173220963532
23461,0.0191444764041651,0.287280419862812,0.445236312627545,0.248338791105477
23462,0.65404458359845,0.162383253418416,0.0474639564900535,0.13610820649308
23463,0.0475287955242155,0.101079337129428,0.463886142660682,0.387505724685674
23464,0.0602688211651715,0.0244765946013908,0.576754566189202,0.338500018044236
23465,0.306910023093596,0.341991561467352,0.0794578306223952,0.271640584816657
23466,0.323095110236212,0.124219297416856,0.15993357975208,0.392752012594852
23467,0.0505459893091343,0.695574298118177,0.081620693609016,0.172259018963673
23468,0.485068929080614,0.10528322680747,0.100687098106532,0.308960746005384
23469,0.118709122740594,0.0569075139657053,0.748533358382143,0.0758500049115576
23470,0.480728146371345,0.215544018236012,0.206598618289305,0.0971292171033389
23471,0.0605489079770666,0.296273929555288,0.531651921843065,0.111525240624581
23472,0.311621918748087,0.273708880782705,0.228575395005425,0.186093805463783
23473,0.174139646784285,0.107698318307122,0.461584474804765,0.256577560103829
23474,0.21776450608519,0.107440473189334,0.364214936823096,0.31058008390238
23475,0.0947357414049238,0.581624419479607,0.0820629142844351,0.241576924831034
23476,0.161260139948272,0.597299138547167,0.0910164226904051,0.150424298814156
23477,0.415965448055472,0.070671092769207,0.297433111977457,0.215930347197864
23478,0.255444331074183,0.376714724248652,0.180197531491408,0.187643413185757
23479,0.0464582795272835,0.194772386856718,0.297043105105867,0.461726228510132
23480,0.0768932346418322,0.470017177838748,0.325213663835791,0.127875923683629
23481,0.246952002974771,0.562897471275033,0.10736404545388,0.082786480296316
23482,0.705303817712139,0.0636000125921225,0.101223780150187,0.129872389545552
23483,0.126762763136219,0.281989861372084,0.225722835572358,0.365524539919339
23484,0.0394026510191487,0.276485507413385,0.62371076094501,0.0604010806224571
23485,0.23045114920323,0.398294241927357,0.0476354968714578,0.323619111997956
23486,0.0338604509184721,0.366114783064846,0.184156838377682,0.415867927639
23487,0.233219049507984,0.410726604197494,0.036857452260059,0.319196894034464
23488,0.1464139213848,0.527189954243453,0.0744751911952817,0.251920933176466
23489,0.237801344544988,0.0459502904065229,0.19000626317335,0.52624210187514
23490,0.093999384507969,0.0290590877103593,0.247538806401278,0.629402721380394
23491,0.0583179251427652,0.167354136774715,0.27652926003265,0.497798678049871
23492,0.0419122112743883,0.3983604714969,0.320868872951469,0.238858444277243
23493,0.0617678816619716,0.0992413459192065,0.102264141577138,0.736726630841684
23494,0.150710827472408,0.554336016465789,0.0645444984012488,0.230408657660554
23495,0.0858383873800076,0.736768610634572,0.0399092417881856,0.137483760197235
23496,0.0876652349987028,0.457632020802349,0.0161863071331413,0.438516437065807
23497,0.111031363624819,0.603941863036774,0.0854741844008508,0.199552588937556
23498,0.165260705750371,0.0364803357915193,0.369890933929069,0.42836802452904
23499,0.0325447125587114,0.0567738179212366,0.232255323665826,0.678426145854226
23500,0.0295866747933,0.133029411245304,0.488226773088553,0.349157140872843
23501,0.487930770968429,0.0430450036463056,0.204781539961539,0.264242685423726
23502,0.124914017781533,0.0435420889855606,0.363684214157432,0.467859679075475
23503,0.561131336990405,0.0698251837161755,0.0522923032898817,0.316751176003538
23504,0.260950376401493,0.284252836170468,0.175766680693236,0.279030106734803
23505,0.0674613712462024,0.269032667439556,0.411225731025943,0.2522802302883
23506,0.478430644910475,0.0400883842104136,0.370761274455094,0.110719696424017
23507,0.634637346340403,0.199731149318892,0.0885033485091721,0.0771281558315326
23508,0.057433537965983,0.138635607803776,0.387298396764706,0.416632457465535
23509,0.354307772900484,0.276908150684541,0.0937166783743045,0.275067398040671
23510,0.237276028101389,0.0611243521748382,0.2900184349955,0.411581184728273
23511,0.304223178729871,0.0638126733937278,0.0819941609720278,0.549969986904373
23512,0.730502672079054,0.134268647393273,0.0500117922846158,0.0852168882430571
23513,0.138094770898977,0.188705178984368,0.0401560347263984,0.633044015390257
23514,0.272973332595441,0.0995486573825981,0.254756182565059,0.372721827456902
23515,0.713153606778528,0.0381695241000022,0.15875288263784,0.08992398648363
23516,0.334236170840372,0.0850885957035557,0.244414769477596,0.336260463978476
23517,0.526210937953914,0.122627956405658,0.0792001639026901,0.271960941737737
23518,0.0893209236474407,0.0448321992154656,0.785511189041779,0.080335688095315
23519,0.0738345956135866,0.507477408333644,0.0713357420453153,0.347352254007455
23520,0.360172521457096,0.0759419647743057,0.162773009965336,0.401112503803262
23521,0.142794802260954,0.399726151639022,0.34372038392976,0.113758662170264
23522,0.101330938999291,0.303107856355567,0.164339511599093,0.431221693046049
23523,0.0738400631628115,0.672937086939771,0.0885714787125778,0.16465137118484
23524,0.0426522410991684,0.677917154589136,0.0665651476670207,0.212865456644675
23525,0.169734876076253,0.129522014070012,0.0605918895394492,0.640151220314286
23526,0.0920501127733568,0.192530668844627,0.540185873178286,0.175233345203729
23527,0.091341012661813,0.153058236962662,0.314317026607873,0.441283723767652
23528,0.0396963277411723,0.677255602813038,0.0926768204805747,0.190371248965215
23529,0.125521834407979,0.432234596645195,0.0288958845457842,0.413347684401042
23530,0.0711298661465617,0.0599593871352349,0.686278296748206,0.182632449969997
23531,0.349433555121303,0.0205265517665401,0.0262176539130693,0.603822239199087
23532,0.140074481833743,0.108638585057182,0.0509117360403693,0.700375197068706
23533,0.279426857098193,0.0844852978364018,0.104147841203742,0.531940003861663
23534,0.0977286188138002,0.0420158331699729,0.183020866368383,0.677234681647844
23535,0.0562380768322166,0.0316192906705773,0.0837402970651255,0.828402335432081
23536,0.0678320029626608,0.048661922602478,0.20559469792416,0.677911376510701
23537,0.129087370682928,0.148286580036938,0.0278460697811535,0.694779979498981
23538,0.408559672398152,0.0710754317766388,0.0139030252838031,0.506461870541406
23539,0.0259303768349752,0.0479845417238217,0.090151935560507,0.835933145880696
23540,0.0381179767883489,0.0207853272178302,0.250172248966027,0.690924447027794
23541,0.0445853432736004,0.173287477591997,0.0238931951630636,0.758233983971338
23542,0.0476728436263286,0.19050127971574,0.517889873361574,0.243936003296357
23543,0.300200709081159,0.261613637196102,0.128860024155766,0.309325629566974
23544,0.0454910349825305,0.131692350485432,0.747958641426614,0.0748579731054238
23545,0.264550642888159,0.058645228496706,0.0752548263328707,0.601549302282264
23546,0.0544943866355002,0.0751341825118168,0.766632691237679,0.103738739615004
23547,0.398170621868473,0.357422723993091,0.02172563580192,0.222681018336516
23548,0.273786832707258,0.0655642250368713,0.0488729786206039,0.611775963635267
23549,0.302585610058525,0.0743784238642572,0.173805383359869,0.449230582717349
23550,0.0400433796695494,0.241636323137667,0.101569142477685,0.616751154715099
23551,0.555875494352569,0.100450445391312,0.197021611633503,0.146652448622617
23552,0.0313067857206562,0.477140666882209,0.455510745875015,0.0360418015221199
23553,0.0737740250514339,0.68672820021925,0.0810034652031717,0.158494309526144
23554,0.705706525693094,0.12674568337903,0.0752013675213365,0.0923464234065397
23555,0.0298022328500521,0.132823109169715,0.733400616688457,0.103974041291777
23556,0.445128602723192,0.106228441009457,0.111016382800476,0.337626573466874
23557,0.0694261645835902,0.0489703557670362,0.599012106724633,0.282591372924741
23558,0.2281670777376,0.125666216051329,0.42893896391466,0.217227742296411
23559,0.167456114035752,0.0590467052601858,0.490046471103848,0.283450709600214
23560,0.0704728986155458,0.0752448218048589,0.477513272213201,0.376769007366395
23561,0.47995911876124,0.276310131889879,0.166496632074017,0.0772341172748634
23562,0.420262959350606,0.111732068200844,0.0618075446635005,0.40619742778505
23563,0.164579621845725,0.334706626762118,0.278108006529203,0.222605744862955
23564,0.0778564386746641,0.465502587779882,0.21157196067426,0.245069012871194
23565,0.0772246685434332,0.0809317231991421,0.652625042592582,0.189218565664843
23566,0.452863010440879,0.16353296314067,0.0731959705512815,0.31040805586717
23567,0.141722447944858,0.549608451991034,0.154990295221786,0.153678804842321
23568,0.226547496620475,0.562387402167109,0.0555261086520777,0.155538992560338
23569,0.688699773450411,0.0878925877066301,0.122427026461474,0.100980612381484
23570,0.0979162427370679,0.692027359063825,0.107233801657139,0.102822596541968
23571,0.0787616203271785,0.0337497421698395,0.181876901636538,0.705611735866444
23572,0.261150665460603,0.497599499628963,0.0230424690571243,0.21820736585331
23573,0.0733260775324416,0.0582563085135253,0.134130146510805,0.734287467443228
23574,0.0476293555602905,0.545965120392949,0.198902411001169,0.207503113045592
23575,0.0358180218388342,0.227636624182255,0.1931128849357,0.543432469043211
23576,0.0721939316087378,0.0871809103113266,0.141537498529741,0.699087659550195
23577,0.74799728319936,0.0732659682640552,0.0758434952488099,0.102893253287775
23578,0.136559274240768,0.0931240699451338,0.0243499660030855,0.745966689811013
23579,0.0384791923258944,0.486009925871116,0.118877721904761,0.356633159898229
23580,0.1421031640515,0.634731137346918,0.0280325758497826,0.1951331227518
23581,0.165370412524105,0.220771758471051,0.3053599233102,0.308497905694644
23582,0.103886866416997,0.185248052179775,0.600003425915342,0.110861655487886
23583,0.717187088923166,0.0680780050113869,0.0772126669878219,0.137522239077626
23584,0.631015584846312,0.141793506116353,0.0705805985229321,0.156610310514403
23585,0.647066579855086,0.17350800540797,0.0672232998536208,0.112202114883324
23586,0.271806057497265,0.27824393038295,0.252858844584093,0.197091167535693
23587,0.110649796588356,0.115028664167365,0.30160489198405,0.47271664726023
23588,0.234091494567441,0.0515923706912867,0.27875157491048,0.435564559830792
23589,0.638369444596943,0.0565854686373549,0.0509445537494654,0.254100533016236
23590,0.208517745082837,0.1016871192639,0.203113644123477,0.486681491529786
23591,0.736573525649643,0.0533921619275446,0.0774764581544175,0.132557854268395
23592,0.387792211763367,0.0828662643476344,0.0611960104428872,0.468145513446111
23593,0.0530932410344939,0.492381763119882,0.120841338349717,0.333683657495907
23594,0.736030754388054,0.044758985324982,0.137768844338452,0.0814414159485118
23595,0.142505228674211,0.0900273124173359,0.660896367251614,0.10657109165684
23596,0.0541525344886573,0.274858739741379,0.256558788317223,0.414429937452741
23597,0.268269852328536,0.0503421417439648,0.262122298094645,0.419265707832854
23598,0.634340329555832,0.0697880162526996,0.0412454196192959,0.254626234572173
23599,0.19906955091166,0.391004273967623,0.228551729182867,0.18137444593785
23600,0.288074410890361,0.388418061118565,0.196840812639822,0.126666715351252
23601,0.164627169587513,0.46776521904583,0.229570412059018,0.138037199307639
23602,0.17229812437825,0.555268254347942,0.136773221204941,0.135660400068867
23603,0.0973241795124338,0.292336962375936,0.456609309798849,0.153729548312782
23604,0.292717495909888,0.518582622968199,0.0978839753157222,0.0908159058061912
23605,0.490156221664727,0.0912729494628381,0.13544478489148,0.283126043980955
23606,0.292407805245134,0.362079943547773,0.0947678219621295,0.250744429244963
23607,0.157942023508684,0.307230205132377,0.244948527941373,0.289879243417566
23608,0.503746296262217,0.130927818032827,0.105021981349712,0.260303904355243
23609,0.313154724895297,0.218195522007206,0.268115772167194,0.200533980930304
23610,0.202626844998023,0.475840068813479,0.199540713516354,0.121992372672144
23611,0.117368088206244,0.204052622495341,0.545922671761263,0.132656617537152
23612,0.172652864901625,0.414710199454753,0.164227130101368,0.248409805542254
23613,0.330676921786363,0.218515003672602,0.366648436854069,0.0841596376869655
23614,0.230875221487069,0.553432388792464,0.127175395599639,0.0885169941208284
23615,0.272819530765203,0.282599674583165,0.116872818291987,0.327707976359645
23616,0.282102682146954,0.203150147764123,0.437449355242971,0.0772978148459529
23617,0.173750762388145,0.513432927820061,0.147290073665061,0.165526236126733
23618,0.313528925095189,0.0150110655138044,0.313786307365512,0.357673702025494
23619,0.0595334354278775,0.292503057362432,0.177286326858544,0.470677180351146
23620,0.0585965935148643,0.248253343670413,0.0160321737881938,0.677117889026529
23621,0.322996574026225,0.0938506727808692,0.0709044201036998,0.512248333089206
23622,0.171318861063291,0.330074055133807,0.030127006529744,0.468480077273159
23623,0.0203523709503517,0.121080796632978,0.0448611126016079,0.813705719815062
23624,0.0445152807467071,0.762966163882953,0.0542097371809483,0.138308818189391
23625,0.112057985836067,0.104117765586828,0.182320167339257,0.601504081237848
23626,0.0507438755215845,0.480956731019343,0.0916794672857492,0.376619926173323
23627,0.125811194180063,0.0294514695622595,0.637466632811294,0.207270703446384
23628,0.274878911533488,0.0767220073167077,0.030288231515952,0.618110849633852
23629,0.148997649985766,0.13840917121133,0.0936711085268647,0.61892207027604
23630,0.297924116147037,0.372725681988709,0.0666504412746807,0.262699760589574
23631,0.0301050539160827,0.164148064404915,0.412746548513231,0.39300033316577
23632,0.0399973708490772,0.027860025824493,0.204805784609086,0.727336818717344
23633,0.0901211345028548,0.531082950891445,0.0666573000274324,0.312138614578268
23634,0.766881760526951,0.061833184937139,0.00747150316080575,0.163813551375105
23635,0.016303096884564,0.285463768244515,0.065683411371322,0.632549723499599
23636,0.0414173459449533,0.406636979477819,0.154394770184692,0.397550904392535
23637,0.366145794701477,0.423833875263442,0.0985110125496934,0.111509317485389
23638,0.493070715735525,0.189995442093106,0.199742593830316,0.117191248341053
23639,0.248983186267697,0.170123114303459,0.437003114951454,0.14389058447739
23640,0.315205566865461,0.125478777405648,0.443774889460289,0.115540766268602
23641,0.132833276361568,0.447457503314554,0.25700459653429,0.162704623789588
23642,0.218432138991964,0.19777481263215,0.370077576633538,0.213715471742348
23643,0.274942397014152,0.392195981640493,0.257827918597696,0.0750337027476594
23644,0.26755943929967,0.446273286539375,0.116373425979752,0.169793848181203
23645,0.121844030599003,0.462720622137111,0.167028081173263,0.248407266090623
23646,0.218761494774347,0.41291434734365,0.200297708702697,0.168026449179306
23647,0.199780459855759,0.541139114210971,0.145554341362549,0.113526084570721
23648,0.287981574829232,0.539875341389075,0.0588661521375599,0.113276931644133
23649,0.278324975320228,0.314904199604879,0.200573885252751,0.206196939822141
23650,0.295551203680479,0.241915027640115,0.120547299444427,0.341986469234979
23651,0.181273592938525,0.538373235184038,0.150923423574182,0.129429748303255
23652,0.108712926652907,0.314934668072366,0.519177082296776,0.0571753229779518
23653,0.173225742918143,0.129398217238921,0.568477744425399,0.128898295417538
23654,0.0994667379016676,0.178936200124903,0.601505493931928,0.120091568041501
23655,0.290802725782082,0.375274745566615,0.157817357440385,0.176105171210919
23656,0.18208448443049,0.190439866445327,0.313648865261594,0.313826783862589
23657,0.443988837139967,0.336104409597081,0.104192217415858,0.115714535847094
23658,0.405739394386257,0.0817465078092059,0.307565894360628,0.204948203443909
23659,0.569158764626533,0.265529180730008,0.10977056995081,0.0555414846926498
23660,0.400741289048402,0.258263723759513,0.0675235008802971,0.273471486311788
23661,0.252745922579976,0.0801507111017049,0.172775772782341,0.494327593535978
23662,0.130302187633694,0.421021488184981,0.171714454679673,0.276961869501652
23663,0.240511454899995,0.193724734746712,0.261255125696152,0.304508684657141
23664,0.0758436073059332,0.416592813028952,0.116799406300363,0.390764173364751
23665,0.298384785977731,0.310357028183658,0.0515484901015702,0.339709695737041
23666,0.339098806013817,0.14220268326184,0.277918890438811,0.240779620285532
23667,0.385604641592288,0.0641245231548917,0.41518448829406,0.13508634695876
23668,0.595998162721089,0.0707293590435226,0.120731802109452,0.212540676125937
23669,0.28453038059236,0.302784406010204,0.126152423584736,0.286532789812701
23670,0.210333272120146,0.128300476095482,0.466607255238221,0.194758996546151
23671,0.0648969389760537,0.288774948592313,0.483069560583895,0.163258551847738
23672,0.17680720459687,0.185005452649924,0.393311008611011,0.244876334142195
23673,0.297954269481155,0.521643438790543,0.0792080495402409,0.101194242188062
23674,0.0281419289711015,0.304620969683918,0.569756380704022,0.0974807206409585
23675,0.0828992724532023,0.564348422337084,0.0915596206489744,0.261192684560739
23676,0.201411838033636,0.125388925832081,0.101863179367149,0.571336056767135
23677,0.171600576515946,0.245521051212169,0.293313210442355,0.28956516182953
23678,0.513533654912647,0.0723576680808802,0.0428293954650616,0.371279281541411
23679,0.463534687122056,0.0966629583178062,0.341685392575975,0.0981169619841636
23680,0.0665584805267986,0.10121946420369,0.657999932801107,0.174222122468405
23681,0.0871170174087484,0.0993758342431136,0.728724524120522,0.0847826242276165
23682,0.0772477809990846,0.289794702373918,0.460241265564736,0.172716251062262
23683,0.354049766519962,0.104244564363394,0.209623793909781,0.332081875206863
23684,0.129149225813309,0.57560532602224,0.0882244204506841,0.207021027713767
23685,0.400962344815166,0.288915390186662,0.235098435283937,0.0750238297142347
23686,0.0786925348815076,0.0491341791237742,0.554019950867241,0.318153335127477
23687,0.10783224443614,0.100050626810478,0.266525009855,0.525592118898382
23688,0.263195442786706,0.0710400908210428,0.0478735410346542,0.617890925357598
23689,0.138545393937168,0.133860404292549,0.561741284218984,0.1658529175513
23690,0.298127008226464,0.244359459257522,0.0329136284961213,0.424599904019893
23691,0.0996394347373511,0.136007738625055,0.476646187419297,0.287706639218297
23692,0.0589890755954857,0.456489789822694,0.0844855746791457,0.400035559902675
23693,0.055503223449429,0.324939759148347,0.432930649603749,0.186626367798475
23694,0.0741834106561071,0.300115768355154,0.291539030747428,0.334161790241311
23695,0.0645681598053526,0.499219953383308,0.210714779430277,0.225497107381063
23696,0.495035987271329,0.370635945512283,0.0396938233198711,0.0946342438965177
23697,0.303569241244259,0.105667419203834,0.375541059954675,0.215222279597232
23698,0.179648497390786,0.319103799735884,0.209610402856244,0.291637300017085
23699,0.0970228505645728,0.635014087311138,0.0793156996966131,0.188647362427676
23700,0.419531054948019,0.0303025938113816,0.403247847300763,0.146918503939837
23701,0.0538838566578489,0.461549217221583,0.220222367041367,0.264344559079202
23702,0.0826955337864257,0.170986079586312,0.595959043993353,0.150359342633909
23703,0.099043732437808,0.55794980756393,0.133812593446244,0.209193866552018
23704,0.179033835072259,0.146039308268843,0.331445046972484,0.343481809686414
23705,0.155472915837893,0.430197596527891,0.154496892925826,0.259832594708391
23706,0.38729753434098,0.108861663850338,0.273680424927236,0.230160376881446
23707,0.185775099647932,0.600831503509005,0.0746330650864758,0.138760331756587
23708,0.150938586922386,0.455284949907882,0.155393200577882,0.23838326259185
23709,0.152233118375202,0.271823586657674,0.100837505596027,0.475105789371097
23710,0.512614604677743,0.11107048996529,0.0906524505643333,0.285662454792634
23711,0.0467889847213927,0.594773801662841,0.216502401784955,0.141934811830811
23712,0.138923029372114,0.115151472393212,0.467889289209969,0.278036209024705
23713,0.102633073330338,0.397211069139937,0.310004327997392,0.190151529532333
23714,0.225373166359588,0.162551037861098,0.450525409495475,0.16155038628384
23715,0.410949927391497,0.0627798964635334,0.339999425999902,0.186270750145067
23716,0.40588198814076,0.209978699836733,0.156311677208756,0.227827634813751
23717,0.288649004188065,0.500676754322683,0.0662301949631568,0.144444046526095
23718,0.153384957704285,0.152583800454024,0.440711391510722,0.253319850330969
23719,0.320897802076603,0.42124501698131,0.0519622579599975,0.20589492298209
23720,0.133277488608004,0.128521928331749,0.566470772767097,0.17172981029315
23721,0.50617546008289,0.191760397370726,0.221445306708753,0.0806188358376313
23722,0.0962184699392768,0.315035984941714,0.363252742034518,0.225492803084491
23723,0.160227930947844,0.360983269554728,0.319345901116692,0.159442898380736
23724,0.257070082510561,0.446785317360122,0.0923586247001901,0.203785975429127
23725,0.263649346648662,0.0821146537329387,0.541679413809584,0.112556585808815
23726,0.271600149959807,0.345355472574873,0.260491917957866,0.122552459507455
23727,0.196660370887224,0.22182283112386,0.336366134325013,0.245150663663903
23728,0.200822997001562,0.297869984400421,0.136807106534717,0.3644999120633
23729,0.136612306069052,0.637046169573554,0.148028964363177,0.0783125599942164
23730,0.234368305600769,0.277826671976787,0.275335668115478,0.212469354306966
23731,0.187233227580984,0.26326214569479,0.292511032214107,0.256993594510119
23732,0.434902367414572,0.194571725470631,0.0792250686614958,0.291300838453301
23733,0.52725648798656,0.104439794749783,0.0751813558811214,0.293122361382536
23734,0.0584820380988951,0.0566403067429075,0.527490647575956,0.357387007582242
23735,0.542422297781331,0.0634749018085757,0.135290184527079,0.258812615883014
23736,0.10185832258585,0.110815645193111,0.323518960310326,0.463807071910714
23737,0.0783727133438476,0.600130025155295,0.178327322946716,0.143169938554142
23738,0.39216614241077,0.112709056663877,0.0898970161919453,0.405227784733408
23739,0.175704243227896,0.107621758037678,0.0857456395025912,0.630928359231835
23740,0.0973762154848392,0.0519613608570578,0.768263610437019,0.0823988132210836
23741,0.0587095199064262,0.149448055397614,0.418759591066808,0.373082833629153
23742,0.125303741281097,0.265101890076452,0.0894333003502682,0.520161068292183
23743,0.0974485870628461,0.725895281010192,0.0720765167215135,0.104579615205449
23744,0.059164669603697,0.650249603051855,0.13917461931368,0.151411108030769
23745,0.568951630106832,0.0764829259508556,0.0842165183820224,0.27034892556029
23746,0.537509655142099,0.209515885751096,0.0634547378207528,0.189519721286053
23747,0.0778388461187017,0.20755589619819,0.529543695567861,0.185061562115247
23748,0.185887706347985,0.490178824644602,0.079661594620943,0.24427187438647
23749,0.608858022288045,0.22712923151281,0.047423256449885,0.116589489749261
23750,0.171314261992776,0.175994109000814,0.45136200763455,0.201329621371861
23751,0.283506006748492,0.194648563233677,0.344713599084641,0.17713183093319
23752,0.278390002121318,0.301826524659588,0.129946230783432,0.289837242435662
23753,0.249577967289875,0.159316643469981,0.161915757617061,0.429189631623082
23754,0.271394945538794,0.215754808300929,0.237767896675245,0.275082349485031
23755,0.419974913477862,0.215253287973555,0.227255600065759,0.137516198482824
23756,0.106922032445339,0.374601702504362,0.141475611249054,0.377000653801245
23757,0.278926394226573,0.443787241482001,0.115343318886046,0.16194304540538
23758,0.42131417551006,0.182616774873883,0.0616475734376145,0.334421476178443
23759,0.103046529515533,0.351617026776509,0.26120779309803,0.284128650609928
23760,0.253555104320877,0.0877836965763399,0.536111658985612,0.122549540117171
23761,0.206821616899646,0.158299700592759,0.324012360626995,0.310866321880601
23762,0.177473112997927,0.310973657920657,0.203635794803793,0.307917434277623
23763,0.457846323510894,0.215786978923833,0.090544293807752,0.235822403757521
23764,0.377585578529876,0.0872639748351898,0.191906705252452,0.343243741382482
23765,0.038208458264005,0.0570027496658575,0.510822061577974,0.393966730492164
23766,0.0483118188652712,0.0716958037920974,0.830518482808276,0.0494738945343559
23767,0.324814077702095,0.207678450533947,0.191335788484228,0.276171683279731
23768,0.0873637173377659,0.0674627510846067,0.271240123980931,0.573933407596696
23769,0.133100230985627,0.126733284369473,0.354626304764282,0.385540179880619
23770,0.203182914075808,0.0880017712201776,0.558989028945375,0.14982628575864
23771,0.0630492315521256,0.521290499131604,0.0713268460123048,0.344333423303966
23772,0.0747355995680827,0.290885746057673,0.0979712353761489,0.536407418998095
23773,0.0675298376424409,0.25117581096813,0.529939624916877,0.151354726472552
23774,0.142118733342754,0.360704489273303,0.126958912162986,0.370217865220957
23775,0.458903520915742,0.173165860551499,0.0716943847866267,0.296236233746132
23776,0.300420814613621,0.0610512234934438,0.27089720461259,0.367630757280345
23777,0.275578125235328,0.348278703380376,0.218534089438535,0.157609081945761
23778,0.07389097371043,0.490496283116291,0.0649996332350797,0.3706131099382
23779,0.465893992277631,0.261322975378156,0.120787494281224,0.15199553806299
23780,0.393407210899658,0.341290046834527,0.0659421410940184,0.199360601171798
23781,0.539427765811454,0.152945717843123,0.0686621471788743,0.238964369166548
23782,0.136812451105003,0.244322906572759,0.338481649733308,0.280382992588929
23783,0.357864490437795,0.0274529532113552,0.308290631973834,0.306391924377016
23784,0.11608738868907,0.0497095863956369,0.504704535095071,0.329498489820223
23785,0.605465354981389,0.130382387429627,0.0411210939836847,0.223031163605299
23786,0.233106399173427,0.375236850295027,0.0791651028375837,0.312491647693962
23787,0.56054955960908,0.15308008646969,0.103247819035534,0.183122534885696
23788,0.125062160484826,0.529151514356296,0.118333002687649,0.22745332247123
23789,0.669305517476782,0.0837349794256353,0.0753039687444875,0.171655534353096
23790,0.0322566616199236,0.106526942329152,0.556763251122475,0.30445314492845
23791,0.195074992417353,0.076512538669639,0.509067884921137,0.21934458399187
23792,0.165764642782073,0.602143984761,0.0972251136069284,0.134866258849999
23793,0.138671812793151,0.0720263206553269,0.18769394138737,0.601607925164153
23794,0.190621037725202,0.112532157631172,0.105498764645322,0.591348039998303
23795,0.223643960292441,0.171774398387816,0.0485734049367811,0.556008236382962
23796,0.139850714491967,0.125410809853244,0.107570691485297,0.627167784169491
23797,0.434498537099417,0.164434584274825,0.274410891036298,0.126655987589461
23798,0.219953835352456,0.0317788040060797,0.149267833795341,0.598999526846123
23799,0.540152552503421,0.0615288421892578,0.0679166175666524,0.330401987740669
23800,0.166954584562523,0.619256575427904,0.0760277635770771,0.137761076432496
23801,0.0384490335280645,0.123728197616806,0.717069002501206,0.120753766353924
23802,0.0740784179965682,0.675170492952616,0.103088118735318,0.147662970315498
23803,0.240055780400766,0.0978981475051355,0.0476421943626239,0.614403877731475
23804,0.238342976191844,0.0748740978602724,0.235414909376558,0.451368016571326
23805,0.19738111504369,0.0506244544792025,0.524601784775734,0.227392645701374
23806,0.0729786215879376,0.307536214233274,0.120354211754601,0.499130952424187
23807,0.444236536475956,0.0772931695710486,0.0662743858886205,0.412195908064375
23808,0.210909873986826,0.478878009975814,0.14237622133011,0.16783589470725
23809,0.369053444802361,0.30909990581735,0.119117464316687,0.202729185063603
23810,0.132914763131098,0.579742083890145,0.157684661189955,0.129658491788802
23811,0.465306392253641,0.198303102337887,0.188661719772337,0.147728785636134
23812,0.231930985365238,0.282565970382355,0.319606112277524,0.165896931974883
23813,0.501587176399276,0.223341949541822,0.078300650884623,0.19677022317428
23814,0.291177312476798,0.330663547002996,0.217420687465915,0.160738453054291
23815,0.0913919661487307,0.113251467702873,0.361817037112609,0.433539529035787
23816,0.417993641746381,0.25655143543213,0.151062746073556,0.174392176747933
23817,0.262383718926441,0.158174379846906,0.332526442859467,0.246915458367186
23818,0.134310319904115,0.163587945539739,0.366333435263981,0.335768299292165
23819,0.115821355631476,0.574126674700896,0.162862559294838,0.14718941037279
23820,0.274740080317307,0.144265553085908,0.363670912393312,0.217323454203473
23821,0.0775374031266802,0.217232227863681,0.158404724141655,0.546825644867984
23822,0.18331452036841,0.302486448465063,0.105492189460465,0.408706841706061
23823,0.0777564872798722,0.141315606741308,0.442943738997164,0.337984166981656
23824,0.112345505285683,0.59848171607093,0.118186725904859,0.170986052738528
23825,0.459784178384548,0.143953804251441,0.200770115033765,0.195491902330247
23826,0.0733608929877353,0.570077470841083,0.115133104617818,0.241428531553364
23827,0.35121272044315,0.301687067465918,0.148764033034301,0.198336179056631
23828,0.0456550763644795,0.29544711577411,0.413860682576665,0.245037125284745
23829,0.222439975973968,0.265313762484777,0.205808986767549,0.306437274773706
23830,0.0781451529243683,0.622559247190316,0.139545068704212,0.159750531181104
23831,0.214795534084445,0.152903197439505,0.509174690659045,0.123126577817005
23832,0.151053209539329,0.246191782755552,0.416736850672856,0.186018157032263
23833,0.333792146177003,0.105377251442302,0.338783895982249,0.222046706398446
23834,0.537142165363834,0.12801933696677,0.221177883532765,0.113660614136631
23835,0.181015463671104,0.404367056208486,0.210220363457615,0.204397116662795
23836,0.417188307286859,0.0668702969339804,0.187675507648801,0.328265888130359
23837,0.0389047390806064,0.0697452151423558,0.213886590326372,0.677463455450666
23838,0.664082974546068,0.114296451826974,0.111125008255098,0.11049556537186
23839,0.660225753911823,0.114221443014005,0.138469946601835,0.0870828564723376
23840,0.281807192602434,0.0580487288921232,0.584634378862737,0.075509699642706
23841,0.391964333081679,0.108483882682815,0.235060729909438,0.264491054326068
23842,0.59370740451155,0.0941517965418978,0.115320703302083,0.19682009564447
23843,0.301379345629439,0.108983641518916,0.361440122038664,0.228196890812981
23844,0.535982921209148,0.108890523117701,0.10682427397618,0.24830228169697
23845,0.0884669361834173,0.0634656229765666,0.317957715648267,0.530109725191749
23846,0.466539836125228,0.360891814291492,0.133405959192508,0.0391623903907726
23847,0.140037704640563,0.587848632792159,0.202176561242805,0.0699371013244737
23848,0.0520468190533661,0.115152795075404,0.718890699068386,0.113909686802844
23849,0.357298480895289,0.165134219069913,0.301996256434385,0.175571043600413
23850,0.0732588047687771,0.197491950390656,0.616945315733774,0.112303929106792
23851,0.448522120400757,0.250674291890822,0.240448621317744,0.0603549663906769
23852,0.297850994369373,0.310581836938427,0.221186363053131,0.170380805639069
23853,0.0828829023510514,0.184007466022806,0.653596084829707,0.0795135467964353
23854,0.545486634574568,0.161484617417001,0.191363995452251,0.101664752556179
23855,0.260105699543161,0.359817638059899,0.0880418783324149,0.292034784064526
23856,0.18222187686119,0.570511510208758,0.081604301156058,0.165662311773994
23857,0.511973503179134,0.383126638306677,0.0618435323713984,0.0430563261427902
23858,0.441914320954071,0.168532149481785,0.265383265158445,0.124170264405699
23859,0.738783831587034,0.0604146275335397,0.107997704269813,0.0928038366096125
23860,0.18743942310735,0.381569444141812,0.226630873368107,0.204360259382731
23861,0.237045873674398,0.0825669314982095,0.612999115965529,0.0673880788618636
23862,0.10652074668329,0.0986414291796646,0.7368474544356,0.057990369701446
23863,0.332592741112233,0.091508147815885,0.437623072476469,0.138276038595413
23864,0.27430354219953,0.492114111005133,0.056478383324263,0.177103963471074
23865,0.0646240958760784,0.225339045278249,0.417168806665736,0.292868052179936
23866,0.351216381146027,0.290466831209841,0.170020227009651,0.188296560634481
23867,0.0458533221156045,0.387217493855623,0.0952435147887696,0.471685669240004
23868,0.036540074546564,0.122917860548695,0.527848206749025,0.312693858155716
23869,0.291780812108156,0.0737773221300766,0.221523823357762,0.412918042404005
23870,0.159748693882951,0.0652472176890049,0.638285960302944,0.1367181281251
23871,0.0502540712790295,0.15544740466904,0.59497730014718,0.199321223904751
23872,0.031744370640851,0.184036095368374,0.600970873545533,0.183248660445242
23873,0.103830714694978,0.300543381004634,0.407494029002407,0.188131875297981
23874,0.499419978171338,0.303028570254173,0.0643457675169181,0.133205684057572
23875,0.0320756588455865,0.604914429158807,0.279211437353332,0.0837984746422748
23876,0.267874627016041,0.303831631835505,0.107957894196062,0.320335846952393
23877,0.28224946853088,0.210338225018778,0.0391746873985619,0.46823761905178
23878,0.189988647082403,0.31131614319003,0.105452285200849,0.393242924526718
23879,0.136091359678588,0.489891154621451,0.242231486121798,0.131785999578164
23880,0.509728670339584,0.252446707510915,0.0771698866120217,0.16065473553748
23881,0.591538304231593,0.0766817594746221,0.210902052449955,0.12087788384383
23882,0.112808449542069,0.694956478588043,0.0570078313876637,0.135227240482223
23883,0.335062018811944,0.1000003309728,0.385281728076527,0.179655922138729
23884,0.234949095278174,0.411770234403926,0.257558459296416,0.0957222110214846
23885,0.319516086296783,0.221516797381904,0.0286435891299226,0.430323527191391
23886,0.281412486175598,0.13949356906231,0.254660624861525,0.324433319900568
23887,0.358198125206603,0.200306891163749,0.119608702601624,0.321886281028025
23888,0.258180682632672,0.269165129897684,0.382136025066351,0.090518162403293
23889,0.699457178477846,0.162785898627167,0.0552758634465351,0.0824810594484524
23890,0.17636290714543,0.626978940317782,0.0419954982849233,0.154662654251865
23891,0.552774721880873,0.0551069965044053,0.0916817552052388,0.300436526409483
23892,0.0598854454105512,0.455430668723236,0.106483741756806,0.378200144109407
23893,0.181502323647926,0.438526419900014,0.0318289263064642,0.348142330145596
23894,0.145813134645619,0.344701556422428,0.125114444412503,0.38437086451945
23895,0.076511214871736,0.191955124168784,0.634285752290419,0.0972479086690612
23896,0.0702162584089914,0.148755541842654,0.508519054987509,0.272509144760846
23897,0.137198551609755,0.292110524366801,0.0622773681636772,0.508413555859768
23898,0.121400275398088,0.63194633189354,0.0721267076188912,0.174526685089481
23899,0.197804710335514,0.157651562820102,0.127571326693602,0.516972400150782
23900,0.0748072893993097,0.308606487129045,0.0689412998874761,0.54764492358417
23901,0.188935787056001,0.543049789316912,0.0885402824526823,0.179474141174405
23902,0.0815899536737812,0.448809328188156,0.247629292506516,0.221971425631547
23903,0.277703572314977,0.132159392795708,0.112400606794112,0.477736428095203
23904,0.108878257071249,0.31980664744792,0.210098353143498,0.361216742337333
23905,0.583389382118419,0.0540330740285282,0.279062515277855,0.0835150285751984
23906,0.664762750451873,0.0477976623221383,0.0742421184536965,0.213197468772292
23907,0.185501578785545,0.152274877457287,0.200002271988862,0.462221271768306
23908,0.120337957636004,0.386752818756696,0.05366167973274,0.439247543874559
23909,0.168787885481608,0.0660031548021197,0.0429444980739781,0.722264461642295
23910,0.0628908852203691,0.2005992974445,0.442405390560451,0.29410442677468
23911,0.145049762910255,0.0333456403606286,0.11805826992019,0.703546326808926
23912,0.145180713210467,0.129427595062809,0.345719167487094,0.37967252423963
23913,0.0929861850623755,0.1064047203332,0.491617957093742,0.308991137510683
23914,0.0238604055700467,0.677985484397921,0.0551727763513426,0.24298133368069
23915,0.685038106973837,0.145566222103317,0.0529411352676582,0.116454535655188
23916,0.0726775007055939,0.140929746998692,0.643164346410948,0.143228405884766
23917,0.0723486912518243,0.447144172644636,0.108205083600046,0.372302052503495
23918,0.35892432437584,0.0673419041832216,0.0808748065514866,0.492858964889452
23919,0.168332747235832,0.317623638421981,0.0318925381247863,0.482151076217401
23920,0.144512371093477,0.236241856090312,0.325080159220689,0.294165613595522
23921,0.158504298753224,0.134943042253078,0.567242945957319,0.13930971303638
23922,0.124095029257997,0.23743873801517,0.486763731510176,0.151702501216658
23923,0.466498251813953,0.381476030741951,0.066408248295693,0.0856174691484024
23924,0.187613528684318,0.641385640236623,0.110126465755379,0.0608743653236812
23925,0.196765713945274,0.286458470063068,0.118517780425587,0.398258035566071
23926,0.327464885130795,0.471806810557515,0.120288302642141,0.0804400016695489
23927,0.209980841391754,0.151400999101607,0.367056630868758,0.271561528637881
23928,0.0943180665358212,0.319106343708612,0.386218430515403,0.200357159240164
23929,0.0598225029799467,0.465582036187619,0.110713618194983,0.363881842637452
23930,0.11896949236145,0.222707005436356,0.181292891452383,0.477030610749812
23931,0.118467962121436,0.718420445947939,0.105909966677567,0.0572016252530588
23932,0.343371653275666,0.359933809291489,0.0670508194624731,0.229643717970373
23933,0.0584303651709511,0.663333050562399,0.187352814804653,0.090883769461997
23934,0.0519175236403391,0.703484112821788,0.173208089952364,0.0713902735855092
23935,0.292097012259404,0.15872987517281,0.221693992934256,0.32747911963353
23936,0.486401833455429,0.109050862918445,0.178498734853523,0.226048568772604
23937,0.105185253153079,0.17591279753474,0.513143079985838,0.205758869326342
23938,0.509641188998821,0.122923769697121,0.0596888117396557,0.307746229564403
23939,0.317187318907664,0.147187710507966,0.393891109245088,0.141733861339282
23940,0.259951416632723,0.0673382785882145,0.181107150638365,0.491603154140698
23941,0.11918573376365,0.197829969838011,0.546319583019509,0.13666471337883
23942,0.594879253380821,0.116036800046538,0.199327741052501,0.0897562055201398
23943,0.146587745157282,0.510304356427767,0.196648462016369,0.146459436398582
23944,0.362521233912504,0.0882974702785798,0.456773759284278,0.0924075365246382
23945,0.0894208628026494,0.146678551059099,0.558723458684329,0.205177127453923
23946,0.243236653220839,0.602411489257573,0.0736476449428955,0.0807042125786922
23947,0.125350727885156,0.425150373140523,0.264326913213675,0.185171985760646
23948,0.221237446373109,0.147785728809517,0.456300160453404,0.17467666436397
23949,0.138723061485779,0.278686372627184,0.0838581239450425,0.498732441941994
23950,0.0522186840846437,0.657579746941162,0.227140903806329,0.0630606651678655
23951,0.507688135017643,0.119234160177365,0.211096374253013,0.16198133055198
23952,0.267029298138207,0.19331476025909,0.354595190314164,0.185060751288539
23953,0.63962423967078,0.0922413116134475,0.0981126744099956,0.170021774305777
23954,0.492176062032769,0.11085417940015,0.2923727030754,0.10459705549168
23955,0.0811031774860843,0.267621262483897,0.194677061924179,0.45659849810584
23956,0.162352069270384,0.291150321974509,0.39846968624219,0.148027922512917
23957,0.0886871756068691,0.507225600371333,0.0734123727791474,0.330674851242651
23958,0.149788816480356,0.621427424067266,0.0576623057901446,0.171121453662234
23959,0.32070892511579,0.201412189097649,0.206602630289169,0.271276255497392
23960,0.184004770258835,0.151223239634139,0.294214268669761,0.370557721437265
23961,0.689512053051298,0.192197008658273,0.0361632341513716,0.0821277041390579
23962,0.0574444887065804,0.459237275264605,0.264632431264956,0.218685804763858
23963,0.178350801070094,0.452961779688193,0.102526886300083,0.26616053294163
23964,0.0603063324527697,0.526305414330689,0.281188685621326,0.132199567595215
23965,0.158945878446439,0.127117685214279,0.546225870242345,0.167710566096937
23966,0.126146394208078,0.0717567360148972,0.489929925551724,0.312166944225301
23967,0.499477000239631,0.106933573321728,0.0973808887790299,0.296208537659611
23968,0.320594453664152,0.239621742996649,0.219067924778559,0.22071587856064
23969,0.526251691583929,0.0741183986270846,0.0878924877706973,0.311737422018289
23970,0.794802017369702,0.0771961904568406,0.0593608542509671,0.0686409379224905
23971,0.0980789595630084,0.182291653362721,0.602074980437333,0.117554406636938
23972,0.539095635553943,0.129019146275543,0.229550773044368,0.102334445126146
23973,0.298222706886638,0.36536394663112,0.109458875866917,0.226954470615326
23974,0.0575547183059355,0.0947555236178557,0.688987900847115,0.158701857229093
23975,0.211405797535819,0.647119582268001,0.068640094698904,0.0728345254972761
23976,0.200306033494409,0.351706433765468,0.23129279057908,0.216694742161043
23977,0.0723585222578554,0.217690749729084,0.606054025989659,0.103896702023402
23978,0.110938830655971,0.082893005052295,0.131254197108092,0.674913967183643
23979,0.358249139867347,0.162775050920328,0.113956181709555,0.365019627502769
23980,0.120700658952925,0.52753460808271,0.088906968742729,0.262857764221637
23981,0.0816678911717589,0.273821048259871,0.503615033357392,0.140896027210979
23982,0.157665514986993,0.0552657808281579,0.654873537048245,0.132195167136604
23983,0.180125158677604,0.245909370870803,0.186679143772271,0.387286326679321
23984,0.240682404278819,0.400025638808832,0.104118426023732,0.255173530888618
23985,0.194673538348638,0.101318835554513,0.148599414387096,0.555408211709754
23986,0.389969026564839,0.369416367522271,0.108413049786285,0.132201556126606
23987,0.260832664346738,0.310776281560584,0.0796616910656229,0.348729363027055
23988,0.286936381386248,0.361831251802658,0.245594290372947,0.105638076438147
23989,0.114710284435183,0.153097707529472,0.488712962236045,0.243479045799299
23990,0.12044179970574,0.416847782251903,0.18176033707636,0.280950080965997
23991,0.0430513809657304,0.145747703643839,0.363280495601487,0.447920419788943
23992,0.0942742236579589,0.485839406458488,0.183286429098533,0.23659994078502
23993,0.12641778675733,0.20238397933373,0.445280794992984,0.225917438915956
23994,0.0886491655386656,0.302242078418988,0.204942629121556,0.404166126920791
23995,0.0325366788832956,0.277310196612814,0.408243177841534,0.281909946662357
23996,0.0963656213138668,0.169180685617576,0.639918414343888,0.0945352787246694
23997,0.232987286825238,0.218686607294795,0.325184884352838,0.223141221527128
23998,0.192970816964372,0.252398065639486,0.336633716761233,0.21799740063491
23999,0.486975654236959,0.236503536798189,0.15238291727024,0.124137891694612
24000,0.348577615616875,0.420464376434854,0.0977786289706751,0.133179378977596
24001,0.484678649525929,0.370706589899224,0.0702780625570549,0.0743366980177922
24002,0.341677026110882,0.419613013533382,0.0691023561076307,0.169607604248106
24003,0.235403050994045,0.541285642919453,0.0487281550037293,0.174583151082773
24004,0.193492494056822,0.147286176178016,0.457101960481394,0.202119369283768
24005,0.141967912545762,0.662616454185673,0.0889162085615236,0.106499424707041
24006,0.14761906819872,0.295276702016748,0.452794879155142,0.10430935062939
24007,0.193399961672972,0.393808799387218,0.150451259014392,0.262339979925419
24008,0.0769296177097916,0.679919444769474,0.106018961906992,0.137131975613743
24009,0.415369763720857,0.0873993627855959,0.240540197320078,0.256690676173469
24010,0.601046667148668,0.166185163327986,0.159653823190848,0.0731143463324981
24011,0.0692157092552306,0.68782856121718,0.118257684230407,0.124698045297182
24012,0.100410324545129,0.120240641551459,0.587213404978914,0.192135628924498
24013,0.0760320273000199,0.141858265593852,0.567154443536172,0.214955263569956
24014,0.140963385881656,0.127523155453659,0.62744629496827,0.104067163696414
24015,0.0636025589570348,0.509547498400383,0.242796335232762,0.18405360740982
24016,0.243484405904077,0.451357212605661,0.0687466006473269,0.236411780842935
24017,0.461729917438987,0.312204531126626,0.156631363685434,0.0694341877489524
24018,0.495366110671648,0.112524086147767,0.0630317677091835,0.329078035471402
24019,0.172144767217066,0.32772153383169,0.292376523257495,0.20775717569375
24020,0.0657388856348529,0.49248890400974,0.21900619956937,0.222766010786037
24021,0.0830605223702584,0.0666959049323288,0.673738115161349,0.176505457536064
24022,0.452983201952851,0.221935425428746,0.0656618957712444,0.259419476847158
24023,0.166987419474013,0.472553201140178,0.186343506074114,0.174115873311694
24024,0.313325276658755,0.521494527841822,0.0433253960887407,0.121854799410682
24025,0.666697998244919,0.0809220983614738,0.165958932074334,0.0864209713192733
24026,0.138942766163134,0.652056767950838,0.0978551690891863,0.111145296796843
24027,0.123586125858674,0.0383175487800168,0.291630087317729,0.54646623804358
24028,0.289367474105402,0.494718101976736,0.0164258198597885,0.199488604058074
24029,0.132665018573901,0.0635601861724749,0.203435639445977,0.600339155807647
24030,0.0435902293651656,0.505495936615801,0.267433688502215,0.183480145516819
24031,0.0314060556091557,0.280793840956473,0.245163846107524,0.442636257326847
24032,0.110296038613901,0.103573241414581,0.220380371436198,0.565750348535321
24033,0.756584021947682,0.0669563606997311,0.0800712890735548,0.0963883282790321
24034,0.219787648773197,0.115266421024209,0.0316917082982556,0.633254221904339
24035,0.0389875812505934,0.507792042770557,0.159224117257574,0.293996258721275
24036,0.316396505295288,0.0998936051230609,0.497067200810337,0.0866426887713137
24037,0.228688765076139,0.552891131931355,0.117255126362813,0.101164976629693
24038,0.191038271536093,0.0951457563626013,0.44915210444128,0.264663867660026
24039,0.392194798368252,0.367404025916036,0.0520380164975031,0.188363159218208
24040,0.0965139048102551,0.177730021118612,0.587474085048835,0.138281989022297
24041,0.24048901451997,0.39395882880474,0.129686547722672,0.235865608952619
24042,0.0612031114478264,0.404797015769579,0.376315055996309,0.157684816786286
24043,0.306415128172906,0.277876978627476,0.124754633256063,0.290953259943555
24044,0.280093798696668,0.36673949706812,0.223648706462234,0.129517997772978
24045,0.434795044735447,0.0791271927839938,0.223818854730011,0.262258907750549
24046,0.0920304972903347,0.584110090275906,0.240206188577422,0.0836532238563374
24047,0.335843819953178,0.0529769443331302,0.550465152861754,0.0607140828519375
24048,0.111016323539006,0.2260767066689,0.547218300216093,0.115688669576001
24049,0.478111079948913,0.208002706414869,0.186865474550695,0.127020739085522
24050,0.110387319134832,0.0852650276736712,0.283151750495977,0.521195902695521
24051,0.109066455064914,0.500801953921329,0.0758212410265889,0.314310349987168
24052,0.719758692177977,0.0817792500673826,0.123773738355945,0.0746883193986955
24053,0.436285759905669,0.0819900613773393,0.312049575908638,0.169674602808354
24054,0.406416605567545,0.128781642577529,0.11186754485136,0.352934207003567
24055,0.290542942207862,0.359863979474279,0.176062662230505,0.173530416087354
24056,0.260912355379892,0.430209050706543,0.134671988131901,0.174206605781664
24057,0.223328550425708,0.161405079162438,0.281060978265879,0.334205392145975
24058,0.0647772209556256,0.307224318710745,0.343504470476521,0.284493989857108
24059,0.295595771406089,0.439628181369131,0.0652192639689257,0.199556783255854
24060,0.420307466169396,0.151024728962128,0.0836023402707593,0.345065464597716
24061,0.131327789464611,0.407442313644906,0.234672127212039,0.226557769678444
24062,0.344346042080015,0.172260882609611,0.285398573493895,0.197994501816479
24063,0.100380600829836,0.560271447238848,0.276761928836076,0.0625860230952407
24064,0.474708092837654,0.161895959736061,0.202675332187752,0.160720615238533
24065,0.140820503140609,0.191998881622446,0.555758756729869,0.111421858507076
24066,0.357888233682887,0.387216716328951,0.0791699703880451,0.175725079600117
24067,0.227839631332085,0.363973594340474,0.139516333328571,0.26867044099887
24068,0.58753817509936,0.14548468327396,0.158979801787564,0.107997339839116
24069,0.269890004713691,0.129152387386685,0.152006002051521,0.448951605848103
24070,0.541394427365973,0.237181698208232,0.12827677471483,0.0931470997109653
24071,0.103668655561277,0.0777518548397958,0.387452466221325,0.431127023377602
24072,0.0715348955169582,0.358870431947757,0.110381083419225,0.459213589116059
24073,0.307623251724253,0.191101172284239,0.23685911280606,0.264416463185448
24074,0.395730565510319,0.171994277601263,0.139529078861036,0.292746078027382
24075,0.278538382682532,0.10111851361865,0.279459418618991,0.340883685079827
24076,0.0951970790025179,0.432309748963116,0.183142336269888,0.289350835764479
24077,0.488282681698733,0.254664225662418,0.100223732235761,0.156829360403089
24078,0.358612482733079,0.215088876642853,0.104983198556371,0.321315442067697
24079,0.296786013632205,0.263125461031485,0.038382620567355,0.401705904768955
24080,0.463098845469224,0.117509475108944,0.0748658135199998,0.344525865901832
24081,0.14572569736924,0.203424729748378,0.145015977072401,0.50583359580998
24082,0.217536091872814,0.31325782234663,0.342659639340558,0.126546446439998
24083,0.335536807294556,0.237672082696421,0.0259179369277133,0.40087317308131
24084,0.398138152089555,0.349310157308535,0.086247827048921,0.166303863552989
24085,0.383234542582834,0.0892085372489918,0.0277184685365049,0.49983845163167
24086,0.255195675186433,0.223774038318418,0.160030605494589,0.36099968100056
24087,0.209678101059146,0.318550642963179,0.127309669566748,0.344461586410927
24088,0.0589261253036664,0.0547023009609214,0.614317211669748,0.272054362065664
24089,0.206458206362705,0.45927871304781,0.0482962309522255,0.285966849637259
24090,0.050489908964538,0.0642600683120472,0.313710184393362,0.571539838330053
24091,0.214794617826243,0.16293795037923,0.457729269814543,0.164538161979985
24092,0.39125115824797,0.06420604960681,0.102645163930645,0.441897628214574
24093,0.321714009396359,0.336103184485212,0.186526045569933,0.155656760548496
24094,0.108222846672468,0.666637437416849,0.164250338971989,0.0608893769386936
24095,0.322070832949631,0.0615808869282539,0.479346930826363,0.137001349295752
24096,0.158925961447489,0.561963172232631,0.103846463908501,0.17526440241138
24097,0.0864457914659962,0.216730693106312,0.589001769049064,0.107821746378628
24098,0.568065684193198,0.149422826548283,0.114605877046759,0.16790561221176
24099,0.146837486900496,0.536606107661578,0.139932569478682,0.176623835959244
24100,0.372043346676181,0.448959624310162,0.0594718133824548,0.119525215631203
24101,0.174588755095902,0.40397360234811,0.169755595887632,0.251682046668356
24102,0.314099445397613,0.182060141420762,0.343351144808281,0.160489268373344
24103,0.146734194239847,0.561816647657491,0.176275203189052,0.11517395491361
24104,0.602378572935242,0.0785540973473911,0.132199723509183,0.186867606208184
24105,0.485827115922154,0.118227041110939,0.225177714633795,0.170768128333112
24106,0.0415458496978867,0.763049950662066,0.11629722883372,0.0791069708063277
24107,0.256974452442037,0.134346676224774,0.362674255431892,0.246004615901297
24108,0.302083176367565,0.086534463402488,0.43054042767538,0.180841932554567
24109,0.433549206280286,0.298869727587148,0.0861029086800347,0.181478157452531
24110,0.334116821886835,0.278194355445915,0.185718381172954,0.201970441494296
24111,0.14568729270328,0.347715406869321,0.0935090450116935,0.413088255415705
24112,0.274900131963749,0.122032896018576,0.156112750528093,0.446954221489582
24113,0.0975153580481926,0.553741114409217,0.219172148814145,0.129571378728445
24114,0.176153004313735,0.174096779282848,0.377313211831769,0.272437004571649
24115,0.0481082779182695,0.585260580850988,0.25164203331841,0.114989107912333
24116,0.262223353214866,0.0896938886332867,0.497128879482225,0.150953878669623
24117,0.512728626421401,0.22423343467101,0.10001780793193,0.16302013097566
24118,0.0923752929588471,0.211663847133005,0.436236062101625,0.259724797806524
24119,0.165292083444159,0.617350942844381,0.0699386063923543,0.147418367319105
24120,0.102981762803201,0.593364236415891,0.13458439733491,0.169069603445998
24121,0.641351828630976,0.116776010446346,0.122257349924796,0.119614810997882
24122,0.0628389173495108,0.220341457682482,0.537951772817014,0.178867852150993
24123,0.161406113647707,0.139588217606774,0.211389563534718,0.487616105210802
24124,0.171841983727976,0.508585089761512,0.127009248786432,0.192563677724081
24125,0.0593088885737383,0.0754695828844799,0.651870553519958,0.213350975021824
24126,0.0933718715565055,0.413644153894823,0.274673639374187,0.218310335174484
24127,0.313192090726463,0.316980034497739,0.174272455799878,0.19555541897592
24128,0.35966111385458,0.117882983669068,0.0427716225248571,0.479684279951496
24129,0.306879824872471,0.22353987145315,0.154091410891288,0.315488892783091
24130,0.286445573244069,0.287664652709832,0.0427661514400268,0.383123622606072
24131,0.106449563609007,0.414476589509007,0.295868140973185,0.183205705908801
24132,0.205052044433941,0.615452633048626,0.0622480913109453,0.117247231206488
24133,0.221628340585506,0.27231920136735,0.340289835016014,0.16576262303113
24134,0.390991021486265,0.310723630598805,0.228773108921091,0.0695122389938389
24135,0.182527526092077,0.121579701012151,0.526285736750793,0.169607036144979
24136,0.188357367897736,0.166889527109873,0.502164175245053,0.142588929747338
24137,0.0942424223859605,0.766258260135143,0.0623720665085946,0.0771272509703017
24138,0.585954703832848,0.126555816391477,0.0880552500690494,0.199434229706626
24139,0.364377348891511,0.12812986752016,0.422553388713637,0.0849393948746932
24140,0.444310353747911,0.270535371110729,0.175391364506909,0.109762910634452
24141,0.116530789174721,0.540214340835329,0.107849117275598,0.235405752714353
24142,0.157405754665054,0.268126086256286,0.362074199787611,0.212393959291049
24143,0.318094163906831,0.342428009333112,0.264261241070503,0.0752165856895544
24144,0.277050858576795,0.318292044391976,0.112922337779948,0.291734759251281
24145,0.0985252734788275,0.378403946809962,0.414705615021282,0.108365164689929
24146,0.0580653237899955,0.225461578855628,0.48477054782236,0.231702549532017
24147,0.206748040046882,0.447382819308947,0.196181418930054,0.149687721714117
24148,0.28136621926129,0.41456735806233,0.115609074465106,0.188457348211275
24149,0.0892750763389324,0.21370021870065,0.5598767659272,0.137147939033218
24150,0.346409305387404,0.249302621502264,0.189263336789678,0.215024736320654
24151,0.175212436592283,0.321543560382716,0.340746513608043,0.162497489416958
24152,0.0669535626255873,0.474556318451697,0.282623691080712,0.175866427842004
24153,0.138157090174298,0.174832727852311,0.465341438799102,0.221668743174289
24154,0.198991100685889,0.206744297005036,0.414856978590532,0.179407623718542
24155,0.0893092040836405,0.260818083180985,0.437888210137843,0.211984502597531
24156,0.072017638142831,0.287394813077682,0.398035453597088,0.2425520951824
24157,0.161128659028768,0.300625400520448,0.172454041010192,0.365791899440591
24158,0.628194769294103,0.105841254521991,0.189889892992116,0.0760740831917892
24159,0.152903872860052,0.28988925592464,0.253852819695151,0.303354051520158
24160,0.366402507517607,0.1733990944553,0.152607531957686,0.307590866069407
24161,0.175989241881239,0.473454392946277,0.226251219518613,0.124305145653871
24162,0.443555696879739,0.220733321410082,0.0685517107936161,0.267159270916563
24163,0.17030241173668,0.358499586889552,0.283924045222597,0.187273956151171
24164,0.229985989036837,0.482245757330268,0.206337110001672,0.0814311436312238
24165,0.113037552489451,0.266984126895856,0.16025589159403,0.459722429020663
24166,0.0971952120030995,0.197316513320067,0.387222602252,0.318265672424833
24167,0.0879404050011748,0.417488277186111,0.345248941616789,0.149322376195925
24168,0.500952432701833,0.0767553195872492,0.172962140012086,0.249330107698832
24169,0.212109291919269,0.222676838605114,0.442661077802181,0.122552791673436
24170,0.149913986828527,0.147421663306132,0.642585774450606,0.0600785754147348
24171,0.118383756596422,0.503551753179825,0.305592127973198,0.0724723622505556
24172,0.256309996992499,0.175683910155016,0.424615166556403,0.143390926296082
24173,0.152737977050547,0.469644805305674,0.225512806567534,0.152104411076244
24174,0.0948814398769116,0.712623663534631,0.13968191589923,0.0528129806892273
24175,0.332801712377022,0.317639498189139,0.228115508815788,0.121443280618052
24176,0.174000327285817,0.146540217097838,0.503368262983303,0.176091192633042
24177,0.55288699129568,0.239456082782565,0.123867900277114,0.08378902564464
24178,0.347301019393238,0.133564719837153,0.205302825868866,0.313831434900743
24179,0.110231379241673,0.524371653747339,0.311147405979681,0.0542495610313067
24180,0.414103370109098,0.104460669369344,0.172245963322905,0.309189997198652
24181,0.0725801330478825,0.468374199573185,0.219884040848353,0.239161626530579
24182,0.149579829888354,0.260863311345912,0.508647469742598,0.080909389023137
24183,0.458609017096319,0.294330253092636,0.190503330099045,0.0565573997120004
24184,0.196757968263266,0.569893497308889,0.176344231178813,0.0570043032490309
24185,0.139739763563482,0.37489943942494,0.359705251832229,0.125655545179349
24186,0.110824417190436,0.496254578104848,0.18124379609863,0.211677208606086
24187,0.453277619613908,0.214398838382819,0.151706192726013,0.18061734927726
24188,0.0780965468995472,0.460326073291978,0.381441437423488,0.0801359423849868
24189,0.121854923088993,0.30275104720587,0.445657681822031,0.129736347883106
24190,0.127815879048538,0.268708950154675,0.508818255000127,0.0946569157966604
24191,0.121236502843198,0.272428364414263,0.534781656171465,0.0715534765710733
24192,0.304101657401365,0.289340945538364,0.297502487297161,0.10905490976311
24193,0.319544813016602,0.201001033263989,0.410292613946132,0.0691615397732772
24194,0.184908229321372,0.567052385766568,0.106185052218319,0.141854332693741
24195,0.424192189478807,0.133020409865904,0.309797735382261,0.132989665273028
24196,0.696536612349259,0.132118378211133,0.122028144250755,0.0493168651888528
24197,0.0782994314925517,0.483483525055633,0.199278360010262,0.238938683441553
24198,0.539030707652148,0.210530039293998,0.176494388855297,0.0739448641985569
24199,0.280451998328408,0.4792624365817,0.13912242589033,0.101163139199562
24200,0.506861002894342,0.119148357977248,0.236518248269348,0.137472390859062
24201,0.503080762487721,0.235709596669341,0.221261322610632,0.0399483182323068
24202,0.149161068280993,0.141859361255143,0.646672909156389,0.0623066613074742
24203,0.484662153801718,0.307873799375812,0.146724189145169,0.060739857677301
24204,0.116511495034412,0.616129598517879,0.193073776250124,0.0742851301975843
24205,0.406067557774847,0.380341194433176,0.143614890106102,0.069976357685875
24206,0.162895088934155,0.217209749046185,0.555052612304208,0.0648425497154523
24207,0.475872509424631,0.0852771441102998,0.185604494359854,0.253245852105215
24208,0.16741202349544,0.4471925135104,0.107981516694502,0.277413946299658
24209,0.127694469769732,0.276738295346804,0.353147411322776,0.242419823560689
24210,0.180573647164823,0.113385418440292,0.329427491894923,0.376613442499962
24211,0.061085548984669,0.10153279898453,0.364862975853701,0.4725186761771
24212,0.343697396813694,0.064781514144,0.126883242535486,0.46463784650682
24213,0.0447228103416409,0.198014750341627,0.560616700699459,0.196645738617274
24214,0.177180782989848,0.0547707411464521,0.293803868693951,0.474244607169749
24215,0.139129610737321,0.119138527862819,0.484481982596206,0.257249878803654
24216,0.138030862698252,0.154711936067623,0.303181894650335,0.40407530658379
24217,0.157254449950724,0.407175379832996,0.0525712441281983,0.382998926088082
24218,0.102931775710761,0.0394260324628995,0.38428384859001,0.47335834323633
24219,0.330735100272983,0.110676146603133,0.266711970516266,0.291876782607618
24220,0.244892340805653,0.234837617939141,0.137189001685206,0.383081039570001
24221,0.289727140616712,0.458998970813692,0.125379488489464,0.125894400080132
24222,0.542646361840895,0.140885944740273,0.183958204995878,0.132509488422955
24223,0.343299804081474,0.100344348387215,0.103368862706099,0.452986984825213
24224,0.131474098401713,0.0997934011882741,0.285522149985115,0.483210350424897
24225,0.26130947778385,0.240068340401061,0.133094571177022,0.365527610638068
24226,0.345451469742454,0.149651361704193,0.325714971006153,0.1791821975472
24227,0.27985449255858,0.333114146593104,0.263270539002527,0.12376082184579
24228,0.229277447764308,0.37228431633929,0.162294232376549,0.236144003519854
24229,0.225331625571908,0.409741522484314,0.248600131846535,0.116326720097243
24230,0.116886787467557,0.511740853251041,0.19265738467294,0.178714974608462
24231,0.259835098524333,0.315520960620563,0.238289706126906,0.186354234728198
24232,0.20386613547577,0.382850552259314,0.230398651205987,0.182884661058929
24233,0.318207643879116,0.331462751145001,0.155335557512597,0.194994047463285
24234,0.310014679788268,0.262323232510099,0.314094080057794,0.113568007643839
24235,0.480480011348673,0.23119149731891,0.173447651489152,0.114880839843265
24236,0.209342333210263,0.229219902598081,0.487690415293045,0.0737473488986112
24237,0.511373719188143,0.0728533459697698,0.258639524921761,0.157133409920326
24238,0.0782089587120662,0.285844031089867,0.44856314312309,0.187383867074977
24239,0.326730004201034,0.342022725092143,0.211681552126607,0.119565718580216
24240,0.169963411132278,0.462639059323481,0.212298515667444,0.155099013876797
24241,0.103599601671069,0.259215183156648,0.304078833874907,0.333106381297376
24242,0.248472475784376,0.282666563090683,0.346227893458824,0.122633067666117
24243,0.19759470271466,0.456692186536572,0.198010571588473,0.147702539160295
24244,0.312493017480892,0.20890870249571,0.339483120850219,0.139115159173178
24245,0.160784239194453,0.363346935174388,0.410130716309899,0.0657381093212611
24246,0.162491733237411,0.419072260649369,0.312114217507657,0.106321788605562
24247,0.279886707015173,0.168225902291437,0.463395457860008,0.0884919328333812
24248,0.337582203679698,0.103553932309243,0.274962754256585,0.283901109754474
24249,0.409340430991625,0.344352026595065,0.139657032609506,0.106650509803804
24250,0.174687116019639,0.348548762608008,0.205979839399107,0.270784281973247
24251,0.15941503704118,0.419018166124147,0.211799174458777,0.209767622375895
24252,0.15068182930338,0.460347427423746,0.141549111990782,0.247421631282092
24253,0.137568145421983,0.272027027371244,0.464778051116452,0.125626776090321
24254,0.166015743331305,0.227254172718517,0.437098254416144,0.169631829534034
24255,0.0865974679724672,0.419138509973137,0.290331939079993,0.203932082974403
24256,0.213660366052113,0.27960910413031,0.183335993620642,0.323394536196935
24257,0.222306040399716,0.281824606515552,0.355800054746123,0.140069298338609
24258,0.283628201470442,0.446684080835245,0.0726592625620985,0.197028455132215
24259,0.145256349561935,0.291077671273939,0.239814884626084,0.323851094538042
24260,0.180180339707577,0.369813818436648,0.289562530484704,0.160443311371071
24261,0.370414781724696,0.132824917867358,0.193498793475092,0.303261506932854
24262,0.378063060558946,0.185223469430373,0.288532798677627,0.148180671333054
24263,0.313892791671965,0.217088135578866,0.252646781183147,0.216372291566022
24264,0.110355531921958,0.624151104975578,0.14682244560758,0.118670917494885
24265,0.403168877634969,0.474105505466346,0.0305427567757572,0.0921828601229274
24266,0.0657904054205413,0.0906842027946521,0.434360494390396,0.409164897394411
24267,0.343148497982684,0.428757009582699,0.097153449898006,0.130941042536611
24268,0.306476602673838,0.218969342303689,0.244636476772605,0.229917578249868
24269,0.0968448537875304,0.593408484539014,0.141546079274649,0.168200582398807
24270,0.201719497808922,0.502942084802018,0.154415715424138,0.140922701964922
24271,0.0914541115816477,0.467250997894515,0.275595089758598,0.16569980076524
24272,0.087416457831285,0.492463562457552,0.219006083924417,0.201113895786746
24273,0.453675628250715,0.209753029208864,0.120356072131261,0.21621527040916
24274,0.255205141584615,0.0463061849468522,0.510774464034219,0.187714209434314
24275,0.0900838359249894,0.212140126377385,0.420036621902322,0.277739415795304
24276,0.707523968823119,0.0916055393162377,0.0816628815467787,0.119207610313865
24277,0.145635848789753,0.559046932458279,0.21497884084291,0.0803383779090584
24278,0.234673160953928,0.467930258861169,0.0800701478394735,0.21732643234543
24279,0.467645868284118,0.126620339299464,0.169280467160725,0.236453325255692
24280,0.141809582431297,0.111284338838745,0.60117664107691,0.145729437653048
24281,0.685270880090041,0.16980451160517,0.0341789874086856,0.110745620896103
24282,0.184844348690674,0.258089077592787,0.155282657206743,0.401783916509796
24283,0.1662811041011,0.43077474597347,0.137740979578744,0.265203170346686
24284,0.12099964498012,0.184643683289728,0.607834470282499,0.0865222014476534
24285,0.0394615251875495,0.537894136399773,0.138096344124159,0.284547994288518
24286,0.124955054388372,0.083614808513648,0.619364819731971,0.17206531736601
24287,0.188254309072237,0.509653228379403,0.0400861430319493,0.262006319516411
24288,0.0774793143384702,0.654879819647574,0.188162421174215,0.0794784448397408
24289,0.0701404566133312,0.513777308467489,0.2966562921003,0.119425942818879
24290,0.125100086367027,0.348692422522557,0.132761721612752,0.393445769497663
24291,0.312279574572666,0.153411143237584,0.228866814287629,0.305442467902122
24292,0.106736855343598,0.0843138027057839,0.460890572553255,0.348058769397363
24293,0.392658629682487,0.306227226767591,0.223578886523174,0.0775352570267485
24294,0.146888926881721,0.568015122259575,0.0806128808554838,0.20448307000322
24295,0.106293925379856,0.338853476406673,0.265021104491697,0.289831493721775
24296,0.279738107679549,0.302859105433514,0.0852486765177795,0.332154110369158
24297,0.387912652244573,0.122425501981633,0.0954840817309619,0.394177764042832
24298,0.230236147337084,0.362668944321199,0.159472378029332,0.247622530312385
24299,0.233175713995987,0.106512504882356,0.0857295048978332,0.574582276223824
24300,0.264139648908085,0.151573280006982,0.188454975844885,0.395832095240049
24301,0.143668315476458,0.0598065180561027,0.231204444353556,0.565320722113883
24302,0.553251978778033,0.165818994467216,0.190369475575889,0.0905595511788615
24303,0.404808196323912,0.208840359023459,0.0549333142068512,0.331418130445778
24304,0.101106423390503,0.0822965483657352,0.330131622108605,0.486465406135157
24305,0.238229388088908,0.444516912684043,0.0937291974192616,0.223524501807788
24306,0.246362040844191,0.0523661327703124,0.156347243638452,0.544924582747044
24307,0.599879404652696,0.167570758829857,0.115396251720907,0.11715358479654
24308,0.278177947910745,0.0530662127848347,0.35730774306226,0.311448096242161
24309,0.0304112755989353,0.249248514671184,0.485677800368269,0.234662409361612
24310,0.152236347843903,0.451606824228594,0.20549075268753,0.190666075239973
24311,0.113229897936784,0.19894704324458,0.311141482140246,0.376681576678391
24312,0.336291783130223,0.0852856781761435,0.121169148711136,0.457253389982498
24313,0.420030273768065,0.211804938127199,0.050016500654599,0.318148287450137
24314,0.0376316512505207,0.684919393537432,0.061806738498085,0.215642216713962
24315,0.24254384870466,0.450566077529525,0.175326538622918,0.131563535142898
24316,0.551414216723705,0.0913266147458279,0.0621053543131161,0.295153814217351
24317,0.158941620714274,0.555647111122153,0.0765851007472244,0.208826167416349
24318,0.0836035120668303,0.0882685724790328,0.60399554218337,0.224132373270767
24319,0.514435937704512,0.136274045752379,0.288514787719959,0.0607752288231496
24320,0.0492789321472871,0.145162955251309,0.211040520057595,0.594517592543809
24321,0.5773665325944,0.133673868832359,0.076480034996705,0.212479563576536
24322,0.499615990041277,0.21591084585435,0.0894839148498866,0.194989249254486
24323,0.104834400819044,0.0653288742899849,0.672465295097253,0.157371429793719
24324,0.178949702114772,0.104728220427427,0.409121638548451,0.307200438909351
24325,0.369356837710028,0.164050043560603,0.0804992231019332,0.386093895627436
24326,0.0940946145378175,0.131149256782979,0.431912435341322,0.342843693337881
24327,0.126913557026504,0.304697557448666,0.173857643438041,0.394531242086789
24328,0.0691160548745629,0.0671288620199092,0.584356687625708,0.27939839547982
24329,0.171036624479028,0.580038230143702,0.0511566259067771,0.197768519470493
24330,0.593695166665574,0.0654651650844071,0.202742226307717,0.138097441942301
24331,0.0855893150284455,0.116955258642076,0.361254038882634,0.436201387446844
24332,0.489491476904669,0.10398159625866,0.242887351448713,0.163639575387959
24333,0.412722363474089,0.238439901010542,0.115815611033369,0.233022124482
24334,0.289866444743405,0.253013382702528,0.138506667337118,0.318613505216949
24335,0.0600249558255604,0.579705342860948,0.0464842125070896,0.313785488806402
24336,0.0982718599924529,0.281073033745693,0.210669902181459,0.409985204080396
24337,0.644452701741614,0.0683155829850639,0.193304866735557,0.0939268485377658
24338,0.65234079947737,0.0440049081851333,0.144900561404032,0.158753730933464
24339,0.436796905073272,0.348258006166218,0.0609958557877028,0.153949232972807
24340,0.216851954213415,0.402017992575857,0.0317341627200021,0.349395890490726
24341,0.644546252132926,0.0590959891442916,0.149071160410935,0.147286598311847
24342,0.667060526344082,0.118874104023069,0.0658584348211869,0.148206934811663
24343,0.0492788162613431,0.470263886895701,0.0769228081284044,0.403534488714551
24344,0.0380897906418068,0.102653659701369,0.571791273512698,0.287465276144127
24345,0.0626787056960535,0.0256186440591348,0.534216678424473,0.377485971820339
24346,0.220001367079126,0.0543494093377628,0.488226029180035,0.237423194403077
24347,0.0661017472612527,0.577497528880132,0.115982138856714,0.240418585001901
24348,0.738981419693189,0.0250179125008231,0.118013037597036,0.117987630208952
24349,0.494532502858269,0.0985021888014118,0.0622908750271269,0.344674433313193
24350,0.0204712956633695,0.204306604758531,0.618915282859794,0.156306816718306
24351,0.527955044964591,0.0606516740698821,0.0558659522503246,0.355527328715203
24352,0.0180018616184158,0.576838233215821,0.0890114145436894,0.316148490622074
24353,0.276356056591548,0.0903918386162493,0.236617818707197,0.396634286085006
24354,0.0422928162625249,0.460507254210846,0.118774008490851,0.378425921035778
24355,0.309855070162422,0.0578567667793695,0.361591037763732,0.270697125294476
24356,0.050862294923686,0.139785485437634,0.0319580370247108,0.777394182613969
24357,0.597631814080679,0.20601230287657,0.0256557876100551,0.170700095432696
24358,0.497181919065789,0.0647285498716537,0.0400760425885544,0.398013488474003
24359,0.153549077141833,0.624059088757337,0.0548053092692986,0.167586524831531
24360,0.0744922523347171,0.390866765698036,0.247925760084469,0.286715221882778
24361,0.219203028850853,0.366289646398581,0.0595141276019043,0.354993197148662
24362,0.553548226365472,0.0834506254941513,0.237579553491817,0.12542159464856
24363,0.0629543777146686,0.157468557251243,0.51563474429951,0.263942320734579
24364,0.0743999658280213,0.696874535648496,0.0828034376701425,0.14592206085334
24365,0.352427299793404,0.113044256982752,0.164613517075495,0.369914926148349
24366,0.104344474600939,0.384663874662146,0.196760922799017,0.314230727937898
24367,0.165559732906448,0.151957639463087,0.0891072912189079,0.593375336411557
24368,0.0820426130202198,0.303788600048957,0.413387877054456,0.200780909876367
24369,0.423778608617186,0.22751529105528,0.170663684193509,0.178042416134026
24370,0.108048670269355,0.42775275516049,0.334349522323826,0.129849052246328
24371,0.239395478857939,0.124561283639797,0.473030995384489,0.163012242117775
24372,0.0665014746045362,0.0515829669354741,0.527180365862156,0.354735192597834
24373,0.313587152313872,0.382253602925367,0.216739774470813,0.0874194702899478
24374,0.348150665167091,0.209932595229071,0.191749277307468,0.25016746229637
24375,0.123017384113581,0.0926652149706705,0.412885555330719,0.37143184558503
24376,0.103265721593532,0.180037808024133,0.629536951830417,0.0871595185519177
24377,0.0908633931544524,0.564863169938855,0.202820793742943,0.14145264316375
24378,0.0451943051414466,0.553623619255783,0.0784676502067711,0.322714425396
24379,0.0914947695015593,0.473847423694415,0.175438876997257,0.259218929806769
24380,0.0770297274599329,0.376893814020387,0.0813775225749514,0.464698935944729
24381,0.442766926430205,0.147637824252923,0.0597983346930043,0.349796914623868
24382,0.490673702877403,0.0987684069858747,0.323699238503329,0.086858651633393
24383,0.0942929410242346,0.0701216471568453,0.717493288481595,0.118092123337325
24384,0.106983335239339,0.146345387489312,0.556917191697173,0.189754085574176
24385,0.529610304533944,0.0798214767273255,0.204903431496104,0.185664787242626
24386,0.0414405449619557,0.0775926517220108,0.667708447416585,0.213258355899449
24387,0.568483718336861,0.0479648425165874,0.130562298586874,0.252989140559678
24388,0.470068713946925,0.042458953081742,0.164393694527298,0.323078638444035
24389,0.397963271430603,0.119436119370083,0.197456988652159,0.285143620547154
24390,0.225458104219112,0.0829119145369826,0.60139381908757,0.0902361621563357
24391,0.093833595632152,0.230221806140071,0.0613455099541422,0.614599088273635
24392,0.0343973932450163,0.301187167822693,0.355353104891647,0.309062334040644
24393,0.031648077644274,0.0905849316076072,0.766815738096949,0.11095125265117
24394,0.100304320248473,0.725188600645562,0.0874384419568627,0.0870686371491022
24395,0.182873235250854,0.227322937292648,0.543183189773931,0.046620637682567
24396,0.561027629768671,0.160478840893137,0.0536144069038749,0.224879122434317
24397,0.126377280478727,0.256145019582455,0.378037038778671,0.239440661160147
24398,0.334614438980334,0.250814021356915,0.245848620183884,0.168722919478867
24399,0.0657458959850995,0.379728535473516,0.190468437471548,0.364057131069837
24400,0.072524982279311,0.19469882361739,0.488510313181128,0.244265880922171
24401,0.276289862110808,0.161711781639202,0.240997225864168,0.321001130385822
24402,0.233285834355201,0.108042314768335,0.534466457490205,0.124205393386259
24403,0.0584010314325788,0.1690542483429,0.593337339421498,0.179207380803024
24404,0.0755173162499847,0.208837927317561,0.549733289885638,0.165911466546817
24405,0.144644081982116,0.258324537321596,0.433562635692876,0.163468745003411
24406,0.451527705807252,0.304099688606141,0.110312152456942,0.134060453129666
24407,0.0709830286223785,0.539807391689772,0.309890013023484,0.0793195666643658
24408,0.248828724980685,0.337246592001103,0.144030968927995,0.269893714090218
24409,0.278778307424913,0.282438270321468,0.0726748183665913,0.366108603887028
24410,0.213595630618066,0.299069459624906,0.16615137261611,0.321183537140919
24411,0.160610195962214,0.48682580426728,0.232971092718078,0.119592907052428
24412,0.4701025175887,0.23736134947382,0.134776551641519,0.157759581295961
24413,0.469143305053476,0.185820838965024,0.237286607041437,0.107749248940063
24414,0.198023839636491,0.578591199079205,0.111039148246922,0.112345813037382
24415,0.305944991138836,0.151573403562647,0.361468510068889,0.181013095229628
24416,0.628380269178132,0.0765731349032629,0.12566253146311,0.169384064455496
24417,0.229578882374248,0.078627207443724,0.313399506430416,0.378394403751612
24418,0.135876731223878,0.221318822965262,0.0694411493783183,0.573363296432542
24419,0.369824686230088,0.278655038962075,0.181787427969486,0.169732846838351
24420,0.0956007119872042,0.465972017713323,0.190387333085028,0.248039937214445
24421,0.23986366933374,0.107278615155901,0.030220073964039,0.62263764154632
24422,0.44048525135064,0.119411453622404,0.0330719853337108,0.407031309693246
24423,0.0563779904028745,0.505578261422794,0.0490899570282271,0.388953791146105
24424,0.090943337884401,0.26992111049636,0.297172892175929,0.341962659443311
24425,0.133028387239165,0.0330046176847345,0.108976896088187,0.724990098987913
24426,0.460501774220641,0.149940977902155,0.0315168990890935,0.358040348788111
24427,0.0574439177545634,0.0594176913439199,0.640365614720223,0.242772776181294
24428,0.206794931395973,0.58754610820474,0.02526124597506,0.180397714424227
24429,0.0884179344509766,0.775290856420651,0.0286215676794543,0.107669641448918
24430,0.123103376494032,0.0667065247773877,0.0491771892079685,0.761012909520612
24431,0.11967194238081,0.55525830139068,0.136867135694272,0.188202620534238
24432,0.030522983846397,0.436741209526541,0.11324782445061,0.419487982176452
24433,0.0829741714289594,0.109235156840889,0.193910224764617,0.613880446965534
24434,0.242907083168063,0.203055509560071,0.353975599808629,0.200061807463238
24435,0.45602691709182,0.337041169039912,0.0994883707229499,0.107443543145319
24436,0.200902883927325,0.129182255078222,0.316683894601784,0.353230966392668
24437,0.389105147684696,0.215753295992198,0.111824698532405,0.283316857790701
24438,0.667298149611402,0.0942830051196371,0.13752095958154,0.100897885687421
24439,0.116413063464136,0.0287666568745127,0.65029082373981,0.204529455921541
24440,0.028534320987756,0.672109284019574,0.0427249504205559,0.256631444572114
24441,0.567689767378006,0.144904867224821,0.0357797789363468,0.251625586460826
24442,0.671531237058243,0.149282927865903,0.107399399525539,0.0717864355503156
24443,0.42492960651998,0.110406373443311,0.380480385642994,0.0841836343937153
24444,0.0504023099829151,0.186471419779792,0.577080040590983,0.18604622964631
24445,0.290426102713973,0.127820618023399,0.116722899746218,0.46503037951641
24446,0.354159136372946,0.0756279749702508,0.0461760162897945,0.524036872367008
24447,0.114615452606541,0.782418809645687,0.0326792811346249,0.0702864566131477
24448,0.13185833582734,0.543403606440455,0.0813935537934997,0.243344503938705
24449,0.421828916609649,0.0323841268860617,0.135192780780857,0.410594175723432
24450,0.0597406140587717,0.0708413568993045,0.279662306894269,0.589755722147655
24451,0.0490368795053748,0.0826914740840636,0.466056820315094,0.402214826095468
24452,0.127135883156417,0.0504254734271653,0.458483280409077,0.363955363007341
24453,0.378796028387458,0.0765411159796146,0.414285648469028,0.1303772071639
24454,0.266850233284956,0.343678019780172,0.0873438248446333,0.302127922090239
24455,0.203944878136245,0.0598718850327896,0.452487921368692,0.283695315462273
24456,0.0838651533629972,0.119058194597063,0.309160434470508,0.487916217569432
24457,0.185690669781503,0.0517976175105205,0.230149659313538,0.532362053394438
24458,0.0367628938344153,0.294978541935244,0.0715273271510285,0.596731237079312
24459,0.115180774446894,0.152153522925662,0.488346967479223,0.244318735148222
24460,0.0274053360823974,0.181820057067029,0.162229408382674,0.6285451984679
24461,0.0366146758700462,0.0660080464660259,0.381700346660889,0.515676931003039
24462,0.123745310957268,0.218683522963547,0.0764561186490806,0.581115047430104
24463,0.293291295262254,0.482153808791409,0.119005480725454,0.105549415220882
24464,0.102530177919607,0.133640245776826,0.254345236824473,0.509484339479094
24465,0.132130314402471,0.596170511076612,0.0753657317128955,0.196333442808022
24466,0.33063331191847,0.343534870345902,0.0519923734329015,0.273839444302727
24467,0.101615650548232,0.3384981849461,0.0230067621990929,0.536879402306575
24468,0.054652490893781,0.43630737620746,0.163208784814101,0.345831348084658
24469,0.0777312725100426,0.385815855119955,0.0463221147548901,0.490130757615112
24470,0.117160849970058,0.0974842021857996,0.060309273405454,0.725045674438689
24471,0.148250044947297,0.525814593945853,0.0830457633008468,0.242889597806003
24472,0.484217538283686,0.103604484939242,0.196181498517526,0.215996478259547
24473,0.169286330814024,0.137280991071267,0.265779667304099,0.42765301081061
24474,0.631965272660908,0.216874274304143,0.0329092610652799,0.118251191969669
24475,0.0446138534888776,0.465502344754289,0.222484400774138,0.267399400982696
24476,0.176121886206439,0.429439479052329,0.0726743122714545,0.321764322469778
24477,0.0477737377863374,0.499442390155075,0.276038569494969,0.176745302563618
24478,0.177576483601768,0.101123691393469,0.497543382553497,0.223756442451266
24479,0.108319630056335,0.0547285108129059,0.482358166446887,0.354593692683872
24480,0.494338828558602,0.0966660486170284,0.0759626563755174,0.333032466448853
24481,0.308900228420539,0.231170195165316,0.175451835545367,0.284477740868778
24482,0.504470209751934,0.0647091993432263,0.0596316572220238,0.371188933682816
24483,0.749750899932032,0.0757838154573283,0.0657236700976594,0.108741614512981
24484,0.0856926931325734,0.175978627464902,0.576401240483304,0.161927438919221
24485,0.494745734950967,0.130360686329205,0.242051201875801,0.132842376844027
24486,0.274065952866611,0.321650163766763,0.112113362914816,0.29217052045181
24487,0.0509667797240565,0.0938883118540669,0.646574032222534,0.208570876199343
24488,0.229486278336785,0.611499236975582,0.0586515267857162,0.100362957901917
24489,0.164672781263381,0.355720444733592,0.230247397711834,0.249359376291193
24490,0.0760557468820056,0.250728854548641,0.539160934517634,0.134054464051719
24491,0.115394544774665,0.0664983816159329,0.126335180821432,0.69177189278797
24492,0.23841891702974,0.0717213779920091,0.492434940222215,0.197424764756036
24493,0.0784687300450606,0.245479489200874,0.553357314205422,0.122694466548643
24494,0.0460283924933657,0.514872056569441,0.264842608118496,0.174256942818697
24495,0.134881329387557,0.543572702331241,0.0597811145102431,0.261764853770959
24496,0.130874083419893,0.193199443715656,0.29110377782079,0.38482269504366
24497,0.159882168102443,0.0855594082114467,0.570956245195433,0.183602178490677
24498,0.299271651216082,0.225273843002121,0.369297091460361,0.106157414321437
24499,0.392314902549732,0.0880323728121268,0.261393580878014,0.258259143760128
24500,0.0833192303019593,0.551286788880264,0.0991961099777493,0.266197870840027
24501,0.244078766892477,0.294217064893765,0.0877174757200382,0.37398669249372
24502,0.420720412854213,0.12069541278464,0.127760934222819,0.330823240138328
24503,0.0598321405690635,0.0790934754778267,0.202803430806944,0.658270953146166
24504,0.0711177050330731,0.545699617708072,0.0643642993103532,0.318818377948501
24505,0.11771345508837,0.282834188789278,0.147810090335702,0.45164226578665
24506,0.135206875970611,0.0577286752658248,0.536814930362405,0.27024951840116
24507,0.0871017367447973,0.174458234236943,0.217441407483429,0.520998621534831
24508,0.379078871167836,0.149916457358815,0.303040762886015,0.167963908587334
24509,0.165732872105618,0.0599945998035644,0.373409546344214,0.400862981746604
24510,0.0685431003978153,0.12900197125321,0.570659561079645,0.23179536726933
24511,0.230008350243546,0.605989599878004,0.0827390894725847,0.0812629604058653
24512,0.303552688134656,0.0900926884460365,0.324084754860936,0.282269868558371
24513,0.603627675708654,0.093875190528773,0.134532918446592,0.167964215315981
24514,0.329887933467724,0.399989328934309,0.0893874499876752,0.180735287610292
24515,0.159285383551092,0.239981071778733,0.327001611085823,0.273731933584352
24516,0.449700078508525,0.105482608231641,0.134986073141741,0.309831240118093
24517,0.482281604075611,0.268678269564397,0.15215624634847,0.0968838800115221
24518,0.0530715821607025,0.126968598931964,0.141916225541589,0.678043593365745
24519,0.0692674459662657,0.161829359277042,0.689226915685023,0.0796762790716698
24520,0.0212147613582853,0.362161854310238,0.308512136977489,0.308111247353987
24521,0.0873179130782259,0.425571414712384,0.0578901816587914,0.429220490550599
24522,0.032112377996144,0.10521618987713,0.714609136132944,0.148062295993782
24523,0.0602391724522601,0.293548509272987,0.413632906959891,0.232579411314862
24524,0.118569603581872,0.122520320499473,0.55129213889645,0.207617937022205
24525,0.109459449808175,0.158868582851363,0.0751547020395489,0.656517265300913
24526,0.596067164587138,0.110998783446978,0.20728239848026,0.0856516534856236
24527,0.138074387604353,0.0411068907656102,0.515408628665016,0.305410092965022
24528,0.739600640683825,0.158930616020838,0.0339306412737684,0.0675381020215686
24529,0.109504585375781,0.0646313088500467,0.307180479048024,0.518683626726148
24530,0.359742002822536,0.220972173337185,0.219703285856436,0.199582537983844
24531,0.112720882570636,0.51015871176613,0.248271024405822,0.128849381257412
24532,0.175788104250067,0.307767790656256,0.383489879264541,0.132954225829137
24533,0.276438303677968,0.289583774259674,0.0972957783496556,0.336682143712703
24534,0.0822028348084912,0.577884515027245,0.0970458880464923,0.242866762117772
24535,0.693238765208211,0.0612662995713325,0.076386132031398,0.169108803189059
24536,0.142280271593681,0.251940134077431,0.347467012877898,0.258312581450989
24537,0.374764625796288,0.178546473319102,0.0738404726578216,0.372848428226788
24538,0.206871373162103,0.56829810993173,0.0648767463351505,0.159953770571017
24539,0.394338608241572,0.181640597110579,0.139990953032093,0.284029841615756
24540,0.468102829757905,0.0895256556837319,0.286240285758873,0.156131228799489
24541,0.461277653208098,0.11773434869548,0.222049458083415,0.198938540013008
24542,0.140676279125218,0.523160810526827,0.0869060764080024,0.249256833939953
24543,0.0316487361677831,0.16261521089805,0.731799834267346,0.0739362186668204
24544,0.121753185378707,0.509790773951026,0.230394570212046,0.138061470458221
24545,0.325295374830769,0.0952480351866943,0.444689016984686,0.13476757299785
24546,0.0683008499866571,0.58969627570046,0.155416223420061,0.186586650892822
24547,0.263687247568726,0.428038527056965,0.0581546313368029,0.250119594037506
24548,0.0543086405546905,0.357724789118167,0.371238704470852,0.216727865856291
24549,0.607904059804341,0.196702000224804,0.103505273070547,0.0918886669003086
24550,0.144973309439237,0.450761048334892,0.318396955380812,0.0858686868450597
24551,0.0507219292128878,0.456360147456791,0.152920248941651,0.339997674388671
24552,0.0647797012570099,0.466176823222457,0.108231241340667,0.360812234179866
24553,0.446277107223133,0.151408521086857,0.144326571926559,0.257987799763451
24554,0.308451953235874,0.10937657633411,0.286684886667415,0.295486583762602
24555,0.136980246228948,0.643535766870368,0.0949408822940985,0.124543104606586
24556,0.519323780879305,0.230180643711727,0.0478344627339465,0.202661112675022
24557,0.138396909798272,0.286719721653544,0.306957357284285,0.267926011263899
24558,0.1140096018406,0.574912798835139,0.0577253401474766,0.253352259176785
24559,0.0613562815928451,0.714913157561687,0.130392542386625,0.0933380184588428
24560,0.077971567874232,0.368021086655327,0.126100914803824,0.427906430666617
24561,0.182503832083946,0.182026428778875,0.144061568901173,0.491408170236006
24562,0.447344140076102,0.238523083748627,0.168854773918399,0.145278002256871
24563,0.0283528258613461,0.514929436665334,0.107270712755221,0.349447024718099
24564,0.0603739368172888,0.432525838908124,0.0836524832981305,0.423447740976457
24565,0.0665122213290722,0.34123491862145,0.254893655944901,0.337359204104577
24566,0.144915949257984,0.662995574644596,0.0738276594574476,0.118260816639973
24567,0.137660057140431,0.319474152291438,0.408433803485002,0.134431987083129
24568,0.418174076037075,0.287920160016591,0.080551273418539,0.213354490527796
24569,0.195326932147093,0.118447065251591,0.290177235444384,0.396048767156931
24570,0.0555581609431963,0.488646594934204,0.124481050389428,0.331314193733172
24571,0.0617949584051623,0.251259713397533,0.326030686297208,0.360914641900097
24572,0.181782159650409,0.126509568384183,0.311278268890292,0.380430003075116
24573,0.127378194182347,0.150536104014188,0.522209361550012,0.199876340253454
24574,0.0629203715415463,0.239106823986863,0.479581222028528,0.218391582443063
24575,0.172327084903391,0.0794666751438931,0.14971405962919,0.598492180323527
24576,0.0453057867510248,0.176850938550319,0.588135461486427,0.18970781321223
24577,0.0782182749433384,0.208032910390778,0.292279854237455,0.421468960428429
24578,0.230973244244631,0.119248814069126,0.260242223803609,0.389535717882634
24579,0.426513068721782,0.360059484713805,0.0787731721499214,0.134654274414492
24580,0.129494899675938,0.0760599855714946,0.433231055959436,0.361214058793131
24581,0.181600860648878,0.0394528887895277,0.642850833064506,0.136095417497088
24582,0.0716609720558889,0.110455041005767,0.683319818546453,0.134564168391892
24583,0.016954789477596,0.130575505686135,0.540998237693732,0.311471467142537
24584,0.0325202860548825,0.0505399371970565,0.812146437694319,0.104793339053742
24585,0.101634873441247,0.210023441186931,0.0237269067139059,0.664614778657916
24586,0.0614502364399883,0.100065882575494,0.386891462347266,0.451592418637252
24587,0.390362485101304,0.251517880290933,0.18868663118348,0.169433003424283
24588,0.252096773990865,0.328623808767117,0.235993770553057,0.183285646688961
24589,0.131799941133597,0.470352589200111,0.231230887341251,0.166616582325042
24590,0.444461137669457,0.273760778644782,0.185389410675269,0.0963886730104919
24591,0.318694957969541,0.206441845324026,0.311626248343459,0.163236948362974
24592,0.337057337457513,0.34677657333839,0.101308435259153,0.214857653944944
24593,0.395027075169074,0.228372652603891,0.195767121471434,0.180833150755601
24594,0.185591427555826,0.307388194189709,0.183654119398082,0.323366258856383
24595,0.300115384541928,0.329901009777169,0.29706116113391,0.0729224445469932
24596,0.442787812440035,0.240976169880297,0.0732122034837727,0.243023814195895
24597,0.322417178791567,0.378176767978141,0.190517215204812,0.10888883802548
24598,0.447178381349369,0.142889534480775,0.0929848176330753,0.316947266536781
24599,0.313208011046347,0.336481863392381,0.146947320094692,0.203362805466581
24600,0.264009892483247,0.365094092725893,0.171508042979918,0.199387971810942
24601,0.162184290921909,0.146648530491876,0.541141022501379,0.150026156084836
24602,0.191779334927108,0.528771687626546,0.126725860262969,0.152723117183377
24603,0.118323153227289,0.174682046788752,0.377307235873423,0.329687564110535
24604,0.265745372818599,0.216050233721071,0.404931840349095,0.113272553111236
24605,0.426377125656079,0.142357391752034,0.182661779037793,0.248603703554094
24606,0.0821777049310907,0.487484649400495,0.307004501913135,0.123333143755279
24607,0.426740201991455,0.200641295694472,0.262525529815049,0.110092972499023
24608,0.151751641689605,0.449285340560373,0.0992764683905545,0.299686549359468
24609,0.553888247504007,0.175681576871247,0.113325927921234,0.157104247703512
24610,0.0758263612247886,0.210591277596711,0.182976817341501,0.530605543836999
24611,0.142094573891171,0.233898183861325,0.188972027867621,0.435035214379883
24612,0.0793283812968387,0.655561132276509,0.122962388529166,0.142148097897487
24613,0.106754547773381,0.197774493702864,0.567566973707093,0.127903984816662
24614,0.104643981272187,0.121107159106181,0.628405611086356,0.145843248535275
24615,0.437496768026392,0.209805628486069,0.0512349855260077,0.301462617961531
24616,0.230956631521854,0.141593658062987,0.368380444360669,0.25906926605449
24617,0.344517434861523,0.141253652903173,0.364506860850005,0.1497220513853
24618,0.292034660143326,0.0901018904732138,0.510872702567565,0.106990746815896
24619,0.125021548551121,0.361374447872546,0.372822731651246,0.140781271925087
24620,0.194760124618159,0.21371287522024,0.100381040113294,0.491145960048307
24621,0.142255497553805,0.13730227848938,0.314392093163651,0.406050130793165
24622,0.0599638497114816,0.305975963908442,0.261926343905081,0.372133842474995
24623,0.202899502297476,0.098709888780892,0.334121955677289,0.364268653244342
24624,0.19051679631859,0.246636137793673,0.392028917402596,0.170818148485141
24625,0.409147302949172,0.0915548752569866,0.275416706982418,0.223881114811423
24626,0.426004724130888,0.155538811707087,0.151812247632294,0.266644216529732
24627,0.182469490369563,0.176693472083454,0.109925297662209,0.530911739884774
24628,0.683247533584511,0.100279800839327,0.050809163561849,0.165663502014313
24629,0.0750851063469752,0.573983767712334,0.115879534944576,0.235051590996115
24630,0.168709268909812,0.149876344061906,0.187695415835764,0.493718971192519
24631,0.247850326585452,0.195198033633213,0.134908943507638,0.422042696273697
24632,0.169631411343853,0.225583500593099,0.264517618355666,0.340267469707382
24633,0.221561794708422,0.050966427007784,0.484348594610798,0.243123183672996
24634,0.207135352731669,0.031115286949721,0.54381392605433,0.21793543426428
24635,0.394963593596246,0.121656110029968,0.130677988303408,0.352702308070378
24636,0.236648546283566,0.39192503971818,0.137387323787588,0.234039090210667
24637,0.202132454038922,0.1290402259836,0.504083453269673,0.164743866707805
24638,0.124096126246041,0.494816522119265,0.0932565722631626,0.287830779371532
24639,0.374361858617124,0.237866208373349,0.115691812860318,0.272080120149209
24640,0.647754762429359,0.136935613564124,0.105681295230518,0.109628328776
24641,0.133953585096759,0.676473937627132,0.040582260316272,0.148990216959837
24642,0.211933069716911,0.109761736345686,0.406645762068935,0.271659431868469
24643,0.0717099989817705,0.0628276434785006,0.412759974353467,0.452702383186262
24644,0.0646153138170958,0.447922270189445,0.175225246336588,0.312237169656871
24645,0.138014110142756,0.605888701007102,0.0200113569533908,0.236085831896752
24646,0.222263513581423,0.228744037637176,0.220243669143222,0.328748779638179
24647,0.401101979274309,0.369716727729128,0.140286004917646,0.0888952880789165
24648,0.1299244419294,0.056776757422915,0.460138823011267,0.353159977636417
24649,0.0964397687270079,0.142478679275476,0.52234569002485,0.238735861972667
24650,0.0299745577231707,0.848514394443795,0.0168876653822499,0.104623382450784
24651,0.524560615864227,0.0562043738588913,0.0290171345995542,0.390217875677327
24652,0.318019654120624,0.0472459425725333,0.498042327378042,0.136692075928801
24653,0.504129765848825,0.170625666618602,0.0989614131866307,0.226283154345942
24654,0.0496332001553016,0.462124888774189,0.0389609085399483,0.449281002530561
24655,0.0686083183052817,0.191765386965845,0.371296600312242,0.368329694416632
24656,0.231073720409328,0.302899268998664,0.333071036000878,0.13295597459113
24657,0.204464744308152,0.164973083143065,0.0578601817753205,0.572701990773463
24658,0.0635889996818156,0.440919833493324,0.309837384678309,0.185653782146551
24659,0.0217092269714941,0.11012123181205,0.453799806303945,0.414369734912512
24660,0.122368900348959,0.392670768625055,0.191667068982264,0.293293262043722
24661,0.159251039452621,0.532715132392515,0.0596944823216089,0.248339345833255
24662,0.030556456290564,0.133112948953442,0.589046693761897,0.247283900994097
24663,0.109429402892795,0.250175612731791,0.53290505966763,0.107489924707784
24664,0.114624249466245,0.252751674753902,0.431281100657107,0.201342975122746
24665,0.353107970258353,0.115325229924119,0.38607192606719,0.145494873750338
24666,0.109273085005155,0.590598832323258,0.0883621178895742,0.211765964782013
24667,0.0708500908822997,0.525621737020524,0.237394203883683,0.166133968213493
24668,0.126907473685739,0.0811231261132725,0.731779115373979,0.0601902848270103
24669,0.123422959754653,0.219494025728075,0.366001036197767,0.291081978319505
24670,0.569256238142913,0.0763699255651216,0.233246923209223,0.121126913082743
24671,0.0691293815618691,0.307665841463487,0.558536893559042,0.0646678834156023
24672,0.115924625766851,0.502271003035603,0.318765219302703,0.0630391518948427
24673,0.13238473241491,0.0677859619825864,0.708763956210668,0.0910653493918355
24674,0.122368167970739,0.665183044442286,0.0773944709641697,0.135054316622805
24675,0.137964970416356,0.11195540165504,0.6413484032998,0.108731224628805
24676,0.182778152462974,0.561270852250668,0.149728094518668,0.10622290076769
24677,0.0580539752211879,0.175439568594097,0.379262240758607,0.387244215426108
24678,0.248869380136564,0.253626514635554,0.171548376449591,0.325955728778291
24679,0.254114960280912,0.405368830659273,0.133196931212666,0.207319277847149
24680,0.0697261298803662,0.454313977097621,0.195487341783776,0.280472551238236
24681,0.335898789176435,0.248188217136004,0.0779599510760462,0.337953042611515
24682,0.434189036642613,0.472091099294049,0.0447660295865383,0.0489538344767996
24683,0.10778754153348,0.261729770007774,0.467752647544926,0.16273004091382
24684,0.098970038343774,0.185740698277654,0.544108740687026,0.171180522691546
24685,0.61044351453372,0.135825813562141,0.125497614881074,0.128233057023066
24686,0.527227695358597,0.117539597673499,0.0765478077343452,0.278684899233559
24687,0.215912598990182,0.337236101469564,0.195510588161803,0.251340711378451
24688,0.15197752738812,0.410852914286394,0.154253274073265,0.282916284252222
24689,0.206365214168315,0.230280676633037,0.48825760167883,0.0750965075198185
24690,0.684679689973931,0.0897830657492958,0.131111408505566,0.0944258357712066
24691,0.388586830723767,0.382815726835819,0.0808592541809273,0.147738188259487
24692,0.688859750750437,0.184714788417591,0.0439380561933468,0.0824874046386252
24693,0.182992440807875,0.166234943473981,0.491819043859583,0.158953571858561
24694,0.179473615524926,0.289099221476567,0.382743648410551,0.148683514587956
24695,0.151469258089799,0.733966358045851,0.0517482945964244,0.0628160892679258
24696,0.204183113843132,0.354596643500679,0.124011156602693,0.317209086053495
24697,0.14263307129102,0.18768642146631,0.33377067347577,0.3359098337669
24698,0.258780031638589,0.521832645068444,0.160212820557451,0.0591745027355164
24699,0.192884666716661,0.115616261663393,0.632070160483395,0.0594289111365512
24700,0.103810167138722,0.49251549132753,0.14213219162981,0.261542149903939
24701,0.116606033200972,0.118706278167083,0.643686333096157,0.121001355535788
24702,0.159308426163077,0.58518625446112,0.171814705784964,0.0836906135908394
24703,0.27575800304392,0.340570659457614,0.272836334760468,0.110835002737998
24704,0.0867380106349652,0.470340258091738,0.345162738634376,0.0977589926389212
24705,0.428848292864975,0.335711067067568,0.130583186070283,0.104857453997175
24706,0.182460594044502,0.400598578703768,0.305947079702673,0.110993747549058
24707,0.29528364562893,0.190812206055548,0.268013182975758,0.245890965339765
24708,0.586305372120341,0.0883312934278094,0.205891406775917,0.119471927675933
24709,0.107546108592714,0.234561217437842,0.542501827075695,0.115390846893749
24710,0.304235059707571,0.300424292130531,0.262524758547451,0.132815889614447
24711,0.363167964065952,0.219516462623453,0.280726625501526,0.136588947809069
24712,0.359534939454035,0.357799131543755,0.160680726885164,0.121985202117046
24713,0.133800215180747,0.525732152420367,0.169420807592916,0.171046824805971
24714,0.308899596354637,0.339108368066409,0.181818851109369,0.170173184469585
24715,0.142267556377056,0.466828783920206,0.174028281857281,0.216875377845456
24716,0.417663258504683,0.33653405196016,0.116448003472359,0.129354686062797
24717,0.230460709534347,0.487118155004965,0.18801122867649,0.0944099067841987
24718,0.201547357304548,0.54945036753486,0.119157709404489,0.129844565756103
24719,0.260765751283647,0.225070290760752,0.228695510185559,0.285468447770043
24720,0.212553738537282,0.480317351289503,0.141254481657893,0.165874428515322
24721,0.334254845275655,0.349901553760844,0.134706221318842,0.181137379644659
24722,0.125356802461346,0.593798618217468,0.167806789792816,0.11303778952837
24723,0.453443339770333,0.204770585513952,0.204374643867827,0.137411430847888
24724,0.266733270479381,0.294607807478905,0.285206613492653,0.153452308549062
24725,0.494872732830538,0.252798167469597,0.0787122128002472,0.173616886899618
24726,0.284803701801162,0.338008360271021,0.234732368233661,0.142455569694155
24727,0.0920006198838574,0.116214954066844,0.413846921382294,0.377937504667005
24728,0.418774350912067,0.276459298990645,0.157996300500481,0.146770049596807
24729,0.29456691272439,0.165479459823024,0.340138844984564,0.199814782468023
24730,0.151167249581332,0.198378517295547,0.33639726447297,0.314056968650151
24731,0.123078777720698,0.580132427801333,0.158678906323885,0.138109888154084
24732,0.285266438253173,0.178134835427723,0.345173081159782,0.191425645159322
24733,0.0824790547269715,0.272120189350074,0.175508832830498,0.469891923092456
24734,0.18659591589161,0.335386628378916,0.100813113442255,0.37720434228722
24735,0.0804711673412004,0.150853827456192,0.456905140502996,0.311769864699612
24736,0.113414135421028,0.597382282159737,0.129501743635772,0.159701838783463
24737,0.466918673670181,0.147303479959922,0.200991765129389,0.184786081240508
24738,0.0697349361861732,0.595788942396309,0.112101026530998,0.22237509488652
24739,0.395705180900881,0.057147462255158,0.265294630992883,0.281852725851079
24740,0.242455754803472,0.420307638632165,0.121466438738492,0.215770167825871
24741,0.100669392451926,0.277583021942052,0.541147788288278,0.0805997973177444
24742,0.305763123940471,0.379480253711703,0.0868003183524027,0.227956303995423
24743,0.168948699478946,0.464426667051935,0.107000683840967,0.259623949628152
24744,0.423582847357313,0.0610314277106875,0.301755422099908,0.213630302832091
24745,0.213012848258978,0.140154012823771,0.23406576245478,0.41276737646247
24746,0.17243657775661,0.313392811752469,0.0540512994658968,0.460119311025025
24747,0.0500536319068443,0.407560699847203,0.251061892766938,0.291323775479015
24748,0.0388034115580695,0.0717430679654511,0.588766276545955,0.300687243930525
24749,0.144220950223555,0.325008187871797,0.279230617346573,0.251540244558075
24750,0.284411339700778,0.168965559514651,0.318449131575318,0.228173969209253
24751,0.555835413382564,0.0849064708445477,0.0800979510058605,0.279160164767028
24752,0.135651728083659,0.450968030906247,0.0893996791118088,0.323980561898286
24753,0.184565737081566,0.0439395525964883,0.555567527638912,0.215927182683034
24754,0.263692032832502,0.256821646828247,0.186246571165747,0.293239749173504
24755,0.070041622773903,0.29936107662266,0.34820026085505,0.282397039748387
24756,0.144282042370232,0.315925547813661,0.257792222385294,0.282000187430813
24757,0.185648158391896,0.103749682760768,0.148650833951956,0.561951324895379
24758,0.147961326810982,0.0797863185874897,0.437743112868822,0.334509241732707
24759,0.126231327393488,0.260886713818653,0.254248225814361,0.358633732973499
24760,0.286883549546696,0.340104367625524,0.124499577302665,0.248512505525115
24761,0.254508242811196,0.119417782317137,0.385042577035614,0.241031397836053
24762,0.133968190387534,0.358166622283521,0.0803769610322314,0.427488226296714
24763,0.101823840210553,0.671856570727827,0.0728717948835454,0.153447794178075
24764,0.590312504795819,0.077635948770861,0.0593530084348981,0.272698537998422
24765,0.241775761940456,0.240448540092573,0.327156030656995,0.190619667309976
24766,0.0387526251019045,0.409324795265502,0.253097553637285,0.298825025995309
24767,0.129225216582889,0.109073115214987,0.0814582740259997,0.680243394176125
24768,0.126174424242521,0.465739747446526,0.14887591390103,0.259209914409923
24769,0.182806801353057,0.129445175912381,0.608034069708985,0.0797139530255769
24770,0.0926512559603329,0.16467618128851,0.0580489850352626,0.684623577715895
24771,0.105106876868058,0.0642767355930202,0.462666797190331,0.367949590348591
24772,0.184855146551911,0.316381043053006,0.0800797135812208,0.418684096813862
24773,0.0795628499488832,0.38844233004284,0.429839489279429,0.102155330728848
24774,0.358688629688875,0.156685167110796,0.115499345322135,0.369126857878194
24775,0.114036345224414,0.605807344405395,0.0613164173219083,0.218839893048282
24776,0.616496302685157,0.0601631627992053,0.176212997759479,0.147127536756159
24777,0.296913356771985,0.329010637498822,0.175871179094442,0.19820482663475
24778,0.367245326458691,0.26739820285736,0.109163939168793,0.256192531515157
24779,0.0499819927367104,0.365263784801807,0.237303001152234,0.347451221309248
24780,0.561958257123633,0.133968486242741,0.204176431521114,0.0998968251125125
24781,0.0562845774095492,0.108981064384,0.733119489312544,0.101614868893907
24782,0.548299663380732,0.0564059434780613,0.0614315034178411,0.333862889723366
24783,0.0322477824522436,0.219165128180714,0.45249594357872,0.296091145788322
24784,0.267017693395672,0.0815811873357301,0.192512498159708,0.458888621108891
24785,0.0590026916364584,0.229632040988603,0.149080938930342,0.562284328444597
24786,0.115008196284302,0.144555234486531,0.440768306382708,0.29966826284646
24787,0.24902721201227,0.187496973191207,0.209982077261884,0.353493737534639
24788,0.110690533794509,0.213289506481451,0.369594759642164,0.306425200081877
24789,0.403167523933556,0.216812655237729,0.0963681256257332,0.283651695202982
24790,0.115209443285809,0.145427717166992,0.373869084240217,0.365493755306982
24791,0.206303204689031,0.0925243848776897,0.356000331110757,0.345172079322522
24792,0.260665057311733,0.124596281584721,0.202707815301935,0.41203084580161
24793,0.120756291679217,0.0624591033032101,0.521388881513981,0.295395723503592
24794,0.0800463315910686,0.664590092684068,0.0918389933981218,0.163524582326742
24795,0.26336152874807,0.145619693808415,0.0739922077506374,0.517026569692877
24796,0.494158591451398,0.314639811206917,0.117516423650495,0.0736851736911903
24797,0.107448452079527,0.664238409322552,0.128019281401756,0.100293857196166
24798,0.0318481029061483,0.0731295812625386,0.685029097539599,0.209993218291715
24799,0.323667445931801,0.112034004368552,0.251923686055968,0.31237486364368
24800,0.0404204752477939,0.158225083404105,0.580449771957558,0.220904669390543
24801,0.563581480953519,0.180847251058245,0.1579960780781,0.0975751899101351
24802,0.249129387654475,0.305306809934278,0.148347636694351,0.297216165716897
24803,0.0684346252345536,0.131406698745058,0.672448271487674,0.127710404532714
24804,0.609509407931923,0.106703505897335,0.150149082492664,0.133638003678078
24805,0.216971564405201,0.27805566876967,0.0570283732431843,0.447944393581944
24806,0.18434859135125,0.468781279865577,0.050887896059108,0.295982232724065
24807,0.506630474108688,0.383206575134775,0.0362394853114144,0.0739234654451232
24808,0.427035509280564,0.113411448989269,0.228436531870037,0.23111650986013
24809,0.70812481833772,0.0343993330186113,0.066751764309568,0.190724084334101
24810,0.147737731608018,0.349604642644556,0.162476426966192,0.340181198781234
24811,0.158527510437297,0.0505253781959365,0.68473102118235,0.106216090184417
24812,0.0681639470208214,0.0753753138035939,0.761389867957447,0.0950708712181382
24813,0.27091471738728,0.0614345556460929,0.408408392611723,0.259242334354904
24814,0.238949600928396,0.441238468872076,0.0286945727009757,0.291117357498552
24815,0.519723152780457,0.156565494085565,0.195581935532424,0.128129417601555
24816,0.234333540835814,0.151311256627174,0.397025405737672,0.217329796799341
24817,0.21792850633866,0.337736014509284,0.149351633319232,0.294983845832824
24818,0.339618814303749,0.291250655371556,0.222021177256916,0.147109353067779
24819,0.166818307649471,0.389482547389948,0.262304627844289,0.181394517116292
24820,0.402533418836766,0.204192405608241,0.0743874662640441,0.31888670929095
24821,0.464195925612753,0.178751841242153,0.102131531543731,0.254920701601363
24822,0.102022691706072,0.549395666953214,0.11245102887905,0.236130612461664
24823,0.151760507910271,0.321643408893665,0.317919356726666,0.208676726469399
24824,0.198631827184974,0.0939940217314601,0.286670013218582,0.420704137864984
24825,0.456796068497812,0.214916662988337,0.0912971007532204,0.23699016776063
24826,0.110160186323965,0.11159597841373,0.610346278938206,0.1678975563241
24827,0.219178933512235,0.53547957661047,0.0899677427313897,0.155373747145906
24828,0.13749616171346,0.675956076230126,0.0902025956748234,0.0963451663815904
24829,0.224847002958345,0.186191510123356,0.139865766886489,0.44909572003181
24830,0.12926325737437,0.49414285459932,0.214865047802657,0.161728840223653
24831,0.0863602318134884,0.482959769707751,0.187517659865684,0.243162338613077
24832,0.164597172914868,0.229811032682476,0.273504764057805,0.332087030344851
24833,0.255437503405459,0.255036571438672,0.315535415494033,0.173990509661836
24834,0.15835708802386,0.0798914508777549,0.253875843027201,0.507875618071185
24835,0.19463488239636,0.285584867987241,0.171649070464805,0.348131179151594
24836,0.0970857289561848,0.210745218896397,0.258505733778517,0.433663318368902
24837,0.610822695957953,0.0250367337635677,0.0869486020850621,0.277191968193418
24838,0.0851796527687158,0.335468698353122,0.120503449798054,0.458848199080109
24839,0.545801574989561,0.171832237022522,0.131656060133184,0.150710127854733
24840,0.471035211052779,0.184163684854408,0.197486552761906,0.147314551330907
24841,0.0448065857979198,0.689379006399838,0.168451877420731,0.0973625303815119
24842,0.140069421027258,0.25669951463898,0.110770903117395,0.492460161216367
24843,0.211787452176823,0.0589939087554344,0.401303698077613,0.32791494099013
24844,0.657688425929546,0.0909129128244176,0.165605019302121,0.0857936419439152
24845,0.558734066873736,0.0538896814242192,0.0352087165846924,0.352167535117353
24846,0.200686026211848,0.614816228236404,0.0301472586536631,0.154350486898085
24847,0.110195859253693,0.106785950308794,0.476800338057645,0.306217852379867
24848,0.0926332451478584,0.167839980632164,0.151122819046003,0.588403955173975
24849,0.37581463079247,0.101816226548237,0.0949954143589128,0.427373728300381
24850,0.118531941922643,0.511261220180795,0.0468291096343067,0.323377728262256
24851,0.232235819766562,0.0786019816980242,0.229647207309245,0.459514991226169
24852,0.522349721564091,0.0672967136880575,0.0398406606911773,0.370512904056674
24853,0.385725323448931,0.0808376551484094,0.280818357893937,0.252618663508723
24854,0.350903511813316,0.0895431851951224,0.301808759683843,0.257744543307718
24855,0.154498882685082,0.166553113061314,0.380583233039356,0.298364771214249
24856,0.159338013519345,0.4751001818746,0.0797330965811951,0.28582870802486
24857,0.166177368570451,0.172205623927026,0.490210787438939,0.171406220063584
24858,0.0960353044669806,0.478708463267082,0.23369286680546,0.191563365460477
24859,0.179431518112113,0.304042731695161,0.0792124163848108,0.437313333807915
24860,0.130373744616218,0.0906466239277384,0.704621190353486,0.0743584411025572
24861,0.436062579524002,0.124032614988057,0.092404348269032,0.347500457218909
24862,0.0958000291938469,0.542509285899194,0.0983190995594759,0.263371585347484
24863,0.320953702722415,0.0898227345851842,0.215092782597459,0.374130780094942
24864,0.132361581114724,0.103276952929184,0.454934059790728,0.309427406165364
24865,0.186035216400904,0.0475798117325189,0.470568617229219,0.295816354637357
24866,0.699559487473358,0.0978479366856127,0.0985698808200428,0.104022695020986
24867,0.446501891463566,0.101918123044031,0.155419636685064,0.296160348807339
24868,0.478058845401855,0.0884458638882549,0.121720335156648,0.311774955553242
24869,0.284415192216909,0.0570408205450952,0.221723215488773,0.436820771749224
24870,0.585663211669204,0.082051705209314,0.130954991342677,0.201330091778805
24871,0.157120969568612,0.0520340440147247,0.405044437927503,0.385800548489161
24872,0.249991368273993,0.236502540344155,0.299695785345546,0.213810306036305
24873,0.512906445773338,0.315110830522931,0.0819049949428555,0.0900777287608754
24874,0.115532366071903,0.419425988401413,0.300042608944172,0.164999036582512
24875,0.266356056791542,0.383659274899864,0.182655986338638,0.167328681969956
24876,0.115894108126061,0.457424654989298,0.298553639508605,0.128127597376037
24877,0.222537826606205,0.249602553854943,0.405094225484446,0.122765394054406
24878,0.183425429301158,0.157202847893298,0.458260977579909,0.201110745225635
24879,0.470165045093682,0.18893269630857,0.156153262662858,0.18474899593489
24880,0.297728876484592,0.293498563763446,0.278643549072517,0.130129010679445
24881,0.448364640291054,0.166420548487563,0.171929500036378,0.213285311185004
24882,0.630021630126475,0.17148488644825,0.121859688207267,0.0766337952180078
24883,0.137281018903773,0.263182290034787,0.484399745042667,0.115136946018773
24884,0.391543451884307,0.245413519750408,0.267560479499672,0.0954825488656135
24885,0.254625816299504,0.394156881797515,0.203264270625824,0.147953031277158
24886,0.0928339552510952,0.174622016924753,0.576030608628887,0.156513419195265
24887,0.280359974151992,0.534180512482356,0.115302211836574,0.0701573015290773
24888,0.240734123837529,0.398547672272964,0.205120631898009,0.155597571991498
24889,0.159876975366949,0.312878867616004,0.437202238565525,0.0900419184515218
24890,0.192536906301013,0.166532448010024,0.230470657321211,0.410459988367753
24891,0.315984576638352,0.135830557743705,0.0618125108747498,0.486372354743193
24892,0.330415723417348,0.0735698063408248,0.163737674053482,0.432276796188346
24893,0.311415297935326,0.173300625178544,0.126513979084729,0.3887700978014
24894,0.098093332395756,0.474264850774578,0.134011863108149,0.293629953721517
24895,0.0281132687459012,0.0447311311148768,0.396057822286132,0.53109777785309
24896,0.0321963224290497,0.239247027266203,0.201348291348926,0.527208358955821
24897,0.152235284984956,0.0543425802476931,0.630864242067681,0.16255789269967
24898,0.263408293049661,0.0995845636325611,0.251124113777753,0.385883029540025
24899,0.0167437368315411,0.231547707200739,0.559344964344876,0.192363591622844
24900,0.0567479864499761,0.11446457547787,0.27577054316769,0.553016894904464
24901,0.237242607336811,0.0356030696049522,0.311867090614517,0.41528723244372
24902,0.380827584686561,0.0575692039606486,0.134424725575283,0.427178485777508
24903,0.257090631146745,0.0782497018382117,0.107149717984973,0.557509949030071
24904,0.0466583228965075,0.319091807422657,0.0216979872173275,0.612551882463508
24905,0.0608541181874994,0.0567430233410898,0.758258422644713,0.124144435826698
24906,0.197108516091463,0.0349454358532295,0.3599240719128,0.408021976142507
24907,0.187495600228334,0.0537315730569156,0.0275870569947727,0.731185769719978
24908,0.0281734483940892,0.293464801095708,0.508325901167021,0.170035849343182
24909,0.0603730809003757,0.432652614692009,0.114396383846628,0.392577920560987
24910,0.165565117509899,0.322934228487468,0.355126219277169,0.156374434725464
24911,0.160149927494634,0.685311537569384,0.0584443331562243,0.096094201779758
24912,0.0620478643614936,0.245860950097454,0.349156374700697,0.342934810840356
24913,0.0700065065632259,0.700866366880018,0.0801326581363538,0.148994468420403
24914,0.374552852903087,0.146109045473866,0.295012102794589,0.184325998828458
24915,0.0450603374910963,0.428304930504976,0.317776377701412,0.208858354302516
24916,0.585330572896329,0.144931948655165,0.101779978646347,0.167957499802159
24917,0.136875583984722,0.0773849777382556,0.452860228978337,0.332879209298685
24918,0.160400787401,0.0774492937668507,0.287842098411544,0.474307820420606
24919,0.0730899052309049,0.38456285304564,0.384206234275896,0.158141007447559
24920,0.041042574871621,0.446934447345546,0.454538701074873,0.0574842767079598
24921,0.680617635970093,0.175160434729039,0.0611502606210055,0.0830716686798625
24922,0.571454133137965,0.127084345612367,0.0805670865412251,0.220894434708442
24923,0.17396305688382,0.15651163904533,0.56336816962258,0.10615713444827
24924,0.1621342043624,0.228483138714852,0.424135246330164,0.185247410592584
24925,0.183636169219709,0.684950328859066,0.0717128214388336,0.0597006804823921
24926,0.260189795792414,0.0991782159334608,0.531692511292474,0.108939476981651
24927,0.18353516098909,0.448444214164545,0.0986393813724134,0.269381243473952
24928,0.0939918981144475,0.320009965825198,0.326000942695779,0.259997193364575
24929,0.26466770932763,0.361968729933518,0.250668174309403,0.122695386429449
24930,0.334662846631072,0.399177905539493,0.173390730627696,0.0927685172017389
24931,0.253973750055318,0.231517928649156,0.305884457750637,0.208623863544889
24932,0.121115990261281,0.338319581527112,0.390176188223679,0.150388239987928
24933,0.312187864491473,0.465293190931436,0.101014853176153,0.121504091400938
24934,0.437823768257678,0.218753789565531,0.133479009882467,0.209943432294324
24935,0.174095088780017,0.434479552604862,0.24306054001344,0.14836481860168
24936,0.33754792477029,0.21866576648849,0.310760277393234,0.133026031347986
24937,0.139509995885449,0.569845866023071,0.243583343278806,0.047060794812674
24938,0.488496231300653,0.178021012781286,0.237119202403184,0.0963635535148775
24939,0.197069537392026,0.235313920661033,0.48391461376423,0.0837019281827108
24940,0.369411234064937,0.361014184654595,0.149593400230464,0.119981181050004
24941,0.252814343584537,0.38769539926122,0.214151748240334,0.14533850891391
24942,0.521174015463898,0.157914285203315,0.239624666672756,0.0812870326600311
24943,0.308151777593978,0.175633917205249,0.230814962142961,0.285399343057812
24944,0.501518999265997,0.307151795486968,0.119583923760126,0.0717452814869094
24945,0.133490315254089,0.147849136794853,0.452819277953706,0.265841269997353
24946,0.109934159423063,0.466245238553705,0.145599602630078,0.278220999393154
24947,0.353602407570822,0.24858746108334,0.230437565060983,0.167372566284856
24948,0.454392961571392,0.271418212951065,0.210252984324328,0.0639358411532157
24949,0.273849010780562,0.401911028463733,0.262977938992387,0.0612620217633189
24950,0.0899982832724268,0.470371811333183,0.271360720483842,0.168269184910548
24951,0.128172052391363,0.540928569670418,0.175518609305689,0.15538076863253
24952,0.428584560617286,0.26181277378951,0.18591226047769,0.123690405115515
24953,0.295097648885195,0.217279576710896,0.36983515276295,0.117787621640959
24954,0.166404479995687,0.55582913552347,0.184963409603942,0.0928029748769019
24955,0.463736003970178,0.32333134883472,0.100057043803888,0.112875603391215
24956,0.181392431515104,0.396653990775243,0.298737775832355,0.123215801877298
24957,0.192162784596901,0.543180902868778,0.131575247995889,0.133081064538433
24958,0.0998759050562304,0.601965590979481,0.231074258966203,0.0670842449980861
24959,0.14710412635797,0.410272574764734,0.249802164202831,0.192821134674466
24960,0.23862312891126,0.281262976780583,0.214025422157079,0.266088472151078
24961,0.310283613326859,0.339770357037495,0.264979978996476,0.0849660506391699
24962,0.0574915422867486,0.550846131188464,0.197589170275808,0.19407315624898
24963,0.122934795690533,0.487465888733349,0.172897872847869,0.21670144272825
24964,0.132071345354086,0.331289751994761,0.328826549469044,0.20781235318211
24965,0.22176771372207,0.556572667412354,0.142151154421533,0.0795084644440426
24966,0.179983757827554,0.40517913013995,0.324329319991794,0.0905077920407022
24967,0.404654512525667,0.0560578712542648,0.38953371818448,0.149753898035589
24968,0.154066580085784,0.460471206513677,0.200733542862195,0.184728670538344
24969,0.182475770036291,0.539497324341553,0.0510259655519219,0.227000940070234
24970,0.414118023501855,0.215253498849996,0.14217440261593,0.228454075032219
24971,0.273746643841116,0.485611059954786,0.079670583200814,0.160971713003284
24972,0.0817244721046202,0.416379930078615,0.144307374687911,0.357588223128854
24973,0.128227282132523,0.700031973427582,0.104053100291414,0.0676876441484813
24974,0.212927637398465,0.30691248289763,0.283098775066929,0.197061104636977
24975,0.13142775354984,0.436048662806907,0.244007316618764,0.188516267024488
24976,0.22147343059219,0.0993206097798044,0.568006836324589,0.111199123303416
24977,0.418524692383687,0.225123151392617,0.107448842205327,0.248903314018369
24978,0.218793382759889,0.407000095597728,0.163816053369941,0.210390468272441
24979,0.32369718777012,0.386550890364812,0.166597235897371,0.123154685967697
24980,0.0992559580131966,0.342818941612336,0.378595435888472,0.179329664485995
24981,0.155779290811257,0.109578777579239,0.380443415015842,0.354198516593661
24982,0.183290710017949,0.463824347893572,0.19263139658231,0.160253545506168
24983,0.740228459351176,0.138666611571918,0.0324486451732398,0.0886562839036665
24984,0.0760682295768937,0.477327905509779,0.196979316625159,0.249624548288169
24985,0.106620248580334,0.390644205292718,0.306270760728655,0.196464785398293
24986,0.397623231081649,0.137577093324688,0.2158463522322,0.248953323361463
24987,0.0606444514875412,0.518843420230451,0.357524476590815,0.0629876516911935
24988,0.289588380256625,0.194208409754574,0.227620459133581,0.28858275085522
24989,0.228763558816865,0.360500536671892,0.328179275227249,0.0825566292839941
24990,0.0780934265183131,0.62867740066087,0.174537572493,0.118691600327817
24991,0.315237561880508,0.0528416603378692,0.473527814909016,0.158392962872606
24992,0.171449580700111,0.235366147902387,0.523200121519501,0.0699841498780004
24993,0.61682257395753,0.131921882012483,0.15408746178023,0.0971680822497583
24994,0.541203831102971,0.179467734601999,0.129491529376916,0.149836904918113
24995,0.528172821426526,0.18999641252098,0.152586348296822,0.129244417755673
24996,0.214164337280102,0.281674001909942,0.157999262306435,0.346162398503521
24997,0.324129394312654,0.412643303266229,0.100763247750165,0.162464054670953
24998,0.238407721232584,0.083787683245423,0.457665543680685,0.220139051841308
24999,0.201941205464537,0.519518035238473,0.0738443739741473,0.204696385322843
25000,0.158088750836841,0.214940910138671,0.36157008332181,0.265400255702678
25001,0.217251778734404,0.571604370913731,0.102079693354533,0.109064156997332
25002,0.17760755102551,0.0982946750156185,0.56092875282822,0.163169021130652
25003,0.196935963857809,0.189741752321493,0.37119882647835,0.242123457342347
25004,0.0522263593733558,0.10716723250006,0.670692185744436,0.169914222382148
25005,0.199847567147463,0.396895271327331,0.27846211817824,0.124795043346967
25006,0.483898286790453,0.187830674683212,0.21273902083336,0.115532017692975
25007,0.338815918715409,0.39454431984077,0.08827017280045,0.178369588643371
25008,0.136603872016703,0.0916140214616146,0.630352680672912,0.141429425848771
25009,0.437364943315273,0.0471413631791373,0.32375964419813,0.191734049307459
25010,0.365984198094467,0.0397388562189119,0.408095966735566,0.186180978951055
25011,0.11004986105726,0.737658392316803,0.0854843337359067,0.066807412890031
25012,0.0740236724206119,0.329276236205907,0.209788134023951,0.386911957349531
25013,0.349281455108611,0.0494613167494282,0.30496161685821,0.29629561128375
25014,0.134144173846363,0.195044699684948,0.587237968850506,0.0835731576181835
25015,0.321312295311339,0.217038223938803,0.24398190801731,0.217667572732549
25016,0.155447716034988,0.379033632456658,0.0702746464374869,0.395244005070867
25017,0.0841648968103267,0.252358109927469,0.581150170615698,0.0823268226465067
25018,0.633872257994561,0.194313442502657,0.0794427644349225,0.0923715350678595
25019,0.179045709944593,0.607582663353967,0.1043712169836,0.109000409717841
25020,0.232413537186198,0.115105888141257,0.0980188588496121,0.554461715822933
25021,0.22753727010283,0.150357452633428,0.303897547957966,0.318207729305776
25022,0.0831502749531052,0.287925779115271,0.321272220150547,0.307651725781077
25023,0.153738095007,0.211767166676764,0.543840137370235,0.0906546009460013
25024,0.569442940603633,0.101260275029616,0.15951377419616,0.169783010170591
25025,0.412517783804918,0.165906531574036,0.134016432864245,0.287559251756801
25026,0.366975675705751,0.293948492629326,0.196789915031323,0.1422859166336
25027,0.0604525835648945,0.232341598066875,0.407683055643367,0.299522762724864
25028,0.639142442999451,0.104119289962951,0.164829116566972,0.0919091504706252
25029,0.126063196109377,0.158354228454764,0.581461097484445,0.134121477951414
25030,0.122576835847119,0.0539129080247169,0.589838807338332,0.233671448789833
25031,0.112129353723729,0.057192635466875,0.527031687598396,0.303646323211
25032,0.0945475439687747,0.0411093482457707,0.711846118251431,0.152496989534023
25033,0.3167317816781,0.123661316390328,0.343920298807856,0.215686603123717
25034,0.134857194482877,0.478928099996928,0.107086121056629,0.279128584463567
25035,0.272964587396023,0.188752995381555,0.226090737830916,0.312191679391506
25036,0.070430472280542,0.192150080728725,0.219785624610942,0.517633822379791
25037,0.199734041868697,0.519211258920579,0.0736273244059219,0.207427374804802
25038,0.251994739298764,0.313852019156376,0.137836518280929,0.296316723263931
25039,0.0944888623984198,0.342769987083079,0.305568175968459,0.257172974550043
25040,0.221813481967349,0.393254187098351,0.290949335778689,0.0939829951556116
25041,0.233795593087904,0.523584020594788,0.0461376784365891,0.196482707880719
25042,0.124191402305096,0.209199099707803,0.415879630887514,0.250729867099587
25043,0.120107735302833,0.486044689098326,0.116279940347591,0.27756763525125
25044,0.374242898304809,0.09003135628132,0.367376180942741,0.16834956447113
25045,0.0770939779900592,0.179446149543881,0.601491859428721,0.141968013037339
25046,0.0682645373376357,0.798302734033298,0.0241489494604161,0.10928377916865
25047,0.288384502370725,0.157295547171212,0.388281967662739,0.166037982795325
25048,0.0582865929571242,0.458616546881701,0.214321749111045,0.26877511105013
25049,0.0708937014171616,0.330833409113048,0.552105819644463,0.0461670698253284
25050,0.266948215314824,0.480468679048472,0.086778385627496,0.165804720009208
25051,0.110781007080247,0.336123329702718,0.434410972886039,0.118684690330996
25052,0.11988611965693,0.55680832161884,0.096523660214301,0.226781898509929
25053,0.162732721373184,0.190846502617535,0.232749897222433,0.413670878786848
25054,0.035745947666439,0.646762820583906,0.177372618562803,0.140118613186853
25055,0.0903581578327375,0.655489313333015,0.0867239150730373,0.16742861376121
25056,0.195174605598171,0.0818113460672995,0.229247196014204,0.493766852320325
25057,0.220334653635051,0.580195183063538,0.0995932511806631,0.0998769121207478
25058,0.494537869720533,0.20079725197888,0.135851051726117,0.16881382657447
25059,0.37885320369893,0.0492130942184477,0.232809977573764,0.339123724508858
25060,0.152720084310629,0.341029292802955,0.292020883341846,0.21422973954457
25061,0.07077315304767,0.460362194587486,0.220224877268635,0.248639775096209
25062,0.234544946034461,0.406870142907499,0.050685841519854,0.307899069538187
25063,0.0333552928987147,0.391098308006766,0.209052674585921,0.366493724508599
25064,0.246096922522868,0.421353392850568,0.037063714017214,0.29548597060935
25065,0.157039417022468,0.50144846690596,0.0784284852047763,0.263083630866796
25066,0.272735369226388,0.0507640815599411,0.201839149284987,0.474661399928684
25067,0.0997779225535164,0.0313763829980172,0.277097348078771,0.591748346369695
25068,0.0602930754594731,0.18332285567541,0.315554736477891,0.440829332387226
25069,0.0426133976888188,0.390772375916487,0.325332997324635,0.241281229070058
25070,0.0708104713768954,0.106159014972158,0.105979068963672,0.717051444687275
25071,0.144678386154704,0.55625037391579,0.0605081870696245,0.238563052859881
25072,0.0755942380036103,0.750944490111794,0.0364444162180605,0.137016855666535
25073,0.0895467565822475,0.497470698983141,0.0184763692015835,0.394506175233028
25074,0.117253095539691,0.586882570173048,0.0864113590853664,0.209452975201895
25075,0.18579066078137,0.0343502632888929,0.389587981462301,0.390271094467436
25076,0.0352956380625521,0.0601001304770017,0.255214723606678,0.649389507853769
25077,0.0303407884563934,0.126290469820531,0.502147471352807,0.341221270370269
25078,0.485182647722223,0.0438239892185112,0.197330627773161,0.273662735286105
25079,0.131619029201808,0.041802416241405,0.404770550830869,0.421808003725918
25080,0.584637699474996,0.0677106931223674,0.0489476382521129,0.298703969150523
25081,0.412953116271925,0.107198339519475,0.256301719989745,0.223546824218855
25082,0.0947208268239179,0.409040971008191,0.292718400126185,0.203519802041706
25083,0.102734541985302,0.342117706050126,0.242844243236775,0.312303508727798
25084,0.439475679872202,0.144139241866776,0.325735694347432,0.0906493839135899
25085,0.257348573175047,0.439736479207476,0.219695304811904,0.0832196428055722
25086,0.6395197336145,0.0980753113770405,0.166415414396377,0.0959895406120828
25087,0.113844690168307,0.44909621646695,0.329821606584581,0.107237486780162
25088,0.507828945654114,0.167533633055998,0.237246933528313,0.0873904877615759
25089,0.150417940496338,0.0951089086713368,0.600090555995179,0.154382594837146
25090,0.465973395999685,0.228405772881211,0.194704828927202,0.110916002191902
25091,0.324683489886675,0.125665853633063,0.290669115367663,0.2589815411126
25092,0.183134993048948,0.189444533372237,0.108982649618093,0.518437823960722
25093,0.469379888056288,0.102149668140585,0.193792220749001,0.234678223054126
25094,0.0965562671880188,0.124642949801553,0.706429904205255,0.0723708788051732
25095,0.0998092797562119,0.485358066205682,0.313559721528988,0.101272932509118
25096,0.0842280359914174,0.208564289469571,0.154236436648282,0.55297123789073
25097,0.0983667101652312,0.162898704485517,0.594058730308719,0.144675855040532
25098,0.303510608345952,0.148754298262939,0.213209637739781,0.334525455651327
25099,0.0673514965842078,0.336435025151035,0.463984206978076,0.132229271286682
25100,0.133223461787992,0.264059572830215,0.508565646572839,0.0941513188089539
25101,0.449743803084019,0.150798577498592,0.297537608659136,0.101920010758253
25102,0.273488061384257,0.273446912298626,0.189268086336566,0.26379693998055
25103,0.296429918502272,0.402576484484919,0.20317034294103,0.0978232540717789
25104,0.115823036873722,0.330612060588638,0.479074302081673,0.0744906004559669
25105,0.173258287707934,0.321671552187412,0.380135124466901,0.124935035637753
25106,0.307026737474245,0.32661558499675,0.272744922673676,0.0936127548553287
25107,0.15496212174513,0.436318049320606,0.183576808088141,0.225143020846123
25108,0.206953894887374,0.445146364708666,0.265873569444421,0.0820261709595396
25109,0.295973087278281,0.402788855215718,0.182358852797535,0.118879204708466
25110,0.170833134114511,0.187691030628503,0.214165213677761,0.427310621579226
25111,0.211034375627018,0.190647665979476,0.254644967477475,0.343672990916031
25112,0.172820394459126,0.255528938521223,0.421317168123376,0.150333498896276
25113,0.418842730970986,0.327942793031038,0.158004304356769,0.095210171641206
25114,0.249993635346901,0.251613604535969,0.365420545976923,0.132972214140207
25115,0.139005035724231,0.276893795426889,0.402082765057567,0.182018403791313
25116,0.288026936934328,0.366573251310595,0.215794669949921,0.129605141805157
25117,0.540520458954704,0.29453753544448,0.110549241005211,0.0543927645956046
25118,0.423298626962658,0.184318125475302,0.264753330727615,0.127629916834425
25119,0.0893504918573319,0.277156717356814,0.419941942622585,0.213550848163269
25120,0.309713359298627,0.236439242123513,0.0647484128990491,0.389098985678812
25121,0.459935465262248,0.111211680011515,0.179433284254502,0.249419570471736
25122,0.451628777470763,0.241223956271493,0.16064512194538,0.146502144312363
25123,0.470324240058039,0.0620517823935338,0.38396094480762,0.0836630327408068
25124,0.12878073894489,0.139806405643323,0.568603535732523,0.162809319679264
25125,0.747152471922422,0.128208642667857,0.0498464983146762,0.0747923870950445
25126,0.0492754913855082,0.462137244228315,0.240516586767843,0.248070677618333
25127,0.226277751132533,0.154508255864719,0.168629496863813,0.450584496138934
25128,0.240118679762401,0.0958534720398255,0.12706033082789,0.536967517369883
25129,0.294340248703209,0.222200854305194,0.435128520953562,0.0483303760380349
25130,0.168077921637192,0.171551543466836,0.110840145281445,0.549530389614528
25131,0.215028820327221,0.39851872304293,0.0311176420099459,0.355334814619904
25132,0.433729435863271,0.222212917702142,0.115711478927299,0.228346167507289
25133,0.689812554509475,0.0757902234137209,0.141407047992272,0.0929901740845324
25134,0.252019839009638,0.289849650589644,0.0717134918857338,0.386417018514984
25135,0.0345543325230455,0.619138796528146,0.0507687829475412,0.295538088001267
25136,0.219629413716314,0.286296385519916,0.311068156440804,0.183006044322967
25137,0.0919392407172294,0.559601764121574,0.0907522977525104,0.257706697408687
25138,0.1009657789741,0.465931359991198,0.127014569491241,0.306088291543461
25139,0.134420191565482,0.368754167419302,0.148930819863891,0.347894821151324
25140,0.060460223985012,0.0638920743971556,0.536321009141555,0.339326692476277
25141,0.308472041671534,0.320257717575089,0.176183860495092,0.195086380258286
25142,0.258861654696243,0.276008351541616,0.0528071257152193,0.412322868046922
25143,0.091434817015568,0.163660786594503,0.114915070155231,0.629989326234698
25144,0.121141445967984,0.308877378364748,0.0565686403335671,0.5134125353337
25145,0.38818606277664,0.12653994782472,0.0705693411978732,0.414704648200767
25146,0.196941256114527,0.595198500983216,0.0432532665792245,0.164606976323033
25147,0.152949567983592,0.115948024537192,0.385914105795077,0.34518830168414
25148,0.296584408026224,0.321228861385551,0.0378142893470336,0.344372441241191
25149,0.0874047970896958,0.676506419333967,0.114761491313443,0.121327292262895
25150,0.107088856048019,0.0742248794001395,0.476569066736123,0.342117197815719
25151,0.0282367248978505,0.454098199364619,0.100468554120205,0.417196521617326
25152,0.491266371978065,0.0513054529541747,0.0556429444695994,0.401785230598161
25153,0.383615685912133,0.505074650225701,0.0523596070838759,0.0589500567782906
25154,0.195856598569068,0.0972227613383897,0.402990418126917,0.303930221965625
25155,0.0589567608236197,0.558411467208676,0.0264958575156984,0.356135914452006
25156,0.113764524327263,0.727036897286118,0.0651344002660591,0.09406417812056
25157,0.148924622170757,0.546727763594735,0.144318308759152,0.160029305475356
25158,0.472631572010989,0.372717984512129,0.0738478029009745,0.0808026405759083
25159,0.137625204315081,0.440382227572768,0.161426274156009,0.260566293956142
25160,0.252547516640676,0.278563345073666,0.320448556209271,0.148440582076387
25161,0.382904226700278,0.108475781778733,0.233058812970131,0.275561178550859
25162,0.340044488179489,0.162200733527587,0.0782032448435332,0.419551533449391
25163,0.094163763218179,0.105927319336976,0.669548109610141,0.130360807834705
25164,0.469031982905161,0.394627783832827,0.0509644098602709,0.0853758234017411
25165,0.1418765984915,0.14198778077729,0.157550010376784,0.558585610354426
25166,0.207937197852467,0.178466366679975,0.296566197948195,0.317030237519363
25167,0.298714201710701,0.462162711720337,0.0870026335072072,0.152120453061756
25168,0.287920694722095,0.379780899662811,0.0445951792407368,0.287703226374358
25169,0.226111710138473,0.239566302791627,0.0727553160738431,0.461566670996058
25170,0.457430213923072,0.371970709824958,0.0587739586389733,0.111825117612996
25171,0.466992988033711,0.179488879296653,0.193212342021174,0.160305790648462
25172,0.190858572898964,0.388889593840279,0.197587158628401,0.222664674632356
25173,0.322421131685367,0.0747502889938053,0.252778675360554,0.350049903960274
25174,0.40450304082976,0.0871257368831683,0.214884854876137,0.293486367410935
25175,0.603048927464653,0.12338877866779,0.0507912318624582,0.222771062005099
25176,0.149102782508797,0.262891881755183,0.450514502902326,0.137490832833695
25177,0.231421517188574,0.210226445085038,0.326944273558633,0.231407764167756
25178,0.268424656749609,0.220985888361817,0.382379664149123,0.12820979073945
25179,0.638167549024597,0.126045676496148,0.183504853400355,0.0522819210789
25180,0.422710624963767,0.057042464479511,0.364961992031043,0.155284918525678
25181,0.109237769522575,0.0848485490663247,0.730802163410181,0.0751115180009191
25182,0.25862285443476,0.265946879979069,0.208968148475094,0.266462117111078
25183,0.359414450307332,0.287913014635152,0.212850567901493,0.139821967156024
25184,0.204766732260682,0.222407445180541,0.402142382562388,0.170683439996388
25185,0.358875663005715,0.185874716720652,0.261118155226071,0.194131465047562
25186,0.234728828936863,0.582142548892323,0.062391506051394,0.12073711611942
25187,0.243529477021658,0.30790408131721,0.156375264997811,0.292191176663321
25188,0.168290556477384,0.131289947052139,0.51420429497524,0.186215201495237
25189,0.348397566836062,0.194409582460095,0.236727930755169,0.220464919948674
25190,0.376075918484723,0.374819994841176,0.0430480930126631,0.206055993661438
25191,0.103686224618788,0.498933186908398,0.205799836383886,0.191580752088928
25192,0.173985916444466,0.354345688212325,0.230489200378406,0.241179194964802
25193,0.394282713200808,0.331434728630154,0.0967233026799489,0.177559255489089
25194,0.262391233261601,0.328029418664368,0.252583173075924,0.156996174998107
25195,0.116982775588932,0.148167392398934,0.436459819419132,0.298390012593002
25196,0.0560375868213357,0.367119302615065,0.179276360598213,0.397566749965387
25197,0.0612663411849934,0.601857019228391,0.0979850023818243,0.238891637204791
25198,0.15883182070653,0.424090799649435,0.0757083991473273,0.341368980496707
25199,0.268521697492044,0.0969071364297735,0.43265591520755,0.201915250870632
25200,0.102260805939687,0.466853263870212,0.0703946127832524,0.360491317406848
25201,0.171403076280998,0.101800973154001,0.288327204534464,0.438468746030537
25202,0.244349162607963,0.115263003268906,0.315478765859822,0.32490906826331
25203,0.382530532905046,0.38367707765489,0.123756113095042,0.110036276345022
25204,0.0716046189567634,0.0805216277509197,0.538146696107649,0.309727057184668
25205,0.11383977330192,0.217345182976335,0.220329764634613,0.448485279087133
25206,0.154248199098871,0.346948883112246,0.226606487784752,0.272196430004131
25207,0.0736325351717103,0.13263529083573,0.201723696194598,0.592008477797962
25208,0.320016291297061,0.192867940540212,0.240810573173372,0.246305194989355
25209,0.162980083755455,0.0467516121597191,0.450724012526372,0.339544291558454
25210,0.155874786759554,0.132677137705432,0.554819525366115,0.156628550168899
25211,0.0506973031982358,0.234502461415871,0.447279298592448,0.267520936793446
25212,0.367431678159196,0.177765523983565,0.156748164107966,0.298054633749273
25213,0.119194477044642,0.13712866460691,0.443370807381443,0.300306050967004
25214,0.168100917314539,0.250334770742758,0.329937971099639,0.251626340843065
25215,0.434179180875759,0.25758285270408,0.166136947486149,0.142101018934012
25216,0.346542206940029,0.370865232362194,0.119309366916996,0.16328319378078
25217,0.446124365498979,0.370511593888105,0.102223350825469,0.0811406897874469
25218,0.33777245901602,0.392848127953611,0.0712935705789398,0.198085842451429
25219,0.247158293667307,0.483675452894012,0.049421975399801,0.219744278038881
25220,0.179836133310746,0.140830770726974,0.43253800241102,0.24679509355126
25221,0.127121132073695,0.624078507159298,0.111441960554091,0.137358400212917
25222,0.142724163641276,0.284659197004172,0.473671551834347,0.0989450875202052
25223,0.193508640011597,0.351822050713758,0.151205690137839,0.303463619136807
25224,0.08776894640399,0.635741146340051,0.10463983333688,0.171850073919079
25225,0.36510609238888,0.097367945525134,0.247173561827711,0.290352400258275
25226,0.621234034233966,0.141859579596742,0.165180425207214,0.0717259609620783
25227,0.0871566730245653,0.64960515731367,0.135874014717866,0.127364154943899
25228,0.097669867839938,0.130406492245369,0.52976953517599,0.242154104738703
25229,0.0856172929341256,0.161670136049327,0.507258811436758,0.245453759579789
25230,0.128303213029346,0.154242076953406,0.603997598285549,0.1134571117317
25231,0.0694410823423737,0.466441099806502,0.237121772266783,0.226996045584341
25232,0.258475400551464,0.375190762361641,0.0798952186372577,0.286438618449637
25233,0.206646063868357,0.418228622618245,0.268744481133578,0.10638083237982
25234,0.214809330604634,0.303654708377048,0.395482093421129,0.0860538675971892
25235,0.464150736334588,0.141231623974174,0.291456656875761,0.103160982815477
25236,0.372233706667354,0.325118820303072,0.189975217226094,0.11267225580348
25237,0.27525576270775,0.497180740542846,0.158251533622433,0.069311963126971
25238,0.243942620387533,0.198589793476815,0.407546998631893,0.149920587503759
25239,0.339641651650192,0.423193797216093,0.119065285674971,0.118099265458744
25240,0.176560820395759,0.211580788619376,0.525561006782752,0.0862973842021132
25241,0.48931152664644,0.258069921713118,0.2006030290895,0.052015522550943
25242,0.138560143623354,0.347125356767635,0.392750513354186,0.121563986254826
25243,0.208618237404973,0.381939445190129,0.311574749948064,0.0978675674568344
25244,0.246852551762254,0.467512811491707,0.187474402990498,0.0981602337555409
25245,0.241858594830901,0.216596990435489,0.476361952670755,0.0651824620628559
25246,0.285100041792006,0.380357822414632,0.267711151653751,0.0668309841396112
25247,0.185298704954935,0.303751484180451,0.365421883305897,0.145527927558718
25248,0.212698704365375,0.378955024011392,0.206898682101166,0.201447589522067
25249,0.17682022829752,0.544591842861336,0.234246251488959,0.044341677352185
25250,0.273416567784725,0.308372813993345,0.303903930359782,0.114306687862148
25251,0.237932293613422,0.277056801139877,0.326268494430896,0.158742410815805
25252,0.607221992582404,0.111567986640946,0.115692790808536,0.165517229968114
25253,0.19746020654483,0.384630199136446,0.110769691867537,0.307139902451188
25254,0.267812663884272,0.237093320698033,0.0541993021997138,0.440894713217982
25255,0.477473611068565,0.212329765486022,0.0503737802973664,0.259822843148047
25256,0.100945821079443,0.743716412599266,0.0831318876006783,0.0722058787206123
25257,0.15868278393887,0.191440974712026,0.446207911490759,0.203668329858345
25258,0.378487004205955,0.131223231811085,0.101873586542304,0.388416177440656
25259,0.188793891441518,0.462966478260505,0.163838145945558,0.18440148435242
25260,0.0560776893227104,0.512784609718961,0.185876734713719,0.24526096624461
25261,0.5497363043516,0.162299223116421,0.186433250255427,0.101531222276552
25262,0.216892267312322,0.314728229275899,0.0743380042804555,0.394041499131323
25263,0.375941453972447,0.152980267289588,0.22428956456173,0.246788714176235
25264,0.110139363970086,0.119996278280371,0.245578038056771,0.524286319692772
25265,0.661759431257191,0.197673131539239,0.0504966045321573,0.0900708326714127
25266,0.0906533909036225,0.586304885610268,0.194909355479705,0.128132368006405
25267,0.092952462485737,0.201169161642153,0.44365757966105,0.26222079621106
25268,0.127465733379415,0.23717159723478,0.554482703160855,0.0808799662249495
25269,0.135351502585066,0.162785159661717,0.100729457598072,0.601133880155145
25270,0.40786701525758,0.165895596018075,0.163099562123841,0.263137826600505
25271,0.0487951036138592,0.254762273415877,0.58439533491927,0.112047288050994
25272,0.148268368157236,0.271166764799495,0.275200811362159,0.30536405568111
25273,0.230065495873245,0.234854292493238,0.244869001339241,0.290211210294276
25274,0.254358845540218,0.174228542318138,0.292734379470361,0.278678232671283
25275,0.478721102707289,0.319018867262421,0.113481940279905,0.0887780897503846
25276,0.2555840458312,0.409803550001645,0.188111640409893,0.146500763757261
25277,0.112132584339393,0.0681104984960528,0.562698323379297,0.257058593785258
25278,0.373706006820888,0.374615828083097,0.0812662791738784,0.170411885922137
25279,0.518281514192002,0.109984327782929,0.034058553588148,0.337675604436921
25280,0.128445885734343,0.0949894698214765,0.704302371466498,0.0722622729776818
25281,0.245135794817863,0.0647137722643763,0.58737941991549,0.102771013002272
25282,0.559765307666933,0.067946640700679,0.124467782594754,0.247820269037635
25283,0.209706375408562,0.0923110855979934,0.347878881285127,0.350103657708318
25284,0.163618843759914,0.565241802032642,0.117694087525075,0.153445266682369
25285,0.455049452306453,0.172307750542493,0.166659874233676,0.205982922917378
25286,0.525941683976396,0.146129788827708,0.129615110036103,0.198313417159793
25287,0.11864047727491,0.61017878651005,0.179368559204972,0.0918121770100684
25288,0.0776877731791874,0.0690116686447885,0.264360012280025,0.588940545895999
25289,0.049373888097084,0.435746389559948,0.212393662845727,0.302486059497241
25290,0.188122171718855,0.429590333370063,0.075799124432338,0.306488370478744
25291,0.451478642366522,0.132248726158618,0.0652831735312237,0.350989457943637
25292,0.129709250478773,0.0556391716948489,0.241016828125799,0.57363474970058
25293,0.0505015676652951,0.348230587849765,0.154340346289224,0.446927498195716
25294,0.111796467002472,0.464569921457898,0.0399541747941141,0.383679436745516
25295,0.0671213166391202,0.0879869893516208,0.320152110344561,0.524739583664698
25296,0.0831111058493998,0.738204578951496,0.036196626024819,0.142487689174285
25297,0.0393543999076181,0.607004032017215,0.0958539979535789,0.257787570121588
25298,0.713405619802664,0.0600157124039582,0.0250729253456814,0.201505742447696
25299,0.527323468288356,0.0912083876425152,0.233475840307561,0.147992303761569
25300,0.236743365261121,0.466117353800602,0.042679151458226,0.254460129480052
25301,0.453186018898015,0.0407622268182768,0.113400905202032,0.392650849081676
25302,0.511368997311151,0.0486441808938473,0.0893762758569527,0.350610545938049
25303,0.0562725099643809,0.602327462932656,0.145890785421925,0.195509241681038
25304,0.0260391991626145,0.0782840168700471,0.606907864739446,0.288768919227893
25305,0.730029491843619,0.0628661012035774,0.062790828492004,0.1443135784608
25306,0.150584945561844,0.329925169924634,0.0329988252199451,0.486491059293577
25307,0.0523166347281631,0.224371396350504,0.0853199070147347,0.637992061906598
25308,0.133925122273853,0.668060580968232,0.0378676216994942,0.160146675058421
25309,0.189264827390842,0.201117535587025,0.27810445826119,0.331513178760944
25310,0.364997547897669,0.387457724054981,0.077860199452762,0.169684528594587
25311,0.393676500749528,0.249750817553037,0.250330835640174,0.106241846057262
25312,0.221812768850618,0.147408461816968,0.536044609982359,0.0947341593500555
25313,0.307091223260253,0.211105267809557,0.280718692873016,0.201084816057174
25314,0.43276415396202,0.197275944424646,0.0887918236110222,0.281168078002312
25315,0.504002991080159,0.212745926584243,0.194046586941889,0.0892044953937091
25316,0.303879447705797,0.215683979596365,0.189830680100874,0.290605892596964
25317,0.239577093006664,0.255904647955136,0.293715358528846,0.210802900509354
25318,0.449481970473201,0.230705679250071,0.178528536388809,0.141283813887918
25319,0.286411336040582,0.516947865332985,0.0841723014392781,0.112468497187155
25320,0.142681949235988,0.185196420792965,0.441455108668619,0.230666521302429
25321,0.103650474904447,0.223978639312295,0.477900328313678,0.19447055746958
25322,0.307629460612829,0.164885282301064,0.425420577946455,0.102064679139653
25323,0.407010677181609,0.123831337037478,0.304275503857804,0.164882481923109
25324,0.239711091182011,0.41827297422917,0.134887251031598,0.20712868355722
25325,0.255322929337473,0.456457696906044,0.0706718820181737,0.217547491738309
25326,0.164588474408186,0.117108973533608,0.383791581740035,0.334510970318172
25327,0.122520839027586,0.431042581972063,0.181925880726119,0.264510698274232
25328,0.120968791812836,0.0441790694322731,0.61949292402277,0.21535921473212
25329,0.308678518450555,0.0387322218532185,0.106275932203857,0.546313327492369
25330,0.0393498206916652,0.203525487942195,0.426359883644501,0.330764807721639
25331,0.186645457952087,0.47868871697206,0.0227602473111435,0.31190557776471
25332,0.246867353808873,0.174657537750087,0.0303667941329354,0.548108314308105
25333,0.0899109757288662,0.257772413287525,0.0503349662918908,0.601981644691719
25334,0.280442192197985,0.370341877406478,0.0173487888947634,0.331867141500774
25335,0.029678988473159,0.293226634488078,0.147510078830314,0.529584298208449
25336,0.0449425653758033,0.24395093972847,0.476653071488864,0.234453423406863
25337,0.0482534656985991,0.0293235903335789,0.390641477616509,0.531781466351313
25338,0.0782690260287063,0.0648467190380262,0.530854363565899,0.326029891367369
25339,0.393830950200752,0.0319355876298886,0.317246199467903,0.256987262701456
25340,0.077921037906801,0.659553489305735,0.0575797177281041,0.204945755059359
25341,0.0295576067829012,0.694952518508463,0.0553799612500189,0.220109913458617
25342,0.0370759431796014,0.199420642877028,0.539135186469545,0.224368227473826
25343,0.167968998213682,0.454928787780363,0.288674379385706,0.0884278346202495
25344,0.191788368611121,0.0900224506845022,0.410356572052544,0.307832608651833
25345,0.0800157166092386,0.26189031502035,0.284220838323697,0.373873130046714
25346,0.340580995147052,0.0274129243502636,0.230985569514359,0.401020510988325
25347,0.550397568853054,0.223485719080897,0.0779202594118299,0.14819645265422
25348,0.444112579159171,0.117578933187088,0.124243863534907,0.314064624118835
25349,0.0983044077709488,0.147421603864765,0.619051041223875,0.135222947140411
25350,0.570099140329875,0.183142839288834,0.0743969136898582,0.172361106691433
25351,0.230699717109699,0.112082797594204,0.357862063555427,0.299355421740669
25352,0.3342562461005,0.0869313334451523,0.076360895201986,0.502451525252362
25353,0.165904771370908,0.0722803918751829,0.305374156648436,0.456440680105474
25354,0.591339089178269,0.0749492692107448,0.236926928587739,0.0967847130232474
25355,0.0767043926546779,0.455863406762435,0.0561648922074814,0.411267308375406
25356,0.0710000478890866,0.199818894128831,0.106868938501136,0.622312119480947
25357,0.147125301477071,0.406987912213292,0.319061907751232,0.126824878558404
25358,0.374614236916557,0.163137060660241,0.253295284755576,0.208953417667627
25359,0.441465717691832,0.0652042631817406,0.383552399510138,0.109777619616289
25360,0.107200149266107,0.133799748900055,0.447795376424444,0.311204725409394
25361,0.345077779160308,0.096307044220938,0.374739062558783,0.183876114059972
25362,0.0619067602403187,0.0599994503753714,0.611605414280657,0.266488375103653
25363,0.11713109943997,0.152784680154449,0.257018612320381,0.4730656080852
25364,0.0798581705799835,0.0681026448002839,0.610594017319296,0.241445167300437
25365,0.390617796295374,0.0345966761646176,0.12310275765137,0.451682769888638
25366,0.188379864598594,0.327310144275148,0.308019239134283,0.176290751991975
25367,0.111996095792346,0.443861557436705,0.322760314895096,0.121382031875853
25368,0.338661973349057,0.495650103456287,0.0991042136517973,0.0665837095428591
25369,0.311809103660048,0.188100708991023,0.384241852985543,0.115848334363387
25370,0.249326359212305,0.264716835533653,0.341057793842213,0.14489901141183
25371,0.181211767910193,0.575058778571822,0.157018953722218,0.0867104997957674
25372,0.497891964810995,0.0721902971179766,0.352409184347409,0.077508553723619
25373,0.153387143146075,0.374634012718438,0.330082129864975,0.141896714270512
25374,0.142399605337633,0.346209743866985,0.41906756902126,0.0923230817741223
25375,0.251048721021978,0.477943933489202,0.157834772046271,0.113172573442549
25376,0.232339641490449,0.219501678602564,0.392195521028367,0.15596315887862
25377,0.211080034937081,0.366221357056726,0.305342455658851,0.117356152347343
25378,0.309441796228792,0.204297468444019,0.385953051888889,0.1003076834383
25379,0.292181620419127,0.42893488512863,0.185426173565354,0.0934573208868891
25380,0.251567941774685,0.374614421448784,0.226980196536905,0.146837440239626
25381,0.18124377675473,0.375679783025176,0.155535800611459,0.287540639608635
25382,0.459847577207727,0.164744001822023,0.22644461102104,0.148963809949211
25383,0.0959589909963593,0.580909768557352,0.239015996995088,0.0841152434512008
25384,0.210571913874832,0.270059536290121,0.366323093710588,0.153045456124459
25385,0.118575345347316,0.152156841029946,0.526711358374029,0.202556455248709
25386,0.359497979561708,0.216852601656349,0.141385827230297,0.282263591551645
25387,0.332969812606307,0.160694966306083,0.206370178907197,0.299965042180413
25388,0.242743546250575,0.299524639749367,0.316626893638157,0.141104920361901
25389,0.257723929695116,0.284438275025906,0.218499702016362,0.239338093262616
25390,0.169868609939439,0.22912164648125,0.479921693536824,0.121088050042486
25391,0.182464756567536,0.264490490890093,0.296617611489634,0.256427141052737
25392,0.24409892942168,0.13361892049843,0.440840525774273,0.181441624305617
25393,0.12558033815646,0.430973705603336,0.242471348466201,0.200974607774003
25394,0.174791992430305,0.245690781768762,0.497982308033696,0.0815349177672376
25395,0.12919401639661,0.256020619554507,0.345370267679232,0.269415096369651
25396,0.166126205499437,0.485897754167744,0.206979807424387,0.140996232908432
25397,0.144066040920148,0.230682065805017,0.484724541088818,0.140527352186017
25398,0.227631603045521,0.161270060899184,0.363231421018131,0.247866915037164
25399,0.218774846986977,0.249885805832076,0.261897993727545,0.269441353453401
25400,0.115073962772565,0.32525443088945,0.333410062492305,0.22626154384568
25401,0.300456770265106,0.224226129824418,0.267674950870635,0.207642149039841
25402,0.373582650747841,0.13622358622563,0.233874648411005,0.256319114615524
25403,0.163981042079066,0.314487810382222,0.353702974527499,0.167828173011213
25404,0.409875754290019,0.229207659731398,0.160927105970678,0.199989480007905
25405,0.52802865400312,0.218661700656271,0.16230490532906,0.0910047400115485
25406,0.142142886841858,0.374191837964698,0.229693554868812,0.253971720324633
25407,0.207527981671069,0.116431398774032,0.454616092697168,0.221424526857731
25408,0.236647696515242,0.444179351740059,0.0995835671458178,0.219589384598882
25409,0.228113998561618,0.111526341834564,0.569141864585918,0.0912177950179004
25410,0.0409544431448449,0.32367941931354,0.490609987536205,0.14475615000541
25411,0.208227593006714,0.194009541985302,0.167840335054921,0.429922529953063
25412,0.60428119247817,0.171022204720966,0.113620142414858,0.111076460386007
25413,0.723518864530446,0.109632980435564,0.108941327426928,0.0579068276070609
25414,0.111762236882152,0.107143918873542,0.668026155286335,0.113067688957972
25415,0.0821289286554912,0.235464586688129,0.414670882565077,0.267735602091303
25416,0.218958147546824,0.309375523468435,0.296173302701738,0.175493026283003
25417,0.100396633803078,0.209941975803642,0.619909617364733,0.0697517730285468
25418,0.0630775358531969,0.643880967310391,0.10313671946219,0.189904777374222
25419,0.151783310750534,0.284084939427091,0.508294368341142,0.0558373814812321
25420,0.120124762081475,0.353165451677312,0.25333600558316,0.273373780658053
25421,0.387342613724572,0.32093580273623,0.235684863517518,0.0560367200216807
25422,0.439182197287715,0.154083137726003,0.0752034868332102,0.331531178153071
25423,0.425299168595872,0.0696289908379946,0.301256071871177,0.203815768694956
25424,0.154831977831515,0.154232370533895,0.500919006845898,0.190016644788692
25425,0.154708890435648,0.0970985524096713,0.521792062198059,0.226400494956622
25426,0.216533208088819,0.529446855639846,0.0599693678338027,0.194050568437533
25427,0.119858934589108,0.24150080784616,0.344903216275945,0.293737041288787
25428,0.0755622824647341,0.0410738628958552,0.569662197487386,0.313701657152025
25429,0.334603131972203,0.0666307568853435,0.303048316452349,0.295717794690104
25430,0.547818294149438,0.0764144092398826,0.20810043583624,0.167666860774439
25431,0.0690491921559402,0.583665932824203,0.179275675342844,0.168009199677012
25432,0.229671410317965,0.11770435772786,0.27516351745217,0.377460714502005
25433,0.0428408253774156,0.0678803846453282,0.546556586922474,0.342722203054783
25434,0.374480535874321,0.0939009384818993,0.266328264616344,0.265290261027436
25435,0.386361197106925,0.332395628565066,0.103347476413704,0.177895697914305
25436,0.0978340855384721,0.595662994901083,0.0318029265175767,0.274699993042868
25437,0.426770529319811,0.26032199384765,0.116662002670633,0.196245474161906
25438,0.203994101878385,0.202446143605814,0.439791069310704,0.153768685205097
25439,0.127562057186281,0.0622833756407328,0.517234903291511,0.292919663881476
25440,0.0648438924845464,0.0475468931283237,0.615845977814041,0.271763236573089
25441,0.368207730618897,0.216700797803074,0.148251170783276,0.266840300794753
25442,0.0928421489547142,0.100496988661849,0.636800358040455,0.169860504342981
25443,0.41953908351151,0.237311914597285,0.138018948844119,0.205130053047086
25444,0.0909960573507553,0.252211681540381,0.389295769806963,0.267496491301901
25445,0.163266084277622,0.544409792558928,0.129957380480815,0.162366742682635
25446,0.434383749404591,0.210263620236699,0.116012311467937,0.239340318890774
25447,0.18525754360302,0.381293101031691,0.133972974671476,0.299476380693813
25448,0.334258644160992,0.360688617817034,0.0851973014189334,0.21985543660304
25449,0.117984569731163,0.43182641379198,0.159936101494187,0.290252914982671
25450,0.518935046930123,0.218866746525364,0.167213106211836,0.0949851003326771
25451,0.283532312508748,0.473133721098279,0.169673309658939,0.0736606567340351
25452,0.545132773562112,0.239861675204022,0.0573821540103408,0.157623397223525
25453,0.126444235824649,0.174668100088963,0.260060442376685,0.438827221709704
25454,0.310427830770891,0.159824649990431,0.373283141474429,0.156464377764249
25455,0.32220335220375,0.195010536443625,0.178068846278612,0.304717265074013
25456,0.198443764398771,0.194759536800169,0.26894625673385,0.337850442067211
25457,0.113243749586383,0.170214984639704,0.551540320559183,0.165000945214729
25458,0.486559241916225,0.200188764656417,0.163563223487655,0.149688769939703
25459,0.684186653527868,0.0893622091869167,0.160759726946121,0.0656914103390937
25460,0.101794421734488,0.249473407267991,0.534880123374706,0.113852047622814
25461,0.0424381130271263,0.0859161580364559,0.449329599624401,0.422316129312017
25462,0.138433866274278,0.378445291990146,0.0392644222645717,0.443856419471004
25463,0.388388251302812,0.0742522818243961,0.188372765018113,0.34898670185468
25464,0.0267579818694736,0.482954870726046,0.184363252315811,0.30592389508867
25465,0.724351745408585,0.128897976063158,0.057891342149561,0.0888589363786966
25466,0.0773337351395193,0.151097651129551,0.646395520549904,0.125173093181025
25467,0.172312445866949,0.208333147432176,0.0675541116705053,0.55180029503037
25468,0.10513831907579,0.370445512359191,0.212352126173547,0.312064042391473
25469,0.148648039213816,0.538716700693898,0.0408712903256028,0.271763969766683
25470,0.100413235934641,0.143228592255746,0.632184560341429,0.124173611468184
25471,0.0360701526251292,0.424598347661963,0.0380897160939841,0.501241783618923
25472,0.149446131939221,0.171626044873505,0.1691109096649,0.509816913522374
25473,0.372476020544231,0.117725236450572,0.222996724456464,0.286802018548732
25474,0.152453842446922,0.5221982670936,0.0370138322943044,0.288334058165174
25475,0.087233119266639,0.577335269568472,0.092342801012898,0.243088810151991
25476,0.229745888660825,0.371422345288072,0.0239461211548838,0.37488564489622
25477,0.109732463306903,0.116094254430972,0.319968695561818,0.454204586700306
25478,0.0741493392839014,0.357098791078486,0.0315504418394248,0.537201427798188
25479,0.0265607435406029,0.0244754681824153,0.810955000590992,0.13800878768599
25480,0.244432795202332,0.119535054144321,0.297247902444029,0.338784248209318
25481,0.184866977350185,0.566319422356274,0.0835879231392542,0.165225677154287
25482,0.319402941941836,0.232437642879787,0.298320300577338,0.149839114601039
25483,0.196152610643883,0.361318466677691,0.314468861294776,0.12806006138365
25484,0.192566020169382,0.114930436807133,0.31362664883401,0.378876894189475
25485,0.467678066735865,0.233414820466203,0.14026657647407,0.158640536323862
25486,0.174172683505576,0.231179970389653,0.401460776757453,0.193186569347318
25487,0.221941553096838,0.191153287917936,0.151925997076105,0.43497916190912
25488,0.248728034423459,0.15817661710008,0.187619056841982,0.405476291634479
25489,0.246064935715559,0.325158584169441,0.195769375232705,0.233007104882296
25490,0.159673289670548,0.168012899939025,0.536649349013002,0.135664461377425
25491,0.128713459321253,0.309092990958903,0.13727044417325,0.424923105546594
25492,0.395794097257826,0.212525069319033,0.232803093901284,0.158877739521857
25493,0.0998209605244536,0.0989910282114579,0.365118930420278,0.436069080843811
25494,0.349572638404409,0.331054775503946,0.102349605126115,0.217022980965531
25495,0.393590312893194,0.121909783400816,0.250019520762938,0.234480382943052
25496,0.0906591278495363,0.208437484254611,0.59824484928239,0.102658538613462
25497,0.109583228956791,0.114051477413002,0.64114337470729,0.135221918922917
25498,0.529988279074552,0.107525270044151,0.125338478943074,0.237147971938223
25499,0.133097779756879,0.142954305437184,0.4615912301062,0.262356684699736
25500,0.551615234509925,0.0941143547032837,0.191931206118565,0.162339204668227
25501,0.141422084311267,0.36854544611573,0.247016955079945,0.243015514493058
25502,0.36794783727409,0.104978123246653,0.364615223666643,0.162458815812615
25503,0.0972969640513409,0.120450848637107,0.498445479496174,0.283806707815378
25504,0.223006641777792,0.561638153442052,0.0819080916704956,0.13344711310966
25505,0.15654181672725,0.3372761811977,0.234255615639407,0.271926386435643
25506,0.163900891411363,0.150660164001746,0.382523692578073,0.302915252008819
25507,0.120193495361811,0.244154529127588,0.09431866130748,0.541333314203121
25508,0.0539468383065533,0.591599880998922,0.253840369044173,0.100612911650352
25509,0.401383570967811,0.109271253176225,0.214204951739828,0.275140224116136
25510,0.194066976216974,0.173771429435719,0.305179670261647,0.326981924085659
25511,0.524750923661917,0.0887235747192447,0.114052567449862,0.272472934168976
25512,0.402735723763968,0.148149679995114,0.229195919729498,0.21991867651142
25513,0.106790275558159,0.198407404651172,0.148477302704283,0.546325017086386
25514,0.148914966031382,0.23267015708918,0.365664500757489,0.25275037612195
25515,0.0749793795937494,0.430819076530172,0.102822522594238,0.391379021281841
25516,0.108921362806752,0.534376944946293,0.0623763465259576,0.294325345720998
25517,0.278114774164264,0.193778532003405,0.14071250857675,0.387394185255582
25518,0.374009954121598,0.257907775677454,0.211395191164913,0.156687079036034
25519,0.149184172505702,0.44562494456521,0.269985735989441,0.135205146939647
25520,0.1752139892378,0.295576127702909,0.419263485211558,0.109946397847733
25521,0.322765676387878,0.323601176755152,0.104574087606165,0.249059059250805
25522,0.0900002421216516,0.589954876304538,0.10603762637281,0.214007255201001
25523,0.645065649355325,0.0911816786782514,0.0930060804313569,0.170746591535067
25524,0.159412200585135,0.262972589843502,0.351939236426998,0.225675973144365
25525,0.445585670237334,0.189824341391821,0.106892702389294,0.257697285981551
25526,0.228683721705414,0.530962878764548,0.0748740310472177,0.165479368482821
25527,0.389272870219595,0.220996787528527,0.160196347154858,0.229533995097021
25528,0.473319229749746,0.103827977631865,0.284120314092952,0.138732478525438
25529,0.450790899266807,0.128548631083757,0.237241618177708,0.183418851471728
25530,0.170780054902913,0.516054543092999,0.108754137955382,0.204411264048706
25531,0.0440177146348086,0.197006636701013,0.68731115730119,0.0716644913629876
25532,0.142533115400942,0.511235190751898,0.228363974737173,0.117867719109987
25533,0.31691079376937,0.123127465190722,0.435290603245279,0.124671137794629
25534,0.0802975472769356,0.564816871718989,0.16013142324951,0.194754157754566
25535,0.266206274427532,0.447370763447559,0.0621965430233087,0.224226419101601
25536,0.0641037111733222,0.35819717495708,0.39406674345095,0.183632370418648
25537,0.0929072075300221,0.179835592357073,0.332226411982729,0.395030788130176
25538,0.475971905032863,0.121365821887815,0.186350335589181,0.21631193749014
25539,0.523538138899412,0.196181996499526,0.163967645568934,0.116312219032128
25540,0.0972510504943805,0.100690322457941,0.672539403016198,0.129519224031481
25541,0.423371145079187,0.290332361577048,0.195792487547128,0.0905040057966367
25542,0.113019153686606,0.4181613597093,0.100706787451773,0.36811269915232
25543,0.27099180775311,0.128319927406286,0.38922576285628,0.211462501984324
25544,0.30455641580499,0.3938997524214,0.0321378159938873,0.269406015779723
25545,0.325532162560384,0.142902681230272,0.300005826233156,0.231559329976188
25546,0.275945876803537,0.517849145563825,0.068789031983256,0.137415945649382
25547,0.103566667001417,0.211345149665755,0.534536043928626,0.150552139404202
25548,0.142739222017995,0.19334069032086,0.295717009631154,0.368203078029991
25549,0.0903467652620286,0.0796875534997641,0.478959063898217,0.35100661733999
25550,0.202729341765437,0.0844886963908121,0.0824923822777717,0.63028957956598
25551,0.200804775475388,0.143761217500048,0.157074293521977,0.498359713502587
25552,0.150031205013598,0.372231796422908,0.177227749585543,0.300509248977951
25553,0.117953628795618,0.559271228966355,0.162016969939877,0.16075817229815
25554,0.0602556323850869,0.642812196515917,0.10776094630055,0.189171224798446
25555,0.468955735616842,0.124597534013035,0.0518489265453616,0.354597803824762
25556,0.207603534383013,0.594524097877358,0.121924962154513,0.0759474055851163
25557,0.403606266093923,0.355102667879453,0.153980347238736,0.0873107187878883
25558,0.533077073517524,0.13931686411224,0.107793441647125,0.219812620723111
25559,0.663229111342137,0.117486611610072,0.155378911280929,0.0639053657668615
25560,0.335880540671356,0.393139631529793,0.0925715477858063,0.178408280013045
25561,0.16388640046631,0.47370244012239,0.124794908152558,0.237616251258742
25562,0.189053425728835,0.194258449396948,0.379024244705402,0.237663880168815
25563,0.501200065996749,0.173188373620614,0.214887300110357,0.11072426027228
25564,0.0756703900484062,0.160412755091609,0.657025570809839,0.106891284050146
25565,0.373093853870866,0.0587330198500268,0.249947204940152,0.318225921338955
25566,0.084841312048581,0.403622804039605,0.119133367875215,0.392402516036599
25567,0.0474383750629262,0.442206530708568,0.288674025530541,0.221681068697964
25568,0.518987673789,0.268609829900805,0.145593856109116,0.0668086402010787
25569,0.400863173799733,0.160299125019632,0.370788324076301,0.0680493771043337
25570,0.340263575390118,0.132437042965658,0.291532601245069,0.235766780399156
25571,0.224207026423594,0.137422169647862,0.141384873979303,0.496985929949242
25572,0.578158244658131,0.0810826412852338,0.134424377536609,0.206334736520026
25573,0.152694338446414,0.675232610331148,0.0997086290055755,0.0723644222168626
25574,0.139779732770523,0.076452347168022,0.515286472458953,0.268481447602503
25575,0.503028221224191,0.112684939660959,0.298806604899023,0.0854802342158277
25576,0.376371876614202,0.149575089027051,0.334690341708247,0.139362692650501
25577,0.43939724108255,0.107873233877759,0.214359688463379,0.238369836576312
25578,0.430908003176987,0.308271176506365,0.0941750812588572,0.16664573905779
25579,0.623298075882908,0.168285886229397,0.0901563798753326,0.118259658012362
25580,0.28427798912243,0.364694313653155,0.153141045194528,0.197886652029887
25581,0.475421666290953,0.194331579626651,0.0742914466464838,0.255955307435913
25582,0.113520854501819,0.179096145969912,0.144794774162509,0.56258822536576
25583,0.526606369209646,0.0736567198795873,0.323303435282932,0.0764334756278349
25584,0.263143978241915,0.299489252059736,0.130882655361983,0.306484114336365
25585,0.15264996490019,0.342209876704375,0.1101802268117,0.394959931583736
25586,0.118189255510438,0.221081293071969,0.602510036682081,0.0582194147355123
25587,0.633727692075567,0.165347038322834,0.112185344306669,0.0887399252949303
25588,0.267287226092066,0.158491478559079,0.225779116507788,0.348442178841068
25589,0.528504176046995,0.238754125682228,0.113200059298214,0.119541638972564
25590,0.189990614745394,0.271139645972268,0.0908169557597515,0.448052783522587
25591,0.183481767156248,0.38554384394022,0.118036197515904,0.312938191387628
25592,0.347742258302741,0.513486256041837,0.0385556450916013,0.10021584056382
25593,0.182900897025819,0.435026930525697,0.214392968503718,0.167679203944766
25594,0.275193131870001,0.323789826039277,0.183864880209576,0.217152161881145
25595,0.399723242478442,0.347155238385015,0.109298669377391,0.143822849759153
25596,0.0591535941206108,0.0317552998587743,0.754205261009872,0.154885845010743
25597,0.366711959876983,0.152513214258881,0.105375255177654,0.375399570686482
25598,0.278022424153914,0.341096542488521,0.112744146455706,0.268136886901859
25599,0.183061455900459,0.0968480618961336,0.507899455225086,0.212191026978322
25600,0.126401144535447,0.0951324024838759,0.623400826443893,0.155065626536785
25601,0.529916954803279,0.0465901963266979,0.340837583374266,0.0826552654957569
25602,0.243879259095102,0.0588387718192089,0.147847669334603,0.549434299751086
25603,0.647477562323399,0.156580051246082,0.104080474832399,0.0918619115981203
25604,0.0749920085462063,0.736291248837897,0.147519753870078,0.0411969887458191
25605,0.0474976031643885,0.053236159194075,0.237907740092459,0.661358497549077
25606,0.0756568913946624,0.744364283775163,0.0957196450448051,0.0842591797853698
25607,0.423920142732576,0.26996688787095,0.0753673350295006,0.230745634366974
25608,0.0814163670921487,0.238538839286315,0.229404965068874,0.450639828552663
25609,0.719547133699571,0.0941465184412658,0.0649264147560829,0.121379933103081
25610,0.310932961096219,0.113294624297018,0.140821292416633,0.43495112219013
25611,0.10296664047284,0.264107435422697,0.449073525179298,0.183852398925165
25612,0.10575147025765,0.213177788627619,0.595328613780895,0.085742127333837
25613,0.481651185849694,0.155155185981684,0.224258311348124,0.138935316820499
25614,0.389561508381272,0.221277208415676,0.17240714743426,0.216754135768792
25615,0.256300053315705,0.381135981544452,0.238668675551357,0.123895289588486
25616,0.110723452846654,0.337086261923854,0.340672203341249,0.211518081888243
25617,0.546524553989123,0.132601846098953,0.246655993631001,0.0742176062809233
25618,0.148626350844253,0.206629890712009,0.540290089620948,0.104453668822791
25619,0.184534670791154,0.0773946628687278,0.547926603121516,0.190144063218602
25620,0.174497695333374,0.0940267650489927,0.492492896050567,0.238982643567067
25621,0.160961585942158,0.0627869610693238,0.660488572609388,0.11576288037913
25622,0.280708826168721,0.163483599986674,0.364614371479203,0.191193202365403
25623,0.176516597134032,0.478001686847078,0.153609006774848,0.191872709244042
25624,0.281566595233385,0.21924243897202,0.258729299136751,0.240461666657843
25625,0.145751381625027,0.230101427956103,0.241029248614625,0.383117941804246
25626,0.212972469270963,0.503521664052267,0.120614474597034,0.162891392079736
25627,0.258587636459658,0.351389053710767,0.18348795514781,0.206535354681764
25628,0.128168088621532,0.426537301354671,0.267445587373209,0.177849022650588
25629,0.313319531207364,0.417194763056357,0.201039018791308,0.0684466869449719
25630,0.246091623176415,0.497492161331139,0.0790717734808273,0.177344442011618
25631,0.191324321035074,0.207775158012346,0.406780373323686,0.194120147628894
25632,0.172940851402559,0.447267916574259,0.272627432163571,0.107163799859612
25633,0.0693458398602124,0.224897132472049,0.315692136638789,0.39006489102895
25634,0.51259703696445,0.147165917577673,0.149790876862442,0.190446168595435
25635,0.653330191476309,0.100632040896395,0.0519827582078447,0.194055009419451
25636,0.354748677351776,0.186951174900089,0.180023749469426,0.278276398278709
25637,0.317521993715802,0.16490329495837,0.234716078861305,0.282858632464523
25638,0.245630864180676,0.201794386075931,0.0582886145701316,0.494286135173261
25639,0.182941335592115,0.508962728807591,0.0891667904491954,0.218929145151099
25640,0.257607586028542,0.0779432602770056,0.236224255567353,0.4282248981271
25641,0.229310839377816,0.257838015715319,0.304811363483143,0.208039781423723
25642,0.0243672868505029,0.609649571242974,0.123373448840023,0.2426096930665
25643,0.175291549415226,0.63121157080989,0.0622000180179757,0.131296861756909
25644,0.64407542226451,0.0637133687707775,0.101840700105798,0.190370508858914
25645,0.046634754008412,0.793150602418704,0.0589409123329281,0.101273731239956
25646,0.182051057348347,0.0705355058420978,0.644516895868232,0.102896540941323
25647,0.136130699424444,0.135987045541414,0.392909445996399,0.334972809037743
25648,0.208201841722088,0.0865231213505833,0.402308233835541,0.302966803091789
25649,0.17496551069557,0.585330573570126,0.105091015477424,0.13461290025688
25650,0.0529862928304433,0.0657671128769044,0.578314081575029,0.302932512717623
25651,0.428674369643168,0.326126377055803,0.160463525115961,0.0847357281850682
25652,0.428217471122175,0.171789430359176,0.0774899283765582,0.32250317014209
25653,0.221047918982658,0.298558789316201,0.25841620854058,0.221977083160562
25654,0.0891287692835764,0.457104733702111,0.224716463496163,0.22905003351815
25655,0.0900704797579843,0.0871037250548561,0.631437459624595,0.191388335562564
25656,0.403253301105071,0.213173773266444,0.091012425465862,0.292560500162623
25657,0.156675920944114,0.465999703943801,0.21490985021764,0.162414524894446
25658,0.233430575663964,0.56166011772027,0.0615158948945888,0.143393411721177
25659,0.629545060667744,0.117318291366904,0.139877973407703,0.113258674557649
25660,0.096224539780084,0.65015259871591,0.136977210685226,0.11664565081878
25661,0.108685742608929,0.0476002797100738,0.273610151792564,0.570103825888434
25662,0.274023037307417,0.444751547363278,0.0320713061813611,0.249154109147944
25663,0.114843412697647,0.0891024431525048,0.199579652227213,0.596474491922636
25664,0.0662448197809248,0.511550250273261,0.199246935352194,0.22295799459362
25665,0.0512282761408053,0.265263298416335,0.24693725435602,0.43657117108684
25666,0.0954889084299414,0.171097592260696,0.154669839033688,0.578743660275675
25667,0.674447328995715,0.118257369284142,0.0982183742838334,0.109076927436309
25668,0.176205933924872,0.156740937427599,0.0386127417208024,0.628440386926727
25669,0.0543154289328587,0.452170319303876,0.152948023774999,0.340566227988267
25670,0.488078100406039,0.256135100782844,0.169483344165149,0.0863034546459679
25671,0.199627151556715,0.440957273398024,0.285762492907282,0.0736530821379789
25672,0.05071223713954,0.505789109054849,0.184055815340642,0.259442838464969
25673,0.0669607905369836,0.539670825074408,0.133920348673838,0.259448035714771
25674,0.412133553559591,0.215699699445786,0.175359767402993,0.19680697959163
25675,0.296533941148681,0.162006165001329,0.32802538112114,0.21343451272885
25676,0.157396898469242,0.624914038749108,0.113703463875057,0.103985598906593
25677,0.497985480153535,0.28189673579891,0.0488098780097273,0.171307906037828
25678,0.149610287297637,0.365887348044727,0.287777465957534,0.196724898700102
25679,0.150177275926984,0.564472156371589,0.068546253453473,0.216804314247954
25680,0.0729855966979876,0.663229390316314,0.171599215640134,0.0921857973455641
25681,0.108238469999827,0.428584607475427,0.162786027562707,0.300390894962039
25682,0.199134115883094,0.243567958367442,0.162888881529654,0.39440904421981
25683,0.346794225893707,0.330576589721484,0.212342256728361,0.110286927656448
25684,0.0345041426477679,0.526325695313572,0.118840182250921,0.320329979787739
25685,0.0748505092574972,0.450834166260826,0.100229167136534,0.374086157345143
25686,0.0859958658654741,0.311012867635337,0.27363836140538,0.32935290509381
25687,0.161869311499652,0.671398197133086,0.0695110290637311,0.0972214623035305
25688,0.151866403930769,0.411998138210151,0.334285640198772,0.101849817660308
25689,0.639849127704826,0.139089321734356,0.162702477195107,0.0583590733657109
25690,0.141487938161539,0.572253638855807,0.215497150214854,0.0707612727678002
25691,0.173965686057667,0.165999541885517,0.611318749671529,0.0487160223852872
25692,0.38485571768429,0.270845289381576,0.116817549709685,0.227481443224449
25693,0.162187925460916,0.465678282201197,0.289943964827547,0.08218982751034
25694,0.459997963717858,0.125010552294356,0.215719321030232,0.199272162957555
25695,0.410341194420199,0.31353261534447,0.141757495604756,0.134368694630575
25696,0.164051824574182,0.482402013126566,0.286621082310716,0.0669250799885365
25697,0.108502709272929,0.238863657978463,0.558345166178431,0.0942884665701768
25698,0.161496266563967,0.461324075904029,0.232658226278978,0.144521431253026
25699,0.251833635690355,0.185997108773113,0.395771612883415,0.166397642653117
25700,0.198514201357228,0.22028077310701,0.462145897599927,0.119059127935835
25701,0.205432201680911,0.59482438735256,0.128985070979154,0.0707583399873751
25702,0.140965476149365,0.357940774649017,0.408049639409826,0.0930441097917918
25703,0.217880220817264,0.473147486987735,0.155500111987078,0.153472180207923
25704,0.645793085391781,0.136201677002046,0.130113490935809,0.0878917466703631
25705,0.100306589751735,0.266339151011353,0.521735137436508,0.111619121800405
25706,0.554356898143139,0.212724238450443,0.140967850826794,0.0919510125796243
25707,0.342170642549808,0.41084290633267,0.128635754819669,0.118350696297854
25708,0.390447103349486,0.0743533109916813,0.464344826886325,0.0708547587725079
25709,0.266381364419408,0.266705595884343,0.385413095842949,0.0814999438533001
25710,0.1848100476279,0.188830407407936,0.501932627209059,0.124426917755105
25711,0.41168540387288,0.142575430192279,0.348716447269751,0.0970227186650908
25712,0.400144199114032,0.272773219656357,0.155680983727436,0.171401597502175
25713,0.358271620373913,0.261440494132815,0.325596139351072,0.0546917461422004
25714,0.475009166297568,0.146823796754765,0.23894193463725,0.139225102310418
25715,0.327389011827975,0.297844496195523,0.312264844150526,0.0625016478259761
25716,0.23550619485235,0.234713737009061,0.387326954268394,0.142453113870195
25717,0.124092153028391,0.50995989520158,0.177900473629324,0.188047478140705
25718,0.475143701160795,0.154377380895395,0.139277222991087,0.231201694952724
25719,0.39347573577517,0.351417637748179,0.185332207383964,0.069774419092687
25720,0.175924676304956,0.266551678093609,0.36352777699747,0.193995868603965
25721,0.273534202513408,0.153815047369391,0.494721598577592,0.0779291515396091
25722,0.212497703534016,0.289887660462976,0.0949830628967793,0.402631573106228
25723,0.145161121826733,0.18018096445561,0.572519186870149,0.102138726847507
25724,0.248222178230173,0.148849256019951,0.335964940388325,0.266963625361551
25725,0.223216316695464,0.288780956061236,0.411940863921559,0.0760618633217406
25726,0.305645937468844,0.295158213496447,0.20440852897682,0.194787320057889
25727,0.133492174408161,0.241438590023244,0.516734969979638,0.108334265588957
25728,0.190576525323873,0.285989716871382,0.299421281291254,0.224012476513491
25729,0.294801290564713,0.211637070161731,0.397748635605333,0.0958130036682224
25730,0.669680994842093,0.13344529953087,0.1559835052132,0.0408902004138371
25731,0.426437250071772,0.0571819551650238,0.377193226307415,0.139187568455789
25732,0.0876087662568812,0.0968124141513372,0.758453304718338,0.0571255148734436
25733,0.276796968513734,0.253554523643946,0.221092064115631,0.24855644372669
25734,0.353600211980126,0.327090595738538,0.203454389482384,0.115854802798952
25735,0.153316318158231,0.256100883167283,0.441378927371696,0.14920387130279
25736,0.333452632125902,0.195061996253947,0.307710999776393,0.163774371843758
25737,0.204443174368373,0.649083060977531,0.05418308688371,0.0922906777703855
25738,0.259596723881617,0.305157972160929,0.151426091740999,0.283819212216455
25739,0.153800456591983,0.125290460241275,0.534532812421404,0.186376270745337
25740,0.398938575391816,0.236693084235705,0.191115830593883,0.173252509778595
25741,0.415597377864123,0.386615092881423,0.0411898991873288,0.156597630067126
25742,0.0729208221433889,0.633640705065674,0.159014095436885,0.134424377354052
25743,0.139864452535714,0.388492067992164,0.225862699718039,0.245780779754083
25744,0.476323845271611,0.303978202590785,0.0999755764278528,0.119722375709751
25745,0.195466767741941,0.473533133331903,0.217716410904768,0.113283688021388
25746,0.769540704917237,0.0733840662454561,0.1173947682605,0.0396804605768071
25747,0.604483421650537,0.198520611167893,0.0923406170949418,0.104655350086629
25748,0.0912458517104261,0.564622948848671,0.104041095092952,0.240090104347951
25749,0.544507893101949,0.174745630450383,0.11514990716545,0.165596569282218
25750,0.191970963684516,0.0971230492677902,0.618346088268067,0.0925598987796268
25751,0.135013144941704,0.196385241384228,0.560964799084649,0.107636814589419
25752,0.235476568505192,0.117764311517433,0.195371482406023,0.451387637571352
25753,0.519427382902491,0.0970330510498502,0.229712778197645,0.153826787850014
25754,0.673834517460063,0.0773700483663696,0.10623708412067,0.142558350052897
25755,0.218773593168802,0.0571574680659361,0.158917261673962,0.5651516770913
25756,0.251827620168149,0.622008915016495,0.0586170745087249,0.067546390306632
25757,0.271871325105715,0.0855775821757458,0.0965577138761787,0.545993378842361
25758,0.141543392742378,0.0605711786857378,0.345804597825402,0.452080830746482
25759,0.323477043070774,0.47253282360065,0.0743453316484279,0.129644801680148
25760,0.675725185007346,0.117478475323425,0.126468551280401,0.080327788388828
25761,0.113703140985775,0.369924227245004,0.108131449667999,0.408241182101223
25762,0.145920336183444,0.491402181143857,0.119348135860635,0.243329346812064
25763,0.364800077626597,0.197795005895704,0.182347601910514,0.255057314567185
25764,0.347165958406944,0.0845896572285479,0.231291970456613,0.336952413907894
25765,0.313729972825605,0.114040100859182,0.330250308912356,0.241979617402857
25766,0.105285221252155,0.567457036716145,0.196414841508964,0.130842900522736
25767,0.405101473586318,0.259756794068956,0.0760655182458183,0.259076214098908
25768,0.331024032415915,0.218544106113873,0.110631815523837,0.339800045946375
25769,0.492858774536512,0.24972079236465,0.132717376551818,0.12470305654702
25770,0.238419436578519,0.145177719387306,0.270209990558596,0.346192853475579
25771,0.0760747816684892,0.601435472692464,0.199843768498001,0.122645977141045
25772,0.115799228247478,0.334640695059235,0.159811944960464,0.389748131732823
25773,0.482964727655777,0.104856041740085,0.0570138369390198,0.355165393665119
25774,0.147839291572314,0.24936955471761,0.526657315468481,0.0761338382415947
25775,0.327730097818479,0.106707222062808,0.485439560736666,0.0801231193820462
25776,0.269622083752678,0.0651035139269258,0.226347888863185,0.438926513457211
25777,0.0904981459139595,0.133692607978833,0.684395400588944,0.0914138455182634
25778,0.2516182591967,0.494267052564425,0.0734387387235497,0.180675949515326
25779,0.230849922253968,0.327279406826748,0.0906585478205933,0.35121212309869
25780,0.104217755889573,0.303607176920871,0.313022861879426,0.27915220531013
25781,0.434013381176228,0.253209910016065,0.0446551027764986,0.268121606031208
25782,0.0765554808006312,0.453888384524389,0.0199020905265572,0.449654044148423
25783,0.262134562835768,0.160941691752156,0.360620182762817,0.216303562649259
25784,0.270177302647503,0.264013982301753,0.275161848767067,0.190646866283678
25785,0.145137101319115,0.281040378144025,0.328939824653127,0.244882695883733
25786,0.326060793726394,0.290576488613853,0.21172439797227,0.171638319687483
25787,0.16082512684999,0.498009456654049,0.262738447046092,0.078426969449869
25788,0.38472212006234,0.254882338042006,0.25074979640398,0.109645745491674
25789,0.472142486199728,0.137512418274348,0.259993539833686,0.130351555692238
25790,0.348504730246683,0.350130805613953,0.0989714438571,0.202393020282264
25791,0.150366830849519,0.520045755169517,0.207816916559964,0.121770497421001
25792,0.309548811995302,0.166077052112211,0.375598680094662,0.148775455797825
25793,0.166187422619082,0.496471068232892,0.157304013921814,0.180037495226212
25794,0.382711431224738,0.267161904487421,0.149310307614563,0.200816356673278
25795,0.137930839558701,0.409673224322963,0.32374764410139,0.128648292016946
25796,0.246743708855028,0.150970330874504,0.500763455613488,0.10152250465698
25797,0.215948015675295,0.442700647042784,0.148735596058605,0.192615741223315
25798,0.19720485204986,0.409021079374931,0.174362421817737,0.219411646757472
25799,0.279205259557527,0.118372295622166,0.488228148135701,0.114194296684607
25800,0.368734300964505,0.191176482574052,0.14487432824132,0.295214888220124
25801,0.214139701224102,0.339942063130573,0.227068762172219,0.218849473473106
25802,0.275491496181386,0.202964836028897,0.142318731995133,0.379224935794584
25803,0.563368356154252,0.192133325823507,0.082511734240889,0.161986583781352
25804,0.15563644253609,0.163980074212336,0.512617883497587,0.167765599753987
25805,0.262252633731255,0.518780927209463,0.154128626104269,0.0648378129550128
25806,0.495299492920357,0.169452420610726,0.228226246368113,0.107021840100805
25807,0.135043560677455,0.624926415969552,0.109447618312033,0.13058240504096
25808,0.396695584241715,0.29364149978707,0.10098105937302,0.208681856598195
25809,0.0660452274406831,0.136818252496118,0.508655918218212,0.288480601844987
25810,0.23913194359139,0.118325428349056,0.440217096678172,0.202325531381381
25811,0.195594511646521,0.585294755144573,0.144699745110513,0.0744109880983929
25812,0.247332930228161,0.169183895166754,0.414243193848031,0.169239980757055
25813,0.645989521476666,0.159714428961362,0.10526473035594,0.0890313192060323
25814,0.132177940335899,0.406476379239513,0.191583847473789,0.269761832950799
25815,0.178637677284972,0.545603670818533,0.191232687113526,0.0845259647829692
25816,0.0647322611385873,0.507788139037814,0.254393681673633,0.173085918149966
25817,0.128117751706223,0.131668384950407,0.170774957749071,0.569438905594299
25818,0.126571708444549,0.479924699909488,0.247381658164755,0.146121933481209
25819,0.433513839261608,0.169960694251296,0.229996382213774,0.166529084273322
25820,0.110558918694098,0.139907429511247,0.382207442893991,0.367326208900664
25821,0.238110886275893,0.0786291017817224,0.506295467898186,0.176964544044198
25822,0.176524850840241,0.218138117955563,0.460351436323304,0.144985594880892
25823,0.288764297992536,0.24415538102452,0.224388236176695,0.242692084806249
25824,0.420557273372428,0.153999020143221,0.227469493076366,0.197974213407985
25825,0.0651417411351463,0.378397476920214,0.425437476065669,0.131023305878971
25826,0.234177433686918,0.390872083396613,0.189134731655436,0.185815751261033
25827,0.30082351302175,0.197003887532951,0.197987511367338,0.30418508807796
25828,0.264859977345012,0.516108285291842,0.101459333514889,0.117572403848257
25829,0.180945202624349,0.505519931261041,0.0932438436699579,0.220291022444652
25830,0.129962244820157,0.278134939056108,0.511487230325968,0.0804155857977681
25831,0.181433085394673,0.156742773098116,0.252084728733633,0.409739412773578
25832,0.103604145052653,0.403554282224639,0.250905588001537,0.241935984721171
25833,0.17744616719839,0.365162733356122,0.339642656106882,0.117748443338606
25834,0.436611291634795,0.171126017317237,0.236812578843459,0.155450112204509
25835,0.165970862048288,0.102269606213139,0.442430951938361,0.289328579800212
25836,0.0875913543370953,0.172693815108136,0.519039991080475,0.220674839474294
25837,0.182263145533321,0.248847557697305,0.381400248618277,0.187489048151097
25838,0.226299212137639,0.449825861211263,0.0794117087545147,0.244463217896583
25839,0.556883560653971,0.241068616374804,0.0943642405261962,0.107683582445029
25840,0.108352681100041,0.383820261375171,0.280381338203055,0.227445719321734
25841,0.166690194507003,0.133982611964307,0.405041163315787,0.294286030212903
25842,0.228618769457934,0.56074463178638,0.105852804552571,0.104783794203115
25843,0.296003888732646,0.52605415640105,0.0898663289812371,0.088075625885067
25844,0.593942854196725,0.0661390727868978,0.186550759397363,0.153367313619015
25845,0.138574024900202,0.332515012120192,0.437145095038763,0.0917658679408439
25846,0.342021989434511,0.13537498952249,0.241915301250692,0.280687719792307
25847,0.475388206444986,0.0684078861324623,0.085335508145186,0.370868399277365
25848,0.147080349824227,0.50987468762816,0.083324148601064,0.259720813946549
25849,0.315681597196142,0.191810596384381,0.373898433690821,0.118609372728657
25850,0.166112575472336,0.341361949887373,0.344703671587843,0.147821803052448
25851,0.691038841656381,0.146712962882324,0.0748505590647734,0.0873976363965225
25852,0.201719258660902,0.271220916123811,0.246253359343162,0.280806465872126
25853,0.0974140425436639,0.333176504196068,0.439167743418449,0.130241709841819
25854,0.383984005047378,0.185996182372072,0.0640871998219599,0.365932612758591
25855,0.511162431454242,0.0978181294294115,0.160388599121699,0.230630839994648
25856,0.553709297329908,0.201933365730812,0.0597992835572349,0.184558053382046
25857,0.0509018663645689,0.125798798871202,0.253229481688525,0.570069853075704
25858,0.120013347242015,0.401300117598978,0.163911779850624,0.314774755308382
25859,0.17565242296173,0.091847316912157,0.301829864208368,0.430670395917745
25860,0.367676943274834,0.127458215179779,0.145162261014857,0.359702580530531
25861,0.153939225064311,0.148306175645835,0.498274603266407,0.199479996023448
25862,0.219623581818121,0.079382280080096,0.509988851754859,0.191005286346924
25863,0.0777632854343351,0.059625398718493,0.776401417851105,0.0862098979960672
25864,0.573258510822269,0.127060045667617,0.092261829941686,0.207419613568427
25865,0.0795140011015655,0.30632676415132,0.507554611300281,0.106604623446834
25866,0.145249421013503,0.167602184705492,0.468096280108083,0.219052114172922
25867,0.142100855882993,0.428307974543897,0.178895987892729,0.250695181680381
25868,0.186355850624993,0.366747791813548,0.0871757157959976,0.359720641765461
25869,0.0372013215237993,0.323580503514141,0.277922603018977,0.361295571943082
25870,0.106101520051483,0.0651216728716616,0.289926432386724,0.538850374690131
25871,0.0320522952580067,0.199804874131922,0.658799186690833,0.109343643919239
25872,0.0576997145763801,0.156148405372899,0.63430229215306,0.15184958789766
25873,0.0497813178078823,0.165631355298329,0.189905348999913,0.594681977893875
25874,0.548593281541289,0.0626527123230662,0.232919105179943,0.155834900955702
25875,0.152253551836423,0.183520841784929,0.426661007177269,0.237564599201379
25876,0.561826470285653,0.0325793335216663,0.127775607424661,0.27781858876802
25877,0.551381708191672,0.0650329013775941,0.122151060798189,0.261434329632544
25878,0.333158848318203,0.106672390776633,0.187471290226288,0.372697470678876
25879,0.140163943980941,0.541975553513315,0.109034063516148,0.208826438989596
25880,0.175400729492966,0.645199544274632,0.122536384448064,0.0568633417843379
25881,0.360466340256756,0.400186459134964,0.185460045074505,0.0538871555337748
25882,0.318468529842608,0.332612384413178,0.22424434715125,0.124674738592965
25883,0.647325498627374,0.160096838468603,0.100446879904336,0.092130782999687
25884,0.209362835028712,0.370815938385322,0.316758054669578,0.103063171916389
25885,0.270576697803294,0.146459168690014,0.190115065930015,0.392849067576676
25886,0.0795509848738736,0.659178265546098,0.186991544829287,0.0742792047507413
25887,0.379170949881576,0.164263143608936,0.273010151682407,0.183555754827081
25888,0.482723253361515,0.174115780947105,0.192289436077257,0.150871529614124
25889,0.202781744878834,0.24213667402005,0.372099532773437,0.182982048327679
25890,0.574143522004708,0.169021944240851,0.111333072497797,0.145501461256643
25891,0.184635327201927,0.126225006461005,0.623968469741985,0.0651711965950837
25892,0.245206498151505,0.268279745975493,0.272405585224393,0.214108170648608
25893,0.313311461949783,0.402403285118587,0.131634661782116,0.152650591149514
25894,0.50014899015592,0.329071779375652,0.058298391192758,0.11248083927567
25895,0.403837836234101,0.134779143209047,0.257973562895733,0.203409457661119
25896,0.150500059128799,0.248650341276744,0.488878686666016,0.11197091292844
25897,0.157205903561248,0.515473107595201,0.220902183388775,0.106418805454776
25898,0.239683159732109,0.498960397346698,0.210446964613984,0.0509094783072087
25899,0.0917017087264533,0.58262552700168,0.122212591815756,0.203460172456111
25900,0.135838660553464,0.237229017075587,0.443016776119101,0.183915546251848
25901,0.240933705197732,0.241833970847782,0.447552220938639,0.0696801030158463
25902,0.0851604914270772,0.333684980049478,0.470143234170446,0.111011294352998
25903,0.189349797572586,0.296584471906445,0.410773033133727,0.103292697387242
25904,0.0616070970344727,0.340179913974663,0.500682140475719,0.0975308485151447
25905,0.132443062794982,0.316774004813424,0.439489147513138,0.111293784878457
25906,0.323070093798332,0.518279593239833,0.111534536777166,0.0471157761846698
25907,0.169900312752028,0.553043766965117,0.218709195104475,0.0583467251783798
25908,0.267969230660663,0.144112335459097,0.348448472096515,0.239469961783725
25909,0.488513131641427,0.309067025397071,0.13433811524905,0.0680817277124527
25910,0.047711218730239,0.419496563451293,0.424713339754847,0.108078878063622
25911,0.395605510500979,0.155407672755106,0.269944625116455,0.17904219162746
25912,0.385059453033179,0.348564196454844,0.145940855026351,0.120435495485627
25913,0.0809311626144141,0.217391614823929,0.509040113157715,0.192637109403942
25914,0.194091261317622,0.187023002048391,0.513732966102529,0.105152770531458
25915,0.469050834251664,0.17176504895132,0.256311072112719,0.102873044684297
25916,0.153618653806048,0.513113605274387,0.141085166378935,0.192182574540631
25917,0.26436561602441,0.448720715687574,0.0920141990166544,0.194899469271362
25918,0.167328995179194,0.302927008630749,0.365079444663506,0.16466455152655
25919,0.297920921456731,0.049170587863868,0.318634673447535,0.334273817231866
25920,0.355469968740867,0.372401106685303,0.0882163244582696,0.18391260011556
25921,0.0805996794599203,0.132928130289093,0.662662148724558,0.123810041526429
25922,0.0503634822790738,0.0615582034751808,0.386559769002893,0.501518545242852
25923,0.239218858077003,0.151120559661353,0.070360587311914,0.539299994949729
25924,0.674242059058447,0.118826927906189,0.104913954123691,0.102017058911673
25925,0.134802771203004,0.122496196011841,0.592004788105777,0.150696244679378
25926,0.425716299644916,0.414483500601753,0.0735904423229954,0.0862097574303355
25927,0.133132766248149,0.371083258078372,0.194346352506683,0.301437623166797
25928,0.177479813197649,0.401754985922382,0.261979135208272,0.158786065671698
25929,0.0354744964164856,0.384840389334893,0.0880916122572701,0.491593501991351
25930,0.243943069323755,0.338122350962197,0.327229696989261,0.0907048827247866
25931,0.0453763092200934,0.0595882043806521,0.804929772879522,0.0901057135197323
25932,0.0586095673289387,0.422502287432906,0.146824806549433,0.372063338688723
25933,0.127907551729039,0.133463055849652,0.55852347134565,0.180105921075659
25934,0.0909274846568074,0.0830978576077331,0.550348230232923,0.275626427502537
25935,0.211619676333331,0.229193804459423,0.121397229734135,0.437789289473111
25936,0.227454878314063,0.085247148321434,0.558094191403221,0.129203781961283
25937,0.657841860114951,0.0896092346726194,0.0961369106451304,0.156411994567299
25938,0.0698125833632449,0.584741881587789,0.115992443335578,0.229453091713388
25939,0.133137933702611,0.0908431408930594,0.441503764019131,0.334515161385199
25940,0.0376596185422089,0.197375882359742,0.109895885341525,0.655068613756525
25941,0.0854766419289464,0.297729956891975,0.500398349055343,0.116395052123736
25942,0.102585633046684,0.403968435453823,0.243254379828179,0.250191551671314
25943,0.0378848640221319,0.347692589127214,0.265646990728526,0.348775556122129
25944,0.152470179443191,0.090280769313384,0.0934220184393709,0.663827032804054
25945,0.145870322862899,0.0969944547587105,0.200111941579766,0.557023280798625
25946,0.600292470898868,0.143669948579293,0.0889548944325441,0.167082686089295
25947,0.409705849748071,0.193597327174311,0.166265982185047,0.230430840892571
25948,0.0294055156808616,0.0813797343505312,0.114487068319379,0.774727681649229
25949,0.0739437631546358,0.240170774142443,0.491631946576875,0.194253516126047
25950,0.690583613652808,0.0852991294848638,0.130256338758204,0.0938609181041241
25951,0.0796450848978832,0.161099546482025,0.481463315090777,0.277792053529315
25952,0.0509551863590198,0.117393466511162,0.573986780624533,0.257664566505285
25953,0.289187855879687,0.104083168065273,0.0954432218309138,0.511285754224126
25954,0.662451668501019,0.0396206411122777,0.0488715201090677,0.249056170277636
25955,0.112936226288686,0.5688921798621,0.190058109979059,0.128113483870155
25956,0.226969818695271,0.274023405477267,0.444399615341096,0.0546071604863662
25957,0.501581361502656,0.313805767363347,0.126721066612478,0.0578918045215192
25958,0.331305753964079,0.382978313444421,0.138138535877412,0.147577396714089
25959,0.110383835673123,0.240810531068976,0.513397266795439,0.135408366462462
25960,0.450367815980807,0.368756807107914,0.122270447234259,0.0586049296770199
25961,0.351249101658025,0.148018383949366,0.448444299574995,0.0522882148176144
25962,0.549959509532315,0.250304995150879,0.0995730561817354,0.10016243913507
25963,0.111087517177081,0.47169803442274,0.334897563261645,0.082316885138534
25964,0.494841290304881,0.281702808448856,0.129742074498864,0.0937138267473995
25965,0.27066208774332,0.170258588231153,0.435101621305891,0.123977702719636
25966,0.242587926847103,0.153785855927912,0.499884624952789,0.103741592272196
25967,0.326454575348324,0.166834921931223,0.149235832916442,0.357474669804012
25968,0.249537328618554,0.362705553612601,0.223688459913011,0.164068657855834
25969,0.0817884039699419,0.409780547168458,0.454796750999675,0.0536342978619248
25970,0.281180225351485,0.383174765841956,0.225070806418523,0.110574202388037
25971,0.404068356156492,0.279930412676095,0.240401265886327,0.0755999652810862
25972,0.215707551138662,0.451495878768972,0.185062465656734,0.147734104435632
25973,0.200753125408025,0.276184076910626,0.414402306060486,0.108660491620863
25974,0.441350293111959,0.0737243755534149,0.230398606239614,0.254526725095013
25975,0.0788355250708025,0.438067212101698,0.297428810297319,0.185668452530181
25976,0.0794188140225453,0.335799367553065,0.200582558492722,0.384199259931668
25977,0.476663214748527,0.133826968957339,0.322319160633479,0.0671906556606546
25978,0.227162154446482,0.51749400510272,0.199687134408404,0.0556567060423934
25979,0.677280967386105,0.0694993925713624,0.163109075458045,0.0901105645844874
25980,0.101398479039578,0.473618888065351,0.325166493297802,0.0998161395972696
25981,0.512741645970768,0.151708853074967,0.261905738496843,0.073643762457422
25982,0.143329960240738,0.0713733632742332,0.66089772132591,0.124398955159119
25983,0.525489758198548,0.180934852662982,0.198264271446794,0.0953111176916767
25984,0.368406195850948,0.101160142179207,0.29249148525503,0.237942176714815
25985,0.167136261169678,0.116558668788818,0.0796205296842828,0.636684540357222
25986,0.522376414111577,0.0788702557887999,0.182331084014363,0.21642224608526
25987,0.0821537335809817,0.11135813608669,0.738669311855371,0.0678188184769568
25988,0.0806335497941831,0.481333580644932,0.361973399019473,0.0760594705414118
25989,0.0481703112265463,0.18478096686274,0.118559330843701,0.648489391067012
25990,0.069911957327329,0.146909473937191,0.653257479492829,0.129921089242651
25991,0.258859259358908,0.124181219639602,0.202032535605501,0.414926985395989
25992,0.0483358646758654,0.335243272305863,0.49214703480516,0.124273828213112
25993,0.243284659604878,0.38820817542331,0.100318585593206,0.268188579378606
25994,0.178902854826883,0.136798920790609,0.225918104334439,0.458380120048069
25995,0.19779925720684,0.406948595057875,0.177556121691452,0.217696026043834
25996,0.256781019939053,0.19624192187276,0.415580272540046,0.131396785648142
25997,0.444514260610024,0.168138413942725,0.174956876176926,0.212390449270325
25998,0.342067812813186,0.278194478858102,0.176766361612218,0.202971346716494
25999,0.181611493841888,0.296106899228283,0.421276022837624,0.101005584092205
26000,0.141749587136909,0.460960335603137,0.172756114143549,0.224533963116405
26001,0.200805094604535,0.543553821986774,0.120767096804453,0.134873986604238
26002,0.509240831941663,0.165841545978122,0.202318204068127,0.122599418012089
26003,0.26563171093347,0.194585542535861,0.19416995780501,0.345612788725659
26004,0.10680724879447,0.525374302614621,0.142780537750604,0.225037910840305
26005,0.0854183401779913,0.214533028670268,0.473600393738153,0.226448237413588
26006,0.150950987196152,0.38262067076525,0.188714309179304,0.277714032859295
26007,0.250928085782248,0.532699894079566,0.14388007872908,0.0724919414091062
26008,0.140741751732429,0.074352331466929,0.642065960759285,0.142839956041357
26009,0.167355412950488,0.661295903305421,0.112340380828304,0.0590083029157868
26010,0.277013621161174,0.204678787058255,0.208603879825762,0.30970371195481
26011,0.706611579325838,0.120961949833284,0.109162942260369,0.0632635285805081
26012,0.239164114354527,0.219279878877045,0.271592154441496,0.269963852326931
26013,0.125592943700877,0.248338112451317,0.282801819902624,0.343267123945183
26014,0.308291479027401,0.29547926015315,0.186698990025101,0.209530270794347
26015,0.13189994922168,0.498866114093445,0.262216906842414,0.107017029842461
26016,0.405996444914683,0.229566409315465,0.222300818531141,0.142136327238712
26017,0.424865455684686,0.109255394630267,0.262940190523612,0.202938959161435
26018,0.306209341429475,0.323768331152292,0.0836182568498844,0.286404070568349
26019,0.146538659679988,0.476958321235704,0.210353325972892,0.166149693111416
26020,0.278925949118837,0.136988429504995,0.377743092807159,0.206342528569009
26021,0.121257968736539,0.493766926190975,0.129746579435611,0.255228525636876
26022,0.374540159524665,0.261390452016115,0.123580361062818,0.240489027396402
26023,0.10696017498222,0.366145897077687,0.353170748686773,0.17372317925332
26024,0.257640208321211,0.120401172822318,0.506459969628954,0.115498649227517
26025,0.178275087457268,0.452090987002778,0.115276285234558,0.254357640305396
26026,0.183084120610191,0.363658548689099,0.144724170246604,0.308533160454107
26027,0.252277787478487,0.0903154786931577,0.522297446312279,0.135109287516077
26028,0.301273225749342,0.163159496988234,0.116699099117633,0.418868178144791
26029,0.163890953698857,0.312391885032058,0.211313237163985,0.312403924105099
26030,0.259646883783726,0.141501276979141,0.0921256480621635,0.50672619117497
26031,0.222390164608883,0.381531341164556,0.301537558740935,0.0945409354856264
26032,0.45878917815975,0.225057652363388,0.215068399966823,0.101084769510039
26033,0.359401895160691,0.390992948019217,0.111795308178549,0.137809848641544
26034,0.158325060724492,0.106367780485923,0.617418701491679,0.117888457297907
26035,0.426019924707642,0.078325416190365,0.344046978440756,0.151607680661238
26036,0.362386231878227,0.0746163890147296,0.421441781882961,0.141555597224082
26037,0.130088741419041,0.722776960434471,0.0932407903731747,0.053893507773314
26038,0.0845994834363384,0.395948420806797,0.249620902210083,0.269831193546783
26039,0.367658708497482,0.0833873977664905,0.344081239308306,0.204872654427721
26040,0.148356224341524,0.235372466926513,0.553625974323723,0.0626453344082403
26041,0.314950586258768,0.299418822076282,0.216829983395423,0.168800608269526
26042,0.192796029406171,0.449115329897951,0.102310339757815,0.255778300938063
26043,0.108535886467267,0.220419355654218,0.600295977126384,0.0707487807521309
26044,0.60696316669488,0.206441899229414,0.10797215072956,0.0786227833461463
26045,0.175870891688714,0.608806254141253,0.125148698115839,0.0901741560541945
26046,0.308743594766897,0.171126732365934,0.140641427494025,0.379488245373144
26047,0.313742878874459,0.157100559723502,0.307773792852535,0.221382768549504
26048,0.116045677173332,0.330837598855932,0.365124932413195,0.18799179155754
26049,0.173903248435369,0.234732431182971,0.517613681123227,0.0737506392584332
26050,0.247517105906524,0.160885763583193,0.479545402500226,0.112051728010057
26051,0.127390172455671,0.484482400422235,0.142542263844202,0.245585163277892
26052,0.107030253584037,0.283928585079407,0.155846320857457,0.453194840479099
26053,0.145213053231771,0.299614121410702,0.453969929769271,0.101202895588256
26054,0.20239516014221,0.342753819976424,0.174046151249376,0.28080486863199
26055,0.408056061403723,0.280629501719462,0.12414942541136,0.187165011465455
26056,0.32794875447537,0.119396461337012,0.288217682041032,0.264437102146586
26057,0.302181199395245,0.333409562030381,0.269985492233293,0.0944237463410813
26058,0.128373323731119,0.462864207393064,0.126326474552303,0.282435994323514
26059,0.442404916327317,0.268981422239525,0.189459588123387,0.0991540733097715
26060,0.393715715269586,0.344735251466799,0.137883191642871,0.123665841620745
26061,0.463446370979958,0.18650516402046,0.194308205756933,0.15574025924265
26062,0.252907487372809,0.230430316096765,0.323378065992209,0.193284130538217
26063,0.414910847026137,0.0701446890858759,0.305366726939975,0.209577736948012
26064,0.183666922572168,0.114451668225215,0.47269933445125,0.229182074751366
26065,0.548610260783497,0.166747641031986,0.12838254234833,0.156259555836187
26066,0.251358792267431,0.403121884990999,0.115886224476041,0.22963309826553
26067,0.459889095501818,0.266757512526227,0.163281045344148,0.110072346627807
26068,0.129818509194698,0.523869256679812,0.184821394546278,0.161490839579212
26069,0.096990393630817,0.18501878774957,0.571499172909229,0.146491645710383
26070,0.462139828661177,0.186112219441485,0.109425920900349,0.242322030996989
26071,0.327953123704238,0.146134758135464,0.171192183207933,0.354719934952366
26072,0.211811882949821,0.263543039922354,0.432587499009561,0.0920575781182647
26073,0.270525146076674,0.403009576275096,0.177745424954161,0.148719852694069
26074,0.129700391275355,0.197862374456682,0.605373209004441,0.067064025263523
26075,0.217453455817995,0.273883030825404,0.287402904927941,0.22126060842866
26076,0.223998783605116,0.101469356906313,0.505803004249779,0.168728855238792
26077,0.128988983916571,0.552520176744075,0.193120346536481,0.125370492802873
26078,0.125730291306786,0.252833283863449,0.572824431093969,0.0486119937357961
26079,0.107135026236599,0.306225643611321,0.355966762802761,0.23067256734932
26080,0.15246160320487,0.585608979098636,0.165236453067835,0.0966929646286593
26081,0.131145985924056,0.192773381344536,0.567396431674842,0.108684201056566
26082,0.245983148060659,0.142496897099588,0.36126855286619,0.250251401973564
26083,0.203122871872822,0.29715996255827,0.248549262188695,0.251167903380213
26084,0.130259770995603,0.412006560957697,0.288547019739314,0.169186648307386
26085,0.284052340795048,0.195320321750381,0.257644584534396,0.262982752920175
26086,0.450457034923205,0.122957598127655,0.204293657643116,0.222291709306024
26087,0.152385730204202,0.331342132024003,0.399920468494939,0.116351669276856
26088,0.158610035029519,0.256879546623571,0.178386649148966,0.406123769197944
26089,0.264504147081266,0.124292650550925,0.182434408805665,0.428768793562144
26090,0.355024394054402,0.0649093674988905,0.373378663973126,0.206687574473582
26091,0.10664608604986,0.0932138832846118,0.662790102269061,0.137349928396467
26092,0.16567885573208,0.252663020711861,0.0277324321026533,0.553925691453406
26093,0.440693232308341,0.183530158676974,0.098771460569684,0.277005148445001
26094,0.308324836444722,0.0434681025127222,0.145354875655824,0.502852185386732
26095,0.0415797953446219,0.236634613662757,0.222497858020976,0.499287732971645
26096,0.568512685736365,0.147046539624796,0.10857940540543,0.175861369233409
26097,0.032489851365546,0.50648996883434,0.0744260240308858,0.386594155769228
26098,0.673542508161845,0.117779059347639,0.0890661539209673,0.119612278569549
26099,0.103176714864029,0.268784173023964,0.0992392508317443,0.528799861280263
26100,0.537880488211205,0.128646609221572,0.143937735207539,0.189535167359684
26101,0.602854087858127,0.249670694981818,0.0465683133091072,0.100906903850948
26102,0.093457719149911,0.130715991057252,0.152396462774082,0.623429827018755
26103,0.0702174910061264,0.60531811256006,0.16740714744213,0.157057248991683
26104,0.0639817446247366,0.210729027167071,0.161466492619186,0.563822735589006
26105,0.324653192049603,0.122662427198071,0.0583129161534937,0.494371464598833
26106,0.0483024466736238,0.559342957861492,0.162464470617,0.229890124847884
26107,0.280745318401394,0.513976988846204,0.121678096001628,0.0835995967507743
26108,0.248991348507827,0.285229318991208,0.283787859052169,0.181991473448795
26109,0.233102038011601,0.322917031920911,0.258976563266125,0.185004366801363
26110,0.483382972756027,0.181660254719668,0.233412720874219,0.101544051650086
26111,0.196416603669094,0.151143592566006,0.492779033358844,0.159660770406056
26112,0.093901960875218,0.545283159172182,0.194998716056589,0.165816163896012
26113,0.329908927195965,0.346114268586182,0.132741593345555,0.191235210872298
26114,0.37509632550819,0.382058044073009,0.16201544368007,0.0808301867387307
26115,0.248972785850445,0.136657953834966,0.533316320452423,0.081052939862166
26116,0.126411516418306,0.211288474401671,0.537827168916219,0.124472840263805
26117,0.372421847955613,0.227257915379466,0.142137533934501,0.25818270273042
26118,0.406923678799295,0.231312682922137,0.10641161432309,0.255352023955478
26119,0.202233665076168,0.591912572021769,0.126036961717816,0.0798168011842474
26120,0.210532320041422,0.445004676041533,0.184403228246185,0.160059775670859
26121,0.42301660990288,0.135688595616605,0.21099705112774,0.230297743352775
26122,0.12472937808008,0.205814766995691,0.311343064021591,0.358112790902639
26123,0.175106673326536,0.183663845754446,0.411215693692021,0.230013787226997
26124,0.220750613386038,0.169483650084646,0.386854582026856,0.222911154502461
26125,0.3779551073699,0.197370780533022,0.310405236018383,0.114268876078695
26126,0.59423278108734,0.0499570832851012,0.092839270583398,0.262970865044161
26127,0.501522761515736,0.269099277005865,0.110135241435807,0.119242720042593
26128,0.234960945198833,0.176019801011437,0.0840785291417191,0.504940724648012
26129,0.156727144096565,0.248383206997947,0.500923264173889,0.0939663847315991
26130,0.528106389913561,0.157765227380705,0.0904586562865574,0.223669726419177
26131,0.378753957917981,0.0438483538406068,0.200874700294149,0.376522987947264
26132,0.175379853541133,0.0564428759644899,0.467258844623086,0.300918425871291
26133,0.0633346596239497,0.446618490613738,0.224168612009957,0.265878237752356
26134,0.139568963740548,0.65674548526028,0.0859950011484225,0.11769054985075
26135,0.0916316844710341,0.267940474168254,0.262503355159697,0.377924486201015
26136,0.296107198855537,0.258483731814002,0.0898196751423746,0.355589394188086
26137,0.127790796248667,0.515378544677325,0.115710110613433,0.241120548460576
26138,0.0691536770267392,0.297732586533618,0.042541523684559,0.590572212755084
26139,0.156216116369561,0.533153393295738,0.058686867697086,0.251943622637615
26140,0.220383223884342,0.0459742679249071,0.408009630006556,0.325632878184195
26141,0.228732926477535,0.129670358707669,0.117412110909241,0.524184603905556
26142,0.0472932833431233,0.550732633623524,0.14355713551183,0.258416947521522
26143,0.0878973109435158,0.30857647269945,0.352343241607855,0.251182974749179
26144,0.0278684049185794,0.110750566715314,0.473089499716253,0.388291528649854
26145,0.456011569472378,0.105499115669544,0.19505944766328,0.243429867194798
26146,0.219643175932987,0.133817210027268,0.479749587355771,0.166790026683975
26147,0.268632314340534,0.467365723766911,0.160418089349587,0.103583872542968
26148,0.504217165658954,0.217151781053169,0.18358806049373,0.0950429927941475
26149,0.0724403233718675,0.569615483293635,0.215083227260082,0.142860966074415
26150,0.276024321896088,0.257803770225247,0.124539818044258,0.341632089834406
26151,0.306915254465643,0.274262103544529,0.229688826042076,0.189133815947753
26152,0.0819851876872944,0.53083692394025,0.136494900612211,0.250682987760245
26153,0.102147010128097,0.125562670820608,0.563951853900863,0.208338465150432
26154,0.194495952974758,0.166526901057838,0.256457063583278,0.382520082384126
26155,0.0540671240664103,0.554878648551262,0.243630617780493,0.147423609601834
26156,0.207618677095498,0.285104168960438,0.243839623913172,0.263437530030892
26157,0.130656797929364,0.251770695379052,0.518250199450965,0.0993223072406192
26158,0.588046180844606,0.223585820581859,0.106279164087673,0.082088834485862
26159,0.19590279944623,0.181566097926775,0.447807576376295,0.174723526250699
26160,0.162612092097508,0.208523331489569,0.363815266801985,0.265049309610938
26161,0.122626025199295,0.397410748615111,0.241381374190485,0.238581851995109
26162,0.282573904098373,0.0758974043744527,0.537602031099957,0.103926660427218
26163,0.479167842572733,0.116226970693245,0.171447251056871,0.233157935677151
26164,0.0389414648414108,0.444498018052597,0.344995097386773,0.17156541971922
26165,0.390332293937986,0.182513225338132,0.228766373617321,0.198388107106561
26166,0.203059834543177,0.0968315196345837,0.638198560427138,0.0619100853951017
26167,0.101011815855019,0.347659556745616,0.181809983659925,0.36951864373944
26168,0.0786491123693683,0.431698918417233,0.376663347065036,0.112988622148362
26169,0.602883506040309,0.0360743112782747,0.229265881833013,0.131776300848404
26170,0.0609195817291722,0.640733770913997,0.205453426714639,0.0928932206421925
26171,0.101422307234831,0.134750471737869,0.715388483519099,0.0484387375082018
26172,0.138717453197921,0.43999040093226,0.263224430486366,0.158067715383454
26173,0.0743846133860505,0.332222552245783,0.502077814583296,0.091315019784871
26174,0.17565927520225,0.305195997889041,0.315402813696464,0.203741913212246
26175,0.0404948544485255,0.764253262093095,0.0237365823941161,0.171515301064264
26176,0.188151481678488,0.0982340220623843,0.604155029566444,0.109459466692684
26177,0.0264841636259244,0.0520948033127043,0.543853389605587,0.377567643455785
26178,0.0334830372853026,0.368460174893308,0.0823239477170772,0.515732840104313
26179,0.62207855493114,0.174004999780723,0.0289855621944932,0.174930883093644
26180,0.360334757323506,0.302222415966874,0.059381225538183,0.278061601171437
26181,0.31401499782532,0.17267815697747,0.146284963579749,0.367021881617461
26182,0.0335039237478001,0.577363250110435,0.206233607648371,0.182899218493394
26183,0.175220153786246,0.300959081790867,0.471626151300011,0.0521946131228759
26184,0.0713550913777483,0.154569292345921,0.526988900629833,0.247086715646497
26185,0.385349996230147,0.453934169728179,0.105073646253127,0.0556421877885461
26186,0.130346775039506,0.167043556327843,0.543302409212648,0.159307259420003
26187,0.53187158479278,0.237781559295464,0.100404594570549,0.129942261341207
26188,0.166138380081527,0.327096290851105,0.395424017076145,0.111341311991223
26189,0.420804587307267,0.147677371475187,0.259739097283985,0.171778943933561
26190,0.505107832127975,0.226460735714901,0.142770000628911,0.125661431528213
26191,0.381182028606838,0.341753486521652,0.173470541126815,0.103593943744696
26192,0.111730444043296,0.180168469742826,0.613902198012798,0.0941988882010807
26193,0.246808313170691,0.296788198712025,0.303897353960366,0.152506134156917
26194,0.202740838792221,0.589057579955981,0.092752488820955,0.115449092430842
26195,0.146290990731004,0.460715431026604,0.261628567426182,0.131365010816211
26196,0.273328849675946,0.101331826852164,0.46398096056853,0.161358362903359
26197,0.188637865610587,0.320835850051611,0.202910542312599,0.287615742025203
26198,0.184118306898657,0.682385259874004,0.0920119912745532,0.0414844419527856
26199,0.4207935585992,0.140355450977658,0.151217157508073,0.287633832915069
26200,0.150240911132247,0.355540828365396,0.229514567762044,0.264703692740314
26201,0.572930965169982,0.214067437491587,0.0757120262379606,0.13728957110047
26202,0.617102664082658,0.115615964261604,0.16370030617566,0.103581065480079
26203,0.544632258451335,0.249860661332116,0.111614850086384,0.0938922301301655
26204,0.310610952964191,0.151856972178967,0.252658106824696,0.284873968032146
26205,0.145328666177001,0.362341347565308,0.241216756422226,0.251113229835465
26206,0.244631647623775,0.17278742729337,0.0734065715879124,0.509174353494942
26207,0.18392712077094,0.262815466115538,0.263069016434265,0.290188396679257
26208,0.571207442392552,0.0764638159788476,0.232882029946313,0.119446711682287
26209,0.40644998031962,0.448390821216988,0.0238819551640162,0.121277243299376
26210,0.699036931992107,0.130567476554648,0.063713249844495,0.10668234160875
26211,0.283411545817521,0.446441106630066,0.0724184494297579,0.197728898122655
26212,0.150600693864396,0.43888999882564,0.13876057987571,0.271748727434254
26213,0.356038923138445,0.355416979951924,0.108228349528452,0.180315747381179
26214,0.0759794138139836,0.18049836938248,0.628358078449337,0.115164138354199
26215,0.190891569820058,0.487548635046058,0.0646029872948901,0.256956807838994
26216,0.124183473209507,0.217298371930685,0.403766668200424,0.254751486659384
26217,0.243217737318116,0.0834938512951528,0.274453452302813,0.398834959083918
26218,0.0888776072998113,0.651704140974443,0.188731862976269,0.070686388749477
26219,0.398322644285026,0.0888582213496388,0.177940407513479,0.334878726851856
26220,0.084218409464519,0.202284245718214,0.638074503640924,0.0754228411763434
26221,0.152133305417865,0.185126564498431,0.562460366064129,0.100279764019576
26222,0.595797781191525,0.129187069458313,0.2080290218828,0.0669861274673621
26223,0.150636133299461,0.483440678030805,0.260488452249033,0.105434736420701
26224,0.370887545128467,0.126736262643399,0.425872791806468,0.0765034004216665
26225,0.105266442767805,0.150206646915797,0.618326025516104,0.126200884800295
26226,0.234066859161719,0.605776537574902,0.0927556980341159,0.0674009052292635
26227,0.168805398866098,0.420271953156464,0.266275997642832,0.144646650334606
26228,0.225444429201045,0.179112812982203,0.462797551939151,0.132645205877602
26229,0.17426486197144,0.320382591394287,0.125477926325531,0.379874620308743
26230,0.0617859026829338,0.634343917439327,0.251670355242125,0.0521998246356149
26231,0.509166927038526,0.135569453775476,0.232057718462395,0.123205900723603
26232,0.264058327337084,0.220552474224256,0.376710512271932,0.138678686166728
26233,0.643541259112985,0.100738166723986,0.122394688767473,0.133325885395556
26234,0.493414884140349,0.15047571949222,0.274170826166618,0.081938570200813
26235,0.114641458046745,0.319427933471527,0.219781322639948,0.34614928584178
26236,0.198966521946307,0.275449892862805,0.399257851948527,0.126325733242361
26237,0.108492170149305,0.569884397021322,0.104455561142979,0.217167871686395
26238,0.163101652127605,0.635214718063289,0.0751274808252708,0.126556148983835
26239,0.348795031341724,0.235373519603479,0.210456110410203,0.205375338644594
26240,0.293667823415621,0.105529499688322,0.491556986572475,0.109245690323583
26241,0.147460880815921,0.270427893012583,0.517016863324286,0.0650943628472103
26242,0.101545187679884,0.54836826549983,0.261083022364123,0.0890035244561639
26243,0.19131404554994,0.631043448536317,0.0923182179118698,0.0853242880018733
26244,0.146310274178714,0.290897998245225,0.351359386185699,0.211432341390362
26245,0.178838865150922,0.155138736316036,0.591592779203518,0.0744296193295243
26246,0.340714630480425,0.265354388912706,0.337579500514067,0.056351480092802
26247,0.444105380853262,0.152623274091285,0.288326891489984,0.114944453565469
26248,0.124264361441471,0.589054532983721,0.155558533823741,0.131122571751067
26249,0.288279014035029,0.376944752520898,0.147941444420671,0.186834789023403
26250,0.510486398757429,0.15521839076637,0.171444818432453,0.162850392043748
26251,0.0877079440320583,0.137446982148019,0.266571503472531,0.508273570347392
26252,0.116605900558374,0.648439005710957,0.105010977570547,0.129944116160122
26253,0.157726575971957,0.387726667529127,0.21055134080404,0.243995415694875
26254,0.181499187717484,0.0855165286414077,0.599918169682209,0.1330661139589
26255,0.117140568282487,0.253228574434014,0.271090145946695,0.358540711336805
26256,0.406211801878377,0.218357964641971,0.281568710634354,0.0938615228452978
26257,0.221524769084732,0.0939897144667631,0.482856241516812,0.201629274931693
26258,0.0826890755887163,0.174214734733961,0.645838613809157,0.0972575758681667
26259,0.443030908216042,0.100086290189001,0.290823585764727,0.16605921583023
26260,0.458530896815739,0.166110939956933,0.146013583295642,0.229344579931686
26261,0.220421445428291,0.233151985633156,0.104630511983972,0.441796056954581
26262,0.704569556435758,0.107980171722309,0.0582883031348983,0.129161968707034
26263,0.0713252232771998,0.631221873484355,0.119489770318256,0.17796313292019
26264,0.189032311763336,0.173093258624747,0.217010430682114,0.420863998929802
26265,0.287812934056355,0.240550612831271,0.146154310675307,0.325482142437067
26266,0.182784224481943,0.249189947500706,0.303749396108492,0.264276431908859
26267,0.231624416678184,0.0554340090641272,0.532096103787325,0.180845470470365
26268,0.223572711451361,0.0339791141417128,0.573887992476517,0.168560181930409
26269,0.450596591352353,0.124536429457902,0.148920820193047,0.275946158996698
26270,0.253065496172354,0.42688561200001,0.148740072025829,0.171308819801807
26271,0.21646357783409,0.140348809581183,0.530016426108378,0.113171186476348
26272,0.128088910856021,0.541468388235853,0.10895724186779,0.221485459040336
26273,0.427272771262961,0.247019969294585,0.12326793270765,0.202439326734804
26274,0.658076358585734,0.152428851726645,0.104686861665174,0.0848079280224468
26275,0.14026897440973,0.6935853018686,0.0515760419540836,0.114569681767587
26276,0.236070931061696,0.111434644913765,0.438185348549839,0.2143090754747
26277,0.0787779140493737,0.068517259653272,0.50593877235477,0.346766053942585
26278,0.137614213314394,0.444235793355938,0.247498477149361,0.170651516180308
26279,0.198291007594793,0.252156598327758,0.40497888178245,0.144573512294999
26280,0.427459623714294,0.102282888603257,0.298738712012661,0.171518775669787
26281,0.357635371833929,0.254864881777564,0.179076728522379,0.208423017866128
26282,0.267621761823869,0.48354113485299,0.113727349917858,0.135109753405283
26283,0.213457830428454,0.189606691877347,0.361192764660442,0.235742713033757
26284,0.309223881650907,0.396061639925121,0.0945020720861996,0.200212406337773
26285,0.161393848175474,0.179902914724497,0.489493997601894,0.169209239498135
26286,0.483922524809535,0.223830443728772,0.222665451122547,0.0695815803391464
26287,0.147323887395616,0.279545283327266,0.349539075218226,0.223591754058891
26288,0.182038042510733,0.354260395191925,0.322661821080467,0.141039741216875
26289,0.235986798936037,0.42419605317403,0.148658338600833,0.1911588092891
26290,0.229727025047822,0.160905353957536,0.506464060226459,0.102903560768184
26291,0.298645178376184,0.338273604206774,0.236199476953478,0.126881740463565
26292,0.178673544396189,0.27393145076767,0.323721582882068,0.223673421954072
26293,0.176772060442498,0.293842662785541,0.178462994372507,0.350922282399455
26294,0.175078833506962,0.567704582183276,0.185061850665442,0.0721547336443205
26295,0.234635860361746,0.293305894286612,0.283391104095332,0.18866714125631
26296,0.21266347757309,0.209367336601925,0.308322956525776,0.269646229299209
26297,0.164999760893019,0.128388386151064,0.469455364949485,0.237156488006432
26298,0.0773681333511782,0.14225561987049,0.700875973536568,0.0795002732417639
26299,0.0707568666129067,0.551824346920055,0.27004940355668,0.107369382910358
26300,0.20787934732958,0.0921202679867769,0.47684164273286,0.223158741950783
26301,0.138624105542613,0.437982886916544,0.163191508991674,0.260201498549168
26302,0.0926719008730908,0.726191640356637,0.0999730654160104,0.0811633933542619
26303,0.321876603420631,0.323028438095052,0.16820220115319,0.186892757331127
26304,0.13687010067049,0.123564020028658,0.464128170315248,0.275437708985604
26305,0.565650115922165,0.204330065403687,0.0651927968135542,0.164827021860593
26306,0.333091150998514,0.0723300350016366,0.115374348562395,0.479204465437455
26307,0.0733138516072709,0.536440566464281,0.313975640322842,0.0762699416056063
26308,0.351691105292542,0.0594507604177704,0.153522818803994,0.435335315485693
26309,0.0471420438850027,0.436785073418492,0.173370790738846,0.342702091957659
26310,0.108346073890464,0.239707005646193,0.538349978273276,0.113596942190067
26311,0.499213311241639,0.2889936206573,0.119978215156861,0.091814852944201
26312,0.203179438748033,0.543990401075782,0.175376147345271,0.0774540128309144
26313,0.146940846686787,0.376074785640986,0.284109123234747,0.19287524443748
26314,0.0546991866170262,0.446047746063182,0.178019978920736,0.321233088399056
26315,0.463509775017375,0.156750823397092,0.111812036318358,0.267927365267175
26316,0.113266327061128,0.0621925028101024,0.168821422813523,0.655719747315246
26317,0.158377089689243,0.247778301000784,0.12421200063693,0.469632608673044
26318,0.0814373474175796,0.13572624739678,0.20067302778005,0.582163377405591
26319,0.576729143549708,0.0286780512331304,0.0921832310894589,0.302409574127703
26320,0.0655603661902998,0.243562241172211,0.0874506375712358,0.603426755066254
26321,0.557066911447835,0.134003393428781,0.113425251168612,0.195504443954772
26322,0.500337797599596,0.149842160769946,0.169064107760975,0.180755933869483
26323,0.0437629463796546,0.662840927958703,0.175914092294299,0.117482033367343
26324,0.0979219777588181,0.136781515924827,0.0710463142067227,0.694250192109632
26325,0.181424651195689,0.0452829868562092,0.365305792069406,0.407986569878696
26326,0.664770160360154,0.0780907782202788,0.150135992121216,0.107003069298351
26327,0.537462643563181,0.0499260053816637,0.0327360120723598,0.379875338982796
26328,0.171034904061349,0.612992622876585,0.0360143224915947,0.179958150570471
26329,0.0869935735200038,0.0704216965738475,0.504759203075666,0.337825526830483
26330,0.0543974082610814,0.101519602702483,0.0967772472901846,0.747305741746251
26331,0.309561369488162,0.0730637398731593,0.0720102690543865,0.545364621584293
26332,0.0909556289480074,0.44150566364046,0.0386035403443731,0.428935167067159
26333,0.195362851320849,0.0494531422218231,0.160550416835487,0.594633589621841
26334,0.45372528909422,0.0566044345732976,0.0382581748762261,0.451412101456257
26335,0.138615141713765,0.359996209027415,0.32912945452489,0.172259194733929
26336,0.204266970857194,0.264856723260095,0.245630194257461,0.28524611162525
26337,0.531063301492624,0.0584042218115893,0.345048495557859,0.0654839811379278
26338,0.0834891739596737,0.395557846195903,0.112315476122133,0.40863750372229
26339,0.12808590081093,0.488813624810948,0.120512337948015,0.262588136430107
26340,0.197438180830117,0.114411445808923,0.234824271896808,0.453326101464152
26341,0.0534367322958628,0.0948437920065955,0.772270490051798,0.0794489856457436
26342,0.393902581018279,0.208572118419399,0.276856841372215,0.120668459190107
26343,0.262733162455899,0.364248550746333,0.252535205641309,0.120483081156459
26344,0.202124430549135,0.28979189978032,0.347013517561388,0.161070152109158
26345,0.332273783032114,0.13643630621788,0.465117744278953,0.066172166471054
26346,0.0656828115945527,0.112237091765527,0.125451245586311,0.696628851053609
26347,0.201937445502236,0.676230465183218,0.0418522259346049,0.0799798633799418
26348,0.0821434215652477,0.1668575683226,0.603799403004241,0.147199607107912
26349,0.0953831184056715,0.1178989508232,0.571958037457956,0.214759893313173
26350,0.248856601178765,0.117113496646468,0.279932553893653,0.354097348281115
26351,0.0331260787542032,0.530132872701764,0.288887784355101,0.147853264188931
26352,0.109573007225694,0.232390624491037,0.109942959186515,0.548093409096754
26353,0.0662562747816699,0.469938412827786,0.151993209219729,0.311812103170815
26354,0.279051695761634,0.342371362951955,0.163963673909089,0.214613267377322
26355,0.161060493201346,0.149325285929391,0.222724402522871,0.466889818346392
26356,0.279426540812705,0.118582379419686,0.529119081431538,0.0728719983360713
26357,0.0788744908165431,0.239487569413637,0.32736991523724,0.354268024532581
26358,0.149524167853432,0.257035450495255,0.49426263594291,0.0991777457084039
26359,0.187885886126522,0.27560953993506,0.128501694310459,0.408002879627959
26360,0.246585770823005,0.420170861813417,0.216078442715578,0.117164924648
26361,0.162355837079755,0.141456432108016,0.474806571650933,0.221381159161296
26362,0.218228253124514,0.178025909488572,0.174687203696261,0.429058633690653
26363,0.0547689617292172,0.438533962994866,0.149079514543859,0.357617560732059
26364,0.618974697445234,0.148959766176253,0.0863703453675721,0.145695191010941
26365,0.0347924924116769,0.422952631549607,0.181700819358575,0.360554056680141
26366,0.319393678243659,0.195783292398284,0.296119569236186,0.188703460121871
26367,0.343650967711774,0.0955841805056584,0.12169880062017,0.439066051162397
26368,0.147067638465051,0.0942324448199902,0.574152983693755,0.184546933021204
26369,0.100997172262087,0.376981173988347,0.190264626311027,0.331757027438539
26370,0.621795391492417,0.172754195148049,0.0925218481895604,0.112928565169974
26371,0.0753553369130947,0.0977696083674858,0.249635215759286,0.577239838960133
26372,0.209660270702911,0.614267784691663,0.0812893473858826,0.0947825972195438
26373,0.102853835196004,0.652419334661626,0.129654857883777,0.115071972258594
26374,0.137980095760506,0.131071770878846,0.223987217156713,0.506960916203935
26375,0.0837836279394106,0.168361804177526,0.620160684631162,0.127693883251902
26376,0.505580778604837,0.193912076783224,0.133030920311746,0.167476224300193
26377,0.182655884262677,0.238703348491104,0.125403453001577,0.453237314244642
26378,0.134513045656718,0.11844017856171,0.396738994562448,0.350307781219124
26379,0.0723532229448634,0.140150985635927,0.675597661939405,0.111898129479805
26380,0.111321050991295,0.239930605994182,0.365818588591915,0.282929754422608
26381,0.680694105129665,0.0963328669183143,0.12101411403033,0.101958913921691
26382,0.293960914925447,0.208434636127421,0.240864618839897,0.256739830107236
26383,0.143106739796666,0.660403165364024,0.079349496839307,0.117140598000003
26384,0.210723553241067,0.0921860117800112,0.43541309686556,0.261677338113362
26385,0.0444730697552788,0.295152069005121,0.0792441770216549,0.581130684217946
26386,0.047006697251466,0.125178121036843,0.564496021363792,0.263319160347899
26387,0.0883718603825706,0.131408608751959,0.242698379440235,0.537521151425235
26388,0.200894060480147,0.157789385202845,0.356804707593673,0.284511846723335
26389,0.131258034302499,0.453113577558147,0.235280118983866,0.180348269155488
26390,0.262291594404973,0.34388369419135,0.219234066637868,0.174590644765809
26391,0.24397328594309,0.177615392408591,0.520109860458371,0.058301461189949
26392,0.186696698273203,0.361905004491049,0.341479076416713,0.109919220819035
26393,0.0976929911135465,0.27691047944482,0.313012975236682,0.312383554204952
26394,0.439008119497195,0.209288407963615,0.18386122025147,0.16784225228772
26395,0.593174558386981,0.133874737952161,0.0733793216124383,0.19957138204842
26396,0.317413895785063,0.22541155814456,0.201849899722901,0.255324646347475
26397,0.304247231995006,0.205214950148179,0.246950564396832,0.243587253459983
26398,0.249751333609794,0.257610862916135,0.0862064671983225,0.406431336275749
26399,0.23180170974007,0.459515613619352,0.112229987021005,0.196452689619573
26400,0.267991250007015,0.115865557135755,0.252142026875911,0.364001165981319
26401,0.206142829643601,0.298387574253206,0.31086491333127,0.184604682771922
26402,0.0406599881902809,0.53973961053342,0.191733886717639,0.22786651455866
26403,0.229191405583291,0.546333524473003,0.0878966361573686,0.136578433786338
26404,0.58795438456032,0.0855426827711933,0.140278648992377,0.18622428367611
26405,0.069804407844573,0.728965806548559,0.0865705787055201,0.114659206901348
26406,0.248851270295931,0.0927172981571879,0.552302883365552,0.106128548181329
26407,0.160599786755719,0.168443076520744,0.374135143720628,0.296821993002909
26408,0.261896579603889,0.108828120773931,0.381388211578542,0.247887088043639
26409,0.205114635705111,0.536400850866853,0.136190588880396,0.122293924547639
26410,0.0779266081193097,0.0935300206713698,0.540524247754097,0.288019123455223
26411,0.307278184986675,0.418936398060141,0.174319335670913,0.0994660812822705
26412,0.325352500641066,0.321221695420912,0.250553577432574,0.102872226505448
26413,0.199772788058096,0.16192544554251,0.46457538037218,0.173726386027214
26414,0.146728559646311,0.250923045960941,0.325939779238851,0.276408615153897
26415,0.345404937573643,0.478469210863322,0.110442545385572,0.0656833061774625
26416,0.139272286092273,0.208412503880157,0.531187621296056,0.121127588731515
26417,0.180038702199194,0.440550800829153,0.139959437399051,0.239451059572601
26418,0.240840120603885,0.265158263897851,0.197738558090519,0.296263057407744
26419,0.180866674965946,0.334163164300725,0.279369988523885,0.205600172209444
26420,0.518976882002575,0.125720530128642,0.172522383473409,0.182780204395373
26421,0.603427918581881,0.181865167826854,0.130311744064901,0.0843951695263646
26422,0.295381895856991,0.166703883503142,0.299252736003536,0.238661484636331
26423,0.125736015204666,0.383850462890698,0.324613297119823,0.165800224784814
26424,0.519056388483131,0.148231795026139,0.139369423628535,0.193342392862195
26425,0.181895545541263,0.189822865747651,0.468206572531205,0.160075016179881
26426,0.178585688950272,0.177193874921336,0.427333523721572,0.21688691240682
26427,0.174090033654585,0.492085449372418,0.210743532260118,0.12308098471288
26428,0.331783526769773,0.388343342869891,0.130856141011883,0.149016989348454
26429,0.0665029164774403,0.637503162156006,0.203299245574129,0.0926946757924249
26430,0.263907213919969,0.319684278568619,0.334408881444957,0.0819996260664545
26431,0.385297271811618,0.427190566156971,0.135866001298259,0.0516461607331517
26432,0.106099499586639,0.571619894435159,0.207772134035743,0.114508471942459
26433,0.261057964757704,0.35866433507496,0.26387252317187,0.116405176995465
26434,0.246163238935844,0.371330041519694,0.231555015641325,0.150951703903138
26435,0.248463413909487,0.393459356808192,0.149019628352933,0.209057600929388
26436,0.491601913363337,0.172128225545478,0.247864011522392,0.0884058495687928
26437,0.120381169978857,0.176492480156671,0.605958503104721,0.0971678467597515
26438,0.155852785412036,0.358178003859901,0.414894237955441,0.0710749727726217
26439,0.154432472342977,0.120437381967557,0.66793774540211,0.0571924002873567
26440,0.188841535036521,0.455339746279249,0.262414618213161,0.0934041004710698
26441,0.167882278139331,0.613764322076184,0.131571857328613,0.0867815424558727
26442,0.556164914010063,0.201745582094461,0.0935179634510746,0.148571540444402
26443,0.576554869340828,0.177693570788859,0.18627615069555,0.0594754091747623
26444,0.663636222453544,0.127273573087752,0.163477980002024,0.0456122244566806
26445,0.372185462711865,0.384324967018936,0.152993408616844,0.0904961616523554
26446,0.430345912286613,0.406742930864107,0.0726824824900706,0.0902286743592095
26447,0.282572416831846,0.336202307532708,0.30112154938938,0.0801037262460659
26448,0.236154501764793,0.368114863829822,0.295264273961629,0.100466360443757
26449,0.507632681568689,0.145554350452046,0.0524087791517888,0.294404188827476
26450,0.336191209437478,0.168677098536839,0.039689308356963,0.45544238366872
26451,0.293342242947983,0.35629932856637,0.236760704226993,0.113597724258653
26452,0.0759798274968328,0.379739904271335,0.196514594740749,0.347765673491083
26453,0.0537031393648928,0.135335420474843,0.643468161576484,0.16749327858378
26454,0.253574500356598,0.0536936372599959,0.260607382934665,0.432124479448741
26455,0.0760254380510201,0.358190095701543,0.0477579532509877,0.51802651299645
26456,0.122428075966665,0.135002615021558,0.201159303526437,0.541410005485341
26457,0.103627205036382,0.169019859626821,0.345353674162561,0.381999261174236
26458,0.100573562439382,0.371845315434764,0.07208094245604,0.455500179669815
26459,0.0276121902885704,0.0504832087696736,0.452144276826887,0.469760324114869
26460,0.0621070212374319,0.230726361799907,0.0496364000949988,0.657530216867663
26461,0.104147896636401,0.197247965979336,0.410487438043887,0.288116699340377
26462,0.417941992444282,0.287914376329143,0.0404217312602556,0.25372189996632
26463,0.0666364230678385,0.0791167523426726,0.514252030666532,0.339994793922957
26464,0.0265038559778553,0.252941954544364,0.214272220434512,0.506281969043269
26465,0.0279662335287985,0.279367503960458,0.17492524663894,0.517741015871803
26466,0.123481700694411,0.458117780272419,0.0315966604596996,0.38680385857347
26467,0.551027239686079,0.0358841776356385,0.0227441911074941,0.390344391570789
26468,0.267034559126588,0.435970353205292,0.218582619075028,0.0784124685930913
26469,0.39835798763476,0.300884072547059,0.197952646521484,0.102805293296696
26470,0.141260499944589,0.38111807295155,0.337852421859599,0.139769005244261
26471,0.497830963515887,0.24659578677799,0.208585196735018,0.0469880529711044
26472,0.0993384132534157,0.160148659672161,0.694339556321792,0.046173370752631
26473,0.589555214166497,0.136509597539921,0.161649179427875,0.112286008865708
26474,0.0971215469102782,0.304604064936238,0.482179884103034,0.11609450405045
26475,0.335137555891629,0.186116879225916,0.287028642053394,0.191716922829061
26476,0.186995152600606,0.31413641528453,0.196493668554532,0.302374763560332
26477,0.180237529852396,0.193236152750206,0.501544429446949,0.124981887950449
26478,0.260129788766155,0.243617546865477,0.343241962514464,0.153010701853904
26479,0.209915462370123,0.302183667418313,0.367244355724488,0.120656514487077
26480,0.402212480310518,0.256847366775374,0.229209940810706,0.111730212103402
26481,0.217962106223746,0.209459082485335,0.41137067832658,0.161208132964338
26482,0.282857316561424,0.182906831678656,0.401487265590374,0.132748586169546
26483,0.274713571655969,0.366566726632789,0.185117420042077,0.173602281669166
26484,0.139415213383882,0.198116527366367,0.53768438085415,0.124783878395601
26485,0.13997908809826,0.592199105372366,0.189507679153794,0.0783141273755803
26486,0.300824017480698,0.227084664753231,0.194709170985989,0.277382146780083
26487,0.0629406165897357,0.252307914588201,0.584705258588578,0.100046210233485
26488,0.157671006108276,0.337413668681097,0.311622319852022,0.193293005358605
26489,0.281582086185896,0.257057618911878,0.272949657330844,0.188410637571382
26490,0.267198969177655,0.22079127302767,0.312302541973561,0.199707215821114
26491,0.382388153881667,0.377026576442385,0.164579290236819,0.0760059794391295
26492,0.226055941031775,0.461491092377306,0.201336543634439,0.111116422956481
26493,0.155968315249886,0.0917789225954476,0.562116269859,0.190136492295667
26494,0.372772340586826,0.372027577230082,0.110372609632679,0.144827472550412
26495,0.556844401835909,0.1480711020024,0.0574961925234159,0.237588303638276
26496,0.143798357585727,0.111762155680522,0.680618123282529,0.063821363451222
26497,0.266357328408417,0.0862856489438064,0.551568944580108,0.0957880780676682
26498,0.529723237121938,0.0932665409001629,0.181763567243981,0.195246654733918
26499,0.255265571066509,0.141207561146292,0.359720673442305,0.243806194344895
26500,0.20469107240711,0.535778278182657,0.147322567531006,0.112208081879227
26501,0.44339003068181,0.175605527227655,0.208792697410026,0.172211744680508
26502,0.509552088992167,0.175018267467149,0.167330781605013,0.148098861935671
26503,0.138628677328342,0.567297607929282,0.205013721484751,0.0890599932576258
26504,0.118265250374659,0.11747035358158,0.34805866749268,0.416205728551081
26505,0.0715408661144943,0.474038678610082,0.230015670601115,0.224404784674308
26506,0.0852706442727444,0.309086433191746,0.294988441878004,0.310654480657505
26507,0.566076981758217,0.145813315617798,0.0735793064412419,0.214530396182743
26508,0.298074492199371,0.340017538635763,0.0448178442558693,0.317090124908997
26509,0.128548201139515,0.685635311116339,0.044637320994802,0.141179166749344
26510,0.173725211071894,0.239615629644287,0.177616441932055,0.409042717351764
26511,0.0743715975503781,0.287318019675957,0.559264315333043,0.0790460674406224
26512,0.0996267289251544,0.163089659163779,0.11692958958249,0.620354022328577
26513,0.113489284765265,0.364301049502001,0.401196052217989,0.121013613514746
26514,0.0960244632303839,0.406689522978812,0.150850778329584,0.346435235461219
26515,0.254955180142836,0.137254079702689,0.485270676958587,0.122520063195888
26516,0.171610539205072,0.0895878770230722,0.175524218967054,0.563277364804801
26517,0.171735251419128,0.341496250370623,0.137234677709913,0.349533820500336
26518,0.127538384217963,0.0639555656261983,0.365499296111372,0.443006754044466
26519,0.413829477555521,0.183253859101112,0.111053506497044,0.291863156846323
26520,0.593321325316618,0.104439774516134,0.0669739749434647,0.235264925223783
26521,0.159756069496266,0.439684048609376,0.0694785676321086,0.33108131426225
26522,0.822613565641513,0.059596116746671,0.0422156757959499,0.0755746418158664
26523,0.0547499687206648,0.398779457913152,0.302066683264765,0.244403890101418
26524,0.371787306613478,0.077031390201994,0.0752077779085967,0.475973525275931
26525,0.323573055056523,0.140836863485734,0.146958766860749,0.388631314596994
26526,0.149130401450836,0.536614878883304,0.23167581490539,0.0825789047604702
26527,0.184325536063485,0.202943303601264,0.41616903832689,0.196562122008362
26528,0.0717065488577632,0.538922462630259,0.309399857696671,0.0799711308153071
26529,0.282749294327285,0.130504284224185,0.489938609028969,0.0968078124195604
26530,0.522655397650147,0.264451622910453,0.107349652726359,0.105543326713041
26531,0.113608232071855,0.240761596986743,0.469624395531749,0.176005775409653
26532,0.194421765099155,0.618947538576792,0.0964839381192251,0.090146758204828
26533,0.126934704761801,0.606938921037012,0.163912714097414,0.102213660103773
26534,0.631329386488863,0.142359103643827,0.147700742567192,0.0786107673001179
26535,0.0985597662031377,0.251240443501838,0.527566343268308,0.122633447026716
26536,0.169813774604946,0.151650467643801,0.234333899321402,0.444201858429851
26537,0.213880642148475,0.505414286075316,0.154127798880952,0.126577272895256
26538,0.0774350830816578,0.101310885515299,0.679684117171321,0.141569914231723
26539,0.103071005420016,0.488493958594572,0.273300226330247,0.135134809655165
26540,0.313778746980655,0.346187193628198,0.216302084949367,0.123731974441781
26541,0.381591807980706,0.143600405552744,0.0436985147165771,0.431109271749973
26542,0.314567518058703,0.258530353960769,0.187328810468948,0.23957331751158
26543,0.318138124741575,0.339461272819357,0.0494512793335024,0.292949323105566
26544,0.155546082025939,0.470452583996682,0.163185931557413,0.210815402419966
26545,0.244796894233884,0.18470414003239,0.146235647958852,0.424263317774875
26546,0.209136159110429,0.283164933741161,0.277809812226325,0.229889094922085
26547,0.510085180904079,0.132471123849085,0.0808055067494457,0.276638188497391
26548,0.46278844410894,0.157180844566402,0.300350977835509,0.0796797334891497
26549,0.129945904200394,0.179091704127642,0.548379653360192,0.142582738311772
26550,0.147950797020387,0.108650355092763,0.670825497615534,0.0725733502713159
26551,0.138801465075627,0.313315417492924,0.413182450043274,0.134700667388175
26552,0.301382431078118,0.158359416211833,0.274273484472635,0.265984668237414
26553,0.230913880104848,0.475779064573092,0.126356590196172,0.166950465125889
26554,0.353767084475017,0.347498610657835,0.239234643519115,0.0594996613480321
26555,0.138659172597229,0.0967614129451765,0.553632205796928,0.210947208660666
26556,0.184849070955699,0.181957402860463,0.25802169158196,0.375171834601878
26557,0.346357267040483,0.117724310180303,0.084290703660363,0.451627719118851
26558,0.214356087234917,0.172827144649108,0.479263694697226,0.13355307341875
26559,0.301454218889505,0.335817383876268,0.0619105532974163,0.300817843936811
26560,0.152252004386354,0.161423170072031,0.496296510666824,0.190028314874791
26561,0.127982188804693,0.442283374223316,0.144484740820427,0.285249696151565
26562,0.107530729170978,0.309912795215006,0.426346837061154,0.156209638552862
