Warning messages:
1: package 'data.table' was built under R version 4.6.1 
2: package 'bayesm' was built under R version 4.6.1 
rooti convention check: OK
dropped as unidentified: HU_L2 
nvar (part-worths per respondent): 73 
nz (demographic covariates, no intercept): 6 
[main-full] fit on 1135 respondents / 21565 tasks; score 263 respondents / 4997 tasks
[main-full] nlgt=1135  nvar=73  nz=6  tasks/resp=19-19  ncomp=3
Table of Y values pooled over all units
ypooled
   1    2    3    4 
4754 5394 4898 6519 
 
Starting MCMC Inference for Hierarchical Logit:
   Normal Mixture with 3 components for first stage prior
   4  alternatives;  73  variables in X
   for  1135  cross-sectional units
 
Prior Parms: 
nu = 78
V 
      [,1] [,2] [,3] [,4] [,5] [,6] [,7] [,8] [,9] [,10] [,11] [,12] [,13]
 [1,]    4    0    0    0    0    0    0    0    0     0     0     0     0
 [2,]    0    4    0    0    0    0    0    0    0     0     0     0     0
 [3,]    0    0    4    0    0    0    0    0    0     0     0     0     0
 [4,]    0    0    0    4    0    0    0    0    0     0     0     0     0
 [5,]    0    0    0    0    4    0    0    0    0     0     0     0     0
 [6,]    0    0    0    0    0    4    0    0    0     0     0     0     0
 [7,]    0    0    0    0    0    0    4    0    0     0     0     0     0
 [8,]    0    0    0    0    0    0    0    4    0     0     0     0     0
 [9,]    0    0    0    0    0    0    0    0    4     0     0     0     0
[10,]    0    0    0    0    0    0    0    0    0     4     0     0     0
[11,]    0    0    0    0    0    0    0    0    0     0     4     0     0
[12,]    0    0    0    0    0    0    0    0    0     0     0     4     0
[13,]    0    0    0    0    0    0    0    0    0     0     0     0     4
[14,]    0    0    0    0    0    0    0    0    0     0     0     0     0
[15,]    0    0    0    0    0    0    0    0    0     0     0     0     0
[16,]    0    0    0    0    0    0    0    0    0     0     0     0     0
[17,]    0    0    0    0    0    0    0    0    0     0     0     0     0
[18,]    0    0    0    0    0    0    0    0    0     0     0     0     0
[19,]    0    0    0    0    0    0    0    0    0     0     0     0     0
[20,]    0    0    0    0    0    0    0    0    0     0     0     0     0
[21,]    0    0    0    0    0    0    0    0    0     0     0     0     0
[22,]    0    0    0    0    0    0    0    0    0     0     0     0     0
[23,]    0    0    0    0    0    0    0    0    0     0     0     0     0
[24,]    0    0    0    0    0    0    0    0    0     0     0     0     0
[25,]    0    0    0    0    0    0    0    0    0     0     0     0     0
[26,]    0    0    0    0    0    0    0    0    0     0     0     0     0
[27,]    0    0    0    0    0    0    0    0    0     0     0     0     0
[28,]    0    0    0    0    0    0    0    0    0     0     0     0     0
[29,]    0    0    0    0    0    0    0    0    0     0     0     0     0
[30,]    0    0    0    0    0    0    0    0    0     0     0     0     0
[31,]    0    0    0    0    0    0    0    0    0     0     0     0     0
[32,]    0    0    0    0    0    0    0    0    0     0     0     0     0
[33,]    0    0    0    0    0    0    0    0    0     0     0     0     0
[34,]    0    0    0    0    0    0    0    0    0     0     0     0     0
[35,]    0    0    0    0    0    0    0    0    0     0     0     0     0
[36,]    0    0    0    0    0    0    0    0    0     0     0     0     0
[37,]    0    0    0    0    0    0    0    0    0     0     0     0     0
[38,]    0    0    0    0    0    0    0    0    0     0     0     0     0
[39,]    0    0    0    0    0    0    0    0    0     0     0     0     0
[40,]    0    0    0    0    0    0    0    0    0     0     0     0     0
[41,]    0    0    0    0    0    0    0    0    0     0     0     0     0
[42,]    0    0    0    0    0    0    0    0    0     0     0     0     0
[43,]    0    0    0    0    0    0    0    0    0     0     0     0     0
[44,]    0    0    0    0    0    0    0    0    0     0     0     0     0
[45,]    0    0    0    0    0    0    0    0    0     0     0     0     0
[46,]    0    0    0    0    0    0    0    0    0     0     0     0     0
[47,]    0    0    0    0    0    0    0    0    0     0     0     0     0
[48,]    0    0    0    0    0    0    0    0    0     0     0     0     0
[49,]    0    0    0    0    0    0    0    0    0     0     0     0     0
[50,]    0    0    0    0    0    0    0    0    0     0     0     0     0
[51,]    0    0    0    0    0    0    0    0    0     0     0     0     0
[52,]    0    0    0    0    0    0    0    0    0     0     0     0     0
[53,]    0    0    0    0    0    0    0    0    0     0     0     0     0
[54,]    0    0    0    0    0    0    0    0    0     0     0     0     0
[55,]    0    0    0    0    0    0    0    0    0     0     0     0     0
[56,]    0    0    0    0    0    0    0    0    0     0     0     0     0
[57,]    0    0    0    0    0    0    0    0    0     0     0     0     0
[58,]    0    0    0    0    0    0    0    0    0     0     0     0     0
[59,]    0    0    0    0    0    0    0    0    0     0     0     0     0
[60,]    0    0    0    0    0    0    0    0    0     0     0     0     0
[61,]    0    0    0    0    0    0    0    0    0     0     0     0     0
[62,]    0    0    0    0    0    0    0    0    0     0     0     0     0
[63,]    0    0    0    0    0    0    0    0    0     0     0     0     0
[64,]    0    0    0    0    0    0    0    0    0     0     0     0     0
[65,]    0    0    0    0    0    0    0    0    0     0     0     0     0
[66,]    0    0    0    0    0    0    0    0    0     0     0     0     0
[67,]    0    0    0    0    0    0    0    0    0     0     0     0     0
[68,]    0    0    0    0    0    0    0    0    0     0     0     0     0
[69,]    0    0    0    0    0    0    0    0    0     0     0     0     0
[70,]    0    0    0    0    0    0    0    0    0     0     0     0     0
[71,]    0    0    0    0    0    0    0    0    0     0     0     0     0
[72,]    0    0    0    0    0    0    0    0    0     0     0     0     0
[73,]    0    0    0    0    0    0    0    0    0     0     0     0     0
      [,14] [,15] [,16] [,17] [,18] [,19] [,20] [,21] [,22] [,23] [,24] [,25]
 [1,]     0     0     0     0     0     0     0     0     0     0     0     0
 [2,]     0     0     0     0     0     0     0     0     0     0     0     0
 [3,]     0     0     0     0     0     0     0     0     0     0     0     0
 [4,]     0     0     0     0     0     0     0     0     0     0     0     0
 [5,]     0     0     0     0     0     0     0     0     0     0     0     0
 [6,]     0     0     0     0     0     0     0     0     0     0     0     0
 [7,]     0     0     0     0     0     0     0     0     0     0     0     0
 [8,]     0     0     0     0     0     0     0     0     0     0     0     0
 [9,]     0     0     0     0     0     0     0     0     0     0     0     0
[10,]     0     0     0     0     0     0     0     0     0     0     0     0
[11,]     0     0     0     0     0     0     0     0     0     0     0     0
[12,]     0     0     0     0     0     0     0     0     0     0     0     0
[13,]     0     0     0     0     0     0     0     0     0     0     0     0
[14,]     4     0     0     0     0     0     0     0     0     0     0     0
[15,]     0     4     0     0     0     0     0     0     0     0     0     0
[16,]     0     0     4     0     0     0     0     0     0     0     0     0
[17,]     0     0     0     4     0     0     0     0     0     0     0     0
[18,]     0     0     0     0     4     0     0     0     0     0     0     0
[19,]     0     0     0     0     0     4     0     0     0     0     0     0
[20,]     0     0     0     0     0     0     4     0     0     0     0     0
[21,]     0     0     0     0     0     0     0     4     0     0     0     0
[22,]     0     0     0     0     0     0     0     0     4     0     0     0
[23,]     0     0     0     0     0     0     0     0     0     4     0     0
[24,]     0     0     0     0     0     0     0     0     0     0     4     0
[25,]     0     0     0     0     0     0     0     0     0     0     0     4
[26,]     0     0     0     0     0     0     0     0     0     0     0     0
[27,]     0     0     0     0     0     0     0     0     0     0     0     0
[28,]     0     0     0     0     0     0     0     0     0     0     0     0
[29,]     0     0     0     0     0     0     0     0     0     0     0     0
[30,]     0     0     0     0     0     0     0     0     0     0     0     0
[31,]     0     0     0     0     0     0     0     0     0     0     0     0
[32,]     0     0     0     0     0     0     0     0     0     0     0     0
[33,]     0     0     0     0     0     0     0     0     0     0     0     0
[34,]     0     0     0     0     0     0     0     0     0     0     0     0
[35,]     0     0     0     0     0     0     0     0     0     0     0     0
[36,]     0     0     0     0     0     0     0     0     0     0     0     0
[37,]     0     0     0     0     0     0     0     0     0     0     0     0
[38,]     0     0     0     0     0     0     0     0     0     0     0     0
[39,]     0     0     0     0     0     0     0     0     0     0     0     0
[40,]     0     0     0     0     0     0     0     0     0     0     0     0
[41,]     0     0     0     0     0     0     0     0     0     0     0     0
[42,]     0     0     0     0     0     0     0     0     0     0     0     0
[43,]     0     0     0     0     0     0     0     0     0     0     0     0
[44,]     0     0     0     0     0     0     0     0     0     0     0     0
[45,]     0     0     0     0     0     0     0     0     0     0     0     0
[46,]     0     0     0     0     0     0     0     0     0     0     0     0
[47,]     0     0     0     0     0     0     0     0     0     0     0     0
[48,]     0     0     0     0     0     0     0     0     0     0     0     0
[49,]     0     0     0     0     0     0     0     0     0     0     0     0
[50,]     0     0     0     0     0     0     0     0     0     0     0     0
[51,]     0     0     0     0     0     0     0     0     0     0     0     0
[52,]     0     0     0     0     0     0     0     0     0     0     0     0
[53,]     0     0     0     0     0     0     0     0     0     0     0     0
[54,]     0     0     0     0     0     0     0     0     0     0     0     0
[55,]     0     0     0     0     0     0     0     0     0     0     0     0
[56,]     0     0     0     0     0     0     0     0     0     0     0     0
[57,]     0     0     0     0     0     0     0     0     0     0     0     0
[58,]     0     0     0     0     0     0     0     0     0     0     0     0
[59,]     0     0     0     0     0     0     0     0     0     0     0     0
[60,]     0     0     0     0     0     0     0     0     0     0     0     0
[61,]     0     0     0     0     0     0     0     0     0     0     0     0
[62,]     0     0     0     0     0     0     0     0     0     0     0     0
[63,]     0     0     0     0     0     0     0     0     0     0     0     0
[64,]     0     0     0     0     0     0     0     0     0     0     0     0
[65,]     0     0     0     0     0     0     0     0     0     0     0     0
[66,]     0     0     0     0     0     0     0     0     0     0     0     0
[67,]     0     0     0     0     0     0     0     0     0     0     0     0
[68,]     0     0     0     0     0     0     0     0     0     0     0     0
[69,]     0     0     0     0     0     0     0     0     0     0     0     0
[70,]     0     0     0     0     0     0     0     0     0     0     0     0
[71,]     0     0     0     0     0     0     0     0     0     0     0     0
[72,]     0     0     0     0     0     0     0     0     0     0     0     0
[73,]     0     0     0     0     0     0     0     0     0     0     0     0
      [,26] [,27] [,28] [,29] [,30] [,31] [,32] [,33] [,34] [,35] [,36] [,37]
 [1,]     0     0     0     0     0     0     0     0     0     0     0     0
 [2,]     0     0     0     0     0     0     0     0     0     0     0     0
 [3,]     0     0     0     0     0     0     0     0     0     0     0     0
 [4,]     0     0     0     0     0     0     0     0     0     0     0     0
 [5,]     0     0     0     0     0     0     0     0     0     0     0     0
 [6,]     0     0     0     0     0     0     0     0     0     0     0     0
 [7,]     0     0     0     0     0     0     0     0     0     0     0     0
 [8,]     0     0     0     0     0     0     0     0     0     0     0     0
 [9,]     0     0     0     0     0     0     0     0     0     0     0     0
[10,]     0     0     0     0     0     0     0     0     0     0     0     0
[11,]     0     0     0     0     0     0     0     0     0     0     0     0
[12,]     0     0     0     0     0     0     0     0     0     0     0     0
[13,]     0     0     0     0     0     0     0     0     0     0     0     0
[14,]     0     0     0     0     0     0     0     0     0     0     0     0
[15,]     0     0     0     0     0     0     0     0     0     0     0     0
[16,]     0     0     0     0     0     0     0     0     0     0     0     0
[17,]     0     0     0     0     0     0     0     0     0     0     0     0
[18,]     0     0     0     0     0     0     0     0     0     0     0     0
[19,]     0     0     0     0     0     0     0     0     0     0     0     0
[20,]     0     0     0     0     0     0     0     0     0     0     0     0
[21,]     0     0     0     0     0     0     0     0     0     0     0     0
[22,]     0     0     0     0     0     0     0     0     0     0     0     0
[23,]     0     0     0     0     0     0     0     0     0     0     0     0
[24,]     0     0     0     0     0     0     0     0     0     0     0     0
[25,]     0     0     0     0     0     0     0     0     0     0     0     0
[26,]     4     0     0     0     0     0     0     0     0     0     0     0
[27,]     0     4     0     0     0     0     0     0     0     0     0     0
[28,]     0     0     4     0     0     0     0     0     0     0     0     0
[29,]     0     0     0     4     0     0     0     0     0     0     0     0
[30,]     0     0     0     0     4     0     0     0     0     0     0     0
[31,]     0     0     0     0     0     4     0     0     0     0     0     0
[32,]     0     0     0     0     0     0     4     0     0     0     0     0
[33,]     0     0     0     0     0     0     0     4     0     0     0     0
[34,]     0     0     0     0     0     0     0     0     4     0     0     0
[35,]     0     0     0     0     0     0     0     0     0     4     0     0
[36,]     0     0     0     0     0     0     0     0     0     0     4     0
[37,]     0     0     0     0     0     0     0     0     0     0     0     4
[38,]     0     0     0     0     0     0     0     0     0     0     0     0
[39,]     0     0     0     0     0     0     0     0     0     0     0     0
[40,]     0     0     0     0     0     0     0     0     0     0     0     0
[41,]     0     0     0     0     0     0     0     0     0     0     0     0
[42,]     0     0     0     0     0     0     0     0     0     0     0     0
[43,]     0     0     0     0     0     0     0     0     0     0     0     0
[44,]     0     0     0     0     0     0     0     0     0     0     0     0
[45,]     0     0     0     0     0     0     0     0     0     0     0     0
[46,]     0     0     0     0     0     0     0     0     0     0     0     0
[47,]     0     0     0     0     0     0     0     0     0     0     0     0
[48,]     0     0     0     0     0     0     0     0     0     0     0     0
[49,]     0     0     0     0     0     0     0     0     0     0     0     0
[50,]     0     0     0     0     0     0     0     0     0     0     0     0
[51,]     0     0     0     0     0     0     0     0     0     0     0     0
[52,]     0     0     0     0     0     0     0     0     0     0     0     0
[53,]     0     0     0     0     0     0     0     0     0     0     0     0
[54,]     0     0     0     0     0     0     0     0     0     0     0     0
[55,]     0     0     0     0     0     0     0     0     0     0     0     0
[56,]     0     0     0     0     0     0     0     0     0     0     0     0
[57,]     0     0     0     0     0     0     0     0     0     0     0     0
[58,]     0     0     0     0     0     0     0     0     0     0     0     0
[59,]     0     0     0     0     0     0     0     0     0     0     0     0
[60,]     0     0     0     0     0     0     0     0     0     0     0     0
[61,]     0     0     0     0     0     0     0     0     0     0     0     0
[62,]     0     0     0     0     0     0     0     0     0     0     0     0
[63,]     0     0     0     0     0     0     0     0     0     0     0     0
[64,]     0     0     0     0     0     0     0     0     0     0     0     0
[65,]     0     0     0     0     0     0     0     0     0     0     0     0
[66,]     0     0     0     0     0     0     0     0     0     0     0     0
[67,]     0     0     0     0     0     0     0     0     0     0     0     0
[68,]     0     0     0     0     0     0     0     0     0     0     0     0
[69,]     0     0     0     0     0     0     0     0     0     0     0     0
[70,]     0     0     0     0     0     0     0     0     0     0     0     0
[71,]     0     0     0     0     0     0     0     0     0     0     0     0
[72,]     0     0     0     0     0     0     0     0     0     0     0     0
[73,]     0     0     0     0     0     0     0     0     0     0     0     0
      [,38] [,39] [,40] [,41] [,42] [,43] [,44] [,45] [,46] [,47] [,48] [,49]
 [1,]     0     0     0     0     0     0     0     0     0     0     0     0
 [2,]     0     0     0     0     0     0     0     0     0     0     0     0
 [3,]     0     0     0     0     0     0     0     0     0     0     0     0
 [4,]     0     0     0     0     0     0     0     0     0     0     0     0
 [5,]     0     0     0     0     0     0     0     0     0     0     0     0
 [6,]     0     0     0     0     0     0     0     0     0     0     0     0
 [7,]     0     0     0     0     0     0     0     0     0     0     0     0
 [8,]     0     0     0     0     0     0     0     0     0     0     0     0
 [9,]     0     0     0     0     0     0     0     0     0     0     0     0
[10,]     0     0     0     0     0     0     0     0     0     0     0     0
[11,]     0     0     0     0     0     0     0     0     0     0     0     0
[12,]     0     0     0     0     0     0     0     0     0     0     0     0
[13,]     0     0     0     0     0     0     0     0     0     0     0     0
[14,]     0     0     0     0     0     0     0     0     0     0     0     0
[15,]     0     0     0     0     0     0     0     0     0     0     0     0
[16,]     0     0     0     0     0     0     0     0     0     0     0     0
[17,]     0     0     0     0     0     0     0     0     0     0     0     0
[18,]     0     0     0     0     0     0     0     0     0     0     0     0
[19,]     0     0     0     0     0     0     0     0     0     0     0     0
[20,]     0     0     0     0     0     0     0     0     0     0     0     0
[21,]     0     0     0     0     0     0     0     0     0     0     0     0
[22,]     0     0     0     0     0     0     0     0     0     0     0     0
[23,]     0     0     0     0     0     0     0     0     0     0     0     0
[24,]     0     0     0     0     0     0     0     0     0     0     0     0
[25,]     0     0     0     0     0     0     0     0     0     0     0     0
[26,]     0     0     0     0     0     0     0     0     0     0     0     0
[27,]     0     0     0     0     0     0     0     0     0     0     0     0
[28,]     0     0     0     0     0     0     0     0     0     0     0     0
[29,]     0     0     0     0     0     0     0     0     0     0     0     0
[30,]     0     0     0     0     0     0     0     0     0     0     0     0
[31,]     0     0     0     0     0     0     0     0     0     0     0     0
[32,]     0     0     0     0     0     0     0     0     0     0     0     0
[33,]     0     0     0     0     0     0     0     0     0     0     0     0
[34,]     0     0     0     0     0     0     0     0     0     0     0     0
[35,]     0     0     0     0     0     0     0     0     0     0     0     0
[36,]     0     0     0     0     0     0     0     0     0     0     0     0
[37,]     0     0     0     0     0     0     0     0     0     0     0     0
[38,]     4     0     0     0     0     0     0     0     0     0     0     0
[39,]     0     4     0     0     0     0     0     0     0     0     0     0
[40,]     0     0     4     0     0     0     0     0     0     0     0     0
[41,]     0     0     0     4     0     0     0     0     0     0     0     0
[42,]     0     0     0     0     4     0     0     0     0     0     0     0
[43,]     0     0     0     0     0     4     0     0     0     0     0     0
[44,]     0     0     0     0     0     0     4     0     0     0     0     0
[45,]     0     0     0     0     0     0     0     4     0     0     0     0
[46,]     0     0     0     0     0     0     0     0     4     0     0     0
[47,]     0     0     0     0     0     0     0     0     0     4     0     0
[48,]     0     0     0     0     0     0     0     0     0     0     4     0
[49,]     0     0     0     0     0     0     0     0     0     0     0     4
[50,]     0     0     0     0     0     0     0     0     0     0     0     0
[51,]     0     0     0     0     0     0     0     0     0     0     0     0
[52,]     0     0     0     0     0     0     0     0     0     0     0     0
[53,]     0     0     0     0     0     0     0     0     0     0     0     0
[54,]     0     0     0     0     0     0     0     0     0     0     0     0
[55,]     0     0     0     0     0     0     0     0     0     0     0     0
[56,]     0     0     0     0     0     0     0     0     0     0     0     0
[57,]     0     0     0     0     0     0     0     0     0     0     0     0
[58,]     0     0     0     0     0     0     0     0     0     0     0     0
[59,]     0     0     0     0     0     0     0     0     0     0     0     0
[60,]     0     0     0     0     0     0     0     0     0     0     0     0
[61,]     0     0     0     0     0     0     0     0     0     0     0     0
[62,]     0     0     0     0     0     0     0     0     0     0     0     0
[63,]     0     0     0     0     0     0     0     0     0     0     0     0
[64,]     0     0     0     0     0     0     0     0     0     0     0     0
[65,]     0     0     0     0     0     0     0     0     0     0     0     0
[66,]     0     0     0     0     0     0     0     0     0     0     0     0
[67,]     0     0     0     0     0     0     0     0     0     0     0     0
[68,]     0     0     0     0     0     0     0     0     0     0     0     0
[69,]     0     0     0     0     0     0     0     0     0     0     0     0
[70,]     0     0     0     0     0     0     0     0     0     0     0     0
[71,]     0     0     0     0     0     0     0     0     0     0     0     0
[72,]     0     0     0     0     0     0     0     0     0     0     0     0
[73,]     0     0     0     0     0     0     0     0     0     0     0     0
      [,50] [,51] [,52] [,53] [,54] [,55] [,56] [,57] [,58] [,59] [,60] [,61]
 [1,]     0     0     0     0     0     0     0     0     0     0     0     0
 [2,]     0     0     0     0     0     0     0     0     0     0     0     0
 [3,]     0     0     0     0     0     0     0     0     0     0     0     0
 [4,]     0     0     0     0     0     0     0     0     0     0     0     0
 [5,]     0     0     0     0     0     0     0     0     0     0     0     0
 [6,]     0     0     0     0     0     0     0     0     0     0     0     0
 [7,]     0     0     0     0     0     0     0     0     0     0     0     0
 [8,]     0     0     0     0     0     0     0     0     0     0     0     0
 [9,]     0     0     0     0     0     0     0     0     0     0     0     0
[10,]     0     0     0     0     0     0     0     0     0     0     0     0
[11,]     0     0     0     0     0     0     0     0     0     0     0     0
[12,]     0     0     0     0     0     0     0     0     0     0     0     0
[13,]     0     0     0     0     0     0     0     0     0     0     0     0
[14,]     0     0     0     0     0     0     0     0     0     0     0     0
[15,]     0     0     0     0     0     0     0     0     0     0     0     0
[16,]     0     0     0     0     0     0     0     0     0     0     0     0
[17,]     0     0     0     0     0     0     0     0     0     0     0     0
[18,]     0     0     0     0     0     0     0     0     0     0     0     0
[19,]     0     0     0     0     0     0     0     0     0     0     0     0
[20,]     0     0     0     0     0     0     0     0     0     0     0     0
[21,]     0     0     0     0     0     0     0     0     0     0     0     0
[22,]     0     0     0     0     0     0     0     0     0     0     0     0
[23,]     0     0     0     0     0     0     0     0     0     0     0     0
[24,]     0     0     0     0     0     0     0     0     0     0     0     0
[25,]     0     0     0     0     0     0     0     0     0     0     0     0
[26,]     0     0     0     0     0     0     0     0     0     0     0     0
[27,]     0     0     0     0     0     0     0     0     0     0     0     0
[28,]     0     0     0     0     0     0     0     0     0     0     0     0
[29,]     0     0     0     0     0     0     0     0     0     0     0     0
[30,]     0     0     0     0     0     0     0     0     0     0     0     0
[31,]     0     0     0     0     0     0     0     0     0     0     0     0
[32,]     0     0     0     0     0     0     0     0     0     0     0     0
[33,]     0     0     0     0     0     0     0     0     0     0     0     0
[34,]     0     0     0     0     0     0     0     0     0     0     0     0
[35,]     0     0     0     0     0     0     0     0     0     0     0     0
[36,]     0     0     0     0     0     0     0     0     0     0     0     0
[37,]     0     0     0     0     0     0     0     0     0     0     0     0
[38,]     0     0     0     0     0     0     0     0     0     0     0     0
[39,]     0     0     0     0     0     0     0     0     0     0     0     0
[40,]     0     0     0     0     0     0     0     0     0     0     0     0
[41,]     0     0     0     0     0     0     0     0     0     0     0     0
[42,]     0     0     0     0     0     0     0     0     0     0     0     0
[43,]     0     0     0     0     0     0     0     0     0     0     0     0
[44,]     0     0     0     0     0     0     0     0     0     0     0     0
[45,]     0     0     0     0     0     0     0     0     0     0     0     0
[46,]     0     0     0     0     0     0     0     0     0     0     0     0
[47,]     0     0     0     0     0     0     0     0     0     0     0     0
[48,]     0     0     0     0     0     0     0     0     0     0     0     0
[49,]     0     0     0     0     0     0     0     0     0     0     0     0
[50,]     4     0     0     0     0     0     0     0     0     0     0     0
[51,]     0     4     0     0     0     0     0     0     0     0     0     0
[52,]     0     0     4     0     0     0     0     0     0     0     0     0
[53,]     0     0     0     4     0     0     0     0     0     0     0     0
[54,]     0     0     0     0     4     0     0     0     0     0     0     0
[55,]     0     0     0     0     0     4     0     0     0     0     0     0
[56,]     0     0     0     0     0     0     4     0     0     0     0     0
[57,]     0     0     0     0     0     0     0     4     0     0     0     0
[58,]     0     0     0     0     0     0     0     0     4     0     0     0
[59,]     0     0     0     0     0     0     0     0     0     4     0     0
[60,]     0     0     0     0     0     0     0     0     0     0     4     0
[61,]     0     0     0     0     0     0     0     0     0     0     0     4
[62,]     0     0     0     0     0     0     0     0     0     0     0     0
[63,]     0     0     0     0     0     0     0     0     0     0     0     0
[64,]     0     0     0     0     0     0     0     0     0     0     0     0
[65,]     0     0     0     0     0     0     0     0     0     0     0     0
[66,]     0     0     0     0     0     0     0     0     0     0     0     0
[67,]     0     0     0     0     0     0     0     0     0     0     0     0
[68,]     0     0     0     0     0     0     0     0     0     0     0     0
[69,]     0     0     0     0     0     0     0     0     0     0     0     0
[70,]     0     0     0     0     0     0     0     0     0     0     0     0
[71,]     0     0     0     0     0     0     0     0     0     0     0     0
[72,]     0     0     0     0     0     0     0     0     0     0     0     0
[73,]     0     0     0     0     0     0     0     0     0     0     0     0
      [,62] [,63] [,64] [,65] [,66] [,67] [,68] [,69] [,70] [,71] [,72] [,73]
 [1,]     0     0     0     0     0     0     0     0     0     0     0     0
 [2,]     0     0     0     0     0     0     0     0     0     0     0     0
 [3,]     0     0     0     0     0     0     0     0     0     0     0     0
 [4,]     0     0     0     0     0     0     0     0     0     0     0     0
 [5,]     0     0     0     0     0     0     0     0     0     0     0     0
 [6,]     0     0     0     0     0     0     0     0     0     0     0     0
 [7,]     0     0     0     0     0     0     0     0     0     0     0     0
 [8,]     0     0     0     0     0     0     0     0     0     0     0     0
 [9,]     0     0     0     0     0     0     0     0     0     0     0     0
[10,]     0     0     0     0     0     0     0     0     0     0     0     0
[11,]     0     0     0     0     0     0     0     0     0     0     0     0
[12,]     0     0     0     0     0     0     0     0     0     0     0     0
[13,]     0     0     0     0     0     0     0     0     0     0     0     0
[14,]     0     0     0     0     0     0     0     0     0     0     0     0
[15,]     0     0     0     0     0     0     0     0     0     0     0     0
[16,]     0     0     0     0     0     0     0     0     0     0     0     0
[17,]     0     0     0     0     0     0     0     0     0     0     0     0
[18,]     0     0     0     0     0     0     0     0     0     0     0     0
[19,]     0     0     0     0     0     0     0     0     0     0     0     0
[20,]     0     0     0     0     0     0     0     0     0     0     0     0
[21,]     0     0     0     0     0     0     0     0     0     0     0     0
[22,]     0     0     0     0     0     0     0     0     0     0     0     0
[23,]     0     0     0     0     0     0     0     0     0     0     0     0
[24,]     0     0     0     0     0     0     0     0     0     0     0     0
[25,]     0     0     0     0     0     0     0     0     0     0     0     0
[26,]     0     0     0     0     0     0     0     0     0     0     0     0
[27,]     0     0     0     0     0     0     0     0     0     0     0     0
[28,]     0     0     0     0     0     0     0     0     0     0     0     0
[29,]     0     0     0     0     0     0     0     0     0     0     0     0
[30,]     0     0     0     0     0     0     0     0     0     0     0     0
[31,]     0     0     0     0     0     0     0     0     0     0     0     0
[32,]     0     0     0     0     0     0     0     0     0     0     0     0
[33,]     0     0     0     0     0     0     0     0     0     0     0     0
[34,]     0     0     0     0     0     0     0     0     0     0     0     0
[35,]     0     0     0     0     0     0     0     0     0     0     0     0
[36,]     0     0     0     0     0     0     0     0     0     0     0     0
[37,]     0     0     0     0     0     0     0     0     0     0     0     0
[38,]     0     0     0     0     0     0     0     0     0     0     0     0
[39,]     0     0     0     0     0     0     0     0     0     0     0     0
[40,]     0     0     0     0     0     0     0     0     0     0     0     0
[41,]     0     0     0     0     0     0     0     0     0     0     0     0
[42,]     0     0     0     0     0     0     0     0     0     0     0     0
[43,]     0     0     0     0     0     0     0     0     0     0     0     0
[44,]     0     0     0     0     0     0     0     0     0     0     0     0
[45,]     0     0     0     0     0     0     0     0     0     0     0     0
[46,]     0     0     0     0     0     0     0     0     0     0     0     0
[47,]     0     0     0     0     0     0     0     0     0     0     0     0
[48,]     0     0     0     0     0     0     0     0     0     0     0     0
[49,]     0     0     0     0     0     0     0     0     0     0     0     0
[50,]     0     0     0     0     0     0     0     0     0     0     0     0
[51,]     0     0     0     0     0     0     0     0     0     0     0     0
[52,]     0     0     0     0     0     0     0     0     0     0     0     0
[53,]     0     0     0     0     0     0     0     0     0     0     0     0
[54,]     0     0     0     0     0     0     0     0     0     0     0     0
[55,]     0     0     0     0     0     0     0     0     0     0     0     0
[56,]     0     0     0     0     0     0     0     0     0     0     0     0
[57,]     0     0     0     0     0     0     0     0     0     0     0     0
[58,]     0     0     0     0     0     0     0     0     0     0     0     0
[59,]     0     0     0     0     0     0     0     0     0     0     0     0
[60,]     0     0     0     0     0     0     0     0     0     0     0     0
[61,]     0     0     0     0     0     0     0     0     0     0     0     0
[62,]     4     0     0     0     0     0     0     0     0     0     0     0
[63,]     0     4     0     0     0     0     0     0     0     0     0     0
[64,]     0     0     4     0     0     0     0     0     0     0     0     0
[65,]     0     0     0     4     0     0     0     0     0     0     0     0
[66,]     0     0     0     0     4     0     0     0     0     0     0     0
[67,]     0     0     0     0     0     4     0     0     0     0     0     0
[68,]     0     0     0     0     0     0     4     0     0     0     0     0
[69,]     0     0     0     0     0     0     0     4     0     0     0     0
[70,]     0     0     0     0     0     0     0     0     4     0     0     0
[71,]     0     0     0     0     0     0     0     0     0     4     0     0
[72,]     0     0     0     0     0     0     0     0     0     0     4     0
[73,]     0     0     0     0     0     0     0     0     0     0     0     4
mubar 
     [,1] [,2] [,3] [,4] [,5] [,6] [,7] [,8] [,9] [,10] [,11] [,12] [,13] [,14]
[1,]    0    0    0    0    0    0    0    0    0     0     0     0     0     0
     [,15] [,16] [,17] [,18] [,19] [,20] [,21] [,22] [,23] [,24] [,25] [,26]
[1,]     0     0     0     0     0     0     0     0     0     0     0     0
     [,27] [,28] [,29] [,30] [,31] [,32] [,33] [,34] [,35] [,36] [,37] [,38]
[1,]     0     0     0     0     0     0     0     0     0     0     0     0
     [,39] [,40] [,41] [,42] [,43] [,44] [,45] [,46] [,47] [,48] [,49] [,50]
[1,]     0     0     0     0     0     0     0     0     0     0     0     0
     [,51] [,52] [,53] [,54] [,55] [,56] [,57] [,58] [,59] [,60] [,61] [,62]
[1,]     0     0     0     0     0     0     0     0     0     0     0     0
     [,63] [,64] [,65] [,66] [,67] [,68] [,69] [,70] [,71] [,72] [,73]
[1,]     0     0     0     0     0     0     0     0     0     0     0
Amu 
     [,1]
[1,] 0.01
a 
[1] 5 5 5
deltabar
  [1] 0 0 0 0 0 0 0 0 0 0 0 0 0 0 0 0 0 0 0 0 0 0 0 0 0 0 0 0 0 0 0 0 0 0 0 0 0
 [38] 0 0 0 0 0 0 0 0 0 0 0 0 0 0 0 0 0 0 0 0 0 0 0 0 0 0 0 0 0 0 0 0 0 0 0 0 0
 [75] 0 0 0 0 0 0 0 0 0 0 0 0 0 0 0 0 0 0 0 0 0 0 0 0 0 0 0 0 0 0 0 0 0 0 0 0 0
[112] 0 0 0 0 0 0 0 0 0 0 0 0 0 0 0 0 0 0 0 0 0 0 0 0 0 0 0 0 0 0 0 0 0 0 0 0 0
[149] 0 0 0 0 0 0 0 0 0 0 0 0 0 0 0 0 0 0 0 0 0 0 0 0 0 0 0 0 0 0 0 0 0 0 0 0 0
[186] 0 0 0 0 0 0 0 0 0 0 0 0 0 0 0 0 0 0 0 0 0 0 0 0 0 0 0 0 0 0 0 0 0 0 0 0 0
[223] 0 0 0 0 0 0 0 0 0 0 0 0 0 0 0 0 0 0 0 0 0 0 0 0 0 0 0 0 0 0 0 0 0 0 0 0 0
[260] 0 0 0 0 0 0 0 0 0 0 0 0 0 0 0 0 0 0 0 0 0 0 0 0 0 0 0 0 0 0 0 0 0 0 0 0 0
[297] 0 0 0 0 0 0 0 0 0 0 0 0 0 0 0 0 0 0 0 0 0 0 0 0 0 0 0 0 0 0 0 0 0 0 0 0 0
[334] 0 0 0 0 0 0 0 0 0 0 0 0 0 0 0 0 0 0 0 0 0 0 0 0 0 0 0 0 0 0 0 0 0 0 0 0 0
[371] 0 0 0 0 0 0 0 0 0 0 0 0 0 0 0 0 0 0 0 0 0 0 0 0 0 0 0 0 0 0 0 0 0 0 0 0 0
[408] 0 0 0 0 0 0 0 0 0 0 0 0 0 0 0 0 0 0 0 0 0 0 0 0 0 0 0 0 0 0 0
Ad
       [,1] [,2] [,3] [,4] [,5] [,6] [,7] [,8] [,9] [,10] [,11] [,12] [,13]
  [1,] 0.01 0.00 0.00 0.00 0.00 0.00 0.00 0.00 0.00  0.00  0.00  0.00  0.00
  [2,] 0.00 0.01 0.00 0.00 0.00 0.00 0.00 0.00 0.00  0.00  0.00  0.00  0.00
  [3,] 0.00 0.00 0.01 0.00 0.00 0.00 0.00 0.00 0.00  0.00  0.00  0.00  0.00
  [4,] 0.00 0.00 0.00 0.01 0.00 0.00 0.00 0.00 0.00  0.00  0.00  0.00  0.00
  [5,] 0.00 0.00 0.00 0.00 0.01 0.00 0.00 0.00 0.00  0.00  0.00  0.00  0.00
  [6,] 0.00 0.00 0.00 0.00 0.00 0.01 0.00 0.00 0.00  0.00  0.00  0.00  0.00
  [7,] 0.00 0.00 0.00 0.00 0.00 0.00 0.01 0.00 0.00  0.00  0.00  0.00  0.00
  [8,] 0.00 0.00 0.00 0.00 0.00 0.00 0.00 0.01 0.00  0.00  0.00  0.00  0.00
  [9,] 0.00 0.00 0.00 0.00 0.00 0.00 0.00 0.00 0.01  0.00  0.00  0.00  0.00
 [10,] 0.00 0.00 0.00 0.00 0.00 0.00 0.00 0.00 0.00  0.01  0.00  0.00  0.00
 [11,] 0.00 0.00 0.00 0.00 0.00 0.00 0.00 0.00 0.00  0.00  0.01  0.00  0.00
 [12,] 0.00 0.00 0.00 0.00 0.00 0.00 0.00 0.00 0.00  0.00  0.00  0.01  0.00
 [13,] 0.00 0.00 0.00 0.00 0.00 0.00 0.00 0.00 0.00  0.00  0.00  0.00  0.01
 [14,] 0.00 0.00 0.00 0.00 0.00 0.00 0.00 0.00 0.00  0.00  0.00  0.00  0.00
 [15,] 0.00 0.00 0.00 0.00 0.00 0.00 0.00 0.00 0.00  0.00  0.00  0.00  0.00
 [16,] 0.00 0.00 0.00 0.00 0.00 0.00 0.00 0.00 0.00  0.00  0.00  0.00  0.00
 [17,] 0.00 0.00 0.00 0.00 0.00 0.00 0.00 0.00 0.00  0.00  0.00  0.00  0.00
 [18,] 0.00 0.00 0.00 0.00 0.00 0.00 0.00 0.00 0.00  0.00  0.00  0.00  0.00
 [19,] 0.00 0.00 0.00 0.00 0.00 0.00 0.00 0.00 0.00  0.00  0.00  0.00  0.00
 [20,] 0.00 0.00 0.00 0.00 0.00 0.00 0.00 0.00 0.00  0.00  0.00  0.00  0.00
 [21,] 0.00 0.00 0.00 0.00 0.00 0.00 0.00 0.00 0.00  0.00  0.00  0.00  0.00
 [22,] 0.00 0.00 0.00 0.00 0.00 0.00 0.00 0.00 0.00  0.00  0.00  0.00  0.00
 [23,] 0.00 0.00 0.00 0.00 0.00 0.00 0.00 0.00 0.00  0.00  0.00  0.00  0.00
 [24,] 0.00 0.00 0.00 0.00 0.00 0.00 0.00 0.00 0.00  0.00  0.00  0.00  0.00
 [25,] 0.00 0.00 0.00 0.00 0.00 0.00 0.00 0.00 0.00  0.00  0.00  0.00  0.00
 [26,] 0.00 0.00 0.00 0.00 0.00 0.00 0.00 0.00 0.00  0.00  0.00  0.00  0.00
 [27,] 0.00 0.00 0.00 0.00 0.00 0.00 0.00 0.00 0.00  0.00  0.00  0.00  0.00
 [28,] 0.00 0.00 0.00 0.00 0.00 0.00 0.00 0.00 0.00  0.00  0.00  0.00  0.00
 [29,] 0.00 0.00 0.00 0.00 0.00 0.00 0.00 0.00 0.00  0.00  0.00  0.00  0.00
 [30,] 0.00 0.00 0.00 0.00 0.00 0.00 0.00 0.00 0.00  0.00  0.00  0.00  0.00
 [31,] 0.00 0.00 0.00 0.00 0.00 0.00 0.00 0.00 0.00  0.00  0.00  0.00  0.00
 [32,] 0.00 0.00 0.00 0.00 0.00 0.00 0.00 0.00 0.00  0.00  0.00  0.00  0.00
 [33,] 0.00 0.00 0.00 0.00 0.00 0.00 0.00 0.00 0.00  0.00  0.00  0.00  0.00
 [34,] 0.00 0.00 0.00 0.00 0.00 0.00 0.00 0.00 0.00  0.00  0.00  0.00  0.00
 [35,] 0.00 0.00 0.00 0.00 0.00 0.00 0.00 0.00 0.00  0.00  0.00  0.00  0.00
 [36,] 0.00 0.00 0.00 0.00 0.00 0.00 0.00 0.00 0.00  0.00  0.00  0.00  0.00
 [37,] 0.00 0.00 0.00 0.00 0.00 0.00 0.00 0.00 0.00  0.00  0.00  0.00  0.00
 [38,] 0.00 0.00 0.00 0.00 0.00 0.00 0.00 0.00 0.00  0.00  0.00  0.00  0.00
 [39,] 0.00 0.00 0.00 0.00 0.00 0.00 0.00 0.00 0.00  0.00  0.00  0.00  0.00
 [40,] 0.00 0.00 0.00 0.00 0.00 0.00 0.00 0.00 0.00  0.00  0.00  0.00  0.00
 [41,] 0.00 0.00 0.00 0.00 0.00 0.00 0.00 0.00 0.00  0.00  0.00  0.00  0.00
 [42,] 0.00 0.00 0.00 0.00 0.00 0.00 0.00 0.00 0.00  0.00  0.00  0.00  0.00
 [43,] 0.00 0.00 0.00 0.00 0.00 0.00 0.00 0.00 0.00  0.00  0.00  0.00  0.00
 [44,] 0.00 0.00 0.00 0.00 0.00 0.00 0.00 0.00 0.00  0.00  0.00  0.00  0.00
 [45,] 0.00 0.00 0.00 0.00 0.00 0.00 0.00 0.00 0.00  0.00  0.00  0.00  0.00
 [46,] 0.00 0.00 0.00 0.00 0.00 0.00 0.00 0.00 0.00  0.00  0.00  0.00  0.00
 [47,] 0.00 0.00 0.00 0.00 0.00 0.00 0.00 0.00 0.00  0.00  0.00  0.00  0.00
 [48,] 0.00 0.00 0.00 0.00 0.00 0.00 0.00 0.00 0.00  0.00  0.00  0.00  0.00
 [49,] 0.00 0.00 0.00 0.00 0.00 0.00 0.00 0.00 0.00  0.00  0.00  0.00  0.00
 [50,] 0.00 0.00 0.00 0.00 0.00 0.00 0.00 0.00 0.00  0.00  0.00  0.00  0.00
 [51,] 0.00 0.00 0.00 0.00 0.00 0.00 0.00 0.00 0.00  0.00  0.00  0.00  0.00
 [52,] 0.00 0.00 0.00 0.00 0.00 0.00 0.00 0.00 0.00  0.00  0.00  0.00  0.00
 [53,] 0.00 0.00 0.00 0.00 0.00 0.00 0.00 0.00 0.00  0.00  0.00  0.00  0.00
 [54,] 0.00 0.00 0.00 0.00 0.00 0.00 0.00 0.00 0.00  0.00  0.00  0.00  0.00
 [55,] 0.00 0.00 0.00 0.00 0.00 0.00 0.00 0.00 0.00  0.00  0.00  0.00  0.00
 [56,] 0.00 0.00 0.00 0.00 0.00 0.00 0.00 0.00 0.00  0.00  0.00  0.00  0.00
 [57,] 0.00 0.00 0.00 0.00 0.00 0.00 0.00 0.00 0.00  0.00  0.00  0.00  0.00
 [58,] 0.00 0.00 0.00 0.00 0.00 0.00 0.00 0.00 0.00  0.00  0.00  0.00  0.00
 [59,] 0.00 0.00 0.00 0.00 0.00 0.00 0.00 0.00 0.00  0.00  0.00  0.00  0.00
 [60,] 0.00 0.00 0.00 0.00 0.00 0.00 0.00 0.00 0.00  0.00  0.00  0.00  0.00
 [61,] 0.00 0.00 0.00 0.00 0.00 0.00 0.00 0.00 0.00  0.00  0.00  0.00  0.00
 [62,] 0.00 0.00 0.00 0.00 0.00 0.00 0.00 0.00 0.00  0.00  0.00  0.00  0.00
 [63,] 0.00 0.00 0.00 0.00 0.00 0.00 0.00 0.00 0.00  0.00  0.00  0.00  0.00
 [64,] 0.00 0.00 0.00 0.00 0.00 0.00 0.00 0.00 0.00  0.00  0.00  0.00  0.00
 [65,] 0.00 0.00 0.00 0.00 0.00 0.00 0.00 0.00 0.00  0.00  0.00  0.00  0.00
 [66,] 0.00 0.00 0.00 0.00 0.00 0.00 0.00 0.00 0.00  0.00  0.00  0.00  0.00
 [67,] 0.00 0.00 0.00 0.00 0.00 0.00 0.00 0.00 0.00  0.00  0.00  0.00  0.00
 [68,] 0.00 0.00 0.00 0.00 0.00 0.00 0.00 0.00 0.00  0.00  0.00  0.00  0.00
 [69,] 0.00 0.00 0.00 0.00 0.00 0.00 0.00 0.00 0.00  0.00  0.00  0.00  0.00
 [70,] 0.00 0.00 0.00 0.00 0.00 0.00 0.00 0.00 0.00  0.00  0.00  0.00  0.00
 [71,] 0.00 0.00 0.00 0.00 0.00 0.00 0.00 0.00 0.00  0.00  0.00  0.00  0.00
 [72,] 0.00 0.00 0.00 0.00 0.00 0.00 0.00 0.00 0.00  0.00  0.00  0.00  0.00
 [73,] 0.00 0.00 0.00 0.00 0.00 0.00 0.00 0.00 0.00  0.00  0.00  0.00  0.00
 [74,] 0.00 0.00 0.00 0.00 0.00 0.00 0.00 0.00 0.00  0.00  0.00  0.00  0.00
 [75,] 0.00 0.00 0.00 0.00 0.00 0.00 0.00 0.00 0.00  0.00  0.00  0.00  0.00
 [76,] 0.00 0.00 0.00 0.00 0.00 0.00 0.00 0.00 0.00  0.00  0.00  0.00  0.00
 [77,] 0.00 0.00 0.00 0.00 0.00 0.00 0.00 0.00 0.00  0.00  0.00  0.00  0.00
 [78,] 0.00 0.00 0.00 0.00 0.00 0.00 0.00 0.00 0.00  0.00  0.00  0.00  0.00
 [79,] 0.00 0.00 0.00 0.00 0.00 0.00 0.00 0.00 0.00  0.00  0.00  0.00  0.00
 [80,] 0.00 0.00 0.00 0.00 0.00 0.00 0.00 0.00 0.00  0.00  0.00  0.00  0.00
 [81,] 0.00 0.00 0.00 0.00 0.00 0.00 0.00 0.00 0.00  0.00  0.00  0.00  0.00
 [82,] 0.00 0.00 0.00 0.00 0.00 0.00 0.00 0.00 0.00  0.00  0.00  0.00  0.00
 [83,] 0.00 0.00 0.00 0.00 0.00 0.00 0.00 0.00 0.00  0.00  0.00  0.00  0.00
 [84,] 0.00 0.00 0.00 0.00 0.00 0.00 0.00 0.00 0.00  0.00  0.00  0.00  0.00
 [85,] 0.00 0.00 0.00 0.00 0.00 0.00 0.00 0.00 0.00  0.00  0.00  0.00  0.00
 [86,] 0.00 0.00 0.00 0.00 0.00 0.00 0.00 0.00 0.00  0.00  0.00  0.00  0.00
 [87,] 0.00 0.00 0.00 0.00 0.00 0.00 0.00 0.00 0.00  0.00  0.00  0.00  0.00
 [88,] 0.00 0.00 0.00 0.00 0.00 0.00 0.00 0.00 0.00  0.00  0.00  0.00  0.00
 [89,] 0.00 0.00 0.00 0.00 0.00 0.00 0.00 0.00 0.00  0.00  0.00  0.00  0.00
 [90,] 0.00 0.00 0.00 0.00 0.00 0.00 0.00 0.00 0.00  0.00  0.00  0.00  0.00
 [91,] 0.00 0.00 0.00 0.00 0.00 0.00 0.00 0.00 0.00  0.00  0.00  0.00  0.00
 [92,] 0.00 0.00 0.00 0.00 0.00 0.00 0.00 0.00 0.00  0.00  0.00  0.00  0.00
 [93,] 0.00 0.00 0.00 0.00 0.00 0.00 0.00 0.00 0.00  0.00  0.00  0.00  0.00
 [94,] 0.00 0.00 0.00 0.00 0.00 0.00 0.00 0.00 0.00  0.00  0.00  0.00  0.00
 [95,] 0.00 0.00 0.00 0.00 0.00 0.00 0.00 0.00 0.00  0.00  0.00  0.00  0.00
 [96,] 0.00 0.00 0.00 0.00 0.00 0.00 0.00 0.00 0.00  0.00  0.00  0.00  0.00
 [97,] 0.00 0.00 0.00 0.00 0.00 0.00 0.00 0.00 0.00  0.00  0.00  0.00  0.00
 [98,] 0.00 0.00 0.00 0.00 0.00 0.00 0.00 0.00 0.00  0.00  0.00  0.00  0.00
 [99,] 0.00 0.00 0.00 0.00 0.00 0.00 0.00 0.00 0.00  0.00  0.00  0.00  0.00
[100,] 0.00 0.00 0.00 0.00 0.00 0.00 0.00 0.00 0.00  0.00  0.00  0.00  0.00
[101,] 0.00 0.00 0.00 0.00 0.00 0.00 0.00 0.00 0.00  0.00  0.00  0.00  0.00
[102,] 0.00 0.00 0.00 0.00 0.00 0.00 0.00 0.00 0.00  0.00  0.00  0.00  0.00
[103,] 0.00 0.00 0.00 0.00 0.00 0.00 0.00 0.00 0.00  0.00  0.00  0.00  0.00
[104,] 0.00 0.00 0.00 0.00 0.00 0.00 0.00 0.00 0.00  0.00  0.00  0.00  0.00
[105,] 0.00 0.00 0.00 0.00 0.00 0.00 0.00 0.00 0.00  0.00  0.00  0.00  0.00
[106,] 0.00 0.00 0.00 0.00 0.00 0.00 0.00 0.00 0.00  0.00  0.00  0.00  0.00
[107,] 0.00 0.00 0.00 0.00 0.00 0.00 0.00 0.00 0.00  0.00  0.00  0.00  0.00
[108,] 0.00 0.00 0.00 0.00 0.00 0.00 0.00 0.00 0.00  0.00  0.00  0.00  0.00
[109,] 0.00 0.00 0.00 0.00 0.00 0.00 0.00 0.00 0.00  0.00  0.00  0.00  0.00
[110,] 0.00 0.00 0.00 0.00 0.00 0.00 0.00 0.00 0.00  0.00  0.00  0.00  0.00
[111,] 0.00 0.00 0.00 0.00 0.00 0.00 0.00 0.00 0.00  0.00  0.00  0.00  0.00
[112,] 0.00 0.00 0.00 0.00 0.00 0.00 0.00 0.00 0.00  0.00  0.00  0.00  0.00
[113,] 0.00 0.00 0.00 0.00 0.00 0.00 0.00 0.00 0.00  0.00  0.00  0.00  0.00
[114,] 0.00 0.00 0.00 0.00 0.00 0.00 0.00 0.00 0.00  0.00  0.00  0.00  0.00
[115,] 0.00 0.00 0.00 0.00 0.00 0.00 0.00 0.00 0.00  0.00  0.00  0.00  0.00
[116,] 0.00 0.00 0.00 0.00 0.00 0.00 0.00 0.00 0.00  0.00  0.00  0.00  0.00
[117,] 0.00 0.00 0.00 0.00 0.00 0.00 0.00 0.00 0.00  0.00  0.00  0.00  0.00
[118,] 0.00 0.00 0.00 0.00 0.00 0.00 0.00 0.00 0.00  0.00  0.00  0.00  0.00
[119,] 0.00 0.00 0.00 0.00 0.00 0.00 0.00 0.00 0.00  0.00  0.00  0.00  0.00
[120,] 0.00 0.00 0.00 0.00 0.00 0.00 0.00 0.00 0.00  0.00  0.00  0.00  0.00
[121,] 0.00 0.00 0.00 0.00 0.00 0.00 0.00 0.00 0.00  0.00  0.00  0.00  0.00
[122,] 0.00 0.00 0.00 0.00 0.00 0.00 0.00 0.00 0.00  0.00  0.00  0.00  0.00
[123,] 0.00 0.00 0.00 0.00 0.00 0.00 0.00 0.00 0.00  0.00  0.00  0.00  0.00
[124,] 0.00 0.00 0.00 0.00 0.00 0.00 0.00 0.00 0.00  0.00  0.00  0.00  0.00
[125,] 0.00 0.00 0.00 0.00 0.00 0.00 0.00 0.00 0.00  0.00  0.00  0.00  0.00
[126,] 0.00 0.00 0.00 0.00 0.00 0.00 0.00 0.00 0.00  0.00  0.00  0.00  0.00
[127,] 0.00 0.00 0.00 0.00 0.00 0.00 0.00 0.00 0.00  0.00  0.00  0.00  0.00
[128,] 0.00 0.00 0.00 0.00 0.00 0.00 0.00 0.00 0.00  0.00  0.00  0.00  0.00
[129,] 0.00 0.00 0.00 0.00 0.00 0.00 0.00 0.00 0.00  0.00  0.00  0.00  0.00
[130,] 0.00 0.00 0.00 0.00 0.00 0.00 0.00 0.00 0.00  0.00  0.00  0.00  0.00
[131,] 0.00 0.00 0.00 0.00 0.00 0.00 0.00 0.00 0.00  0.00  0.00  0.00  0.00
[132,] 0.00 0.00 0.00 0.00 0.00 0.00 0.00 0.00 0.00  0.00  0.00  0.00  0.00
[133,] 0.00 0.00 0.00 0.00 0.00 0.00 0.00 0.00 0.00  0.00  0.00  0.00  0.00
[134,] 0.00 0.00 0.00 0.00 0.00 0.00 0.00 0.00 0.00  0.00  0.00  0.00  0.00
[135,] 0.00 0.00 0.00 0.00 0.00 0.00 0.00 0.00 0.00  0.00  0.00  0.00  0.00
[136,] 0.00 0.00 0.00 0.00 0.00 0.00 0.00 0.00 0.00  0.00  0.00  0.00  0.00
[137,] 0.00 0.00 0.00 0.00 0.00 0.00 0.00 0.00 0.00  0.00  0.00  0.00  0.00
[138,] 0.00 0.00 0.00 0.00 0.00 0.00 0.00 0.00 0.00  0.00  0.00  0.00  0.00
[139,] 0.00 0.00 0.00 0.00 0.00 0.00 0.00 0.00 0.00  0.00  0.00  0.00  0.00
[140,] 0.00 0.00 0.00 0.00 0.00 0.00 0.00 0.00 0.00  0.00  0.00  0.00  0.00
[141,] 0.00 0.00 0.00 0.00 0.00 0.00 0.00 0.00 0.00  0.00  0.00  0.00  0.00
[142,] 0.00 0.00 0.00 0.00 0.00 0.00 0.00 0.00 0.00  0.00  0.00  0.00  0.00
[143,] 0.00 0.00 0.00 0.00 0.00 0.00 0.00 0.00 0.00  0.00  0.00  0.00  0.00
[144,] 0.00 0.00 0.00 0.00 0.00 0.00 0.00 0.00 0.00  0.00  0.00  0.00  0.00
[145,] 0.00 0.00 0.00 0.00 0.00 0.00 0.00 0.00 0.00  0.00  0.00  0.00  0.00
[146,] 0.00 0.00 0.00 0.00 0.00 0.00 0.00 0.00 0.00  0.00  0.00  0.00  0.00
[147,] 0.00 0.00 0.00 0.00 0.00 0.00 0.00 0.00 0.00  0.00  0.00  0.00  0.00
[148,] 0.00 0.00 0.00 0.00 0.00 0.00 0.00 0.00 0.00  0.00  0.00  0.00  0.00
[149,] 0.00 0.00 0.00 0.00 0.00 0.00 0.00 0.00 0.00  0.00  0.00  0.00  0.00
[150,] 0.00 0.00 0.00 0.00 0.00 0.00 0.00 0.00 0.00  0.00  0.00  0.00  0.00
[151,] 0.00 0.00 0.00 0.00 0.00 0.00 0.00 0.00 0.00  0.00  0.00  0.00  0.00
[152,] 0.00 0.00 0.00 0.00 0.00 0.00 0.00 0.00 0.00  0.00  0.00  0.00  0.00
[153,] 0.00 0.00 0.00 0.00 0.00 0.00 0.00 0.00 0.00  0.00  0.00  0.00  0.00
[154,] 0.00 0.00 0.00 0.00 0.00 0.00 0.00 0.00 0.00  0.00  0.00  0.00  0.00
[155,] 0.00 0.00 0.00 0.00 0.00 0.00 0.00 0.00 0.00  0.00  0.00  0.00  0.00
[156,] 0.00 0.00 0.00 0.00 0.00 0.00 0.00 0.00 0.00  0.00  0.00  0.00  0.00
[157,] 0.00 0.00 0.00 0.00 0.00 0.00 0.00 0.00 0.00  0.00  0.00  0.00  0.00
[158,] 0.00 0.00 0.00 0.00 0.00 0.00 0.00 0.00 0.00  0.00  0.00  0.00  0.00
[159,] 0.00 0.00 0.00 0.00 0.00 0.00 0.00 0.00 0.00  0.00  0.00  0.00  0.00
[160,] 0.00 0.00 0.00 0.00 0.00 0.00 0.00 0.00 0.00  0.00  0.00  0.00  0.00
[161,] 0.00 0.00 0.00 0.00 0.00 0.00 0.00 0.00 0.00  0.00  0.00  0.00  0.00
[162,] 0.00 0.00 0.00 0.00 0.00 0.00 0.00 0.00 0.00  0.00  0.00  0.00  0.00
[163,] 0.00 0.00 0.00 0.00 0.00 0.00 0.00 0.00 0.00  0.00  0.00  0.00  0.00
[164,] 0.00 0.00 0.00 0.00 0.00 0.00 0.00 0.00 0.00  0.00  0.00  0.00  0.00
[165,] 0.00 0.00 0.00 0.00 0.00 0.00 0.00 0.00 0.00  0.00  0.00  0.00  0.00
[166,] 0.00 0.00 0.00 0.00 0.00 0.00 0.00 0.00 0.00  0.00  0.00  0.00  0.00
[167,] 0.00 0.00 0.00 0.00 0.00 0.00 0.00 0.00 0.00  0.00  0.00  0.00  0.00
[168,] 0.00 0.00 0.00 0.00 0.00 0.00 0.00 0.00 0.00  0.00  0.00  0.00  0.00
[169,] 0.00 0.00 0.00 0.00 0.00 0.00 0.00 0.00 0.00  0.00  0.00  0.00  0.00
[170,] 0.00 0.00 0.00 0.00 0.00 0.00 0.00 0.00 0.00  0.00  0.00  0.00  0.00
[171,] 0.00 0.00 0.00 0.00 0.00 0.00 0.00 0.00 0.00  0.00  0.00  0.00  0.00
[172,] 0.00 0.00 0.00 0.00 0.00 0.00 0.00 0.00 0.00  0.00  0.00  0.00  0.00
[173,] 0.00 0.00 0.00 0.00 0.00 0.00 0.00 0.00 0.00  0.00  0.00  0.00  0.00
[174,] 0.00 0.00 0.00 0.00 0.00 0.00 0.00 0.00 0.00  0.00  0.00  0.00  0.00
[175,] 0.00 0.00 0.00 0.00 0.00 0.00 0.00 0.00 0.00  0.00  0.00  0.00  0.00
[176,] 0.00 0.00 0.00 0.00 0.00 0.00 0.00 0.00 0.00  0.00  0.00  0.00  0.00
[177,] 0.00 0.00 0.00 0.00 0.00 0.00 0.00 0.00 0.00  0.00  0.00  0.00  0.00
[178,] 0.00 0.00 0.00 0.00 0.00 0.00 0.00 0.00 0.00  0.00  0.00  0.00  0.00
[179,] 0.00 0.00 0.00 0.00 0.00 0.00 0.00 0.00 0.00  0.00  0.00  0.00  0.00
[180,] 0.00 0.00 0.00 0.00 0.00 0.00 0.00 0.00 0.00  0.00  0.00  0.00  0.00
[181,] 0.00 0.00 0.00 0.00 0.00 0.00 0.00 0.00 0.00  0.00  0.00  0.00  0.00
[182,] 0.00 0.00 0.00 0.00 0.00 0.00 0.00 0.00 0.00  0.00  0.00  0.00  0.00
[183,] 0.00 0.00 0.00 0.00 0.00 0.00 0.00 0.00 0.00  0.00  0.00  0.00  0.00
[184,] 0.00 0.00 0.00 0.00 0.00 0.00 0.00 0.00 0.00  0.00  0.00  0.00  0.00
[185,] 0.00 0.00 0.00 0.00 0.00 0.00 0.00 0.00 0.00  0.00  0.00  0.00  0.00
[186,] 0.00 0.00 0.00 0.00 0.00 0.00 0.00 0.00 0.00  0.00  0.00  0.00  0.00
[187,] 0.00 0.00 0.00 0.00 0.00 0.00 0.00 0.00 0.00  0.00  0.00  0.00  0.00
[188,] 0.00 0.00 0.00 0.00 0.00 0.00 0.00 0.00 0.00  0.00  0.00  0.00  0.00
[189,] 0.00 0.00 0.00 0.00 0.00 0.00 0.00 0.00 0.00  0.00  0.00  0.00  0.00
[190,] 0.00 0.00 0.00 0.00 0.00 0.00 0.00 0.00 0.00  0.00  0.00  0.00  0.00
[191,] 0.00 0.00 0.00 0.00 0.00 0.00 0.00 0.00 0.00  0.00  0.00  0.00  0.00
[192,] 0.00 0.00 0.00 0.00 0.00 0.00 0.00 0.00 0.00  0.00  0.00  0.00  0.00
[193,] 0.00 0.00 0.00 0.00 0.00 0.00 0.00 0.00 0.00  0.00  0.00  0.00  0.00
[194,] 0.00 0.00 0.00 0.00 0.00 0.00 0.00 0.00 0.00  0.00  0.00  0.00  0.00
[195,] 0.00 0.00 0.00 0.00 0.00 0.00 0.00 0.00 0.00  0.00  0.00  0.00  0.00
[196,] 0.00 0.00 0.00 0.00 0.00 0.00 0.00 0.00 0.00  0.00  0.00  0.00  0.00
[197,] 0.00 0.00 0.00 0.00 0.00 0.00 0.00 0.00 0.00  0.00  0.00  0.00  0.00
[198,] 0.00 0.00 0.00 0.00 0.00 0.00 0.00 0.00 0.00  0.00  0.00  0.00  0.00
[199,] 0.00 0.00 0.00 0.00 0.00 0.00 0.00 0.00 0.00  0.00  0.00  0.00  0.00
[200,] 0.00 0.00 0.00 0.00 0.00 0.00 0.00 0.00 0.00  0.00  0.00  0.00  0.00
[201,] 0.00 0.00 0.00 0.00 0.00 0.00 0.00 0.00 0.00  0.00  0.00  0.00  0.00
[202,] 0.00 0.00 0.00 0.00 0.00 0.00 0.00 0.00 0.00  0.00  0.00  0.00  0.00
[203,] 0.00 0.00 0.00 0.00 0.00 0.00 0.00 0.00 0.00  0.00  0.00  0.00  0.00
[204,] 0.00 0.00 0.00 0.00 0.00 0.00 0.00 0.00 0.00  0.00  0.00  0.00  0.00
[205,] 0.00 0.00 0.00 0.00 0.00 0.00 0.00 0.00 0.00  0.00  0.00  0.00  0.00
[206,] 0.00 0.00 0.00 0.00 0.00 0.00 0.00 0.00 0.00  0.00  0.00  0.00  0.00
[207,] 0.00 0.00 0.00 0.00 0.00 0.00 0.00 0.00 0.00  0.00  0.00  0.00  0.00
[208,] 0.00 0.00 0.00 0.00 0.00 0.00 0.00 0.00 0.00  0.00  0.00  0.00  0.00
[209,] 0.00 0.00 0.00 0.00 0.00 0.00 0.00 0.00 0.00  0.00  0.00  0.00  0.00
[210,] 0.00 0.00 0.00 0.00 0.00 0.00 0.00 0.00 0.00  0.00  0.00  0.00  0.00
[211,] 0.00 0.00 0.00 0.00 0.00 0.00 0.00 0.00 0.00  0.00  0.00  0.00  0.00
[212,] 0.00 0.00 0.00 0.00 0.00 0.00 0.00 0.00 0.00  0.00  0.00  0.00  0.00
[213,] 0.00 0.00 0.00 0.00 0.00 0.00 0.00 0.00 0.00  0.00  0.00  0.00  0.00
[214,] 0.00 0.00 0.00 0.00 0.00 0.00 0.00 0.00 0.00  0.00  0.00  0.00  0.00
[215,] 0.00 0.00 0.00 0.00 0.00 0.00 0.00 0.00 0.00  0.00  0.00  0.00  0.00
[216,] 0.00 0.00 0.00 0.00 0.00 0.00 0.00 0.00 0.00  0.00  0.00  0.00  0.00
[217,] 0.00 0.00 0.00 0.00 0.00 0.00 0.00 0.00 0.00  0.00  0.00  0.00  0.00
[218,] 0.00 0.00 0.00 0.00 0.00 0.00 0.00 0.00 0.00  0.00  0.00  0.00  0.00
[219,] 0.00 0.00 0.00 0.00 0.00 0.00 0.00 0.00 0.00  0.00  0.00  0.00  0.00
[220,] 0.00 0.00 0.00 0.00 0.00 0.00 0.00 0.00 0.00  0.00  0.00  0.00  0.00
[221,] 0.00 0.00 0.00 0.00 0.00 0.00 0.00 0.00 0.00  0.00  0.00  0.00  0.00
[222,] 0.00 0.00 0.00 0.00 0.00 0.00 0.00 0.00 0.00  0.00  0.00  0.00  0.00
[223,] 0.00 0.00 0.00 0.00 0.00 0.00 0.00 0.00 0.00  0.00  0.00  0.00  0.00
[224,] 0.00 0.00 0.00 0.00 0.00 0.00 0.00 0.00 0.00  0.00  0.00  0.00  0.00
[225,] 0.00 0.00 0.00 0.00 0.00 0.00 0.00 0.00 0.00  0.00  0.00  0.00  0.00
[226,] 0.00 0.00 0.00 0.00 0.00 0.00 0.00 0.00 0.00  0.00  0.00  0.00  0.00
[227,] 0.00 0.00 0.00 0.00 0.00 0.00 0.00 0.00 0.00  0.00  0.00  0.00  0.00
[228,] 0.00 0.00 0.00 0.00 0.00 0.00 0.00 0.00 0.00  0.00  0.00  0.00  0.00
       [,14] [,15] [,16] [,17] [,18] [,19] [,20] [,21] [,22] [,23] [,24] [,25]
  [1,]  0.00  0.00  0.00  0.00  0.00  0.00  0.00  0.00  0.00  0.00  0.00  0.00
  [2,]  0.00  0.00  0.00  0.00  0.00  0.00  0.00  0.00  0.00  0.00  0.00  0.00
  [3,]  0.00  0.00  0.00  0.00  0.00  0.00  0.00  0.00  0.00  0.00  0.00  0.00
  [4,]  0.00  0.00  0.00  0.00  0.00  0.00  0.00  0.00  0.00  0.00  0.00  0.00
  [5,]  0.00  0.00  0.00  0.00  0.00  0.00  0.00  0.00  0.00  0.00  0.00  0.00
  [6,]  0.00  0.00  0.00  0.00  0.00  0.00  0.00  0.00  0.00  0.00  0.00  0.00
  [7,]  0.00  0.00  0.00  0.00  0.00  0.00  0.00  0.00  0.00  0.00  0.00  0.00
  [8,]  0.00  0.00  0.00  0.00  0.00  0.00  0.00  0.00  0.00  0.00  0.00  0.00
  [9,]  0.00  0.00  0.00  0.00  0.00  0.00  0.00  0.00  0.00  0.00  0.00  0.00
 [10,]  0.00  0.00  0.00  0.00  0.00  0.00  0.00  0.00  0.00  0.00  0.00  0.00
 [11,]  0.00  0.00  0.00  0.00  0.00  0.00  0.00  0.00  0.00  0.00  0.00  0.00
 [12,]  0.00  0.00  0.00  0.00  0.00  0.00  0.00  0.00  0.00  0.00  0.00  0.00
 [13,]  0.00  0.00  0.00  0.00  0.00  0.00  0.00  0.00  0.00  0.00  0.00  0.00
 [14,]  0.01  0.00  0.00  0.00  0.00  0.00  0.00  0.00  0.00  0.00  0.00  0.00
 [15,]  0.00  0.01  0.00  0.00  0.00  0.00  0.00  0.00  0.00  0.00  0.00  0.00
 [16,]  0.00  0.00  0.01  0.00  0.00  0.00  0.00  0.00  0.00  0.00  0.00  0.00
 [17,]  0.00  0.00  0.00  0.01  0.00  0.00  0.00  0.00  0.00  0.00  0.00  0.00
 [18,]  0.00  0.00  0.00  0.00  0.01  0.00  0.00  0.00  0.00  0.00  0.00  0.00
 [19,]  0.00  0.00  0.00  0.00  0.00  0.01  0.00  0.00  0.00  0.00  0.00  0.00
 [20,]  0.00  0.00  0.00  0.00  0.00  0.00  0.01  0.00  0.00  0.00  0.00  0.00
 [21,]  0.00  0.00  0.00  0.00  0.00  0.00  0.00  0.01  0.00  0.00  0.00  0.00
 [22,]  0.00  0.00  0.00  0.00  0.00  0.00  0.00  0.00  0.01  0.00  0.00  0.00
 [23,]  0.00  0.00  0.00  0.00  0.00  0.00  0.00  0.00  0.00  0.01  0.00  0.00
 [24,]  0.00  0.00  0.00  0.00  0.00  0.00  0.00  0.00  0.00  0.00  0.01  0.00
 [25,]  0.00  0.00  0.00  0.00  0.00  0.00  0.00  0.00  0.00  0.00  0.00  0.01
 [26,]  0.00  0.00  0.00  0.00  0.00  0.00  0.00  0.00  0.00  0.00  0.00  0.00
 [27,]  0.00  0.00  0.00  0.00  0.00  0.00  0.00  0.00  0.00  0.00  0.00  0.00
 [28,]  0.00  0.00  0.00  0.00  0.00  0.00  0.00  0.00  0.00  0.00  0.00  0.00
 [29,]  0.00  0.00  0.00  0.00  0.00  0.00  0.00  0.00  0.00  0.00  0.00  0.00
 [30,]  0.00  0.00  0.00  0.00  0.00  0.00  0.00  0.00  0.00  0.00  0.00  0.00
 [31,]  0.00  0.00  0.00  0.00  0.00  0.00  0.00  0.00  0.00  0.00  0.00  0.00
 [32,]  0.00  0.00  0.00  0.00  0.00  0.00  0.00  0.00  0.00  0.00  0.00  0.00
 [33,]  0.00  0.00  0.00  0.00  0.00  0.00  0.00  0.00  0.00  0.00  0.00  0.00
 [34,]  0.00  0.00  0.00  0.00  0.00  0.00  0.00  0.00  0.00  0.00  0.00  0.00
 [35,]  0.00  0.00  0.00  0.00  0.00  0.00  0.00  0.00  0.00  0.00  0.00  0.00
 [36,]  0.00  0.00  0.00  0.00  0.00  0.00  0.00  0.00  0.00  0.00  0.00  0.00
 [37,]  0.00  0.00  0.00  0.00  0.00  0.00  0.00  0.00  0.00  0.00  0.00  0.00
 [38,]  0.00  0.00  0.00  0.00  0.00  0.00  0.00  0.00  0.00  0.00  0.00  0.00
 [39,]  0.00  0.00  0.00  0.00  0.00  0.00  0.00  0.00  0.00  0.00  0.00  0.00
 [40,]  0.00  0.00  0.00  0.00  0.00  0.00  0.00  0.00  0.00  0.00  0.00  0.00
 [41,]  0.00  0.00  0.00  0.00  0.00  0.00  0.00  0.00  0.00  0.00  0.00  0.00
 [42,]  0.00  0.00  0.00  0.00  0.00  0.00  0.00  0.00  0.00  0.00  0.00  0.00
 [43,]  0.00  0.00  0.00  0.00  0.00  0.00  0.00  0.00  0.00  0.00  0.00  0.00
 [44,]  0.00  0.00  0.00  0.00  0.00  0.00  0.00  0.00  0.00  0.00  0.00  0.00
 [45,]  0.00  0.00  0.00  0.00  0.00  0.00  0.00  0.00  0.00  0.00  0.00  0.00
 [46,]  0.00  0.00  0.00  0.00  0.00  0.00  0.00  0.00  0.00  0.00  0.00  0.00
 [47,]  0.00  0.00  0.00  0.00  0.00  0.00  0.00  0.00  0.00  0.00  0.00  0.00
 [48,]  0.00  0.00  0.00  0.00  0.00  0.00  0.00  0.00  0.00  0.00  0.00  0.00
 [49,]  0.00  0.00  0.00  0.00  0.00  0.00  0.00  0.00  0.00  0.00  0.00  0.00
 [50,]  0.00  0.00  0.00  0.00  0.00  0.00  0.00  0.00  0.00  0.00  0.00  0.00
 [51,]  0.00  0.00  0.00  0.00  0.00  0.00  0.00  0.00  0.00  0.00  0.00  0.00
 [52,]  0.00  0.00  0.00  0.00  0.00  0.00  0.00  0.00  0.00  0.00  0.00  0.00
 [53,]  0.00  0.00  0.00  0.00  0.00  0.00  0.00  0.00  0.00  0.00  0.00  0.00
 [54,]  0.00  0.00  0.00  0.00  0.00  0.00  0.00  0.00  0.00  0.00  0.00  0.00
 [55,]  0.00  0.00  0.00  0.00  0.00  0.00  0.00  0.00  0.00  0.00  0.00  0.00
 [56,]  0.00  0.00  0.00  0.00  0.00  0.00  0.00  0.00  0.00  0.00  0.00  0.00
 [57,]  0.00  0.00  0.00  0.00  0.00  0.00  0.00  0.00  0.00  0.00  0.00  0.00
 [58,]  0.00  0.00  0.00  0.00  0.00  0.00  0.00  0.00  0.00  0.00  0.00  0.00
 [59,]  0.00  0.00  0.00  0.00  0.00  0.00  0.00  0.00  0.00  0.00  0.00  0.00
 [60,]  0.00  0.00  0.00  0.00  0.00  0.00  0.00  0.00  0.00  0.00  0.00  0.00
 [61,]  0.00  0.00  0.00  0.00  0.00  0.00  0.00  0.00  0.00  0.00  0.00  0.00
 [62,]  0.00  0.00  0.00  0.00  0.00  0.00  0.00  0.00  0.00  0.00  0.00  0.00
 [63,]  0.00  0.00  0.00  0.00  0.00  0.00  0.00  0.00  0.00  0.00  0.00  0.00
 [64,]  0.00  0.00  0.00  0.00  0.00  0.00  0.00  0.00  0.00  0.00  0.00  0.00
 [65,]  0.00  0.00  0.00  0.00  0.00  0.00  0.00  0.00  0.00  0.00  0.00  0.00
 [66,]  0.00  0.00  0.00  0.00  0.00  0.00  0.00  0.00  0.00  0.00  0.00  0.00
 [67,]  0.00  0.00  0.00  0.00  0.00  0.00  0.00  0.00  0.00  0.00  0.00  0.00
 [68,]  0.00  0.00  0.00  0.00  0.00  0.00  0.00  0.00  0.00  0.00  0.00  0.00
 [69,]  0.00  0.00  0.00  0.00  0.00  0.00  0.00  0.00  0.00  0.00  0.00  0.00
 [70,]  0.00  0.00  0.00  0.00  0.00  0.00  0.00  0.00  0.00  0.00  0.00  0.00
 [71,]  0.00  0.00  0.00  0.00  0.00  0.00  0.00  0.00  0.00  0.00  0.00  0.00
 [72,]  0.00  0.00  0.00  0.00  0.00  0.00  0.00  0.00  0.00  0.00  0.00  0.00
 [73,]  0.00  0.00  0.00  0.00  0.00  0.00  0.00  0.00  0.00  0.00  0.00  0.00
 [74,]  0.00  0.00  0.00  0.00  0.00  0.00  0.00  0.00  0.00  0.00  0.00  0.00
 [75,]  0.00  0.00  0.00  0.00  0.00  0.00  0.00  0.00  0.00  0.00  0.00  0.00
 [76,]  0.00  0.00  0.00  0.00  0.00  0.00  0.00  0.00  0.00  0.00  0.00  0.00
 [77,]  0.00  0.00  0.00  0.00  0.00  0.00  0.00  0.00  0.00  0.00  0.00  0.00
 [78,]  0.00  0.00  0.00  0.00  0.00  0.00  0.00  0.00  0.00  0.00  0.00  0.00
 [79,]  0.00  0.00  0.00  0.00  0.00  0.00  0.00  0.00  0.00  0.00  0.00  0.00
 [80,]  0.00  0.00  0.00  0.00  0.00  0.00  0.00  0.00  0.00  0.00  0.00  0.00
 [81,]  0.00  0.00  0.00  0.00  0.00  0.00  0.00  0.00  0.00  0.00  0.00  0.00
 [82,]  0.00  0.00  0.00  0.00  0.00  0.00  0.00  0.00  0.00  0.00  0.00  0.00
 [83,]  0.00  0.00  0.00  0.00  0.00  0.00  0.00  0.00  0.00  0.00  0.00  0.00
 [84,]  0.00  0.00  0.00  0.00  0.00  0.00  0.00  0.00  0.00  0.00  0.00  0.00
 [85,]  0.00  0.00  0.00  0.00  0.00  0.00  0.00  0.00  0.00  0.00  0.00  0.00
 [86,]  0.00  0.00  0.00  0.00  0.00  0.00  0.00  0.00  0.00  0.00  0.00  0.00
 [87,]  0.00  0.00  0.00  0.00  0.00  0.00  0.00  0.00  0.00  0.00  0.00  0.00
 [88,]  0.00  0.00  0.00  0.00  0.00  0.00  0.00  0.00  0.00  0.00  0.00  0.00
 [89,]  0.00  0.00  0.00  0.00  0.00  0.00  0.00  0.00  0.00  0.00  0.00  0.00
 [90,]  0.00  0.00  0.00  0.00  0.00  0.00  0.00  0.00  0.00  0.00  0.00  0.00
 [91,]  0.00  0.00  0.00  0.00  0.00  0.00  0.00  0.00  0.00  0.00  0.00  0.00
 [92,]  0.00  0.00  0.00  0.00  0.00  0.00  0.00  0.00  0.00  0.00  0.00  0.00
 [93,]  0.00  0.00  0.00  0.00  0.00  0.00  0.00  0.00  0.00  0.00  0.00  0.00
 [94,]  0.00  0.00  0.00  0.00  0.00  0.00  0.00  0.00  0.00  0.00  0.00  0.00
 [95,]  0.00  0.00  0.00  0.00  0.00  0.00  0.00  0.00  0.00  0.00  0.00  0.00
 [96,]  0.00  0.00  0.00  0.00  0.00  0.00  0.00  0.00  0.00  0.00  0.00  0.00
 [97,]  0.00  0.00  0.00  0.00  0.00  0.00  0.00  0.00  0.00  0.00  0.00  0.00
 [98,]  0.00  0.00  0.00  0.00  0.00  0.00  0.00  0.00  0.00  0.00  0.00  0.00
 [99,]  0.00  0.00  0.00  0.00  0.00  0.00  0.00  0.00  0.00  0.00  0.00  0.00
[100,]  0.00  0.00  0.00  0.00  0.00  0.00  0.00  0.00  0.00  0.00  0.00  0.00
[101,]  0.00  0.00  0.00  0.00  0.00  0.00  0.00  0.00  0.00  0.00  0.00  0.00
[102,]  0.00  0.00  0.00  0.00  0.00  0.00  0.00  0.00  0.00  0.00  0.00  0.00
[103,]  0.00  0.00  0.00  0.00  0.00  0.00  0.00  0.00  0.00  0.00  0.00  0.00
[104,]  0.00  0.00  0.00  0.00  0.00  0.00  0.00  0.00  0.00  0.00  0.00  0.00
[105,]  0.00  0.00  0.00  0.00  0.00  0.00  0.00  0.00  0.00  0.00  0.00  0.00
[106,]  0.00  0.00  0.00  0.00  0.00  0.00  0.00  0.00  0.00  0.00  0.00  0.00
[107,]  0.00  0.00  0.00  0.00  0.00  0.00  0.00  0.00  0.00  0.00  0.00  0.00
[108,]  0.00  0.00  0.00  0.00  0.00  0.00  0.00  0.00  0.00  0.00  0.00  0.00
[109,]  0.00  0.00  0.00  0.00  0.00  0.00  0.00  0.00  0.00  0.00  0.00  0.00
[110,]  0.00  0.00  0.00  0.00  0.00  0.00  0.00  0.00  0.00  0.00  0.00  0.00
[111,]  0.00  0.00  0.00  0.00  0.00  0.00  0.00  0.00  0.00  0.00  0.00  0.00
[112,]  0.00  0.00  0.00  0.00  0.00  0.00  0.00  0.00  0.00  0.00  0.00  0.00
[113,]  0.00  0.00  0.00  0.00  0.00  0.00  0.00  0.00  0.00  0.00  0.00  0.00
[114,]  0.00  0.00  0.00  0.00  0.00  0.00  0.00  0.00  0.00  0.00  0.00  0.00
[115,]  0.00  0.00  0.00  0.00  0.00  0.00  0.00  0.00  0.00  0.00  0.00  0.00
[116,]  0.00  0.00  0.00  0.00  0.00  0.00  0.00  0.00  0.00  0.00  0.00  0.00
[117,]  0.00  0.00  0.00  0.00  0.00  0.00  0.00  0.00  0.00  0.00  0.00  0.00
[118,]  0.00  0.00  0.00  0.00  0.00  0.00  0.00  0.00  0.00  0.00  0.00  0.00
[119,]  0.00  0.00  0.00  0.00  0.00  0.00  0.00  0.00  0.00  0.00  0.00  0.00
[120,]  0.00  0.00  0.00  0.00  0.00  0.00  0.00  0.00  0.00  0.00  0.00  0.00
[121,]  0.00  0.00  0.00  0.00  0.00  0.00  0.00  0.00  0.00  0.00  0.00  0.00
[122,]  0.00  0.00  0.00  0.00  0.00  0.00  0.00  0.00  0.00  0.00  0.00  0.00
[123,]  0.00  0.00  0.00  0.00  0.00  0.00  0.00  0.00  0.00  0.00  0.00  0.00
[124,]  0.00  0.00  0.00  0.00  0.00  0.00  0.00  0.00  0.00  0.00  0.00  0.00
[125,]  0.00  0.00  0.00  0.00  0.00  0.00  0.00  0.00  0.00  0.00  0.00  0.00
[126,]  0.00  0.00  0.00  0.00  0.00  0.00  0.00  0.00  0.00  0.00  0.00  0.00
[127,]  0.00  0.00  0.00  0.00  0.00  0.00  0.00  0.00  0.00  0.00  0.00  0.00
[128,]  0.00  0.00  0.00  0.00  0.00  0.00  0.00  0.00  0.00  0.00  0.00  0.00
[129,]  0.00  0.00  0.00  0.00  0.00  0.00  0.00  0.00  0.00  0.00  0.00  0.00
[130,]  0.00  0.00  0.00  0.00  0.00  0.00  0.00  0.00  0.00  0.00  0.00  0.00
[131,]  0.00  0.00  0.00  0.00  0.00  0.00  0.00  0.00  0.00  0.00  0.00  0.00
[132,]  0.00  0.00  0.00  0.00  0.00  0.00  0.00  0.00  0.00  0.00  0.00  0.00
[133,]  0.00  0.00  0.00  0.00  0.00  0.00  0.00  0.00  0.00  0.00  0.00  0.00
[134,]  0.00  0.00  0.00  0.00  0.00  0.00  0.00  0.00  0.00  0.00  0.00  0.00
[135,]  0.00  0.00  0.00  0.00  0.00  0.00  0.00  0.00  0.00  0.00  0.00  0.00
[136,]  0.00  0.00  0.00  0.00  0.00  0.00  0.00  0.00  0.00  0.00  0.00  0.00
[137,]  0.00  0.00  0.00  0.00  0.00  0.00  0.00  0.00  0.00  0.00  0.00  0.00
[138,]  0.00  0.00  0.00  0.00  0.00  0.00  0.00  0.00  0.00  0.00  0.00  0.00
[139,]  0.00  0.00  0.00  0.00  0.00  0.00  0.00  0.00  0.00  0.00  0.00  0.00
[140,]  0.00  0.00  0.00  0.00  0.00  0.00  0.00  0.00  0.00  0.00  0.00  0.00
[141,]  0.00  0.00  0.00  0.00  0.00  0.00  0.00  0.00  0.00  0.00  0.00  0.00
[142,]  0.00  0.00  0.00  0.00  0.00  0.00  0.00  0.00  0.00  0.00  0.00  0.00
[143,]  0.00  0.00  0.00  0.00  0.00  0.00  0.00  0.00  0.00  0.00  0.00  0.00
[144,]  0.00  0.00  0.00  0.00  0.00  0.00  0.00  0.00  0.00  0.00  0.00  0.00
[145,]  0.00  0.00  0.00  0.00  0.00  0.00  0.00  0.00  0.00  0.00  0.00  0.00
[146,]  0.00  0.00  0.00  0.00  0.00  0.00  0.00  0.00  0.00  0.00  0.00  0.00
[147,]  0.00  0.00  0.00  0.00  0.00  0.00  0.00  0.00  0.00  0.00  0.00  0.00
[148,]  0.00  0.00  0.00  0.00  0.00  0.00  0.00  0.00  0.00  0.00  0.00  0.00
[149,]  0.00  0.00  0.00  0.00  0.00  0.00  0.00  0.00  0.00  0.00  0.00  0.00
[150,]  0.00  0.00  0.00  0.00  0.00  0.00  0.00  0.00  0.00  0.00  0.00  0.00
[151,]  0.00  0.00  0.00  0.00  0.00  0.00  0.00  0.00  0.00  0.00  0.00  0.00
[152,]  0.00  0.00  0.00  0.00  0.00  0.00  0.00  0.00  0.00  0.00  0.00  0.00
[153,]  0.00  0.00  0.00  0.00  0.00  0.00  0.00  0.00  0.00  0.00  0.00  0.00
[154,]  0.00  0.00  0.00  0.00  0.00  0.00  0.00  0.00  0.00  0.00  0.00  0.00
[155,]  0.00  0.00  0.00  0.00  0.00  0.00  0.00  0.00  0.00  0.00  0.00  0.00
[156,]  0.00  0.00  0.00  0.00  0.00  0.00  0.00  0.00  0.00  0.00  0.00  0.00
[157,]  0.00  0.00  0.00  0.00  0.00  0.00  0.00  0.00  0.00  0.00  0.00  0.00
[158,]  0.00  0.00  0.00  0.00  0.00  0.00  0.00  0.00  0.00  0.00  0.00  0.00
[159,]  0.00  0.00  0.00  0.00  0.00  0.00  0.00  0.00  0.00  0.00  0.00  0.00
[160,]  0.00  0.00  0.00  0.00  0.00  0.00  0.00  0.00  0.00  0.00  0.00  0.00
[161,]  0.00  0.00  0.00  0.00  0.00  0.00  0.00  0.00  0.00  0.00  0.00  0.00
[162,]  0.00  0.00  0.00  0.00  0.00  0.00  0.00  0.00  0.00  0.00  0.00  0.00
[163,]  0.00  0.00  0.00  0.00  0.00  0.00  0.00  0.00  0.00  0.00  0.00  0.00
[164,]  0.00  0.00  0.00  0.00  0.00  0.00  0.00  0.00  0.00  0.00  0.00  0.00
[165,]  0.00  0.00  0.00  0.00  0.00  0.00  0.00  0.00  0.00  0.00  0.00  0.00
[166,]  0.00  0.00  0.00  0.00  0.00  0.00  0.00  0.00  0.00  0.00  0.00  0.00
[167,]  0.00  0.00  0.00  0.00  0.00  0.00  0.00  0.00  0.00  0.00  0.00  0.00
[168,]  0.00  0.00  0.00  0.00  0.00  0.00  0.00  0.00  0.00  0.00  0.00  0.00
[169,]  0.00  0.00  0.00  0.00  0.00  0.00  0.00  0.00  0.00  0.00  0.00  0.00
[170,]  0.00  0.00  0.00  0.00  0.00  0.00  0.00  0.00  0.00  0.00  0.00  0.00
[171,]  0.00  0.00  0.00  0.00  0.00  0.00  0.00  0.00  0.00  0.00  0.00  0.00
[172,]  0.00  0.00  0.00  0.00  0.00  0.00  0.00  0.00  0.00  0.00  0.00  0.00
[173,]  0.00  0.00  0.00  0.00  0.00  0.00  0.00  0.00  0.00  0.00  0.00  0.00
[174,]  0.00  0.00  0.00  0.00  0.00  0.00  0.00  0.00  0.00  0.00  0.00  0.00
[175,]  0.00  0.00  0.00  0.00  0.00  0.00  0.00  0.00  0.00  0.00  0.00  0.00
[176,]  0.00  0.00  0.00  0.00  0.00  0.00  0.00  0.00  0.00  0.00  0.00  0.00
[177,]  0.00  0.00  0.00  0.00  0.00  0.00  0.00  0.00  0.00  0.00  0.00  0.00
[178,]  0.00  0.00  0.00  0.00  0.00  0.00  0.00  0.00  0.00  0.00  0.00  0.00
[179,]  0.00  0.00  0.00  0.00  0.00  0.00  0.00  0.00  0.00  0.00  0.00  0.00
[180,]  0.00  0.00  0.00  0.00  0.00  0.00  0.00  0.00  0.00  0.00  0.00  0.00
[181,]  0.00  0.00  0.00  0.00  0.00  0.00  0.00  0.00  0.00  0.00  0.00  0.00
[182,]  0.00  0.00  0.00  0.00  0.00  0.00  0.00  0.00  0.00  0.00  0.00  0.00
[183,]  0.00  0.00  0.00  0.00  0.00  0.00  0.00  0.00  0.00  0.00  0.00  0.00
[184,]  0.00  0.00  0.00  0.00  0.00  0.00  0.00  0.00  0.00  0.00  0.00  0.00
[185,]  0.00  0.00  0.00  0.00  0.00  0.00  0.00  0.00  0.00  0.00  0.00  0.00
[186,]  0.00  0.00  0.00  0.00  0.00  0.00  0.00  0.00  0.00  0.00  0.00  0.00
[187,]  0.00  0.00  0.00  0.00  0.00  0.00  0.00  0.00  0.00  0.00  0.00  0.00
[188,]  0.00  0.00  0.00  0.00  0.00  0.00  0.00  0.00  0.00  0.00  0.00  0.00
[189,]  0.00  0.00  0.00  0.00  0.00  0.00  0.00  0.00  0.00  0.00  0.00  0.00
[190,]  0.00  0.00  0.00  0.00  0.00  0.00  0.00  0.00  0.00  0.00  0.00  0.00
[191,]  0.00  0.00  0.00  0.00  0.00  0.00  0.00  0.00  0.00  0.00  0.00  0.00
[192,]  0.00  0.00  0.00  0.00  0.00  0.00  0.00  0.00  0.00  0.00  0.00  0.00
[193,]  0.00  0.00  0.00  0.00  0.00  0.00  0.00  0.00  0.00  0.00  0.00  0.00
[194,]  0.00  0.00  0.00  0.00  0.00  0.00  0.00  0.00  0.00  0.00  0.00  0.00
[195,]  0.00  0.00  0.00  0.00  0.00  0.00  0.00  0.00  0.00  0.00  0.00  0.00
[196,]  0.00  0.00  0.00  0.00  0.00  0.00  0.00  0.00  0.00  0.00  0.00  0.00
[197,]  0.00  0.00  0.00  0.00  0.00  0.00  0.00  0.00  0.00  0.00  0.00  0.00
[198,]  0.00  0.00  0.00  0.00  0.00  0.00  0.00  0.00  0.00  0.00  0.00  0.00
[199,]  0.00  0.00  0.00  0.00  0.00  0.00  0.00  0.00  0.00  0.00  0.00  0.00
[200,]  0.00  0.00  0.00  0.00  0.00  0.00  0.00  0.00  0.00  0.00  0.00  0.00
[201,]  0.00  0.00  0.00  0.00  0.00  0.00  0.00  0.00  0.00  0.00  0.00  0.00
[202,]  0.00  0.00  0.00  0.00  0.00  0.00  0.00  0.00  0.00  0.00  0.00  0.00
[203,]  0.00  0.00  0.00  0.00  0.00  0.00  0.00  0.00  0.00  0.00  0.00  0.00
[204,]  0.00  0.00  0.00  0.00  0.00  0.00  0.00  0.00  0.00  0.00  0.00  0.00
[205,]  0.00  0.00  0.00  0.00  0.00  0.00  0.00  0.00  0.00  0.00  0.00  0.00
[206,]  0.00  0.00  0.00  0.00  0.00  0.00  0.00  0.00  0.00  0.00  0.00  0.00
[207,]  0.00  0.00  0.00  0.00  0.00  0.00  0.00  0.00  0.00  0.00  0.00  0.00
[208,]  0.00  0.00  0.00  0.00  0.00  0.00  0.00  0.00  0.00  0.00  0.00  0.00
[209,]  0.00  0.00  0.00  0.00  0.00  0.00  0.00  0.00  0.00  0.00  0.00  0.00
[210,]  0.00  0.00  0.00  0.00  0.00  0.00  0.00  0.00  0.00  0.00  0.00  0.00
[211,]  0.00  0.00  0.00  0.00  0.00  0.00  0.00  0.00  0.00  0.00  0.00  0.00
[212,]  0.00  0.00  0.00  0.00  0.00  0.00  0.00  0.00  0.00  0.00  0.00  0.00
[213,]  0.00  0.00  0.00  0.00  0.00  0.00  0.00  0.00  0.00  0.00  0.00  0.00
[214,]  0.00  0.00  0.00  0.00  0.00  0.00  0.00  0.00  0.00  0.00  0.00  0.00
[215,]  0.00  0.00  0.00  0.00  0.00  0.00  0.00  0.00  0.00  0.00  0.00  0.00
[216,]  0.00  0.00  0.00  0.00  0.00  0.00  0.00  0.00  0.00  0.00  0.00  0.00
[217,]  0.00  0.00  0.00  0.00  0.00  0.00  0.00  0.00  0.00  0.00  0.00  0.00
[218,]  0.00  0.00  0.00  0.00  0.00  0.00  0.00  0.00  0.00  0.00  0.00  0.00
[219,]  0.00  0.00  0.00  0.00  0.00  0.00  0.00  0.00  0.00  0.00  0.00  0.00
[220,]  0.00  0.00  0.00  0.00  0.00  0.00  0.00  0.00  0.00  0.00  0.00  0.00
[221,]  0.00  0.00  0.00  0.00  0.00  0.00  0.00  0.00  0.00  0.00  0.00  0.00
[222,]  0.00  0.00  0.00  0.00  0.00  0.00  0.00  0.00  0.00  0.00  0.00  0.00
[223,]  0.00  0.00  0.00  0.00  0.00  0.00  0.00  0.00  0.00  0.00  0.00  0.00
[224,]  0.00  0.00  0.00  0.00  0.00  0.00  0.00  0.00  0.00  0.00  0.00  0.00
[225,]  0.00  0.00  0.00  0.00  0.00  0.00  0.00  0.00  0.00  0.00  0.00  0.00
[226,]  0.00  0.00  0.00  0.00  0.00  0.00  0.00  0.00  0.00  0.00  0.00  0.00
[227,]  0.00  0.00  0.00  0.00  0.00  0.00  0.00  0.00  0.00  0.00  0.00  0.00
[228,]  0.00  0.00  0.00  0.00  0.00  0.00  0.00  0.00  0.00  0.00  0.00  0.00
       [,26] [,27] [,28] [,29] [,30] [,31] [,32] [,33] [,34] [,35] [,36] [,37]
  [1,]  0.00  0.00  0.00  0.00  0.00  0.00  0.00  0.00  0.00  0.00  0.00  0.00
  [2,]  0.00  0.00  0.00  0.00  0.00  0.00  0.00  0.00  0.00  0.00  0.00  0.00
  [3,]  0.00  0.00  0.00  0.00  0.00  0.00  0.00  0.00  0.00  0.00  0.00  0.00
  [4,]  0.00  0.00  0.00  0.00  0.00  0.00  0.00  0.00  0.00  0.00  0.00  0.00
  [5,]  0.00  0.00  0.00  0.00  0.00  0.00  0.00  0.00  0.00  0.00  0.00  0.00
  [6,]  0.00  0.00  0.00  0.00  0.00  0.00  0.00  0.00  0.00  0.00  0.00  0.00
  [7,]  0.00  0.00  0.00  0.00  0.00  0.00  0.00  0.00  0.00  0.00  0.00  0.00
  [8,]  0.00  0.00  0.00  0.00  0.00  0.00  0.00  0.00  0.00  0.00  0.00  0.00
  [9,]  0.00  0.00  0.00  0.00  0.00  0.00  0.00  0.00  0.00  0.00  0.00  0.00
 [10,]  0.00  0.00  0.00  0.00  0.00  0.00  0.00  0.00  0.00  0.00  0.00  0.00
 [11,]  0.00  0.00  0.00  0.00  0.00  0.00  0.00  0.00  0.00  0.00  0.00  0.00
 [12,]  0.00  0.00  0.00  0.00  0.00  0.00  0.00  0.00  0.00  0.00  0.00  0.00
 [13,]  0.00  0.00  0.00  0.00  0.00  0.00  0.00  0.00  0.00  0.00  0.00  0.00
 [14,]  0.00  0.00  0.00  0.00  0.00  0.00  0.00  0.00  0.00  0.00  0.00  0.00
 [15,]  0.00  0.00  0.00  0.00  0.00  0.00  0.00  0.00  0.00  0.00  0.00  0.00
 [16,]  0.00  0.00  0.00  0.00  0.00  0.00  0.00  0.00  0.00  0.00  0.00  0.00
 [17,]  0.00  0.00  0.00  0.00  0.00  0.00  0.00  0.00  0.00  0.00  0.00  0.00
 [18,]  0.00  0.00  0.00  0.00  0.00  0.00  0.00  0.00  0.00  0.00  0.00  0.00
 [19,]  0.00  0.00  0.00  0.00  0.00  0.00  0.00  0.00  0.00  0.00  0.00  0.00
 [20,]  0.00  0.00  0.00  0.00  0.00  0.00  0.00  0.00  0.00  0.00  0.00  0.00
 [21,]  0.00  0.00  0.00  0.00  0.00  0.00  0.00  0.00  0.00  0.00  0.00  0.00
 [22,]  0.00  0.00  0.00  0.00  0.00  0.00  0.00  0.00  0.00  0.00  0.00  0.00
 [23,]  0.00  0.00  0.00  0.00  0.00  0.00  0.00  0.00  0.00  0.00  0.00  0.00
 [24,]  0.00  0.00  0.00  0.00  0.00  0.00  0.00  0.00  0.00  0.00  0.00  0.00
 [25,]  0.00  0.00  0.00  0.00  0.00  0.00  0.00  0.00  0.00  0.00  0.00  0.00
 [26,]  0.01  0.00  0.00  0.00  0.00  0.00  0.00  0.00  0.00  0.00  0.00  0.00
 [27,]  0.00  0.01  0.00  0.00  0.00  0.00  0.00  0.00  0.00  0.00  0.00  0.00
 [28,]  0.00  0.00  0.01  0.00  0.00  0.00  0.00  0.00  0.00  0.00  0.00  0.00
 [29,]  0.00  0.00  0.00  0.01  0.00  0.00  0.00  0.00  0.00  0.00  0.00  0.00
 [30,]  0.00  0.00  0.00  0.00  0.01  0.00  0.00  0.00  0.00  0.00  0.00  0.00
 [31,]  0.00  0.00  0.00  0.00  0.00  0.01  0.00  0.00  0.00  0.00  0.00  0.00
 [32,]  0.00  0.00  0.00  0.00  0.00  0.00  0.01  0.00  0.00  0.00  0.00  0.00
 [33,]  0.00  0.00  0.00  0.00  0.00  0.00  0.00  0.01  0.00  0.00  0.00  0.00
 [34,]  0.00  0.00  0.00  0.00  0.00  0.00  0.00  0.00  0.01  0.00  0.00  0.00
 [35,]  0.00  0.00  0.00  0.00  0.00  0.00  0.00  0.00  0.00  0.01  0.00  0.00
 [36,]  0.00  0.00  0.00  0.00  0.00  0.00  0.00  0.00  0.00  0.00  0.01  0.00
 [37,]  0.00  0.00  0.00  0.00  0.00  0.00  0.00  0.00  0.00  0.00  0.00  0.01
 [38,]  0.00  0.00  0.00  0.00  0.00  0.00  0.00  0.00  0.00  0.00  0.00  0.00
 [39,]  0.00  0.00  0.00  0.00  0.00  0.00  0.00  0.00  0.00  0.00  0.00  0.00
 [40,]  0.00  0.00  0.00  0.00  0.00  0.00  0.00  0.00  0.00  0.00  0.00  0.00
 [41,]  0.00  0.00  0.00  0.00  0.00  0.00  0.00  0.00  0.00  0.00  0.00  0.00
 [42,]  0.00  0.00  0.00  0.00  0.00  0.00  0.00  0.00  0.00  0.00  0.00  0.00
 [43,]  0.00  0.00  0.00  0.00  0.00  0.00  0.00  0.00  0.00  0.00  0.00  0.00
 [44,]  0.00  0.00  0.00  0.00  0.00  0.00  0.00  0.00  0.00  0.00  0.00  0.00
 [45,]  0.00  0.00  0.00  0.00  0.00  0.00  0.00  0.00  0.00  0.00  0.00  0.00
 [46,]  0.00  0.00  0.00  0.00  0.00  0.00  0.00  0.00  0.00  0.00  0.00  0.00
 [47,]  0.00  0.00  0.00  0.00  0.00  0.00  0.00  0.00  0.00  0.00  0.00  0.00
 [48,]  0.00  0.00  0.00  0.00  0.00  0.00  0.00  0.00  0.00  0.00  0.00  0.00
 [49,]  0.00  0.00  0.00  0.00  0.00  0.00  0.00  0.00  0.00  0.00  0.00  0.00
 [50,]  0.00  0.00  0.00  0.00  0.00  0.00  0.00  0.00  0.00  0.00  0.00  0.00
 [51,]  0.00  0.00  0.00  0.00  0.00  0.00  0.00  0.00  0.00  0.00  0.00  0.00
 [52,]  0.00  0.00  0.00  0.00  0.00  0.00  0.00  0.00  0.00  0.00  0.00  0.00
 [53,]  0.00  0.00  0.00  0.00  0.00  0.00  0.00  0.00  0.00  0.00  0.00  0.00
 [54,]  0.00  0.00  0.00  0.00  0.00  0.00  0.00  0.00  0.00  0.00  0.00  0.00
 [55,]  0.00  0.00  0.00  0.00  0.00  0.00  0.00  0.00  0.00  0.00  0.00  0.00
 [56,]  0.00  0.00  0.00  0.00  0.00  0.00  0.00  0.00  0.00  0.00  0.00  0.00
 [57,]  0.00  0.00  0.00  0.00  0.00  0.00  0.00  0.00  0.00  0.00  0.00  0.00
 [58,]  0.00  0.00  0.00  0.00  0.00  0.00  0.00  0.00  0.00  0.00  0.00  0.00
 [59,]  0.00  0.00  0.00  0.00  0.00  0.00  0.00  0.00  0.00  0.00  0.00  0.00
 [60,]  0.00  0.00  0.00  0.00  0.00  0.00  0.00  0.00  0.00  0.00  0.00  0.00
 [61,]  0.00  0.00  0.00  0.00  0.00  0.00  0.00  0.00  0.00  0.00  0.00  0.00
 [62,]  0.00  0.00  0.00  0.00  0.00  0.00  0.00  0.00  0.00  0.00  0.00  0.00
 [63,]  0.00  0.00  0.00  0.00  0.00  0.00  0.00  0.00  0.00  0.00  0.00  0.00
 [64,]  0.00  0.00  0.00  0.00  0.00  0.00  0.00  0.00  0.00  0.00  0.00  0.00
 [65,]  0.00  0.00  0.00  0.00  0.00  0.00  0.00  0.00  0.00  0.00  0.00  0.00
 [66,]  0.00  0.00  0.00  0.00  0.00  0.00  0.00  0.00  0.00  0.00  0.00  0.00
 [67,]  0.00  0.00  0.00  0.00  0.00  0.00  0.00  0.00  0.00  0.00  0.00  0.00
 [68,]  0.00  0.00  0.00  0.00  0.00  0.00  0.00  0.00  0.00  0.00  0.00  0.00
 [69,]  0.00  0.00  0.00  0.00  0.00  0.00  0.00  0.00  0.00  0.00  0.00  0.00
 [70,]  0.00  0.00  0.00  0.00  0.00  0.00  0.00  0.00  0.00  0.00  0.00  0.00
 [71,]  0.00  0.00  0.00  0.00  0.00  0.00  0.00  0.00  0.00  0.00  0.00  0.00
 [72,]  0.00  0.00  0.00  0.00  0.00  0.00  0.00  0.00  0.00  0.00  0.00  0.00
 [73,]  0.00  0.00  0.00  0.00  0.00  0.00  0.00  0.00  0.00  0.00  0.00  0.00
 [74,]  0.00  0.00  0.00  0.00  0.00  0.00  0.00  0.00  0.00  0.00  0.00  0.00
 [75,]  0.00  0.00  0.00  0.00  0.00  0.00  0.00  0.00  0.00  0.00  0.00  0.00
 [76,]  0.00  0.00  0.00  0.00  0.00  0.00  0.00  0.00  0.00  0.00  0.00  0.00
 [77,]  0.00  0.00  0.00  0.00  0.00  0.00  0.00  0.00  0.00  0.00  0.00  0.00
 [78,]  0.00  0.00  0.00  0.00  0.00  0.00  0.00  0.00  0.00  0.00  0.00  0.00
 [79,]  0.00  0.00  0.00  0.00  0.00  0.00  0.00  0.00  0.00  0.00  0.00  0.00
 [80,]  0.00  0.00  0.00  0.00  0.00  0.00  0.00  0.00  0.00  0.00  0.00  0.00
 [81,]  0.00  0.00  0.00  0.00  0.00  0.00  0.00  0.00  0.00  0.00  0.00  0.00
 [82,]  0.00  0.00  0.00  0.00  0.00  0.00  0.00  0.00  0.00  0.00  0.00  0.00
 [83,]  0.00  0.00  0.00  0.00  0.00  0.00  0.00  0.00  0.00  0.00  0.00  0.00
 [84,]  0.00  0.00  0.00  0.00  0.00  0.00  0.00  0.00  0.00  0.00  0.00  0.00
 [85,]  0.00  0.00  0.00  0.00  0.00  0.00  0.00  0.00  0.00  0.00  0.00  0.00
 [86,]  0.00  0.00  0.00  0.00  0.00  0.00  0.00  0.00  0.00  0.00  0.00  0.00
 [87,]  0.00  0.00  0.00  0.00  0.00  0.00  0.00  0.00  0.00  0.00  0.00  0.00
 [88,]  0.00  0.00  0.00  0.00  0.00  0.00  0.00  0.00  0.00  0.00  0.00  0.00
 [89,]  0.00  0.00  0.00  0.00  0.00  0.00  0.00  0.00  0.00  0.00  0.00  0.00
 [90,]  0.00  0.00  0.00  0.00  0.00  0.00  0.00  0.00  0.00  0.00  0.00  0.00
 [91,]  0.00  0.00  0.00  0.00  0.00  0.00  0.00  0.00  0.00  0.00  0.00  0.00
 [92,]  0.00  0.00  0.00  0.00  0.00  0.00  0.00  0.00  0.00  0.00  0.00  0.00
 [93,]  0.00  0.00  0.00  0.00  0.00  0.00  0.00  0.00  0.00  0.00  0.00  0.00
 [94,]  0.00  0.00  0.00  0.00  0.00  0.00  0.00  0.00  0.00  0.00  0.00  0.00
 [95,]  0.00  0.00  0.00  0.00  0.00  0.00  0.00  0.00  0.00  0.00  0.00  0.00
 [96,]  0.00  0.00  0.00  0.00  0.00  0.00  0.00  0.00  0.00  0.00  0.00  0.00
 [97,]  0.00  0.00  0.00  0.00  0.00  0.00  0.00  0.00  0.00  0.00  0.00  0.00
 [98,]  0.00  0.00  0.00  0.00  0.00  0.00  0.00  0.00  0.00  0.00  0.00  0.00
 [99,]  0.00  0.00  0.00  0.00  0.00  0.00  0.00  0.00  0.00  0.00  0.00  0.00
[100,]  0.00  0.00  0.00  0.00  0.00  0.00  0.00  0.00  0.00  0.00  0.00  0.00
[101,]  0.00  0.00  0.00  0.00  0.00  0.00  0.00  0.00  0.00  0.00  0.00  0.00
[102,]  0.00  0.00  0.00  0.00  0.00  0.00  0.00  0.00  0.00  0.00  0.00  0.00
[103,]  0.00  0.00  0.00  0.00  0.00  0.00  0.00  0.00  0.00  0.00  0.00  0.00
[104,]  0.00  0.00  0.00  0.00  0.00  0.00  0.00  0.00  0.00  0.00  0.00  0.00
[105,]  0.00  0.00  0.00  0.00  0.00  0.00  0.00  0.00  0.00  0.00  0.00  0.00
[106,]  0.00  0.00  0.00  0.00  0.00  0.00  0.00  0.00  0.00  0.00  0.00  0.00
[107,]  0.00  0.00  0.00  0.00  0.00  0.00  0.00  0.00  0.00  0.00  0.00  0.00
[108,]  0.00  0.00  0.00  0.00  0.00  0.00  0.00  0.00  0.00  0.00  0.00  0.00
[109,]  0.00  0.00  0.00  0.00  0.00  0.00  0.00  0.00  0.00  0.00  0.00  0.00
[110,]  0.00  0.00  0.00  0.00  0.00  0.00  0.00  0.00  0.00  0.00  0.00  0.00
[111,]  0.00  0.00  0.00  0.00  0.00  0.00  0.00  0.00  0.00  0.00  0.00  0.00
[112,]  0.00  0.00  0.00  0.00  0.00  0.00  0.00  0.00  0.00  0.00  0.00  0.00
[113,]  0.00  0.00  0.00  0.00  0.00  0.00  0.00  0.00  0.00  0.00  0.00  0.00
[114,]  0.00  0.00  0.00  0.00  0.00  0.00  0.00  0.00  0.00  0.00  0.00  0.00
[115,]  0.00  0.00  0.00  0.00  0.00  0.00  0.00  0.00  0.00  0.00  0.00  0.00
[116,]  0.00  0.00  0.00  0.00  0.00  0.00  0.00  0.00  0.00  0.00  0.00  0.00
[117,]  0.00  0.00  0.00  0.00  0.00  0.00  0.00  0.00  0.00  0.00  0.00  0.00
[118,]  0.00  0.00  0.00  0.00  0.00  0.00  0.00  0.00  0.00  0.00  0.00  0.00
[119,]  0.00  0.00  0.00  0.00  0.00  0.00  0.00  0.00  0.00  0.00  0.00  0.00
[120,]  0.00  0.00  0.00  0.00  0.00  0.00  0.00  0.00  0.00  0.00  0.00  0.00
[121,]  0.00  0.00  0.00  0.00  0.00  0.00  0.00  0.00  0.00  0.00  0.00  0.00
[122,]  0.00  0.00  0.00  0.00  0.00  0.00  0.00  0.00  0.00  0.00  0.00  0.00
[123,]  0.00  0.00  0.00  0.00  0.00  0.00  0.00  0.00  0.00  0.00  0.00  0.00
[124,]  0.00  0.00  0.00  0.00  0.00  0.00  0.00  0.00  0.00  0.00  0.00  0.00
[125,]  0.00  0.00  0.00  0.00  0.00  0.00  0.00  0.00  0.00  0.00  0.00  0.00
[126,]  0.00  0.00  0.00  0.00  0.00  0.00  0.00  0.00  0.00  0.00  0.00  0.00
[127,]  0.00  0.00  0.00  0.00  0.00  0.00  0.00  0.00  0.00  0.00  0.00  0.00
[128,]  0.00  0.00  0.00  0.00  0.00  0.00  0.00  0.00  0.00  0.00  0.00  0.00
[129,]  0.00  0.00  0.00  0.00  0.00  0.00  0.00  0.00  0.00  0.00  0.00  0.00
[130,]  0.00  0.00  0.00  0.00  0.00  0.00  0.00  0.00  0.00  0.00  0.00  0.00
[131,]  0.00  0.00  0.00  0.00  0.00  0.00  0.00  0.00  0.00  0.00  0.00  0.00
[132,]  0.00  0.00  0.00  0.00  0.00  0.00  0.00  0.00  0.00  0.00  0.00  0.00
[133,]  0.00  0.00  0.00  0.00  0.00  0.00  0.00  0.00  0.00  0.00  0.00  0.00
[134,]  0.00  0.00  0.00  0.00  0.00  0.00  0.00  0.00  0.00  0.00  0.00  0.00
[135,]  0.00  0.00  0.00  0.00  0.00  0.00  0.00  0.00  0.00  0.00  0.00  0.00
[136,]  0.00  0.00  0.00  0.00  0.00  0.00  0.00  0.00  0.00  0.00  0.00  0.00
[137,]  0.00  0.00  0.00  0.00  0.00  0.00  0.00  0.00  0.00  0.00  0.00  0.00
[138,]  0.00  0.00  0.00  0.00  0.00  0.00  0.00  0.00  0.00  0.00  0.00  0.00
[139,]  0.00  0.00  0.00  0.00  0.00  0.00  0.00  0.00  0.00  0.00  0.00  0.00
[140,]  0.00  0.00  0.00  0.00  0.00  0.00  0.00  0.00  0.00  0.00  0.00  0.00
[141,]  0.00  0.00  0.00  0.00  0.00  0.00  0.00  0.00  0.00  0.00  0.00  0.00
[142,]  0.00  0.00  0.00  0.00  0.00  0.00  0.00  0.00  0.00  0.00  0.00  0.00
[143,]  0.00  0.00  0.00  0.00  0.00  0.00  0.00  0.00  0.00  0.00  0.00  0.00
[144,]  0.00  0.00  0.00  0.00  0.00  0.00  0.00  0.00  0.00  0.00  0.00  0.00
[145,]  0.00  0.00  0.00  0.00  0.00  0.00  0.00  0.00  0.00  0.00  0.00  0.00
[146,]  0.00  0.00  0.00  0.00  0.00  0.00  0.00  0.00  0.00  0.00  0.00  0.00
[147,]  0.00  0.00  0.00  0.00  0.00  0.00  0.00  0.00  0.00  0.00  0.00  0.00
[148,]  0.00  0.00  0.00  0.00  0.00  0.00  0.00  0.00  0.00  0.00  0.00  0.00
[149,]  0.00  0.00  0.00  0.00  0.00  0.00  0.00  0.00  0.00  0.00  0.00  0.00
[150,]  0.00  0.00  0.00  0.00  0.00  0.00  0.00  0.00  0.00  0.00  0.00  0.00
[151,]  0.00  0.00  0.00  0.00  0.00  0.00  0.00  0.00  0.00  0.00  0.00  0.00
[152,]  0.00  0.00  0.00  0.00  0.00  0.00  0.00  0.00  0.00  0.00  0.00  0.00
[153,]  0.00  0.00  0.00  0.00  0.00  0.00  0.00  0.00  0.00  0.00  0.00  0.00
[154,]  0.00  0.00  0.00  0.00  0.00  0.00  0.00  0.00  0.00  0.00  0.00  0.00
[155,]  0.00  0.00  0.00  0.00  0.00  0.00  0.00  0.00  0.00  0.00  0.00  0.00
[156,]  0.00  0.00  0.00  0.00  0.00  0.00  0.00  0.00  0.00  0.00  0.00  0.00
[157,]  0.00  0.00  0.00  0.00  0.00  0.00  0.00  0.00  0.00  0.00  0.00  0.00
[158,]  0.00  0.00  0.00  0.00  0.00  0.00  0.00  0.00  0.00  0.00  0.00  0.00
[159,]  0.00  0.00  0.00  0.00  0.00  0.00  0.00  0.00  0.00  0.00  0.00  0.00
[160,]  0.00  0.00  0.00  0.00  0.00  0.00  0.00  0.00  0.00  0.00  0.00  0.00
[161,]  0.00  0.00  0.00  0.00  0.00  0.00  0.00  0.00  0.00  0.00  0.00  0.00
[162,]  0.00  0.00  0.00  0.00  0.00  0.00  0.00  0.00  0.00  0.00  0.00  0.00
[163,]  0.00  0.00  0.00  0.00  0.00  0.00  0.00  0.00  0.00  0.00  0.00  0.00
[164,]  0.00  0.00  0.00  0.00  0.00  0.00  0.00  0.00  0.00  0.00  0.00  0.00
[165,]  0.00  0.00  0.00  0.00  0.00  0.00  0.00  0.00  0.00  0.00  0.00  0.00
[166,]  0.00  0.00  0.00  0.00  0.00  0.00  0.00  0.00  0.00  0.00  0.00  0.00
[167,]  0.00  0.00  0.00  0.00  0.00  0.00  0.00  0.00  0.00  0.00  0.00  0.00
[168,]  0.00  0.00  0.00  0.00  0.00  0.00  0.00  0.00  0.00  0.00  0.00  0.00
[169,]  0.00  0.00  0.00  0.00  0.00  0.00  0.00  0.00  0.00  0.00  0.00  0.00
[170,]  0.00  0.00  0.00  0.00  0.00  0.00  0.00  0.00  0.00  0.00  0.00  0.00
[171,]  0.00  0.00  0.00  0.00  0.00  0.00  0.00  0.00  0.00  0.00  0.00  0.00
[172,]  0.00  0.00  0.00  0.00  0.00  0.00  0.00  0.00  0.00  0.00  0.00  0.00
[173,]  0.00  0.00  0.00  0.00  0.00  0.00  0.00  0.00  0.00  0.00  0.00  0.00
[174,]  0.00  0.00  0.00  0.00  0.00  0.00  0.00  0.00  0.00  0.00  0.00  0.00
[175,]  0.00  0.00  0.00  0.00  0.00  0.00  0.00  0.00  0.00  0.00  0.00  0.00
[176,]  0.00  0.00  0.00  0.00  0.00  0.00  0.00  0.00  0.00  0.00  0.00  0.00
[177,]  0.00  0.00  0.00  0.00  0.00  0.00  0.00  0.00  0.00  0.00  0.00  0.00
[178,]  0.00  0.00  0.00  0.00  0.00  0.00  0.00  0.00  0.00  0.00  0.00  0.00
[179,]  0.00  0.00  0.00  0.00  0.00  0.00  0.00  0.00  0.00  0.00  0.00  0.00
[180,]  0.00  0.00  0.00  0.00  0.00  0.00  0.00  0.00  0.00  0.00  0.00  0.00
[181,]  0.00  0.00  0.00  0.00  0.00  0.00  0.00  0.00  0.00  0.00  0.00  0.00
[182,]  0.00  0.00  0.00  0.00  0.00  0.00  0.00  0.00  0.00  0.00  0.00  0.00
[183,]  0.00  0.00  0.00  0.00  0.00  0.00  0.00  0.00  0.00  0.00  0.00  0.00
[184,]  0.00  0.00  0.00  0.00  0.00  0.00  0.00  0.00  0.00  0.00  0.00  0.00
[185,]  0.00  0.00  0.00  0.00  0.00  0.00  0.00  0.00  0.00  0.00  0.00  0.00
[186,]  0.00  0.00  0.00  0.00  0.00  0.00  0.00  0.00  0.00  0.00  0.00  0.00
[187,]  0.00  0.00  0.00  0.00  0.00  0.00  0.00  0.00  0.00  0.00  0.00  0.00
[188,]  0.00  0.00  0.00  0.00  0.00  0.00  0.00  0.00  0.00  0.00  0.00  0.00
[189,]  0.00  0.00  0.00  0.00  0.00  0.00  0.00  0.00  0.00  0.00  0.00  0.00
[190,]  0.00  0.00  0.00  0.00  0.00  0.00  0.00  0.00  0.00  0.00  0.00  0.00
[191,]  0.00  0.00  0.00  0.00  0.00  0.00  0.00  0.00  0.00  0.00  0.00  0.00
[192,]  0.00  0.00  0.00  0.00  0.00  0.00  0.00  0.00  0.00  0.00  0.00  0.00
[193,]  0.00  0.00  0.00  0.00  0.00  0.00  0.00  0.00  0.00  0.00  0.00  0.00
[194,]  0.00  0.00  0.00  0.00  0.00  0.00  0.00  0.00  0.00  0.00  0.00  0.00
[195,]  0.00  0.00  0.00  0.00  0.00  0.00  0.00  0.00  0.00  0.00  0.00  0.00
[196,]  0.00  0.00  0.00  0.00  0.00  0.00  0.00  0.00  0.00  0.00  0.00  0.00
[197,]  0.00  0.00  0.00  0.00  0.00  0.00  0.00  0.00  0.00  0.00  0.00  0.00
[198,]  0.00  0.00  0.00  0.00  0.00  0.00  0.00  0.00  0.00  0.00  0.00  0.00
[199,]  0.00  0.00  0.00  0.00  0.00  0.00  0.00  0.00  0.00  0.00  0.00  0.00
[200,]  0.00  0.00  0.00  0.00  0.00  0.00  0.00  0.00  0.00  0.00  0.00  0.00
[201,]  0.00  0.00  0.00  0.00  0.00  0.00  0.00  0.00  0.00  0.00  0.00  0.00
[202,]  0.00  0.00  0.00  0.00  0.00  0.00  0.00  0.00  0.00  0.00  0.00  0.00
[203,]  0.00  0.00  0.00  0.00  0.00  0.00  0.00  0.00  0.00  0.00  0.00  0.00
[204,]  0.00  0.00  0.00  0.00  0.00  0.00  0.00  0.00  0.00  0.00  0.00  0.00
[205,]  0.00  0.00  0.00  0.00  0.00  0.00  0.00  0.00  0.00  0.00  0.00  0.00
[206,]  0.00  0.00  0.00  0.00  0.00  0.00  0.00  0.00  0.00  0.00  0.00  0.00
[207,]  0.00  0.00  0.00  0.00  0.00  0.00  0.00  0.00  0.00  0.00  0.00  0.00
[208,]  0.00  0.00  0.00  0.00  0.00  0.00  0.00  0.00  0.00  0.00  0.00  0.00
[209,]  0.00  0.00  0.00  0.00  0.00  0.00  0.00  0.00  0.00  0.00  0.00  0.00
[210,]  0.00  0.00  0.00  0.00  0.00  0.00  0.00  0.00  0.00  0.00  0.00  0.00
[211,]  0.00  0.00  0.00  0.00  0.00  0.00  0.00  0.00  0.00  0.00  0.00  0.00
[212,]  0.00  0.00  0.00  0.00  0.00  0.00  0.00  0.00  0.00  0.00  0.00  0.00
[213,]  0.00  0.00  0.00  0.00  0.00  0.00  0.00  0.00  0.00  0.00  0.00  0.00
[214,]  0.00  0.00  0.00  0.00  0.00  0.00  0.00  0.00  0.00  0.00  0.00  0.00
[215,]  0.00  0.00  0.00  0.00  0.00  0.00  0.00  0.00  0.00  0.00  0.00  0.00
[216,]  0.00  0.00  0.00  0.00  0.00  0.00  0.00  0.00  0.00  0.00  0.00  0.00
[217,]  0.00  0.00  0.00  0.00  0.00  0.00  0.00  0.00  0.00  0.00  0.00  0.00
[218,]  0.00  0.00  0.00  0.00  0.00  0.00  0.00  0.00  0.00  0.00  0.00  0.00
[219,]  0.00  0.00  0.00  0.00  0.00  0.00  0.00  0.00  0.00  0.00  0.00  0.00
[220,]  0.00  0.00  0.00  0.00  0.00  0.00  0.00  0.00  0.00  0.00  0.00  0.00
[221,]  0.00  0.00  0.00  0.00  0.00  0.00  0.00  0.00  0.00  0.00  0.00  0.00
[222,]  0.00  0.00  0.00  0.00  0.00  0.00  0.00  0.00  0.00  0.00  0.00  0.00
[223,]  0.00  0.00  0.00  0.00  0.00  0.00  0.00  0.00  0.00  0.00  0.00  0.00
[224,]  0.00  0.00  0.00  0.00  0.00  0.00  0.00  0.00  0.00  0.00  0.00  0.00
[225,]  0.00  0.00  0.00  0.00  0.00  0.00  0.00  0.00  0.00  0.00  0.00  0.00
[226,]  0.00  0.00  0.00  0.00  0.00  0.00  0.00  0.00  0.00  0.00  0.00  0.00
[227,]  0.00  0.00  0.00  0.00  0.00  0.00  0.00  0.00  0.00  0.00  0.00  0.00
[228,]  0.00  0.00  0.00  0.00  0.00  0.00  0.00  0.00  0.00  0.00  0.00  0.00
       [,38] [,39] [,40] [,41] [,42] [,43] [,44] [,45] [,46] [,47] [,48] [,49]
  [1,]  0.00  0.00  0.00  0.00  0.00  0.00  0.00  0.00  0.00  0.00  0.00  0.00
  [2,]  0.00  0.00  0.00  0.00  0.00  0.00  0.00  0.00  0.00  0.00  0.00  0.00
  [3,]  0.00  0.00  0.00  0.00  0.00  0.00  0.00  0.00  0.00  0.00  0.00  0.00
  [4,]  0.00  0.00  0.00  0.00  0.00  0.00  0.00  0.00  0.00  0.00  0.00  0.00
  [5,]  0.00  0.00  0.00  0.00  0.00  0.00  0.00  0.00  0.00  0.00  0.00  0.00
  [6,]  0.00  0.00  0.00  0.00  0.00  0.00  0.00  0.00  0.00  0.00  0.00  0.00
  [7,]  0.00  0.00  0.00  0.00  0.00  0.00  0.00  0.00  0.00  0.00  0.00  0.00
  [8,]  0.00  0.00  0.00  0.00  0.00  0.00  0.00  0.00  0.00  0.00  0.00  0.00
  [9,]  0.00  0.00  0.00  0.00  0.00  0.00  0.00  0.00  0.00  0.00  0.00  0.00
 [10,]  0.00  0.00  0.00  0.00  0.00  0.00  0.00  0.00  0.00  0.00  0.00  0.00
 [11,]  0.00  0.00  0.00  0.00  0.00  0.00  0.00  0.00  0.00  0.00  0.00  0.00
 [12,]  0.00  0.00  0.00  0.00  0.00  0.00  0.00  0.00  0.00  0.00  0.00  0.00
 [13,]  0.00  0.00  0.00  0.00  0.00  0.00  0.00  0.00  0.00  0.00  0.00  0.00
 [14,]  0.00  0.00  0.00  0.00  0.00  0.00  0.00  0.00  0.00  0.00  0.00  0.00
 [15,]  0.00  0.00  0.00  0.00  0.00  0.00  0.00  0.00  0.00  0.00  0.00  0.00
 [16,]  0.00  0.00  0.00  0.00  0.00  0.00  0.00  0.00  0.00  0.00  0.00  0.00
 [17,]  0.00  0.00  0.00  0.00  0.00  0.00  0.00  0.00  0.00  0.00  0.00  0.00
 [18,]  0.00  0.00  0.00  0.00  0.00  0.00  0.00  0.00  0.00  0.00  0.00  0.00
 [19,]  0.00  0.00  0.00  0.00  0.00  0.00  0.00  0.00  0.00  0.00  0.00  0.00
 [20,]  0.00  0.00  0.00  0.00  0.00  0.00  0.00  0.00  0.00  0.00  0.00  0.00
 [21,]  0.00  0.00  0.00  0.00  0.00  0.00  0.00  0.00  0.00  0.00  0.00  0.00
 [22,]  0.00  0.00  0.00  0.00  0.00  0.00  0.00  0.00  0.00  0.00  0.00  0.00
 [23,]  0.00  0.00  0.00  0.00  0.00  0.00  0.00  0.00  0.00  0.00  0.00  0.00
 [24,]  0.00  0.00  0.00  0.00  0.00  0.00  0.00  0.00  0.00  0.00  0.00  0.00
 [25,]  0.00  0.00  0.00  0.00  0.00  0.00  0.00  0.00  0.00  0.00  0.00  0.00
 [26,]  0.00  0.00  0.00  0.00  0.00  0.00  0.00  0.00  0.00  0.00  0.00  0.00
 [27,]  0.00  0.00  0.00  0.00  0.00  0.00  0.00  0.00  0.00  0.00  0.00  0.00
 [28,]  0.00  0.00  0.00  0.00  0.00  0.00  0.00  0.00  0.00  0.00  0.00  0.00
 [29,]  0.00  0.00  0.00  0.00  0.00  0.00  0.00  0.00  0.00  0.00  0.00  0.00
 [30,]  0.00  0.00  0.00  0.00  0.00  0.00  0.00  0.00  0.00  0.00  0.00  0.00
 [31,]  0.00  0.00  0.00  0.00  0.00  0.00  0.00  0.00  0.00  0.00  0.00  0.00
 [32,]  0.00  0.00  0.00  0.00  0.00  0.00  0.00  0.00  0.00  0.00  0.00  0.00
 [33,]  0.00  0.00  0.00  0.00  0.00  0.00  0.00  0.00  0.00  0.00  0.00  0.00
 [34,]  0.00  0.00  0.00  0.00  0.00  0.00  0.00  0.00  0.00  0.00  0.00  0.00
 [35,]  0.00  0.00  0.00  0.00  0.00  0.00  0.00  0.00  0.00  0.00  0.00  0.00
 [36,]  0.00  0.00  0.00  0.00  0.00  0.00  0.00  0.00  0.00  0.00  0.00  0.00
 [37,]  0.00  0.00  0.00  0.00  0.00  0.00  0.00  0.00  0.00  0.00  0.00  0.00
 [38,]  0.01  0.00  0.00  0.00  0.00  0.00  0.00  0.00  0.00  0.00  0.00  0.00
 [39,]  0.00  0.01  0.00  0.00  0.00  0.00  0.00  0.00  0.00  0.00  0.00  0.00
 [40,]  0.00  0.00  0.01  0.00  0.00  0.00  0.00  0.00  0.00  0.00  0.00  0.00
 [41,]  0.00  0.00  0.00  0.01  0.00  0.00  0.00  0.00  0.00  0.00  0.00  0.00
 [42,]  0.00  0.00  0.00  0.00  0.01  0.00  0.00  0.00  0.00  0.00  0.00  0.00
 [43,]  0.00  0.00  0.00  0.00  0.00  0.01  0.00  0.00  0.00  0.00  0.00  0.00
 [44,]  0.00  0.00  0.00  0.00  0.00  0.00  0.01  0.00  0.00  0.00  0.00  0.00
 [45,]  0.00  0.00  0.00  0.00  0.00  0.00  0.00  0.01  0.00  0.00  0.00  0.00
 [46,]  0.00  0.00  0.00  0.00  0.00  0.00  0.00  0.00  0.01  0.00  0.00  0.00
 [47,]  0.00  0.00  0.00  0.00  0.00  0.00  0.00  0.00  0.00  0.01  0.00  0.00
 [48,]  0.00  0.00  0.00  0.00  0.00  0.00  0.00  0.00  0.00  0.00  0.01  0.00
 [49,]  0.00  0.00  0.00  0.00  0.00  0.00  0.00  0.00  0.00  0.00  0.00  0.01
 [50,]  0.00  0.00  0.00  0.00  0.00  0.00  0.00  0.00  0.00  0.00  0.00  0.00
 [51,]  0.00  0.00  0.00  0.00  0.00  0.00  0.00  0.00  0.00  0.00  0.00  0.00
 [52,]  0.00  0.00  0.00  0.00  0.00  0.00  0.00  0.00  0.00  0.00  0.00  0.00
 [53,]  0.00  0.00  0.00  0.00  0.00  0.00  0.00  0.00  0.00  0.00  0.00  0.00
 [54,]  0.00  0.00  0.00  0.00  0.00  0.00  0.00  0.00  0.00  0.00  0.00  0.00
 [55,]  0.00  0.00  0.00  0.00  0.00  0.00  0.00  0.00  0.00  0.00  0.00  0.00
 [56,]  0.00  0.00  0.00  0.00  0.00  0.00  0.00  0.00  0.00  0.00  0.00  0.00
 [57,]  0.00  0.00  0.00  0.00  0.00  0.00  0.00  0.00  0.00  0.00  0.00  0.00
 [58,]  0.00  0.00  0.00  0.00  0.00  0.00  0.00  0.00  0.00  0.00  0.00  0.00
 [59,]  0.00  0.00  0.00  0.00  0.00  0.00  0.00  0.00  0.00  0.00  0.00  0.00
 [60,]  0.00  0.00  0.00  0.00  0.00  0.00  0.00  0.00  0.00  0.00  0.00  0.00
 [61,]  0.00  0.00  0.00  0.00  0.00  0.00  0.00  0.00  0.00  0.00  0.00  0.00
 [62,]  0.00  0.00  0.00  0.00  0.00  0.00  0.00  0.00  0.00  0.00  0.00  0.00
 [63,]  0.00  0.00  0.00  0.00  0.00  0.00  0.00  0.00  0.00  0.00  0.00  0.00
 [64,]  0.00  0.00  0.00  0.00  0.00  0.00  0.00  0.00  0.00  0.00  0.00  0.00
 [65,]  0.00  0.00  0.00  0.00  0.00  0.00  0.00  0.00  0.00  0.00  0.00  0.00
 [66,]  0.00  0.00  0.00  0.00  0.00  0.00  0.00  0.00  0.00  0.00  0.00  0.00
 [67,]  0.00  0.00  0.00  0.00  0.00  0.00  0.00  0.00  0.00  0.00  0.00  0.00
 [68,]  0.00  0.00  0.00  0.00  0.00  0.00  0.00  0.00  0.00  0.00  0.00  0.00
 [69,]  0.00  0.00  0.00  0.00  0.00  0.00  0.00  0.00  0.00  0.00  0.00  0.00
 [70,]  0.00  0.00  0.00  0.00  0.00  0.00  0.00  0.00  0.00  0.00  0.00  0.00
 [71,]  0.00  0.00  0.00  0.00  0.00  0.00  0.00  0.00  0.00  0.00  0.00  0.00
 [72,]  0.00  0.00  0.00  0.00  0.00  0.00  0.00  0.00  0.00  0.00  0.00  0.00
 [73,]  0.00  0.00  0.00  0.00  0.00  0.00  0.00  0.00  0.00  0.00  0.00  0.00
 [74,]  0.00  0.00  0.00  0.00  0.00  0.00  0.00  0.00  0.00  0.00  0.00  0.00
 [75,]  0.00  0.00  0.00  0.00  0.00  0.00  0.00  0.00  0.00  0.00  0.00  0.00
 [76,]  0.00  0.00  0.00  0.00  0.00  0.00  0.00  0.00  0.00  0.00  0.00  0.00
 [77,]  0.00  0.00  0.00  0.00  0.00  0.00  0.00  0.00  0.00  0.00  0.00  0.00
 [78,]  0.00  0.00  0.00  0.00  0.00  0.00  0.00  0.00  0.00  0.00  0.00  0.00
 [79,]  0.00  0.00  0.00  0.00  0.00  0.00  0.00  0.00  0.00  0.00  0.00  0.00
 [80,]  0.00  0.00  0.00  0.00  0.00  0.00  0.00  0.00  0.00  0.00  0.00  0.00
 [81,]  0.00  0.00  0.00  0.00  0.00  0.00  0.00  0.00  0.00  0.00  0.00  0.00
 [82,]  0.00  0.00  0.00  0.00  0.00  0.00  0.00  0.00  0.00  0.00  0.00  0.00
 [83,]  0.00  0.00  0.00  0.00  0.00  0.00  0.00  0.00  0.00  0.00  0.00  0.00
 [84,]  0.00  0.00  0.00  0.00  0.00  0.00  0.00  0.00  0.00  0.00  0.00  0.00
 [85,]  0.00  0.00  0.00  0.00  0.00  0.00  0.00  0.00  0.00  0.00  0.00  0.00
 [86,]  0.00  0.00  0.00  0.00  0.00  0.00  0.00  0.00  0.00  0.00  0.00  0.00
 [87,]  0.00  0.00  0.00  0.00  0.00  0.00  0.00  0.00  0.00  0.00  0.00  0.00
 [88,]  0.00  0.00  0.00  0.00  0.00  0.00  0.00  0.00  0.00  0.00  0.00  0.00
 [89,]  0.00  0.00  0.00  0.00  0.00  0.00  0.00  0.00  0.00  0.00  0.00  0.00
 [90,]  0.00  0.00  0.00  0.00  0.00  0.00  0.00  0.00  0.00  0.00  0.00  0.00
 [91,]  0.00  0.00  0.00  0.00  0.00  0.00  0.00  0.00  0.00  0.00  0.00  0.00
 [92,]  0.00  0.00  0.00  0.00  0.00  0.00  0.00  0.00  0.00  0.00  0.00  0.00
 [93,]  0.00  0.00  0.00  0.00  0.00  0.00  0.00  0.00  0.00  0.00  0.00  0.00
 [94,]  0.00  0.00  0.00  0.00  0.00  0.00  0.00  0.00  0.00  0.00  0.00  0.00
 [95,]  0.00  0.00  0.00  0.00  0.00  0.00  0.00  0.00  0.00  0.00  0.00  0.00
 [96,]  0.00  0.00  0.00  0.00  0.00  0.00  0.00  0.00  0.00  0.00  0.00  0.00
 [97,]  0.00  0.00  0.00  0.00  0.00  0.00  0.00  0.00  0.00  0.00  0.00  0.00
 [98,]  0.00  0.00  0.00  0.00  0.00  0.00  0.00  0.00  0.00  0.00  0.00  0.00
 [99,]  0.00  0.00  0.00  0.00  0.00  0.00  0.00  0.00  0.00  0.00  0.00  0.00
[100,]  0.00  0.00  0.00  0.00  0.00  0.00  0.00  0.00  0.00  0.00  0.00  0.00
[101,]  0.00  0.00  0.00  0.00  0.00  0.00  0.00  0.00  0.00  0.00  0.00  0.00
[102,]  0.00  0.00  0.00  0.00  0.00  0.00  0.00  0.00  0.00  0.00  0.00  0.00
[103,]  0.00  0.00  0.00  0.00  0.00  0.00  0.00  0.00  0.00  0.00  0.00  0.00
[104,]  0.00  0.00  0.00  0.00  0.00  0.00  0.00  0.00  0.00  0.00  0.00  0.00
[105,]  0.00  0.00  0.00  0.00  0.00  0.00  0.00  0.00  0.00  0.00  0.00  0.00
[106,]  0.00  0.00  0.00  0.00  0.00  0.00  0.00  0.00  0.00  0.00  0.00  0.00
[107,]  0.00  0.00  0.00  0.00  0.00  0.00  0.00  0.00  0.00  0.00  0.00  0.00
[108,]  0.00  0.00  0.00  0.00  0.00  0.00  0.00  0.00  0.00  0.00  0.00  0.00
[109,]  0.00  0.00  0.00  0.00  0.00  0.00  0.00  0.00  0.00  0.00  0.00  0.00
[110,]  0.00  0.00  0.00  0.00  0.00  0.00  0.00  0.00  0.00  0.00  0.00  0.00
[111,]  0.00  0.00  0.00  0.00  0.00  0.00  0.00  0.00  0.00  0.00  0.00  0.00
[112,]  0.00  0.00  0.00  0.00  0.00  0.00  0.00  0.00  0.00  0.00  0.00  0.00
[113,]  0.00  0.00  0.00  0.00  0.00  0.00  0.00  0.00  0.00  0.00  0.00  0.00
[114,]  0.00  0.00  0.00  0.00  0.00  0.00  0.00  0.00  0.00  0.00  0.00  0.00
[115,]  0.00  0.00  0.00  0.00  0.00  0.00  0.00  0.00  0.00  0.00  0.00  0.00
[116,]  0.00  0.00  0.00  0.00  0.00  0.00  0.00  0.00  0.00  0.00  0.00  0.00
[117,]  0.00  0.00  0.00  0.00  0.00  0.00  0.00  0.00  0.00  0.00  0.00  0.00
[118,]  0.00  0.00  0.00  0.00  0.00  0.00  0.00  0.00  0.00  0.00  0.00  0.00
[119,]  0.00  0.00  0.00  0.00  0.00  0.00  0.00  0.00  0.00  0.00  0.00  0.00
[120,]  0.00  0.00  0.00  0.00  0.00  0.00  0.00  0.00  0.00  0.00  0.00  0.00
[121,]  0.00  0.00  0.00  0.00  0.00  0.00  0.00  0.00  0.00  0.00  0.00  0.00
[122,]  0.00  0.00  0.00  0.00  0.00  0.00  0.00  0.00  0.00  0.00  0.00  0.00
[123,]  0.00  0.00  0.00  0.00  0.00  0.00  0.00  0.00  0.00  0.00  0.00  0.00
[124,]  0.00  0.00  0.00  0.00  0.00  0.00  0.00  0.00  0.00  0.00  0.00  0.00
[125,]  0.00  0.00  0.00  0.00  0.00  0.00  0.00  0.00  0.00  0.00  0.00  0.00
[126,]  0.00  0.00  0.00  0.00  0.00  0.00  0.00  0.00  0.00  0.00  0.00  0.00
[127,]  0.00  0.00  0.00  0.00  0.00  0.00  0.00  0.00  0.00  0.00  0.00  0.00
[128,]  0.00  0.00  0.00  0.00  0.00  0.00  0.00  0.00  0.00  0.00  0.00  0.00
[129,]  0.00  0.00  0.00  0.00  0.00  0.00  0.00  0.00  0.00  0.00  0.00  0.00
[130,]  0.00  0.00  0.00  0.00  0.00  0.00  0.00  0.00  0.00  0.00  0.00  0.00
[131,]  0.00  0.00  0.00  0.00  0.00  0.00  0.00  0.00  0.00  0.00  0.00  0.00
[132,]  0.00  0.00  0.00  0.00  0.00  0.00  0.00  0.00  0.00  0.00  0.00  0.00
[133,]  0.00  0.00  0.00  0.00  0.00  0.00  0.00  0.00  0.00  0.00  0.00  0.00
[134,]  0.00  0.00  0.00  0.00  0.00  0.00  0.00  0.00  0.00  0.00  0.00  0.00
[135,]  0.00  0.00  0.00  0.00  0.00  0.00  0.00  0.00  0.00  0.00  0.00  0.00
[136,]  0.00  0.00  0.00  0.00  0.00  0.00  0.00  0.00  0.00  0.00  0.00  0.00
[137,]  0.00  0.00  0.00  0.00  0.00  0.00  0.00  0.00  0.00  0.00  0.00  0.00
[138,]  0.00  0.00  0.00  0.00  0.00  0.00  0.00  0.00  0.00  0.00  0.00  0.00
[139,]  0.00  0.00  0.00  0.00  0.00  0.00  0.00  0.00  0.00  0.00  0.00  0.00
[140,]  0.00  0.00  0.00  0.00  0.00  0.00  0.00  0.00  0.00  0.00  0.00  0.00
[141,]  0.00  0.00  0.00  0.00  0.00  0.00  0.00  0.00  0.00  0.00  0.00  0.00
[142,]  0.00  0.00  0.00  0.00  0.00  0.00  0.00  0.00  0.00  0.00  0.00  0.00
[143,]  0.00  0.00  0.00  0.00  0.00  0.00  0.00  0.00  0.00  0.00  0.00  0.00
[144,]  0.00  0.00  0.00  0.00  0.00  0.00  0.00  0.00  0.00  0.00  0.00  0.00
[145,]  0.00  0.00  0.00  0.00  0.00  0.00  0.00  0.00  0.00  0.00  0.00  0.00
[146,]  0.00  0.00  0.00  0.00  0.00  0.00  0.00  0.00  0.00  0.00  0.00  0.00
[147,]  0.00  0.00  0.00  0.00  0.00  0.00  0.00  0.00  0.00  0.00  0.00  0.00
[148,]  0.00  0.00  0.00  0.00  0.00  0.00  0.00  0.00  0.00  0.00  0.00  0.00
[149,]  0.00  0.00  0.00  0.00  0.00  0.00  0.00  0.00  0.00  0.00  0.00  0.00
[150,]  0.00  0.00  0.00  0.00  0.00  0.00  0.00  0.00  0.00  0.00  0.00  0.00
[151,]  0.00  0.00  0.00  0.00  0.00  0.00  0.00  0.00  0.00  0.00  0.00  0.00
[152,]  0.00  0.00  0.00  0.00  0.00  0.00  0.00  0.00  0.00  0.00  0.00  0.00
[153,]  0.00  0.00  0.00  0.00  0.00  0.00  0.00  0.00  0.00  0.00  0.00  0.00
[154,]  0.00  0.00  0.00  0.00  0.00  0.00  0.00  0.00  0.00  0.00  0.00  0.00
[155,]  0.00  0.00  0.00  0.00  0.00  0.00  0.00  0.00  0.00  0.00  0.00  0.00
[156,]  0.00  0.00  0.00  0.00  0.00  0.00  0.00  0.00  0.00  0.00  0.00  0.00
[157,]  0.00  0.00  0.00  0.00  0.00  0.00  0.00  0.00  0.00  0.00  0.00  0.00
[158,]  0.00  0.00  0.00  0.00  0.00  0.00  0.00  0.00  0.00  0.00  0.00  0.00
[159,]  0.00  0.00  0.00  0.00  0.00  0.00  0.00  0.00  0.00  0.00  0.00  0.00
[160,]  0.00  0.00  0.00  0.00  0.00  0.00  0.00  0.00  0.00  0.00  0.00  0.00
[161,]  0.00  0.00  0.00  0.00  0.00  0.00  0.00  0.00  0.00  0.00  0.00  0.00
[162,]  0.00  0.00  0.00  0.00  0.00  0.00  0.00  0.00  0.00  0.00  0.00  0.00
[163,]  0.00  0.00  0.00  0.00  0.00  0.00  0.00  0.00  0.00  0.00  0.00  0.00
[164,]  0.00  0.00  0.00  0.00  0.00  0.00  0.00  0.00  0.00  0.00  0.00  0.00
[165,]  0.00  0.00  0.00  0.00  0.00  0.00  0.00  0.00  0.00  0.00  0.00  0.00
[166,]  0.00  0.00  0.00  0.00  0.00  0.00  0.00  0.00  0.00  0.00  0.00  0.00
[167,]  0.00  0.00  0.00  0.00  0.00  0.00  0.00  0.00  0.00  0.00  0.00  0.00
[168,]  0.00  0.00  0.00  0.00  0.00  0.00  0.00  0.00  0.00  0.00  0.00  0.00
[169,]  0.00  0.00  0.00  0.00  0.00  0.00  0.00  0.00  0.00  0.00  0.00  0.00
[170,]  0.00  0.00  0.00  0.00  0.00  0.00  0.00  0.00  0.00  0.00  0.00  0.00
[171,]  0.00  0.00  0.00  0.00  0.00  0.00  0.00  0.00  0.00  0.00  0.00  0.00
[172,]  0.00  0.00  0.00  0.00  0.00  0.00  0.00  0.00  0.00  0.00  0.00  0.00
[173,]  0.00  0.00  0.00  0.00  0.00  0.00  0.00  0.00  0.00  0.00  0.00  0.00
[174,]  0.00  0.00  0.00  0.00  0.00  0.00  0.00  0.00  0.00  0.00  0.00  0.00
[175,]  0.00  0.00  0.00  0.00  0.00  0.00  0.00  0.00  0.00  0.00  0.00  0.00
[176,]  0.00  0.00  0.00  0.00  0.00  0.00  0.00  0.00  0.00  0.00  0.00  0.00
[177,]  0.00  0.00  0.00  0.00  0.00  0.00  0.00  0.00  0.00  0.00  0.00  0.00
[178,]  0.00  0.00  0.00  0.00  0.00  0.00  0.00  0.00  0.00  0.00  0.00  0.00
[179,]  0.00  0.00  0.00  0.00  0.00  0.00  0.00  0.00  0.00  0.00  0.00  0.00
[180,]  0.00  0.00  0.00  0.00  0.00  0.00  0.00  0.00  0.00  0.00  0.00  0.00
[181,]  0.00  0.00  0.00  0.00  0.00  0.00  0.00  0.00  0.00  0.00  0.00  0.00
[182,]  0.00  0.00  0.00  0.00  0.00  0.00  0.00  0.00  0.00  0.00  0.00  0.00
[183,]  0.00  0.00  0.00  0.00  0.00  0.00  0.00  0.00  0.00  0.00  0.00  0.00
[184,]  0.00  0.00  0.00  0.00  0.00  0.00  0.00  0.00  0.00  0.00  0.00  0.00
[185,]  0.00  0.00  0.00  0.00  0.00  0.00  0.00  0.00  0.00  0.00  0.00  0.00
[186,]  0.00  0.00  0.00  0.00  0.00  0.00  0.00  0.00  0.00  0.00  0.00  0.00
[187,]  0.00  0.00  0.00  0.00  0.00  0.00  0.00  0.00  0.00  0.00  0.00  0.00
[188,]  0.00  0.00  0.00  0.00  0.00  0.00  0.00  0.00  0.00  0.00  0.00  0.00
[189,]  0.00  0.00  0.00  0.00  0.00  0.00  0.00  0.00  0.00  0.00  0.00  0.00
[190,]  0.00  0.00  0.00  0.00  0.00  0.00  0.00  0.00  0.00  0.00  0.00  0.00
[191,]  0.00  0.00  0.00  0.00  0.00  0.00  0.00  0.00  0.00  0.00  0.00  0.00
[192,]  0.00  0.00  0.00  0.00  0.00  0.00  0.00  0.00  0.00  0.00  0.00  0.00
[193,]  0.00  0.00  0.00  0.00  0.00  0.00  0.00  0.00  0.00  0.00  0.00  0.00
[194,]  0.00  0.00  0.00  0.00  0.00  0.00  0.00  0.00  0.00  0.00  0.00  0.00
[195,]  0.00  0.00  0.00  0.00  0.00  0.00  0.00  0.00  0.00  0.00  0.00  0.00
[196,]  0.00  0.00  0.00  0.00  0.00  0.00  0.00  0.00  0.00  0.00  0.00  0.00
[197,]  0.00  0.00  0.00  0.00  0.00  0.00  0.00  0.00  0.00  0.00  0.00  0.00
[198,]  0.00  0.00  0.00  0.00  0.00  0.00  0.00  0.00  0.00  0.00  0.00  0.00
[199,]  0.00  0.00  0.00  0.00  0.00  0.00  0.00  0.00  0.00  0.00  0.00  0.00
[200,]  0.00  0.00  0.00  0.00  0.00  0.00  0.00  0.00  0.00  0.00  0.00  0.00
[201,]  0.00  0.00  0.00  0.00  0.00  0.00  0.00  0.00  0.00  0.00  0.00  0.00
[202,]  0.00  0.00  0.00  0.00  0.00  0.00  0.00  0.00  0.00  0.00  0.00  0.00
[203,]  0.00  0.00  0.00  0.00  0.00  0.00  0.00  0.00  0.00  0.00  0.00  0.00
[204,]  0.00  0.00  0.00  0.00  0.00  0.00  0.00  0.00  0.00  0.00  0.00  0.00
[205,]  0.00  0.00  0.00  0.00  0.00  0.00  0.00  0.00  0.00  0.00  0.00  0.00
[206,]  0.00  0.00  0.00  0.00  0.00  0.00  0.00  0.00  0.00  0.00  0.00  0.00
[207,]  0.00  0.00  0.00  0.00  0.00  0.00  0.00  0.00  0.00  0.00  0.00  0.00
[208,]  0.00  0.00  0.00  0.00  0.00  0.00  0.00  0.00  0.00  0.00  0.00  0.00
[209,]  0.00  0.00  0.00  0.00  0.00  0.00  0.00  0.00  0.00  0.00  0.00  0.00
[210,]  0.00  0.00  0.00  0.00  0.00  0.00  0.00  0.00  0.00  0.00  0.00  0.00
[211,]  0.00  0.00  0.00  0.00  0.00  0.00  0.00  0.00  0.00  0.00  0.00  0.00
[212,]  0.00  0.00  0.00  0.00  0.00  0.00  0.00  0.00  0.00  0.00  0.00  0.00
[213,]  0.00  0.00  0.00  0.00  0.00  0.00  0.00  0.00  0.00  0.00  0.00  0.00
[214,]  0.00  0.00  0.00  0.00  0.00  0.00  0.00  0.00  0.00  0.00  0.00  0.00
[215,]  0.00  0.00  0.00  0.00  0.00  0.00  0.00  0.00  0.00  0.00  0.00  0.00
[216,]  0.00  0.00  0.00  0.00  0.00  0.00  0.00  0.00  0.00  0.00  0.00  0.00
[217,]  0.00  0.00  0.00  0.00  0.00  0.00  0.00  0.00  0.00  0.00  0.00  0.00
[218,]  0.00  0.00  0.00  0.00  0.00  0.00  0.00  0.00  0.00  0.00  0.00  0.00
[219,]  0.00  0.00  0.00  0.00  0.00  0.00  0.00  0.00  0.00  0.00  0.00  0.00
[220,]  0.00  0.00  0.00  0.00  0.00  0.00  0.00  0.00  0.00  0.00  0.00  0.00
[221,]  0.00  0.00  0.00  0.00  0.00  0.00  0.00  0.00  0.00  0.00  0.00  0.00
[222,]  0.00  0.00  0.00  0.00  0.00  0.00  0.00  0.00  0.00  0.00  0.00  0.00
[223,]  0.00  0.00  0.00  0.00  0.00  0.00  0.00  0.00  0.00  0.00  0.00  0.00
[224,]  0.00  0.00  0.00  0.00  0.00  0.00  0.00  0.00  0.00  0.00  0.00  0.00
[225,]  0.00  0.00  0.00  0.00  0.00  0.00  0.00  0.00  0.00  0.00  0.00  0.00
[226,]  0.00  0.00  0.00  0.00  0.00  0.00  0.00  0.00  0.00  0.00  0.00  0.00
[227,]  0.00  0.00  0.00  0.00  0.00  0.00  0.00  0.00  0.00  0.00  0.00  0.00
[228,]  0.00  0.00  0.00  0.00  0.00  0.00  0.00  0.00  0.00  0.00  0.00  0.00
       [,50] [,51] [,52] [,53] [,54] [,55] [,56] [,57] [,58] [,59] [,60] [,61]
  [1,]  0.00  0.00  0.00  0.00  0.00  0.00  0.00  0.00  0.00  0.00  0.00  0.00
  [2,]  0.00  0.00  0.00  0.00  0.00  0.00  0.00  0.00  0.00  0.00  0.00  0.00
  [3,]  0.00  0.00  0.00  0.00  0.00  0.00  0.00  0.00  0.00  0.00  0.00  0.00
  [4,]  0.00  0.00  0.00  0.00  0.00  0.00  0.00  0.00  0.00  0.00  0.00  0.00
  [5,]  0.00  0.00  0.00  0.00  0.00  0.00  0.00  0.00  0.00  0.00  0.00  0.00
  [6,]  0.00  0.00  0.00  0.00  0.00  0.00  0.00  0.00  0.00  0.00  0.00  0.00
  [7,]  0.00  0.00  0.00  0.00  0.00  0.00  0.00  0.00  0.00  0.00  0.00  0.00
  [8,]  0.00  0.00  0.00  0.00  0.00  0.00  0.00  0.00  0.00  0.00  0.00  0.00
  [9,]  0.00  0.00  0.00  0.00  0.00  0.00  0.00  0.00  0.00  0.00  0.00  0.00
 [10,]  0.00  0.00  0.00  0.00  0.00  0.00  0.00  0.00  0.00  0.00  0.00  0.00
 [11,]  0.00  0.00  0.00  0.00  0.00  0.00  0.00  0.00  0.00  0.00  0.00  0.00
 [12,]  0.00  0.00  0.00  0.00  0.00  0.00  0.00  0.00  0.00  0.00  0.00  0.00
 [13,]  0.00  0.00  0.00  0.00  0.00  0.00  0.00  0.00  0.00  0.00  0.00  0.00
 [14,]  0.00  0.00  0.00  0.00  0.00  0.00  0.00  0.00  0.00  0.00  0.00  0.00
 [15,]  0.00  0.00  0.00  0.00  0.00  0.00  0.00  0.00  0.00  0.00  0.00  0.00
 [16,]  0.00  0.00  0.00  0.00  0.00  0.00  0.00  0.00  0.00  0.00  0.00  0.00
 [17,]  0.00  0.00  0.00  0.00  0.00  0.00  0.00  0.00  0.00  0.00  0.00  0.00
 [18,]  0.00  0.00  0.00  0.00  0.00  0.00  0.00  0.00  0.00  0.00  0.00  0.00
 [19,]  0.00  0.00  0.00  0.00  0.00  0.00  0.00  0.00  0.00  0.00  0.00  0.00
 [20,]  0.00  0.00  0.00  0.00  0.00  0.00  0.00  0.00  0.00  0.00  0.00  0.00
 [21,]  0.00  0.00  0.00  0.00  0.00  0.00  0.00  0.00  0.00  0.00  0.00  0.00
 [22,]  0.00  0.00  0.00  0.00  0.00  0.00  0.00  0.00  0.00  0.00  0.00  0.00
 [23,]  0.00  0.00  0.00  0.00  0.00  0.00  0.00  0.00  0.00  0.00  0.00  0.00
 [24,]  0.00  0.00  0.00  0.00  0.00  0.00  0.00  0.00  0.00  0.00  0.00  0.00
 [25,]  0.00  0.00  0.00  0.00  0.00  0.00  0.00  0.00  0.00  0.00  0.00  0.00
 [26,]  0.00  0.00  0.00  0.00  0.00  0.00  0.00  0.00  0.00  0.00  0.00  0.00
 [27,]  0.00  0.00  0.00  0.00  0.00  0.00  0.00  0.00  0.00  0.00  0.00  0.00
 [28,]  0.00  0.00  0.00  0.00  0.00  0.00  0.00  0.00  0.00  0.00  0.00  0.00
 [29,]  0.00  0.00  0.00  0.00  0.00  0.00  0.00  0.00  0.00  0.00  0.00  0.00
 [30,]  0.00  0.00  0.00  0.00  0.00  0.00  0.00  0.00  0.00  0.00  0.00  0.00
 [31,]  0.00  0.00  0.00  0.00  0.00  0.00  0.00  0.00  0.00  0.00  0.00  0.00
 [32,]  0.00  0.00  0.00  0.00  0.00  0.00  0.00  0.00  0.00  0.00  0.00  0.00
 [33,]  0.00  0.00  0.00  0.00  0.00  0.00  0.00  0.00  0.00  0.00  0.00  0.00
 [34,]  0.00  0.00  0.00  0.00  0.00  0.00  0.00  0.00  0.00  0.00  0.00  0.00
 [35,]  0.00  0.00  0.00  0.00  0.00  0.00  0.00  0.00  0.00  0.00  0.00  0.00
 [36,]  0.00  0.00  0.00  0.00  0.00  0.00  0.00  0.00  0.00  0.00  0.00  0.00
 [37,]  0.00  0.00  0.00  0.00  0.00  0.00  0.00  0.00  0.00  0.00  0.00  0.00
 [38,]  0.00  0.00  0.00  0.00  0.00  0.00  0.00  0.00  0.00  0.00  0.00  0.00
 [39,]  0.00  0.00  0.00  0.00  0.00  0.00  0.00  0.00  0.00  0.00  0.00  0.00
 [40,]  0.00  0.00  0.00  0.00  0.00  0.00  0.00  0.00  0.00  0.00  0.00  0.00
 [41,]  0.00  0.00  0.00  0.00  0.00  0.00  0.00  0.00  0.00  0.00  0.00  0.00
 [42,]  0.00  0.00  0.00  0.00  0.00  0.00  0.00  0.00  0.00  0.00  0.00  0.00
 [43,]  0.00  0.00  0.00  0.00  0.00  0.00  0.00  0.00  0.00  0.00  0.00  0.00
 [44,]  0.00  0.00  0.00  0.00  0.00  0.00  0.00  0.00  0.00  0.00  0.00  0.00
 [45,]  0.00  0.00  0.00  0.00  0.00  0.00  0.00  0.00  0.00  0.00  0.00  0.00
 [46,]  0.00  0.00  0.00  0.00  0.00  0.00  0.00  0.00  0.00  0.00  0.00  0.00
 [47,]  0.00  0.00  0.00  0.00  0.00  0.00  0.00  0.00  0.00  0.00  0.00  0.00
 [48,]  0.00  0.00  0.00  0.00  0.00  0.00  0.00  0.00  0.00  0.00  0.00  0.00
 [49,]  0.00  0.00  0.00  0.00  0.00  0.00  0.00  0.00  0.00  0.00  0.00  0.00
 [50,]  0.01  0.00  0.00  0.00  0.00  0.00  0.00  0.00  0.00  0.00  0.00  0.00
 [51,]  0.00  0.01  0.00  0.00  0.00  0.00  0.00  0.00  0.00  0.00  0.00  0.00
 [52,]  0.00  0.00  0.01  0.00  0.00  0.00  0.00  0.00  0.00  0.00  0.00  0.00
 [53,]  0.00  0.00  0.00  0.01  0.00  0.00  0.00  0.00  0.00  0.00  0.00  0.00
 [54,]  0.00  0.00  0.00  0.00  0.01  0.00  0.00  0.00  0.00  0.00  0.00  0.00
 [55,]  0.00  0.00  0.00  0.00  0.00  0.01  0.00  0.00  0.00  0.00  0.00  0.00
 [56,]  0.00  0.00  0.00  0.00  0.00  0.00  0.01  0.00  0.00  0.00  0.00  0.00
 [57,]  0.00  0.00  0.00  0.00  0.00  0.00  0.00  0.01  0.00  0.00  0.00  0.00
 [58,]  0.00  0.00  0.00  0.00  0.00  0.00  0.00  0.00  0.01  0.00  0.00  0.00
 [59,]  0.00  0.00  0.00  0.00  0.00  0.00  0.00  0.00  0.00  0.01  0.00  0.00
 [60,]  0.00  0.00  0.00  0.00  0.00  0.00  0.00  0.00  0.00  0.00  0.01  0.00
 [61,]  0.00  0.00  0.00  0.00  0.00  0.00  0.00  0.00  0.00  0.00  0.00  0.01
 [62,]  0.00  0.00  0.00  0.00  0.00  0.00  0.00  0.00  0.00  0.00  0.00  0.00
 [63,]  0.00  0.00  0.00  0.00  0.00  0.00  0.00  0.00  0.00  0.00  0.00  0.00
 [64,]  0.00  0.00  0.00  0.00  0.00  0.00  0.00  0.00  0.00  0.00  0.00  0.00
 [65,]  0.00  0.00  0.00  0.00  0.00  0.00  0.00  0.00  0.00  0.00  0.00  0.00
 [66,]  0.00  0.00  0.00  0.00  0.00  0.00  0.00  0.00  0.00  0.00  0.00  0.00
 [67,]  0.00  0.00  0.00  0.00  0.00  0.00  0.00  0.00  0.00  0.00  0.00  0.00
 [68,]  0.00  0.00  0.00  0.00  0.00  0.00  0.00  0.00  0.00  0.00  0.00  0.00
 [69,]  0.00  0.00  0.00  0.00  0.00  0.00  0.00  0.00  0.00  0.00  0.00  0.00
 [70,]  0.00  0.00  0.00  0.00  0.00  0.00  0.00  0.00  0.00  0.00  0.00  0.00
 [71,]  0.00  0.00  0.00  0.00  0.00  0.00  0.00  0.00  0.00  0.00  0.00  0.00
 [72,]  0.00  0.00  0.00  0.00  0.00  0.00  0.00  0.00  0.00  0.00  0.00  0.00
 [73,]  0.00  0.00  0.00  0.00  0.00  0.00  0.00  0.00  0.00  0.00  0.00  0.00
 [74,]  0.00  0.00  0.00  0.00  0.00  0.00  0.00  0.00  0.00  0.00  0.00  0.00
 [75,]  0.00  0.00  0.00  0.00  0.00  0.00  0.00  0.00  0.00  0.00  0.00  0.00
 [76,]  0.00  0.00  0.00  0.00  0.00  0.00  0.00  0.00  0.00  0.00  0.00  0.00
 [77,]  0.00  0.00  0.00  0.00  0.00  0.00  0.00  0.00  0.00  0.00  0.00  0.00
 [78,]  0.00  0.00  0.00  0.00  0.00  0.00  0.00  0.00  0.00  0.00  0.00  0.00
 [79,]  0.00  0.00  0.00  0.00  0.00  0.00  0.00  0.00  0.00  0.00  0.00  0.00
 [80,]  0.00  0.00  0.00  0.00  0.00  0.00  0.00  0.00  0.00  0.00  0.00  0.00
 [81,]  0.00  0.00  0.00  0.00  0.00  0.00  0.00  0.00  0.00  0.00  0.00  0.00
 [82,]  0.00  0.00  0.00  0.00  0.00  0.00  0.00  0.00  0.00  0.00  0.00  0.00
 [83,]  0.00  0.00  0.00  0.00  0.00  0.00  0.00  0.00  0.00  0.00  0.00  0.00
 [84,]  0.00  0.00  0.00  0.00  0.00  0.00  0.00  0.00  0.00  0.00  0.00  0.00
 [85,]  0.00  0.00  0.00  0.00  0.00  0.00  0.00  0.00  0.00  0.00  0.00  0.00
 [86,]  0.00  0.00  0.00  0.00  0.00  0.00  0.00  0.00  0.00  0.00  0.00  0.00
 [87,]  0.00  0.00  0.00  0.00  0.00  0.00  0.00  0.00  0.00  0.00  0.00  0.00
 [88,]  0.00  0.00  0.00  0.00  0.00  0.00  0.00  0.00  0.00  0.00  0.00  0.00
 [89,]  0.00  0.00  0.00  0.00  0.00  0.00  0.00  0.00  0.00  0.00  0.00  0.00
 [90,]  0.00  0.00  0.00  0.00  0.00  0.00  0.00  0.00  0.00  0.00  0.00  0.00
 [91,]  0.00  0.00  0.00  0.00  0.00  0.00  0.00  0.00  0.00  0.00  0.00  0.00
 [92,]  0.00  0.00  0.00  0.00  0.00  0.00  0.00  0.00  0.00  0.00  0.00  0.00
 [93,]  0.00  0.00  0.00  0.00  0.00  0.00  0.00  0.00  0.00  0.00  0.00  0.00
 [94,]  0.00  0.00  0.00  0.00  0.00  0.00  0.00  0.00  0.00  0.00  0.00  0.00
 [95,]  0.00  0.00  0.00  0.00  0.00  0.00  0.00  0.00  0.00  0.00  0.00  0.00
 [96,]  0.00  0.00  0.00  0.00  0.00  0.00  0.00  0.00  0.00  0.00  0.00  0.00
 [97,]  0.00  0.00  0.00  0.00  0.00  0.00  0.00  0.00  0.00  0.00  0.00  0.00
 [98,]  0.00  0.00  0.00  0.00  0.00  0.00  0.00  0.00  0.00  0.00  0.00  0.00
 [99,]  0.00  0.00  0.00  0.00  0.00  0.00  0.00  0.00  0.00  0.00  0.00  0.00
[100,]  0.00  0.00  0.00  0.00  0.00  0.00  0.00  0.00  0.00  0.00  0.00  0.00
[101,]  0.00  0.00  0.00  0.00  0.00  0.00  0.00  0.00  0.00  0.00  0.00  0.00
[102,]  0.00  0.00  0.00  0.00  0.00  0.00  0.00  0.00  0.00  0.00  0.00  0.00
[103,]  0.00  0.00  0.00  0.00  0.00  0.00  0.00  0.00  0.00  0.00  0.00  0.00
[104,]  0.00  0.00  0.00  0.00  0.00  0.00  0.00  0.00  0.00  0.00  0.00  0.00
[105,]  0.00  0.00  0.00  0.00  0.00  0.00  0.00  0.00  0.00  0.00  0.00  0.00
[106,]  0.00  0.00  0.00  0.00  0.00  0.00  0.00  0.00  0.00  0.00  0.00  0.00
[107,]  0.00  0.00  0.00  0.00  0.00  0.00  0.00  0.00  0.00  0.00  0.00  0.00
[108,]  0.00  0.00  0.00  0.00  0.00  0.00  0.00  0.00  0.00  0.00  0.00  0.00
[109,]  0.00  0.00  0.00  0.00  0.00  0.00  0.00  0.00  0.00  0.00  0.00  0.00
[110,]  0.00  0.00  0.00  0.00  0.00  0.00  0.00  0.00  0.00  0.00  0.00  0.00
[111,]  0.00  0.00  0.00  0.00  0.00  0.00  0.00  0.00  0.00  0.00  0.00  0.00
[112,]  0.00  0.00  0.00  0.00  0.00  0.00  0.00  0.00  0.00  0.00  0.00  0.00
[113,]  0.00  0.00  0.00  0.00  0.00  0.00  0.00  0.00  0.00  0.00  0.00  0.00
[114,]  0.00  0.00  0.00  0.00  0.00  0.00  0.00  0.00  0.00  0.00  0.00  0.00
[115,]  0.00  0.00  0.00  0.00  0.00  0.00  0.00  0.00  0.00  0.00  0.00  0.00
[116,]  0.00  0.00  0.00  0.00  0.00  0.00  0.00  0.00  0.00  0.00  0.00  0.00
[117,]  0.00  0.00  0.00  0.00  0.00  0.00  0.00  0.00  0.00  0.00  0.00  0.00
[118,]  0.00  0.00  0.00  0.00  0.00  0.00  0.00  0.00  0.00  0.00  0.00  0.00
[119,]  0.00  0.00  0.00  0.00  0.00  0.00  0.00  0.00  0.00  0.00  0.00  0.00
[120,]  0.00  0.00  0.00  0.00  0.00  0.00  0.00  0.00  0.00  0.00  0.00  0.00
[121,]  0.00  0.00  0.00  0.00  0.00  0.00  0.00  0.00  0.00  0.00  0.00  0.00
[122,]  0.00  0.00  0.00  0.00  0.00  0.00  0.00  0.00  0.00  0.00  0.00  0.00
[123,]  0.00  0.00  0.00  0.00  0.00  0.00  0.00  0.00  0.00  0.00  0.00  0.00
[124,]  0.00  0.00  0.00  0.00  0.00  0.00  0.00  0.00  0.00  0.00  0.00  0.00
[125,]  0.00  0.00  0.00  0.00  0.00  0.00  0.00  0.00  0.00  0.00  0.00  0.00
[126,]  0.00  0.00  0.00  0.00  0.00  0.00  0.00  0.00  0.00  0.00  0.00  0.00
[127,]  0.00  0.00  0.00  0.00  0.00  0.00  0.00  0.00  0.00  0.00  0.00  0.00
[128,]  0.00  0.00  0.00  0.00  0.00  0.00  0.00  0.00  0.00  0.00  0.00  0.00
[129,]  0.00  0.00  0.00  0.00  0.00  0.00  0.00  0.00  0.00  0.00  0.00  0.00
[130,]  0.00  0.00  0.00  0.00  0.00  0.00  0.00  0.00  0.00  0.00  0.00  0.00
[131,]  0.00  0.00  0.00  0.00  0.00  0.00  0.00  0.00  0.00  0.00  0.00  0.00
[132,]  0.00  0.00  0.00  0.00  0.00  0.00  0.00  0.00  0.00  0.00  0.00  0.00
[133,]  0.00  0.00  0.00  0.00  0.00  0.00  0.00  0.00  0.00  0.00  0.00  0.00
[134,]  0.00  0.00  0.00  0.00  0.00  0.00  0.00  0.00  0.00  0.00  0.00  0.00
[135,]  0.00  0.00  0.00  0.00  0.00  0.00  0.00  0.00  0.00  0.00  0.00  0.00
[136,]  0.00  0.00  0.00  0.00  0.00  0.00  0.00  0.00  0.00  0.00  0.00  0.00
[137,]  0.00  0.00  0.00  0.00  0.00  0.00  0.00  0.00  0.00  0.00  0.00  0.00
[138,]  0.00  0.00  0.00  0.00  0.00  0.00  0.00  0.00  0.00  0.00  0.00  0.00
[139,]  0.00  0.00  0.00  0.00  0.00  0.00  0.00  0.00  0.00  0.00  0.00  0.00
[140,]  0.00  0.00  0.00  0.00  0.00  0.00  0.00  0.00  0.00  0.00  0.00  0.00
[141,]  0.00  0.00  0.00  0.00  0.00  0.00  0.00  0.00  0.00  0.00  0.00  0.00
[142,]  0.00  0.00  0.00  0.00  0.00  0.00  0.00  0.00  0.00  0.00  0.00  0.00
[143,]  0.00  0.00  0.00  0.00  0.00  0.00  0.00  0.00  0.00  0.00  0.00  0.00
[144,]  0.00  0.00  0.00  0.00  0.00  0.00  0.00  0.00  0.00  0.00  0.00  0.00
[145,]  0.00  0.00  0.00  0.00  0.00  0.00  0.00  0.00  0.00  0.00  0.00  0.00
[146,]  0.00  0.00  0.00  0.00  0.00  0.00  0.00  0.00  0.00  0.00  0.00  0.00
[147,]  0.00  0.00  0.00  0.00  0.00  0.00  0.00  0.00  0.00  0.00  0.00  0.00
[148,]  0.00  0.00  0.00  0.00  0.00  0.00  0.00  0.00  0.00  0.00  0.00  0.00
[149,]  0.00  0.00  0.00  0.00  0.00  0.00  0.00  0.00  0.00  0.00  0.00  0.00
[150,]  0.00  0.00  0.00  0.00  0.00  0.00  0.00  0.00  0.00  0.00  0.00  0.00
[151,]  0.00  0.00  0.00  0.00  0.00  0.00  0.00  0.00  0.00  0.00  0.00  0.00
[152,]  0.00  0.00  0.00  0.00  0.00  0.00  0.00  0.00  0.00  0.00  0.00  0.00
[153,]  0.00  0.00  0.00  0.00  0.00  0.00  0.00  0.00  0.00  0.00  0.00  0.00
[154,]  0.00  0.00  0.00  0.00  0.00  0.00  0.00  0.00  0.00  0.00  0.00  0.00
[155,]  0.00  0.00  0.00  0.00  0.00  0.00  0.00  0.00  0.00  0.00  0.00  0.00
[156,]  0.00  0.00  0.00  0.00  0.00  0.00  0.00  0.00  0.00  0.00  0.00  0.00
[157,]  0.00  0.00  0.00  0.00  0.00  0.00  0.00  0.00  0.00  0.00  0.00  0.00
[158,]  0.00  0.00  0.00  0.00  0.00  0.00  0.00  0.00  0.00  0.00  0.00  0.00
[159,]  0.00  0.00  0.00  0.00  0.00  0.00  0.00  0.00  0.00  0.00  0.00  0.00
[160,]  0.00  0.00  0.00  0.00  0.00  0.00  0.00  0.00  0.00  0.00  0.00  0.00
[161,]  0.00  0.00  0.00  0.00  0.00  0.00  0.00  0.00  0.00  0.00  0.00  0.00
[162,]  0.00  0.00  0.00  0.00  0.00  0.00  0.00  0.00  0.00  0.00  0.00  0.00
[163,]  0.00  0.00  0.00  0.00  0.00  0.00  0.00  0.00  0.00  0.00  0.00  0.00
[164,]  0.00  0.00  0.00  0.00  0.00  0.00  0.00  0.00  0.00  0.00  0.00  0.00
[165,]  0.00  0.00  0.00  0.00  0.00  0.00  0.00  0.00  0.00  0.00  0.00  0.00
[166,]  0.00  0.00  0.00  0.00  0.00  0.00  0.00  0.00  0.00  0.00  0.00  0.00
[167,]  0.00  0.00  0.00  0.00  0.00  0.00  0.00  0.00  0.00  0.00  0.00  0.00
[168,]  0.00  0.00  0.00  0.00  0.00  0.00  0.00  0.00  0.00  0.00  0.00  0.00
[169,]  0.00  0.00  0.00  0.00  0.00  0.00  0.00  0.00  0.00  0.00  0.00  0.00
[170,]  0.00  0.00  0.00  0.00  0.00  0.00  0.00  0.00  0.00  0.00  0.00  0.00
[171,]  0.00  0.00  0.00  0.00  0.00  0.00  0.00  0.00  0.00  0.00  0.00  0.00
[172,]  0.00  0.00  0.00  0.00  0.00  0.00  0.00  0.00  0.00  0.00  0.00  0.00
[173,]  0.00  0.00  0.00  0.00  0.00  0.00  0.00  0.00  0.00  0.00  0.00  0.00
[174,]  0.00  0.00  0.00  0.00  0.00  0.00  0.00  0.00  0.00  0.00  0.00  0.00
[175,]  0.00  0.00  0.00  0.00  0.00  0.00  0.00  0.00  0.00  0.00  0.00  0.00
[176,]  0.00  0.00  0.00  0.00  0.00  0.00  0.00  0.00  0.00  0.00  0.00  0.00
[177,]  0.00  0.00  0.00  0.00  0.00  0.00  0.00  0.00  0.00  0.00  0.00  0.00
[178,]  0.00  0.00  0.00  0.00  0.00  0.00  0.00  0.00  0.00  0.00  0.00  0.00
[179,]  0.00  0.00  0.00  0.00  0.00  0.00  0.00  0.00  0.00  0.00  0.00  0.00
[180,]  0.00  0.00  0.00  0.00  0.00  0.00  0.00  0.00  0.00  0.00  0.00  0.00
[181,]  0.00  0.00  0.00  0.00  0.00  0.00  0.00  0.00  0.00  0.00  0.00  0.00
[182,]  0.00  0.00  0.00  0.00  0.00  0.00  0.00  0.00  0.00  0.00  0.00  0.00
[183,]  0.00  0.00  0.00  0.00  0.00  0.00  0.00  0.00  0.00  0.00  0.00  0.00
[184,]  0.00  0.00  0.00  0.00  0.00  0.00  0.00  0.00  0.00  0.00  0.00  0.00
[185,]  0.00  0.00  0.00  0.00  0.00  0.00  0.00  0.00  0.00  0.00  0.00  0.00
[186,]  0.00  0.00  0.00  0.00  0.00  0.00  0.00  0.00  0.00  0.00  0.00  0.00
[187,]  0.00  0.00  0.00  0.00  0.00  0.00  0.00  0.00  0.00  0.00  0.00  0.00
[188,]  0.00  0.00  0.00  0.00  0.00  0.00  0.00  0.00  0.00  0.00  0.00  0.00
[189,]  0.00  0.00  0.00  0.00  0.00  0.00  0.00  0.00  0.00  0.00  0.00  0.00
[190,]  0.00  0.00  0.00  0.00  0.00  0.00  0.00  0.00  0.00  0.00  0.00  0.00
[191,]  0.00  0.00  0.00  0.00  0.00  0.00  0.00  0.00  0.00  0.00  0.00  0.00
[192,]  0.00  0.00  0.00  0.00  0.00  0.00  0.00  0.00  0.00  0.00  0.00  0.00
[193,]  0.00  0.00  0.00  0.00  0.00  0.00  0.00  0.00  0.00  0.00  0.00  0.00
[194,]  0.00  0.00  0.00  0.00  0.00  0.00  0.00  0.00  0.00  0.00  0.00  0.00
[195,]  0.00  0.00  0.00  0.00  0.00  0.00  0.00  0.00  0.00  0.00  0.00  0.00
[196,]  0.00  0.00  0.00  0.00  0.00  0.00  0.00  0.00  0.00  0.00  0.00  0.00
[197,]  0.00  0.00  0.00  0.00  0.00  0.00  0.00  0.00  0.00  0.00  0.00  0.00
[198,]  0.00  0.00  0.00  0.00  0.00  0.00  0.00  0.00  0.00  0.00  0.00  0.00
[199,]  0.00  0.00  0.00  0.00  0.00  0.00  0.00  0.00  0.00  0.00  0.00  0.00
[200,]  0.00  0.00  0.00  0.00  0.00  0.00  0.00  0.00  0.00  0.00  0.00  0.00
[201,]  0.00  0.00  0.00  0.00  0.00  0.00  0.00  0.00  0.00  0.00  0.00  0.00
[202,]  0.00  0.00  0.00  0.00  0.00  0.00  0.00  0.00  0.00  0.00  0.00  0.00
[203,]  0.00  0.00  0.00  0.00  0.00  0.00  0.00  0.00  0.00  0.00  0.00  0.00
[204,]  0.00  0.00  0.00  0.00  0.00  0.00  0.00  0.00  0.00  0.00  0.00  0.00
[205,]  0.00  0.00  0.00  0.00  0.00  0.00  0.00  0.00  0.00  0.00  0.00  0.00
[206,]  0.00  0.00  0.00  0.00  0.00  0.00  0.00  0.00  0.00  0.00  0.00  0.00
[207,]  0.00  0.00  0.00  0.00  0.00  0.00  0.00  0.00  0.00  0.00  0.00  0.00
[208,]  0.00  0.00  0.00  0.00  0.00  0.00  0.00  0.00  0.00  0.00  0.00  0.00
[209,]  0.00  0.00  0.00  0.00  0.00  0.00  0.00  0.00  0.00  0.00  0.00  0.00
[210,]  0.00  0.00  0.00  0.00  0.00  0.00  0.00  0.00  0.00  0.00  0.00  0.00
[211,]  0.00  0.00  0.00  0.00  0.00  0.00  0.00  0.00  0.00  0.00  0.00  0.00
[212,]  0.00  0.00  0.00  0.00  0.00  0.00  0.00  0.00  0.00  0.00  0.00  0.00
[213,]  0.00  0.00  0.00  0.00  0.00  0.00  0.00  0.00  0.00  0.00  0.00  0.00
[214,]  0.00  0.00  0.00  0.00  0.00  0.00  0.00  0.00  0.00  0.00  0.00  0.00
[215,]  0.00  0.00  0.00  0.00  0.00  0.00  0.00  0.00  0.00  0.00  0.00  0.00
[216,]  0.00  0.00  0.00  0.00  0.00  0.00  0.00  0.00  0.00  0.00  0.00  0.00
[217,]  0.00  0.00  0.00  0.00  0.00  0.00  0.00  0.00  0.00  0.00  0.00  0.00
[218,]  0.00  0.00  0.00  0.00  0.00  0.00  0.00  0.00  0.00  0.00  0.00  0.00
[219,]  0.00  0.00  0.00  0.00  0.00  0.00  0.00  0.00  0.00  0.00  0.00  0.00
[220,]  0.00  0.00  0.00  0.00  0.00  0.00  0.00  0.00  0.00  0.00  0.00  0.00
[221,]  0.00  0.00  0.00  0.00  0.00  0.00  0.00  0.00  0.00  0.00  0.00  0.00
[222,]  0.00  0.00  0.00  0.00  0.00  0.00  0.00  0.00  0.00  0.00  0.00  0.00
[223,]  0.00  0.00  0.00  0.00  0.00  0.00  0.00  0.00  0.00  0.00  0.00  0.00
[224,]  0.00  0.00  0.00  0.00  0.00  0.00  0.00  0.00  0.00  0.00  0.00  0.00
[225,]  0.00  0.00  0.00  0.00  0.00  0.00  0.00  0.00  0.00  0.00  0.00  0.00
[226,]  0.00  0.00  0.00  0.00  0.00  0.00  0.00  0.00  0.00  0.00  0.00  0.00
[227,]  0.00  0.00  0.00  0.00  0.00  0.00  0.00  0.00  0.00  0.00  0.00  0.00
[228,]  0.00  0.00  0.00  0.00  0.00  0.00  0.00  0.00  0.00  0.00  0.00  0.00
       [,62] [,63] [,64] [,65] [,66] [,67] [,68] [,69] [,70] [,71] [,72] [,73]
  [1,]  0.00  0.00  0.00  0.00  0.00  0.00  0.00  0.00  0.00  0.00  0.00  0.00
  [2,]  0.00  0.00  0.00  0.00  0.00  0.00  0.00  0.00  0.00  0.00  0.00  0.00
  [3,]  0.00  0.00  0.00  0.00  0.00  0.00  0.00  0.00  0.00  0.00  0.00  0.00
  [4,]  0.00  0.00  0.00  0.00  0.00  0.00  0.00  0.00  0.00  0.00  0.00  0.00
  [5,]  0.00  0.00  0.00  0.00  0.00  0.00  0.00  0.00  0.00  0.00  0.00  0.00
  [6,]  0.00  0.00  0.00  0.00  0.00  0.00  0.00  0.00  0.00  0.00  0.00  0.00
  [7,]  0.00  0.00  0.00  0.00  0.00  0.00  0.00  0.00  0.00  0.00  0.00  0.00
  [8,]  0.00  0.00  0.00  0.00  0.00  0.00  0.00  0.00  0.00  0.00  0.00  0.00
  [9,]  0.00  0.00  0.00  0.00  0.00  0.00  0.00  0.00  0.00  0.00  0.00  0.00
 [10,]  0.00  0.00  0.00  0.00  0.00  0.00  0.00  0.00  0.00  0.00  0.00  0.00
 [11,]  0.00  0.00  0.00  0.00  0.00  0.00  0.00  0.00  0.00  0.00  0.00  0.00
 [12,]  0.00  0.00  0.00  0.00  0.00  0.00  0.00  0.00  0.00  0.00  0.00  0.00
 [13,]  0.00  0.00  0.00  0.00  0.00  0.00  0.00  0.00  0.00  0.00  0.00  0.00
 [14,]  0.00  0.00  0.00  0.00  0.00  0.00  0.00  0.00  0.00  0.00  0.00  0.00
 [15,]  0.00  0.00  0.00  0.00  0.00  0.00  0.00  0.00  0.00  0.00  0.00  0.00
 [16,]  0.00  0.00  0.00  0.00  0.00  0.00  0.00  0.00  0.00  0.00  0.00  0.00
 [17,]  0.00  0.00  0.00  0.00  0.00  0.00  0.00  0.00  0.00  0.00  0.00  0.00
 [18,]  0.00  0.00  0.00  0.00  0.00  0.00  0.00  0.00  0.00  0.00  0.00  0.00
 [19,]  0.00  0.00  0.00  0.00  0.00  0.00  0.00  0.00  0.00  0.00  0.00  0.00
 [20,]  0.00  0.00  0.00  0.00  0.00  0.00  0.00  0.00  0.00  0.00  0.00  0.00
 [21,]  0.00  0.00  0.00  0.00  0.00  0.00  0.00  0.00  0.00  0.00  0.00  0.00
 [22,]  0.00  0.00  0.00  0.00  0.00  0.00  0.00  0.00  0.00  0.00  0.00  0.00
 [23,]  0.00  0.00  0.00  0.00  0.00  0.00  0.00  0.00  0.00  0.00  0.00  0.00
 [24,]  0.00  0.00  0.00  0.00  0.00  0.00  0.00  0.00  0.00  0.00  0.00  0.00
 [25,]  0.00  0.00  0.00  0.00  0.00  0.00  0.00  0.00  0.00  0.00  0.00  0.00
 [26,]  0.00  0.00  0.00  0.00  0.00  0.00  0.00  0.00  0.00  0.00  0.00  0.00
 [27,]  0.00  0.00  0.00  0.00  0.00  0.00  0.00  0.00  0.00  0.00  0.00  0.00
 [28,]  0.00  0.00  0.00  0.00  0.00  0.00  0.00  0.00  0.00  0.00  0.00  0.00
 [29,]  0.00  0.00  0.00  0.00  0.00  0.00  0.00  0.00  0.00  0.00  0.00  0.00
 [30,]  0.00  0.00  0.00  0.00  0.00  0.00  0.00  0.00  0.00  0.00  0.00  0.00
 [31,]  0.00  0.00  0.00  0.00  0.00  0.00  0.00  0.00  0.00  0.00  0.00  0.00
 [32,]  0.00  0.00  0.00  0.00  0.00  0.00  0.00  0.00  0.00  0.00  0.00  0.00
 [33,]  0.00  0.00  0.00  0.00  0.00  0.00  0.00  0.00  0.00  0.00  0.00  0.00
 [34,]  0.00  0.00  0.00  0.00  0.00  0.00  0.00  0.00  0.00  0.00  0.00  0.00
 [35,]  0.00  0.00  0.00  0.00  0.00  0.00  0.00  0.00  0.00  0.00  0.00  0.00
 [36,]  0.00  0.00  0.00  0.00  0.00  0.00  0.00  0.00  0.00  0.00  0.00  0.00
 [37,]  0.00  0.00  0.00  0.00  0.00  0.00  0.00  0.00  0.00  0.00  0.00  0.00
 [38,]  0.00  0.00  0.00  0.00  0.00  0.00  0.00  0.00  0.00  0.00  0.00  0.00
 [39,]  0.00  0.00  0.00  0.00  0.00  0.00  0.00  0.00  0.00  0.00  0.00  0.00
 [40,]  0.00  0.00  0.00  0.00  0.00  0.00  0.00  0.00  0.00  0.00  0.00  0.00
 [41,]  0.00  0.00  0.00  0.00  0.00  0.00  0.00  0.00  0.00  0.00  0.00  0.00
 [42,]  0.00  0.00  0.00  0.00  0.00  0.00  0.00  0.00  0.00  0.00  0.00  0.00
 [43,]  0.00  0.00  0.00  0.00  0.00  0.00  0.00  0.00  0.00  0.00  0.00  0.00
 [44,]  0.00  0.00  0.00  0.00  0.00  0.00  0.00  0.00  0.00  0.00  0.00  0.00
 [45,]  0.00  0.00  0.00  0.00  0.00  0.00  0.00  0.00  0.00  0.00  0.00  0.00
 [46,]  0.00  0.00  0.00  0.00  0.00  0.00  0.00  0.00  0.00  0.00  0.00  0.00
 [47,]  0.00  0.00  0.00  0.00  0.00  0.00  0.00  0.00  0.00  0.00  0.00  0.00
 [48,]  0.00  0.00  0.00  0.00  0.00  0.00  0.00  0.00  0.00  0.00  0.00  0.00
 [49,]  0.00  0.00  0.00  0.00  0.00  0.00  0.00  0.00  0.00  0.00  0.00  0.00
 [50,]  0.00  0.00  0.00  0.00  0.00  0.00  0.00  0.00  0.00  0.00  0.00  0.00
 [51,]  0.00  0.00  0.00  0.00  0.00  0.00  0.00  0.00  0.00  0.00  0.00  0.00
 [52,]  0.00  0.00  0.00  0.00  0.00  0.00  0.00  0.00  0.00  0.00  0.00  0.00
 [53,]  0.00  0.00  0.00  0.00  0.00  0.00  0.00  0.00  0.00  0.00  0.00  0.00
 [54,]  0.00  0.00  0.00  0.00  0.00  0.00  0.00  0.00  0.00  0.00  0.00  0.00
 [55,]  0.00  0.00  0.00  0.00  0.00  0.00  0.00  0.00  0.00  0.00  0.00  0.00
 [56,]  0.00  0.00  0.00  0.00  0.00  0.00  0.00  0.00  0.00  0.00  0.00  0.00
 [57,]  0.00  0.00  0.00  0.00  0.00  0.00  0.00  0.00  0.00  0.00  0.00  0.00
 [58,]  0.00  0.00  0.00  0.00  0.00  0.00  0.00  0.00  0.00  0.00  0.00  0.00
 [59,]  0.00  0.00  0.00  0.00  0.00  0.00  0.00  0.00  0.00  0.00  0.00  0.00
 [60,]  0.00  0.00  0.00  0.00  0.00  0.00  0.00  0.00  0.00  0.00  0.00  0.00
 [61,]  0.00  0.00  0.00  0.00  0.00  0.00  0.00  0.00  0.00  0.00  0.00  0.00
 [62,]  0.01  0.00  0.00  0.00  0.00  0.00  0.00  0.00  0.00  0.00  0.00  0.00
 [63,]  0.00  0.01  0.00  0.00  0.00  0.00  0.00  0.00  0.00  0.00  0.00  0.00
 [64,]  0.00  0.00  0.01  0.00  0.00  0.00  0.00  0.00  0.00  0.00  0.00  0.00
 [65,]  0.00  0.00  0.00  0.01  0.00  0.00  0.00  0.00  0.00  0.00  0.00  0.00
 [66,]  0.00  0.00  0.00  0.00  0.01  0.00  0.00  0.00  0.00  0.00  0.00  0.00
 [67,]  0.00  0.00  0.00  0.00  0.00  0.01  0.00  0.00  0.00  0.00  0.00  0.00
 [68,]  0.00  0.00  0.00  0.00  0.00  0.00  0.01  0.00  0.00  0.00  0.00  0.00
 [69,]  0.00  0.00  0.00  0.00  0.00  0.00  0.00  0.01  0.00  0.00  0.00  0.00
 [70,]  0.00  0.00  0.00  0.00  0.00  0.00  0.00  0.00  0.01  0.00  0.00  0.00
 [71,]  0.00  0.00  0.00  0.00  0.00  0.00  0.00  0.00  0.00  0.01  0.00  0.00
 [72,]  0.00  0.00  0.00  0.00  0.00  0.00  0.00  0.00  0.00  0.00  0.01  0.00
 [73,]  0.00  0.00  0.00  0.00  0.00  0.00  0.00  0.00  0.00  0.00  0.00  0.01
 [74,]  0.00  0.00  0.00  0.00  0.00  0.00  0.00  0.00  0.00  0.00  0.00  0.00
 [75,]  0.00  0.00  0.00  0.00  0.00  0.00  0.00  0.00  0.00  0.00  0.00  0.00
 [76,]  0.00  0.00  0.00  0.00  0.00  0.00  0.00  0.00  0.00  0.00  0.00  0.00
 [77,]  0.00  0.00  0.00  0.00  0.00  0.00  0.00  0.00  0.00  0.00  0.00  0.00
 [78,]  0.00  0.00  0.00  0.00  0.00  0.00  0.00  0.00  0.00  0.00  0.00  0.00
 [79,]  0.00  0.00  0.00  0.00  0.00  0.00  0.00  0.00  0.00  0.00  0.00  0.00
 [80,]  0.00  0.00  0.00  0.00  0.00  0.00  0.00  0.00  0.00  0.00  0.00  0.00
 [81,]  0.00  0.00  0.00  0.00  0.00  0.00  0.00  0.00  0.00  0.00  0.00  0.00
 [82,]  0.00  0.00  0.00  0.00  0.00  0.00  0.00  0.00  0.00  0.00  0.00  0.00
 [83,]  0.00  0.00  0.00  0.00  0.00  0.00  0.00  0.00  0.00  0.00  0.00  0.00
 [84,]  0.00  0.00  0.00  0.00  0.00  0.00  0.00  0.00  0.00  0.00  0.00  0.00
 [85,]  0.00  0.00  0.00  0.00  0.00  0.00  0.00  0.00  0.00  0.00  0.00  0.00
 [86,]  0.00  0.00  0.00  0.00  0.00  0.00  0.00  0.00  0.00  0.00  0.00  0.00
 [87,]  0.00  0.00  0.00  0.00  0.00  0.00  0.00  0.00  0.00  0.00  0.00  0.00
 [88,]  0.00  0.00  0.00  0.00  0.00  0.00  0.00  0.00  0.00  0.00  0.00  0.00
 [89,]  0.00  0.00  0.00  0.00  0.00  0.00  0.00  0.00  0.00  0.00  0.00  0.00
 [90,]  0.00  0.00  0.00  0.00  0.00  0.00  0.00  0.00  0.00  0.00  0.00  0.00
 [91,]  0.00  0.00  0.00  0.00  0.00  0.00  0.00  0.00  0.00  0.00  0.00  0.00
 [92,]  0.00  0.00  0.00  0.00  0.00  0.00  0.00  0.00  0.00  0.00  0.00  0.00
 [93,]  0.00  0.00  0.00  0.00  0.00  0.00  0.00  0.00  0.00  0.00  0.00  0.00
 [94,]  0.00  0.00  0.00  0.00  0.00  0.00  0.00  0.00  0.00  0.00  0.00  0.00
 [95,]  0.00  0.00  0.00  0.00  0.00  0.00  0.00  0.00  0.00  0.00  0.00  0.00
 [96,]  0.00  0.00  0.00  0.00  0.00  0.00  0.00  0.00  0.00  0.00  0.00  0.00
 [97,]  0.00  0.00  0.00  0.00  0.00  0.00  0.00  0.00  0.00  0.00  0.00  0.00
 [98,]  0.00  0.00  0.00  0.00  0.00  0.00  0.00  0.00  0.00  0.00  0.00  0.00
 [99,]  0.00  0.00  0.00  0.00  0.00  0.00  0.00  0.00  0.00  0.00  0.00  0.00
[100,]  0.00  0.00  0.00  0.00  0.00  0.00  0.00  0.00  0.00  0.00  0.00  0.00
[101,]  0.00  0.00  0.00  0.00  0.00  0.00  0.00  0.00  0.00  0.00  0.00  0.00
[102,]  0.00  0.00  0.00  0.00  0.00  0.00  0.00  0.00  0.00  0.00  0.00  0.00
[103,]  0.00  0.00  0.00  0.00  0.00  0.00  0.00  0.00  0.00  0.00  0.00  0.00
[104,]  0.00  0.00  0.00  0.00  0.00  0.00  0.00  0.00  0.00  0.00  0.00  0.00
[105,]  0.00  0.00  0.00  0.00  0.00  0.00  0.00  0.00  0.00  0.00  0.00  0.00
[106,]  0.00  0.00  0.00  0.00  0.00  0.00  0.00  0.00  0.00  0.00  0.00  0.00
[107,]  0.00  0.00  0.00  0.00  0.00  0.00  0.00  0.00  0.00  0.00  0.00  0.00
[108,]  0.00  0.00  0.00  0.00  0.00  0.00  0.00  0.00  0.00  0.00  0.00  0.00
[109,]  0.00  0.00  0.00  0.00  0.00  0.00  0.00  0.00  0.00  0.00  0.00  0.00
[110,]  0.00  0.00  0.00  0.00  0.00  0.00  0.00  0.00  0.00  0.00  0.00  0.00
[111,]  0.00  0.00  0.00  0.00  0.00  0.00  0.00  0.00  0.00  0.00  0.00  0.00
[112,]  0.00  0.00  0.00  0.00  0.00  0.00  0.00  0.00  0.00  0.00  0.00  0.00
[113,]  0.00  0.00  0.00  0.00  0.00  0.00  0.00  0.00  0.00  0.00  0.00  0.00
[114,]  0.00  0.00  0.00  0.00  0.00  0.00  0.00  0.00  0.00  0.00  0.00  0.00
[115,]  0.00  0.00  0.00  0.00  0.00  0.00  0.00  0.00  0.00  0.00  0.00  0.00
[116,]  0.00  0.00  0.00  0.00  0.00  0.00  0.00  0.00  0.00  0.00  0.00  0.00
[117,]  0.00  0.00  0.00  0.00  0.00  0.00  0.00  0.00  0.00  0.00  0.00  0.00
[118,]  0.00  0.00  0.00  0.00  0.00  0.00  0.00  0.00  0.00  0.00  0.00  0.00
[119,]  0.00  0.00  0.00  0.00  0.00  0.00  0.00  0.00  0.00  0.00  0.00  0.00
[120,]  0.00  0.00  0.00  0.00  0.00  0.00  0.00  0.00  0.00  0.00  0.00  0.00
[121,]  0.00  0.00  0.00  0.00  0.00  0.00  0.00  0.00  0.00  0.00  0.00  0.00
[122,]  0.00  0.00  0.00  0.00  0.00  0.00  0.00  0.00  0.00  0.00  0.00  0.00
[123,]  0.00  0.00  0.00  0.00  0.00  0.00  0.00  0.00  0.00  0.00  0.00  0.00
[124,]  0.00  0.00  0.00  0.00  0.00  0.00  0.00  0.00  0.00  0.00  0.00  0.00
[125,]  0.00  0.00  0.00  0.00  0.00  0.00  0.00  0.00  0.00  0.00  0.00  0.00
[126,]  0.00  0.00  0.00  0.00  0.00  0.00  0.00  0.00  0.00  0.00  0.00  0.00
[127,]  0.00  0.00  0.00  0.00  0.00  0.00  0.00  0.00  0.00  0.00  0.00  0.00
[128,]  0.00  0.00  0.00  0.00  0.00  0.00  0.00  0.00  0.00  0.00  0.00  0.00
[129,]  0.00  0.00  0.00  0.00  0.00  0.00  0.00  0.00  0.00  0.00  0.00  0.00
[130,]  0.00  0.00  0.00  0.00  0.00  0.00  0.00  0.00  0.00  0.00  0.00  0.00
[131,]  0.00  0.00  0.00  0.00  0.00  0.00  0.00  0.00  0.00  0.00  0.00  0.00
[132,]  0.00  0.00  0.00  0.00  0.00  0.00  0.00  0.00  0.00  0.00  0.00  0.00
[133,]  0.00  0.00  0.00  0.00  0.00  0.00  0.00  0.00  0.00  0.00  0.00  0.00
[134,]  0.00  0.00  0.00  0.00  0.00  0.00  0.00  0.00  0.00  0.00  0.00  0.00
[135,]  0.00  0.00  0.00  0.00  0.00  0.00  0.00  0.00  0.00  0.00  0.00  0.00
[136,]  0.00  0.00  0.00  0.00  0.00  0.00  0.00  0.00  0.00  0.00  0.00  0.00
[137,]  0.00  0.00  0.00  0.00  0.00  0.00  0.00  0.00  0.00  0.00  0.00  0.00
[138,]  0.00  0.00  0.00  0.00  0.00  0.00  0.00  0.00  0.00  0.00  0.00  0.00
[139,]  0.00  0.00  0.00  0.00  0.00  0.00  0.00  0.00  0.00  0.00  0.00  0.00
[140,]  0.00  0.00  0.00  0.00  0.00  0.00  0.00  0.00  0.00  0.00  0.00  0.00
[141,]  0.00  0.00  0.00  0.00  0.00  0.00  0.00  0.00  0.00  0.00  0.00  0.00
[142,]  0.00  0.00  0.00  0.00  0.00  0.00  0.00  0.00  0.00  0.00  0.00  0.00
[143,]  0.00  0.00  0.00  0.00  0.00  0.00  0.00  0.00  0.00  0.00  0.00  0.00
[144,]  0.00  0.00  0.00  0.00  0.00  0.00  0.00  0.00  0.00  0.00  0.00  0.00
[145,]  0.00  0.00  0.00  0.00  0.00  0.00  0.00  0.00  0.00  0.00  0.00  0.00
[146,]  0.00  0.00  0.00  0.00  0.00  0.00  0.00  0.00  0.00  0.00  0.00  0.00
[147,]  0.00  0.00  0.00  0.00  0.00  0.00  0.00  0.00  0.00  0.00  0.00  0.00
[148,]  0.00  0.00  0.00  0.00  0.00  0.00  0.00  0.00  0.00  0.00  0.00  0.00
[149,]  0.00  0.00  0.00  0.00  0.00  0.00  0.00  0.00  0.00  0.00  0.00  0.00
[150,]  0.00  0.00  0.00  0.00  0.00  0.00  0.00  0.00  0.00  0.00  0.00  0.00
[151,]  0.00  0.00  0.00  0.00  0.00  0.00  0.00  0.00  0.00  0.00  0.00  0.00
[152,]  0.00  0.00  0.00  0.00  0.00  0.00  0.00  0.00  0.00  0.00  0.00  0.00
[153,]  0.00  0.00  0.00  0.00  0.00  0.00  0.00  0.00  0.00  0.00  0.00  0.00
[154,]  0.00  0.00  0.00  0.00  0.00  0.00  0.00  0.00  0.00  0.00  0.00  0.00
[155,]  0.00  0.00  0.00  0.00  0.00  0.00  0.00  0.00  0.00  0.00  0.00  0.00
[156,]  0.00  0.00  0.00  0.00  0.00  0.00  0.00  0.00  0.00  0.00  0.00  0.00
[157,]  0.00  0.00  0.00  0.00  0.00  0.00  0.00  0.00  0.00  0.00  0.00  0.00
[158,]  0.00  0.00  0.00  0.00  0.00  0.00  0.00  0.00  0.00  0.00  0.00  0.00
[159,]  0.00  0.00  0.00  0.00  0.00  0.00  0.00  0.00  0.00  0.00  0.00  0.00
[160,]  0.00  0.00  0.00  0.00  0.00  0.00  0.00  0.00  0.00  0.00  0.00  0.00
[161,]  0.00  0.00  0.00  0.00  0.00  0.00  0.00  0.00  0.00  0.00  0.00  0.00
[162,]  0.00  0.00  0.00  0.00  0.00  0.00  0.00  0.00  0.00  0.00  0.00  0.00
[163,]  0.00  0.00  0.00  0.00  0.00  0.00  0.00  0.00  0.00  0.00  0.00  0.00
[164,]  0.00  0.00  0.00  0.00  0.00  0.00  0.00  0.00  0.00  0.00  0.00  0.00
[165,]  0.00  0.00  0.00  0.00  0.00  0.00  0.00  0.00  0.00  0.00  0.00  0.00
[166,]  0.00  0.00  0.00  0.00  0.00  0.00  0.00  0.00  0.00  0.00  0.00  0.00
[167,]  0.00  0.00  0.00  0.00  0.00  0.00  0.00  0.00  0.00  0.00  0.00  0.00
[168,]  0.00  0.00  0.00  0.00  0.00  0.00  0.00  0.00  0.00  0.00  0.00  0.00
[169,]  0.00  0.00  0.00  0.00  0.00  0.00  0.00  0.00  0.00  0.00  0.00  0.00
[170,]  0.00  0.00  0.00  0.00  0.00  0.00  0.00  0.00  0.00  0.00  0.00  0.00
[171,]  0.00  0.00  0.00  0.00  0.00  0.00  0.00  0.00  0.00  0.00  0.00  0.00
[172,]  0.00  0.00  0.00  0.00  0.00  0.00  0.00  0.00  0.00  0.00  0.00  0.00
[173,]  0.00  0.00  0.00  0.00  0.00  0.00  0.00  0.00  0.00  0.00  0.00  0.00
[174,]  0.00  0.00  0.00  0.00  0.00  0.00  0.00  0.00  0.00  0.00  0.00  0.00
[175,]  0.00  0.00  0.00  0.00  0.00  0.00  0.00  0.00  0.00  0.00  0.00  0.00
[176,]  0.00  0.00  0.00  0.00  0.00  0.00  0.00  0.00  0.00  0.00  0.00  0.00
[177,]  0.00  0.00  0.00  0.00  0.00  0.00  0.00  0.00  0.00  0.00  0.00  0.00
[178,]  0.00  0.00  0.00  0.00  0.00  0.00  0.00  0.00  0.00  0.00  0.00  0.00
[179,]  0.00  0.00  0.00  0.00  0.00  0.00  0.00  0.00  0.00  0.00  0.00  0.00
[180,]  0.00  0.00  0.00  0.00  0.00  0.00  0.00  0.00  0.00  0.00  0.00  0.00
[181,]  0.00  0.00  0.00  0.00  0.00  0.00  0.00  0.00  0.00  0.00  0.00  0.00
[182,]  0.00  0.00  0.00  0.00  0.00  0.00  0.00  0.00  0.00  0.00  0.00  0.00
[183,]  0.00  0.00  0.00  0.00  0.00  0.00  0.00  0.00  0.00  0.00  0.00  0.00
[184,]  0.00  0.00  0.00  0.00  0.00  0.00  0.00  0.00  0.00  0.00  0.00  0.00
[185,]  0.00  0.00  0.00  0.00  0.00  0.00  0.00  0.00  0.00  0.00  0.00  0.00
[186,]  0.00  0.00  0.00  0.00  0.00  0.00  0.00  0.00  0.00  0.00  0.00  0.00
[187,]  0.00  0.00  0.00  0.00  0.00  0.00  0.00  0.00  0.00  0.00  0.00  0.00
[188,]  0.00  0.00  0.00  0.00  0.00  0.00  0.00  0.00  0.00  0.00  0.00  0.00
[189,]  0.00  0.00  0.00  0.00  0.00  0.00  0.00  0.00  0.00  0.00  0.00  0.00
[190,]  0.00  0.00  0.00  0.00  0.00  0.00  0.00  0.00  0.00  0.00  0.00  0.00
[191,]  0.00  0.00  0.00  0.00  0.00  0.00  0.00  0.00  0.00  0.00  0.00  0.00
[192,]  0.00  0.00  0.00  0.00  0.00  0.00  0.00  0.00  0.00  0.00  0.00  0.00
[193,]  0.00  0.00  0.00  0.00  0.00  0.00  0.00  0.00  0.00  0.00  0.00  0.00
[194,]  0.00  0.00  0.00  0.00  0.00  0.00  0.00  0.00  0.00  0.00  0.00  0.00
[195,]  0.00  0.00  0.00  0.00  0.00  0.00  0.00  0.00  0.00  0.00  0.00  0.00
[196,]  0.00  0.00  0.00  0.00  0.00  0.00  0.00  0.00  0.00  0.00  0.00  0.00
[197,]  0.00  0.00  0.00  0.00  0.00  0.00  0.00  0.00  0.00  0.00  0.00  0.00
[198,]  0.00  0.00  0.00  0.00  0.00  0.00  0.00  0.00  0.00  0.00  0.00  0.00
[199,]  0.00  0.00  0.00  0.00  0.00  0.00  0.00  0.00  0.00  0.00  0.00  0.00
[200,]  0.00  0.00  0.00  0.00  0.00  0.00  0.00  0.00  0.00  0.00  0.00  0.00
[201,]  0.00  0.00  0.00  0.00  0.00  0.00  0.00  0.00  0.00  0.00  0.00  0.00
[202,]  0.00  0.00  0.00  0.00  0.00  0.00  0.00  0.00  0.00  0.00  0.00  0.00
[203,]  0.00  0.00  0.00  0.00  0.00  0.00  0.00  0.00  0.00  0.00  0.00  0.00
[204,]  0.00  0.00  0.00  0.00  0.00  0.00  0.00  0.00  0.00  0.00  0.00  0.00
[205,]  0.00  0.00  0.00  0.00  0.00  0.00  0.00  0.00  0.00  0.00  0.00  0.00
[206,]  0.00  0.00  0.00  0.00  0.00  0.00  0.00  0.00  0.00  0.00  0.00  0.00
[207,]  0.00  0.00  0.00  0.00  0.00  0.00  0.00  0.00  0.00  0.00  0.00  0.00
[208,]  0.00  0.00  0.00  0.00  0.00  0.00  0.00  0.00  0.00  0.00  0.00  0.00
[209,]  0.00  0.00  0.00  0.00  0.00  0.00  0.00  0.00  0.00  0.00  0.00  0.00
[210,]  0.00  0.00  0.00  0.00  0.00  0.00  0.00  0.00  0.00  0.00  0.00  0.00
[211,]  0.00  0.00  0.00  0.00  0.00  0.00  0.00  0.00  0.00  0.00  0.00  0.00
[212,]  0.00  0.00  0.00  0.00  0.00  0.00  0.00  0.00  0.00  0.00  0.00  0.00
[213,]  0.00  0.00  0.00  0.00  0.00  0.00  0.00  0.00  0.00  0.00  0.00  0.00
[214,]  0.00  0.00  0.00  0.00  0.00  0.00  0.00  0.00  0.00  0.00  0.00  0.00
[215,]  0.00  0.00  0.00  0.00  0.00  0.00  0.00  0.00  0.00  0.00  0.00  0.00
[216,]  0.00  0.00  0.00  0.00  0.00  0.00  0.00  0.00  0.00  0.00  0.00  0.00
[217,]  0.00  0.00  0.00  0.00  0.00  0.00  0.00  0.00  0.00  0.00  0.00  0.00
[218,]  0.00  0.00  0.00  0.00  0.00  0.00  0.00  0.00  0.00  0.00  0.00  0.00
[219,]  0.00  0.00  0.00  0.00  0.00  0.00  0.00  0.00  0.00  0.00  0.00  0.00
[220,]  0.00  0.00  0.00  0.00  0.00  0.00  0.00  0.00  0.00  0.00  0.00  0.00
[221,]  0.00  0.00  0.00  0.00  0.00  0.00  0.00  0.00  0.00  0.00  0.00  0.00
[222,]  0.00  0.00  0.00  0.00  0.00  0.00  0.00  0.00  0.00  0.00  0.00  0.00
[223,]  0.00  0.00  0.00  0.00  0.00  0.00  0.00  0.00  0.00  0.00  0.00  0.00
[224,]  0.00  0.00  0.00  0.00  0.00  0.00  0.00  0.00  0.00  0.00  0.00  0.00
[225,]  0.00  0.00  0.00  0.00  0.00  0.00  0.00  0.00  0.00  0.00  0.00  0.00
[226,]  0.00  0.00  0.00  0.00  0.00  0.00  0.00  0.00  0.00  0.00  0.00  0.00
[227,]  0.00  0.00  0.00  0.00  0.00  0.00  0.00  0.00  0.00  0.00  0.00  0.00
[228,]  0.00  0.00  0.00  0.00  0.00  0.00  0.00  0.00  0.00  0.00  0.00  0.00
       [,74] [,75] [,76] [,77] [,78] [,79] [,80] [,81] [,82] [,83] [,84] [,85]
  [1,]  0.00  0.00  0.00  0.00  0.00  0.00  0.00  0.00  0.00  0.00  0.00  0.00
  [2,]  0.00  0.00  0.00  0.00  0.00  0.00  0.00  0.00  0.00  0.00  0.00  0.00
  [3,]  0.00  0.00  0.00  0.00  0.00  0.00  0.00  0.00  0.00  0.00  0.00  0.00
  [4,]  0.00  0.00  0.00  0.00  0.00  0.00  0.00  0.00  0.00  0.00  0.00  0.00
  [5,]  0.00  0.00  0.00  0.00  0.00  0.00  0.00  0.00  0.00  0.00  0.00  0.00
  [6,]  0.00  0.00  0.00  0.00  0.00  0.00  0.00  0.00  0.00  0.00  0.00  0.00
  [7,]  0.00  0.00  0.00  0.00  0.00  0.00  0.00  0.00  0.00  0.00  0.00  0.00
  [8,]  0.00  0.00  0.00  0.00  0.00  0.00  0.00  0.00  0.00  0.00  0.00  0.00
  [9,]  0.00  0.00  0.00  0.00  0.00  0.00  0.00  0.00  0.00  0.00  0.00  0.00
 [10,]  0.00  0.00  0.00  0.00  0.00  0.00  0.00  0.00  0.00  0.00  0.00  0.00
 [11,]  0.00  0.00  0.00  0.00  0.00  0.00  0.00  0.00  0.00  0.00  0.00  0.00
 [12,]  0.00  0.00  0.00  0.00  0.00  0.00  0.00  0.00  0.00  0.00  0.00  0.00
 [13,]  0.00  0.00  0.00  0.00  0.00  0.00  0.00  0.00  0.00  0.00  0.00  0.00
 [14,]  0.00  0.00  0.00  0.00  0.00  0.00  0.00  0.00  0.00  0.00  0.00  0.00
 [15,]  0.00  0.00  0.00  0.00  0.00  0.00  0.00  0.00  0.00  0.00  0.00  0.00
 [16,]  0.00  0.00  0.00  0.00  0.00  0.00  0.00  0.00  0.00  0.00  0.00  0.00
 [17,]  0.00  0.00  0.00  0.00  0.00  0.00  0.00  0.00  0.00  0.00  0.00  0.00
 [18,]  0.00  0.00  0.00  0.00  0.00  0.00  0.00  0.00  0.00  0.00  0.00  0.00
 [19,]  0.00  0.00  0.00  0.00  0.00  0.00  0.00  0.00  0.00  0.00  0.00  0.00
 [20,]  0.00  0.00  0.00  0.00  0.00  0.00  0.00  0.00  0.00  0.00  0.00  0.00
 [21,]  0.00  0.00  0.00  0.00  0.00  0.00  0.00  0.00  0.00  0.00  0.00  0.00
 [22,]  0.00  0.00  0.00  0.00  0.00  0.00  0.00  0.00  0.00  0.00  0.00  0.00
 [23,]  0.00  0.00  0.00  0.00  0.00  0.00  0.00  0.00  0.00  0.00  0.00  0.00
 [24,]  0.00  0.00  0.00  0.00  0.00  0.00  0.00  0.00  0.00  0.00  0.00  0.00
 [25,]  0.00  0.00  0.00  0.00  0.00  0.00  0.00  0.00  0.00  0.00  0.00  0.00
 [26,]  0.00  0.00  0.00  0.00  0.00  0.00  0.00  0.00  0.00  0.00  0.00  0.00
 [27,]  0.00  0.00  0.00  0.00  0.00  0.00  0.00  0.00  0.00  0.00  0.00  0.00
 [28,]  0.00  0.00  0.00  0.00  0.00  0.00  0.00  0.00  0.00  0.00  0.00  0.00
 [29,]  0.00  0.00  0.00  0.00  0.00  0.00  0.00  0.00  0.00  0.00  0.00  0.00
 [30,]  0.00  0.00  0.00  0.00  0.00  0.00  0.00  0.00  0.00  0.00  0.00  0.00
 [31,]  0.00  0.00  0.00  0.00  0.00  0.00  0.00  0.00  0.00  0.00  0.00  0.00
 [32,]  0.00  0.00  0.00  0.00  0.00  0.00  0.00  0.00  0.00  0.00  0.00  0.00
 [33,]  0.00  0.00  0.00  0.00  0.00  0.00  0.00  0.00  0.00  0.00  0.00  0.00
 [34,]  0.00  0.00  0.00  0.00  0.00  0.00  0.00  0.00  0.00  0.00  0.00  0.00
 [35,]  0.00  0.00  0.00  0.00  0.00  0.00  0.00  0.00  0.00  0.00  0.00  0.00
 [36,]  0.00  0.00  0.00  0.00  0.00  0.00  0.00  0.00  0.00  0.00  0.00  0.00
 [37,]  0.00  0.00  0.00  0.00  0.00  0.00  0.00  0.00  0.00  0.00  0.00  0.00
 [38,]  0.00  0.00  0.00  0.00  0.00  0.00  0.00  0.00  0.00  0.00  0.00  0.00
 [39,]  0.00  0.00  0.00  0.00  0.00  0.00  0.00  0.00  0.00  0.00  0.00  0.00
 [40,]  0.00  0.00  0.00  0.00  0.00  0.00  0.00  0.00  0.00  0.00  0.00  0.00
 [41,]  0.00  0.00  0.00  0.00  0.00  0.00  0.00  0.00  0.00  0.00  0.00  0.00
 [42,]  0.00  0.00  0.00  0.00  0.00  0.00  0.00  0.00  0.00  0.00  0.00  0.00
 [43,]  0.00  0.00  0.00  0.00  0.00  0.00  0.00  0.00  0.00  0.00  0.00  0.00
 [44,]  0.00  0.00  0.00  0.00  0.00  0.00  0.00  0.00  0.00  0.00  0.00  0.00
 [45,]  0.00  0.00  0.00  0.00  0.00  0.00  0.00  0.00  0.00  0.00  0.00  0.00
 [46,]  0.00  0.00  0.00  0.00  0.00  0.00  0.00  0.00  0.00  0.00  0.00  0.00
 [47,]  0.00  0.00  0.00  0.00  0.00  0.00  0.00  0.00  0.00  0.00  0.00  0.00
 [48,]  0.00  0.00  0.00  0.00  0.00  0.00  0.00  0.00  0.00  0.00  0.00  0.00
 [49,]  0.00  0.00  0.00  0.00  0.00  0.00  0.00  0.00  0.00  0.00  0.00  0.00
 [50,]  0.00  0.00  0.00  0.00  0.00  0.00  0.00  0.00  0.00  0.00  0.00  0.00
 [51,]  0.00  0.00  0.00  0.00  0.00  0.00  0.00  0.00  0.00  0.00  0.00  0.00
 [52,]  0.00  0.00  0.00  0.00  0.00  0.00  0.00  0.00  0.00  0.00  0.00  0.00
 [53,]  0.00  0.00  0.00  0.00  0.00  0.00  0.00  0.00  0.00  0.00  0.00  0.00
 [54,]  0.00  0.00  0.00  0.00  0.00  0.00  0.00  0.00  0.00  0.00  0.00  0.00
 [55,]  0.00  0.00  0.00  0.00  0.00  0.00  0.00  0.00  0.00  0.00  0.00  0.00
 [56,]  0.00  0.00  0.00  0.00  0.00  0.00  0.00  0.00  0.00  0.00  0.00  0.00
 [57,]  0.00  0.00  0.00  0.00  0.00  0.00  0.00  0.00  0.00  0.00  0.00  0.00
 [58,]  0.00  0.00  0.00  0.00  0.00  0.00  0.00  0.00  0.00  0.00  0.00  0.00
 [59,]  0.00  0.00  0.00  0.00  0.00  0.00  0.00  0.00  0.00  0.00  0.00  0.00
 [60,]  0.00  0.00  0.00  0.00  0.00  0.00  0.00  0.00  0.00  0.00  0.00  0.00
 [61,]  0.00  0.00  0.00  0.00  0.00  0.00  0.00  0.00  0.00  0.00  0.00  0.00
 [62,]  0.00  0.00  0.00  0.00  0.00  0.00  0.00  0.00  0.00  0.00  0.00  0.00
 [63,]  0.00  0.00  0.00  0.00  0.00  0.00  0.00  0.00  0.00  0.00  0.00  0.00
 [64,]  0.00  0.00  0.00  0.00  0.00  0.00  0.00  0.00  0.00  0.00  0.00  0.00
 [65,]  0.00  0.00  0.00  0.00  0.00  0.00  0.00  0.00  0.00  0.00  0.00  0.00
 [66,]  0.00  0.00  0.00  0.00  0.00  0.00  0.00  0.00  0.00  0.00  0.00  0.00
 [67,]  0.00  0.00  0.00  0.00  0.00  0.00  0.00  0.00  0.00  0.00  0.00  0.00
 [68,]  0.00  0.00  0.00  0.00  0.00  0.00  0.00  0.00  0.00  0.00  0.00  0.00
 [69,]  0.00  0.00  0.00  0.00  0.00  0.00  0.00  0.00  0.00  0.00  0.00  0.00
 [70,]  0.00  0.00  0.00  0.00  0.00  0.00  0.00  0.00  0.00  0.00  0.00  0.00
 [71,]  0.00  0.00  0.00  0.00  0.00  0.00  0.00  0.00  0.00  0.00  0.00  0.00
 [72,]  0.00  0.00  0.00  0.00  0.00  0.00  0.00  0.00  0.00  0.00  0.00  0.00
 [73,]  0.00  0.00  0.00  0.00  0.00  0.00  0.00  0.00  0.00  0.00  0.00  0.00
 [74,]  0.01  0.00  0.00  0.00  0.00  0.00  0.00  0.00  0.00  0.00  0.00  0.00
 [75,]  0.00  0.01  0.00  0.00  0.00  0.00  0.00  0.00  0.00  0.00  0.00  0.00
 [76,]  0.00  0.00  0.01  0.00  0.00  0.00  0.00  0.00  0.00  0.00  0.00  0.00
 [77,]  0.00  0.00  0.00  0.01  0.00  0.00  0.00  0.00  0.00  0.00  0.00  0.00
 [78,]  0.00  0.00  0.00  0.00  0.01  0.00  0.00  0.00  0.00  0.00  0.00  0.00
 [79,]  0.00  0.00  0.00  0.00  0.00  0.01  0.00  0.00  0.00  0.00  0.00  0.00
 [80,]  0.00  0.00  0.00  0.00  0.00  0.00  0.01  0.00  0.00  0.00  0.00  0.00
 [81,]  0.00  0.00  0.00  0.00  0.00  0.00  0.00  0.01  0.00  0.00  0.00  0.00
 [82,]  0.00  0.00  0.00  0.00  0.00  0.00  0.00  0.00  0.01  0.00  0.00  0.00
 [83,]  0.00  0.00  0.00  0.00  0.00  0.00  0.00  0.00  0.00  0.01  0.00  0.00
 [84,]  0.00  0.00  0.00  0.00  0.00  0.00  0.00  0.00  0.00  0.00  0.01  0.00
 [85,]  0.00  0.00  0.00  0.00  0.00  0.00  0.00  0.00  0.00  0.00  0.00  0.01
 [86,]  0.00  0.00  0.00  0.00  0.00  0.00  0.00  0.00  0.00  0.00  0.00  0.00
 [87,]  0.00  0.00  0.00  0.00  0.00  0.00  0.00  0.00  0.00  0.00  0.00  0.00
 [88,]  0.00  0.00  0.00  0.00  0.00  0.00  0.00  0.00  0.00  0.00  0.00  0.00
 [89,]  0.00  0.00  0.00  0.00  0.00  0.00  0.00  0.00  0.00  0.00  0.00  0.00
 [90,]  0.00  0.00  0.00  0.00  0.00  0.00  0.00  0.00  0.00  0.00  0.00  0.00
 [91,]  0.00  0.00  0.00  0.00  0.00  0.00  0.00  0.00  0.00  0.00  0.00  0.00
 [92,]  0.00  0.00  0.00  0.00  0.00  0.00  0.00  0.00  0.00  0.00  0.00  0.00
 [93,]  0.00  0.00  0.00  0.00  0.00  0.00  0.00  0.00  0.00  0.00  0.00  0.00
 [94,]  0.00  0.00  0.00  0.00  0.00  0.00  0.00  0.00  0.00  0.00  0.00  0.00
 [95,]  0.00  0.00  0.00  0.00  0.00  0.00  0.00  0.00  0.00  0.00  0.00  0.00
 [96,]  0.00  0.00  0.00  0.00  0.00  0.00  0.00  0.00  0.00  0.00  0.00  0.00
 [97,]  0.00  0.00  0.00  0.00  0.00  0.00  0.00  0.00  0.00  0.00  0.00  0.00
 [98,]  0.00  0.00  0.00  0.00  0.00  0.00  0.00  0.00  0.00  0.00  0.00  0.00
 [99,]  0.00  0.00  0.00  0.00  0.00  0.00  0.00  0.00  0.00  0.00  0.00  0.00
[100,]  0.00  0.00  0.00  0.00  0.00  0.00  0.00  0.00  0.00  0.00  0.00  0.00
[101,]  0.00  0.00  0.00  0.00  0.00  0.00  0.00  0.00  0.00  0.00  0.00  0.00
[102,]  0.00  0.00  0.00  0.00  0.00  0.00  0.00  0.00  0.00  0.00  0.00  0.00
[103,]  0.00  0.00  0.00  0.00  0.00  0.00  0.00  0.00  0.00  0.00  0.00  0.00
[104,]  0.00  0.00  0.00  0.00  0.00  0.00  0.00  0.00  0.00  0.00  0.00  0.00
[105,]  0.00  0.00  0.00  0.00  0.00  0.00  0.00  0.00  0.00  0.00  0.00  0.00
[106,]  0.00  0.00  0.00  0.00  0.00  0.00  0.00  0.00  0.00  0.00  0.00  0.00
[107,]  0.00  0.00  0.00  0.00  0.00  0.00  0.00  0.00  0.00  0.00  0.00  0.00
[108,]  0.00  0.00  0.00  0.00  0.00  0.00  0.00  0.00  0.00  0.00  0.00  0.00
[109,]  0.00  0.00  0.00  0.00  0.00  0.00  0.00  0.00  0.00  0.00  0.00  0.00
[110,]  0.00  0.00  0.00  0.00  0.00  0.00  0.00  0.00  0.00  0.00  0.00  0.00
[111,]  0.00  0.00  0.00  0.00  0.00  0.00  0.00  0.00  0.00  0.00  0.00  0.00
[112,]  0.00  0.00  0.00  0.00  0.00  0.00  0.00  0.00  0.00  0.00  0.00  0.00
[113,]  0.00  0.00  0.00  0.00  0.00  0.00  0.00  0.00  0.00  0.00  0.00  0.00
[114,]  0.00  0.00  0.00  0.00  0.00  0.00  0.00  0.00  0.00  0.00  0.00  0.00
[115,]  0.00  0.00  0.00  0.00  0.00  0.00  0.00  0.00  0.00  0.00  0.00  0.00
[116,]  0.00  0.00  0.00  0.00  0.00  0.00  0.00  0.00  0.00  0.00  0.00  0.00
[117,]  0.00  0.00  0.00  0.00  0.00  0.00  0.00  0.00  0.00  0.00  0.00  0.00
[118,]  0.00  0.00  0.00  0.00  0.00  0.00  0.00  0.00  0.00  0.00  0.00  0.00
[119,]  0.00  0.00  0.00  0.00  0.00  0.00  0.00  0.00  0.00  0.00  0.00  0.00
[120,]  0.00  0.00  0.00  0.00  0.00  0.00  0.00  0.00  0.00  0.00  0.00  0.00
[121,]  0.00  0.00  0.00  0.00  0.00  0.00  0.00  0.00  0.00  0.00  0.00  0.00
[122,]  0.00  0.00  0.00  0.00  0.00  0.00  0.00  0.00  0.00  0.00  0.00  0.00
[123,]  0.00  0.00  0.00  0.00  0.00  0.00  0.00  0.00  0.00  0.00  0.00  0.00
[124,]  0.00  0.00  0.00  0.00  0.00  0.00  0.00  0.00  0.00  0.00  0.00  0.00
[125,]  0.00  0.00  0.00  0.00  0.00  0.00  0.00  0.00  0.00  0.00  0.00  0.00
[126,]  0.00  0.00  0.00  0.00  0.00  0.00  0.00  0.00  0.00  0.00  0.00  0.00
[127,]  0.00  0.00  0.00  0.00  0.00  0.00  0.00  0.00  0.00  0.00  0.00  0.00
[128,]  0.00  0.00  0.00  0.00  0.00  0.00  0.00  0.00  0.00  0.00  0.00  0.00
[129,]  0.00  0.00  0.00  0.00  0.00  0.00  0.00  0.00  0.00  0.00  0.00  0.00
[130,]  0.00  0.00  0.00  0.00  0.00  0.00  0.00  0.00  0.00  0.00  0.00  0.00
[131,]  0.00  0.00  0.00  0.00  0.00  0.00  0.00  0.00  0.00  0.00  0.00  0.00
[132,]  0.00  0.00  0.00  0.00  0.00  0.00  0.00  0.00  0.00  0.00  0.00  0.00
[133,]  0.00  0.00  0.00  0.00  0.00  0.00  0.00  0.00  0.00  0.00  0.00  0.00
[134,]  0.00  0.00  0.00  0.00  0.00  0.00  0.00  0.00  0.00  0.00  0.00  0.00
[135,]  0.00  0.00  0.00  0.00  0.00  0.00  0.00  0.00  0.00  0.00  0.00  0.00
[136,]  0.00  0.00  0.00  0.00  0.00  0.00  0.00  0.00  0.00  0.00  0.00  0.00
[137,]  0.00  0.00  0.00  0.00  0.00  0.00  0.00  0.00  0.00  0.00  0.00  0.00
[138,]  0.00  0.00  0.00  0.00  0.00  0.00  0.00  0.00  0.00  0.00  0.00  0.00
[139,]  0.00  0.00  0.00  0.00  0.00  0.00  0.00  0.00  0.00  0.00  0.00  0.00
[140,]  0.00  0.00  0.00  0.00  0.00  0.00  0.00  0.00  0.00  0.00  0.00  0.00
[141,]  0.00  0.00  0.00  0.00  0.00  0.00  0.00  0.00  0.00  0.00  0.00  0.00
[142,]  0.00  0.00  0.00  0.00  0.00  0.00  0.00  0.00  0.00  0.00  0.00  0.00
[143,]  0.00  0.00  0.00  0.00  0.00  0.00  0.00  0.00  0.00  0.00  0.00  0.00
[144,]  0.00  0.00  0.00  0.00  0.00  0.00  0.00  0.00  0.00  0.00  0.00  0.00
[145,]  0.00  0.00  0.00  0.00  0.00  0.00  0.00  0.00  0.00  0.00  0.00  0.00
[146,]  0.00  0.00  0.00  0.00  0.00  0.00  0.00  0.00  0.00  0.00  0.00  0.00
[147,]  0.00  0.00  0.00  0.00  0.00  0.00  0.00  0.00  0.00  0.00  0.00  0.00
[148,]  0.00  0.00  0.00  0.00  0.00  0.00  0.00  0.00  0.00  0.00  0.00  0.00
[149,]  0.00  0.00  0.00  0.00  0.00  0.00  0.00  0.00  0.00  0.00  0.00  0.00
[150,]  0.00  0.00  0.00  0.00  0.00  0.00  0.00  0.00  0.00  0.00  0.00  0.00
[151,]  0.00  0.00  0.00  0.00  0.00  0.00  0.00  0.00  0.00  0.00  0.00  0.00
[152,]  0.00  0.00  0.00  0.00  0.00  0.00  0.00  0.00  0.00  0.00  0.00  0.00
[153,]  0.00  0.00  0.00  0.00  0.00  0.00  0.00  0.00  0.00  0.00  0.00  0.00
[154,]  0.00  0.00  0.00  0.00  0.00  0.00  0.00  0.00  0.00  0.00  0.00  0.00
[155,]  0.00  0.00  0.00  0.00  0.00  0.00  0.00  0.00  0.00  0.00  0.00  0.00
[156,]  0.00  0.00  0.00  0.00  0.00  0.00  0.00  0.00  0.00  0.00  0.00  0.00
[157,]  0.00  0.00  0.00  0.00  0.00  0.00  0.00  0.00  0.00  0.00  0.00  0.00
[158,]  0.00  0.00  0.00  0.00  0.00  0.00  0.00  0.00  0.00  0.00  0.00  0.00
[159,]  0.00  0.00  0.00  0.00  0.00  0.00  0.00  0.00  0.00  0.00  0.00  0.00
[160,]  0.00  0.00  0.00  0.00  0.00  0.00  0.00  0.00  0.00  0.00  0.00  0.00
[161,]  0.00  0.00  0.00  0.00  0.00  0.00  0.00  0.00  0.00  0.00  0.00  0.00
[162,]  0.00  0.00  0.00  0.00  0.00  0.00  0.00  0.00  0.00  0.00  0.00  0.00
[163,]  0.00  0.00  0.00  0.00  0.00  0.00  0.00  0.00  0.00  0.00  0.00  0.00
[164,]  0.00  0.00  0.00  0.00  0.00  0.00  0.00  0.00  0.00  0.00  0.00  0.00
[165,]  0.00  0.00  0.00  0.00  0.00  0.00  0.00  0.00  0.00  0.00  0.00  0.00
[166,]  0.00  0.00  0.00  0.00  0.00  0.00  0.00  0.00  0.00  0.00  0.00  0.00
[167,]  0.00  0.00  0.00  0.00  0.00  0.00  0.00  0.00  0.00  0.00  0.00  0.00
[168,]  0.00  0.00  0.00  0.00  0.00  0.00  0.00  0.00  0.00  0.00  0.00  0.00
[169,]  0.00  0.00  0.00  0.00  0.00  0.00  0.00  0.00  0.00  0.00  0.00  0.00
[170,]  0.00  0.00  0.00  0.00  0.00  0.00  0.00  0.00  0.00  0.00  0.00  0.00
[171,]  0.00  0.00  0.00  0.00  0.00  0.00  0.00  0.00  0.00  0.00  0.00  0.00
[172,]  0.00  0.00  0.00  0.00  0.00  0.00  0.00  0.00  0.00  0.00  0.00  0.00
[173,]  0.00  0.00  0.00  0.00  0.00  0.00  0.00  0.00  0.00  0.00  0.00  0.00
[174,]  0.00  0.00  0.00  0.00  0.00  0.00  0.00  0.00  0.00  0.00  0.00  0.00
[175,]  0.00  0.00  0.00  0.00  0.00  0.00  0.00  0.00  0.00  0.00  0.00  0.00
[176,]  0.00  0.00  0.00  0.00  0.00  0.00  0.00  0.00  0.00  0.00  0.00  0.00
[177,]  0.00  0.00  0.00  0.00  0.00  0.00  0.00  0.00  0.00  0.00  0.00  0.00
[178,]  0.00  0.00  0.00  0.00  0.00  0.00  0.00  0.00  0.00  0.00  0.00  0.00
[179,]  0.00  0.00  0.00  0.00  0.00  0.00  0.00  0.00  0.00  0.00  0.00  0.00
[180,]  0.00  0.00  0.00  0.00  0.00  0.00  0.00  0.00  0.00  0.00  0.00  0.00
[181,]  0.00  0.00  0.00  0.00  0.00  0.00  0.00  0.00  0.00  0.00  0.00  0.00
[182,]  0.00  0.00  0.00  0.00  0.00  0.00  0.00  0.00  0.00  0.00  0.00  0.00
[183,]  0.00  0.00  0.00  0.00  0.00  0.00  0.00  0.00  0.00  0.00  0.00  0.00
[184,]  0.00  0.00  0.00  0.00  0.00  0.00  0.00  0.00  0.00  0.00  0.00  0.00
[185,]  0.00  0.00  0.00  0.00  0.00  0.00  0.00  0.00  0.00  0.00  0.00  0.00
[186,]  0.00  0.00  0.00  0.00  0.00  0.00  0.00  0.00  0.00  0.00  0.00  0.00
[187,]  0.00  0.00  0.00  0.00  0.00  0.00  0.00  0.00  0.00  0.00  0.00  0.00
[188,]  0.00  0.00  0.00  0.00  0.00  0.00  0.00  0.00  0.00  0.00  0.00  0.00
[189,]  0.00  0.00  0.00  0.00  0.00  0.00  0.00  0.00  0.00  0.00  0.00  0.00
[190,]  0.00  0.00  0.00  0.00  0.00  0.00  0.00  0.00  0.00  0.00  0.00  0.00
[191,]  0.00  0.00  0.00  0.00  0.00  0.00  0.00  0.00  0.00  0.00  0.00  0.00
[192,]  0.00  0.00  0.00  0.00  0.00  0.00  0.00  0.00  0.00  0.00  0.00  0.00
[193,]  0.00  0.00  0.00  0.00  0.00  0.00  0.00  0.00  0.00  0.00  0.00  0.00
[194,]  0.00  0.00  0.00  0.00  0.00  0.00  0.00  0.00  0.00  0.00  0.00  0.00
[195,]  0.00  0.00  0.00  0.00  0.00  0.00  0.00  0.00  0.00  0.00  0.00  0.00
[196,]  0.00  0.00  0.00  0.00  0.00  0.00  0.00  0.00  0.00  0.00  0.00  0.00
[197,]  0.00  0.00  0.00  0.00  0.00  0.00  0.00  0.00  0.00  0.00  0.00  0.00
[198,]  0.00  0.00  0.00  0.00  0.00  0.00  0.00  0.00  0.00  0.00  0.00  0.00
[199,]  0.00  0.00  0.00  0.00  0.00  0.00  0.00  0.00  0.00  0.00  0.00  0.00
[200,]  0.00  0.00  0.00  0.00  0.00  0.00  0.00  0.00  0.00  0.00  0.00  0.00
[201,]  0.00  0.00  0.00  0.00  0.00  0.00  0.00  0.00  0.00  0.00  0.00  0.00
[202,]  0.00  0.00  0.00  0.00  0.00  0.00  0.00  0.00  0.00  0.00  0.00  0.00
[203,]  0.00  0.00  0.00  0.00  0.00  0.00  0.00  0.00  0.00  0.00  0.00  0.00
[204,]  0.00  0.00  0.00  0.00  0.00  0.00  0.00  0.00  0.00  0.00  0.00  0.00
[205,]  0.00  0.00  0.00  0.00  0.00  0.00  0.00  0.00  0.00  0.00  0.00  0.00
[206,]  0.00  0.00  0.00  0.00  0.00  0.00  0.00  0.00  0.00  0.00  0.00  0.00
[207,]  0.00  0.00  0.00  0.00  0.00  0.00  0.00  0.00  0.00  0.00  0.00  0.00
[208,]  0.00  0.00  0.00  0.00  0.00  0.00  0.00  0.00  0.00  0.00  0.00  0.00
[209,]  0.00  0.00  0.00  0.00  0.00  0.00  0.00  0.00  0.00  0.00  0.00  0.00
[210,]  0.00  0.00  0.00  0.00  0.00  0.00  0.00  0.00  0.00  0.00  0.00  0.00
[211,]  0.00  0.00  0.00  0.00  0.00  0.00  0.00  0.00  0.00  0.00  0.00  0.00
[212,]  0.00  0.00  0.00  0.00  0.00  0.00  0.00  0.00  0.00  0.00  0.00  0.00
[213,]  0.00  0.00  0.00  0.00  0.00  0.00  0.00  0.00  0.00  0.00  0.00  0.00
[214,]  0.00  0.00  0.00  0.00  0.00  0.00  0.00  0.00  0.00  0.00  0.00  0.00
[215,]  0.00  0.00  0.00  0.00  0.00  0.00  0.00  0.00  0.00  0.00  0.00  0.00
[216,]  0.00  0.00  0.00  0.00  0.00  0.00  0.00  0.00  0.00  0.00  0.00  0.00
[217,]  0.00  0.00  0.00  0.00  0.00  0.00  0.00  0.00  0.00  0.00  0.00  0.00
[218,]  0.00  0.00  0.00  0.00  0.00  0.00  0.00  0.00  0.00  0.00  0.00  0.00
[219,]  0.00  0.00  0.00  0.00  0.00  0.00  0.00  0.00  0.00  0.00  0.00  0.00
[220,]  0.00  0.00  0.00  0.00  0.00  0.00  0.00  0.00  0.00  0.00  0.00  0.00
[221,]  0.00  0.00  0.00  0.00  0.00  0.00  0.00  0.00  0.00  0.00  0.00  0.00
[222,]  0.00  0.00  0.00  0.00  0.00  0.00  0.00  0.00  0.00  0.00  0.00  0.00
[223,]  0.00  0.00  0.00  0.00  0.00  0.00  0.00  0.00  0.00  0.00  0.00  0.00
[224,]  0.00  0.00  0.00  0.00  0.00  0.00  0.00  0.00  0.00  0.00  0.00  0.00
[225,]  0.00  0.00  0.00  0.00  0.00  0.00  0.00  0.00  0.00  0.00  0.00  0.00
[226,]  0.00  0.00  0.00  0.00  0.00  0.00  0.00  0.00  0.00  0.00  0.00  0.00
[227,]  0.00  0.00  0.00  0.00  0.00  0.00  0.00  0.00  0.00  0.00  0.00  0.00
[228,]  0.00  0.00  0.00  0.00  0.00  0.00  0.00  0.00  0.00  0.00  0.00  0.00
       [,86] [,87] [,88] [,89] [,90] [,91] [,92] [,93] [,94] [,95] [,96] [,97]
  [1,]  0.00  0.00  0.00  0.00  0.00  0.00  0.00  0.00  0.00  0.00  0.00  0.00
  [2,]  0.00  0.00  0.00  0.00  0.00  0.00  0.00  0.00  0.00  0.00  0.00  0.00
  [3,]  0.00  0.00  0.00  0.00  0.00  0.00  0.00  0.00  0.00  0.00  0.00  0.00
  [4,]  0.00  0.00  0.00  0.00  0.00  0.00  0.00  0.00  0.00  0.00  0.00  0.00
  [5,]  0.00  0.00  0.00  0.00  0.00  0.00  0.00  0.00  0.00  0.00  0.00  0.00
  [6,]  0.00  0.00  0.00  0.00  0.00  0.00  0.00  0.00  0.00  0.00  0.00  0.00
  [7,]  0.00  0.00  0.00  0.00  0.00  0.00  0.00  0.00  0.00  0.00  0.00  0.00
  [8,]  0.00  0.00  0.00  0.00  0.00  0.00  0.00  0.00  0.00  0.00  0.00  0.00
  [9,]  0.00  0.00  0.00  0.00  0.00  0.00  0.00  0.00  0.00  0.00  0.00  0.00
 [10,]  0.00  0.00  0.00  0.00  0.00  0.00  0.00  0.00  0.00  0.00  0.00  0.00
 [11,]  0.00  0.00  0.00  0.00  0.00  0.00  0.00  0.00  0.00  0.00  0.00  0.00
 [12,]  0.00  0.00  0.00  0.00  0.00  0.00  0.00  0.00  0.00  0.00  0.00  0.00
 [13,]  0.00  0.00  0.00  0.00  0.00  0.00  0.00  0.00  0.00  0.00  0.00  0.00
 [14,]  0.00  0.00  0.00  0.00  0.00  0.00  0.00  0.00  0.00  0.00  0.00  0.00
 [15,]  0.00  0.00  0.00  0.00  0.00  0.00  0.00  0.00  0.00  0.00  0.00  0.00
 [16,]  0.00  0.00  0.00  0.00  0.00  0.00  0.00  0.00  0.00  0.00  0.00  0.00
 [17,]  0.00  0.00  0.00  0.00  0.00  0.00  0.00  0.00  0.00  0.00  0.00  0.00
 [18,]  0.00  0.00  0.00  0.00  0.00  0.00  0.00  0.00  0.00  0.00  0.00  0.00
 [19,]  0.00  0.00  0.00  0.00  0.00  0.00  0.00  0.00  0.00  0.00  0.00  0.00
 [20,]  0.00  0.00  0.00  0.00  0.00  0.00  0.00  0.00  0.00  0.00  0.00  0.00
 [21,]  0.00  0.00  0.00  0.00  0.00  0.00  0.00  0.00  0.00  0.00  0.00  0.00
 [22,]  0.00  0.00  0.00  0.00  0.00  0.00  0.00  0.00  0.00  0.00  0.00  0.00
 [23,]  0.00  0.00  0.00  0.00  0.00  0.00  0.00  0.00  0.00  0.00  0.00  0.00
 [24,]  0.00  0.00  0.00  0.00  0.00  0.00  0.00  0.00  0.00  0.00  0.00  0.00
 [25,]  0.00  0.00  0.00  0.00  0.00  0.00  0.00  0.00  0.00  0.00  0.00  0.00
 [26,]  0.00  0.00  0.00  0.00  0.00  0.00  0.00  0.00  0.00  0.00  0.00  0.00
 [27,]  0.00  0.00  0.00  0.00  0.00  0.00  0.00  0.00  0.00  0.00  0.00  0.00
 [28,]  0.00  0.00  0.00  0.00  0.00  0.00  0.00  0.00  0.00  0.00  0.00  0.00
 [29,]  0.00  0.00  0.00  0.00  0.00  0.00  0.00  0.00  0.00  0.00  0.00  0.00
 [30,]  0.00  0.00  0.00  0.00  0.00  0.00  0.00  0.00  0.00  0.00  0.00  0.00
 [31,]  0.00  0.00  0.00  0.00  0.00  0.00  0.00  0.00  0.00  0.00  0.00  0.00
 [32,]  0.00  0.00  0.00  0.00  0.00  0.00  0.00  0.00  0.00  0.00  0.00  0.00
 [33,]  0.00  0.00  0.00  0.00  0.00  0.00  0.00  0.00  0.00  0.00  0.00  0.00
 [34,]  0.00  0.00  0.00  0.00  0.00  0.00  0.00  0.00  0.00  0.00  0.00  0.00
 [35,]  0.00  0.00  0.00  0.00  0.00  0.00  0.00  0.00  0.00  0.00  0.00  0.00
 [36,]  0.00  0.00  0.00  0.00  0.00  0.00  0.00  0.00  0.00  0.00  0.00  0.00
 [37,]  0.00  0.00  0.00  0.00  0.00  0.00  0.00  0.00  0.00  0.00  0.00  0.00
 [38,]  0.00  0.00  0.00  0.00  0.00  0.00  0.00  0.00  0.00  0.00  0.00  0.00
 [39,]  0.00  0.00  0.00  0.00  0.00  0.00  0.00  0.00  0.00  0.00  0.00  0.00
 [40,]  0.00  0.00  0.00  0.00  0.00  0.00  0.00  0.00  0.00  0.00  0.00  0.00
 [41,]  0.00  0.00  0.00  0.00  0.00  0.00  0.00  0.00  0.00  0.00  0.00  0.00
 [42,]  0.00  0.00  0.00  0.00  0.00  0.00  0.00  0.00  0.00  0.00  0.00  0.00
 [43,]  0.00  0.00  0.00  0.00  0.00  0.00  0.00  0.00  0.00  0.00  0.00  0.00
 [44,]  0.00  0.00  0.00  0.00  0.00  0.00  0.00  0.00  0.00  0.00  0.00  0.00
 [45,]  0.00  0.00  0.00  0.00  0.00  0.00  0.00  0.00  0.00  0.00  0.00  0.00
 [46,]  0.00  0.00  0.00  0.00  0.00  0.00  0.00  0.00  0.00  0.00  0.00  0.00
 [47,]  0.00  0.00  0.00  0.00  0.00  0.00  0.00  0.00  0.00  0.00  0.00  0.00
 [48,]  0.00  0.00  0.00  0.00  0.00  0.00  0.00  0.00  0.00  0.00  0.00  0.00
 [49,]  0.00  0.00  0.00  0.00  0.00  0.00  0.00  0.00  0.00  0.00  0.00  0.00
 [50,]  0.00  0.00  0.00  0.00  0.00  0.00  0.00  0.00  0.00  0.00  0.00  0.00
 [51,]  0.00  0.00  0.00  0.00  0.00  0.00  0.00  0.00  0.00  0.00  0.00  0.00
 [52,]  0.00  0.00  0.00  0.00  0.00  0.00  0.00  0.00  0.00  0.00  0.00  0.00
 [53,]  0.00  0.00  0.00  0.00  0.00  0.00  0.00  0.00  0.00  0.00  0.00  0.00
 [54,]  0.00  0.00  0.00  0.00  0.00  0.00  0.00  0.00  0.00  0.00  0.00  0.00
 [55,]  0.00  0.00  0.00  0.00  0.00  0.00  0.00  0.00  0.00  0.00  0.00  0.00
 [56,]  0.00  0.00  0.00  0.00  0.00  0.00  0.00  0.00  0.00  0.00  0.00  0.00
 [57,]  0.00  0.00  0.00  0.00  0.00  0.00  0.00  0.00  0.00  0.00  0.00  0.00
 [58,]  0.00  0.00  0.00  0.00  0.00  0.00  0.00  0.00  0.00  0.00  0.00  0.00
 [59,]  0.00  0.00  0.00  0.00  0.00  0.00  0.00  0.00  0.00  0.00  0.00  0.00
 [60,]  0.00  0.00  0.00  0.00  0.00  0.00  0.00  0.00  0.00  0.00  0.00  0.00
 [61,]  0.00  0.00  0.00  0.00  0.00  0.00  0.00  0.00  0.00  0.00  0.00  0.00
 [62,]  0.00  0.00  0.00  0.00  0.00  0.00  0.00  0.00  0.00  0.00  0.00  0.00
 [63,]  0.00  0.00  0.00  0.00  0.00  0.00  0.00  0.00  0.00  0.00  0.00  0.00
 [64,]  0.00  0.00  0.00  0.00  0.00  0.00  0.00  0.00  0.00  0.00  0.00  0.00
 [65,]  0.00  0.00  0.00  0.00  0.00  0.00  0.00  0.00  0.00  0.00  0.00  0.00
 [66,]  0.00  0.00  0.00  0.00  0.00  0.00  0.00  0.00  0.00  0.00  0.00  0.00
 [67,]  0.00  0.00  0.00  0.00  0.00  0.00  0.00  0.00  0.00  0.00  0.00  0.00
 [68,]  0.00  0.00  0.00  0.00  0.00  0.00  0.00  0.00  0.00  0.00  0.00  0.00
 [69,]  0.00  0.00  0.00  0.00  0.00  0.00  0.00  0.00  0.00  0.00  0.00  0.00
 [70,]  0.00  0.00  0.00  0.00  0.00  0.00  0.00  0.00  0.00  0.00  0.00  0.00
 [71,]  0.00  0.00  0.00  0.00  0.00  0.00  0.00  0.00  0.00  0.00  0.00  0.00
 [72,]  0.00  0.00  0.00  0.00  0.00  0.00  0.00  0.00  0.00  0.00  0.00  0.00
 [73,]  0.00  0.00  0.00  0.00  0.00  0.00  0.00  0.00  0.00  0.00  0.00  0.00
 [74,]  0.00  0.00  0.00  0.00  0.00  0.00  0.00  0.00  0.00  0.00  0.00  0.00
 [75,]  0.00  0.00  0.00  0.00  0.00  0.00  0.00  0.00  0.00  0.00  0.00  0.00
 [76,]  0.00  0.00  0.00  0.00  0.00  0.00  0.00  0.00  0.00  0.00  0.00  0.00
 [77,]  0.00  0.00  0.00  0.00  0.00  0.00  0.00  0.00  0.00  0.00  0.00  0.00
 [78,]  0.00  0.00  0.00  0.00  0.00  0.00  0.00  0.00  0.00  0.00  0.00  0.00
 [79,]  0.00  0.00  0.00  0.00  0.00  0.00  0.00  0.00  0.00  0.00  0.00  0.00
 [80,]  0.00  0.00  0.00  0.00  0.00  0.00  0.00  0.00  0.00  0.00  0.00  0.00
 [81,]  0.00  0.00  0.00  0.00  0.00  0.00  0.00  0.00  0.00  0.00  0.00  0.00
 [82,]  0.00  0.00  0.00  0.00  0.00  0.00  0.00  0.00  0.00  0.00  0.00  0.00
 [83,]  0.00  0.00  0.00  0.00  0.00  0.00  0.00  0.00  0.00  0.00  0.00  0.00
 [84,]  0.00  0.00  0.00  0.00  0.00  0.00  0.00  0.00  0.00  0.00  0.00  0.00
 [85,]  0.00  0.00  0.00  0.00  0.00  0.00  0.00  0.00  0.00  0.00  0.00  0.00
 [86,]  0.01  0.00  0.00  0.00  0.00  0.00  0.00  0.00  0.00  0.00  0.00  0.00
 [87,]  0.00  0.01  0.00  0.00  0.00  0.00  0.00  0.00  0.00  0.00  0.00  0.00
 [88,]  0.00  0.00  0.01  0.00  0.00  0.00  0.00  0.00  0.00  0.00  0.00  0.00
 [89,]  0.00  0.00  0.00  0.01  0.00  0.00  0.00  0.00  0.00  0.00  0.00  0.00
 [90,]  0.00  0.00  0.00  0.00  0.01  0.00  0.00  0.00  0.00  0.00  0.00  0.00
 [91,]  0.00  0.00  0.00  0.00  0.00  0.01  0.00  0.00  0.00  0.00  0.00  0.00
 [92,]  0.00  0.00  0.00  0.00  0.00  0.00  0.01  0.00  0.00  0.00  0.00  0.00
 [93,]  0.00  0.00  0.00  0.00  0.00  0.00  0.00  0.01  0.00  0.00  0.00  0.00
 [94,]  0.00  0.00  0.00  0.00  0.00  0.00  0.00  0.00  0.01  0.00  0.00  0.00
 [95,]  0.00  0.00  0.00  0.00  0.00  0.00  0.00  0.00  0.00  0.01  0.00  0.00
 [96,]  0.00  0.00  0.00  0.00  0.00  0.00  0.00  0.00  0.00  0.00  0.01  0.00
 [97,]  0.00  0.00  0.00  0.00  0.00  0.00  0.00  0.00  0.00  0.00  0.00  0.01
 [98,]  0.00  0.00  0.00  0.00  0.00  0.00  0.00  0.00  0.00  0.00  0.00  0.00
 [99,]  0.00  0.00  0.00  0.00  0.00  0.00  0.00  0.00  0.00  0.00  0.00  0.00
[100,]  0.00  0.00  0.00  0.00  0.00  0.00  0.00  0.00  0.00  0.00  0.00  0.00
[101,]  0.00  0.00  0.00  0.00  0.00  0.00  0.00  0.00  0.00  0.00  0.00  0.00
[102,]  0.00  0.00  0.00  0.00  0.00  0.00  0.00  0.00  0.00  0.00  0.00  0.00
[103,]  0.00  0.00  0.00  0.00  0.00  0.00  0.00  0.00  0.00  0.00  0.00  0.00
[104,]  0.00  0.00  0.00  0.00  0.00  0.00  0.00  0.00  0.00  0.00  0.00  0.00
[105,]  0.00  0.00  0.00  0.00  0.00  0.00  0.00  0.00  0.00  0.00  0.00  0.00
[106,]  0.00  0.00  0.00  0.00  0.00  0.00  0.00  0.00  0.00  0.00  0.00  0.00
[107,]  0.00  0.00  0.00  0.00  0.00  0.00  0.00  0.00  0.00  0.00  0.00  0.00
[108,]  0.00  0.00  0.00  0.00  0.00  0.00  0.00  0.00  0.00  0.00  0.00  0.00
[109,]  0.00  0.00  0.00  0.00  0.00  0.00  0.00  0.00  0.00  0.00  0.00  0.00
[110,]  0.00  0.00  0.00  0.00  0.00  0.00  0.00  0.00  0.00  0.00  0.00  0.00
[111,]  0.00  0.00  0.00  0.00  0.00  0.00  0.00  0.00  0.00  0.00  0.00  0.00
[112,]  0.00  0.00  0.00  0.00  0.00  0.00  0.00  0.00  0.00  0.00  0.00  0.00
[113,]  0.00  0.00  0.00  0.00  0.00  0.00  0.00  0.00  0.00  0.00  0.00  0.00
[114,]  0.00  0.00  0.00  0.00  0.00  0.00  0.00  0.00  0.00  0.00  0.00  0.00
[115,]  0.00  0.00  0.00  0.00  0.00  0.00  0.00  0.00  0.00  0.00  0.00  0.00
[116,]  0.00  0.00  0.00  0.00  0.00  0.00  0.00  0.00  0.00  0.00  0.00  0.00
[117,]  0.00  0.00  0.00  0.00  0.00  0.00  0.00  0.00  0.00  0.00  0.00  0.00
[118,]  0.00  0.00  0.00  0.00  0.00  0.00  0.00  0.00  0.00  0.00  0.00  0.00
[119,]  0.00  0.00  0.00  0.00  0.00  0.00  0.00  0.00  0.00  0.00  0.00  0.00
[120,]  0.00  0.00  0.00  0.00  0.00  0.00  0.00  0.00  0.00  0.00  0.00  0.00
[121,]  0.00  0.00  0.00  0.00  0.00  0.00  0.00  0.00  0.00  0.00  0.00  0.00
[122,]  0.00  0.00  0.00  0.00  0.00  0.00  0.00  0.00  0.00  0.00  0.00  0.00
[123,]  0.00  0.00  0.00  0.00  0.00  0.00  0.00  0.00  0.00  0.00  0.00  0.00
[124,]  0.00  0.00  0.00  0.00  0.00  0.00  0.00  0.00  0.00  0.00  0.00  0.00
[125,]  0.00  0.00  0.00  0.00  0.00  0.00  0.00  0.00  0.00  0.00  0.00  0.00
[126,]  0.00  0.00  0.00  0.00  0.00  0.00  0.00  0.00  0.00  0.00  0.00  0.00
[127,]  0.00  0.00  0.00  0.00  0.00  0.00  0.00  0.00  0.00  0.00  0.00  0.00
[128,]  0.00  0.00  0.00  0.00  0.00  0.00  0.00  0.00  0.00  0.00  0.00  0.00
[129,]  0.00  0.00  0.00  0.00  0.00  0.00  0.00  0.00  0.00  0.00  0.00  0.00
[130,]  0.00  0.00  0.00  0.00  0.00  0.00  0.00  0.00  0.00  0.00  0.00  0.00
[131,]  0.00  0.00  0.00  0.00  0.00  0.00  0.00  0.00  0.00  0.00  0.00  0.00
[132,]  0.00  0.00  0.00  0.00  0.00  0.00  0.00  0.00  0.00  0.00  0.00  0.00
[133,]  0.00  0.00  0.00  0.00  0.00  0.00  0.00  0.00  0.00  0.00  0.00  0.00
[134,]  0.00  0.00  0.00  0.00  0.00  0.00  0.00  0.00  0.00  0.00  0.00  0.00
[135,]  0.00  0.00  0.00  0.00  0.00  0.00  0.00  0.00  0.00  0.00  0.00  0.00
[136,]  0.00  0.00  0.00  0.00  0.00  0.00  0.00  0.00  0.00  0.00  0.00  0.00
[137,]  0.00  0.00  0.00  0.00  0.00  0.00  0.00  0.00  0.00  0.00  0.00  0.00
[138,]  0.00  0.00  0.00  0.00  0.00  0.00  0.00  0.00  0.00  0.00  0.00  0.00
[139,]  0.00  0.00  0.00  0.00  0.00  0.00  0.00  0.00  0.00  0.00  0.00  0.00
[140,]  0.00  0.00  0.00  0.00  0.00  0.00  0.00  0.00  0.00  0.00  0.00  0.00
[141,]  0.00  0.00  0.00  0.00  0.00  0.00  0.00  0.00  0.00  0.00  0.00  0.00
[142,]  0.00  0.00  0.00  0.00  0.00  0.00  0.00  0.00  0.00  0.00  0.00  0.00
[143,]  0.00  0.00  0.00  0.00  0.00  0.00  0.00  0.00  0.00  0.00  0.00  0.00
[144,]  0.00  0.00  0.00  0.00  0.00  0.00  0.00  0.00  0.00  0.00  0.00  0.00
[145,]  0.00  0.00  0.00  0.00  0.00  0.00  0.00  0.00  0.00  0.00  0.00  0.00
[146,]  0.00  0.00  0.00  0.00  0.00  0.00  0.00  0.00  0.00  0.00  0.00  0.00
[147,]  0.00  0.00  0.00  0.00  0.00  0.00  0.00  0.00  0.00  0.00  0.00  0.00
[148,]  0.00  0.00  0.00  0.00  0.00  0.00  0.00  0.00  0.00  0.00  0.00  0.00
[149,]  0.00  0.00  0.00  0.00  0.00  0.00  0.00  0.00  0.00  0.00  0.00  0.00
[150,]  0.00  0.00  0.00  0.00  0.00  0.00  0.00  0.00  0.00  0.00  0.00  0.00
[151,]  0.00  0.00  0.00  0.00  0.00  0.00  0.00  0.00  0.00  0.00  0.00  0.00
[152,]  0.00  0.00  0.00  0.00  0.00  0.00  0.00  0.00  0.00  0.00  0.00  0.00
[153,]  0.00  0.00  0.00  0.00  0.00  0.00  0.00  0.00  0.00  0.00  0.00  0.00
[154,]  0.00  0.00  0.00  0.00  0.00  0.00  0.00  0.00  0.00  0.00  0.00  0.00
[155,]  0.00  0.00  0.00  0.00  0.00  0.00  0.00  0.00  0.00  0.00  0.00  0.00
[156,]  0.00  0.00  0.00  0.00  0.00  0.00  0.00  0.00  0.00  0.00  0.00  0.00
[157,]  0.00  0.00  0.00  0.00  0.00  0.00  0.00  0.00  0.00  0.00  0.00  0.00
[158,]  0.00  0.00  0.00  0.00  0.00  0.00  0.00  0.00  0.00  0.00  0.00  0.00
[159,]  0.00  0.00  0.00  0.00  0.00  0.00  0.00  0.00  0.00  0.00  0.00  0.00
[160,]  0.00  0.00  0.00  0.00  0.00  0.00  0.00  0.00  0.00  0.00  0.00  0.00
[161,]  0.00  0.00  0.00  0.00  0.00  0.00  0.00  0.00  0.00  0.00  0.00  0.00
[162,]  0.00  0.00  0.00  0.00  0.00  0.00  0.00  0.00  0.00  0.00  0.00  0.00
[163,]  0.00  0.00  0.00  0.00  0.00  0.00  0.00  0.00  0.00  0.00  0.00  0.00
[164,]  0.00  0.00  0.00  0.00  0.00  0.00  0.00  0.00  0.00  0.00  0.00  0.00
[165,]  0.00  0.00  0.00  0.00  0.00  0.00  0.00  0.00  0.00  0.00  0.00  0.00
[166,]  0.00  0.00  0.00  0.00  0.00  0.00  0.00  0.00  0.00  0.00  0.00  0.00
[167,]  0.00  0.00  0.00  0.00  0.00  0.00  0.00  0.00  0.00  0.00  0.00  0.00
[168,]  0.00  0.00  0.00  0.00  0.00  0.00  0.00  0.00  0.00  0.00  0.00  0.00
[169,]  0.00  0.00  0.00  0.00  0.00  0.00  0.00  0.00  0.00  0.00  0.00  0.00
[170,]  0.00  0.00  0.00  0.00  0.00  0.00  0.00  0.00  0.00  0.00  0.00  0.00
[171,]  0.00  0.00  0.00  0.00  0.00  0.00  0.00  0.00  0.00  0.00  0.00  0.00
[172,]  0.00  0.00  0.00  0.00  0.00  0.00  0.00  0.00  0.00  0.00  0.00  0.00
[173,]  0.00  0.00  0.00  0.00  0.00  0.00  0.00  0.00  0.00  0.00  0.00  0.00
[174,]  0.00  0.00  0.00  0.00  0.00  0.00  0.00  0.00  0.00  0.00  0.00  0.00
[175,]  0.00  0.00  0.00  0.00  0.00  0.00  0.00  0.00  0.00  0.00  0.00  0.00
[176,]  0.00  0.00  0.00  0.00  0.00  0.00  0.00  0.00  0.00  0.00  0.00  0.00
[177,]  0.00  0.00  0.00  0.00  0.00  0.00  0.00  0.00  0.00  0.00  0.00  0.00
[178,]  0.00  0.00  0.00  0.00  0.00  0.00  0.00  0.00  0.00  0.00  0.00  0.00
[179,]  0.00  0.00  0.00  0.00  0.00  0.00  0.00  0.00  0.00  0.00  0.00  0.00
[180,]  0.00  0.00  0.00  0.00  0.00  0.00  0.00  0.00  0.00  0.00  0.00  0.00
[181,]  0.00  0.00  0.00  0.00  0.00  0.00  0.00  0.00  0.00  0.00  0.00  0.00
[182,]  0.00  0.00  0.00  0.00  0.00  0.00  0.00  0.00  0.00  0.00  0.00  0.00
[183,]  0.00  0.00  0.00  0.00  0.00  0.00  0.00  0.00  0.00  0.00  0.00  0.00
[184,]  0.00  0.00  0.00  0.00  0.00  0.00  0.00  0.00  0.00  0.00  0.00  0.00
[185,]  0.00  0.00  0.00  0.00  0.00  0.00  0.00  0.00  0.00  0.00  0.00  0.00
[186,]  0.00  0.00  0.00  0.00  0.00  0.00  0.00  0.00  0.00  0.00  0.00  0.00
[187,]  0.00  0.00  0.00  0.00  0.00  0.00  0.00  0.00  0.00  0.00  0.00  0.00
[188,]  0.00  0.00  0.00  0.00  0.00  0.00  0.00  0.00  0.00  0.00  0.00  0.00
[189,]  0.00  0.00  0.00  0.00  0.00  0.00  0.00  0.00  0.00  0.00  0.00  0.00
[190,]  0.00  0.00  0.00  0.00  0.00  0.00  0.00  0.00  0.00  0.00  0.00  0.00
[191,]  0.00  0.00  0.00  0.00  0.00  0.00  0.00  0.00  0.00  0.00  0.00  0.00
[192,]  0.00  0.00  0.00  0.00  0.00  0.00  0.00  0.00  0.00  0.00  0.00  0.00
[193,]  0.00  0.00  0.00  0.00  0.00  0.00  0.00  0.00  0.00  0.00  0.00  0.00
[194,]  0.00  0.00  0.00  0.00  0.00  0.00  0.00  0.00  0.00  0.00  0.00  0.00
[195,]  0.00  0.00  0.00  0.00  0.00  0.00  0.00  0.00  0.00  0.00  0.00  0.00
[196,]  0.00  0.00  0.00  0.00  0.00  0.00  0.00  0.00  0.00  0.00  0.00  0.00
[197,]  0.00  0.00  0.00  0.00  0.00  0.00  0.00  0.00  0.00  0.00  0.00  0.00
[198,]  0.00  0.00  0.00  0.00  0.00  0.00  0.00  0.00  0.00  0.00  0.00  0.00
[199,]  0.00  0.00  0.00  0.00  0.00  0.00  0.00  0.00  0.00  0.00  0.00  0.00
[200,]  0.00  0.00  0.00  0.00  0.00  0.00  0.00  0.00  0.00  0.00  0.00  0.00
[201,]  0.00  0.00  0.00  0.00  0.00  0.00  0.00  0.00  0.00  0.00  0.00  0.00
[202,]  0.00  0.00  0.00  0.00  0.00  0.00  0.00  0.00  0.00  0.00  0.00  0.00
[203,]  0.00  0.00  0.00  0.00  0.00  0.00  0.00  0.00  0.00  0.00  0.00  0.00
[204,]  0.00  0.00  0.00  0.00  0.00  0.00  0.00  0.00  0.00  0.00  0.00  0.00
[205,]  0.00  0.00  0.00  0.00  0.00  0.00  0.00  0.00  0.00  0.00  0.00  0.00
[206,]  0.00  0.00  0.00  0.00  0.00  0.00  0.00  0.00  0.00  0.00  0.00  0.00
[207,]  0.00  0.00  0.00  0.00  0.00  0.00  0.00  0.00  0.00  0.00  0.00  0.00
[208,]  0.00  0.00  0.00  0.00  0.00  0.00  0.00  0.00  0.00  0.00  0.00  0.00
[209,]  0.00  0.00  0.00  0.00  0.00  0.00  0.00  0.00  0.00  0.00  0.00  0.00
[210,]  0.00  0.00  0.00  0.00  0.00  0.00  0.00  0.00  0.00  0.00  0.00  0.00
[211,]  0.00  0.00  0.00  0.00  0.00  0.00  0.00  0.00  0.00  0.00  0.00  0.00
[212,]  0.00  0.00  0.00  0.00  0.00  0.00  0.00  0.00  0.00  0.00  0.00  0.00
[213,]  0.00  0.00  0.00  0.00  0.00  0.00  0.00  0.00  0.00  0.00  0.00  0.00
[214,]  0.00  0.00  0.00  0.00  0.00  0.00  0.00  0.00  0.00  0.00  0.00  0.00
[215,]  0.00  0.00  0.00  0.00  0.00  0.00  0.00  0.00  0.00  0.00  0.00  0.00
[216,]  0.00  0.00  0.00  0.00  0.00  0.00  0.00  0.00  0.00  0.00  0.00  0.00
[217,]  0.00  0.00  0.00  0.00  0.00  0.00  0.00  0.00  0.00  0.00  0.00  0.00
[218,]  0.00  0.00  0.00  0.00  0.00  0.00  0.00  0.00  0.00  0.00  0.00  0.00
[219,]  0.00  0.00  0.00  0.00  0.00  0.00  0.00  0.00  0.00  0.00  0.00  0.00
[220,]  0.00  0.00  0.00  0.00  0.00  0.00  0.00  0.00  0.00  0.00  0.00  0.00
[221,]  0.00  0.00  0.00  0.00  0.00  0.00  0.00  0.00  0.00  0.00  0.00  0.00
[222,]  0.00  0.00  0.00  0.00  0.00  0.00  0.00  0.00  0.00  0.00  0.00  0.00
[223,]  0.00  0.00  0.00  0.00  0.00  0.00  0.00  0.00  0.00  0.00  0.00  0.00
[224,]  0.00  0.00  0.00  0.00  0.00  0.00  0.00  0.00  0.00  0.00  0.00  0.00
[225,]  0.00  0.00  0.00  0.00  0.00  0.00  0.00  0.00  0.00  0.00  0.00  0.00
[226,]  0.00  0.00  0.00  0.00  0.00  0.00  0.00  0.00  0.00  0.00  0.00  0.00
[227,]  0.00  0.00  0.00  0.00  0.00  0.00  0.00  0.00  0.00  0.00  0.00  0.00
[228,]  0.00  0.00  0.00  0.00  0.00  0.00  0.00  0.00  0.00  0.00  0.00  0.00
       [,98] [,99] [,100] [,101] [,102] [,103] [,104] [,105] [,106] [,107]
  [1,]  0.00  0.00   0.00   0.00   0.00   0.00   0.00   0.00   0.00   0.00
  [2,]  0.00  0.00   0.00   0.00   0.00   0.00   0.00   0.00   0.00   0.00
  [3,]  0.00  0.00   0.00   0.00   0.00   0.00   0.00   0.00   0.00   0.00
  [4,]  0.00  0.00   0.00   0.00   0.00   0.00   0.00   0.00   0.00   0.00
  [5,]  0.00  0.00   0.00   0.00   0.00   0.00   0.00   0.00   0.00   0.00
  [6,]  0.00  0.00   0.00   0.00   0.00   0.00   0.00   0.00   0.00   0.00
  [7,]  0.00  0.00   0.00   0.00   0.00   0.00   0.00   0.00   0.00   0.00
  [8,]  0.00  0.00   0.00   0.00   0.00   0.00   0.00   0.00   0.00   0.00
  [9,]  0.00  0.00   0.00   0.00   0.00   0.00   0.00   0.00   0.00   0.00
 [10,]  0.00  0.00   0.00   0.00   0.00   0.00   0.00   0.00   0.00   0.00
 [11,]  0.00  0.00   0.00   0.00   0.00   0.00   0.00   0.00   0.00   0.00
 [12,]  0.00  0.00   0.00   0.00   0.00   0.00   0.00   0.00   0.00   0.00
 [13,]  0.00  0.00   0.00   0.00   0.00   0.00   0.00   0.00   0.00   0.00
 [14,]  0.00  0.00   0.00   0.00   0.00   0.00   0.00   0.00   0.00   0.00
 [15,]  0.00  0.00   0.00   0.00   0.00   0.00   0.00   0.00   0.00   0.00
 [16,]  0.00  0.00   0.00   0.00   0.00   0.00   0.00   0.00   0.00   0.00
 [17,]  0.00  0.00   0.00   0.00   0.00   0.00   0.00   0.00   0.00   0.00
 [18,]  0.00  0.00   0.00   0.00   0.00   0.00   0.00   0.00   0.00   0.00
 [19,]  0.00  0.00   0.00   0.00   0.00   0.00   0.00   0.00   0.00   0.00
 [20,]  0.00  0.00   0.00   0.00   0.00   0.00   0.00   0.00   0.00   0.00
 [21,]  0.00  0.00   0.00   0.00   0.00   0.00   0.00   0.00   0.00   0.00
 [22,]  0.00  0.00   0.00   0.00   0.00   0.00   0.00   0.00   0.00   0.00
 [23,]  0.00  0.00   0.00   0.00   0.00   0.00   0.00   0.00   0.00   0.00
 [24,]  0.00  0.00   0.00   0.00   0.00   0.00   0.00   0.00   0.00   0.00
 [25,]  0.00  0.00   0.00   0.00   0.00   0.00   0.00   0.00   0.00   0.00
 [26,]  0.00  0.00   0.00   0.00   0.00   0.00   0.00   0.00   0.00   0.00
 [27,]  0.00  0.00   0.00   0.00   0.00   0.00   0.00   0.00   0.00   0.00
 [28,]  0.00  0.00   0.00   0.00   0.00   0.00   0.00   0.00   0.00   0.00
 [29,]  0.00  0.00   0.00   0.00   0.00   0.00   0.00   0.00   0.00   0.00
 [30,]  0.00  0.00   0.00   0.00   0.00   0.00   0.00   0.00   0.00   0.00
 [31,]  0.00  0.00   0.00   0.00   0.00   0.00   0.00   0.00   0.00   0.00
 [32,]  0.00  0.00   0.00   0.00   0.00   0.00   0.00   0.00   0.00   0.00
 [33,]  0.00  0.00   0.00   0.00   0.00   0.00   0.00   0.00   0.00   0.00
 [34,]  0.00  0.00   0.00   0.00   0.00   0.00   0.00   0.00   0.00   0.00
 [35,]  0.00  0.00   0.00   0.00   0.00   0.00   0.00   0.00   0.00   0.00
 [36,]  0.00  0.00   0.00   0.00   0.00   0.00   0.00   0.00   0.00   0.00
 [37,]  0.00  0.00   0.00   0.00   0.00   0.00   0.00   0.00   0.00   0.00
 [38,]  0.00  0.00   0.00   0.00   0.00   0.00   0.00   0.00   0.00   0.00
 [39,]  0.00  0.00   0.00   0.00   0.00   0.00   0.00   0.00   0.00   0.00
 [40,]  0.00  0.00   0.00   0.00   0.00   0.00   0.00   0.00   0.00   0.00
 [41,]  0.00  0.00   0.00   0.00   0.00   0.00   0.00   0.00   0.00   0.00
 [42,]  0.00  0.00   0.00   0.00   0.00   0.00   0.00   0.00   0.00   0.00
 [43,]  0.00  0.00   0.00   0.00   0.00   0.00   0.00   0.00   0.00   0.00
 [44,]  0.00  0.00   0.00   0.00   0.00   0.00   0.00   0.00   0.00   0.00
 [45,]  0.00  0.00   0.00   0.00   0.00   0.00   0.00   0.00   0.00   0.00
 [46,]  0.00  0.00   0.00   0.00   0.00   0.00   0.00   0.00   0.00   0.00
 [47,]  0.00  0.00   0.00   0.00   0.00   0.00   0.00   0.00   0.00   0.00
 [48,]  0.00  0.00   0.00   0.00   0.00   0.00   0.00   0.00   0.00   0.00
 [49,]  0.00  0.00   0.00   0.00   0.00   0.00   0.00   0.00   0.00   0.00
 [50,]  0.00  0.00   0.00   0.00   0.00   0.00   0.00   0.00   0.00   0.00
 [51,]  0.00  0.00   0.00   0.00   0.00   0.00   0.00   0.00   0.00   0.00
 [52,]  0.00  0.00   0.00   0.00   0.00   0.00   0.00   0.00   0.00   0.00
 [53,]  0.00  0.00   0.00   0.00   0.00   0.00   0.00   0.00   0.00   0.00
 [54,]  0.00  0.00   0.00   0.00   0.00   0.00   0.00   0.00   0.00   0.00
 [55,]  0.00  0.00   0.00   0.00   0.00   0.00   0.00   0.00   0.00   0.00
 [56,]  0.00  0.00   0.00   0.00   0.00   0.00   0.00   0.00   0.00   0.00
 [57,]  0.00  0.00   0.00   0.00   0.00   0.00   0.00   0.00   0.00   0.00
 [58,]  0.00  0.00   0.00   0.00   0.00   0.00   0.00   0.00   0.00   0.00
 [59,]  0.00  0.00   0.00   0.00   0.00   0.00   0.00   0.00   0.00   0.00
 [60,]  0.00  0.00   0.00   0.00   0.00   0.00   0.00   0.00   0.00   0.00
 [61,]  0.00  0.00   0.00   0.00   0.00   0.00   0.00   0.00   0.00   0.00
 [62,]  0.00  0.00   0.00   0.00   0.00   0.00   0.00   0.00   0.00   0.00
 [63,]  0.00  0.00   0.00   0.00   0.00   0.00   0.00   0.00   0.00   0.00
 [64,]  0.00  0.00   0.00   0.00   0.00   0.00   0.00   0.00   0.00   0.00
 [65,]  0.00  0.00   0.00   0.00   0.00   0.00   0.00   0.00   0.00   0.00
 [66,]  0.00  0.00   0.00   0.00   0.00   0.00   0.00   0.00   0.00   0.00
 [67,]  0.00  0.00   0.00   0.00   0.00   0.00   0.00   0.00   0.00   0.00
 [68,]  0.00  0.00   0.00   0.00   0.00   0.00   0.00   0.00   0.00   0.00
 [69,]  0.00  0.00   0.00   0.00   0.00   0.00   0.00   0.00   0.00   0.00
 [70,]  0.00  0.00   0.00   0.00   0.00   0.00   0.00   0.00   0.00   0.00
 [71,]  0.00  0.00   0.00   0.00   0.00   0.00   0.00   0.00   0.00   0.00
 [72,]  0.00  0.00   0.00   0.00   0.00   0.00   0.00   0.00   0.00   0.00
 [73,]  0.00  0.00   0.00   0.00   0.00   0.00   0.00   0.00   0.00   0.00
 [74,]  0.00  0.00   0.00   0.00   0.00   0.00   0.00   0.00   0.00   0.00
 [75,]  0.00  0.00   0.00   0.00   0.00   0.00   0.00   0.00   0.00   0.00
 [76,]  0.00  0.00   0.00   0.00   0.00   0.00   0.00   0.00   0.00   0.00
 [77,]  0.00  0.00   0.00   0.00   0.00   0.00   0.00   0.00   0.00   0.00
 [78,]  0.00  0.00   0.00   0.00   0.00   0.00   0.00   0.00   0.00   0.00
 [79,]  0.00  0.00   0.00   0.00   0.00   0.00   0.00   0.00   0.00   0.00
 [80,]  0.00  0.00   0.00   0.00   0.00   0.00   0.00   0.00   0.00   0.00
 [81,]  0.00  0.00   0.00   0.00   0.00   0.00   0.00   0.00   0.00   0.00
 [82,]  0.00  0.00   0.00   0.00   0.00   0.00   0.00   0.00   0.00   0.00
 [83,]  0.00  0.00   0.00   0.00   0.00   0.00   0.00   0.00   0.00   0.00
 [84,]  0.00  0.00   0.00   0.00   0.00   0.00   0.00   0.00   0.00   0.00
 [85,]  0.00  0.00   0.00   0.00   0.00   0.00   0.00   0.00   0.00   0.00
 [86,]  0.00  0.00   0.00   0.00   0.00   0.00   0.00   0.00   0.00   0.00
 [87,]  0.00  0.00   0.00   0.00   0.00   0.00   0.00   0.00   0.00   0.00
 [88,]  0.00  0.00   0.00   0.00   0.00   0.00   0.00   0.00   0.00   0.00
 [89,]  0.00  0.00   0.00   0.00   0.00   0.00   0.00   0.00   0.00   0.00
 [90,]  0.00  0.00   0.00   0.00   0.00   0.00   0.00   0.00   0.00   0.00
 [91,]  0.00  0.00   0.00   0.00   0.00   0.00   0.00   0.00   0.00   0.00
 [92,]  0.00  0.00   0.00   0.00   0.00   0.00   0.00   0.00   0.00   0.00
 [93,]  0.00  0.00   0.00   0.00   0.00   0.00   0.00   0.00   0.00   0.00
 [94,]  0.00  0.00   0.00   0.00   0.00   0.00   0.00   0.00   0.00   0.00
 [95,]  0.00  0.00   0.00   0.00   0.00   0.00   0.00   0.00   0.00   0.00
 [96,]  0.00  0.00   0.00   0.00   0.00   0.00   0.00   0.00   0.00   0.00
 [97,]  0.00  0.00   0.00   0.00   0.00   0.00   0.00   0.00   0.00   0.00
 [98,]  0.01  0.00   0.00   0.00   0.00   0.00   0.00   0.00   0.00   0.00
 [99,]  0.00  0.01   0.00   0.00   0.00   0.00   0.00   0.00   0.00   0.00
[100,]  0.00  0.00   0.01   0.00   0.00   0.00   0.00   0.00   0.00   0.00
[101,]  0.00  0.00   0.00   0.01   0.00   0.00   0.00   0.00   0.00   0.00
[102,]  0.00  0.00   0.00   0.00   0.01   0.00   0.00   0.00   0.00   0.00
[103,]  0.00  0.00   0.00   0.00   0.00   0.01   0.00   0.00   0.00   0.00
[104,]  0.00  0.00   0.00   0.00   0.00   0.00   0.01   0.00   0.00   0.00
[105,]  0.00  0.00   0.00   0.00   0.00   0.00   0.00   0.01   0.00   0.00
[106,]  0.00  0.00   0.00   0.00   0.00   0.00   0.00   0.00   0.01   0.00
[107,]  0.00  0.00   0.00   0.00   0.00   0.00   0.00   0.00   0.00   0.01
[108,]  0.00  0.00   0.00   0.00   0.00   0.00   0.00   0.00   0.00   0.00
[109,]  0.00  0.00   0.00   0.00   0.00   0.00   0.00   0.00   0.00   0.00
[110,]  0.00  0.00   0.00   0.00   0.00   0.00   0.00   0.00   0.00   0.00
[111,]  0.00  0.00   0.00   0.00   0.00   0.00   0.00   0.00   0.00   0.00
[112,]  0.00  0.00   0.00   0.00   0.00   0.00   0.00   0.00   0.00   0.00
[113,]  0.00  0.00   0.00   0.00   0.00   0.00   0.00   0.00   0.00   0.00
[114,]  0.00  0.00   0.00   0.00   0.00   0.00   0.00   0.00   0.00   0.00
[115,]  0.00  0.00   0.00   0.00   0.00   0.00   0.00   0.00   0.00   0.00
[116,]  0.00  0.00   0.00   0.00   0.00   0.00   0.00   0.00   0.00   0.00
[117,]  0.00  0.00   0.00   0.00   0.00   0.00   0.00   0.00   0.00   0.00
[118,]  0.00  0.00   0.00   0.00   0.00   0.00   0.00   0.00   0.00   0.00
[119,]  0.00  0.00   0.00   0.00   0.00   0.00   0.00   0.00   0.00   0.00
[120,]  0.00  0.00   0.00   0.00   0.00   0.00   0.00   0.00   0.00   0.00
[121,]  0.00  0.00   0.00   0.00   0.00   0.00   0.00   0.00   0.00   0.00
[122,]  0.00  0.00   0.00   0.00   0.00   0.00   0.00   0.00   0.00   0.00
[123,]  0.00  0.00   0.00   0.00   0.00   0.00   0.00   0.00   0.00   0.00
[124,]  0.00  0.00   0.00   0.00   0.00   0.00   0.00   0.00   0.00   0.00
[125,]  0.00  0.00   0.00   0.00   0.00   0.00   0.00   0.00   0.00   0.00
[126,]  0.00  0.00   0.00   0.00   0.00   0.00   0.00   0.00   0.00   0.00
[127,]  0.00  0.00   0.00   0.00   0.00   0.00   0.00   0.00   0.00   0.00
[128,]  0.00  0.00   0.00   0.00   0.00   0.00   0.00   0.00   0.00   0.00
[129,]  0.00  0.00   0.00   0.00   0.00   0.00   0.00   0.00   0.00   0.00
[130,]  0.00  0.00   0.00   0.00   0.00   0.00   0.00   0.00   0.00   0.00
[131,]  0.00  0.00   0.00   0.00   0.00   0.00   0.00   0.00   0.00   0.00
[132,]  0.00  0.00   0.00   0.00   0.00   0.00   0.00   0.00   0.00   0.00
[133,]  0.00  0.00   0.00   0.00   0.00   0.00   0.00   0.00   0.00   0.00
[134,]  0.00  0.00   0.00   0.00   0.00   0.00   0.00   0.00   0.00   0.00
[135,]  0.00  0.00   0.00   0.00   0.00   0.00   0.00   0.00   0.00   0.00
[136,]  0.00  0.00   0.00   0.00   0.00   0.00   0.00   0.00   0.00   0.00
[137,]  0.00  0.00   0.00   0.00   0.00   0.00   0.00   0.00   0.00   0.00
[138,]  0.00  0.00   0.00   0.00   0.00   0.00   0.00   0.00   0.00   0.00
[139,]  0.00  0.00   0.00   0.00   0.00   0.00   0.00   0.00   0.00   0.00
[140,]  0.00  0.00   0.00   0.00   0.00   0.00   0.00   0.00   0.00   0.00
[141,]  0.00  0.00   0.00   0.00   0.00   0.00   0.00   0.00   0.00   0.00
[142,]  0.00  0.00   0.00   0.00   0.00   0.00   0.00   0.00   0.00   0.00
[143,]  0.00  0.00   0.00   0.00   0.00   0.00   0.00   0.00   0.00   0.00
[144,]  0.00  0.00   0.00   0.00   0.00   0.00   0.00   0.00   0.00   0.00
[145,]  0.00  0.00   0.00   0.00   0.00   0.00   0.00   0.00   0.00   0.00
[146,]  0.00  0.00   0.00   0.00   0.00   0.00   0.00   0.00   0.00   0.00
[147,]  0.00  0.00   0.00   0.00   0.00   0.00   0.00   0.00   0.00   0.00
[148,]  0.00  0.00   0.00   0.00   0.00   0.00   0.00   0.00   0.00   0.00
[149,]  0.00  0.00   0.00   0.00   0.00   0.00   0.00   0.00   0.00   0.00
[150,]  0.00  0.00   0.00   0.00   0.00   0.00   0.00   0.00   0.00   0.00
[151,]  0.00  0.00   0.00   0.00   0.00   0.00   0.00   0.00   0.00   0.00
[152,]  0.00  0.00   0.00   0.00   0.00   0.00   0.00   0.00   0.00   0.00
[153,]  0.00  0.00   0.00   0.00   0.00   0.00   0.00   0.00   0.00   0.00
[154,]  0.00  0.00   0.00   0.00   0.00   0.00   0.00   0.00   0.00   0.00
[155,]  0.00  0.00   0.00   0.00   0.00   0.00   0.00   0.00   0.00   0.00
[156,]  0.00  0.00   0.00   0.00   0.00   0.00   0.00   0.00   0.00   0.00
[157,]  0.00  0.00   0.00   0.00   0.00   0.00   0.00   0.00   0.00   0.00
[158,]  0.00  0.00   0.00   0.00   0.00   0.00   0.00   0.00   0.00   0.00
[159,]  0.00  0.00   0.00   0.00   0.00   0.00   0.00   0.00   0.00   0.00
[160,]  0.00  0.00   0.00   0.00   0.00   0.00   0.00   0.00   0.00   0.00
[161,]  0.00  0.00   0.00   0.00   0.00   0.00   0.00   0.00   0.00   0.00
[162,]  0.00  0.00   0.00   0.00   0.00   0.00   0.00   0.00   0.00   0.00
[163,]  0.00  0.00   0.00   0.00   0.00   0.00   0.00   0.00   0.00   0.00
[164,]  0.00  0.00   0.00   0.00   0.00   0.00   0.00   0.00   0.00   0.00
[165,]  0.00  0.00   0.00   0.00   0.00   0.00   0.00   0.00   0.00   0.00
[166,]  0.00  0.00   0.00   0.00   0.00   0.00   0.00   0.00   0.00   0.00
[167,]  0.00  0.00   0.00   0.00   0.00   0.00   0.00   0.00   0.00   0.00
[168,]  0.00  0.00   0.00   0.00   0.00   0.00   0.00   0.00   0.00   0.00
[169,]  0.00  0.00   0.00   0.00   0.00   0.00   0.00   0.00   0.00   0.00
[170,]  0.00  0.00   0.00   0.00   0.00   0.00   0.00   0.00   0.00   0.00
[171,]  0.00  0.00   0.00   0.00   0.00   0.00   0.00   0.00   0.00   0.00
[172,]  0.00  0.00   0.00   0.00   0.00   0.00   0.00   0.00   0.00   0.00
[173,]  0.00  0.00   0.00   0.00   0.00   0.00   0.00   0.00   0.00   0.00
[174,]  0.00  0.00   0.00   0.00   0.00   0.00   0.00   0.00   0.00   0.00
[175,]  0.00  0.00   0.00   0.00   0.00   0.00   0.00   0.00   0.00   0.00
[176,]  0.00  0.00   0.00   0.00   0.00   0.00   0.00   0.00   0.00   0.00
[177,]  0.00  0.00   0.00   0.00   0.00   0.00   0.00   0.00   0.00   0.00
[178,]  0.00  0.00   0.00   0.00   0.00   0.00   0.00   0.00   0.00   0.00
[179,]  0.00  0.00   0.00   0.00   0.00   0.00   0.00   0.00   0.00   0.00
[180,]  0.00  0.00   0.00   0.00   0.00   0.00   0.00   0.00   0.00   0.00
[181,]  0.00  0.00   0.00   0.00   0.00   0.00   0.00   0.00   0.00   0.00
[182,]  0.00  0.00   0.00   0.00   0.00   0.00   0.00   0.00   0.00   0.00
[183,]  0.00  0.00   0.00   0.00   0.00   0.00   0.00   0.00   0.00   0.00
[184,]  0.00  0.00   0.00   0.00   0.00   0.00   0.00   0.00   0.00   0.00
[185,]  0.00  0.00   0.00   0.00   0.00   0.00   0.00   0.00   0.00   0.00
[186,]  0.00  0.00   0.00   0.00   0.00   0.00   0.00   0.00   0.00   0.00
[187,]  0.00  0.00   0.00   0.00   0.00   0.00   0.00   0.00   0.00   0.00
[188,]  0.00  0.00   0.00   0.00   0.00   0.00   0.00   0.00   0.00   0.00
[189,]  0.00  0.00   0.00   0.00   0.00   0.00   0.00   0.00   0.00   0.00
[190,]  0.00  0.00   0.00   0.00   0.00   0.00   0.00   0.00   0.00   0.00
[191,]  0.00  0.00   0.00   0.00   0.00   0.00   0.00   0.00   0.00   0.00
[192,]  0.00  0.00   0.00   0.00   0.00   0.00   0.00   0.00   0.00   0.00
[193,]  0.00  0.00   0.00   0.00   0.00   0.00   0.00   0.00   0.00   0.00
[194,]  0.00  0.00   0.00   0.00   0.00   0.00   0.00   0.00   0.00   0.00
[195,]  0.00  0.00   0.00   0.00   0.00   0.00   0.00   0.00   0.00   0.00
[196,]  0.00  0.00   0.00   0.00   0.00   0.00   0.00   0.00   0.00   0.00
[197,]  0.00  0.00   0.00   0.00   0.00   0.00   0.00   0.00   0.00   0.00
[198,]  0.00  0.00   0.00   0.00   0.00   0.00   0.00   0.00   0.00   0.00
[199,]  0.00  0.00   0.00   0.00   0.00   0.00   0.00   0.00   0.00   0.00
[200,]  0.00  0.00   0.00   0.00   0.00   0.00   0.00   0.00   0.00   0.00
[201,]  0.00  0.00   0.00   0.00   0.00   0.00   0.00   0.00   0.00   0.00
[202,]  0.00  0.00   0.00   0.00   0.00   0.00   0.00   0.00   0.00   0.00
[203,]  0.00  0.00   0.00   0.00   0.00   0.00   0.00   0.00   0.00   0.00
[204,]  0.00  0.00   0.00   0.00   0.00   0.00   0.00   0.00   0.00   0.00
[205,]  0.00  0.00   0.00   0.00   0.00   0.00   0.00   0.00   0.00   0.00
[206,]  0.00  0.00   0.00   0.00   0.00   0.00   0.00   0.00   0.00   0.00
[207,]  0.00  0.00   0.00   0.00   0.00   0.00   0.00   0.00   0.00   0.00
[208,]  0.00  0.00   0.00   0.00   0.00   0.00   0.00   0.00   0.00   0.00
[209,]  0.00  0.00   0.00   0.00   0.00   0.00   0.00   0.00   0.00   0.00
[210,]  0.00  0.00   0.00   0.00   0.00   0.00   0.00   0.00   0.00   0.00
[211,]  0.00  0.00   0.00   0.00   0.00   0.00   0.00   0.00   0.00   0.00
[212,]  0.00  0.00   0.00   0.00   0.00   0.00   0.00   0.00   0.00   0.00
[213,]  0.00  0.00   0.00   0.00   0.00   0.00   0.00   0.00   0.00   0.00
[214,]  0.00  0.00   0.00   0.00   0.00   0.00   0.00   0.00   0.00   0.00
[215,]  0.00  0.00   0.00   0.00   0.00   0.00   0.00   0.00   0.00   0.00
[216,]  0.00  0.00   0.00   0.00   0.00   0.00   0.00   0.00   0.00   0.00
[217,]  0.00  0.00   0.00   0.00   0.00   0.00   0.00   0.00   0.00   0.00
[218,]  0.00  0.00   0.00   0.00   0.00   0.00   0.00   0.00   0.00   0.00
[219,]  0.00  0.00   0.00   0.00   0.00   0.00   0.00   0.00   0.00   0.00
[220,]  0.00  0.00   0.00   0.00   0.00   0.00   0.00   0.00   0.00   0.00
[221,]  0.00  0.00   0.00   0.00   0.00   0.00   0.00   0.00   0.00   0.00
[222,]  0.00  0.00   0.00   0.00   0.00   0.00   0.00   0.00   0.00   0.00
[223,]  0.00  0.00   0.00   0.00   0.00   0.00   0.00   0.00   0.00   0.00
[224,]  0.00  0.00   0.00   0.00   0.00   0.00   0.00   0.00   0.00   0.00
[225,]  0.00  0.00   0.00   0.00   0.00   0.00   0.00   0.00   0.00   0.00
[226,]  0.00  0.00   0.00   0.00   0.00   0.00   0.00   0.00   0.00   0.00
[227,]  0.00  0.00   0.00   0.00   0.00   0.00   0.00   0.00   0.00   0.00
[228,]  0.00  0.00   0.00   0.00   0.00   0.00   0.00   0.00   0.00   0.00
       [,108] [,109] [,110] [,111] [,112] [,113] [,114] [,115] [,116] [,117]
  [1,]   0.00   0.00   0.00   0.00   0.00   0.00   0.00   0.00   0.00   0.00
  [2,]   0.00   0.00   0.00   0.00   0.00   0.00   0.00   0.00   0.00   0.00
  [3,]   0.00   0.00   0.00   0.00   0.00   0.00   0.00   0.00   0.00   0.00
  [4,]   0.00   0.00   0.00   0.00   0.00   0.00   0.00   0.00   0.00   0.00
  [5,]   0.00   0.00   0.00   0.00   0.00   0.00   0.00   0.00   0.00   0.00
  [6,]   0.00   0.00   0.00   0.00   0.00   0.00   0.00   0.00   0.00   0.00
  [7,]   0.00   0.00   0.00   0.00   0.00   0.00   0.00   0.00   0.00   0.00
  [8,]   0.00   0.00   0.00   0.00   0.00   0.00   0.00   0.00   0.00   0.00
  [9,]   0.00   0.00   0.00   0.00   0.00   0.00   0.00   0.00   0.00   0.00
 [10,]   0.00   0.00   0.00   0.00   0.00   0.00   0.00   0.00   0.00   0.00
 [11,]   0.00   0.00   0.00   0.00   0.00   0.00   0.00   0.00   0.00   0.00
 [12,]   0.00   0.00   0.00   0.00   0.00   0.00   0.00   0.00   0.00   0.00
 [13,]   0.00   0.00   0.00   0.00   0.00   0.00   0.00   0.00   0.00   0.00
 [14,]   0.00   0.00   0.00   0.00   0.00   0.00   0.00   0.00   0.00   0.00
 [15,]   0.00   0.00   0.00   0.00   0.00   0.00   0.00   0.00   0.00   0.00
 [16,]   0.00   0.00   0.00   0.00   0.00   0.00   0.00   0.00   0.00   0.00
 [17,]   0.00   0.00   0.00   0.00   0.00   0.00   0.00   0.00   0.00   0.00
 [18,]   0.00   0.00   0.00   0.00   0.00   0.00   0.00   0.00   0.00   0.00
 [19,]   0.00   0.00   0.00   0.00   0.00   0.00   0.00   0.00   0.00   0.00
 [20,]   0.00   0.00   0.00   0.00   0.00   0.00   0.00   0.00   0.00   0.00
 [21,]   0.00   0.00   0.00   0.00   0.00   0.00   0.00   0.00   0.00   0.00
 [22,]   0.00   0.00   0.00   0.00   0.00   0.00   0.00   0.00   0.00   0.00
 [23,]   0.00   0.00   0.00   0.00   0.00   0.00   0.00   0.00   0.00   0.00
 [24,]   0.00   0.00   0.00   0.00   0.00   0.00   0.00   0.00   0.00   0.00
 [25,]   0.00   0.00   0.00   0.00   0.00   0.00   0.00   0.00   0.00   0.00
 [26,]   0.00   0.00   0.00   0.00   0.00   0.00   0.00   0.00   0.00   0.00
 [27,]   0.00   0.00   0.00   0.00   0.00   0.00   0.00   0.00   0.00   0.00
 [28,]   0.00   0.00   0.00   0.00   0.00   0.00   0.00   0.00   0.00   0.00
 [29,]   0.00   0.00   0.00   0.00   0.00   0.00   0.00   0.00   0.00   0.00
 [30,]   0.00   0.00   0.00   0.00   0.00   0.00   0.00   0.00   0.00   0.00
 [31,]   0.00   0.00   0.00   0.00   0.00   0.00   0.00   0.00   0.00   0.00
 [32,]   0.00   0.00   0.00   0.00   0.00   0.00   0.00   0.00   0.00   0.00
 [33,]   0.00   0.00   0.00   0.00   0.00   0.00   0.00   0.00   0.00   0.00
 [34,]   0.00   0.00   0.00   0.00   0.00   0.00   0.00   0.00   0.00   0.00
 [35,]   0.00   0.00   0.00   0.00   0.00   0.00   0.00   0.00   0.00   0.00
 [36,]   0.00   0.00   0.00   0.00   0.00   0.00   0.00   0.00   0.00   0.00
 [37,]   0.00   0.00   0.00   0.00   0.00   0.00   0.00   0.00   0.00   0.00
 [38,]   0.00   0.00   0.00   0.00   0.00   0.00   0.00   0.00   0.00   0.00
 [39,]   0.00   0.00   0.00   0.00   0.00   0.00   0.00   0.00   0.00   0.00
 [40,]   0.00   0.00   0.00   0.00   0.00   0.00   0.00   0.00   0.00   0.00
 [41,]   0.00   0.00   0.00   0.00   0.00   0.00   0.00   0.00   0.00   0.00
 [42,]   0.00   0.00   0.00   0.00   0.00   0.00   0.00   0.00   0.00   0.00
 [43,]   0.00   0.00   0.00   0.00   0.00   0.00   0.00   0.00   0.00   0.00
 [44,]   0.00   0.00   0.00   0.00   0.00   0.00   0.00   0.00   0.00   0.00
 [45,]   0.00   0.00   0.00   0.00   0.00   0.00   0.00   0.00   0.00   0.00
 [46,]   0.00   0.00   0.00   0.00   0.00   0.00   0.00   0.00   0.00   0.00
 [47,]   0.00   0.00   0.00   0.00   0.00   0.00   0.00   0.00   0.00   0.00
 [48,]   0.00   0.00   0.00   0.00   0.00   0.00   0.00   0.00   0.00   0.00
 [49,]   0.00   0.00   0.00   0.00   0.00   0.00   0.00   0.00   0.00   0.00
 [50,]   0.00   0.00   0.00   0.00   0.00   0.00   0.00   0.00   0.00   0.00
 [51,]   0.00   0.00   0.00   0.00   0.00   0.00   0.00   0.00   0.00   0.00
 [52,]   0.00   0.00   0.00   0.00   0.00   0.00   0.00   0.00   0.00   0.00
 [53,]   0.00   0.00   0.00   0.00   0.00   0.00   0.00   0.00   0.00   0.00
 [54,]   0.00   0.00   0.00   0.00   0.00   0.00   0.00   0.00   0.00   0.00
 [55,]   0.00   0.00   0.00   0.00   0.00   0.00   0.00   0.00   0.00   0.00
 [56,]   0.00   0.00   0.00   0.00   0.00   0.00   0.00   0.00   0.00   0.00
 [57,]   0.00   0.00   0.00   0.00   0.00   0.00   0.00   0.00   0.00   0.00
 [58,]   0.00   0.00   0.00   0.00   0.00   0.00   0.00   0.00   0.00   0.00
 [59,]   0.00   0.00   0.00   0.00   0.00   0.00   0.00   0.00   0.00   0.00
 [60,]   0.00   0.00   0.00   0.00   0.00   0.00   0.00   0.00   0.00   0.00
 [61,]   0.00   0.00   0.00   0.00   0.00   0.00   0.00   0.00   0.00   0.00
 [62,]   0.00   0.00   0.00   0.00   0.00   0.00   0.00   0.00   0.00   0.00
 [63,]   0.00   0.00   0.00   0.00   0.00   0.00   0.00   0.00   0.00   0.00
 [64,]   0.00   0.00   0.00   0.00   0.00   0.00   0.00   0.00   0.00   0.00
 [65,]   0.00   0.00   0.00   0.00   0.00   0.00   0.00   0.00   0.00   0.00
 [66,]   0.00   0.00   0.00   0.00   0.00   0.00   0.00   0.00   0.00   0.00
 [67,]   0.00   0.00   0.00   0.00   0.00   0.00   0.00   0.00   0.00   0.00
 [68,]   0.00   0.00   0.00   0.00   0.00   0.00   0.00   0.00   0.00   0.00
 [69,]   0.00   0.00   0.00   0.00   0.00   0.00   0.00   0.00   0.00   0.00
 [70,]   0.00   0.00   0.00   0.00   0.00   0.00   0.00   0.00   0.00   0.00
 [71,]   0.00   0.00   0.00   0.00   0.00   0.00   0.00   0.00   0.00   0.00
 [72,]   0.00   0.00   0.00   0.00   0.00   0.00   0.00   0.00   0.00   0.00
 [73,]   0.00   0.00   0.00   0.00   0.00   0.00   0.00   0.00   0.00   0.00
 [74,]   0.00   0.00   0.00   0.00   0.00   0.00   0.00   0.00   0.00   0.00
 [75,]   0.00   0.00   0.00   0.00   0.00   0.00   0.00   0.00   0.00   0.00
 [76,]   0.00   0.00   0.00   0.00   0.00   0.00   0.00   0.00   0.00   0.00
 [77,]   0.00   0.00   0.00   0.00   0.00   0.00   0.00   0.00   0.00   0.00
 [78,]   0.00   0.00   0.00   0.00   0.00   0.00   0.00   0.00   0.00   0.00
 [79,]   0.00   0.00   0.00   0.00   0.00   0.00   0.00   0.00   0.00   0.00
 [80,]   0.00   0.00   0.00   0.00   0.00   0.00   0.00   0.00   0.00   0.00
 [81,]   0.00   0.00   0.00   0.00   0.00   0.00   0.00   0.00   0.00   0.00
 [82,]   0.00   0.00   0.00   0.00   0.00   0.00   0.00   0.00   0.00   0.00
 [83,]   0.00   0.00   0.00   0.00   0.00   0.00   0.00   0.00   0.00   0.00
 [84,]   0.00   0.00   0.00   0.00   0.00   0.00   0.00   0.00   0.00   0.00
 [85,]   0.00   0.00   0.00   0.00   0.00   0.00   0.00   0.00   0.00   0.00
 [86,]   0.00   0.00   0.00   0.00   0.00   0.00   0.00   0.00   0.00   0.00
 [87,]   0.00   0.00   0.00   0.00   0.00   0.00   0.00   0.00   0.00   0.00
 [88,]   0.00   0.00   0.00   0.00   0.00   0.00   0.00   0.00   0.00   0.00
 [89,]   0.00   0.00   0.00   0.00   0.00   0.00   0.00   0.00   0.00   0.00
 [90,]   0.00   0.00   0.00   0.00   0.00   0.00   0.00   0.00   0.00   0.00
 [91,]   0.00   0.00   0.00   0.00   0.00   0.00   0.00   0.00   0.00   0.00
 [92,]   0.00   0.00   0.00   0.00   0.00   0.00   0.00   0.00   0.00   0.00
 [93,]   0.00   0.00   0.00   0.00   0.00   0.00   0.00   0.00   0.00   0.00
 [94,]   0.00   0.00   0.00   0.00   0.00   0.00   0.00   0.00   0.00   0.00
 [95,]   0.00   0.00   0.00   0.00   0.00   0.00   0.00   0.00   0.00   0.00
 [96,]   0.00   0.00   0.00   0.00   0.00   0.00   0.00   0.00   0.00   0.00
 [97,]   0.00   0.00   0.00   0.00   0.00   0.00   0.00   0.00   0.00   0.00
 [98,]   0.00   0.00   0.00   0.00   0.00   0.00   0.00   0.00   0.00   0.00
 [99,]   0.00   0.00   0.00   0.00   0.00   0.00   0.00   0.00   0.00   0.00
[100,]   0.00   0.00   0.00   0.00   0.00   0.00   0.00   0.00   0.00   0.00
[101,]   0.00   0.00   0.00   0.00   0.00   0.00   0.00   0.00   0.00   0.00
[102,]   0.00   0.00   0.00   0.00   0.00   0.00   0.00   0.00   0.00   0.00
[103,]   0.00   0.00   0.00   0.00   0.00   0.00   0.00   0.00   0.00   0.00
[104,]   0.00   0.00   0.00   0.00   0.00   0.00   0.00   0.00   0.00   0.00
[105,]   0.00   0.00   0.00   0.00   0.00   0.00   0.00   0.00   0.00   0.00
[106,]   0.00   0.00   0.00   0.00   0.00   0.00   0.00   0.00   0.00   0.00
[107,]   0.00   0.00   0.00   0.00   0.00   0.00   0.00   0.00   0.00   0.00
[108,]   0.01   0.00   0.00   0.00   0.00   0.00   0.00   0.00   0.00   0.00
[109,]   0.00   0.01   0.00   0.00   0.00   0.00   0.00   0.00   0.00   0.00
[110,]   0.00   0.00   0.01   0.00   0.00   0.00   0.00   0.00   0.00   0.00
[111,]   0.00   0.00   0.00   0.01   0.00   0.00   0.00   0.00   0.00   0.00
[112,]   0.00   0.00   0.00   0.00   0.01   0.00   0.00   0.00   0.00   0.00
[113,]   0.00   0.00   0.00   0.00   0.00   0.01   0.00   0.00   0.00   0.00
[114,]   0.00   0.00   0.00   0.00   0.00   0.00   0.01   0.00   0.00   0.00
[115,]   0.00   0.00   0.00   0.00   0.00   0.00   0.00   0.01   0.00   0.00
[116,]   0.00   0.00   0.00   0.00   0.00   0.00   0.00   0.00   0.01   0.00
[117,]   0.00   0.00   0.00   0.00   0.00   0.00   0.00   0.00   0.00   0.01
[118,]   0.00   0.00   0.00   0.00   0.00   0.00   0.00   0.00   0.00   0.00
[119,]   0.00   0.00   0.00   0.00   0.00   0.00   0.00   0.00   0.00   0.00
[120,]   0.00   0.00   0.00   0.00   0.00   0.00   0.00   0.00   0.00   0.00
[121,]   0.00   0.00   0.00   0.00   0.00   0.00   0.00   0.00   0.00   0.00
[122,]   0.00   0.00   0.00   0.00   0.00   0.00   0.00   0.00   0.00   0.00
[123,]   0.00   0.00   0.00   0.00   0.00   0.00   0.00   0.00   0.00   0.00
[124,]   0.00   0.00   0.00   0.00   0.00   0.00   0.00   0.00   0.00   0.00
[125,]   0.00   0.00   0.00   0.00   0.00   0.00   0.00   0.00   0.00   0.00
[126,]   0.00   0.00   0.00   0.00   0.00   0.00   0.00   0.00   0.00   0.00
[127,]   0.00   0.00   0.00   0.00   0.00   0.00   0.00   0.00   0.00   0.00
[128,]   0.00   0.00   0.00   0.00   0.00   0.00   0.00   0.00   0.00   0.00
[129,]   0.00   0.00   0.00   0.00   0.00   0.00   0.00   0.00   0.00   0.00
[130,]   0.00   0.00   0.00   0.00   0.00   0.00   0.00   0.00   0.00   0.00
[131,]   0.00   0.00   0.00   0.00   0.00   0.00   0.00   0.00   0.00   0.00
[132,]   0.00   0.00   0.00   0.00   0.00   0.00   0.00   0.00   0.00   0.00
[133,]   0.00   0.00   0.00   0.00   0.00   0.00   0.00   0.00   0.00   0.00
[134,]   0.00   0.00   0.00   0.00   0.00   0.00   0.00   0.00   0.00   0.00
[135,]   0.00   0.00   0.00   0.00   0.00   0.00   0.00   0.00   0.00   0.00
[136,]   0.00   0.00   0.00   0.00   0.00   0.00   0.00   0.00   0.00   0.00
[137,]   0.00   0.00   0.00   0.00   0.00   0.00   0.00   0.00   0.00   0.00
[138,]   0.00   0.00   0.00   0.00   0.00   0.00   0.00   0.00   0.00   0.00
[139,]   0.00   0.00   0.00   0.00   0.00   0.00   0.00   0.00   0.00   0.00
[140,]   0.00   0.00   0.00   0.00   0.00   0.00   0.00   0.00   0.00   0.00
[141,]   0.00   0.00   0.00   0.00   0.00   0.00   0.00   0.00   0.00   0.00
[142,]   0.00   0.00   0.00   0.00   0.00   0.00   0.00   0.00   0.00   0.00
[143,]   0.00   0.00   0.00   0.00   0.00   0.00   0.00   0.00   0.00   0.00
[144,]   0.00   0.00   0.00   0.00   0.00   0.00   0.00   0.00   0.00   0.00
[145,]   0.00   0.00   0.00   0.00   0.00   0.00   0.00   0.00   0.00   0.00
[146,]   0.00   0.00   0.00   0.00   0.00   0.00   0.00   0.00   0.00   0.00
[147,]   0.00   0.00   0.00   0.00   0.00   0.00   0.00   0.00   0.00   0.00
[148,]   0.00   0.00   0.00   0.00   0.00   0.00   0.00   0.00   0.00   0.00
[149,]   0.00   0.00   0.00   0.00   0.00   0.00   0.00   0.00   0.00   0.00
[150,]   0.00   0.00   0.00   0.00   0.00   0.00   0.00   0.00   0.00   0.00
[151,]   0.00   0.00   0.00   0.00   0.00   0.00   0.00   0.00   0.00   0.00
[152,]   0.00   0.00   0.00   0.00   0.00   0.00   0.00   0.00   0.00   0.00
[153,]   0.00   0.00   0.00   0.00   0.00   0.00   0.00   0.00   0.00   0.00
[154,]   0.00   0.00   0.00   0.00   0.00   0.00   0.00   0.00   0.00   0.00
[155,]   0.00   0.00   0.00   0.00   0.00   0.00   0.00   0.00   0.00   0.00
[156,]   0.00   0.00   0.00   0.00   0.00   0.00   0.00   0.00   0.00   0.00
[157,]   0.00   0.00   0.00   0.00   0.00   0.00   0.00   0.00   0.00   0.00
[158,]   0.00   0.00   0.00   0.00   0.00   0.00   0.00   0.00   0.00   0.00
[159,]   0.00   0.00   0.00   0.00   0.00   0.00   0.00   0.00   0.00   0.00
[160,]   0.00   0.00   0.00   0.00   0.00   0.00   0.00   0.00   0.00   0.00
[161,]   0.00   0.00   0.00   0.00   0.00   0.00   0.00   0.00   0.00   0.00
[162,]   0.00   0.00   0.00   0.00   0.00   0.00   0.00   0.00   0.00   0.00
[163,]   0.00   0.00   0.00   0.00   0.00   0.00   0.00   0.00   0.00   0.00
[164,]   0.00   0.00   0.00   0.00   0.00   0.00   0.00   0.00   0.00   0.00
[165,]   0.00   0.00   0.00   0.00   0.00   0.00   0.00   0.00   0.00   0.00
[166,]   0.00   0.00   0.00   0.00   0.00   0.00   0.00   0.00   0.00   0.00
[167,]   0.00   0.00   0.00   0.00   0.00   0.00   0.00   0.00   0.00   0.00
[168,]   0.00   0.00   0.00   0.00   0.00   0.00   0.00   0.00   0.00   0.00
[169,]   0.00   0.00   0.00   0.00   0.00   0.00   0.00   0.00   0.00   0.00
[170,]   0.00   0.00   0.00   0.00   0.00   0.00   0.00   0.00   0.00   0.00
[171,]   0.00   0.00   0.00   0.00   0.00   0.00   0.00   0.00   0.00   0.00
[172,]   0.00   0.00   0.00   0.00   0.00   0.00   0.00   0.00   0.00   0.00
[173,]   0.00   0.00   0.00   0.00   0.00   0.00   0.00   0.00   0.00   0.00
[174,]   0.00   0.00   0.00   0.00   0.00   0.00   0.00   0.00   0.00   0.00
[175,]   0.00   0.00   0.00   0.00   0.00   0.00   0.00   0.00   0.00   0.00
[176,]   0.00   0.00   0.00   0.00   0.00   0.00   0.00   0.00   0.00   0.00
[177,]   0.00   0.00   0.00   0.00   0.00   0.00   0.00   0.00   0.00   0.00
[178,]   0.00   0.00   0.00   0.00   0.00   0.00   0.00   0.00   0.00   0.00
[179,]   0.00   0.00   0.00   0.00   0.00   0.00   0.00   0.00   0.00   0.00
[180,]   0.00   0.00   0.00   0.00   0.00   0.00   0.00   0.00   0.00   0.00
[181,]   0.00   0.00   0.00   0.00   0.00   0.00   0.00   0.00   0.00   0.00
[182,]   0.00   0.00   0.00   0.00   0.00   0.00   0.00   0.00   0.00   0.00
[183,]   0.00   0.00   0.00   0.00   0.00   0.00   0.00   0.00   0.00   0.00
[184,]   0.00   0.00   0.00   0.00   0.00   0.00   0.00   0.00   0.00   0.00
[185,]   0.00   0.00   0.00   0.00   0.00   0.00   0.00   0.00   0.00   0.00
[186,]   0.00   0.00   0.00   0.00   0.00   0.00   0.00   0.00   0.00   0.00
[187,]   0.00   0.00   0.00   0.00   0.00   0.00   0.00   0.00   0.00   0.00
[188,]   0.00   0.00   0.00   0.00   0.00   0.00   0.00   0.00   0.00   0.00
[189,]   0.00   0.00   0.00   0.00   0.00   0.00   0.00   0.00   0.00   0.00
[190,]   0.00   0.00   0.00   0.00   0.00   0.00   0.00   0.00   0.00   0.00
[191,]   0.00   0.00   0.00   0.00   0.00   0.00   0.00   0.00   0.00   0.00
[192,]   0.00   0.00   0.00   0.00   0.00   0.00   0.00   0.00   0.00   0.00
[193,]   0.00   0.00   0.00   0.00   0.00   0.00   0.00   0.00   0.00   0.00
[194,]   0.00   0.00   0.00   0.00   0.00   0.00   0.00   0.00   0.00   0.00
[195,]   0.00   0.00   0.00   0.00   0.00   0.00   0.00   0.00   0.00   0.00
[196,]   0.00   0.00   0.00   0.00   0.00   0.00   0.00   0.00   0.00   0.00
[197,]   0.00   0.00   0.00   0.00   0.00   0.00   0.00   0.00   0.00   0.00
[198,]   0.00   0.00   0.00   0.00   0.00   0.00   0.00   0.00   0.00   0.00
[199,]   0.00   0.00   0.00   0.00   0.00   0.00   0.00   0.00   0.00   0.00
[200,]   0.00   0.00   0.00   0.00   0.00   0.00   0.00   0.00   0.00   0.00
[201,]   0.00   0.00   0.00   0.00   0.00   0.00   0.00   0.00   0.00   0.00
[202,]   0.00   0.00   0.00   0.00   0.00   0.00   0.00   0.00   0.00   0.00
[203,]   0.00   0.00   0.00   0.00   0.00   0.00   0.00   0.00   0.00   0.00
[204,]   0.00   0.00   0.00   0.00   0.00   0.00   0.00   0.00   0.00   0.00
[205,]   0.00   0.00   0.00   0.00   0.00   0.00   0.00   0.00   0.00   0.00
[206,]   0.00   0.00   0.00   0.00   0.00   0.00   0.00   0.00   0.00   0.00
[207,]   0.00   0.00   0.00   0.00   0.00   0.00   0.00   0.00   0.00   0.00
[208,]   0.00   0.00   0.00   0.00   0.00   0.00   0.00   0.00   0.00   0.00
[209,]   0.00   0.00   0.00   0.00   0.00   0.00   0.00   0.00   0.00   0.00
[210,]   0.00   0.00   0.00   0.00   0.00   0.00   0.00   0.00   0.00   0.00
[211,]   0.00   0.00   0.00   0.00   0.00   0.00   0.00   0.00   0.00   0.00
[212,]   0.00   0.00   0.00   0.00   0.00   0.00   0.00   0.00   0.00   0.00
[213,]   0.00   0.00   0.00   0.00   0.00   0.00   0.00   0.00   0.00   0.00
[214,]   0.00   0.00   0.00   0.00   0.00   0.00   0.00   0.00   0.00   0.00
[215,]   0.00   0.00   0.00   0.00   0.00   0.00   0.00   0.00   0.00   0.00
[216,]   0.00   0.00   0.00   0.00   0.00   0.00   0.00   0.00   0.00   0.00
[217,]   0.00   0.00   0.00   0.00   0.00   0.00   0.00   0.00   0.00   0.00
[218,]   0.00   0.00   0.00   0.00   0.00   0.00   0.00   0.00   0.00   0.00
[219,]   0.00   0.00   0.00   0.00   0.00   0.00   0.00   0.00   0.00   0.00
[220,]   0.00   0.00   0.00   0.00   0.00   0.00   0.00   0.00   0.00   0.00
[221,]   0.00   0.00   0.00   0.00   0.00   0.00   0.00   0.00   0.00   0.00
[222,]   0.00   0.00   0.00   0.00   0.00   0.00   0.00   0.00   0.00   0.00
[223,]   0.00   0.00   0.00   0.00   0.00   0.00   0.00   0.00   0.00   0.00
[224,]   0.00   0.00   0.00   0.00   0.00   0.00   0.00   0.00   0.00   0.00
[225,]   0.00   0.00   0.00   0.00   0.00   0.00   0.00   0.00   0.00   0.00
[226,]   0.00   0.00   0.00   0.00   0.00   0.00   0.00   0.00   0.00   0.00
[227,]   0.00   0.00   0.00   0.00   0.00   0.00   0.00   0.00   0.00   0.00
[228,]   0.00   0.00   0.00   0.00   0.00   0.00   0.00   0.00   0.00   0.00
       [,118] [,119] [,120] [,121] [,122] [,123] [,124] [,125] [,126] [,127]
  [1,]   0.00   0.00   0.00   0.00   0.00   0.00   0.00   0.00   0.00   0.00
  [2,]   0.00   0.00   0.00   0.00   0.00   0.00   0.00   0.00   0.00   0.00
  [3,]   0.00   0.00   0.00   0.00   0.00   0.00   0.00   0.00   0.00   0.00
  [4,]   0.00   0.00   0.00   0.00   0.00   0.00   0.00   0.00   0.00   0.00
  [5,]   0.00   0.00   0.00   0.00   0.00   0.00   0.00   0.00   0.00   0.00
  [6,]   0.00   0.00   0.00   0.00   0.00   0.00   0.00   0.00   0.00   0.00
  [7,]   0.00   0.00   0.00   0.00   0.00   0.00   0.00   0.00   0.00   0.00
  [8,]   0.00   0.00   0.00   0.00   0.00   0.00   0.00   0.00   0.00   0.00
  [9,]   0.00   0.00   0.00   0.00   0.00   0.00   0.00   0.00   0.00   0.00
 [10,]   0.00   0.00   0.00   0.00   0.00   0.00   0.00   0.00   0.00   0.00
 [11,]   0.00   0.00   0.00   0.00   0.00   0.00   0.00   0.00   0.00   0.00
 [12,]   0.00   0.00   0.00   0.00   0.00   0.00   0.00   0.00   0.00   0.00
 [13,]   0.00   0.00   0.00   0.00   0.00   0.00   0.00   0.00   0.00   0.00
 [14,]   0.00   0.00   0.00   0.00   0.00   0.00   0.00   0.00   0.00   0.00
 [15,]   0.00   0.00   0.00   0.00   0.00   0.00   0.00   0.00   0.00   0.00
 [16,]   0.00   0.00   0.00   0.00   0.00   0.00   0.00   0.00   0.00   0.00
 [17,]   0.00   0.00   0.00   0.00   0.00   0.00   0.00   0.00   0.00   0.00
 [18,]   0.00   0.00   0.00   0.00   0.00   0.00   0.00   0.00   0.00   0.00
 [19,]   0.00   0.00   0.00   0.00   0.00   0.00   0.00   0.00   0.00   0.00
 [20,]   0.00   0.00   0.00   0.00   0.00   0.00   0.00   0.00   0.00   0.00
 [21,]   0.00   0.00   0.00   0.00   0.00   0.00   0.00   0.00   0.00   0.00
 [22,]   0.00   0.00   0.00   0.00   0.00   0.00   0.00   0.00   0.00   0.00
 [23,]   0.00   0.00   0.00   0.00   0.00   0.00   0.00   0.00   0.00   0.00
 [24,]   0.00   0.00   0.00   0.00   0.00   0.00   0.00   0.00   0.00   0.00
 [25,]   0.00   0.00   0.00   0.00   0.00   0.00   0.00   0.00   0.00   0.00
 [26,]   0.00   0.00   0.00   0.00   0.00   0.00   0.00   0.00   0.00   0.00
 [27,]   0.00   0.00   0.00   0.00   0.00   0.00   0.00   0.00   0.00   0.00
 [28,]   0.00   0.00   0.00   0.00   0.00   0.00   0.00   0.00   0.00   0.00
 [29,]   0.00   0.00   0.00   0.00   0.00   0.00   0.00   0.00   0.00   0.00
 [30,]   0.00   0.00   0.00   0.00   0.00   0.00   0.00   0.00   0.00   0.00
 [31,]   0.00   0.00   0.00   0.00   0.00   0.00   0.00   0.00   0.00   0.00
 [32,]   0.00   0.00   0.00   0.00   0.00   0.00   0.00   0.00   0.00   0.00
 [33,]   0.00   0.00   0.00   0.00   0.00   0.00   0.00   0.00   0.00   0.00
 [34,]   0.00   0.00   0.00   0.00   0.00   0.00   0.00   0.00   0.00   0.00
 [35,]   0.00   0.00   0.00   0.00   0.00   0.00   0.00   0.00   0.00   0.00
 [36,]   0.00   0.00   0.00   0.00   0.00   0.00   0.00   0.00   0.00   0.00
 [37,]   0.00   0.00   0.00   0.00   0.00   0.00   0.00   0.00   0.00   0.00
 [38,]   0.00   0.00   0.00   0.00   0.00   0.00   0.00   0.00   0.00   0.00
 [39,]   0.00   0.00   0.00   0.00   0.00   0.00   0.00   0.00   0.00   0.00
 [40,]   0.00   0.00   0.00   0.00   0.00   0.00   0.00   0.00   0.00   0.00
 [41,]   0.00   0.00   0.00   0.00   0.00   0.00   0.00   0.00   0.00   0.00
 [42,]   0.00   0.00   0.00   0.00   0.00   0.00   0.00   0.00   0.00   0.00
 [43,]   0.00   0.00   0.00   0.00   0.00   0.00   0.00   0.00   0.00   0.00
 [44,]   0.00   0.00   0.00   0.00   0.00   0.00   0.00   0.00   0.00   0.00
 [45,]   0.00   0.00   0.00   0.00   0.00   0.00   0.00   0.00   0.00   0.00
 [46,]   0.00   0.00   0.00   0.00   0.00   0.00   0.00   0.00   0.00   0.00
 [47,]   0.00   0.00   0.00   0.00   0.00   0.00   0.00   0.00   0.00   0.00
 [48,]   0.00   0.00   0.00   0.00   0.00   0.00   0.00   0.00   0.00   0.00
 [49,]   0.00   0.00   0.00   0.00   0.00   0.00   0.00   0.00   0.00   0.00
 [50,]   0.00   0.00   0.00   0.00   0.00   0.00   0.00   0.00   0.00   0.00
 [51,]   0.00   0.00   0.00   0.00   0.00   0.00   0.00   0.00   0.00   0.00
 [52,]   0.00   0.00   0.00   0.00   0.00   0.00   0.00   0.00   0.00   0.00
 [53,]   0.00   0.00   0.00   0.00   0.00   0.00   0.00   0.00   0.00   0.00
 [54,]   0.00   0.00   0.00   0.00   0.00   0.00   0.00   0.00   0.00   0.00
 [55,]   0.00   0.00   0.00   0.00   0.00   0.00   0.00   0.00   0.00   0.00
 [56,]   0.00   0.00   0.00   0.00   0.00   0.00   0.00   0.00   0.00   0.00
 [57,]   0.00   0.00   0.00   0.00   0.00   0.00   0.00   0.00   0.00   0.00
 [58,]   0.00   0.00   0.00   0.00   0.00   0.00   0.00   0.00   0.00   0.00
 [59,]   0.00   0.00   0.00   0.00   0.00   0.00   0.00   0.00   0.00   0.00
 [60,]   0.00   0.00   0.00   0.00   0.00   0.00   0.00   0.00   0.00   0.00
 [61,]   0.00   0.00   0.00   0.00   0.00   0.00   0.00   0.00   0.00   0.00
 [62,]   0.00   0.00   0.00   0.00   0.00   0.00   0.00   0.00   0.00   0.00
 [63,]   0.00   0.00   0.00   0.00   0.00   0.00   0.00   0.00   0.00   0.00
 [64,]   0.00   0.00   0.00   0.00   0.00   0.00   0.00   0.00   0.00   0.00
 [65,]   0.00   0.00   0.00   0.00   0.00   0.00   0.00   0.00   0.00   0.00
 [66,]   0.00   0.00   0.00   0.00   0.00   0.00   0.00   0.00   0.00   0.00
 [67,]   0.00   0.00   0.00   0.00   0.00   0.00   0.00   0.00   0.00   0.00
 [68,]   0.00   0.00   0.00   0.00   0.00   0.00   0.00   0.00   0.00   0.00
 [69,]   0.00   0.00   0.00   0.00   0.00   0.00   0.00   0.00   0.00   0.00
 [70,]   0.00   0.00   0.00   0.00   0.00   0.00   0.00   0.00   0.00   0.00
 [71,]   0.00   0.00   0.00   0.00   0.00   0.00   0.00   0.00   0.00   0.00
 [72,]   0.00   0.00   0.00   0.00   0.00   0.00   0.00   0.00   0.00   0.00
 [73,]   0.00   0.00   0.00   0.00   0.00   0.00   0.00   0.00   0.00   0.00
 [74,]   0.00   0.00   0.00   0.00   0.00   0.00   0.00   0.00   0.00   0.00
 [75,]   0.00   0.00   0.00   0.00   0.00   0.00   0.00   0.00   0.00   0.00
 [76,]   0.00   0.00   0.00   0.00   0.00   0.00   0.00   0.00   0.00   0.00
 [77,]   0.00   0.00   0.00   0.00   0.00   0.00   0.00   0.00   0.00   0.00
 [78,]   0.00   0.00   0.00   0.00   0.00   0.00   0.00   0.00   0.00   0.00
 [79,]   0.00   0.00   0.00   0.00   0.00   0.00   0.00   0.00   0.00   0.00
 [80,]   0.00   0.00   0.00   0.00   0.00   0.00   0.00   0.00   0.00   0.00
 [81,]   0.00   0.00   0.00   0.00   0.00   0.00   0.00   0.00   0.00   0.00
 [82,]   0.00   0.00   0.00   0.00   0.00   0.00   0.00   0.00   0.00   0.00
 [83,]   0.00   0.00   0.00   0.00   0.00   0.00   0.00   0.00   0.00   0.00
 [84,]   0.00   0.00   0.00   0.00   0.00   0.00   0.00   0.00   0.00   0.00
 [85,]   0.00   0.00   0.00   0.00   0.00   0.00   0.00   0.00   0.00   0.00
 [86,]   0.00   0.00   0.00   0.00   0.00   0.00   0.00   0.00   0.00   0.00
 [87,]   0.00   0.00   0.00   0.00   0.00   0.00   0.00   0.00   0.00   0.00
 [88,]   0.00   0.00   0.00   0.00   0.00   0.00   0.00   0.00   0.00   0.00
 [89,]   0.00   0.00   0.00   0.00   0.00   0.00   0.00   0.00   0.00   0.00
 [90,]   0.00   0.00   0.00   0.00   0.00   0.00   0.00   0.00   0.00   0.00
 [91,]   0.00   0.00   0.00   0.00   0.00   0.00   0.00   0.00   0.00   0.00
 [92,]   0.00   0.00   0.00   0.00   0.00   0.00   0.00   0.00   0.00   0.00
 [93,]   0.00   0.00   0.00   0.00   0.00   0.00   0.00   0.00   0.00   0.00
 [94,]   0.00   0.00   0.00   0.00   0.00   0.00   0.00   0.00   0.00   0.00
 [95,]   0.00   0.00   0.00   0.00   0.00   0.00   0.00   0.00   0.00   0.00
 [96,]   0.00   0.00   0.00   0.00   0.00   0.00   0.00   0.00   0.00   0.00
 [97,]   0.00   0.00   0.00   0.00   0.00   0.00   0.00   0.00   0.00   0.00
 [98,]   0.00   0.00   0.00   0.00   0.00   0.00   0.00   0.00   0.00   0.00
 [99,]   0.00   0.00   0.00   0.00   0.00   0.00   0.00   0.00   0.00   0.00
[100,]   0.00   0.00   0.00   0.00   0.00   0.00   0.00   0.00   0.00   0.00
[101,]   0.00   0.00   0.00   0.00   0.00   0.00   0.00   0.00   0.00   0.00
[102,]   0.00   0.00   0.00   0.00   0.00   0.00   0.00   0.00   0.00   0.00
[103,]   0.00   0.00   0.00   0.00   0.00   0.00   0.00   0.00   0.00   0.00
[104,]   0.00   0.00   0.00   0.00   0.00   0.00   0.00   0.00   0.00   0.00
[105,]   0.00   0.00   0.00   0.00   0.00   0.00   0.00   0.00   0.00   0.00
[106,]   0.00   0.00   0.00   0.00   0.00   0.00   0.00   0.00   0.00   0.00
[107,]   0.00   0.00   0.00   0.00   0.00   0.00   0.00   0.00   0.00   0.00
[108,]   0.00   0.00   0.00   0.00   0.00   0.00   0.00   0.00   0.00   0.00
[109,]   0.00   0.00   0.00   0.00   0.00   0.00   0.00   0.00   0.00   0.00
[110,]   0.00   0.00   0.00   0.00   0.00   0.00   0.00   0.00   0.00   0.00
[111,]   0.00   0.00   0.00   0.00   0.00   0.00   0.00   0.00   0.00   0.00
[112,]   0.00   0.00   0.00   0.00   0.00   0.00   0.00   0.00   0.00   0.00
[113,]   0.00   0.00   0.00   0.00   0.00   0.00   0.00   0.00   0.00   0.00
[114,]   0.00   0.00   0.00   0.00   0.00   0.00   0.00   0.00   0.00   0.00
[115,]   0.00   0.00   0.00   0.00   0.00   0.00   0.00   0.00   0.00   0.00
[116,]   0.00   0.00   0.00   0.00   0.00   0.00   0.00   0.00   0.00   0.00
[117,]   0.00   0.00   0.00   0.00   0.00   0.00   0.00   0.00   0.00   0.00
[118,]   0.01   0.00   0.00   0.00   0.00   0.00   0.00   0.00   0.00   0.00
[119,]   0.00   0.01   0.00   0.00   0.00   0.00   0.00   0.00   0.00   0.00
[120,]   0.00   0.00   0.01   0.00   0.00   0.00   0.00   0.00   0.00   0.00
[121,]   0.00   0.00   0.00   0.01   0.00   0.00   0.00   0.00   0.00   0.00
[122,]   0.00   0.00   0.00   0.00   0.01   0.00   0.00   0.00   0.00   0.00
[123,]   0.00   0.00   0.00   0.00   0.00   0.01   0.00   0.00   0.00   0.00
[124,]   0.00   0.00   0.00   0.00   0.00   0.00   0.01   0.00   0.00   0.00
[125,]   0.00   0.00   0.00   0.00   0.00   0.00   0.00   0.01   0.00   0.00
[126,]   0.00   0.00   0.00   0.00   0.00   0.00   0.00   0.00   0.01   0.00
[127,]   0.00   0.00   0.00   0.00   0.00   0.00   0.00   0.00   0.00   0.01
[128,]   0.00   0.00   0.00   0.00   0.00   0.00   0.00   0.00   0.00   0.00
[129,]   0.00   0.00   0.00   0.00   0.00   0.00   0.00   0.00   0.00   0.00
[130,]   0.00   0.00   0.00   0.00   0.00   0.00   0.00   0.00   0.00   0.00
[131,]   0.00   0.00   0.00   0.00   0.00   0.00   0.00   0.00   0.00   0.00
[132,]   0.00   0.00   0.00   0.00   0.00   0.00   0.00   0.00   0.00   0.00
[133,]   0.00   0.00   0.00   0.00   0.00   0.00   0.00   0.00   0.00   0.00
[134,]   0.00   0.00   0.00   0.00   0.00   0.00   0.00   0.00   0.00   0.00
[135,]   0.00   0.00   0.00   0.00   0.00   0.00   0.00   0.00   0.00   0.00
[136,]   0.00   0.00   0.00   0.00   0.00   0.00   0.00   0.00   0.00   0.00
[137,]   0.00   0.00   0.00   0.00   0.00   0.00   0.00   0.00   0.00   0.00
[138,]   0.00   0.00   0.00   0.00   0.00   0.00   0.00   0.00   0.00   0.00
[139,]   0.00   0.00   0.00   0.00   0.00   0.00   0.00   0.00   0.00   0.00
[140,]   0.00   0.00   0.00   0.00   0.00   0.00   0.00   0.00   0.00   0.00
[141,]   0.00   0.00   0.00   0.00   0.00   0.00   0.00   0.00   0.00   0.00
[142,]   0.00   0.00   0.00   0.00   0.00   0.00   0.00   0.00   0.00   0.00
[143,]   0.00   0.00   0.00   0.00   0.00   0.00   0.00   0.00   0.00   0.00
[144,]   0.00   0.00   0.00   0.00   0.00   0.00   0.00   0.00   0.00   0.00
[145,]   0.00   0.00   0.00   0.00   0.00   0.00   0.00   0.00   0.00   0.00
[146,]   0.00   0.00   0.00   0.00   0.00   0.00   0.00   0.00   0.00   0.00
[147,]   0.00   0.00   0.00   0.00   0.00   0.00   0.00   0.00   0.00   0.00
[148,]   0.00   0.00   0.00   0.00   0.00   0.00   0.00   0.00   0.00   0.00
[149,]   0.00   0.00   0.00   0.00   0.00   0.00   0.00   0.00   0.00   0.00
[150,]   0.00   0.00   0.00   0.00   0.00   0.00   0.00   0.00   0.00   0.00
[151,]   0.00   0.00   0.00   0.00   0.00   0.00   0.00   0.00   0.00   0.00
[152,]   0.00   0.00   0.00   0.00   0.00   0.00   0.00   0.00   0.00   0.00
[153,]   0.00   0.00   0.00   0.00   0.00   0.00   0.00   0.00   0.00   0.00
[154,]   0.00   0.00   0.00   0.00   0.00   0.00   0.00   0.00   0.00   0.00
[155,]   0.00   0.00   0.00   0.00   0.00   0.00   0.00   0.00   0.00   0.00
[156,]   0.00   0.00   0.00   0.00   0.00   0.00   0.00   0.00   0.00   0.00
[157,]   0.00   0.00   0.00   0.00   0.00   0.00   0.00   0.00   0.00   0.00
[158,]   0.00   0.00   0.00   0.00   0.00   0.00   0.00   0.00   0.00   0.00
[159,]   0.00   0.00   0.00   0.00   0.00   0.00   0.00   0.00   0.00   0.00
[160,]   0.00   0.00   0.00   0.00   0.00   0.00   0.00   0.00   0.00   0.00
[161,]   0.00   0.00   0.00   0.00   0.00   0.00   0.00   0.00   0.00   0.00
[162,]   0.00   0.00   0.00   0.00   0.00   0.00   0.00   0.00   0.00   0.00
[163,]   0.00   0.00   0.00   0.00   0.00   0.00   0.00   0.00   0.00   0.00
[164,]   0.00   0.00   0.00   0.00   0.00   0.00   0.00   0.00   0.00   0.00
[165,]   0.00   0.00   0.00   0.00   0.00   0.00   0.00   0.00   0.00   0.00
[166,]   0.00   0.00   0.00   0.00   0.00   0.00   0.00   0.00   0.00   0.00
[167,]   0.00   0.00   0.00   0.00   0.00   0.00   0.00   0.00   0.00   0.00
[168,]   0.00   0.00   0.00   0.00   0.00   0.00   0.00   0.00   0.00   0.00
[169,]   0.00   0.00   0.00   0.00   0.00   0.00   0.00   0.00   0.00   0.00
[170,]   0.00   0.00   0.00   0.00   0.00   0.00   0.00   0.00   0.00   0.00
[171,]   0.00   0.00   0.00   0.00   0.00   0.00   0.00   0.00   0.00   0.00
[172,]   0.00   0.00   0.00   0.00   0.00   0.00   0.00   0.00   0.00   0.00
[173,]   0.00   0.00   0.00   0.00   0.00   0.00   0.00   0.00   0.00   0.00
[174,]   0.00   0.00   0.00   0.00   0.00   0.00   0.00   0.00   0.00   0.00
[175,]   0.00   0.00   0.00   0.00   0.00   0.00   0.00   0.00   0.00   0.00
[176,]   0.00   0.00   0.00   0.00   0.00   0.00   0.00   0.00   0.00   0.00
[177,]   0.00   0.00   0.00   0.00   0.00   0.00   0.00   0.00   0.00   0.00
[178,]   0.00   0.00   0.00   0.00   0.00   0.00   0.00   0.00   0.00   0.00
[179,]   0.00   0.00   0.00   0.00   0.00   0.00   0.00   0.00   0.00   0.00
[180,]   0.00   0.00   0.00   0.00   0.00   0.00   0.00   0.00   0.00   0.00
[181,]   0.00   0.00   0.00   0.00   0.00   0.00   0.00   0.00   0.00   0.00
[182,]   0.00   0.00   0.00   0.00   0.00   0.00   0.00   0.00   0.00   0.00
[183,]   0.00   0.00   0.00   0.00   0.00   0.00   0.00   0.00   0.00   0.00
[184,]   0.00   0.00   0.00   0.00   0.00   0.00   0.00   0.00   0.00   0.00
[185,]   0.00   0.00   0.00   0.00   0.00   0.00   0.00   0.00   0.00   0.00
[186,]   0.00   0.00   0.00   0.00   0.00   0.00   0.00   0.00   0.00   0.00
[187,]   0.00   0.00   0.00   0.00   0.00   0.00   0.00   0.00   0.00   0.00
[188,]   0.00   0.00   0.00   0.00   0.00   0.00   0.00   0.00   0.00   0.00
[189,]   0.00   0.00   0.00   0.00   0.00   0.00   0.00   0.00   0.00   0.00
[190,]   0.00   0.00   0.00   0.00   0.00   0.00   0.00   0.00   0.00   0.00
[191,]   0.00   0.00   0.00   0.00   0.00   0.00   0.00   0.00   0.00   0.00
[192,]   0.00   0.00   0.00   0.00   0.00   0.00   0.00   0.00   0.00   0.00
[193,]   0.00   0.00   0.00   0.00   0.00   0.00   0.00   0.00   0.00   0.00
[194,]   0.00   0.00   0.00   0.00   0.00   0.00   0.00   0.00   0.00   0.00
[195,]   0.00   0.00   0.00   0.00   0.00   0.00   0.00   0.00   0.00   0.00
[196,]   0.00   0.00   0.00   0.00   0.00   0.00   0.00   0.00   0.00   0.00
[197,]   0.00   0.00   0.00   0.00   0.00   0.00   0.00   0.00   0.00   0.00
[198,]   0.00   0.00   0.00   0.00   0.00   0.00   0.00   0.00   0.00   0.00
[199,]   0.00   0.00   0.00   0.00   0.00   0.00   0.00   0.00   0.00   0.00
[200,]   0.00   0.00   0.00   0.00   0.00   0.00   0.00   0.00   0.00   0.00
[201,]   0.00   0.00   0.00   0.00   0.00   0.00   0.00   0.00   0.00   0.00
[202,]   0.00   0.00   0.00   0.00   0.00   0.00   0.00   0.00   0.00   0.00
[203,]   0.00   0.00   0.00   0.00   0.00   0.00   0.00   0.00   0.00   0.00
[204,]   0.00   0.00   0.00   0.00   0.00   0.00   0.00   0.00   0.00   0.00
[205,]   0.00   0.00   0.00   0.00   0.00   0.00   0.00   0.00   0.00   0.00
[206,]   0.00   0.00   0.00   0.00   0.00   0.00   0.00   0.00   0.00   0.00
[207,]   0.00   0.00   0.00   0.00   0.00   0.00   0.00   0.00   0.00   0.00
[208,]   0.00   0.00   0.00   0.00   0.00   0.00   0.00   0.00   0.00   0.00
[209,]   0.00   0.00   0.00   0.00   0.00   0.00   0.00   0.00   0.00   0.00
[210,]   0.00   0.00   0.00   0.00   0.00   0.00   0.00   0.00   0.00   0.00
[211,]   0.00   0.00   0.00   0.00   0.00   0.00   0.00   0.00   0.00   0.00
[212,]   0.00   0.00   0.00   0.00   0.00   0.00   0.00   0.00   0.00   0.00
[213,]   0.00   0.00   0.00   0.00   0.00   0.00   0.00   0.00   0.00   0.00
[214,]   0.00   0.00   0.00   0.00   0.00   0.00   0.00   0.00   0.00   0.00
[215,]   0.00   0.00   0.00   0.00   0.00   0.00   0.00   0.00   0.00   0.00
[216,]   0.00   0.00   0.00   0.00   0.00   0.00   0.00   0.00   0.00   0.00
[217,]   0.00   0.00   0.00   0.00   0.00   0.00   0.00   0.00   0.00   0.00
[218,]   0.00   0.00   0.00   0.00   0.00   0.00   0.00   0.00   0.00   0.00
[219,]   0.00   0.00   0.00   0.00   0.00   0.00   0.00   0.00   0.00   0.00
[220,]   0.00   0.00   0.00   0.00   0.00   0.00   0.00   0.00   0.00   0.00
[221,]   0.00   0.00   0.00   0.00   0.00   0.00   0.00   0.00   0.00   0.00
[222,]   0.00   0.00   0.00   0.00   0.00   0.00   0.00   0.00   0.00   0.00
[223,]   0.00   0.00   0.00   0.00   0.00   0.00   0.00   0.00   0.00   0.00
[224,]   0.00   0.00   0.00   0.00   0.00   0.00   0.00   0.00   0.00   0.00
[225,]   0.00   0.00   0.00   0.00   0.00   0.00   0.00   0.00   0.00   0.00
[226,]   0.00   0.00   0.00   0.00   0.00   0.00   0.00   0.00   0.00   0.00
[227,]   0.00   0.00   0.00   0.00   0.00   0.00   0.00   0.00   0.00   0.00
[228,]   0.00   0.00   0.00   0.00   0.00   0.00   0.00   0.00   0.00   0.00
       [,128] [,129] [,130] [,131] [,132] [,133] [,134] [,135] [,136] [,137]
  [1,]   0.00   0.00   0.00   0.00   0.00   0.00   0.00   0.00   0.00   0.00
  [2,]   0.00   0.00   0.00   0.00   0.00   0.00   0.00   0.00   0.00   0.00
  [3,]   0.00   0.00   0.00   0.00   0.00   0.00   0.00   0.00   0.00   0.00
  [4,]   0.00   0.00   0.00   0.00   0.00   0.00   0.00   0.00   0.00   0.00
  [5,]   0.00   0.00   0.00   0.00   0.00   0.00   0.00   0.00   0.00   0.00
  [6,]   0.00   0.00   0.00   0.00   0.00   0.00   0.00   0.00   0.00   0.00
  [7,]   0.00   0.00   0.00   0.00   0.00   0.00   0.00   0.00   0.00   0.00
  [8,]   0.00   0.00   0.00   0.00   0.00   0.00   0.00   0.00   0.00   0.00
  [9,]   0.00   0.00   0.00   0.00   0.00   0.00   0.00   0.00   0.00   0.00
 [10,]   0.00   0.00   0.00   0.00   0.00   0.00   0.00   0.00   0.00   0.00
 [11,]   0.00   0.00   0.00   0.00   0.00   0.00   0.00   0.00   0.00   0.00
 [12,]   0.00   0.00   0.00   0.00   0.00   0.00   0.00   0.00   0.00   0.00
 [13,]   0.00   0.00   0.00   0.00   0.00   0.00   0.00   0.00   0.00   0.00
 [14,]   0.00   0.00   0.00   0.00   0.00   0.00   0.00   0.00   0.00   0.00
 [15,]   0.00   0.00   0.00   0.00   0.00   0.00   0.00   0.00   0.00   0.00
 [16,]   0.00   0.00   0.00   0.00   0.00   0.00   0.00   0.00   0.00   0.00
 [17,]   0.00   0.00   0.00   0.00   0.00   0.00   0.00   0.00   0.00   0.00
 [18,]   0.00   0.00   0.00   0.00   0.00   0.00   0.00   0.00   0.00   0.00
 [19,]   0.00   0.00   0.00   0.00   0.00   0.00   0.00   0.00   0.00   0.00
 [20,]   0.00   0.00   0.00   0.00   0.00   0.00   0.00   0.00   0.00   0.00
 [21,]   0.00   0.00   0.00   0.00   0.00   0.00   0.00   0.00   0.00   0.00
 [22,]   0.00   0.00   0.00   0.00   0.00   0.00   0.00   0.00   0.00   0.00
 [23,]   0.00   0.00   0.00   0.00   0.00   0.00   0.00   0.00   0.00   0.00
 [24,]   0.00   0.00   0.00   0.00   0.00   0.00   0.00   0.00   0.00   0.00
 [25,]   0.00   0.00   0.00   0.00   0.00   0.00   0.00   0.00   0.00   0.00
 [26,]   0.00   0.00   0.00   0.00   0.00   0.00   0.00   0.00   0.00   0.00
 [27,]   0.00   0.00   0.00   0.00   0.00   0.00   0.00   0.00   0.00   0.00
 [28,]   0.00   0.00   0.00   0.00   0.00   0.00   0.00   0.00   0.00   0.00
 [29,]   0.00   0.00   0.00   0.00   0.00   0.00   0.00   0.00   0.00   0.00
 [30,]   0.00   0.00   0.00   0.00   0.00   0.00   0.00   0.00   0.00   0.00
 [31,]   0.00   0.00   0.00   0.00   0.00   0.00   0.00   0.00   0.00   0.00
 [32,]   0.00   0.00   0.00   0.00   0.00   0.00   0.00   0.00   0.00   0.00
 [33,]   0.00   0.00   0.00   0.00   0.00   0.00   0.00   0.00   0.00   0.00
 [34,]   0.00   0.00   0.00   0.00   0.00   0.00   0.00   0.00   0.00   0.00
 [35,]   0.00   0.00   0.00   0.00   0.00   0.00   0.00   0.00   0.00   0.00
 [36,]   0.00   0.00   0.00   0.00   0.00   0.00   0.00   0.00   0.00   0.00
 [37,]   0.00   0.00   0.00   0.00   0.00   0.00   0.00   0.00   0.00   0.00
 [38,]   0.00   0.00   0.00   0.00   0.00   0.00   0.00   0.00   0.00   0.00
 [39,]   0.00   0.00   0.00   0.00   0.00   0.00   0.00   0.00   0.00   0.00
 [40,]   0.00   0.00   0.00   0.00   0.00   0.00   0.00   0.00   0.00   0.00
 [41,]   0.00   0.00   0.00   0.00   0.00   0.00   0.00   0.00   0.00   0.00
 [42,]   0.00   0.00   0.00   0.00   0.00   0.00   0.00   0.00   0.00   0.00
 [43,]   0.00   0.00   0.00   0.00   0.00   0.00   0.00   0.00   0.00   0.00
 [44,]   0.00   0.00   0.00   0.00   0.00   0.00   0.00   0.00   0.00   0.00
 [45,]   0.00   0.00   0.00   0.00   0.00   0.00   0.00   0.00   0.00   0.00
 [46,]   0.00   0.00   0.00   0.00   0.00   0.00   0.00   0.00   0.00   0.00
 [47,]   0.00   0.00   0.00   0.00   0.00   0.00   0.00   0.00   0.00   0.00
 [48,]   0.00   0.00   0.00   0.00   0.00   0.00   0.00   0.00   0.00   0.00
 [49,]   0.00   0.00   0.00   0.00   0.00   0.00   0.00   0.00   0.00   0.00
 [50,]   0.00   0.00   0.00   0.00   0.00   0.00   0.00   0.00   0.00   0.00
 [51,]   0.00   0.00   0.00   0.00   0.00   0.00   0.00   0.00   0.00   0.00
 [52,]   0.00   0.00   0.00   0.00   0.00   0.00   0.00   0.00   0.00   0.00
 [53,]   0.00   0.00   0.00   0.00   0.00   0.00   0.00   0.00   0.00   0.00
 [54,]   0.00   0.00   0.00   0.00   0.00   0.00   0.00   0.00   0.00   0.00
 [55,]   0.00   0.00   0.00   0.00   0.00   0.00   0.00   0.00   0.00   0.00
 [56,]   0.00   0.00   0.00   0.00   0.00   0.00   0.00   0.00   0.00   0.00
 [57,]   0.00   0.00   0.00   0.00   0.00   0.00   0.00   0.00   0.00   0.00
 [58,]   0.00   0.00   0.00   0.00   0.00   0.00   0.00   0.00   0.00   0.00
 [59,]   0.00   0.00   0.00   0.00   0.00   0.00   0.00   0.00   0.00   0.00
 [60,]   0.00   0.00   0.00   0.00   0.00   0.00   0.00   0.00   0.00   0.00
 [61,]   0.00   0.00   0.00   0.00   0.00   0.00   0.00   0.00   0.00   0.00
 [62,]   0.00   0.00   0.00   0.00   0.00   0.00   0.00   0.00   0.00   0.00
 [63,]   0.00   0.00   0.00   0.00   0.00   0.00   0.00   0.00   0.00   0.00
 [64,]   0.00   0.00   0.00   0.00   0.00   0.00   0.00   0.00   0.00   0.00
 [65,]   0.00   0.00   0.00   0.00   0.00   0.00   0.00   0.00   0.00   0.00
 [66,]   0.00   0.00   0.00   0.00   0.00   0.00   0.00   0.00   0.00   0.00
 [67,]   0.00   0.00   0.00   0.00   0.00   0.00   0.00   0.00   0.00   0.00
 [68,]   0.00   0.00   0.00   0.00   0.00   0.00   0.00   0.00   0.00   0.00
 [69,]   0.00   0.00   0.00   0.00   0.00   0.00   0.00   0.00   0.00   0.00
 [70,]   0.00   0.00   0.00   0.00   0.00   0.00   0.00   0.00   0.00   0.00
 [71,]   0.00   0.00   0.00   0.00   0.00   0.00   0.00   0.00   0.00   0.00
 [72,]   0.00   0.00   0.00   0.00   0.00   0.00   0.00   0.00   0.00   0.00
 [73,]   0.00   0.00   0.00   0.00   0.00   0.00   0.00   0.00   0.00   0.00
 [74,]   0.00   0.00   0.00   0.00   0.00   0.00   0.00   0.00   0.00   0.00
 [75,]   0.00   0.00   0.00   0.00   0.00   0.00   0.00   0.00   0.00   0.00
 [76,]   0.00   0.00   0.00   0.00   0.00   0.00   0.00   0.00   0.00   0.00
 [77,]   0.00   0.00   0.00   0.00   0.00   0.00   0.00   0.00   0.00   0.00
 [78,]   0.00   0.00   0.00   0.00   0.00   0.00   0.00   0.00   0.00   0.00
 [79,]   0.00   0.00   0.00   0.00   0.00   0.00   0.00   0.00   0.00   0.00
 [80,]   0.00   0.00   0.00   0.00   0.00   0.00   0.00   0.00   0.00   0.00
 [81,]   0.00   0.00   0.00   0.00   0.00   0.00   0.00   0.00   0.00   0.00
 [82,]   0.00   0.00   0.00   0.00   0.00   0.00   0.00   0.00   0.00   0.00
 [83,]   0.00   0.00   0.00   0.00   0.00   0.00   0.00   0.00   0.00   0.00
 [84,]   0.00   0.00   0.00   0.00   0.00   0.00   0.00   0.00   0.00   0.00
 [85,]   0.00   0.00   0.00   0.00   0.00   0.00   0.00   0.00   0.00   0.00
 [86,]   0.00   0.00   0.00   0.00   0.00   0.00   0.00   0.00   0.00   0.00
 [87,]   0.00   0.00   0.00   0.00   0.00   0.00   0.00   0.00   0.00   0.00
 [88,]   0.00   0.00   0.00   0.00   0.00   0.00   0.00   0.00   0.00   0.00
 [89,]   0.00   0.00   0.00   0.00   0.00   0.00   0.00   0.00   0.00   0.00
 [90,]   0.00   0.00   0.00   0.00   0.00   0.00   0.00   0.00   0.00   0.00
 [91,]   0.00   0.00   0.00   0.00   0.00   0.00   0.00   0.00   0.00   0.00
 [92,]   0.00   0.00   0.00   0.00   0.00   0.00   0.00   0.00   0.00   0.00
 [93,]   0.00   0.00   0.00   0.00   0.00   0.00   0.00   0.00   0.00   0.00
 [94,]   0.00   0.00   0.00   0.00   0.00   0.00   0.00   0.00   0.00   0.00
 [95,]   0.00   0.00   0.00   0.00   0.00   0.00   0.00   0.00   0.00   0.00
 [96,]   0.00   0.00   0.00   0.00   0.00   0.00   0.00   0.00   0.00   0.00
 [97,]   0.00   0.00   0.00   0.00   0.00   0.00   0.00   0.00   0.00   0.00
 [98,]   0.00   0.00   0.00   0.00   0.00   0.00   0.00   0.00   0.00   0.00
 [99,]   0.00   0.00   0.00   0.00   0.00   0.00   0.00   0.00   0.00   0.00
[100,]   0.00   0.00   0.00   0.00   0.00   0.00   0.00   0.00   0.00   0.00
[101,]   0.00   0.00   0.00   0.00   0.00   0.00   0.00   0.00   0.00   0.00
[102,]   0.00   0.00   0.00   0.00   0.00   0.00   0.00   0.00   0.00   0.00
[103,]   0.00   0.00   0.00   0.00   0.00   0.00   0.00   0.00   0.00   0.00
[104,]   0.00   0.00   0.00   0.00   0.00   0.00   0.00   0.00   0.00   0.00
[105,]   0.00   0.00   0.00   0.00   0.00   0.00   0.00   0.00   0.00   0.00
[106,]   0.00   0.00   0.00   0.00   0.00   0.00   0.00   0.00   0.00   0.00
[107,]   0.00   0.00   0.00   0.00   0.00   0.00   0.00   0.00   0.00   0.00
[108,]   0.00   0.00   0.00   0.00   0.00   0.00   0.00   0.00   0.00   0.00
[109,]   0.00   0.00   0.00   0.00   0.00   0.00   0.00   0.00   0.00   0.00
[110,]   0.00   0.00   0.00   0.00   0.00   0.00   0.00   0.00   0.00   0.00
[111,]   0.00   0.00   0.00   0.00   0.00   0.00   0.00   0.00   0.00   0.00
[112,]   0.00   0.00   0.00   0.00   0.00   0.00   0.00   0.00   0.00   0.00
[113,]   0.00   0.00   0.00   0.00   0.00   0.00   0.00   0.00   0.00   0.00
[114,]   0.00   0.00   0.00   0.00   0.00   0.00   0.00   0.00   0.00   0.00
[115,]   0.00   0.00   0.00   0.00   0.00   0.00   0.00   0.00   0.00   0.00
[116,]   0.00   0.00   0.00   0.00   0.00   0.00   0.00   0.00   0.00   0.00
[117,]   0.00   0.00   0.00   0.00   0.00   0.00   0.00   0.00   0.00   0.00
[118,]   0.00   0.00   0.00   0.00   0.00   0.00   0.00   0.00   0.00   0.00
[119,]   0.00   0.00   0.00   0.00   0.00   0.00   0.00   0.00   0.00   0.00
[120,]   0.00   0.00   0.00   0.00   0.00   0.00   0.00   0.00   0.00   0.00
[121,]   0.00   0.00   0.00   0.00   0.00   0.00   0.00   0.00   0.00   0.00
[122,]   0.00   0.00   0.00   0.00   0.00   0.00   0.00   0.00   0.00   0.00
[123,]   0.00   0.00   0.00   0.00   0.00   0.00   0.00   0.00   0.00   0.00
[124,]   0.00   0.00   0.00   0.00   0.00   0.00   0.00   0.00   0.00   0.00
[125,]   0.00   0.00   0.00   0.00   0.00   0.00   0.00   0.00   0.00   0.00
[126,]   0.00   0.00   0.00   0.00   0.00   0.00   0.00   0.00   0.00   0.00
[127,]   0.00   0.00   0.00   0.00   0.00   0.00   0.00   0.00   0.00   0.00
[128,]   0.01   0.00   0.00   0.00   0.00   0.00   0.00   0.00   0.00   0.00
[129,]   0.00   0.01   0.00   0.00   0.00   0.00   0.00   0.00   0.00   0.00
[130,]   0.00   0.00   0.01   0.00   0.00   0.00   0.00   0.00   0.00   0.00
[131,]   0.00   0.00   0.00   0.01   0.00   0.00   0.00   0.00   0.00   0.00
[132,]   0.00   0.00   0.00   0.00   0.01   0.00   0.00   0.00   0.00   0.00
[133,]   0.00   0.00   0.00   0.00   0.00   0.01   0.00   0.00   0.00   0.00
[134,]   0.00   0.00   0.00   0.00   0.00   0.00   0.01   0.00   0.00   0.00
[135,]   0.00   0.00   0.00   0.00   0.00   0.00   0.00   0.01   0.00   0.00
[136,]   0.00   0.00   0.00   0.00   0.00   0.00   0.00   0.00   0.01   0.00
[137,]   0.00   0.00   0.00   0.00   0.00   0.00   0.00   0.00   0.00   0.01
[138,]   0.00   0.00   0.00   0.00   0.00   0.00   0.00   0.00   0.00   0.00
[139,]   0.00   0.00   0.00   0.00   0.00   0.00   0.00   0.00   0.00   0.00
[140,]   0.00   0.00   0.00   0.00   0.00   0.00   0.00   0.00   0.00   0.00
[141,]   0.00   0.00   0.00   0.00   0.00   0.00   0.00   0.00   0.00   0.00
[142,]   0.00   0.00   0.00   0.00   0.00   0.00   0.00   0.00   0.00   0.00
[143,]   0.00   0.00   0.00   0.00   0.00   0.00   0.00   0.00   0.00   0.00
[144,]   0.00   0.00   0.00   0.00   0.00   0.00   0.00   0.00   0.00   0.00
[145,]   0.00   0.00   0.00   0.00   0.00   0.00   0.00   0.00   0.00   0.00
[146,]   0.00   0.00   0.00   0.00   0.00   0.00   0.00   0.00   0.00   0.00
[147,]   0.00   0.00   0.00   0.00   0.00   0.00   0.00   0.00   0.00   0.00
[148,]   0.00   0.00   0.00   0.00   0.00   0.00   0.00   0.00   0.00   0.00
[149,]   0.00   0.00   0.00   0.00   0.00   0.00   0.00   0.00   0.00   0.00
[150,]   0.00   0.00   0.00   0.00   0.00   0.00   0.00   0.00   0.00   0.00
[151,]   0.00   0.00   0.00   0.00   0.00   0.00   0.00   0.00   0.00   0.00
[152,]   0.00   0.00   0.00   0.00   0.00   0.00   0.00   0.00   0.00   0.00
[153,]   0.00   0.00   0.00   0.00   0.00   0.00   0.00   0.00   0.00   0.00
[154,]   0.00   0.00   0.00   0.00   0.00   0.00   0.00   0.00   0.00   0.00
[155,]   0.00   0.00   0.00   0.00   0.00   0.00   0.00   0.00   0.00   0.00
[156,]   0.00   0.00   0.00   0.00   0.00   0.00   0.00   0.00   0.00   0.00
[157,]   0.00   0.00   0.00   0.00   0.00   0.00   0.00   0.00   0.00   0.00
[158,]   0.00   0.00   0.00   0.00   0.00   0.00   0.00   0.00   0.00   0.00
[159,]   0.00   0.00   0.00   0.00   0.00   0.00   0.00   0.00   0.00   0.00
[160,]   0.00   0.00   0.00   0.00   0.00   0.00   0.00   0.00   0.00   0.00
[161,]   0.00   0.00   0.00   0.00   0.00   0.00   0.00   0.00   0.00   0.00
[162,]   0.00   0.00   0.00   0.00   0.00   0.00   0.00   0.00   0.00   0.00
[163,]   0.00   0.00   0.00   0.00   0.00   0.00   0.00   0.00   0.00   0.00
[164,]   0.00   0.00   0.00   0.00   0.00   0.00   0.00   0.00   0.00   0.00
[165,]   0.00   0.00   0.00   0.00   0.00   0.00   0.00   0.00   0.00   0.00
[166,]   0.00   0.00   0.00   0.00   0.00   0.00   0.00   0.00   0.00   0.00
[167,]   0.00   0.00   0.00   0.00   0.00   0.00   0.00   0.00   0.00   0.00
[168,]   0.00   0.00   0.00   0.00   0.00   0.00   0.00   0.00   0.00   0.00
[169,]   0.00   0.00   0.00   0.00   0.00   0.00   0.00   0.00   0.00   0.00
[170,]   0.00   0.00   0.00   0.00   0.00   0.00   0.00   0.00   0.00   0.00
[171,]   0.00   0.00   0.00   0.00   0.00   0.00   0.00   0.00   0.00   0.00
[172,]   0.00   0.00   0.00   0.00   0.00   0.00   0.00   0.00   0.00   0.00
[173,]   0.00   0.00   0.00   0.00   0.00   0.00   0.00   0.00   0.00   0.00
[174,]   0.00   0.00   0.00   0.00   0.00   0.00   0.00   0.00   0.00   0.00
[175,]   0.00   0.00   0.00   0.00   0.00   0.00   0.00   0.00   0.00   0.00
[176,]   0.00   0.00   0.00   0.00   0.00   0.00   0.00   0.00   0.00   0.00
[177,]   0.00   0.00   0.00   0.00   0.00   0.00   0.00   0.00   0.00   0.00
[178,]   0.00   0.00   0.00   0.00   0.00   0.00   0.00   0.00   0.00   0.00
[179,]   0.00   0.00   0.00   0.00   0.00   0.00   0.00   0.00   0.00   0.00
[180,]   0.00   0.00   0.00   0.00   0.00   0.00   0.00   0.00   0.00   0.00
[181,]   0.00   0.00   0.00   0.00   0.00   0.00   0.00   0.00   0.00   0.00
[182,]   0.00   0.00   0.00   0.00   0.00   0.00   0.00   0.00   0.00   0.00
[183,]   0.00   0.00   0.00   0.00   0.00   0.00   0.00   0.00   0.00   0.00
[184,]   0.00   0.00   0.00   0.00   0.00   0.00   0.00   0.00   0.00   0.00
[185,]   0.00   0.00   0.00   0.00   0.00   0.00   0.00   0.00   0.00   0.00
[186,]   0.00   0.00   0.00   0.00   0.00   0.00   0.00   0.00   0.00   0.00
[187,]   0.00   0.00   0.00   0.00   0.00   0.00   0.00   0.00   0.00   0.00
[188,]   0.00   0.00   0.00   0.00   0.00   0.00   0.00   0.00   0.00   0.00
[189,]   0.00   0.00   0.00   0.00   0.00   0.00   0.00   0.00   0.00   0.00
[190,]   0.00   0.00   0.00   0.00   0.00   0.00   0.00   0.00   0.00   0.00
[191,]   0.00   0.00   0.00   0.00   0.00   0.00   0.00   0.00   0.00   0.00
[192,]   0.00   0.00   0.00   0.00   0.00   0.00   0.00   0.00   0.00   0.00
[193,]   0.00   0.00   0.00   0.00   0.00   0.00   0.00   0.00   0.00   0.00
[194,]   0.00   0.00   0.00   0.00   0.00   0.00   0.00   0.00   0.00   0.00
[195,]   0.00   0.00   0.00   0.00   0.00   0.00   0.00   0.00   0.00   0.00
[196,]   0.00   0.00   0.00   0.00   0.00   0.00   0.00   0.00   0.00   0.00
[197,]   0.00   0.00   0.00   0.00   0.00   0.00   0.00   0.00   0.00   0.00
[198,]   0.00   0.00   0.00   0.00   0.00   0.00   0.00   0.00   0.00   0.00
[199,]   0.00   0.00   0.00   0.00   0.00   0.00   0.00   0.00   0.00   0.00
[200,]   0.00   0.00   0.00   0.00   0.00   0.00   0.00   0.00   0.00   0.00
[201,]   0.00   0.00   0.00   0.00   0.00   0.00   0.00   0.00   0.00   0.00
[202,]   0.00   0.00   0.00   0.00   0.00   0.00   0.00   0.00   0.00   0.00
[203,]   0.00   0.00   0.00   0.00   0.00   0.00   0.00   0.00   0.00   0.00
[204,]   0.00   0.00   0.00   0.00   0.00   0.00   0.00   0.00   0.00   0.00
[205,]   0.00   0.00   0.00   0.00   0.00   0.00   0.00   0.00   0.00   0.00
[206,]   0.00   0.00   0.00   0.00   0.00   0.00   0.00   0.00   0.00   0.00
[207,]   0.00   0.00   0.00   0.00   0.00   0.00   0.00   0.00   0.00   0.00
[208,]   0.00   0.00   0.00   0.00   0.00   0.00   0.00   0.00   0.00   0.00
[209,]   0.00   0.00   0.00   0.00   0.00   0.00   0.00   0.00   0.00   0.00
[210,]   0.00   0.00   0.00   0.00   0.00   0.00   0.00   0.00   0.00   0.00
[211,]   0.00   0.00   0.00   0.00   0.00   0.00   0.00   0.00   0.00   0.00
[212,]   0.00   0.00   0.00   0.00   0.00   0.00   0.00   0.00   0.00   0.00
[213,]   0.00   0.00   0.00   0.00   0.00   0.00   0.00   0.00   0.00   0.00
[214,]   0.00   0.00   0.00   0.00   0.00   0.00   0.00   0.00   0.00   0.00
[215,]   0.00   0.00   0.00   0.00   0.00   0.00   0.00   0.00   0.00   0.00
[216,]   0.00   0.00   0.00   0.00   0.00   0.00   0.00   0.00   0.00   0.00
[217,]   0.00   0.00   0.00   0.00   0.00   0.00   0.00   0.00   0.00   0.00
[218,]   0.00   0.00   0.00   0.00   0.00   0.00   0.00   0.00   0.00   0.00
[219,]   0.00   0.00   0.00   0.00   0.00   0.00   0.00   0.00   0.00   0.00
[220,]   0.00   0.00   0.00   0.00   0.00   0.00   0.00   0.00   0.00   0.00
[221,]   0.00   0.00   0.00   0.00   0.00   0.00   0.00   0.00   0.00   0.00
[222,]   0.00   0.00   0.00   0.00   0.00   0.00   0.00   0.00   0.00   0.00
[223,]   0.00   0.00   0.00   0.00   0.00   0.00   0.00   0.00   0.00   0.00
[224,]   0.00   0.00   0.00   0.00   0.00   0.00   0.00   0.00   0.00   0.00
[225,]   0.00   0.00   0.00   0.00   0.00   0.00   0.00   0.00   0.00   0.00
[226,]   0.00   0.00   0.00   0.00   0.00   0.00   0.00   0.00   0.00   0.00
[227,]   0.00   0.00   0.00   0.00   0.00   0.00   0.00   0.00   0.00   0.00
[228,]   0.00   0.00   0.00   0.00   0.00   0.00   0.00   0.00   0.00   0.00
       [,138] [,139] [,140] [,141] [,142] [,143] [,144] [,145] [,146] [,147]
  [1,]   0.00   0.00   0.00   0.00   0.00   0.00   0.00   0.00   0.00   0.00
  [2,]   0.00   0.00   0.00   0.00   0.00   0.00   0.00   0.00   0.00   0.00
  [3,]   0.00   0.00   0.00   0.00   0.00   0.00   0.00   0.00   0.00   0.00
  [4,]   0.00   0.00   0.00   0.00   0.00   0.00   0.00   0.00   0.00   0.00
  [5,]   0.00   0.00   0.00   0.00   0.00   0.00   0.00   0.00   0.00   0.00
  [6,]   0.00   0.00   0.00   0.00   0.00   0.00   0.00   0.00   0.00   0.00
  [7,]   0.00   0.00   0.00   0.00   0.00   0.00   0.00   0.00   0.00   0.00
  [8,]   0.00   0.00   0.00   0.00   0.00   0.00   0.00   0.00   0.00   0.00
  [9,]   0.00   0.00   0.00   0.00   0.00   0.00   0.00   0.00   0.00   0.00
 [10,]   0.00   0.00   0.00   0.00   0.00   0.00   0.00   0.00   0.00   0.00
 [11,]   0.00   0.00   0.00   0.00   0.00   0.00   0.00   0.00   0.00   0.00
 [12,]   0.00   0.00   0.00   0.00   0.00   0.00   0.00   0.00   0.00   0.00
 [13,]   0.00   0.00   0.00   0.00   0.00   0.00   0.00   0.00   0.00   0.00
 [14,]   0.00   0.00   0.00   0.00   0.00   0.00   0.00   0.00   0.00   0.00
 [15,]   0.00   0.00   0.00   0.00   0.00   0.00   0.00   0.00   0.00   0.00
 [16,]   0.00   0.00   0.00   0.00   0.00   0.00   0.00   0.00   0.00   0.00
 [17,]   0.00   0.00   0.00   0.00   0.00   0.00   0.00   0.00   0.00   0.00
 [18,]   0.00   0.00   0.00   0.00   0.00   0.00   0.00   0.00   0.00   0.00
 [19,]   0.00   0.00   0.00   0.00   0.00   0.00   0.00   0.00   0.00   0.00
 [20,]   0.00   0.00   0.00   0.00   0.00   0.00   0.00   0.00   0.00   0.00
 [21,]   0.00   0.00   0.00   0.00   0.00   0.00   0.00   0.00   0.00   0.00
 [22,]   0.00   0.00   0.00   0.00   0.00   0.00   0.00   0.00   0.00   0.00
 [23,]   0.00   0.00   0.00   0.00   0.00   0.00   0.00   0.00   0.00   0.00
 [24,]   0.00   0.00   0.00   0.00   0.00   0.00   0.00   0.00   0.00   0.00
 [25,]   0.00   0.00   0.00   0.00   0.00   0.00   0.00   0.00   0.00   0.00
 [26,]   0.00   0.00   0.00   0.00   0.00   0.00   0.00   0.00   0.00   0.00
 [27,]   0.00   0.00   0.00   0.00   0.00   0.00   0.00   0.00   0.00   0.00
 [28,]   0.00   0.00   0.00   0.00   0.00   0.00   0.00   0.00   0.00   0.00
 [29,]   0.00   0.00   0.00   0.00   0.00   0.00   0.00   0.00   0.00   0.00
 [30,]   0.00   0.00   0.00   0.00   0.00   0.00   0.00   0.00   0.00   0.00
 [31,]   0.00   0.00   0.00   0.00   0.00   0.00   0.00   0.00   0.00   0.00
 [32,]   0.00   0.00   0.00   0.00   0.00   0.00   0.00   0.00   0.00   0.00
 [33,]   0.00   0.00   0.00   0.00   0.00   0.00   0.00   0.00   0.00   0.00
 [34,]   0.00   0.00   0.00   0.00   0.00   0.00   0.00   0.00   0.00   0.00
 [35,]   0.00   0.00   0.00   0.00   0.00   0.00   0.00   0.00   0.00   0.00
 [36,]   0.00   0.00   0.00   0.00   0.00   0.00   0.00   0.00   0.00   0.00
 [37,]   0.00   0.00   0.00   0.00   0.00   0.00   0.00   0.00   0.00   0.00
 [38,]   0.00   0.00   0.00   0.00   0.00   0.00   0.00   0.00   0.00   0.00
 [39,]   0.00   0.00   0.00   0.00   0.00   0.00   0.00   0.00   0.00   0.00
 [40,]   0.00   0.00   0.00   0.00   0.00   0.00   0.00   0.00   0.00   0.00
 [41,]   0.00   0.00   0.00   0.00   0.00   0.00   0.00   0.00   0.00   0.00
 [42,]   0.00   0.00   0.00   0.00   0.00   0.00   0.00   0.00   0.00   0.00
 [43,]   0.00   0.00   0.00   0.00   0.00   0.00   0.00   0.00   0.00   0.00
 [44,]   0.00   0.00   0.00   0.00   0.00   0.00   0.00   0.00   0.00   0.00
 [45,]   0.00   0.00   0.00   0.00   0.00   0.00   0.00   0.00   0.00   0.00
 [46,]   0.00   0.00   0.00   0.00   0.00   0.00   0.00   0.00   0.00   0.00
 [47,]   0.00   0.00   0.00   0.00   0.00   0.00   0.00   0.00   0.00   0.00
 [48,]   0.00   0.00   0.00   0.00   0.00   0.00   0.00   0.00   0.00   0.00
 [49,]   0.00   0.00   0.00   0.00   0.00   0.00   0.00   0.00   0.00   0.00
 [50,]   0.00   0.00   0.00   0.00   0.00   0.00   0.00   0.00   0.00   0.00
 [51,]   0.00   0.00   0.00   0.00   0.00   0.00   0.00   0.00   0.00   0.00
 [52,]   0.00   0.00   0.00   0.00   0.00   0.00   0.00   0.00   0.00   0.00
 [53,]   0.00   0.00   0.00   0.00   0.00   0.00   0.00   0.00   0.00   0.00
 [54,]   0.00   0.00   0.00   0.00   0.00   0.00   0.00   0.00   0.00   0.00
 [55,]   0.00   0.00   0.00   0.00   0.00   0.00   0.00   0.00   0.00   0.00
 [56,]   0.00   0.00   0.00   0.00   0.00   0.00   0.00   0.00   0.00   0.00
 [57,]   0.00   0.00   0.00   0.00   0.00   0.00   0.00   0.00   0.00   0.00
 [58,]   0.00   0.00   0.00   0.00   0.00   0.00   0.00   0.00   0.00   0.00
 [59,]   0.00   0.00   0.00   0.00   0.00   0.00   0.00   0.00   0.00   0.00
 [60,]   0.00   0.00   0.00   0.00   0.00   0.00   0.00   0.00   0.00   0.00
 [61,]   0.00   0.00   0.00   0.00   0.00   0.00   0.00   0.00   0.00   0.00
 [62,]   0.00   0.00   0.00   0.00   0.00   0.00   0.00   0.00   0.00   0.00
 [63,]   0.00   0.00   0.00   0.00   0.00   0.00   0.00   0.00   0.00   0.00
 [64,]   0.00   0.00   0.00   0.00   0.00   0.00   0.00   0.00   0.00   0.00
 [65,]   0.00   0.00   0.00   0.00   0.00   0.00   0.00   0.00   0.00   0.00
 [66,]   0.00   0.00   0.00   0.00   0.00   0.00   0.00   0.00   0.00   0.00
 [67,]   0.00   0.00   0.00   0.00   0.00   0.00   0.00   0.00   0.00   0.00
 [68,]   0.00   0.00   0.00   0.00   0.00   0.00   0.00   0.00   0.00   0.00
 [69,]   0.00   0.00   0.00   0.00   0.00   0.00   0.00   0.00   0.00   0.00
 [70,]   0.00   0.00   0.00   0.00   0.00   0.00   0.00   0.00   0.00   0.00
 [71,]   0.00   0.00   0.00   0.00   0.00   0.00   0.00   0.00   0.00   0.00
 [72,]   0.00   0.00   0.00   0.00   0.00   0.00   0.00   0.00   0.00   0.00
 [73,]   0.00   0.00   0.00   0.00   0.00   0.00   0.00   0.00   0.00   0.00
 [74,]   0.00   0.00   0.00   0.00   0.00   0.00   0.00   0.00   0.00   0.00
 [75,]   0.00   0.00   0.00   0.00   0.00   0.00   0.00   0.00   0.00   0.00
 [76,]   0.00   0.00   0.00   0.00   0.00   0.00   0.00   0.00   0.00   0.00
 [77,]   0.00   0.00   0.00   0.00   0.00   0.00   0.00   0.00   0.00   0.00
 [78,]   0.00   0.00   0.00   0.00   0.00   0.00   0.00   0.00   0.00   0.00
 [79,]   0.00   0.00   0.00   0.00   0.00   0.00   0.00   0.00   0.00   0.00
 [80,]   0.00   0.00   0.00   0.00   0.00   0.00   0.00   0.00   0.00   0.00
 [81,]   0.00   0.00   0.00   0.00   0.00   0.00   0.00   0.00   0.00   0.00
 [82,]   0.00   0.00   0.00   0.00   0.00   0.00   0.00   0.00   0.00   0.00
 [83,]   0.00   0.00   0.00   0.00   0.00   0.00   0.00   0.00   0.00   0.00
 [84,]   0.00   0.00   0.00   0.00   0.00   0.00   0.00   0.00   0.00   0.00
 [85,]   0.00   0.00   0.00   0.00   0.00   0.00   0.00   0.00   0.00   0.00
 [86,]   0.00   0.00   0.00   0.00   0.00   0.00   0.00   0.00   0.00   0.00
 [87,]   0.00   0.00   0.00   0.00   0.00   0.00   0.00   0.00   0.00   0.00
 [88,]   0.00   0.00   0.00   0.00   0.00   0.00   0.00   0.00   0.00   0.00
 [89,]   0.00   0.00   0.00   0.00   0.00   0.00   0.00   0.00   0.00   0.00
 [90,]   0.00   0.00   0.00   0.00   0.00   0.00   0.00   0.00   0.00   0.00
 [91,]   0.00   0.00   0.00   0.00   0.00   0.00   0.00   0.00   0.00   0.00
 [92,]   0.00   0.00   0.00   0.00   0.00   0.00   0.00   0.00   0.00   0.00
 [93,]   0.00   0.00   0.00   0.00   0.00   0.00   0.00   0.00   0.00   0.00
 [94,]   0.00   0.00   0.00   0.00   0.00   0.00   0.00   0.00   0.00   0.00
 [95,]   0.00   0.00   0.00   0.00   0.00   0.00   0.00   0.00   0.00   0.00
 [96,]   0.00   0.00   0.00   0.00   0.00   0.00   0.00   0.00   0.00   0.00
 [97,]   0.00   0.00   0.00   0.00   0.00   0.00   0.00   0.00   0.00   0.00
 [98,]   0.00   0.00   0.00   0.00   0.00   0.00   0.00   0.00   0.00   0.00
 [99,]   0.00   0.00   0.00   0.00   0.00   0.00   0.00   0.00   0.00   0.00
[100,]   0.00   0.00   0.00   0.00   0.00   0.00   0.00   0.00   0.00   0.00
[101,]   0.00   0.00   0.00   0.00   0.00   0.00   0.00   0.00   0.00   0.00
[102,]   0.00   0.00   0.00   0.00   0.00   0.00   0.00   0.00   0.00   0.00
[103,]   0.00   0.00   0.00   0.00   0.00   0.00   0.00   0.00   0.00   0.00
[104,]   0.00   0.00   0.00   0.00   0.00   0.00   0.00   0.00   0.00   0.00
[105,]   0.00   0.00   0.00   0.00   0.00   0.00   0.00   0.00   0.00   0.00
[106,]   0.00   0.00   0.00   0.00   0.00   0.00   0.00   0.00   0.00   0.00
[107,]   0.00   0.00   0.00   0.00   0.00   0.00   0.00   0.00   0.00   0.00
[108,]   0.00   0.00   0.00   0.00   0.00   0.00   0.00   0.00   0.00   0.00
[109,]   0.00   0.00   0.00   0.00   0.00   0.00   0.00   0.00   0.00   0.00
[110,]   0.00   0.00   0.00   0.00   0.00   0.00   0.00   0.00   0.00   0.00
[111,]   0.00   0.00   0.00   0.00   0.00   0.00   0.00   0.00   0.00   0.00
[112,]   0.00   0.00   0.00   0.00   0.00   0.00   0.00   0.00   0.00   0.00
[113,]   0.00   0.00   0.00   0.00   0.00   0.00   0.00   0.00   0.00   0.00
[114,]   0.00   0.00   0.00   0.00   0.00   0.00   0.00   0.00   0.00   0.00
[115,]   0.00   0.00   0.00   0.00   0.00   0.00   0.00   0.00   0.00   0.00
[116,]   0.00   0.00   0.00   0.00   0.00   0.00   0.00   0.00   0.00   0.00
[117,]   0.00   0.00   0.00   0.00   0.00   0.00   0.00   0.00   0.00   0.00
[118,]   0.00   0.00   0.00   0.00   0.00   0.00   0.00   0.00   0.00   0.00
[119,]   0.00   0.00   0.00   0.00   0.00   0.00   0.00   0.00   0.00   0.00
[120,]   0.00   0.00   0.00   0.00   0.00   0.00   0.00   0.00   0.00   0.00
[121,]   0.00   0.00   0.00   0.00   0.00   0.00   0.00   0.00   0.00   0.00
[122,]   0.00   0.00   0.00   0.00   0.00   0.00   0.00   0.00   0.00   0.00
[123,]   0.00   0.00   0.00   0.00   0.00   0.00   0.00   0.00   0.00   0.00
[124,]   0.00   0.00   0.00   0.00   0.00   0.00   0.00   0.00   0.00   0.00
[125,]   0.00   0.00   0.00   0.00   0.00   0.00   0.00   0.00   0.00   0.00
[126,]   0.00   0.00   0.00   0.00   0.00   0.00   0.00   0.00   0.00   0.00
[127,]   0.00   0.00   0.00   0.00   0.00   0.00   0.00   0.00   0.00   0.00
[128,]   0.00   0.00   0.00   0.00   0.00   0.00   0.00   0.00   0.00   0.00
[129,]   0.00   0.00   0.00   0.00   0.00   0.00   0.00   0.00   0.00   0.00
[130,]   0.00   0.00   0.00   0.00   0.00   0.00   0.00   0.00   0.00   0.00
[131,]   0.00   0.00   0.00   0.00   0.00   0.00   0.00   0.00   0.00   0.00
[132,]   0.00   0.00   0.00   0.00   0.00   0.00   0.00   0.00   0.00   0.00
[133,]   0.00   0.00   0.00   0.00   0.00   0.00   0.00   0.00   0.00   0.00
[134,]   0.00   0.00   0.00   0.00   0.00   0.00   0.00   0.00   0.00   0.00
[135,]   0.00   0.00   0.00   0.00   0.00   0.00   0.00   0.00   0.00   0.00
[136,]   0.00   0.00   0.00   0.00   0.00   0.00   0.00   0.00   0.00   0.00
[137,]   0.00   0.00   0.00   0.00   0.00   0.00   0.00   0.00   0.00   0.00
[138,]   0.01   0.00   0.00   0.00   0.00   0.00   0.00   0.00   0.00   0.00
[139,]   0.00   0.01   0.00   0.00   0.00   0.00   0.00   0.00   0.00   0.00
[140,]   0.00   0.00   0.01   0.00   0.00   0.00   0.00   0.00   0.00   0.00
[141,]   0.00   0.00   0.00   0.01   0.00   0.00   0.00   0.00   0.00   0.00
[142,]   0.00   0.00   0.00   0.00   0.01   0.00   0.00   0.00   0.00   0.00
[143,]   0.00   0.00   0.00   0.00   0.00   0.01   0.00   0.00   0.00   0.00
[144,]   0.00   0.00   0.00   0.00   0.00   0.00   0.01   0.00   0.00   0.00
[145,]   0.00   0.00   0.00   0.00   0.00   0.00   0.00   0.01   0.00   0.00
[146,]   0.00   0.00   0.00   0.00   0.00   0.00   0.00   0.00   0.01   0.00
[147,]   0.00   0.00   0.00   0.00   0.00   0.00   0.00   0.00   0.00   0.01
[148,]   0.00   0.00   0.00   0.00   0.00   0.00   0.00   0.00   0.00   0.00
[149,]   0.00   0.00   0.00   0.00   0.00   0.00   0.00   0.00   0.00   0.00
[150,]   0.00   0.00   0.00   0.00   0.00   0.00   0.00   0.00   0.00   0.00
[151,]   0.00   0.00   0.00   0.00   0.00   0.00   0.00   0.00   0.00   0.00
[152,]   0.00   0.00   0.00   0.00   0.00   0.00   0.00   0.00   0.00   0.00
[153,]   0.00   0.00   0.00   0.00   0.00   0.00   0.00   0.00   0.00   0.00
[154,]   0.00   0.00   0.00   0.00   0.00   0.00   0.00   0.00   0.00   0.00
[155,]   0.00   0.00   0.00   0.00   0.00   0.00   0.00   0.00   0.00   0.00
[156,]   0.00   0.00   0.00   0.00   0.00   0.00   0.00   0.00   0.00   0.00
[157,]   0.00   0.00   0.00   0.00   0.00   0.00   0.00   0.00   0.00   0.00
[158,]   0.00   0.00   0.00   0.00   0.00   0.00   0.00   0.00   0.00   0.00
[159,]   0.00   0.00   0.00   0.00   0.00   0.00   0.00   0.00   0.00   0.00
[160,]   0.00   0.00   0.00   0.00   0.00   0.00   0.00   0.00   0.00   0.00
[161,]   0.00   0.00   0.00   0.00   0.00   0.00   0.00   0.00   0.00   0.00
[162,]   0.00   0.00   0.00   0.00   0.00   0.00   0.00   0.00   0.00   0.00
[163,]   0.00   0.00   0.00   0.00   0.00   0.00   0.00   0.00   0.00   0.00
[164,]   0.00   0.00   0.00   0.00   0.00   0.00   0.00   0.00   0.00   0.00
[165,]   0.00   0.00   0.00   0.00   0.00   0.00   0.00   0.00   0.00   0.00
[166,]   0.00   0.00   0.00   0.00   0.00   0.00   0.00   0.00   0.00   0.00
[167,]   0.00   0.00   0.00   0.00   0.00   0.00   0.00   0.00   0.00   0.00
[168,]   0.00   0.00   0.00   0.00   0.00   0.00   0.00   0.00   0.00   0.00
[169,]   0.00   0.00   0.00   0.00   0.00   0.00   0.00   0.00   0.00   0.00
[170,]   0.00   0.00   0.00   0.00   0.00   0.00   0.00   0.00   0.00   0.00
[171,]   0.00   0.00   0.00   0.00   0.00   0.00   0.00   0.00   0.00   0.00
[172,]   0.00   0.00   0.00   0.00   0.00   0.00   0.00   0.00   0.00   0.00
[173,]   0.00   0.00   0.00   0.00   0.00   0.00   0.00   0.00   0.00   0.00
[174,]   0.00   0.00   0.00   0.00   0.00   0.00   0.00   0.00   0.00   0.00
[175,]   0.00   0.00   0.00   0.00   0.00   0.00   0.00   0.00   0.00   0.00
[176,]   0.00   0.00   0.00   0.00   0.00   0.00   0.00   0.00   0.00   0.00
[177,]   0.00   0.00   0.00   0.00   0.00   0.00   0.00   0.00   0.00   0.00
[178,]   0.00   0.00   0.00   0.00   0.00   0.00   0.00   0.00   0.00   0.00
[179,]   0.00   0.00   0.00   0.00   0.00   0.00   0.00   0.00   0.00   0.00
[180,]   0.00   0.00   0.00   0.00   0.00   0.00   0.00   0.00   0.00   0.00
[181,]   0.00   0.00   0.00   0.00   0.00   0.00   0.00   0.00   0.00   0.00
[182,]   0.00   0.00   0.00   0.00   0.00   0.00   0.00   0.00   0.00   0.00
[183,]   0.00   0.00   0.00   0.00   0.00   0.00   0.00   0.00   0.00   0.00
[184,]   0.00   0.00   0.00   0.00   0.00   0.00   0.00   0.00   0.00   0.00
[185,]   0.00   0.00   0.00   0.00   0.00   0.00   0.00   0.00   0.00   0.00
[186,]   0.00   0.00   0.00   0.00   0.00   0.00   0.00   0.00   0.00   0.00
[187,]   0.00   0.00   0.00   0.00   0.00   0.00   0.00   0.00   0.00   0.00
[188,]   0.00   0.00   0.00   0.00   0.00   0.00   0.00   0.00   0.00   0.00
[189,]   0.00   0.00   0.00   0.00   0.00   0.00   0.00   0.00   0.00   0.00
[190,]   0.00   0.00   0.00   0.00   0.00   0.00   0.00   0.00   0.00   0.00
[191,]   0.00   0.00   0.00   0.00   0.00   0.00   0.00   0.00   0.00   0.00
[192,]   0.00   0.00   0.00   0.00   0.00   0.00   0.00   0.00   0.00   0.00
[193,]   0.00   0.00   0.00   0.00   0.00   0.00   0.00   0.00   0.00   0.00
[194,]   0.00   0.00   0.00   0.00   0.00   0.00   0.00   0.00   0.00   0.00
[195,]   0.00   0.00   0.00   0.00   0.00   0.00   0.00   0.00   0.00   0.00
[196,]   0.00   0.00   0.00   0.00   0.00   0.00   0.00   0.00   0.00   0.00
[197,]   0.00   0.00   0.00   0.00   0.00   0.00   0.00   0.00   0.00   0.00
[198,]   0.00   0.00   0.00   0.00   0.00   0.00   0.00   0.00   0.00   0.00
[199,]   0.00   0.00   0.00   0.00   0.00   0.00   0.00   0.00   0.00   0.00
[200,]   0.00   0.00   0.00   0.00   0.00   0.00   0.00   0.00   0.00   0.00
[201,]   0.00   0.00   0.00   0.00   0.00   0.00   0.00   0.00   0.00   0.00
[202,]   0.00   0.00   0.00   0.00   0.00   0.00   0.00   0.00   0.00   0.00
[203,]   0.00   0.00   0.00   0.00   0.00   0.00   0.00   0.00   0.00   0.00
[204,]   0.00   0.00   0.00   0.00   0.00   0.00   0.00   0.00   0.00   0.00
[205,]   0.00   0.00   0.00   0.00   0.00   0.00   0.00   0.00   0.00   0.00
[206,]   0.00   0.00   0.00   0.00   0.00   0.00   0.00   0.00   0.00   0.00
[207,]   0.00   0.00   0.00   0.00   0.00   0.00   0.00   0.00   0.00   0.00
[208,]   0.00   0.00   0.00   0.00   0.00   0.00   0.00   0.00   0.00   0.00
[209,]   0.00   0.00   0.00   0.00   0.00   0.00   0.00   0.00   0.00   0.00
[210,]   0.00   0.00   0.00   0.00   0.00   0.00   0.00   0.00   0.00   0.00
[211,]   0.00   0.00   0.00   0.00   0.00   0.00   0.00   0.00   0.00   0.00
[212,]   0.00   0.00   0.00   0.00   0.00   0.00   0.00   0.00   0.00   0.00
[213,]   0.00   0.00   0.00   0.00   0.00   0.00   0.00   0.00   0.00   0.00
[214,]   0.00   0.00   0.00   0.00   0.00   0.00   0.00   0.00   0.00   0.00
[215,]   0.00   0.00   0.00   0.00   0.00   0.00   0.00   0.00   0.00   0.00
[216,]   0.00   0.00   0.00   0.00   0.00   0.00   0.00   0.00   0.00   0.00
[217,]   0.00   0.00   0.00   0.00   0.00   0.00   0.00   0.00   0.00   0.00
[218,]   0.00   0.00   0.00   0.00   0.00   0.00   0.00   0.00   0.00   0.00
[219,]   0.00   0.00   0.00   0.00   0.00   0.00   0.00   0.00   0.00   0.00
[220,]   0.00   0.00   0.00   0.00   0.00   0.00   0.00   0.00   0.00   0.00
[221,]   0.00   0.00   0.00   0.00   0.00   0.00   0.00   0.00   0.00   0.00
[222,]   0.00   0.00   0.00   0.00   0.00   0.00   0.00   0.00   0.00   0.00
[223,]   0.00   0.00   0.00   0.00   0.00   0.00   0.00   0.00   0.00   0.00
[224,]   0.00   0.00   0.00   0.00   0.00   0.00   0.00   0.00   0.00   0.00
[225,]   0.00   0.00   0.00   0.00   0.00   0.00   0.00   0.00   0.00   0.00
[226,]   0.00   0.00   0.00   0.00   0.00   0.00   0.00   0.00   0.00   0.00
[227,]   0.00   0.00   0.00   0.00   0.00   0.00   0.00   0.00   0.00   0.00
[228,]   0.00   0.00   0.00   0.00   0.00   0.00   0.00   0.00   0.00   0.00
       [,148] [,149] [,150] [,151] [,152] [,153] [,154] [,155] [,156] [,157]
  [1,]   0.00   0.00   0.00   0.00   0.00   0.00   0.00   0.00   0.00   0.00
  [2,]   0.00   0.00   0.00   0.00   0.00   0.00   0.00   0.00   0.00   0.00
  [3,]   0.00   0.00   0.00   0.00   0.00   0.00   0.00   0.00   0.00   0.00
  [4,]   0.00   0.00   0.00   0.00   0.00   0.00   0.00   0.00   0.00   0.00
  [5,]   0.00   0.00   0.00   0.00   0.00   0.00   0.00   0.00   0.00   0.00
  [6,]   0.00   0.00   0.00   0.00   0.00   0.00   0.00   0.00   0.00   0.00
  [7,]   0.00   0.00   0.00   0.00   0.00   0.00   0.00   0.00   0.00   0.00
  [8,]   0.00   0.00   0.00   0.00   0.00   0.00   0.00   0.00   0.00   0.00
  [9,]   0.00   0.00   0.00   0.00   0.00   0.00   0.00   0.00   0.00   0.00
 [10,]   0.00   0.00   0.00   0.00   0.00   0.00   0.00   0.00   0.00   0.00
 [11,]   0.00   0.00   0.00   0.00   0.00   0.00   0.00   0.00   0.00   0.00
 [12,]   0.00   0.00   0.00   0.00   0.00   0.00   0.00   0.00   0.00   0.00
 [13,]   0.00   0.00   0.00   0.00   0.00   0.00   0.00   0.00   0.00   0.00
 [14,]   0.00   0.00   0.00   0.00   0.00   0.00   0.00   0.00   0.00   0.00
 [15,]   0.00   0.00   0.00   0.00   0.00   0.00   0.00   0.00   0.00   0.00
 [16,]   0.00   0.00   0.00   0.00   0.00   0.00   0.00   0.00   0.00   0.00
 [17,]   0.00   0.00   0.00   0.00   0.00   0.00   0.00   0.00   0.00   0.00
 [18,]   0.00   0.00   0.00   0.00   0.00   0.00   0.00   0.00   0.00   0.00
 [19,]   0.00   0.00   0.00   0.00   0.00   0.00   0.00   0.00   0.00   0.00
 [20,]   0.00   0.00   0.00   0.00   0.00   0.00   0.00   0.00   0.00   0.00
 [21,]   0.00   0.00   0.00   0.00   0.00   0.00   0.00   0.00   0.00   0.00
 [22,]   0.00   0.00   0.00   0.00   0.00   0.00   0.00   0.00   0.00   0.00
 [23,]   0.00   0.00   0.00   0.00   0.00   0.00   0.00   0.00   0.00   0.00
 [24,]   0.00   0.00   0.00   0.00   0.00   0.00   0.00   0.00   0.00   0.00
 [25,]   0.00   0.00   0.00   0.00   0.00   0.00   0.00   0.00   0.00   0.00
 [26,]   0.00   0.00   0.00   0.00   0.00   0.00   0.00   0.00   0.00   0.00
 [27,]   0.00   0.00   0.00   0.00   0.00   0.00   0.00   0.00   0.00   0.00
 [28,]   0.00   0.00   0.00   0.00   0.00   0.00   0.00   0.00   0.00   0.00
 [29,]   0.00   0.00   0.00   0.00   0.00   0.00   0.00   0.00   0.00   0.00
 [30,]   0.00   0.00   0.00   0.00   0.00   0.00   0.00   0.00   0.00   0.00
 [31,]   0.00   0.00   0.00   0.00   0.00   0.00   0.00   0.00   0.00   0.00
 [32,]   0.00   0.00   0.00   0.00   0.00   0.00   0.00   0.00   0.00   0.00
 [33,]   0.00   0.00   0.00   0.00   0.00   0.00   0.00   0.00   0.00   0.00
 [34,]   0.00   0.00   0.00   0.00   0.00   0.00   0.00   0.00   0.00   0.00
 [35,]   0.00   0.00   0.00   0.00   0.00   0.00   0.00   0.00   0.00   0.00
 [36,]   0.00   0.00   0.00   0.00   0.00   0.00   0.00   0.00   0.00   0.00
 [37,]   0.00   0.00   0.00   0.00   0.00   0.00   0.00   0.00   0.00   0.00
 [38,]   0.00   0.00   0.00   0.00   0.00   0.00   0.00   0.00   0.00   0.00
 [39,]   0.00   0.00   0.00   0.00   0.00   0.00   0.00   0.00   0.00   0.00
 [40,]   0.00   0.00   0.00   0.00   0.00   0.00   0.00   0.00   0.00   0.00
 [41,]   0.00   0.00   0.00   0.00   0.00   0.00   0.00   0.00   0.00   0.00
 [42,]   0.00   0.00   0.00   0.00   0.00   0.00   0.00   0.00   0.00   0.00
 [43,]   0.00   0.00   0.00   0.00   0.00   0.00   0.00   0.00   0.00   0.00
 [44,]   0.00   0.00   0.00   0.00   0.00   0.00   0.00   0.00   0.00   0.00
 [45,]   0.00   0.00   0.00   0.00   0.00   0.00   0.00   0.00   0.00   0.00
 [46,]   0.00   0.00   0.00   0.00   0.00   0.00   0.00   0.00   0.00   0.00
 [47,]   0.00   0.00   0.00   0.00   0.00   0.00   0.00   0.00   0.00   0.00
 [48,]   0.00   0.00   0.00   0.00   0.00   0.00   0.00   0.00   0.00   0.00
 [49,]   0.00   0.00   0.00   0.00   0.00   0.00   0.00   0.00   0.00   0.00
 [50,]   0.00   0.00   0.00   0.00   0.00   0.00   0.00   0.00   0.00   0.00
 [51,]   0.00   0.00   0.00   0.00   0.00   0.00   0.00   0.00   0.00   0.00
 [52,]   0.00   0.00   0.00   0.00   0.00   0.00   0.00   0.00   0.00   0.00
 [53,]   0.00   0.00   0.00   0.00   0.00   0.00   0.00   0.00   0.00   0.00
 [54,]   0.00   0.00   0.00   0.00   0.00   0.00   0.00   0.00   0.00   0.00
 [55,]   0.00   0.00   0.00   0.00   0.00   0.00   0.00   0.00   0.00   0.00
 [56,]   0.00   0.00   0.00   0.00   0.00   0.00   0.00   0.00   0.00   0.00
 [57,]   0.00   0.00   0.00   0.00   0.00   0.00   0.00   0.00   0.00   0.00
 [58,]   0.00   0.00   0.00   0.00   0.00   0.00   0.00   0.00   0.00   0.00
 [59,]   0.00   0.00   0.00   0.00   0.00   0.00   0.00   0.00   0.00   0.00
 [60,]   0.00   0.00   0.00   0.00   0.00   0.00   0.00   0.00   0.00   0.00
 [61,]   0.00   0.00   0.00   0.00   0.00   0.00   0.00   0.00   0.00   0.00
 [62,]   0.00   0.00   0.00   0.00   0.00   0.00   0.00   0.00   0.00   0.00
 [63,]   0.00   0.00   0.00   0.00   0.00   0.00   0.00   0.00   0.00   0.00
 [64,]   0.00   0.00   0.00   0.00   0.00   0.00   0.00   0.00   0.00   0.00
 [65,]   0.00   0.00   0.00   0.00   0.00   0.00   0.00   0.00   0.00   0.00
 [66,]   0.00   0.00   0.00   0.00   0.00   0.00   0.00   0.00   0.00   0.00
 [67,]   0.00   0.00   0.00   0.00   0.00   0.00   0.00   0.00   0.00   0.00
 [68,]   0.00   0.00   0.00   0.00   0.00   0.00   0.00   0.00   0.00   0.00
 [69,]   0.00   0.00   0.00   0.00   0.00   0.00   0.00   0.00   0.00   0.00
 [70,]   0.00   0.00   0.00   0.00   0.00   0.00   0.00   0.00   0.00   0.00
 [71,]   0.00   0.00   0.00   0.00   0.00   0.00   0.00   0.00   0.00   0.00
 [72,]   0.00   0.00   0.00   0.00   0.00   0.00   0.00   0.00   0.00   0.00
 [73,]   0.00   0.00   0.00   0.00   0.00   0.00   0.00   0.00   0.00   0.00
 [74,]   0.00   0.00   0.00   0.00   0.00   0.00   0.00   0.00   0.00   0.00
 [75,]   0.00   0.00   0.00   0.00   0.00   0.00   0.00   0.00   0.00   0.00
 [76,]   0.00   0.00   0.00   0.00   0.00   0.00   0.00   0.00   0.00   0.00
 [77,]   0.00   0.00   0.00   0.00   0.00   0.00   0.00   0.00   0.00   0.00
 [78,]   0.00   0.00   0.00   0.00   0.00   0.00   0.00   0.00   0.00   0.00
 [79,]   0.00   0.00   0.00   0.00   0.00   0.00   0.00   0.00   0.00   0.00
 [80,]   0.00   0.00   0.00   0.00   0.00   0.00   0.00   0.00   0.00   0.00
 [81,]   0.00   0.00   0.00   0.00   0.00   0.00   0.00   0.00   0.00   0.00
 [82,]   0.00   0.00   0.00   0.00   0.00   0.00   0.00   0.00   0.00   0.00
 [83,]   0.00   0.00   0.00   0.00   0.00   0.00   0.00   0.00   0.00   0.00
 [84,]   0.00   0.00   0.00   0.00   0.00   0.00   0.00   0.00   0.00   0.00
 [85,]   0.00   0.00   0.00   0.00   0.00   0.00   0.00   0.00   0.00   0.00
 [86,]   0.00   0.00   0.00   0.00   0.00   0.00   0.00   0.00   0.00   0.00
 [87,]   0.00   0.00   0.00   0.00   0.00   0.00   0.00   0.00   0.00   0.00
 [88,]   0.00   0.00   0.00   0.00   0.00   0.00   0.00   0.00   0.00   0.00
 [89,]   0.00   0.00   0.00   0.00   0.00   0.00   0.00   0.00   0.00   0.00
 [90,]   0.00   0.00   0.00   0.00   0.00   0.00   0.00   0.00   0.00   0.00
 [91,]   0.00   0.00   0.00   0.00   0.00   0.00   0.00   0.00   0.00   0.00
 [92,]   0.00   0.00   0.00   0.00   0.00   0.00   0.00   0.00   0.00   0.00
 [93,]   0.00   0.00   0.00   0.00   0.00   0.00   0.00   0.00   0.00   0.00
 [94,]   0.00   0.00   0.00   0.00   0.00   0.00   0.00   0.00   0.00   0.00
 [95,]   0.00   0.00   0.00   0.00   0.00   0.00   0.00   0.00   0.00   0.00
 [96,]   0.00   0.00   0.00   0.00   0.00   0.00   0.00   0.00   0.00   0.00
 [97,]   0.00   0.00   0.00   0.00   0.00   0.00   0.00   0.00   0.00   0.00
 [98,]   0.00   0.00   0.00   0.00   0.00   0.00   0.00   0.00   0.00   0.00
 [99,]   0.00   0.00   0.00   0.00   0.00   0.00   0.00   0.00   0.00   0.00
[100,]   0.00   0.00   0.00   0.00   0.00   0.00   0.00   0.00   0.00   0.00
[101,]   0.00   0.00   0.00   0.00   0.00   0.00   0.00   0.00   0.00   0.00
[102,]   0.00   0.00   0.00   0.00   0.00   0.00   0.00   0.00   0.00   0.00
[103,]   0.00   0.00   0.00   0.00   0.00   0.00   0.00   0.00   0.00   0.00
[104,]   0.00   0.00   0.00   0.00   0.00   0.00   0.00   0.00   0.00   0.00
[105,]   0.00   0.00   0.00   0.00   0.00   0.00   0.00   0.00   0.00   0.00
[106,]   0.00   0.00   0.00   0.00   0.00   0.00   0.00   0.00   0.00   0.00
[107,]   0.00   0.00   0.00   0.00   0.00   0.00   0.00   0.00   0.00   0.00
[108,]   0.00   0.00   0.00   0.00   0.00   0.00   0.00   0.00   0.00   0.00
[109,]   0.00   0.00   0.00   0.00   0.00   0.00   0.00   0.00   0.00   0.00
[110,]   0.00   0.00   0.00   0.00   0.00   0.00   0.00   0.00   0.00   0.00
[111,]   0.00   0.00   0.00   0.00   0.00   0.00   0.00   0.00   0.00   0.00
[112,]   0.00   0.00   0.00   0.00   0.00   0.00   0.00   0.00   0.00   0.00
[113,]   0.00   0.00   0.00   0.00   0.00   0.00   0.00   0.00   0.00   0.00
[114,]   0.00   0.00   0.00   0.00   0.00   0.00   0.00   0.00   0.00   0.00
[115,]   0.00   0.00   0.00   0.00   0.00   0.00   0.00   0.00   0.00   0.00
[116,]   0.00   0.00   0.00   0.00   0.00   0.00   0.00   0.00   0.00   0.00
[117,]   0.00   0.00   0.00   0.00   0.00   0.00   0.00   0.00   0.00   0.00
[118,]   0.00   0.00   0.00   0.00   0.00   0.00   0.00   0.00   0.00   0.00
[119,]   0.00   0.00   0.00   0.00   0.00   0.00   0.00   0.00   0.00   0.00
[120,]   0.00   0.00   0.00   0.00   0.00   0.00   0.00   0.00   0.00   0.00
[121,]   0.00   0.00   0.00   0.00   0.00   0.00   0.00   0.00   0.00   0.00
[122,]   0.00   0.00   0.00   0.00   0.00   0.00   0.00   0.00   0.00   0.00
[123,]   0.00   0.00   0.00   0.00   0.00   0.00   0.00   0.00   0.00   0.00
[124,]   0.00   0.00   0.00   0.00   0.00   0.00   0.00   0.00   0.00   0.00
[125,]   0.00   0.00   0.00   0.00   0.00   0.00   0.00   0.00   0.00   0.00
[126,]   0.00   0.00   0.00   0.00   0.00   0.00   0.00   0.00   0.00   0.00
[127,]   0.00   0.00   0.00   0.00   0.00   0.00   0.00   0.00   0.00   0.00
[128,]   0.00   0.00   0.00   0.00   0.00   0.00   0.00   0.00   0.00   0.00
[129,]   0.00   0.00   0.00   0.00   0.00   0.00   0.00   0.00   0.00   0.00
[130,]   0.00   0.00   0.00   0.00   0.00   0.00   0.00   0.00   0.00   0.00
[131,]   0.00   0.00   0.00   0.00   0.00   0.00   0.00   0.00   0.00   0.00
[132,]   0.00   0.00   0.00   0.00   0.00   0.00   0.00   0.00   0.00   0.00
[133,]   0.00   0.00   0.00   0.00   0.00   0.00   0.00   0.00   0.00   0.00
[134,]   0.00   0.00   0.00   0.00   0.00   0.00   0.00   0.00   0.00   0.00
[135,]   0.00   0.00   0.00   0.00   0.00   0.00   0.00   0.00   0.00   0.00
[136,]   0.00   0.00   0.00   0.00   0.00   0.00   0.00   0.00   0.00   0.00
[137,]   0.00   0.00   0.00   0.00   0.00   0.00   0.00   0.00   0.00   0.00
[138,]   0.00   0.00   0.00   0.00   0.00   0.00   0.00   0.00   0.00   0.00
[139,]   0.00   0.00   0.00   0.00   0.00   0.00   0.00   0.00   0.00   0.00
[140,]   0.00   0.00   0.00   0.00   0.00   0.00   0.00   0.00   0.00   0.00
[141,]   0.00   0.00   0.00   0.00   0.00   0.00   0.00   0.00   0.00   0.00
[142,]   0.00   0.00   0.00   0.00   0.00   0.00   0.00   0.00   0.00   0.00
[143,]   0.00   0.00   0.00   0.00   0.00   0.00   0.00   0.00   0.00   0.00
[144,]   0.00   0.00   0.00   0.00   0.00   0.00   0.00   0.00   0.00   0.00
[145,]   0.00   0.00   0.00   0.00   0.00   0.00   0.00   0.00   0.00   0.00
[146,]   0.00   0.00   0.00   0.00   0.00   0.00   0.00   0.00   0.00   0.00
[147,]   0.00   0.00   0.00   0.00   0.00   0.00   0.00   0.00   0.00   0.00
[148,]   0.01   0.00   0.00   0.00   0.00   0.00   0.00   0.00   0.00   0.00
[149,]   0.00   0.01   0.00   0.00   0.00   0.00   0.00   0.00   0.00   0.00
[150,]   0.00   0.00   0.01   0.00   0.00   0.00   0.00   0.00   0.00   0.00
[151,]   0.00   0.00   0.00   0.01   0.00   0.00   0.00   0.00   0.00   0.00
[152,]   0.00   0.00   0.00   0.00   0.01   0.00   0.00   0.00   0.00   0.00
[153,]   0.00   0.00   0.00   0.00   0.00   0.01   0.00   0.00   0.00   0.00
[154,]   0.00   0.00   0.00   0.00   0.00   0.00   0.01   0.00   0.00   0.00
[155,]   0.00   0.00   0.00   0.00   0.00   0.00   0.00   0.01   0.00   0.00
[156,]   0.00   0.00   0.00   0.00   0.00   0.00   0.00   0.00   0.01   0.00
[157,]   0.00   0.00   0.00   0.00   0.00   0.00   0.00   0.00   0.00   0.01
[158,]   0.00   0.00   0.00   0.00   0.00   0.00   0.00   0.00   0.00   0.00
[159,]   0.00   0.00   0.00   0.00   0.00   0.00   0.00   0.00   0.00   0.00
[160,]   0.00   0.00   0.00   0.00   0.00   0.00   0.00   0.00   0.00   0.00
[161,]   0.00   0.00   0.00   0.00   0.00   0.00   0.00   0.00   0.00   0.00
[162,]   0.00   0.00   0.00   0.00   0.00   0.00   0.00   0.00   0.00   0.00
[163,]   0.00   0.00   0.00   0.00   0.00   0.00   0.00   0.00   0.00   0.00
[164,]   0.00   0.00   0.00   0.00   0.00   0.00   0.00   0.00   0.00   0.00
[165,]   0.00   0.00   0.00   0.00   0.00   0.00   0.00   0.00   0.00   0.00
[166,]   0.00   0.00   0.00   0.00   0.00   0.00   0.00   0.00   0.00   0.00
[167,]   0.00   0.00   0.00   0.00   0.00   0.00   0.00   0.00   0.00   0.00
[168,]   0.00   0.00   0.00   0.00   0.00   0.00   0.00   0.00   0.00   0.00
[169,]   0.00   0.00   0.00   0.00   0.00   0.00   0.00   0.00   0.00   0.00
[170,]   0.00   0.00   0.00   0.00   0.00   0.00   0.00   0.00   0.00   0.00
[171,]   0.00   0.00   0.00   0.00   0.00   0.00   0.00   0.00   0.00   0.00
[172,]   0.00   0.00   0.00   0.00   0.00   0.00   0.00   0.00   0.00   0.00
[173,]   0.00   0.00   0.00   0.00   0.00   0.00   0.00   0.00   0.00   0.00
[174,]   0.00   0.00   0.00   0.00   0.00   0.00   0.00   0.00   0.00   0.00
[175,]   0.00   0.00   0.00   0.00   0.00   0.00   0.00   0.00   0.00   0.00
[176,]   0.00   0.00   0.00   0.00   0.00   0.00   0.00   0.00   0.00   0.00
[177,]   0.00   0.00   0.00   0.00   0.00   0.00   0.00   0.00   0.00   0.00
[178,]   0.00   0.00   0.00   0.00   0.00   0.00   0.00   0.00   0.00   0.00
[179,]   0.00   0.00   0.00   0.00   0.00   0.00   0.00   0.00   0.00   0.00
[180,]   0.00   0.00   0.00   0.00   0.00   0.00   0.00   0.00   0.00   0.00
[181,]   0.00   0.00   0.00   0.00   0.00   0.00   0.00   0.00   0.00   0.00
[182,]   0.00   0.00   0.00   0.00   0.00   0.00   0.00   0.00   0.00   0.00
[183,]   0.00   0.00   0.00   0.00   0.00   0.00   0.00   0.00   0.00   0.00
[184,]   0.00   0.00   0.00   0.00   0.00   0.00   0.00   0.00   0.00   0.00
[185,]   0.00   0.00   0.00   0.00   0.00   0.00   0.00   0.00   0.00   0.00
[186,]   0.00   0.00   0.00   0.00   0.00   0.00   0.00   0.00   0.00   0.00
[187,]   0.00   0.00   0.00   0.00   0.00   0.00   0.00   0.00   0.00   0.00
[188,]   0.00   0.00   0.00   0.00   0.00   0.00   0.00   0.00   0.00   0.00
[189,]   0.00   0.00   0.00   0.00   0.00   0.00   0.00   0.00   0.00   0.00
[190,]   0.00   0.00   0.00   0.00   0.00   0.00   0.00   0.00   0.00   0.00
[191,]   0.00   0.00   0.00   0.00   0.00   0.00   0.00   0.00   0.00   0.00
[192,]   0.00   0.00   0.00   0.00   0.00   0.00   0.00   0.00   0.00   0.00
[193,]   0.00   0.00   0.00   0.00   0.00   0.00   0.00   0.00   0.00   0.00
[194,]   0.00   0.00   0.00   0.00   0.00   0.00   0.00   0.00   0.00   0.00
[195,]   0.00   0.00   0.00   0.00   0.00   0.00   0.00   0.00   0.00   0.00
[196,]   0.00   0.00   0.00   0.00   0.00   0.00   0.00   0.00   0.00   0.00
[197,]   0.00   0.00   0.00   0.00   0.00   0.00   0.00   0.00   0.00   0.00
[198,]   0.00   0.00   0.00   0.00   0.00   0.00   0.00   0.00   0.00   0.00
[199,]   0.00   0.00   0.00   0.00   0.00   0.00   0.00   0.00   0.00   0.00
[200,]   0.00   0.00   0.00   0.00   0.00   0.00   0.00   0.00   0.00   0.00
[201,]   0.00   0.00   0.00   0.00   0.00   0.00   0.00   0.00   0.00   0.00
[202,]   0.00   0.00   0.00   0.00   0.00   0.00   0.00   0.00   0.00   0.00
[203,]   0.00   0.00   0.00   0.00   0.00   0.00   0.00   0.00   0.00   0.00
[204,]   0.00   0.00   0.00   0.00   0.00   0.00   0.00   0.00   0.00   0.00
[205,]   0.00   0.00   0.00   0.00   0.00   0.00   0.00   0.00   0.00   0.00
[206,]   0.00   0.00   0.00   0.00   0.00   0.00   0.00   0.00   0.00   0.00
[207,]   0.00   0.00   0.00   0.00   0.00   0.00   0.00   0.00   0.00   0.00
[208,]   0.00   0.00   0.00   0.00   0.00   0.00   0.00   0.00   0.00   0.00
[209,]   0.00   0.00   0.00   0.00   0.00   0.00   0.00   0.00   0.00   0.00
[210,]   0.00   0.00   0.00   0.00   0.00   0.00   0.00   0.00   0.00   0.00
[211,]   0.00   0.00   0.00   0.00   0.00   0.00   0.00   0.00   0.00   0.00
[212,]   0.00   0.00   0.00   0.00   0.00   0.00   0.00   0.00   0.00   0.00
[213,]   0.00   0.00   0.00   0.00   0.00   0.00   0.00   0.00   0.00   0.00
[214,]   0.00   0.00   0.00   0.00   0.00   0.00   0.00   0.00   0.00   0.00
[215,]   0.00   0.00   0.00   0.00   0.00   0.00   0.00   0.00   0.00   0.00
[216,]   0.00   0.00   0.00   0.00   0.00   0.00   0.00   0.00   0.00   0.00
[217,]   0.00   0.00   0.00   0.00   0.00   0.00   0.00   0.00   0.00   0.00
[218,]   0.00   0.00   0.00   0.00   0.00   0.00   0.00   0.00   0.00   0.00
[219,]   0.00   0.00   0.00   0.00   0.00   0.00   0.00   0.00   0.00   0.00
[220,]   0.00   0.00   0.00   0.00   0.00   0.00   0.00   0.00   0.00   0.00
[221,]   0.00   0.00   0.00   0.00   0.00   0.00   0.00   0.00   0.00   0.00
[222,]   0.00   0.00   0.00   0.00   0.00   0.00   0.00   0.00   0.00   0.00
[223,]   0.00   0.00   0.00   0.00   0.00   0.00   0.00   0.00   0.00   0.00
[224,]   0.00   0.00   0.00   0.00   0.00   0.00   0.00   0.00   0.00   0.00
[225,]   0.00   0.00   0.00   0.00   0.00   0.00   0.00   0.00   0.00   0.00
[226,]   0.00   0.00   0.00   0.00   0.00   0.00   0.00   0.00   0.00   0.00
[227,]   0.00   0.00   0.00   0.00   0.00   0.00   0.00   0.00   0.00   0.00
[228,]   0.00   0.00   0.00   0.00   0.00   0.00   0.00   0.00   0.00   0.00
       [,158] [,159] [,160] [,161] [,162] [,163] [,164] [,165] [,166] [,167]
  [1,]   0.00   0.00   0.00   0.00   0.00   0.00   0.00   0.00   0.00   0.00
  [2,]   0.00   0.00   0.00   0.00   0.00   0.00   0.00   0.00   0.00   0.00
  [3,]   0.00   0.00   0.00   0.00   0.00   0.00   0.00   0.00   0.00   0.00
  [4,]   0.00   0.00   0.00   0.00   0.00   0.00   0.00   0.00   0.00   0.00
  [5,]   0.00   0.00   0.00   0.00   0.00   0.00   0.00   0.00   0.00   0.00
  [6,]   0.00   0.00   0.00   0.00   0.00   0.00   0.00   0.00   0.00   0.00
  [7,]   0.00   0.00   0.00   0.00   0.00   0.00   0.00   0.00   0.00   0.00
  [8,]   0.00   0.00   0.00   0.00   0.00   0.00   0.00   0.00   0.00   0.00
  [9,]   0.00   0.00   0.00   0.00   0.00   0.00   0.00   0.00   0.00   0.00
 [10,]   0.00   0.00   0.00   0.00   0.00   0.00   0.00   0.00   0.00   0.00
 [11,]   0.00   0.00   0.00   0.00   0.00   0.00   0.00   0.00   0.00   0.00
 [12,]   0.00   0.00   0.00   0.00   0.00   0.00   0.00   0.00   0.00   0.00
 [13,]   0.00   0.00   0.00   0.00   0.00   0.00   0.00   0.00   0.00   0.00
 [14,]   0.00   0.00   0.00   0.00   0.00   0.00   0.00   0.00   0.00   0.00
 [15,]   0.00   0.00   0.00   0.00   0.00   0.00   0.00   0.00   0.00   0.00
 [16,]   0.00   0.00   0.00   0.00   0.00   0.00   0.00   0.00   0.00   0.00
 [17,]   0.00   0.00   0.00   0.00   0.00   0.00   0.00   0.00   0.00   0.00
 [18,]   0.00   0.00   0.00   0.00   0.00   0.00   0.00   0.00   0.00   0.00
 [19,]   0.00   0.00   0.00   0.00   0.00   0.00   0.00   0.00   0.00   0.00
 [20,]   0.00   0.00   0.00   0.00   0.00   0.00   0.00   0.00   0.00   0.00
 [21,]   0.00   0.00   0.00   0.00   0.00   0.00   0.00   0.00   0.00   0.00
 [22,]   0.00   0.00   0.00   0.00   0.00   0.00   0.00   0.00   0.00   0.00
 [23,]   0.00   0.00   0.00   0.00   0.00   0.00   0.00   0.00   0.00   0.00
 [24,]   0.00   0.00   0.00   0.00   0.00   0.00   0.00   0.00   0.00   0.00
 [25,]   0.00   0.00   0.00   0.00   0.00   0.00   0.00   0.00   0.00   0.00
 [26,]   0.00   0.00   0.00   0.00   0.00   0.00   0.00   0.00   0.00   0.00
 [27,]   0.00   0.00   0.00   0.00   0.00   0.00   0.00   0.00   0.00   0.00
 [28,]   0.00   0.00   0.00   0.00   0.00   0.00   0.00   0.00   0.00   0.00
 [29,]   0.00   0.00   0.00   0.00   0.00   0.00   0.00   0.00   0.00   0.00
 [30,]   0.00   0.00   0.00   0.00   0.00   0.00   0.00   0.00   0.00   0.00
 [31,]   0.00   0.00   0.00   0.00   0.00   0.00   0.00   0.00   0.00   0.00
 [32,]   0.00   0.00   0.00   0.00   0.00   0.00   0.00   0.00   0.00   0.00
 [33,]   0.00   0.00   0.00   0.00   0.00   0.00   0.00   0.00   0.00   0.00
 [34,]   0.00   0.00   0.00   0.00   0.00   0.00   0.00   0.00   0.00   0.00
 [35,]   0.00   0.00   0.00   0.00   0.00   0.00   0.00   0.00   0.00   0.00
 [36,]   0.00   0.00   0.00   0.00   0.00   0.00   0.00   0.00   0.00   0.00
 [37,]   0.00   0.00   0.00   0.00   0.00   0.00   0.00   0.00   0.00   0.00
 [38,]   0.00   0.00   0.00   0.00   0.00   0.00   0.00   0.00   0.00   0.00
 [39,]   0.00   0.00   0.00   0.00   0.00   0.00   0.00   0.00   0.00   0.00
 [40,]   0.00   0.00   0.00   0.00   0.00   0.00   0.00   0.00   0.00   0.00
 [41,]   0.00   0.00   0.00   0.00   0.00   0.00   0.00   0.00   0.00   0.00
 [42,]   0.00   0.00   0.00   0.00   0.00   0.00   0.00   0.00   0.00   0.00
 [43,]   0.00   0.00   0.00   0.00   0.00   0.00   0.00   0.00   0.00   0.00
 [44,]   0.00   0.00   0.00   0.00   0.00   0.00   0.00   0.00   0.00   0.00
 [45,]   0.00   0.00   0.00   0.00   0.00   0.00   0.00   0.00   0.00   0.00
 [46,]   0.00   0.00   0.00   0.00   0.00   0.00   0.00   0.00   0.00   0.00
 [47,]   0.00   0.00   0.00   0.00   0.00   0.00   0.00   0.00   0.00   0.00
 [48,]   0.00   0.00   0.00   0.00   0.00   0.00   0.00   0.00   0.00   0.00
 [49,]   0.00   0.00   0.00   0.00   0.00   0.00   0.00   0.00   0.00   0.00
 [50,]   0.00   0.00   0.00   0.00   0.00   0.00   0.00   0.00   0.00   0.00
 [51,]   0.00   0.00   0.00   0.00   0.00   0.00   0.00   0.00   0.00   0.00
 [52,]   0.00   0.00   0.00   0.00   0.00   0.00   0.00   0.00   0.00   0.00
 [53,]   0.00   0.00   0.00   0.00   0.00   0.00   0.00   0.00   0.00   0.00
 [54,]   0.00   0.00   0.00   0.00   0.00   0.00   0.00   0.00   0.00   0.00
 [55,]   0.00   0.00   0.00   0.00   0.00   0.00   0.00   0.00   0.00   0.00
 [56,]   0.00   0.00   0.00   0.00   0.00   0.00   0.00   0.00   0.00   0.00
 [57,]   0.00   0.00   0.00   0.00   0.00   0.00   0.00   0.00   0.00   0.00
 [58,]   0.00   0.00   0.00   0.00   0.00   0.00   0.00   0.00   0.00   0.00
 [59,]   0.00   0.00   0.00   0.00   0.00   0.00   0.00   0.00   0.00   0.00
 [60,]   0.00   0.00   0.00   0.00   0.00   0.00   0.00   0.00   0.00   0.00
 [61,]   0.00   0.00   0.00   0.00   0.00   0.00   0.00   0.00   0.00   0.00
 [62,]   0.00   0.00   0.00   0.00   0.00   0.00   0.00   0.00   0.00   0.00
 [63,]   0.00   0.00   0.00   0.00   0.00   0.00   0.00   0.00   0.00   0.00
 [64,]   0.00   0.00   0.00   0.00   0.00   0.00   0.00   0.00   0.00   0.00
 [65,]   0.00   0.00   0.00   0.00   0.00   0.00   0.00   0.00   0.00   0.00
 [66,]   0.00   0.00   0.00   0.00   0.00   0.00   0.00   0.00   0.00   0.00
 [67,]   0.00   0.00   0.00   0.00   0.00   0.00   0.00   0.00   0.00   0.00
 [68,]   0.00   0.00   0.00   0.00   0.00   0.00   0.00   0.00   0.00   0.00
 [69,]   0.00   0.00   0.00   0.00   0.00   0.00   0.00   0.00   0.00   0.00
 [70,]   0.00   0.00   0.00   0.00   0.00   0.00   0.00   0.00   0.00   0.00
 [71,]   0.00   0.00   0.00   0.00   0.00   0.00   0.00   0.00   0.00   0.00
 [72,]   0.00   0.00   0.00   0.00   0.00   0.00   0.00   0.00   0.00   0.00
 [73,]   0.00   0.00   0.00   0.00   0.00   0.00   0.00   0.00   0.00   0.00
 [74,]   0.00   0.00   0.00   0.00   0.00   0.00   0.00   0.00   0.00   0.00
 [75,]   0.00   0.00   0.00   0.00   0.00   0.00   0.00   0.00   0.00   0.00
 [76,]   0.00   0.00   0.00   0.00   0.00   0.00   0.00   0.00   0.00   0.00
 [77,]   0.00   0.00   0.00   0.00   0.00   0.00   0.00   0.00   0.00   0.00
 [78,]   0.00   0.00   0.00   0.00   0.00   0.00   0.00   0.00   0.00   0.00
 [79,]   0.00   0.00   0.00   0.00   0.00   0.00   0.00   0.00   0.00   0.00
 [80,]   0.00   0.00   0.00   0.00   0.00   0.00   0.00   0.00   0.00   0.00
 [81,]   0.00   0.00   0.00   0.00   0.00   0.00   0.00   0.00   0.00   0.00
 [82,]   0.00   0.00   0.00   0.00   0.00   0.00   0.00   0.00   0.00   0.00
 [83,]   0.00   0.00   0.00   0.00   0.00   0.00   0.00   0.00   0.00   0.00
 [84,]   0.00   0.00   0.00   0.00   0.00   0.00   0.00   0.00   0.00   0.00
 [85,]   0.00   0.00   0.00   0.00   0.00   0.00   0.00   0.00   0.00   0.00
 [86,]   0.00   0.00   0.00   0.00   0.00   0.00   0.00   0.00   0.00   0.00
 [87,]   0.00   0.00   0.00   0.00   0.00   0.00   0.00   0.00   0.00   0.00
 [88,]   0.00   0.00   0.00   0.00   0.00   0.00   0.00   0.00   0.00   0.00
 [89,]   0.00   0.00   0.00   0.00   0.00   0.00   0.00   0.00   0.00   0.00
 [90,]   0.00   0.00   0.00   0.00   0.00   0.00   0.00   0.00   0.00   0.00
 [91,]   0.00   0.00   0.00   0.00   0.00   0.00   0.00   0.00   0.00   0.00
 [92,]   0.00   0.00   0.00   0.00   0.00   0.00   0.00   0.00   0.00   0.00
 [93,]   0.00   0.00   0.00   0.00   0.00   0.00   0.00   0.00   0.00   0.00
 [94,]   0.00   0.00   0.00   0.00   0.00   0.00   0.00   0.00   0.00   0.00
 [95,]   0.00   0.00   0.00   0.00   0.00   0.00   0.00   0.00   0.00   0.00
 [96,]   0.00   0.00   0.00   0.00   0.00   0.00   0.00   0.00   0.00   0.00
 [97,]   0.00   0.00   0.00   0.00   0.00   0.00   0.00   0.00   0.00   0.00
 [98,]   0.00   0.00   0.00   0.00   0.00   0.00   0.00   0.00   0.00   0.00
 [99,]   0.00   0.00   0.00   0.00   0.00   0.00   0.00   0.00   0.00   0.00
[100,]   0.00   0.00   0.00   0.00   0.00   0.00   0.00   0.00   0.00   0.00
[101,]   0.00   0.00   0.00   0.00   0.00   0.00   0.00   0.00   0.00   0.00
[102,]   0.00   0.00   0.00   0.00   0.00   0.00   0.00   0.00   0.00   0.00
[103,]   0.00   0.00   0.00   0.00   0.00   0.00   0.00   0.00   0.00   0.00
[104,]   0.00   0.00   0.00   0.00   0.00   0.00   0.00   0.00   0.00   0.00
[105,]   0.00   0.00   0.00   0.00   0.00   0.00   0.00   0.00   0.00   0.00
[106,]   0.00   0.00   0.00   0.00   0.00   0.00   0.00   0.00   0.00   0.00
[107,]   0.00   0.00   0.00   0.00   0.00   0.00   0.00   0.00   0.00   0.00
[108,]   0.00   0.00   0.00   0.00   0.00   0.00   0.00   0.00   0.00   0.00
[109,]   0.00   0.00   0.00   0.00   0.00   0.00   0.00   0.00   0.00   0.00
[110,]   0.00   0.00   0.00   0.00   0.00   0.00   0.00   0.00   0.00   0.00
[111,]   0.00   0.00   0.00   0.00   0.00   0.00   0.00   0.00   0.00   0.00
[112,]   0.00   0.00   0.00   0.00   0.00   0.00   0.00   0.00   0.00   0.00
[113,]   0.00   0.00   0.00   0.00   0.00   0.00   0.00   0.00   0.00   0.00
[114,]   0.00   0.00   0.00   0.00   0.00   0.00   0.00   0.00   0.00   0.00
[115,]   0.00   0.00   0.00   0.00   0.00   0.00   0.00   0.00   0.00   0.00
[116,]   0.00   0.00   0.00   0.00   0.00   0.00   0.00   0.00   0.00   0.00
[117,]   0.00   0.00   0.00   0.00   0.00   0.00   0.00   0.00   0.00   0.00
[118,]   0.00   0.00   0.00   0.00   0.00   0.00   0.00   0.00   0.00   0.00
[119,]   0.00   0.00   0.00   0.00   0.00   0.00   0.00   0.00   0.00   0.00
[120,]   0.00   0.00   0.00   0.00   0.00   0.00   0.00   0.00   0.00   0.00
[121,]   0.00   0.00   0.00   0.00   0.00   0.00   0.00   0.00   0.00   0.00
[122,]   0.00   0.00   0.00   0.00   0.00   0.00   0.00   0.00   0.00   0.00
[123,]   0.00   0.00   0.00   0.00   0.00   0.00   0.00   0.00   0.00   0.00
[124,]   0.00   0.00   0.00   0.00   0.00   0.00   0.00   0.00   0.00   0.00
[125,]   0.00   0.00   0.00   0.00   0.00   0.00   0.00   0.00   0.00   0.00
[126,]   0.00   0.00   0.00   0.00   0.00   0.00   0.00   0.00   0.00   0.00
[127,]   0.00   0.00   0.00   0.00   0.00   0.00   0.00   0.00   0.00   0.00
[128,]   0.00   0.00   0.00   0.00   0.00   0.00   0.00   0.00   0.00   0.00
[129,]   0.00   0.00   0.00   0.00   0.00   0.00   0.00   0.00   0.00   0.00
[130,]   0.00   0.00   0.00   0.00   0.00   0.00   0.00   0.00   0.00   0.00
[131,]   0.00   0.00   0.00   0.00   0.00   0.00   0.00   0.00   0.00   0.00
[132,]   0.00   0.00   0.00   0.00   0.00   0.00   0.00   0.00   0.00   0.00
[133,]   0.00   0.00   0.00   0.00   0.00   0.00   0.00   0.00   0.00   0.00
[134,]   0.00   0.00   0.00   0.00   0.00   0.00   0.00   0.00   0.00   0.00
[135,]   0.00   0.00   0.00   0.00   0.00   0.00   0.00   0.00   0.00   0.00
[136,]   0.00   0.00   0.00   0.00   0.00   0.00   0.00   0.00   0.00   0.00
[137,]   0.00   0.00   0.00   0.00   0.00   0.00   0.00   0.00   0.00   0.00
[138,]   0.00   0.00   0.00   0.00   0.00   0.00   0.00   0.00   0.00   0.00
[139,]   0.00   0.00   0.00   0.00   0.00   0.00   0.00   0.00   0.00   0.00
[140,]   0.00   0.00   0.00   0.00   0.00   0.00   0.00   0.00   0.00   0.00
[141,]   0.00   0.00   0.00   0.00   0.00   0.00   0.00   0.00   0.00   0.00
[142,]   0.00   0.00   0.00   0.00   0.00   0.00   0.00   0.00   0.00   0.00
[143,]   0.00   0.00   0.00   0.00   0.00   0.00   0.00   0.00   0.00   0.00
[144,]   0.00   0.00   0.00   0.00   0.00   0.00   0.00   0.00   0.00   0.00
[145,]   0.00   0.00   0.00   0.00   0.00   0.00   0.00   0.00   0.00   0.00
[146,]   0.00   0.00   0.00   0.00   0.00   0.00   0.00   0.00   0.00   0.00
[147,]   0.00   0.00   0.00   0.00   0.00   0.00   0.00   0.00   0.00   0.00
[148,]   0.00   0.00   0.00   0.00   0.00   0.00   0.00   0.00   0.00   0.00
[149,]   0.00   0.00   0.00   0.00   0.00   0.00   0.00   0.00   0.00   0.00
[150,]   0.00   0.00   0.00   0.00   0.00   0.00   0.00   0.00   0.00   0.00
[151,]   0.00   0.00   0.00   0.00   0.00   0.00   0.00   0.00   0.00   0.00
[152,]   0.00   0.00   0.00   0.00   0.00   0.00   0.00   0.00   0.00   0.00
[153,]   0.00   0.00   0.00   0.00   0.00   0.00   0.00   0.00   0.00   0.00
[154,]   0.00   0.00   0.00   0.00   0.00   0.00   0.00   0.00   0.00   0.00
[155,]   0.00   0.00   0.00   0.00   0.00   0.00   0.00   0.00   0.00   0.00
[156,]   0.00   0.00   0.00   0.00   0.00   0.00   0.00   0.00   0.00   0.00
[157,]   0.00   0.00   0.00   0.00   0.00   0.00   0.00   0.00   0.00   0.00
[158,]   0.01   0.00   0.00   0.00   0.00   0.00   0.00   0.00   0.00   0.00
[159,]   0.00   0.01   0.00   0.00   0.00   0.00   0.00   0.00   0.00   0.00
[160,]   0.00   0.00   0.01   0.00   0.00   0.00   0.00   0.00   0.00   0.00
[161,]   0.00   0.00   0.00   0.01   0.00   0.00   0.00   0.00   0.00   0.00
[162,]   0.00   0.00   0.00   0.00   0.01   0.00   0.00   0.00   0.00   0.00
[163,]   0.00   0.00   0.00   0.00   0.00   0.01   0.00   0.00   0.00   0.00
[164,]   0.00   0.00   0.00   0.00   0.00   0.00   0.01   0.00   0.00   0.00
[165,]   0.00   0.00   0.00   0.00   0.00   0.00   0.00   0.01   0.00   0.00
[166,]   0.00   0.00   0.00   0.00   0.00   0.00   0.00   0.00   0.01   0.00
[167,]   0.00   0.00   0.00   0.00   0.00   0.00   0.00   0.00   0.00   0.01
[168,]   0.00   0.00   0.00   0.00   0.00   0.00   0.00   0.00   0.00   0.00
[169,]   0.00   0.00   0.00   0.00   0.00   0.00   0.00   0.00   0.00   0.00
[170,]   0.00   0.00   0.00   0.00   0.00   0.00   0.00   0.00   0.00   0.00
[171,]   0.00   0.00   0.00   0.00   0.00   0.00   0.00   0.00   0.00   0.00
[172,]   0.00   0.00   0.00   0.00   0.00   0.00   0.00   0.00   0.00   0.00
[173,]   0.00   0.00   0.00   0.00   0.00   0.00   0.00   0.00   0.00   0.00
[174,]   0.00   0.00   0.00   0.00   0.00   0.00   0.00   0.00   0.00   0.00
[175,]   0.00   0.00   0.00   0.00   0.00   0.00   0.00   0.00   0.00   0.00
[176,]   0.00   0.00   0.00   0.00   0.00   0.00   0.00   0.00   0.00   0.00
[177,]   0.00   0.00   0.00   0.00   0.00   0.00   0.00   0.00   0.00   0.00
[178,]   0.00   0.00   0.00   0.00   0.00   0.00   0.00   0.00   0.00   0.00
[179,]   0.00   0.00   0.00   0.00   0.00   0.00   0.00   0.00   0.00   0.00
[180,]   0.00   0.00   0.00   0.00   0.00   0.00   0.00   0.00   0.00   0.00
[181,]   0.00   0.00   0.00   0.00   0.00   0.00   0.00   0.00   0.00   0.00
[182,]   0.00   0.00   0.00   0.00   0.00   0.00   0.00   0.00   0.00   0.00
[183,]   0.00   0.00   0.00   0.00   0.00   0.00   0.00   0.00   0.00   0.00
[184,]   0.00   0.00   0.00   0.00   0.00   0.00   0.00   0.00   0.00   0.00
[185,]   0.00   0.00   0.00   0.00   0.00   0.00   0.00   0.00   0.00   0.00
[186,]   0.00   0.00   0.00   0.00   0.00   0.00   0.00   0.00   0.00   0.00
[187,]   0.00   0.00   0.00   0.00   0.00   0.00   0.00   0.00   0.00   0.00
[188,]   0.00   0.00   0.00   0.00   0.00   0.00   0.00   0.00   0.00   0.00
[189,]   0.00   0.00   0.00   0.00   0.00   0.00   0.00   0.00   0.00   0.00
[190,]   0.00   0.00   0.00   0.00   0.00   0.00   0.00   0.00   0.00   0.00
[191,]   0.00   0.00   0.00   0.00   0.00   0.00   0.00   0.00   0.00   0.00
[192,]   0.00   0.00   0.00   0.00   0.00   0.00   0.00   0.00   0.00   0.00
[193,]   0.00   0.00   0.00   0.00   0.00   0.00   0.00   0.00   0.00   0.00
[194,]   0.00   0.00   0.00   0.00   0.00   0.00   0.00   0.00   0.00   0.00
[195,]   0.00   0.00   0.00   0.00   0.00   0.00   0.00   0.00   0.00   0.00
[196,]   0.00   0.00   0.00   0.00   0.00   0.00   0.00   0.00   0.00   0.00
[197,]   0.00   0.00   0.00   0.00   0.00   0.00   0.00   0.00   0.00   0.00
[198,]   0.00   0.00   0.00   0.00   0.00   0.00   0.00   0.00   0.00   0.00
[199,]   0.00   0.00   0.00   0.00   0.00   0.00   0.00   0.00   0.00   0.00
[200,]   0.00   0.00   0.00   0.00   0.00   0.00   0.00   0.00   0.00   0.00
[201,]   0.00   0.00   0.00   0.00   0.00   0.00   0.00   0.00   0.00   0.00
[202,]   0.00   0.00   0.00   0.00   0.00   0.00   0.00   0.00   0.00   0.00
[203,]   0.00   0.00   0.00   0.00   0.00   0.00   0.00   0.00   0.00   0.00
[204,]   0.00   0.00   0.00   0.00   0.00   0.00   0.00   0.00   0.00   0.00
[205,]   0.00   0.00   0.00   0.00   0.00   0.00   0.00   0.00   0.00   0.00
[206,]   0.00   0.00   0.00   0.00   0.00   0.00   0.00   0.00   0.00   0.00
[207,]   0.00   0.00   0.00   0.00   0.00   0.00   0.00   0.00   0.00   0.00
[208,]   0.00   0.00   0.00   0.00   0.00   0.00   0.00   0.00   0.00   0.00
[209,]   0.00   0.00   0.00   0.00   0.00   0.00   0.00   0.00   0.00   0.00
[210,]   0.00   0.00   0.00   0.00   0.00   0.00   0.00   0.00   0.00   0.00
[211,]   0.00   0.00   0.00   0.00   0.00   0.00   0.00   0.00   0.00   0.00
[212,]   0.00   0.00   0.00   0.00   0.00   0.00   0.00   0.00   0.00   0.00
[213,]   0.00   0.00   0.00   0.00   0.00   0.00   0.00   0.00   0.00   0.00
[214,]   0.00   0.00   0.00   0.00   0.00   0.00   0.00   0.00   0.00   0.00
[215,]   0.00   0.00   0.00   0.00   0.00   0.00   0.00   0.00   0.00   0.00
[216,]   0.00   0.00   0.00   0.00   0.00   0.00   0.00   0.00   0.00   0.00
[217,]   0.00   0.00   0.00   0.00   0.00   0.00   0.00   0.00   0.00   0.00
[218,]   0.00   0.00   0.00   0.00   0.00   0.00   0.00   0.00   0.00   0.00
[219,]   0.00   0.00   0.00   0.00   0.00   0.00   0.00   0.00   0.00   0.00
[220,]   0.00   0.00   0.00   0.00   0.00   0.00   0.00   0.00   0.00   0.00
[221,]   0.00   0.00   0.00   0.00   0.00   0.00   0.00   0.00   0.00   0.00
[222,]   0.00   0.00   0.00   0.00   0.00   0.00   0.00   0.00   0.00   0.00
[223,]   0.00   0.00   0.00   0.00   0.00   0.00   0.00   0.00   0.00   0.00
[224,]   0.00   0.00   0.00   0.00   0.00   0.00   0.00   0.00   0.00   0.00
[225,]   0.00   0.00   0.00   0.00   0.00   0.00   0.00   0.00   0.00   0.00
[226,]   0.00   0.00   0.00   0.00   0.00   0.00   0.00   0.00   0.00   0.00
[227,]   0.00   0.00   0.00   0.00   0.00   0.00   0.00   0.00   0.00   0.00
[228,]   0.00   0.00   0.00   0.00   0.00   0.00   0.00   0.00   0.00   0.00
       [,168] [,169] [,170] [,171] [,172] [,173] [,174] [,175] [,176] [,177]
  [1,]   0.00   0.00   0.00   0.00   0.00   0.00   0.00   0.00   0.00   0.00
  [2,]   0.00   0.00   0.00   0.00   0.00   0.00   0.00   0.00   0.00   0.00
  [3,]   0.00   0.00   0.00   0.00   0.00   0.00   0.00   0.00   0.00   0.00
  [4,]   0.00   0.00   0.00   0.00   0.00   0.00   0.00   0.00   0.00   0.00
  [5,]   0.00   0.00   0.00   0.00   0.00   0.00   0.00   0.00   0.00   0.00
  [6,]   0.00   0.00   0.00   0.00   0.00   0.00   0.00   0.00   0.00   0.00
  [7,]   0.00   0.00   0.00   0.00   0.00   0.00   0.00   0.00   0.00   0.00
  [8,]   0.00   0.00   0.00   0.00   0.00   0.00   0.00   0.00   0.00   0.00
  [9,]   0.00   0.00   0.00   0.00   0.00   0.00   0.00   0.00   0.00   0.00
 [10,]   0.00   0.00   0.00   0.00   0.00   0.00   0.00   0.00   0.00   0.00
 [11,]   0.00   0.00   0.00   0.00   0.00   0.00   0.00   0.00   0.00   0.00
 [12,]   0.00   0.00   0.00   0.00   0.00   0.00   0.00   0.00   0.00   0.00
 [13,]   0.00   0.00   0.00   0.00   0.00   0.00   0.00   0.00   0.00   0.00
 [14,]   0.00   0.00   0.00   0.00   0.00   0.00   0.00   0.00   0.00   0.00
 [15,]   0.00   0.00   0.00   0.00   0.00   0.00   0.00   0.00   0.00   0.00
 [16,]   0.00   0.00   0.00   0.00   0.00   0.00   0.00   0.00   0.00   0.00
 [17,]   0.00   0.00   0.00   0.00   0.00   0.00   0.00   0.00   0.00   0.00
 [18,]   0.00   0.00   0.00   0.00   0.00   0.00   0.00   0.00   0.00   0.00
 [19,]   0.00   0.00   0.00   0.00   0.00   0.00   0.00   0.00   0.00   0.00
 [20,]   0.00   0.00   0.00   0.00   0.00   0.00   0.00   0.00   0.00   0.00
 [21,]   0.00   0.00   0.00   0.00   0.00   0.00   0.00   0.00   0.00   0.00
 [22,]   0.00   0.00   0.00   0.00   0.00   0.00   0.00   0.00   0.00   0.00
 [23,]   0.00   0.00   0.00   0.00   0.00   0.00   0.00   0.00   0.00   0.00
 [24,]   0.00   0.00   0.00   0.00   0.00   0.00   0.00   0.00   0.00   0.00
 [25,]   0.00   0.00   0.00   0.00   0.00   0.00   0.00   0.00   0.00   0.00
 [26,]   0.00   0.00   0.00   0.00   0.00   0.00   0.00   0.00   0.00   0.00
 [27,]   0.00   0.00   0.00   0.00   0.00   0.00   0.00   0.00   0.00   0.00
 [28,]   0.00   0.00   0.00   0.00   0.00   0.00   0.00   0.00   0.00   0.00
 [29,]   0.00   0.00   0.00   0.00   0.00   0.00   0.00   0.00   0.00   0.00
 [30,]   0.00   0.00   0.00   0.00   0.00   0.00   0.00   0.00   0.00   0.00
 [31,]   0.00   0.00   0.00   0.00   0.00   0.00   0.00   0.00   0.00   0.00
 [32,]   0.00   0.00   0.00   0.00   0.00   0.00   0.00   0.00   0.00   0.00
 [33,]   0.00   0.00   0.00   0.00   0.00   0.00   0.00   0.00   0.00   0.00
 [34,]   0.00   0.00   0.00   0.00   0.00   0.00   0.00   0.00   0.00   0.00
 [35,]   0.00   0.00   0.00   0.00   0.00   0.00   0.00   0.00   0.00   0.00
 [36,]   0.00   0.00   0.00   0.00   0.00   0.00   0.00   0.00   0.00   0.00
 [37,]   0.00   0.00   0.00   0.00   0.00   0.00   0.00   0.00   0.00   0.00
 [38,]   0.00   0.00   0.00   0.00   0.00   0.00   0.00   0.00   0.00   0.00
 [39,]   0.00   0.00   0.00   0.00   0.00   0.00   0.00   0.00   0.00   0.00
 [40,]   0.00   0.00   0.00   0.00   0.00   0.00   0.00   0.00   0.00   0.00
 [41,]   0.00   0.00   0.00   0.00   0.00   0.00   0.00   0.00   0.00   0.00
 [42,]   0.00   0.00   0.00   0.00   0.00   0.00   0.00   0.00   0.00   0.00
 [43,]   0.00   0.00   0.00   0.00   0.00   0.00   0.00   0.00   0.00   0.00
 [44,]   0.00   0.00   0.00   0.00   0.00   0.00   0.00   0.00   0.00   0.00
 [45,]   0.00   0.00   0.00   0.00   0.00   0.00   0.00   0.00   0.00   0.00
 [46,]   0.00   0.00   0.00   0.00   0.00   0.00   0.00   0.00   0.00   0.00
 [47,]   0.00   0.00   0.00   0.00   0.00   0.00   0.00   0.00   0.00   0.00
 [48,]   0.00   0.00   0.00   0.00   0.00   0.00   0.00   0.00   0.00   0.00
 [49,]   0.00   0.00   0.00   0.00   0.00   0.00   0.00   0.00   0.00   0.00
 [50,]   0.00   0.00   0.00   0.00   0.00   0.00   0.00   0.00   0.00   0.00
 [51,]   0.00   0.00   0.00   0.00   0.00   0.00   0.00   0.00   0.00   0.00
 [52,]   0.00   0.00   0.00   0.00   0.00   0.00   0.00   0.00   0.00   0.00
 [53,]   0.00   0.00   0.00   0.00   0.00   0.00   0.00   0.00   0.00   0.00
 [54,]   0.00   0.00   0.00   0.00   0.00   0.00   0.00   0.00   0.00   0.00
 [55,]   0.00   0.00   0.00   0.00   0.00   0.00   0.00   0.00   0.00   0.00
 [56,]   0.00   0.00   0.00   0.00   0.00   0.00   0.00   0.00   0.00   0.00
 [57,]   0.00   0.00   0.00   0.00   0.00   0.00   0.00   0.00   0.00   0.00
 [58,]   0.00   0.00   0.00   0.00   0.00   0.00   0.00   0.00   0.00   0.00
 [59,]   0.00   0.00   0.00   0.00   0.00   0.00   0.00   0.00   0.00   0.00
 [60,]   0.00   0.00   0.00   0.00   0.00   0.00   0.00   0.00   0.00   0.00
 [61,]   0.00   0.00   0.00   0.00   0.00   0.00   0.00   0.00   0.00   0.00
 [62,]   0.00   0.00   0.00   0.00   0.00   0.00   0.00   0.00   0.00   0.00
 [63,]   0.00   0.00   0.00   0.00   0.00   0.00   0.00   0.00   0.00   0.00
 [64,]   0.00   0.00   0.00   0.00   0.00   0.00   0.00   0.00   0.00   0.00
 [65,]   0.00   0.00   0.00   0.00   0.00   0.00   0.00   0.00   0.00   0.00
 [66,]   0.00   0.00   0.00   0.00   0.00   0.00   0.00   0.00   0.00   0.00
 [67,]   0.00   0.00   0.00   0.00   0.00   0.00   0.00   0.00   0.00   0.00
 [68,]   0.00   0.00   0.00   0.00   0.00   0.00   0.00   0.00   0.00   0.00
 [69,]   0.00   0.00   0.00   0.00   0.00   0.00   0.00   0.00   0.00   0.00
 [70,]   0.00   0.00   0.00   0.00   0.00   0.00   0.00   0.00   0.00   0.00
 [71,]   0.00   0.00   0.00   0.00   0.00   0.00   0.00   0.00   0.00   0.00
 [72,]   0.00   0.00   0.00   0.00   0.00   0.00   0.00   0.00   0.00   0.00
 [73,]   0.00   0.00   0.00   0.00   0.00   0.00   0.00   0.00   0.00   0.00
 [74,]   0.00   0.00   0.00   0.00   0.00   0.00   0.00   0.00   0.00   0.00
 [75,]   0.00   0.00   0.00   0.00   0.00   0.00   0.00   0.00   0.00   0.00
 [76,]   0.00   0.00   0.00   0.00   0.00   0.00   0.00   0.00   0.00   0.00
 [77,]   0.00   0.00   0.00   0.00   0.00   0.00   0.00   0.00   0.00   0.00
 [78,]   0.00   0.00   0.00   0.00   0.00   0.00   0.00   0.00   0.00   0.00
 [79,]   0.00   0.00   0.00   0.00   0.00   0.00   0.00   0.00   0.00   0.00
 [80,]   0.00   0.00   0.00   0.00   0.00   0.00   0.00   0.00   0.00   0.00
 [81,]   0.00   0.00   0.00   0.00   0.00   0.00   0.00   0.00   0.00   0.00
 [82,]   0.00   0.00   0.00   0.00   0.00   0.00   0.00   0.00   0.00   0.00
 [83,]   0.00   0.00   0.00   0.00   0.00   0.00   0.00   0.00   0.00   0.00
 [84,]   0.00   0.00   0.00   0.00   0.00   0.00   0.00   0.00   0.00   0.00
 [85,]   0.00   0.00   0.00   0.00   0.00   0.00   0.00   0.00   0.00   0.00
 [86,]   0.00   0.00   0.00   0.00   0.00   0.00   0.00   0.00   0.00   0.00
 [87,]   0.00   0.00   0.00   0.00   0.00   0.00   0.00   0.00   0.00   0.00
 [88,]   0.00   0.00   0.00   0.00   0.00   0.00   0.00   0.00   0.00   0.00
 [89,]   0.00   0.00   0.00   0.00   0.00   0.00   0.00   0.00   0.00   0.00
 [90,]   0.00   0.00   0.00   0.00   0.00   0.00   0.00   0.00   0.00   0.00
 [91,]   0.00   0.00   0.00   0.00   0.00   0.00   0.00   0.00   0.00   0.00
 [92,]   0.00   0.00   0.00   0.00   0.00   0.00   0.00   0.00   0.00   0.00
 [93,]   0.00   0.00   0.00   0.00   0.00   0.00   0.00   0.00   0.00   0.00
 [94,]   0.00   0.00   0.00   0.00   0.00   0.00   0.00   0.00   0.00   0.00
 [95,]   0.00   0.00   0.00   0.00   0.00   0.00   0.00   0.00   0.00   0.00
 [96,]   0.00   0.00   0.00   0.00   0.00   0.00   0.00   0.00   0.00   0.00
 [97,]   0.00   0.00   0.00   0.00   0.00   0.00   0.00   0.00   0.00   0.00
 [98,]   0.00   0.00   0.00   0.00   0.00   0.00   0.00   0.00   0.00   0.00
 [99,]   0.00   0.00   0.00   0.00   0.00   0.00   0.00   0.00   0.00   0.00
[100,]   0.00   0.00   0.00   0.00   0.00   0.00   0.00   0.00   0.00   0.00
[101,]   0.00   0.00   0.00   0.00   0.00   0.00   0.00   0.00   0.00   0.00
[102,]   0.00   0.00   0.00   0.00   0.00   0.00   0.00   0.00   0.00   0.00
[103,]   0.00   0.00   0.00   0.00   0.00   0.00   0.00   0.00   0.00   0.00
[104,]   0.00   0.00   0.00   0.00   0.00   0.00   0.00   0.00   0.00   0.00
[105,]   0.00   0.00   0.00   0.00   0.00   0.00   0.00   0.00   0.00   0.00
[106,]   0.00   0.00   0.00   0.00   0.00   0.00   0.00   0.00   0.00   0.00
[107,]   0.00   0.00   0.00   0.00   0.00   0.00   0.00   0.00   0.00   0.00
[108,]   0.00   0.00   0.00   0.00   0.00   0.00   0.00   0.00   0.00   0.00
[109,]   0.00   0.00   0.00   0.00   0.00   0.00   0.00   0.00   0.00   0.00
[110,]   0.00   0.00   0.00   0.00   0.00   0.00   0.00   0.00   0.00   0.00
[111,]   0.00   0.00   0.00   0.00   0.00   0.00   0.00   0.00   0.00   0.00
[112,]   0.00   0.00   0.00   0.00   0.00   0.00   0.00   0.00   0.00   0.00
[113,]   0.00   0.00   0.00   0.00   0.00   0.00   0.00   0.00   0.00   0.00
[114,]   0.00   0.00   0.00   0.00   0.00   0.00   0.00   0.00   0.00   0.00
[115,]   0.00   0.00   0.00   0.00   0.00   0.00   0.00   0.00   0.00   0.00
[116,]   0.00   0.00   0.00   0.00   0.00   0.00   0.00   0.00   0.00   0.00
[117,]   0.00   0.00   0.00   0.00   0.00   0.00   0.00   0.00   0.00   0.00
[118,]   0.00   0.00   0.00   0.00   0.00   0.00   0.00   0.00   0.00   0.00
[119,]   0.00   0.00   0.00   0.00   0.00   0.00   0.00   0.00   0.00   0.00
[120,]   0.00   0.00   0.00   0.00   0.00   0.00   0.00   0.00   0.00   0.00
[121,]   0.00   0.00   0.00   0.00   0.00   0.00   0.00   0.00   0.00   0.00
[122,]   0.00   0.00   0.00   0.00   0.00   0.00   0.00   0.00   0.00   0.00
[123,]   0.00   0.00   0.00   0.00   0.00   0.00   0.00   0.00   0.00   0.00
[124,]   0.00   0.00   0.00   0.00   0.00   0.00   0.00   0.00   0.00   0.00
[125,]   0.00   0.00   0.00   0.00   0.00   0.00   0.00   0.00   0.00   0.00
[126,]   0.00   0.00   0.00   0.00   0.00   0.00   0.00   0.00   0.00   0.00
[127,]   0.00   0.00   0.00   0.00   0.00   0.00   0.00   0.00   0.00   0.00
[128,]   0.00   0.00   0.00   0.00   0.00   0.00   0.00   0.00   0.00   0.00
[129,]   0.00   0.00   0.00   0.00   0.00   0.00   0.00   0.00   0.00   0.00
[130,]   0.00   0.00   0.00   0.00   0.00   0.00   0.00   0.00   0.00   0.00
[131,]   0.00   0.00   0.00   0.00   0.00   0.00   0.00   0.00   0.00   0.00
[132,]   0.00   0.00   0.00   0.00   0.00   0.00   0.00   0.00   0.00   0.00
[133,]   0.00   0.00   0.00   0.00   0.00   0.00   0.00   0.00   0.00   0.00
[134,]   0.00   0.00   0.00   0.00   0.00   0.00   0.00   0.00   0.00   0.00
[135,]   0.00   0.00   0.00   0.00   0.00   0.00   0.00   0.00   0.00   0.00
[136,]   0.00   0.00   0.00   0.00   0.00   0.00   0.00   0.00   0.00   0.00
[137,]   0.00   0.00   0.00   0.00   0.00   0.00   0.00   0.00   0.00   0.00
[138,]   0.00   0.00   0.00   0.00   0.00   0.00   0.00   0.00   0.00   0.00
[139,]   0.00   0.00   0.00   0.00   0.00   0.00   0.00   0.00   0.00   0.00
[140,]   0.00   0.00   0.00   0.00   0.00   0.00   0.00   0.00   0.00   0.00
[141,]   0.00   0.00   0.00   0.00   0.00   0.00   0.00   0.00   0.00   0.00
[142,]   0.00   0.00   0.00   0.00   0.00   0.00   0.00   0.00   0.00   0.00
[143,]   0.00   0.00   0.00   0.00   0.00   0.00   0.00   0.00   0.00   0.00
[144,]   0.00   0.00   0.00   0.00   0.00   0.00   0.00   0.00   0.00   0.00
[145,]   0.00   0.00   0.00   0.00   0.00   0.00   0.00   0.00   0.00   0.00
[146,]   0.00   0.00   0.00   0.00   0.00   0.00   0.00   0.00   0.00   0.00
[147,]   0.00   0.00   0.00   0.00   0.00   0.00   0.00   0.00   0.00   0.00
[148,]   0.00   0.00   0.00   0.00   0.00   0.00   0.00   0.00   0.00   0.00
[149,]   0.00   0.00   0.00   0.00   0.00   0.00   0.00   0.00   0.00   0.00
[150,]   0.00   0.00   0.00   0.00   0.00   0.00   0.00   0.00   0.00   0.00
[151,]   0.00   0.00   0.00   0.00   0.00   0.00   0.00   0.00   0.00   0.00
[152,]   0.00   0.00   0.00   0.00   0.00   0.00   0.00   0.00   0.00   0.00
[153,]   0.00   0.00   0.00   0.00   0.00   0.00   0.00   0.00   0.00   0.00
[154,]   0.00   0.00   0.00   0.00   0.00   0.00   0.00   0.00   0.00   0.00
[155,]   0.00   0.00   0.00   0.00   0.00   0.00   0.00   0.00   0.00   0.00
[156,]   0.00   0.00   0.00   0.00   0.00   0.00   0.00   0.00   0.00   0.00
[157,]   0.00   0.00   0.00   0.00   0.00   0.00   0.00   0.00   0.00   0.00
[158,]   0.00   0.00   0.00   0.00   0.00   0.00   0.00   0.00   0.00   0.00
[159,]   0.00   0.00   0.00   0.00   0.00   0.00   0.00   0.00   0.00   0.00
[160,]   0.00   0.00   0.00   0.00   0.00   0.00   0.00   0.00   0.00   0.00
[161,]   0.00   0.00   0.00   0.00   0.00   0.00   0.00   0.00   0.00   0.00
[162,]   0.00   0.00   0.00   0.00   0.00   0.00   0.00   0.00   0.00   0.00
[163,]   0.00   0.00   0.00   0.00   0.00   0.00   0.00   0.00   0.00   0.00
[164,]   0.00   0.00   0.00   0.00   0.00   0.00   0.00   0.00   0.00   0.00
[165,]   0.00   0.00   0.00   0.00   0.00   0.00   0.00   0.00   0.00   0.00
[166,]   0.00   0.00   0.00   0.00   0.00   0.00   0.00   0.00   0.00   0.00
[167,]   0.00   0.00   0.00   0.00   0.00   0.00   0.00   0.00   0.00   0.00
[168,]   0.01   0.00   0.00   0.00   0.00   0.00   0.00   0.00   0.00   0.00
[169,]   0.00   0.01   0.00   0.00   0.00   0.00   0.00   0.00   0.00   0.00
[170,]   0.00   0.00   0.01   0.00   0.00   0.00   0.00   0.00   0.00   0.00
[171,]   0.00   0.00   0.00   0.01   0.00   0.00   0.00   0.00   0.00   0.00
[172,]   0.00   0.00   0.00   0.00   0.01   0.00   0.00   0.00   0.00   0.00
[173,]   0.00   0.00   0.00   0.00   0.00   0.01   0.00   0.00   0.00   0.00
[174,]   0.00   0.00   0.00   0.00   0.00   0.00   0.01   0.00   0.00   0.00
[175,]   0.00   0.00   0.00   0.00   0.00   0.00   0.00   0.01   0.00   0.00
[176,]   0.00   0.00   0.00   0.00   0.00   0.00   0.00   0.00   0.01   0.00
[177,]   0.00   0.00   0.00   0.00   0.00   0.00   0.00   0.00   0.00   0.01
[178,]   0.00   0.00   0.00   0.00   0.00   0.00   0.00   0.00   0.00   0.00
[179,]   0.00   0.00   0.00   0.00   0.00   0.00   0.00   0.00   0.00   0.00
[180,]   0.00   0.00   0.00   0.00   0.00   0.00   0.00   0.00   0.00   0.00
[181,]   0.00   0.00   0.00   0.00   0.00   0.00   0.00   0.00   0.00   0.00
[182,]   0.00   0.00   0.00   0.00   0.00   0.00   0.00   0.00   0.00   0.00
[183,]   0.00   0.00   0.00   0.00   0.00   0.00   0.00   0.00   0.00   0.00
[184,]   0.00   0.00   0.00   0.00   0.00   0.00   0.00   0.00   0.00   0.00
[185,]   0.00   0.00   0.00   0.00   0.00   0.00   0.00   0.00   0.00   0.00
[186,]   0.00   0.00   0.00   0.00   0.00   0.00   0.00   0.00   0.00   0.00
[187,]   0.00   0.00   0.00   0.00   0.00   0.00   0.00   0.00   0.00   0.00
[188,]   0.00   0.00   0.00   0.00   0.00   0.00   0.00   0.00   0.00   0.00
[189,]   0.00   0.00   0.00   0.00   0.00   0.00   0.00   0.00   0.00   0.00
[190,]   0.00   0.00   0.00   0.00   0.00   0.00   0.00   0.00   0.00   0.00
[191,]   0.00   0.00   0.00   0.00   0.00   0.00   0.00   0.00   0.00   0.00
[192,]   0.00   0.00   0.00   0.00   0.00   0.00   0.00   0.00   0.00   0.00
[193,]   0.00   0.00   0.00   0.00   0.00   0.00   0.00   0.00   0.00   0.00
[194,]   0.00   0.00   0.00   0.00   0.00   0.00   0.00   0.00   0.00   0.00
[195,]   0.00   0.00   0.00   0.00   0.00   0.00   0.00   0.00   0.00   0.00
[196,]   0.00   0.00   0.00   0.00   0.00   0.00   0.00   0.00   0.00   0.00
[197,]   0.00   0.00   0.00   0.00   0.00   0.00   0.00   0.00   0.00   0.00
[198,]   0.00   0.00   0.00   0.00   0.00   0.00   0.00   0.00   0.00   0.00
[199,]   0.00   0.00   0.00   0.00   0.00   0.00   0.00   0.00   0.00   0.00
[200,]   0.00   0.00   0.00   0.00   0.00   0.00   0.00   0.00   0.00   0.00
[201,]   0.00   0.00   0.00   0.00   0.00   0.00   0.00   0.00   0.00   0.00
[202,]   0.00   0.00   0.00   0.00   0.00   0.00   0.00   0.00   0.00   0.00
[203,]   0.00   0.00   0.00   0.00   0.00   0.00   0.00   0.00   0.00   0.00
[204,]   0.00   0.00   0.00   0.00   0.00   0.00   0.00   0.00   0.00   0.00
[205,]   0.00   0.00   0.00   0.00   0.00   0.00   0.00   0.00   0.00   0.00
[206,]   0.00   0.00   0.00   0.00   0.00   0.00   0.00   0.00   0.00   0.00
[207,]   0.00   0.00   0.00   0.00   0.00   0.00   0.00   0.00   0.00   0.00
[208,]   0.00   0.00   0.00   0.00   0.00   0.00   0.00   0.00   0.00   0.00
[209,]   0.00   0.00   0.00   0.00   0.00   0.00   0.00   0.00   0.00   0.00
[210,]   0.00   0.00   0.00   0.00   0.00   0.00   0.00   0.00   0.00   0.00
[211,]   0.00   0.00   0.00   0.00   0.00   0.00   0.00   0.00   0.00   0.00
[212,]   0.00   0.00   0.00   0.00   0.00   0.00   0.00   0.00   0.00   0.00
[213,]   0.00   0.00   0.00   0.00   0.00   0.00   0.00   0.00   0.00   0.00
[214,]   0.00   0.00   0.00   0.00   0.00   0.00   0.00   0.00   0.00   0.00
[215,]   0.00   0.00   0.00   0.00   0.00   0.00   0.00   0.00   0.00   0.00
[216,]   0.00   0.00   0.00   0.00   0.00   0.00   0.00   0.00   0.00   0.00
[217,]   0.00   0.00   0.00   0.00   0.00   0.00   0.00   0.00   0.00   0.00
[218,]   0.00   0.00   0.00   0.00   0.00   0.00   0.00   0.00   0.00   0.00
[219,]   0.00   0.00   0.00   0.00   0.00   0.00   0.00   0.00   0.00   0.00
[220,]   0.00   0.00   0.00   0.00   0.00   0.00   0.00   0.00   0.00   0.00
[221,]   0.00   0.00   0.00   0.00   0.00   0.00   0.00   0.00   0.00   0.00
[222,]   0.00   0.00   0.00   0.00   0.00   0.00   0.00   0.00   0.00   0.00
[223,]   0.00   0.00   0.00   0.00   0.00   0.00   0.00   0.00   0.00   0.00
[224,]   0.00   0.00   0.00   0.00   0.00   0.00   0.00   0.00   0.00   0.00
[225,]   0.00   0.00   0.00   0.00   0.00   0.00   0.00   0.00   0.00   0.00
[226,]   0.00   0.00   0.00   0.00   0.00   0.00   0.00   0.00   0.00   0.00
[227,]   0.00   0.00   0.00   0.00   0.00   0.00   0.00   0.00   0.00   0.00
[228,]   0.00   0.00   0.00   0.00   0.00   0.00   0.00   0.00   0.00   0.00
       [,178] [,179] [,180] [,181] [,182] [,183] [,184] [,185] [,186] [,187]
  [1,]   0.00   0.00   0.00   0.00   0.00   0.00   0.00   0.00   0.00   0.00
  [2,]   0.00   0.00   0.00   0.00   0.00   0.00   0.00   0.00   0.00   0.00
  [3,]   0.00   0.00   0.00   0.00   0.00   0.00   0.00   0.00   0.00   0.00
  [4,]   0.00   0.00   0.00   0.00   0.00   0.00   0.00   0.00   0.00   0.00
  [5,]   0.00   0.00   0.00   0.00   0.00   0.00   0.00   0.00   0.00   0.00
  [6,]   0.00   0.00   0.00   0.00   0.00   0.00   0.00   0.00   0.00   0.00
  [7,]   0.00   0.00   0.00   0.00   0.00   0.00   0.00   0.00   0.00   0.00
  [8,]   0.00   0.00   0.00   0.00   0.00   0.00   0.00   0.00   0.00   0.00
  [9,]   0.00   0.00   0.00   0.00   0.00   0.00   0.00   0.00   0.00   0.00
 [10,]   0.00   0.00   0.00   0.00   0.00   0.00   0.00   0.00   0.00   0.00
 [11,]   0.00   0.00   0.00   0.00   0.00   0.00   0.00   0.00   0.00   0.00
 [12,]   0.00   0.00   0.00   0.00   0.00   0.00   0.00   0.00   0.00   0.00
 [13,]   0.00   0.00   0.00   0.00   0.00   0.00   0.00   0.00   0.00   0.00
 [14,]   0.00   0.00   0.00   0.00   0.00   0.00   0.00   0.00   0.00   0.00
 [15,]   0.00   0.00   0.00   0.00   0.00   0.00   0.00   0.00   0.00   0.00
 [16,]   0.00   0.00   0.00   0.00   0.00   0.00   0.00   0.00   0.00   0.00
 [17,]   0.00   0.00   0.00   0.00   0.00   0.00   0.00   0.00   0.00   0.00
 [18,]   0.00   0.00   0.00   0.00   0.00   0.00   0.00   0.00   0.00   0.00
 [19,]   0.00   0.00   0.00   0.00   0.00   0.00   0.00   0.00   0.00   0.00
 [20,]   0.00   0.00   0.00   0.00   0.00   0.00   0.00   0.00   0.00   0.00
 [21,]   0.00   0.00   0.00   0.00   0.00   0.00   0.00   0.00   0.00   0.00
 [22,]   0.00   0.00   0.00   0.00   0.00   0.00   0.00   0.00   0.00   0.00
 [23,]   0.00   0.00   0.00   0.00   0.00   0.00   0.00   0.00   0.00   0.00
 [24,]   0.00   0.00   0.00   0.00   0.00   0.00   0.00   0.00   0.00   0.00
 [25,]   0.00   0.00   0.00   0.00   0.00   0.00   0.00   0.00   0.00   0.00
 [26,]   0.00   0.00   0.00   0.00   0.00   0.00   0.00   0.00   0.00   0.00
 [27,]   0.00   0.00   0.00   0.00   0.00   0.00   0.00   0.00   0.00   0.00
 [28,]   0.00   0.00   0.00   0.00   0.00   0.00   0.00   0.00   0.00   0.00
 [29,]   0.00   0.00   0.00   0.00   0.00   0.00   0.00   0.00   0.00   0.00
 [30,]   0.00   0.00   0.00   0.00   0.00   0.00   0.00   0.00   0.00   0.00
 [31,]   0.00   0.00   0.00   0.00   0.00   0.00   0.00   0.00   0.00   0.00
 [32,]   0.00   0.00   0.00   0.00   0.00   0.00   0.00   0.00   0.00   0.00
 [33,]   0.00   0.00   0.00   0.00   0.00   0.00   0.00   0.00   0.00   0.00
 [34,]   0.00   0.00   0.00   0.00   0.00   0.00   0.00   0.00   0.00   0.00
 [35,]   0.00   0.00   0.00   0.00   0.00   0.00   0.00   0.00   0.00   0.00
 [36,]   0.00   0.00   0.00   0.00   0.00   0.00   0.00   0.00   0.00   0.00
 [37,]   0.00   0.00   0.00   0.00   0.00   0.00   0.00   0.00   0.00   0.00
 [38,]   0.00   0.00   0.00   0.00   0.00   0.00   0.00   0.00   0.00   0.00
 [39,]   0.00   0.00   0.00   0.00   0.00   0.00   0.00   0.00   0.00   0.00
 [40,]   0.00   0.00   0.00   0.00   0.00   0.00   0.00   0.00   0.00   0.00
 [41,]   0.00   0.00   0.00   0.00   0.00   0.00   0.00   0.00   0.00   0.00
 [42,]   0.00   0.00   0.00   0.00   0.00   0.00   0.00   0.00   0.00   0.00
 [43,]   0.00   0.00   0.00   0.00   0.00   0.00   0.00   0.00   0.00   0.00
 [44,]   0.00   0.00   0.00   0.00   0.00   0.00   0.00   0.00   0.00   0.00
 [45,]   0.00   0.00   0.00   0.00   0.00   0.00   0.00   0.00   0.00   0.00
 [46,]   0.00   0.00   0.00   0.00   0.00   0.00   0.00   0.00   0.00   0.00
 [47,]   0.00   0.00   0.00   0.00   0.00   0.00   0.00   0.00   0.00   0.00
 [48,]   0.00   0.00   0.00   0.00   0.00   0.00   0.00   0.00   0.00   0.00
 [49,]   0.00   0.00   0.00   0.00   0.00   0.00   0.00   0.00   0.00   0.00
 [50,]   0.00   0.00   0.00   0.00   0.00   0.00   0.00   0.00   0.00   0.00
 [51,]   0.00   0.00   0.00   0.00   0.00   0.00   0.00   0.00   0.00   0.00
 [52,]   0.00   0.00   0.00   0.00   0.00   0.00   0.00   0.00   0.00   0.00
 [53,]   0.00   0.00   0.00   0.00   0.00   0.00   0.00   0.00   0.00   0.00
 [54,]   0.00   0.00   0.00   0.00   0.00   0.00   0.00   0.00   0.00   0.00
 [55,]   0.00   0.00   0.00   0.00   0.00   0.00   0.00   0.00   0.00   0.00
 [56,]   0.00   0.00   0.00   0.00   0.00   0.00   0.00   0.00   0.00   0.00
 [57,]   0.00   0.00   0.00   0.00   0.00   0.00   0.00   0.00   0.00   0.00
 [58,]   0.00   0.00   0.00   0.00   0.00   0.00   0.00   0.00   0.00   0.00
 [59,]   0.00   0.00   0.00   0.00   0.00   0.00   0.00   0.00   0.00   0.00
 [60,]   0.00   0.00   0.00   0.00   0.00   0.00   0.00   0.00   0.00   0.00
 [61,]   0.00   0.00   0.00   0.00   0.00   0.00   0.00   0.00   0.00   0.00
 [62,]   0.00   0.00   0.00   0.00   0.00   0.00   0.00   0.00   0.00   0.00
 [63,]   0.00   0.00   0.00   0.00   0.00   0.00   0.00   0.00   0.00   0.00
 [64,]   0.00   0.00   0.00   0.00   0.00   0.00   0.00   0.00   0.00   0.00
 [65,]   0.00   0.00   0.00   0.00   0.00   0.00   0.00   0.00   0.00   0.00
 [66,]   0.00   0.00   0.00   0.00   0.00   0.00   0.00   0.00   0.00   0.00
 [67,]   0.00   0.00   0.00   0.00   0.00   0.00   0.00   0.00   0.00   0.00
 [68,]   0.00   0.00   0.00   0.00   0.00   0.00   0.00   0.00   0.00   0.00
 [69,]   0.00   0.00   0.00   0.00   0.00   0.00   0.00   0.00   0.00   0.00
 [70,]   0.00   0.00   0.00   0.00   0.00   0.00   0.00   0.00   0.00   0.00
 [71,]   0.00   0.00   0.00   0.00   0.00   0.00   0.00   0.00   0.00   0.00
 [72,]   0.00   0.00   0.00   0.00   0.00   0.00   0.00   0.00   0.00   0.00
 [73,]   0.00   0.00   0.00   0.00   0.00   0.00   0.00   0.00   0.00   0.00
 [74,]   0.00   0.00   0.00   0.00   0.00   0.00   0.00   0.00   0.00   0.00
 [75,]   0.00   0.00   0.00   0.00   0.00   0.00   0.00   0.00   0.00   0.00
 [76,]   0.00   0.00   0.00   0.00   0.00   0.00   0.00   0.00   0.00   0.00
 [77,]   0.00   0.00   0.00   0.00   0.00   0.00   0.00   0.00   0.00   0.00
 [78,]   0.00   0.00   0.00   0.00   0.00   0.00   0.00   0.00   0.00   0.00
 [79,]   0.00   0.00   0.00   0.00   0.00   0.00   0.00   0.00   0.00   0.00
 [80,]   0.00   0.00   0.00   0.00   0.00   0.00   0.00   0.00   0.00   0.00
 [81,]   0.00   0.00   0.00   0.00   0.00   0.00   0.00   0.00   0.00   0.00
 [82,]   0.00   0.00   0.00   0.00   0.00   0.00   0.00   0.00   0.00   0.00
 [83,]   0.00   0.00   0.00   0.00   0.00   0.00   0.00   0.00   0.00   0.00
 [84,]   0.00   0.00   0.00   0.00   0.00   0.00   0.00   0.00   0.00   0.00
 [85,]   0.00   0.00   0.00   0.00   0.00   0.00   0.00   0.00   0.00   0.00
 [86,]   0.00   0.00   0.00   0.00   0.00   0.00   0.00   0.00   0.00   0.00
 [87,]   0.00   0.00   0.00   0.00   0.00   0.00   0.00   0.00   0.00   0.00
 [88,]   0.00   0.00   0.00   0.00   0.00   0.00   0.00   0.00   0.00   0.00
 [89,]   0.00   0.00   0.00   0.00   0.00   0.00   0.00   0.00   0.00   0.00
 [90,]   0.00   0.00   0.00   0.00   0.00   0.00   0.00   0.00   0.00   0.00
 [91,]   0.00   0.00   0.00   0.00   0.00   0.00   0.00   0.00   0.00   0.00
 [92,]   0.00   0.00   0.00   0.00   0.00   0.00   0.00   0.00   0.00   0.00
 [93,]   0.00   0.00   0.00   0.00   0.00   0.00   0.00   0.00   0.00   0.00
 [94,]   0.00   0.00   0.00   0.00   0.00   0.00   0.00   0.00   0.00   0.00
 [95,]   0.00   0.00   0.00   0.00   0.00   0.00   0.00   0.00   0.00   0.00
 [96,]   0.00   0.00   0.00   0.00   0.00   0.00   0.00   0.00   0.00   0.00
 [97,]   0.00   0.00   0.00   0.00   0.00   0.00   0.00   0.00   0.00   0.00
 [98,]   0.00   0.00   0.00   0.00   0.00   0.00   0.00   0.00   0.00   0.00
 [99,]   0.00   0.00   0.00   0.00   0.00   0.00   0.00   0.00   0.00   0.00
[100,]   0.00   0.00   0.00   0.00   0.00   0.00   0.00   0.00   0.00   0.00
[101,]   0.00   0.00   0.00   0.00   0.00   0.00   0.00   0.00   0.00   0.00
[102,]   0.00   0.00   0.00   0.00   0.00   0.00   0.00   0.00   0.00   0.00
[103,]   0.00   0.00   0.00   0.00   0.00   0.00   0.00   0.00   0.00   0.00
[104,]   0.00   0.00   0.00   0.00   0.00   0.00   0.00   0.00   0.00   0.00
[105,]   0.00   0.00   0.00   0.00   0.00   0.00   0.00   0.00   0.00   0.00
[106,]   0.00   0.00   0.00   0.00   0.00   0.00   0.00   0.00   0.00   0.00
[107,]   0.00   0.00   0.00   0.00   0.00   0.00   0.00   0.00   0.00   0.00
[108,]   0.00   0.00   0.00   0.00   0.00   0.00   0.00   0.00   0.00   0.00
[109,]   0.00   0.00   0.00   0.00   0.00   0.00   0.00   0.00   0.00   0.00
[110,]   0.00   0.00   0.00   0.00   0.00   0.00   0.00   0.00   0.00   0.00
[111,]   0.00   0.00   0.00   0.00   0.00   0.00   0.00   0.00   0.00   0.00
[112,]   0.00   0.00   0.00   0.00   0.00   0.00   0.00   0.00   0.00   0.00
[113,]   0.00   0.00   0.00   0.00   0.00   0.00   0.00   0.00   0.00   0.00
[114,]   0.00   0.00   0.00   0.00   0.00   0.00   0.00   0.00   0.00   0.00
[115,]   0.00   0.00   0.00   0.00   0.00   0.00   0.00   0.00   0.00   0.00
[116,]   0.00   0.00   0.00   0.00   0.00   0.00   0.00   0.00   0.00   0.00
[117,]   0.00   0.00   0.00   0.00   0.00   0.00   0.00   0.00   0.00   0.00
[118,]   0.00   0.00   0.00   0.00   0.00   0.00   0.00   0.00   0.00   0.00
[119,]   0.00   0.00   0.00   0.00   0.00   0.00   0.00   0.00   0.00   0.00
[120,]   0.00   0.00   0.00   0.00   0.00   0.00   0.00   0.00   0.00   0.00
[121,]   0.00   0.00   0.00   0.00   0.00   0.00   0.00   0.00   0.00   0.00
[122,]   0.00   0.00   0.00   0.00   0.00   0.00   0.00   0.00   0.00   0.00
[123,]   0.00   0.00   0.00   0.00   0.00   0.00   0.00   0.00   0.00   0.00
[124,]   0.00   0.00   0.00   0.00   0.00   0.00   0.00   0.00   0.00   0.00
[125,]   0.00   0.00   0.00   0.00   0.00   0.00   0.00   0.00   0.00   0.00
[126,]   0.00   0.00   0.00   0.00   0.00   0.00   0.00   0.00   0.00   0.00
[127,]   0.00   0.00   0.00   0.00   0.00   0.00   0.00   0.00   0.00   0.00
[128,]   0.00   0.00   0.00   0.00   0.00   0.00   0.00   0.00   0.00   0.00
[129,]   0.00   0.00   0.00   0.00   0.00   0.00   0.00   0.00   0.00   0.00
[130,]   0.00   0.00   0.00   0.00   0.00   0.00   0.00   0.00   0.00   0.00
[131,]   0.00   0.00   0.00   0.00   0.00   0.00   0.00   0.00   0.00   0.00
[132,]   0.00   0.00   0.00   0.00   0.00   0.00   0.00   0.00   0.00   0.00
[133,]   0.00   0.00   0.00   0.00   0.00   0.00   0.00   0.00   0.00   0.00
[134,]   0.00   0.00   0.00   0.00   0.00   0.00   0.00   0.00   0.00   0.00
[135,]   0.00   0.00   0.00   0.00   0.00   0.00   0.00   0.00   0.00   0.00
[136,]   0.00   0.00   0.00   0.00   0.00   0.00   0.00   0.00   0.00   0.00
[137,]   0.00   0.00   0.00   0.00   0.00   0.00   0.00   0.00   0.00   0.00
[138,]   0.00   0.00   0.00   0.00   0.00   0.00   0.00   0.00   0.00   0.00
[139,]   0.00   0.00   0.00   0.00   0.00   0.00   0.00   0.00   0.00   0.00
[140,]   0.00   0.00   0.00   0.00   0.00   0.00   0.00   0.00   0.00   0.00
[141,]   0.00   0.00   0.00   0.00   0.00   0.00   0.00   0.00   0.00   0.00
[142,]   0.00   0.00   0.00   0.00   0.00   0.00   0.00   0.00   0.00   0.00
[143,]   0.00   0.00   0.00   0.00   0.00   0.00   0.00   0.00   0.00   0.00
[144,]   0.00   0.00   0.00   0.00   0.00   0.00   0.00   0.00   0.00   0.00
[145,]   0.00   0.00   0.00   0.00   0.00   0.00   0.00   0.00   0.00   0.00
[146,]   0.00   0.00   0.00   0.00   0.00   0.00   0.00   0.00   0.00   0.00
[147,]   0.00   0.00   0.00   0.00   0.00   0.00   0.00   0.00   0.00   0.00
[148,]   0.00   0.00   0.00   0.00   0.00   0.00   0.00   0.00   0.00   0.00
[149,]   0.00   0.00   0.00   0.00   0.00   0.00   0.00   0.00   0.00   0.00
[150,]   0.00   0.00   0.00   0.00   0.00   0.00   0.00   0.00   0.00   0.00
[151,]   0.00   0.00   0.00   0.00   0.00   0.00   0.00   0.00   0.00   0.00
[152,]   0.00   0.00   0.00   0.00   0.00   0.00   0.00   0.00   0.00   0.00
[153,]   0.00   0.00   0.00   0.00   0.00   0.00   0.00   0.00   0.00   0.00
[154,]   0.00   0.00   0.00   0.00   0.00   0.00   0.00   0.00   0.00   0.00
[155,]   0.00   0.00   0.00   0.00   0.00   0.00   0.00   0.00   0.00   0.00
[156,]   0.00   0.00   0.00   0.00   0.00   0.00   0.00   0.00   0.00   0.00
[157,]   0.00   0.00   0.00   0.00   0.00   0.00   0.00   0.00   0.00   0.00
[158,]   0.00   0.00   0.00   0.00   0.00   0.00   0.00   0.00   0.00   0.00
[159,]   0.00   0.00   0.00   0.00   0.00   0.00   0.00   0.00   0.00   0.00
[160,]   0.00   0.00   0.00   0.00   0.00   0.00   0.00   0.00   0.00   0.00
[161,]   0.00   0.00   0.00   0.00   0.00   0.00   0.00   0.00   0.00   0.00
[162,]   0.00   0.00   0.00   0.00   0.00   0.00   0.00   0.00   0.00   0.00
[163,]   0.00   0.00   0.00   0.00   0.00   0.00   0.00   0.00   0.00   0.00
[164,]   0.00   0.00   0.00   0.00   0.00   0.00   0.00   0.00   0.00   0.00
[165,]   0.00   0.00   0.00   0.00   0.00   0.00   0.00   0.00   0.00   0.00
[166,]   0.00   0.00   0.00   0.00   0.00   0.00   0.00   0.00   0.00   0.00
[167,]   0.00   0.00   0.00   0.00   0.00   0.00   0.00   0.00   0.00   0.00
[168,]   0.00   0.00   0.00   0.00   0.00   0.00   0.00   0.00   0.00   0.00
[169,]   0.00   0.00   0.00   0.00   0.00   0.00   0.00   0.00   0.00   0.00
[170,]   0.00   0.00   0.00   0.00   0.00   0.00   0.00   0.00   0.00   0.00
[171,]   0.00   0.00   0.00   0.00   0.00   0.00   0.00   0.00   0.00   0.00
[172,]   0.00   0.00   0.00   0.00   0.00   0.00   0.00   0.00   0.00   0.00
[173,]   0.00   0.00   0.00   0.00   0.00   0.00   0.00   0.00   0.00   0.00
[174,]   0.00   0.00   0.00   0.00   0.00   0.00   0.00   0.00   0.00   0.00
[175,]   0.00   0.00   0.00   0.00   0.00   0.00   0.00   0.00   0.00   0.00
[176,]   0.00   0.00   0.00   0.00   0.00   0.00   0.00   0.00   0.00   0.00
[177,]   0.00   0.00   0.00   0.00   0.00   0.00   0.00   0.00   0.00   0.00
[178,]   0.01   0.00   0.00   0.00   0.00   0.00   0.00   0.00   0.00   0.00
[179,]   0.00   0.01   0.00   0.00   0.00   0.00   0.00   0.00   0.00   0.00
[180,]   0.00   0.00   0.01   0.00   0.00   0.00   0.00   0.00   0.00   0.00
[181,]   0.00   0.00   0.00   0.01   0.00   0.00   0.00   0.00   0.00   0.00
[182,]   0.00   0.00   0.00   0.00   0.01   0.00   0.00   0.00   0.00   0.00
[183,]   0.00   0.00   0.00   0.00   0.00   0.01   0.00   0.00   0.00   0.00
[184,]   0.00   0.00   0.00   0.00   0.00   0.00   0.01   0.00   0.00   0.00
[185,]   0.00   0.00   0.00   0.00   0.00   0.00   0.00   0.01   0.00   0.00
[186,]   0.00   0.00   0.00   0.00   0.00   0.00   0.00   0.00   0.01   0.00
[187,]   0.00   0.00   0.00   0.00   0.00   0.00   0.00   0.00   0.00   0.01
[188,]   0.00   0.00   0.00   0.00   0.00   0.00   0.00   0.00   0.00   0.00
[189,]   0.00   0.00   0.00   0.00   0.00   0.00   0.00   0.00   0.00   0.00
[190,]   0.00   0.00   0.00   0.00   0.00   0.00   0.00   0.00   0.00   0.00
[191,]   0.00   0.00   0.00   0.00   0.00   0.00   0.00   0.00   0.00   0.00
[192,]   0.00   0.00   0.00   0.00   0.00   0.00   0.00   0.00   0.00   0.00
[193,]   0.00   0.00   0.00   0.00   0.00   0.00   0.00   0.00   0.00   0.00
[194,]   0.00   0.00   0.00   0.00   0.00   0.00   0.00   0.00   0.00   0.00
[195,]   0.00   0.00   0.00   0.00   0.00   0.00   0.00   0.00   0.00   0.00
[196,]   0.00   0.00   0.00   0.00   0.00   0.00   0.00   0.00   0.00   0.00
[197,]   0.00   0.00   0.00   0.00   0.00   0.00   0.00   0.00   0.00   0.00
[198,]   0.00   0.00   0.00   0.00   0.00   0.00   0.00   0.00   0.00   0.00
[199,]   0.00   0.00   0.00   0.00   0.00   0.00   0.00   0.00   0.00   0.00
[200,]   0.00   0.00   0.00   0.00   0.00   0.00   0.00   0.00   0.00   0.00
[201,]   0.00   0.00   0.00   0.00   0.00   0.00   0.00   0.00   0.00   0.00
[202,]   0.00   0.00   0.00   0.00   0.00   0.00   0.00   0.00   0.00   0.00
[203,]   0.00   0.00   0.00   0.00   0.00   0.00   0.00   0.00   0.00   0.00
[204,]   0.00   0.00   0.00   0.00   0.00   0.00   0.00   0.00   0.00   0.00
[205,]   0.00   0.00   0.00   0.00   0.00   0.00   0.00   0.00   0.00   0.00
[206,]   0.00   0.00   0.00   0.00   0.00   0.00   0.00   0.00   0.00   0.00
[207,]   0.00   0.00   0.00   0.00   0.00   0.00   0.00   0.00   0.00   0.00
[208,]   0.00   0.00   0.00   0.00   0.00   0.00   0.00   0.00   0.00   0.00
[209,]   0.00   0.00   0.00   0.00   0.00   0.00   0.00   0.00   0.00   0.00
[210,]   0.00   0.00   0.00   0.00   0.00   0.00   0.00   0.00   0.00   0.00
[211,]   0.00   0.00   0.00   0.00   0.00   0.00   0.00   0.00   0.00   0.00
[212,]   0.00   0.00   0.00   0.00   0.00   0.00   0.00   0.00   0.00   0.00
[213,]   0.00   0.00   0.00   0.00   0.00   0.00   0.00   0.00   0.00   0.00
[214,]   0.00   0.00   0.00   0.00   0.00   0.00   0.00   0.00   0.00   0.00
[215,]   0.00   0.00   0.00   0.00   0.00   0.00   0.00   0.00   0.00   0.00
[216,]   0.00   0.00   0.00   0.00   0.00   0.00   0.00   0.00   0.00   0.00
[217,]   0.00   0.00   0.00   0.00   0.00   0.00   0.00   0.00   0.00   0.00
[218,]   0.00   0.00   0.00   0.00   0.00   0.00   0.00   0.00   0.00   0.00
[219,]   0.00   0.00   0.00   0.00   0.00   0.00   0.00   0.00   0.00   0.00
[220,]   0.00   0.00   0.00   0.00   0.00   0.00   0.00   0.00   0.00   0.00
[221,]   0.00   0.00   0.00   0.00   0.00   0.00   0.00   0.00   0.00   0.00
[222,]   0.00   0.00   0.00   0.00   0.00   0.00   0.00   0.00   0.00   0.00
[223,]   0.00   0.00   0.00   0.00   0.00   0.00   0.00   0.00   0.00   0.00
[224,]   0.00   0.00   0.00   0.00   0.00   0.00   0.00   0.00   0.00   0.00
[225,]   0.00   0.00   0.00   0.00   0.00   0.00   0.00   0.00   0.00   0.00
[226,]   0.00   0.00   0.00   0.00   0.00   0.00   0.00   0.00   0.00   0.00
[227,]   0.00   0.00   0.00   0.00   0.00   0.00   0.00   0.00   0.00   0.00
[228,]   0.00   0.00   0.00   0.00   0.00   0.00   0.00   0.00   0.00   0.00
       [,188] [,189] [,190] [,191] [,192] [,193] [,194] [,195] [,196] [,197]
  [1,]   0.00   0.00   0.00   0.00   0.00   0.00   0.00   0.00   0.00   0.00
  [2,]   0.00   0.00   0.00   0.00   0.00   0.00   0.00   0.00   0.00   0.00
  [3,]   0.00   0.00   0.00   0.00   0.00   0.00   0.00   0.00   0.00   0.00
  [4,]   0.00   0.00   0.00   0.00   0.00   0.00   0.00   0.00   0.00   0.00
  [5,]   0.00   0.00   0.00   0.00   0.00   0.00   0.00   0.00   0.00   0.00
  [6,]   0.00   0.00   0.00   0.00   0.00   0.00   0.00   0.00   0.00   0.00
  [7,]   0.00   0.00   0.00   0.00   0.00   0.00   0.00   0.00   0.00   0.00
  [8,]   0.00   0.00   0.00   0.00   0.00   0.00   0.00   0.00   0.00   0.00
  [9,]   0.00   0.00   0.00   0.00   0.00   0.00   0.00   0.00   0.00   0.00
 [10,]   0.00   0.00   0.00   0.00   0.00   0.00   0.00   0.00   0.00   0.00
 [11,]   0.00   0.00   0.00   0.00   0.00   0.00   0.00   0.00   0.00   0.00
 [12,]   0.00   0.00   0.00   0.00   0.00   0.00   0.00   0.00   0.00   0.00
 [13,]   0.00   0.00   0.00   0.00   0.00   0.00   0.00   0.00   0.00   0.00
 [14,]   0.00   0.00   0.00   0.00   0.00   0.00   0.00   0.00   0.00   0.00
 [15,]   0.00   0.00   0.00   0.00   0.00   0.00   0.00   0.00   0.00   0.00
 [16,]   0.00   0.00   0.00   0.00   0.00   0.00   0.00   0.00   0.00   0.00
 [17,]   0.00   0.00   0.00   0.00   0.00   0.00   0.00   0.00   0.00   0.00
 [18,]   0.00   0.00   0.00   0.00   0.00   0.00   0.00   0.00   0.00   0.00
 [19,]   0.00   0.00   0.00   0.00   0.00   0.00   0.00   0.00   0.00   0.00
 [20,]   0.00   0.00   0.00   0.00   0.00   0.00   0.00   0.00   0.00   0.00
 [21,]   0.00   0.00   0.00   0.00   0.00   0.00   0.00   0.00   0.00   0.00
 [22,]   0.00   0.00   0.00   0.00   0.00   0.00   0.00   0.00   0.00   0.00
 [23,]   0.00   0.00   0.00   0.00   0.00   0.00   0.00   0.00   0.00   0.00
 [24,]   0.00   0.00   0.00   0.00   0.00   0.00   0.00   0.00   0.00   0.00
 [25,]   0.00   0.00   0.00   0.00   0.00   0.00   0.00   0.00   0.00   0.00
 [26,]   0.00   0.00   0.00   0.00   0.00   0.00   0.00   0.00   0.00   0.00
 [27,]   0.00   0.00   0.00   0.00   0.00   0.00   0.00   0.00   0.00   0.00
 [28,]   0.00   0.00   0.00   0.00   0.00   0.00   0.00   0.00   0.00   0.00
 [29,]   0.00   0.00   0.00   0.00   0.00   0.00   0.00   0.00   0.00   0.00
 [30,]   0.00   0.00   0.00   0.00   0.00   0.00   0.00   0.00   0.00   0.00
 [31,]   0.00   0.00   0.00   0.00   0.00   0.00   0.00   0.00   0.00   0.00
 [32,]   0.00   0.00   0.00   0.00   0.00   0.00   0.00   0.00   0.00   0.00
 [33,]   0.00   0.00   0.00   0.00   0.00   0.00   0.00   0.00   0.00   0.00
 [34,]   0.00   0.00   0.00   0.00   0.00   0.00   0.00   0.00   0.00   0.00
 [35,]   0.00   0.00   0.00   0.00   0.00   0.00   0.00   0.00   0.00   0.00
 [36,]   0.00   0.00   0.00   0.00   0.00   0.00   0.00   0.00   0.00   0.00
 [37,]   0.00   0.00   0.00   0.00   0.00   0.00   0.00   0.00   0.00   0.00
 [38,]   0.00   0.00   0.00   0.00   0.00   0.00   0.00   0.00   0.00   0.00
 [39,]   0.00   0.00   0.00   0.00   0.00   0.00   0.00   0.00   0.00   0.00
 [40,]   0.00   0.00   0.00   0.00   0.00   0.00   0.00   0.00   0.00   0.00
 [41,]   0.00   0.00   0.00   0.00   0.00   0.00   0.00   0.00   0.00   0.00
 [42,]   0.00   0.00   0.00   0.00   0.00   0.00   0.00   0.00   0.00   0.00
 [43,]   0.00   0.00   0.00   0.00   0.00   0.00   0.00   0.00   0.00   0.00
 [44,]   0.00   0.00   0.00   0.00   0.00   0.00   0.00   0.00   0.00   0.00
 [45,]   0.00   0.00   0.00   0.00   0.00   0.00   0.00   0.00   0.00   0.00
 [46,]   0.00   0.00   0.00   0.00   0.00   0.00   0.00   0.00   0.00   0.00
 [47,]   0.00   0.00   0.00   0.00   0.00   0.00   0.00   0.00   0.00   0.00
 [48,]   0.00   0.00   0.00   0.00   0.00   0.00   0.00   0.00   0.00   0.00
 [49,]   0.00   0.00   0.00   0.00   0.00   0.00   0.00   0.00   0.00   0.00
 [50,]   0.00   0.00   0.00   0.00   0.00   0.00   0.00   0.00   0.00   0.00
 [51,]   0.00   0.00   0.00   0.00   0.00   0.00   0.00   0.00   0.00   0.00
 [52,]   0.00   0.00   0.00   0.00   0.00   0.00   0.00   0.00   0.00   0.00
 [53,]   0.00   0.00   0.00   0.00   0.00   0.00   0.00   0.00   0.00   0.00
 [54,]   0.00   0.00   0.00   0.00   0.00   0.00   0.00   0.00   0.00   0.00
 [55,]   0.00   0.00   0.00   0.00   0.00   0.00   0.00   0.00   0.00   0.00
 [56,]   0.00   0.00   0.00   0.00   0.00   0.00   0.00   0.00   0.00   0.00
 [57,]   0.00   0.00   0.00   0.00   0.00   0.00   0.00   0.00   0.00   0.00
 [58,]   0.00   0.00   0.00   0.00   0.00   0.00   0.00   0.00   0.00   0.00
 [59,]   0.00   0.00   0.00   0.00   0.00   0.00   0.00   0.00   0.00   0.00
 [60,]   0.00   0.00   0.00   0.00   0.00   0.00   0.00   0.00   0.00   0.00
 [61,]   0.00   0.00   0.00   0.00   0.00   0.00   0.00   0.00   0.00   0.00
 [62,]   0.00   0.00   0.00   0.00   0.00   0.00   0.00   0.00   0.00   0.00
 [63,]   0.00   0.00   0.00   0.00   0.00   0.00   0.00   0.00   0.00   0.00
 [64,]   0.00   0.00   0.00   0.00   0.00   0.00   0.00   0.00   0.00   0.00
 [65,]   0.00   0.00   0.00   0.00   0.00   0.00   0.00   0.00   0.00   0.00
 [66,]   0.00   0.00   0.00   0.00   0.00   0.00   0.00   0.00   0.00   0.00
 [67,]   0.00   0.00   0.00   0.00   0.00   0.00   0.00   0.00   0.00   0.00
 [68,]   0.00   0.00   0.00   0.00   0.00   0.00   0.00   0.00   0.00   0.00
 [69,]   0.00   0.00   0.00   0.00   0.00   0.00   0.00   0.00   0.00   0.00
 [70,]   0.00   0.00   0.00   0.00   0.00   0.00   0.00   0.00   0.00   0.00
 [71,]   0.00   0.00   0.00   0.00   0.00   0.00   0.00   0.00   0.00   0.00
 [72,]   0.00   0.00   0.00   0.00   0.00   0.00   0.00   0.00   0.00   0.00
 [73,]   0.00   0.00   0.00   0.00   0.00   0.00   0.00   0.00   0.00   0.00
 [74,]   0.00   0.00   0.00   0.00   0.00   0.00   0.00   0.00   0.00   0.00
 [75,]   0.00   0.00   0.00   0.00   0.00   0.00   0.00   0.00   0.00   0.00
 [76,]   0.00   0.00   0.00   0.00   0.00   0.00   0.00   0.00   0.00   0.00
 [77,]   0.00   0.00   0.00   0.00   0.00   0.00   0.00   0.00   0.00   0.00
 [78,]   0.00   0.00   0.00   0.00   0.00   0.00   0.00   0.00   0.00   0.00
 [79,]   0.00   0.00   0.00   0.00   0.00   0.00   0.00   0.00   0.00   0.00
 [80,]   0.00   0.00   0.00   0.00   0.00   0.00   0.00   0.00   0.00   0.00
 [81,]   0.00   0.00   0.00   0.00   0.00   0.00   0.00   0.00   0.00   0.00
 [82,]   0.00   0.00   0.00   0.00   0.00   0.00   0.00   0.00   0.00   0.00
 [83,]   0.00   0.00   0.00   0.00   0.00   0.00   0.00   0.00   0.00   0.00
 [84,]   0.00   0.00   0.00   0.00   0.00   0.00   0.00   0.00   0.00   0.00
 [85,]   0.00   0.00   0.00   0.00   0.00   0.00   0.00   0.00   0.00   0.00
 [86,]   0.00   0.00   0.00   0.00   0.00   0.00   0.00   0.00   0.00   0.00
 [87,]   0.00   0.00   0.00   0.00   0.00   0.00   0.00   0.00   0.00   0.00
 [88,]   0.00   0.00   0.00   0.00   0.00   0.00   0.00   0.00   0.00   0.00
 [89,]   0.00   0.00   0.00   0.00   0.00   0.00   0.00   0.00   0.00   0.00
 [90,]   0.00   0.00   0.00   0.00   0.00   0.00   0.00   0.00   0.00   0.00
 [91,]   0.00   0.00   0.00   0.00   0.00   0.00   0.00   0.00   0.00   0.00
 [92,]   0.00   0.00   0.00   0.00   0.00   0.00   0.00   0.00   0.00   0.00
 [93,]   0.00   0.00   0.00   0.00   0.00   0.00   0.00   0.00   0.00   0.00
 [94,]   0.00   0.00   0.00   0.00   0.00   0.00   0.00   0.00   0.00   0.00
 [95,]   0.00   0.00   0.00   0.00   0.00   0.00   0.00   0.00   0.00   0.00
 [96,]   0.00   0.00   0.00   0.00   0.00   0.00   0.00   0.00   0.00   0.00
 [97,]   0.00   0.00   0.00   0.00   0.00   0.00   0.00   0.00   0.00   0.00
 [98,]   0.00   0.00   0.00   0.00   0.00   0.00   0.00   0.00   0.00   0.00
 [99,]   0.00   0.00   0.00   0.00   0.00   0.00   0.00   0.00   0.00   0.00
[100,]   0.00   0.00   0.00   0.00   0.00   0.00   0.00   0.00   0.00   0.00
[101,]   0.00   0.00   0.00   0.00   0.00   0.00   0.00   0.00   0.00   0.00
[102,]   0.00   0.00   0.00   0.00   0.00   0.00   0.00   0.00   0.00   0.00
[103,]   0.00   0.00   0.00   0.00   0.00   0.00   0.00   0.00   0.00   0.00
[104,]   0.00   0.00   0.00   0.00   0.00   0.00   0.00   0.00   0.00   0.00
[105,]   0.00   0.00   0.00   0.00   0.00   0.00   0.00   0.00   0.00   0.00
[106,]   0.00   0.00   0.00   0.00   0.00   0.00   0.00   0.00   0.00   0.00
[107,]   0.00   0.00   0.00   0.00   0.00   0.00   0.00   0.00   0.00   0.00
[108,]   0.00   0.00   0.00   0.00   0.00   0.00   0.00   0.00   0.00   0.00
[109,]   0.00   0.00   0.00   0.00   0.00   0.00   0.00   0.00   0.00   0.00
[110,]   0.00   0.00   0.00   0.00   0.00   0.00   0.00   0.00   0.00   0.00
[111,]   0.00   0.00   0.00   0.00   0.00   0.00   0.00   0.00   0.00   0.00
[112,]   0.00   0.00   0.00   0.00   0.00   0.00   0.00   0.00   0.00   0.00
[113,]   0.00   0.00   0.00   0.00   0.00   0.00   0.00   0.00   0.00   0.00
[114,]   0.00   0.00   0.00   0.00   0.00   0.00   0.00   0.00   0.00   0.00
[115,]   0.00   0.00   0.00   0.00   0.00   0.00   0.00   0.00   0.00   0.00
[116,]   0.00   0.00   0.00   0.00   0.00   0.00   0.00   0.00   0.00   0.00
[117,]   0.00   0.00   0.00   0.00   0.00   0.00   0.00   0.00   0.00   0.00
[118,]   0.00   0.00   0.00   0.00   0.00   0.00   0.00   0.00   0.00   0.00
[119,]   0.00   0.00   0.00   0.00   0.00   0.00   0.00   0.00   0.00   0.00
[120,]   0.00   0.00   0.00   0.00   0.00   0.00   0.00   0.00   0.00   0.00
[121,]   0.00   0.00   0.00   0.00   0.00   0.00   0.00   0.00   0.00   0.00
[122,]   0.00   0.00   0.00   0.00   0.00   0.00   0.00   0.00   0.00   0.00
[123,]   0.00   0.00   0.00   0.00   0.00   0.00   0.00   0.00   0.00   0.00
[124,]   0.00   0.00   0.00   0.00   0.00   0.00   0.00   0.00   0.00   0.00
[125,]   0.00   0.00   0.00   0.00   0.00   0.00   0.00   0.00   0.00   0.00
[126,]   0.00   0.00   0.00   0.00   0.00   0.00   0.00   0.00   0.00   0.00
[127,]   0.00   0.00   0.00   0.00   0.00   0.00   0.00   0.00   0.00   0.00
[128,]   0.00   0.00   0.00   0.00   0.00   0.00   0.00   0.00   0.00   0.00
[129,]   0.00   0.00   0.00   0.00   0.00   0.00   0.00   0.00   0.00   0.00
[130,]   0.00   0.00   0.00   0.00   0.00   0.00   0.00   0.00   0.00   0.00
[131,]   0.00   0.00   0.00   0.00   0.00   0.00   0.00   0.00   0.00   0.00
[132,]   0.00   0.00   0.00   0.00   0.00   0.00   0.00   0.00   0.00   0.00
[133,]   0.00   0.00   0.00   0.00   0.00   0.00   0.00   0.00   0.00   0.00
[134,]   0.00   0.00   0.00   0.00   0.00   0.00   0.00   0.00   0.00   0.00
[135,]   0.00   0.00   0.00   0.00   0.00   0.00   0.00   0.00   0.00   0.00
[136,]   0.00   0.00   0.00   0.00   0.00   0.00   0.00   0.00   0.00   0.00
[137,]   0.00   0.00   0.00   0.00   0.00   0.00   0.00   0.00   0.00   0.00
[138,]   0.00   0.00   0.00   0.00   0.00   0.00   0.00   0.00   0.00   0.00
[139,]   0.00   0.00   0.00   0.00   0.00   0.00   0.00   0.00   0.00   0.00
[140,]   0.00   0.00   0.00   0.00   0.00   0.00   0.00   0.00   0.00   0.00
[141,]   0.00   0.00   0.00   0.00   0.00   0.00   0.00   0.00   0.00   0.00
[142,]   0.00   0.00   0.00   0.00   0.00   0.00   0.00   0.00   0.00   0.00
[143,]   0.00   0.00   0.00   0.00   0.00   0.00   0.00   0.00   0.00   0.00
[144,]   0.00   0.00   0.00   0.00   0.00   0.00   0.00   0.00   0.00   0.00
[145,]   0.00   0.00   0.00   0.00   0.00   0.00   0.00   0.00   0.00   0.00
[146,]   0.00   0.00   0.00   0.00   0.00   0.00   0.00   0.00   0.00   0.00
[147,]   0.00   0.00   0.00   0.00   0.00   0.00   0.00   0.00   0.00   0.00
[148,]   0.00   0.00   0.00   0.00   0.00   0.00   0.00   0.00   0.00   0.00
[149,]   0.00   0.00   0.00   0.00   0.00   0.00   0.00   0.00   0.00   0.00
[150,]   0.00   0.00   0.00   0.00   0.00   0.00   0.00   0.00   0.00   0.00
[151,]   0.00   0.00   0.00   0.00   0.00   0.00   0.00   0.00   0.00   0.00
[152,]   0.00   0.00   0.00   0.00   0.00   0.00   0.00   0.00   0.00   0.00
[153,]   0.00   0.00   0.00   0.00   0.00   0.00   0.00   0.00   0.00   0.00
[154,]   0.00   0.00   0.00   0.00   0.00   0.00   0.00   0.00   0.00   0.00
[155,]   0.00   0.00   0.00   0.00   0.00   0.00   0.00   0.00   0.00   0.00
[156,]   0.00   0.00   0.00   0.00   0.00   0.00   0.00   0.00   0.00   0.00
[157,]   0.00   0.00   0.00   0.00   0.00   0.00   0.00   0.00   0.00   0.00
[158,]   0.00   0.00   0.00   0.00   0.00   0.00   0.00   0.00   0.00   0.00
[159,]   0.00   0.00   0.00   0.00   0.00   0.00   0.00   0.00   0.00   0.00
[160,]   0.00   0.00   0.00   0.00   0.00   0.00   0.00   0.00   0.00   0.00
[161,]   0.00   0.00   0.00   0.00   0.00   0.00   0.00   0.00   0.00   0.00
[162,]   0.00   0.00   0.00   0.00   0.00   0.00   0.00   0.00   0.00   0.00
[163,]   0.00   0.00   0.00   0.00   0.00   0.00   0.00   0.00   0.00   0.00
[164,]   0.00   0.00   0.00   0.00   0.00   0.00   0.00   0.00   0.00   0.00
[165,]   0.00   0.00   0.00   0.00   0.00   0.00   0.00   0.00   0.00   0.00
[166,]   0.00   0.00   0.00   0.00   0.00   0.00   0.00   0.00   0.00   0.00
[167,]   0.00   0.00   0.00   0.00   0.00   0.00   0.00   0.00   0.00   0.00
[168,]   0.00   0.00   0.00   0.00   0.00   0.00   0.00   0.00   0.00   0.00
[169,]   0.00   0.00   0.00   0.00   0.00   0.00   0.00   0.00   0.00   0.00
[170,]   0.00   0.00   0.00   0.00   0.00   0.00   0.00   0.00   0.00   0.00
[171,]   0.00   0.00   0.00   0.00   0.00   0.00   0.00   0.00   0.00   0.00
[172,]   0.00   0.00   0.00   0.00   0.00   0.00   0.00   0.00   0.00   0.00
[173,]   0.00   0.00   0.00   0.00   0.00   0.00   0.00   0.00   0.00   0.00
[174,]   0.00   0.00   0.00   0.00   0.00   0.00   0.00   0.00   0.00   0.00
[175,]   0.00   0.00   0.00   0.00   0.00   0.00   0.00   0.00   0.00   0.00
[176,]   0.00   0.00   0.00   0.00   0.00   0.00   0.00   0.00   0.00   0.00
[177,]   0.00   0.00   0.00   0.00   0.00   0.00   0.00   0.00   0.00   0.00
[178,]   0.00   0.00   0.00   0.00   0.00   0.00   0.00   0.00   0.00   0.00
[179,]   0.00   0.00   0.00   0.00   0.00   0.00   0.00   0.00   0.00   0.00
[180,]   0.00   0.00   0.00   0.00   0.00   0.00   0.00   0.00   0.00   0.00
[181,]   0.00   0.00   0.00   0.00   0.00   0.00   0.00   0.00   0.00   0.00
[182,]   0.00   0.00   0.00   0.00   0.00   0.00   0.00   0.00   0.00   0.00
[183,]   0.00   0.00   0.00   0.00   0.00   0.00   0.00   0.00   0.00   0.00
[184,]   0.00   0.00   0.00   0.00   0.00   0.00   0.00   0.00   0.00   0.00
[185,]   0.00   0.00   0.00   0.00   0.00   0.00   0.00   0.00   0.00   0.00
[186,]   0.00   0.00   0.00   0.00   0.00   0.00   0.00   0.00   0.00   0.00
[187,]   0.00   0.00   0.00   0.00   0.00   0.00   0.00   0.00   0.00   0.00
[188,]   0.01   0.00   0.00   0.00   0.00   0.00   0.00   0.00   0.00   0.00
[189,]   0.00   0.01   0.00   0.00   0.00   0.00   0.00   0.00   0.00   0.00
[190,]   0.00   0.00   0.01   0.00   0.00   0.00   0.00   0.00   0.00   0.00
[191,]   0.00   0.00   0.00   0.01   0.00   0.00   0.00   0.00   0.00   0.00
[192,]   0.00   0.00   0.00   0.00   0.01   0.00   0.00   0.00   0.00   0.00
[193,]   0.00   0.00   0.00   0.00   0.00   0.01   0.00   0.00   0.00   0.00
[194,]   0.00   0.00   0.00   0.00   0.00   0.00   0.01   0.00   0.00   0.00
[195,]   0.00   0.00   0.00   0.00   0.00   0.00   0.00   0.01   0.00   0.00
[196,]   0.00   0.00   0.00   0.00   0.00   0.00   0.00   0.00   0.01   0.00
[197,]   0.00   0.00   0.00   0.00   0.00   0.00   0.00   0.00   0.00   0.01
[198,]   0.00   0.00   0.00   0.00   0.00   0.00   0.00   0.00   0.00   0.00
[199,]   0.00   0.00   0.00   0.00   0.00   0.00   0.00   0.00   0.00   0.00
[200,]   0.00   0.00   0.00   0.00   0.00   0.00   0.00   0.00   0.00   0.00
[201,]   0.00   0.00   0.00   0.00   0.00   0.00   0.00   0.00   0.00   0.00
[202,]   0.00   0.00   0.00   0.00   0.00   0.00   0.00   0.00   0.00   0.00
[203,]   0.00   0.00   0.00   0.00   0.00   0.00   0.00   0.00   0.00   0.00
[204,]   0.00   0.00   0.00   0.00   0.00   0.00   0.00   0.00   0.00   0.00
[205,]   0.00   0.00   0.00   0.00   0.00   0.00   0.00   0.00   0.00   0.00
[206,]   0.00   0.00   0.00   0.00   0.00   0.00   0.00   0.00   0.00   0.00
[207,]   0.00   0.00   0.00   0.00   0.00   0.00   0.00   0.00   0.00   0.00
[208,]   0.00   0.00   0.00   0.00   0.00   0.00   0.00   0.00   0.00   0.00
[209,]   0.00   0.00   0.00   0.00   0.00   0.00   0.00   0.00   0.00   0.00
[210,]   0.00   0.00   0.00   0.00   0.00   0.00   0.00   0.00   0.00   0.00
[211,]   0.00   0.00   0.00   0.00   0.00   0.00   0.00   0.00   0.00   0.00
[212,]   0.00   0.00   0.00   0.00   0.00   0.00   0.00   0.00   0.00   0.00
[213,]   0.00   0.00   0.00   0.00   0.00   0.00   0.00   0.00   0.00   0.00
[214,]   0.00   0.00   0.00   0.00   0.00   0.00   0.00   0.00   0.00   0.00
[215,]   0.00   0.00   0.00   0.00   0.00   0.00   0.00   0.00   0.00   0.00
[216,]   0.00   0.00   0.00   0.00   0.00   0.00   0.00   0.00   0.00   0.00
[217,]   0.00   0.00   0.00   0.00   0.00   0.00   0.00   0.00   0.00   0.00
[218,]   0.00   0.00   0.00   0.00   0.00   0.00   0.00   0.00   0.00   0.00
[219,]   0.00   0.00   0.00   0.00   0.00   0.00   0.00   0.00   0.00   0.00
[220,]   0.00   0.00   0.00   0.00   0.00   0.00   0.00   0.00   0.00   0.00
[221,]   0.00   0.00   0.00   0.00   0.00   0.00   0.00   0.00   0.00   0.00
[222,]   0.00   0.00   0.00   0.00   0.00   0.00   0.00   0.00   0.00   0.00
[223,]   0.00   0.00   0.00   0.00   0.00   0.00   0.00   0.00   0.00   0.00
[224,]   0.00   0.00   0.00   0.00   0.00   0.00   0.00   0.00   0.00   0.00
[225,]   0.00   0.00   0.00   0.00   0.00   0.00   0.00   0.00   0.00   0.00
[226,]   0.00   0.00   0.00   0.00   0.00   0.00   0.00   0.00   0.00   0.00
[227,]   0.00   0.00   0.00   0.00   0.00   0.00   0.00   0.00   0.00   0.00
[228,]   0.00   0.00   0.00   0.00   0.00   0.00   0.00   0.00   0.00   0.00
       [,198] [,199] [,200] [,201] [,202] [,203] [,204] [,205] [,206] [,207]
  [1,]   0.00   0.00   0.00   0.00   0.00   0.00   0.00   0.00   0.00   0.00
  [2,]   0.00   0.00   0.00   0.00   0.00   0.00   0.00   0.00   0.00   0.00
  [3,]   0.00   0.00   0.00   0.00   0.00   0.00   0.00   0.00   0.00   0.00
  [4,]   0.00   0.00   0.00   0.00   0.00   0.00   0.00   0.00   0.00   0.00
  [5,]   0.00   0.00   0.00   0.00   0.00   0.00   0.00   0.00   0.00   0.00
  [6,]   0.00   0.00   0.00   0.00   0.00   0.00   0.00   0.00   0.00   0.00
  [7,]   0.00   0.00   0.00   0.00   0.00   0.00   0.00   0.00   0.00   0.00
  [8,]   0.00   0.00   0.00   0.00   0.00   0.00   0.00   0.00   0.00   0.00
  [9,]   0.00   0.00   0.00   0.00   0.00   0.00   0.00   0.00   0.00   0.00
 [10,]   0.00   0.00   0.00   0.00   0.00   0.00   0.00   0.00   0.00   0.00
 [11,]   0.00   0.00   0.00   0.00   0.00   0.00   0.00   0.00   0.00   0.00
 [12,]   0.00   0.00   0.00   0.00   0.00   0.00   0.00   0.00   0.00   0.00
 [13,]   0.00   0.00   0.00   0.00   0.00   0.00   0.00   0.00   0.00   0.00
 [14,]   0.00   0.00   0.00   0.00   0.00   0.00   0.00   0.00   0.00   0.00
 [15,]   0.00   0.00   0.00   0.00   0.00   0.00   0.00   0.00   0.00   0.00
 [16,]   0.00   0.00   0.00   0.00   0.00   0.00   0.00   0.00   0.00   0.00
 [17,]   0.00   0.00   0.00   0.00   0.00   0.00   0.00   0.00   0.00   0.00
 [18,]   0.00   0.00   0.00   0.00   0.00   0.00   0.00   0.00   0.00   0.00
 [19,]   0.00   0.00   0.00   0.00   0.00   0.00   0.00   0.00   0.00   0.00
 [20,]   0.00   0.00   0.00   0.00   0.00   0.00   0.00   0.00   0.00   0.00
 [21,]   0.00   0.00   0.00   0.00   0.00   0.00   0.00   0.00   0.00   0.00
 [22,]   0.00   0.00   0.00   0.00   0.00   0.00   0.00   0.00   0.00   0.00
 [23,]   0.00   0.00   0.00   0.00   0.00   0.00   0.00   0.00   0.00   0.00
 [24,]   0.00   0.00   0.00   0.00   0.00   0.00   0.00   0.00   0.00   0.00
 [25,]   0.00   0.00   0.00   0.00   0.00   0.00   0.00   0.00   0.00   0.00
 [26,]   0.00   0.00   0.00   0.00   0.00   0.00   0.00   0.00   0.00   0.00
 [27,]   0.00   0.00   0.00   0.00   0.00   0.00   0.00   0.00   0.00   0.00
 [28,]   0.00   0.00   0.00   0.00   0.00   0.00   0.00   0.00   0.00   0.00
 [29,]   0.00   0.00   0.00   0.00   0.00   0.00   0.00   0.00   0.00   0.00
 [30,]   0.00   0.00   0.00   0.00   0.00   0.00   0.00   0.00   0.00   0.00
 [31,]   0.00   0.00   0.00   0.00   0.00   0.00   0.00   0.00   0.00   0.00
 [32,]   0.00   0.00   0.00   0.00   0.00   0.00   0.00   0.00   0.00   0.00
 [33,]   0.00   0.00   0.00   0.00   0.00   0.00   0.00   0.00   0.00   0.00
 [34,]   0.00   0.00   0.00   0.00   0.00   0.00   0.00   0.00   0.00   0.00
 [35,]   0.00   0.00   0.00   0.00   0.00   0.00   0.00   0.00   0.00   0.00
 [36,]   0.00   0.00   0.00   0.00   0.00   0.00   0.00   0.00   0.00   0.00
 [37,]   0.00   0.00   0.00   0.00   0.00   0.00   0.00   0.00   0.00   0.00
 [38,]   0.00   0.00   0.00   0.00   0.00   0.00   0.00   0.00   0.00   0.00
 [39,]   0.00   0.00   0.00   0.00   0.00   0.00   0.00   0.00   0.00   0.00
 [40,]   0.00   0.00   0.00   0.00   0.00   0.00   0.00   0.00   0.00   0.00
 [41,]   0.00   0.00   0.00   0.00   0.00   0.00   0.00   0.00   0.00   0.00
 [42,]   0.00   0.00   0.00   0.00   0.00   0.00   0.00   0.00   0.00   0.00
 [43,]   0.00   0.00   0.00   0.00   0.00   0.00   0.00   0.00   0.00   0.00
 [44,]   0.00   0.00   0.00   0.00   0.00   0.00   0.00   0.00   0.00   0.00
 [45,]   0.00   0.00   0.00   0.00   0.00   0.00   0.00   0.00   0.00   0.00
 [46,]   0.00   0.00   0.00   0.00   0.00   0.00   0.00   0.00   0.00   0.00
 [47,]   0.00   0.00   0.00   0.00   0.00   0.00   0.00   0.00   0.00   0.00
 [48,]   0.00   0.00   0.00   0.00   0.00   0.00   0.00   0.00   0.00   0.00
 [49,]   0.00   0.00   0.00   0.00   0.00   0.00   0.00   0.00   0.00   0.00
 [50,]   0.00   0.00   0.00   0.00   0.00   0.00   0.00   0.00   0.00   0.00
 [51,]   0.00   0.00   0.00   0.00   0.00   0.00   0.00   0.00   0.00   0.00
 [52,]   0.00   0.00   0.00   0.00   0.00   0.00   0.00   0.00   0.00   0.00
 [53,]   0.00   0.00   0.00   0.00   0.00   0.00   0.00   0.00   0.00   0.00
 [54,]   0.00   0.00   0.00   0.00   0.00   0.00   0.00   0.00   0.00   0.00
 [55,]   0.00   0.00   0.00   0.00   0.00   0.00   0.00   0.00   0.00   0.00
 [56,]   0.00   0.00   0.00   0.00   0.00   0.00   0.00   0.00   0.00   0.00
 [57,]   0.00   0.00   0.00   0.00   0.00   0.00   0.00   0.00   0.00   0.00
 [58,]   0.00   0.00   0.00   0.00   0.00   0.00   0.00   0.00   0.00   0.00
 [59,]   0.00   0.00   0.00   0.00   0.00   0.00   0.00   0.00   0.00   0.00
 [60,]   0.00   0.00   0.00   0.00   0.00   0.00   0.00   0.00   0.00   0.00
 [61,]   0.00   0.00   0.00   0.00   0.00   0.00   0.00   0.00   0.00   0.00
 [62,]   0.00   0.00   0.00   0.00   0.00   0.00   0.00   0.00   0.00   0.00
 [63,]   0.00   0.00   0.00   0.00   0.00   0.00   0.00   0.00   0.00   0.00
 [64,]   0.00   0.00   0.00   0.00   0.00   0.00   0.00   0.00   0.00   0.00
 [65,]   0.00   0.00   0.00   0.00   0.00   0.00   0.00   0.00   0.00   0.00
 [66,]   0.00   0.00   0.00   0.00   0.00   0.00   0.00   0.00   0.00   0.00
 [67,]   0.00   0.00   0.00   0.00   0.00   0.00   0.00   0.00   0.00   0.00
 [68,]   0.00   0.00   0.00   0.00   0.00   0.00   0.00   0.00   0.00   0.00
 [69,]   0.00   0.00   0.00   0.00   0.00   0.00   0.00   0.00   0.00   0.00
 [70,]   0.00   0.00   0.00   0.00   0.00   0.00   0.00   0.00   0.00   0.00
 [71,]   0.00   0.00   0.00   0.00   0.00   0.00   0.00   0.00   0.00   0.00
 [72,]   0.00   0.00   0.00   0.00   0.00   0.00   0.00   0.00   0.00   0.00
 [73,]   0.00   0.00   0.00   0.00   0.00   0.00   0.00   0.00   0.00   0.00
 [74,]   0.00   0.00   0.00   0.00   0.00   0.00   0.00   0.00   0.00   0.00
 [75,]   0.00   0.00   0.00   0.00   0.00   0.00   0.00   0.00   0.00   0.00
 [76,]   0.00   0.00   0.00   0.00   0.00   0.00   0.00   0.00   0.00   0.00
 [77,]   0.00   0.00   0.00   0.00   0.00   0.00   0.00   0.00   0.00   0.00
 [78,]   0.00   0.00   0.00   0.00   0.00   0.00   0.00   0.00   0.00   0.00
 [79,]   0.00   0.00   0.00   0.00   0.00   0.00   0.00   0.00   0.00   0.00
 [80,]   0.00   0.00   0.00   0.00   0.00   0.00   0.00   0.00   0.00   0.00
 [81,]   0.00   0.00   0.00   0.00   0.00   0.00   0.00   0.00   0.00   0.00
 [82,]   0.00   0.00   0.00   0.00   0.00   0.00   0.00   0.00   0.00   0.00
 [83,]   0.00   0.00   0.00   0.00   0.00   0.00   0.00   0.00   0.00   0.00
 [84,]   0.00   0.00   0.00   0.00   0.00   0.00   0.00   0.00   0.00   0.00
 [85,]   0.00   0.00   0.00   0.00   0.00   0.00   0.00   0.00   0.00   0.00
 [86,]   0.00   0.00   0.00   0.00   0.00   0.00   0.00   0.00   0.00   0.00
 [87,]   0.00   0.00   0.00   0.00   0.00   0.00   0.00   0.00   0.00   0.00
 [88,]   0.00   0.00   0.00   0.00   0.00   0.00   0.00   0.00   0.00   0.00
 [89,]   0.00   0.00   0.00   0.00   0.00   0.00   0.00   0.00   0.00   0.00
 [90,]   0.00   0.00   0.00   0.00   0.00   0.00   0.00   0.00   0.00   0.00
 [91,]   0.00   0.00   0.00   0.00   0.00   0.00   0.00   0.00   0.00   0.00
 [92,]   0.00   0.00   0.00   0.00   0.00   0.00   0.00   0.00   0.00   0.00
 [93,]   0.00   0.00   0.00   0.00   0.00   0.00   0.00   0.00   0.00   0.00
 [94,]   0.00   0.00   0.00   0.00   0.00   0.00   0.00   0.00   0.00   0.00
 [95,]   0.00   0.00   0.00   0.00   0.00   0.00   0.00   0.00   0.00   0.00
 [96,]   0.00   0.00   0.00   0.00   0.00   0.00   0.00   0.00   0.00   0.00
 [97,]   0.00   0.00   0.00   0.00   0.00   0.00   0.00   0.00   0.00   0.00
 [98,]   0.00   0.00   0.00   0.00   0.00   0.00   0.00   0.00   0.00   0.00
 [99,]   0.00   0.00   0.00   0.00   0.00   0.00   0.00   0.00   0.00   0.00
[100,]   0.00   0.00   0.00   0.00   0.00   0.00   0.00   0.00   0.00   0.00
[101,]   0.00   0.00   0.00   0.00   0.00   0.00   0.00   0.00   0.00   0.00
[102,]   0.00   0.00   0.00   0.00   0.00   0.00   0.00   0.00   0.00   0.00
[103,]   0.00   0.00   0.00   0.00   0.00   0.00   0.00   0.00   0.00   0.00
[104,]   0.00   0.00   0.00   0.00   0.00   0.00   0.00   0.00   0.00   0.00
[105,]   0.00   0.00   0.00   0.00   0.00   0.00   0.00   0.00   0.00   0.00
[106,]   0.00   0.00   0.00   0.00   0.00   0.00   0.00   0.00   0.00   0.00
[107,]   0.00   0.00   0.00   0.00   0.00   0.00   0.00   0.00   0.00   0.00
[108,]   0.00   0.00   0.00   0.00   0.00   0.00   0.00   0.00   0.00   0.00
[109,]   0.00   0.00   0.00   0.00   0.00   0.00   0.00   0.00   0.00   0.00
[110,]   0.00   0.00   0.00   0.00   0.00   0.00   0.00   0.00   0.00   0.00
[111,]   0.00   0.00   0.00   0.00   0.00   0.00   0.00   0.00   0.00   0.00
[112,]   0.00   0.00   0.00   0.00   0.00   0.00   0.00   0.00   0.00   0.00
[113,]   0.00   0.00   0.00   0.00   0.00   0.00   0.00   0.00   0.00   0.00
[114,]   0.00   0.00   0.00   0.00   0.00   0.00   0.00   0.00   0.00   0.00
[115,]   0.00   0.00   0.00   0.00   0.00   0.00   0.00   0.00   0.00   0.00
[116,]   0.00   0.00   0.00   0.00   0.00   0.00   0.00   0.00   0.00   0.00
[117,]   0.00   0.00   0.00   0.00   0.00   0.00   0.00   0.00   0.00   0.00
[118,]   0.00   0.00   0.00   0.00   0.00   0.00   0.00   0.00   0.00   0.00
[119,]   0.00   0.00   0.00   0.00   0.00   0.00   0.00   0.00   0.00   0.00
[120,]   0.00   0.00   0.00   0.00   0.00   0.00   0.00   0.00   0.00   0.00
[121,]   0.00   0.00   0.00   0.00   0.00   0.00   0.00   0.00   0.00   0.00
[122,]   0.00   0.00   0.00   0.00   0.00   0.00   0.00   0.00   0.00   0.00
[123,]   0.00   0.00   0.00   0.00   0.00   0.00   0.00   0.00   0.00   0.00
[124,]   0.00   0.00   0.00   0.00   0.00   0.00   0.00   0.00   0.00   0.00
[125,]   0.00   0.00   0.00   0.00   0.00   0.00   0.00   0.00   0.00   0.00
[126,]   0.00   0.00   0.00   0.00   0.00   0.00   0.00   0.00   0.00   0.00
[127,]   0.00   0.00   0.00   0.00   0.00   0.00   0.00   0.00   0.00   0.00
[128,]   0.00   0.00   0.00   0.00   0.00   0.00   0.00   0.00   0.00   0.00
[129,]   0.00   0.00   0.00   0.00   0.00   0.00   0.00   0.00   0.00   0.00
[130,]   0.00   0.00   0.00   0.00   0.00   0.00   0.00   0.00   0.00   0.00
[131,]   0.00   0.00   0.00   0.00   0.00   0.00   0.00   0.00   0.00   0.00
[132,]   0.00   0.00   0.00   0.00   0.00   0.00   0.00   0.00   0.00   0.00
[133,]   0.00   0.00   0.00   0.00   0.00   0.00   0.00   0.00   0.00   0.00
[134,]   0.00   0.00   0.00   0.00   0.00   0.00   0.00   0.00   0.00   0.00
[135,]   0.00   0.00   0.00   0.00   0.00   0.00   0.00   0.00   0.00   0.00
[136,]   0.00   0.00   0.00   0.00   0.00   0.00   0.00   0.00   0.00   0.00
[137,]   0.00   0.00   0.00   0.00   0.00   0.00   0.00   0.00   0.00   0.00
[138,]   0.00   0.00   0.00   0.00   0.00   0.00   0.00   0.00   0.00   0.00
[139,]   0.00   0.00   0.00   0.00   0.00   0.00   0.00   0.00   0.00   0.00
[140,]   0.00   0.00   0.00   0.00   0.00   0.00   0.00   0.00   0.00   0.00
[141,]   0.00   0.00   0.00   0.00   0.00   0.00   0.00   0.00   0.00   0.00
[142,]   0.00   0.00   0.00   0.00   0.00   0.00   0.00   0.00   0.00   0.00
[143,]   0.00   0.00   0.00   0.00   0.00   0.00   0.00   0.00   0.00   0.00
[144,]   0.00   0.00   0.00   0.00   0.00   0.00   0.00   0.00   0.00   0.00
[145,]   0.00   0.00   0.00   0.00   0.00   0.00   0.00   0.00   0.00   0.00
[146,]   0.00   0.00   0.00   0.00   0.00   0.00   0.00   0.00   0.00   0.00
[147,]   0.00   0.00   0.00   0.00   0.00   0.00   0.00   0.00   0.00   0.00
[148,]   0.00   0.00   0.00   0.00   0.00   0.00   0.00   0.00   0.00   0.00
[149,]   0.00   0.00   0.00   0.00   0.00   0.00   0.00   0.00   0.00   0.00
[150,]   0.00   0.00   0.00   0.00   0.00   0.00   0.00   0.00   0.00   0.00
[151,]   0.00   0.00   0.00   0.00   0.00   0.00   0.00   0.00   0.00   0.00
[152,]   0.00   0.00   0.00   0.00   0.00   0.00   0.00   0.00   0.00   0.00
[153,]   0.00   0.00   0.00   0.00   0.00   0.00   0.00   0.00   0.00   0.00
[154,]   0.00   0.00   0.00   0.00   0.00   0.00   0.00   0.00   0.00   0.00
[155,]   0.00   0.00   0.00   0.00   0.00   0.00   0.00   0.00   0.00   0.00
[156,]   0.00   0.00   0.00   0.00   0.00   0.00   0.00   0.00   0.00   0.00
[157,]   0.00   0.00   0.00   0.00   0.00   0.00   0.00   0.00   0.00   0.00
[158,]   0.00   0.00   0.00   0.00   0.00   0.00   0.00   0.00   0.00   0.00
[159,]   0.00   0.00   0.00   0.00   0.00   0.00   0.00   0.00   0.00   0.00
[160,]   0.00   0.00   0.00   0.00   0.00   0.00   0.00   0.00   0.00   0.00
[161,]   0.00   0.00   0.00   0.00   0.00   0.00   0.00   0.00   0.00   0.00
[162,]   0.00   0.00   0.00   0.00   0.00   0.00   0.00   0.00   0.00   0.00
[163,]   0.00   0.00   0.00   0.00   0.00   0.00   0.00   0.00   0.00   0.00
[164,]   0.00   0.00   0.00   0.00   0.00   0.00   0.00   0.00   0.00   0.00
[165,]   0.00   0.00   0.00   0.00   0.00   0.00   0.00   0.00   0.00   0.00
[166,]   0.00   0.00   0.00   0.00   0.00   0.00   0.00   0.00   0.00   0.00
[167,]   0.00   0.00   0.00   0.00   0.00   0.00   0.00   0.00   0.00   0.00
[168,]   0.00   0.00   0.00   0.00   0.00   0.00   0.00   0.00   0.00   0.00
[169,]   0.00   0.00   0.00   0.00   0.00   0.00   0.00   0.00   0.00   0.00
[170,]   0.00   0.00   0.00   0.00   0.00   0.00   0.00   0.00   0.00   0.00
[171,]   0.00   0.00   0.00   0.00   0.00   0.00   0.00   0.00   0.00   0.00
[172,]   0.00   0.00   0.00   0.00   0.00   0.00   0.00   0.00   0.00   0.00
[173,]   0.00   0.00   0.00   0.00   0.00   0.00   0.00   0.00   0.00   0.00
[174,]   0.00   0.00   0.00   0.00   0.00   0.00   0.00   0.00   0.00   0.00
[175,]   0.00   0.00   0.00   0.00   0.00   0.00   0.00   0.00   0.00   0.00
[176,]   0.00   0.00   0.00   0.00   0.00   0.00   0.00   0.00   0.00   0.00
[177,]   0.00   0.00   0.00   0.00   0.00   0.00   0.00   0.00   0.00   0.00
[178,]   0.00   0.00   0.00   0.00   0.00   0.00   0.00   0.00   0.00   0.00
[179,]   0.00   0.00   0.00   0.00   0.00   0.00   0.00   0.00   0.00   0.00
[180,]   0.00   0.00   0.00   0.00   0.00   0.00   0.00   0.00   0.00   0.00
[181,]   0.00   0.00   0.00   0.00   0.00   0.00   0.00   0.00   0.00   0.00
[182,]   0.00   0.00   0.00   0.00   0.00   0.00   0.00   0.00   0.00   0.00
[183,]   0.00   0.00   0.00   0.00   0.00   0.00   0.00   0.00   0.00   0.00
[184,]   0.00   0.00   0.00   0.00   0.00   0.00   0.00   0.00   0.00   0.00
[185,]   0.00   0.00   0.00   0.00   0.00   0.00   0.00   0.00   0.00   0.00
[186,]   0.00   0.00   0.00   0.00   0.00   0.00   0.00   0.00   0.00   0.00
[187,]   0.00   0.00   0.00   0.00   0.00   0.00   0.00   0.00   0.00   0.00
[188,]   0.00   0.00   0.00   0.00   0.00   0.00   0.00   0.00   0.00   0.00
[189,]   0.00   0.00   0.00   0.00   0.00   0.00   0.00   0.00   0.00   0.00
[190,]   0.00   0.00   0.00   0.00   0.00   0.00   0.00   0.00   0.00   0.00
[191,]   0.00   0.00   0.00   0.00   0.00   0.00   0.00   0.00   0.00   0.00
[192,]   0.00   0.00   0.00   0.00   0.00   0.00   0.00   0.00   0.00   0.00
[193,]   0.00   0.00   0.00   0.00   0.00   0.00   0.00   0.00   0.00   0.00
[194,]   0.00   0.00   0.00   0.00   0.00   0.00   0.00   0.00   0.00   0.00
[195,]   0.00   0.00   0.00   0.00   0.00   0.00   0.00   0.00   0.00   0.00
[196,]   0.00   0.00   0.00   0.00   0.00   0.00   0.00   0.00   0.00   0.00
[197,]   0.00   0.00   0.00   0.00   0.00   0.00   0.00   0.00   0.00   0.00
[198,]   0.01   0.00   0.00   0.00   0.00   0.00   0.00   0.00   0.00   0.00
[199,]   0.00   0.01   0.00   0.00   0.00   0.00   0.00   0.00   0.00   0.00
[200,]   0.00   0.00   0.01   0.00   0.00   0.00   0.00   0.00   0.00   0.00
[201,]   0.00   0.00   0.00   0.01   0.00   0.00   0.00   0.00   0.00   0.00
[202,]   0.00   0.00   0.00   0.00   0.01   0.00   0.00   0.00   0.00   0.00
[203,]   0.00   0.00   0.00   0.00   0.00   0.01   0.00   0.00   0.00   0.00
[204,]   0.00   0.00   0.00   0.00   0.00   0.00   0.01   0.00   0.00   0.00
[205,]   0.00   0.00   0.00   0.00   0.00   0.00   0.00   0.01   0.00   0.00
[206,]   0.00   0.00   0.00   0.00   0.00   0.00   0.00   0.00   0.01   0.00
[207,]   0.00   0.00   0.00   0.00   0.00   0.00   0.00   0.00   0.00   0.01
[208,]   0.00   0.00   0.00   0.00   0.00   0.00   0.00   0.00   0.00   0.00
[209,]   0.00   0.00   0.00   0.00   0.00   0.00   0.00   0.00   0.00   0.00
[210,]   0.00   0.00   0.00   0.00   0.00   0.00   0.00   0.00   0.00   0.00
[211,]   0.00   0.00   0.00   0.00   0.00   0.00   0.00   0.00   0.00   0.00
[212,]   0.00   0.00   0.00   0.00   0.00   0.00   0.00   0.00   0.00   0.00
[213,]   0.00   0.00   0.00   0.00   0.00   0.00   0.00   0.00   0.00   0.00
[214,]   0.00   0.00   0.00   0.00   0.00   0.00   0.00   0.00   0.00   0.00
[215,]   0.00   0.00   0.00   0.00   0.00   0.00   0.00   0.00   0.00   0.00
[216,]   0.00   0.00   0.00   0.00   0.00   0.00   0.00   0.00   0.00   0.00
[217,]   0.00   0.00   0.00   0.00   0.00   0.00   0.00   0.00   0.00   0.00
[218,]   0.00   0.00   0.00   0.00   0.00   0.00   0.00   0.00   0.00   0.00
[219,]   0.00   0.00   0.00   0.00   0.00   0.00   0.00   0.00   0.00   0.00
[220,]   0.00   0.00   0.00   0.00   0.00   0.00   0.00   0.00   0.00   0.00
[221,]   0.00   0.00   0.00   0.00   0.00   0.00   0.00   0.00   0.00   0.00
[222,]   0.00   0.00   0.00   0.00   0.00   0.00   0.00   0.00   0.00   0.00
[223,]   0.00   0.00   0.00   0.00   0.00   0.00   0.00   0.00   0.00   0.00
[224,]   0.00   0.00   0.00   0.00   0.00   0.00   0.00   0.00   0.00   0.00
[225,]   0.00   0.00   0.00   0.00   0.00   0.00   0.00   0.00   0.00   0.00
[226,]   0.00   0.00   0.00   0.00   0.00   0.00   0.00   0.00   0.00   0.00
[227,]   0.00   0.00   0.00   0.00   0.00   0.00   0.00   0.00   0.00   0.00
[228,]   0.00   0.00   0.00   0.00   0.00   0.00   0.00   0.00   0.00   0.00
       [,208] [,209] [,210] [,211] [,212] [,213] [,214] [,215] [,216] [,217]
  [1,]   0.00   0.00   0.00   0.00   0.00   0.00   0.00   0.00   0.00   0.00
  [2,]   0.00   0.00   0.00   0.00   0.00   0.00   0.00   0.00   0.00   0.00
  [3,]   0.00   0.00   0.00   0.00   0.00   0.00   0.00   0.00   0.00   0.00
  [4,]   0.00   0.00   0.00   0.00   0.00   0.00   0.00   0.00   0.00   0.00
  [5,]   0.00   0.00   0.00   0.00   0.00   0.00   0.00   0.00   0.00   0.00
  [6,]   0.00   0.00   0.00   0.00   0.00   0.00   0.00   0.00   0.00   0.00
  [7,]   0.00   0.00   0.00   0.00   0.00   0.00   0.00   0.00   0.00   0.00
  [8,]   0.00   0.00   0.00   0.00   0.00   0.00   0.00   0.00   0.00   0.00
  [9,]   0.00   0.00   0.00   0.00   0.00   0.00   0.00   0.00   0.00   0.00
 [10,]   0.00   0.00   0.00   0.00   0.00   0.00   0.00   0.00   0.00   0.00
 [11,]   0.00   0.00   0.00   0.00   0.00   0.00   0.00   0.00   0.00   0.00
 [12,]   0.00   0.00   0.00   0.00   0.00   0.00   0.00   0.00   0.00   0.00
 [13,]   0.00   0.00   0.00   0.00   0.00   0.00   0.00   0.00   0.00   0.00
 [14,]   0.00   0.00   0.00   0.00   0.00   0.00   0.00   0.00   0.00   0.00
 [15,]   0.00   0.00   0.00   0.00   0.00   0.00   0.00   0.00   0.00   0.00
 [16,]   0.00   0.00   0.00   0.00   0.00   0.00   0.00   0.00   0.00   0.00
 [17,]   0.00   0.00   0.00   0.00   0.00   0.00   0.00   0.00   0.00   0.00
 [18,]   0.00   0.00   0.00   0.00   0.00   0.00   0.00   0.00   0.00   0.00
 [19,]   0.00   0.00   0.00   0.00   0.00   0.00   0.00   0.00   0.00   0.00
 [20,]   0.00   0.00   0.00   0.00   0.00   0.00   0.00   0.00   0.00   0.00
 [21,]   0.00   0.00   0.00   0.00   0.00   0.00   0.00   0.00   0.00   0.00
 [22,]   0.00   0.00   0.00   0.00   0.00   0.00   0.00   0.00   0.00   0.00
 [23,]   0.00   0.00   0.00   0.00   0.00   0.00   0.00   0.00   0.00   0.00
 [24,]   0.00   0.00   0.00   0.00   0.00   0.00   0.00   0.00   0.00   0.00
 [25,]   0.00   0.00   0.00   0.00   0.00   0.00   0.00   0.00   0.00   0.00
 [26,]   0.00   0.00   0.00   0.00   0.00   0.00   0.00   0.00   0.00   0.00
 [27,]   0.00   0.00   0.00   0.00   0.00   0.00   0.00   0.00   0.00   0.00
 [28,]   0.00   0.00   0.00   0.00   0.00   0.00   0.00   0.00   0.00   0.00
 [29,]   0.00   0.00   0.00   0.00   0.00   0.00   0.00   0.00   0.00   0.00
 [30,]   0.00   0.00   0.00   0.00   0.00   0.00   0.00   0.00   0.00   0.00
 [31,]   0.00   0.00   0.00   0.00   0.00   0.00   0.00   0.00   0.00   0.00
 [32,]   0.00   0.00   0.00   0.00   0.00   0.00   0.00   0.00   0.00   0.00
 [33,]   0.00   0.00   0.00   0.00   0.00   0.00   0.00   0.00   0.00   0.00
 [34,]   0.00   0.00   0.00   0.00   0.00   0.00   0.00   0.00   0.00   0.00
 [35,]   0.00   0.00   0.00   0.00   0.00   0.00   0.00   0.00   0.00   0.00
 [36,]   0.00   0.00   0.00   0.00   0.00   0.00   0.00   0.00   0.00   0.00
 [37,]   0.00   0.00   0.00   0.00   0.00   0.00   0.00   0.00   0.00   0.00
 [38,]   0.00   0.00   0.00   0.00   0.00   0.00   0.00   0.00   0.00   0.00
 [39,]   0.00   0.00   0.00   0.00   0.00   0.00   0.00   0.00   0.00   0.00
 [40,]   0.00   0.00   0.00   0.00   0.00   0.00   0.00   0.00   0.00   0.00
 [41,]   0.00   0.00   0.00   0.00   0.00   0.00   0.00   0.00   0.00   0.00
 [42,]   0.00   0.00   0.00   0.00   0.00   0.00   0.00   0.00   0.00   0.00
 [43,]   0.00   0.00   0.00   0.00   0.00   0.00   0.00   0.00   0.00   0.00
 [44,]   0.00   0.00   0.00   0.00   0.00   0.00   0.00   0.00   0.00   0.00
 [45,]   0.00   0.00   0.00   0.00   0.00   0.00   0.00   0.00   0.00   0.00
 [46,]   0.00   0.00   0.00   0.00   0.00   0.00   0.00   0.00   0.00   0.00
 [47,]   0.00   0.00   0.00   0.00   0.00   0.00   0.00   0.00   0.00   0.00
 [48,]   0.00   0.00   0.00   0.00   0.00   0.00   0.00   0.00   0.00   0.00
 [49,]   0.00   0.00   0.00   0.00   0.00   0.00   0.00   0.00   0.00   0.00
 [50,]   0.00   0.00   0.00   0.00   0.00   0.00   0.00   0.00   0.00   0.00
 [51,]   0.00   0.00   0.00   0.00   0.00   0.00   0.00   0.00   0.00   0.00
 [52,]   0.00   0.00   0.00   0.00   0.00   0.00   0.00   0.00   0.00   0.00
 [53,]   0.00   0.00   0.00   0.00   0.00   0.00   0.00   0.00   0.00   0.00
 [54,]   0.00   0.00   0.00   0.00   0.00   0.00   0.00   0.00   0.00   0.00
 [55,]   0.00   0.00   0.00   0.00   0.00   0.00   0.00   0.00   0.00   0.00
 [56,]   0.00   0.00   0.00   0.00   0.00   0.00   0.00   0.00   0.00   0.00
 [57,]   0.00   0.00   0.00   0.00   0.00   0.00   0.00   0.00   0.00   0.00
 [58,]   0.00   0.00   0.00   0.00   0.00   0.00   0.00   0.00   0.00   0.00
 [59,]   0.00   0.00   0.00   0.00   0.00   0.00   0.00   0.00   0.00   0.00
 [60,]   0.00   0.00   0.00   0.00   0.00   0.00   0.00   0.00   0.00   0.00
 [61,]   0.00   0.00   0.00   0.00   0.00   0.00   0.00   0.00   0.00   0.00
 [62,]   0.00   0.00   0.00   0.00   0.00   0.00   0.00   0.00   0.00   0.00
 [63,]   0.00   0.00   0.00   0.00   0.00   0.00   0.00   0.00   0.00   0.00
 [64,]   0.00   0.00   0.00   0.00   0.00   0.00   0.00   0.00   0.00   0.00
 [65,]   0.00   0.00   0.00   0.00   0.00   0.00   0.00   0.00   0.00   0.00
 [66,]   0.00   0.00   0.00   0.00   0.00   0.00   0.00   0.00   0.00   0.00
 [67,]   0.00   0.00   0.00   0.00   0.00   0.00   0.00   0.00   0.00   0.00
 [68,]   0.00   0.00   0.00   0.00   0.00   0.00   0.00   0.00   0.00   0.00
 [69,]   0.00   0.00   0.00   0.00   0.00   0.00   0.00   0.00   0.00   0.00
 [70,]   0.00   0.00   0.00   0.00   0.00   0.00   0.00   0.00   0.00   0.00
 [71,]   0.00   0.00   0.00   0.00   0.00   0.00   0.00   0.00   0.00   0.00
 [72,]   0.00   0.00   0.00   0.00   0.00   0.00   0.00   0.00   0.00   0.00
 [73,]   0.00   0.00   0.00   0.00   0.00   0.00   0.00   0.00   0.00   0.00
 [74,]   0.00   0.00   0.00   0.00   0.00   0.00   0.00   0.00   0.00   0.00
 [75,]   0.00   0.00   0.00   0.00   0.00   0.00   0.00   0.00   0.00   0.00
 [76,]   0.00   0.00   0.00   0.00   0.00   0.00   0.00   0.00   0.00   0.00
 [77,]   0.00   0.00   0.00   0.00   0.00   0.00   0.00   0.00   0.00   0.00
 [78,]   0.00   0.00   0.00   0.00   0.00   0.00   0.00   0.00   0.00   0.00
 [79,]   0.00   0.00   0.00   0.00   0.00   0.00   0.00   0.00   0.00   0.00
 [80,]   0.00   0.00   0.00   0.00   0.00   0.00   0.00   0.00   0.00   0.00
 [81,]   0.00   0.00   0.00   0.00   0.00   0.00   0.00   0.00   0.00   0.00
 [82,]   0.00   0.00   0.00   0.00   0.00   0.00   0.00   0.00   0.00   0.00
 [83,]   0.00   0.00   0.00   0.00   0.00   0.00   0.00   0.00   0.00   0.00
 [84,]   0.00   0.00   0.00   0.00   0.00   0.00   0.00   0.00   0.00   0.00
 [85,]   0.00   0.00   0.00   0.00   0.00   0.00   0.00   0.00   0.00   0.00
 [86,]   0.00   0.00   0.00   0.00   0.00   0.00   0.00   0.00   0.00   0.00
 [87,]   0.00   0.00   0.00   0.00   0.00   0.00   0.00   0.00   0.00   0.00
 [88,]   0.00   0.00   0.00   0.00   0.00   0.00   0.00   0.00   0.00   0.00
 [89,]   0.00   0.00   0.00   0.00   0.00   0.00   0.00   0.00   0.00   0.00
 [90,]   0.00   0.00   0.00   0.00   0.00   0.00   0.00   0.00   0.00   0.00
 [91,]   0.00   0.00   0.00   0.00   0.00   0.00   0.00   0.00   0.00   0.00
 [92,]   0.00   0.00   0.00   0.00   0.00   0.00   0.00   0.00   0.00   0.00
 [93,]   0.00   0.00   0.00   0.00   0.00   0.00   0.00   0.00   0.00   0.00
 [94,]   0.00   0.00   0.00   0.00   0.00   0.00   0.00   0.00   0.00   0.00
 [95,]   0.00   0.00   0.00   0.00   0.00   0.00   0.00   0.00   0.00   0.00
 [96,]   0.00   0.00   0.00   0.00   0.00   0.00   0.00   0.00   0.00   0.00
 [97,]   0.00   0.00   0.00   0.00   0.00   0.00   0.00   0.00   0.00   0.00
 [98,]   0.00   0.00   0.00   0.00   0.00   0.00   0.00   0.00   0.00   0.00
 [99,]   0.00   0.00   0.00   0.00   0.00   0.00   0.00   0.00   0.00   0.00
[100,]   0.00   0.00   0.00   0.00   0.00   0.00   0.00   0.00   0.00   0.00
[101,]   0.00   0.00   0.00   0.00   0.00   0.00   0.00   0.00   0.00   0.00
[102,]   0.00   0.00   0.00   0.00   0.00   0.00   0.00   0.00   0.00   0.00
[103,]   0.00   0.00   0.00   0.00   0.00   0.00   0.00   0.00   0.00   0.00
[104,]   0.00   0.00   0.00   0.00   0.00   0.00   0.00   0.00   0.00   0.00
[105,]   0.00   0.00   0.00   0.00   0.00   0.00   0.00   0.00   0.00   0.00
[106,]   0.00   0.00   0.00   0.00   0.00   0.00   0.00   0.00   0.00   0.00
[107,]   0.00   0.00   0.00   0.00   0.00   0.00   0.00   0.00   0.00   0.00
[108,]   0.00   0.00   0.00   0.00   0.00   0.00   0.00   0.00   0.00   0.00
[109,]   0.00   0.00   0.00   0.00   0.00   0.00   0.00   0.00   0.00   0.00
[110,]   0.00   0.00   0.00   0.00   0.00   0.00   0.00   0.00   0.00   0.00
[111,]   0.00   0.00   0.00   0.00   0.00   0.00   0.00   0.00   0.00   0.00
[112,]   0.00   0.00   0.00   0.00   0.00   0.00   0.00   0.00   0.00   0.00
[113,]   0.00   0.00   0.00   0.00   0.00   0.00   0.00   0.00   0.00   0.00
[114,]   0.00   0.00   0.00   0.00   0.00   0.00   0.00   0.00   0.00   0.00
[115,]   0.00   0.00   0.00   0.00   0.00   0.00   0.00   0.00   0.00   0.00
[116,]   0.00   0.00   0.00   0.00   0.00   0.00   0.00   0.00   0.00   0.00
[117,]   0.00   0.00   0.00   0.00   0.00   0.00   0.00   0.00   0.00   0.00
[118,]   0.00   0.00   0.00   0.00   0.00   0.00   0.00   0.00   0.00   0.00
[119,]   0.00   0.00   0.00   0.00   0.00   0.00   0.00   0.00   0.00   0.00
[120,]   0.00   0.00   0.00   0.00   0.00   0.00   0.00   0.00   0.00   0.00
[121,]   0.00   0.00   0.00   0.00   0.00   0.00   0.00   0.00   0.00   0.00
[122,]   0.00   0.00   0.00   0.00   0.00   0.00   0.00   0.00   0.00   0.00
[123,]   0.00   0.00   0.00   0.00   0.00   0.00   0.00   0.00   0.00   0.00
[124,]   0.00   0.00   0.00   0.00   0.00   0.00   0.00   0.00   0.00   0.00
[125,]   0.00   0.00   0.00   0.00   0.00   0.00   0.00   0.00   0.00   0.00
[126,]   0.00   0.00   0.00   0.00   0.00   0.00   0.00   0.00   0.00   0.00
[127,]   0.00   0.00   0.00   0.00   0.00   0.00   0.00   0.00   0.00   0.00
[128,]   0.00   0.00   0.00   0.00   0.00   0.00   0.00   0.00   0.00   0.00
[129,]   0.00   0.00   0.00   0.00   0.00   0.00   0.00   0.00   0.00   0.00
[130,]   0.00   0.00   0.00   0.00   0.00   0.00   0.00   0.00   0.00   0.00
[131,]   0.00   0.00   0.00   0.00   0.00   0.00   0.00   0.00   0.00   0.00
[132,]   0.00   0.00   0.00   0.00   0.00   0.00   0.00   0.00   0.00   0.00
[133,]   0.00   0.00   0.00   0.00   0.00   0.00   0.00   0.00   0.00   0.00
[134,]   0.00   0.00   0.00   0.00   0.00   0.00   0.00   0.00   0.00   0.00
[135,]   0.00   0.00   0.00   0.00   0.00   0.00   0.00   0.00   0.00   0.00
[136,]   0.00   0.00   0.00   0.00   0.00   0.00   0.00   0.00   0.00   0.00
[137,]   0.00   0.00   0.00   0.00   0.00   0.00   0.00   0.00   0.00   0.00
[138,]   0.00   0.00   0.00   0.00   0.00   0.00   0.00   0.00   0.00   0.00
[139,]   0.00   0.00   0.00   0.00   0.00   0.00   0.00   0.00   0.00   0.00
[140,]   0.00   0.00   0.00   0.00   0.00   0.00   0.00   0.00   0.00   0.00
[141,]   0.00   0.00   0.00   0.00   0.00   0.00   0.00   0.00   0.00   0.00
[142,]   0.00   0.00   0.00   0.00   0.00   0.00   0.00   0.00   0.00   0.00
[143,]   0.00   0.00   0.00   0.00   0.00   0.00   0.00   0.00   0.00   0.00
[144,]   0.00   0.00   0.00   0.00   0.00   0.00   0.00   0.00   0.00   0.00
[145,]   0.00   0.00   0.00   0.00   0.00   0.00   0.00   0.00   0.00   0.00
[146,]   0.00   0.00   0.00   0.00   0.00   0.00   0.00   0.00   0.00   0.00
[147,]   0.00   0.00   0.00   0.00   0.00   0.00   0.00   0.00   0.00   0.00
[148,]   0.00   0.00   0.00   0.00   0.00   0.00   0.00   0.00   0.00   0.00
[149,]   0.00   0.00   0.00   0.00   0.00   0.00   0.00   0.00   0.00   0.00
[150,]   0.00   0.00   0.00   0.00   0.00   0.00   0.00   0.00   0.00   0.00
[151,]   0.00   0.00   0.00   0.00   0.00   0.00   0.00   0.00   0.00   0.00
[152,]   0.00   0.00   0.00   0.00   0.00   0.00   0.00   0.00   0.00   0.00
[153,]   0.00   0.00   0.00   0.00   0.00   0.00   0.00   0.00   0.00   0.00
[154,]   0.00   0.00   0.00   0.00   0.00   0.00   0.00   0.00   0.00   0.00
[155,]   0.00   0.00   0.00   0.00   0.00   0.00   0.00   0.00   0.00   0.00
[156,]   0.00   0.00   0.00   0.00   0.00   0.00   0.00   0.00   0.00   0.00
[157,]   0.00   0.00   0.00   0.00   0.00   0.00   0.00   0.00   0.00   0.00
[158,]   0.00   0.00   0.00   0.00   0.00   0.00   0.00   0.00   0.00   0.00
[159,]   0.00   0.00   0.00   0.00   0.00   0.00   0.00   0.00   0.00   0.00
[160,]   0.00   0.00   0.00   0.00   0.00   0.00   0.00   0.00   0.00   0.00
[161,]   0.00   0.00   0.00   0.00   0.00   0.00   0.00   0.00   0.00   0.00
[162,]   0.00   0.00   0.00   0.00   0.00   0.00   0.00   0.00   0.00   0.00
[163,]   0.00   0.00   0.00   0.00   0.00   0.00   0.00   0.00   0.00   0.00
[164,]   0.00   0.00   0.00   0.00   0.00   0.00   0.00   0.00   0.00   0.00
[165,]   0.00   0.00   0.00   0.00   0.00   0.00   0.00   0.00   0.00   0.00
[166,]   0.00   0.00   0.00   0.00   0.00   0.00   0.00   0.00   0.00   0.00
[167,]   0.00   0.00   0.00   0.00   0.00   0.00   0.00   0.00   0.00   0.00
[168,]   0.00   0.00   0.00   0.00   0.00   0.00   0.00   0.00   0.00   0.00
[169,]   0.00   0.00   0.00   0.00   0.00   0.00   0.00   0.00   0.00   0.00
[170,]   0.00   0.00   0.00   0.00   0.00   0.00   0.00   0.00   0.00   0.00
[171,]   0.00   0.00   0.00   0.00   0.00   0.00   0.00   0.00   0.00   0.00
[172,]   0.00   0.00   0.00   0.00   0.00   0.00   0.00   0.00   0.00   0.00
[173,]   0.00   0.00   0.00   0.00   0.00   0.00   0.00   0.00   0.00   0.00
[174,]   0.00   0.00   0.00   0.00   0.00   0.00   0.00   0.00   0.00   0.00
[175,]   0.00   0.00   0.00   0.00   0.00   0.00   0.00   0.00   0.00   0.00
[176,]   0.00   0.00   0.00   0.00   0.00   0.00   0.00   0.00   0.00   0.00
[177,]   0.00   0.00   0.00   0.00   0.00   0.00   0.00   0.00   0.00   0.00
[178,]   0.00   0.00   0.00   0.00   0.00   0.00   0.00   0.00   0.00   0.00
[179,]   0.00   0.00   0.00   0.00   0.00   0.00   0.00   0.00   0.00   0.00
[180,]   0.00   0.00   0.00   0.00   0.00   0.00   0.00   0.00   0.00   0.00
[181,]   0.00   0.00   0.00   0.00   0.00   0.00   0.00   0.00   0.00   0.00
[182,]   0.00   0.00   0.00   0.00   0.00   0.00   0.00   0.00   0.00   0.00
[183,]   0.00   0.00   0.00   0.00   0.00   0.00   0.00   0.00   0.00   0.00
[184,]   0.00   0.00   0.00   0.00   0.00   0.00   0.00   0.00   0.00   0.00
[185,]   0.00   0.00   0.00   0.00   0.00   0.00   0.00   0.00   0.00   0.00
[186,]   0.00   0.00   0.00   0.00   0.00   0.00   0.00   0.00   0.00   0.00
[187,]   0.00   0.00   0.00   0.00   0.00   0.00   0.00   0.00   0.00   0.00
[188,]   0.00   0.00   0.00   0.00   0.00   0.00   0.00   0.00   0.00   0.00
[189,]   0.00   0.00   0.00   0.00   0.00   0.00   0.00   0.00   0.00   0.00
[190,]   0.00   0.00   0.00   0.00   0.00   0.00   0.00   0.00   0.00   0.00
[191,]   0.00   0.00   0.00   0.00   0.00   0.00   0.00   0.00   0.00   0.00
[192,]   0.00   0.00   0.00   0.00   0.00   0.00   0.00   0.00   0.00   0.00
[193,]   0.00   0.00   0.00   0.00   0.00   0.00   0.00   0.00   0.00   0.00
[194,]   0.00   0.00   0.00   0.00   0.00   0.00   0.00   0.00   0.00   0.00
[195,]   0.00   0.00   0.00   0.00   0.00   0.00   0.00   0.00   0.00   0.00
[196,]   0.00   0.00   0.00   0.00   0.00   0.00   0.00   0.00   0.00   0.00
[197,]   0.00   0.00   0.00   0.00   0.00   0.00   0.00   0.00   0.00   0.00
[198,]   0.00   0.00   0.00   0.00   0.00   0.00   0.00   0.00   0.00   0.00
[199,]   0.00   0.00   0.00   0.00   0.00   0.00   0.00   0.00   0.00   0.00
[200,]   0.00   0.00   0.00   0.00   0.00   0.00   0.00   0.00   0.00   0.00
[201,]   0.00   0.00   0.00   0.00   0.00   0.00   0.00   0.00   0.00   0.00
[202,]   0.00   0.00   0.00   0.00   0.00   0.00   0.00   0.00   0.00   0.00
[203,]   0.00   0.00   0.00   0.00   0.00   0.00   0.00   0.00   0.00   0.00
[204,]   0.00   0.00   0.00   0.00   0.00   0.00   0.00   0.00   0.00   0.00
[205,]   0.00   0.00   0.00   0.00   0.00   0.00   0.00   0.00   0.00   0.00
[206,]   0.00   0.00   0.00   0.00   0.00   0.00   0.00   0.00   0.00   0.00
[207,]   0.00   0.00   0.00   0.00   0.00   0.00   0.00   0.00   0.00   0.00
[208,]   0.01   0.00   0.00   0.00   0.00   0.00   0.00   0.00   0.00   0.00
[209,]   0.00   0.01   0.00   0.00   0.00   0.00   0.00   0.00   0.00   0.00
[210,]   0.00   0.00   0.01   0.00   0.00   0.00   0.00   0.00   0.00   0.00
[211,]   0.00   0.00   0.00   0.01   0.00   0.00   0.00   0.00   0.00   0.00
[212,]   0.00   0.00   0.00   0.00   0.01   0.00   0.00   0.00   0.00   0.00
[213,]   0.00   0.00   0.00   0.00   0.00   0.01   0.00   0.00   0.00   0.00
[214,]   0.00   0.00   0.00   0.00   0.00   0.00   0.01   0.00   0.00   0.00
[215,]   0.00   0.00   0.00   0.00   0.00   0.00   0.00   0.01   0.00   0.00
[216,]   0.00   0.00   0.00   0.00   0.00   0.00   0.00   0.00   0.01   0.00
[217,]   0.00   0.00   0.00   0.00   0.00   0.00   0.00   0.00   0.00   0.01
[218,]   0.00   0.00   0.00   0.00   0.00   0.00   0.00   0.00   0.00   0.00
[219,]   0.00   0.00   0.00   0.00   0.00   0.00   0.00   0.00   0.00   0.00
[220,]   0.00   0.00   0.00   0.00   0.00   0.00   0.00   0.00   0.00   0.00
[221,]   0.00   0.00   0.00   0.00   0.00   0.00   0.00   0.00   0.00   0.00
[222,]   0.00   0.00   0.00   0.00   0.00   0.00   0.00   0.00   0.00   0.00
[223,]   0.00   0.00   0.00   0.00   0.00   0.00   0.00   0.00   0.00   0.00
[224,]   0.00   0.00   0.00   0.00   0.00   0.00   0.00   0.00   0.00   0.00
[225,]   0.00   0.00   0.00   0.00   0.00   0.00   0.00   0.00   0.00   0.00
[226,]   0.00   0.00   0.00   0.00   0.00   0.00   0.00   0.00   0.00   0.00
[227,]   0.00   0.00   0.00   0.00   0.00   0.00   0.00   0.00   0.00   0.00
[228,]   0.00   0.00   0.00   0.00   0.00   0.00   0.00   0.00   0.00   0.00
       [,218] [,219] [,220] [,221] [,222] [,223] [,224] [,225] [,226] [,227]
  [1,]   0.00   0.00   0.00   0.00   0.00   0.00   0.00   0.00   0.00   0.00
  [2,]   0.00   0.00   0.00   0.00   0.00   0.00   0.00   0.00   0.00   0.00
  [3,]   0.00   0.00   0.00   0.00   0.00   0.00   0.00   0.00   0.00   0.00
  [4,]   0.00   0.00   0.00   0.00   0.00   0.00   0.00   0.00   0.00   0.00
  [5,]   0.00   0.00   0.00   0.00   0.00   0.00   0.00   0.00   0.00   0.00
  [6,]   0.00   0.00   0.00   0.00   0.00   0.00   0.00   0.00   0.00   0.00
  [7,]   0.00   0.00   0.00   0.00   0.00   0.00   0.00   0.00   0.00   0.00
  [8,]   0.00   0.00   0.00   0.00   0.00   0.00   0.00   0.00   0.00   0.00
  [9,]   0.00   0.00   0.00   0.00   0.00   0.00   0.00   0.00   0.00   0.00
 [10,]   0.00   0.00   0.00   0.00   0.00   0.00   0.00   0.00   0.00   0.00
 [11,]   0.00   0.00   0.00   0.00   0.00   0.00   0.00   0.00   0.00   0.00
 [12,]   0.00   0.00   0.00   0.00   0.00   0.00   0.00   0.00   0.00   0.00
 [13,]   0.00   0.00   0.00   0.00   0.00   0.00   0.00   0.00   0.00   0.00
 [14,]   0.00   0.00   0.00   0.00   0.00   0.00   0.00   0.00   0.00   0.00
 [15,]   0.00   0.00   0.00   0.00   0.00   0.00   0.00   0.00   0.00   0.00
 [16,]   0.00   0.00   0.00   0.00   0.00   0.00   0.00   0.00   0.00   0.00
 [17,]   0.00   0.00   0.00   0.00   0.00   0.00   0.00   0.00   0.00   0.00
 [18,]   0.00   0.00   0.00   0.00   0.00   0.00   0.00   0.00   0.00   0.00
 [19,]   0.00   0.00   0.00   0.00   0.00   0.00   0.00   0.00   0.00   0.00
 [20,]   0.00   0.00   0.00   0.00   0.00   0.00   0.00   0.00   0.00   0.00
 [21,]   0.00   0.00   0.00   0.00   0.00   0.00   0.00   0.00   0.00   0.00
 [22,]   0.00   0.00   0.00   0.00   0.00   0.00   0.00   0.00   0.00   0.00
 [23,]   0.00   0.00   0.00   0.00   0.00   0.00   0.00   0.00   0.00   0.00
 [24,]   0.00   0.00   0.00   0.00   0.00   0.00   0.00   0.00   0.00   0.00
 [25,]   0.00   0.00   0.00   0.00   0.00   0.00   0.00   0.00   0.00   0.00
 [26,]   0.00   0.00   0.00   0.00   0.00   0.00   0.00   0.00   0.00   0.00
 [27,]   0.00   0.00   0.00   0.00   0.00   0.00   0.00   0.00   0.00   0.00
 [28,]   0.00   0.00   0.00   0.00   0.00   0.00   0.00   0.00   0.00   0.00
 [29,]   0.00   0.00   0.00   0.00   0.00   0.00   0.00   0.00   0.00   0.00
 [30,]   0.00   0.00   0.00   0.00   0.00   0.00   0.00   0.00   0.00   0.00
 [31,]   0.00   0.00   0.00   0.00   0.00   0.00   0.00   0.00   0.00   0.00
 [32,]   0.00   0.00   0.00   0.00   0.00   0.00   0.00   0.00   0.00   0.00
 [33,]   0.00   0.00   0.00   0.00   0.00   0.00   0.00   0.00   0.00   0.00
 [34,]   0.00   0.00   0.00   0.00   0.00   0.00   0.00   0.00   0.00   0.00
 [35,]   0.00   0.00   0.00   0.00   0.00   0.00   0.00   0.00   0.00   0.00
 [36,]   0.00   0.00   0.00   0.00   0.00   0.00   0.00   0.00   0.00   0.00
 [37,]   0.00   0.00   0.00   0.00   0.00   0.00   0.00   0.00   0.00   0.00
 [38,]   0.00   0.00   0.00   0.00   0.00   0.00   0.00   0.00   0.00   0.00
 [39,]   0.00   0.00   0.00   0.00   0.00   0.00   0.00   0.00   0.00   0.00
 [40,]   0.00   0.00   0.00   0.00   0.00   0.00   0.00   0.00   0.00   0.00
 [41,]   0.00   0.00   0.00   0.00   0.00   0.00   0.00   0.00   0.00   0.00
 [42,]   0.00   0.00   0.00   0.00   0.00   0.00   0.00   0.00   0.00   0.00
 [43,]   0.00   0.00   0.00   0.00   0.00   0.00   0.00   0.00   0.00   0.00
 [44,]   0.00   0.00   0.00   0.00   0.00   0.00   0.00   0.00   0.00   0.00
 [45,]   0.00   0.00   0.00   0.00   0.00   0.00   0.00   0.00   0.00   0.00
 [46,]   0.00   0.00   0.00   0.00   0.00   0.00   0.00   0.00   0.00   0.00
 [47,]   0.00   0.00   0.00   0.00   0.00   0.00   0.00   0.00   0.00   0.00
 [48,]   0.00   0.00   0.00   0.00   0.00   0.00   0.00   0.00   0.00   0.00
 [49,]   0.00   0.00   0.00   0.00   0.00   0.00   0.00   0.00   0.00   0.00
 [50,]   0.00   0.00   0.00   0.00   0.00   0.00   0.00   0.00   0.00   0.00
 [51,]   0.00   0.00   0.00   0.00   0.00   0.00   0.00   0.00   0.00   0.00
 [52,]   0.00   0.00   0.00   0.00   0.00   0.00   0.00   0.00   0.00   0.00
 [53,]   0.00   0.00   0.00   0.00   0.00   0.00   0.00   0.00   0.00   0.00
 [54,]   0.00   0.00   0.00   0.00   0.00   0.00   0.00   0.00   0.00   0.00
 [55,]   0.00   0.00   0.00   0.00   0.00   0.00   0.00   0.00   0.00   0.00
 [56,]   0.00   0.00   0.00   0.00   0.00   0.00   0.00   0.00   0.00   0.00
 [57,]   0.00   0.00   0.00   0.00   0.00   0.00   0.00   0.00   0.00   0.00
 [58,]   0.00   0.00   0.00   0.00   0.00   0.00   0.00   0.00   0.00   0.00
 [59,]   0.00   0.00   0.00   0.00   0.00   0.00   0.00   0.00   0.00   0.00
 [60,]   0.00   0.00   0.00   0.00   0.00   0.00   0.00   0.00   0.00   0.00
 [61,]   0.00   0.00   0.00   0.00   0.00   0.00   0.00   0.00   0.00   0.00
 [62,]   0.00   0.00   0.00   0.00   0.00   0.00   0.00   0.00   0.00   0.00
 [63,]   0.00   0.00   0.00   0.00   0.00   0.00   0.00   0.00   0.00   0.00
 [64,]   0.00   0.00   0.00   0.00   0.00   0.00   0.00   0.00   0.00   0.00
 [65,]   0.00   0.00   0.00   0.00   0.00   0.00   0.00   0.00   0.00   0.00
 [66,]   0.00   0.00   0.00   0.00   0.00   0.00   0.00   0.00   0.00   0.00
 [67,]   0.00   0.00   0.00   0.00   0.00   0.00   0.00   0.00   0.00   0.00
 [68,]   0.00   0.00   0.00   0.00   0.00   0.00   0.00   0.00   0.00   0.00
 [69,]   0.00   0.00   0.00   0.00   0.00   0.00   0.00   0.00   0.00   0.00
 [70,]   0.00   0.00   0.00   0.00   0.00   0.00   0.00   0.00   0.00   0.00
 [71,]   0.00   0.00   0.00   0.00   0.00   0.00   0.00   0.00   0.00   0.00
 [72,]   0.00   0.00   0.00   0.00   0.00   0.00   0.00   0.00   0.00   0.00
 [73,]   0.00   0.00   0.00   0.00   0.00   0.00   0.00   0.00   0.00   0.00
 [74,]   0.00   0.00   0.00   0.00   0.00   0.00   0.00   0.00   0.00   0.00
 [75,]   0.00   0.00   0.00   0.00   0.00   0.00   0.00   0.00   0.00   0.00
 [76,]   0.00   0.00   0.00   0.00   0.00   0.00   0.00   0.00   0.00   0.00
 [77,]   0.00   0.00   0.00   0.00   0.00   0.00   0.00   0.00   0.00   0.00
 [78,]   0.00   0.00   0.00   0.00   0.00   0.00   0.00   0.00   0.00   0.00
 [79,]   0.00   0.00   0.00   0.00   0.00   0.00   0.00   0.00   0.00   0.00
 [80,]   0.00   0.00   0.00   0.00   0.00   0.00   0.00   0.00   0.00   0.00
 [81,]   0.00   0.00   0.00   0.00   0.00   0.00   0.00   0.00   0.00   0.00
 [82,]   0.00   0.00   0.00   0.00   0.00   0.00   0.00   0.00   0.00   0.00
 [83,]   0.00   0.00   0.00   0.00   0.00   0.00   0.00   0.00   0.00   0.00
 [84,]   0.00   0.00   0.00   0.00   0.00   0.00   0.00   0.00   0.00   0.00
 [85,]   0.00   0.00   0.00   0.00   0.00   0.00   0.00   0.00   0.00   0.00
 [86,]   0.00   0.00   0.00   0.00   0.00   0.00   0.00   0.00   0.00   0.00
 [87,]   0.00   0.00   0.00   0.00   0.00   0.00   0.00   0.00   0.00   0.00
 [88,]   0.00   0.00   0.00   0.00   0.00   0.00   0.00   0.00   0.00   0.00
 [89,]   0.00   0.00   0.00   0.00   0.00   0.00   0.00   0.00   0.00   0.00
 [90,]   0.00   0.00   0.00   0.00   0.00   0.00   0.00   0.00   0.00   0.00
 [91,]   0.00   0.00   0.00   0.00   0.00   0.00   0.00   0.00   0.00   0.00
 [92,]   0.00   0.00   0.00   0.00   0.00   0.00   0.00   0.00   0.00   0.00
 [93,]   0.00   0.00   0.00   0.00   0.00   0.00   0.00   0.00   0.00   0.00
 [94,]   0.00   0.00   0.00   0.00   0.00   0.00   0.00   0.00   0.00   0.00
 [95,]   0.00   0.00   0.00   0.00   0.00   0.00   0.00   0.00   0.00   0.00
 [96,]   0.00   0.00   0.00   0.00   0.00   0.00   0.00   0.00   0.00   0.00
 [97,]   0.00   0.00   0.00   0.00   0.00   0.00   0.00   0.00   0.00   0.00
 [98,]   0.00   0.00   0.00   0.00   0.00   0.00   0.00   0.00   0.00   0.00
 [99,]   0.00   0.00   0.00   0.00   0.00   0.00   0.00   0.00   0.00   0.00
[100,]   0.00   0.00   0.00   0.00   0.00   0.00   0.00   0.00   0.00   0.00
[101,]   0.00   0.00   0.00   0.00   0.00   0.00   0.00   0.00   0.00   0.00
[102,]   0.00   0.00   0.00   0.00   0.00   0.00   0.00   0.00   0.00   0.00
[103,]   0.00   0.00   0.00   0.00   0.00   0.00   0.00   0.00   0.00   0.00
[104,]   0.00   0.00   0.00   0.00   0.00   0.00   0.00   0.00   0.00   0.00
[105,]   0.00   0.00   0.00   0.00   0.00   0.00   0.00   0.00   0.00   0.00
[106,]   0.00   0.00   0.00   0.00   0.00   0.00   0.00   0.00   0.00   0.00
[107,]   0.00   0.00   0.00   0.00   0.00   0.00   0.00   0.00   0.00   0.00
[108,]   0.00   0.00   0.00   0.00   0.00   0.00   0.00   0.00   0.00   0.00
[109,]   0.00   0.00   0.00   0.00   0.00   0.00   0.00   0.00   0.00   0.00
[110,]   0.00   0.00   0.00   0.00   0.00   0.00   0.00   0.00   0.00   0.00
[111,]   0.00   0.00   0.00   0.00   0.00   0.00   0.00   0.00   0.00   0.00
[112,]   0.00   0.00   0.00   0.00   0.00   0.00   0.00   0.00   0.00   0.00
[113,]   0.00   0.00   0.00   0.00   0.00   0.00   0.00   0.00   0.00   0.00
[114,]   0.00   0.00   0.00   0.00   0.00   0.00   0.00   0.00   0.00   0.00
[115,]   0.00   0.00   0.00   0.00   0.00   0.00   0.00   0.00   0.00   0.00
[116,]   0.00   0.00   0.00   0.00   0.00   0.00   0.00   0.00   0.00   0.00
[117,]   0.00   0.00   0.00   0.00   0.00   0.00   0.00   0.00   0.00   0.00
[118,]   0.00   0.00   0.00   0.00   0.00   0.00   0.00   0.00   0.00   0.00
[119,]   0.00   0.00   0.00   0.00   0.00   0.00   0.00   0.00   0.00   0.00
[120,]   0.00   0.00   0.00   0.00   0.00   0.00   0.00   0.00   0.00   0.00
[121,]   0.00   0.00   0.00   0.00   0.00   0.00   0.00   0.00   0.00   0.00
[122,]   0.00   0.00   0.00   0.00   0.00   0.00   0.00   0.00   0.00   0.00
[123,]   0.00   0.00   0.00   0.00   0.00   0.00   0.00   0.00   0.00   0.00
[124,]   0.00   0.00   0.00   0.00   0.00   0.00   0.00   0.00   0.00   0.00
[125,]   0.00   0.00   0.00   0.00   0.00   0.00   0.00   0.00   0.00   0.00
[126,]   0.00   0.00   0.00   0.00   0.00   0.00   0.00   0.00   0.00   0.00
[127,]   0.00   0.00   0.00   0.00   0.00   0.00   0.00   0.00   0.00   0.00
[128,]   0.00   0.00   0.00   0.00   0.00   0.00   0.00   0.00   0.00   0.00
[129,]   0.00   0.00   0.00   0.00   0.00   0.00   0.00   0.00   0.00   0.00
[130,]   0.00   0.00   0.00   0.00   0.00   0.00   0.00   0.00   0.00   0.00
[131,]   0.00   0.00   0.00   0.00   0.00   0.00   0.00   0.00   0.00   0.00
[132,]   0.00   0.00   0.00   0.00   0.00   0.00   0.00   0.00   0.00   0.00
[133,]   0.00   0.00   0.00   0.00   0.00   0.00   0.00   0.00   0.00   0.00
[134,]   0.00   0.00   0.00   0.00   0.00   0.00   0.00   0.00   0.00   0.00
[135,]   0.00   0.00   0.00   0.00   0.00   0.00   0.00   0.00   0.00   0.00
[136,]   0.00   0.00   0.00   0.00   0.00   0.00   0.00   0.00   0.00   0.00
[137,]   0.00   0.00   0.00   0.00   0.00   0.00   0.00   0.00   0.00   0.00
[138,]   0.00   0.00   0.00   0.00   0.00   0.00   0.00   0.00   0.00   0.00
[139,]   0.00   0.00   0.00   0.00   0.00   0.00   0.00   0.00   0.00   0.00
[140,]   0.00   0.00   0.00   0.00   0.00   0.00   0.00   0.00   0.00   0.00
[141,]   0.00   0.00   0.00   0.00   0.00   0.00   0.00   0.00   0.00   0.00
[142,]   0.00   0.00   0.00   0.00   0.00   0.00   0.00   0.00   0.00   0.00
[143,]   0.00   0.00   0.00   0.00   0.00   0.00   0.00   0.00   0.00   0.00
[144,]   0.00   0.00   0.00   0.00   0.00   0.00   0.00   0.00   0.00   0.00
[145,]   0.00   0.00   0.00   0.00   0.00   0.00   0.00   0.00   0.00   0.00
[146,]   0.00   0.00   0.00   0.00   0.00   0.00   0.00   0.00   0.00   0.00
[147,]   0.00   0.00   0.00   0.00   0.00   0.00   0.00   0.00   0.00   0.00
[148,]   0.00   0.00   0.00   0.00   0.00   0.00   0.00   0.00   0.00   0.00
[149,]   0.00   0.00   0.00   0.00   0.00   0.00   0.00   0.00   0.00   0.00
[150,]   0.00   0.00   0.00   0.00   0.00   0.00   0.00   0.00   0.00   0.00
[151,]   0.00   0.00   0.00   0.00   0.00   0.00   0.00   0.00   0.00   0.00
[152,]   0.00   0.00   0.00   0.00   0.00   0.00   0.00   0.00   0.00   0.00
[153,]   0.00   0.00   0.00   0.00   0.00   0.00   0.00   0.00   0.00   0.00
[154,]   0.00   0.00   0.00   0.00   0.00   0.00   0.00   0.00   0.00   0.00
[155,]   0.00   0.00   0.00   0.00   0.00   0.00   0.00   0.00   0.00   0.00
[156,]   0.00   0.00   0.00   0.00   0.00   0.00   0.00   0.00   0.00   0.00
[157,]   0.00   0.00   0.00   0.00   0.00   0.00   0.00   0.00   0.00   0.00
[158,]   0.00   0.00   0.00   0.00   0.00   0.00   0.00   0.00   0.00   0.00
[159,]   0.00   0.00   0.00   0.00   0.00   0.00   0.00   0.00   0.00   0.00
[160,]   0.00   0.00   0.00   0.00   0.00   0.00   0.00   0.00   0.00   0.00
[161,]   0.00   0.00   0.00   0.00   0.00   0.00   0.00   0.00   0.00   0.00
[162,]   0.00   0.00   0.00   0.00   0.00   0.00   0.00   0.00   0.00   0.00
[163,]   0.00   0.00   0.00   0.00   0.00   0.00   0.00   0.00   0.00   0.00
[164,]   0.00   0.00   0.00   0.00   0.00   0.00   0.00   0.00   0.00   0.00
[165,]   0.00   0.00   0.00   0.00   0.00   0.00   0.00   0.00   0.00   0.00
[166,]   0.00   0.00   0.00   0.00   0.00   0.00   0.00   0.00   0.00   0.00
[167,]   0.00   0.00   0.00   0.00   0.00   0.00   0.00   0.00   0.00   0.00
[168,]   0.00   0.00   0.00   0.00   0.00   0.00   0.00   0.00   0.00   0.00
[169,]   0.00   0.00   0.00   0.00   0.00   0.00   0.00   0.00   0.00   0.00
[170,]   0.00   0.00   0.00   0.00   0.00   0.00   0.00   0.00   0.00   0.00
[171,]   0.00   0.00   0.00   0.00   0.00   0.00   0.00   0.00   0.00   0.00
[172,]   0.00   0.00   0.00   0.00   0.00   0.00   0.00   0.00   0.00   0.00
[173,]   0.00   0.00   0.00   0.00   0.00   0.00   0.00   0.00   0.00   0.00
[174,]   0.00   0.00   0.00   0.00   0.00   0.00   0.00   0.00   0.00   0.00
[175,]   0.00   0.00   0.00   0.00   0.00   0.00   0.00   0.00   0.00   0.00
[176,]   0.00   0.00   0.00   0.00   0.00   0.00   0.00   0.00   0.00   0.00
[177,]   0.00   0.00   0.00   0.00   0.00   0.00   0.00   0.00   0.00   0.00
[178,]   0.00   0.00   0.00   0.00   0.00   0.00   0.00   0.00   0.00   0.00
[179,]   0.00   0.00   0.00   0.00   0.00   0.00   0.00   0.00   0.00   0.00
[180,]   0.00   0.00   0.00   0.00   0.00   0.00   0.00   0.00   0.00   0.00
[181,]   0.00   0.00   0.00   0.00   0.00   0.00   0.00   0.00   0.00   0.00
[182,]   0.00   0.00   0.00   0.00   0.00   0.00   0.00   0.00   0.00   0.00
[183,]   0.00   0.00   0.00   0.00   0.00   0.00   0.00   0.00   0.00   0.00
[184,]   0.00   0.00   0.00   0.00   0.00   0.00   0.00   0.00   0.00   0.00
[185,]   0.00   0.00   0.00   0.00   0.00   0.00   0.00   0.00   0.00   0.00
[186,]   0.00   0.00   0.00   0.00   0.00   0.00   0.00   0.00   0.00   0.00
[187,]   0.00   0.00   0.00   0.00   0.00   0.00   0.00   0.00   0.00   0.00
[188,]   0.00   0.00   0.00   0.00   0.00   0.00   0.00   0.00   0.00   0.00
[189,]   0.00   0.00   0.00   0.00   0.00   0.00   0.00   0.00   0.00   0.00
[190,]   0.00   0.00   0.00   0.00   0.00   0.00   0.00   0.00   0.00   0.00
[191,]   0.00   0.00   0.00   0.00   0.00   0.00   0.00   0.00   0.00   0.00
[192,]   0.00   0.00   0.00   0.00   0.00   0.00   0.00   0.00   0.00   0.00
[193,]   0.00   0.00   0.00   0.00   0.00   0.00   0.00   0.00   0.00   0.00
[194,]   0.00   0.00   0.00   0.00   0.00   0.00   0.00   0.00   0.00   0.00
[195,]   0.00   0.00   0.00   0.00   0.00   0.00   0.00   0.00   0.00   0.00
[196,]   0.00   0.00   0.00   0.00   0.00   0.00   0.00   0.00   0.00   0.00
[197,]   0.00   0.00   0.00   0.00   0.00   0.00   0.00   0.00   0.00   0.00
[198,]   0.00   0.00   0.00   0.00   0.00   0.00   0.00   0.00   0.00   0.00
[199,]   0.00   0.00   0.00   0.00   0.00   0.00   0.00   0.00   0.00   0.00
[200,]   0.00   0.00   0.00   0.00   0.00   0.00   0.00   0.00   0.00   0.00
[201,]   0.00   0.00   0.00   0.00   0.00   0.00   0.00   0.00   0.00   0.00
[202,]   0.00   0.00   0.00   0.00   0.00   0.00   0.00   0.00   0.00   0.00
[203,]   0.00   0.00   0.00   0.00   0.00   0.00   0.00   0.00   0.00   0.00
[204,]   0.00   0.00   0.00   0.00   0.00   0.00   0.00   0.00   0.00   0.00
[205,]   0.00   0.00   0.00   0.00   0.00   0.00   0.00   0.00   0.00   0.00
[206,]   0.00   0.00   0.00   0.00   0.00   0.00   0.00   0.00   0.00   0.00
[207,]   0.00   0.00   0.00   0.00   0.00   0.00   0.00   0.00   0.00   0.00
[208,]   0.00   0.00   0.00   0.00   0.00   0.00   0.00   0.00   0.00   0.00
[209,]   0.00   0.00   0.00   0.00   0.00   0.00   0.00   0.00   0.00   0.00
[210,]   0.00   0.00   0.00   0.00   0.00   0.00   0.00   0.00   0.00   0.00
[211,]   0.00   0.00   0.00   0.00   0.00   0.00   0.00   0.00   0.00   0.00
[212,]   0.00   0.00   0.00   0.00   0.00   0.00   0.00   0.00   0.00   0.00
[213,]   0.00   0.00   0.00   0.00   0.00   0.00   0.00   0.00   0.00   0.00
[214,]   0.00   0.00   0.00   0.00   0.00   0.00   0.00   0.00   0.00   0.00
[215,]   0.00   0.00   0.00   0.00   0.00   0.00   0.00   0.00   0.00   0.00
[216,]   0.00   0.00   0.00   0.00   0.00   0.00   0.00   0.00   0.00   0.00
[217,]   0.00   0.00   0.00   0.00   0.00   0.00   0.00   0.00   0.00   0.00
[218,]   0.01   0.00   0.00   0.00   0.00   0.00   0.00   0.00   0.00   0.00
[219,]   0.00   0.01   0.00   0.00   0.00   0.00   0.00   0.00   0.00   0.00
[220,]   0.00   0.00   0.01   0.00   0.00   0.00   0.00   0.00   0.00   0.00
[221,]   0.00   0.00   0.00   0.01   0.00   0.00   0.00   0.00   0.00   0.00
[222,]   0.00   0.00   0.00   0.00   0.01   0.00   0.00   0.00   0.00   0.00
[223,]   0.00   0.00   0.00   0.00   0.00   0.01   0.00   0.00   0.00   0.00
[224,]   0.00   0.00   0.00   0.00   0.00   0.00   0.01   0.00   0.00   0.00
[225,]   0.00   0.00   0.00   0.00   0.00   0.00   0.00   0.01   0.00   0.00
[226,]   0.00   0.00   0.00   0.00   0.00   0.00   0.00   0.00   0.01   0.00
[227,]   0.00   0.00   0.00   0.00   0.00   0.00   0.00   0.00   0.00   0.01
[228,]   0.00   0.00   0.00   0.00   0.00   0.00   0.00   0.00   0.00   0.00
       [,228] [,229] [,230] [,231] [,232] [,233] [,234] [,235] [,236] [,237]
  [1,]   0.00   0.00   0.00   0.00   0.00   0.00   0.00   0.00   0.00   0.00
  [2,]   0.00   0.00   0.00   0.00   0.00   0.00   0.00   0.00   0.00   0.00
  [3,]   0.00   0.00   0.00   0.00   0.00   0.00   0.00   0.00   0.00   0.00
  [4,]   0.00   0.00   0.00   0.00   0.00   0.00   0.00   0.00   0.00   0.00
  [5,]   0.00   0.00   0.00   0.00   0.00   0.00   0.00   0.00   0.00   0.00
  [6,]   0.00   0.00   0.00   0.00   0.00   0.00   0.00   0.00   0.00   0.00
  [7,]   0.00   0.00   0.00   0.00   0.00   0.00   0.00   0.00   0.00   0.00
  [8,]   0.00   0.00   0.00   0.00   0.00   0.00   0.00   0.00   0.00   0.00
  [9,]   0.00   0.00   0.00   0.00   0.00   0.00   0.00   0.00   0.00   0.00
 [10,]   0.00   0.00   0.00   0.00   0.00   0.00   0.00   0.00   0.00   0.00
 [11,]   0.00   0.00   0.00   0.00   0.00   0.00   0.00   0.00   0.00   0.00
 [12,]   0.00   0.00   0.00   0.00   0.00   0.00   0.00   0.00   0.00   0.00
 [13,]   0.00   0.00   0.00   0.00   0.00   0.00   0.00   0.00   0.00   0.00
 [14,]   0.00   0.00   0.00   0.00   0.00   0.00   0.00   0.00   0.00   0.00
 [15,]   0.00   0.00   0.00   0.00   0.00   0.00   0.00   0.00   0.00   0.00
 [16,]   0.00   0.00   0.00   0.00   0.00   0.00   0.00   0.00   0.00   0.00
 [17,]   0.00   0.00   0.00   0.00   0.00   0.00   0.00   0.00   0.00   0.00
 [18,]   0.00   0.00   0.00   0.00   0.00   0.00   0.00   0.00   0.00   0.00
 [19,]   0.00   0.00   0.00   0.00   0.00   0.00   0.00   0.00   0.00   0.00
 [20,]   0.00   0.00   0.00   0.00   0.00   0.00   0.00   0.00   0.00   0.00
 [21,]   0.00   0.00   0.00   0.00   0.00   0.00   0.00   0.00   0.00   0.00
 [22,]   0.00   0.00   0.00   0.00   0.00   0.00   0.00   0.00   0.00   0.00
 [23,]   0.00   0.00   0.00   0.00   0.00   0.00   0.00   0.00   0.00   0.00
 [24,]   0.00   0.00   0.00   0.00   0.00   0.00   0.00   0.00   0.00   0.00
 [25,]   0.00   0.00   0.00   0.00   0.00   0.00   0.00   0.00   0.00   0.00
 [26,]   0.00   0.00   0.00   0.00   0.00   0.00   0.00   0.00   0.00   0.00
 [27,]   0.00   0.00   0.00   0.00   0.00   0.00   0.00   0.00   0.00   0.00
 [28,]   0.00   0.00   0.00   0.00   0.00   0.00   0.00   0.00   0.00   0.00
 [29,]   0.00   0.00   0.00   0.00   0.00   0.00   0.00   0.00   0.00   0.00
 [30,]   0.00   0.00   0.00   0.00   0.00   0.00   0.00   0.00   0.00   0.00
 [31,]   0.00   0.00   0.00   0.00   0.00   0.00   0.00   0.00   0.00   0.00
 [32,]   0.00   0.00   0.00   0.00   0.00   0.00   0.00   0.00   0.00   0.00
 [33,]   0.00   0.00   0.00   0.00   0.00   0.00   0.00   0.00   0.00   0.00
 [34,]   0.00   0.00   0.00   0.00   0.00   0.00   0.00   0.00   0.00   0.00
 [35,]   0.00   0.00   0.00   0.00   0.00   0.00   0.00   0.00   0.00   0.00
 [36,]   0.00   0.00   0.00   0.00   0.00   0.00   0.00   0.00   0.00   0.00
 [37,]   0.00   0.00   0.00   0.00   0.00   0.00   0.00   0.00   0.00   0.00
 [38,]   0.00   0.00   0.00   0.00   0.00   0.00   0.00   0.00   0.00   0.00
 [39,]   0.00   0.00   0.00   0.00   0.00   0.00   0.00   0.00   0.00   0.00
 [40,]   0.00   0.00   0.00   0.00   0.00   0.00   0.00   0.00   0.00   0.00
 [41,]   0.00   0.00   0.00   0.00   0.00   0.00   0.00   0.00   0.00   0.00
 [42,]   0.00   0.00   0.00   0.00   0.00   0.00   0.00   0.00   0.00   0.00
 [43,]   0.00   0.00   0.00   0.00   0.00   0.00   0.00   0.00   0.00   0.00
 [44,]   0.00   0.00   0.00   0.00   0.00   0.00   0.00   0.00   0.00   0.00
 [45,]   0.00   0.00   0.00   0.00   0.00   0.00   0.00   0.00   0.00   0.00
 [46,]   0.00   0.00   0.00   0.00   0.00   0.00   0.00   0.00   0.00   0.00
 [47,]   0.00   0.00   0.00   0.00   0.00   0.00   0.00   0.00   0.00   0.00
 [48,]   0.00   0.00   0.00   0.00   0.00   0.00   0.00   0.00   0.00   0.00
 [49,]   0.00   0.00   0.00   0.00   0.00   0.00   0.00   0.00   0.00   0.00
 [50,]   0.00   0.00   0.00   0.00   0.00   0.00   0.00   0.00   0.00   0.00
 [51,]   0.00   0.00   0.00   0.00   0.00   0.00   0.00   0.00   0.00   0.00
 [52,]   0.00   0.00   0.00   0.00   0.00   0.00   0.00   0.00   0.00   0.00
 [53,]   0.00   0.00   0.00   0.00   0.00   0.00   0.00   0.00   0.00   0.00
 [54,]   0.00   0.00   0.00   0.00   0.00   0.00   0.00   0.00   0.00   0.00
 [55,]   0.00   0.00   0.00   0.00   0.00   0.00   0.00   0.00   0.00   0.00
 [56,]   0.00   0.00   0.00   0.00   0.00   0.00   0.00   0.00   0.00   0.00
 [57,]   0.00   0.00   0.00   0.00   0.00   0.00   0.00   0.00   0.00   0.00
 [58,]   0.00   0.00   0.00   0.00   0.00   0.00   0.00   0.00   0.00   0.00
 [59,]   0.00   0.00   0.00   0.00   0.00   0.00   0.00   0.00   0.00   0.00
 [60,]   0.00   0.00   0.00   0.00   0.00   0.00   0.00   0.00   0.00   0.00
 [61,]   0.00   0.00   0.00   0.00   0.00   0.00   0.00   0.00   0.00   0.00
 [62,]   0.00   0.00   0.00   0.00   0.00   0.00   0.00   0.00   0.00   0.00
 [63,]   0.00   0.00   0.00   0.00   0.00   0.00   0.00   0.00   0.00   0.00
 [64,]   0.00   0.00   0.00   0.00   0.00   0.00   0.00   0.00   0.00   0.00
 [65,]   0.00   0.00   0.00   0.00   0.00   0.00   0.00   0.00   0.00   0.00
 [66,]   0.00   0.00   0.00   0.00   0.00   0.00   0.00   0.00   0.00   0.00
 [67,]   0.00   0.00   0.00   0.00   0.00   0.00   0.00   0.00   0.00   0.00
 [68,]   0.00   0.00   0.00   0.00   0.00   0.00   0.00   0.00   0.00   0.00
 [69,]   0.00   0.00   0.00   0.00   0.00   0.00   0.00   0.00   0.00   0.00
 [70,]   0.00   0.00   0.00   0.00   0.00   0.00   0.00   0.00   0.00   0.00
 [71,]   0.00   0.00   0.00   0.00   0.00   0.00   0.00   0.00   0.00   0.00
 [72,]   0.00   0.00   0.00   0.00   0.00   0.00   0.00   0.00   0.00   0.00
 [73,]   0.00   0.00   0.00   0.00   0.00   0.00   0.00   0.00   0.00   0.00
 [74,]   0.00   0.00   0.00   0.00   0.00   0.00   0.00   0.00   0.00   0.00
 [75,]   0.00   0.00   0.00   0.00   0.00   0.00   0.00   0.00   0.00   0.00
 [76,]   0.00   0.00   0.00   0.00   0.00   0.00   0.00   0.00   0.00   0.00
 [77,]   0.00   0.00   0.00   0.00   0.00   0.00   0.00   0.00   0.00   0.00
 [78,]   0.00   0.00   0.00   0.00   0.00   0.00   0.00   0.00   0.00   0.00
 [79,]   0.00   0.00   0.00   0.00   0.00   0.00   0.00   0.00   0.00   0.00
 [80,]   0.00   0.00   0.00   0.00   0.00   0.00   0.00   0.00   0.00   0.00
 [81,]   0.00   0.00   0.00   0.00   0.00   0.00   0.00   0.00   0.00   0.00
 [82,]   0.00   0.00   0.00   0.00   0.00   0.00   0.00   0.00   0.00   0.00
 [83,]   0.00   0.00   0.00   0.00   0.00   0.00   0.00   0.00   0.00   0.00
 [84,]   0.00   0.00   0.00   0.00   0.00   0.00   0.00   0.00   0.00   0.00
 [85,]   0.00   0.00   0.00   0.00   0.00   0.00   0.00   0.00   0.00   0.00
 [86,]   0.00   0.00   0.00   0.00   0.00   0.00   0.00   0.00   0.00   0.00
 [87,]   0.00   0.00   0.00   0.00   0.00   0.00   0.00   0.00   0.00   0.00
 [88,]   0.00   0.00   0.00   0.00   0.00   0.00   0.00   0.00   0.00   0.00
 [89,]   0.00   0.00   0.00   0.00   0.00   0.00   0.00   0.00   0.00   0.00
 [90,]   0.00   0.00   0.00   0.00   0.00   0.00   0.00   0.00   0.00   0.00
 [91,]   0.00   0.00   0.00   0.00   0.00   0.00   0.00   0.00   0.00   0.00
 [92,]   0.00   0.00   0.00   0.00   0.00   0.00   0.00   0.00   0.00   0.00
 [93,]   0.00   0.00   0.00   0.00   0.00   0.00   0.00   0.00   0.00   0.00
 [94,]   0.00   0.00   0.00   0.00   0.00   0.00   0.00   0.00   0.00   0.00
 [95,]   0.00   0.00   0.00   0.00   0.00   0.00   0.00   0.00   0.00   0.00
 [96,]   0.00   0.00   0.00   0.00   0.00   0.00   0.00   0.00   0.00   0.00
 [97,]   0.00   0.00   0.00   0.00   0.00   0.00   0.00   0.00   0.00   0.00
 [98,]   0.00   0.00   0.00   0.00   0.00   0.00   0.00   0.00   0.00   0.00
 [99,]   0.00   0.00   0.00   0.00   0.00   0.00   0.00   0.00   0.00   0.00
[100,]   0.00   0.00   0.00   0.00   0.00   0.00   0.00   0.00   0.00   0.00
[101,]   0.00   0.00   0.00   0.00   0.00   0.00   0.00   0.00   0.00   0.00
[102,]   0.00   0.00   0.00   0.00   0.00   0.00   0.00   0.00   0.00   0.00
[103,]   0.00   0.00   0.00   0.00   0.00   0.00   0.00   0.00   0.00   0.00
[104,]   0.00   0.00   0.00   0.00   0.00   0.00   0.00   0.00   0.00   0.00
[105,]   0.00   0.00   0.00   0.00   0.00   0.00   0.00   0.00   0.00   0.00
[106,]   0.00   0.00   0.00   0.00   0.00   0.00   0.00   0.00   0.00   0.00
[107,]   0.00   0.00   0.00   0.00   0.00   0.00   0.00   0.00   0.00   0.00
[108,]   0.00   0.00   0.00   0.00   0.00   0.00   0.00   0.00   0.00   0.00
[109,]   0.00   0.00   0.00   0.00   0.00   0.00   0.00   0.00   0.00   0.00
[110,]   0.00   0.00   0.00   0.00   0.00   0.00   0.00   0.00   0.00   0.00
[111,]   0.00   0.00   0.00   0.00   0.00   0.00   0.00   0.00   0.00   0.00
[112,]   0.00   0.00   0.00   0.00   0.00   0.00   0.00   0.00   0.00   0.00
[113,]   0.00   0.00   0.00   0.00   0.00   0.00   0.00   0.00   0.00   0.00
[114,]   0.00   0.00   0.00   0.00   0.00   0.00   0.00   0.00   0.00   0.00
[115,]   0.00   0.00   0.00   0.00   0.00   0.00   0.00   0.00   0.00   0.00
[116,]   0.00   0.00   0.00   0.00   0.00   0.00   0.00   0.00   0.00   0.00
[117,]   0.00   0.00   0.00   0.00   0.00   0.00   0.00   0.00   0.00   0.00
[118,]   0.00   0.00   0.00   0.00   0.00   0.00   0.00   0.00   0.00   0.00
[119,]   0.00   0.00   0.00   0.00   0.00   0.00   0.00   0.00   0.00   0.00
[120,]   0.00   0.00   0.00   0.00   0.00   0.00   0.00   0.00   0.00   0.00
[121,]   0.00   0.00   0.00   0.00   0.00   0.00   0.00   0.00   0.00   0.00
[122,]   0.00   0.00   0.00   0.00   0.00   0.00   0.00   0.00   0.00   0.00
[123,]   0.00   0.00   0.00   0.00   0.00   0.00   0.00   0.00   0.00   0.00
[124,]   0.00   0.00   0.00   0.00   0.00   0.00   0.00   0.00   0.00   0.00
[125,]   0.00   0.00   0.00   0.00   0.00   0.00   0.00   0.00   0.00   0.00
[126,]   0.00   0.00   0.00   0.00   0.00   0.00   0.00   0.00   0.00   0.00
[127,]   0.00   0.00   0.00   0.00   0.00   0.00   0.00   0.00   0.00   0.00
[128,]   0.00   0.00   0.00   0.00   0.00   0.00   0.00   0.00   0.00   0.00
[129,]   0.00   0.00   0.00   0.00   0.00   0.00   0.00   0.00   0.00   0.00
[130,]   0.00   0.00   0.00   0.00   0.00   0.00   0.00   0.00   0.00   0.00
[131,]   0.00   0.00   0.00   0.00   0.00   0.00   0.00   0.00   0.00   0.00
[132,]   0.00   0.00   0.00   0.00   0.00   0.00   0.00   0.00   0.00   0.00
[133,]   0.00   0.00   0.00   0.00   0.00   0.00   0.00   0.00   0.00   0.00
[134,]   0.00   0.00   0.00   0.00   0.00   0.00   0.00   0.00   0.00   0.00
[135,]   0.00   0.00   0.00   0.00   0.00   0.00   0.00   0.00   0.00   0.00
[136,]   0.00   0.00   0.00   0.00   0.00   0.00   0.00   0.00   0.00   0.00
[137,]   0.00   0.00   0.00   0.00   0.00   0.00   0.00   0.00   0.00   0.00
[138,]   0.00   0.00   0.00   0.00   0.00   0.00   0.00   0.00   0.00   0.00
[139,]   0.00   0.00   0.00   0.00   0.00   0.00   0.00   0.00   0.00   0.00
[140,]   0.00   0.00   0.00   0.00   0.00   0.00   0.00   0.00   0.00   0.00
[141,]   0.00   0.00   0.00   0.00   0.00   0.00   0.00   0.00   0.00   0.00
[142,]   0.00   0.00   0.00   0.00   0.00   0.00   0.00   0.00   0.00   0.00
[143,]   0.00   0.00   0.00   0.00   0.00   0.00   0.00   0.00   0.00   0.00
[144,]   0.00   0.00   0.00   0.00   0.00   0.00   0.00   0.00   0.00   0.00
[145,]   0.00   0.00   0.00   0.00   0.00   0.00   0.00   0.00   0.00   0.00
[146,]   0.00   0.00   0.00   0.00   0.00   0.00   0.00   0.00   0.00   0.00
[147,]   0.00   0.00   0.00   0.00   0.00   0.00   0.00   0.00   0.00   0.00
[148,]   0.00   0.00   0.00   0.00   0.00   0.00   0.00   0.00   0.00   0.00
[149,]   0.00   0.00   0.00   0.00   0.00   0.00   0.00   0.00   0.00   0.00
[150,]   0.00   0.00   0.00   0.00   0.00   0.00   0.00   0.00   0.00   0.00
[151,]   0.00   0.00   0.00   0.00   0.00   0.00   0.00   0.00   0.00   0.00
[152,]   0.00   0.00   0.00   0.00   0.00   0.00   0.00   0.00   0.00   0.00
[153,]   0.00   0.00   0.00   0.00   0.00   0.00   0.00   0.00   0.00   0.00
[154,]   0.00   0.00   0.00   0.00   0.00   0.00   0.00   0.00   0.00   0.00
[155,]   0.00   0.00   0.00   0.00   0.00   0.00   0.00   0.00   0.00   0.00
[156,]   0.00   0.00   0.00   0.00   0.00   0.00   0.00   0.00   0.00   0.00
[157,]   0.00   0.00   0.00   0.00   0.00   0.00   0.00   0.00   0.00   0.00
[158,]   0.00   0.00   0.00   0.00   0.00   0.00   0.00   0.00   0.00   0.00
[159,]   0.00   0.00   0.00   0.00   0.00   0.00   0.00   0.00   0.00   0.00
[160,]   0.00   0.00   0.00   0.00   0.00   0.00   0.00   0.00   0.00   0.00
[161,]   0.00   0.00   0.00   0.00   0.00   0.00   0.00   0.00   0.00   0.00
[162,]   0.00   0.00   0.00   0.00   0.00   0.00   0.00   0.00   0.00   0.00
[163,]   0.00   0.00   0.00   0.00   0.00   0.00   0.00   0.00   0.00   0.00
[164,]   0.00   0.00   0.00   0.00   0.00   0.00   0.00   0.00   0.00   0.00
[165,]   0.00   0.00   0.00   0.00   0.00   0.00   0.00   0.00   0.00   0.00
[166,]   0.00   0.00   0.00   0.00   0.00   0.00   0.00   0.00   0.00   0.00
[167,]   0.00   0.00   0.00   0.00   0.00   0.00   0.00   0.00   0.00   0.00
[168,]   0.00   0.00   0.00   0.00   0.00   0.00   0.00   0.00   0.00   0.00
[169,]   0.00   0.00   0.00   0.00   0.00   0.00   0.00   0.00   0.00   0.00
[170,]   0.00   0.00   0.00   0.00   0.00   0.00   0.00   0.00   0.00   0.00
[171,]   0.00   0.00   0.00   0.00   0.00   0.00   0.00   0.00   0.00   0.00
[172,]   0.00   0.00   0.00   0.00   0.00   0.00   0.00   0.00   0.00   0.00
[173,]   0.00   0.00   0.00   0.00   0.00   0.00   0.00   0.00   0.00   0.00
[174,]   0.00   0.00   0.00   0.00   0.00   0.00   0.00   0.00   0.00   0.00
[175,]   0.00   0.00   0.00   0.00   0.00   0.00   0.00   0.00   0.00   0.00
[176,]   0.00   0.00   0.00   0.00   0.00   0.00   0.00   0.00   0.00   0.00
[177,]   0.00   0.00   0.00   0.00   0.00   0.00   0.00   0.00   0.00   0.00
[178,]   0.00   0.00   0.00   0.00   0.00   0.00   0.00   0.00   0.00   0.00
[179,]   0.00   0.00   0.00   0.00   0.00   0.00   0.00   0.00   0.00   0.00
[180,]   0.00   0.00   0.00   0.00   0.00   0.00   0.00   0.00   0.00   0.00
[181,]   0.00   0.00   0.00   0.00   0.00   0.00   0.00   0.00   0.00   0.00
[182,]   0.00   0.00   0.00   0.00   0.00   0.00   0.00   0.00   0.00   0.00
[183,]   0.00   0.00   0.00   0.00   0.00   0.00   0.00   0.00   0.00   0.00
[184,]   0.00   0.00   0.00   0.00   0.00   0.00   0.00   0.00   0.00   0.00
[185,]   0.00   0.00   0.00   0.00   0.00   0.00   0.00   0.00   0.00   0.00
[186,]   0.00   0.00   0.00   0.00   0.00   0.00   0.00   0.00   0.00   0.00
[187,]   0.00   0.00   0.00   0.00   0.00   0.00   0.00   0.00   0.00   0.00
[188,]   0.00   0.00   0.00   0.00   0.00   0.00   0.00   0.00   0.00   0.00
[189,]   0.00   0.00   0.00   0.00   0.00   0.00   0.00   0.00   0.00   0.00
[190,]   0.00   0.00   0.00   0.00   0.00   0.00   0.00   0.00   0.00   0.00
[191,]   0.00   0.00   0.00   0.00   0.00   0.00   0.00   0.00   0.00   0.00
[192,]   0.00   0.00   0.00   0.00   0.00   0.00   0.00   0.00   0.00   0.00
[193,]   0.00   0.00   0.00   0.00   0.00   0.00   0.00   0.00   0.00   0.00
[194,]   0.00   0.00   0.00   0.00   0.00   0.00   0.00   0.00   0.00   0.00
[195,]   0.00   0.00   0.00   0.00   0.00   0.00   0.00   0.00   0.00   0.00
[196,]   0.00   0.00   0.00   0.00   0.00   0.00   0.00   0.00   0.00   0.00
[197,]   0.00   0.00   0.00   0.00   0.00   0.00   0.00   0.00   0.00   0.00
[198,]   0.00   0.00   0.00   0.00   0.00   0.00   0.00   0.00   0.00   0.00
[199,]   0.00   0.00   0.00   0.00   0.00   0.00   0.00   0.00   0.00   0.00
[200,]   0.00   0.00   0.00   0.00   0.00   0.00   0.00   0.00   0.00   0.00
[201,]   0.00   0.00   0.00   0.00   0.00   0.00   0.00   0.00   0.00   0.00
[202,]   0.00   0.00   0.00   0.00   0.00   0.00   0.00   0.00   0.00   0.00
[203,]   0.00   0.00   0.00   0.00   0.00   0.00   0.00   0.00   0.00   0.00
[204,]   0.00   0.00   0.00   0.00   0.00   0.00   0.00   0.00   0.00   0.00
[205,]   0.00   0.00   0.00   0.00   0.00   0.00   0.00   0.00   0.00   0.00
[206,]   0.00   0.00   0.00   0.00   0.00   0.00   0.00   0.00   0.00   0.00
[207,]   0.00   0.00   0.00   0.00   0.00   0.00   0.00   0.00   0.00   0.00
[208,]   0.00   0.00   0.00   0.00   0.00   0.00   0.00   0.00   0.00   0.00
[209,]   0.00   0.00   0.00   0.00   0.00   0.00   0.00   0.00   0.00   0.00
[210,]   0.00   0.00   0.00   0.00   0.00   0.00   0.00   0.00   0.00   0.00
[211,]   0.00   0.00   0.00   0.00   0.00   0.00   0.00   0.00   0.00   0.00
[212,]   0.00   0.00   0.00   0.00   0.00   0.00   0.00   0.00   0.00   0.00
[213,]   0.00   0.00   0.00   0.00   0.00   0.00   0.00   0.00   0.00   0.00
[214,]   0.00   0.00   0.00   0.00   0.00   0.00   0.00   0.00   0.00   0.00
[215,]   0.00   0.00   0.00   0.00   0.00   0.00   0.00   0.00   0.00   0.00
[216,]   0.00   0.00   0.00   0.00   0.00   0.00   0.00   0.00   0.00   0.00
[217,]   0.00   0.00   0.00   0.00   0.00   0.00   0.00   0.00   0.00   0.00
[218,]   0.00   0.00   0.00   0.00   0.00   0.00   0.00   0.00   0.00   0.00
[219,]   0.00   0.00   0.00   0.00   0.00   0.00   0.00   0.00   0.00   0.00
[220,]   0.00   0.00   0.00   0.00   0.00   0.00   0.00   0.00   0.00   0.00
[221,]   0.00   0.00   0.00   0.00   0.00   0.00   0.00   0.00   0.00   0.00
[222,]   0.00   0.00   0.00   0.00   0.00   0.00   0.00   0.00   0.00   0.00
[223,]   0.00   0.00   0.00   0.00   0.00   0.00   0.00   0.00   0.00   0.00
[224,]   0.00   0.00   0.00   0.00   0.00   0.00   0.00   0.00   0.00   0.00
[225,]   0.00   0.00   0.00   0.00   0.00   0.00   0.00   0.00   0.00   0.00
[226,]   0.00   0.00   0.00   0.00   0.00   0.00   0.00   0.00   0.00   0.00
[227,]   0.00   0.00   0.00   0.00   0.00   0.00   0.00   0.00   0.00   0.00
[228,]   0.01   0.00   0.00   0.00   0.00   0.00   0.00   0.00   0.00   0.00
       [,238] [,239] [,240] [,241] [,242] [,243] [,244] [,245] [,246] [,247]
  [1,]   0.00   0.00   0.00   0.00   0.00   0.00   0.00   0.00   0.00   0.00
  [2,]   0.00   0.00   0.00   0.00   0.00   0.00   0.00   0.00   0.00   0.00
  [3,]   0.00   0.00   0.00   0.00   0.00   0.00   0.00   0.00   0.00   0.00
  [4,]   0.00   0.00   0.00   0.00   0.00   0.00   0.00   0.00   0.00   0.00
  [5,]   0.00   0.00   0.00   0.00   0.00   0.00   0.00   0.00   0.00   0.00
  [6,]   0.00   0.00   0.00   0.00   0.00   0.00   0.00   0.00   0.00   0.00
  [7,]   0.00   0.00   0.00   0.00   0.00   0.00   0.00   0.00   0.00   0.00
  [8,]   0.00   0.00   0.00   0.00   0.00   0.00   0.00   0.00   0.00   0.00
  [9,]   0.00   0.00   0.00   0.00   0.00   0.00   0.00   0.00   0.00   0.00
 [10,]   0.00   0.00   0.00   0.00   0.00   0.00   0.00   0.00   0.00   0.00
 [11,]   0.00   0.00   0.00   0.00   0.00   0.00   0.00   0.00   0.00   0.00
 [12,]   0.00   0.00   0.00   0.00   0.00   0.00   0.00   0.00   0.00   0.00
 [13,]   0.00   0.00   0.00   0.00   0.00   0.00   0.00   0.00   0.00   0.00
 [14,]   0.00   0.00   0.00   0.00   0.00   0.00   0.00   0.00   0.00   0.00
 [15,]   0.00   0.00   0.00   0.00   0.00   0.00   0.00   0.00   0.00   0.00
 [16,]   0.00   0.00   0.00   0.00   0.00   0.00   0.00   0.00   0.00   0.00
 [17,]   0.00   0.00   0.00   0.00   0.00   0.00   0.00   0.00   0.00   0.00
 [18,]   0.00   0.00   0.00   0.00   0.00   0.00   0.00   0.00   0.00   0.00
 [19,]   0.00   0.00   0.00   0.00   0.00   0.00   0.00   0.00   0.00   0.00
 [20,]   0.00   0.00   0.00   0.00   0.00   0.00   0.00   0.00   0.00   0.00
 [21,]   0.00   0.00   0.00   0.00   0.00   0.00   0.00   0.00   0.00   0.00
 [22,]   0.00   0.00   0.00   0.00   0.00   0.00   0.00   0.00   0.00   0.00
 [23,]   0.00   0.00   0.00   0.00   0.00   0.00   0.00   0.00   0.00   0.00
 [24,]   0.00   0.00   0.00   0.00   0.00   0.00   0.00   0.00   0.00   0.00
 [25,]   0.00   0.00   0.00   0.00   0.00   0.00   0.00   0.00   0.00   0.00
 [26,]   0.00   0.00   0.00   0.00   0.00   0.00   0.00   0.00   0.00   0.00
 [27,]   0.00   0.00   0.00   0.00   0.00   0.00   0.00   0.00   0.00   0.00
 [28,]   0.00   0.00   0.00   0.00   0.00   0.00   0.00   0.00   0.00   0.00
 [29,]   0.00   0.00   0.00   0.00   0.00   0.00   0.00   0.00   0.00   0.00
 [30,]   0.00   0.00   0.00   0.00   0.00   0.00   0.00   0.00   0.00   0.00
 [31,]   0.00   0.00   0.00   0.00   0.00   0.00   0.00   0.00   0.00   0.00
 [32,]   0.00   0.00   0.00   0.00   0.00   0.00   0.00   0.00   0.00   0.00
 [33,]   0.00   0.00   0.00   0.00   0.00   0.00   0.00   0.00   0.00   0.00
 [34,]   0.00   0.00   0.00   0.00   0.00   0.00   0.00   0.00   0.00   0.00
 [35,]   0.00   0.00   0.00   0.00   0.00   0.00   0.00   0.00   0.00   0.00
 [36,]   0.00   0.00   0.00   0.00   0.00   0.00   0.00   0.00   0.00   0.00
 [37,]   0.00   0.00   0.00   0.00   0.00   0.00   0.00   0.00   0.00   0.00
 [38,]   0.00   0.00   0.00   0.00   0.00   0.00   0.00   0.00   0.00   0.00
 [39,]   0.00   0.00   0.00   0.00   0.00   0.00   0.00   0.00   0.00   0.00
 [40,]   0.00   0.00   0.00   0.00   0.00   0.00   0.00   0.00   0.00   0.00
 [41,]   0.00   0.00   0.00   0.00   0.00   0.00   0.00   0.00   0.00   0.00
 [42,]   0.00   0.00   0.00   0.00   0.00   0.00   0.00   0.00   0.00   0.00
 [43,]   0.00   0.00   0.00   0.00   0.00   0.00   0.00   0.00   0.00   0.00
 [44,]   0.00   0.00   0.00   0.00   0.00   0.00   0.00   0.00   0.00   0.00
 [45,]   0.00   0.00   0.00   0.00   0.00   0.00   0.00   0.00   0.00   0.00
 [46,]   0.00   0.00   0.00   0.00   0.00   0.00   0.00   0.00   0.00   0.00
 [47,]   0.00   0.00   0.00   0.00   0.00   0.00   0.00   0.00   0.00   0.00
 [48,]   0.00   0.00   0.00   0.00   0.00   0.00   0.00   0.00   0.00   0.00
 [49,]   0.00   0.00   0.00   0.00   0.00   0.00   0.00   0.00   0.00   0.00
 [50,]   0.00   0.00   0.00   0.00   0.00   0.00   0.00   0.00   0.00   0.00
 [51,]   0.00   0.00   0.00   0.00   0.00   0.00   0.00   0.00   0.00   0.00
 [52,]   0.00   0.00   0.00   0.00   0.00   0.00   0.00   0.00   0.00   0.00
 [53,]   0.00   0.00   0.00   0.00   0.00   0.00   0.00   0.00   0.00   0.00
 [54,]   0.00   0.00   0.00   0.00   0.00   0.00   0.00   0.00   0.00   0.00
 [55,]   0.00   0.00   0.00   0.00   0.00   0.00   0.00   0.00   0.00   0.00
 [56,]   0.00   0.00   0.00   0.00   0.00   0.00   0.00   0.00   0.00   0.00
 [57,]   0.00   0.00   0.00   0.00   0.00   0.00   0.00   0.00   0.00   0.00
 [58,]   0.00   0.00   0.00   0.00   0.00   0.00   0.00   0.00   0.00   0.00
 [59,]   0.00   0.00   0.00   0.00   0.00   0.00   0.00   0.00   0.00   0.00
 [60,]   0.00   0.00   0.00   0.00   0.00   0.00   0.00   0.00   0.00   0.00
 [61,]   0.00   0.00   0.00   0.00   0.00   0.00   0.00   0.00   0.00   0.00
 [62,]   0.00   0.00   0.00   0.00   0.00   0.00   0.00   0.00   0.00   0.00
 [63,]   0.00   0.00   0.00   0.00   0.00   0.00   0.00   0.00   0.00   0.00
 [64,]   0.00   0.00   0.00   0.00   0.00   0.00   0.00   0.00   0.00   0.00
 [65,]   0.00   0.00   0.00   0.00   0.00   0.00   0.00   0.00   0.00   0.00
 [66,]   0.00   0.00   0.00   0.00   0.00   0.00   0.00   0.00   0.00   0.00
 [67,]   0.00   0.00   0.00   0.00   0.00   0.00   0.00   0.00   0.00   0.00
 [68,]   0.00   0.00   0.00   0.00   0.00   0.00   0.00   0.00   0.00   0.00
 [69,]   0.00   0.00   0.00   0.00   0.00   0.00   0.00   0.00   0.00   0.00
 [70,]   0.00   0.00   0.00   0.00   0.00   0.00   0.00   0.00   0.00   0.00
 [71,]   0.00   0.00   0.00   0.00   0.00   0.00   0.00   0.00   0.00   0.00
 [72,]   0.00   0.00   0.00   0.00   0.00   0.00   0.00   0.00   0.00   0.00
 [73,]   0.00   0.00   0.00   0.00   0.00   0.00   0.00   0.00   0.00   0.00
 [74,]   0.00   0.00   0.00   0.00   0.00   0.00   0.00   0.00   0.00   0.00
 [75,]   0.00   0.00   0.00   0.00   0.00   0.00   0.00   0.00   0.00   0.00
 [76,]   0.00   0.00   0.00   0.00   0.00   0.00   0.00   0.00   0.00   0.00
 [77,]   0.00   0.00   0.00   0.00   0.00   0.00   0.00   0.00   0.00   0.00
 [78,]   0.00   0.00   0.00   0.00   0.00   0.00   0.00   0.00   0.00   0.00
 [79,]   0.00   0.00   0.00   0.00   0.00   0.00   0.00   0.00   0.00   0.00
 [80,]   0.00   0.00   0.00   0.00   0.00   0.00   0.00   0.00   0.00   0.00
 [81,]   0.00   0.00   0.00   0.00   0.00   0.00   0.00   0.00   0.00   0.00
 [82,]   0.00   0.00   0.00   0.00   0.00   0.00   0.00   0.00   0.00   0.00
 [83,]   0.00   0.00   0.00   0.00   0.00   0.00   0.00   0.00   0.00   0.00
 [84,]   0.00   0.00   0.00   0.00   0.00   0.00   0.00   0.00   0.00   0.00
 [85,]   0.00   0.00   0.00   0.00   0.00   0.00   0.00   0.00   0.00   0.00
 [86,]   0.00   0.00   0.00   0.00   0.00   0.00   0.00   0.00   0.00   0.00
 [87,]   0.00   0.00   0.00   0.00   0.00   0.00   0.00   0.00   0.00   0.00
 [88,]   0.00   0.00   0.00   0.00   0.00   0.00   0.00   0.00   0.00   0.00
 [89,]   0.00   0.00   0.00   0.00   0.00   0.00   0.00   0.00   0.00   0.00
 [90,]   0.00   0.00   0.00   0.00   0.00   0.00   0.00   0.00   0.00   0.00
 [91,]   0.00   0.00   0.00   0.00   0.00   0.00   0.00   0.00   0.00   0.00
 [92,]   0.00   0.00   0.00   0.00   0.00   0.00   0.00   0.00   0.00   0.00
 [93,]   0.00   0.00   0.00   0.00   0.00   0.00   0.00   0.00   0.00   0.00
 [94,]   0.00   0.00   0.00   0.00   0.00   0.00   0.00   0.00   0.00   0.00
 [95,]   0.00   0.00   0.00   0.00   0.00   0.00   0.00   0.00   0.00   0.00
 [96,]   0.00   0.00   0.00   0.00   0.00   0.00   0.00   0.00   0.00   0.00
 [97,]   0.00   0.00   0.00   0.00   0.00   0.00   0.00   0.00   0.00   0.00
 [98,]   0.00   0.00   0.00   0.00   0.00   0.00   0.00   0.00   0.00   0.00
 [99,]   0.00   0.00   0.00   0.00   0.00   0.00   0.00   0.00   0.00   0.00
[100,]   0.00   0.00   0.00   0.00   0.00   0.00   0.00   0.00   0.00   0.00
[101,]   0.00   0.00   0.00   0.00   0.00   0.00   0.00   0.00   0.00   0.00
[102,]   0.00   0.00   0.00   0.00   0.00   0.00   0.00   0.00   0.00   0.00
[103,]   0.00   0.00   0.00   0.00   0.00   0.00   0.00   0.00   0.00   0.00
[104,]   0.00   0.00   0.00   0.00   0.00   0.00   0.00   0.00   0.00   0.00
[105,]   0.00   0.00   0.00   0.00   0.00   0.00   0.00   0.00   0.00   0.00
[106,]   0.00   0.00   0.00   0.00   0.00   0.00   0.00   0.00   0.00   0.00
[107,]   0.00   0.00   0.00   0.00   0.00   0.00   0.00   0.00   0.00   0.00
[108,]   0.00   0.00   0.00   0.00   0.00   0.00   0.00   0.00   0.00   0.00
[109,]   0.00   0.00   0.00   0.00   0.00   0.00   0.00   0.00   0.00   0.00
[110,]   0.00   0.00   0.00   0.00   0.00   0.00   0.00   0.00   0.00   0.00
[111,]   0.00   0.00   0.00   0.00   0.00   0.00   0.00   0.00   0.00   0.00
[112,]   0.00   0.00   0.00   0.00   0.00   0.00   0.00   0.00   0.00   0.00
[113,]   0.00   0.00   0.00   0.00   0.00   0.00   0.00   0.00   0.00   0.00
[114,]   0.00   0.00   0.00   0.00   0.00   0.00   0.00   0.00   0.00   0.00
[115,]   0.00   0.00   0.00   0.00   0.00   0.00   0.00   0.00   0.00   0.00
[116,]   0.00   0.00   0.00   0.00   0.00   0.00   0.00   0.00   0.00   0.00
[117,]   0.00   0.00   0.00   0.00   0.00   0.00   0.00   0.00   0.00   0.00
[118,]   0.00   0.00   0.00   0.00   0.00   0.00   0.00   0.00   0.00   0.00
[119,]   0.00   0.00   0.00   0.00   0.00   0.00   0.00   0.00   0.00   0.00
[120,]   0.00   0.00   0.00   0.00   0.00   0.00   0.00   0.00   0.00   0.00
[121,]   0.00   0.00   0.00   0.00   0.00   0.00   0.00   0.00   0.00   0.00
[122,]   0.00   0.00   0.00   0.00   0.00   0.00   0.00   0.00   0.00   0.00
[123,]   0.00   0.00   0.00   0.00   0.00   0.00   0.00   0.00   0.00   0.00
[124,]   0.00   0.00   0.00   0.00   0.00   0.00   0.00   0.00   0.00   0.00
[125,]   0.00   0.00   0.00   0.00   0.00   0.00   0.00   0.00   0.00   0.00
[126,]   0.00   0.00   0.00   0.00   0.00   0.00   0.00   0.00   0.00   0.00
[127,]   0.00   0.00   0.00   0.00   0.00   0.00   0.00   0.00   0.00   0.00
[128,]   0.00   0.00   0.00   0.00   0.00   0.00   0.00   0.00   0.00   0.00
[129,]   0.00   0.00   0.00   0.00   0.00   0.00   0.00   0.00   0.00   0.00
[130,]   0.00   0.00   0.00   0.00   0.00   0.00   0.00   0.00   0.00   0.00
[131,]   0.00   0.00   0.00   0.00   0.00   0.00   0.00   0.00   0.00   0.00
[132,]   0.00   0.00   0.00   0.00   0.00   0.00   0.00   0.00   0.00   0.00
[133,]   0.00   0.00   0.00   0.00   0.00   0.00   0.00   0.00   0.00   0.00
[134,]   0.00   0.00   0.00   0.00   0.00   0.00   0.00   0.00   0.00   0.00
[135,]   0.00   0.00   0.00   0.00   0.00   0.00   0.00   0.00   0.00   0.00
[136,]   0.00   0.00   0.00   0.00   0.00   0.00   0.00   0.00   0.00   0.00
[137,]   0.00   0.00   0.00   0.00   0.00   0.00   0.00   0.00   0.00   0.00
[138,]   0.00   0.00   0.00   0.00   0.00   0.00   0.00   0.00   0.00   0.00
[139,]   0.00   0.00   0.00   0.00   0.00   0.00   0.00   0.00   0.00   0.00
[140,]   0.00   0.00   0.00   0.00   0.00   0.00   0.00   0.00   0.00   0.00
[141,]   0.00   0.00   0.00   0.00   0.00   0.00   0.00   0.00   0.00   0.00
[142,]   0.00   0.00   0.00   0.00   0.00   0.00   0.00   0.00   0.00   0.00
[143,]   0.00   0.00   0.00   0.00   0.00   0.00   0.00   0.00   0.00   0.00
[144,]   0.00   0.00   0.00   0.00   0.00   0.00   0.00   0.00   0.00   0.00
[145,]   0.00   0.00   0.00   0.00   0.00   0.00   0.00   0.00   0.00   0.00
[146,]   0.00   0.00   0.00   0.00   0.00   0.00   0.00   0.00   0.00   0.00
[147,]   0.00   0.00   0.00   0.00   0.00   0.00   0.00   0.00   0.00   0.00
[148,]   0.00   0.00   0.00   0.00   0.00   0.00   0.00   0.00   0.00   0.00
[149,]   0.00   0.00   0.00   0.00   0.00   0.00   0.00   0.00   0.00   0.00
[150,]   0.00   0.00   0.00   0.00   0.00   0.00   0.00   0.00   0.00   0.00
[151,]   0.00   0.00   0.00   0.00   0.00   0.00   0.00   0.00   0.00   0.00
[152,]   0.00   0.00   0.00   0.00   0.00   0.00   0.00   0.00   0.00   0.00
[153,]   0.00   0.00   0.00   0.00   0.00   0.00   0.00   0.00   0.00   0.00
[154,]   0.00   0.00   0.00   0.00   0.00   0.00   0.00   0.00   0.00   0.00
[155,]   0.00   0.00   0.00   0.00   0.00   0.00   0.00   0.00   0.00   0.00
[156,]   0.00   0.00   0.00   0.00   0.00   0.00   0.00   0.00   0.00   0.00
[157,]   0.00   0.00   0.00   0.00   0.00   0.00   0.00   0.00   0.00   0.00
[158,]   0.00   0.00   0.00   0.00   0.00   0.00   0.00   0.00   0.00   0.00
[159,]   0.00   0.00   0.00   0.00   0.00   0.00   0.00   0.00   0.00   0.00
[160,]   0.00   0.00   0.00   0.00   0.00   0.00   0.00   0.00   0.00   0.00
[161,]   0.00   0.00   0.00   0.00   0.00   0.00   0.00   0.00   0.00   0.00
[162,]   0.00   0.00   0.00   0.00   0.00   0.00   0.00   0.00   0.00   0.00
[163,]   0.00   0.00   0.00   0.00   0.00   0.00   0.00   0.00   0.00   0.00
[164,]   0.00   0.00   0.00   0.00   0.00   0.00   0.00   0.00   0.00   0.00
[165,]   0.00   0.00   0.00   0.00   0.00   0.00   0.00   0.00   0.00   0.00
[166,]   0.00   0.00   0.00   0.00   0.00   0.00   0.00   0.00   0.00   0.00
[167,]   0.00   0.00   0.00   0.00   0.00   0.00   0.00   0.00   0.00   0.00
[168,]   0.00   0.00   0.00   0.00   0.00   0.00   0.00   0.00   0.00   0.00
[169,]   0.00   0.00   0.00   0.00   0.00   0.00   0.00   0.00   0.00   0.00
[170,]   0.00   0.00   0.00   0.00   0.00   0.00   0.00   0.00   0.00   0.00
[171,]   0.00   0.00   0.00   0.00   0.00   0.00   0.00   0.00   0.00   0.00
[172,]   0.00   0.00   0.00   0.00   0.00   0.00   0.00   0.00   0.00   0.00
[173,]   0.00   0.00   0.00   0.00   0.00   0.00   0.00   0.00   0.00   0.00
[174,]   0.00   0.00   0.00   0.00   0.00   0.00   0.00   0.00   0.00   0.00
[175,]   0.00   0.00   0.00   0.00   0.00   0.00   0.00   0.00   0.00   0.00
[176,]   0.00   0.00   0.00   0.00   0.00   0.00   0.00   0.00   0.00   0.00
[177,]   0.00   0.00   0.00   0.00   0.00   0.00   0.00   0.00   0.00   0.00
[178,]   0.00   0.00   0.00   0.00   0.00   0.00   0.00   0.00   0.00   0.00
[179,]   0.00   0.00   0.00   0.00   0.00   0.00   0.00   0.00   0.00   0.00
[180,]   0.00   0.00   0.00   0.00   0.00   0.00   0.00   0.00   0.00   0.00
[181,]   0.00   0.00   0.00   0.00   0.00   0.00   0.00   0.00   0.00   0.00
[182,]   0.00   0.00   0.00   0.00   0.00   0.00   0.00   0.00   0.00   0.00
[183,]   0.00   0.00   0.00   0.00   0.00   0.00   0.00   0.00   0.00   0.00
[184,]   0.00   0.00   0.00   0.00   0.00   0.00   0.00   0.00   0.00   0.00
[185,]   0.00   0.00   0.00   0.00   0.00   0.00   0.00   0.00   0.00   0.00
[186,]   0.00   0.00   0.00   0.00   0.00   0.00   0.00   0.00   0.00   0.00
[187,]   0.00   0.00   0.00   0.00   0.00   0.00   0.00   0.00   0.00   0.00
[188,]   0.00   0.00   0.00   0.00   0.00   0.00   0.00   0.00   0.00   0.00
[189,]   0.00   0.00   0.00   0.00   0.00   0.00   0.00   0.00   0.00   0.00
[190,]   0.00   0.00   0.00   0.00   0.00   0.00   0.00   0.00   0.00   0.00
[191,]   0.00   0.00   0.00   0.00   0.00   0.00   0.00   0.00   0.00   0.00
[192,]   0.00   0.00   0.00   0.00   0.00   0.00   0.00   0.00   0.00   0.00
[193,]   0.00   0.00   0.00   0.00   0.00   0.00   0.00   0.00   0.00   0.00
[194,]   0.00   0.00   0.00   0.00   0.00   0.00   0.00   0.00   0.00   0.00
[195,]   0.00   0.00   0.00   0.00   0.00   0.00   0.00   0.00   0.00   0.00
[196,]   0.00   0.00   0.00   0.00   0.00   0.00   0.00   0.00   0.00   0.00
[197,]   0.00   0.00   0.00   0.00   0.00   0.00   0.00   0.00   0.00   0.00
[198,]   0.00   0.00   0.00   0.00   0.00   0.00   0.00   0.00   0.00   0.00
[199,]   0.00   0.00   0.00   0.00   0.00   0.00   0.00   0.00   0.00   0.00
[200,]   0.00   0.00   0.00   0.00   0.00   0.00   0.00   0.00   0.00   0.00
[201,]   0.00   0.00   0.00   0.00   0.00   0.00   0.00   0.00   0.00   0.00
[202,]   0.00   0.00   0.00   0.00   0.00   0.00   0.00   0.00   0.00   0.00
[203,]   0.00   0.00   0.00   0.00   0.00   0.00   0.00   0.00   0.00   0.00
[204,]   0.00   0.00   0.00   0.00   0.00   0.00   0.00   0.00   0.00   0.00
[205,]   0.00   0.00   0.00   0.00   0.00   0.00   0.00   0.00   0.00   0.00
[206,]   0.00   0.00   0.00   0.00   0.00   0.00   0.00   0.00   0.00   0.00
[207,]   0.00   0.00   0.00   0.00   0.00   0.00   0.00   0.00   0.00   0.00
[208,]   0.00   0.00   0.00   0.00   0.00   0.00   0.00   0.00   0.00   0.00
[209,]   0.00   0.00   0.00   0.00   0.00   0.00   0.00   0.00   0.00   0.00
[210,]   0.00   0.00   0.00   0.00   0.00   0.00   0.00   0.00   0.00   0.00
[211,]   0.00   0.00   0.00   0.00   0.00   0.00   0.00   0.00   0.00   0.00
[212,]   0.00   0.00   0.00   0.00   0.00   0.00   0.00   0.00   0.00   0.00
[213,]   0.00   0.00   0.00   0.00   0.00   0.00   0.00   0.00   0.00   0.00
[214,]   0.00   0.00   0.00   0.00   0.00   0.00   0.00   0.00   0.00   0.00
[215,]   0.00   0.00   0.00   0.00   0.00   0.00   0.00   0.00   0.00   0.00
[216,]   0.00   0.00   0.00   0.00   0.00   0.00   0.00   0.00   0.00   0.00
[217,]   0.00   0.00   0.00   0.00   0.00   0.00   0.00   0.00   0.00   0.00
[218,]   0.00   0.00   0.00   0.00   0.00   0.00   0.00   0.00   0.00   0.00
[219,]   0.00   0.00   0.00   0.00   0.00   0.00   0.00   0.00   0.00   0.00
[220,]   0.00   0.00   0.00   0.00   0.00   0.00   0.00   0.00   0.00   0.00
[221,]   0.00   0.00   0.00   0.00   0.00   0.00   0.00   0.00   0.00   0.00
[222,]   0.00   0.00   0.00   0.00   0.00   0.00   0.00   0.00   0.00   0.00
[223,]   0.00   0.00   0.00   0.00   0.00   0.00   0.00   0.00   0.00   0.00
[224,]   0.00   0.00   0.00   0.00   0.00   0.00   0.00   0.00   0.00   0.00
[225,]   0.00   0.00   0.00   0.00   0.00   0.00   0.00   0.00   0.00   0.00
[226,]   0.00   0.00   0.00   0.00   0.00   0.00   0.00   0.00   0.00   0.00
[227,]   0.00   0.00   0.00   0.00   0.00   0.00   0.00   0.00   0.00   0.00
[228,]   0.00   0.00   0.00   0.00   0.00   0.00   0.00   0.00   0.00   0.00
       [,248] [,249] [,250] [,251] [,252] [,253] [,254] [,255] [,256] [,257]
  [1,]   0.00   0.00   0.00   0.00   0.00   0.00   0.00   0.00   0.00   0.00
  [2,]   0.00   0.00   0.00   0.00   0.00   0.00   0.00   0.00   0.00   0.00
  [3,]   0.00   0.00   0.00   0.00   0.00   0.00   0.00   0.00   0.00   0.00
  [4,]   0.00   0.00   0.00   0.00   0.00   0.00   0.00   0.00   0.00   0.00
  [5,]   0.00   0.00   0.00   0.00   0.00   0.00   0.00   0.00   0.00   0.00
  [6,]   0.00   0.00   0.00   0.00   0.00   0.00   0.00   0.00   0.00   0.00
  [7,]   0.00   0.00   0.00   0.00   0.00   0.00   0.00   0.00   0.00   0.00
  [8,]   0.00   0.00   0.00   0.00   0.00   0.00   0.00   0.00   0.00   0.00
  [9,]   0.00   0.00   0.00   0.00   0.00   0.00   0.00   0.00   0.00   0.00
 [10,]   0.00   0.00   0.00   0.00   0.00   0.00   0.00   0.00   0.00   0.00
 [11,]   0.00   0.00   0.00   0.00   0.00   0.00   0.00   0.00   0.00   0.00
 [12,]   0.00   0.00   0.00   0.00   0.00   0.00   0.00   0.00   0.00   0.00
 [13,]   0.00   0.00   0.00   0.00   0.00   0.00   0.00   0.00   0.00   0.00
 [14,]   0.00   0.00   0.00   0.00   0.00   0.00   0.00   0.00   0.00   0.00
 [15,]   0.00   0.00   0.00   0.00   0.00   0.00   0.00   0.00   0.00   0.00
 [16,]   0.00   0.00   0.00   0.00   0.00   0.00   0.00   0.00   0.00   0.00
 [17,]   0.00   0.00   0.00   0.00   0.00   0.00   0.00   0.00   0.00   0.00
 [18,]   0.00   0.00   0.00   0.00   0.00   0.00   0.00   0.00   0.00   0.00
 [19,]   0.00   0.00   0.00   0.00   0.00   0.00   0.00   0.00   0.00   0.00
 [20,]   0.00   0.00   0.00   0.00   0.00   0.00   0.00   0.00   0.00   0.00
 [21,]   0.00   0.00   0.00   0.00   0.00   0.00   0.00   0.00   0.00   0.00
 [22,]   0.00   0.00   0.00   0.00   0.00   0.00   0.00   0.00   0.00   0.00
 [23,]   0.00   0.00   0.00   0.00   0.00   0.00   0.00   0.00   0.00   0.00
 [24,]   0.00   0.00   0.00   0.00   0.00   0.00   0.00   0.00   0.00   0.00
 [25,]   0.00   0.00   0.00   0.00   0.00   0.00   0.00   0.00   0.00   0.00
 [26,]   0.00   0.00   0.00   0.00   0.00   0.00   0.00   0.00   0.00   0.00
 [27,]   0.00   0.00   0.00   0.00   0.00   0.00   0.00   0.00   0.00   0.00
 [28,]   0.00   0.00   0.00   0.00   0.00   0.00   0.00   0.00   0.00   0.00
 [29,]   0.00   0.00   0.00   0.00   0.00   0.00   0.00   0.00   0.00   0.00
 [30,]   0.00   0.00   0.00   0.00   0.00   0.00   0.00   0.00   0.00   0.00
 [31,]   0.00   0.00   0.00   0.00   0.00   0.00   0.00   0.00   0.00   0.00
 [32,]   0.00   0.00   0.00   0.00   0.00   0.00   0.00   0.00   0.00   0.00
 [33,]   0.00   0.00   0.00   0.00   0.00   0.00   0.00   0.00   0.00   0.00
 [34,]   0.00   0.00   0.00   0.00   0.00   0.00   0.00   0.00   0.00   0.00
 [35,]   0.00   0.00   0.00   0.00   0.00   0.00   0.00   0.00   0.00   0.00
 [36,]   0.00   0.00   0.00   0.00   0.00   0.00   0.00   0.00   0.00   0.00
 [37,]   0.00   0.00   0.00   0.00   0.00   0.00   0.00   0.00   0.00   0.00
 [38,]   0.00   0.00   0.00   0.00   0.00   0.00   0.00   0.00   0.00   0.00
 [39,]   0.00   0.00   0.00   0.00   0.00   0.00   0.00   0.00   0.00   0.00
 [40,]   0.00   0.00   0.00   0.00   0.00   0.00   0.00   0.00   0.00   0.00
 [41,]   0.00   0.00   0.00   0.00   0.00   0.00   0.00   0.00   0.00   0.00
 [42,]   0.00   0.00   0.00   0.00   0.00   0.00   0.00   0.00   0.00   0.00
 [43,]   0.00   0.00   0.00   0.00   0.00   0.00   0.00   0.00   0.00   0.00
 [44,]   0.00   0.00   0.00   0.00   0.00   0.00   0.00   0.00   0.00   0.00
 [45,]   0.00   0.00   0.00   0.00   0.00   0.00   0.00   0.00   0.00   0.00
 [46,]   0.00   0.00   0.00   0.00   0.00   0.00   0.00   0.00   0.00   0.00
 [47,]   0.00   0.00   0.00   0.00   0.00   0.00   0.00   0.00   0.00   0.00
 [48,]   0.00   0.00   0.00   0.00   0.00   0.00   0.00   0.00   0.00   0.00
 [49,]   0.00   0.00   0.00   0.00   0.00   0.00   0.00   0.00   0.00   0.00
 [50,]   0.00   0.00   0.00   0.00   0.00   0.00   0.00   0.00   0.00   0.00
 [51,]   0.00   0.00   0.00   0.00   0.00   0.00   0.00   0.00   0.00   0.00
 [52,]   0.00   0.00   0.00   0.00   0.00   0.00   0.00   0.00   0.00   0.00
 [53,]   0.00   0.00   0.00   0.00   0.00   0.00   0.00   0.00   0.00   0.00
 [54,]   0.00   0.00   0.00   0.00   0.00   0.00   0.00   0.00   0.00   0.00
 [55,]   0.00   0.00   0.00   0.00   0.00   0.00   0.00   0.00   0.00   0.00
 [56,]   0.00   0.00   0.00   0.00   0.00   0.00   0.00   0.00   0.00   0.00
 [57,]   0.00   0.00   0.00   0.00   0.00   0.00   0.00   0.00   0.00   0.00
 [58,]   0.00   0.00   0.00   0.00   0.00   0.00   0.00   0.00   0.00   0.00
 [59,]   0.00   0.00   0.00   0.00   0.00   0.00   0.00   0.00   0.00   0.00
 [60,]   0.00   0.00   0.00   0.00   0.00   0.00   0.00   0.00   0.00   0.00
 [61,]   0.00   0.00   0.00   0.00   0.00   0.00   0.00   0.00   0.00   0.00
 [62,]   0.00   0.00   0.00   0.00   0.00   0.00   0.00   0.00   0.00   0.00
 [63,]   0.00   0.00   0.00   0.00   0.00   0.00   0.00   0.00   0.00   0.00
 [64,]   0.00   0.00   0.00   0.00   0.00   0.00   0.00   0.00   0.00   0.00
 [65,]   0.00   0.00   0.00   0.00   0.00   0.00   0.00   0.00   0.00   0.00
 [66,]   0.00   0.00   0.00   0.00   0.00   0.00   0.00   0.00   0.00   0.00
 [67,]   0.00   0.00   0.00   0.00   0.00   0.00   0.00   0.00   0.00   0.00
 [68,]   0.00   0.00   0.00   0.00   0.00   0.00   0.00   0.00   0.00   0.00
 [69,]   0.00   0.00   0.00   0.00   0.00   0.00   0.00   0.00   0.00   0.00
 [70,]   0.00   0.00   0.00   0.00   0.00   0.00   0.00   0.00   0.00   0.00
 [71,]   0.00   0.00   0.00   0.00   0.00   0.00   0.00   0.00   0.00   0.00
 [72,]   0.00   0.00   0.00   0.00   0.00   0.00   0.00   0.00   0.00   0.00
 [73,]   0.00   0.00   0.00   0.00   0.00   0.00   0.00   0.00   0.00   0.00
 [74,]   0.00   0.00   0.00   0.00   0.00   0.00   0.00   0.00   0.00   0.00
 [75,]   0.00   0.00   0.00   0.00   0.00   0.00   0.00   0.00   0.00   0.00
 [76,]   0.00   0.00   0.00   0.00   0.00   0.00   0.00   0.00   0.00   0.00
 [77,]   0.00   0.00   0.00   0.00   0.00   0.00   0.00   0.00   0.00   0.00
 [78,]   0.00   0.00   0.00   0.00   0.00   0.00   0.00   0.00   0.00   0.00
 [79,]   0.00   0.00   0.00   0.00   0.00   0.00   0.00   0.00   0.00   0.00
 [80,]   0.00   0.00   0.00   0.00   0.00   0.00   0.00   0.00   0.00   0.00
 [81,]   0.00   0.00   0.00   0.00   0.00   0.00   0.00   0.00   0.00   0.00
 [82,]   0.00   0.00   0.00   0.00   0.00   0.00   0.00   0.00   0.00   0.00
 [83,]   0.00   0.00   0.00   0.00   0.00   0.00   0.00   0.00   0.00   0.00
 [84,]   0.00   0.00   0.00   0.00   0.00   0.00   0.00   0.00   0.00   0.00
 [85,]   0.00   0.00   0.00   0.00   0.00   0.00   0.00   0.00   0.00   0.00
 [86,]   0.00   0.00   0.00   0.00   0.00   0.00   0.00   0.00   0.00   0.00
 [87,]   0.00   0.00   0.00   0.00   0.00   0.00   0.00   0.00   0.00   0.00
 [88,]   0.00   0.00   0.00   0.00   0.00   0.00   0.00   0.00   0.00   0.00
 [89,]   0.00   0.00   0.00   0.00   0.00   0.00   0.00   0.00   0.00   0.00
 [90,]   0.00   0.00   0.00   0.00   0.00   0.00   0.00   0.00   0.00   0.00
 [91,]   0.00   0.00   0.00   0.00   0.00   0.00   0.00   0.00   0.00   0.00
 [92,]   0.00   0.00   0.00   0.00   0.00   0.00   0.00   0.00   0.00   0.00
 [93,]   0.00   0.00   0.00   0.00   0.00   0.00   0.00   0.00   0.00   0.00
 [94,]   0.00   0.00   0.00   0.00   0.00   0.00   0.00   0.00   0.00   0.00
 [95,]   0.00   0.00   0.00   0.00   0.00   0.00   0.00   0.00   0.00   0.00
 [96,]   0.00   0.00   0.00   0.00   0.00   0.00   0.00   0.00   0.00   0.00
 [97,]   0.00   0.00   0.00   0.00   0.00   0.00   0.00   0.00   0.00   0.00
 [98,]   0.00   0.00   0.00   0.00   0.00   0.00   0.00   0.00   0.00   0.00
 [99,]   0.00   0.00   0.00   0.00   0.00   0.00   0.00   0.00   0.00   0.00
[100,]   0.00   0.00   0.00   0.00   0.00   0.00   0.00   0.00   0.00   0.00
[101,]   0.00   0.00   0.00   0.00   0.00   0.00   0.00   0.00   0.00   0.00
[102,]   0.00   0.00   0.00   0.00   0.00   0.00   0.00   0.00   0.00   0.00
[103,]   0.00   0.00   0.00   0.00   0.00   0.00   0.00   0.00   0.00   0.00
[104,]   0.00   0.00   0.00   0.00   0.00   0.00   0.00   0.00   0.00   0.00
[105,]   0.00   0.00   0.00   0.00   0.00   0.00   0.00   0.00   0.00   0.00
[106,]   0.00   0.00   0.00   0.00   0.00   0.00   0.00   0.00   0.00   0.00
[107,]   0.00   0.00   0.00   0.00   0.00   0.00   0.00   0.00   0.00   0.00
[108,]   0.00   0.00   0.00   0.00   0.00   0.00   0.00   0.00   0.00   0.00
[109,]   0.00   0.00   0.00   0.00   0.00   0.00   0.00   0.00   0.00   0.00
[110,]   0.00   0.00   0.00   0.00   0.00   0.00   0.00   0.00   0.00   0.00
[111,]   0.00   0.00   0.00   0.00   0.00   0.00   0.00   0.00   0.00   0.00
[112,]   0.00   0.00   0.00   0.00   0.00   0.00   0.00   0.00   0.00   0.00
[113,]   0.00   0.00   0.00   0.00   0.00   0.00   0.00   0.00   0.00   0.00
[114,]   0.00   0.00   0.00   0.00   0.00   0.00   0.00   0.00   0.00   0.00
[115,]   0.00   0.00   0.00   0.00   0.00   0.00   0.00   0.00   0.00   0.00
[116,]   0.00   0.00   0.00   0.00   0.00   0.00   0.00   0.00   0.00   0.00
[117,]   0.00   0.00   0.00   0.00   0.00   0.00   0.00   0.00   0.00   0.00
[118,]   0.00   0.00   0.00   0.00   0.00   0.00   0.00   0.00   0.00   0.00
[119,]   0.00   0.00   0.00   0.00   0.00   0.00   0.00   0.00   0.00   0.00
[120,]   0.00   0.00   0.00   0.00   0.00   0.00   0.00   0.00   0.00   0.00
[121,]   0.00   0.00   0.00   0.00   0.00   0.00   0.00   0.00   0.00   0.00
[122,]   0.00   0.00   0.00   0.00   0.00   0.00   0.00   0.00   0.00   0.00
[123,]   0.00   0.00   0.00   0.00   0.00   0.00   0.00   0.00   0.00   0.00
[124,]   0.00   0.00   0.00   0.00   0.00   0.00   0.00   0.00   0.00   0.00
[125,]   0.00   0.00   0.00   0.00   0.00   0.00   0.00   0.00   0.00   0.00
[126,]   0.00   0.00   0.00   0.00   0.00   0.00   0.00   0.00   0.00   0.00
[127,]   0.00   0.00   0.00   0.00   0.00   0.00   0.00   0.00   0.00   0.00
[128,]   0.00   0.00   0.00   0.00   0.00   0.00   0.00   0.00   0.00   0.00
[129,]   0.00   0.00   0.00   0.00   0.00   0.00   0.00   0.00   0.00   0.00
[130,]   0.00   0.00   0.00   0.00   0.00   0.00   0.00   0.00   0.00   0.00
[131,]   0.00   0.00   0.00   0.00   0.00   0.00   0.00   0.00   0.00   0.00
[132,]   0.00   0.00   0.00   0.00   0.00   0.00   0.00   0.00   0.00   0.00
[133,]   0.00   0.00   0.00   0.00   0.00   0.00   0.00   0.00   0.00   0.00
[134,]   0.00   0.00   0.00   0.00   0.00   0.00   0.00   0.00   0.00   0.00
[135,]   0.00   0.00   0.00   0.00   0.00   0.00   0.00   0.00   0.00   0.00
[136,]   0.00   0.00   0.00   0.00   0.00   0.00   0.00   0.00   0.00   0.00
[137,]   0.00   0.00   0.00   0.00   0.00   0.00   0.00   0.00   0.00   0.00
[138,]   0.00   0.00   0.00   0.00   0.00   0.00   0.00   0.00   0.00   0.00
[139,]   0.00   0.00   0.00   0.00   0.00   0.00   0.00   0.00   0.00   0.00
[140,]   0.00   0.00   0.00   0.00   0.00   0.00   0.00   0.00   0.00   0.00
[141,]   0.00   0.00   0.00   0.00   0.00   0.00   0.00   0.00   0.00   0.00
[142,]   0.00   0.00   0.00   0.00   0.00   0.00   0.00   0.00   0.00   0.00
[143,]   0.00   0.00   0.00   0.00   0.00   0.00   0.00   0.00   0.00   0.00
[144,]   0.00   0.00   0.00   0.00   0.00   0.00   0.00   0.00   0.00   0.00
[145,]   0.00   0.00   0.00   0.00   0.00   0.00   0.00   0.00   0.00   0.00
[146,]   0.00   0.00   0.00   0.00   0.00   0.00   0.00   0.00   0.00   0.00
[147,]   0.00   0.00   0.00   0.00   0.00   0.00   0.00   0.00   0.00   0.00
[148,]   0.00   0.00   0.00   0.00   0.00   0.00   0.00   0.00   0.00   0.00
[149,]   0.00   0.00   0.00   0.00   0.00   0.00   0.00   0.00   0.00   0.00
[150,]   0.00   0.00   0.00   0.00   0.00   0.00   0.00   0.00   0.00   0.00
[151,]   0.00   0.00   0.00   0.00   0.00   0.00   0.00   0.00   0.00   0.00
[152,]   0.00   0.00   0.00   0.00   0.00   0.00   0.00   0.00   0.00   0.00
[153,]   0.00   0.00   0.00   0.00   0.00   0.00   0.00   0.00   0.00   0.00
[154,]   0.00   0.00   0.00   0.00   0.00   0.00   0.00   0.00   0.00   0.00
[155,]   0.00   0.00   0.00   0.00   0.00   0.00   0.00   0.00   0.00   0.00
[156,]   0.00   0.00   0.00   0.00   0.00   0.00   0.00   0.00   0.00   0.00
[157,]   0.00   0.00   0.00   0.00   0.00   0.00   0.00   0.00   0.00   0.00
[158,]   0.00   0.00   0.00   0.00   0.00   0.00   0.00   0.00   0.00   0.00
[159,]   0.00   0.00   0.00   0.00   0.00   0.00   0.00   0.00   0.00   0.00
[160,]   0.00   0.00   0.00   0.00   0.00   0.00   0.00   0.00   0.00   0.00
[161,]   0.00   0.00   0.00   0.00   0.00   0.00   0.00   0.00   0.00   0.00
[162,]   0.00   0.00   0.00   0.00   0.00   0.00   0.00   0.00   0.00   0.00
[163,]   0.00   0.00   0.00   0.00   0.00   0.00   0.00   0.00   0.00   0.00
[164,]   0.00   0.00   0.00   0.00   0.00   0.00   0.00   0.00   0.00   0.00
[165,]   0.00   0.00   0.00   0.00   0.00   0.00   0.00   0.00   0.00   0.00
[166,]   0.00   0.00   0.00   0.00   0.00   0.00   0.00   0.00   0.00   0.00
[167,]   0.00   0.00   0.00   0.00   0.00   0.00   0.00   0.00   0.00   0.00
[168,]   0.00   0.00   0.00   0.00   0.00   0.00   0.00   0.00   0.00   0.00
[169,]   0.00   0.00   0.00   0.00   0.00   0.00   0.00   0.00   0.00   0.00
[170,]   0.00   0.00   0.00   0.00   0.00   0.00   0.00   0.00   0.00   0.00
[171,]   0.00   0.00   0.00   0.00   0.00   0.00   0.00   0.00   0.00   0.00
[172,]   0.00   0.00   0.00   0.00   0.00   0.00   0.00   0.00   0.00   0.00
[173,]   0.00   0.00   0.00   0.00   0.00   0.00   0.00   0.00   0.00   0.00
[174,]   0.00   0.00   0.00   0.00   0.00   0.00   0.00   0.00   0.00   0.00
[175,]   0.00   0.00   0.00   0.00   0.00   0.00   0.00   0.00   0.00   0.00
[176,]   0.00   0.00   0.00   0.00   0.00   0.00   0.00   0.00   0.00   0.00
[177,]   0.00   0.00   0.00   0.00   0.00   0.00   0.00   0.00   0.00   0.00
[178,]   0.00   0.00   0.00   0.00   0.00   0.00   0.00   0.00   0.00   0.00
[179,]   0.00   0.00   0.00   0.00   0.00   0.00   0.00   0.00   0.00   0.00
[180,]   0.00   0.00   0.00   0.00   0.00   0.00   0.00   0.00   0.00   0.00
[181,]   0.00   0.00   0.00   0.00   0.00   0.00   0.00   0.00   0.00   0.00
[182,]   0.00   0.00   0.00   0.00   0.00   0.00   0.00   0.00   0.00   0.00
[183,]   0.00   0.00   0.00   0.00   0.00   0.00   0.00   0.00   0.00   0.00
[184,]   0.00   0.00   0.00   0.00   0.00   0.00   0.00   0.00   0.00   0.00
[185,]   0.00   0.00   0.00   0.00   0.00   0.00   0.00   0.00   0.00   0.00
[186,]   0.00   0.00   0.00   0.00   0.00   0.00   0.00   0.00   0.00   0.00
[187,]   0.00   0.00   0.00   0.00   0.00   0.00   0.00   0.00   0.00   0.00
[188,]   0.00   0.00   0.00   0.00   0.00   0.00   0.00   0.00   0.00   0.00
[189,]   0.00   0.00   0.00   0.00   0.00   0.00   0.00   0.00   0.00   0.00
[190,]   0.00   0.00   0.00   0.00   0.00   0.00   0.00   0.00   0.00   0.00
[191,]   0.00   0.00   0.00   0.00   0.00   0.00   0.00   0.00   0.00   0.00
[192,]   0.00   0.00   0.00   0.00   0.00   0.00   0.00   0.00   0.00   0.00
[193,]   0.00   0.00   0.00   0.00   0.00   0.00   0.00   0.00   0.00   0.00
[194,]   0.00   0.00   0.00   0.00   0.00   0.00   0.00   0.00   0.00   0.00
[195,]   0.00   0.00   0.00   0.00   0.00   0.00   0.00   0.00   0.00   0.00
[196,]   0.00   0.00   0.00   0.00   0.00   0.00   0.00   0.00   0.00   0.00
[197,]   0.00   0.00   0.00   0.00   0.00   0.00   0.00   0.00   0.00   0.00
[198,]   0.00   0.00   0.00   0.00   0.00   0.00   0.00   0.00   0.00   0.00
[199,]   0.00   0.00   0.00   0.00   0.00   0.00   0.00   0.00   0.00   0.00
[200,]   0.00   0.00   0.00   0.00   0.00   0.00   0.00   0.00   0.00   0.00
[201,]   0.00   0.00   0.00   0.00   0.00   0.00   0.00   0.00   0.00   0.00
[202,]   0.00   0.00   0.00   0.00   0.00   0.00   0.00   0.00   0.00   0.00
[203,]   0.00   0.00   0.00   0.00   0.00   0.00   0.00   0.00   0.00   0.00
[204,]   0.00   0.00   0.00   0.00   0.00   0.00   0.00   0.00   0.00   0.00
[205,]   0.00   0.00   0.00   0.00   0.00   0.00   0.00   0.00   0.00   0.00
[206,]   0.00   0.00   0.00   0.00   0.00   0.00   0.00   0.00   0.00   0.00
[207,]   0.00   0.00   0.00   0.00   0.00   0.00   0.00   0.00   0.00   0.00
[208,]   0.00   0.00   0.00   0.00   0.00   0.00   0.00   0.00   0.00   0.00
[209,]   0.00   0.00   0.00   0.00   0.00   0.00   0.00   0.00   0.00   0.00
[210,]   0.00   0.00   0.00   0.00   0.00   0.00   0.00   0.00   0.00   0.00
[211,]   0.00   0.00   0.00   0.00   0.00   0.00   0.00   0.00   0.00   0.00
[212,]   0.00   0.00   0.00   0.00   0.00   0.00   0.00   0.00   0.00   0.00
[213,]   0.00   0.00   0.00   0.00   0.00   0.00   0.00   0.00   0.00   0.00
[214,]   0.00   0.00   0.00   0.00   0.00   0.00   0.00   0.00   0.00   0.00
[215,]   0.00   0.00   0.00   0.00   0.00   0.00   0.00   0.00   0.00   0.00
[216,]   0.00   0.00   0.00   0.00   0.00   0.00   0.00   0.00   0.00   0.00
[217,]   0.00   0.00   0.00   0.00   0.00   0.00   0.00   0.00   0.00   0.00
[218,]   0.00   0.00   0.00   0.00   0.00   0.00   0.00   0.00   0.00   0.00
[219,]   0.00   0.00   0.00   0.00   0.00   0.00   0.00   0.00   0.00   0.00
[220,]   0.00   0.00   0.00   0.00   0.00   0.00   0.00   0.00   0.00   0.00
[221,]   0.00   0.00   0.00   0.00   0.00   0.00   0.00   0.00   0.00   0.00
[222,]   0.00   0.00   0.00   0.00   0.00   0.00   0.00   0.00   0.00   0.00
[223,]   0.00   0.00   0.00   0.00   0.00   0.00   0.00   0.00   0.00   0.00
[224,]   0.00   0.00   0.00   0.00   0.00   0.00   0.00   0.00   0.00   0.00
[225,]   0.00   0.00   0.00   0.00   0.00   0.00   0.00   0.00   0.00   0.00
[226,]   0.00   0.00   0.00   0.00   0.00   0.00   0.00   0.00   0.00   0.00
[227,]   0.00   0.00   0.00   0.00   0.00   0.00   0.00   0.00   0.00   0.00
[228,]   0.00   0.00   0.00   0.00   0.00   0.00   0.00   0.00   0.00   0.00
       [,258] [,259] [,260] [,261] [,262] [,263] [,264] [,265] [,266] [,267]
  [1,]   0.00   0.00   0.00   0.00   0.00   0.00   0.00   0.00   0.00   0.00
  [2,]   0.00   0.00   0.00   0.00   0.00   0.00   0.00   0.00   0.00   0.00
  [3,]   0.00   0.00   0.00   0.00   0.00   0.00   0.00   0.00   0.00   0.00
  [4,]   0.00   0.00   0.00   0.00   0.00   0.00   0.00   0.00   0.00   0.00
  [5,]   0.00   0.00   0.00   0.00   0.00   0.00   0.00   0.00   0.00   0.00
  [6,]   0.00   0.00   0.00   0.00   0.00   0.00   0.00   0.00   0.00   0.00
  [7,]   0.00   0.00   0.00   0.00   0.00   0.00   0.00   0.00   0.00   0.00
  [8,]   0.00   0.00   0.00   0.00   0.00   0.00   0.00   0.00   0.00   0.00
  [9,]   0.00   0.00   0.00   0.00   0.00   0.00   0.00   0.00   0.00   0.00
 [10,]   0.00   0.00   0.00   0.00   0.00   0.00   0.00   0.00   0.00   0.00
 [11,]   0.00   0.00   0.00   0.00   0.00   0.00   0.00   0.00   0.00   0.00
 [12,]   0.00   0.00   0.00   0.00   0.00   0.00   0.00   0.00   0.00   0.00
 [13,]   0.00   0.00   0.00   0.00   0.00   0.00   0.00   0.00   0.00   0.00
 [14,]   0.00   0.00   0.00   0.00   0.00   0.00   0.00   0.00   0.00   0.00
 [15,]   0.00   0.00   0.00   0.00   0.00   0.00   0.00   0.00   0.00   0.00
 [16,]   0.00   0.00   0.00   0.00   0.00   0.00   0.00   0.00   0.00   0.00
 [17,]   0.00   0.00   0.00   0.00   0.00   0.00   0.00   0.00   0.00   0.00
 [18,]   0.00   0.00   0.00   0.00   0.00   0.00   0.00   0.00   0.00   0.00
 [19,]   0.00   0.00   0.00   0.00   0.00   0.00   0.00   0.00   0.00   0.00
 [20,]   0.00   0.00   0.00   0.00   0.00   0.00   0.00   0.00   0.00   0.00
 [21,]   0.00   0.00   0.00   0.00   0.00   0.00   0.00   0.00   0.00   0.00
 [22,]   0.00   0.00   0.00   0.00   0.00   0.00   0.00   0.00   0.00   0.00
 [23,]   0.00   0.00   0.00   0.00   0.00   0.00   0.00   0.00   0.00   0.00
 [24,]   0.00   0.00   0.00   0.00   0.00   0.00   0.00   0.00   0.00   0.00
 [25,]   0.00   0.00   0.00   0.00   0.00   0.00   0.00   0.00   0.00   0.00
 [26,]   0.00   0.00   0.00   0.00   0.00   0.00   0.00   0.00   0.00   0.00
 [27,]   0.00   0.00   0.00   0.00   0.00   0.00   0.00   0.00   0.00   0.00
 [28,]   0.00   0.00   0.00   0.00   0.00   0.00   0.00   0.00   0.00   0.00
 [29,]   0.00   0.00   0.00   0.00   0.00   0.00   0.00   0.00   0.00   0.00
 [30,]   0.00   0.00   0.00   0.00   0.00   0.00   0.00   0.00   0.00   0.00
 [31,]   0.00   0.00   0.00   0.00   0.00   0.00   0.00   0.00   0.00   0.00
 [32,]   0.00   0.00   0.00   0.00   0.00   0.00   0.00   0.00   0.00   0.00
 [33,]   0.00   0.00   0.00   0.00   0.00   0.00   0.00   0.00   0.00   0.00
 [34,]   0.00   0.00   0.00   0.00   0.00   0.00   0.00   0.00   0.00   0.00
 [35,]   0.00   0.00   0.00   0.00   0.00   0.00   0.00   0.00   0.00   0.00
 [36,]   0.00   0.00   0.00   0.00   0.00   0.00   0.00   0.00   0.00   0.00
 [37,]   0.00   0.00   0.00   0.00   0.00   0.00   0.00   0.00   0.00   0.00
 [38,]   0.00   0.00   0.00   0.00   0.00   0.00   0.00   0.00   0.00   0.00
 [39,]   0.00   0.00   0.00   0.00   0.00   0.00   0.00   0.00   0.00   0.00
 [40,]   0.00   0.00   0.00   0.00   0.00   0.00   0.00   0.00   0.00   0.00
 [41,]   0.00   0.00   0.00   0.00   0.00   0.00   0.00   0.00   0.00   0.00
 [42,]   0.00   0.00   0.00   0.00   0.00   0.00   0.00   0.00   0.00   0.00
 [43,]   0.00   0.00   0.00   0.00   0.00   0.00   0.00   0.00   0.00   0.00
 [44,]   0.00   0.00   0.00   0.00   0.00   0.00   0.00   0.00   0.00   0.00
 [45,]   0.00   0.00   0.00   0.00   0.00   0.00   0.00   0.00   0.00   0.00
 [46,]   0.00   0.00   0.00   0.00   0.00   0.00   0.00   0.00   0.00   0.00
 [47,]   0.00   0.00   0.00   0.00   0.00   0.00   0.00   0.00   0.00   0.00
 [48,]   0.00   0.00   0.00   0.00   0.00   0.00   0.00   0.00   0.00   0.00
 [49,]   0.00   0.00   0.00   0.00   0.00   0.00   0.00   0.00   0.00   0.00
 [50,]   0.00   0.00   0.00   0.00   0.00   0.00   0.00   0.00   0.00   0.00
 [51,]   0.00   0.00   0.00   0.00   0.00   0.00   0.00   0.00   0.00   0.00
 [52,]   0.00   0.00   0.00   0.00   0.00   0.00   0.00   0.00   0.00   0.00
 [53,]   0.00   0.00   0.00   0.00   0.00   0.00   0.00   0.00   0.00   0.00
 [54,]   0.00   0.00   0.00   0.00   0.00   0.00   0.00   0.00   0.00   0.00
 [55,]   0.00   0.00   0.00   0.00   0.00   0.00   0.00   0.00   0.00   0.00
 [56,]   0.00   0.00   0.00   0.00   0.00   0.00   0.00   0.00   0.00   0.00
 [57,]   0.00   0.00   0.00   0.00   0.00   0.00   0.00   0.00   0.00   0.00
 [58,]   0.00   0.00   0.00   0.00   0.00   0.00   0.00   0.00   0.00   0.00
 [59,]   0.00   0.00   0.00   0.00   0.00   0.00   0.00   0.00   0.00   0.00
 [60,]   0.00   0.00   0.00   0.00   0.00   0.00   0.00   0.00   0.00   0.00
 [61,]   0.00   0.00   0.00   0.00   0.00   0.00   0.00   0.00   0.00   0.00
 [62,]   0.00   0.00   0.00   0.00   0.00   0.00   0.00   0.00   0.00   0.00
 [63,]   0.00   0.00   0.00   0.00   0.00   0.00   0.00   0.00   0.00   0.00
 [64,]   0.00   0.00   0.00   0.00   0.00   0.00   0.00   0.00   0.00   0.00
 [65,]   0.00   0.00   0.00   0.00   0.00   0.00   0.00   0.00   0.00   0.00
 [66,]   0.00   0.00   0.00   0.00   0.00   0.00   0.00   0.00   0.00   0.00
 [67,]   0.00   0.00   0.00   0.00   0.00   0.00   0.00   0.00   0.00   0.00
 [68,]   0.00   0.00   0.00   0.00   0.00   0.00   0.00   0.00   0.00   0.00
 [69,]   0.00   0.00   0.00   0.00   0.00   0.00   0.00   0.00   0.00   0.00
 [70,]   0.00   0.00   0.00   0.00   0.00   0.00   0.00   0.00   0.00   0.00
 [71,]   0.00   0.00   0.00   0.00   0.00   0.00   0.00   0.00   0.00   0.00
 [72,]   0.00   0.00   0.00   0.00   0.00   0.00   0.00   0.00   0.00   0.00
 [73,]   0.00   0.00   0.00   0.00   0.00   0.00   0.00   0.00   0.00   0.00
 [74,]   0.00   0.00   0.00   0.00   0.00   0.00   0.00   0.00   0.00   0.00
 [75,]   0.00   0.00   0.00   0.00   0.00   0.00   0.00   0.00   0.00   0.00
 [76,]   0.00   0.00   0.00   0.00   0.00   0.00   0.00   0.00   0.00   0.00
 [77,]   0.00   0.00   0.00   0.00   0.00   0.00   0.00   0.00   0.00   0.00
 [78,]   0.00   0.00   0.00   0.00   0.00   0.00   0.00   0.00   0.00   0.00
 [79,]   0.00   0.00   0.00   0.00   0.00   0.00   0.00   0.00   0.00   0.00
 [80,]   0.00   0.00   0.00   0.00   0.00   0.00   0.00   0.00   0.00   0.00
 [81,]   0.00   0.00   0.00   0.00   0.00   0.00   0.00   0.00   0.00   0.00
 [82,]   0.00   0.00   0.00   0.00   0.00   0.00   0.00   0.00   0.00   0.00
 [83,]   0.00   0.00   0.00   0.00   0.00   0.00   0.00   0.00   0.00   0.00
 [84,]   0.00   0.00   0.00   0.00   0.00   0.00   0.00   0.00   0.00   0.00
 [85,]   0.00   0.00   0.00   0.00   0.00   0.00   0.00   0.00   0.00   0.00
 [86,]   0.00   0.00   0.00   0.00   0.00   0.00   0.00   0.00   0.00   0.00
 [87,]   0.00   0.00   0.00   0.00   0.00   0.00   0.00   0.00   0.00   0.00
 [88,]   0.00   0.00   0.00   0.00   0.00   0.00   0.00   0.00   0.00   0.00
 [89,]   0.00   0.00   0.00   0.00   0.00   0.00   0.00   0.00   0.00   0.00
 [90,]   0.00   0.00   0.00   0.00   0.00   0.00   0.00   0.00   0.00   0.00
 [91,]   0.00   0.00   0.00   0.00   0.00   0.00   0.00   0.00   0.00   0.00
 [92,]   0.00   0.00   0.00   0.00   0.00   0.00   0.00   0.00   0.00   0.00
 [93,]   0.00   0.00   0.00   0.00   0.00   0.00   0.00   0.00   0.00   0.00
 [94,]   0.00   0.00   0.00   0.00   0.00   0.00   0.00   0.00   0.00   0.00
 [95,]   0.00   0.00   0.00   0.00   0.00   0.00   0.00   0.00   0.00   0.00
 [96,]   0.00   0.00   0.00   0.00   0.00   0.00   0.00   0.00   0.00   0.00
 [97,]   0.00   0.00   0.00   0.00   0.00   0.00   0.00   0.00   0.00   0.00
 [98,]   0.00   0.00   0.00   0.00   0.00   0.00   0.00   0.00   0.00   0.00
 [99,]   0.00   0.00   0.00   0.00   0.00   0.00   0.00   0.00   0.00   0.00
[100,]   0.00   0.00   0.00   0.00   0.00   0.00   0.00   0.00   0.00   0.00
[101,]   0.00   0.00   0.00   0.00   0.00   0.00   0.00   0.00   0.00   0.00
[102,]   0.00   0.00   0.00   0.00   0.00   0.00   0.00   0.00   0.00   0.00
[103,]   0.00   0.00   0.00   0.00   0.00   0.00   0.00   0.00   0.00   0.00
[104,]   0.00   0.00   0.00   0.00   0.00   0.00   0.00   0.00   0.00   0.00
[105,]   0.00   0.00   0.00   0.00   0.00   0.00   0.00   0.00   0.00   0.00
[106,]   0.00   0.00   0.00   0.00   0.00   0.00   0.00   0.00   0.00   0.00
[107,]   0.00   0.00   0.00   0.00   0.00   0.00   0.00   0.00   0.00   0.00
[108,]   0.00   0.00   0.00   0.00   0.00   0.00   0.00   0.00   0.00   0.00
[109,]   0.00   0.00   0.00   0.00   0.00   0.00   0.00   0.00   0.00   0.00
[110,]   0.00   0.00   0.00   0.00   0.00   0.00   0.00   0.00   0.00   0.00
[111,]   0.00   0.00   0.00   0.00   0.00   0.00   0.00   0.00   0.00   0.00
[112,]   0.00   0.00   0.00   0.00   0.00   0.00   0.00   0.00   0.00   0.00
[113,]   0.00   0.00   0.00   0.00   0.00   0.00   0.00   0.00   0.00   0.00
[114,]   0.00   0.00   0.00   0.00   0.00   0.00   0.00   0.00   0.00   0.00
[115,]   0.00   0.00   0.00   0.00   0.00   0.00   0.00   0.00   0.00   0.00
[116,]   0.00   0.00   0.00   0.00   0.00   0.00   0.00   0.00   0.00   0.00
[117,]   0.00   0.00   0.00   0.00   0.00   0.00   0.00   0.00   0.00   0.00
[118,]   0.00   0.00   0.00   0.00   0.00   0.00   0.00   0.00   0.00   0.00
[119,]   0.00   0.00   0.00   0.00   0.00   0.00   0.00   0.00   0.00   0.00
[120,]   0.00   0.00   0.00   0.00   0.00   0.00   0.00   0.00   0.00   0.00
[121,]   0.00   0.00   0.00   0.00   0.00   0.00   0.00   0.00   0.00   0.00
[122,]   0.00   0.00   0.00   0.00   0.00   0.00   0.00   0.00   0.00   0.00
[123,]   0.00   0.00   0.00   0.00   0.00   0.00   0.00   0.00   0.00   0.00
[124,]   0.00   0.00   0.00   0.00   0.00   0.00   0.00   0.00   0.00   0.00
[125,]   0.00   0.00   0.00   0.00   0.00   0.00   0.00   0.00   0.00   0.00
[126,]   0.00   0.00   0.00   0.00   0.00   0.00   0.00   0.00   0.00   0.00
[127,]   0.00   0.00   0.00   0.00   0.00   0.00   0.00   0.00   0.00   0.00
[128,]   0.00   0.00   0.00   0.00   0.00   0.00   0.00   0.00   0.00   0.00
[129,]   0.00   0.00   0.00   0.00   0.00   0.00   0.00   0.00   0.00   0.00
[130,]   0.00   0.00   0.00   0.00   0.00   0.00   0.00   0.00   0.00   0.00
[131,]   0.00   0.00   0.00   0.00   0.00   0.00   0.00   0.00   0.00   0.00
[132,]   0.00   0.00   0.00   0.00   0.00   0.00   0.00   0.00   0.00   0.00
[133,]   0.00   0.00   0.00   0.00   0.00   0.00   0.00   0.00   0.00   0.00
[134,]   0.00   0.00   0.00   0.00   0.00   0.00   0.00   0.00   0.00   0.00
[135,]   0.00   0.00   0.00   0.00   0.00   0.00   0.00   0.00   0.00   0.00
[136,]   0.00   0.00   0.00   0.00   0.00   0.00   0.00   0.00   0.00   0.00
[137,]   0.00   0.00   0.00   0.00   0.00   0.00   0.00   0.00   0.00   0.00
[138,]   0.00   0.00   0.00   0.00   0.00   0.00   0.00   0.00   0.00   0.00
[139,]   0.00   0.00   0.00   0.00   0.00   0.00   0.00   0.00   0.00   0.00
[140,]   0.00   0.00   0.00   0.00   0.00   0.00   0.00   0.00   0.00   0.00
[141,]   0.00   0.00   0.00   0.00   0.00   0.00   0.00   0.00   0.00   0.00
[142,]   0.00   0.00   0.00   0.00   0.00   0.00   0.00   0.00   0.00   0.00
[143,]   0.00   0.00   0.00   0.00   0.00   0.00   0.00   0.00   0.00   0.00
[144,]   0.00   0.00   0.00   0.00   0.00   0.00   0.00   0.00   0.00   0.00
[145,]   0.00   0.00   0.00   0.00   0.00   0.00   0.00   0.00   0.00   0.00
[146,]   0.00   0.00   0.00   0.00   0.00   0.00   0.00   0.00   0.00   0.00
[147,]   0.00   0.00   0.00   0.00   0.00   0.00   0.00   0.00   0.00   0.00
[148,]   0.00   0.00   0.00   0.00   0.00   0.00   0.00   0.00   0.00   0.00
[149,]   0.00   0.00   0.00   0.00   0.00   0.00   0.00   0.00   0.00   0.00
[150,]   0.00   0.00   0.00   0.00   0.00   0.00   0.00   0.00   0.00   0.00
[151,]   0.00   0.00   0.00   0.00   0.00   0.00   0.00   0.00   0.00   0.00
[152,]   0.00   0.00   0.00   0.00   0.00   0.00   0.00   0.00   0.00   0.00
[153,]   0.00   0.00   0.00   0.00   0.00   0.00   0.00   0.00   0.00   0.00
[154,]   0.00   0.00   0.00   0.00   0.00   0.00   0.00   0.00   0.00   0.00
[155,]   0.00   0.00   0.00   0.00   0.00   0.00   0.00   0.00   0.00   0.00
[156,]   0.00   0.00   0.00   0.00   0.00   0.00   0.00   0.00   0.00   0.00
[157,]   0.00   0.00   0.00   0.00   0.00   0.00   0.00   0.00   0.00   0.00
[158,]   0.00   0.00   0.00   0.00   0.00   0.00   0.00   0.00   0.00   0.00
[159,]   0.00   0.00   0.00   0.00   0.00   0.00   0.00   0.00   0.00   0.00
[160,]   0.00   0.00   0.00   0.00   0.00   0.00   0.00   0.00   0.00   0.00
[161,]   0.00   0.00   0.00   0.00   0.00   0.00   0.00   0.00   0.00   0.00
[162,]   0.00   0.00   0.00   0.00   0.00   0.00   0.00   0.00   0.00   0.00
[163,]   0.00   0.00   0.00   0.00   0.00   0.00   0.00   0.00   0.00   0.00
[164,]   0.00   0.00   0.00   0.00   0.00   0.00   0.00   0.00   0.00   0.00
[165,]   0.00   0.00   0.00   0.00   0.00   0.00   0.00   0.00   0.00   0.00
[166,]   0.00   0.00   0.00   0.00   0.00   0.00   0.00   0.00   0.00   0.00
[167,]   0.00   0.00   0.00   0.00   0.00   0.00   0.00   0.00   0.00   0.00
[168,]   0.00   0.00   0.00   0.00   0.00   0.00   0.00   0.00   0.00   0.00
[169,]   0.00   0.00   0.00   0.00   0.00   0.00   0.00   0.00   0.00   0.00
[170,]   0.00   0.00   0.00   0.00   0.00   0.00   0.00   0.00   0.00   0.00
[171,]   0.00   0.00   0.00   0.00   0.00   0.00   0.00   0.00   0.00   0.00
[172,]   0.00   0.00   0.00   0.00   0.00   0.00   0.00   0.00   0.00   0.00
[173,]   0.00   0.00   0.00   0.00   0.00   0.00   0.00   0.00   0.00   0.00
[174,]   0.00   0.00   0.00   0.00   0.00   0.00   0.00   0.00   0.00   0.00
[175,]   0.00   0.00   0.00   0.00   0.00   0.00   0.00   0.00   0.00   0.00
[176,]   0.00   0.00   0.00   0.00   0.00   0.00   0.00   0.00   0.00   0.00
[177,]   0.00   0.00   0.00   0.00   0.00   0.00   0.00   0.00   0.00   0.00
[178,]   0.00   0.00   0.00   0.00   0.00   0.00   0.00   0.00   0.00   0.00
[179,]   0.00   0.00   0.00   0.00   0.00   0.00   0.00   0.00   0.00   0.00
[180,]   0.00   0.00   0.00   0.00   0.00   0.00   0.00   0.00   0.00   0.00
[181,]   0.00   0.00   0.00   0.00   0.00   0.00   0.00   0.00   0.00   0.00
[182,]   0.00   0.00   0.00   0.00   0.00   0.00   0.00   0.00   0.00   0.00
[183,]   0.00   0.00   0.00   0.00   0.00   0.00   0.00   0.00   0.00   0.00
[184,]   0.00   0.00   0.00   0.00   0.00   0.00   0.00   0.00   0.00   0.00
[185,]   0.00   0.00   0.00   0.00   0.00   0.00   0.00   0.00   0.00   0.00
[186,]   0.00   0.00   0.00   0.00   0.00   0.00   0.00   0.00   0.00   0.00
[187,]   0.00   0.00   0.00   0.00   0.00   0.00   0.00   0.00   0.00   0.00
[188,]   0.00   0.00   0.00   0.00   0.00   0.00   0.00   0.00   0.00   0.00
[189,]   0.00   0.00   0.00   0.00   0.00   0.00   0.00   0.00   0.00   0.00
[190,]   0.00   0.00   0.00   0.00   0.00   0.00   0.00   0.00   0.00   0.00
[191,]   0.00   0.00   0.00   0.00   0.00   0.00   0.00   0.00   0.00   0.00
[192,]   0.00   0.00   0.00   0.00   0.00   0.00   0.00   0.00   0.00   0.00
[193,]   0.00   0.00   0.00   0.00   0.00   0.00   0.00   0.00   0.00   0.00
[194,]   0.00   0.00   0.00   0.00   0.00   0.00   0.00   0.00   0.00   0.00
[195,]   0.00   0.00   0.00   0.00   0.00   0.00   0.00   0.00   0.00   0.00
[196,]   0.00   0.00   0.00   0.00   0.00   0.00   0.00   0.00   0.00   0.00
[197,]   0.00   0.00   0.00   0.00   0.00   0.00   0.00   0.00   0.00   0.00
[198,]   0.00   0.00   0.00   0.00   0.00   0.00   0.00   0.00   0.00   0.00
[199,]   0.00   0.00   0.00   0.00   0.00   0.00   0.00   0.00   0.00   0.00
[200,]   0.00   0.00   0.00   0.00   0.00   0.00   0.00   0.00   0.00   0.00
[201,]   0.00   0.00   0.00   0.00   0.00   0.00   0.00   0.00   0.00   0.00
[202,]   0.00   0.00   0.00   0.00   0.00   0.00   0.00   0.00   0.00   0.00
[203,]   0.00   0.00   0.00   0.00   0.00   0.00   0.00   0.00   0.00   0.00
[204,]   0.00   0.00   0.00   0.00   0.00   0.00   0.00   0.00   0.00   0.00
[205,]   0.00   0.00   0.00   0.00   0.00   0.00   0.00   0.00   0.00   0.00
[206,]   0.00   0.00   0.00   0.00   0.00   0.00   0.00   0.00   0.00   0.00
[207,]   0.00   0.00   0.00   0.00   0.00   0.00   0.00   0.00   0.00   0.00
[208,]   0.00   0.00   0.00   0.00   0.00   0.00   0.00   0.00   0.00   0.00
[209,]   0.00   0.00   0.00   0.00   0.00   0.00   0.00   0.00   0.00   0.00
[210,]   0.00   0.00   0.00   0.00   0.00   0.00   0.00   0.00   0.00   0.00
[211,]   0.00   0.00   0.00   0.00   0.00   0.00   0.00   0.00   0.00   0.00
[212,]   0.00   0.00   0.00   0.00   0.00   0.00   0.00   0.00   0.00   0.00
[213,]   0.00   0.00   0.00   0.00   0.00   0.00   0.00   0.00   0.00   0.00
[214,]   0.00   0.00   0.00   0.00   0.00   0.00   0.00   0.00   0.00   0.00
[215,]   0.00   0.00   0.00   0.00   0.00   0.00   0.00   0.00   0.00   0.00
[216,]   0.00   0.00   0.00   0.00   0.00   0.00   0.00   0.00   0.00   0.00
[217,]   0.00   0.00   0.00   0.00   0.00   0.00   0.00   0.00   0.00   0.00
[218,]   0.00   0.00   0.00   0.00   0.00   0.00   0.00   0.00   0.00   0.00
[219,]   0.00   0.00   0.00   0.00   0.00   0.00   0.00   0.00   0.00   0.00
[220,]   0.00   0.00   0.00   0.00   0.00   0.00   0.00   0.00   0.00   0.00
[221,]   0.00   0.00   0.00   0.00   0.00   0.00   0.00   0.00   0.00   0.00
[222,]   0.00   0.00   0.00   0.00   0.00   0.00   0.00   0.00   0.00   0.00
[223,]   0.00   0.00   0.00   0.00   0.00   0.00   0.00   0.00   0.00   0.00
[224,]   0.00   0.00   0.00   0.00   0.00   0.00   0.00   0.00   0.00   0.00
[225,]   0.00   0.00   0.00   0.00   0.00   0.00   0.00   0.00   0.00   0.00
[226,]   0.00   0.00   0.00   0.00   0.00   0.00   0.00   0.00   0.00   0.00
[227,]   0.00   0.00   0.00   0.00   0.00   0.00   0.00   0.00   0.00   0.00
[228,]   0.00   0.00   0.00   0.00   0.00   0.00   0.00   0.00   0.00   0.00
       [,268] [,269] [,270] [,271] [,272] [,273] [,274] [,275] [,276] [,277]
  [1,]   0.00   0.00   0.00   0.00   0.00   0.00   0.00   0.00   0.00   0.00
  [2,]   0.00   0.00   0.00   0.00   0.00   0.00   0.00   0.00   0.00   0.00
  [3,]   0.00   0.00   0.00   0.00   0.00   0.00   0.00   0.00   0.00   0.00
  [4,]   0.00   0.00   0.00   0.00   0.00   0.00   0.00   0.00   0.00   0.00
  [5,]   0.00   0.00   0.00   0.00   0.00   0.00   0.00   0.00   0.00   0.00
  [6,]   0.00   0.00   0.00   0.00   0.00   0.00   0.00   0.00   0.00   0.00
  [7,]   0.00   0.00   0.00   0.00   0.00   0.00   0.00   0.00   0.00   0.00
  [8,]   0.00   0.00   0.00   0.00   0.00   0.00   0.00   0.00   0.00   0.00
  [9,]   0.00   0.00   0.00   0.00   0.00   0.00   0.00   0.00   0.00   0.00
 [10,]   0.00   0.00   0.00   0.00   0.00   0.00   0.00   0.00   0.00   0.00
 [11,]   0.00   0.00   0.00   0.00   0.00   0.00   0.00   0.00   0.00   0.00
 [12,]   0.00   0.00   0.00   0.00   0.00   0.00   0.00   0.00   0.00   0.00
 [13,]   0.00   0.00   0.00   0.00   0.00   0.00   0.00   0.00   0.00   0.00
 [14,]   0.00   0.00   0.00   0.00   0.00   0.00   0.00   0.00   0.00   0.00
 [15,]   0.00   0.00   0.00   0.00   0.00   0.00   0.00   0.00   0.00   0.00
 [16,]   0.00   0.00   0.00   0.00   0.00   0.00   0.00   0.00   0.00   0.00
 [17,]   0.00   0.00   0.00   0.00   0.00   0.00   0.00   0.00   0.00   0.00
 [18,]   0.00   0.00   0.00   0.00   0.00   0.00   0.00   0.00   0.00   0.00
 [19,]   0.00   0.00   0.00   0.00   0.00   0.00   0.00   0.00   0.00   0.00
 [20,]   0.00   0.00   0.00   0.00   0.00   0.00   0.00   0.00   0.00   0.00
 [21,]   0.00   0.00   0.00   0.00   0.00   0.00   0.00   0.00   0.00   0.00
 [22,]   0.00   0.00   0.00   0.00   0.00   0.00   0.00   0.00   0.00   0.00
 [23,]   0.00   0.00   0.00   0.00   0.00   0.00   0.00   0.00   0.00   0.00
 [24,]   0.00   0.00   0.00   0.00   0.00   0.00   0.00   0.00   0.00   0.00
 [25,]   0.00   0.00   0.00   0.00   0.00   0.00   0.00   0.00   0.00   0.00
 [26,]   0.00   0.00   0.00   0.00   0.00   0.00   0.00   0.00   0.00   0.00
 [27,]   0.00   0.00   0.00   0.00   0.00   0.00   0.00   0.00   0.00   0.00
 [28,]   0.00   0.00   0.00   0.00   0.00   0.00   0.00   0.00   0.00   0.00
 [29,]   0.00   0.00   0.00   0.00   0.00   0.00   0.00   0.00   0.00   0.00
 [30,]   0.00   0.00   0.00   0.00   0.00   0.00   0.00   0.00   0.00   0.00
 [31,]   0.00   0.00   0.00   0.00   0.00   0.00   0.00   0.00   0.00   0.00
 [32,]   0.00   0.00   0.00   0.00   0.00   0.00   0.00   0.00   0.00   0.00
 [33,]   0.00   0.00   0.00   0.00   0.00   0.00   0.00   0.00   0.00   0.00
 [34,]   0.00   0.00   0.00   0.00   0.00   0.00   0.00   0.00   0.00   0.00
 [35,]   0.00   0.00   0.00   0.00   0.00   0.00   0.00   0.00   0.00   0.00
 [36,]   0.00   0.00   0.00   0.00   0.00   0.00   0.00   0.00   0.00   0.00
 [37,]   0.00   0.00   0.00   0.00   0.00   0.00   0.00   0.00   0.00   0.00
 [38,]   0.00   0.00   0.00   0.00   0.00   0.00   0.00   0.00   0.00   0.00
 [39,]   0.00   0.00   0.00   0.00   0.00   0.00   0.00   0.00   0.00   0.00
 [40,]   0.00   0.00   0.00   0.00   0.00   0.00   0.00   0.00   0.00   0.00
 [41,]   0.00   0.00   0.00   0.00   0.00   0.00   0.00   0.00   0.00   0.00
 [42,]   0.00   0.00   0.00   0.00   0.00   0.00   0.00   0.00   0.00   0.00
 [43,]   0.00   0.00   0.00   0.00   0.00   0.00   0.00   0.00   0.00   0.00
 [44,]   0.00   0.00   0.00   0.00   0.00   0.00   0.00   0.00   0.00   0.00
 [45,]   0.00   0.00   0.00   0.00   0.00   0.00   0.00   0.00   0.00   0.00
 [46,]   0.00   0.00   0.00   0.00   0.00   0.00   0.00   0.00   0.00   0.00
 [47,]   0.00   0.00   0.00   0.00   0.00   0.00   0.00   0.00   0.00   0.00
 [48,]   0.00   0.00   0.00   0.00   0.00   0.00   0.00   0.00   0.00   0.00
 [49,]   0.00   0.00   0.00   0.00   0.00   0.00   0.00   0.00   0.00   0.00
 [50,]   0.00   0.00   0.00   0.00   0.00   0.00   0.00   0.00   0.00   0.00
 [51,]   0.00   0.00   0.00   0.00   0.00   0.00   0.00   0.00   0.00   0.00
 [52,]   0.00   0.00   0.00   0.00   0.00   0.00   0.00   0.00   0.00   0.00
 [53,]   0.00   0.00   0.00   0.00   0.00   0.00   0.00   0.00   0.00   0.00
 [54,]   0.00   0.00   0.00   0.00   0.00   0.00   0.00   0.00   0.00   0.00
 [55,]   0.00   0.00   0.00   0.00   0.00   0.00   0.00   0.00   0.00   0.00
 [56,]   0.00   0.00   0.00   0.00   0.00   0.00   0.00   0.00   0.00   0.00
 [57,]   0.00   0.00   0.00   0.00   0.00   0.00   0.00   0.00   0.00   0.00
 [58,]   0.00   0.00   0.00   0.00   0.00   0.00   0.00   0.00   0.00   0.00
 [59,]   0.00   0.00   0.00   0.00   0.00   0.00   0.00   0.00   0.00   0.00
 [60,]   0.00   0.00   0.00   0.00   0.00   0.00   0.00   0.00   0.00   0.00
 [61,]   0.00   0.00   0.00   0.00   0.00   0.00   0.00   0.00   0.00   0.00
 [62,]   0.00   0.00   0.00   0.00   0.00   0.00   0.00   0.00   0.00   0.00
 [63,]   0.00   0.00   0.00   0.00   0.00   0.00   0.00   0.00   0.00   0.00
 [64,]   0.00   0.00   0.00   0.00   0.00   0.00   0.00   0.00   0.00   0.00
 [65,]   0.00   0.00   0.00   0.00   0.00   0.00   0.00   0.00   0.00   0.00
 [66,]   0.00   0.00   0.00   0.00   0.00   0.00   0.00   0.00   0.00   0.00
 [67,]   0.00   0.00   0.00   0.00   0.00   0.00   0.00   0.00   0.00   0.00
 [68,]   0.00   0.00   0.00   0.00   0.00   0.00   0.00   0.00   0.00   0.00
 [69,]   0.00   0.00   0.00   0.00   0.00   0.00   0.00   0.00   0.00   0.00
 [70,]   0.00   0.00   0.00   0.00   0.00   0.00   0.00   0.00   0.00   0.00
 [71,]   0.00   0.00   0.00   0.00   0.00   0.00   0.00   0.00   0.00   0.00
 [72,]   0.00   0.00   0.00   0.00   0.00   0.00   0.00   0.00   0.00   0.00
 [73,]   0.00   0.00   0.00   0.00   0.00   0.00   0.00   0.00   0.00   0.00
 [74,]   0.00   0.00   0.00   0.00   0.00   0.00   0.00   0.00   0.00   0.00
 [75,]   0.00   0.00   0.00   0.00   0.00   0.00   0.00   0.00   0.00   0.00
 [76,]   0.00   0.00   0.00   0.00   0.00   0.00   0.00   0.00   0.00   0.00
 [77,]   0.00   0.00   0.00   0.00   0.00   0.00   0.00   0.00   0.00   0.00
 [78,]   0.00   0.00   0.00   0.00   0.00   0.00   0.00   0.00   0.00   0.00
 [79,]   0.00   0.00   0.00   0.00   0.00   0.00   0.00   0.00   0.00   0.00
 [80,]   0.00   0.00   0.00   0.00   0.00   0.00   0.00   0.00   0.00   0.00
 [81,]   0.00   0.00   0.00   0.00   0.00   0.00   0.00   0.00   0.00   0.00
 [82,]   0.00   0.00   0.00   0.00   0.00   0.00   0.00   0.00   0.00   0.00
 [83,]   0.00   0.00   0.00   0.00   0.00   0.00   0.00   0.00   0.00   0.00
 [84,]   0.00   0.00   0.00   0.00   0.00   0.00   0.00   0.00   0.00   0.00
 [85,]   0.00   0.00   0.00   0.00   0.00   0.00   0.00   0.00   0.00   0.00
 [86,]   0.00   0.00   0.00   0.00   0.00   0.00   0.00   0.00   0.00   0.00
 [87,]   0.00   0.00   0.00   0.00   0.00   0.00   0.00   0.00   0.00   0.00
 [88,]   0.00   0.00   0.00   0.00   0.00   0.00   0.00   0.00   0.00   0.00
 [89,]   0.00   0.00   0.00   0.00   0.00   0.00   0.00   0.00   0.00   0.00
 [90,]   0.00   0.00   0.00   0.00   0.00   0.00   0.00   0.00   0.00   0.00
 [91,]   0.00   0.00   0.00   0.00   0.00   0.00   0.00   0.00   0.00   0.00
 [92,]   0.00   0.00   0.00   0.00   0.00   0.00   0.00   0.00   0.00   0.00
 [93,]   0.00   0.00   0.00   0.00   0.00   0.00   0.00   0.00   0.00   0.00
 [94,]   0.00   0.00   0.00   0.00   0.00   0.00   0.00   0.00   0.00   0.00
 [95,]   0.00   0.00   0.00   0.00   0.00   0.00   0.00   0.00   0.00   0.00
 [96,]   0.00   0.00   0.00   0.00   0.00   0.00   0.00   0.00   0.00   0.00
 [97,]   0.00   0.00   0.00   0.00   0.00   0.00   0.00   0.00   0.00   0.00
 [98,]   0.00   0.00   0.00   0.00   0.00   0.00   0.00   0.00   0.00   0.00
 [99,]   0.00   0.00   0.00   0.00   0.00   0.00   0.00   0.00   0.00   0.00
[100,]   0.00   0.00   0.00   0.00   0.00   0.00   0.00   0.00   0.00   0.00
[101,]   0.00   0.00   0.00   0.00   0.00   0.00   0.00   0.00   0.00   0.00
[102,]   0.00   0.00   0.00   0.00   0.00   0.00   0.00   0.00   0.00   0.00
[103,]   0.00   0.00   0.00   0.00   0.00   0.00   0.00   0.00   0.00   0.00
[104,]   0.00   0.00   0.00   0.00   0.00   0.00   0.00   0.00   0.00   0.00
[105,]   0.00   0.00   0.00   0.00   0.00   0.00   0.00   0.00   0.00   0.00
[106,]   0.00   0.00   0.00   0.00   0.00   0.00   0.00   0.00   0.00   0.00
[107,]   0.00   0.00   0.00   0.00   0.00   0.00   0.00   0.00   0.00   0.00
[108,]   0.00   0.00   0.00   0.00   0.00   0.00   0.00   0.00   0.00   0.00
[109,]   0.00   0.00   0.00   0.00   0.00   0.00   0.00   0.00   0.00   0.00
[110,]   0.00   0.00   0.00   0.00   0.00   0.00   0.00   0.00   0.00   0.00
[111,]   0.00   0.00   0.00   0.00   0.00   0.00   0.00   0.00   0.00   0.00
[112,]   0.00   0.00   0.00   0.00   0.00   0.00   0.00   0.00   0.00   0.00
[113,]   0.00   0.00   0.00   0.00   0.00   0.00   0.00   0.00   0.00   0.00
[114,]   0.00   0.00   0.00   0.00   0.00   0.00   0.00   0.00   0.00   0.00
[115,]   0.00   0.00   0.00   0.00   0.00   0.00   0.00   0.00   0.00   0.00
[116,]   0.00   0.00   0.00   0.00   0.00   0.00   0.00   0.00   0.00   0.00
[117,]   0.00   0.00   0.00   0.00   0.00   0.00   0.00   0.00   0.00   0.00
[118,]   0.00   0.00   0.00   0.00   0.00   0.00   0.00   0.00   0.00   0.00
[119,]   0.00   0.00   0.00   0.00   0.00   0.00   0.00   0.00   0.00   0.00
[120,]   0.00   0.00   0.00   0.00   0.00   0.00   0.00   0.00   0.00   0.00
[121,]   0.00   0.00   0.00   0.00   0.00   0.00   0.00   0.00   0.00   0.00
[122,]   0.00   0.00   0.00   0.00   0.00   0.00   0.00   0.00   0.00   0.00
[123,]   0.00   0.00   0.00   0.00   0.00   0.00   0.00   0.00   0.00   0.00
[124,]   0.00   0.00   0.00   0.00   0.00   0.00   0.00   0.00   0.00   0.00
[125,]   0.00   0.00   0.00   0.00   0.00   0.00   0.00   0.00   0.00   0.00
[126,]   0.00   0.00   0.00   0.00   0.00   0.00   0.00   0.00   0.00   0.00
[127,]   0.00   0.00   0.00   0.00   0.00   0.00   0.00   0.00   0.00   0.00
[128,]   0.00   0.00   0.00   0.00   0.00   0.00   0.00   0.00   0.00   0.00
[129,]   0.00   0.00   0.00   0.00   0.00   0.00   0.00   0.00   0.00   0.00
[130,]   0.00   0.00   0.00   0.00   0.00   0.00   0.00   0.00   0.00   0.00
[131,]   0.00   0.00   0.00   0.00   0.00   0.00   0.00   0.00   0.00   0.00
[132,]   0.00   0.00   0.00   0.00   0.00   0.00   0.00   0.00   0.00   0.00
[133,]   0.00   0.00   0.00   0.00   0.00   0.00   0.00   0.00   0.00   0.00
[134,]   0.00   0.00   0.00   0.00   0.00   0.00   0.00   0.00   0.00   0.00
[135,]   0.00   0.00   0.00   0.00   0.00   0.00   0.00   0.00   0.00   0.00
[136,]   0.00   0.00   0.00   0.00   0.00   0.00   0.00   0.00   0.00   0.00
[137,]   0.00   0.00   0.00   0.00   0.00   0.00   0.00   0.00   0.00   0.00
[138,]   0.00   0.00   0.00   0.00   0.00   0.00   0.00   0.00   0.00   0.00
[139,]   0.00   0.00   0.00   0.00   0.00   0.00   0.00   0.00   0.00   0.00
[140,]   0.00   0.00   0.00   0.00   0.00   0.00   0.00   0.00   0.00   0.00
[141,]   0.00   0.00   0.00   0.00   0.00   0.00   0.00   0.00   0.00   0.00
[142,]   0.00   0.00   0.00   0.00   0.00   0.00   0.00   0.00   0.00   0.00
[143,]   0.00   0.00   0.00   0.00   0.00   0.00   0.00   0.00   0.00   0.00
[144,]   0.00   0.00   0.00   0.00   0.00   0.00   0.00   0.00   0.00   0.00
[145,]   0.00   0.00   0.00   0.00   0.00   0.00   0.00   0.00   0.00   0.00
[146,]   0.00   0.00   0.00   0.00   0.00   0.00   0.00   0.00   0.00   0.00
[147,]   0.00   0.00   0.00   0.00   0.00   0.00   0.00   0.00   0.00   0.00
[148,]   0.00   0.00   0.00   0.00   0.00   0.00   0.00   0.00   0.00   0.00
[149,]   0.00   0.00   0.00   0.00   0.00   0.00   0.00   0.00   0.00   0.00
[150,]   0.00   0.00   0.00   0.00   0.00   0.00   0.00   0.00   0.00   0.00
[151,]   0.00   0.00   0.00   0.00   0.00   0.00   0.00   0.00   0.00   0.00
[152,]   0.00   0.00   0.00   0.00   0.00   0.00   0.00   0.00   0.00   0.00
[153,]   0.00   0.00   0.00   0.00   0.00   0.00   0.00   0.00   0.00   0.00
[154,]   0.00   0.00   0.00   0.00   0.00   0.00   0.00   0.00   0.00   0.00
[155,]   0.00   0.00   0.00   0.00   0.00   0.00   0.00   0.00   0.00   0.00
[156,]   0.00   0.00   0.00   0.00   0.00   0.00   0.00   0.00   0.00   0.00
[157,]   0.00   0.00   0.00   0.00   0.00   0.00   0.00   0.00   0.00   0.00
[158,]   0.00   0.00   0.00   0.00   0.00   0.00   0.00   0.00   0.00   0.00
[159,]   0.00   0.00   0.00   0.00   0.00   0.00   0.00   0.00   0.00   0.00
[160,]   0.00   0.00   0.00   0.00   0.00   0.00   0.00   0.00   0.00   0.00
[161,]   0.00   0.00   0.00   0.00   0.00   0.00   0.00   0.00   0.00   0.00
[162,]   0.00   0.00   0.00   0.00   0.00   0.00   0.00   0.00   0.00   0.00
[163,]   0.00   0.00   0.00   0.00   0.00   0.00   0.00   0.00   0.00   0.00
[164,]   0.00   0.00   0.00   0.00   0.00   0.00   0.00   0.00   0.00   0.00
[165,]   0.00   0.00   0.00   0.00   0.00   0.00   0.00   0.00   0.00   0.00
[166,]   0.00   0.00   0.00   0.00   0.00   0.00   0.00   0.00   0.00   0.00
[167,]   0.00   0.00   0.00   0.00   0.00   0.00   0.00   0.00   0.00   0.00
[168,]   0.00   0.00   0.00   0.00   0.00   0.00   0.00   0.00   0.00   0.00
[169,]   0.00   0.00   0.00   0.00   0.00   0.00   0.00   0.00   0.00   0.00
[170,]   0.00   0.00   0.00   0.00   0.00   0.00   0.00   0.00   0.00   0.00
[171,]   0.00   0.00   0.00   0.00   0.00   0.00   0.00   0.00   0.00   0.00
[172,]   0.00   0.00   0.00   0.00   0.00   0.00   0.00   0.00   0.00   0.00
[173,]   0.00   0.00   0.00   0.00   0.00   0.00   0.00   0.00   0.00   0.00
[174,]   0.00   0.00   0.00   0.00   0.00   0.00   0.00   0.00   0.00   0.00
[175,]   0.00   0.00   0.00   0.00   0.00   0.00   0.00   0.00   0.00   0.00
[176,]   0.00   0.00   0.00   0.00   0.00   0.00   0.00   0.00   0.00   0.00
[177,]   0.00   0.00   0.00   0.00   0.00   0.00   0.00   0.00   0.00   0.00
[178,]   0.00   0.00   0.00   0.00   0.00   0.00   0.00   0.00   0.00   0.00
[179,]   0.00   0.00   0.00   0.00   0.00   0.00   0.00   0.00   0.00   0.00
[180,]   0.00   0.00   0.00   0.00   0.00   0.00   0.00   0.00   0.00   0.00
[181,]   0.00   0.00   0.00   0.00   0.00   0.00   0.00   0.00   0.00   0.00
[182,]   0.00   0.00   0.00   0.00   0.00   0.00   0.00   0.00   0.00   0.00
[183,]   0.00   0.00   0.00   0.00   0.00   0.00   0.00   0.00   0.00   0.00
[184,]   0.00   0.00   0.00   0.00   0.00   0.00   0.00   0.00   0.00   0.00
[185,]   0.00   0.00   0.00   0.00   0.00   0.00   0.00   0.00   0.00   0.00
[186,]   0.00   0.00   0.00   0.00   0.00   0.00   0.00   0.00   0.00   0.00
[187,]   0.00   0.00   0.00   0.00   0.00   0.00   0.00   0.00   0.00   0.00
[188,]   0.00   0.00   0.00   0.00   0.00   0.00   0.00   0.00   0.00   0.00
[189,]   0.00   0.00   0.00   0.00   0.00   0.00   0.00   0.00   0.00   0.00
[190,]   0.00   0.00   0.00   0.00   0.00   0.00   0.00   0.00   0.00   0.00
[191,]   0.00   0.00   0.00   0.00   0.00   0.00   0.00   0.00   0.00   0.00
[192,]   0.00   0.00   0.00   0.00   0.00   0.00   0.00   0.00   0.00   0.00
[193,]   0.00   0.00   0.00   0.00   0.00   0.00   0.00   0.00   0.00   0.00
[194,]   0.00   0.00   0.00   0.00   0.00   0.00   0.00   0.00   0.00   0.00
[195,]   0.00   0.00   0.00   0.00   0.00   0.00   0.00   0.00   0.00   0.00
[196,]   0.00   0.00   0.00   0.00   0.00   0.00   0.00   0.00   0.00   0.00
[197,]   0.00   0.00   0.00   0.00   0.00   0.00   0.00   0.00   0.00   0.00
[198,]   0.00   0.00   0.00   0.00   0.00   0.00   0.00   0.00   0.00   0.00
[199,]   0.00   0.00   0.00   0.00   0.00   0.00   0.00   0.00   0.00   0.00
[200,]   0.00   0.00   0.00   0.00   0.00   0.00   0.00   0.00   0.00   0.00
[201,]   0.00   0.00   0.00   0.00   0.00   0.00   0.00   0.00   0.00   0.00
[202,]   0.00   0.00   0.00   0.00   0.00   0.00   0.00   0.00   0.00   0.00
[203,]   0.00   0.00   0.00   0.00   0.00   0.00   0.00   0.00   0.00   0.00
[204,]   0.00   0.00   0.00   0.00   0.00   0.00   0.00   0.00   0.00   0.00
[205,]   0.00   0.00   0.00   0.00   0.00   0.00   0.00   0.00   0.00   0.00
[206,]   0.00   0.00   0.00   0.00   0.00   0.00   0.00   0.00   0.00   0.00
[207,]   0.00   0.00   0.00   0.00   0.00   0.00   0.00   0.00   0.00   0.00
[208,]   0.00   0.00   0.00   0.00   0.00   0.00   0.00   0.00   0.00   0.00
[209,]   0.00   0.00   0.00   0.00   0.00   0.00   0.00   0.00   0.00   0.00
[210,]   0.00   0.00   0.00   0.00   0.00   0.00   0.00   0.00   0.00   0.00
[211,]   0.00   0.00   0.00   0.00   0.00   0.00   0.00   0.00   0.00   0.00
[212,]   0.00   0.00   0.00   0.00   0.00   0.00   0.00   0.00   0.00   0.00
[213,]   0.00   0.00   0.00   0.00   0.00   0.00   0.00   0.00   0.00   0.00
[214,]   0.00   0.00   0.00   0.00   0.00   0.00   0.00   0.00   0.00   0.00
[215,]   0.00   0.00   0.00   0.00   0.00   0.00   0.00   0.00   0.00   0.00
[216,]   0.00   0.00   0.00   0.00   0.00   0.00   0.00   0.00   0.00   0.00
[217,]   0.00   0.00   0.00   0.00   0.00   0.00   0.00   0.00   0.00   0.00
[218,]   0.00   0.00   0.00   0.00   0.00   0.00   0.00   0.00   0.00   0.00
[219,]   0.00   0.00   0.00   0.00   0.00   0.00   0.00   0.00   0.00   0.00
[220,]   0.00   0.00   0.00   0.00   0.00   0.00   0.00   0.00   0.00   0.00
[221,]   0.00   0.00   0.00   0.00   0.00   0.00   0.00   0.00   0.00   0.00
[222,]   0.00   0.00   0.00   0.00   0.00   0.00   0.00   0.00   0.00   0.00
[223,]   0.00   0.00   0.00   0.00   0.00   0.00   0.00   0.00   0.00   0.00
[224,]   0.00   0.00   0.00   0.00   0.00   0.00   0.00   0.00   0.00   0.00
[225,]   0.00   0.00   0.00   0.00   0.00   0.00   0.00   0.00   0.00   0.00
[226,]   0.00   0.00   0.00   0.00   0.00   0.00   0.00   0.00   0.00   0.00
[227,]   0.00   0.00   0.00   0.00   0.00   0.00   0.00   0.00   0.00   0.00
[228,]   0.00   0.00   0.00   0.00   0.00   0.00   0.00   0.00   0.00   0.00
       [,278] [,279] [,280] [,281] [,282] [,283] [,284] [,285] [,286] [,287]
  [1,]   0.00   0.00   0.00   0.00   0.00   0.00   0.00   0.00   0.00   0.00
  [2,]   0.00   0.00   0.00   0.00   0.00   0.00   0.00   0.00   0.00   0.00
  [3,]   0.00   0.00   0.00   0.00   0.00   0.00   0.00   0.00   0.00   0.00
  [4,]   0.00   0.00   0.00   0.00   0.00   0.00   0.00   0.00   0.00   0.00
  [5,]   0.00   0.00   0.00   0.00   0.00   0.00   0.00   0.00   0.00   0.00
  [6,]   0.00   0.00   0.00   0.00   0.00   0.00   0.00   0.00   0.00   0.00
  [7,]   0.00   0.00   0.00   0.00   0.00   0.00   0.00   0.00   0.00   0.00
  [8,]   0.00   0.00   0.00   0.00   0.00   0.00   0.00   0.00   0.00   0.00
  [9,]   0.00   0.00   0.00   0.00   0.00   0.00   0.00   0.00   0.00   0.00
 [10,]   0.00   0.00   0.00   0.00   0.00   0.00   0.00   0.00   0.00   0.00
 [11,]   0.00   0.00   0.00   0.00   0.00   0.00   0.00   0.00   0.00   0.00
 [12,]   0.00   0.00   0.00   0.00   0.00   0.00   0.00   0.00   0.00   0.00
 [13,]   0.00   0.00   0.00   0.00   0.00   0.00   0.00   0.00   0.00   0.00
 [14,]   0.00   0.00   0.00   0.00   0.00   0.00   0.00   0.00   0.00   0.00
 [15,]   0.00   0.00   0.00   0.00   0.00   0.00   0.00   0.00   0.00   0.00
 [16,]   0.00   0.00   0.00   0.00   0.00   0.00   0.00   0.00   0.00   0.00
 [17,]   0.00   0.00   0.00   0.00   0.00   0.00   0.00   0.00   0.00   0.00
 [18,]   0.00   0.00   0.00   0.00   0.00   0.00   0.00   0.00   0.00   0.00
 [19,]   0.00   0.00   0.00   0.00   0.00   0.00   0.00   0.00   0.00   0.00
 [20,]   0.00   0.00   0.00   0.00   0.00   0.00   0.00   0.00   0.00   0.00
 [21,]   0.00   0.00   0.00   0.00   0.00   0.00   0.00   0.00   0.00   0.00
 [22,]   0.00   0.00   0.00   0.00   0.00   0.00   0.00   0.00   0.00   0.00
 [23,]   0.00   0.00   0.00   0.00   0.00   0.00   0.00   0.00   0.00   0.00
 [24,]   0.00   0.00   0.00   0.00   0.00   0.00   0.00   0.00   0.00   0.00
 [25,]   0.00   0.00   0.00   0.00   0.00   0.00   0.00   0.00   0.00   0.00
 [26,]   0.00   0.00   0.00   0.00   0.00   0.00   0.00   0.00   0.00   0.00
 [27,]   0.00   0.00   0.00   0.00   0.00   0.00   0.00   0.00   0.00   0.00
 [28,]   0.00   0.00   0.00   0.00   0.00   0.00   0.00   0.00   0.00   0.00
 [29,]   0.00   0.00   0.00   0.00   0.00   0.00   0.00   0.00   0.00   0.00
 [30,]   0.00   0.00   0.00   0.00   0.00   0.00   0.00   0.00   0.00   0.00
 [31,]   0.00   0.00   0.00   0.00   0.00   0.00   0.00   0.00   0.00   0.00
 [32,]   0.00   0.00   0.00   0.00   0.00   0.00   0.00   0.00   0.00   0.00
 [33,]   0.00   0.00   0.00   0.00   0.00   0.00   0.00   0.00   0.00   0.00
 [34,]   0.00   0.00   0.00   0.00   0.00   0.00   0.00   0.00   0.00   0.00
 [35,]   0.00   0.00   0.00   0.00   0.00   0.00   0.00   0.00   0.00   0.00
 [36,]   0.00   0.00   0.00   0.00   0.00   0.00   0.00   0.00   0.00   0.00
 [37,]   0.00   0.00   0.00   0.00   0.00   0.00   0.00   0.00   0.00   0.00
 [38,]   0.00   0.00   0.00   0.00   0.00   0.00   0.00   0.00   0.00   0.00
 [39,]   0.00   0.00   0.00   0.00   0.00   0.00   0.00   0.00   0.00   0.00
 [40,]   0.00   0.00   0.00   0.00   0.00   0.00   0.00   0.00   0.00   0.00
 [41,]   0.00   0.00   0.00   0.00   0.00   0.00   0.00   0.00   0.00   0.00
 [42,]   0.00   0.00   0.00   0.00   0.00   0.00   0.00   0.00   0.00   0.00
 [43,]   0.00   0.00   0.00   0.00   0.00   0.00   0.00   0.00   0.00   0.00
 [44,]   0.00   0.00   0.00   0.00   0.00   0.00   0.00   0.00   0.00   0.00
 [45,]   0.00   0.00   0.00   0.00   0.00   0.00   0.00   0.00   0.00   0.00
 [46,]   0.00   0.00   0.00   0.00   0.00   0.00   0.00   0.00   0.00   0.00
 [47,]   0.00   0.00   0.00   0.00   0.00   0.00   0.00   0.00   0.00   0.00
 [48,]   0.00   0.00   0.00   0.00   0.00   0.00   0.00   0.00   0.00   0.00
 [49,]   0.00   0.00   0.00   0.00   0.00   0.00   0.00   0.00   0.00   0.00
 [50,]   0.00   0.00   0.00   0.00   0.00   0.00   0.00   0.00   0.00   0.00
 [51,]   0.00   0.00   0.00   0.00   0.00   0.00   0.00   0.00   0.00   0.00
 [52,]   0.00   0.00   0.00   0.00   0.00   0.00   0.00   0.00   0.00   0.00
 [53,]   0.00   0.00   0.00   0.00   0.00   0.00   0.00   0.00   0.00   0.00
 [54,]   0.00   0.00   0.00   0.00   0.00   0.00   0.00   0.00   0.00   0.00
 [55,]   0.00   0.00   0.00   0.00   0.00   0.00   0.00   0.00   0.00   0.00
 [56,]   0.00   0.00   0.00   0.00   0.00   0.00   0.00   0.00   0.00   0.00
 [57,]   0.00   0.00   0.00   0.00   0.00   0.00   0.00   0.00   0.00   0.00
 [58,]   0.00   0.00   0.00   0.00   0.00   0.00   0.00   0.00   0.00   0.00
 [59,]   0.00   0.00   0.00   0.00   0.00   0.00   0.00   0.00   0.00   0.00
 [60,]   0.00   0.00   0.00   0.00   0.00   0.00   0.00   0.00   0.00   0.00
 [61,]   0.00   0.00   0.00   0.00   0.00   0.00   0.00   0.00   0.00   0.00
 [62,]   0.00   0.00   0.00   0.00   0.00   0.00   0.00   0.00   0.00   0.00
 [63,]   0.00   0.00   0.00   0.00   0.00   0.00   0.00   0.00   0.00   0.00
 [64,]   0.00   0.00   0.00   0.00   0.00   0.00   0.00   0.00   0.00   0.00
 [65,]   0.00   0.00   0.00   0.00   0.00   0.00   0.00   0.00   0.00   0.00
 [66,]   0.00   0.00   0.00   0.00   0.00   0.00   0.00   0.00   0.00   0.00
 [67,]   0.00   0.00   0.00   0.00   0.00   0.00   0.00   0.00   0.00   0.00
 [68,]   0.00   0.00   0.00   0.00   0.00   0.00   0.00   0.00   0.00   0.00
 [69,]   0.00   0.00   0.00   0.00   0.00   0.00   0.00   0.00   0.00   0.00
 [70,]   0.00   0.00   0.00   0.00   0.00   0.00   0.00   0.00   0.00   0.00
 [71,]   0.00   0.00   0.00   0.00   0.00   0.00   0.00   0.00   0.00   0.00
 [72,]   0.00   0.00   0.00   0.00   0.00   0.00   0.00   0.00   0.00   0.00
 [73,]   0.00   0.00   0.00   0.00   0.00   0.00   0.00   0.00   0.00   0.00
 [74,]   0.00   0.00   0.00   0.00   0.00   0.00   0.00   0.00   0.00   0.00
 [75,]   0.00   0.00   0.00   0.00   0.00   0.00   0.00   0.00   0.00   0.00
 [76,]   0.00   0.00   0.00   0.00   0.00   0.00   0.00   0.00   0.00   0.00
 [77,]   0.00   0.00   0.00   0.00   0.00   0.00   0.00   0.00   0.00   0.00
 [78,]   0.00   0.00   0.00   0.00   0.00   0.00   0.00   0.00   0.00   0.00
 [79,]   0.00   0.00   0.00   0.00   0.00   0.00   0.00   0.00   0.00   0.00
 [80,]   0.00   0.00   0.00   0.00   0.00   0.00   0.00   0.00   0.00   0.00
 [81,]   0.00   0.00   0.00   0.00   0.00   0.00   0.00   0.00   0.00   0.00
 [82,]   0.00   0.00   0.00   0.00   0.00   0.00   0.00   0.00   0.00   0.00
 [83,]   0.00   0.00   0.00   0.00   0.00   0.00   0.00   0.00   0.00   0.00
 [84,]   0.00   0.00   0.00   0.00   0.00   0.00   0.00   0.00   0.00   0.00
 [85,]   0.00   0.00   0.00   0.00   0.00   0.00   0.00   0.00   0.00   0.00
 [86,]   0.00   0.00   0.00   0.00   0.00   0.00   0.00   0.00   0.00   0.00
 [87,]   0.00   0.00   0.00   0.00   0.00   0.00   0.00   0.00   0.00   0.00
 [88,]   0.00   0.00   0.00   0.00   0.00   0.00   0.00   0.00   0.00   0.00
 [89,]   0.00   0.00   0.00   0.00   0.00   0.00   0.00   0.00   0.00   0.00
 [90,]   0.00   0.00   0.00   0.00   0.00   0.00   0.00   0.00   0.00   0.00
 [91,]   0.00   0.00   0.00   0.00   0.00   0.00   0.00   0.00   0.00   0.00
 [92,]   0.00   0.00   0.00   0.00   0.00   0.00   0.00   0.00   0.00   0.00
 [93,]   0.00   0.00   0.00   0.00   0.00   0.00   0.00   0.00   0.00   0.00
 [94,]   0.00   0.00   0.00   0.00   0.00   0.00   0.00   0.00   0.00   0.00
 [95,]   0.00   0.00   0.00   0.00   0.00   0.00   0.00   0.00   0.00   0.00
 [96,]   0.00   0.00   0.00   0.00   0.00   0.00   0.00   0.00   0.00   0.00
 [97,]   0.00   0.00   0.00   0.00   0.00   0.00   0.00   0.00   0.00   0.00
 [98,]   0.00   0.00   0.00   0.00   0.00   0.00   0.00   0.00   0.00   0.00
 [99,]   0.00   0.00   0.00   0.00   0.00   0.00   0.00   0.00   0.00   0.00
[100,]   0.00   0.00   0.00   0.00   0.00   0.00   0.00   0.00   0.00   0.00
[101,]   0.00   0.00   0.00   0.00   0.00   0.00   0.00   0.00   0.00   0.00
[102,]   0.00   0.00   0.00   0.00   0.00   0.00   0.00   0.00   0.00   0.00
[103,]   0.00   0.00   0.00   0.00   0.00   0.00   0.00   0.00   0.00   0.00
[104,]   0.00   0.00   0.00   0.00   0.00   0.00   0.00   0.00   0.00   0.00
[105,]   0.00   0.00   0.00   0.00   0.00   0.00   0.00   0.00   0.00   0.00
[106,]   0.00   0.00   0.00   0.00   0.00   0.00   0.00   0.00   0.00   0.00
[107,]   0.00   0.00   0.00   0.00   0.00   0.00   0.00   0.00   0.00   0.00
[108,]   0.00   0.00   0.00   0.00   0.00   0.00   0.00   0.00   0.00   0.00
[109,]   0.00   0.00   0.00   0.00   0.00   0.00   0.00   0.00   0.00   0.00
[110,]   0.00   0.00   0.00   0.00   0.00   0.00   0.00   0.00   0.00   0.00
[111,]   0.00   0.00   0.00   0.00   0.00   0.00   0.00   0.00   0.00   0.00
[112,]   0.00   0.00   0.00   0.00   0.00   0.00   0.00   0.00   0.00   0.00
[113,]   0.00   0.00   0.00   0.00   0.00   0.00   0.00   0.00   0.00   0.00
[114,]   0.00   0.00   0.00   0.00   0.00   0.00   0.00   0.00   0.00   0.00
[115,]   0.00   0.00   0.00   0.00   0.00   0.00   0.00   0.00   0.00   0.00
[116,]   0.00   0.00   0.00   0.00   0.00   0.00   0.00   0.00   0.00   0.00
[117,]   0.00   0.00   0.00   0.00   0.00   0.00   0.00   0.00   0.00   0.00
[118,]   0.00   0.00   0.00   0.00   0.00   0.00   0.00   0.00   0.00   0.00
[119,]   0.00   0.00   0.00   0.00   0.00   0.00   0.00   0.00   0.00   0.00
[120,]   0.00   0.00   0.00   0.00   0.00   0.00   0.00   0.00   0.00   0.00
[121,]   0.00   0.00   0.00   0.00   0.00   0.00   0.00   0.00   0.00   0.00
[122,]   0.00   0.00   0.00   0.00   0.00   0.00   0.00   0.00   0.00   0.00
[123,]   0.00   0.00   0.00   0.00   0.00   0.00   0.00   0.00   0.00   0.00
[124,]   0.00   0.00   0.00   0.00   0.00   0.00   0.00   0.00   0.00   0.00
[125,]   0.00   0.00   0.00   0.00   0.00   0.00   0.00   0.00   0.00   0.00
[126,]   0.00   0.00   0.00   0.00   0.00   0.00   0.00   0.00   0.00   0.00
[127,]   0.00   0.00   0.00   0.00   0.00   0.00   0.00   0.00   0.00   0.00
[128,]   0.00   0.00   0.00   0.00   0.00   0.00   0.00   0.00   0.00   0.00
[129,]   0.00   0.00   0.00   0.00   0.00   0.00   0.00   0.00   0.00   0.00
[130,]   0.00   0.00   0.00   0.00   0.00   0.00   0.00   0.00   0.00   0.00
[131,]   0.00   0.00   0.00   0.00   0.00   0.00   0.00   0.00   0.00   0.00
[132,]   0.00   0.00   0.00   0.00   0.00   0.00   0.00   0.00   0.00   0.00
[133,]   0.00   0.00   0.00   0.00   0.00   0.00   0.00   0.00   0.00   0.00
[134,]   0.00   0.00   0.00   0.00   0.00   0.00   0.00   0.00   0.00   0.00
[135,]   0.00   0.00   0.00   0.00   0.00   0.00   0.00   0.00   0.00   0.00
[136,]   0.00   0.00   0.00   0.00   0.00   0.00   0.00   0.00   0.00   0.00
[137,]   0.00   0.00   0.00   0.00   0.00   0.00   0.00   0.00   0.00   0.00
[138,]   0.00   0.00   0.00   0.00   0.00   0.00   0.00   0.00   0.00   0.00
[139,]   0.00   0.00   0.00   0.00   0.00   0.00   0.00   0.00   0.00   0.00
[140,]   0.00   0.00   0.00   0.00   0.00   0.00   0.00   0.00   0.00   0.00
[141,]   0.00   0.00   0.00   0.00   0.00   0.00   0.00   0.00   0.00   0.00
[142,]   0.00   0.00   0.00   0.00   0.00   0.00   0.00   0.00   0.00   0.00
[143,]   0.00   0.00   0.00   0.00   0.00   0.00   0.00   0.00   0.00   0.00
[144,]   0.00   0.00   0.00   0.00   0.00   0.00   0.00   0.00   0.00   0.00
[145,]   0.00   0.00   0.00   0.00   0.00   0.00   0.00   0.00   0.00   0.00
[146,]   0.00   0.00   0.00   0.00   0.00   0.00   0.00   0.00   0.00   0.00
[147,]   0.00   0.00   0.00   0.00   0.00   0.00   0.00   0.00   0.00   0.00
[148,]   0.00   0.00   0.00   0.00   0.00   0.00   0.00   0.00   0.00   0.00
[149,]   0.00   0.00   0.00   0.00   0.00   0.00   0.00   0.00   0.00   0.00
[150,]   0.00   0.00   0.00   0.00   0.00   0.00   0.00   0.00   0.00   0.00
[151,]   0.00   0.00   0.00   0.00   0.00   0.00   0.00   0.00   0.00   0.00
[152,]   0.00   0.00   0.00   0.00   0.00   0.00   0.00   0.00   0.00   0.00
[153,]   0.00   0.00   0.00   0.00   0.00   0.00   0.00   0.00   0.00   0.00
[154,]   0.00   0.00   0.00   0.00   0.00   0.00   0.00   0.00   0.00   0.00
[155,]   0.00   0.00   0.00   0.00   0.00   0.00   0.00   0.00   0.00   0.00
[156,]   0.00   0.00   0.00   0.00   0.00   0.00   0.00   0.00   0.00   0.00
[157,]   0.00   0.00   0.00   0.00   0.00   0.00   0.00   0.00   0.00   0.00
[158,]   0.00   0.00   0.00   0.00   0.00   0.00   0.00   0.00   0.00   0.00
[159,]   0.00   0.00   0.00   0.00   0.00   0.00   0.00   0.00   0.00   0.00
[160,]   0.00   0.00   0.00   0.00   0.00   0.00   0.00   0.00   0.00   0.00
[161,]   0.00   0.00   0.00   0.00   0.00   0.00   0.00   0.00   0.00   0.00
[162,]   0.00   0.00   0.00   0.00   0.00   0.00   0.00   0.00   0.00   0.00
[163,]   0.00   0.00   0.00   0.00   0.00   0.00   0.00   0.00   0.00   0.00
[164,]   0.00   0.00   0.00   0.00   0.00   0.00   0.00   0.00   0.00   0.00
[165,]   0.00   0.00   0.00   0.00   0.00   0.00   0.00   0.00   0.00   0.00
[166,]   0.00   0.00   0.00   0.00   0.00   0.00   0.00   0.00   0.00   0.00
[167,]   0.00   0.00   0.00   0.00   0.00   0.00   0.00   0.00   0.00   0.00
[168,]   0.00   0.00   0.00   0.00   0.00   0.00   0.00   0.00   0.00   0.00
[169,]   0.00   0.00   0.00   0.00   0.00   0.00   0.00   0.00   0.00   0.00
[170,]   0.00   0.00   0.00   0.00   0.00   0.00   0.00   0.00   0.00   0.00
[171,]   0.00   0.00   0.00   0.00   0.00   0.00   0.00   0.00   0.00   0.00
[172,]   0.00   0.00   0.00   0.00   0.00   0.00   0.00   0.00   0.00   0.00
[173,]   0.00   0.00   0.00   0.00   0.00   0.00   0.00   0.00   0.00   0.00
[174,]   0.00   0.00   0.00   0.00   0.00   0.00   0.00   0.00   0.00   0.00
[175,]   0.00   0.00   0.00   0.00   0.00   0.00   0.00   0.00   0.00   0.00
[176,]   0.00   0.00   0.00   0.00   0.00   0.00   0.00   0.00   0.00   0.00
[177,]   0.00   0.00   0.00   0.00   0.00   0.00   0.00   0.00   0.00   0.00
[178,]   0.00   0.00   0.00   0.00   0.00   0.00   0.00   0.00   0.00   0.00
[179,]   0.00   0.00   0.00   0.00   0.00   0.00   0.00   0.00   0.00   0.00
[180,]   0.00   0.00   0.00   0.00   0.00   0.00   0.00   0.00   0.00   0.00
[181,]   0.00   0.00   0.00   0.00   0.00   0.00   0.00   0.00   0.00   0.00
[182,]   0.00   0.00   0.00   0.00   0.00   0.00   0.00   0.00   0.00   0.00
[183,]   0.00   0.00   0.00   0.00   0.00   0.00   0.00   0.00   0.00   0.00
[184,]   0.00   0.00   0.00   0.00   0.00   0.00   0.00   0.00   0.00   0.00
[185,]   0.00   0.00   0.00   0.00   0.00   0.00   0.00   0.00   0.00   0.00
[186,]   0.00   0.00   0.00   0.00   0.00   0.00   0.00   0.00   0.00   0.00
[187,]   0.00   0.00   0.00   0.00   0.00   0.00   0.00   0.00   0.00   0.00
[188,]   0.00   0.00   0.00   0.00   0.00   0.00   0.00   0.00   0.00   0.00
[189,]   0.00   0.00   0.00   0.00   0.00   0.00   0.00   0.00   0.00   0.00
[190,]   0.00   0.00   0.00   0.00   0.00   0.00   0.00   0.00   0.00   0.00
[191,]   0.00   0.00   0.00   0.00   0.00   0.00   0.00   0.00   0.00   0.00
[192,]   0.00   0.00   0.00   0.00   0.00   0.00   0.00   0.00   0.00   0.00
[193,]   0.00   0.00   0.00   0.00   0.00   0.00   0.00   0.00   0.00   0.00
[194,]   0.00   0.00   0.00   0.00   0.00   0.00   0.00   0.00   0.00   0.00
[195,]   0.00   0.00   0.00   0.00   0.00   0.00   0.00   0.00   0.00   0.00
[196,]   0.00   0.00   0.00   0.00   0.00   0.00   0.00   0.00   0.00   0.00
[197,]   0.00   0.00   0.00   0.00   0.00   0.00   0.00   0.00   0.00   0.00
[198,]   0.00   0.00   0.00   0.00   0.00   0.00   0.00   0.00   0.00   0.00
[199,]   0.00   0.00   0.00   0.00   0.00   0.00   0.00   0.00   0.00   0.00
[200,]   0.00   0.00   0.00   0.00   0.00   0.00   0.00   0.00   0.00   0.00
[201,]   0.00   0.00   0.00   0.00   0.00   0.00   0.00   0.00   0.00   0.00
[202,]   0.00   0.00   0.00   0.00   0.00   0.00   0.00   0.00   0.00   0.00
[203,]   0.00   0.00   0.00   0.00   0.00   0.00   0.00   0.00   0.00   0.00
[204,]   0.00   0.00   0.00   0.00   0.00   0.00   0.00   0.00   0.00   0.00
[205,]   0.00   0.00   0.00   0.00   0.00   0.00   0.00   0.00   0.00   0.00
[206,]   0.00   0.00   0.00   0.00   0.00   0.00   0.00   0.00   0.00   0.00
[207,]   0.00   0.00   0.00   0.00   0.00   0.00   0.00   0.00   0.00   0.00
[208,]   0.00   0.00   0.00   0.00   0.00   0.00   0.00   0.00   0.00   0.00
[209,]   0.00   0.00   0.00   0.00   0.00   0.00   0.00   0.00   0.00   0.00
[210,]   0.00   0.00   0.00   0.00   0.00   0.00   0.00   0.00   0.00   0.00
[211,]   0.00   0.00   0.00   0.00   0.00   0.00   0.00   0.00   0.00   0.00
[212,]   0.00   0.00   0.00   0.00   0.00   0.00   0.00   0.00   0.00   0.00
[213,]   0.00   0.00   0.00   0.00   0.00   0.00   0.00   0.00   0.00   0.00
[214,]   0.00   0.00   0.00   0.00   0.00   0.00   0.00   0.00   0.00   0.00
[215,]   0.00   0.00   0.00   0.00   0.00   0.00   0.00   0.00   0.00   0.00
[216,]   0.00   0.00   0.00   0.00   0.00   0.00   0.00   0.00   0.00   0.00
[217,]   0.00   0.00   0.00   0.00   0.00   0.00   0.00   0.00   0.00   0.00
[218,]   0.00   0.00   0.00   0.00   0.00   0.00   0.00   0.00   0.00   0.00
[219,]   0.00   0.00   0.00   0.00   0.00   0.00   0.00   0.00   0.00   0.00
[220,]   0.00   0.00   0.00   0.00   0.00   0.00   0.00   0.00   0.00   0.00
[221,]   0.00   0.00   0.00   0.00   0.00   0.00   0.00   0.00   0.00   0.00
[222,]   0.00   0.00   0.00   0.00   0.00   0.00   0.00   0.00   0.00   0.00
[223,]   0.00   0.00   0.00   0.00   0.00   0.00   0.00   0.00   0.00   0.00
[224,]   0.00   0.00   0.00   0.00   0.00   0.00   0.00   0.00   0.00   0.00
[225,]   0.00   0.00   0.00   0.00   0.00   0.00   0.00   0.00   0.00   0.00
[226,]   0.00   0.00   0.00   0.00   0.00   0.00   0.00   0.00   0.00   0.00
[227,]   0.00   0.00   0.00   0.00   0.00   0.00   0.00   0.00   0.00   0.00
[228,]   0.00   0.00   0.00   0.00   0.00   0.00   0.00   0.00   0.00   0.00
       [,288] [,289] [,290] [,291] [,292] [,293] [,294] [,295] [,296] [,297]
  [1,]   0.00   0.00   0.00   0.00   0.00   0.00   0.00   0.00   0.00   0.00
  [2,]   0.00   0.00   0.00   0.00   0.00   0.00   0.00   0.00   0.00   0.00
  [3,]   0.00   0.00   0.00   0.00   0.00   0.00   0.00   0.00   0.00   0.00
  [4,]   0.00   0.00   0.00   0.00   0.00   0.00   0.00   0.00   0.00   0.00
  [5,]   0.00   0.00   0.00   0.00   0.00   0.00   0.00   0.00   0.00   0.00
  [6,]   0.00   0.00   0.00   0.00   0.00   0.00   0.00   0.00   0.00   0.00
  [7,]   0.00   0.00   0.00   0.00   0.00   0.00   0.00   0.00   0.00   0.00
  [8,]   0.00   0.00   0.00   0.00   0.00   0.00   0.00   0.00   0.00   0.00
  [9,]   0.00   0.00   0.00   0.00   0.00   0.00   0.00   0.00   0.00   0.00
 [10,]   0.00   0.00   0.00   0.00   0.00   0.00   0.00   0.00   0.00   0.00
 [11,]   0.00   0.00   0.00   0.00   0.00   0.00   0.00   0.00   0.00   0.00
 [12,]   0.00   0.00   0.00   0.00   0.00   0.00   0.00   0.00   0.00   0.00
 [13,]   0.00   0.00   0.00   0.00   0.00   0.00   0.00   0.00   0.00   0.00
 [14,]   0.00   0.00   0.00   0.00   0.00   0.00   0.00   0.00   0.00   0.00
 [15,]   0.00   0.00   0.00   0.00   0.00   0.00   0.00   0.00   0.00   0.00
 [16,]   0.00   0.00   0.00   0.00   0.00   0.00   0.00   0.00   0.00   0.00
 [17,]   0.00   0.00   0.00   0.00   0.00   0.00   0.00   0.00   0.00   0.00
 [18,]   0.00   0.00   0.00   0.00   0.00   0.00   0.00   0.00   0.00   0.00
 [19,]   0.00   0.00   0.00   0.00   0.00   0.00   0.00   0.00   0.00   0.00
 [20,]   0.00   0.00   0.00   0.00   0.00   0.00   0.00   0.00   0.00   0.00
 [21,]   0.00   0.00   0.00   0.00   0.00   0.00   0.00   0.00   0.00   0.00
 [22,]   0.00   0.00   0.00   0.00   0.00   0.00   0.00   0.00   0.00   0.00
 [23,]   0.00   0.00   0.00   0.00   0.00   0.00   0.00   0.00   0.00   0.00
 [24,]   0.00   0.00   0.00   0.00   0.00   0.00   0.00   0.00   0.00   0.00
 [25,]   0.00   0.00   0.00   0.00   0.00   0.00   0.00   0.00   0.00   0.00
 [26,]   0.00   0.00   0.00   0.00   0.00   0.00   0.00   0.00   0.00   0.00
 [27,]   0.00   0.00   0.00   0.00   0.00   0.00   0.00   0.00   0.00   0.00
 [28,]   0.00   0.00   0.00   0.00   0.00   0.00   0.00   0.00   0.00   0.00
 [29,]   0.00   0.00   0.00   0.00   0.00   0.00   0.00   0.00   0.00   0.00
 [30,]   0.00   0.00   0.00   0.00   0.00   0.00   0.00   0.00   0.00   0.00
 [31,]   0.00   0.00   0.00   0.00   0.00   0.00   0.00   0.00   0.00   0.00
 [32,]   0.00   0.00   0.00   0.00   0.00   0.00   0.00   0.00   0.00   0.00
 [33,]   0.00   0.00   0.00   0.00   0.00   0.00   0.00   0.00   0.00   0.00
 [34,]   0.00   0.00   0.00   0.00   0.00   0.00   0.00   0.00   0.00   0.00
 [35,]   0.00   0.00   0.00   0.00   0.00   0.00   0.00   0.00   0.00   0.00
 [36,]   0.00   0.00   0.00   0.00   0.00   0.00   0.00   0.00   0.00   0.00
 [37,]   0.00   0.00   0.00   0.00   0.00   0.00   0.00   0.00   0.00   0.00
 [38,]   0.00   0.00   0.00   0.00   0.00   0.00   0.00   0.00   0.00   0.00
 [39,]   0.00   0.00   0.00   0.00   0.00   0.00   0.00   0.00   0.00   0.00
 [40,]   0.00   0.00   0.00   0.00   0.00   0.00   0.00   0.00   0.00   0.00
 [41,]   0.00   0.00   0.00   0.00   0.00   0.00   0.00   0.00   0.00   0.00
 [42,]   0.00   0.00   0.00   0.00   0.00   0.00   0.00   0.00   0.00   0.00
 [43,]   0.00   0.00   0.00   0.00   0.00   0.00   0.00   0.00   0.00   0.00
 [44,]   0.00   0.00   0.00   0.00   0.00   0.00   0.00   0.00   0.00   0.00
 [45,]   0.00   0.00   0.00   0.00   0.00   0.00   0.00   0.00   0.00   0.00
 [46,]   0.00   0.00   0.00   0.00   0.00   0.00   0.00   0.00   0.00   0.00
 [47,]   0.00   0.00   0.00   0.00   0.00   0.00   0.00   0.00   0.00   0.00
 [48,]   0.00   0.00   0.00   0.00   0.00   0.00   0.00   0.00   0.00   0.00
 [49,]   0.00   0.00   0.00   0.00   0.00   0.00   0.00   0.00   0.00   0.00
 [50,]   0.00   0.00   0.00   0.00   0.00   0.00   0.00   0.00   0.00   0.00
 [51,]   0.00   0.00   0.00   0.00   0.00   0.00   0.00   0.00   0.00   0.00
 [52,]   0.00   0.00   0.00   0.00   0.00   0.00   0.00   0.00   0.00   0.00
 [53,]   0.00   0.00   0.00   0.00   0.00   0.00   0.00   0.00   0.00   0.00
 [54,]   0.00   0.00   0.00   0.00   0.00   0.00   0.00   0.00   0.00   0.00
 [55,]   0.00   0.00   0.00   0.00   0.00   0.00   0.00   0.00   0.00   0.00
 [56,]   0.00   0.00   0.00   0.00   0.00   0.00   0.00   0.00   0.00   0.00
 [57,]   0.00   0.00   0.00   0.00   0.00   0.00   0.00   0.00   0.00   0.00
 [58,]   0.00   0.00   0.00   0.00   0.00   0.00   0.00   0.00   0.00   0.00
 [59,]   0.00   0.00   0.00   0.00   0.00   0.00   0.00   0.00   0.00   0.00
 [60,]   0.00   0.00   0.00   0.00   0.00   0.00   0.00   0.00   0.00   0.00
 [61,]   0.00   0.00   0.00   0.00   0.00   0.00   0.00   0.00   0.00   0.00
 [62,]   0.00   0.00   0.00   0.00   0.00   0.00   0.00   0.00   0.00   0.00
 [63,]   0.00   0.00   0.00   0.00   0.00   0.00   0.00   0.00   0.00   0.00
 [64,]   0.00   0.00   0.00   0.00   0.00   0.00   0.00   0.00   0.00   0.00
 [65,]   0.00   0.00   0.00   0.00   0.00   0.00   0.00   0.00   0.00   0.00
 [66,]   0.00   0.00   0.00   0.00   0.00   0.00   0.00   0.00   0.00   0.00
 [67,]   0.00   0.00   0.00   0.00   0.00   0.00   0.00   0.00   0.00   0.00
 [68,]   0.00   0.00   0.00   0.00   0.00   0.00   0.00   0.00   0.00   0.00
 [69,]   0.00   0.00   0.00   0.00   0.00   0.00   0.00   0.00   0.00   0.00
 [70,]   0.00   0.00   0.00   0.00   0.00   0.00   0.00   0.00   0.00   0.00
 [71,]   0.00   0.00   0.00   0.00   0.00   0.00   0.00   0.00   0.00   0.00
 [72,]   0.00   0.00   0.00   0.00   0.00   0.00   0.00   0.00   0.00   0.00
 [73,]   0.00   0.00   0.00   0.00   0.00   0.00   0.00   0.00   0.00   0.00
 [74,]   0.00   0.00   0.00   0.00   0.00   0.00   0.00   0.00   0.00   0.00
 [75,]   0.00   0.00   0.00   0.00   0.00   0.00   0.00   0.00   0.00   0.00
 [76,]   0.00   0.00   0.00   0.00   0.00   0.00   0.00   0.00   0.00   0.00
 [77,]   0.00   0.00   0.00   0.00   0.00   0.00   0.00   0.00   0.00   0.00
 [78,]   0.00   0.00   0.00   0.00   0.00   0.00   0.00   0.00   0.00   0.00
 [79,]   0.00   0.00   0.00   0.00   0.00   0.00   0.00   0.00   0.00   0.00
 [80,]   0.00   0.00   0.00   0.00   0.00   0.00   0.00   0.00   0.00   0.00
 [81,]   0.00   0.00   0.00   0.00   0.00   0.00   0.00   0.00   0.00   0.00
 [82,]   0.00   0.00   0.00   0.00   0.00   0.00   0.00   0.00   0.00   0.00
 [83,]   0.00   0.00   0.00   0.00   0.00   0.00   0.00   0.00   0.00   0.00
 [84,]   0.00   0.00   0.00   0.00   0.00   0.00   0.00   0.00   0.00   0.00
 [85,]   0.00   0.00   0.00   0.00   0.00   0.00   0.00   0.00   0.00   0.00
 [86,]   0.00   0.00   0.00   0.00   0.00   0.00   0.00   0.00   0.00   0.00
 [87,]   0.00   0.00   0.00   0.00   0.00   0.00   0.00   0.00   0.00   0.00
 [88,]   0.00   0.00   0.00   0.00   0.00   0.00   0.00   0.00   0.00   0.00
 [89,]   0.00   0.00   0.00   0.00   0.00   0.00   0.00   0.00   0.00   0.00
 [90,]   0.00   0.00   0.00   0.00   0.00   0.00   0.00   0.00   0.00   0.00
 [91,]   0.00   0.00   0.00   0.00   0.00   0.00   0.00   0.00   0.00   0.00
 [92,]   0.00   0.00   0.00   0.00   0.00   0.00   0.00   0.00   0.00   0.00
 [93,]   0.00   0.00   0.00   0.00   0.00   0.00   0.00   0.00   0.00   0.00
 [94,]   0.00   0.00   0.00   0.00   0.00   0.00   0.00   0.00   0.00   0.00
 [95,]   0.00   0.00   0.00   0.00   0.00   0.00   0.00   0.00   0.00   0.00
 [96,]   0.00   0.00   0.00   0.00   0.00   0.00   0.00   0.00   0.00   0.00
 [97,]   0.00   0.00   0.00   0.00   0.00   0.00   0.00   0.00   0.00   0.00
 [98,]   0.00   0.00   0.00   0.00   0.00   0.00   0.00   0.00   0.00   0.00
 [99,]   0.00   0.00   0.00   0.00   0.00   0.00   0.00   0.00   0.00   0.00
[100,]   0.00   0.00   0.00   0.00   0.00   0.00   0.00   0.00   0.00   0.00
[101,]   0.00   0.00   0.00   0.00   0.00   0.00   0.00   0.00   0.00   0.00
[102,]   0.00   0.00   0.00   0.00   0.00   0.00   0.00   0.00   0.00   0.00
[103,]   0.00   0.00   0.00   0.00   0.00   0.00   0.00   0.00   0.00   0.00
[104,]   0.00   0.00   0.00   0.00   0.00   0.00   0.00   0.00   0.00   0.00
[105,]   0.00   0.00   0.00   0.00   0.00   0.00   0.00   0.00   0.00   0.00
[106,]   0.00   0.00   0.00   0.00   0.00   0.00   0.00   0.00   0.00   0.00
[107,]   0.00   0.00   0.00   0.00   0.00   0.00   0.00   0.00   0.00   0.00
[108,]   0.00   0.00   0.00   0.00   0.00   0.00   0.00   0.00   0.00   0.00
[109,]   0.00   0.00   0.00   0.00   0.00   0.00   0.00   0.00   0.00   0.00
[110,]   0.00   0.00   0.00   0.00   0.00   0.00   0.00   0.00   0.00   0.00
[111,]   0.00   0.00   0.00   0.00   0.00   0.00   0.00   0.00   0.00   0.00
[112,]   0.00   0.00   0.00   0.00   0.00   0.00   0.00   0.00   0.00   0.00
[113,]   0.00   0.00   0.00   0.00   0.00   0.00   0.00   0.00   0.00   0.00
[114,]   0.00   0.00   0.00   0.00   0.00   0.00   0.00   0.00   0.00   0.00
[115,]   0.00   0.00   0.00   0.00   0.00   0.00   0.00   0.00   0.00   0.00
[116,]   0.00   0.00   0.00   0.00   0.00   0.00   0.00   0.00   0.00   0.00
[117,]   0.00   0.00   0.00   0.00   0.00   0.00   0.00   0.00   0.00   0.00
[118,]   0.00   0.00   0.00   0.00   0.00   0.00   0.00   0.00   0.00   0.00
[119,]   0.00   0.00   0.00   0.00   0.00   0.00   0.00   0.00   0.00   0.00
[120,]   0.00   0.00   0.00   0.00   0.00   0.00   0.00   0.00   0.00   0.00
[121,]   0.00   0.00   0.00   0.00   0.00   0.00   0.00   0.00   0.00   0.00
[122,]   0.00   0.00   0.00   0.00   0.00   0.00   0.00   0.00   0.00   0.00
[123,]   0.00   0.00   0.00   0.00   0.00   0.00   0.00   0.00   0.00   0.00
[124,]   0.00   0.00   0.00   0.00   0.00   0.00   0.00   0.00   0.00   0.00
[125,]   0.00   0.00   0.00   0.00   0.00   0.00   0.00   0.00   0.00   0.00
[126,]   0.00   0.00   0.00   0.00   0.00   0.00   0.00   0.00   0.00   0.00
[127,]   0.00   0.00   0.00   0.00   0.00   0.00   0.00   0.00   0.00   0.00
[128,]   0.00   0.00   0.00   0.00   0.00   0.00   0.00   0.00   0.00   0.00
[129,]   0.00   0.00   0.00   0.00   0.00   0.00   0.00   0.00   0.00   0.00
[130,]   0.00   0.00   0.00   0.00   0.00   0.00   0.00   0.00   0.00   0.00
[131,]   0.00   0.00   0.00   0.00   0.00   0.00   0.00   0.00   0.00   0.00
[132,]   0.00   0.00   0.00   0.00   0.00   0.00   0.00   0.00   0.00   0.00
[133,]   0.00   0.00   0.00   0.00   0.00   0.00   0.00   0.00   0.00   0.00
[134,]   0.00   0.00   0.00   0.00   0.00   0.00   0.00   0.00   0.00   0.00
[135,]   0.00   0.00   0.00   0.00   0.00   0.00   0.00   0.00   0.00   0.00
[136,]   0.00   0.00   0.00   0.00   0.00   0.00   0.00   0.00   0.00   0.00
[137,]   0.00   0.00   0.00   0.00   0.00   0.00   0.00   0.00   0.00   0.00
[138,]   0.00   0.00   0.00   0.00   0.00   0.00   0.00   0.00   0.00   0.00
[139,]   0.00   0.00   0.00   0.00   0.00   0.00   0.00   0.00   0.00   0.00
[140,]   0.00   0.00   0.00   0.00   0.00   0.00   0.00   0.00   0.00   0.00
[141,]   0.00   0.00   0.00   0.00   0.00   0.00   0.00   0.00   0.00   0.00
[142,]   0.00   0.00   0.00   0.00   0.00   0.00   0.00   0.00   0.00   0.00
[143,]   0.00   0.00   0.00   0.00   0.00   0.00   0.00   0.00   0.00   0.00
[144,]   0.00   0.00   0.00   0.00   0.00   0.00   0.00   0.00   0.00   0.00
[145,]   0.00   0.00   0.00   0.00   0.00   0.00   0.00   0.00   0.00   0.00
[146,]   0.00   0.00   0.00   0.00   0.00   0.00   0.00   0.00   0.00   0.00
[147,]   0.00   0.00   0.00   0.00   0.00   0.00   0.00   0.00   0.00   0.00
[148,]   0.00   0.00   0.00   0.00   0.00   0.00   0.00   0.00   0.00   0.00
[149,]   0.00   0.00   0.00   0.00   0.00   0.00   0.00   0.00   0.00   0.00
[150,]   0.00   0.00   0.00   0.00   0.00   0.00   0.00   0.00   0.00   0.00
[151,]   0.00   0.00   0.00   0.00   0.00   0.00   0.00   0.00   0.00   0.00
[152,]   0.00   0.00   0.00   0.00   0.00   0.00   0.00   0.00   0.00   0.00
[153,]   0.00   0.00   0.00   0.00   0.00   0.00   0.00   0.00   0.00   0.00
[154,]   0.00   0.00   0.00   0.00   0.00   0.00   0.00   0.00   0.00   0.00
[155,]   0.00   0.00   0.00   0.00   0.00   0.00   0.00   0.00   0.00   0.00
[156,]   0.00   0.00   0.00   0.00   0.00   0.00   0.00   0.00   0.00   0.00
[157,]   0.00   0.00   0.00   0.00   0.00   0.00   0.00   0.00   0.00   0.00
[158,]   0.00   0.00   0.00   0.00   0.00   0.00   0.00   0.00   0.00   0.00
[159,]   0.00   0.00   0.00   0.00   0.00   0.00   0.00   0.00   0.00   0.00
[160,]   0.00   0.00   0.00   0.00   0.00   0.00   0.00   0.00   0.00   0.00
[161,]   0.00   0.00   0.00   0.00   0.00   0.00   0.00   0.00   0.00   0.00
[162,]   0.00   0.00   0.00   0.00   0.00   0.00   0.00   0.00   0.00   0.00
[163,]   0.00   0.00   0.00   0.00   0.00   0.00   0.00   0.00   0.00   0.00
[164,]   0.00   0.00   0.00   0.00   0.00   0.00   0.00   0.00   0.00   0.00
[165,]   0.00   0.00   0.00   0.00   0.00   0.00   0.00   0.00   0.00   0.00
[166,]   0.00   0.00   0.00   0.00   0.00   0.00   0.00   0.00   0.00   0.00
[167,]   0.00   0.00   0.00   0.00   0.00   0.00   0.00   0.00   0.00   0.00
[168,]   0.00   0.00   0.00   0.00   0.00   0.00   0.00   0.00   0.00   0.00
[169,]   0.00   0.00   0.00   0.00   0.00   0.00   0.00   0.00   0.00   0.00
[170,]   0.00   0.00   0.00   0.00   0.00   0.00   0.00   0.00   0.00   0.00
[171,]   0.00   0.00   0.00   0.00   0.00   0.00   0.00   0.00   0.00   0.00
[172,]   0.00   0.00   0.00   0.00   0.00   0.00   0.00   0.00   0.00   0.00
[173,]   0.00   0.00   0.00   0.00   0.00   0.00   0.00   0.00   0.00   0.00
[174,]   0.00   0.00   0.00   0.00   0.00   0.00   0.00   0.00   0.00   0.00
[175,]   0.00   0.00   0.00   0.00   0.00   0.00   0.00   0.00   0.00   0.00
[176,]   0.00   0.00   0.00   0.00   0.00   0.00   0.00   0.00   0.00   0.00
[177,]   0.00   0.00   0.00   0.00   0.00   0.00   0.00   0.00   0.00   0.00
[178,]   0.00   0.00   0.00   0.00   0.00   0.00   0.00   0.00   0.00   0.00
[179,]   0.00   0.00   0.00   0.00   0.00   0.00   0.00   0.00   0.00   0.00
[180,]   0.00   0.00   0.00   0.00   0.00   0.00   0.00   0.00   0.00   0.00
[181,]   0.00   0.00   0.00   0.00   0.00   0.00   0.00   0.00   0.00   0.00
[182,]   0.00   0.00   0.00   0.00   0.00   0.00   0.00   0.00   0.00   0.00
[183,]   0.00   0.00   0.00   0.00   0.00   0.00   0.00   0.00   0.00   0.00
[184,]   0.00   0.00   0.00   0.00   0.00   0.00   0.00   0.00   0.00   0.00
[185,]   0.00   0.00   0.00   0.00   0.00   0.00   0.00   0.00   0.00   0.00
[186,]   0.00   0.00   0.00   0.00   0.00   0.00   0.00   0.00   0.00   0.00
[187,]   0.00   0.00   0.00   0.00   0.00   0.00   0.00   0.00   0.00   0.00
[188,]   0.00   0.00   0.00   0.00   0.00   0.00   0.00   0.00   0.00   0.00
[189,]   0.00   0.00   0.00   0.00   0.00   0.00   0.00   0.00   0.00   0.00
[190,]   0.00   0.00   0.00   0.00   0.00   0.00   0.00   0.00   0.00   0.00
[191,]   0.00   0.00   0.00   0.00   0.00   0.00   0.00   0.00   0.00   0.00
[192,]   0.00   0.00   0.00   0.00   0.00   0.00   0.00   0.00   0.00   0.00
[193,]   0.00   0.00   0.00   0.00   0.00   0.00   0.00   0.00   0.00   0.00
[194,]   0.00   0.00   0.00   0.00   0.00   0.00   0.00   0.00   0.00   0.00
[195,]   0.00   0.00   0.00   0.00   0.00   0.00   0.00   0.00   0.00   0.00
[196,]   0.00   0.00   0.00   0.00   0.00   0.00   0.00   0.00   0.00   0.00
[197,]   0.00   0.00   0.00   0.00   0.00   0.00   0.00   0.00   0.00   0.00
[198,]   0.00   0.00   0.00   0.00   0.00   0.00   0.00   0.00   0.00   0.00
[199,]   0.00   0.00   0.00   0.00   0.00   0.00   0.00   0.00   0.00   0.00
[200,]   0.00   0.00   0.00   0.00   0.00   0.00   0.00   0.00   0.00   0.00
[201,]   0.00   0.00   0.00   0.00   0.00   0.00   0.00   0.00   0.00   0.00
[202,]   0.00   0.00   0.00   0.00   0.00   0.00   0.00   0.00   0.00   0.00
[203,]   0.00   0.00   0.00   0.00   0.00   0.00   0.00   0.00   0.00   0.00
[204,]   0.00   0.00   0.00   0.00   0.00   0.00   0.00   0.00   0.00   0.00
[205,]   0.00   0.00   0.00   0.00   0.00   0.00   0.00   0.00   0.00   0.00
[206,]   0.00   0.00   0.00   0.00   0.00   0.00   0.00   0.00   0.00   0.00
[207,]   0.00   0.00   0.00   0.00   0.00   0.00   0.00   0.00   0.00   0.00
[208,]   0.00   0.00   0.00   0.00   0.00   0.00   0.00   0.00   0.00   0.00
[209,]   0.00   0.00   0.00   0.00   0.00   0.00   0.00   0.00   0.00   0.00
[210,]   0.00   0.00   0.00   0.00   0.00   0.00   0.00   0.00   0.00   0.00
[211,]   0.00   0.00   0.00   0.00   0.00   0.00   0.00   0.00   0.00   0.00
[212,]   0.00   0.00   0.00   0.00   0.00   0.00   0.00   0.00   0.00   0.00
[213,]   0.00   0.00   0.00   0.00   0.00   0.00   0.00   0.00   0.00   0.00
[214,]   0.00   0.00   0.00   0.00   0.00   0.00   0.00   0.00   0.00   0.00
[215,]   0.00   0.00   0.00   0.00   0.00   0.00   0.00   0.00   0.00   0.00
[216,]   0.00   0.00   0.00   0.00   0.00   0.00   0.00   0.00   0.00   0.00
[217,]   0.00   0.00   0.00   0.00   0.00   0.00   0.00   0.00   0.00   0.00
[218,]   0.00   0.00   0.00   0.00   0.00   0.00   0.00   0.00   0.00   0.00
[219,]   0.00   0.00   0.00   0.00   0.00   0.00   0.00   0.00   0.00   0.00
[220,]   0.00   0.00   0.00   0.00   0.00   0.00   0.00   0.00   0.00   0.00
[221,]   0.00   0.00   0.00   0.00   0.00   0.00   0.00   0.00   0.00   0.00
[222,]   0.00   0.00   0.00   0.00   0.00   0.00   0.00   0.00   0.00   0.00
[223,]   0.00   0.00   0.00   0.00   0.00   0.00   0.00   0.00   0.00   0.00
[224,]   0.00   0.00   0.00   0.00   0.00   0.00   0.00   0.00   0.00   0.00
[225,]   0.00   0.00   0.00   0.00   0.00   0.00   0.00   0.00   0.00   0.00
[226,]   0.00   0.00   0.00   0.00   0.00   0.00   0.00   0.00   0.00   0.00
[227,]   0.00   0.00   0.00   0.00   0.00   0.00   0.00   0.00   0.00   0.00
[228,]   0.00   0.00   0.00   0.00   0.00   0.00   0.00   0.00   0.00   0.00
       [,298] [,299] [,300] [,301] [,302] [,303] [,304] [,305] [,306] [,307]
  [1,]   0.00   0.00   0.00   0.00   0.00   0.00   0.00   0.00   0.00   0.00
  [2,]   0.00   0.00   0.00   0.00   0.00   0.00   0.00   0.00   0.00   0.00
  [3,]   0.00   0.00   0.00   0.00   0.00   0.00   0.00   0.00   0.00   0.00
  [4,]   0.00   0.00   0.00   0.00   0.00   0.00   0.00   0.00   0.00   0.00
  [5,]   0.00   0.00   0.00   0.00   0.00   0.00   0.00   0.00   0.00   0.00
  [6,]   0.00   0.00   0.00   0.00   0.00   0.00   0.00   0.00   0.00   0.00
  [7,]   0.00   0.00   0.00   0.00   0.00   0.00   0.00   0.00   0.00   0.00
  [8,]   0.00   0.00   0.00   0.00   0.00   0.00   0.00   0.00   0.00   0.00
  [9,]   0.00   0.00   0.00   0.00   0.00   0.00   0.00   0.00   0.00   0.00
 [10,]   0.00   0.00   0.00   0.00   0.00   0.00   0.00   0.00   0.00   0.00
 [11,]   0.00   0.00   0.00   0.00   0.00   0.00   0.00   0.00   0.00   0.00
 [12,]   0.00   0.00   0.00   0.00   0.00   0.00   0.00   0.00   0.00   0.00
 [13,]   0.00   0.00   0.00   0.00   0.00   0.00   0.00   0.00   0.00   0.00
 [14,]   0.00   0.00   0.00   0.00   0.00   0.00   0.00   0.00   0.00   0.00
 [15,]   0.00   0.00   0.00   0.00   0.00   0.00   0.00   0.00   0.00   0.00
 [16,]   0.00   0.00   0.00   0.00   0.00   0.00   0.00   0.00   0.00   0.00
 [17,]   0.00   0.00   0.00   0.00   0.00   0.00   0.00   0.00   0.00   0.00
 [18,]   0.00   0.00   0.00   0.00   0.00   0.00   0.00   0.00   0.00   0.00
 [19,]   0.00   0.00   0.00   0.00   0.00   0.00   0.00   0.00   0.00   0.00
 [20,]   0.00   0.00   0.00   0.00   0.00   0.00   0.00   0.00   0.00   0.00
 [21,]   0.00   0.00   0.00   0.00   0.00   0.00   0.00   0.00   0.00   0.00
 [22,]   0.00   0.00   0.00   0.00   0.00   0.00   0.00   0.00   0.00   0.00
 [23,]   0.00   0.00   0.00   0.00   0.00   0.00   0.00   0.00   0.00   0.00
 [24,]   0.00   0.00   0.00   0.00   0.00   0.00   0.00   0.00   0.00   0.00
 [25,]   0.00   0.00   0.00   0.00   0.00   0.00   0.00   0.00   0.00   0.00
 [26,]   0.00   0.00   0.00   0.00   0.00   0.00   0.00   0.00   0.00   0.00
 [27,]   0.00   0.00   0.00   0.00   0.00   0.00   0.00   0.00   0.00   0.00
 [28,]   0.00   0.00   0.00   0.00   0.00   0.00   0.00   0.00   0.00   0.00
 [29,]   0.00   0.00   0.00   0.00   0.00   0.00   0.00   0.00   0.00   0.00
 [30,]   0.00   0.00   0.00   0.00   0.00   0.00   0.00   0.00   0.00   0.00
 [31,]   0.00   0.00   0.00   0.00   0.00   0.00   0.00   0.00   0.00   0.00
 [32,]   0.00   0.00   0.00   0.00   0.00   0.00   0.00   0.00   0.00   0.00
 [33,]   0.00   0.00   0.00   0.00   0.00   0.00   0.00   0.00   0.00   0.00
 [34,]   0.00   0.00   0.00   0.00   0.00   0.00   0.00   0.00   0.00   0.00
 [35,]   0.00   0.00   0.00   0.00   0.00   0.00   0.00   0.00   0.00   0.00
 [36,]   0.00   0.00   0.00   0.00   0.00   0.00   0.00   0.00   0.00   0.00
 [37,]   0.00   0.00   0.00   0.00   0.00   0.00   0.00   0.00   0.00   0.00
 [38,]   0.00   0.00   0.00   0.00   0.00   0.00   0.00   0.00   0.00   0.00
 [39,]   0.00   0.00   0.00   0.00   0.00   0.00   0.00   0.00   0.00   0.00
 [40,]   0.00   0.00   0.00   0.00   0.00   0.00   0.00   0.00   0.00   0.00
 [41,]   0.00   0.00   0.00   0.00   0.00   0.00   0.00   0.00   0.00   0.00
 [42,]   0.00   0.00   0.00   0.00   0.00   0.00   0.00   0.00   0.00   0.00
 [43,]   0.00   0.00   0.00   0.00   0.00   0.00   0.00   0.00   0.00   0.00
 [44,]   0.00   0.00   0.00   0.00   0.00   0.00   0.00   0.00   0.00   0.00
 [45,]   0.00   0.00   0.00   0.00   0.00   0.00   0.00   0.00   0.00   0.00
 [46,]   0.00   0.00   0.00   0.00   0.00   0.00   0.00   0.00   0.00   0.00
 [47,]   0.00   0.00   0.00   0.00   0.00   0.00   0.00   0.00   0.00   0.00
 [48,]   0.00   0.00   0.00   0.00   0.00   0.00   0.00   0.00   0.00   0.00
 [49,]   0.00   0.00   0.00   0.00   0.00   0.00   0.00   0.00   0.00   0.00
 [50,]   0.00   0.00   0.00   0.00   0.00   0.00   0.00   0.00   0.00   0.00
 [51,]   0.00   0.00   0.00   0.00   0.00   0.00   0.00   0.00   0.00   0.00
 [52,]   0.00   0.00   0.00   0.00   0.00   0.00   0.00   0.00   0.00   0.00
 [53,]   0.00   0.00   0.00   0.00   0.00   0.00   0.00   0.00   0.00   0.00
 [54,]   0.00   0.00   0.00   0.00   0.00   0.00   0.00   0.00   0.00   0.00
 [55,]   0.00   0.00   0.00   0.00   0.00   0.00   0.00   0.00   0.00   0.00
 [56,]   0.00   0.00   0.00   0.00   0.00   0.00   0.00   0.00   0.00   0.00
 [57,]   0.00   0.00   0.00   0.00   0.00   0.00   0.00   0.00   0.00   0.00
 [58,]   0.00   0.00   0.00   0.00   0.00   0.00   0.00   0.00   0.00   0.00
 [59,]   0.00   0.00   0.00   0.00   0.00   0.00   0.00   0.00   0.00   0.00
 [60,]   0.00   0.00   0.00   0.00   0.00   0.00   0.00   0.00   0.00   0.00
 [61,]   0.00   0.00   0.00   0.00   0.00   0.00   0.00   0.00   0.00   0.00
 [62,]   0.00   0.00   0.00   0.00   0.00   0.00   0.00   0.00   0.00   0.00
 [63,]   0.00   0.00   0.00   0.00   0.00   0.00   0.00   0.00   0.00   0.00
 [64,]   0.00   0.00   0.00   0.00   0.00   0.00   0.00   0.00   0.00   0.00
 [65,]   0.00   0.00   0.00   0.00   0.00   0.00   0.00   0.00   0.00   0.00
 [66,]   0.00   0.00   0.00   0.00   0.00   0.00   0.00   0.00   0.00   0.00
 [67,]   0.00   0.00   0.00   0.00   0.00   0.00   0.00   0.00   0.00   0.00
 [68,]   0.00   0.00   0.00   0.00   0.00   0.00   0.00   0.00   0.00   0.00
 [69,]   0.00   0.00   0.00   0.00   0.00   0.00   0.00   0.00   0.00   0.00
 [70,]   0.00   0.00   0.00   0.00   0.00   0.00   0.00   0.00   0.00   0.00
 [71,]   0.00   0.00   0.00   0.00   0.00   0.00   0.00   0.00   0.00   0.00
 [72,]   0.00   0.00   0.00   0.00   0.00   0.00   0.00   0.00   0.00   0.00
 [73,]   0.00   0.00   0.00   0.00   0.00   0.00   0.00   0.00   0.00   0.00
 [74,]   0.00   0.00   0.00   0.00   0.00   0.00   0.00   0.00   0.00   0.00
 [75,]   0.00   0.00   0.00   0.00   0.00   0.00   0.00   0.00   0.00   0.00
 [76,]   0.00   0.00   0.00   0.00   0.00   0.00   0.00   0.00   0.00   0.00
 [77,]   0.00   0.00   0.00   0.00   0.00   0.00   0.00   0.00   0.00   0.00
 [78,]   0.00   0.00   0.00   0.00   0.00   0.00   0.00   0.00   0.00   0.00
 [79,]   0.00   0.00   0.00   0.00   0.00   0.00   0.00   0.00   0.00   0.00
 [80,]   0.00   0.00   0.00   0.00   0.00   0.00   0.00   0.00   0.00   0.00
 [81,]   0.00   0.00   0.00   0.00   0.00   0.00   0.00   0.00   0.00   0.00
 [82,]   0.00   0.00   0.00   0.00   0.00   0.00   0.00   0.00   0.00   0.00
 [83,]   0.00   0.00   0.00   0.00   0.00   0.00   0.00   0.00   0.00   0.00
 [84,]   0.00   0.00   0.00   0.00   0.00   0.00   0.00   0.00   0.00   0.00
 [85,]   0.00   0.00   0.00   0.00   0.00   0.00   0.00   0.00   0.00   0.00
 [86,]   0.00   0.00   0.00   0.00   0.00   0.00   0.00   0.00   0.00   0.00
 [87,]   0.00   0.00   0.00   0.00   0.00   0.00   0.00   0.00   0.00   0.00
 [88,]   0.00   0.00   0.00   0.00   0.00   0.00   0.00   0.00   0.00   0.00
 [89,]   0.00   0.00   0.00   0.00   0.00   0.00   0.00   0.00   0.00   0.00
 [90,]   0.00   0.00   0.00   0.00   0.00   0.00   0.00   0.00   0.00   0.00
 [91,]   0.00   0.00   0.00   0.00   0.00   0.00   0.00   0.00   0.00   0.00
 [92,]   0.00   0.00   0.00   0.00   0.00   0.00   0.00   0.00   0.00   0.00
 [93,]   0.00   0.00   0.00   0.00   0.00   0.00   0.00   0.00   0.00   0.00
 [94,]   0.00   0.00   0.00   0.00   0.00   0.00   0.00   0.00   0.00   0.00
 [95,]   0.00   0.00   0.00   0.00   0.00   0.00   0.00   0.00   0.00   0.00
 [96,]   0.00   0.00   0.00   0.00   0.00   0.00   0.00   0.00   0.00   0.00
 [97,]   0.00   0.00   0.00   0.00   0.00   0.00   0.00   0.00   0.00   0.00
 [98,]   0.00   0.00   0.00   0.00   0.00   0.00   0.00   0.00   0.00   0.00
 [99,]   0.00   0.00   0.00   0.00   0.00   0.00   0.00   0.00   0.00   0.00
[100,]   0.00   0.00   0.00   0.00   0.00   0.00   0.00   0.00   0.00   0.00
[101,]   0.00   0.00   0.00   0.00   0.00   0.00   0.00   0.00   0.00   0.00
[102,]   0.00   0.00   0.00   0.00   0.00   0.00   0.00   0.00   0.00   0.00
[103,]   0.00   0.00   0.00   0.00   0.00   0.00   0.00   0.00   0.00   0.00
[104,]   0.00   0.00   0.00   0.00   0.00   0.00   0.00   0.00   0.00   0.00
[105,]   0.00   0.00   0.00   0.00   0.00   0.00   0.00   0.00   0.00   0.00
[106,]   0.00   0.00   0.00   0.00   0.00   0.00   0.00   0.00   0.00   0.00
[107,]   0.00   0.00   0.00   0.00   0.00   0.00   0.00   0.00   0.00   0.00
[108,]   0.00   0.00   0.00   0.00   0.00   0.00   0.00   0.00   0.00   0.00
[109,]   0.00   0.00   0.00   0.00   0.00   0.00   0.00   0.00   0.00   0.00
[110,]   0.00   0.00   0.00   0.00   0.00   0.00   0.00   0.00   0.00   0.00
[111,]   0.00   0.00   0.00   0.00   0.00   0.00   0.00   0.00   0.00   0.00
[112,]   0.00   0.00   0.00   0.00   0.00   0.00   0.00   0.00   0.00   0.00
[113,]   0.00   0.00   0.00   0.00   0.00   0.00   0.00   0.00   0.00   0.00
[114,]   0.00   0.00   0.00   0.00   0.00   0.00   0.00   0.00   0.00   0.00
[115,]   0.00   0.00   0.00   0.00   0.00   0.00   0.00   0.00   0.00   0.00
[116,]   0.00   0.00   0.00   0.00   0.00   0.00   0.00   0.00   0.00   0.00
[117,]   0.00   0.00   0.00   0.00   0.00   0.00   0.00   0.00   0.00   0.00
[118,]   0.00   0.00   0.00   0.00   0.00   0.00   0.00   0.00   0.00   0.00
[119,]   0.00   0.00   0.00   0.00   0.00   0.00   0.00   0.00   0.00   0.00
[120,]   0.00   0.00   0.00   0.00   0.00   0.00   0.00   0.00   0.00   0.00
[121,]   0.00   0.00   0.00   0.00   0.00   0.00   0.00   0.00   0.00   0.00
[122,]   0.00   0.00   0.00   0.00   0.00   0.00   0.00   0.00   0.00   0.00
[123,]   0.00   0.00   0.00   0.00   0.00   0.00   0.00   0.00   0.00   0.00
[124,]   0.00   0.00   0.00   0.00   0.00   0.00   0.00   0.00   0.00   0.00
[125,]   0.00   0.00   0.00   0.00   0.00   0.00   0.00   0.00   0.00   0.00
[126,]   0.00   0.00   0.00   0.00   0.00   0.00   0.00   0.00   0.00   0.00
[127,]   0.00   0.00   0.00   0.00   0.00   0.00   0.00   0.00   0.00   0.00
[128,]   0.00   0.00   0.00   0.00   0.00   0.00   0.00   0.00   0.00   0.00
[129,]   0.00   0.00   0.00   0.00   0.00   0.00   0.00   0.00   0.00   0.00
[130,]   0.00   0.00   0.00   0.00   0.00   0.00   0.00   0.00   0.00   0.00
[131,]   0.00   0.00   0.00   0.00   0.00   0.00   0.00   0.00   0.00   0.00
[132,]   0.00   0.00   0.00   0.00   0.00   0.00   0.00   0.00   0.00   0.00
[133,]   0.00   0.00   0.00   0.00   0.00   0.00   0.00   0.00   0.00   0.00
[134,]   0.00   0.00   0.00   0.00   0.00   0.00   0.00   0.00   0.00   0.00
[135,]   0.00   0.00   0.00   0.00   0.00   0.00   0.00   0.00   0.00   0.00
[136,]   0.00   0.00   0.00   0.00   0.00   0.00   0.00   0.00   0.00   0.00
[137,]   0.00   0.00   0.00   0.00   0.00   0.00   0.00   0.00   0.00   0.00
[138,]   0.00   0.00   0.00   0.00   0.00   0.00   0.00   0.00   0.00   0.00
[139,]   0.00   0.00   0.00   0.00   0.00   0.00   0.00   0.00   0.00   0.00
[140,]   0.00   0.00   0.00   0.00   0.00   0.00   0.00   0.00   0.00   0.00
[141,]   0.00   0.00   0.00   0.00   0.00   0.00   0.00   0.00   0.00   0.00
[142,]   0.00   0.00   0.00   0.00   0.00   0.00   0.00   0.00   0.00   0.00
[143,]   0.00   0.00   0.00   0.00   0.00   0.00   0.00   0.00   0.00   0.00
[144,]   0.00   0.00   0.00   0.00   0.00   0.00   0.00   0.00   0.00   0.00
[145,]   0.00   0.00   0.00   0.00   0.00   0.00   0.00   0.00   0.00   0.00
[146,]   0.00   0.00   0.00   0.00   0.00   0.00   0.00   0.00   0.00   0.00
[147,]   0.00   0.00   0.00   0.00   0.00   0.00   0.00   0.00   0.00   0.00
[148,]   0.00   0.00   0.00   0.00   0.00   0.00   0.00   0.00   0.00   0.00
[149,]   0.00   0.00   0.00   0.00   0.00   0.00   0.00   0.00   0.00   0.00
[150,]   0.00   0.00   0.00   0.00   0.00   0.00   0.00   0.00   0.00   0.00
[151,]   0.00   0.00   0.00   0.00   0.00   0.00   0.00   0.00   0.00   0.00
[152,]   0.00   0.00   0.00   0.00   0.00   0.00   0.00   0.00   0.00   0.00
[153,]   0.00   0.00   0.00   0.00   0.00   0.00   0.00   0.00   0.00   0.00
[154,]   0.00   0.00   0.00   0.00   0.00   0.00   0.00   0.00   0.00   0.00
[155,]   0.00   0.00   0.00   0.00   0.00   0.00   0.00   0.00   0.00   0.00
[156,]   0.00   0.00   0.00   0.00   0.00   0.00   0.00   0.00   0.00   0.00
[157,]   0.00   0.00   0.00   0.00   0.00   0.00   0.00   0.00   0.00   0.00
[158,]   0.00   0.00   0.00   0.00   0.00   0.00   0.00   0.00   0.00   0.00
[159,]   0.00   0.00   0.00   0.00   0.00   0.00   0.00   0.00   0.00   0.00
[160,]   0.00   0.00   0.00   0.00   0.00   0.00   0.00   0.00   0.00   0.00
[161,]   0.00   0.00   0.00   0.00   0.00   0.00   0.00   0.00   0.00   0.00
[162,]   0.00   0.00   0.00   0.00   0.00   0.00   0.00   0.00   0.00   0.00
[163,]   0.00   0.00   0.00   0.00   0.00   0.00   0.00   0.00   0.00   0.00
[164,]   0.00   0.00   0.00   0.00   0.00   0.00   0.00   0.00   0.00   0.00
[165,]   0.00   0.00   0.00   0.00   0.00   0.00   0.00   0.00   0.00   0.00
[166,]   0.00   0.00   0.00   0.00   0.00   0.00   0.00   0.00   0.00   0.00
[167,]   0.00   0.00   0.00   0.00   0.00   0.00   0.00   0.00   0.00   0.00
[168,]   0.00   0.00   0.00   0.00   0.00   0.00   0.00   0.00   0.00   0.00
[169,]   0.00   0.00   0.00   0.00   0.00   0.00   0.00   0.00   0.00   0.00
[170,]   0.00   0.00   0.00   0.00   0.00   0.00   0.00   0.00   0.00   0.00
[171,]   0.00   0.00   0.00   0.00   0.00   0.00   0.00   0.00   0.00   0.00
[172,]   0.00   0.00   0.00   0.00   0.00   0.00   0.00   0.00   0.00   0.00
[173,]   0.00   0.00   0.00   0.00   0.00   0.00   0.00   0.00   0.00   0.00
[174,]   0.00   0.00   0.00   0.00   0.00   0.00   0.00   0.00   0.00   0.00
[175,]   0.00   0.00   0.00   0.00   0.00   0.00   0.00   0.00   0.00   0.00
[176,]   0.00   0.00   0.00   0.00   0.00   0.00   0.00   0.00   0.00   0.00
[177,]   0.00   0.00   0.00   0.00   0.00   0.00   0.00   0.00   0.00   0.00
[178,]   0.00   0.00   0.00   0.00   0.00   0.00   0.00   0.00   0.00   0.00
[179,]   0.00   0.00   0.00   0.00   0.00   0.00   0.00   0.00   0.00   0.00
[180,]   0.00   0.00   0.00   0.00   0.00   0.00   0.00   0.00   0.00   0.00
[181,]   0.00   0.00   0.00   0.00   0.00   0.00   0.00   0.00   0.00   0.00
[182,]   0.00   0.00   0.00   0.00   0.00   0.00   0.00   0.00   0.00   0.00
[183,]   0.00   0.00   0.00   0.00   0.00   0.00   0.00   0.00   0.00   0.00
[184,]   0.00   0.00   0.00   0.00   0.00   0.00   0.00   0.00   0.00   0.00
[185,]   0.00   0.00   0.00   0.00   0.00   0.00   0.00   0.00   0.00   0.00
[186,]   0.00   0.00   0.00   0.00   0.00   0.00   0.00   0.00   0.00   0.00
[187,]   0.00   0.00   0.00   0.00   0.00   0.00   0.00   0.00   0.00   0.00
[188,]   0.00   0.00   0.00   0.00   0.00   0.00   0.00   0.00   0.00   0.00
[189,]   0.00   0.00   0.00   0.00   0.00   0.00   0.00   0.00   0.00   0.00
[190,]   0.00   0.00   0.00   0.00   0.00   0.00   0.00   0.00   0.00   0.00
[191,]   0.00   0.00   0.00   0.00   0.00   0.00   0.00   0.00   0.00   0.00
[192,]   0.00   0.00   0.00   0.00   0.00   0.00   0.00   0.00   0.00   0.00
[193,]   0.00   0.00   0.00   0.00   0.00   0.00   0.00   0.00   0.00   0.00
[194,]   0.00   0.00   0.00   0.00   0.00   0.00   0.00   0.00   0.00   0.00
[195,]   0.00   0.00   0.00   0.00   0.00   0.00   0.00   0.00   0.00   0.00
[196,]   0.00   0.00   0.00   0.00   0.00   0.00   0.00   0.00   0.00   0.00
[197,]   0.00   0.00   0.00   0.00   0.00   0.00   0.00   0.00   0.00   0.00
[198,]   0.00   0.00   0.00   0.00   0.00   0.00   0.00   0.00   0.00   0.00
[199,]   0.00   0.00   0.00   0.00   0.00   0.00   0.00   0.00   0.00   0.00
[200,]   0.00   0.00   0.00   0.00   0.00   0.00   0.00   0.00   0.00   0.00
[201,]   0.00   0.00   0.00   0.00   0.00   0.00   0.00   0.00   0.00   0.00
[202,]   0.00   0.00   0.00   0.00   0.00   0.00   0.00   0.00   0.00   0.00
[203,]   0.00   0.00   0.00   0.00   0.00   0.00   0.00   0.00   0.00   0.00
[204,]   0.00   0.00   0.00   0.00   0.00   0.00   0.00   0.00   0.00   0.00
[205,]   0.00   0.00   0.00   0.00   0.00   0.00   0.00   0.00   0.00   0.00
[206,]   0.00   0.00   0.00   0.00   0.00   0.00   0.00   0.00   0.00   0.00
[207,]   0.00   0.00   0.00   0.00   0.00   0.00   0.00   0.00   0.00   0.00
[208,]   0.00   0.00   0.00   0.00   0.00   0.00   0.00   0.00   0.00   0.00
[209,]   0.00   0.00   0.00   0.00   0.00   0.00   0.00   0.00   0.00   0.00
[210,]   0.00   0.00   0.00   0.00   0.00   0.00   0.00   0.00   0.00   0.00
[211,]   0.00   0.00   0.00   0.00   0.00   0.00   0.00   0.00   0.00   0.00
[212,]   0.00   0.00   0.00   0.00   0.00   0.00   0.00   0.00   0.00   0.00
[213,]   0.00   0.00   0.00   0.00   0.00   0.00   0.00   0.00   0.00   0.00
[214,]   0.00   0.00   0.00   0.00   0.00   0.00   0.00   0.00   0.00   0.00
[215,]   0.00   0.00   0.00   0.00   0.00   0.00   0.00   0.00   0.00   0.00
[216,]   0.00   0.00   0.00   0.00   0.00   0.00   0.00   0.00   0.00   0.00
[217,]   0.00   0.00   0.00   0.00   0.00   0.00   0.00   0.00   0.00   0.00
[218,]   0.00   0.00   0.00   0.00   0.00   0.00   0.00   0.00   0.00   0.00
[219,]   0.00   0.00   0.00   0.00   0.00   0.00   0.00   0.00   0.00   0.00
[220,]   0.00   0.00   0.00   0.00   0.00   0.00   0.00   0.00   0.00   0.00
[221,]   0.00   0.00   0.00   0.00   0.00   0.00   0.00   0.00   0.00   0.00
[222,]   0.00   0.00   0.00   0.00   0.00   0.00   0.00   0.00   0.00   0.00
[223,]   0.00   0.00   0.00   0.00   0.00   0.00   0.00   0.00   0.00   0.00
[224,]   0.00   0.00   0.00   0.00   0.00   0.00   0.00   0.00   0.00   0.00
[225,]   0.00   0.00   0.00   0.00   0.00   0.00   0.00   0.00   0.00   0.00
[226,]   0.00   0.00   0.00   0.00   0.00   0.00   0.00   0.00   0.00   0.00
[227,]   0.00   0.00   0.00   0.00   0.00   0.00   0.00   0.00   0.00   0.00
[228,]   0.00   0.00   0.00   0.00   0.00   0.00   0.00   0.00   0.00   0.00
       [,308] [,309] [,310] [,311] [,312] [,313] [,314] [,315] [,316] [,317]
  [1,]   0.00   0.00   0.00   0.00   0.00   0.00   0.00   0.00   0.00   0.00
  [2,]   0.00   0.00   0.00   0.00   0.00   0.00   0.00   0.00   0.00   0.00
  [3,]   0.00   0.00   0.00   0.00   0.00   0.00   0.00   0.00   0.00   0.00
  [4,]   0.00   0.00   0.00   0.00   0.00   0.00   0.00   0.00   0.00   0.00
  [5,]   0.00   0.00   0.00   0.00   0.00   0.00   0.00   0.00   0.00   0.00
  [6,]   0.00   0.00   0.00   0.00   0.00   0.00   0.00   0.00   0.00   0.00
  [7,]   0.00   0.00   0.00   0.00   0.00   0.00   0.00   0.00   0.00   0.00
  [8,]   0.00   0.00   0.00   0.00   0.00   0.00   0.00   0.00   0.00   0.00
  [9,]   0.00   0.00   0.00   0.00   0.00   0.00   0.00   0.00   0.00   0.00
 [10,]   0.00   0.00   0.00   0.00   0.00   0.00   0.00   0.00   0.00   0.00
 [11,]   0.00   0.00   0.00   0.00   0.00   0.00   0.00   0.00   0.00   0.00
 [12,]   0.00   0.00   0.00   0.00   0.00   0.00   0.00   0.00   0.00   0.00
 [13,]   0.00   0.00   0.00   0.00   0.00   0.00   0.00   0.00   0.00   0.00
 [14,]   0.00   0.00   0.00   0.00   0.00   0.00   0.00   0.00   0.00   0.00
 [15,]   0.00   0.00   0.00   0.00   0.00   0.00   0.00   0.00   0.00   0.00
 [16,]   0.00   0.00   0.00   0.00   0.00   0.00   0.00   0.00   0.00   0.00
 [17,]   0.00   0.00   0.00   0.00   0.00   0.00   0.00   0.00   0.00   0.00
 [18,]   0.00   0.00   0.00   0.00   0.00   0.00   0.00   0.00   0.00   0.00
 [19,]   0.00   0.00   0.00   0.00   0.00   0.00   0.00   0.00   0.00   0.00
 [20,]   0.00   0.00   0.00   0.00   0.00   0.00   0.00   0.00   0.00   0.00
 [21,]   0.00   0.00   0.00   0.00   0.00   0.00   0.00   0.00   0.00   0.00
 [22,]   0.00   0.00   0.00   0.00   0.00   0.00   0.00   0.00   0.00   0.00
 [23,]   0.00   0.00   0.00   0.00   0.00   0.00   0.00   0.00   0.00   0.00
 [24,]   0.00   0.00   0.00   0.00   0.00   0.00   0.00   0.00   0.00   0.00
 [25,]   0.00   0.00   0.00   0.00   0.00   0.00   0.00   0.00   0.00   0.00
 [26,]   0.00   0.00   0.00   0.00   0.00   0.00   0.00   0.00   0.00   0.00
 [27,]   0.00   0.00   0.00   0.00   0.00   0.00   0.00   0.00   0.00   0.00
 [28,]   0.00   0.00   0.00   0.00   0.00   0.00   0.00   0.00   0.00   0.00
 [29,]   0.00   0.00   0.00   0.00   0.00   0.00   0.00   0.00   0.00   0.00
 [30,]   0.00   0.00   0.00   0.00   0.00   0.00   0.00   0.00   0.00   0.00
 [31,]   0.00   0.00   0.00   0.00   0.00   0.00   0.00   0.00   0.00   0.00
 [32,]   0.00   0.00   0.00   0.00   0.00   0.00   0.00   0.00   0.00   0.00
 [33,]   0.00   0.00   0.00   0.00   0.00   0.00   0.00   0.00   0.00   0.00
 [34,]   0.00   0.00   0.00   0.00   0.00   0.00   0.00   0.00   0.00   0.00
 [35,]   0.00   0.00   0.00   0.00   0.00   0.00   0.00   0.00   0.00   0.00
 [36,]   0.00   0.00   0.00   0.00   0.00   0.00   0.00   0.00   0.00   0.00
 [37,]   0.00   0.00   0.00   0.00   0.00   0.00   0.00   0.00   0.00   0.00
 [38,]   0.00   0.00   0.00   0.00   0.00   0.00   0.00   0.00   0.00   0.00
 [39,]   0.00   0.00   0.00   0.00   0.00   0.00   0.00   0.00   0.00   0.00
 [40,]   0.00   0.00   0.00   0.00   0.00   0.00   0.00   0.00   0.00   0.00
 [41,]   0.00   0.00   0.00   0.00   0.00   0.00   0.00   0.00   0.00   0.00
 [42,]   0.00   0.00   0.00   0.00   0.00   0.00   0.00   0.00   0.00   0.00
 [43,]   0.00   0.00   0.00   0.00   0.00   0.00   0.00   0.00   0.00   0.00
 [44,]   0.00   0.00   0.00   0.00   0.00   0.00   0.00   0.00   0.00   0.00
 [45,]   0.00   0.00   0.00   0.00   0.00   0.00   0.00   0.00   0.00   0.00
 [46,]   0.00   0.00   0.00   0.00   0.00   0.00   0.00   0.00   0.00   0.00
 [47,]   0.00   0.00   0.00   0.00   0.00   0.00   0.00   0.00   0.00   0.00
 [48,]   0.00   0.00   0.00   0.00   0.00   0.00   0.00   0.00   0.00   0.00
 [49,]   0.00   0.00   0.00   0.00   0.00   0.00   0.00   0.00   0.00   0.00
 [50,]   0.00   0.00   0.00   0.00   0.00   0.00   0.00   0.00   0.00   0.00
 [51,]   0.00   0.00   0.00   0.00   0.00   0.00   0.00   0.00   0.00   0.00
 [52,]   0.00   0.00   0.00   0.00   0.00   0.00   0.00   0.00   0.00   0.00
 [53,]   0.00   0.00   0.00   0.00   0.00   0.00   0.00   0.00   0.00   0.00
 [54,]   0.00   0.00   0.00   0.00   0.00   0.00   0.00   0.00   0.00   0.00
 [55,]   0.00   0.00   0.00   0.00   0.00   0.00   0.00   0.00   0.00   0.00
 [56,]   0.00   0.00   0.00   0.00   0.00   0.00   0.00   0.00   0.00   0.00
 [57,]   0.00   0.00   0.00   0.00   0.00   0.00   0.00   0.00   0.00   0.00
 [58,]   0.00   0.00   0.00   0.00   0.00   0.00   0.00   0.00   0.00   0.00
 [59,]   0.00   0.00   0.00   0.00   0.00   0.00   0.00   0.00   0.00   0.00
 [60,]   0.00   0.00   0.00   0.00   0.00   0.00   0.00   0.00   0.00   0.00
 [61,]   0.00   0.00   0.00   0.00   0.00   0.00   0.00   0.00   0.00   0.00
 [62,]   0.00   0.00   0.00   0.00   0.00   0.00   0.00   0.00   0.00   0.00
 [63,]   0.00   0.00   0.00   0.00   0.00   0.00   0.00   0.00   0.00   0.00
 [64,]   0.00   0.00   0.00   0.00   0.00   0.00   0.00   0.00   0.00   0.00
 [65,]   0.00   0.00   0.00   0.00   0.00   0.00   0.00   0.00   0.00   0.00
 [66,]   0.00   0.00   0.00   0.00   0.00   0.00   0.00   0.00   0.00   0.00
 [67,]   0.00   0.00   0.00   0.00   0.00   0.00   0.00   0.00   0.00   0.00
 [68,]   0.00   0.00   0.00   0.00   0.00   0.00   0.00   0.00   0.00   0.00
 [69,]   0.00   0.00   0.00   0.00   0.00   0.00   0.00   0.00   0.00   0.00
 [70,]   0.00   0.00   0.00   0.00   0.00   0.00   0.00   0.00   0.00   0.00
 [71,]   0.00   0.00   0.00   0.00   0.00   0.00   0.00   0.00   0.00   0.00
 [72,]   0.00   0.00   0.00   0.00   0.00   0.00   0.00   0.00   0.00   0.00
 [73,]   0.00   0.00   0.00   0.00   0.00   0.00   0.00   0.00   0.00   0.00
 [74,]   0.00   0.00   0.00   0.00   0.00   0.00   0.00   0.00   0.00   0.00
 [75,]   0.00   0.00   0.00   0.00   0.00   0.00   0.00   0.00   0.00   0.00
 [76,]   0.00   0.00   0.00   0.00   0.00   0.00   0.00   0.00   0.00   0.00
 [77,]   0.00   0.00   0.00   0.00   0.00   0.00   0.00   0.00   0.00   0.00
 [78,]   0.00   0.00   0.00   0.00   0.00   0.00   0.00   0.00   0.00   0.00
 [79,]   0.00   0.00   0.00   0.00   0.00   0.00   0.00   0.00   0.00   0.00
 [80,]   0.00   0.00   0.00   0.00   0.00   0.00   0.00   0.00   0.00   0.00
 [81,]   0.00   0.00   0.00   0.00   0.00   0.00   0.00   0.00   0.00   0.00
 [82,]   0.00   0.00   0.00   0.00   0.00   0.00   0.00   0.00   0.00   0.00
 [83,]   0.00   0.00   0.00   0.00   0.00   0.00   0.00   0.00   0.00   0.00
 [84,]   0.00   0.00   0.00   0.00   0.00   0.00   0.00   0.00   0.00   0.00
 [85,]   0.00   0.00   0.00   0.00   0.00   0.00   0.00   0.00   0.00   0.00
 [86,]   0.00   0.00   0.00   0.00   0.00   0.00   0.00   0.00   0.00   0.00
 [87,]   0.00   0.00   0.00   0.00   0.00   0.00   0.00   0.00   0.00   0.00
 [88,]   0.00   0.00   0.00   0.00   0.00   0.00   0.00   0.00   0.00   0.00
 [89,]   0.00   0.00   0.00   0.00   0.00   0.00   0.00   0.00   0.00   0.00
 [90,]   0.00   0.00   0.00   0.00   0.00   0.00   0.00   0.00   0.00   0.00
 [91,]   0.00   0.00   0.00   0.00   0.00   0.00   0.00   0.00   0.00   0.00
 [92,]   0.00   0.00   0.00   0.00   0.00   0.00   0.00   0.00   0.00   0.00
 [93,]   0.00   0.00   0.00   0.00   0.00   0.00   0.00   0.00   0.00   0.00
 [94,]   0.00   0.00   0.00   0.00   0.00   0.00   0.00   0.00   0.00   0.00
 [95,]   0.00   0.00   0.00   0.00   0.00   0.00   0.00   0.00   0.00   0.00
 [96,]   0.00   0.00   0.00   0.00   0.00   0.00   0.00   0.00   0.00   0.00
 [97,]   0.00   0.00   0.00   0.00   0.00   0.00   0.00   0.00   0.00   0.00
 [98,]   0.00   0.00   0.00   0.00   0.00   0.00   0.00   0.00   0.00   0.00
 [99,]   0.00   0.00   0.00   0.00   0.00   0.00   0.00   0.00   0.00   0.00
[100,]   0.00   0.00   0.00   0.00   0.00   0.00   0.00   0.00   0.00   0.00
[101,]   0.00   0.00   0.00   0.00   0.00   0.00   0.00   0.00   0.00   0.00
[102,]   0.00   0.00   0.00   0.00   0.00   0.00   0.00   0.00   0.00   0.00
[103,]   0.00   0.00   0.00   0.00   0.00   0.00   0.00   0.00   0.00   0.00
[104,]   0.00   0.00   0.00   0.00   0.00   0.00   0.00   0.00   0.00   0.00
[105,]   0.00   0.00   0.00   0.00   0.00   0.00   0.00   0.00   0.00   0.00
[106,]   0.00   0.00   0.00   0.00   0.00   0.00   0.00   0.00   0.00   0.00
[107,]   0.00   0.00   0.00   0.00   0.00   0.00   0.00   0.00   0.00   0.00
[108,]   0.00   0.00   0.00   0.00   0.00   0.00   0.00   0.00   0.00   0.00
[109,]   0.00   0.00   0.00   0.00   0.00   0.00   0.00   0.00   0.00   0.00
[110,]   0.00   0.00   0.00   0.00   0.00   0.00   0.00   0.00   0.00   0.00
[111,]   0.00   0.00   0.00   0.00   0.00   0.00   0.00   0.00   0.00   0.00
[112,]   0.00   0.00   0.00   0.00   0.00   0.00   0.00   0.00   0.00   0.00
[113,]   0.00   0.00   0.00   0.00   0.00   0.00   0.00   0.00   0.00   0.00
[114,]   0.00   0.00   0.00   0.00   0.00   0.00   0.00   0.00   0.00   0.00
[115,]   0.00   0.00   0.00   0.00   0.00   0.00   0.00   0.00   0.00   0.00
[116,]   0.00   0.00   0.00   0.00   0.00   0.00   0.00   0.00   0.00   0.00
[117,]   0.00   0.00   0.00   0.00   0.00   0.00   0.00   0.00   0.00   0.00
[118,]   0.00   0.00   0.00   0.00   0.00   0.00   0.00   0.00   0.00   0.00
[119,]   0.00   0.00   0.00   0.00   0.00   0.00   0.00   0.00   0.00   0.00
[120,]   0.00   0.00   0.00   0.00   0.00   0.00   0.00   0.00   0.00   0.00
[121,]   0.00   0.00   0.00   0.00   0.00   0.00   0.00   0.00   0.00   0.00
[122,]   0.00   0.00   0.00   0.00   0.00   0.00   0.00   0.00   0.00   0.00
[123,]   0.00   0.00   0.00   0.00   0.00   0.00   0.00   0.00   0.00   0.00
[124,]   0.00   0.00   0.00   0.00   0.00   0.00   0.00   0.00   0.00   0.00
[125,]   0.00   0.00   0.00   0.00   0.00   0.00   0.00   0.00   0.00   0.00
[126,]   0.00   0.00   0.00   0.00   0.00   0.00   0.00   0.00   0.00   0.00
[127,]   0.00   0.00   0.00   0.00   0.00   0.00   0.00   0.00   0.00   0.00
[128,]   0.00   0.00   0.00   0.00   0.00   0.00   0.00   0.00   0.00   0.00
[129,]   0.00   0.00   0.00   0.00   0.00   0.00   0.00   0.00   0.00   0.00
[130,]   0.00   0.00   0.00   0.00   0.00   0.00   0.00   0.00   0.00   0.00
[131,]   0.00   0.00   0.00   0.00   0.00   0.00   0.00   0.00   0.00   0.00
[132,]   0.00   0.00   0.00   0.00   0.00   0.00   0.00   0.00   0.00   0.00
[133,]   0.00   0.00   0.00   0.00   0.00   0.00   0.00   0.00   0.00   0.00
[134,]   0.00   0.00   0.00   0.00   0.00   0.00   0.00   0.00   0.00   0.00
[135,]   0.00   0.00   0.00   0.00   0.00   0.00   0.00   0.00   0.00   0.00
[136,]   0.00   0.00   0.00   0.00   0.00   0.00   0.00   0.00   0.00   0.00
[137,]   0.00   0.00   0.00   0.00   0.00   0.00   0.00   0.00   0.00   0.00
[138,]   0.00   0.00   0.00   0.00   0.00   0.00   0.00   0.00   0.00   0.00
[139,]   0.00   0.00   0.00   0.00   0.00   0.00   0.00   0.00   0.00   0.00
[140,]   0.00   0.00   0.00   0.00   0.00   0.00   0.00   0.00   0.00   0.00
[141,]   0.00   0.00   0.00   0.00   0.00   0.00   0.00   0.00   0.00   0.00
[142,]   0.00   0.00   0.00   0.00   0.00   0.00   0.00   0.00   0.00   0.00
[143,]   0.00   0.00   0.00   0.00   0.00   0.00   0.00   0.00   0.00   0.00
[144,]   0.00   0.00   0.00   0.00   0.00   0.00   0.00   0.00   0.00   0.00
[145,]   0.00   0.00   0.00   0.00   0.00   0.00   0.00   0.00   0.00   0.00
[146,]   0.00   0.00   0.00   0.00   0.00   0.00   0.00   0.00   0.00   0.00
[147,]   0.00   0.00   0.00   0.00   0.00   0.00   0.00   0.00   0.00   0.00
[148,]   0.00   0.00   0.00   0.00   0.00   0.00   0.00   0.00   0.00   0.00
[149,]   0.00   0.00   0.00   0.00   0.00   0.00   0.00   0.00   0.00   0.00
[150,]   0.00   0.00   0.00   0.00   0.00   0.00   0.00   0.00   0.00   0.00
[151,]   0.00   0.00   0.00   0.00   0.00   0.00   0.00   0.00   0.00   0.00
[152,]   0.00   0.00   0.00   0.00   0.00   0.00   0.00   0.00   0.00   0.00
[153,]   0.00   0.00   0.00   0.00   0.00   0.00   0.00   0.00   0.00   0.00
[154,]   0.00   0.00   0.00   0.00   0.00   0.00   0.00   0.00   0.00   0.00
[155,]   0.00   0.00   0.00   0.00   0.00   0.00   0.00   0.00   0.00   0.00
[156,]   0.00   0.00   0.00   0.00   0.00   0.00   0.00   0.00   0.00   0.00
[157,]   0.00   0.00   0.00   0.00   0.00   0.00   0.00   0.00   0.00   0.00
[158,]   0.00   0.00   0.00   0.00   0.00   0.00   0.00   0.00   0.00   0.00
[159,]   0.00   0.00   0.00   0.00   0.00   0.00   0.00   0.00   0.00   0.00
[160,]   0.00   0.00   0.00   0.00   0.00   0.00   0.00   0.00   0.00   0.00
[161,]   0.00   0.00   0.00   0.00   0.00   0.00   0.00   0.00   0.00   0.00
[162,]   0.00   0.00   0.00   0.00   0.00   0.00   0.00   0.00   0.00   0.00
[163,]   0.00   0.00   0.00   0.00   0.00   0.00   0.00   0.00   0.00   0.00
[164,]   0.00   0.00   0.00   0.00   0.00   0.00   0.00   0.00   0.00   0.00
[165,]   0.00   0.00   0.00   0.00   0.00   0.00   0.00   0.00   0.00   0.00
[166,]   0.00   0.00   0.00   0.00   0.00   0.00   0.00   0.00   0.00   0.00
[167,]   0.00   0.00   0.00   0.00   0.00   0.00   0.00   0.00   0.00   0.00
[168,]   0.00   0.00   0.00   0.00   0.00   0.00   0.00   0.00   0.00   0.00
[169,]   0.00   0.00   0.00   0.00   0.00   0.00   0.00   0.00   0.00   0.00
[170,]   0.00   0.00   0.00   0.00   0.00   0.00   0.00   0.00   0.00   0.00
[171,]   0.00   0.00   0.00   0.00   0.00   0.00   0.00   0.00   0.00   0.00
[172,]   0.00   0.00   0.00   0.00   0.00   0.00   0.00   0.00   0.00   0.00
[173,]   0.00   0.00   0.00   0.00   0.00   0.00   0.00   0.00   0.00   0.00
[174,]   0.00   0.00   0.00   0.00   0.00   0.00   0.00   0.00   0.00   0.00
[175,]   0.00   0.00   0.00   0.00   0.00   0.00   0.00   0.00   0.00   0.00
[176,]   0.00   0.00   0.00   0.00   0.00   0.00   0.00   0.00   0.00   0.00
[177,]   0.00   0.00   0.00   0.00   0.00   0.00   0.00   0.00   0.00   0.00
[178,]   0.00   0.00   0.00   0.00   0.00   0.00   0.00   0.00   0.00   0.00
[179,]   0.00   0.00   0.00   0.00   0.00   0.00   0.00   0.00   0.00   0.00
[180,]   0.00   0.00   0.00   0.00   0.00   0.00   0.00   0.00   0.00   0.00
[181,]   0.00   0.00   0.00   0.00   0.00   0.00   0.00   0.00   0.00   0.00
[182,]   0.00   0.00   0.00   0.00   0.00   0.00   0.00   0.00   0.00   0.00
[183,]   0.00   0.00   0.00   0.00   0.00   0.00   0.00   0.00   0.00   0.00
[184,]   0.00   0.00   0.00   0.00   0.00   0.00   0.00   0.00   0.00   0.00
[185,]   0.00   0.00   0.00   0.00   0.00   0.00   0.00   0.00   0.00   0.00
[186,]   0.00   0.00   0.00   0.00   0.00   0.00   0.00   0.00   0.00   0.00
[187,]   0.00   0.00   0.00   0.00   0.00   0.00   0.00   0.00   0.00   0.00
[188,]   0.00   0.00   0.00   0.00   0.00   0.00   0.00   0.00   0.00   0.00
[189,]   0.00   0.00   0.00   0.00   0.00   0.00   0.00   0.00   0.00   0.00
[190,]   0.00   0.00   0.00   0.00   0.00   0.00   0.00   0.00   0.00   0.00
[191,]   0.00   0.00   0.00   0.00   0.00   0.00   0.00   0.00   0.00   0.00
[192,]   0.00   0.00   0.00   0.00   0.00   0.00   0.00   0.00   0.00   0.00
[193,]   0.00   0.00   0.00   0.00   0.00   0.00   0.00   0.00   0.00   0.00
[194,]   0.00   0.00   0.00   0.00   0.00   0.00   0.00   0.00   0.00   0.00
[195,]   0.00   0.00   0.00   0.00   0.00   0.00   0.00   0.00   0.00   0.00
[196,]   0.00   0.00   0.00   0.00   0.00   0.00   0.00   0.00   0.00   0.00
[197,]   0.00   0.00   0.00   0.00   0.00   0.00   0.00   0.00   0.00   0.00
[198,]   0.00   0.00   0.00   0.00   0.00   0.00   0.00   0.00   0.00   0.00
[199,]   0.00   0.00   0.00   0.00   0.00   0.00   0.00   0.00   0.00   0.00
[200,]   0.00   0.00   0.00   0.00   0.00   0.00   0.00   0.00   0.00   0.00
[201,]   0.00   0.00   0.00   0.00   0.00   0.00   0.00   0.00   0.00   0.00
[202,]   0.00   0.00   0.00   0.00   0.00   0.00   0.00   0.00   0.00   0.00
[203,]   0.00   0.00   0.00   0.00   0.00   0.00   0.00   0.00   0.00   0.00
[204,]   0.00   0.00   0.00   0.00   0.00   0.00   0.00   0.00   0.00   0.00
[205,]   0.00   0.00   0.00   0.00   0.00   0.00   0.00   0.00   0.00   0.00
[206,]   0.00   0.00   0.00   0.00   0.00   0.00   0.00   0.00   0.00   0.00
[207,]   0.00   0.00   0.00   0.00   0.00   0.00   0.00   0.00   0.00   0.00
[208,]   0.00   0.00   0.00   0.00   0.00   0.00   0.00   0.00   0.00   0.00
[209,]   0.00   0.00   0.00   0.00   0.00   0.00   0.00   0.00   0.00   0.00
[210,]   0.00   0.00   0.00   0.00   0.00   0.00   0.00   0.00   0.00   0.00
[211,]   0.00   0.00   0.00   0.00   0.00   0.00   0.00   0.00   0.00   0.00
[212,]   0.00   0.00   0.00   0.00   0.00   0.00   0.00   0.00   0.00   0.00
[213,]   0.00   0.00   0.00   0.00   0.00   0.00   0.00   0.00   0.00   0.00
[214,]   0.00   0.00   0.00   0.00   0.00   0.00   0.00   0.00   0.00   0.00
[215,]   0.00   0.00   0.00   0.00   0.00   0.00   0.00   0.00   0.00   0.00
[216,]   0.00   0.00   0.00   0.00   0.00   0.00   0.00   0.00   0.00   0.00
[217,]   0.00   0.00   0.00   0.00   0.00   0.00   0.00   0.00   0.00   0.00
[218,]   0.00   0.00   0.00   0.00   0.00   0.00   0.00   0.00   0.00   0.00
[219,]   0.00   0.00   0.00   0.00   0.00   0.00   0.00   0.00   0.00   0.00
[220,]   0.00   0.00   0.00   0.00   0.00   0.00   0.00   0.00   0.00   0.00
[221,]   0.00   0.00   0.00   0.00   0.00   0.00   0.00   0.00   0.00   0.00
[222,]   0.00   0.00   0.00   0.00   0.00   0.00   0.00   0.00   0.00   0.00
[223,]   0.00   0.00   0.00   0.00   0.00   0.00   0.00   0.00   0.00   0.00
[224,]   0.00   0.00   0.00   0.00   0.00   0.00   0.00   0.00   0.00   0.00
[225,]   0.00   0.00   0.00   0.00   0.00   0.00   0.00   0.00   0.00   0.00
[226,]   0.00   0.00   0.00   0.00   0.00   0.00   0.00   0.00   0.00   0.00
[227,]   0.00   0.00   0.00   0.00   0.00   0.00   0.00   0.00   0.00   0.00
[228,]   0.00   0.00   0.00   0.00   0.00   0.00   0.00   0.00   0.00   0.00
       [,318] [,319] [,320] [,321] [,322] [,323] [,324] [,325] [,326] [,327]
  [1,]   0.00   0.00   0.00   0.00   0.00   0.00   0.00   0.00   0.00   0.00
  [2,]   0.00   0.00   0.00   0.00   0.00   0.00   0.00   0.00   0.00   0.00
  [3,]   0.00   0.00   0.00   0.00   0.00   0.00   0.00   0.00   0.00   0.00
  [4,]   0.00   0.00   0.00   0.00   0.00   0.00   0.00   0.00   0.00   0.00
  [5,]   0.00   0.00   0.00   0.00   0.00   0.00   0.00   0.00   0.00   0.00
  [6,]   0.00   0.00   0.00   0.00   0.00   0.00   0.00   0.00   0.00   0.00
  [7,]   0.00   0.00   0.00   0.00   0.00   0.00   0.00   0.00   0.00   0.00
  [8,]   0.00   0.00   0.00   0.00   0.00   0.00   0.00   0.00   0.00   0.00
  [9,]   0.00   0.00   0.00   0.00   0.00   0.00   0.00   0.00   0.00   0.00
 [10,]   0.00   0.00   0.00   0.00   0.00   0.00   0.00   0.00   0.00   0.00
 [11,]   0.00   0.00   0.00   0.00   0.00   0.00   0.00   0.00   0.00   0.00
 [12,]   0.00   0.00   0.00   0.00   0.00   0.00   0.00   0.00   0.00   0.00
 [13,]   0.00   0.00   0.00   0.00   0.00   0.00   0.00   0.00   0.00   0.00
 [14,]   0.00   0.00   0.00   0.00   0.00   0.00   0.00   0.00   0.00   0.00
 [15,]   0.00   0.00   0.00   0.00   0.00   0.00   0.00   0.00   0.00   0.00
 [16,]   0.00   0.00   0.00   0.00   0.00   0.00   0.00   0.00   0.00   0.00
 [17,]   0.00   0.00   0.00   0.00   0.00   0.00   0.00   0.00   0.00   0.00
 [18,]   0.00   0.00   0.00   0.00   0.00   0.00   0.00   0.00   0.00   0.00
 [19,]   0.00   0.00   0.00   0.00   0.00   0.00   0.00   0.00   0.00   0.00
 [20,]   0.00   0.00   0.00   0.00   0.00   0.00   0.00   0.00   0.00   0.00
 [21,]   0.00   0.00   0.00   0.00   0.00   0.00   0.00   0.00   0.00   0.00
 [22,]   0.00   0.00   0.00   0.00   0.00   0.00   0.00   0.00   0.00   0.00
 [23,]   0.00   0.00   0.00   0.00   0.00   0.00   0.00   0.00   0.00   0.00
 [24,]   0.00   0.00   0.00   0.00   0.00   0.00   0.00   0.00   0.00   0.00
 [25,]   0.00   0.00   0.00   0.00   0.00   0.00   0.00   0.00   0.00   0.00
 [26,]   0.00   0.00   0.00   0.00   0.00   0.00   0.00   0.00   0.00   0.00
 [27,]   0.00   0.00   0.00   0.00   0.00   0.00   0.00   0.00   0.00   0.00
 [28,]   0.00   0.00   0.00   0.00   0.00   0.00   0.00   0.00   0.00   0.00
 [29,]   0.00   0.00   0.00   0.00   0.00   0.00   0.00   0.00   0.00   0.00
 [30,]   0.00   0.00   0.00   0.00   0.00   0.00   0.00   0.00   0.00   0.00
 [31,]   0.00   0.00   0.00   0.00   0.00   0.00   0.00   0.00   0.00   0.00
 [32,]   0.00   0.00   0.00   0.00   0.00   0.00   0.00   0.00   0.00   0.00
 [33,]   0.00   0.00   0.00   0.00   0.00   0.00   0.00   0.00   0.00   0.00
 [34,]   0.00   0.00   0.00   0.00   0.00   0.00   0.00   0.00   0.00   0.00
 [35,]   0.00   0.00   0.00   0.00   0.00   0.00   0.00   0.00   0.00   0.00
 [36,]   0.00   0.00   0.00   0.00   0.00   0.00   0.00   0.00   0.00   0.00
 [37,]   0.00   0.00   0.00   0.00   0.00   0.00   0.00   0.00   0.00   0.00
 [38,]   0.00   0.00   0.00   0.00   0.00   0.00   0.00   0.00   0.00   0.00
 [39,]   0.00   0.00   0.00   0.00   0.00   0.00   0.00   0.00   0.00   0.00
 [40,]   0.00   0.00   0.00   0.00   0.00   0.00   0.00   0.00   0.00   0.00
 [41,]   0.00   0.00   0.00   0.00   0.00   0.00   0.00   0.00   0.00   0.00
 [42,]   0.00   0.00   0.00   0.00   0.00   0.00   0.00   0.00   0.00   0.00
 [43,]   0.00   0.00   0.00   0.00   0.00   0.00   0.00   0.00   0.00   0.00
 [44,]   0.00   0.00   0.00   0.00   0.00   0.00   0.00   0.00   0.00   0.00
 [45,]   0.00   0.00   0.00   0.00   0.00   0.00   0.00   0.00   0.00   0.00
 [46,]   0.00   0.00   0.00   0.00   0.00   0.00   0.00   0.00   0.00   0.00
 [47,]   0.00   0.00   0.00   0.00   0.00   0.00   0.00   0.00   0.00   0.00
 [48,]   0.00   0.00   0.00   0.00   0.00   0.00   0.00   0.00   0.00   0.00
 [49,]   0.00   0.00   0.00   0.00   0.00   0.00   0.00   0.00   0.00   0.00
 [50,]   0.00   0.00   0.00   0.00   0.00   0.00   0.00   0.00   0.00   0.00
 [51,]   0.00   0.00   0.00   0.00   0.00   0.00   0.00   0.00   0.00   0.00
 [52,]   0.00   0.00   0.00   0.00   0.00   0.00   0.00   0.00   0.00   0.00
 [53,]   0.00   0.00   0.00   0.00   0.00   0.00   0.00   0.00   0.00   0.00
 [54,]   0.00   0.00   0.00   0.00   0.00   0.00   0.00   0.00   0.00   0.00
 [55,]   0.00   0.00   0.00   0.00   0.00   0.00   0.00   0.00   0.00   0.00
 [56,]   0.00   0.00   0.00   0.00   0.00   0.00   0.00   0.00   0.00   0.00
 [57,]   0.00   0.00   0.00   0.00   0.00   0.00   0.00   0.00   0.00   0.00
 [58,]   0.00   0.00   0.00   0.00   0.00   0.00   0.00   0.00   0.00   0.00
 [59,]   0.00   0.00   0.00   0.00   0.00   0.00   0.00   0.00   0.00   0.00
 [60,]   0.00   0.00   0.00   0.00   0.00   0.00   0.00   0.00   0.00   0.00
 [61,]   0.00   0.00   0.00   0.00   0.00   0.00   0.00   0.00   0.00   0.00
 [62,]   0.00   0.00   0.00   0.00   0.00   0.00   0.00   0.00   0.00   0.00
 [63,]   0.00   0.00   0.00   0.00   0.00   0.00   0.00   0.00   0.00   0.00
 [64,]   0.00   0.00   0.00   0.00   0.00   0.00   0.00   0.00   0.00   0.00
 [65,]   0.00   0.00   0.00   0.00   0.00   0.00   0.00   0.00   0.00   0.00
 [66,]   0.00   0.00   0.00   0.00   0.00   0.00   0.00   0.00   0.00   0.00
 [67,]   0.00   0.00   0.00   0.00   0.00   0.00   0.00   0.00   0.00   0.00
 [68,]   0.00   0.00   0.00   0.00   0.00   0.00   0.00   0.00   0.00   0.00
 [69,]   0.00   0.00   0.00   0.00   0.00   0.00   0.00   0.00   0.00   0.00
 [70,]   0.00   0.00   0.00   0.00   0.00   0.00   0.00   0.00   0.00   0.00
 [71,]   0.00   0.00   0.00   0.00   0.00   0.00   0.00   0.00   0.00   0.00
 [72,]   0.00   0.00   0.00   0.00   0.00   0.00   0.00   0.00   0.00   0.00
 [73,]   0.00   0.00   0.00   0.00   0.00   0.00   0.00   0.00   0.00   0.00
 [74,]   0.00   0.00   0.00   0.00   0.00   0.00   0.00   0.00   0.00   0.00
 [75,]   0.00   0.00   0.00   0.00   0.00   0.00   0.00   0.00   0.00   0.00
 [76,]   0.00   0.00   0.00   0.00   0.00   0.00   0.00   0.00   0.00   0.00
 [77,]   0.00   0.00   0.00   0.00   0.00   0.00   0.00   0.00   0.00   0.00
 [78,]   0.00   0.00   0.00   0.00   0.00   0.00   0.00   0.00   0.00   0.00
 [79,]   0.00   0.00   0.00   0.00   0.00   0.00   0.00   0.00   0.00   0.00
 [80,]   0.00   0.00   0.00   0.00   0.00   0.00   0.00   0.00   0.00   0.00
 [81,]   0.00   0.00   0.00   0.00   0.00   0.00   0.00   0.00   0.00   0.00
 [82,]   0.00   0.00   0.00   0.00   0.00   0.00   0.00   0.00   0.00   0.00
 [83,]   0.00   0.00   0.00   0.00   0.00   0.00   0.00   0.00   0.00   0.00
 [84,]   0.00   0.00   0.00   0.00   0.00   0.00   0.00   0.00   0.00   0.00
 [85,]   0.00   0.00   0.00   0.00   0.00   0.00   0.00   0.00   0.00   0.00
 [86,]   0.00   0.00   0.00   0.00   0.00   0.00   0.00   0.00   0.00   0.00
 [87,]   0.00   0.00   0.00   0.00   0.00   0.00   0.00   0.00   0.00   0.00
 [88,]   0.00   0.00   0.00   0.00   0.00   0.00   0.00   0.00   0.00   0.00
 [89,]   0.00   0.00   0.00   0.00   0.00   0.00   0.00   0.00   0.00   0.00
 [90,]   0.00   0.00   0.00   0.00   0.00   0.00   0.00   0.00   0.00   0.00
 [91,]   0.00   0.00   0.00   0.00   0.00   0.00   0.00   0.00   0.00   0.00
 [92,]   0.00   0.00   0.00   0.00   0.00   0.00   0.00   0.00   0.00   0.00
 [93,]   0.00   0.00   0.00   0.00   0.00   0.00   0.00   0.00   0.00   0.00
 [94,]   0.00   0.00   0.00   0.00   0.00   0.00   0.00   0.00   0.00   0.00
 [95,]   0.00   0.00   0.00   0.00   0.00   0.00   0.00   0.00   0.00   0.00
 [96,]   0.00   0.00   0.00   0.00   0.00   0.00   0.00   0.00   0.00   0.00
 [97,]   0.00   0.00   0.00   0.00   0.00   0.00   0.00   0.00   0.00   0.00
 [98,]   0.00   0.00   0.00   0.00   0.00   0.00   0.00   0.00   0.00   0.00
 [99,]   0.00   0.00   0.00   0.00   0.00   0.00   0.00   0.00   0.00   0.00
[100,]   0.00   0.00   0.00   0.00   0.00   0.00   0.00   0.00   0.00   0.00
[101,]   0.00   0.00   0.00   0.00   0.00   0.00   0.00   0.00   0.00   0.00
[102,]   0.00   0.00   0.00   0.00   0.00   0.00   0.00   0.00   0.00   0.00
[103,]   0.00   0.00   0.00   0.00   0.00   0.00   0.00   0.00   0.00   0.00
[104,]   0.00   0.00   0.00   0.00   0.00   0.00   0.00   0.00   0.00   0.00
[105,]   0.00   0.00   0.00   0.00   0.00   0.00   0.00   0.00   0.00   0.00
[106,]   0.00   0.00   0.00   0.00   0.00   0.00   0.00   0.00   0.00   0.00
[107,]   0.00   0.00   0.00   0.00   0.00   0.00   0.00   0.00   0.00   0.00
[108,]   0.00   0.00   0.00   0.00   0.00   0.00   0.00   0.00   0.00   0.00
[109,]   0.00   0.00   0.00   0.00   0.00   0.00   0.00   0.00   0.00   0.00
[110,]   0.00   0.00   0.00   0.00   0.00   0.00   0.00   0.00   0.00   0.00
[111,]   0.00   0.00   0.00   0.00   0.00   0.00   0.00   0.00   0.00   0.00
[112,]   0.00   0.00   0.00   0.00   0.00   0.00   0.00   0.00   0.00   0.00
[113,]   0.00   0.00   0.00   0.00   0.00   0.00   0.00   0.00   0.00   0.00
[114,]   0.00   0.00   0.00   0.00   0.00   0.00   0.00   0.00   0.00   0.00
[115,]   0.00   0.00   0.00   0.00   0.00   0.00   0.00   0.00   0.00   0.00
[116,]   0.00   0.00   0.00   0.00   0.00   0.00   0.00   0.00   0.00   0.00
[117,]   0.00   0.00   0.00   0.00   0.00   0.00   0.00   0.00   0.00   0.00
[118,]   0.00   0.00   0.00   0.00   0.00   0.00   0.00   0.00   0.00   0.00
[119,]   0.00   0.00   0.00   0.00   0.00   0.00   0.00   0.00   0.00   0.00
[120,]   0.00   0.00   0.00   0.00   0.00   0.00   0.00   0.00   0.00   0.00
[121,]   0.00   0.00   0.00   0.00   0.00   0.00   0.00   0.00   0.00   0.00
[122,]   0.00   0.00   0.00   0.00   0.00   0.00   0.00   0.00   0.00   0.00
[123,]   0.00   0.00   0.00   0.00   0.00   0.00   0.00   0.00   0.00   0.00
[124,]   0.00   0.00   0.00   0.00   0.00   0.00   0.00   0.00   0.00   0.00
[125,]   0.00   0.00   0.00   0.00   0.00   0.00   0.00   0.00   0.00   0.00
[126,]   0.00   0.00   0.00   0.00   0.00   0.00   0.00   0.00   0.00   0.00
[127,]   0.00   0.00   0.00   0.00   0.00   0.00   0.00   0.00   0.00   0.00
[128,]   0.00   0.00   0.00   0.00   0.00   0.00   0.00   0.00   0.00   0.00
[129,]   0.00   0.00   0.00   0.00   0.00   0.00   0.00   0.00   0.00   0.00
[130,]   0.00   0.00   0.00   0.00   0.00   0.00   0.00   0.00   0.00   0.00
[131,]   0.00   0.00   0.00   0.00   0.00   0.00   0.00   0.00   0.00   0.00
[132,]   0.00   0.00   0.00   0.00   0.00   0.00   0.00   0.00   0.00   0.00
[133,]   0.00   0.00   0.00   0.00   0.00   0.00   0.00   0.00   0.00   0.00
[134,]   0.00   0.00   0.00   0.00   0.00   0.00   0.00   0.00   0.00   0.00
[135,]   0.00   0.00   0.00   0.00   0.00   0.00   0.00   0.00   0.00   0.00
[136,]   0.00   0.00   0.00   0.00   0.00   0.00   0.00   0.00   0.00   0.00
[137,]   0.00   0.00   0.00   0.00   0.00   0.00   0.00   0.00   0.00   0.00
[138,]   0.00   0.00   0.00   0.00   0.00   0.00   0.00   0.00   0.00   0.00
[139,]   0.00   0.00   0.00   0.00   0.00   0.00   0.00   0.00   0.00   0.00
[140,]   0.00   0.00   0.00   0.00   0.00   0.00   0.00   0.00   0.00   0.00
[141,]   0.00   0.00   0.00   0.00   0.00   0.00   0.00   0.00   0.00   0.00
[142,]   0.00   0.00   0.00   0.00   0.00   0.00   0.00   0.00   0.00   0.00
[143,]   0.00   0.00   0.00   0.00   0.00   0.00   0.00   0.00   0.00   0.00
[144,]   0.00   0.00   0.00   0.00   0.00   0.00   0.00   0.00   0.00   0.00
[145,]   0.00   0.00   0.00   0.00   0.00   0.00   0.00   0.00   0.00   0.00
[146,]   0.00   0.00   0.00   0.00   0.00   0.00   0.00   0.00   0.00   0.00
[147,]   0.00   0.00   0.00   0.00   0.00   0.00   0.00   0.00   0.00   0.00
[148,]   0.00   0.00   0.00   0.00   0.00   0.00   0.00   0.00   0.00   0.00
[149,]   0.00   0.00   0.00   0.00   0.00   0.00   0.00   0.00   0.00   0.00
[150,]   0.00   0.00   0.00   0.00   0.00   0.00   0.00   0.00   0.00   0.00
[151,]   0.00   0.00   0.00   0.00   0.00   0.00   0.00   0.00   0.00   0.00
[152,]   0.00   0.00   0.00   0.00   0.00   0.00   0.00   0.00   0.00   0.00
[153,]   0.00   0.00   0.00   0.00   0.00   0.00   0.00   0.00   0.00   0.00
[154,]   0.00   0.00   0.00   0.00   0.00   0.00   0.00   0.00   0.00   0.00
[155,]   0.00   0.00   0.00   0.00   0.00   0.00   0.00   0.00   0.00   0.00
[156,]   0.00   0.00   0.00   0.00   0.00   0.00   0.00   0.00   0.00   0.00
[157,]   0.00   0.00   0.00   0.00   0.00   0.00   0.00   0.00   0.00   0.00
[158,]   0.00   0.00   0.00   0.00   0.00   0.00   0.00   0.00   0.00   0.00
[159,]   0.00   0.00   0.00   0.00   0.00   0.00   0.00   0.00   0.00   0.00
[160,]   0.00   0.00   0.00   0.00   0.00   0.00   0.00   0.00   0.00   0.00
[161,]   0.00   0.00   0.00   0.00   0.00   0.00   0.00   0.00   0.00   0.00
[162,]   0.00   0.00   0.00   0.00   0.00   0.00   0.00   0.00   0.00   0.00
[163,]   0.00   0.00   0.00   0.00   0.00   0.00   0.00   0.00   0.00   0.00
[164,]   0.00   0.00   0.00   0.00   0.00   0.00   0.00   0.00   0.00   0.00
[165,]   0.00   0.00   0.00   0.00   0.00   0.00   0.00   0.00   0.00   0.00
[166,]   0.00   0.00   0.00   0.00   0.00   0.00   0.00   0.00   0.00   0.00
[167,]   0.00   0.00   0.00   0.00   0.00   0.00   0.00   0.00   0.00   0.00
[168,]   0.00   0.00   0.00   0.00   0.00   0.00   0.00   0.00   0.00   0.00
[169,]   0.00   0.00   0.00   0.00   0.00   0.00   0.00   0.00   0.00   0.00
[170,]   0.00   0.00   0.00   0.00   0.00   0.00   0.00   0.00   0.00   0.00
[171,]   0.00   0.00   0.00   0.00   0.00   0.00   0.00   0.00   0.00   0.00
[172,]   0.00   0.00   0.00   0.00   0.00   0.00   0.00   0.00   0.00   0.00
[173,]   0.00   0.00   0.00   0.00   0.00   0.00   0.00   0.00   0.00   0.00
[174,]   0.00   0.00   0.00   0.00   0.00   0.00   0.00   0.00   0.00   0.00
[175,]   0.00   0.00   0.00   0.00   0.00   0.00   0.00   0.00   0.00   0.00
[176,]   0.00   0.00   0.00   0.00   0.00   0.00   0.00   0.00   0.00   0.00
[177,]   0.00   0.00   0.00   0.00   0.00   0.00   0.00   0.00   0.00   0.00
[178,]   0.00   0.00   0.00   0.00   0.00   0.00   0.00   0.00   0.00   0.00
[179,]   0.00   0.00   0.00   0.00   0.00   0.00   0.00   0.00   0.00   0.00
[180,]   0.00   0.00   0.00   0.00   0.00   0.00   0.00   0.00   0.00   0.00
[181,]   0.00   0.00   0.00   0.00   0.00   0.00   0.00   0.00   0.00   0.00
[182,]   0.00   0.00   0.00   0.00   0.00   0.00   0.00   0.00   0.00   0.00
[183,]   0.00   0.00   0.00   0.00   0.00   0.00   0.00   0.00   0.00   0.00
[184,]   0.00   0.00   0.00   0.00   0.00   0.00   0.00   0.00   0.00   0.00
[185,]   0.00   0.00   0.00   0.00   0.00   0.00   0.00   0.00   0.00   0.00
[186,]   0.00   0.00   0.00   0.00   0.00   0.00   0.00   0.00   0.00   0.00
[187,]   0.00   0.00   0.00   0.00   0.00   0.00   0.00   0.00   0.00   0.00
[188,]   0.00   0.00   0.00   0.00   0.00   0.00   0.00   0.00   0.00   0.00
[189,]   0.00   0.00   0.00   0.00   0.00   0.00   0.00   0.00   0.00   0.00
[190,]   0.00   0.00   0.00   0.00   0.00   0.00   0.00   0.00   0.00   0.00
[191,]   0.00   0.00   0.00   0.00   0.00   0.00   0.00   0.00   0.00   0.00
[192,]   0.00   0.00   0.00   0.00   0.00   0.00   0.00   0.00   0.00   0.00
[193,]   0.00   0.00   0.00   0.00   0.00   0.00   0.00   0.00   0.00   0.00
[194,]   0.00   0.00   0.00   0.00   0.00   0.00   0.00   0.00   0.00   0.00
[195,]   0.00   0.00   0.00   0.00   0.00   0.00   0.00   0.00   0.00   0.00
[196,]   0.00   0.00   0.00   0.00   0.00   0.00   0.00   0.00   0.00   0.00
[197,]   0.00   0.00   0.00   0.00   0.00   0.00   0.00   0.00   0.00   0.00
[198,]   0.00   0.00   0.00   0.00   0.00   0.00   0.00   0.00   0.00   0.00
[199,]   0.00   0.00   0.00   0.00   0.00   0.00   0.00   0.00   0.00   0.00
[200,]   0.00   0.00   0.00   0.00   0.00   0.00   0.00   0.00   0.00   0.00
[201,]   0.00   0.00   0.00   0.00   0.00   0.00   0.00   0.00   0.00   0.00
[202,]   0.00   0.00   0.00   0.00   0.00   0.00   0.00   0.00   0.00   0.00
[203,]   0.00   0.00   0.00   0.00   0.00   0.00   0.00   0.00   0.00   0.00
[204,]   0.00   0.00   0.00   0.00   0.00   0.00   0.00   0.00   0.00   0.00
[205,]   0.00   0.00   0.00   0.00   0.00   0.00   0.00   0.00   0.00   0.00
[206,]   0.00   0.00   0.00   0.00   0.00   0.00   0.00   0.00   0.00   0.00
[207,]   0.00   0.00   0.00   0.00   0.00   0.00   0.00   0.00   0.00   0.00
[208,]   0.00   0.00   0.00   0.00   0.00   0.00   0.00   0.00   0.00   0.00
[209,]   0.00   0.00   0.00   0.00   0.00   0.00   0.00   0.00   0.00   0.00
[210,]   0.00   0.00   0.00   0.00   0.00   0.00   0.00   0.00   0.00   0.00
[211,]   0.00   0.00   0.00   0.00   0.00   0.00   0.00   0.00   0.00   0.00
[212,]   0.00   0.00   0.00   0.00   0.00   0.00   0.00   0.00   0.00   0.00
[213,]   0.00   0.00   0.00   0.00   0.00   0.00   0.00   0.00   0.00   0.00
[214,]   0.00   0.00   0.00   0.00   0.00   0.00   0.00   0.00   0.00   0.00
[215,]   0.00   0.00   0.00   0.00   0.00   0.00   0.00   0.00   0.00   0.00
[216,]   0.00   0.00   0.00   0.00   0.00   0.00   0.00   0.00   0.00   0.00
[217,]   0.00   0.00   0.00   0.00   0.00   0.00   0.00   0.00   0.00   0.00
[218,]   0.00   0.00   0.00   0.00   0.00   0.00   0.00   0.00   0.00   0.00
[219,]   0.00   0.00   0.00   0.00   0.00   0.00   0.00   0.00   0.00   0.00
[220,]   0.00   0.00   0.00   0.00   0.00   0.00   0.00   0.00   0.00   0.00
[221,]   0.00   0.00   0.00   0.00   0.00   0.00   0.00   0.00   0.00   0.00
[222,]   0.00   0.00   0.00   0.00   0.00   0.00   0.00   0.00   0.00   0.00
[223,]   0.00   0.00   0.00   0.00   0.00   0.00   0.00   0.00   0.00   0.00
[224,]   0.00   0.00   0.00   0.00   0.00   0.00   0.00   0.00   0.00   0.00
[225,]   0.00   0.00   0.00   0.00   0.00   0.00   0.00   0.00   0.00   0.00
[226,]   0.00   0.00   0.00   0.00   0.00   0.00   0.00   0.00   0.00   0.00
[227,]   0.00   0.00   0.00   0.00   0.00   0.00   0.00   0.00   0.00   0.00
[228,]   0.00   0.00   0.00   0.00   0.00   0.00   0.00   0.00   0.00   0.00
       [,328] [,329] [,330] [,331] [,332] [,333] [,334] [,335] [,336] [,337]
  [1,]   0.00   0.00   0.00   0.00   0.00   0.00   0.00   0.00   0.00   0.00
  [2,]   0.00   0.00   0.00   0.00   0.00   0.00   0.00   0.00   0.00   0.00
  [3,]   0.00   0.00   0.00   0.00   0.00   0.00   0.00   0.00   0.00   0.00
  [4,]   0.00   0.00   0.00   0.00   0.00   0.00   0.00   0.00   0.00   0.00
  [5,]   0.00   0.00   0.00   0.00   0.00   0.00   0.00   0.00   0.00   0.00
  [6,]   0.00   0.00   0.00   0.00   0.00   0.00   0.00   0.00   0.00   0.00
  [7,]   0.00   0.00   0.00   0.00   0.00   0.00   0.00   0.00   0.00   0.00
  [8,]   0.00   0.00   0.00   0.00   0.00   0.00   0.00   0.00   0.00   0.00
  [9,]   0.00   0.00   0.00   0.00   0.00   0.00   0.00   0.00   0.00   0.00
 [10,]   0.00   0.00   0.00   0.00   0.00   0.00   0.00   0.00   0.00   0.00
 [11,]   0.00   0.00   0.00   0.00   0.00   0.00   0.00   0.00   0.00   0.00
 [12,]   0.00   0.00   0.00   0.00   0.00   0.00   0.00   0.00   0.00   0.00
 [13,]   0.00   0.00   0.00   0.00   0.00   0.00   0.00   0.00   0.00   0.00
 [14,]   0.00   0.00   0.00   0.00   0.00   0.00   0.00   0.00   0.00   0.00
 [15,]   0.00   0.00   0.00   0.00   0.00   0.00   0.00   0.00   0.00   0.00
 [16,]   0.00   0.00   0.00   0.00   0.00   0.00   0.00   0.00   0.00   0.00
 [17,]   0.00   0.00   0.00   0.00   0.00   0.00   0.00   0.00   0.00   0.00
 [18,]   0.00   0.00   0.00   0.00   0.00   0.00   0.00   0.00   0.00   0.00
 [19,]   0.00   0.00   0.00   0.00   0.00   0.00   0.00   0.00   0.00   0.00
 [20,]   0.00   0.00   0.00   0.00   0.00   0.00   0.00   0.00   0.00   0.00
 [21,]   0.00   0.00   0.00   0.00   0.00   0.00   0.00   0.00   0.00   0.00
 [22,]   0.00   0.00   0.00   0.00   0.00   0.00   0.00   0.00   0.00   0.00
 [23,]   0.00   0.00   0.00   0.00   0.00   0.00   0.00   0.00   0.00   0.00
 [24,]   0.00   0.00   0.00   0.00   0.00   0.00   0.00   0.00   0.00   0.00
 [25,]   0.00   0.00   0.00   0.00   0.00   0.00   0.00   0.00   0.00   0.00
 [26,]   0.00   0.00   0.00   0.00   0.00   0.00   0.00   0.00   0.00   0.00
 [27,]   0.00   0.00   0.00   0.00   0.00   0.00   0.00   0.00   0.00   0.00
 [28,]   0.00   0.00   0.00   0.00   0.00   0.00   0.00   0.00   0.00   0.00
 [29,]   0.00   0.00   0.00   0.00   0.00   0.00   0.00   0.00   0.00   0.00
 [30,]   0.00   0.00   0.00   0.00   0.00   0.00   0.00   0.00   0.00   0.00
 [31,]   0.00   0.00   0.00   0.00   0.00   0.00   0.00   0.00   0.00   0.00
 [32,]   0.00   0.00   0.00   0.00   0.00   0.00   0.00   0.00   0.00   0.00
 [33,]   0.00   0.00   0.00   0.00   0.00   0.00   0.00   0.00   0.00   0.00
 [34,]   0.00   0.00   0.00   0.00   0.00   0.00   0.00   0.00   0.00   0.00
 [35,]   0.00   0.00   0.00   0.00   0.00   0.00   0.00   0.00   0.00   0.00
 [36,]   0.00   0.00   0.00   0.00   0.00   0.00   0.00   0.00   0.00   0.00
 [37,]   0.00   0.00   0.00   0.00   0.00   0.00   0.00   0.00   0.00   0.00
 [38,]   0.00   0.00   0.00   0.00   0.00   0.00   0.00   0.00   0.00   0.00
 [39,]   0.00   0.00   0.00   0.00   0.00   0.00   0.00   0.00   0.00   0.00
 [40,]   0.00   0.00   0.00   0.00   0.00   0.00   0.00   0.00   0.00   0.00
 [41,]   0.00   0.00   0.00   0.00   0.00   0.00   0.00   0.00   0.00   0.00
 [42,]   0.00   0.00   0.00   0.00   0.00   0.00   0.00   0.00   0.00   0.00
 [43,]   0.00   0.00   0.00   0.00   0.00   0.00   0.00   0.00   0.00   0.00
 [44,]   0.00   0.00   0.00   0.00   0.00   0.00   0.00   0.00   0.00   0.00
 [45,]   0.00   0.00   0.00   0.00   0.00   0.00   0.00   0.00   0.00   0.00
 [46,]   0.00   0.00   0.00   0.00   0.00   0.00   0.00   0.00   0.00   0.00
 [47,]   0.00   0.00   0.00   0.00   0.00   0.00   0.00   0.00   0.00   0.00
 [48,]   0.00   0.00   0.00   0.00   0.00   0.00   0.00   0.00   0.00   0.00
 [49,]   0.00   0.00   0.00   0.00   0.00   0.00   0.00   0.00   0.00   0.00
 [50,]   0.00   0.00   0.00   0.00   0.00   0.00   0.00   0.00   0.00   0.00
 [51,]   0.00   0.00   0.00   0.00   0.00   0.00   0.00   0.00   0.00   0.00
 [52,]   0.00   0.00   0.00   0.00   0.00   0.00   0.00   0.00   0.00   0.00
 [53,]   0.00   0.00   0.00   0.00   0.00   0.00   0.00   0.00   0.00   0.00
 [54,]   0.00   0.00   0.00   0.00   0.00   0.00   0.00   0.00   0.00   0.00
 [55,]   0.00   0.00   0.00   0.00   0.00   0.00   0.00   0.00   0.00   0.00
 [56,]   0.00   0.00   0.00   0.00   0.00   0.00   0.00   0.00   0.00   0.00
 [57,]   0.00   0.00   0.00   0.00   0.00   0.00   0.00   0.00   0.00   0.00
 [58,]   0.00   0.00   0.00   0.00   0.00   0.00   0.00   0.00   0.00   0.00
 [59,]   0.00   0.00   0.00   0.00   0.00   0.00   0.00   0.00   0.00   0.00
 [60,]   0.00   0.00   0.00   0.00   0.00   0.00   0.00   0.00   0.00   0.00
 [61,]   0.00   0.00   0.00   0.00   0.00   0.00   0.00   0.00   0.00   0.00
 [62,]   0.00   0.00   0.00   0.00   0.00   0.00   0.00   0.00   0.00   0.00
 [63,]   0.00   0.00   0.00   0.00   0.00   0.00   0.00   0.00   0.00   0.00
 [64,]   0.00   0.00   0.00   0.00   0.00   0.00   0.00   0.00   0.00   0.00
 [65,]   0.00   0.00   0.00   0.00   0.00   0.00   0.00   0.00   0.00   0.00
 [66,]   0.00   0.00   0.00   0.00   0.00   0.00   0.00   0.00   0.00   0.00
 [67,]   0.00   0.00   0.00   0.00   0.00   0.00   0.00   0.00   0.00   0.00
 [68,]   0.00   0.00   0.00   0.00   0.00   0.00   0.00   0.00   0.00   0.00
 [69,]   0.00   0.00   0.00   0.00   0.00   0.00   0.00   0.00   0.00   0.00
 [70,]   0.00   0.00   0.00   0.00   0.00   0.00   0.00   0.00   0.00   0.00
 [71,]   0.00   0.00   0.00   0.00   0.00   0.00   0.00   0.00   0.00   0.00
 [72,]   0.00   0.00   0.00   0.00   0.00   0.00   0.00   0.00   0.00   0.00
 [73,]   0.00   0.00   0.00   0.00   0.00   0.00   0.00   0.00   0.00   0.00
 [74,]   0.00   0.00   0.00   0.00   0.00   0.00   0.00   0.00   0.00   0.00
 [75,]   0.00   0.00   0.00   0.00   0.00   0.00   0.00   0.00   0.00   0.00
 [76,]   0.00   0.00   0.00   0.00   0.00   0.00   0.00   0.00   0.00   0.00
 [77,]   0.00   0.00   0.00   0.00   0.00   0.00   0.00   0.00   0.00   0.00
 [78,]   0.00   0.00   0.00   0.00   0.00   0.00   0.00   0.00   0.00   0.00
 [79,]   0.00   0.00   0.00   0.00   0.00   0.00   0.00   0.00   0.00   0.00
 [80,]   0.00   0.00   0.00   0.00   0.00   0.00   0.00   0.00   0.00   0.00
 [81,]   0.00   0.00   0.00   0.00   0.00   0.00   0.00   0.00   0.00   0.00
 [82,]   0.00   0.00   0.00   0.00   0.00   0.00   0.00   0.00   0.00   0.00
 [83,]   0.00   0.00   0.00   0.00   0.00   0.00   0.00   0.00   0.00   0.00
 [84,]   0.00   0.00   0.00   0.00   0.00   0.00   0.00   0.00   0.00   0.00
 [85,]   0.00   0.00   0.00   0.00   0.00   0.00   0.00   0.00   0.00   0.00
 [86,]   0.00   0.00   0.00   0.00   0.00   0.00   0.00   0.00   0.00   0.00
 [87,]   0.00   0.00   0.00   0.00   0.00   0.00   0.00   0.00   0.00   0.00
 [88,]   0.00   0.00   0.00   0.00   0.00   0.00   0.00   0.00   0.00   0.00
 [89,]   0.00   0.00   0.00   0.00   0.00   0.00   0.00   0.00   0.00   0.00
 [90,]   0.00   0.00   0.00   0.00   0.00   0.00   0.00   0.00   0.00   0.00
 [91,]   0.00   0.00   0.00   0.00   0.00   0.00   0.00   0.00   0.00   0.00
 [92,]   0.00   0.00   0.00   0.00   0.00   0.00   0.00   0.00   0.00   0.00
 [93,]   0.00   0.00   0.00   0.00   0.00   0.00   0.00   0.00   0.00   0.00
 [94,]   0.00   0.00   0.00   0.00   0.00   0.00   0.00   0.00   0.00   0.00
 [95,]   0.00   0.00   0.00   0.00   0.00   0.00   0.00   0.00   0.00   0.00
 [96,]   0.00   0.00   0.00   0.00   0.00   0.00   0.00   0.00   0.00   0.00
 [97,]   0.00   0.00   0.00   0.00   0.00   0.00   0.00   0.00   0.00   0.00
 [98,]   0.00   0.00   0.00   0.00   0.00   0.00   0.00   0.00   0.00   0.00
 [99,]   0.00   0.00   0.00   0.00   0.00   0.00   0.00   0.00   0.00   0.00
[100,]   0.00   0.00   0.00   0.00   0.00   0.00   0.00   0.00   0.00   0.00
[101,]   0.00   0.00   0.00   0.00   0.00   0.00   0.00   0.00   0.00   0.00
[102,]   0.00   0.00   0.00   0.00   0.00   0.00   0.00   0.00   0.00   0.00
[103,]   0.00   0.00   0.00   0.00   0.00   0.00   0.00   0.00   0.00   0.00
[104,]   0.00   0.00   0.00   0.00   0.00   0.00   0.00   0.00   0.00   0.00
[105,]   0.00   0.00   0.00   0.00   0.00   0.00   0.00   0.00   0.00   0.00
[106,]   0.00   0.00   0.00   0.00   0.00   0.00   0.00   0.00   0.00   0.00
[107,]   0.00   0.00   0.00   0.00   0.00   0.00   0.00   0.00   0.00   0.00
[108,]   0.00   0.00   0.00   0.00   0.00   0.00   0.00   0.00   0.00   0.00
[109,]   0.00   0.00   0.00   0.00   0.00   0.00   0.00   0.00   0.00   0.00
[110,]   0.00   0.00   0.00   0.00   0.00   0.00   0.00   0.00   0.00   0.00
[111,]   0.00   0.00   0.00   0.00   0.00   0.00   0.00   0.00   0.00   0.00
[112,]   0.00   0.00   0.00   0.00   0.00   0.00   0.00   0.00   0.00   0.00
[113,]   0.00   0.00   0.00   0.00   0.00   0.00   0.00   0.00   0.00   0.00
[114,]   0.00   0.00   0.00   0.00   0.00   0.00   0.00   0.00   0.00   0.00
[115,]   0.00   0.00   0.00   0.00   0.00   0.00   0.00   0.00   0.00   0.00
[116,]   0.00   0.00   0.00   0.00   0.00   0.00   0.00   0.00   0.00   0.00
[117,]   0.00   0.00   0.00   0.00   0.00   0.00   0.00   0.00   0.00   0.00
[118,]   0.00   0.00   0.00   0.00   0.00   0.00   0.00   0.00   0.00   0.00
[119,]   0.00   0.00   0.00   0.00   0.00   0.00   0.00   0.00   0.00   0.00
[120,]   0.00   0.00   0.00   0.00   0.00   0.00   0.00   0.00   0.00   0.00
[121,]   0.00   0.00   0.00   0.00   0.00   0.00   0.00   0.00   0.00   0.00
[122,]   0.00   0.00   0.00   0.00   0.00   0.00   0.00   0.00   0.00   0.00
[123,]   0.00   0.00   0.00   0.00   0.00   0.00   0.00   0.00   0.00   0.00
[124,]   0.00   0.00   0.00   0.00   0.00   0.00   0.00   0.00   0.00   0.00
[125,]   0.00   0.00   0.00   0.00   0.00   0.00   0.00   0.00   0.00   0.00
[126,]   0.00   0.00   0.00   0.00   0.00   0.00   0.00   0.00   0.00   0.00
[127,]   0.00   0.00   0.00   0.00   0.00   0.00   0.00   0.00   0.00   0.00
[128,]   0.00   0.00   0.00   0.00   0.00   0.00   0.00   0.00   0.00   0.00
[129,]   0.00   0.00   0.00   0.00   0.00   0.00   0.00   0.00   0.00   0.00
[130,]   0.00   0.00   0.00   0.00   0.00   0.00   0.00   0.00   0.00   0.00
[131,]   0.00   0.00   0.00   0.00   0.00   0.00   0.00   0.00   0.00   0.00
[132,]   0.00   0.00   0.00   0.00   0.00   0.00   0.00   0.00   0.00   0.00
[133,]   0.00   0.00   0.00   0.00   0.00   0.00   0.00   0.00   0.00   0.00
[134,]   0.00   0.00   0.00   0.00   0.00   0.00   0.00   0.00   0.00   0.00
[135,]   0.00   0.00   0.00   0.00   0.00   0.00   0.00   0.00   0.00   0.00
[136,]   0.00   0.00   0.00   0.00   0.00   0.00   0.00   0.00   0.00   0.00
[137,]   0.00   0.00   0.00   0.00   0.00   0.00   0.00   0.00   0.00   0.00
[138,]   0.00   0.00   0.00   0.00   0.00   0.00   0.00   0.00   0.00   0.00
[139,]   0.00   0.00   0.00   0.00   0.00   0.00   0.00   0.00   0.00   0.00
[140,]   0.00   0.00   0.00   0.00   0.00   0.00   0.00   0.00   0.00   0.00
[141,]   0.00   0.00   0.00   0.00   0.00   0.00   0.00   0.00   0.00   0.00
[142,]   0.00   0.00   0.00   0.00   0.00   0.00   0.00   0.00   0.00   0.00
[143,]   0.00   0.00   0.00   0.00   0.00   0.00   0.00   0.00   0.00   0.00
[144,]   0.00   0.00   0.00   0.00   0.00   0.00   0.00   0.00   0.00   0.00
[145,]   0.00   0.00   0.00   0.00   0.00   0.00   0.00   0.00   0.00   0.00
[146,]   0.00   0.00   0.00   0.00   0.00   0.00   0.00   0.00   0.00   0.00
[147,]   0.00   0.00   0.00   0.00   0.00   0.00   0.00   0.00   0.00   0.00
[148,]   0.00   0.00   0.00   0.00   0.00   0.00   0.00   0.00   0.00   0.00
[149,]   0.00   0.00   0.00   0.00   0.00   0.00   0.00   0.00   0.00   0.00
[150,]   0.00   0.00   0.00   0.00   0.00   0.00   0.00   0.00   0.00   0.00
[151,]   0.00   0.00   0.00   0.00   0.00   0.00   0.00   0.00   0.00   0.00
[152,]   0.00   0.00   0.00   0.00   0.00   0.00   0.00   0.00   0.00   0.00
[153,]   0.00   0.00   0.00   0.00   0.00   0.00   0.00   0.00   0.00   0.00
[154,]   0.00   0.00   0.00   0.00   0.00   0.00   0.00   0.00   0.00   0.00
[155,]   0.00   0.00   0.00   0.00   0.00   0.00   0.00   0.00   0.00   0.00
[156,]   0.00   0.00   0.00   0.00   0.00   0.00   0.00   0.00   0.00   0.00
[157,]   0.00   0.00   0.00   0.00   0.00   0.00   0.00   0.00   0.00   0.00
[158,]   0.00   0.00   0.00   0.00   0.00   0.00   0.00   0.00   0.00   0.00
[159,]   0.00   0.00   0.00   0.00   0.00   0.00   0.00   0.00   0.00   0.00
[160,]   0.00   0.00   0.00   0.00   0.00   0.00   0.00   0.00   0.00   0.00
[161,]   0.00   0.00   0.00   0.00   0.00   0.00   0.00   0.00   0.00   0.00
[162,]   0.00   0.00   0.00   0.00   0.00   0.00   0.00   0.00   0.00   0.00
[163,]   0.00   0.00   0.00   0.00   0.00   0.00   0.00   0.00   0.00   0.00
[164,]   0.00   0.00   0.00   0.00   0.00   0.00   0.00   0.00   0.00   0.00
[165,]   0.00   0.00   0.00   0.00   0.00   0.00   0.00   0.00   0.00   0.00
[166,]   0.00   0.00   0.00   0.00   0.00   0.00   0.00   0.00   0.00   0.00
[167,]   0.00   0.00   0.00   0.00   0.00   0.00   0.00   0.00   0.00   0.00
[168,]   0.00   0.00   0.00   0.00   0.00   0.00   0.00   0.00   0.00   0.00
[169,]   0.00   0.00   0.00   0.00   0.00   0.00   0.00   0.00   0.00   0.00
[170,]   0.00   0.00   0.00   0.00   0.00   0.00   0.00   0.00   0.00   0.00
[171,]   0.00   0.00   0.00   0.00   0.00   0.00   0.00   0.00   0.00   0.00
[172,]   0.00   0.00   0.00   0.00   0.00   0.00   0.00   0.00   0.00   0.00
[173,]   0.00   0.00   0.00   0.00   0.00   0.00   0.00   0.00   0.00   0.00
[174,]   0.00   0.00   0.00   0.00   0.00   0.00   0.00   0.00   0.00   0.00
[175,]   0.00   0.00   0.00   0.00   0.00   0.00   0.00   0.00   0.00   0.00
[176,]   0.00   0.00   0.00   0.00   0.00   0.00   0.00   0.00   0.00   0.00
[177,]   0.00   0.00   0.00   0.00   0.00   0.00   0.00   0.00   0.00   0.00
[178,]   0.00   0.00   0.00   0.00   0.00   0.00   0.00   0.00   0.00   0.00
[179,]   0.00   0.00   0.00   0.00   0.00   0.00   0.00   0.00   0.00   0.00
[180,]   0.00   0.00   0.00   0.00   0.00   0.00   0.00   0.00   0.00   0.00
[181,]   0.00   0.00   0.00   0.00   0.00   0.00   0.00   0.00   0.00   0.00
[182,]   0.00   0.00   0.00   0.00   0.00   0.00   0.00   0.00   0.00   0.00
[183,]   0.00   0.00   0.00   0.00   0.00   0.00   0.00   0.00   0.00   0.00
[184,]   0.00   0.00   0.00   0.00   0.00   0.00   0.00   0.00   0.00   0.00
[185,]   0.00   0.00   0.00   0.00   0.00   0.00   0.00   0.00   0.00   0.00
[186,]   0.00   0.00   0.00   0.00   0.00   0.00   0.00   0.00   0.00   0.00
[187,]   0.00   0.00   0.00   0.00   0.00   0.00   0.00   0.00   0.00   0.00
[188,]   0.00   0.00   0.00   0.00   0.00   0.00   0.00   0.00   0.00   0.00
[189,]   0.00   0.00   0.00   0.00   0.00   0.00   0.00   0.00   0.00   0.00
[190,]   0.00   0.00   0.00   0.00   0.00   0.00   0.00   0.00   0.00   0.00
[191,]   0.00   0.00   0.00   0.00   0.00   0.00   0.00   0.00   0.00   0.00
[192,]   0.00   0.00   0.00   0.00   0.00   0.00   0.00   0.00   0.00   0.00
[193,]   0.00   0.00   0.00   0.00   0.00   0.00   0.00   0.00   0.00   0.00
[194,]   0.00   0.00   0.00   0.00   0.00   0.00   0.00   0.00   0.00   0.00
[195,]   0.00   0.00   0.00   0.00   0.00   0.00   0.00   0.00   0.00   0.00
[196,]   0.00   0.00   0.00   0.00   0.00   0.00   0.00   0.00   0.00   0.00
[197,]   0.00   0.00   0.00   0.00   0.00   0.00   0.00   0.00   0.00   0.00
[198,]   0.00   0.00   0.00   0.00   0.00   0.00   0.00   0.00   0.00   0.00
[199,]   0.00   0.00   0.00   0.00   0.00   0.00   0.00   0.00   0.00   0.00
[200,]   0.00   0.00   0.00   0.00   0.00   0.00   0.00   0.00   0.00   0.00
[201,]   0.00   0.00   0.00   0.00   0.00   0.00   0.00   0.00   0.00   0.00
[202,]   0.00   0.00   0.00   0.00   0.00   0.00   0.00   0.00   0.00   0.00
[203,]   0.00   0.00   0.00   0.00   0.00   0.00   0.00   0.00   0.00   0.00
[204,]   0.00   0.00   0.00   0.00   0.00   0.00   0.00   0.00   0.00   0.00
[205,]   0.00   0.00   0.00   0.00   0.00   0.00   0.00   0.00   0.00   0.00
[206,]   0.00   0.00   0.00   0.00   0.00   0.00   0.00   0.00   0.00   0.00
[207,]   0.00   0.00   0.00   0.00   0.00   0.00   0.00   0.00   0.00   0.00
[208,]   0.00   0.00   0.00   0.00   0.00   0.00   0.00   0.00   0.00   0.00
[209,]   0.00   0.00   0.00   0.00   0.00   0.00   0.00   0.00   0.00   0.00
[210,]   0.00   0.00   0.00   0.00   0.00   0.00   0.00   0.00   0.00   0.00
[211,]   0.00   0.00   0.00   0.00   0.00   0.00   0.00   0.00   0.00   0.00
[212,]   0.00   0.00   0.00   0.00   0.00   0.00   0.00   0.00   0.00   0.00
[213,]   0.00   0.00   0.00   0.00   0.00   0.00   0.00   0.00   0.00   0.00
[214,]   0.00   0.00   0.00   0.00   0.00   0.00   0.00   0.00   0.00   0.00
[215,]   0.00   0.00   0.00   0.00   0.00   0.00   0.00   0.00   0.00   0.00
[216,]   0.00   0.00   0.00   0.00   0.00   0.00   0.00   0.00   0.00   0.00
[217,]   0.00   0.00   0.00   0.00   0.00   0.00   0.00   0.00   0.00   0.00
[218,]   0.00   0.00   0.00   0.00   0.00   0.00   0.00   0.00   0.00   0.00
[219,]   0.00   0.00   0.00   0.00   0.00   0.00   0.00   0.00   0.00   0.00
[220,]   0.00   0.00   0.00   0.00   0.00   0.00   0.00   0.00   0.00   0.00
[221,]   0.00   0.00   0.00   0.00   0.00   0.00   0.00   0.00   0.00   0.00
[222,]   0.00   0.00   0.00   0.00   0.00   0.00   0.00   0.00   0.00   0.00
[223,]   0.00   0.00   0.00   0.00   0.00   0.00   0.00   0.00   0.00   0.00
[224,]   0.00   0.00   0.00   0.00   0.00   0.00   0.00   0.00   0.00   0.00
[225,]   0.00   0.00   0.00   0.00   0.00   0.00   0.00   0.00   0.00   0.00
[226,]   0.00   0.00   0.00   0.00   0.00   0.00   0.00   0.00   0.00   0.00
[227,]   0.00   0.00   0.00   0.00   0.00   0.00   0.00   0.00   0.00   0.00
[228,]   0.00   0.00   0.00   0.00   0.00   0.00   0.00   0.00   0.00   0.00
       [,338] [,339] [,340] [,341] [,342] [,343] [,344] [,345] [,346] [,347]
  [1,]   0.00   0.00   0.00   0.00   0.00   0.00   0.00   0.00   0.00   0.00
  [2,]   0.00   0.00   0.00   0.00   0.00   0.00   0.00   0.00   0.00   0.00
  [3,]   0.00   0.00   0.00   0.00   0.00   0.00   0.00   0.00   0.00   0.00
  [4,]   0.00   0.00   0.00   0.00   0.00   0.00   0.00   0.00   0.00   0.00
  [5,]   0.00   0.00   0.00   0.00   0.00   0.00   0.00   0.00   0.00   0.00
  [6,]   0.00   0.00   0.00   0.00   0.00   0.00   0.00   0.00   0.00   0.00
  [7,]   0.00   0.00   0.00   0.00   0.00   0.00   0.00   0.00   0.00   0.00
  [8,]   0.00   0.00   0.00   0.00   0.00   0.00   0.00   0.00   0.00   0.00
  [9,]   0.00   0.00   0.00   0.00   0.00   0.00   0.00   0.00   0.00   0.00
 [10,]   0.00   0.00   0.00   0.00   0.00   0.00   0.00   0.00   0.00   0.00
 [11,]   0.00   0.00   0.00   0.00   0.00   0.00   0.00   0.00   0.00   0.00
 [12,]   0.00   0.00   0.00   0.00   0.00   0.00   0.00   0.00   0.00   0.00
 [13,]   0.00   0.00   0.00   0.00   0.00   0.00   0.00   0.00   0.00   0.00
 [14,]   0.00   0.00   0.00   0.00   0.00   0.00   0.00   0.00   0.00   0.00
 [15,]   0.00   0.00   0.00   0.00   0.00   0.00   0.00   0.00   0.00   0.00
 [16,]   0.00   0.00   0.00   0.00   0.00   0.00   0.00   0.00   0.00   0.00
 [17,]   0.00   0.00   0.00   0.00   0.00   0.00   0.00   0.00   0.00   0.00
 [18,]   0.00   0.00   0.00   0.00   0.00   0.00   0.00   0.00   0.00   0.00
 [19,]   0.00   0.00   0.00   0.00   0.00   0.00   0.00   0.00   0.00   0.00
 [20,]   0.00   0.00   0.00   0.00   0.00   0.00   0.00   0.00   0.00   0.00
 [21,]   0.00   0.00   0.00   0.00   0.00   0.00   0.00   0.00   0.00   0.00
 [22,]   0.00   0.00   0.00   0.00   0.00   0.00   0.00   0.00   0.00   0.00
 [23,]   0.00   0.00   0.00   0.00   0.00   0.00   0.00   0.00   0.00   0.00
 [24,]   0.00   0.00   0.00   0.00   0.00   0.00   0.00   0.00   0.00   0.00
 [25,]   0.00   0.00   0.00   0.00   0.00   0.00   0.00   0.00   0.00   0.00
 [26,]   0.00   0.00   0.00   0.00   0.00   0.00   0.00   0.00   0.00   0.00
 [27,]   0.00   0.00   0.00   0.00   0.00   0.00   0.00   0.00   0.00   0.00
 [28,]   0.00   0.00   0.00   0.00   0.00   0.00   0.00   0.00   0.00   0.00
 [29,]   0.00   0.00   0.00   0.00   0.00   0.00   0.00   0.00   0.00   0.00
 [30,]   0.00   0.00   0.00   0.00   0.00   0.00   0.00   0.00   0.00   0.00
 [31,]   0.00   0.00   0.00   0.00   0.00   0.00   0.00   0.00   0.00   0.00
 [32,]   0.00   0.00   0.00   0.00   0.00   0.00   0.00   0.00   0.00   0.00
 [33,]   0.00   0.00   0.00   0.00   0.00   0.00   0.00   0.00   0.00   0.00
 [34,]   0.00   0.00   0.00   0.00   0.00   0.00   0.00   0.00   0.00   0.00
 [35,]   0.00   0.00   0.00   0.00   0.00   0.00   0.00   0.00   0.00   0.00
 [36,]   0.00   0.00   0.00   0.00   0.00   0.00   0.00   0.00   0.00   0.00
 [37,]   0.00   0.00   0.00   0.00   0.00   0.00   0.00   0.00   0.00   0.00
 [38,]   0.00   0.00   0.00   0.00   0.00   0.00   0.00   0.00   0.00   0.00
 [39,]   0.00   0.00   0.00   0.00   0.00   0.00   0.00   0.00   0.00   0.00
 [40,]   0.00   0.00   0.00   0.00   0.00   0.00   0.00   0.00   0.00   0.00
 [41,]   0.00   0.00   0.00   0.00   0.00   0.00   0.00   0.00   0.00   0.00
 [42,]   0.00   0.00   0.00   0.00   0.00   0.00   0.00   0.00   0.00   0.00
 [43,]   0.00   0.00   0.00   0.00   0.00   0.00   0.00   0.00   0.00   0.00
 [44,]   0.00   0.00   0.00   0.00   0.00   0.00   0.00   0.00   0.00   0.00
 [45,]   0.00   0.00   0.00   0.00   0.00   0.00   0.00   0.00   0.00   0.00
 [46,]   0.00   0.00   0.00   0.00   0.00   0.00   0.00   0.00   0.00   0.00
 [47,]   0.00   0.00   0.00   0.00   0.00   0.00   0.00   0.00   0.00   0.00
 [48,]   0.00   0.00   0.00   0.00   0.00   0.00   0.00   0.00   0.00   0.00
 [49,]   0.00   0.00   0.00   0.00   0.00   0.00   0.00   0.00   0.00   0.00
 [50,]   0.00   0.00   0.00   0.00   0.00   0.00   0.00   0.00   0.00   0.00
 [51,]   0.00   0.00   0.00   0.00   0.00   0.00   0.00   0.00   0.00   0.00
 [52,]   0.00   0.00   0.00   0.00   0.00   0.00   0.00   0.00   0.00   0.00
 [53,]   0.00   0.00   0.00   0.00   0.00   0.00   0.00   0.00   0.00   0.00
 [54,]   0.00   0.00   0.00   0.00   0.00   0.00   0.00   0.00   0.00   0.00
 [55,]   0.00   0.00   0.00   0.00   0.00   0.00   0.00   0.00   0.00   0.00
 [56,]   0.00   0.00   0.00   0.00   0.00   0.00   0.00   0.00   0.00   0.00
 [57,]   0.00   0.00   0.00   0.00   0.00   0.00   0.00   0.00   0.00   0.00
 [58,]   0.00   0.00   0.00   0.00   0.00   0.00   0.00   0.00   0.00   0.00
 [59,]   0.00   0.00   0.00   0.00   0.00   0.00   0.00   0.00   0.00   0.00
 [60,]   0.00   0.00   0.00   0.00   0.00   0.00   0.00   0.00   0.00   0.00
 [61,]   0.00   0.00   0.00   0.00   0.00   0.00   0.00   0.00   0.00   0.00
 [62,]   0.00   0.00   0.00   0.00   0.00   0.00   0.00   0.00   0.00   0.00
 [63,]   0.00   0.00   0.00   0.00   0.00   0.00   0.00   0.00   0.00   0.00
 [64,]   0.00   0.00   0.00   0.00   0.00   0.00   0.00   0.00   0.00   0.00
 [65,]   0.00   0.00   0.00   0.00   0.00   0.00   0.00   0.00   0.00   0.00
 [66,]   0.00   0.00   0.00   0.00   0.00   0.00   0.00   0.00   0.00   0.00
 [67,]   0.00   0.00   0.00   0.00   0.00   0.00   0.00   0.00   0.00   0.00
 [68,]   0.00   0.00   0.00   0.00   0.00   0.00   0.00   0.00   0.00   0.00
 [69,]   0.00   0.00   0.00   0.00   0.00   0.00   0.00   0.00   0.00   0.00
 [70,]   0.00   0.00   0.00   0.00   0.00   0.00   0.00   0.00   0.00   0.00
 [71,]   0.00   0.00   0.00   0.00   0.00   0.00   0.00   0.00   0.00   0.00
 [72,]   0.00   0.00   0.00   0.00   0.00   0.00   0.00   0.00   0.00   0.00
 [73,]   0.00   0.00   0.00   0.00   0.00   0.00   0.00   0.00   0.00   0.00
 [74,]   0.00   0.00   0.00   0.00   0.00   0.00   0.00   0.00   0.00   0.00
 [75,]   0.00   0.00   0.00   0.00   0.00   0.00   0.00   0.00   0.00   0.00
 [76,]   0.00   0.00   0.00   0.00   0.00   0.00   0.00   0.00   0.00   0.00
 [77,]   0.00   0.00   0.00   0.00   0.00   0.00   0.00   0.00   0.00   0.00
 [78,]   0.00   0.00   0.00   0.00   0.00   0.00   0.00   0.00   0.00   0.00
 [79,]   0.00   0.00   0.00   0.00   0.00   0.00   0.00   0.00   0.00   0.00
 [80,]   0.00   0.00   0.00   0.00   0.00   0.00   0.00   0.00   0.00   0.00
 [81,]   0.00   0.00   0.00   0.00   0.00   0.00   0.00   0.00   0.00   0.00
 [82,]   0.00   0.00   0.00   0.00   0.00   0.00   0.00   0.00   0.00   0.00
 [83,]   0.00   0.00   0.00   0.00   0.00   0.00   0.00   0.00   0.00   0.00
 [84,]   0.00   0.00   0.00   0.00   0.00   0.00   0.00   0.00   0.00   0.00
 [85,]   0.00   0.00   0.00   0.00   0.00   0.00   0.00   0.00   0.00   0.00
 [86,]   0.00   0.00   0.00   0.00   0.00   0.00   0.00   0.00   0.00   0.00
 [87,]   0.00   0.00   0.00   0.00   0.00   0.00   0.00   0.00   0.00   0.00
 [88,]   0.00   0.00   0.00   0.00   0.00   0.00   0.00   0.00   0.00   0.00
 [89,]   0.00   0.00   0.00   0.00   0.00   0.00   0.00   0.00   0.00   0.00
 [90,]   0.00   0.00   0.00   0.00   0.00   0.00   0.00   0.00   0.00   0.00
 [91,]   0.00   0.00   0.00   0.00   0.00   0.00   0.00   0.00   0.00   0.00
 [92,]   0.00   0.00   0.00   0.00   0.00   0.00   0.00   0.00   0.00   0.00
 [93,]   0.00   0.00   0.00   0.00   0.00   0.00   0.00   0.00   0.00   0.00
 [94,]   0.00   0.00   0.00   0.00   0.00   0.00   0.00   0.00   0.00   0.00
 [95,]   0.00   0.00   0.00   0.00   0.00   0.00   0.00   0.00   0.00   0.00
 [96,]   0.00   0.00   0.00   0.00   0.00   0.00   0.00   0.00   0.00   0.00
 [97,]   0.00   0.00   0.00   0.00   0.00   0.00   0.00   0.00   0.00   0.00
 [98,]   0.00   0.00   0.00   0.00   0.00   0.00   0.00   0.00   0.00   0.00
 [99,]   0.00   0.00   0.00   0.00   0.00   0.00   0.00   0.00   0.00   0.00
[100,]   0.00   0.00   0.00   0.00   0.00   0.00   0.00   0.00   0.00   0.00
[101,]   0.00   0.00   0.00   0.00   0.00   0.00   0.00   0.00   0.00   0.00
[102,]   0.00   0.00   0.00   0.00   0.00   0.00   0.00   0.00   0.00   0.00
[103,]   0.00   0.00   0.00   0.00   0.00   0.00   0.00   0.00   0.00   0.00
[104,]   0.00   0.00   0.00   0.00   0.00   0.00   0.00   0.00   0.00   0.00
[105,]   0.00   0.00   0.00   0.00   0.00   0.00   0.00   0.00   0.00   0.00
[106,]   0.00   0.00   0.00   0.00   0.00   0.00   0.00   0.00   0.00   0.00
[107,]   0.00   0.00   0.00   0.00   0.00   0.00   0.00   0.00   0.00   0.00
[108,]   0.00   0.00   0.00   0.00   0.00   0.00   0.00   0.00   0.00   0.00
[109,]   0.00   0.00   0.00   0.00   0.00   0.00   0.00   0.00   0.00   0.00
[110,]   0.00   0.00   0.00   0.00   0.00   0.00   0.00   0.00   0.00   0.00
[111,]   0.00   0.00   0.00   0.00   0.00   0.00   0.00   0.00   0.00   0.00
[112,]   0.00   0.00   0.00   0.00   0.00   0.00   0.00   0.00   0.00   0.00
[113,]   0.00   0.00   0.00   0.00   0.00   0.00   0.00   0.00   0.00   0.00
[114,]   0.00   0.00   0.00   0.00   0.00   0.00   0.00   0.00   0.00   0.00
[115,]   0.00   0.00   0.00   0.00   0.00   0.00   0.00   0.00   0.00   0.00
[116,]   0.00   0.00   0.00   0.00   0.00   0.00   0.00   0.00   0.00   0.00
[117,]   0.00   0.00   0.00   0.00   0.00   0.00   0.00   0.00   0.00   0.00
[118,]   0.00   0.00   0.00   0.00   0.00   0.00   0.00   0.00   0.00   0.00
[119,]   0.00   0.00   0.00   0.00   0.00   0.00   0.00   0.00   0.00   0.00
[120,]   0.00   0.00   0.00   0.00   0.00   0.00   0.00   0.00   0.00   0.00
[121,]   0.00   0.00   0.00   0.00   0.00   0.00   0.00   0.00   0.00   0.00
[122,]   0.00   0.00   0.00   0.00   0.00   0.00   0.00   0.00   0.00   0.00
[123,]   0.00   0.00   0.00   0.00   0.00   0.00   0.00   0.00   0.00   0.00
[124,]   0.00   0.00   0.00   0.00   0.00   0.00   0.00   0.00   0.00   0.00
[125,]   0.00   0.00   0.00   0.00   0.00   0.00   0.00   0.00   0.00   0.00
[126,]   0.00   0.00   0.00   0.00   0.00   0.00   0.00   0.00   0.00   0.00
[127,]   0.00   0.00   0.00   0.00   0.00   0.00   0.00   0.00   0.00   0.00
[128,]   0.00   0.00   0.00   0.00   0.00   0.00   0.00   0.00   0.00   0.00
[129,]   0.00   0.00   0.00   0.00   0.00   0.00   0.00   0.00   0.00   0.00
[130,]   0.00   0.00   0.00   0.00   0.00   0.00   0.00   0.00   0.00   0.00
[131,]   0.00   0.00   0.00   0.00   0.00   0.00   0.00   0.00   0.00   0.00
[132,]   0.00   0.00   0.00   0.00   0.00   0.00   0.00   0.00   0.00   0.00
[133,]   0.00   0.00   0.00   0.00   0.00   0.00   0.00   0.00   0.00   0.00
[134,]   0.00   0.00   0.00   0.00   0.00   0.00   0.00   0.00   0.00   0.00
[135,]   0.00   0.00   0.00   0.00   0.00   0.00   0.00   0.00   0.00   0.00
[136,]   0.00   0.00   0.00   0.00   0.00   0.00   0.00   0.00   0.00   0.00
[137,]   0.00   0.00   0.00   0.00   0.00   0.00   0.00   0.00   0.00   0.00
[138,]   0.00   0.00   0.00   0.00   0.00   0.00   0.00   0.00   0.00   0.00
[139,]   0.00   0.00   0.00   0.00   0.00   0.00   0.00   0.00   0.00   0.00
[140,]   0.00   0.00   0.00   0.00   0.00   0.00   0.00   0.00   0.00   0.00
[141,]   0.00   0.00   0.00   0.00   0.00   0.00   0.00   0.00   0.00   0.00
[142,]   0.00   0.00   0.00   0.00   0.00   0.00   0.00   0.00   0.00   0.00
[143,]   0.00   0.00   0.00   0.00   0.00   0.00   0.00   0.00   0.00   0.00
[144,]   0.00   0.00   0.00   0.00   0.00   0.00   0.00   0.00   0.00   0.00
[145,]   0.00   0.00   0.00   0.00   0.00   0.00   0.00   0.00   0.00   0.00
[146,]   0.00   0.00   0.00   0.00   0.00   0.00   0.00   0.00   0.00   0.00
[147,]   0.00   0.00   0.00   0.00   0.00   0.00   0.00   0.00   0.00   0.00
[148,]   0.00   0.00   0.00   0.00   0.00   0.00   0.00   0.00   0.00   0.00
[149,]   0.00   0.00   0.00   0.00   0.00   0.00   0.00   0.00   0.00   0.00
[150,]   0.00   0.00   0.00   0.00   0.00   0.00   0.00   0.00   0.00   0.00
[151,]   0.00   0.00   0.00   0.00   0.00   0.00   0.00   0.00   0.00   0.00
[152,]   0.00   0.00   0.00   0.00   0.00   0.00   0.00   0.00   0.00   0.00
[153,]   0.00   0.00   0.00   0.00   0.00   0.00   0.00   0.00   0.00   0.00
[154,]   0.00   0.00   0.00   0.00   0.00   0.00   0.00   0.00   0.00   0.00
[155,]   0.00   0.00   0.00   0.00   0.00   0.00   0.00   0.00   0.00   0.00
[156,]   0.00   0.00   0.00   0.00   0.00   0.00   0.00   0.00   0.00   0.00
[157,]   0.00   0.00   0.00   0.00   0.00   0.00   0.00   0.00   0.00   0.00
[158,]   0.00   0.00   0.00   0.00   0.00   0.00   0.00   0.00   0.00   0.00
[159,]   0.00   0.00   0.00   0.00   0.00   0.00   0.00   0.00   0.00   0.00
[160,]   0.00   0.00   0.00   0.00   0.00   0.00   0.00   0.00   0.00   0.00
[161,]   0.00   0.00   0.00   0.00   0.00   0.00   0.00   0.00   0.00   0.00
[162,]   0.00   0.00   0.00   0.00   0.00   0.00   0.00   0.00   0.00   0.00
[163,]   0.00   0.00   0.00   0.00   0.00   0.00   0.00   0.00   0.00   0.00
[164,]   0.00   0.00   0.00   0.00   0.00   0.00   0.00   0.00   0.00   0.00
[165,]   0.00   0.00   0.00   0.00   0.00   0.00   0.00   0.00   0.00   0.00
[166,]   0.00   0.00   0.00   0.00   0.00   0.00   0.00   0.00   0.00   0.00
[167,]   0.00   0.00   0.00   0.00   0.00   0.00   0.00   0.00   0.00   0.00
[168,]   0.00   0.00   0.00   0.00   0.00   0.00   0.00   0.00   0.00   0.00
[169,]   0.00   0.00   0.00   0.00   0.00   0.00   0.00   0.00   0.00   0.00
[170,]   0.00   0.00   0.00   0.00   0.00   0.00   0.00   0.00   0.00   0.00
[171,]   0.00   0.00   0.00   0.00   0.00   0.00   0.00   0.00   0.00   0.00
[172,]   0.00   0.00   0.00   0.00   0.00   0.00   0.00   0.00   0.00   0.00
[173,]   0.00   0.00   0.00   0.00   0.00   0.00   0.00   0.00   0.00   0.00
[174,]   0.00   0.00   0.00   0.00   0.00   0.00   0.00   0.00   0.00   0.00
[175,]   0.00   0.00   0.00   0.00   0.00   0.00   0.00   0.00   0.00   0.00
[176,]   0.00   0.00   0.00   0.00   0.00   0.00   0.00   0.00   0.00   0.00
[177,]   0.00   0.00   0.00   0.00   0.00   0.00   0.00   0.00   0.00   0.00
[178,]   0.00   0.00   0.00   0.00   0.00   0.00   0.00   0.00   0.00   0.00
[179,]   0.00   0.00   0.00   0.00   0.00   0.00   0.00   0.00   0.00   0.00
[180,]   0.00   0.00   0.00   0.00   0.00   0.00   0.00   0.00   0.00   0.00
[181,]   0.00   0.00   0.00   0.00   0.00   0.00   0.00   0.00   0.00   0.00
[182,]   0.00   0.00   0.00   0.00   0.00   0.00   0.00   0.00   0.00   0.00
[183,]   0.00   0.00   0.00   0.00   0.00   0.00   0.00   0.00   0.00   0.00
[184,]   0.00   0.00   0.00   0.00   0.00   0.00   0.00   0.00   0.00   0.00
[185,]   0.00   0.00   0.00   0.00   0.00   0.00   0.00   0.00   0.00   0.00
[186,]   0.00   0.00   0.00   0.00   0.00   0.00   0.00   0.00   0.00   0.00
[187,]   0.00   0.00   0.00   0.00   0.00   0.00   0.00   0.00   0.00   0.00
[188,]   0.00   0.00   0.00   0.00   0.00   0.00   0.00   0.00   0.00   0.00
[189,]   0.00   0.00   0.00   0.00   0.00   0.00   0.00   0.00   0.00   0.00
[190,]   0.00   0.00   0.00   0.00   0.00   0.00   0.00   0.00   0.00   0.00
[191,]   0.00   0.00   0.00   0.00   0.00   0.00   0.00   0.00   0.00   0.00
[192,]   0.00   0.00   0.00   0.00   0.00   0.00   0.00   0.00   0.00   0.00
[193,]   0.00   0.00   0.00   0.00   0.00   0.00   0.00   0.00   0.00   0.00
[194,]   0.00   0.00   0.00   0.00   0.00   0.00   0.00   0.00   0.00   0.00
[195,]   0.00   0.00   0.00   0.00   0.00   0.00   0.00   0.00   0.00   0.00
[196,]   0.00   0.00   0.00   0.00   0.00   0.00   0.00   0.00   0.00   0.00
[197,]   0.00   0.00   0.00   0.00   0.00   0.00   0.00   0.00   0.00   0.00
[198,]   0.00   0.00   0.00   0.00   0.00   0.00   0.00   0.00   0.00   0.00
[199,]   0.00   0.00   0.00   0.00   0.00   0.00   0.00   0.00   0.00   0.00
[200,]   0.00   0.00   0.00   0.00   0.00   0.00   0.00   0.00   0.00   0.00
[201,]   0.00   0.00   0.00   0.00   0.00   0.00   0.00   0.00   0.00   0.00
[202,]   0.00   0.00   0.00   0.00   0.00   0.00   0.00   0.00   0.00   0.00
[203,]   0.00   0.00   0.00   0.00   0.00   0.00   0.00   0.00   0.00   0.00
[204,]   0.00   0.00   0.00   0.00   0.00   0.00   0.00   0.00   0.00   0.00
[205,]   0.00   0.00   0.00   0.00   0.00   0.00   0.00   0.00   0.00   0.00
[206,]   0.00   0.00   0.00   0.00   0.00   0.00   0.00   0.00   0.00   0.00
[207,]   0.00   0.00   0.00   0.00   0.00   0.00   0.00   0.00   0.00   0.00
[208,]   0.00   0.00   0.00   0.00   0.00   0.00   0.00   0.00   0.00   0.00
[209,]   0.00   0.00   0.00   0.00   0.00   0.00   0.00   0.00   0.00   0.00
[210,]   0.00   0.00   0.00   0.00   0.00   0.00   0.00   0.00   0.00   0.00
[211,]   0.00   0.00   0.00   0.00   0.00   0.00   0.00   0.00   0.00   0.00
[212,]   0.00   0.00   0.00   0.00   0.00   0.00   0.00   0.00   0.00   0.00
[213,]   0.00   0.00   0.00   0.00   0.00   0.00   0.00   0.00   0.00   0.00
[214,]   0.00   0.00   0.00   0.00   0.00   0.00   0.00   0.00   0.00   0.00
[215,]   0.00   0.00   0.00   0.00   0.00   0.00   0.00   0.00   0.00   0.00
[216,]   0.00   0.00   0.00   0.00   0.00   0.00   0.00   0.00   0.00   0.00
[217,]   0.00   0.00   0.00   0.00   0.00   0.00   0.00   0.00   0.00   0.00
[218,]   0.00   0.00   0.00   0.00   0.00   0.00   0.00   0.00   0.00   0.00
[219,]   0.00   0.00   0.00   0.00   0.00   0.00   0.00   0.00   0.00   0.00
[220,]   0.00   0.00   0.00   0.00   0.00   0.00   0.00   0.00   0.00   0.00
[221,]   0.00   0.00   0.00   0.00   0.00   0.00   0.00   0.00   0.00   0.00
[222,]   0.00   0.00   0.00   0.00   0.00   0.00   0.00   0.00   0.00   0.00
[223,]   0.00   0.00   0.00   0.00   0.00   0.00   0.00   0.00   0.00   0.00
[224,]   0.00   0.00   0.00   0.00   0.00   0.00   0.00   0.00   0.00   0.00
[225,]   0.00   0.00   0.00   0.00   0.00   0.00   0.00   0.00   0.00   0.00
[226,]   0.00   0.00   0.00   0.00   0.00   0.00   0.00   0.00   0.00   0.00
[227,]   0.00   0.00   0.00   0.00   0.00   0.00   0.00   0.00   0.00   0.00
[228,]   0.00   0.00   0.00   0.00   0.00   0.00   0.00   0.00   0.00   0.00
       [,348] [,349] [,350] [,351] [,352] [,353] [,354] [,355] [,356] [,357]
  [1,]   0.00   0.00   0.00   0.00   0.00   0.00   0.00   0.00   0.00   0.00
  [2,]   0.00   0.00   0.00   0.00   0.00   0.00   0.00   0.00   0.00   0.00
  [3,]   0.00   0.00   0.00   0.00   0.00   0.00   0.00   0.00   0.00   0.00
  [4,]   0.00   0.00   0.00   0.00   0.00   0.00   0.00   0.00   0.00   0.00
  [5,]   0.00   0.00   0.00   0.00   0.00   0.00   0.00   0.00   0.00   0.00
  [6,]   0.00   0.00   0.00   0.00   0.00   0.00   0.00   0.00   0.00   0.00
  [7,]   0.00   0.00   0.00   0.00   0.00   0.00   0.00   0.00   0.00   0.00
  [8,]   0.00   0.00   0.00   0.00   0.00   0.00   0.00   0.00   0.00   0.00
  [9,]   0.00   0.00   0.00   0.00   0.00   0.00   0.00   0.00   0.00   0.00
 [10,]   0.00   0.00   0.00   0.00   0.00   0.00   0.00   0.00   0.00   0.00
 [11,]   0.00   0.00   0.00   0.00   0.00   0.00   0.00   0.00   0.00   0.00
 [12,]   0.00   0.00   0.00   0.00   0.00   0.00   0.00   0.00   0.00   0.00
 [13,]   0.00   0.00   0.00   0.00   0.00   0.00   0.00   0.00   0.00   0.00
 [14,]   0.00   0.00   0.00   0.00   0.00   0.00   0.00   0.00   0.00   0.00
 [15,]   0.00   0.00   0.00   0.00   0.00   0.00   0.00   0.00   0.00   0.00
 [16,]   0.00   0.00   0.00   0.00   0.00   0.00   0.00   0.00   0.00   0.00
 [17,]   0.00   0.00   0.00   0.00   0.00   0.00   0.00   0.00   0.00   0.00
 [18,]   0.00   0.00   0.00   0.00   0.00   0.00   0.00   0.00   0.00   0.00
 [19,]   0.00   0.00   0.00   0.00   0.00   0.00   0.00   0.00   0.00   0.00
 [20,]   0.00   0.00   0.00   0.00   0.00   0.00   0.00   0.00   0.00   0.00
 [21,]   0.00   0.00   0.00   0.00   0.00   0.00   0.00   0.00   0.00   0.00
 [22,]   0.00   0.00   0.00   0.00   0.00   0.00   0.00   0.00   0.00   0.00
 [23,]   0.00   0.00   0.00   0.00   0.00   0.00   0.00   0.00   0.00   0.00
 [24,]   0.00   0.00   0.00   0.00   0.00   0.00   0.00   0.00   0.00   0.00
 [25,]   0.00   0.00   0.00   0.00   0.00   0.00   0.00   0.00   0.00   0.00
 [26,]   0.00   0.00   0.00   0.00   0.00   0.00   0.00   0.00   0.00   0.00
 [27,]   0.00   0.00   0.00   0.00   0.00   0.00   0.00   0.00   0.00   0.00
 [28,]   0.00   0.00   0.00   0.00   0.00   0.00   0.00   0.00   0.00   0.00
 [29,]   0.00   0.00   0.00   0.00   0.00   0.00   0.00   0.00   0.00   0.00
 [30,]   0.00   0.00   0.00   0.00   0.00   0.00   0.00   0.00   0.00   0.00
 [31,]   0.00   0.00   0.00   0.00   0.00   0.00   0.00   0.00   0.00   0.00
 [32,]   0.00   0.00   0.00   0.00   0.00   0.00   0.00   0.00   0.00   0.00
 [33,]   0.00   0.00   0.00   0.00   0.00   0.00   0.00   0.00   0.00   0.00
 [34,]   0.00   0.00   0.00   0.00   0.00   0.00   0.00   0.00   0.00   0.00
 [35,]   0.00   0.00   0.00   0.00   0.00   0.00   0.00   0.00   0.00   0.00
 [36,]   0.00   0.00   0.00   0.00   0.00   0.00   0.00   0.00   0.00   0.00
 [37,]   0.00   0.00   0.00   0.00   0.00   0.00   0.00   0.00   0.00   0.00
 [38,]   0.00   0.00   0.00   0.00   0.00   0.00   0.00   0.00   0.00   0.00
 [39,]   0.00   0.00   0.00   0.00   0.00   0.00   0.00   0.00   0.00   0.00
 [40,]   0.00   0.00   0.00   0.00   0.00   0.00   0.00   0.00   0.00   0.00
 [41,]   0.00   0.00   0.00   0.00   0.00   0.00   0.00   0.00   0.00   0.00
 [42,]   0.00   0.00   0.00   0.00   0.00   0.00   0.00   0.00   0.00   0.00
 [43,]   0.00   0.00   0.00   0.00   0.00   0.00   0.00   0.00   0.00   0.00
 [44,]   0.00   0.00   0.00   0.00   0.00   0.00   0.00   0.00   0.00   0.00
 [45,]   0.00   0.00   0.00   0.00   0.00   0.00   0.00   0.00   0.00   0.00
 [46,]   0.00   0.00   0.00   0.00   0.00   0.00   0.00   0.00   0.00   0.00
 [47,]   0.00   0.00   0.00   0.00   0.00   0.00   0.00   0.00   0.00   0.00
 [48,]   0.00   0.00   0.00   0.00   0.00   0.00   0.00   0.00   0.00   0.00
 [49,]   0.00   0.00   0.00   0.00   0.00   0.00   0.00   0.00   0.00   0.00
 [50,]   0.00   0.00   0.00   0.00   0.00   0.00   0.00   0.00   0.00   0.00
 [51,]   0.00   0.00   0.00   0.00   0.00   0.00   0.00   0.00   0.00   0.00
 [52,]   0.00   0.00   0.00   0.00   0.00   0.00   0.00   0.00   0.00   0.00
 [53,]   0.00   0.00   0.00   0.00   0.00   0.00   0.00   0.00   0.00   0.00
 [54,]   0.00   0.00   0.00   0.00   0.00   0.00   0.00   0.00   0.00   0.00
 [55,]   0.00   0.00   0.00   0.00   0.00   0.00   0.00   0.00   0.00   0.00
 [56,]   0.00   0.00   0.00   0.00   0.00   0.00   0.00   0.00   0.00   0.00
 [57,]   0.00   0.00   0.00   0.00   0.00   0.00   0.00   0.00   0.00   0.00
 [58,]   0.00   0.00   0.00   0.00   0.00   0.00   0.00   0.00   0.00   0.00
 [59,]   0.00   0.00   0.00   0.00   0.00   0.00   0.00   0.00   0.00   0.00
 [60,]   0.00   0.00   0.00   0.00   0.00   0.00   0.00   0.00   0.00   0.00
 [61,]   0.00   0.00   0.00   0.00   0.00   0.00   0.00   0.00   0.00   0.00
 [62,]   0.00   0.00   0.00   0.00   0.00   0.00   0.00   0.00   0.00   0.00
 [63,]   0.00   0.00   0.00   0.00   0.00   0.00   0.00   0.00   0.00   0.00
 [64,]   0.00   0.00   0.00   0.00   0.00   0.00   0.00   0.00   0.00   0.00
 [65,]   0.00   0.00   0.00   0.00   0.00   0.00   0.00   0.00   0.00   0.00
 [66,]   0.00   0.00   0.00   0.00   0.00   0.00   0.00   0.00   0.00   0.00
 [67,]   0.00   0.00   0.00   0.00   0.00   0.00   0.00   0.00   0.00   0.00
 [68,]   0.00   0.00   0.00   0.00   0.00   0.00   0.00   0.00   0.00   0.00
 [69,]   0.00   0.00   0.00   0.00   0.00   0.00   0.00   0.00   0.00   0.00
 [70,]   0.00   0.00   0.00   0.00   0.00   0.00   0.00   0.00   0.00   0.00
 [71,]   0.00   0.00   0.00   0.00   0.00   0.00   0.00   0.00   0.00   0.00
 [72,]   0.00   0.00   0.00   0.00   0.00   0.00   0.00   0.00   0.00   0.00
 [73,]   0.00   0.00   0.00   0.00   0.00   0.00   0.00   0.00   0.00   0.00
 [74,]   0.00   0.00   0.00   0.00   0.00   0.00   0.00   0.00   0.00   0.00
 [75,]   0.00   0.00   0.00   0.00   0.00   0.00   0.00   0.00   0.00   0.00
 [76,]   0.00   0.00   0.00   0.00   0.00   0.00   0.00   0.00   0.00   0.00
 [77,]   0.00   0.00   0.00   0.00   0.00   0.00   0.00   0.00   0.00   0.00
 [78,]   0.00   0.00   0.00   0.00   0.00   0.00   0.00   0.00   0.00   0.00
 [79,]   0.00   0.00   0.00   0.00   0.00   0.00   0.00   0.00   0.00   0.00
 [80,]   0.00   0.00   0.00   0.00   0.00   0.00   0.00   0.00   0.00   0.00
 [81,]   0.00   0.00   0.00   0.00   0.00   0.00   0.00   0.00   0.00   0.00
 [82,]   0.00   0.00   0.00   0.00   0.00   0.00   0.00   0.00   0.00   0.00
 [83,]   0.00   0.00   0.00   0.00   0.00   0.00   0.00   0.00   0.00   0.00
 [84,]   0.00   0.00   0.00   0.00   0.00   0.00   0.00   0.00   0.00   0.00
 [85,]   0.00   0.00   0.00   0.00   0.00   0.00   0.00   0.00   0.00   0.00
 [86,]   0.00   0.00   0.00   0.00   0.00   0.00   0.00   0.00   0.00   0.00
 [87,]   0.00   0.00   0.00   0.00   0.00   0.00   0.00   0.00   0.00   0.00
 [88,]   0.00   0.00   0.00   0.00   0.00   0.00   0.00   0.00   0.00   0.00
 [89,]   0.00   0.00   0.00   0.00   0.00   0.00   0.00   0.00   0.00   0.00
 [90,]   0.00   0.00   0.00   0.00   0.00   0.00   0.00   0.00   0.00   0.00
 [91,]   0.00   0.00   0.00   0.00   0.00   0.00   0.00   0.00   0.00   0.00
 [92,]   0.00   0.00   0.00   0.00   0.00   0.00   0.00   0.00   0.00   0.00
 [93,]   0.00   0.00   0.00   0.00   0.00   0.00   0.00   0.00   0.00   0.00
 [94,]   0.00   0.00   0.00   0.00   0.00   0.00   0.00   0.00   0.00   0.00
 [95,]   0.00   0.00   0.00   0.00   0.00   0.00   0.00   0.00   0.00   0.00
 [96,]   0.00   0.00   0.00   0.00   0.00   0.00   0.00   0.00   0.00   0.00
 [97,]   0.00   0.00   0.00   0.00   0.00   0.00   0.00   0.00   0.00   0.00
 [98,]   0.00   0.00   0.00   0.00   0.00   0.00   0.00   0.00   0.00   0.00
 [99,]   0.00   0.00   0.00   0.00   0.00   0.00   0.00   0.00   0.00   0.00
[100,]   0.00   0.00   0.00   0.00   0.00   0.00   0.00   0.00   0.00   0.00
[101,]   0.00   0.00   0.00   0.00   0.00   0.00   0.00   0.00   0.00   0.00
[102,]   0.00   0.00   0.00   0.00   0.00   0.00   0.00   0.00   0.00   0.00
[103,]   0.00   0.00   0.00   0.00   0.00   0.00   0.00   0.00   0.00   0.00
[104,]   0.00   0.00   0.00   0.00   0.00   0.00   0.00   0.00   0.00   0.00
[105,]   0.00   0.00   0.00   0.00   0.00   0.00   0.00   0.00   0.00   0.00
[106,]   0.00   0.00   0.00   0.00   0.00   0.00   0.00   0.00   0.00   0.00
[107,]   0.00   0.00   0.00   0.00   0.00   0.00   0.00   0.00   0.00   0.00
[108,]   0.00   0.00   0.00   0.00   0.00   0.00   0.00   0.00   0.00   0.00
[109,]   0.00   0.00   0.00   0.00   0.00   0.00   0.00   0.00   0.00   0.00
[110,]   0.00   0.00   0.00   0.00   0.00   0.00   0.00   0.00   0.00   0.00
[111,]   0.00   0.00   0.00   0.00   0.00   0.00   0.00   0.00   0.00   0.00
[112,]   0.00   0.00   0.00   0.00   0.00   0.00   0.00   0.00   0.00   0.00
[113,]   0.00   0.00   0.00   0.00   0.00   0.00   0.00   0.00   0.00   0.00
[114,]   0.00   0.00   0.00   0.00   0.00   0.00   0.00   0.00   0.00   0.00
[115,]   0.00   0.00   0.00   0.00   0.00   0.00   0.00   0.00   0.00   0.00
[116,]   0.00   0.00   0.00   0.00   0.00   0.00   0.00   0.00   0.00   0.00
[117,]   0.00   0.00   0.00   0.00   0.00   0.00   0.00   0.00   0.00   0.00
[118,]   0.00   0.00   0.00   0.00   0.00   0.00   0.00   0.00   0.00   0.00
[119,]   0.00   0.00   0.00   0.00   0.00   0.00   0.00   0.00   0.00   0.00
[120,]   0.00   0.00   0.00   0.00   0.00   0.00   0.00   0.00   0.00   0.00
[121,]   0.00   0.00   0.00   0.00   0.00   0.00   0.00   0.00   0.00   0.00
[122,]   0.00   0.00   0.00   0.00   0.00   0.00   0.00   0.00   0.00   0.00
[123,]   0.00   0.00   0.00   0.00   0.00   0.00   0.00   0.00   0.00   0.00
[124,]   0.00   0.00   0.00   0.00   0.00   0.00   0.00   0.00   0.00   0.00
[125,]   0.00   0.00   0.00   0.00   0.00   0.00   0.00   0.00   0.00   0.00
[126,]   0.00   0.00   0.00   0.00   0.00   0.00   0.00   0.00   0.00   0.00
[127,]   0.00   0.00   0.00   0.00   0.00   0.00   0.00   0.00   0.00   0.00
[128,]   0.00   0.00   0.00   0.00   0.00   0.00   0.00   0.00   0.00   0.00
[129,]   0.00   0.00   0.00   0.00   0.00   0.00   0.00   0.00   0.00   0.00
[130,]   0.00   0.00   0.00   0.00   0.00   0.00   0.00   0.00   0.00   0.00
[131,]   0.00   0.00   0.00   0.00   0.00   0.00   0.00   0.00   0.00   0.00
[132,]   0.00   0.00   0.00   0.00   0.00   0.00   0.00   0.00   0.00   0.00
[133,]   0.00   0.00   0.00   0.00   0.00   0.00   0.00   0.00   0.00   0.00
[134,]   0.00   0.00   0.00   0.00   0.00   0.00   0.00   0.00   0.00   0.00
[135,]   0.00   0.00   0.00   0.00   0.00   0.00   0.00   0.00   0.00   0.00
[136,]   0.00   0.00   0.00   0.00   0.00   0.00   0.00   0.00   0.00   0.00
[137,]   0.00   0.00   0.00   0.00   0.00   0.00   0.00   0.00   0.00   0.00
[138,]   0.00   0.00   0.00   0.00   0.00   0.00   0.00   0.00   0.00   0.00
[139,]   0.00   0.00   0.00   0.00   0.00   0.00   0.00   0.00   0.00   0.00
[140,]   0.00   0.00   0.00   0.00   0.00   0.00   0.00   0.00   0.00   0.00
[141,]   0.00   0.00   0.00   0.00   0.00   0.00   0.00   0.00   0.00   0.00
[142,]   0.00   0.00   0.00   0.00   0.00   0.00   0.00   0.00   0.00   0.00
[143,]   0.00   0.00   0.00   0.00   0.00   0.00   0.00   0.00   0.00   0.00
[144,]   0.00   0.00   0.00   0.00   0.00   0.00   0.00   0.00   0.00   0.00
[145,]   0.00   0.00   0.00   0.00   0.00   0.00   0.00   0.00   0.00   0.00
[146,]   0.00   0.00   0.00   0.00   0.00   0.00   0.00   0.00   0.00   0.00
[147,]   0.00   0.00   0.00   0.00   0.00   0.00   0.00   0.00   0.00   0.00
[148,]   0.00   0.00   0.00   0.00   0.00   0.00   0.00   0.00   0.00   0.00
[149,]   0.00   0.00   0.00   0.00   0.00   0.00   0.00   0.00   0.00   0.00
[150,]   0.00   0.00   0.00   0.00   0.00   0.00   0.00   0.00   0.00   0.00
[151,]   0.00   0.00   0.00   0.00   0.00   0.00   0.00   0.00   0.00   0.00
[152,]   0.00   0.00   0.00   0.00   0.00   0.00   0.00   0.00   0.00   0.00
[153,]   0.00   0.00   0.00   0.00   0.00   0.00   0.00   0.00   0.00   0.00
[154,]   0.00   0.00   0.00   0.00   0.00   0.00   0.00   0.00   0.00   0.00
[155,]   0.00   0.00   0.00   0.00   0.00   0.00   0.00   0.00   0.00   0.00
[156,]   0.00   0.00   0.00   0.00   0.00   0.00   0.00   0.00   0.00   0.00
[157,]   0.00   0.00   0.00   0.00   0.00   0.00   0.00   0.00   0.00   0.00
[158,]   0.00   0.00   0.00   0.00   0.00   0.00   0.00   0.00   0.00   0.00
[159,]   0.00   0.00   0.00   0.00   0.00   0.00   0.00   0.00   0.00   0.00
[160,]   0.00   0.00   0.00   0.00   0.00   0.00   0.00   0.00   0.00   0.00
[161,]   0.00   0.00   0.00   0.00   0.00   0.00   0.00   0.00   0.00   0.00
[162,]   0.00   0.00   0.00   0.00   0.00   0.00   0.00   0.00   0.00   0.00
[163,]   0.00   0.00   0.00   0.00   0.00   0.00   0.00   0.00   0.00   0.00
[164,]   0.00   0.00   0.00   0.00   0.00   0.00   0.00   0.00   0.00   0.00
[165,]   0.00   0.00   0.00   0.00   0.00   0.00   0.00   0.00   0.00   0.00
[166,]   0.00   0.00   0.00   0.00   0.00   0.00   0.00   0.00   0.00   0.00
[167,]   0.00   0.00   0.00   0.00   0.00   0.00   0.00   0.00   0.00   0.00
[168,]   0.00   0.00   0.00   0.00   0.00   0.00   0.00   0.00   0.00   0.00
[169,]   0.00   0.00   0.00   0.00   0.00   0.00   0.00   0.00   0.00   0.00
[170,]   0.00   0.00   0.00   0.00   0.00   0.00   0.00   0.00   0.00   0.00
[171,]   0.00   0.00   0.00   0.00   0.00   0.00   0.00   0.00   0.00   0.00
[172,]   0.00   0.00   0.00   0.00   0.00   0.00   0.00   0.00   0.00   0.00
[173,]   0.00   0.00   0.00   0.00   0.00   0.00   0.00   0.00   0.00   0.00
[174,]   0.00   0.00   0.00   0.00   0.00   0.00   0.00   0.00   0.00   0.00
[175,]   0.00   0.00   0.00   0.00   0.00   0.00   0.00   0.00   0.00   0.00
[176,]   0.00   0.00   0.00   0.00   0.00   0.00   0.00   0.00   0.00   0.00
[177,]   0.00   0.00   0.00   0.00   0.00   0.00   0.00   0.00   0.00   0.00
[178,]   0.00   0.00   0.00   0.00   0.00   0.00   0.00   0.00   0.00   0.00
[179,]   0.00   0.00   0.00   0.00   0.00   0.00   0.00   0.00   0.00   0.00
[180,]   0.00   0.00   0.00   0.00   0.00   0.00   0.00   0.00   0.00   0.00
[181,]   0.00   0.00   0.00   0.00   0.00   0.00   0.00   0.00   0.00   0.00
[182,]   0.00   0.00   0.00   0.00   0.00   0.00   0.00   0.00   0.00   0.00
[183,]   0.00   0.00   0.00   0.00   0.00   0.00   0.00   0.00   0.00   0.00
[184,]   0.00   0.00   0.00   0.00   0.00   0.00   0.00   0.00   0.00   0.00
[185,]   0.00   0.00   0.00   0.00   0.00   0.00   0.00   0.00   0.00   0.00
[186,]   0.00   0.00   0.00   0.00   0.00   0.00   0.00   0.00   0.00   0.00
[187,]   0.00   0.00   0.00   0.00   0.00   0.00   0.00   0.00   0.00   0.00
[188,]   0.00   0.00   0.00   0.00   0.00   0.00   0.00   0.00   0.00   0.00
[189,]   0.00   0.00   0.00   0.00   0.00   0.00   0.00   0.00   0.00   0.00
[190,]   0.00   0.00   0.00   0.00   0.00   0.00   0.00   0.00   0.00   0.00
[191,]   0.00   0.00   0.00   0.00   0.00   0.00   0.00   0.00   0.00   0.00
[192,]   0.00   0.00   0.00   0.00   0.00   0.00   0.00   0.00   0.00   0.00
[193,]   0.00   0.00   0.00   0.00   0.00   0.00   0.00   0.00   0.00   0.00
[194,]   0.00   0.00   0.00   0.00   0.00   0.00   0.00   0.00   0.00   0.00
[195,]   0.00   0.00   0.00   0.00   0.00   0.00   0.00   0.00   0.00   0.00
[196,]   0.00   0.00   0.00   0.00   0.00   0.00   0.00   0.00   0.00   0.00
[197,]   0.00   0.00   0.00   0.00   0.00   0.00   0.00   0.00   0.00   0.00
[198,]   0.00   0.00   0.00   0.00   0.00   0.00   0.00   0.00   0.00   0.00
[199,]   0.00   0.00   0.00   0.00   0.00   0.00   0.00   0.00   0.00   0.00
[200,]   0.00   0.00   0.00   0.00   0.00   0.00   0.00   0.00   0.00   0.00
[201,]   0.00   0.00   0.00   0.00   0.00   0.00   0.00   0.00   0.00   0.00
[202,]   0.00   0.00   0.00   0.00   0.00   0.00   0.00   0.00   0.00   0.00
[203,]   0.00   0.00   0.00   0.00   0.00   0.00   0.00   0.00   0.00   0.00
[204,]   0.00   0.00   0.00   0.00   0.00   0.00   0.00   0.00   0.00   0.00
[205,]   0.00   0.00   0.00   0.00   0.00   0.00   0.00   0.00   0.00   0.00
[206,]   0.00   0.00   0.00   0.00   0.00   0.00   0.00   0.00   0.00   0.00
[207,]   0.00   0.00   0.00   0.00   0.00   0.00   0.00   0.00   0.00   0.00
[208,]   0.00   0.00   0.00   0.00   0.00   0.00   0.00   0.00   0.00   0.00
[209,]   0.00   0.00   0.00   0.00   0.00   0.00   0.00   0.00   0.00   0.00
[210,]   0.00   0.00   0.00   0.00   0.00   0.00   0.00   0.00   0.00   0.00
[211,]   0.00   0.00   0.00   0.00   0.00   0.00   0.00   0.00   0.00   0.00
[212,]   0.00   0.00   0.00   0.00   0.00   0.00   0.00   0.00   0.00   0.00
[213,]   0.00   0.00   0.00   0.00   0.00   0.00   0.00   0.00   0.00   0.00
[214,]   0.00   0.00   0.00   0.00   0.00   0.00   0.00   0.00   0.00   0.00
[215,]   0.00   0.00   0.00   0.00   0.00   0.00   0.00   0.00   0.00   0.00
[216,]   0.00   0.00   0.00   0.00   0.00   0.00   0.00   0.00   0.00   0.00
[217,]   0.00   0.00   0.00   0.00   0.00   0.00   0.00   0.00   0.00   0.00
[218,]   0.00   0.00   0.00   0.00   0.00   0.00   0.00   0.00   0.00   0.00
[219,]   0.00   0.00   0.00   0.00   0.00   0.00   0.00   0.00   0.00   0.00
[220,]   0.00   0.00   0.00   0.00   0.00   0.00   0.00   0.00   0.00   0.00
[221,]   0.00   0.00   0.00   0.00   0.00   0.00   0.00   0.00   0.00   0.00
[222,]   0.00   0.00   0.00   0.00   0.00   0.00   0.00   0.00   0.00   0.00
[223,]   0.00   0.00   0.00   0.00   0.00   0.00   0.00   0.00   0.00   0.00
[224,]   0.00   0.00   0.00   0.00   0.00   0.00   0.00   0.00   0.00   0.00
[225,]   0.00   0.00   0.00   0.00   0.00   0.00   0.00   0.00   0.00   0.00
[226,]   0.00   0.00   0.00   0.00   0.00   0.00   0.00   0.00   0.00   0.00
[227,]   0.00   0.00   0.00   0.00   0.00   0.00   0.00   0.00   0.00   0.00
[228,]   0.00   0.00   0.00   0.00   0.00   0.00   0.00   0.00   0.00   0.00
       [,358] [,359] [,360] [,361] [,362] [,363] [,364] [,365] [,366] [,367]
  [1,]   0.00   0.00   0.00   0.00   0.00   0.00   0.00   0.00   0.00   0.00
  [2,]   0.00   0.00   0.00   0.00   0.00   0.00   0.00   0.00   0.00   0.00
  [3,]   0.00   0.00   0.00   0.00   0.00   0.00   0.00   0.00   0.00   0.00
  [4,]   0.00   0.00   0.00   0.00   0.00   0.00   0.00   0.00   0.00   0.00
  [5,]   0.00   0.00   0.00   0.00   0.00   0.00   0.00   0.00   0.00   0.00
  [6,]   0.00   0.00   0.00   0.00   0.00   0.00   0.00   0.00   0.00   0.00
  [7,]   0.00   0.00   0.00   0.00   0.00   0.00   0.00   0.00   0.00   0.00
  [8,]   0.00   0.00   0.00   0.00   0.00   0.00   0.00   0.00   0.00   0.00
  [9,]   0.00   0.00   0.00   0.00   0.00   0.00   0.00   0.00   0.00   0.00
 [10,]   0.00   0.00   0.00   0.00   0.00   0.00   0.00   0.00   0.00   0.00
 [11,]   0.00   0.00   0.00   0.00   0.00   0.00   0.00   0.00   0.00   0.00
 [12,]   0.00   0.00   0.00   0.00   0.00   0.00   0.00   0.00   0.00   0.00
 [13,]   0.00   0.00   0.00   0.00   0.00   0.00   0.00   0.00   0.00   0.00
 [14,]   0.00   0.00   0.00   0.00   0.00   0.00   0.00   0.00   0.00   0.00
 [15,]   0.00   0.00   0.00   0.00   0.00   0.00   0.00   0.00   0.00   0.00
 [16,]   0.00   0.00   0.00   0.00   0.00   0.00   0.00   0.00   0.00   0.00
 [17,]   0.00   0.00   0.00   0.00   0.00   0.00   0.00   0.00   0.00   0.00
 [18,]   0.00   0.00   0.00   0.00   0.00   0.00   0.00   0.00   0.00   0.00
 [19,]   0.00   0.00   0.00   0.00   0.00   0.00   0.00   0.00   0.00   0.00
 [20,]   0.00   0.00   0.00   0.00   0.00   0.00   0.00   0.00   0.00   0.00
 [21,]   0.00   0.00   0.00   0.00   0.00   0.00   0.00   0.00   0.00   0.00
 [22,]   0.00   0.00   0.00   0.00   0.00   0.00   0.00   0.00   0.00   0.00
 [23,]   0.00   0.00   0.00   0.00   0.00   0.00   0.00   0.00   0.00   0.00
 [24,]   0.00   0.00   0.00   0.00   0.00   0.00   0.00   0.00   0.00   0.00
 [25,]   0.00   0.00   0.00   0.00   0.00   0.00   0.00   0.00   0.00   0.00
 [26,]   0.00   0.00   0.00   0.00   0.00   0.00   0.00   0.00   0.00   0.00
 [27,]   0.00   0.00   0.00   0.00   0.00   0.00   0.00   0.00   0.00   0.00
 [28,]   0.00   0.00   0.00   0.00   0.00   0.00   0.00   0.00   0.00   0.00
 [29,]   0.00   0.00   0.00   0.00   0.00   0.00   0.00   0.00   0.00   0.00
 [30,]   0.00   0.00   0.00   0.00   0.00   0.00   0.00   0.00   0.00   0.00
 [31,]   0.00   0.00   0.00   0.00   0.00   0.00   0.00   0.00   0.00   0.00
 [32,]   0.00   0.00   0.00   0.00   0.00   0.00   0.00   0.00   0.00   0.00
 [33,]   0.00   0.00   0.00   0.00   0.00   0.00   0.00   0.00   0.00   0.00
 [34,]   0.00   0.00   0.00   0.00   0.00   0.00   0.00   0.00   0.00   0.00
 [35,]   0.00   0.00   0.00   0.00   0.00   0.00   0.00   0.00   0.00   0.00
 [36,]   0.00   0.00   0.00   0.00   0.00   0.00   0.00   0.00   0.00   0.00
 [37,]   0.00   0.00   0.00   0.00   0.00   0.00   0.00   0.00   0.00   0.00
 [38,]   0.00   0.00   0.00   0.00   0.00   0.00   0.00   0.00   0.00   0.00
 [39,]   0.00   0.00   0.00   0.00   0.00   0.00   0.00   0.00   0.00   0.00
 [40,]   0.00   0.00   0.00   0.00   0.00   0.00   0.00   0.00   0.00   0.00
 [41,]   0.00   0.00   0.00   0.00   0.00   0.00   0.00   0.00   0.00   0.00
 [42,]   0.00   0.00   0.00   0.00   0.00   0.00   0.00   0.00   0.00   0.00
 [43,]   0.00   0.00   0.00   0.00   0.00   0.00   0.00   0.00   0.00   0.00
 [44,]   0.00   0.00   0.00   0.00   0.00   0.00   0.00   0.00   0.00   0.00
 [45,]   0.00   0.00   0.00   0.00   0.00   0.00   0.00   0.00   0.00   0.00
 [46,]   0.00   0.00   0.00   0.00   0.00   0.00   0.00   0.00   0.00   0.00
 [47,]   0.00   0.00   0.00   0.00   0.00   0.00   0.00   0.00   0.00   0.00
 [48,]   0.00   0.00   0.00   0.00   0.00   0.00   0.00   0.00   0.00   0.00
 [49,]   0.00   0.00   0.00   0.00   0.00   0.00   0.00   0.00   0.00   0.00
 [50,]   0.00   0.00   0.00   0.00   0.00   0.00   0.00   0.00   0.00   0.00
 [51,]   0.00   0.00   0.00   0.00   0.00   0.00   0.00   0.00   0.00   0.00
 [52,]   0.00   0.00   0.00   0.00   0.00   0.00   0.00   0.00   0.00   0.00
 [53,]   0.00   0.00   0.00   0.00   0.00   0.00   0.00   0.00   0.00   0.00
 [54,]   0.00   0.00   0.00   0.00   0.00   0.00   0.00   0.00   0.00   0.00
 [55,]   0.00   0.00   0.00   0.00   0.00   0.00   0.00   0.00   0.00   0.00
 [56,]   0.00   0.00   0.00   0.00   0.00   0.00   0.00   0.00   0.00   0.00
 [57,]   0.00   0.00   0.00   0.00   0.00   0.00   0.00   0.00   0.00   0.00
 [58,]   0.00   0.00   0.00   0.00   0.00   0.00   0.00   0.00   0.00   0.00
 [59,]   0.00   0.00   0.00   0.00   0.00   0.00   0.00   0.00   0.00   0.00
 [60,]   0.00   0.00   0.00   0.00   0.00   0.00   0.00   0.00   0.00   0.00
 [61,]   0.00   0.00   0.00   0.00   0.00   0.00   0.00   0.00   0.00   0.00
 [62,]   0.00   0.00   0.00   0.00   0.00   0.00   0.00   0.00   0.00   0.00
 [63,]   0.00   0.00   0.00   0.00   0.00   0.00   0.00   0.00   0.00   0.00
 [64,]   0.00   0.00   0.00   0.00   0.00   0.00   0.00   0.00   0.00   0.00
 [65,]   0.00   0.00   0.00   0.00   0.00   0.00   0.00   0.00   0.00   0.00
 [66,]   0.00   0.00   0.00   0.00   0.00   0.00   0.00   0.00   0.00   0.00
 [67,]   0.00   0.00   0.00   0.00   0.00   0.00   0.00   0.00   0.00   0.00
 [68,]   0.00   0.00   0.00   0.00   0.00   0.00   0.00   0.00   0.00   0.00
 [69,]   0.00   0.00   0.00   0.00   0.00   0.00   0.00   0.00   0.00   0.00
 [70,]   0.00   0.00   0.00   0.00   0.00   0.00   0.00   0.00   0.00   0.00
 [71,]   0.00   0.00   0.00   0.00   0.00   0.00   0.00   0.00   0.00   0.00
 [72,]   0.00   0.00   0.00   0.00   0.00   0.00   0.00   0.00   0.00   0.00
 [73,]   0.00   0.00   0.00   0.00   0.00   0.00   0.00   0.00   0.00   0.00
 [74,]   0.00   0.00   0.00   0.00   0.00   0.00   0.00   0.00   0.00   0.00
 [75,]   0.00   0.00   0.00   0.00   0.00   0.00   0.00   0.00   0.00   0.00
 [76,]   0.00   0.00   0.00   0.00   0.00   0.00   0.00   0.00   0.00   0.00
 [77,]   0.00   0.00   0.00   0.00   0.00   0.00   0.00   0.00   0.00   0.00
 [78,]   0.00   0.00   0.00   0.00   0.00   0.00   0.00   0.00   0.00   0.00
 [79,]   0.00   0.00   0.00   0.00   0.00   0.00   0.00   0.00   0.00   0.00
 [80,]   0.00   0.00   0.00   0.00   0.00   0.00   0.00   0.00   0.00   0.00
 [81,]   0.00   0.00   0.00   0.00   0.00   0.00   0.00   0.00   0.00   0.00
 [82,]   0.00   0.00   0.00   0.00   0.00   0.00   0.00   0.00   0.00   0.00
 [83,]   0.00   0.00   0.00   0.00   0.00   0.00   0.00   0.00   0.00   0.00
 [84,]   0.00   0.00   0.00   0.00   0.00   0.00   0.00   0.00   0.00   0.00
 [85,]   0.00   0.00   0.00   0.00   0.00   0.00   0.00   0.00   0.00   0.00
 [86,]   0.00   0.00   0.00   0.00   0.00   0.00   0.00   0.00   0.00   0.00
 [87,]   0.00   0.00   0.00   0.00   0.00   0.00   0.00   0.00   0.00   0.00
 [88,]   0.00   0.00   0.00   0.00   0.00   0.00   0.00   0.00   0.00   0.00
 [89,]   0.00   0.00   0.00   0.00   0.00   0.00   0.00   0.00   0.00   0.00
 [90,]   0.00   0.00   0.00   0.00   0.00   0.00   0.00   0.00   0.00   0.00
 [91,]   0.00   0.00   0.00   0.00   0.00   0.00   0.00   0.00   0.00   0.00
 [92,]   0.00   0.00   0.00   0.00   0.00   0.00   0.00   0.00   0.00   0.00
 [93,]   0.00   0.00   0.00   0.00   0.00   0.00   0.00   0.00   0.00   0.00
 [94,]   0.00   0.00   0.00   0.00   0.00   0.00   0.00   0.00   0.00   0.00
 [95,]   0.00   0.00   0.00   0.00   0.00   0.00   0.00   0.00   0.00   0.00
 [96,]   0.00   0.00   0.00   0.00   0.00   0.00   0.00   0.00   0.00   0.00
 [97,]   0.00   0.00   0.00   0.00   0.00   0.00   0.00   0.00   0.00   0.00
 [98,]   0.00   0.00   0.00   0.00   0.00   0.00   0.00   0.00   0.00   0.00
 [99,]   0.00   0.00   0.00   0.00   0.00   0.00   0.00   0.00   0.00   0.00
[100,]   0.00   0.00   0.00   0.00   0.00   0.00   0.00   0.00   0.00   0.00
[101,]   0.00   0.00   0.00   0.00   0.00   0.00   0.00   0.00   0.00   0.00
[102,]   0.00   0.00   0.00   0.00   0.00   0.00   0.00   0.00   0.00   0.00
[103,]   0.00   0.00   0.00   0.00   0.00   0.00   0.00   0.00   0.00   0.00
[104,]   0.00   0.00   0.00   0.00   0.00   0.00   0.00   0.00   0.00   0.00
[105,]   0.00   0.00   0.00   0.00   0.00   0.00   0.00   0.00   0.00   0.00
[106,]   0.00   0.00   0.00   0.00   0.00   0.00   0.00   0.00   0.00   0.00
[107,]   0.00   0.00   0.00   0.00   0.00   0.00   0.00   0.00   0.00   0.00
[108,]   0.00   0.00   0.00   0.00   0.00   0.00   0.00   0.00   0.00   0.00
[109,]   0.00   0.00   0.00   0.00   0.00   0.00   0.00   0.00   0.00   0.00
[110,]   0.00   0.00   0.00   0.00   0.00   0.00   0.00   0.00   0.00   0.00
[111,]   0.00   0.00   0.00   0.00   0.00   0.00   0.00   0.00   0.00   0.00
[112,]   0.00   0.00   0.00   0.00   0.00   0.00   0.00   0.00   0.00   0.00
[113,]   0.00   0.00   0.00   0.00   0.00   0.00   0.00   0.00   0.00   0.00
[114,]   0.00   0.00   0.00   0.00   0.00   0.00   0.00   0.00   0.00   0.00
[115,]   0.00   0.00   0.00   0.00   0.00   0.00   0.00   0.00   0.00   0.00
[116,]   0.00   0.00   0.00   0.00   0.00   0.00   0.00   0.00   0.00   0.00
[117,]   0.00   0.00   0.00   0.00   0.00   0.00   0.00   0.00   0.00   0.00
[118,]   0.00   0.00   0.00   0.00   0.00   0.00   0.00   0.00   0.00   0.00
[119,]   0.00   0.00   0.00   0.00   0.00   0.00   0.00   0.00   0.00   0.00
[120,]   0.00   0.00   0.00   0.00   0.00   0.00   0.00   0.00   0.00   0.00
[121,]   0.00   0.00   0.00   0.00   0.00   0.00   0.00   0.00   0.00   0.00
[122,]   0.00   0.00   0.00   0.00   0.00   0.00   0.00   0.00   0.00   0.00
[123,]   0.00   0.00   0.00   0.00   0.00   0.00   0.00   0.00   0.00   0.00
[124,]   0.00   0.00   0.00   0.00   0.00   0.00   0.00   0.00   0.00   0.00
[125,]   0.00   0.00   0.00   0.00   0.00   0.00   0.00   0.00   0.00   0.00
[126,]   0.00   0.00   0.00   0.00   0.00   0.00   0.00   0.00   0.00   0.00
[127,]   0.00   0.00   0.00   0.00   0.00   0.00   0.00   0.00   0.00   0.00
[128,]   0.00   0.00   0.00   0.00   0.00   0.00   0.00   0.00   0.00   0.00
[129,]   0.00   0.00   0.00   0.00   0.00   0.00   0.00   0.00   0.00   0.00
[130,]   0.00   0.00   0.00   0.00   0.00   0.00   0.00   0.00   0.00   0.00
[131,]   0.00   0.00   0.00   0.00   0.00   0.00   0.00   0.00   0.00   0.00
[132,]   0.00   0.00   0.00   0.00   0.00   0.00   0.00   0.00   0.00   0.00
[133,]   0.00   0.00   0.00   0.00   0.00   0.00   0.00   0.00   0.00   0.00
[134,]   0.00   0.00   0.00   0.00   0.00   0.00   0.00   0.00   0.00   0.00
[135,]   0.00   0.00   0.00   0.00   0.00   0.00   0.00   0.00   0.00   0.00
[136,]   0.00   0.00   0.00   0.00   0.00   0.00   0.00   0.00   0.00   0.00
[137,]   0.00   0.00   0.00   0.00   0.00   0.00   0.00   0.00   0.00   0.00
[138,]   0.00   0.00   0.00   0.00   0.00   0.00   0.00   0.00   0.00   0.00
[139,]   0.00   0.00   0.00   0.00   0.00   0.00   0.00   0.00   0.00   0.00
[140,]   0.00   0.00   0.00   0.00   0.00   0.00   0.00   0.00   0.00   0.00
[141,]   0.00   0.00   0.00   0.00   0.00   0.00   0.00   0.00   0.00   0.00
[142,]   0.00   0.00   0.00   0.00   0.00   0.00   0.00   0.00   0.00   0.00
[143,]   0.00   0.00   0.00   0.00   0.00   0.00   0.00   0.00   0.00   0.00
[144,]   0.00   0.00   0.00   0.00   0.00   0.00   0.00   0.00   0.00   0.00
[145,]   0.00   0.00   0.00   0.00   0.00   0.00   0.00   0.00   0.00   0.00
[146,]   0.00   0.00   0.00   0.00   0.00   0.00   0.00   0.00   0.00   0.00
[147,]   0.00   0.00   0.00   0.00   0.00   0.00   0.00   0.00   0.00   0.00
[148,]   0.00   0.00   0.00   0.00   0.00   0.00   0.00   0.00   0.00   0.00
[149,]   0.00   0.00   0.00   0.00   0.00   0.00   0.00   0.00   0.00   0.00
[150,]   0.00   0.00   0.00   0.00   0.00   0.00   0.00   0.00   0.00   0.00
[151,]   0.00   0.00   0.00   0.00   0.00   0.00   0.00   0.00   0.00   0.00
[152,]   0.00   0.00   0.00   0.00   0.00   0.00   0.00   0.00   0.00   0.00
[153,]   0.00   0.00   0.00   0.00   0.00   0.00   0.00   0.00   0.00   0.00
[154,]   0.00   0.00   0.00   0.00   0.00   0.00   0.00   0.00   0.00   0.00
[155,]   0.00   0.00   0.00   0.00   0.00   0.00   0.00   0.00   0.00   0.00
[156,]   0.00   0.00   0.00   0.00   0.00   0.00   0.00   0.00   0.00   0.00
[157,]   0.00   0.00   0.00   0.00   0.00   0.00   0.00   0.00   0.00   0.00
[158,]   0.00   0.00   0.00   0.00   0.00   0.00   0.00   0.00   0.00   0.00
[159,]   0.00   0.00   0.00   0.00   0.00   0.00   0.00   0.00   0.00   0.00
[160,]   0.00   0.00   0.00   0.00   0.00   0.00   0.00   0.00   0.00   0.00
[161,]   0.00   0.00   0.00   0.00   0.00   0.00   0.00   0.00   0.00   0.00
[162,]   0.00   0.00   0.00   0.00   0.00   0.00   0.00   0.00   0.00   0.00
[163,]   0.00   0.00   0.00   0.00   0.00   0.00   0.00   0.00   0.00   0.00
[164,]   0.00   0.00   0.00   0.00   0.00   0.00   0.00   0.00   0.00   0.00
[165,]   0.00   0.00   0.00   0.00   0.00   0.00   0.00   0.00   0.00   0.00
[166,]   0.00   0.00   0.00   0.00   0.00   0.00   0.00   0.00   0.00   0.00
[167,]   0.00   0.00   0.00   0.00   0.00   0.00   0.00   0.00   0.00   0.00
[168,]   0.00   0.00   0.00   0.00   0.00   0.00   0.00   0.00   0.00   0.00
[169,]   0.00   0.00   0.00   0.00   0.00   0.00   0.00   0.00   0.00   0.00
[170,]   0.00   0.00   0.00   0.00   0.00   0.00   0.00   0.00   0.00   0.00
[171,]   0.00   0.00   0.00   0.00   0.00   0.00   0.00   0.00   0.00   0.00
[172,]   0.00   0.00   0.00   0.00   0.00   0.00   0.00   0.00   0.00   0.00
[173,]   0.00   0.00   0.00   0.00   0.00   0.00   0.00   0.00   0.00   0.00
[174,]   0.00   0.00   0.00   0.00   0.00   0.00   0.00   0.00   0.00   0.00
[175,]   0.00   0.00   0.00   0.00   0.00   0.00   0.00   0.00   0.00   0.00
[176,]   0.00   0.00   0.00   0.00   0.00   0.00   0.00   0.00   0.00   0.00
[177,]   0.00   0.00   0.00   0.00   0.00   0.00   0.00   0.00   0.00   0.00
[178,]   0.00   0.00   0.00   0.00   0.00   0.00   0.00   0.00   0.00   0.00
[179,]   0.00   0.00   0.00   0.00   0.00   0.00   0.00   0.00   0.00   0.00
[180,]   0.00   0.00   0.00   0.00   0.00   0.00   0.00   0.00   0.00   0.00
[181,]   0.00   0.00   0.00   0.00   0.00   0.00   0.00   0.00   0.00   0.00
[182,]   0.00   0.00   0.00   0.00   0.00   0.00   0.00   0.00   0.00   0.00
[183,]   0.00   0.00   0.00   0.00   0.00   0.00   0.00   0.00   0.00   0.00
[184,]   0.00   0.00   0.00   0.00   0.00   0.00   0.00   0.00   0.00   0.00
[185,]   0.00   0.00   0.00   0.00   0.00   0.00   0.00   0.00   0.00   0.00
[186,]   0.00   0.00   0.00   0.00   0.00   0.00   0.00   0.00   0.00   0.00
[187,]   0.00   0.00   0.00   0.00   0.00   0.00   0.00   0.00   0.00   0.00
[188,]   0.00   0.00   0.00   0.00   0.00   0.00   0.00   0.00   0.00   0.00
[189,]   0.00   0.00   0.00   0.00   0.00   0.00   0.00   0.00   0.00   0.00
[190,]   0.00   0.00   0.00   0.00   0.00   0.00   0.00   0.00   0.00   0.00
[191,]   0.00   0.00   0.00   0.00   0.00   0.00   0.00   0.00   0.00   0.00
[192,]   0.00   0.00   0.00   0.00   0.00   0.00   0.00   0.00   0.00   0.00
[193,]   0.00   0.00   0.00   0.00   0.00   0.00   0.00   0.00   0.00   0.00
[194,]   0.00   0.00   0.00   0.00   0.00   0.00   0.00   0.00   0.00   0.00
[195,]   0.00   0.00   0.00   0.00   0.00   0.00   0.00   0.00   0.00   0.00
[196,]   0.00   0.00   0.00   0.00   0.00   0.00   0.00   0.00   0.00   0.00
[197,]   0.00   0.00   0.00   0.00   0.00   0.00   0.00   0.00   0.00   0.00
[198,]   0.00   0.00   0.00   0.00   0.00   0.00   0.00   0.00   0.00   0.00
[199,]   0.00   0.00   0.00   0.00   0.00   0.00   0.00   0.00   0.00   0.00
[200,]   0.00   0.00   0.00   0.00   0.00   0.00   0.00   0.00   0.00   0.00
[201,]   0.00   0.00   0.00   0.00   0.00   0.00   0.00   0.00   0.00   0.00
[202,]   0.00   0.00   0.00   0.00   0.00   0.00   0.00   0.00   0.00   0.00
[203,]   0.00   0.00   0.00   0.00   0.00   0.00   0.00   0.00   0.00   0.00
[204,]   0.00   0.00   0.00   0.00   0.00   0.00   0.00   0.00   0.00   0.00
[205,]   0.00   0.00   0.00   0.00   0.00   0.00   0.00   0.00   0.00   0.00
[206,]   0.00   0.00   0.00   0.00   0.00   0.00   0.00   0.00   0.00   0.00
[207,]   0.00   0.00   0.00   0.00   0.00   0.00   0.00   0.00   0.00   0.00
[208,]   0.00   0.00   0.00   0.00   0.00   0.00   0.00   0.00   0.00   0.00
[209,]   0.00   0.00   0.00   0.00   0.00   0.00   0.00   0.00   0.00   0.00
[210,]   0.00   0.00   0.00   0.00   0.00   0.00   0.00   0.00   0.00   0.00
[211,]   0.00   0.00   0.00   0.00   0.00   0.00   0.00   0.00   0.00   0.00
[212,]   0.00   0.00   0.00   0.00   0.00   0.00   0.00   0.00   0.00   0.00
[213,]   0.00   0.00   0.00   0.00   0.00   0.00   0.00   0.00   0.00   0.00
[214,]   0.00   0.00   0.00   0.00   0.00   0.00   0.00   0.00   0.00   0.00
[215,]   0.00   0.00   0.00   0.00   0.00   0.00   0.00   0.00   0.00   0.00
[216,]   0.00   0.00   0.00   0.00   0.00   0.00   0.00   0.00   0.00   0.00
[217,]   0.00   0.00   0.00   0.00   0.00   0.00   0.00   0.00   0.00   0.00
[218,]   0.00   0.00   0.00   0.00   0.00   0.00   0.00   0.00   0.00   0.00
[219,]   0.00   0.00   0.00   0.00   0.00   0.00   0.00   0.00   0.00   0.00
[220,]   0.00   0.00   0.00   0.00   0.00   0.00   0.00   0.00   0.00   0.00
[221,]   0.00   0.00   0.00   0.00   0.00   0.00   0.00   0.00   0.00   0.00
[222,]   0.00   0.00   0.00   0.00   0.00   0.00   0.00   0.00   0.00   0.00
[223,]   0.00   0.00   0.00   0.00   0.00   0.00   0.00   0.00   0.00   0.00
[224,]   0.00   0.00   0.00   0.00   0.00   0.00   0.00   0.00   0.00   0.00
[225,]   0.00   0.00   0.00   0.00   0.00   0.00   0.00   0.00   0.00   0.00
[226,]   0.00   0.00   0.00   0.00   0.00   0.00   0.00   0.00   0.00   0.00
[227,]   0.00   0.00   0.00   0.00   0.00   0.00   0.00   0.00   0.00   0.00
[228,]   0.00   0.00   0.00   0.00   0.00   0.00   0.00   0.00   0.00   0.00
       [,368] [,369] [,370] [,371] [,372] [,373] [,374] [,375] [,376] [,377]
  [1,]   0.00   0.00   0.00   0.00   0.00   0.00   0.00   0.00   0.00   0.00
  [2,]   0.00   0.00   0.00   0.00   0.00   0.00   0.00   0.00   0.00   0.00
  [3,]   0.00   0.00   0.00   0.00   0.00   0.00   0.00   0.00   0.00   0.00
  [4,]   0.00   0.00   0.00   0.00   0.00   0.00   0.00   0.00   0.00   0.00
  [5,]   0.00   0.00   0.00   0.00   0.00   0.00   0.00   0.00   0.00   0.00
  [6,]   0.00   0.00   0.00   0.00   0.00   0.00   0.00   0.00   0.00   0.00
  [7,]   0.00   0.00   0.00   0.00   0.00   0.00   0.00   0.00   0.00   0.00
  [8,]   0.00   0.00   0.00   0.00   0.00   0.00   0.00   0.00   0.00   0.00
  [9,]   0.00   0.00   0.00   0.00   0.00   0.00   0.00   0.00   0.00   0.00
 [10,]   0.00   0.00   0.00   0.00   0.00   0.00   0.00   0.00   0.00   0.00
 [11,]   0.00   0.00   0.00   0.00   0.00   0.00   0.00   0.00   0.00   0.00
 [12,]   0.00   0.00   0.00   0.00   0.00   0.00   0.00   0.00   0.00   0.00
 [13,]   0.00   0.00   0.00   0.00   0.00   0.00   0.00   0.00   0.00   0.00
 [14,]   0.00   0.00   0.00   0.00   0.00   0.00   0.00   0.00   0.00   0.00
 [15,]   0.00   0.00   0.00   0.00   0.00   0.00   0.00   0.00   0.00   0.00
 [16,]   0.00   0.00   0.00   0.00   0.00   0.00   0.00   0.00   0.00   0.00
 [17,]   0.00   0.00   0.00   0.00   0.00   0.00   0.00   0.00   0.00   0.00
 [18,]   0.00   0.00   0.00   0.00   0.00   0.00   0.00   0.00   0.00   0.00
 [19,]   0.00   0.00   0.00   0.00   0.00   0.00   0.00   0.00   0.00   0.00
 [20,]   0.00   0.00   0.00   0.00   0.00   0.00   0.00   0.00   0.00   0.00
 [21,]   0.00   0.00   0.00   0.00   0.00   0.00   0.00   0.00   0.00   0.00
 [22,]   0.00   0.00   0.00   0.00   0.00   0.00   0.00   0.00   0.00   0.00
 [23,]   0.00   0.00   0.00   0.00   0.00   0.00   0.00   0.00   0.00   0.00
 [24,]   0.00   0.00   0.00   0.00   0.00   0.00   0.00   0.00   0.00   0.00
 [25,]   0.00   0.00   0.00   0.00   0.00   0.00   0.00   0.00   0.00   0.00
 [26,]   0.00   0.00   0.00   0.00   0.00   0.00   0.00   0.00   0.00   0.00
 [27,]   0.00   0.00   0.00   0.00   0.00   0.00   0.00   0.00   0.00   0.00
 [28,]   0.00   0.00   0.00   0.00   0.00   0.00   0.00   0.00   0.00   0.00
 [29,]   0.00   0.00   0.00   0.00   0.00   0.00   0.00   0.00   0.00   0.00
 [30,]   0.00   0.00   0.00   0.00   0.00   0.00   0.00   0.00   0.00   0.00
 [31,]   0.00   0.00   0.00   0.00   0.00   0.00   0.00   0.00   0.00   0.00
 [32,]   0.00   0.00   0.00   0.00   0.00   0.00   0.00   0.00   0.00   0.00
 [33,]   0.00   0.00   0.00   0.00   0.00   0.00   0.00   0.00   0.00   0.00
 [34,]   0.00   0.00   0.00   0.00   0.00   0.00   0.00   0.00   0.00   0.00
 [35,]   0.00   0.00   0.00   0.00   0.00   0.00   0.00   0.00   0.00   0.00
 [36,]   0.00   0.00   0.00   0.00   0.00   0.00   0.00   0.00   0.00   0.00
 [37,]   0.00   0.00   0.00   0.00   0.00   0.00   0.00   0.00   0.00   0.00
 [38,]   0.00   0.00   0.00   0.00   0.00   0.00   0.00   0.00   0.00   0.00
 [39,]   0.00   0.00   0.00   0.00   0.00   0.00   0.00   0.00   0.00   0.00
 [40,]   0.00   0.00   0.00   0.00   0.00   0.00   0.00   0.00   0.00   0.00
 [41,]   0.00   0.00   0.00   0.00   0.00   0.00   0.00   0.00   0.00   0.00
 [42,]   0.00   0.00   0.00   0.00   0.00   0.00   0.00   0.00   0.00   0.00
 [43,]   0.00   0.00   0.00   0.00   0.00   0.00   0.00   0.00   0.00   0.00
 [44,]   0.00   0.00   0.00   0.00   0.00   0.00   0.00   0.00   0.00   0.00
 [45,]   0.00   0.00   0.00   0.00   0.00   0.00   0.00   0.00   0.00   0.00
 [46,]   0.00   0.00   0.00   0.00   0.00   0.00   0.00   0.00   0.00   0.00
 [47,]   0.00   0.00   0.00   0.00   0.00   0.00   0.00   0.00   0.00   0.00
 [48,]   0.00   0.00   0.00   0.00   0.00   0.00   0.00   0.00   0.00   0.00
 [49,]   0.00   0.00   0.00   0.00   0.00   0.00   0.00   0.00   0.00   0.00
 [50,]   0.00   0.00   0.00   0.00   0.00   0.00   0.00   0.00   0.00   0.00
 [51,]   0.00   0.00   0.00   0.00   0.00   0.00   0.00   0.00   0.00   0.00
 [52,]   0.00   0.00   0.00   0.00   0.00   0.00   0.00   0.00   0.00   0.00
 [53,]   0.00   0.00   0.00   0.00   0.00   0.00   0.00   0.00   0.00   0.00
 [54,]   0.00   0.00   0.00   0.00   0.00   0.00   0.00   0.00   0.00   0.00
 [55,]   0.00   0.00   0.00   0.00   0.00   0.00   0.00   0.00   0.00   0.00
 [56,]   0.00   0.00   0.00   0.00   0.00   0.00   0.00   0.00   0.00   0.00
 [57,]   0.00   0.00   0.00   0.00   0.00   0.00   0.00   0.00   0.00   0.00
 [58,]   0.00   0.00   0.00   0.00   0.00   0.00   0.00   0.00   0.00   0.00
 [59,]   0.00   0.00   0.00   0.00   0.00   0.00   0.00   0.00   0.00   0.00
 [60,]   0.00   0.00   0.00   0.00   0.00   0.00   0.00   0.00   0.00   0.00
 [61,]   0.00   0.00   0.00   0.00   0.00   0.00   0.00   0.00   0.00   0.00
 [62,]   0.00   0.00   0.00   0.00   0.00   0.00   0.00   0.00   0.00   0.00
 [63,]   0.00   0.00   0.00   0.00   0.00   0.00   0.00   0.00   0.00   0.00
 [64,]   0.00   0.00   0.00   0.00   0.00   0.00   0.00   0.00   0.00   0.00
 [65,]   0.00   0.00   0.00   0.00   0.00   0.00   0.00   0.00   0.00   0.00
 [66,]   0.00   0.00   0.00   0.00   0.00   0.00   0.00   0.00   0.00   0.00
 [67,]   0.00   0.00   0.00   0.00   0.00   0.00   0.00   0.00   0.00   0.00
 [68,]   0.00   0.00   0.00   0.00   0.00   0.00   0.00   0.00   0.00   0.00
 [69,]   0.00   0.00   0.00   0.00   0.00   0.00   0.00   0.00   0.00   0.00
 [70,]   0.00   0.00   0.00   0.00   0.00   0.00   0.00   0.00   0.00   0.00
 [71,]   0.00   0.00   0.00   0.00   0.00   0.00   0.00   0.00   0.00   0.00
 [72,]   0.00   0.00   0.00   0.00   0.00   0.00   0.00   0.00   0.00   0.00
 [73,]   0.00   0.00   0.00   0.00   0.00   0.00   0.00   0.00   0.00   0.00
 [74,]   0.00   0.00   0.00   0.00   0.00   0.00   0.00   0.00   0.00   0.00
 [75,]   0.00   0.00   0.00   0.00   0.00   0.00   0.00   0.00   0.00   0.00
 [76,]   0.00   0.00   0.00   0.00   0.00   0.00   0.00   0.00   0.00   0.00
 [77,]   0.00   0.00   0.00   0.00   0.00   0.00   0.00   0.00   0.00   0.00
 [78,]   0.00   0.00   0.00   0.00   0.00   0.00   0.00   0.00   0.00   0.00
 [79,]   0.00   0.00   0.00   0.00   0.00   0.00   0.00   0.00   0.00   0.00
 [80,]   0.00   0.00   0.00   0.00   0.00   0.00   0.00   0.00   0.00   0.00
 [81,]   0.00   0.00   0.00   0.00   0.00   0.00   0.00   0.00   0.00   0.00
 [82,]   0.00   0.00   0.00   0.00   0.00   0.00   0.00   0.00   0.00   0.00
 [83,]   0.00   0.00   0.00   0.00   0.00   0.00   0.00   0.00   0.00   0.00
 [84,]   0.00   0.00   0.00   0.00   0.00   0.00   0.00   0.00   0.00   0.00
 [85,]   0.00   0.00   0.00   0.00   0.00   0.00   0.00   0.00   0.00   0.00
 [86,]   0.00   0.00   0.00   0.00   0.00   0.00   0.00   0.00   0.00   0.00
 [87,]   0.00   0.00   0.00   0.00   0.00   0.00   0.00   0.00   0.00   0.00
 [88,]   0.00   0.00   0.00   0.00   0.00   0.00   0.00   0.00   0.00   0.00
 [89,]   0.00   0.00   0.00   0.00   0.00   0.00   0.00   0.00   0.00   0.00
 [90,]   0.00   0.00   0.00   0.00   0.00   0.00   0.00   0.00   0.00   0.00
 [91,]   0.00   0.00   0.00   0.00   0.00   0.00   0.00   0.00   0.00   0.00
 [92,]   0.00   0.00   0.00   0.00   0.00   0.00   0.00   0.00   0.00   0.00
 [93,]   0.00   0.00   0.00   0.00   0.00   0.00   0.00   0.00   0.00   0.00
 [94,]   0.00   0.00   0.00   0.00   0.00   0.00   0.00   0.00   0.00   0.00
 [95,]   0.00   0.00   0.00   0.00   0.00   0.00   0.00   0.00   0.00   0.00
 [96,]   0.00   0.00   0.00   0.00   0.00   0.00   0.00   0.00   0.00   0.00
 [97,]   0.00   0.00   0.00   0.00   0.00   0.00   0.00   0.00   0.00   0.00
 [98,]   0.00   0.00   0.00   0.00   0.00   0.00   0.00   0.00   0.00   0.00
 [99,]   0.00   0.00   0.00   0.00   0.00   0.00   0.00   0.00   0.00   0.00
[100,]   0.00   0.00   0.00   0.00   0.00   0.00   0.00   0.00   0.00   0.00
[101,]   0.00   0.00   0.00   0.00   0.00   0.00   0.00   0.00   0.00   0.00
[102,]   0.00   0.00   0.00   0.00   0.00   0.00   0.00   0.00   0.00   0.00
[103,]   0.00   0.00   0.00   0.00   0.00   0.00   0.00   0.00   0.00   0.00
[104,]   0.00   0.00   0.00   0.00   0.00   0.00   0.00   0.00   0.00   0.00
[105,]   0.00   0.00   0.00   0.00   0.00   0.00   0.00   0.00   0.00   0.00
[106,]   0.00   0.00   0.00   0.00   0.00   0.00   0.00   0.00   0.00   0.00
[107,]   0.00   0.00   0.00   0.00   0.00   0.00   0.00   0.00   0.00   0.00
[108,]   0.00   0.00   0.00   0.00   0.00   0.00   0.00   0.00   0.00   0.00
[109,]   0.00   0.00   0.00   0.00   0.00   0.00   0.00   0.00   0.00   0.00
[110,]   0.00   0.00   0.00   0.00   0.00   0.00   0.00   0.00   0.00   0.00
[111,]   0.00   0.00   0.00   0.00   0.00   0.00   0.00   0.00   0.00   0.00
[112,]   0.00   0.00   0.00   0.00   0.00   0.00   0.00   0.00   0.00   0.00
[113,]   0.00   0.00   0.00   0.00   0.00   0.00   0.00   0.00   0.00   0.00
[114,]   0.00   0.00   0.00   0.00   0.00   0.00   0.00   0.00   0.00   0.00
[115,]   0.00   0.00   0.00   0.00   0.00   0.00   0.00   0.00   0.00   0.00
[116,]   0.00   0.00   0.00   0.00   0.00   0.00   0.00   0.00   0.00   0.00
[117,]   0.00   0.00   0.00   0.00   0.00   0.00   0.00   0.00   0.00   0.00
[118,]   0.00   0.00   0.00   0.00   0.00   0.00   0.00   0.00   0.00   0.00
[119,]   0.00   0.00   0.00   0.00   0.00   0.00   0.00   0.00   0.00   0.00
[120,]   0.00   0.00   0.00   0.00   0.00   0.00   0.00   0.00   0.00   0.00
[121,]   0.00   0.00   0.00   0.00   0.00   0.00   0.00   0.00   0.00   0.00
[122,]   0.00   0.00   0.00   0.00   0.00   0.00   0.00   0.00   0.00   0.00
[123,]   0.00   0.00   0.00   0.00   0.00   0.00   0.00   0.00   0.00   0.00
[124,]   0.00   0.00   0.00   0.00   0.00   0.00   0.00   0.00   0.00   0.00
[125,]   0.00   0.00   0.00   0.00   0.00   0.00   0.00   0.00   0.00   0.00
[126,]   0.00   0.00   0.00   0.00   0.00   0.00   0.00   0.00   0.00   0.00
[127,]   0.00   0.00   0.00   0.00   0.00   0.00   0.00   0.00   0.00   0.00
[128,]   0.00   0.00   0.00   0.00   0.00   0.00   0.00   0.00   0.00   0.00
[129,]   0.00   0.00   0.00   0.00   0.00   0.00   0.00   0.00   0.00   0.00
[130,]   0.00   0.00   0.00   0.00   0.00   0.00   0.00   0.00   0.00   0.00
[131,]   0.00   0.00   0.00   0.00   0.00   0.00   0.00   0.00   0.00   0.00
[132,]   0.00   0.00   0.00   0.00   0.00   0.00   0.00   0.00   0.00   0.00
[133,]   0.00   0.00   0.00   0.00   0.00   0.00   0.00   0.00   0.00   0.00
[134,]   0.00   0.00   0.00   0.00   0.00   0.00   0.00   0.00   0.00   0.00
[135,]   0.00   0.00   0.00   0.00   0.00   0.00   0.00   0.00   0.00   0.00
[136,]   0.00   0.00   0.00   0.00   0.00   0.00   0.00   0.00   0.00   0.00
[137,]   0.00   0.00   0.00   0.00   0.00   0.00   0.00   0.00   0.00   0.00
[138,]   0.00   0.00   0.00   0.00   0.00   0.00   0.00   0.00   0.00   0.00
[139,]   0.00   0.00   0.00   0.00   0.00   0.00   0.00   0.00   0.00   0.00
[140,]   0.00   0.00   0.00   0.00   0.00   0.00   0.00   0.00   0.00   0.00
[141,]   0.00   0.00   0.00   0.00   0.00   0.00   0.00   0.00   0.00   0.00
[142,]   0.00   0.00   0.00   0.00   0.00   0.00   0.00   0.00   0.00   0.00
[143,]   0.00   0.00   0.00   0.00   0.00   0.00   0.00   0.00   0.00   0.00
[144,]   0.00   0.00   0.00   0.00   0.00   0.00   0.00   0.00   0.00   0.00
[145,]   0.00   0.00   0.00   0.00   0.00   0.00   0.00   0.00   0.00   0.00
[146,]   0.00   0.00   0.00   0.00   0.00   0.00   0.00   0.00   0.00   0.00
[147,]   0.00   0.00   0.00   0.00   0.00   0.00   0.00   0.00   0.00   0.00
[148,]   0.00   0.00   0.00   0.00   0.00   0.00   0.00   0.00   0.00   0.00
[149,]   0.00   0.00   0.00   0.00   0.00   0.00   0.00   0.00   0.00   0.00
[150,]   0.00   0.00   0.00   0.00   0.00   0.00   0.00   0.00   0.00   0.00
[151,]   0.00   0.00   0.00   0.00   0.00   0.00   0.00   0.00   0.00   0.00
[152,]   0.00   0.00   0.00   0.00   0.00   0.00   0.00   0.00   0.00   0.00
[153,]   0.00   0.00   0.00   0.00   0.00   0.00   0.00   0.00   0.00   0.00
[154,]   0.00   0.00   0.00   0.00   0.00   0.00   0.00   0.00   0.00   0.00
[155,]   0.00   0.00   0.00   0.00   0.00   0.00   0.00   0.00   0.00   0.00
[156,]   0.00   0.00   0.00   0.00   0.00   0.00   0.00   0.00   0.00   0.00
[157,]   0.00   0.00   0.00   0.00   0.00   0.00   0.00   0.00   0.00   0.00
[158,]   0.00   0.00   0.00   0.00   0.00   0.00   0.00   0.00   0.00   0.00
[159,]   0.00   0.00   0.00   0.00   0.00   0.00   0.00   0.00   0.00   0.00
[160,]   0.00   0.00   0.00   0.00   0.00   0.00   0.00   0.00   0.00   0.00
[161,]   0.00   0.00   0.00   0.00   0.00   0.00   0.00   0.00   0.00   0.00
[162,]   0.00   0.00   0.00   0.00   0.00   0.00   0.00   0.00   0.00   0.00
[163,]   0.00   0.00   0.00   0.00   0.00   0.00   0.00   0.00   0.00   0.00
[164,]   0.00   0.00   0.00   0.00   0.00   0.00   0.00   0.00   0.00   0.00
[165,]   0.00   0.00   0.00   0.00   0.00   0.00   0.00   0.00   0.00   0.00
[166,]   0.00   0.00   0.00   0.00   0.00   0.00   0.00   0.00   0.00   0.00
[167,]   0.00   0.00   0.00   0.00   0.00   0.00   0.00   0.00   0.00   0.00
[168,]   0.00   0.00   0.00   0.00   0.00   0.00   0.00   0.00   0.00   0.00
[169,]   0.00   0.00   0.00   0.00   0.00   0.00   0.00   0.00   0.00   0.00
[170,]   0.00   0.00   0.00   0.00   0.00   0.00   0.00   0.00   0.00   0.00
[171,]   0.00   0.00   0.00   0.00   0.00   0.00   0.00   0.00   0.00   0.00
[172,]   0.00   0.00   0.00   0.00   0.00   0.00   0.00   0.00   0.00   0.00
[173,]   0.00   0.00   0.00   0.00   0.00   0.00   0.00   0.00   0.00   0.00
[174,]   0.00   0.00   0.00   0.00   0.00   0.00   0.00   0.00   0.00   0.00
[175,]   0.00   0.00   0.00   0.00   0.00   0.00   0.00   0.00   0.00   0.00
[176,]   0.00   0.00   0.00   0.00   0.00   0.00   0.00   0.00   0.00   0.00
[177,]   0.00   0.00   0.00   0.00   0.00   0.00   0.00   0.00   0.00   0.00
[178,]   0.00   0.00   0.00   0.00   0.00   0.00   0.00   0.00   0.00   0.00
[179,]   0.00   0.00   0.00   0.00   0.00   0.00   0.00   0.00   0.00   0.00
[180,]   0.00   0.00   0.00   0.00   0.00   0.00   0.00   0.00   0.00   0.00
[181,]   0.00   0.00   0.00   0.00   0.00   0.00   0.00   0.00   0.00   0.00
[182,]   0.00   0.00   0.00   0.00   0.00   0.00   0.00   0.00   0.00   0.00
[183,]   0.00   0.00   0.00   0.00   0.00   0.00   0.00   0.00   0.00   0.00
[184,]   0.00   0.00   0.00   0.00   0.00   0.00   0.00   0.00   0.00   0.00
[185,]   0.00   0.00   0.00   0.00   0.00   0.00   0.00   0.00   0.00   0.00
[186,]   0.00   0.00   0.00   0.00   0.00   0.00   0.00   0.00   0.00   0.00
[187,]   0.00   0.00   0.00   0.00   0.00   0.00   0.00   0.00   0.00   0.00
[188,]   0.00   0.00   0.00   0.00   0.00   0.00   0.00   0.00   0.00   0.00
[189,]   0.00   0.00   0.00   0.00   0.00   0.00   0.00   0.00   0.00   0.00
[190,]   0.00   0.00   0.00   0.00   0.00   0.00   0.00   0.00   0.00   0.00
[191,]   0.00   0.00   0.00   0.00   0.00   0.00   0.00   0.00   0.00   0.00
[192,]   0.00   0.00   0.00   0.00   0.00   0.00   0.00   0.00   0.00   0.00
[193,]   0.00   0.00   0.00   0.00   0.00   0.00   0.00   0.00   0.00   0.00
[194,]   0.00   0.00   0.00   0.00   0.00   0.00   0.00   0.00   0.00   0.00
[195,]   0.00   0.00   0.00   0.00   0.00   0.00   0.00   0.00   0.00   0.00
[196,]   0.00   0.00   0.00   0.00   0.00   0.00   0.00   0.00   0.00   0.00
[197,]   0.00   0.00   0.00   0.00   0.00   0.00   0.00   0.00   0.00   0.00
[198,]   0.00   0.00   0.00   0.00   0.00   0.00   0.00   0.00   0.00   0.00
[199,]   0.00   0.00   0.00   0.00   0.00   0.00   0.00   0.00   0.00   0.00
[200,]   0.00   0.00   0.00   0.00   0.00   0.00   0.00   0.00   0.00   0.00
[201,]   0.00   0.00   0.00   0.00   0.00   0.00   0.00   0.00   0.00   0.00
[202,]   0.00   0.00   0.00   0.00   0.00   0.00   0.00   0.00   0.00   0.00
[203,]   0.00   0.00   0.00   0.00   0.00   0.00   0.00   0.00   0.00   0.00
[204,]   0.00   0.00   0.00   0.00   0.00   0.00   0.00   0.00   0.00   0.00
[205,]   0.00   0.00   0.00   0.00   0.00   0.00   0.00   0.00   0.00   0.00
[206,]   0.00   0.00   0.00   0.00   0.00   0.00   0.00   0.00   0.00   0.00
[207,]   0.00   0.00   0.00   0.00   0.00   0.00   0.00   0.00   0.00   0.00
[208,]   0.00   0.00   0.00   0.00   0.00   0.00   0.00   0.00   0.00   0.00
[209,]   0.00   0.00   0.00   0.00   0.00   0.00   0.00   0.00   0.00   0.00
[210,]   0.00   0.00   0.00   0.00   0.00   0.00   0.00   0.00   0.00   0.00
[211,]   0.00   0.00   0.00   0.00   0.00   0.00   0.00   0.00   0.00   0.00
[212,]   0.00   0.00   0.00   0.00   0.00   0.00   0.00   0.00   0.00   0.00
[213,]   0.00   0.00   0.00   0.00   0.00   0.00   0.00   0.00   0.00   0.00
[214,]   0.00   0.00   0.00   0.00   0.00   0.00   0.00   0.00   0.00   0.00
[215,]   0.00   0.00   0.00   0.00   0.00   0.00   0.00   0.00   0.00   0.00
[216,]   0.00   0.00   0.00   0.00   0.00   0.00   0.00   0.00   0.00   0.00
[217,]   0.00   0.00   0.00   0.00   0.00   0.00   0.00   0.00   0.00   0.00
[218,]   0.00   0.00   0.00   0.00   0.00   0.00   0.00   0.00   0.00   0.00
[219,]   0.00   0.00   0.00   0.00   0.00   0.00   0.00   0.00   0.00   0.00
[220,]   0.00   0.00   0.00   0.00   0.00   0.00   0.00   0.00   0.00   0.00
[221,]   0.00   0.00   0.00   0.00   0.00   0.00   0.00   0.00   0.00   0.00
[222,]   0.00   0.00   0.00   0.00   0.00   0.00   0.00   0.00   0.00   0.00
[223,]   0.00   0.00   0.00   0.00   0.00   0.00   0.00   0.00   0.00   0.00
[224,]   0.00   0.00   0.00   0.00   0.00   0.00   0.00   0.00   0.00   0.00
[225,]   0.00   0.00   0.00   0.00   0.00   0.00   0.00   0.00   0.00   0.00
[226,]   0.00   0.00   0.00   0.00   0.00   0.00   0.00   0.00   0.00   0.00
[227,]   0.00   0.00   0.00   0.00   0.00   0.00   0.00   0.00   0.00   0.00
[228,]   0.00   0.00   0.00   0.00   0.00   0.00   0.00   0.00   0.00   0.00
       [,378] [,379] [,380] [,381] [,382] [,383] [,384] [,385] [,386] [,387]
  [1,]   0.00   0.00   0.00   0.00   0.00   0.00   0.00   0.00   0.00   0.00
  [2,]   0.00   0.00   0.00   0.00   0.00   0.00   0.00   0.00   0.00   0.00
  [3,]   0.00   0.00   0.00   0.00   0.00   0.00   0.00   0.00   0.00   0.00
  [4,]   0.00   0.00   0.00   0.00   0.00   0.00   0.00   0.00   0.00   0.00
  [5,]   0.00   0.00   0.00   0.00   0.00   0.00   0.00   0.00   0.00   0.00
  [6,]   0.00   0.00   0.00   0.00   0.00   0.00   0.00   0.00   0.00   0.00
  [7,]   0.00   0.00   0.00   0.00   0.00   0.00   0.00   0.00   0.00   0.00
  [8,]   0.00   0.00   0.00   0.00   0.00   0.00   0.00   0.00   0.00   0.00
  [9,]   0.00   0.00   0.00   0.00   0.00   0.00   0.00   0.00   0.00   0.00
 [10,]   0.00   0.00   0.00   0.00   0.00   0.00   0.00   0.00   0.00   0.00
 [11,]   0.00   0.00   0.00   0.00   0.00   0.00   0.00   0.00   0.00   0.00
 [12,]   0.00   0.00   0.00   0.00   0.00   0.00   0.00   0.00   0.00   0.00
 [13,]   0.00   0.00   0.00   0.00   0.00   0.00   0.00   0.00   0.00   0.00
 [14,]   0.00   0.00   0.00   0.00   0.00   0.00   0.00   0.00   0.00   0.00
 [15,]   0.00   0.00   0.00   0.00   0.00   0.00   0.00   0.00   0.00   0.00
 [16,]   0.00   0.00   0.00   0.00   0.00   0.00   0.00   0.00   0.00   0.00
 [17,]   0.00   0.00   0.00   0.00   0.00   0.00   0.00   0.00   0.00   0.00
 [18,]   0.00   0.00   0.00   0.00   0.00   0.00   0.00   0.00   0.00   0.00
 [19,]   0.00   0.00   0.00   0.00   0.00   0.00   0.00   0.00   0.00   0.00
 [20,]   0.00   0.00   0.00   0.00   0.00   0.00   0.00   0.00   0.00   0.00
 [21,]   0.00   0.00   0.00   0.00   0.00   0.00   0.00   0.00   0.00   0.00
 [22,]   0.00   0.00   0.00   0.00   0.00   0.00   0.00   0.00   0.00   0.00
 [23,]   0.00   0.00   0.00   0.00   0.00   0.00   0.00   0.00   0.00   0.00
 [24,]   0.00   0.00   0.00   0.00   0.00   0.00   0.00   0.00   0.00   0.00
 [25,]   0.00   0.00   0.00   0.00   0.00   0.00   0.00   0.00   0.00   0.00
 [26,]   0.00   0.00   0.00   0.00   0.00   0.00   0.00   0.00   0.00   0.00
 [27,]   0.00   0.00   0.00   0.00   0.00   0.00   0.00   0.00   0.00   0.00
 [28,]   0.00   0.00   0.00   0.00   0.00   0.00   0.00   0.00   0.00   0.00
 [29,]   0.00   0.00   0.00   0.00   0.00   0.00   0.00   0.00   0.00   0.00
 [30,]   0.00   0.00   0.00   0.00   0.00   0.00   0.00   0.00   0.00   0.00
 [31,]   0.00   0.00   0.00   0.00   0.00   0.00   0.00   0.00   0.00   0.00
 [32,]   0.00   0.00   0.00   0.00   0.00   0.00   0.00   0.00   0.00   0.00
 [33,]   0.00   0.00   0.00   0.00   0.00   0.00   0.00   0.00   0.00   0.00
 [34,]   0.00   0.00   0.00   0.00   0.00   0.00   0.00   0.00   0.00   0.00
 [35,]   0.00   0.00   0.00   0.00   0.00   0.00   0.00   0.00   0.00   0.00
 [36,]   0.00   0.00   0.00   0.00   0.00   0.00   0.00   0.00   0.00   0.00
 [37,]   0.00   0.00   0.00   0.00   0.00   0.00   0.00   0.00   0.00   0.00
 [38,]   0.00   0.00   0.00   0.00   0.00   0.00   0.00   0.00   0.00   0.00
 [39,]   0.00   0.00   0.00   0.00   0.00   0.00   0.00   0.00   0.00   0.00
 [40,]   0.00   0.00   0.00   0.00   0.00   0.00   0.00   0.00   0.00   0.00
 [41,]   0.00   0.00   0.00   0.00   0.00   0.00   0.00   0.00   0.00   0.00
 [42,]   0.00   0.00   0.00   0.00   0.00   0.00   0.00   0.00   0.00   0.00
 [43,]   0.00   0.00   0.00   0.00   0.00   0.00   0.00   0.00   0.00   0.00
 [44,]   0.00   0.00   0.00   0.00   0.00   0.00   0.00   0.00   0.00   0.00
 [45,]   0.00   0.00   0.00   0.00   0.00   0.00   0.00   0.00   0.00   0.00
 [46,]   0.00   0.00   0.00   0.00   0.00   0.00   0.00   0.00   0.00   0.00
 [47,]   0.00   0.00   0.00   0.00   0.00   0.00   0.00   0.00   0.00   0.00
 [48,]   0.00   0.00   0.00   0.00   0.00   0.00   0.00   0.00   0.00   0.00
 [49,]   0.00   0.00   0.00   0.00   0.00   0.00   0.00   0.00   0.00   0.00
 [50,]   0.00   0.00   0.00   0.00   0.00   0.00   0.00   0.00   0.00   0.00
 [51,]   0.00   0.00   0.00   0.00   0.00   0.00   0.00   0.00   0.00   0.00
 [52,]   0.00   0.00   0.00   0.00   0.00   0.00   0.00   0.00   0.00   0.00
 [53,]   0.00   0.00   0.00   0.00   0.00   0.00   0.00   0.00   0.00   0.00
 [54,]   0.00   0.00   0.00   0.00   0.00   0.00   0.00   0.00   0.00   0.00
 [55,]   0.00   0.00   0.00   0.00   0.00   0.00   0.00   0.00   0.00   0.00
 [56,]   0.00   0.00   0.00   0.00   0.00   0.00   0.00   0.00   0.00   0.00
 [57,]   0.00   0.00   0.00   0.00   0.00   0.00   0.00   0.00   0.00   0.00
 [58,]   0.00   0.00   0.00   0.00   0.00   0.00   0.00   0.00   0.00   0.00
 [59,]   0.00   0.00   0.00   0.00   0.00   0.00   0.00   0.00   0.00   0.00
 [60,]   0.00   0.00   0.00   0.00   0.00   0.00   0.00   0.00   0.00   0.00
 [61,]   0.00   0.00   0.00   0.00   0.00   0.00   0.00   0.00   0.00   0.00
 [62,]   0.00   0.00   0.00   0.00   0.00   0.00   0.00   0.00   0.00   0.00
 [63,]   0.00   0.00   0.00   0.00   0.00   0.00   0.00   0.00   0.00   0.00
 [64,]   0.00   0.00   0.00   0.00   0.00   0.00   0.00   0.00   0.00   0.00
 [65,]   0.00   0.00   0.00   0.00   0.00   0.00   0.00   0.00   0.00   0.00
 [66,]   0.00   0.00   0.00   0.00   0.00   0.00   0.00   0.00   0.00   0.00
 [67,]   0.00   0.00   0.00   0.00   0.00   0.00   0.00   0.00   0.00   0.00
 [68,]   0.00   0.00   0.00   0.00   0.00   0.00   0.00   0.00   0.00   0.00
 [69,]   0.00   0.00   0.00   0.00   0.00   0.00   0.00   0.00   0.00   0.00
 [70,]   0.00   0.00   0.00   0.00   0.00   0.00   0.00   0.00   0.00   0.00
 [71,]   0.00   0.00   0.00   0.00   0.00   0.00   0.00   0.00   0.00   0.00
 [72,]   0.00   0.00   0.00   0.00   0.00   0.00   0.00   0.00   0.00   0.00
 [73,]   0.00   0.00   0.00   0.00   0.00   0.00   0.00   0.00   0.00   0.00
 [74,]   0.00   0.00   0.00   0.00   0.00   0.00   0.00   0.00   0.00   0.00
 [75,]   0.00   0.00   0.00   0.00   0.00   0.00   0.00   0.00   0.00   0.00
 [76,]   0.00   0.00   0.00   0.00   0.00   0.00   0.00   0.00   0.00   0.00
 [77,]   0.00   0.00   0.00   0.00   0.00   0.00   0.00   0.00   0.00   0.00
 [78,]   0.00   0.00   0.00   0.00   0.00   0.00   0.00   0.00   0.00   0.00
 [79,]   0.00   0.00   0.00   0.00   0.00   0.00   0.00   0.00   0.00   0.00
 [80,]   0.00   0.00   0.00   0.00   0.00   0.00   0.00   0.00   0.00   0.00
 [81,]   0.00   0.00   0.00   0.00   0.00   0.00   0.00   0.00   0.00   0.00
 [82,]   0.00   0.00   0.00   0.00   0.00   0.00   0.00   0.00   0.00   0.00
 [83,]   0.00   0.00   0.00   0.00   0.00   0.00   0.00   0.00   0.00   0.00
 [84,]   0.00   0.00   0.00   0.00   0.00   0.00   0.00   0.00   0.00   0.00
 [85,]   0.00   0.00   0.00   0.00   0.00   0.00   0.00   0.00   0.00   0.00
 [86,]   0.00   0.00   0.00   0.00   0.00   0.00   0.00   0.00   0.00   0.00
 [87,]   0.00   0.00   0.00   0.00   0.00   0.00   0.00   0.00   0.00   0.00
 [88,]   0.00   0.00   0.00   0.00   0.00   0.00   0.00   0.00   0.00   0.00
 [89,]   0.00   0.00   0.00   0.00   0.00   0.00   0.00   0.00   0.00   0.00
 [90,]   0.00   0.00   0.00   0.00   0.00   0.00   0.00   0.00   0.00   0.00
 [91,]   0.00   0.00   0.00   0.00   0.00   0.00   0.00   0.00   0.00   0.00
 [92,]   0.00   0.00   0.00   0.00   0.00   0.00   0.00   0.00   0.00   0.00
 [93,]   0.00   0.00   0.00   0.00   0.00   0.00   0.00   0.00   0.00   0.00
 [94,]   0.00   0.00   0.00   0.00   0.00   0.00   0.00   0.00   0.00   0.00
 [95,]   0.00   0.00   0.00   0.00   0.00   0.00   0.00   0.00   0.00   0.00
 [96,]   0.00   0.00   0.00   0.00   0.00   0.00   0.00   0.00   0.00   0.00
 [97,]   0.00   0.00   0.00   0.00   0.00   0.00   0.00   0.00   0.00   0.00
 [98,]   0.00   0.00   0.00   0.00   0.00   0.00   0.00   0.00   0.00   0.00
 [99,]   0.00   0.00   0.00   0.00   0.00   0.00   0.00   0.00   0.00   0.00
[100,]   0.00   0.00   0.00   0.00   0.00   0.00   0.00   0.00   0.00   0.00
[101,]   0.00   0.00   0.00   0.00   0.00   0.00   0.00   0.00   0.00   0.00
[102,]   0.00   0.00   0.00   0.00   0.00   0.00   0.00   0.00   0.00   0.00
[103,]   0.00   0.00   0.00   0.00   0.00   0.00   0.00   0.00   0.00   0.00
[104,]   0.00   0.00   0.00   0.00   0.00   0.00   0.00   0.00   0.00   0.00
[105,]   0.00   0.00   0.00   0.00   0.00   0.00   0.00   0.00   0.00   0.00
[106,]   0.00   0.00   0.00   0.00   0.00   0.00   0.00   0.00   0.00   0.00
[107,]   0.00   0.00   0.00   0.00   0.00   0.00   0.00   0.00   0.00   0.00
[108,]   0.00   0.00   0.00   0.00   0.00   0.00   0.00   0.00   0.00   0.00
[109,]   0.00   0.00   0.00   0.00   0.00   0.00   0.00   0.00   0.00   0.00
[110,]   0.00   0.00   0.00   0.00   0.00   0.00   0.00   0.00   0.00   0.00
[111,]   0.00   0.00   0.00   0.00   0.00   0.00   0.00   0.00   0.00   0.00
[112,]   0.00   0.00   0.00   0.00   0.00   0.00   0.00   0.00   0.00   0.00
[113,]   0.00   0.00   0.00   0.00   0.00   0.00   0.00   0.00   0.00   0.00
[114,]   0.00   0.00   0.00   0.00   0.00   0.00   0.00   0.00   0.00   0.00
[115,]   0.00   0.00   0.00   0.00   0.00   0.00   0.00   0.00   0.00   0.00
[116,]   0.00   0.00   0.00   0.00   0.00   0.00   0.00   0.00   0.00   0.00
[117,]   0.00   0.00   0.00   0.00   0.00   0.00   0.00   0.00   0.00   0.00
[118,]   0.00   0.00   0.00   0.00   0.00   0.00   0.00   0.00   0.00   0.00
[119,]   0.00   0.00   0.00   0.00   0.00   0.00   0.00   0.00   0.00   0.00
[120,]   0.00   0.00   0.00   0.00   0.00   0.00   0.00   0.00   0.00   0.00
[121,]   0.00   0.00   0.00   0.00   0.00   0.00   0.00   0.00   0.00   0.00
[122,]   0.00   0.00   0.00   0.00   0.00   0.00   0.00   0.00   0.00   0.00
[123,]   0.00   0.00   0.00   0.00   0.00   0.00   0.00   0.00   0.00   0.00
[124,]   0.00   0.00   0.00   0.00   0.00   0.00   0.00   0.00   0.00   0.00
[125,]   0.00   0.00   0.00   0.00   0.00   0.00   0.00   0.00   0.00   0.00
[126,]   0.00   0.00   0.00   0.00   0.00   0.00   0.00   0.00   0.00   0.00
[127,]   0.00   0.00   0.00   0.00   0.00   0.00   0.00   0.00   0.00   0.00
[128,]   0.00   0.00   0.00   0.00   0.00   0.00   0.00   0.00   0.00   0.00
[129,]   0.00   0.00   0.00   0.00   0.00   0.00   0.00   0.00   0.00   0.00
[130,]   0.00   0.00   0.00   0.00   0.00   0.00   0.00   0.00   0.00   0.00
[131,]   0.00   0.00   0.00   0.00   0.00   0.00   0.00   0.00   0.00   0.00
[132,]   0.00   0.00   0.00   0.00   0.00   0.00   0.00   0.00   0.00   0.00
[133,]   0.00   0.00   0.00   0.00   0.00   0.00   0.00   0.00   0.00   0.00
[134,]   0.00   0.00   0.00   0.00   0.00   0.00   0.00   0.00   0.00   0.00
[135,]   0.00   0.00   0.00   0.00   0.00   0.00   0.00   0.00   0.00   0.00
[136,]   0.00   0.00   0.00   0.00   0.00   0.00   0.00   0.00   0.00   0.00
[137,]   0.00   0.00   0.00   0.00   0.00   0.00   0.00   0.00   0.00   0.00
[138,]   0.00   0.00   0.00   0.00   0.00   0.00   0.00   0.00   0.00   0.00
[139,]   0.00   0.00   0.00   0.00   0.00   0.00   0.00   0.00   0.00   0.00
[140,]   0.00   0.00   0.00   0.00   0.00   0.00   0.00   0.00   0.00   0.00
[141,]   0.00   0.00   0.00   0.00   0.00   0.00   0.00   0.00   0.00   0.00
[142,]   0.00   0.00   0.00   0.00   0.00   0.00   0.00   0.00   0.00   0.00
[143,]   0.00   0.00   0.00   0.00   0.00   0.00   0.00   0.00   0.00   0.00
[144,]   0.00   0.00   0.00   0.00   0.00   0.00   0.00   0.00   0.00   0.00
[145,]   0.00   0.00   0.00   0.00   0.00   0.00   0.00   0.00   0.00   0.00
[146,]   0.00   0.00   0.00   0.00   0.00   0.00   0.00   0.00   0.00   0.00
[147,]   0.00   0.00   0.00   0.00   0.00   0.00   0.00   0.00   0.00   0.00
[148,]   0.00   0.00   0.00   0.00   0.00   0.00   0.00   0.00   0.00   0.00
[149,]   0.00   0.00   0.00   0.00   0.00   0.00   0.00   0.00   0.00   0.00
[150,]   0.00   0.00   0.00   0.00   0.00   0.00   0.00   0.00   0.00   0.00
[151,]   0.00   0.00   0.00   0.00   0.00   0.00   0.00   0.00   0.00   0.00
[152,]   0.00   0.00   0.00   0.00   0.00   0.00   0.00   0.00   0.00   0.00
[153,]   0.00   0.00   0.00   0.00   0.00   0.00   0.00   0.00   0.00   0.00
[154,]   0.00   0.00   0.00   0.00   0.00   0.00   0.00   0.00   0.00   0.00
[155,]   0.00   0.00   0.00   0.00   0.00   0.00   0.00   0.00   0.00   0.00
[156,]   0.00   0.00   0.00   0.00   0.00   0.00   0.00   0.00   0.00   0.00
[157,]   0.00   0.00   0.00   0.00   0.00   0.00   0.00   0.00   0.00   0.00
[158,]   0.00   0.00   0.00   0.00   0.00   0.00   0.00   0.00   0.00   0.00
[159,]   0.00   0.00   0.00   0.00   0.00   0.00   0.00   0.00   0.00   0.00
[160,]   0.00   0.00   0.00   0.00   0.00   0.00   0.00   0.00   0.00   0.00
[161,]   0.00   0.00   0.00   0.00   0.00   0.00   0.00   0.00   0.00   0.00
[162,]   0.00   0.00   0.00   0.00   0.00   0.00   0.00   0.00   0.00   0.00
[163,]   0.00   0.00   0.00   0.00   0.00   0.00   0.00   0.00   0.00   0.00
[164,]   0.00   0.00   0.00   0.00   0.00   0.00   0.00   0.00   0.00   0.00
[165,]   0.00   0.00   0.00   0.00   0.00   0.00   0.00   0.00   0.00   0.00
[166,]   0.00   0.00   0.00   0.00   0.00   0.00   0.00   0.00   0.00   0.00
[167,]   0.00   0.00   0.00   0.00   0.00   0.00   0.00   0.00   0.00   0.00
[168,]   0.00   0.00   0.00   0.00   0.00   0.00   0.00   0.00   0.00   0.00
[169,]   0.00   0.00   0.00   0.00   0.00   0.00   0.00   0.00   0.00   0.00
[170,]   0.00   0.00   0.00   0.00   0.00   0.00   0.00   0.00   0.00   0.00
[171,]   0.00   0.00   0.00   0.00   0.00   0.00   0.00   0.00   0.00   0.00
[172,]   0.00   0.00   0.00   0.00   0.00   0.00   0.00   0.00   0.00   0.00
[173,]   0.00   0.00   0.00   0.00   0.00   0.00   0.00   0.00   0.00   0.00
[174,]   0.00   0.00   0.00   0.00   0.00   0.00   0.00   0.00   0.00   0.00
[175,]   0.00   0.00   0.00   0.00   0.00   0.00   0.00   0.00   0.00   0.00
[176,]   0.00   0.00   0.00   0.00   0.00   0.00   0.00   0.00   0.00   0.00
[177,]   0.00   0.00   0.00   0.00   0.00   0.00   0.00   0.00   0.00   0.00
[178,]   0.00   0.00   0.00   0.00   0.00   0.00   0.00   0.00   0.00   0.00
[179,]   0.00   0.00   0.00   0.00   0.00   0.00   0.00   0.00   0.00   0.00
[180,]   0.00   0.00   0.00   0.00   0.00   0.00   0.00   0.00   0.00   0.00
[181,]   0.00   0.00   0.00   0.00   0.00   0.00   0.00   0.00   0.00   0.00
[182,]   0.00   0.00   0.00   0.00   0.00   0.00   0.00   0.00   0.00   0.00
[183,]   0.00   0.00   0.00   0.00   0.00   0.00   0.00   0.00   0.00   0.00
[184,]   0.00   0.00   0.00   0.00   0.00   0.00   0.00   0.00   0.00   0.00
[185,]   0.00   0.00   0.00   0.00   0.00   0.00   0.00   0.00   0.00   0.00
[186,]   0.00   0.00   0.00   0.00   0.00   0.00   0.00   0.00   0.00   0.00
[187,]   0.00   0.00   0.00   0.00   0.00   0.00   0.00   0.00   0.00   0.00
[188,]   0.00   0.00   0.00   0.00   0.00   0.00   0.00   0.00   0.00   0.00
[189,]   0.00   0.00   0.00   0.00   0.00   0.00   0.00   0.00   0.00   0.00
[190,]   0.00   0.00   0.00   0.00   0.00   0.00   0.00   0.00   0.00   0.00
[191,]   0.00   0.00   0.00   0.00   0.00   0.00   0.00   0.00   0.00   0.00
[192,]   0.00   0.00   0.00   0.00   0.00   0.00   0.00   0.00   0.00   0.00
[193,]   0.00   0.00   0.00   0.00   0.00   0.00   0.00   0.00   0.00   0.00
[194,]   0.00   0.00   0.00   0.00   0.00   0.00   0.00   0.00   0.00   0.00
[195,]   0.00   0.00   0.00   0.00   0.00   0.00   0.00   0.00   0.00   0.00
[196,]   0.00   0.00   0.00   0.00   0.00   0.00   0.00   0.00   0.00   0.00
[197,]   0.00   0.00   0.00   0.00   0.00   0.00   0.00   0.00   0.00   0.00
[198,]   0.00   0.00   0.00   0.00   0.00   0.00   0.00   0.00   0.00   0.00
[199,]   0.00   0.00   0.00   0.00   0.00   0.00   0.00   0.00   0.00   0.00
[200,]   0.00   0.00   0.00   0.00   0.00   0.00   0.00   0.00   0.00   0.00
[201,]   0.00   0.00   0.00   0.00   0.00   0.00   0.00   0.00   0.00   0.00
[202,]   0.00   0.00   0.00   0.00   0.00   0.00   0.00   0.00   0.00   0.00
[203,]   0.00   0.00   0.00   0.00   0.00   0.00   0.00   0.00   0.00   0.00
[204,]   0.00   0.00   0.00   0.00   0.00   0.00   0.00   0.00   0.00   0.00
[205,]   0.00   0.00   0.00   0.00   0.00   0.00   0.00   0.00   0.00   0.00
[206,]   0.00   0.00   0.00   0.00   0.00   0.00   0.00   0.00   0.00   0.00
[207,]   0.00   0.00   0.00   0.00   0.00   0.00   0.00   0.00   0.00   0.00
[208,]   0.00   0.00   0.00   0.00   0.00   0.00   0.00   0.00   0.00   0.00
[209,]   0.00   0.00   0.00   0.00   0.00   0.00   0.00   0.00   0.00   0.00
[210,]   0.00   0.00   0.00   0.00   0.00   0.00   0.00   0.00   0.00   0.00
[211,]   0.00   0.00   0.00   0.00   0.00   0.00   0.00   0.00   0.00   0.00
[212,]   0.00   0.00   0.00   0.00   0.00   0.00   0.00   0.00   0.00   0.00
[213,]   0.00   0.00   0.00   0.00   0.00   0.00   0.00   0.00   0.00   0.00
[214,]   0.00   0.00   0.00   0.00   0.00   0.00   0.00   0.00   0.00   0.00
[215,]   0.00   0.00   0.00   0.00   0.00   0.00   0.00   0.00   0.00   0.00
[216,]   0.00   0.00   0.00   0.00   0.00   0.00   0.00   0.00   0.00   0.00
[217,]   0.00   0.00   0.00   0.00   0.00   0.00   0.00   0.00   0.00   0.00
[218,]   0.00   0.00   0.00   0.00   0.00   0.00   0.00   0.00   0.00   0.00
[219,]   0.00   0.00   0.00   0.00   0.00   0.00   0.00   0.00   0.00   0.00
[220,]   0.00   0.00   0.00   0.00   0.00   0.00   0.00   0.00   0.00   0.00
[221,]   0.00   0.00   0.00   0.00   0.00   0.00   0.00   0.00   0.00   0.00
[222,]   0.00   0.00   0.00   0.00   0.00   0.00   0.00   0.00   0.00   0.00
[223,]   0.00   0.00   0.00   0.00   0.00   0.00   0.00   0.00   0.00   0.00
[224,]   0.00   0.00   0.00   0.00   0.00   0.00   0.00   0.00   0.00   0.00
[225,]   0.00   0.00   0.00   0.00   0.00   0.00   0.00   0.00   0.00   0.00
[226,]   0.00   0.00   0.00   0.00   0.00   0.00   0.00   0.00   0.00   0.00
[227,]   0.00   0.00   0.00   0.00   0.00   0.00   0.00   0.00   0.00   0.00
[228,]   0.00   0.00   0.00   0.00   0.00   0.00   0.00   0.00   0.00   0.00
       [,388] [,389] [,390] [,391] [,392] [,393] [,394] [,395] [,396] [,397]
  [1,]   0.00   0.00   0.00   0.00   0.00   0.00   0.00   0.00   0.00   0.00
  [2,]   0.00   0.00   0.00   0.00   0.00   0.00   0.00   0.00   0.00   0.00
  [3,]   0.00   0.00   0.00   0.00   0.00   0.00   0.00   0.00   0.00   0.00
  [4,]   0.00   0.00   0.00   0.00   0.00   0.00   0.00   0.00   0.00   0.00
  [5,]   0.00   0.00   0.00   0.00   0.00   0.00   0.00   0.00   0.00   0.00
  [6,]   0.00   0.00   0.00   0.00   0.00   0.00   0.00   0.00   0.00   0.00
  [7,]   0.00   0.00   0.00   0.00   0.00   0.00   0.00   0.00   0.00   0.00
  [8,]   0.00   0.00   0.00   0.00   0.00   0.00   0.00   0.00   0.00   0.00
  [9,]   0.00   0.00   0.00   0.00   0.00   0.00   0.00   0.00   0.00   0.00
 [10,]   0.00   0.00   0.00   0.00   0.00   0.00   0.00   0.00   0.00   0.00
 [11,]   0.00   0.00   0.00   0.00   0.00   0.00   0.00   0.00   0.00   0.00
 [12,]   0.00   0.00   0.00   0.00   0.00   0.00   0.00   0.00   0.00   0.00
 [13,]   0.00   0.00   0.00   0.00   0.00   0.00   0.00   0.00   0.00   0.00
 [14,]   0.00   0.00   0.00   0.00   0.00   0.00   0.00   0.00   0.00   0.00
 [15,]   0.00   0.00   0.00   0.00   0.00   0.00   0.00   0.00   0.00   0.00
 [16,]   0.00   0.00   0.00   0.00   0.00   0.00   0.00   0.00   0.00   0.00
 [17,]   0.00   0.00   0.00   0.00   0.00   0.00   0.00   0.00   0.00   0.00
 [18,]   0.00   0.00   0.00   0.00   0.00   0.00   0.00   0.00   0.00   0.00
 [19,]   0.00   0.00   0.00   0.00   0.00   0.00   0.00   0.00   0.00   0.00
 [20,]   0.00   0.00   0.00   0.00   0.00   0.00   0.00   0.00   0.00   0.00
 [21,]   0.00   0.00   0.00   0.00   0.00   0.00   0.00   0.00   0.00   0.00
 [22,]   0.00   0.00   0.00   0.00   0.00   0.00   0.00   0.00   0.00   0.00
 [23,]   0.00   0.00   0.00   0.00   0.00   0.00   0.00   0.00   0.00   0.00
 [24,]   0.00   0.00   0.00   0.00   0.00   0.00   0.00   0.00   0.00   0.00
 [25,]   0.00   0.00   0.00   0.00   0.00   0.00   0.00   0.00   0.00   0.00
 [26,]   0.00   0.00   0.00   0.00   0.00   0.00   0.00   0.00   0.00   0.00
 [27,]   0.00   0.00   0.00   0.00   0.00   0.00   0.00   0.00   0.00   0.00
 [28,]   0.00   0.00   0.00   0.00   0.00   0.00   0.00   0.00   0.00   0.00
 [29,]   0.00   0.00   0.00   0.00   0.00   0.00   0.00   0.00   0.00   0.00
 [30,]   0.00   0.00   0.00   0.00   0.00   0.00   0.00   0.00   0.00   0.00
 [31,]   0.00   0.00   0.00   0.00   0.00   0.00   0.00   0.00   0.00   0.00
 [32,]   0.00   0.00   0.00   0.00   0.00   0.00   0.00   0.00   0.00   0.00
 [33,]   0.00   0.00   0.00   0.00   0.00   0.00   0.00   0.00   0.00   0.00
 [34,]   0.00   0.00   0.00   0.00   0.00   0.00   0.00   0.00   0.00   0.00
 [35,]   0.00   0.00   0.00   0.00   0.00   0.00   0.00   0.00   0.00   0.00
 [36,]   0.00   0.00   0.00   0.00   0.00   0.00   0.00   0.00   0.00   0.00
 [37,]   0.00   0.00   0.00   0.00   0.00   0.00   0.00   0.00   0.00   0.00
 [38,]   0.00   0.00   0.00   0.00   0.00   0.00   0.00   0.00   0.00   0.00
 [39,]   0.00   0.00   0.00   0.00   0.00   0.00   0.00   0.00   0.00   0.00
 [40,]   0.00   0.00   0.00   0.00   0.00   0.00   0.00   0.00   0.00   0.00
 [41,]   0.00   0.00   0.00   0.00   0.00   0.00   0.00   0.00   0.00   0.00
 [42,]   0.00   0.00   0.00   0.00   0.00   0.00   0.00   0.00   0.00   0.00
 [43,]   0.00   0.00   0.00   0.00   0.00   0.00   0.00   0.00   0.00   0.00
 [44,]   0.00   0.00   0.00   0.00   0.00   0.00   0.00   0.00   0.00   0.00
 [45,]   0.00   0.00   0.00   0.00   0.00   0.00   0.00   0.00   0.00   0.00
 [46,]   0.00   0.00   0.00   0.00   0.00   0.00   0.00   0.00   0.00   0.00
 [47,]   0.00   0.00   0.00   0.00   0.00   0.00   0.00   0.00   0.00   0.00
 [48,]   0.00   0.00   0.00   0.00   0.00   0.00   0.00   0.00   0.00   0.00
 [49,]   0.00   0.00   0.00   0.00   0.00   0.00   0.00   0.00   0.00   0.00
 [50,]   0.00   0.00   0.00   0.00   0.00   0.00   0.00   0.00   0.00   0.00
 [51,]   0.00   0.00   0.00   0.00   0.00   0.00   0.00   0.00   0.00   0.00
 [52,]   0.00   0.00   0.00   0.00   0.00   0.00   0.00   0.00   0.00   0.00
 [53,]   0.00   0.00   0.00   0.00   0.00   0.00   0.00   0.00   0.00   0.00
 [54,]   0.00   0.00   0.00   0.00   0.00   0.00   0.00   0.00   0.00   0.00
 [55,]   0.00   0.00   0.00   0.00   0.00   0.00   0.00   0.00   0.00   0.00
 [56,]   0.00   0.00   0.00   0.00   0.00   0.00   0.00   0.00   0.00   0.00
 [57,]   0.00   0.00   0.00   0.00   0.00   0.00   0.00   0.00   0.00   0.00
 [58,]   0.00   0.00   0.00   0.00   0.00   0.00   0.00   0.00   0.00   0.00
 [59,]   0.00   0.00   0.00   0.00   0.00   0.00   0.00   0.00   0.00   0.00
 [60,]   0.00   0.00   0.00   0.00   0.00   0.00   0.00   0.00   0.00   0.00
 [61,]   0.00   0.00   0.00   0.00   0.00   0.00   0.00   0.00   0.00   0.00
 [62,]   0.00   0.00   0.00   0.00   0.00   0.00   0.00   0.00   0.00   0.00
 [63,]   0.00   0.00   0.00   0.00   0.00   0.00   0.00   0.00   0.00   0.00
 [64,]   0.00   0.00   0.00   0.00   0.00   0.00   0.00   0.00   0.00   0.00
 [65,]   0.00   0.00   0.00   0.00   0.00   0.00   0.00   0.00   0.00   0.00
 [66,]   0.00   0.00   0.00   0.00   0.00   0.00   0.00   0.00   0.00   0.00
 [67,]   0.00   0.00   0.00   0.00   0.00   0.00   0.00   0.00   0.00   0.00
 [68,]   0.00   0.00   0.00   0.00   0.00   0.00   0.00   0.00   0.00   0.00
 [69,]   0.00   0.00   0.00   0.00   0.00   0.00   0.00   0.00   0.00   0.00
 [70,]   0.00   0.00   0.00   0.00   0.00   0.00   0.00   0.00   0.00   0.00
 [71,]   0.00   0.00   0.00   0.00   0.00   0.00   0.00   0.00   0.00   0.00
 [72,]   0.00   0.00   0.00   0.00   0.00   0.00   0.00   0.00   0.00   0.00
 [73,]   0.00   0.00   0.00   0.00   0.00   0.00   0.00   0.00   0.00   0.00
 [74,]   0.00   0.00   0.00   0.00   0.00   0.00   0.00   0.00   0.00   0.00
 [75,]   0.00   0.00   0.00   0.00   0.00   0.00   0.00   0.00   0.00   0.00
 [76,]   0.00   0.00   0.00   0.00   0.00   0.00   0.00   0.00   0.00   0.00
 [77,]   0.00   0.00   0.00   0.00   0.00   0.00   0.00   0.00   0.00   0.00
 [78,]   0.00   0.00   0.00   0.00   0.00   0.00   0.00   0.00   0.00   0.00
 [79,]   0.00   0.00   0.00   0.00   0.00   0.00   0.00   0.00   0.00   0.00
 [80,]   0.00   0.00   0.00   0.00   0.00   0.00   0.00   0.00   0.00   0.00
 [81,]   0.00   0.00   0.00   0.00   0.00   0.00   0.00   0.00   0.00   0.00
 [82,]   0.00   0.00   0.00   0.00   0.00   0.00   0.00   0.00   0.00   0.00
 [83,]   0.00   0.00   0.00   0.00   0.00   0.00   0.00   0.00   0.00   0.00
 [84,]   0.00   0.00   0.00   0.00   0.00   0.00   0.00   0.00   0.00   0.00
 [85,]   0.00   0.00   0.00   0.00   0.00   0.00   0.00   0.00   0.00   0.00
 [86,]   0.00   0.00   0.00   0.00   0.00   0.00   0.00   0.00   0.00   0.00
 [87,]   0.00   0.00   0.00   0.00   0.00   0.00   0.00   0.00   0.00   0.00
 [88,]   0.00   0.00   0.00   0.00   0.00   0.00   0.00   0.00   0.00   0.00
 [89,]   0.00   0.00   0.00   0.00   0.00   0.00   0.00   0.00   0.00   0.00
 [90,]   0.00   0.00   0.00   0.00   0.00   0.00   0.00   0.00   0.00   0.00
 [91,]   0.00   0.00   0.00   0.00   0.00   0.00   0.00   0.00   0.00   0.00
 [92,]   0.00   0.00   0.00   0.00   0.00   0.00   0.00   0.00   0.00   0.00
 [93,]   0.00   0.00   0.00   0.00   0.00   0.00   0.00   0.00   0.00   0.00
 [94,]   0.00   0.00   0.00   0.00   0.00   0.00   0.00   0.00   0.00   0.00
 [95,]   0.00   0.00   0.00   0.00   0.00   0.00   0.00   0.00   0.00   0.00
 [96,]   0.00   0.00   0.00   0.00   0.00   0.00   0.00   0.00   0.00   0.00
 [97,]   0.00   0.00   0.00   0.00   0.00   0.00   0.00   0.00   0.00   0.00
 [98,]   0.00   0.00   0.00   0.00   0.00   0.00   0.00   0.00   0.00   0.00
 [99,]   0.00   0.00   0.00   0.00   0.00   0.00   0.00   0.00   0.00   0.00
[100,]   0.00   0.00   0.00   0.00   0.00   0.00   0.00   0.00   0.00   0.00
[101,]   0.00   0.00   0.00   0.00   0.00   0.00   0.00   0.00   0.00   0.00
[102,]   0.00   0.00   0.00   0.00   0.00   0.00   0.00   0.00   0.00   0.00
[103,]   0.00   0.00   0.00   0.00   0.00   0.00   0.00   0.00   0.00   0.00
[104,]   0.00   0.00   0.00   0.00   0.00   0.00   0.00   0.00   0.00   0.00
[105,]   0.00   0.00   0.00   0.00   0.00   0.00   0.00   0.00   0.00   0.00
[106,]   0.00   0.00   0.00   0.00   0.00   0.00   0.00   0.00   0.00   0.00
[107,]   0.00   0.00   0.00   0.00   0.00   0.00   0.00   0.00   0.00   0.00
[108,]   0.00   0.00   0.00   0.00   0.00   0.00   0.00   0.00   0.00   0.00
[109,]   0.00   0.00   0.00   0.00   0.00   0.00   0.00   0.00   0.00   0.00
[110,]   0.00   0.00   0.00   0.00   0.00   0.00   0.00   0.00   0.00   0.00
[111,]   0.00   0.00   0.00   0.00   0.00   0.00   0.00   0.00   0.00   0.00
[112,]   0.00   0.00   0.00   0.00   0.00   0.00   0.00   0.00   0.00   0.00
[113,]   0.00   0.00   0.00   0.00   0.00   0.00   0.00   0.00   0.00   0.00
[114,]   0.00   0.00   0.00   0.00   0.00   0.00   0.00   0.00   0.00   0.00
[115,]   0.00   0.00   0.00   0.00   0.00   0.00   0.00   0.00   0.00   0.00
[116,]   0.00   0.00   0.00   0.00   0.00   0.00   0.00   0.00   0.00   0.00
[117,]   0.00   0.00   0.00   0.00   0.00   0.00   0.00   0.00   0.00   0.00
[118,]   0.00   0.00   0.00   0.00   0.00   0.00   0.00   0.00   0.00   0.00
[119,]   0.00   0.00   0.00   0.00   0.00   0.00   0.00   0.00   0.00   0.00
[120,]   0.00   0.00   0.00   0.00   0.00   0.00   0.00   0.00   0.00   0.00
[121,]   0.00   0.00   0.00   0.00   0.00   0.00   0.00   0.00   0.00   0.00
[122,]   0.00   0.00   0.00   0.00   0.00   0.00   0.00   0.00   0.00   0.00
[123,]   0.00   0.00   0.00   0.00   0.00   0.00   0.00   0.00   0.00   0.00
[124,]   0.00   0.00   0.00   0.00   0.00   0.00   0.00   0.00   0.00   0.00
[125,]   0.00   0.00   0.00   0.00   0.00   0.00   0.00   0.00   0.00   0.00
[126,]   0.00   0.00   0.00   0.00   0.00   0.00   0.00   0.00   0.00   0.00
[127,]   0.00   0.00   0.00   0.00   0.00   0.00   0.00   0.00   0.00   0.00
[128,]   0.00   0.00   0.00   0.00   0.00   0.00   0.00   0.00   0.00   0.00
[129,]   0.00   0.00   0.00   0.00   0.00   0.00   0.00   0.00   0.00   0.00
[130,]   0.00   0.00   0.00   0.00   0.00   0.00   0.00   0.00   0.00   0.00
[131,]   0.00   0.00   0.00   0.00   0.00   0.00   0.00   0.00   0.00   0.00
[132,]   0.00   0.00   0.00   0.00   0.00   0.00   0.00   0.00   0.00   0.00
[133,]   0.00   0.00   0.00   0.00   0.00   0.00   0.00   0.00   0.00   0.00
[134,]   0.00   0.00   0.00   0.00   0.00   0.00   0.00   0.00   0.00   0.00
[135,]   0.00   0.00   0.00   0.00   0.00   0.00   0.00   0.00   0.00   0.00
[136,]   0.00   0.00   0.00   0.00   0.00   0.00   0.00   0.00   0.00   0.00
[137,]   0.00   0.00   0.00   0.00   0.00   0.00   0.00   0.00   0.00   0.00
[138,]   0.00   0.00   0.00   0.00   0.00   0.00   0.00   0.00   0.00   0.00
[139,]   0.00   0.00   0.00   0.00   0.00   0.00   0.00   0.00   0.00   0.00
[140,]   0.00   0.00   0.00   0.00   0.00   0.00   0.00   0.00   0.00   0.00
[141,]   0.00   0.00   0.00   0.00   0.00   0.00   0.00   0.00   0.00   0.00
[142,]   0.00   0.00   0.00   0.00   0.00   0.00   0.00   0.00   0.00   0.00
[143,]   0.00   0.00   0.00   0.00   0.00   0.00   0.00   0.00   0.00   0.00
[144,]   0.00   0.00   0.00   0.00   0.00   0.00   0.00   0.00   0.00   0.00
[145,]   0.00   0.00   0.00   0.00   0.00   0.00   0.00   0.00   0.00   0.00
[146,]   0.00   0.00   0.00   0.00   0.00   0.00   0.00   0.00   0.00   0.00
[147,]   0.00   0.00   0.00   0.00   0.00   0.00   0.00   0.00   0.00   0.00
[148,]   0.00   0.00   0.00   0.00   0.00   0.00   0.00   0.00   0.00   0.00
[149,]   0.00   0.00   0.00   0.00   0.00   0.00   0.00   0.00   0.00   0.00
[150,]   0.00   0.00   0.00   0.00   0.00   0.00   0.00   0.00   0.00   0.00
[151,]   0.00   0.00   0.00   0.00   0.00   0.00   0.00   0.00   0.00   0.00
[152,]   0.00   0.00   0.00   0.00   0.00   0.00   0.00   0.00   0.00   0.00
[153,]   0.00   0.00   0.00   0.00   0.00   0.00   0.00   0.00   0.00   0.00
[154,]   0.00   0.00   0.00   0.00   0.00   0.00   0.00   0.00   0.00   0.00
[155,]   0.00   0.00   0.00   0.00   0.00   0.00   0.00   0.00   0.00   0.00
[156,]   0.00   0.00   0.00   0.00   0.00   0.00   0.00   0.00   0.00   0.00
[157,]   0.00   0.00   0.00   0.00   0.00   0.00   0.00   0.00   0.00   0.00
[158,]   0.00   0.00   0.00   0.00   0.00   0.00   0.00   0.00   0.00   0.00
[159,]   0.00   0.00   0.00   0.00   0.00   0.00   0.00   0.00   0.00   0.00
[160,]   0.00   0.00   0.00   0.00   0.00   0.00   0.00   0.00   0.00   0.00
[161,]   0.00   0.00   0.00   0.00   0.00   0.00   0.00   0.00   0.00   0.00
[162,]   0.00   0.00   0.00   0.00   0.00   0.00   0.00   0.00   0.00   0.00
[163,]   0.00   0.00   0.00   0.00   0.00   0.00   0.00   0.00   0.00   0.00
[164,]   0.00   0.00   0.00   0.00   0.00   0.00   0.00   0.00   0.00   0.00
[165,]   0.00   0.00   0.00   0.00   0.00   0.00   0.00   0.00   0.00   0.00
[166,]   0.00   0.00   0.00   0.00   0.00   0.00   0.00   0.00   0.00   0.00
[167,]   0.00   0.00   0.00   0.00   0.00   0.00   0.00   0.00   0.00   0.00
[168,]   0.00   0.00   0.00   0.00   0.00   0.00   0.00   0.00   0.00   0.00
[169,]   0.00   0.00   0.00   0.00   0.00   0.00   0.00   0.00   0.00   0.00
[170,]   0.00   0.00   0.00   0.00   0.00   0.00   0.00   0.00   0.00   0.00
[171,]   0.00   0.00   0.00   0.00   0.00   0.00   0.00   0.00   0.00   0.00
[172,]   0.00   0.00   0.00   0.00   0.00   0.00   0.00   0.00   0.00   0.00
[173,]   0.00   0.00   0.00   0.00   0.00   0.00   0.00   0.00   0.00   0.00
[174,]   0.00   0.00   0.00   0.00   0.00   0.00   0.00   0.00   0.00   0.00
[175,]   0.00   0.00   0.00   0.00   0.00   0.00   0.00   0.00   0.00   0.00
[176,]   0.00   0.00   0.00   0.00   0.00   0.00   0.00   0.00   0.00   0.00
[177,]   0.00   0.00   0.00   0.00   0.00   0.00   0.00   0.00   0.00   0.00
[178,]   0.00   0.00   0.00   0.00   0.00   0.00   0.00   0.00   0.00   0.00
[179,]   0.00   0.00   0.00   0.00   0.00   0.00   0.00   0.00   0.00   0.00
[180,]   0.00   0.00   0.00   0.00   0.00   0.00   0.00   0.00   0.00   0.00
[181,]   0.00   0.00   0.00   0.00   0.00   0.00   0.00   0.00   0.00   0.00
[182,]   0.00   0.00   0.00   0.00   0.00   0.00   0.00   0.00   0.00   0.00
[183,]   0.00   0.00   0.00   0.00   0.00   0.00   0.00   0.00   0.00   0.00
[184,]   0.00   0.00   0.00   0.00   0.00   0.00   0.00   0.00   0.00   0.00
[185,]   0.00   0.00   0.00   0.00   0.00   0.00   0.00   0.00   0.00   0.00
[186,]   0.00   0.00   0.00   0.00   0.00   0.00   0.00   0.00   0.00   0.00
[187,]   0.00   0.00   0.00   0.00   0.00   0.00   0.00   0.00   0.00   0.00
[188,]   0.00   0.00   0.00   0.00   0.00   0.00   0.00   0.00   0.00   0.00
[189,]   0.00   0.00   0.00   0.00   0.00   0.00   0.00   0.00   0.00   0.00
[190,]   0.00   0.00   0.00   0.00   0.00   0.00   0.00   0.00   0.00   0.00
[191,]   0.00   0.00   0.00   0.00   0.00   0.00   0.00   0.00   0.00   0.00
[192,]   0.00   0.00   0.00   0.00   0.00   0.00   0.00   0.00   0.00   0.00
[193,]   0.00   0.00   0.00   0.00   0.00   0.00   0.00   0.00   0.00   0.00
[194,]   0.00   0.00   0.00   0.00   0.00   0.00   0.00   0.00   0.00   0.00
[195,]   0.00   0.00   0.00   0.00   0.00   0.00   0.00   0.00   0.00   0.00
[196,]   0.00   0.00   0.00   0.00   0.00   0.00   0.00   0.00   0.00   0.00
[197,]   0.00   0.00   0.00   0.00   0.00   0.00   0.00   0.00   0.00   0.00
[198,]   0.00   0.00   0.00   0.00   0.00   0.00   0.00   0.00   0.00   0.00
[199,]   0.00   0.00   0.00   0.00   0.00   0.00   0.00   0.00   0.00   0.00
[200,]   0.00   0.00   0.00   0.00   0.00   0.00   0.00   0.00   0.00   0.00
[201,]   0.00   0.00   0.00   0.00   0.00   0.00   0.00   0.00   0.00   0.00
[202,]   0.00   0.00   0.00   0.00   0.00   0.00   0.00   0.00   0.00   0.00
[203,]   0.00   0.00   0.00   0.00   0.00   0.00   0.00   0.00   0.00   0.00
[204,]   0.00   0.00   0.00   0.00   0.00   0.00   0.00   0.00   0.00   0.00
[205,]   0.00   0.00   0.00   0.00   0.00   0.00   0.00   0.00   0.00   0.00
[206,]   0.00   0.00   0.00   0.00   0.00   0.00   0.00   0.00   0.00   0.00
[207,]   0.00   0.00   0.00   0.00   0.00   0.00   0.00   0.00   0.00   0.00
[208,]   0.00   0.00   0.00   0.00   0.00   0.00   0.00   0.00   0.00   0.00
[209,]   0.00   0.00   0.00   0.00   0.00   0.00   0.00   0.00   0.00   0.00
[210,]   0.00   0.00   0.00   0.00   0.00   0.00   0.00   0.00   0.00   0.00
[211,]   0.00   0.00   0.00   0.00   0.00   0.00   0.00   0.00   0.00   0.00
[212,]   0.00   0.00   0.00   0.00   0.00   0.00   0.00   0.00   0.00   0.00
[213,]   0.00   0.00   0.00   0.00   0.00   0.00   0.00   0.00   0.00   0.00
[214,]   0.00   0.00   0.00   0.00   0.00   0.00   0.00   0.00   0.00   0.00
[215,]   0.00   0.00   0.00   0.00   0.00   0.00   0.00   0.00   0.00   0.00
[216,]   0.00   0.00   0.00   0.00   0.00   0.00   0.00   0.00   0.00   0.00
[217,]   0.00   0.00   0.00   0.00   0.00   0.00   0.00   0.00   0.00   0.00
[218,]   0.00   0.00   0.00   0.00   0.00   0.00   0.00   0.00   0.00   0.00
[219,]   0.00   0.00   0.00   0.00   0.00   0.00   0.00   0.00   0.00   0.00
[220,]   0.00   0.00   0.00   0.00   0.00   0.00   0.00   0.00   0.00   0.00
[221,]   0.00   0.00   0.00   0.00   0.00   0.00   0.00   0.00   0.00   0.00
[222,]   0.00   0.00   0.00   0.00   0.00   0.00   0.00   0.00   0.00   0.00
[223,]   0.00   0.00   0.00   0.00   0.00   0.00   0.00   0.00   0.00   0.00
[224,]   0.00   0.00   0.00   0.00   0.00   0.00   0.00   0.00   0.00   0.00
[225,]   0.00   0.00   0.00   0.00   0.00   0.00   0.00   0.00   0.00   0.00
[226,]   0.00   0.00   0.00   0.00   0.00   0.00   0.00   0.00   0.00   0.00
[227,]   0.00   0.00   0.00   0.00   0.00   0.00   0.00   0.00   0.00   0.00
[228,]   0.00   0.00   0.00   0.00   0.00   0.00   0.00   0.00   0.00   0.00
       [,398] [,399] [,400] [,401] [,402] [,403] [,404] [,405] [,406] [,407]
  [1,]   0.00   0.00   0.00   0.00   0.00   0.00   0.00   0.00   0.00   0.00
  [2,]   0.00   0.00   0.00   0.00   0.00   0.00   0.00   0.00   0.00   0.00
  [3,]   0.00   0.00   0.00   0.00   0.00   0.00   0.00   0.00   0.00   0.00
  [4,]   0.00   0.00   0.00   0.00   0.00   0.00   0.00   0.00   0.00   0.00
  [5,]   0.00   0.00   0.00   0.00   0.00   0.00   0.00   0.00   0.00   0.00
  [6,]   0.00   0.00   0.00   0.00   0.00   0.00   0.00   0.00   0.00   0.00
  [7,]   0.00   0.00   0.00   0.00   0.00   0.00   0.00   0.00   0.00   0.00
  [8,]   0.00   0.00   0.00   0.00   0.00   0.00   0.00   0.00   0.00   0.00
  [9,]   0.00   0.00   0.00   0.00   0.00   0.00   0.00   0.00   0.00   0.00
 [10,]   0.00   0.00   0.00   0.00   0.00   0.00   0.00   0.00   0.00   0.00
 [11,]   0.00   0.00   0.00   0.00   0.00   0.00   0.00   0.00   0.00   0.00
 [12,]   0.00   0.00   0.00   0.00   0.00   0.00   0.00   0.00   0.00   0.00
 [13,]   0.00   0.00   0.00   0.00   0.00   0.00   0.00   0.00   0.00   0.00
 [14,]   0.00   0.00   0.00   0.00   0.00   0.00   0.00   0.00   0.00   0.00
 [15,]   0.00   0.00   0.00   0.00   0.00   0.00   0.00   0.00   0.00   0.00
 [16,]   0.00   0.00   0.00   0.00   0.00   0.00   0.00   0.00   0.00   0.00
 [17,]   0.00   0.00   0.00   0.00   0.00   0.00   0.00   0.00   0.00   0.00
 [18,]   0.00   0.00   0.00   0.00   0.00   0.00   0.00   0.00   0.00   0.00
 [19,]   0.00   0.00   0.00   0.00   0.00   0.00   0.00   0.00   0.00   0.00
 [20,]   0.00   0.00   0.00   0.00   0.00   0.00   0.00   0.00   0.00   0.00
 [21,]   0.00   0.00   0.00   0.00   0.00   0.00   0.00   0.00   0.00   0.00
 [22,]   0.00   0.00   0.00   0.00   0.00   0.00   0.00   0.00   0.00   0.00
 [23,]   0.00   0.00   0.00   0.00   0.00   0.00   0.00   0.00   0.00   0.00
 [24,]   0.00   0.00   0.00   0.00   0.00   0.00   0.00   0.00   0.00   0.00
 [25,]   0.00   0.00   0.00   0.00   0.00   0.00   0.00   0.00   0.00   0.00
 [26,]   0.00   0.00   0.00   0.00   0.00   0.00   0.00   0.00   0.00   0.00
 [27,]   0.00   0.00   0.00   0.00   0.00   0.00   0.00   0.00   0.00   0.00
 [28,]   0.00   0.00   0.00   0.00   0.00   0.00   0.00   0.00   0.00   0.00
 [29,]   0.00   0.00   0.00   0.00   0.00   0.00   0.00   0.00   0.00   0.00
 [30,]   0.00   0.00   0.00   0.00   0.00   0.00   0.00   0.00   0.00   0.00
 [31,]   0.00   0.00   0.00   0.00   0.00   0.00   0.00   0.00   0.00   0.00
 [32,]   0.00   0.00   0.00   0.00   0.00   0.00   0.00   0.00   0.00   0.00
 [33,]   0.00   0.00   0.00   0.00   0.00   0.00   0.00   0.00   0.00   0.00
 [34,]   0.00   0.00   0.00   0.00   0.00   0.00   0.00   0.00   0.00   0.00
 [35,]   0.00   0.00   0.00   0.00   0.00   0.00   0.00   0.00   0.00   0.00
 [36,]   0.00   0.00   0.00   0.00   0.00   0.00   0.00   0.00   0.00   0.00
 [37,]   0.00   0.00   0.00   0.00   0.00   0.00   0.00   0.00   0.00   0.00
 [38,]   0.00   0.00   0.00   0.00   0.00   0.00   0.00   0.00   0.00   0.00
 [39,]   0.00   0.00   0.00   0.00   0.00   0.00   0.00   0.00   0.00   0.00
 [40,]   0.00   0.00   0.00   0.00   0.00   0.00   0.00   0.00   0.00   0.00
 [41,]   0.00   0.00   0.00   0.00   0.00   0.00   0.00   0.00   0.00   0.00
 [42,]   0.00   0.00   0.00   0.00   0.00   0.00   0.00   0.00   0.00   0.00
 [43,]   0.00   0.00   0.00   0.00   0.00   0.00   0.00   0.00   0.00   0.00
 [44,]   0.00   0.00   0.00   0.00   0.00   0.00   0.00   0.00   0.00   0.00
 [45,]   0.00   0.00   0.00   0.00   0.00   0.00   0.00   0.00   0.00   0.00
 [46,]   0.00   0.00   0.00   0.00   0.00   0.00   0.00   0.00   0.00   0.00
 [47,]   0.00   0.00   0.00   0.00   0.00   0.00   0.00   0.00   0.00   0.00
 [48,]   0.00   0.00   0.00   0.00   0.00   0.00   0.00   0.00   0.00   0.00
 [49,]   0.00   0.00   0.00   0.00   0.00   0.00   0.00   0.00   0.00   0.00
 [50,]   0.00   0.00   0.00   0.00   0.00   0.00   0.00   0.00   0.00   0.00
 [51,]   0.00   0.00   0.00   0.00   0.00   0.00   0.00   0.00   0.00   0.00
 [52,]   0.00   0.00   0.00   0.00   0.00   0.00   0.00   0.00   0.00   0.00
 [53,]   0.00   0.00   0.00   0.00   0.00   0.00   0.00   0.00   0.00   0.00
 [54,]   0.00   0.00   0.00   0.00   0.00   0.00   0.00   0.00   0.00   0.00
 [55,]   0.00   0.00   0.00   0.00   0.00   0.00   0.00   0.00   0.00   0.00
 [56,]   0.00   0.00   0.00   0.00   0.00   0.00   0.00   0.00   0.00   0.00
 [57,]   0.00   0.00   0.00   0.00   0.00   0.00   0.00   0.00   0.00   0.00
 [58,]   0.00   0.00   0.00   0.00   0.00   0.00   0.00   0.00   0.00   0.00
 [59,]   0.00   0.00   0.00   0.00   0.00   0.00   0.00   0.00   0.00   0.00
 [60,]   0.00   0.00   0.00   0.00   0.00   0.00   0.00   0.00   0.00   0.00
 [61,]   0.00   0.00   0.00   0.00   0.00   0.00   0.00   0.00   0.00   0.00
 [62,]   0.00   0.00   0.00   0.00   0.00   0.00   0.00   0.00   0.00   0.00
 [63,]   0.00   0.00   0.00   0.00   0.00   0.00   0.00   0.00   0.00   0.00
 [64,]   0.00   0.00   0.00   0.00   0.00   0.00   0.00   0.00   0.00   0.00
 [65,]   0.00   0.00   0.00   0.00   0.00   0.00   0.00   0.00   0.00   0.00
 [66,]   0.00   0.00   0.00   0.00   0.00   0.00   0.00   0.00   0.00   0.00
 [67,]   0.00   0.00   0.00   0.00   0.00   0.00   0.00   0.00   0.00   0.00
 [68,]   0.00   0.00   0.00   0.00   0.00   0.00   0.00   0.00   0.00   0.00
 [69,]   0.00   0.00   0.00   0.00   0.00   0.00   0.00   0.00   0.00   0.00
 [70,]   0.00   0.00   0.00   0.00   0.00   0.00   0.00   0.00   0.00   0.00
 [71,]   0.00   0.00   0.00   0.00   0.00   0.00   0.00   0.00   0.00   0.00
 [72,]   0.00   0.00   0.00   0.00   0.00   0.00   0.00   0.00   0.00   0.00
 [73,]   0.00   0.00   0.00   0.00   0.00   0.00   0.00   0.00   0.00   0.00
 [74,]   0.00   0.00   0.00   0.00   0.00   0.00   0.00   0.00   0.00   0.00
 [75,]   0.00   0.00   0.00   0.00   0.00   0.00   0.00   0.00   0.00   0.00
 [76,]   0.00   0.00   0.00   0.00   0.00   0.00   0.00   0.00   0.00   0.00
 [77,]   0.00   0.00   0.00   0.00   0.00   0.00   0.00   0.00   0.00   0.00
 [78,]   0.00   0.00   0.00   0.00   0.00   0.00   0.00   0.00   0.00   0.00
 [79,]   0.00   0.00   0.00   0.00   0.00   0.00   0.00   0.00   0.00   0.00
 [80,]   0.00   0.00   0.00   0.00   0.00   0.00   0.00   0.00   0.00   0.00
 [81,]   0.00   0.00   0.00   0.00   0.00   0.00   0.00   0.00   0.00   0.00
 [82,]   0.00   0.00   0.00   0.00   0.00   0.00   0.00   0.00   0.00   0.00
 [83,]   0.00   0.00   0.00   0.00   0.00   0.00   0.00   0.00   0.00   0.00
 [84,]   0.00   0.00   0.00   0.00   0.00   0.00   0.00   0.00   0.00   0.00
 [85,]   0.00   0.00   0.00   0.00   0.00   0.00   0.00   0.00   0.00   0.00
 [86,]   0.00   0.00   0.00   0.00   0.00   0.00   0.00   0.00   0.00   0.00
 [87,]   0.00   0.00   0.00   0.00   0.00   0.00   0.00   0.00   0.00   0.00
 [88,]   0.00   0.00   0.00   0.00   0.00   0.00   0.00   0.00   0.00   0.00
 [89,]   0.00   0.00   0.00   0.00   0.00   0.00   0.00   0.00   0.00   0.00
 [90,]   0.00   0.00   0.00   0.00   0.00   0.00   0.00   0.00   0.00   0.00
 [91,]   0.00   0.00   0.00   0.00   0.00   0.00   0.00   0.00   0.00   0.00
 [92,]   0.00   0.00   0.00   0.00   0.00   0.00   0.00   0.00   0.00   0.00
 [93,]   0.00   0.00   0.00   0.00   0.00   0.00   0.00   0.00   0.00   0.00
 [94,]   0.00   0.00   0.00   0.00   0.00   0.00   0.00   0.00   0.00   0.00
 [95,]   0.00   0.00   0.00   0.00   0.00   0.00   0.00   0.00   0.00   0.00
 [96,]   0.00   0.00   0.00   0.00   0.00   0.00   0.00   0.00   0.00   0.00
 [97,]   0.00   0.00   0.00   0.00   0.00   0.00   0.00   0.00   0.00   0.00
 [98,]   0.00   0.00   0.00   0.00   0.00   0.00   0.00   0.00   0.00   0.00
 [99,]   0.00   0.00   0.00   0.00   0.00   0.00   0.00   0.00   0.00   0.00
[100,]   0.00   0.00   0.00   0.00   0.00   0.00   0.00   0.00   0.00   0.00
[101,]   0.00   0.00   0.00   0.00   0.00   0.00   0.00   0.00   0.00   0.00
[102,]   0.00   0.00   0.00   0.00   0.00   0.00   0.00   0.00   0.00   0.00
[103,]   0.00   0.00   0.00   0.00   0.00   0.00   0.00   0.00   0.00   0.00
[104,]   0.00   0.00   0.00   0.00   0.00   0.00   0.00   0.00   0.00   0.00
[105,]   0.00   0.00   0.00   0.00   0.00   0.00   0.00   0.00   0.00   0.00
[106,]   0.00   0.00   0.00   0.00   0.00   0.00   0.00   0.00   0.00   0.00
[107,]   0.00   0.00   0.00   0.00   0.00   0.00   0.00   0.00   0.00   0.00
[108,]   0.00   0.00   0.00   0.00   0.00   0.00   0.00   0.00   0.00   0.00
[109,]   0.00   0.00   0.00   0.00   0.00   0.00   0.00   0.00   0.00   0.00
[110,]   0.00   0.00   0.00   0.00   0.00   0.00   0.00   0.00   0.00   0.00
[111,]   0.00   0.00   0.00   0.00   0.00   0.00   0.00   0.00   0.00   0.00
[112,]   0.00   0.00   0.00   0.00   0.00   0.00   0.00   0.00   0.00   0.00
[113,]   0.00   0.00   0.00   0.00   0.00   0.00   0.00   0.00   0.00   0.00
[114,]   0.00   0.00   0.00   0.00   0.00   0.00   0.00   0.00   0.00   0.00
[115,]   0.00   0.00   0.00   0.00   0.00   0.00   0.00   0.00   0.00   0.00
[116,]   0.00   0.00   0.00   0.00   0.00   0.00   0.00   0.00   0.00   0.00
[117,]   0.00   0.00   0.00   0.00   0.00   0.00   0.00   0.00   0.00   0.00
[118,]   0.00   0.00   0.00   0.00   0.00   0.00   0.00   0.00   0.00   0.00
[119,]   0.00   0.00   0.00   0.00   0.00   0.00   0.00   0.00   0.00   0.00
[120,]   0.00   0.00   0.00   0.00   0.00   0.00   0.00   0.00   0.00   0.00
[121,]   0.00   0.00   0.00   0.00   0.00   0.00   0.00   0.00   0.00   0.00
[122,]   0.00   0.00   0.00   0.00   0.00   0.00   0.00   0.00   0.00   0.00
[123,]   0.00   0.00   0.00   0.00   0.00   0.00   0.00   0.00   0.00   0.00
[124,]   0.00   0.00   0.00   0.00   0.00   0.00   0.00   0.00   0.00   0.00
[125,]   0.00   0.00   0.00   0.00   0.00   0.00   0.00   0.00   0.00   0.00
[126,]   0.00   0.00   0.00   0.00   0.00   0.00   0.00   0.00   0.00   0.00
[127,]   0.00   0.00   0.00   0.00   0.00   0.00   0.00   0.00   0.00   0.00
[128,]   0.00   0.00   0.00   0.00   0.00   0.00   0.00   0.00   0.00   0.00
[129,]   0.00   0.00   0.00   0.00   0.00   0.00   0.00   0.00   0.00   0.00
[130,]   0.00   0.00   0.00   0.00   0.00   0.00   0.00   0.00   0.00   0.00
[131,]   0.00   0.00   0.00   0.00   0.00   0.00   0.00   0.00   0.00   0.00
[132,]   0.00   0.00   0.00   0.00   0.00   0.00   0.00   0.00   0.00   0.00
[133,]   0.00   0.00   0.00   0.00   0.00   0.00   0.00   0.00   0.00   0.00
[134,]   0.00   0.00   0.00   0.00   0.00   0.00   0.00   0.00   0.00   0.00
[135,]   0.00   0.00   0.00   0.00   0.00   0.00   0.00   0.00   0.00   0.00
[136,]   0.00   0.00   0.00   0.00   0.00   0.00   0.00   0.00   0.00   0.00
[137,]   0.00   0.00   0.00   0.00   0.00   0.00   0.00   0.00   0.00   0.00
[138,]   0.00   0.00   0.00   0.00   0.00   0.00   0.00   0.00   0.00   0.00
[139,]   0.00   0.00   0.00   0.00   0.00   0.00   0.00   0.00   0.00   0.00
[140,]   0.00   0.00   0.00   0.00   0.00   0.00   0.00   0.00   0.00   0.00
[141,]   0.00   0.00   0.00   0.00   0.00   0.00   0.00   0.00   0.00   0.00
[142,]   0.00   0.00   0.00   0.00   0.00   0.00   0.00   0.00   0.00   0.00
[143,]   0.00   0.00   0.00   0.00   0.00   0.00   0.00   0.00   0.00   0.00
[144,]   0.00   0.00   0.00   0.00   0.00   0.00   0.00   0.00   0.00   0.00
[145,]   0.00   0.00   0.00   0.00   0.00   0.00   0.00   0.00   0.00   0.00
[146,]   0.00   0.00   0.00   0.00   0.00   0.00   0.00   0.00   0.00   0.00
[147,]   0.00   0.00   0.00   0.00   0.00   0.00   0.00   0.00   0.00   0.00
[148,]   0.00   0.00   0.00   0.00   0.00   0.00   0.00   0.00   0.00   0.00
[149,]   0.00   0.00   0.00   0.00   0.00   0.00   0.00   0.00   0.00   0.00
[150,]   0.00   0.00   0.00   0.00   0.00   0.00   0.00   0.00   0.00   0.00
[151,]   0.00   0.00   0.00   0.00   0.00   0.00   0.00   0.00   0.00   0.00
[152,]   0.00   0.00   0.00   0.00   0.00   0.00   0.00   0.00   0.00   0.00
[153,]   0.00   0.00   0.00   0.00   0.00   0.00   0.00   0.00   0.00   0.00
[154,]   0.00   0.00   0.00   0.00   0.00   0.00   0.00   0.00   0.00   0.00
[155,]   0.00   0.00   0.00   0.00   0.00   0.00   0.00   0.00   0.00   0.00
[156,]   0.00   0.00   0.00   0.00   0.00   0.00   0.00   0.00   0.00   0.00
[157,]   0.00   0.00   0.00   0.00   0.00   0.00   0.00   0.00   0.00   0.00
[158,]   0.00   0.00   0.00   0.00   0.00   0.00   0.00   0.00   0.00   0.00
[159,]   0.00   0.00   0.00   0.00   0.00   0.00   0.00   0.00   0.00   0.00
[160,]   0.00   0.00   0.00   0.00   0.00   0.00   0.00   0.00   0.00   0.00
[161,]   0.00   0.00   0.00   0.00   0.00   0.00   0.00   0.00   0.00   0.00
[162,]   0.00   0.00   0.00   0.00   0.00   0.00   0.00   0.00   0.00   0.00
[163,]   0.00   0.00   0.00   0.00   0.00   0.00   0.00   0.00   0.00   0.00
[164,]   0.00   0.00   0.00   0.00   0.00   0.00   0.00   0.00   0.00   0.00
[165,]   0.00   0.00   0.00   0.00   0.00   0.00   0.00   0.00   0.00   0.00
[166,]   0.00   0.00   0.00   0.00   0.00   0.00   0.00   0.00   0.00   0.00
[167,]   0.00   0.00   0.00   0.00   0.00   0.00   0.00   0.00   0.00   0.00
[168,]   0.00   0.00   0.00   0.00   0.00   0.00   0.00   0.00   0.00   0.00
[169,]   0.00   0.00   0.00   0.00   0.00   0.00   0.00   0.00   0.00   0.00
[170,]   0.00   0.00   0.00   0.00   0.00   0.00   0.00   0.00   0.00   0.00
[171,]   0.00   0.00   0.00   0.00   0.00   0.00   0.00   0.00   0.00   0.00
[172,]   0.00   0.00   0.00   0.00   0.00   0.00   0.00   0.00   0.00   0.00
[173,]   0.00   0.00   0.00   0.00   0.00   0.00   0.00   0.00   0.00   0.00
[174,]   0.00   0.00   0.00   0.00   0.00   0.00   0.00   0.00   0.00   0.00
[175,]   0.00   0.00   0.00   0.00   0.00   0.00   0.00   0.00   0.00   0.00
[176,]   0.00   0.00   0.00   0.00   0.00   0.00   0.00   0.00   0.00   0.00
[177,]   0.00   0.00   0.00   0.00   0.00   0.00   0.00   0.00   0.00   0.00
[178,]   0.00   0.00   0.00   0.00   0.00   0.00   0.00   0.00   0.00   0.00
[179,]   0.00   0.00   0.00   0.00   0.00   0.00   0.00   0.00   0.00   0.00
[180,]   0.00   0.00   0.00   0.00   0.00   0.00   0.00   0.00   0.00   0.00
[181,]   0.00   0.00   0.00   0.00   0.00   0.00   0.00   0.00   0.00   0.00
[182,]   0.00   0.00   0.00   0.00   0.00   0.00   0.00   0.00   0.00   0.00
[183,]   0.00   0.00   0.00   0.00   0.00   0.00   0.00   0.00   0.00   0.00
[184,]   0.00   0.00   0.00   0.00   0.00   0.00   0.00   0.00   0.00   0.00
[185,]   0.00   0.00   0.00   0.00   0.00   0.00   0.00   0.00   0.00   0.00
[186,]   0.00   0.00   0.00   0.00   0.00   0.00   0.00   0.00   0.00   0.00
[187,]   0.00   0.00   0.00   0.00   0.00   0.00   0.00   0.00   0.00   0.00
[188,]   0.00   0.00   0.00   0.00   0.00   0.00   0.00   0.00   0.00   0.00
[189,]   0.00   0.00   0.00   0.00   0.00   0.00   0.00   0.00   0.00   0.00
[190,]   0.00   0.00   0.00   0.00   0.00   0.00   0.00   0.00   0.00   0.00
[191,]   0.00   0.00   0.00   0.00   0.00   0.00   0.00   0.00   0.00   0.00
[192,]   0.00   0.00   0.00   0.00   0.00   0.00   0.00   0.00   0.00   0.00
[193,]   0.00   0.00   0.00   0.00   0.00   0.00   0.00   0.00   0.00   0.00
[194,]   0.00   0.00   0.00   0.00   0.00   0.00   0.00   0.00   0.00   0.00
[195,]   0.00   0.00   0.00   0.00   0.00   0.00   0.00   0.00   0.00   0.00
[196,]   0.00   0.00   0.00   0.00   0.00   0.00   0.00   0.00   0.00   0.00
[197,]   0.00   0.00   0.00   0.00   0.00   0.00   0.00   0.00   0.00   0.00
[198,]   0.00   0.00   0.00   0.00   0.00   0.00   0.00   0.00   0.00   0.00
[199,]   0.00   0.00   0.00   0.00   0.00   0.00   0.00   0.00   0.00   0.00
[200,]   0.00   0.00   0.00   0.00   0.00   0.00   0.00   0.00   0.00   0.00
[201,]   0.00   0.00   0.00   0.00   0.00   0.00   0.00   0.00   0.00   0.00
[202,]   0.00   0.00   0.00   0.00   0.00   0.00   0.00   0.00   0.00   0.00
[203,]   0.00   0.00   0.00   0.00   0.00   0.00   0.00   0.00   0.00   0.00
[204,]   0.00   0.00   0.00   0.00   0.00   0.00   0.00   0.00   0.00   0.00
[205,]   0.00   0.00   0.00   0.00   0.00   0.00   0.00   0.00   0.00   0.00
[206,]   0.00   0.00   0.00   0.00   0.00   0.00   0.00   0.00   0.00   0.00
[207,]   0.00   0.00   0.00   0.00   0.00   0.00   0.00   0.00   0.00   0.00
[208,]   0.00   0.00   0.00   0.00   0.00   0.00   0.00   0.00   0.00   0.00
[209,]   0.00   0.00   0.00   0.00   0.00   0.00   0.00   0.00   0.00   0.00
[210,]   0.00   0.00   0.00   0.00   0.00   0.00   0.00   0.00   0.00   0.00
[211,]   0.00   0.00   0.00   0.00   0.00   0.00   0.00   0.00   0.00   0.00
[212,]   0.00   0.00   0.00   0.00   0.00   0.00   0.00   0.00   0.00   0.00
[213,]   0.00   0.00   0.00   0.00   0.00   0.00   0.00   0.00   0.00   0.00
[214,]   0.00   0.00   0.00   0.00   0.00   0.00   0.00   0.00   0.00   0.00
[215,]   0.00   0.00   0.00   0.00   0.00   0.00   0.00   0.00   0.00   0.00
[216,]   0.00   0.00   0.00   0.00   0.00   0.00   0.00   0.00   0.00   0.00
[217,]   0.00   0.00   0.00   0.00   0.00   0.00   0.00   0.00   0.00   0.00
[218,]   0.00   0.00   0.00   0.00   0.00   0.00   0.00   0.00   0.00   0.00
[219,]   0.00   0.00   0.00   0.00   0.00   0.00   0.00   0.00   0.00   0.00
[220,]   0.00   0.00   0.00   0.00   0.00   0.00   0.00   0.00   0.00   0.00
[221,]   0.00   0.00   0.00   0.00   0.00   0.00   0.00   0.00   0.00   0.00
[222,]   0.00   0.00   0.00   0.00   0.00   0.00   0.00   0.00   0.00   0.00
[223,]   0.00   0.00   0.00   0.00   0.00   0.00   0.00   0.00   0.00   0.00
[224,]   0.00   0.00   0.00   0.00   0.00   0.00   0.00   0.00   0.00   0.00
[225,]   0.00   0.00   0.00   0.00   0.00   0.00   0.00   0.00   0.00   0.00
[226,]   0.00   0.00   0.00   0.00   0.00   0.00   0.00   0.00   0.00   0.00
[227,]   0.00   0.00   0.00   0.00   0.00   0.00   0.00   0.00   0.00   0.00
[228,]   0.00   0.00   0.00   0.00   0.00   0.00   0.00   0.00   0.00   0.00
       [,408] [,409] [,410] [,411] [,412] [,413] [,414] [,415] [,416] [,417]
  [1,]   0.00   0.00   0.00   0.00   0.00   0.00   0.00   0.00   0.00   0.00
  [2,]   0.00   0.00   0.00   0.00   0.00   0.00   0.00   0.00   0.00   0.00
  [3,]   0.00   0.00   0.00   0.00   0.00   0.00   0.00   0.00   0.00   0.00
  [4,]   0.00   0.00   0.00   0.00   0.00   0.00   0.00   0.00   0.00   0.00
  [5,]   0.00   0.00   0.00   0.00   0.00   0.00   0.00   0.00   0.00   0.00
  [6,]   0.00   0.00   0.00   0.00   0.00   0.00   0.00   0.00   0.00   0.00
  [7,]   0.00   0.00   0.00   0.00   0.00   0.00   0.00   0.00   0.00   0.00
  [8,]   0.00   0.00   0.00   0.00   0.00   0.00   0.00   0.00   0.00   0.00
  [9,]   0.00   0.00   0.00   0.00   0.00   0.00   0.00   0.00   0.00   0.00
 [10,]   0.00   0.00   0.00   0.00   0.00   0.00   0.00   0.00   0.00   0.00
 [11,]   0.00   0.00   0.00   0.00   0.00   0.00   0.00   0.00   0.00   0.00
 [12,]   0.00   0.00   0.00   0.00   0.00   0.00   0.00   0.00   0.00   0.00
 [13,]   0.00   0.00   0.00   0.00   0.00   0.00   0.00   0.00   0.00   0.00
 [14,]   0.00   0.00   0.00   0.00   0.00   0.00   0.00   0.00   0.00   0.00
 [15,]   0.00   0.00   0.00   0.00   0.00   0.00   0.00   0.00   0.00   0.00
 [16,]   0.00   0.00   0.00   0.00   0.00   0.00   0.00   0.00   0.00   0.00
 [17,]   0.00   0.00   0.00   0.00   0.00   0.00   0.00   0.00   0.00   0.00
 [18,]   0.00   0.00   0.00   0.00   0.00   0.00   0.00   0.00   0.00   0.00
 [19,]   0.00   0.00   0.00   0.00   0.00   0.00   0.00   0.00   0.00   0.00
 [20,]   0.00   0.00   0.00   0.00   0.00   0.00   0.00   0.00   0.00   0.00
 [21,]   0.00   0.00   0.00   0.00   0.00   0.00   0.00   0.00   0.00   0.00
 [22,]   0.00   0.00   0.00   0.00   0.00   0.00   0.00   0.00   0.00   0.00
 [23,]   0.00   0.00   0.00   0.00   0.00   0.00   0.00   0.00   0.00   0.00
 [24,]   0.00   0.00   0.00   0.00   0.00   0.00   0.00   0.00   0.00   0.00
 [25,]   0.00   0.00   0.00   0.00   0.00   0.00   0.00   0.00   0.00   0.00
 [26,]   0.00   0.00   0.00   0.00   0.00   0.00   0.00   0.00   0.00   0.00
 [27,]   0.00   0.00   0.00   0.00   0.00   0.00   0.00   0.00   0.00   0.00
 [28,]   0.00   0.00   0.00   0.00   0.00   0.00   0.00   0.00   0.00   0.00
 [29,]   0.00   0.00   0.00   0.00   0.00   0.00   0.00   0.00   0.00   0.00
 [30,]   0.00   0.00   0.00   0.00   0.00   0.00   0.00   0.00   0.00   0.00
 [31,]   0.00   0.00   0.00   0.00   0.00   0.00   0.00   0.00   0.00   0.00
 [32,]   0.00   0.00   0.00   0.00   0.00   0.00   0.00   0.00   0.00   0.00
 [33,]   0.00   0.00   0.00   0.00   0.00   0.00   0.00   0.00   0.00   0.00
 [34,]   0.00   0.00   0.00   0.00   0.00   0.00   0.00   0.00   0.00   0.00
 [35,]   0.00   0.00   0.00   0.00   0.00   0.00   0.00   0.00   0.00   0.00
 [36,]   0.00   0.00   0.00   0.00   0.00   0.00   0.00   0.00   0.00   0.00
 [37,]   0.00   0.00   0.00   0.00   0.00   0.00   0.00   0.00   0.00   0.00
 [38,]   0.00   0.00   0.00   0.00   0.00   0.00   0.00   0.00   0.00   0.00
 [39,]   0.00   0.00   0.00   0.00   0.00   0.00   0.00   0.00   0.00   0.00
 [40,]   0.00   0.00   0.00   0.00   0.00   0.00   0.00   0.00   0.00   0.00
 [41,]   0.00   0.00   0.00   0.00   0.00   0.00   0.00   0.00   0.00   0.00
 [42,]   0.00   0.00   0.00   0.00   0.00   0.00   0.00   0.00   0.00   0.00
 [43,]   0.00   0.00   0.00   0.00   0.00   0.00   0.00   0.00   0.00   0.00
 [44,]   0.00   0.00   0.00   0.00   0.00   0.00   0.00   0.00   0.00   0.00
 [45,]   0.00   0.00   0.00   0.00   0.00   0.00   0.00   0.00   0.00   0.00
 [46,]   0.00   0.00   0.00   0.00   0.00   0.00   0.00   0.00   0.00   0.00
 [47,]   0.00   0.00   0.00   0.00   0.00   0.00   0.00   0.00   0.00   0.00
 [48,]   0.00   0.00   0.00   0.00   0.00   0.00   0.00   0.00   0.00   0.00
 [49,]   0.00   0.00   0.00   0.00   0.00   0.00   0.00   0.00   0.00   0.00
 [50,]   0.00   0.00   0.00   0.00   0.00   0.00   0.00   0.00   0.00   0.00
 [51,]   0.00   0.00   0.00   0.00   0.00   0.00   0.00   0.00   0.00   0.00
 [52,]   0.00   0.00   0.00   0.00   0.00   0.00   0.00   0.00   0.00   0.00
 [53,]   0.00   0.00   0.00   0.00   0.00   0.00   0.00   0.00   0.00   0.00
 [54,]   0.00   0.00   0.00   0.00   0.00   0.00   0.00   0.00   0.00   0.00
 [55,]   0.00   0.00   0.00   0.00   0.00   0.00   0.00   0.00   0.00   0.00
 [56,]   0.00   0.00   0.00   0.00   0.00   0.00   0.00   0.00   0.00   0.00
 [57,]   0.00   0.00   0.00   0.00   0.00   0.00   0.00   0.00   0.00   0.00
 [58,]   0.00   0.00   0.00   0.00   0.00   0.00   0.00   0.00   0.00   0.00
 [59,]   0.00   0.00   0.00   0.00   0.00   0.00   0.00   0.00   0.00   0.00
 [60,]   0.00   0.00   0.00   0.00   0.00   0.00   0.00   0.00   0.00   0.00
 [61,]   0.00   0.00   0.00   0.00   0.00   0.00   0.00   0.00   0.00   0.00
 [62,]   0.00   0.00   0.00   0.00   0.00   0.00   0.00   0.00   0.00   0.00
 [63,]   0.00   0.00   0.00   0.00   0.00   0.00   0.00   0.00   0.00   0.00
 [64,]   0.00   0.00   0.00   0.00   0.00   0.00   0.00   0.00   0.00   0.00
 [65,]   0.00   0.00   0.00   0.00   0.00   0.00   0.00   0.00   0.00   0.00
 [66,]   0.00   0.00   0.00   0.00   0.00   0.00   0.00   0.00   0.00   0.00
 [67,]   0.00   0.00   0.00   0.00   0.00   0.00   0.00   0.00   0.00   0.00
 [68,]   0.00   0.00   0.00   0.00   0.00   0.00   0.00   0.00   0.00   0.00
 [69,]   0.00   0.00   0.00   0.00   0.00   0.00   0.00   0.00   0.00   0.00
 [70,]   0.00   0.00   0.00   0.00   0.00   0.00   0.00   0.00   0.00   0.00
 [71,]   0.00   0.00   0.00   0.00   0.00   0.00   0.00   0.00   0.00   0.00
 [72,]   0.00   0.00   0.00   0.00   0.00   0.00   0.00   0.00   0.00   0.00
 [73,]   0.00   0.00   0.00   0.00   0.00   0.00   0.00   0.00   0.00   0.00
 [74,]   0.00   0.00   0.00   0.00   0.00   0.00   0.00   0.00   0.00   0.00
 [75,]   0.00   0.00   0.00   0.00   0.00   0.00   0.00   0.00   0.00   0.00
 [76,]   0.00   0.00   0.00   0.00   0.00   0.00   0.00   0.00   0.00   0.00
 [77,]   0.00   0.00   0.00   0.00   0.00   0.00   0.00   0.00   0.00   0.00
 [78,]   0.00   0.00   0.00   0.00   0.00   0.00   0.00   0.00   0.00   0.00
 [79,]   0.00   0.00   0.00   0.00   0.00   0.00   0.00   0.00   0.00   0.00
 [80,]   0.00   0.00   0.00   0.00   0.00   0.00   0.00   0.00   0.00   0.00
 [81,]   0.00   0.00   0.00   0.00   0.00   0.00   0.00   0.00   0.00   0.00
 [82,]   0.00   0.00   0.00   0.00   0.00   0.00   0.00   0.00   0.00   0.00
 [83,]   0.00   0.00   0.00   0.00   0.00   0.00   0.00   0.00   0.00   0.00
 [84,]   0.00   0.00   0.00   0.00   0.00   0.00   0.00   0.00   0.00   0.00
 [85,]   0.00   0.00   0.00   0.00   0.00   0.00   0.00   0.00   0.00   0.00
 [86,]   0.00   0.00   0.00   0.00   0.00   0.00   0.00   0.00   0.00   0.00
 [87,]   0.00   0.00   0.00   0.00   0.00   0.00   0.00   0.00   0.00   0.00
 [88,]   0.00   0.00   0.00   0.00   0.00   0.00   0.00   0.00   0.00   0.00
 [89,]   0.00   0.00   0.00   0.00   0.00   0.00   0.00   0.00   0.00   0.00
 [90,]   0.00   0.00   0.00   0.00   0.00   0.00   0.00   0.00   0.00   0.00
 [91,]   0.00   0.00   0.00   0.00   0.00   0.00   0.00   0.00   0.00   0.00
 [92,]   0.00   0.00   0.00   0.00   0.00   0.00   0.00   0.00   0.00   0.00
 [93,]   0.00   0.00   0.00   0.00   0.00   0.00   0.00   0.00   0.00   0.00
 [94,]   0.00   0.00   0.00   0.00   0.00   0.00   0.00   0.00   0.00   0.00
 [95,]   0.00   0.00   0.00   0.00   0.00   0.00   0.00   0.00   0.00   0.00
 [96,]   0.00   0.00   0.00   0.00   0.00   0.00   0.00   0.00   0.00   0.00
 [97,]   0.00   0.00   0.00   0.00   0.00   0.00   0.00   0.00   0.00   0.00
 [98,]   0.00   0.00   0.00   0.00   0.00   0.00   0.00   0.00   0.00   0.00
 [99,]   0.00   0.00   0.00   0.00   0.00   0.00   0.00   0.00   0.00   0.00
[100,]   0.00   0.00   0.00   0.00   0.00   0.00   0.00   0.00   0.00   0.00
[101,]   0.00   0.00   0.00   0.00   0.00   0.00   0.00   0.00   0.00   0.00
[102,]   0.00   0.00   0.00   0.00   0.00   0.00   0.00   0.00   0.00   0.00
[103,]   0.00   0.00   0.00   0.00   0.00   0.00   0.00   0.00   0.00   0.00
[104,]   0.00   0.00   0.00   0.00   0.00   0.00   0.00   0.00   0.00   0.00
[105,]   0.00   0.00   0.00   0.00   0.00   0.00   0.00   0.00   0.00   0.00
[106,]   0.00   0.00   0.00   0.00   0.00   0.00   0.00   0.00   0.00   0.00
[107,]   0.00   0.00   0.00   0.00   0.00   0.00   0.00   0.00   0.00   0.00
[108,]   0.00   0.00   0.00   0.00   0.00   0.00   0.00   0.00   0.00   0.00
[109,]   0.00   0.00   0.00   0.00   0.00   0.00   0.00   0.00   0.00   0.00
[110,]   0.00   0.00   0.00   0.00   0.00   0.00   0.00   0.00   0.00   0.00
[111,]   0.00   0.00   0.00   0.00   0.00   0.00   0.00   0.00   0.00   0.00
[112,]   0.00   0.00   0.00   0.00   0.00   0.00   0.00   0.00   0.00   0.00
[113,]   0.00   0.00   0.00   0.00   0.00   0.00   0.00   0.00   0.00   0.00
[114,]   0.00   0.00   0.00   0.00   0.00   0.00   0.00   0.00   0.00   0.00
[115,]   0.00   0.00   0.00   0.00   0.00   0.00   0.00   0.00   0.00   0.00
[116,]   0.00   0.00   0.00   0.00   0.00   0.00   0.00   0.00   0.00   0.00
[117,]   0.00   0.00   0.00   0.00   0.00   0.00   0.00   0.00   0.00   0.00
[118,]   0.00   0.00   0.00   0.00   0.00   0.00   0.00   0.00   0.00   0.00
[119,]   0.00   0.00   0.00   0.00   0.00   0.00   0.00   0.00   0.00   0.00
[120,]   0.00   0.00   0.00   0.00   0.00   0.00   0.00   0.00   0.00   0.00
[121,]   0.00   0.00   0.00   0.00   0.00   0.00   0.00   0.00   0.00   0.00
[122,]   0.00   0.00   0.00   0.00   0.00   0.00   0.00   0.00   0.00   0.00
[123,]   0.00   0.00   0.00   0.00   0.00   0.00   0.00   0.00   0.00   0.00
[124,]   0.00   0.00   0.00   0.00   0.00   0.00   0.00   0.00   0.00   0.00
[125,]   0.00   0.00   0.00   0.00   0.00   0.00   0.00   0.00   0.00   0.00
[126,]   0.00   0.00   0.00   0.00   0.00   0.00   0.00   0.00   0.00   0.00
[127,]   0.00   0.00   0.00   0.00   0.00   0.00   0.00   0.00   0.00   0.00
[128,]   0.00   0.00   0.00   0.00   0.00   0.00   0.00   0.00   0.00   0.00
[129,]   0.00   0.00   0.00   0.00   0.00   0.00   0.00   0.00   0.00   0.00
[130,]   0.00   0.00   0.00   0.00   0.00   0.00   0.00   0.00   0.00   0.00
[131,]   0.00   0.00   0.00   0.00   0.00   0.00   0.00   0.00   0.00   0.00
[132,]   0.00   0.00   0.00   0.00   0.00   0.00   0.00   0.00   0.00   0.00
[133,]   0.00   0.00   0.00   0.00   0.00   0.00   0.00   0.00   0.00   0.00
[134,]   0.00   0.00   0.00   0.00   0.00   0.00   0.00   0.00   0.00   0.00
[135,]   0.00   0.00   0.00   0.00   0.00   0.00   0.00   0.00   0.00   0.00
[136,]   0.00   0.00   0.00   0.00   0.00   0.00   0.00   0.00   0.00   0.00
[137,]   0.00   0.00   0.00   0.00   0.00   0.00   0.00   0.00   0.00   0.00
[138,]   0.00   0.00   0.00   0.00   0.00   0.00   0.00   0.00   0.00   0.00
[139,]   0.00   0.00   0.00   0.00   0.00   0.00   0.00   0.00   0.00   0.00
[140,]   0.00   0.00   0.00   0.00   0.00   0.00   0.00   0.00   0.00   0.00
[141,]   0.00   0.00   0.00   0.00   0.00   0.00   0.00   0.00   0.00   0.00
[142,]   0.00   0.00   0.00   0.00   0.00   0.00   0.00   0.00   0.00   0.00
[143,]   0.00   0.00   0.00   0.00   0.00   0.00   0.00   0.00   0.00   0.00
[144,]   0.00   0.00   0.00   0.00   0.00   0.00   0.00   0.00   0.00   0.00
[145,]   0.00   0.00   0.00   0.00   0.00   0.00   0.00   0.00   0.00   0.00
[146,]   0.00   0.00   0.00   0.00   0.00   0.00   0.00   0.00   0.00   0.00
[147,]   0.00   0.00   0.00   0.00   0.00   0.00   0.00   0.00   0.00   0.00
[148,]   0.00   0.00   0.00   0.00   0.00   0.00   0.00   0.00   0.00   0.00
[149,]   0.00   0.00   0.00   0.00   0.00   0.00   0.00   0.00   0.00   0.00
[150,]   0.00   0.00   0.00   0.00   0.00   0.00   0.00   0.00   0.00   0.00
[151,]   0.00   0.00   0.00   0.00   0.00   0.00   0.00   0.00   0.00   0.00
[152,]   0.00   0.00   0.00   0.00   0.00   0.00   0.00   0.00   0.00   0.00
[153,]   0.00   0.00   0.00   0.00   0.00   0.00   0.00   0.00   0.00   0.00
[154,]   0.00   0.00   0.00   0.00   0.00   0.00   0.00   0.00   0.00   0.00
[155,]   0.00   0.00   0.00   0.00   0.00   0.00   0.00   0.00   0.00   0.00
[156,]   0.00   0.00   0.00   0.00   0.00   0.00   0.00   0.00   0.00   0.00
[157,]   0.00   0.00   0.00   0.00   0.00   0.00   0.00   0.00   0.00   0.00
[158,]   0.00   0.00   0.00   0.00   0.00   0.00   0.00   0.00   0.00   0.00
[159,]   0.00   0.00   0.00   0.00   0.00   0.00   0.00   0.00   0.00   0.00
[160,]   0.00   0.00   0.00   0.00   0.00   0.00   0.00   0.00   0.00   0.00
[161,]   0.00   0.00   0.00   0.00   0.00   0.00   0.00   0.00   0.00   0.00
[162,]   0.00   0.00   0.00   0.00   0.00   0.00   0.00   0.00   0.00   0.00
[163,]   0.00   0.00   0.00   0.00   0.00   0.00   0.00   0.00   0.00   0.00
[164,]   0.00   0.00   0.00   0.00   0.00   0.00   0.00   0.00   0.00   0.00
[165,]   0.00   0.00   0.00   0.00   0.00   0.00   0.00   0.00   0.00   0.00
[166,]   0.00   0.00   0.00   0.00   0.00   0.00   0.00   0.00   0.00   0.00
[167,]   0.00   0.00   0.00   0.00   0.00   0.00   0.00   0.00   0.00   0.00
[168,]   0.00   0.00   0.00   0.00   0.00   0.00   0.00   0.00   0.00   0.00
[169,]   0.00   0.00   0.00   0.00   0.00   0.00   0.00   0.00   0.00   0.00
[170,]   0.00   0.00   0.00   0.00   0.00   0.00   0.00   0.00   0.00   0.00
[171,]   0.00   0.00   0.00   0.00   0.00   0.00   0.00   0.00   0.00   0.00
[172,]   0.00   0.00   0.00   0.00   0.00   0.00   0.00   0.00   0.00   0.00
[173,]   0.00   0.00   0.00   0.00   0.00   0.00   0.00   0.00   0.00   0.00
[174,]   0.00   0.00   0.00   0.00   0.00   0.00   0.00   0.00   0.00   0.00
[175,]   0.00   0.00   0.00   0.00   0.00   0.00   0.00   0.00   0.00   0.00
[176,]   0.00   0.00   0.00   0.00   0.00   0.00   0.00   0.00   0.00   0.00
[177,]   0.00   0.00   0.00   0.00   0.00   0.00   0.00   0.00   0.00   0.00
[178,]   0.00   0.00   0.00   0.00   0.00   0.00   0.00   0.00   0.00   0.00
[179,]   0.00   0.00   0.00   0.00   0.00   0.00   0.00   0.00   0.00   0.00
[180,]   0.00   0.00   0.00   0.00   0.00   0.00   0.00   0.00   0.00   0.00
[181,]   0.00   0.00   0.00   0.00   0.00   0.00   0.00   0.00   0.00   0.00
[182,]   0.00   0.00   0.00   0.00   0.00   0.00   0.00   0.00   0.00   0.00
[183,]   0.00   0.00   0.00   0.00   0.00   0.00   0.00   0.00   0.00   0.00
[184,]   0.00   0.00   0.00   0.00   0.00   0.00   0.00   0.00   0.00   0.00
[185,]   0.00   0.00   0.00   0.00   0.00   0.00   0.00   0.00   0.00   0.00
[186,]   0.00   0.00   0.00   0.00   0.00   0.00   0.00   0.00   0.00   0.00
[187,]   0.00   0.00   0.00   0.00   0.00   0.00   0.00   0.00   0.00   0.00
[188,]   0.00   0.00   0.00   0.00   0.00   0.00   0.00   0.00   0.00   0.00
[189,]   0.00   0.00   0.00   0.00   0.00   0.00   0.00   0.00   0.00   0.00
[190,]   0.00   0.00   0.00   0.00   0.00   0.00   0.00   0.00   0.00   0.00
[191,]   0.00   0.00   0.00   0.00   0.00   0.00   0.00   0.00   0.00   0.00
[192,]   0.00   0.00   0.00   0.00   0.00   0.00   0.00   0.00   0.00   0.00
[193,]   0.00   0.00   0.00   0.00   0.00   0.00   0.00   0.00   0.00   0.00
[194,]   0.00   0.00   0.00   0.00   0.00   0.00   0.00   0.00   0.00   0.00
[195,]   0.00   0.00   0.00   0.00   0.00   0.00   0.00   0.00   0.00   0.00
[196,]   0.00   0.00   0.00   0.00   0.00   0.00   0.00   0.00   0.00   0.00
[197,]   0.00   0.00   0.00   0.00   0.00   0.00   0.00   0.00   0.00   0.00
[198,]   0.00   0.00   0.00   0.00   0.00   0.00   0.00   0.00   0.00   0.00
[199,]   0.00   0.00   0.00   0.00   0.00   0.00   0.00   0.00   0.00   0.00
[200,]   0.00   0.00   0.00   0.00   0.00   0.00   0.00   0.00   0.00   0.00
[201,]   0.00   0.00   0.00   0.00   0.00   0.00   0.00   0.00   0.00   0.00
[202,]   0.00   0.00   0.00   0.00   0.00   0.00   0.00   0.00   0.00   0.00
[203,]   0.00   0.00   0.00   0.00   0.00   0.00   0.00   0.00   0.00   0.00
[204,]   0.00   0.00   0.00   0.00   0.00   0.00   0.00   0.00   0.00   0.00
[205,]   0.00   0.00   0.00   0.00   0.00   0.00   0.00   0.00   0.00   0.00
[206,]   0.00   0.00   0.00   0.00   0.00   0.00   0.00   0.00   0.00   0.00
[207,]   0.00   0.00   0.00   0.00   0.00   0.00   0.00   0.00   0.00   0.00
[208,]   0.00   0.00   0.00   0.00   0.00   0.00   0.00   0.00   0.00   0.00
[209,]   0.00   0.00   0.00   0.00   0.00   0.00   0.00   0.00   0.00   0.00
[210,]   0.00   0.00   0.00   0.00   0.00   0.00   0.00   0.00   0.00   0.00
[211,]   0.00   0.00   0.00   0.00   0.00   0.00   0.00   0.00   0.00   0.00
[212,]   0.00   0.00   0.00   0.00   0.00   0.00   0.00   0.00   0.00   0.00
[213,]   0.00   0.00   0.00   0.00   0.00   0.00   0.00   0.00   0.00   0.00
[214,]   0.00   0.00   0.00   0.00   0.00   0.00   0.00   0.00   0.00   0.00
[215,]   0.00   0.00   0.00   0.00   0.00   0.00   0.00   0.00   0.00   0.00
[216,]   0.00   0.00   0.00   0.00   0.00   0.00   0.00   0.00   0.00   0.00
[217,]   0.00   0.00   0.00   0.00   0.00   0.00   0.00   0.00   0.00   0.00
[218,]   0.00   0.00   0.00   0.00   0.00   0.00   0.00   0.00   0.00   0.00
[219,]   0.00   0.00   0.00   0.00   0.00   0.00   0.00   0.00   0.00   0.00
[220,]   0.00   0.00   0.00   0.00   0.00   0.00   0.00   0.00   0.00   0.00
[221,]   0.00   0.00   0.00   0.00   0.00   0.00   0.00   0.00   0.00   0.00
[222,]   0.00   0.00   0.00   0.00   0.00   0.00   0.00   0.00   0.00   0.00
[223,]   0.00   0.00   0.00   0.00   0.00   0.00   0.00   0.00   0.00   0.00
[224,]   0.00   0.00   0.00   0.00   0.00   0.00   0.00   0.00   0.00   0.00
[225,]   0.00   0.00   0.00   0.00   0.00   0.00   0.00   0.00   0.00   0.00
[226,]   0.00   0.00   0.00   0.00   0.00   0.00   0.00   0.00   0.00   0.00
[227,]   0.00   0.00   0.00   0.00   0.00   0.00   0.00   0.00   0.00   0.00
[228,]   0.00   0.00   0.00   0.00   0.00   0.00   0.00   0.00   0.00   0.00
       [,418] [,419] [,420] [,421] [,422] [,423] [,424] [,425] [,426] [,427]
  [1,]   0.00   0.00   0.00   0.00   0.00   0.00   0.00   0.00   0.00   0.00
  [2,]   0.00   0.00   0.00   0.00   0.00   0.00   0.00   0.00   0.00   0.00
  [3,]   0.00   0.00   0.00   0.00   0.00   0.00   0.00   0.00   0.00   0.00
  [4,]   0.00   0.00   0.00   0.00   0.00   0.00   0.00   0.00   0.00   0.00
  [5,]   0.00   0.00   0.00   0.00   0.00   0.00   0.00   0.00   0.00   0.00
  [6,]   0.00   0.00   0.00   0.00   0.00   0.00   0.00   0.00   0.00   0.00
  [7,]   0.00   0.00   0.00   0.00   0.00   0.00   0.00   0.00   0.00   0.00
  [8,]   0.00   0.00   0.00   0.00   0.00   0.00   0.00   0.00   0.00   0.00
  [9,]   0.00   0.00   0.00   0.00   0.00   0.00   0.00   0.00   0.00   0.00
 [10,]   0.00   0.00   0.00   0.00   0.00   0.00   0.00   0.00   0.00   0.00
 [11,]   0.00   0.00   0.00   0.00   0.00   0.00   0.00   0.00   0.00   0.00
 [12,]   0.00   0.00   0.00   0.00   0.00   0.00   0.00   0.00   0.00   0.00
 [13,]   0.00   0.00   0.00   0.00   0.00   0.00   0.00   0.00   0.00   0.00
 [14,]   0.00   0.00   0.00   0.00   0.00   0.00   0.00   0.00   0.00   0.00
 [15,]   0.00   0.00   0.00   0.00   0.00   0.00   0.00   0.00   0.00   0.00
 [16,]   0.00   0.00   0.00   0.00   0.00   0.00   0.00   0.00   0.00   0.00
 [17,]   0.00   0.00   0.00   0.00   0.00   0.00   0.00   0.00   0.00   0.00
 [18,]   0.00   0.00   0.00   0.00   0.00   0.00   0.00   0.00   0.00   0.00
 [19,]   0.00   0.00   0.00   0.00   0.00   0.00   0.00   0.00   0.00   0.00
 [20,]   0.00   0.00   0.00   0.00   0.00   0.00   0.00   0.00   0.00   0.00
 [21,]   0.00   0.00   0.00   0.00   0.00   0.00   0.00   0.00   0.00   0.00
 [22,]   0.00   0.00   0.00   0.00   0.00   0.00   0.00   0.00   0.00   0.00
 [23,]   0.00   0.00   0.00   0.00   0.00   0.00   0.00   0.00   0.00   0.00
 [24,]   0.00   0.00   0.00   0.00   0.00   0.00   0.00   0.00   0.00   0.00
 [25,]   0.00   0.00   0.00   0.00   0.00   0.00   0.00   0.00   0.00   0.00
 [26,]   0.00   0.00   0.00   0.00   0.00   0.00   0.00   0.00   0.00   0.00
 [27,]   0.00   0.00   0.00   0.00   0.00   0.00   0.00   0.00   0.00   0.00
 [28,]   0.00   0.00   0.00   0.00   0.00   0.00   0.00   0.00   0.00   0.00
 [29,]   0.00   0.00   0.00   0.00   0.00   0.00   0.00   0.00   0.00   0.00
 [30,]   0.00   0.00   0.00   0.00   0.00   0.00   0.00   0.00   0.00   0.00
 [31,]   0.00   0.00   0.00   0.00   0.00   0.00   0.00   0.00   0.00   0.00
 [32,]   0.00   0.00   0.00   0.00   0.00   0.00   0.00   0.00   0.00   0.00
 [33,]   0.00   0.00   0.00   0.00   0.00   0.00   0.00   0.00   0.00   0.00
 [34,]   0.00   0.00   0.00   0.00   0.00   0.00   0.00   0.00   0.00   0.00
 [35,]   0.00   0.00   0.00   0.00   0.00   0.00   0.00   0.00   0.00   0.00
 [36,]   0.00   0.00   0.00   0.00   0.00   0.00   0.00   0.00   0.00   0.00
 [37,]   0.00   0.00   0.00   0.00   0.00   0.00   0.00   0.00   0.00   0.00
 [38,]   0.00   0.00   0.00   0.00   0.00   0.00   0.00   0.00   0.00   0.00
 [39,]   0.00   0.00   0.00   0.00   0.00   0.00   0.00   0.00   0.00   0.00
 [40,]   0.00   0.00   0.00   0.00   0.00   0.00   0.00   0.00   0.00   0.00
 [41,]   0.00   0.00   0.00   0.00   0.00   0.00   0.00   0.00   0.00   0.00
 [42,]   0.00   0.00   0.00   0.00   0.00   0.00   0.00   0.00   0.00   0.00
 [43,]   0.00   0.00   0.00   0.00   0.00   0.00   0.00   0.00   0.00   0.00
 [44,]   0.00   0.00   0.00   0.00   0.00   0.00   0.00   0.00   0.00   0.00
 [45,]   0.00   0.00   0.00   0.00   0.00   0.00   0.00   0.00   0.00   0.00
 [46,]   0.00   0.00   0.00   0.00   0.00   0.00   0.00   0.00   0.00   0.00
 [47,]   0.00   0.00   0.00   0.00   0.00   0.00   0.00   0.00   0.00   0.00
 [48,]   0.00   0.00   0.00   0.00   0.00   0.00   0.00   0.00   0.00   0.00
 [49,]   0.00   0.00   0.00   0.00   0.00   0.00   0.00   0.00   0.00   0.00
 [50,]   0.00   0.00   0.00   0.00   0.00   0.00   0.00   0.00   0.00   0.00
 [51,]   0.00   0.00   0.00   0.00   0.00   0.00   0.00   0.00   0.00   0.00
 [52,]   0.00   0.00   0.00   0.00   0.00   0.00   0.00   0.00   0.00   0.00
 [53,]   0.00   0.00   0.00   0.00   0.00   0.00   0.00   0.00   0.00   0.00
 [54,]   0.00   0.00   0.00   0.00   0.00   0.00   0.00   0.00   0.00   0.00
 [55,]   0.00   0.00   0.00   0.00   0.00   0.00   0.00   0.00   0.00   0.00
 [56,]   0.00   0.00   0.00   0.00   0.00   0.00   0.00   0.00   0.00   0.00
 [57,]   0.00   0.00   0.00   0.00   0.00   0.00   0.00   0.00   0.00   0.00
 [58,]   0.00   0.00   0.00   0.00   0.00   0.00   0.00   0.00   0.00   0.00
 [59,]   0.00   0.00   0.00   0.00   0.00   0.00   0.00   0.00   0.00   0.00
 [60,]   0.00   0.00   0.00   0.00   0.00   0.00   0.00   0.00   0.00   0.00
 [61,]   0.00   0.00   0.00   0.00   0.00   0.00   0.00   0.00   0.00   0.00
 [62,]   0.00   0.00   0.00   0.00   0.00   0.00   0.00   0.00   0.00   0.00
 [63,]   0.00   0.00   0.00   0.00   0.00   0.00   0.00   0.00   0.00   0.00
 [64,]   0.00   0.00   0.00   0.00   0.00   0.00   0.00   0.00   0.00   0.00
 [65,]   0.00   0.00   0.00   0.00   0.00   0.00   0.00   0.00   0.00   0.00
 [66,]   0.00   0.00   0.00   0.00   0.00   0.00   0.00   0.00   0.00   0.00
 [67,]   0.00   0.00   0.00   0.00   0.00   0.00   0.00   0.00   0.00   0.00
 [68,]   0.00   0.00   0.00   0.00   0.00   0.00   0.00   0.00   0.00   0.00
 [69,]   0.00   0.00   0.00   0.00   0.00   0.00   0.00   0.00   0.00   0.00
 [70,]   0.00   0.00   0.00   0.00   0.00   0.00   0.00   0.00   0.00   0.00
 [71,]   0.00   0.00   0.00   0.00   0.00   0.00   0.00   0.00   0.00   0.00
 [72,]   0.00   0.00   0.00   0.00   0.00   0.00   0.00   0.00   0.00   0.00
 [73,]   0.00   0.00   0.00   0.00   0.00   0.00   0.00   0.00   0.00   0.00
 [74,]   0.00   0.00   0.00   0.00   0.00   0.00   0.00   0.00   0.00   0.00
 [75,]   0.00   0.00   0.00   0.00   0.00   0.00   0.00   0.00   0.00   0.00
 [76,]   0.00   0.00   0.00   0.00   0.00   0.00   0.00   0.00   0.00   0.00
 [77,]   0.00   0.00   0.00   0.00   0.00   0.00   0.00   0.00   0.00   0.00
 [78,]   0.00   0.00   0.00   0.00   0.00   0.00   0.00   0.00   0.00   0.00
 [79,]   0.00   0.00   0.00   0.00   0.00   0.00   0.00   0.00   0.00   0.00
 [80,]   0.00   0.00   0.00   0.00   0.00   0.00   0.00   0.00   0.00   0.00
 [81,]   0.00   0.00   0.00   0.00   0.00   0.00   0.00   0.00   0.00   0.00
 [82,]   0.00   0.00   0.00   0.00   0.00   0.00   0.00   0.00   0.00   0.00
 [83,]   0.00   0.00   0.00   0.00   0.00   0.00   0.00   0.00   0.00   0.00
 [84,]   0.00   0.00   0.00   0.00   0.00   0.00   0.00   0.00   0.00   0.00
 [85,]   0.00   0.00   0.00   0.00   0.00   0.00   0.00   0.00   0.00   0.00
 [86,]   0.00   0.00   0.00   0.00   0.00   0.00   0.00   0.00   0.00   0.00
 [87,]   0.00   0.00   0.00   0.00   0.00   0.00   0.00   0.00   0.00   0.00
 [88,]   0.00   0.00   0.00   0.00   0.00   0.00   0.00   0.00   0.00   0.00
 [89,]   0.00   0.00   0.00   0.00   0.00   0.00   0.00   0.00   0.00   0.00
 [90,]   0.00   0.00   0.00   0.00   0.00   0.00   0.00   0.00   0.00   0.00
 [91,]   0.00   0.00   0.00   0.00   0.00   0.00   0.00   0.00   0.00   0.00
 [92,]   0.00   0.00   0.00   0.00   0.00   0.00   0.00   0.00   0.00   0.00
 [93,]   0.00   0.00   0.00   0.00   0.00   0.00   0.00   0.00   0.00   0.00
 [94,]   0.00   0.00   0.00   0.00   0.00   0.00   0.00   0.00   0.00   0.00
 [95,]   0.00   0.00   0.00   0.00   0.00   0.00   0.00   0.00   0.00   0.00
 [96,]   0.00   0.00   0.00   0.00   0.00   0.00   0.00   0.00   0.00   0.00
 [97,]   0.00   0.00   0.00   0.00   0.00   0.00   0.00   0.00   0.00   0.00
 [98,]   0.00   0.00   0.00   0.00   0.00   0.00   0.00   0.00   0.00   0.00
 [99,]   0.00   0.00   0.00   0.00   0.00   0.00   0.00   0.00   0.00   0.00
[100,]   0.00   0.00   0.00   0.00   0.00   0.00   0.00   0.00   0.00   0.00
[101,]   0.00   0.00   0.00   0.00   0.00   0.00   0.00   0.00   0.00   0.00
[102,]   0.00   0.00   0.00   0.00   0.00   0.00   0.00   0.00   0.00   0.00
[103,]   0.00   0.00   0.00   0.00   0.00   0.00   0.00   0.00   0.00   0.00
[104,]   0.00   0.00   0.00   0.00   0.00   0.00   0.00   0.00   0.00   0.00
[105,]   0.00   0.00   0.00   0.00   0.00   0.00   0.00   0.00   0.00   0.00
[106,]   0.00   0.00   0.00   0.00   0.00   0.00   0.00   0.00   0.00   0.00
[107,]   0.00   0.00   0.00   0.00   0.00   0.00   0.00   0.00   0.00   0.00
[108,]   0.00   0.00   0.00   0.00   0.00   0.00   0.00   0.00   0.00   0.00
[109,]   0.00   0.00   0.00   0.00   0.00   0.00   0.00   0.00   0.00   0.00
[110,]   0.00   0.00   0.00   0.00   0.00   0.00   0.00   0.00   0.00   0.00
[111,]   0.00   0.00   0.00   0.00   0.00   0.00   0.00   0.00   0.00   0.00
[112,]   0.00   0.00   0.00   0.00   0.00   0.00   0.00   0.00   0.00   0.00
[113,]   0.00   0.00   0.00   0.00   0.00   0.00   0.00   0.00   0.00   0.00
[114,]   0.00   0.00   0.00   0.00   0.00   0.00   0.00   0.00   0.00   0.00
[115,]   0.00   0.00   0.00   0.00   0.00   0.00   0.00   0.00   0.00   0.00
[116,]   0.00   0.00   0.00   0.00   0.00   0.00   0.00   0.00   0.00   0.00
[117,]   0.00   0.00   0.00   0.00   0.00   0.00   0.00   0.00   0.00   0.00
[118,]   0.00   0.00   0.00   0.00   0.00   0.00   0.00   0.00   0.00   0.00
[119,]   0.00   0.00   0.00   0.00   0.00   0.00   0.00   0.00   0.00   0.00
[120,]   0.00   0.00   0.00   0.00   0.00   0.00   0.00   0.00   0.00   0.00
[121,]   0.00   0.00   0.00   0.00   0.00   0.00   0.00   0.00   0.00   0.00
[122,]   0.00   0.00   0.00   0.00   0.00   0.00   0.00   0.00   0.00   0.00
[123,]   0.00   0.00   0.00   0.00   0.00   0.00   0.00   0.00   0.00   0.00
[124,]   0.00   0.00   0.00   0.00   0.00   0.00   0.00   0.00   0.00   0.00
[125,]   0.00   0.00   0.00   0.00   0.00   0.00   0.00   0.00   0.00   0.00
[126,]   0.00   0.00   0.00   0.00   0.00   0.00   0.00   0.00   0.00   0.00
[127,]   0.00   0.00   0.00   0.00   0.00   0.00   0.00   0.00   0.00   0.00
[128,]   0.00   0.00   0.00   0.00   0.00   0.00   0.00   0.00   0.00   0.00
[129,]   0.00   0.00   0.00   0.00   0.00   0.00   0.00   0.00   0.00   0.00
[130,]   0.00   0.00   0.00   0.00   0.00   0.00   0.00   0.00   0.00   0.00
[131,]   0.00   0.00   0.00   0.00   0.00   0.00   0.00   0.00   0.00   0.00
[132,]   0.00   0.00   0.00   0.00   0.00   0.00   0.00   0.00   0.00   0.00
[133,]   0.00   0.00   0.00   0.00   0.00   0.00   0.00   0.00   0.00   0.00
[134,]   0.00   0.00   0.00   0.00   0.00   0.00   0.00   0.00   0.00   0.00
[135,]   0.00   0.00   0.00   0.00   0.00   0.00   0.00   0.00   0.00   0.00
[136,]   0.00   0.00   0.00   0.00   0.00   0.00   0.00   0.00   0.00   0.00
[137,]   0.00   0.00   0.00   0.00   0.00   0.00   0.00   0.00   0.00   0.00
[138,]   0.00   0.00   0.00   0.00   0.00   0.00   0.00   0.00   0.00   0.00
[139,]   0.00   0.00   0.00   0.00   0.00   0.00   0.00   0.00   0.00   0.00
[140,]   0.00   0.00   0.00   0.00   0.00   0.00   0.00   0.00   0.00   0.00
[141,]   0.00   0.00   0.00   0.00   0.00   0.00   0.00   0.00   0.00   0.00
[142,]   0.00   0.00   0.00   0.00   0.00   0.00   0.00   0.00   0.00   0.00
[143,]   0.00   0.00   0.00   0.00   0.00   0.00   0.00   0.00   0.00   0.00
[144,]   0.00   0.00   0.00   0.00   0.00   0.00   0.00   0.00   0.00   0.00
[145,]   0.00   0.00   0.00   0.00   0.00   0.00   0.00   0.00   0.00   0.00
[146,]   0.00   0.00   0.00   0.00   0.00   0.00   0.00   0.00   0.00   0.00
[147,]   0.00   0.00   0.00   0.00   0.00   0.00   0.00   0.00   0.00   0.00
[148,]   0.00   0.00   0.00   0.00   0.00   0.00   0.00   0.00   0.00   0.00
[149,]   0.00   0.00   0.00   0.00   0.00   0.00   0.00   0.00   0.00   0.00
[150,]   0.00   0.00   0.00   0.00   0.00   0.00   0.00   0.00   0.00   0.00
[151,]   0.00   0.00   0.00   0.00   0.00   0.00   0.00   0.00   0.00   0.00
[152,]   0.00   0.00   0.00   0.00   0.00   0.00   0.00   0.00   0.00   0.00
[153,]   0.00   0.00   0.00   0.00   0.00   0.00   0.00   0.00   0.00   0.00
[154,]   0.00   0.00   0.00   0.00   0.00   0.00   0.00   0.00   0.00   0.00
[155,]   0.00   0.00   0.00   0.00   0.00   0.00   0.00   0.00   0.00   0.00
[156,]   0.00   0.00   0.00   0.00   0.00   0.00   0.00   0.00   0.00   0.00
[157,]   0.00   0.00   0.00   0.00   0.00   0.00   0.00   0.00   0.00   0.00
[158,]   0.00   0.00   0.00   0.00   0.00   0.00   0.00   0.00   0.00   0.00
[159,]   0.00   0.00   0.00   0.00   0.00   0.00   0.00   0.00   0.00   0.00
[160,]   0.00   0.00   0.00   0.00   0.00   0.00   0.00   0.00   0.00   0.00
[161,]   0.00   0.00   0.00   0.00   0.00   0.00   0.00   0.00   0.00   0.00
[162,]   0.00   0.00   0.00   0.00   0.00   0.00   0.00   0.00   0.00   0.00
[163,]   0.00   0.00   0.00   0.00   0.00   0.00   0.00   0.00   0.00   0.00
[164,]   0.00   0.00   0.00   0.00   0.00   0.00   0.00   0.00   0.00   0.00
[165,]   0.00   0.00   0.00   0.00   0.00   0.00   0.00   0.00   0.00   0.00
[166,]   0.00   0.00   0.00   0.00   0.00   0.00   0.00   0.00   0.00   0.00
[167,]   0.00   0.00   0.00   0.00   0.00   0.00   0.00   0.00   0.00   0.00
[168,]   0.00   0.00   0.00   0.00   0.00   0.00   0.00   0.00   0.00   0.00
[169,]   0.00   0.00   0.00   0.00   0.00   0.00   0.00   0.00   0.00   0.00
[170,]   0.00   0.00   0.00   0.00   0.00   0.00   0.00   0.00   0.00   0.00
[171,]   0.00   0.00   0.00   0.00   0.00   0.00   0.00   0.00   0.00   0.00
[172,]   0.00   0.00   0.00   0.00   0.00   0.00   0.00   0.00   0.00   0.00
[173,]   0.00   0.00   0.00   0.00   0.00   0.00   0.00   0.00   0.00   0.00
[174,]   0.00   0.00   0.00   0.00   0.00   0.00   0.00   0.00   0.00   0.00
[175,]   0.00   0.00   0.00   0.00   0.00   0.00   0.00   0.00   0.00   0.00
[176,]   0.00   0.00   0.00   0.00   0.00   0.00   0.00   0.00   0.00   0.00
[177,]   0.00   0.00   0.00   0.00   0.00   0.00   0.00   0.00   0.00   0.00
[178,]   0.00   0.00   0.00   0.00   0.00   0.00   0.00   0.00   0.00   0.00
[179,]   0.00   0.00   0.00   0.00   0.00   0.00   0.00   0.00   0.00   0.00
[180,]   0.00   0.00   0.00   0.00   0.00   0.00   0.00   0.00   0.00   0.00
[181,]   0.00   0.00   0.00   0.00   0.00   0.00   0.00   0.00   0.00   0.00
[182,]   0.00   0.00   0.00   0.00   0.00   0.00   0.00   0.00   0.00   0.00
[183,]   0.00   0.00   0.00   0.00   0.00   0.00   0.00   0.00   0.00   0.00
[184,]   0.00   0.00   0.00   0.00   0.00   0.00   0.00   0.00   0.00   0.00
[185,]   0.00   0.00   0.00   0.00   0.00   0.00   0.00   0.00   0.00   0.00
[186,]   0.00   0.00   0.00   0.00   0.00   0.00   0.00   0.00   0.00   0.00
[187,]   0.00   0.00   0.00   0.00   0.00   0.00   0.00   0.00   0.00   0.00
[188,]   0.00   0.00   0.00   0.00   0.00   0.00   0.00   0.00   0.00   0.00
[189,]   0.00   0.00   0.00   0.00   0.00   0.00   0.00   0.00   0.00   0.00
[190,]   0.00   0.00   0.00   0.00   0.00   0.00   0.00   0.00   0.00   0.00
[191,]   0.00   0.00   0.00   0.00   0.00   0.00   0.00   0.00   0.00   0.00
[192,]   0.00   0.00   0.00   0.00   0.00   0.00   0.00   0.00   0.00   0.00
[193,]   0.00   0.00   0.00   0.00   0.00   0.00   0.00   0.00   0.00   0.00
[194,]   0.00   0.00   0.00   0.00   0.00   0.00   0.00   0.00   0.00   0.00
[195,]   0.00   0.00   0.00   0.00   0.00   0.00   0.00   0.00   0.00   0.00
[196,]   0.00   0.00   0.00   0.00   0.00   0.00   0.00   0.00   0.00   0.00
[197,]   0.00   0.00   0.00   0.00   0.00   0.00   0.00   0.00   0.00   0.00
[198,]   0.00   0.00   0.00   0.00   0.00   0.00   0.00   0.00   0.00   0.00
[199,]   0.00   0.00   0.00   0.00   0.00   0.00   0.00   0.00   0.00   0.00
[200,]   0.00   0.00   0.00   0.00   0.00   0.00   0.00   0.00   0.00   0.00
[201,]   0.00   0.00   0.00   0.00   0.00   0.00   0.00   0.00   0.00   0.00
[202,]   0.00   0.00   0.00   0.00   0.00   0.00   0.00   0.00   0.00   0.00
[203,]   0.00   0.00   0.00   0.00   0.00   0.00   0.00   0.00   0.00   0.00
[204,]   0.00   0.00   0.00   0.00   0.00   0.00   0.00   0.00   0.00   0.00
[205,]   0.00   0.00   0.00   0.00   0.00   0.00   0.00   0.00   0.00   0.00
[206,]   0.00   0.00   0.00   0.00   0.00   0.00   0.00   0.00   0.00   0.00
[207,]   0.00   0.00   0.00   0.00   0.00   0.00   0.00   0.00   0.00   0.00
[208,]   0.00   0.00   0.00   0.00   0.00   0.00   0.00   0.00   0.00   0.00
[209,]   0.00   0.00   0.00   0.00   0.00   0.00   0.00   0.00   0.00   0.00
[210,]   0.00   0.00   0.00   0.00   0.00   0.00   0.00   0.00   0.00   0.00
[211,]   0.00   0.00   0.00   0.00   0.00   0.00   0.00   0.00   0.00   0.00
[212,]   0.00   0.00   0.00   0.00   0.00   0.00   0.00   0.00   0.00   0.00
[213,]   0.00   0.00   0.00   0.00   0.00   0.00   0.00   0.00   0.00   0.00
[214,]   0.00   0.00   0.00   0.00   0.00   0.00   0.00   0.00   0.00   0.00
[215,]   0.00   0.00   0.00   0.00   0.00   0.00   0.00   0.00   0.00   0.00
[216,]   0.00   0.00   0.00   0.00   0.00   0.00   0.00   0.00   0.00   0.00
[217,]   0.00   0.00   0.00   0.00   0.00   0.00   0.00   0.00   0.00   0.00
[218,]   0.00   0.00   0.00   0.00   0.00   0.00   0.00   0.00   0.00   0.00
[219,]   0.00   0.00   0.00   0.00   0.00   0.00   0.00   0.00   0.00   0.00
[220,]   0.00   0.00   0.00   0.00   0.00   0.00   0.00   0.00   0.00   0.00
[221,]   0.00   0.00   0.00   0.00   0.00   0.00   0.00   0.00   0.00   0.00
[222,]   0.00   0.00   0.00   0.00   0.00   0.00   0.00   0.00   0.00   0.00
[223,]   0.00   0.00   0.00   0.00   0.00   0.00   0.00   0.00   0.00   0.00
[224,]   0.00   0.00   0.00   0.00   0.00   0.00   0.00   0.00   0.00   0.00
[225,]   0.00   0.00   0.00   0.00   0.00   0.00   0.00   0.00   0.00   0.00
[226,]   0.00   0.00   0.00   0.00   0.00   0.00   0.00   0.00   0.00   0.00
[227,]   0.00   0.00   0.00   0.00   0.00   0.00   0.00   0.00   0.00   0.00
[228,]   0.00   0.00   0.00   0.00   0.00   0.00   0.00   0.00   0.00   0.00
       [,428] [,429] [,430] [,431] [,432] [,433] [,434] [,435] [,436] [,437]
  [1,]   0.00   0.00   0.00   0.00   0.00   0.00   0.00   0.00   0.00   0.00
  [2,]   0.00   0.00   0.00   0.00   0.00   0.00   0.00   0.00   0.00   0.00
  [3,]   0.00   0.00   0.00   0.00   0.00   0.00   0.00   0.00   0.00   0.00
  [4,]   0.00   0.00   0.00   0.00   0.00   0.00   0.00   0.00   0.00   0.00
  [5,]   0.00   0.00   0.00   0.00   0.00   0.00   0.00   0.00   0.00   0.00
  [6,]   0.00   0.00   0.00   0.00   0.00   0.00   0.00   0.00   0.00   0.00
  [7,]   0.00   0.00   0.00   0.00   0.00   0.00   0.00   0.00   0.00   0.00
  [8,]   0.00   0.00   0.00   0.00   0.00   0.00   0.00   0.00   0.00   0.00
  [9,]   0.00   0.00   0.00   0.00   0.00   0.00   0.00   0.00   0.00   0.00
 [10,]   0.00   0.00   0.00   0.00   0.00   0.00   0.00   0.00   0.00   0.00
 [11,]   0.00   0.00   0.00   0.00   0.00   0.00   0.00   0.00   0.00   0.00
 [12,]   0.00   0.00   0.00   0.00   0.00   0.00   0.00   0.00   0.00   0.00
 [13,]   0.00   0.00   0.00   0.00   0.00   0.00   0.00   0.00   0.00   0.00
 [14,]   0.00   0.00   0.00   0.00   0.00   0.00   0.00   0.00   0.00   0.00
 [15,]   0.00   0.00   0.00   0.00   0.00   0.00   0.00   0.00   0.00   0.00
 [16,]   0.00   0.00   0.00   0.00   0.00   0.00   0.00   0.00   0.00   0.00
 [17,]   0.00   0.00   0.00   0.00   0.00   0.00   0.00   0.00   0.00   0.00
 [18,]   0.00   0.00   0.00   0.00   0.00   0.00   0.00   0.00   0.00   0.00
 [19,]   0.00   0.00   0.00   0.00   0.00   0.00   0.00   0.00   0.00   0.00
 [20,]   0.00   0.00   0.00   0.00   0.00   0.00   0.00   0.00   0.00   0.00
 [21,]   0.00   0.00   0.00   0.00   0.00   0.00   0.00   0.00   0.00   0.00
 [22,]   0.00   0.00   0.00   0.00   0.00   0.00   0.00   0.00   0.00   0.00
 [23,]   0.00   0.00   0.00   0.00   0.00   0.00   0.00   0.00   0.00   0.00
 [24,]   0.00   0.00   0.00   0.00   0.00   0.00   0.00   0.00   0.00   0.00
 [25,]   0.00   0.00   0.00   0.00   0.00   0.00   0.00   0.00   0.00   0.00
 [26,]   0.00   0.00   0.00   0.00   0.00   0.00   0.00   0.00   0.00   0.00
 [27,]   0.00   0.00   0.00   0.00   0.00   0.00   0.00   0.00   0.00   0.00
 [28,]   0.00   0.00   0.00   0.00   0.00   0.00   0.00   0.00   0.00   0.00
 [29,]   0.00   0.00   0.00   0.00   0.00   0.00   0.00   0.00   0.00   0.00
 [30,]   0.00   0.00   0.00   0.00   0.00   0.00   0.00   0.00   0.00   0.00
 [31,]   0.00   0.00   0.00   0.00   0.00   0.00   0.00   0.00   0.00   0.00
 [32,]   0.00   0.00   0.00   0.00   0.00   0.00   0.00   0.00   0.00   0.00
 [33,]   0.00   0.00   0.00   0.00   0.00   0.00   0.00   0.00   0.00   0.00
 [34,]   0.00   0.00   0.00   0.00   0.00   0.00   0.00   0.00   0.00   0.00
 [35,]   0.00   0.00   0.00   0.00   0.00   0.00   0.00   0.00   0.00   0.00
 [36,]   0.00   0.00   0.00   0.00   0.00   0.00   0.00   0.00   0.00   0.00
 [37,]   0.00   0.00   0.00   0.00   0.00   0.00   0.00   0.00   0.00   0.00
 [38,]   0.00   0.00   0.00   0.00   0.00   0.00   0.00   0.00   0.00   0.00
 [39,]   0.00   0.00   0.00   0.00   0.00   0.00   0.00   0.00   0.00   0.00
 [40,]   0.00   0.00   0.00   0.00   0.00   0.00   0.00   0.00   0.00   0.00
 [41,]   0.00   0.00   0.00   0.00   0.00   0.00   0.00   0.00   0.00   0.00
 [42,]   0.00   0.00   0.00   0.00   0.00   0.00   0.00   0.00   0.00   0.00
 [43,]   0.00   0.00   0.00   0.00   0.00   0.00   0.00   0.00   0.00   0.00
 [44,]   0.00   0.00   0.00   0.00   0.00   0.00   0.00   0.00   0.00   0.00
 [45,]   0.00   0.00   0.00   0.00   0.00   0.00   0.00   0.00   0.00   0.00
 [46,]   0.00   0.00   0.00   0.00   0.00   0.00   0.00   0.00   0.00   0.00
 [47,]   0.00   0.00   0.00   0.00   0.00   0.00   0.00   0.00   0.00   0.00
 [48,]   0.00   0.00   0.00   0.00   0.00   0.00   0.00   0.00   0.00   0.00
 [49,]   0.00   0.00   0.00   0.00   0.00   0.00   0.00   0.00   0.00   0.00
 [50,]   0.00   0.00   0.00   0.00   0.00   0.00   0.00   0.00   0.00   0.00
 [51,]   0.00   0.00   0.00   0.00   0.00   0.00   0.00   0.00   0.00   0.00
 [52,]   0.00   0.00   0.00   0.00   0.00   0.00   0.00   0.00   0.00   0.00
 [53,]   0.00   0.00   0.00   0.00   0.00   0.00   0.00   0.00   0.00   0.00
 [54,]   0.00   0.00   0.00   0.00   0.00   0.00   0.00   0.00   0.00   0.00
 [55,]   0.00   0.00   0.00   0.00   0.00   0.00   0.00   0.00   0.00   0.00
 [56,]   0.00   0.00   0.00   0.00   0.00   0.00   0.00   0.00   0.00   0.00
 [57,]   0.00   0.00   0.00   0.00   0.00   0.00   0.00   0.00   0.00   0.00
 [58,]   0.00   0.00   0.00   0.00   0.00   0.00   0.00   0.00   0.00   0.00
 [59,]   0.00   0.00   0.00   0.00   0.00   0.00   0.00   0.00   0.00   0.00
 [60,]   0.00   0.00   0.00   0.00   0.00   0.00   0.00   0.00   0.00   0.00
 [61,]   0.00   0.00   0.00   0.00   0.00   0.00   0.00   0.00   0.00   0.00
 [62,]   0.00   0.00   0.00   0.00   0.00   0.00   0.00   0.00   0.00   0.00
 [63,]   0.00   0.00   0.00   0.00   0.00   0.00   0.00   0.00   0.00   0.00
 [64,]   0.00   0.00   0.00   0.00   0.00   0.00   0.00   0.00   0.00   0.00
 [65,]   0.00   0.00   0.00   0.00   0.00   0.00   0.00   0.00   0.00   0.00
 [66,]   0.00   0.00   0.00   0.00   0.00   0.00   0.00   0.00   0.00   0.00
 [67,]   0.00   0.00   0.00   0.00   0.00   0.00   0.00   0.00   0.00   0.00
 [68,]   0.00   0.00   0.00   0.00   0.00   0.00   0.00   0.00   0.00   0.00
 [69,]   0.00   0.00   0.00   0.00   0.00   0.00   0.00   0.00   0.00   0.00
 [70,]   0.00   0.00   0.00   0.00   0.00   0.00   0.00   0.00   0.00   0.00
 [71,]   0.00   0.00   0.00   0.00   0.00   0.00   0.00   0.00   0.00   0.00
 [72,]   0.00   0.00   0.00   0.00   0.00   0.00   0.00   0.00   0.00   0.00
 [73,]   0.00   0.00   0.00   0.00   0.00   0.00   0.00   0.00   0.00   0.00
 [74,]   0.00   0.00   0.00   0.00   0.00   0.00   0.00   0.00   0.00   0.00
 [75,]   0.00   0.00   0.00   0.00   0.00   0.00   0.00   0.00   0.00   0.00
 [76,]   0.00   0.00   0.00   0.00   0.00   0.00   0.00   0.00   0.00   0.00
 [77,]   0.00   0.00   0.00   0.00   0.00   0.00   0.00   0.00   0.00   0.00
 [78,]   0.00   0.00   0.00   0.00   0.00   0.00   0.00   0.00   0.00   0.00
 [79,]   0.00   0.00   0.00   0.00   0.00   0.00   0.00   0.00   0.00   0.00
 [80,]   0.00   0.00   0.00   0.00   0.00   0.00   0.00   0.00   0.00   0.00
 [81,]   0.00   0.00   0.00   0.00   0.00   0.00   0.00   0.00   0.00   0.00
 [82,]   0.00   0.00   0.00   0.00   0.00   0.00   0.00   0.00   0.00   0.00
 [83,]   0.00   0.00   0.00   0.00   0.00   0.00   0.00   0.00   0.00   0.00
 [84,]   0.00   0.00   0.00   0.00   0.00   0.00   0.00   0.00   0.00   0.00
 [85,]   0.00   0.00   0.00   0.00   0.00   0.00   0.00   0.00   0.00   0.00
 [86,]   0.00   0.00   0.00   0.00   0.00   0.00   0.00   0.00   0.00   0.00
 [87,]   0.00   0.00   0.00   0.00   0.00   0.00   0.00   0.00   0.00   0.00
 [88,]   0.00   0.00   0.00   0.00   0.00   0.00   0.00   0.00   0.00   0.00
 [89,]   0.00   0.00   0.00   0.00   0.00   0.00   0.00   0.00   0.00   0.00
 [90,]   0.00   0.00   0.00   0.00   0.00   0.00   0.00   0.00   0.00   0.00
 [91,]   0.00   0.00   0.00   0.00   0.00   0.00   0.00   0.00   0.00   0.00
 [92,]   0.00   0.00   0.00   0.00   0.00   0.00   0.00   0.00   0.00   0.00
 [93,]   0.00   0.00   0.00   0.00   0.00   0.00   0.00   0.00   0.00   0.00
 [94,]   0.00   0.00   0.00   0.00   0.00   0.00   0.00   0.00   0.00   0.00
 [95,]   0.00   0.00   0.00   0.00   0.00   0.00   0.00   0.00   0.00   0.00
 [96,]   0.00   0.00   0.00   0.00   0.00   0.00   0.00   0.00   0.00   0.00
 [97,]   0.00   0.00   0.00   0.00   0.00   0.00   0.00   0.00   0.00   0.00
 [98,]   0.00   0.00   0.00   0.00   0.00   0.00   0.00   0.00   0.00   0.00
 [99,]   0.00   0.00   0.00   0.00   0.00   0.00   0.00   0.00   0.00   0.00
[100,]   0.00   0.00   0.00   0.00   0.00   0.00   0.00   0.00   0.00   0.00
[101,]   0.00   0.00   0.00   0.00   0.00   0.00   0.00   0.00   0.00   0.00
[102,]   0.00   0.00   0.00   0.00   0.00   0.00   0.00   0.00   0.00   0.00
[103,]   0.00   0.00   0.00   0.00   0.00   0.00   0.00   0.00   0.00   0.00
[104,]   0.00   0.00   0.00   0.00   0.00   0.00   0.00   0.00   0.00   0.00
[105,]   0.00   0.00   0.00   0.00   0.00   0.00   0.00   0.00   0.00   0.00
[106,]   0.00   0.00   0.00   0.00   0.00   0.00   0.00   0.00   0.00   0.00
[107,]   0.00   0.00   0.00   0.00   0.00   0.00   0.00   0.00   0.00   0.00
[108,]   0.00   0.00   0.00   0.00   0.00   0.00   0.00   0.00   0.00   0.00
[109,]   0.00   0.00   0.00   0.00   0.00   0.00   0.00   0.00   0.00   0.00
[110,]   0.00   0.00   0.00   0.00   0.00   0.00   0.00   0.00   0.00   0.00
[111,]   0.00   0.00   0.00   0.00   0.00   0.00   0.00   0.00   0.00   0.00
[112,]   0.00   0.00   0.00   0.00   0.00   0.00   0.00   0.00   0.00   0.00
[113,]   0.00   0.00   0.00   0.00   0.00   0.00   0.00   0.00   0.00   0.00
[114,]   0.00   0.00   0.00   0.00   0.00   0.00   0.00   0.00   0.00   0.00
[115,]   0.00   0.00   0.00   0.00   0.00   0.00   0.00   0.00   0.00   0.00
[116,]   0.00   0.00   0.00   0.00   0.00   0.00   0.00   0.00   0.00   0.00
[117,]   0.00   0.00   0.00   0.00   0.00   0.00   0.00   0.00   0.00   0.00
[118,]   0.00   0.00   0.00   0.00   0.00   0.00   0.00   0.00   0.00   0.00
[119,]   0.00   0.00   0.00   0.00   0.00   0.00   0.00   0.00   0.00   0.00
[120,]   0.00   0.00   0.00   0.00   0.00   0.00   0.00   0.00   0.00   0.00
[121,]   0.00   0.00   0.00   0.00   0.00   0.00   0.00   0.00   0.00   0.00
[122,]   0.00   0.00   0.00   0.00   0.00   0.00   0.00   0.00   0.00   0.00
[123,]   0.00   0.00   0.00   0.00   0.00   0.00   0.00   0.00   0.00   0.00
[124,]   0.00   0.00   0.00   0.00   0.00   0.00   0.00   0.00   0.00   0.00
[125,]   0.00   0.00   0.00   0.00   0.00   0.00   0.00   0.00   0.00   0.00
[126,]   0.00   0.00   0.00   0.00   0.00   0.00   0.00   0.00   0.00   0.00
[127,]   0.00   0.00   0.00   0.00   0.00   0.00   0.00   0.00   0.00   0.00
[128,]   0.00   0.00   0.00   0.00   0.00   0.00   0.00   0.00   0.00   0.00
[129,]   0.00   0.00   0.00   0.00   0.00   0.00   0.00   0.00   0.00   0.00
[130,]   0.00   0.00   0.00   0.00   0.00   0.00   0.00   0.00   0.00   0.00
[131,]   0.00   0.00   0.00   0.00   0.00   0.00   0.00   0.00   0.00   0.00
[132,]   0.00   0.00   0.00   0.00   0.00   0.00   0.00   0.00   0.00   0.00
[133,]   0.00   0.00   0.00   0.00   0.00   0.00   0.00   0.00   0.00   0.00
[134,]   0.00   0.00   0.00   0.00   0.00   0.00   0.00   0.00   0.00   0.00
[135,]   0.00   0.00   0.00   0.00   0.00   0.00   0.00   0.00   0.00   0.00
[136,]   0.00   0.00   0.00   0.00   0.00   0.00   0.00   0.00   0.00   0.00
[137,]   0.00   0.00   0.00   0.00   0.00   0.00   0.00   0.00   0.00   0.00
[138,]   0.00   0.00   0.00   0.00   0.00   0.00   0.00   0.00   0.00   0.00
[139,]   0.00   0.00   0.00   0.00   0.00   0.00   0.00   0.00   0.00   0.00
[140,]   0.00   0.00   0.00   0.00   0.00   0.00   0.00   0.00   0.00   0.00
[141,]   0.00   0.00   0.00   0.00   0.00   0.00   0.00   0.00   0.00   0.00
[142,]   0.00   0.00   0.00   0.00   0.00   0.00   0.00   0.00   0.00   0.00
[143,]   0.00   0.00   0.00   0.00   0.00   0.00   0.00   0.00   0.00   0.00
[144,]   0.00   0.00   0.00   0.00   0.00   0.00   0.00   0.00   0.00   0.00
[145,]   0.00   0.00   0.00   0.00   0.00   0.00   0.00   0.00   0.00   0.00
[146,]   0.00   0.00   0.00   0.00   0.00   0.00   0.00   0.00   0.00   0.00
[147,]   0.00   0.00   0.00   0.00   0.00   0.00   0.00   0.00   0.00   0.00
[148,]   0.00   0.00   0.00   0.00   0.00   0.00   0.00   0.00   0.00   0.00
[149,]   0.00   0.00   0.00   0.00   0.00   0.00   0.00   0.00   0.00   0.00
[150,]   0.00   0.00   0.00   0.00   0.00   0.00   0.00   0.00   0.00   0.00
[151,]   0.00   0.00   0.00   0.00   0.00   0.00   0.00   0.00   0.00   0.00
[152,]   0.00   0.00   0.00   0.00   0.00   0.00   0.00   0.00   0.00   0.00
[153,]   0.00   0.00   0.00   0.00   0.00   0.00   0.00   0.00   0.00   0.00
[154,]   0.00   0.00   0.00   0.00   0.00   0.00   0.00   0.00   0.00   0.00
[155,]   0.00   0.00   0.00   0.00   0.00   0.00   0.00   0.00   0.00   0.00
[156,]   0.00   0.00   0.00   0.00   0.00   0.00   0.00   0.00   0.00   0.00
[157,]   0.00   0.00   0.00   0.00   0.00   0.00   0.00   0.00   0.00   0.00
[158,]   0.00   0.00   0.00   0.00   0.00   0.00   0.00   0.00   0.00   0.00
[159,]   0.00   0.00   0.00   0.00   0.00   0.00   0.00   0.00   0.00   0.00
[160,]   0.00   0.00   0.00   0.00   0.00   0.00   0.00   0.00   0.00   0.00
[161,]   0.00   0.00   0.00   0.00   0.00   0.00   0.00   0.00   0.00   0.00
[162,]   0.00   0.00   0.00   0.00   0.00   0.00   0.00   0.00   0.00   0.00
[163,]   0.00   0.00   0.00   0.00   0.00   0.00   0.00   0.00   0.00   0.00
[164,]   0.00   0.00   0.00   0.00   0.00   0.00   0.00   0.00   0.00   0.00
[165,]   0.00   0.00   0.00   0.00   0.00   0.00   0.00   0.00   0.00   0.00
[166,]   0.00   0.00   0.00   0.00   0.00   0.00   0.00   0.00   0.00   0.00
[167,]   0.00   0.00   0.00   0.00   0.00   0.00   0.00   0.00   0.00   0.00
[168,]   0.00   0.00   0.00   0.00   0.00   0.00   0.00   0.00   0.00   0.00
[169,]   0.00   0.00   0.00   0.00   0.00   0.00   0.00   0.00   0.00   0.00
[170,]   0.00   0.00   0.00   0.00   0.00   0.00   0.00   0.00   0.00   0.00
[171,]   0.00   0.00   0.00   0.00   0.00   0.00   0.00   0.00   0.00   0.00
[172,]   0.00   0.00   0.00   0.00   0.00   0.00   0.00   0.00   0.00   0.00
[173,]   0.00   0.00   0.00   0.00   0.00   0.00   0.00   0.00   0.00   0.00
[174,]   0.00   0.00   0.00   0.00   0.00   0.00   0.00   0.00   0.00   0.00
[175,]   0.00   0.00   0.00   0.00   0.00   0.00   0.00   0.00   0.00   0.00
[176,]   0.00   0.00   0.00   0.00   0.00   0.00   0.00   0.00   0.00   0.00
[177,]   0.00   0.00   0.00   0.00   0.00   0.00   0.00   0.00   0.00   0.00
[178,]   0.00   0.00   0.00   0.00   0.00   0.00   0.00   0.00   0.00   0.00
[179,]   0.00   0.00   0.00   0.00   0.00   0.00   0.00   0.00   0.00   0.00
[180,]   0.00   0.00   0.00   0.00   0.00   0.00   0.00   0.00   0.00   0.00
[181,]   0.00   0.00   0.00   0.00   0.00   0.00   0.00   0.00   0.00   0.00
[182,]   0.00   0.00   0.00   0.00   0.00   0.00   0.00   0.00   0.00   0.00
[183,]   0.00   0.00   0.00   0.00   0.00   0.00   0.00   0.00   0.00   0.00
[184,]   0.00   0.00   0.00   0.00   0.00   0.00   0.00   0.00   0.00   0.00
[185,]   0.00   0.00   0.00   0.00   0.00   0.00   0.00   0.00   0.00   0.00
[186,]   0.00   0.00   0.00   0.00   0.00   0.00   0.00   0.00   0.00   0.00
[187,]   0.00   0.00   0.00   0.00   0.00   0.00   0.00   0.00   0.00   0.00
[188,]   0.00   0.00   0.00   0.00   0.00   0.00   0.00   0.00   0.00   0.00
[189,]   0.00   0.00   0.00   0.00   0.00   0.00   0.00   0.00   0.00   0.00
[190,]   0.00   0.00   0.00   0.00   0.00   0.00   0.00   0.00   0.00   0.00
[191,]   0.00   0.00   0.00   0.00   0.00   0.00   0.00   0.00   0.00   0.00
[192,]   0.00   0.00   0.00   0.00   0.00   0.00   0.00   0.00   0.00   0.00
[193,]   0.00   0.00   0.00   0.00   0.00   0.00   0.00   0.00   0.00   0.00
[194,]   0.00   0.00   0.00   0.00   0.00   0.00   0.00   0.00   0.00   0.00
[195,]   0.00   0.00   0.00   0.00   0.00   0.00   0.00   0.00   0.00   0.00
[196,]   0.00   0.00   0.00   0.00   0.00   0.00   0.00   0.00   0.00   0.00
[197,]   0.00   0.00   0.00   0.00   0.00   0.00   0.00   0.00   0.00   0.00
[198,]   0.00   0.00   0.00   0.00   0.00   0.00   0.00   0.00   0.00   0.00
[199,]   0.00   0.00   0.00   0.00   0.00   0.00   0.00   0.00   0.00   0.00
[200,]   0.00   0.00   0.00   0.00   0.00   0.00   0.00   0.00   0.00   0.00
[201,]   0.00   0.00   0.00   0.00   0.00   0.00   0.00   0.00   0.00   0.00
[202,]   0.00   0.00   0.00   0.00   0.00   0.00   0.00   0.00   0.00   0.00
[203,]   0.00   0.00   0.00   0.00   0.00   0.00   0.00   0.00   0.00   0.00
[204,]   0.00   0.00   0.00   0.00   0.00   0.00   0.00   0.00   0.00   0.00
[205,]   0.00   0.00   0.00   0.00   0.00   0.00   0.00   0.00   0.00   0.00
[206,]   0.00   0.00   0.00   0.00   0.00   0.00   0.00   0.00   0.00   0.00
[207,]   0.00   0.00   0.00   0.00   0.00   0.00   0.00   0.00   0.00   0.00
[208,]   0.00   0.00   0.00   0.00   0.00   0.00   0.00   0.00   0.00   0.00
[209,]   0.00   0.00   0.00   0.00   0.00   0.00   0.00   0.00   0.00   0.00
[210,]   0.00   0.00   0.00   0.00   0.00   0.00   0.00   0.00   0.00   0.00
[211,]   0.00   0.00   0.00   0.00   0.00   0.00   0.00   0.00   0.00   0.00
[212,]   0.00   0.00   0.00   0.00   0.00   0.00   0.00   0.00   0.00   0.00
[213,]   0.00   0.00   0.00   0.00   0.00   0.00   0.00   0.00   0.00   0.00
[214,]   0.00   0.00   0.00   0.00   0.00   0.00   0.00   0.00   0.00   0.00
[215,]   0.00   0.00   0.00   0.00   0.00   0.00   0.00   0.00   0.00   0.00
[216,]   0.00   0.00   0.00   0.00   0.00   0.00   0.00   0.00   0.00   0.00
[217,]   0.00   0.00   0.00   0.00   0.00   0.00   0.00   0.00   0.00   0.00
[218,]   0.00   0.00   0.00   0.00   0.00   0.00   0.00   0.00   0.00   0.00
[219,]   0.00   0.00   0.00   0.00   0.00   0.00   0.00   0.00   0.00   0.00
[220,]   0.00   0.00   0.00   0.00   0.00   0.00   0.00   0.00   0.00   0.00
[221,]   0.00   0.00   0.00   0.00   0.00   0.00   0.00   0.00   0.00   0.00
[222,]   0.00   0.00   0.00   0.00   0.00   0.00   0.00   0.00   0.00   0.00
[223,]   0.00   0.00   0.00   0.00   0.00   0.00   0.00   0.00   0.00   0.00
[224,]   0.00   0.00   0.00   0.00   0.00   0.00   0.00   0.00   0.00   0.00
[225,]   0.00   0.00   0.00   0.00   0.00   0.00   0.00   0.00   0.00   0.00
[226,]   0.00   0.00   0.00   0.00   0.00   0.00   0.00   0.00   0.00   0.00
[227,]   0.00   0.00   0.00   0.00   0.00   0.00   0.00   0.00   0.00   0.00
[228,]   0.00   0.00   0.00   0.00   0.00   0.00   0.00   0.00   0.00   0.00
       [,438]
  [1,]   0.00
  [2,]   0.00
  [3,]   0.00
  [4,]   0.00
  [5,]   0.00
  [6,]   0.00
  [7,]   0.00
  [8,]   0.00
  [9,]   0.00
 [10,]   0.00
 [11,]   0.00
 [12,]   0.00
 [13,]   0.00
 [14,]   0.00
 [15,]   0.00
 [16,]   0.00
 [17,]   0.00
 [18,]   0.00
 [19,]   0.00
 [20,]   0.00
 [21,]   0.00
 [22,]   0.00
 [23,]   0.00
 [24,]   0.00
 [25,]   0.00
 [26,]   0.00
 [27,]   0.00
 [28,]   0.00
 [29,]   0.00
 [30,]   0.00
 [31,]   0.00
 [32,]   0.00
 [33,]   0.00
 [34,]   0.00
 [35,]   0.00
 [36,]   0.00
 [37,]   0.00
 [38,]   0.00
 [39,]   0.00
 [40,]   0.00
 [41,]   0.00
 [42,]   0.00
 [43,]   0.00
 [44,]   0.00
 [45,]   0.00
 [46,]   0.00
 [47,]   0.00
 [48,]   0.00
 [49,]   0.00
 [50,]   0.00
 [51,]   0.00
 [52,]   0.00
 [53,]   0.00
 [54,]   0.00
 [55,]   0.00
 [56,]   0.00
 [57,]   0.00
 [58,]   0.00
 [59,]   0.00
 [60,]   0.00
 [61,]   0.00
 [62,]   0.00
 [63,]   0.00
 [64,]   0.00
 [65,]   0.00
 [66,]   0.00
 [67,]   0.00
 [68,]   0.00
 [69,]   0.00
 [70,]   0.00
 [71,]   0.00
 [72,]   0.00
 [73,]   0.00
 [74,]   0.00
 [75,]   0.00
 [76,]   0.00
 [77,]   0.00
 [78,]   0.00
 [79,]   0.00
 [80,]   0.00
 [81,]   0.00
 [82,]   0.00
 [83,]   0.00
 [84,]   0.00
 [85,]   0.00
 [86,]   0.00
 [87,]   0.00
 [88,]   0.00
 [89,]   0.00
 [90,]   0.00
 [91,]   0.00
 [92,]   0.00
 [93,]   0.00
 [94,]   0.00
 [95,]   0.00
 [96,]   0.00
 [97,]   0.00
 [98,]   0.00
 [99,]   0.00
[100,]   0.00
[101,]   0.00
[102,]   0.00
[103,]   0.00
[104,]   0.00
[105,]   0.00
[106,]   0.00
[107,]   0.00
[108,]   0.00
[109,]   0.00
[110,]   0.00
[111,]   0.00
[112,]   0.00
[113,]   0.00
[114,]   0.00
[115,]   0.00
[116,]   0.00
[117,]   0.00
[118,]   0.00
[119,]   0.00
[120,]   0.00
[121,]   0.00
[122,]   0.00
[123,]   0.00
[124,]   0.00
[125,]   0.00
[126,]   0.00
[127,]   0.00
[128,]   0.00
[129,]   0.00
[130,]   0.00
[131,]   0.00
[132,]   0.00
[133,]   0.00
[134,]   0.00
[135,]   0.00
[136,]   0.00
[137,]   0.00
[138,]   0.00
[139,]   0.00
[140,]   0.00
[141,]   0.00
[142,]   0.00
[143,]   0.00
[144,]   0.00
[145,]   0.00
[146,]   0.00
[147,]   0.00
[148,]   0.00
[149,]   0.00
[150,]   0.00
[151,]   0.00
[152,]   0.00
[153,]   0.00
[154,]   0.00
[155,]   0.00
[156,]   0.00
[157,]   0.00
[158,]   0.00
[159,]   0.00
[160,]   0.00
[161,]   0.00
[162,]   0.00
[163,]   0.00
[164,]   0.00
[165,]   0.00
[166,]   0.00
[167,]   0.00
[168,]   0.00
[169,]   0.00
[170,]   0.00
[171,]   0.00
[172,]   0.00
[173,]   0.00
[174,]   0.00
[175,]   0.00
[176,]   0.00
[177,]   0.00
[178,]   0.00
[179,]   0.00
[180,]   0.00
[181,]   0.00
[182,]   0.00
[183,]   0.00
[184,]   0.00
[185,]   0.00
[186,]   0.00
[187,]   0.00
[188,]   0.00
[189,]   0.00
[190,]   0.00
[191,]   0.00
[192,]   0.00
[193,]   0.00
[194,]   0.00
[195,]   0.00
[196,]   0.00
[197,]   0.00
[198,]   0.00
[199,]   0.00
[200,]   0.00
[201,]   0.00
[202,]   0.00
[203,]   0.00
[204,]   0.00
[205,]   0.00
[206,]   0.00
[207,]   0.00
[208,]   0.00
[209,]   0.00
[210,]   0.00
[211,]   0.00
[212,]   0.00
[213,]   0.00
[214,]   0.00
[215,]   0.00
[216,]   0.00
[217,]   0.00
[218,]   0.00
[219,]   0.00
[220,]   0.00
[221,]   0.00
[222,]   0.00
[223,]   0.00
[224,]   0.00
[225,]   0.00
[226,]   0.00
[227,]   0.00
[228,]   0.00
 [ reached 'max' / getOption("max.print") -- omitted 210 rows ]
 
MCMC Parms: 
s= 0.279  w=  0.1  R=  16000  keep=  32  nprint=  400

initializing Metropolis candidate densities for  1135  units ...
  completed unit # 50
  completed unit # 100
  completed unit # 150
  completed unit # 200
  completed unit # 250
  completed unit # 300
  completed unit # 350
  completed unit # 400
  completed unit # 450
  completed unit # 500
  completed unit # 550
  completed unit # 600
  completed unit # 650
  completed unit # 700
  completed unit # 750
  completed unit # 800
  completed unit # 850
  completed unit # 900
  completed unit # 950
  completed unit # 1000
  completed unit # 1050
  completed unit # 1100
 MCMC Iteration (est time to end - min) 
 400 (254.2)
 800 (236.6)
 1200 (219.7)
 1600 (207.2)
 2000 (193.4)
 2400 (181.8)
 2800 (172.7)
 3200 (164.6)
 3600 (157.4)
 4000 (151.7)
 4400 (146.6)
 4800 (140.4)
 5200 (134.3)
 5600 (128.4)
 6000 (122.8)
 6400 (117.5)
 6800 (112.2)
 7200 (107.0)
 7600 (101.7)
 8000 (96.5)
 8400 (91.5)
 8800 (86.5)
 9200 (81.4)
 9600 (76.6)
 10000 (71.6)
 10400 (66.8)
 10800 (61.9)
 11200 (57.1)
 11600 (52.3)
 12000 (47.3)
 12400 (42.1)
 12800 (37.0)
 13200 (32.0)
 13600 (27.0)
 14000 (22.2)
 14400 (17.5)
 14800 (13.0)
 15200 (8.5)
 15600 (4.2)
 16000 (0.0)
 Total Time Elapsed: 166.27 
[main-full] MCMC done in 177.5 min
[main-full] kept draws 500 (thin 32 of R=16000); burn-in = first 250 kept; using 250

--- MCMC diagnostics ---
loglike trace (kept draws, every 10th):
 [1]  -4105.1 -11258.7 -11444.9 -11764.4 -11747.8 -11938.8 -11803.0 -11819.6
 [9] -11852.7 -11692.5 -11664.5 -11668.3 -11616.3
post-burn-in loglike: mean -11725.6  sd 119.4  first-half -11812.3  second-half -11639.0

--- POPULATION DISTRIBUTION ---
posterior mean mixture weights: 0.261  0.388  0.351 
effective # components (weight > 0.05): 3 of 3 
moment check: max|mixture mean - mean(beta_i)| = 0.0058 (should be ~0)
              cor(mixture mean, mean beta_i)   = 1.0000
              mean sd across respondents 1.071 vs population sd 1.298
              (respondent sd < population sd is expected: shrinkage)

population mean part-worth (top 10 positive):
NS_L4 NV_L2 BU_L5 NS_L1 BU_L4 BZ_L2 CC_L1 CC_L2 NV_L1 SC_L3 
0.964 0.826 0.820 0.777 0.776 0.664 0.664 0.618 0.616 0.613 

population heterogeneity sd (top 10):
Price_L11 Price_L12  Price_L9 Price_L10  Price_L8  Price_L7  Price_L6  Price_L5 
    6.257     6.018     5.558     5.468     5.039     4.854     4.255     3.793 
 Price_L4  Price_L3 
    3.301     2.719 

asc4 (none-option): population mean -1.073, sd 2.333

Price part-worths: population mean (sd) by level
            mean    sd
Price_L2  -1.332 1.433
Price_L3  -2.198 2.719
Price_L4  -2.727 3.301
Price_L5  -3.375 3.793
Price_L6  -3.888 4.255
Price_L7  -4.596 4.854
Price_L8  -5.256 5.039
Price_L9  -5.878 5.558
Price_L10 -6.345 5.468
Price_L11 -7.609 6.257
Price_L12 -7.559 6.018

component means, relabelled by descending weight (0.388 0.351 0.261)
  asc4 by component: -1.424  -0.600  -1.188 
  Price part-worths by component:
            [,1]   [,2]   [,3]
Price_L2  -1.829 -1.277 -0.669
Price_L3  -2.931 -2.162 -1.154
Price_L4  -3.491 -2.782 -1.515
Price_L5  -4.457 -3.403 -1.727
Price_L6  -4.741 -4.225 -2.165
Price_L7  -5.983 -4.552 -2.590
Price_L8  -6.486 -5.304 -3.364
Price_L9  -7.597 -5.550 -3.763
Price_L10 -7.440 -6.629 -4.336
Price_L11 -8.799 -8.068 -5.224
Price_L12 -8.268 -7.931 -6.004
  most distinguishing coefficients across components:
            [,1]   [,2]   [,3]
Price_L9  -7.597 -5.550 -3.763
Price_L11 -8.799 -8.068 -5.224
Price_L7  -5.983 -4.552 -2.590
Price_L8  -6.486 -5.304 -3.364
Price_L10 -7.440 -6.629 -4.336
Price_L5  -4.457 -3.403 -1.727
Price_L6  -4.741 -4.225 -2.165
Price_L12 -8.268 -7.931 -6.004
Price_L4  -3.491 -2.782 -1.515
Price_L3  -2.931 -2.162 -1.154
Price_L2  -1.829 -1.277 -0.669
asc4      -1.424 -0.600 -1.188

--- DEMOGRAPHIC CHANNEL (Delta) ---
|Delta| row norms -- which demographics move tastes most:
   agea incomea  Urbind educind  nighta  milesa 
  1.695   1.692   1.558   1.455   1.405   1.338 
effect on asc4 (propensity to take 'none'):
incomea  milesa  nighta  Urbind    agea educind 
 -0.202  -0.189  -0.084  -0.075  -0.065  -0.021 
effect on the top price level Price_L12 (price sensitivity):
incomea    agea educind  nighta  Urbind  milesa 
 -0.059   0.014   0.068   0.081   0.127   0.140 

--- INDIVIDUAL vs POPULATION (why HB cannot help a cold-start test set) ---
in-sample logloss with each respondent's OWN posterior mean beta: 0.35246
same rows, POPULATION-averaged (what a new respondent gets):        1.22914
the gap is the part of HB's fit that is structurally unavailable at test time.
[main-full] total 178.6 min
OK
