m1,m2,nested,nested_sd,plain,w1,w2,Temp,eps,test_p4,seg_oof,f1,f2,f3,f4,f5,delta_vs_prod,p4_gap
lcmnl3_both,xgb_lw2fr10,1.12740510833468,0.0149908203837652,1.12682389243373,0.459711118631606,0.540288881368394,0.972925337606852,0.00494378512134273,0.250401798431799,1.19505293763833,1.1423978448503,1.10654519904625,1.11954535003128,1.14071026233125,1.12782688541435,-0.000784347023686793,0.0161082015682008
lcmnl3_tilt,xgb_lw2fr10,1.12743594140014,0.0149750236195701,1.12685217945015,0.457550293168184,0.542449706831816,0.973193296294686,0.00495136412519332,0.250325180509182,1.1950493278168,1.14236591421132,1.10667617073278,1.11952573960488,1.14086978444726,1.12774209800445,-0.000753513958233532,0.0161848194908182
lcmnl3_both,xgb_lw2fr,1.12756396567684,0.0149798423604677,1.12695878230663,0.467321191558139,0.532678808441861,0.96669910035232,0.00927593162533809,0.249154441775703,1.19476096793816,1.14270066750973,1.10650873881054,1.12022274832514,1.14064893297804,1.12773874076073,-0.000625489681534752,0.0173555582242969
lcmnl3_tilt,xgb_lw2fr,1.12758705731671,0.0149456422515891,1.12698679439631,0.465070445688837,0.534929554311163,0.966833428009573,0.00933790599588831,0.249076297277948,1.19475950867844,1.14266839558801,1.10666046448007,1.12019687975028,1.14075903844915,1.12765050831604,-0.000602398041661623,0.0174337027220524
lcmnl3_sm,xgb_lw2fr10,1.12770772296672,0.0148822742190695,1.12710701570294,0.45903354490812,0.540966455091881,0.970701394288845,0.00498296841301605,0.251356081822054,1.19541316986273,1.14250317966579,1.10699802955661,1.11996214501558,1.14105077690878,1.12802448368684,-0.000481732391650613,0.0151539181779458
lcmnl3_sm,xgb_lw2fr,1.12785686113058,0.0148452522755449,1.12724415095701,0.465665976020923,0.534334023979077,0.970906869048515,0.00499127939356108,0.250248732808954,1.19510093657717,1.1428094925686,1.1070080161052,1.12064403415717,1.14094292753437,1.12787983528755,-0.000332594227792749,0.0162612671910464
lcmnl3_both,xgb_lw2bag,1.12818945535837,0.0150228984944446,1.12762743939024,0.471880152932389,0.528119847067611,0.965326649432291,0.0051122789428914,0.247998151848794,1.19507553923458,1.1424997140708,1.10742283807869,1.1200047111905,1.14231232387881,1.12870768957306,0,0.0185118481512063
lcmnl3_tilt,xgb_lw2bag,1.1282100766816,0.0149909608240253,1.12765878561346,0.469368160068527,0.530631839931473,0.965361419713403,0.00531577620586334,0.247934845897869,1.19506953623743,1.14244657121462,1.10756371078287,1.11998540119008,1.14242789923684,1.12862680098357,2.06213232258889e-05,0.0185751541021311
lcmnl3_sm,xgb_lw2bag,1.12849651433905,0.0148803735837239,1.12792902570411,0.471238625451354,0.528761374548646,0.963063932694294,0.00514753357725784,0.248950474396181,1.19545593209152,1.14261224585265,1.10794516244883,1.12042924851347,1.14259786617267,1.12889804870761,0.000307058980676178,0.0175595256038191
lcmnl3_drift,xgb_lw2fr10,1.12851264587277,0.0145191801070534,1.12793667202494,0.419068229420583,0.580931770579417,0.977122280519419,0.00147473726475277,0.25405184888102,1.19711031097657,1.14312904749809,1.10859986776008,1.12111356897275,1.14185089572136,1.12786984941157,0.000323190514396554,0.0124581511189805
lcmnl3_both,xgb_lw2bag3,1.1285941866948,0.0154220387962707,1.1280517209963,0.493457231467532,0.506542768532468,0.96694511015229,0.0046899565078211,0.246264362339898,1.19392770820298,1.14400325177274,1.10693001277339,1.12087487017116,1.14219015396977,1.12897264478696,0.000404731336433484,0.020245637660102
lcmnl3_tilt,xgb_lw2bag3,1.12863029099015,0.015392982041371,1.12809619203679,0.491322805107312,0.508677194892688,0.966561673223757,0.00525051657688402,0.246167629603908,1.19393243120882,1.14395313757768,1.10707850138762,1.12088450546591,1.14235793009197,1.12887738042756,0.000440835631774883,0.0203423703960924
lcmnl3_drift,xgb_lw2fr,1.12869373838176,0.0144829268425239,1.12809363198495,0.426761329304091,0.573238670695909,0.973189126801767,0.00443881087455868,0.252782522889046,1.19679234373272,1.1434592622764,1.10864445133219,1.12184225340992,1.14177745476052,1.12774527012974,0.000504283023384344,0.013727477110954
lcmnl3_both,xgb_mono,1.12871936673857,0.0145097830740607,1.12812360515406,0.51413114163363,0.48586885836637,0.989483386238039,0.000179893141032712,0.24695714916053,1.19495170916779,1.14557732891368,1.11310897416729,1.11872298882206,1.14247624337295,1.12371129841686,0.000529911380194648,0.0195528508394704
lcmnl3_tilt,xgb_mono,1.12875874550667,0.0145045083450162,1.12818002440601,0.512056276706876,0.487943723293124,0.990020252182889,5.61245782457736e-05,0.246850601532159,1.19498491791508,1.14557096135743,1.11329863807146,1.11870559784421,1.14262077672636,1.12359775353391,0.000569290148301649,0.0196593984678409
lcmnl3_both,xgb_monobag,1.12882100664235,0.0148204536994927,1.12833676225442,0.471758117848527,0.528241882151473,0.968939548206456,1.18154089765389e-06,0.247541107769062,1.19658746117542,1.14385611506155,1.10966809678503,1.11948551790671,1.14289775690102,1.12819754655741,0.000631551283974519,0.0189688922309384
lcmnl3_tilt,xgb_monobag,1.12887093130458,0.0147990647976839,1.12838975909969,0.46885753452766,0.53114246547234,0.968997447542284,4.38482205626973e-06,0.247490856948754,1.19662371794767,1.1438724522757,1.10982951101469,1.11950827676393,1.14302051114221,1.12812390532638,0.000681475946209931,0.0190191430512457
lcmnl3p,xgb_lw2fr10,1.12888938715709,0.0143163957210093,1.12834793312464,0.40516543919952,0.59483456080048,0.970667740385917,0.00488229377786152,0.253124690270191,1.19736160395075,1.14282696811871,1.10905569068596,1.12190155297527,1.14241575190642,1.12824697209907,0.000699931798713971,0.0133853097298091
lcmnl3_sm,xgb_lw2bag3,1.12890621777861,0.0152773519551822,1.12834064189832,0.493542109329882,0.506457890670118,0.963519497045743,0.00538630457928117,0.247198624575631,1.19428023881292,1.14408202103998,1.10746703179864,1.12130294292275,1.14253634976816,1.12914274336354,0.000716762420243544,0.0193113754243694
lcmnl,xgb_lw2fr10,1.12894260826373,0.0144010961337855,1.12838631550767,0.403373286772931,0.596626713227069,0.970967013645359,0.00503053068085365,0.253170827323271,1.19746320828303,1.14304296038807,1.1090170023827,1.12186125561042,1.14247689938532,1.12831492355215,0.000753152905361265,0.0133391726767286
lcmnl3,xgb_lw2fr10,1.12894260826373,0.0144010961337855,1.12838631550767,0.403373286772931,0.596626713227069,0.970967013645359,0.00503053068085365,0.253170827323271,1.19746320828303,1.14304296038807,1.1090170023827,1.12186125561042,1.14247689938532,1.12831492355215,0.000753152905361265,0.0133391726767286
lcmnl3x,xgb_lw2fr10,1.12894260826373,0.0144010961337855,1.12838631550767,0.403373286772931,0.596626713227069,0.970967013645359,0.00503053068085365,0.253170827323271,1.19746320828303,1.14304296038807,1.1090170023827,1.12186125561042,1.14247689938532,1.12831492355215,0.000753152905361265,0.0133391726767286
lcmnl3_sm,xgb_mono,1.12899160081915,0.0143674176288004,1.12839258166276,0.514494454565401,0.485505545434599,0.986839059870959,0.000180622627874358,0.247925735828667,1.19529576476201,1.14568571033439,1.11367693100271,1.11910009494046,1.14269191337643,1.12380335444175,0.000802145460776282,0.0185842641713334
lcmnl3p,xgb_lw2fr,1.12907719528124,0.0142751457046676,1.12851405823337,0.412314622045632,0.587685377954368,0.970818333659043,0.00491984966896213,0.251885648418457,1.19701554156431,1.14317654325421,1.10911819482521,1.12264465453689,1.14233100740324,1.12811557638667,0.000887739922872388,0.0146243515815426
lcmnl3_both,xgb_lw2,1.12911893592539,0.0148013354431516,1.12850776883444,0.532369182080934,0.467630817919066,0.972150132034619,0.0130414281006489,0.246132856395511,1.19462783036109,1.14512116455518,1.11257332799063,1.11805249053694,1.14377340849593,1.12607428804827,0.000929480567018581,0.0203771436044887
lcmnl3_sm,xgb_monobag,1.12912819837674,0.0146908019502949,1.12862852271982,0.47061627290313,0.52938372709687,0.96652942399701,1.53772805969081e-05,0.248511371118199,1.19699678143421,1.14396184523249,1.11019029748581,1.11989134883891,1.14322456886955,1.12837293145691,0.000938743018364718,0.0179986288818007
lcmnl,xgb_lw2fr,1.1291357020291,0.0143663997857598,1.12855399622484,0.410039457139709,0.589960542860291,0.971009743862595,0.00494345753768731,0.251953782521062,1.19713243580745,1.14341001442086,1.1090747319403,1.12260980520199,1.1423979073517,1.12818605123065,0.000946246670726847,0.0145562174789383
lcmnl3,xgb_lw2fr,1.1291357020291,0.0143663997857598,1.12855399622484,0.410039457139709,0.589960542860291,0.971009743862595,0.00494345753768731,0.251953782521062,1.19713243580745,1.14341001442086,1.1090747319403,1.12260980520199,1.1423979073517,1.12818605123065,0.000946246670726847,0.0145562174789383
lcmnl3x,xgb_lw2fr,1.1291357020291,0.0143663997857598,1.12855399622484,0.410039457139709,0.589960542860291,0.971009743862595,0.00494345753768731,0.251953782521062,1.19713243580745,1.14341001442086,1.1090747319403,1.12260980520199,1.1423979073517,1.12818605123065,0.000946246670726847,0.0145562174789383
lcmnl3_tilt,xgb_lw2,1.12914219886339,0.0147886525126857,1.12854036012191,0.530155623016815,0.469844376983185,0.972743693279317,0.0127763511573806,0.246040016380815,1.19464021520279,1.14507695934974,1.11273465538838,1.11801503358915,1.14390319110193,1.12598115488773,0.000952743505014064,0.0204699836191853
lcmnl3_both,xgb_lw3,1.12930864855727,0.0172887319601614,1.12887040683055,0.500664603207008,0.499335396792992,0.960186833576672,0.0051311760598368,0.214434232022722,1.19454450586595,1.1494882124965,1.10561056233431,1.12095446411856,1.14182200502242,1.12866799881455,0.00111919319889675,0.052075767977278
lcmnl3_drift,xgb_lw2bag,1.12933199508216,0.014507382008924,1.12879879336724,0.42978545105611,0.57021454894389,0.971171633505682,0.000111309461849183,0.251601223256876,1.19714235095161,1.14313919578352,1.10959497068376,1.1216253446225,1.14354274298837,1.12875772133264,0.00114253972378675,0.0149087767431245
lcmnl3_tilt,xgb_lw3,1.12937766202128,0.0172422687891893,1.12894323089375,0.498631759346642,0.501368240653358,0.960299770459278,0.00513391626731918,0.214235135859463,1.1947226008496,1.149445306479,1.10577456101943,1.12107632566407,1.14201913747637,1.12857297946752,0.00118820666290809,0.0522748641405375
lcmnl3_sm,xgb_lw2,1.12941193650046,0.01465678814696,1.12878968968462,0.532794999079043,0.467205000920957,0.968954681234984,0.0133119455670891,0.247127701273836,1.19497320672799,1.14524083143065,1.11315858799325,1.11844766838662,1.14403641035144,1.12617618434035,0.00122248114209089,0.0193822987261638
lcmnl3b,xgb_lw2fr10,1.12955684802924,0.0145678479331805,1.1289289714741,0.388659091665127,0.611340908334873,0.97468345987595,0.00479076546203495,0.255823882056863,1.19837876589549,1.14338069918602,1.10919778876659,1.12218881821938,1.14330408113163,1.12971285284259,0.00136739267087038,0.0106861179431368
lcmnl3_both,xgb_monor,1.12956788663331,0.014760729361382,1.12894309020368,0.533644226720384,0.466355773279616,0.982862616903365,0.00491497170218895,0.246841692806389,1.19499508940081,1.14589074118589,1.11313486513833,1.1194853894711,1.1441887868942,1.12513965047702,0.00137843127493631,0.0196683071936112
lcmnl3_tilt,xgb_monor,1.1296230713622,0.0147179886153245,1.12902041947966,0.53102886781295,0.46897113218705,0.990433021687992,3.46365845989874e-05,0.246845252555869,1.19500750378644,1.14582482788788,1.1133710693232,1.119523252569,1.14435040967413,1.12504579735679,0.00143361600383063,0.0196647474441308
lcmnl4,xgb_lw2fr10,1.12963577670979,0.0138033875716265,1.12909555973935,0.379852300831655,0.620147699168345,0.978241011618555,7.00243891533111e-05,0.25522940682104,1.20001138308992,1.14279330324604,1.10977529214981,1.12267106183863,1.14160112306579,1.1313381032487,0.00144632135142109,0.0112805931789596
lcmnl3_sm,xgb_lw3,1.12967415687542,0.0171678730105966,1.12920676419194,0.501478060458042,0.498521939541958,0.957467263634147,0.00551994708985098,0.215218415489759,1.19491585004611,1.14960865232188,1.10614140780975,1.12142814354322,1.14229065372102,1.12890192698125,0.00148470151705293,0.0512915845102407
lcmnl3p,xgb_lw2bag,1.12972584172745,0.0143300886154125,1.12922570197209,0.415198915901106,0.584801084098895,0.968713392428898,0.000299729759047492,0.250694989152142,1.19739233139311,1.14279719412099,1.11005536628349,1.12243858386452,1.14422211058695,1.12911595378132,0.00153638636908249,0.0158150108478584
lcmnl3b,xgb_lw2fr,1.12976624564636,0.0145189534572853,1.12911507017946,0.396447250052698,0.603552749947302,0.97444340514618,0.00508133962415037,0.254554312879981,1.19801966319548,1.14374965364214,1.10928795499888,1.12294716820623,1.14324866952994,1.12959778185464,0.00157679028799218,0.011955687120019
lcmnl,xgb_lw2bag,1.12978027475717,0.0144179597999292,1.12926658398946,0.413262201457211,0.586737798542789,0.962875353265735,0.00461487971994993,0.250661453051922,1.19753593750613,1.14302922423104,1.11001048462968,1.12239693344826,1.14428068106094,1.12918405041593,0.00159081939879924,0.0158485469480785
lcmnl3,xgb_lw2bag,1.12978027475717,0.0144179597999292,1.12926658398946,0.413262201457211,0.586737798542789,0.962875353265735,0.00461487971994993,0.250661453051922,1.19753593750613,1.14302922423104,1.11001048462968,1.12239693344826,1.14428068106094,1.12918405041593,0.00159081939879924,0.0158485469480785
lcmnl3x,xgb_lw2bag,1.12978027475717,0.0144179597999292,1.12926658398946,0.413262201457211,0.586737798542789,0.962875353265735,0.00461487971994993,0.250661453051922,1.19753593750613,1.14302922423104,1.11001048462968,1.12239693344826,1.14428068106094,1.12918405041593,0.00159081939879924,0.0158485469480785
lcmnl4,xgb_lw2fr,1.12984631152506,0.0137669380700806,1.12927659358739,0.387651775582758,0.612348224417242,0.977382167634701,0.000600475479946614,0.253910883382421,1.19967652209497,1.14318526839873,1.10982254225648,1.12344907370711,1.14152253665279,1.13125213661019,0.00165685616668765,0.0125991166175793
lcmnl3_sm,xgb_monor,1.12984937953163,0.0146097087995831,1.12921089334882,0.534221802348847,0.465778197651154,0.986863053239279,5.60130190318431e-05,0.247921477893279,1.19530493244511,1.1460138388121,1.11372055387843,1.1198833702706,1.14439887961775,1.12523025507926,0.00165992417325889,0.0185885221067211
lcmnl3_drift,xgb_lw2bag3,1.12985223668092,0.0149381469847418,1.12932356075418,0.452668927565921,0.547331072434079,0.96512460397105,0.00497228781210091,0.24965268179846,1.19596925777824,1.14486550832546,1.10918402570094,1.12270173090068,1.14356591764197,1.12894400083555,0.00166278132254694,0.0168573182015405
lcmnl3_both,xgb_monoc,1.12993294240206,0.0138618866988181,1.12925430866371,0.529222204597045,0.470777795402955,0.975823923251935,0.00494056573415768,0.247826764667927,1.19556377569156,1.14471989515411,1.11485768473037,1.11862363824345,1.14371728440358,1.12774620947879,0.00174348704368787,0.0186832353320733
lcmnl3_tilt,xgb_monoc,1.12994958590929,0.0138276014202984,1.12930509512912,0.526605259313809,0.473394740686191,0.97610226772877,0.00488661522375848,0.247749609114071,1.19559513596671,1.14465410511199,1.11502196965327,1.11862119401434,1.14380934920757,1.1276413115593,0.00176013055092206,0.018760390885929
lcmnl3_bag,xgb_lw2fr10,1.12997361671895,0.0144041969801222,1.12927250094419,0.403264786889611,0.596735213110389,0.960053988850706,0.0121656418580756,0.253785298766175,1.19740765377561,1.14421083881673,1.10978964198548,1.12268098609686,1.14287857435463,1.13030804234104,0.00178416136057757,0.0127247012338252
lcmnl3_both,xgb_bagB,1.12997506266874,0.0153553645888306,1.12944114153274,0.511634498136236,0.488365501863764,0.954711367438062,0.00516237120946208,0.247240102870748,1.19617792616278,1.14524128633121,1.1088466407259,1.12065067551237,1.14311004752313,1.13202666325111,0.00178560731037147,0.0192698971292517
lcmnl3_tilt,xgb_bagB,1.13000647429901,0.0153059713907247,1.12948557797111,0.509290607418463,0.490709392581537,0.954677243099266,0.0053174394062824,0.24715810568138,1.1961891010171,1.14516844317156,1.10899612656696,1.12068598384201,1.14324122701962,1.13194059089488,0.00181701894063457,0.0193518943186201
lcmnl5,xgb_lw2fr10,1.13001138358729,0.0134925537660513,1.12957990587282,0.375712131459186,0.624287868540814,0.978432157999842,0.000753523543883787,0.256478693452276,1.2020324959417,1.14015982136329,1.11022166081313,1.12340553782261,1.14351780529545,1.13275209264196,0.00182192822891647,0.0100313065477243
lcmnl2,xgb_lw2fr10,1.13006670821803,0.0128711235935575,1.12959573589734,0.367385960924735,0.632614039075266,0.948694438314377,0.0186962125397235,0.257520787245431,1.19702438187359,1.13969039539378,1.11168775471725,1.12439927785884,1.1442111347691,1.1303449783512,0.00187725285966267,0.00898921275456938
lcmnl3_drift,xgb_mono,1.13010371967135,0.0141724752352246,1.12957960757073,0.473599560986096,0.526400439013904,0.989960073144805,7.22043598938314e-06,0.250626855943895,1.19733221178531,1.14670722159773,1.11599595236482,1.12053923275427,1.14394022674203,1.12333596489789,0.0019142643129757,0.0158831440561051
lcmnl3_drift,xgb_monobag,1.13013091180749,0.014288828476708,1.1296591872412,0.427217925485145,0.572782074514855,0.967250089281354,2.6488391945329e-06,0.251132033848927,1.19904443926483,1.14464333158564,1.11208007214549,1.12136056876149,1.14427176924905,1.12829881729576,0.00194145644911581,0.015377966151073
lcmnl3_bag,xgb_lw2fr,1.13014933695918,0.0143843254135738,1.12944673719549,0.411316670182904,0.588683329817096,0.957198415622371,0.0143434502499513,0.252462643938053,1.19705695241417,1.14456234554485,1.1098041506414,1.123428364042,1.14283009437078,1.13012173019687,0.00195988160080862,0.0140473560619467
lcmnl5,xgb_lw2fr,1.13023856492978,0.0134189341140017,1.12977197204719,0.384278082481674,0.615721917518326,0.977955276136461,0.00106709501774776,0.255143350543872,1.20173611543608,1.140527985932,1.11030984285577,1.12420324944354,1.14345979314786,1.13269195326972,0.00204910957140658,0.0113666494561278
lcmnl3_sm,xgb_monoc,1.13024675354746,0.0137226853107958,1.1295497359665,0.529141080031717,0.470858919968283,0.976390277731094,0.00277627587217788,0.248900685775857,1.19591988924703,1.1448868600752,1.11545832247227,1.11902178809944,1.14398144935821,1.12788534773218,0.0020572981890874,0.0176093142241432
lcmnl3p,xgb_lw2bag3,1.13026228902161,0.0147782371776336,1.12976568445583,0.438685602451565,0.561314397548435,0.962901517581341,0.00485964319692103,0.248631332537837,1.19614020826665,1.14463725228015,1.10960460250256,1.12357526246729,1.14420980642489,1.12928452143317,0.00207283366324029,0.0178786674621633
lcmnl2,xgb_lw2fr,1.13027051995216,0.0127919186998161,1.12979161895576,0.374874984687657,0.625125015312343,0.945336345073406,0.0210955888646782,0.256179465502873,1.19664026878695,1.14004971441609,1.11180711242422,1.12520087281261,1.14413733620522,1.13015756390266,0.00208106459378898,0.0103305344971271
lcmnl,xgb_lw2bag3,1.13031977803375,0.0148689502714372,1.12981041062741,0.436930427137329,0.563069572862671,0.963387363309201,0.00501439355790654,0.248670466333155,1.19624068269518,1.14487710986922,1.10956087973198,1.12353249912121,1.14426647395528,1.12936192749104,0.00213032267537416,0.0178395336668452
lcmnl3,xgb_lw2bag3,1.13031977803375,0.0148689502714372,1.12981041062741,0.436930427137329,0.563069572862671,0.963387363309201,0.00501439355790654,0.248670466333155,1.19624068269518,1.14487710986922,1.10956087973198,1.12353249912121,1.14426647395528,1.12936192749104,0.00213032267537416,0.0178395336668452
lcmnl3x,xgb_lw2bag3,1.13031977803375,0.0148689502714372,1.12981041062741,0.436930427137329,0.563069572862671,0.963387363309201,0.00501439355790654,0.248670466333155,1.19624068269518,1.14487710986922,1.10956087973198,1.12353249912121,1.14426647395528,1.12936192749104,0.00213032267537416,0.0178395336668452
lcmnl3_sm,xgb_bagB,1.13032304586116,0.0152476135418717,1.12978644428253,0.512916666430354,0.487083333569646,0.952505222044286,0.00513662892115648,0.248188914599286,1.19656409432184,1.14541949233876,1.10940504242722,1.12098567479101,1.14348866521677,1.13231635453203,0.00213359050278883,0.0183210854007136
lcmnl3b,xgb_lw2bag,1.13041454535573,0.0145831903685431,1.12983626505487,0.398934444448366,0.601065555551634,0.97206963959564,0.000600661934862462,0.253371275966339,1.19841252879049,1.1433635878486,1.11022891247111,1.12272253508986,1.1451225225181,1.13063516885099,0.00222508999736215,0.0131387240336608
lcmnl3_drift,xgb_lw2,1.13045618329071,0.0144063118514054,1.1299132901646,0.492497077298507,0.507502922701493,0.983780675926392,0.00494573850647887,0.250012150105254,1.19679245498789,1.14615650690181,1.11544500803278,1.11963472841961,1.14526646394283,1.12577820915651,0.0022667279323374,0.0164978498947457
lcmnl3p,xgb_mono,1.13049371689706,0.0139455771389151,1.12999845920439,0.459659416116311,0.540340583883689,0.988101311191354,3.68992191702397e-07,0.249480443593941,1.1975251807354,1.14651071322247,1.11663521059785,1.12130603148029,1.14450106832003,1.12351556086467,0.00230426153869057,0.0170295564060586
lcmnl4,xgb_lw2bag,1.13050909223162,0.0137980814495093,1.13001065584731,0.39030322490339,0.60969677509661,0.969349722908258,3.9844903312851e-05,0.252542062398782,1.20018634809108,1.14272435329068,1.11081638921803,1.12321414678344,1.14347225231923,1.13231831954671,0.00231963687324521,0.0139679376012178
lcmnl3p,xgb_monobag,1.13052195648446,0.0140716528897353,1.13008138291201,0.411031478590692,0.588968521409308,0.965148129577835,7.31378716056802e-06,0.250310157409573,1.19939050853678,1.14432472499692,1.11261860869588,1.12213292665122,1.1449101138546,1.12862340822369,0.00233250112609196,0.0161998425904266
lcmnl,xgb_mono,1.13055733342483,0.0140298538153636,1.13004435796541,0.457894967936129,0.542105032063871,0.988390709705148,2.48131363133542e-06,0.249521512436479,1.19763668496644,1.14673637754305,1.11661652936655,1.12126701445105,1.14457298133043,1.12359376443308,0.00236787806645999,0.0169884875635207
lcmnl3,xgb_mono,1.13055733342483,0.0140298538153636,1.13004435796541,0.457894967936129,0.542105032063871,0.988390709705148,2.48131363133542e-06,0.249521512436479,1.19763668496644,1.14673637754305,1.11661652936655,1.12126701445105,1.14457298133043,1.12359376443308,0.00236787806645999,0.0169884875635207
lcmnl3x,xgb_mono,1.13055733342483,0.0140298538153636,1.13004435796541,0.457894967936129,0.542105032063871,0.988390709705148,2.48131363133542e-06,0.249521512436479,1.19763668496644,1.14673637754305,1.11661652936655,1.12126701445105,1.14457298133043,1.12359376443308,0.00236787806645999,0.0169884875635207
lcmnl,xgb_monobag,1.1305725609484,0.0141520373704547,1.13011872140185,0.409336167309006,0.590663832690994,0.965505978438195,7.78294592109815e-06,0.250350482903977,1.1995029758733,1.14452747381068,1.11258873712771,1.12208389368294,1.14497262700232,1.12869007311834,0.00238310559002608,0.0161595170960235
lcmnl3,xgb_monobag,1.1305725609484,0.0141520373704547,1.13011872140185,0.409336167309006,0.590663832690994,0.965505978438195,7.78294592109815e-06,0.250350482903977,1.1995029758733,1.14452747381068,1.11258873712771,1.12208389368294,1.14497262700232,1.12869007311834,0.00238310559002608,0.0161595170960235
lcmnl3x,xgb_monobag,1.1305725609484,0.0141520373704547,1.13011872140185,0.409336167309006,0.590663832690994,0.965505978438195,7.78294592109815e-06,0.250350482903977,1.1995029758733,1.14452747381068,1.11258873712771,1.12208389368294,1.14497262700232,1.12869007311834,0.00238310559002608,0.0161595170960235
lcmnl3_drift,xgb_lw3,1.13068345077723,0.0169274125296614,1.13025106107382,0.45774609428452,0.54225390571548,0.965329818894217,1.55818352073403e-05,0.215130247435679,1.1968498337247,1.15077815281028,1.10791756281271,1.12276659014315,1.14323476101349,1.1287201871065,0.00249399541885587,0.0513797525643209
lcmnl3_bag,xgb_lw2bag,1.13084166332796,0.0145082611063563,1.13018184485659,0.414844842497508,0.585155157502492,0.95361864826077,0.0109941330162738,0.251168811018472,1.197411620525,1.14444384305136,1.11071184294428,1.12316489407862,1.14472303426636,1.13116470229916,0.00265220796958476,0.015341188981528
lcmnl3_both,xgb_mono2,1.13086266597654,0.0168665234422081,1.13016891452504,0.516375852265266,0.483624147734734,0.961317503830618,0.00010999045076193,0.213361708858645,1.19684326237159,1.15036718407843,1.10695968368777,1.12296005494208,1.14191372276683,1.1321126844076,0.00267321061817172,0.0531482911413546
lcmnl5,xgb_lw2bag,1.13087997783649,0.0135974005638345,1.13050767269446,0.386352711840562,0.613647288159438,0.969996999500973,3.48148978147695e-05,0.253836725199375,1.20230955168696,1.14001579082733,1.11122788346873,1.12393882191043,1.14549633659871,1.13372105637724,0.00269052247811841,0.0126732748006249
lcmnl3p,xgb_lw2,1.13092041014552,0.0141734337693402,1.1303986226767,0.478072019756844,0.521927980243156,0.977756978003343,0.00795009616639331,0.248747001953465,1.19697083420381,1.14599117196009,1.1161726571041,1.12043380577379,1.14593454424646,1.12606987164317,0.00273095478715035,0.017762998046535
lcmnl3_tilt,xgb_mono2,1.13096228926521,0.016791744849391,1.13027317209293,0.513026345254608,0.486973654745392,0.961379153644348,5.13095252855053e-05,0.213125174042561,1.19707217114748,1.15035860840428,1.10715286348946,1.12318752859744,1.14205751626395,1.13205492957091,0.00277283390683891,0.0533848259574388
lcmnl,xgb_lw2,1.13097727370835,0.0142862006209825,1.13045280082633,0.475985074926542,0.524014925073458,0.98302494233578,0.00480177273158957,0.248865575903835,1.1970603811459,1.14624753078117,1.11609402546541,1.12037878580084,1.14601340057594,1.1261526259184,0.00278781834998276,0.0176444240961652
lcmnl3,xgb_lw2,1.13097727370835,0.0142862006209825,1.13045280082633,0.475985074926542,0.524014925073458,0.98302494233578,0.00480177273158957,0.248865575903835,1.1970603811459,1.14624753078117,1.11609402546541,1.12037878580084,1.14601340057594,1.1261526259184,0.00278781834998276,0.0176444240961652
lcmnl3x,xgb_lw2,1.13097727370835,0.0142862006209825,1.13045280082633,0.475985074926542,0.524014925073458,0.98302494233578,0.00480177273158957,0.248865575903835,1.1970603811459,1.14624753078117,1.11609402546541,1.12037878580084,1.14601340057594,1.1261526259184,0.00278781834998276,0.0176444240961652
lcmnl2,xgb_lw2bag,1.13097840674509,0.012971445072162,1.13055746217262,0.376507123405021,0.623492876594979,0.941444944551194,0.0176944655416393,0.254936859055602,1.19706240949073,1.13956146995322,1.11276665677813,1.12504375101792,1.14622224204681,1.13129791392935,0.00278895138671698,0.011573140944398
lcmnl3b,xgb_lw2bag3,1.13100052302652,0.0150601293316167,1.13042813413751,0.422883807085212,0.577116192914788,0.967712816423718,0.00440053663643813,0.251377131562639,1.1971239252588,1.14528337383272,1.10977050956219,1.12391100575175,1.14522098893375,1.13081673705217,0.00281106766814543,0.0151328684373607
lcmnl4,xgb_lw2bag3,1.13112074300242,0.0142456994430938,1.13061651217308,0.413450294765051,0.586549705234949,0.969886379368208,1.4392473731766e-05,0.250568906984636,1.19895096865691,1.14472787605531,1.11042186634818,1.1243820603067,1.14337974018347,1.13269217211844,0.00293128764404749,0.0159410930153646
lcmnl3_drift,xgb_monor,1.13112647336261,0.0143306554182713,1.130570857469,0.492360749154906,0.507639250845094,0.99048324585228,9.32599320906349e-06,0.250783230293348,1.19748750870556,1.14704659509553,1.11627095128649,1.12152181079023,1.14585160037935,1.12494140926145,0.00293701800423918,0.015726769706652
lcmnl3b,xgb_monobag,1.13114504380873,0.0142892340827293,1.13063078650698,0.394257964577078,0.605742035422922,0.968290859029048,7.68265050735475e-07,0.252994257392332,1.2004776001771,1.14482322126709,1.11273995233843,1.12231837923826,1.14570415789517,1.13013950830472,0.00295558845036248,0.0135157426076685
lcmnl3b,xgb_mono,1.1311685637924,0.014045476836858,1.13059457211604,0.445177600379879,0.554822399620121,0.992350531103899,6.00065930720318e-06,0.252276172863494,1.19831053358545,1.14710869771879,1.11671124636251,1.1216129162418,1.14525744371167,1.12515251492725,0.00297910843403049,0.0142338271365065
lcmnl3p,xgb_lw3,1.13117638503825,0.0168128903614599,1.1307664411568,0.441930956487097,0.558069043512903,0.963155239665423,1.15287105192071e-05,0.2132301605348,1.19705721126319,1.15073260388701,1.10832031500123,1.12366425307604,1.14403106373227,1.12913368949469,0.00298692967987679,0.0532798394651998
lcmnl4,xgb_mono,1.13122770498218,0.0130169639271045,1.13069823277281,0.437103935233225,0.562896064766775,0.988381141473783,1.35061029976586e-05,0.251370641709309,1.20041916132451,1.14644549098148,1.11750833975913,1.12194236407204,1.14353032042499,1.12671200967325,0.00303824962380772,0.0151393582906909
lcmnl,xgb_lw3,1.1312325594864,0.0169186926302222,1.13081215073753,0.439999055277715,0.560000944722285,0.963345305217338,3.11613254457886e-05,0.213181648203782,1.19718071275154,1.15097499071466,1.10825901948122,1.12362184686328,1.14409410247893,1.12921283789393,0.00304310412803321,0.053328351796218
lcmnl3,xgb_lw3,1.1312325594864,0.0169186926302222,1.13081215073753,0.439999055277715,0.560000944722285,0.963345305217338,3.11613254457886e-05,0.213181648203782,1.19718071275154,1.15097499071466,1.10825901948122,1.12362184686328,1.14409410247893,1.12921283789393,0.00304310412803321,0.053328351796218
lcmnl3x,xgb_lw3,1.1312325594864,0.0169186926302222,1.13081215073753,0.439999055277715,0.560000944722285,0.963345305217338,3.11613254457886e-05,0.213181648203782,1.19718071275154,1.15097499071466,1.10825901948122,1.12362184686328,1.14409410247893,1.12921283789393,0.00304310412803321,0.053328351796218
lcmnl3_sm,xgb_mono2,1.13124613986462,0.0166918345006275,1.13052729653068,0.517959184986057,0.482040815013943,0.951995782805886,0.00499825906840629,0.214115786366927,1.19728416467279,1.15054017445852,1.1075960459302,1.12347086474874,1.14225362361074,1.13236999057493,0.00305668450625274,0.052394213633073
lcmnl4,xgb_monobag,1.13124796806575,0.0134937349668028,1.13080313172828,0.385100530530001,0.614899469469999,0.964565070318437,1.9036825022972e-06,0.252214323254924,1.20247273208877,1.14418637755093,1.11332191271231,1.12278418626657,1.14419749011414,1.13174987368482,0.00305851270738144,0.0142956767450764
lcmnl3_both,xgb_bagA,1.13125261821385,0.0153737004815227,1.13065127827029,0.529853515780351,0.470146484219649,0.95952933388435,0.00519991836299804,0.246850927156592,1.19784465553843,1.14640079434283,1.10984254169607,1.12260752114622,1.14469348111834,1.13271875276579,0.00306316285547847,0.0196590728434082
lcmnl3_both,xgb_lw,1.13127972796258,0.0148746122356724,1.13063947660621,0.567867604561825,0.432132395438175,0.97652249709558,0.00516721575690021,0.24497413432763,1.19684319885745,1.14750379905891,1.11587947110569,1.11847604739123,1.14589912019648,1.12864020206056,0.00309027260420436,0.0215358656723698
lcmnl3_tilt,xgb_bagA,1.13129372209478,0.0153243612490013,1.13070530094974,0.52775063183225,0.47224936816775,0.959270981848989,0.00533580508759324,0.246743821711959,1.19786596842067,1.1463488884141,1.10999434396824,1.12267972773871,1.14482358764181,1.13262206271106,0.00310426673641229,0.0197661782880415
lcmnl3_tilt,xgb_lw,1.13130835409206,0.0148613132858681,1.13068146150271,0.565560549141885,0.434439450858115,0.971145380716205,0.00890777460783693,0.244801011292383,1.19692474270893,1.14745693753766,1.11606786914817,1.11845368888709,1.14605041033871,1.12851286454868,0.00311889873369164,0.0217089887076174
lcmnl3_drift,xgb_monoc,1.13135185407184,0.0133323270246162,1.13075300695646,0.48603295014868,0.51396704985132,0.982215363872629,3.89737818470649e-05,0.251990051710277,1.19792860880196,1.14565238771387,1.11794290807863,1.12033779572682,1.1451925254139,1.12763365342597,0.00316239871346924,0.014519948289723
lcmnl3_drift,xgb_bagB,1.13136068325494,0.0147765751647285,1.13082635270793,0.467847409602901,0.5321525903971,0.958852424340009,7.11451779512272e-06,0.251209003524255,1.1984664613435,1.14612133974288,1.11133044352993,1.12240696551915,1.14451307063452,1.13243159684825,0.00317122789657209,0.015300996475745
lcmnl3_bag,xgb_lw2bag3,1.13142959574243,0.0149194412506791,1.13076783029327,0.440516478929103,0.559483521070897,0.954585132070842,0.01091210412024,0.249117726971784,1.19598811636563,1.14632622476837,1.11042094667505,1.12432719872737,1.14472005065719,1.13135355788417,0.00324014038405984,0.0173922730282157
lcmnl3_both,xgb_bagC,1.13154417814598,0.0158968781727878,1.1311379633785,0.53945151539178,0.46054848460822,0.967683860434193,0.00488794362467679,0.244896701275528,1.19940609023299,1.14823764107862,1.11191466493398,1.11942211126688,1.14565105921208,1.13249541423833,0.00335472278760585,0.0216132987244725
lcmnl3p,xgb_monor,1.13155314955955,0.0140854968086712,1.1310199218078,0.477727976959676,0.522272023040324,0.98857702009643,1.31854694123178e-06,0.24963311116599,1.197681514614,1.14680496441523,1.11696575128713,1.12235234682236,1.14647744702192,1.12516523825112,0.00336369420117877,0.0168768888340105
lcmnl5,xgb_lw2bag3,1.13155463587968,0.0140151596203362,1.1311436854706,0.410291507318059,0.589708492681941,0.970948082269814,2.93467845061105e-05,0.251886493155286,1.20103168820852,1.14211543272381,1.11077137061722,1.12526760081497,1.14557200808624,1.13404676715618,0.00336518052131107,0.0146235068447141
lcmnl3_sm,xgb_lw,1.13157459405817,0.0147479872536259,1.13092072145566,0.569643698742723,0.430356301257277,0.967195309999243,0.00950001401360494,0.245904863522296,1.19720398285529,1.14765914956413,1.11651942590007,1.11879510968062,1.14617586417745,1.12872342096856,0.00338513869979407,0.0206051364777041
lcmnl3_tilt,xgb_bagC,1.13160283335905,0.0158543821142706,1.13120204996841,0.535529563559236,0.464470436440764,0.974754580154062,6.53837496110952e-05,0.244961710553673,1.19942637822446,1.14819293261362,1.11209401621485,1.11949264590021,1.14582659862787,1.13240797343868,0.00341337800067487,0.0215482894463274
lcmnl3_sm,xgb_bagA,1.13161127473862,0.015257835959327,1.13097410605906,0.532069553460549,0.467930446539451,0.9574832539244,0.00494680376815302,0.247792328563918,1.19819649067726,1.14660794285786,1.11038040717447,1.12305698348383,1.14504831799104,1.13296272218591,0.00342181938025132,0.0187176714360819
lcmnl,xgb_monor,1.1316124685015,0.0141732873391174,1.13107185315734,0.476046029209284,0.523953970790716,0.988998356915456,2.97843423416786e-06,0.249671709476894,1.19780865649374,1.14705195646403,1.11694257044859,1.12229232954074,1.14653019725001,1.12524528880412,0.00342301314312588,0.0168382905231065
lcmnl3,xgb_monor,1.1316124685015,0.0141732873391174,1.13107185315734,0.476046029209284,0.523953970790716,0.988998356915456,2.97843423416786e-06,0.249671709476894,1.19780865649374,1.14705195646403,1.11694257044859,1.12229232954074,1.14653019725001,1.12524528880412,0.00342301314312588,0.0168382905231065
lcmnl3x,xgb_monor,1.1316124685015,0.0141732873391174,1.13107185315734,0.476046029209284,0.523953970790716,0.988998356915456,2.97843423416786e-06,0.249671709476894,1.19780865649374,1.14705195646403,1.11694257044859,1.12229232954074,1.14653019725001,1.12524528880412,0.00342301314312588,0.0168382905231065
lcmnl3_bag,xgb_monobag,1.13162203243393,0.0141107206708567,1.13106185367292,0.407234662880758,0.592765337119242,0.965266852432522,1.22519341511806e-05,0.25120808276603,1.19943769816366,1.14594248386147,1.11348624594555,1.12280473258102,1.14518166272524,1.13069503705638,0.00343257707556188,0.0153019172339703
lcmnl5,xgb_monobag,1.13163583957226,0.0131869276334247,1.13127493526266,0.381033677502924,0.618966322497076,0.965665130214327,4.94409816875802e-06,0.253519398876525,1.20454933470412,1.14153906822771,1.11380347860913,1.12353112273613,1.14618287180553,1.1331226564828,0.00344638421389076,0.0129906011234756
lcmnl3_bag,xgb_mono,1.13163592000927,0.0140693781030248,1.13098431975854,0.462173558882399,0.537826441117602,0.980983470946936,0.00472272256342292,0.250151708934278,1.19710749553948,1.14820155121635,1.1173629611395,1.12173036548206,1.14510036582896,1.12578435637948,0.00344646465089893,0.0163582910657223
lcmnl5,xgb_mono,1.13165340835134,0.0124877094850439,1.13120209256731,0.4346125148934,0.5653874851066,0.989369125372435,1.38709039442262e-06,0.252701272144288,1.20250780312963,1.14361595967971,1.11797554298599,1.12253166364571,1.14577991595887,1.12836395948644,0.00346395299297231,0.0138087278557122
lcmnl3b,xgb_lw2,1.13165460458536,0.0143905636037545,1.13108121307504,0.46369720980238,0.53630279019762,0.986788442675541,0.00496226426125622,0.251701375261401,1.19782816964178,1.14672932329022,1.11633047291385,1.1207229168061,1.14684377004514,1.12764653987148,0.00346514922698771,0.0148086247385988
lcmnl2,xgb_lw2bag3,1.13168947422596,0.013326796617533,1.13121390868342,0.400333900929704,0.599666099070296,0.94038284297008,0.0188616841516686,0.252938638287656,1.19566142575884,1.14181572937052,1.11245714109394,1.12648677801418,1.14621107904912,1.13147664360203,0.00350001886758777,0.0135713617123445
lcmnl4,xgb_lw2,1.13177355397089,0.0133274476034999,1.13122683060181,0.45527676480427,0.54472323519573,0.983199451444069,0.00456848431245599,0.250724101573566,1.1997576049128,1.14604705598334,1.11712927537098,1.12114385085882,1.14498092746502,1.12956666017629,0.00358409861251996,0.0157858984264337
lcmnl3b,xgb_lw3,1.13177539787778,0.0171208799811301,1.13132363816036,0.426557105005868,0.573442894994132,0.959495620413744,0.0047045853326101,0.214982417910979,1.19789015882358,1.1515708191826,1.10845494070711,1.12361482230561,1.14475696914202,1.13047943805159,0.00358594251941291,0.0515275820890211
lcmnl3p,xgb_monoc,1.13181602421896,0.0130105558717728,1.13124828159681,0.470937611009644,0.529062388990356,0.980276960951517,1.006900203636e-05,0.250905865743604,1.19813600474486,1.14537465184222,1.11878484291592,1.12117714612465,1.1457920521472,1.12795142806481,0.00362656886058943,0.0156041342563956
lcmnl3_sm,xgb_bagC,1.13184738357621,0.0157956961790727,1.13142229294509,0.539292404695073,0.460707595304927,0.971490558940392,0.000153965790804867,0.246025771882229,1.19974475731838,1.14840050004948,1.11241138183766,1.11977002291482,1.14597901474932,1.13267599832976,0.00365792821783573,0.0204842281177713
lcmnl3p,xgb_bagB,1.13187092709532,0.0145616857351724,1.1313662245613,0.452851621680837,0.547148378319163,0.950141259018381,0.00438745354798444,0.250083034432471,1.19877102103921,1.14583145689906,1.11187144628217,1.12335929728622,1.14526943551138,1.13302299949778,0.00368147173695088,0.0164269655675287
lcmnl,xgb_monoc,1.13188292487338,0.0131031547753767,1.1312986942564,0.468448770844613,0.531551229155387,0.980623391828797,4.3270155761413e-07,0.250993105125681,1.19826729000793,1.14561564028606,1.1187768618959,1.12111119000548,1.14586957513234,1.12804135704712,0.00369346951500837,0.015516894874319
lcmnl3,xgb_monoc,1.13188292487338,0.0131031547753767,1.1312986942564,0.468448770844613,0.531551229155387,0.980623391828797,4.3270155761413e-07,0.250993105125681,1.19826729000793,1.14561564028606,1.1187768618959,1.12111119000548,1.14586957513234,1.12804135704712,0.00369346951500837,0.015516894874319
lcmnl3x,xgb_monoc,1.13188292487338,0.0131031547753767,1.1312986942564,0.468448770844613,0.531551229155387,0.980623391828797,4.3270155761413e-07,0.250993105125681,1.19826729000793,1.14561564028606,1.1187768618959,1.12111119000548,1.14586957513234,1.12804135704712,0.00369346951500837,0.015516894874319
lcmnl2,xgb_monobag,1.13191373678167,0.0125419366914486,1.13156099159975,0.363991152854898,0.636008847145102,0.962324807941826,0.000426911488115608,0.25520338791554,1.19925871550207,1.14132391312005,1.11566162774334,1.12477832957581,1.14689994340411,1.13090487006506,0.00372428142330272,0.0113066120844601
lcmnl,xgb_bagB,1.13193349137091,0.0146680086067125,1.13140632739005,0.450094805470874,0.549905194529127,0.956615681634496,2.17177103433265e-06,0.250264050407093,1.19886050975248,1.14609945732711,1.11182700074489,1.12329829221993,1.14533951568323,1.13310319087937,0.00374403601253404,0.0162459495929069
lcmnl3,xgb_bagB,1.13193349137091,0.0146680086067125,1.13140632739005,0.450094805470874,0.549905194529127,0.956615681634496,2.17177103433265e-06,0.250264050407093,1.19886050975248,1.14609945732711,1.11182700074489,1.12329829221993,1.14533951568323,1.13310319087937,0.00374403601253404,0.0162459495929069
lcmnl3x,xgb_bagB,1.13193349137091,0.0146680086067125,1.13140632739005,0.450094805470874,0.549905194529127,0.956615681634496,2.17177103433265e-06,0.250264050407093,1.19886050975248,1.14609945732711,1.11182700074489,1.12329829221993,1.14533951568323,1.13310319087937,0.00374403601253404,0.0162459495929069
lcmnl3_bag,xgb_lw2,1.13201256692862,0.0144388860747876,1.13134071740061,0.484825942597143,0.515174057402858,0.960183734607215,0.0194193757683988,0.248973488332131,1.19667835260403,1.14770497379263,1.11665763908876,1.12080670496633,1.14659192285786,1.12830159393755,0.00382311157025228,0.0175365116678686
lcmnl2,xgb_mono,1.13205928353875,0.0121602918203554,1.13159603611263,0.42246200787441,0.57753799212559,0.966970410019209,0.0135837758147268,0.254090201509105,1.19700340209967,1.14362288067493,1.1201667392781,1.12420945954629,1.14666711754984,1.12563022064459,0.0038698281803784,0.012419798490895
lcmnl3b,xgb_monor,1.13218763823108,0.0141954961599099,1.13158825930593,0.463309566964183,0.536690433035817,0.992601156672368,2.02492322448828e-06,0.252528492188819,1.19859480146205,1.147256251911,1.11698286071988,1.1226139833719,1.14726519181938,1.12681990333324,0.00399818287270848,0.0139815078111809
lcmnl5,xgb_lw2,1.13221767257999,0.0129614912733408,1.13179474790915,0.454391925898777,0.545608074101223,0.9838588997005,0.00498966166076203,0.251972195944529,1.20201953401061,1.14311749859357,1.11756785063393,1.12178567496362,1.14734566161397,1.13127167709486,0.00402821722161639,0.0145378040554713
lcmnl3_bag,xgb_lw3,1.13223335231871,0.016945789357057,1.1317008382533,0.444536666402602,0.555463333597398,0.956632358888104,0.0045163995393209,0.213404878721969,1.19658929153915,1.15187839834287,1.10926858150923,1.12407149450414,1.14514356771085,1.13080471952649,0.00404389696034269,0.0531051212780308
lcmnl4,xgb_lw3,1.13223647146097,0.0164246679659145,1.13177997379043,0.415302550502676,0.584697449497324,0.963086352895666,2.60511103834277e-05,0.213365297429519,1.20030186236401,1.15116439621367,1.10922249384803,1.12432528292107,1.14355559803121,1.13291458629088,0.00404701610260316,0.053144702570481
lcmnl4,xgb_monor,1.13233038251361,0.0132019345495074,1.13176567596418,0.454056380402257,0.545943619597743,0.989007664731303,3.20220723318039e-06,0.251692560464186,1.20088197338682,1.14670563007623,1.11776840001126,1.12298644591599,1.14563208827765,1.1285593482869,0.00414092715523395,0.0148174395358144
lcmnl2,xgb_lw2,1.13238428191056,0.012519956584804,1.13191514770877,0.4427310421999,0.5572689578001,0.946450249677895,0.0278883044898943,0.253243208225674,1.19649904516497,1.14287621905387,1.11959089709388,1.12323029092044,1.14820746366165,1.12801653882295,0.00419482655218673,0.0132667917743264
mnl_pw,xgb_lw2fr10,1.13245314940422,0.0137954994455975,1.13199662966944,0.281218912863795,0.718781087136205,0.950532499141384,0.019000723367338,0.260561208261203,1.20028397231843,1.14256479753901,1.11063585024379,1.13010925539853,1.14575623985755,1.13319960398225,0.00426369404585336,0.00594879173879731
lcmnl1,xgb_lw2fr10,1.132454520743,0.0137744991969224,1.13197653969094,0.283319346160864,0.716680653839136,0.946026735693914,0.0209254037862252,0.260283163709578,1.20014257980215,1.14290299795147,1.11083812756782,1.12983359982476,1.14569610173438,1.13300177663657,0.00426506538462879,0.00622683629042198
nlogit,xgb_lw2fr10,1.13248792140702,0.0138518697578777,1.13203125971882,0.279747260093267,0.720252739906733,0.956257103020919,0.0151485833342783,0.260193623660545,1.20033254987596,1.14280203342633,1.11060780778432,1.13002883045259,1.1457445915363,1.13325634383554,0.00429846604864603,0.00631637633945464
lcmnl3b,xgb_monoc,1.13255119156776,0.0131961786888612,1.13189987436797,0.455124863687246,0.544875136312754,0.98438832011326,5.51484707131282e-06,0.253897309247596,1.19906042067555,1.14599610222846,1.11900219017426,1.12146995467222,1.14671315752115,1.12957455324273,0.00436173620939218,0.0126126907524042
lcmnl3_drift,xgb_mono2,1.13255199293949,0.0162599238685252,1.13181499346521,0.469360752635779,0.530639247364221,0.958757354997498,9.23724140354514e-07,0.213831912562717,1.19976402824628,1.15178941284803,1.10967210183096,1.12543551523642,1.14319696875923,1.13266596602281,0.00436253758111849,0.0526780874372832
lcmnl5,xgb_lw3,1.13255514309982,0.0160960998785164,1.13213042588273,0.415185786471887,0.584814213528113,0.963562807115362,2.17055791143602e-05,0.21437557967396,1.20176348780578,1.14890051229717,1.10919468676005,1.12519885517218,1.14548854878296,1.13399311248676,0.00436568774145174,0.05213442032604
lcmnl3b,xgb_bagB,1.13259616842743,0.0149592834639374,1.13200852625764,0.437143414968969,0.562856585031032,0.959155250586483,4.30373021465033e-05,0.253048610266597,1.1998181151976,1.14668117571909,1.11197767194365,1.1235164058439,1.14620287686991,1.13460271176062,0.00440671306906348,0.0134613897334034
lcmnl4,xgb_monoc,1.13262831658113,0.0121501666654309,1.13206058705039,0.445785884980626,0.554214115019374,0.980213454869273,4.2611709410802e-07,0.253052860154851,1.20116043472848,1.14525541848003,1.11982642277797,1.12181382994663,1.14482514840628,1.13142076329474,0.00443886122275816,0.0134571398451493
lcmnl3_bag,xgb_monor,1.13268368629861,0.0142554592523202,1.13199656694778,0.482424508856725,0.517575491143276,0.980685783539954,0.00512720619892981,0.250175936176681,1.19717803077297,1.14873644128462,1.1176682049767,1.12269918437784,1.14690409802063,1.12741050283327,0.00449423094024026,0.0163340638233195
lcmnl1,xgb_lw2fr,1.13269236006017,0.0138008067152446,1.13221763229901,0.292139978410175,0.707860021589825,0.94179740119931,0.0237705951252585,0.258697509309766,1.19961008333489,1.14332601734217,1.11086593016412,1.13076621489322,1.14567903909982,1.1328245988015,0.00450290470179437,0.00781249069023393
mnl_pw,xgb_lw2fr,1.13269548233829,0.0138239393903841,1.13223912488104,0.290896631884981,0.709103368115019,0.945872808850218,0.0222319456566463,0.258927233417857,1.19972454165653,1.14297863726695,1.11066495090736,1.13105834504799,1.14575424484679,1.13302123362238,0.00450602697992375,0.00758276658214346
lcmnl2,xgb_lw3,1.13269698012996,0.0153955952679249,1.13223106437088,0.402347285050456,0.597652714949545,0.936880218447463,0.016251438618373,0.214289652343008,1.1957994222066,1.1485386145322,1.11112995070735,1.1263436837821,1.14643994538207,1.13103270624609,0.00450752477158956,0.0522203476569919
nlogit,xgb_lw2fr,1.13272736981467,0.0138631233085457,1.13227679626089,0.288748789640713,0.711251210359287,0.952232001112131,0.0180718725791166,0.258589900548113,1.19979517940387,1.14322058213609,1.11068050319755,1.13097732336874,1.14574381089275,1.13301462947821,0.00453791445629825,0.00792009945188665
lcmnl3_drift,xgb_bagA,1.1327581210652,0.0147300729127077,1.13217446405051,0.483223119996123,0.516776880003877,0.956705642803677,0.00512142103898254,0.251026576846069,1.2004016062711,1.14735626110738,1.11248896213046,1.12469587579719,1.14613069752075,1.13311880877021,0.00456866570682757,0.0154834231539313
lcmnl5,xgb_monor,1.13277460807503,0.0127360914616952,1.13230512862585,0.452226305586039,0.547773694413961,0.989914256967332,2.88298344313734e-06,0.253032970345594,1.20303898152017,1.14381697545848,1.11831774079206,1.12368818650061,1.14789066630842,1.13015947131557,0.00458515271665649,0.0134770296544058
lcmnl4,xgb_bagB,1.13279393105433,0.0141686213306486,1.13232721662985,0.426318225885389,0.573681774114611,0.949200129679513,0.00448189613035345,0.252172232411046,1.20195253037015,1.14588274039997,1.1127351586523,1.1240551951763,1.14449411758452,1.13680244345856,0.00460447569595912,0.014337767588954
lcmnl3_drift,xgb_lw,1.13281751891751,0.0143950190688925,1.1322805849295,0.524821909195606,0.475178090804394,0.975614262576963,0.00514296939738373,0.249105016892712,1.19936386352039,1.14864516536941,1.11940168730909,1.12007645781445,1.14753949690746,1.12842478718716,0.00462806355914291,0.0174049831072879
lcmnl3_bag,xgb_monoc,1.13291566487608,0.01335128621047,1.13216821601328,0.475383227874865,0.524616772125135,0.972009987242508,0.00533356628335648,0.251419806473959,1.19772937838768,1.14720949267293,1.11929273260345,1.12148671987511,1.14649959604286,1.13008978318604,0.0047262095177063,0.0150901935260415
lcmnl3_bag,xgb_bagB,1.13300801800454,0.0147944549016619,1.13231116400375,0.457436576268837,0.542563423731163,0.94930149840227,0.00474022553108637,0.250559190244038,1.19859350368536,1.14739850986786,1.11262284216125,1.12400086656722,1.14594978229991,1.13506808912645,0.00481856264616964,0.0159508097559625
lcmnl5,xgb_monoc,1.13304779758544,0.0118392793164294,1.13258131104348,0.444873710235501,0.555126289764499,0.981194720447452,6.39099216306722e-06,0.254327946880136,1.20340682290032,1.14225011392805,1.12030977235009,1.12242444008899,1.14722095189198,1.13303370966808,0.00485834222706583,0.0121820531198642
lcmnl3p,xgb_mono2,1.13308427241631,0.0160629367701236,1.13237879919729,0.45201369804697,0.54798630195303,0.955915055878567,5.55844351525931e-06,0.211798738405632,1.20012745205268,1.15171323495128,1.1101487603147,1.12649243808782,1.14383233804865,1.13323459067912,0.00489481705794259,0.0547112615943676
lcmnl,xgb_mono2,1.13314916032616,0.016172825566393,1.13242602556269,0.449823444478995,0.550176555521005,0.956207283469097,1.3447915149785e-05,0.211747659240819,1.20026766010839,1.1519367841705,1.11007985557675,1.12646914182397,1.14393903262012,1.13332098743947,0.00495970496779252,0.0547623407591809
lcmnl3,xgb_mono2,1.13314916032616,0.016172825566393,1.13242602556269,0.449823444478995,0.550176555521005,0.956207283469097,1.3447915149785e-05,0.211747659240819,1.20026766010839,1.1519367841705,1.11007985557675,1.12646914182397,1.14393903262012,1.13332098743947,0.00495970496779252,0.0547623407591809
lcmnl3x,xgb_mono2,1.13314916032616,0.016172825566393,1.13242602556269,0.449823444478995,0.550176555521005,0.956207283469097,1.3447915149785e-05,0.211747659240819,1.20026766010839,1.1519367841705,1.11007985557675,1.12646914182397,1.14393903262012,1.13332098743947,0.00495970496779252,0.0547623407591809
lcmnl3_drift,xgb_bagC,1.13315361411536,0.0153278748200235,1.13277012031286,0.488743522996351,0.511256477003649,0.97255682641211,1.00295360042994e-05,0.249161301524523,1.20226026176128,1.14939036863329,1.11479432271174,1.12136034257396,1.14729389579516,1.13292914086264,0.00496415875698464,0.0173486984754769
lcmnl5,xgb_bagB,1.13316695973614,0.0138609892431592,1.13279388902283,0.424880201971082,0.575119798028918,0.956302176160344,4.1831180370835e-06,0.253499316902928,1.20413822075479,1.1428784730819,1.11322884024379,1.12486307297177,1.14667613548431,1.13818827689894,0.00497750437777089,0.0130106830970723
lcmnl2,xgb_monor,1.13324172443798,0.0123075777733376,1.13273749038889,0.439014551449316,0.560985448550684,0.967356002422212,0.0138154074738507,0.254527974861676,1.19703840090052,1.14385739382469,1.12071139613464,1.12544760238928,1.14878081815103,1.12741141169023,0.00505226907960443,0.0119820251383238
lcmnl3p,xgb_bagA,1.13332837998657,0.0145057496934496,1.13276660337944,0.465870934252638,0.534129065747362,0.954372816564221,0.00503604662284993,0.250036335171356,1.20075169233235,1.14708332397898,1.11307834123409,1.12577749334289,1.14693710743773,1.13376563393914,0.00513892462819499,0.0164736648286438
lcmnl2,xgb_bagB,1.13334057207416,0.0129745169246744,1.13287501072406,0.412923910286134,0.587076089713866,0.930485219198388,0.0155727946015369,0.254865962177152,1.19824156251693,1.14240346583537,1.11500748773702,1.12629982243565,1.14751761972647,1.13547446463631,0.00515111671579205,0.0116440378228481
lcmnl2,xgb_monoc,1.13336473787904,0.0112626574658268,1.13286480796915,0.431844085381098,0.568155914618902,0.95484560206142,0.0161437098490314,0.255880177308882,1.1976790314268,1.1419804605019,1.12244586922901,1.12404425791076,1.14810716553588,1.13024593621764,0.00517528252066812,0.0106298226911185
lcmnl3p,xgb_lw,1.13337276296245,0.0141145050755633,1.13285698168346,0.508067056589133,0.491932943410867,0.976957542039145,0.00256996181003771,0.247911357716644,1.19955612686856,1.14856201447114,1.1203830427854,1.1209350521432,1.14824695425382,1.12873675115871,0.00518330760408303,0.0185986422833561
lcmnl,xgb_bagA,1.13338720745562,0.0146055801946988,1.13281408553188,0.46328559283355,0.53671440716645,0.954964086722068,0.00494525651475266,0.250130140469183,1.20088140447625,1.14735318206023,1.11302328083421,1.12573724176235,1.14698231408306,1.13384001853825,0.0051977520972466,0.0163798595308169
lcmnl3,xgb_bagA,1.13338720745562,0.0146055801946988,1.13281408553188,0.46328559283355,0.53671440716645,0.954964086722068,0.00494525651475266,0.250130140469183,1.20088140447625,1.14735318206023,1.11302328083421,1.12573724176235,1.14698231408306,1.13384001853825,0.0051977520972466,0.0163798595308169
lcmnl3x,xgb_bagA,1.13338720745562,0.0146055801946988,1.13281408553188,0.46328559283355,0.53671440716645,0.954964086722068,0.00494525651475266,0.250130140469183,1.20088140447625,1.14735318206023,1.11302328083421,1.12573724176235,1.14698231408306,1.13384001853825,0.0051977520972466,0.0163798595308169
lcmnl,xgb_lw,1.1334402172585,0.0142103187173507,1.13291742344591,0.506424685023084,0.493575314976916,0.977214500393624,0.00261611093555254,0.247943432868376,1.19969483689943,1.14879472212662,1.12037996487438,1.12086009395355,1.14833616626664,1.12883013907133,0.00525076190013141,0.0185665671316236
lcmnl3,xgb_lw,1.1334402172585,0.0142103187173507,1.13291742344591,0.506424685023084,0.493575314976916,0.977214500393624,0.00261611093555254,0.247943432868376,1.19969483689943,1.14879472212662,1.12037996487438,1.12086009395355,1.14833616626664,1.12883013907133,0.00525076190013141,0.0185665671316236
lcmnl3x,xgb_lw,1.1334402172585,0.0142103187173507,1.13291742344591,0.506424685023084,0.493575314976916,0.977214500393624,0.00261611093555254,0.247943432868376,1.19969483689943,1.14879472212662,1.12037996487438,1.12086009395355,1.14833616626664,1.12883013907133,0.00525076190013141,0.0185665671316236
lcmnl1,xgb_lw2bag,1.13359315451181,0.0139162168305559,1.1331270716154,0.290462022618964,0.709537977381036,0.93579842685811,0.0210736746351184,0.257445657046072,1.20031113753105,1.14294364234253,1.11201293992714,1.13077661700163,1.14820074715996,1.13403182612777,0.00540369915343608,0.00906434295392844
mnl_pw,xgb_lw2bag,1.1336033370681,0.0139484336101038,1.13314675024849,0.28821113749915,0.71178886250085,0.939481504829642,0.0196289840000516,0.257724161551522,1.2004703907921,1.14258882957387,1.11180126980218,1.13106420157516,1.14827475567555,1.13428762871376,0.00541388170973356,0.00878583844847836
nlogit,xgb_lw2bag,1.13362679893967,0.0140021179541066,1.13318357556591,0.286628889483207,0.713371110516793,0.94606171053248,0.0151964372239098,0.25738139005718,1.20051998878078,1.14283168607855,1.1117725185065,1.13098070463908,1.14827168225557,1.13427740321865,0.00543734358129977,0.00912860994282044
lcmnl3b,xgb_mono2,1.1336374664745,0.0164286528260068,1.13285503316766,0.43642046767351,0.56357953232649,0.958360984259366,7.97359137826722e-06,0.213625787241576,1.200958656114,1.15252853598979,1.11012187088447,1.12644725786721,1.14445674351056,1.13463292412048,0.00544801111613302,0.0528842127584239
hbmnl_nod,xgb_lw2fr10,1.13368496847755,0.0130348731653503,1.13347873600988,0.214144980031611,0.785855019968389,0.980542081091903,5.85064399722517e-07,0.282081998771458,1.21850953587094,1.14082896170626,1.11229772657531,1.13203777596804,1.14622445803438,1.13703592010377,0.00549551311918117,0.0155719987714581
lcmnl3_both,xgb_de,1.13368657405018,0.0153911637829809,1.1329605747901,0.63029278769297,0.36970721230703,0.943220901841006,0.0249769286544315,0.24435210959857,1.19929260404264,1.15018981320604,1.1154089351529,1.12239879122469,1.14823010429634,1.13220522637093,0.00549711869181091,0.0221578904014297
lcmnl3p,xgb_bagC,1.13370508179183,0.0151176172270427,1.13333861926329,0.470984422312082,0.529015577687918,0.969930446258152,2.3486342521514e-05,0.248144033681585,1.20267899422579,1.14919560786407,1.11542267625817,1.12224496616405,1.14814793385829,1.13351422481456,0.00551562643345904,0.0183659663184147
lcmnl3_tilt,xgb_de,1.13372328009321,0.0153348420251041,1.13301693830806,0.627087992361206,0.372912007638794,0.943604438779853,0.0247451420856949,0.244305074754826,1.19936248719996,1.15012750829613,1.11559964830867,1.12247686858254,1.14834642213762,1.13206595314112,0.00553382473484221,0.0222049252451743
lcmnl,xgb_bagC,1.13377514034581,0.0152364554974918,1.13338778936127,0.468724772970638,0.531275227029363,0.970390910721508,6.21666624246446e-05,0.248211220079201,1.20282614982986,1.14949518554279,1.11538075346667,1.1221834170364,1.14822242811469,1.13359391756853,0.00558568498744338,0.0182987799207994
lcmnl3,xgb_bagC,1.13377514034581,0.0152364554974918,1.13338778936127,0.468724772970638,0.531275227029363,0.970390910721508,6.21666624246446e-05,0.248211220079201,1.20282614982986,1.14949518554279,1.11538075346667,1.1221834170364,1.14822242811469,1.13359391756853,0.00558568498744338,0.0182987799207994
lcmnl3x,xgb_bagC,1.13377514034581,0.0152364554974918,1.13338778936127,0.468724772970638,0.531275227029363,0.970390910721508,6.21666624246446e-05,0.248211220079201,1.20282614982986,1.14949518554279,1.11538075346667,1.1221834170364,1.14822242811469,1.13359391756853,0.00558568498744338,0.0182987799207994
mixl2,xgb_lw2fr10,1.13385968910664,0.0132664324603809,1.13358321190469,0.204432388053025,0.795567611946975,0.966775677488199,5.78592648757673e-06,0.28067279026863,1.21827178139731,1.14090809863891,1.11178913224674,1.13312462002725,1.14634905119983,1.13712754342047,0.00567023374826969,0.0141627902686302
hbmnl_nod,xgb_lw2fr,1.13400850250783,0.0130103829427725,1.13378806429811,0.223929445522456,0.776070554477544,0.9802545790778,1.19094406700752e-06,0.28119327285091,1.21848106511143,1.14124377117561,1.11240992309037,1.1332002746524,1.14620358236804,1.13698496125272,0.00581904714945658,0.0146832728509099
lcmnl3b,xgb_bagA,1.13402601711684,0.0149268210467721,1.13338207498917,0.45007284479074,0.54992715520926,0.958533537270314,0.00448936554385632,0.253034295817252,1.20192286757061,1.1478864510053,1.1130869471993,1.1259336100249,1.14794069116523,1.13528238618948,0.00583656175847169,0.0134757041827485
lcmnl4,xgb_mono2,1.13404528420087,0.015770010120333,1.13333881367047,0.424089790382369,0.575910209617631,0.95520479116109,6.42377902745423e-06,0.211859867651006,1.20371950156332,1.15202669607863,1.11090440930076,1.12722175208689,1.14300199135623,1.13707157218184,0.00585582884249791,0.0546501323489945
lcmnl3_sm,xgb_de,1.13407150882093,0.0152504117524065,1.13332066623219,0.634478818410486,0.365521181589514,0.939824061500536,0.0252701403976772,0.245321909643387,1.19969306661621,1.15045509741329,1.11610993326096,1.12284573875122,1.14857505543691,1.13237171924228,0.0058820534625601,0.0211880903566127
lcmnl3_bag,xgb_mono2,1.13409548828475,0.0163027178509411,1.13324963408601,0.457200204073669,0.542799795926331,0.949686712325235,0.00438081069887057,0.212051603104663,1.19952146761692,1.15295440291134,1.11096797843889,1.12672854489864,1.14494363185649,1.13488288331841,0.00590603292638203,0.054458396895337
lcmnl3b,xgb_lw,1.13419974508055,0.0143622826902116,1.13359377431134,0.493385431319227,0.506614568680773,0.979402750592574,0.00391885948416958,0.250975906451518,1.20047665545781,1.14934822771801,1.12061927250175,1.12125113050633,1.14934439014076,1.13043570453591,0.00601028972218098,0.015534093548482
mixl2,xgb_lw2fr,1.13419982611737,0.0133086264736128,1.13393054745737,0.212550349758442,0.787449650241558,0.958503106421423,0.00595113739474471,0.279524926603347,1.21816511578002,1.14135311856744,1.11184490206635,1.13429337393046,1.14641380809619,1.13709392792639,0.00601037075899424,0.0130149266033466
lcmnl4,xgb_lw,1.13427724462211,0.0132391231345235,1.13376176622353,0.482765920353483,0.517234079646517,0.980207623599522,1.70868954513411e-05,0.250129496013423,1.20268866561504,1.14862702948911,1.12154343306345,1.1215194624873,1.14720342897501,1.13249286909568,0.00608778926373943,0.0163805039865768
lcmnl4,xgb_bagA,1.13428177940933,0.0140846583113337,1.13373377940454,0.436779790037366,0.563220209962634,0.960534329511114,4.10150497574536e-06,0.252440003060951,1.20411187272788,1.14714520991853,1.11387084595068,1.12657543896136,1.14613414768639,1.13768325452967,0.0060923240509565,0.014069996939049
lcmnl5,xgb_mono2,1.13436059107044,0.0154305386671404,1.13366428695333,0.425124705178484,0.574875294821516,0.949991097972759,0.00415441664383186,0.212892117141446,1.20526199089696,1.14972425527298,1.11095643970823,1.12800894268712,1.14507087252282,1.13804244516107,0.00617113571207306,0.0536178828585542
lcmnl3b,xgb_bagC,1.13436229810404,0.0155128001419099,1.13392550253113,0.454479024189063,0.545520975810937,0.973373672636994,2.69321036564512e-05,0.251099840118722,1.20391926030212,1.14996943384562,1.11548519191663,1.122260941309,1.14905075980991,1.13504516363904,0.00617284274566976,0.0154101598812783
lcmnl3_bag,xgb_lw,1.13438778662776,0.0145201385384699,1.13370379307448,0.519165185147403,0.480834814852598,0.957455755871825,0.0151558562678741,0.248020618187034,1.19892541172881,1.15019809863532,1.1206179904542,1.12120049175324,1.14911907854625,1.13080327374979,0.00619833126938896,0.0184893818129657
lcmnl3_bag,xgb_bagA,1.13444141050481,0.0147503965202574,1.13368904055481,0.473163162628092,0.526836837371908,0.943074330946038,0.0129122511778866,0.250288389242494,1.20057617273752,1.14871522662618,1.11383049224394,1.12632404555261,1.14764307241564,1.13569421568566,0.00625195514643484,0.0162216107575056
lcmnl4,xgb_bagC,1.13459121278156,0.0147157599612002,1.13423488511725,0.441538323357173,0.558461676642828,0.969190267013795,5.23168788921962e-07,0.250382049836347,1.20628096844977,1.14926973871958,1.11620881657289,1.12273755653027,1.14743531258578,1.13730463949931,0.00640175742319271,0.0161279501636535
lcmnl1,xgb_lw2bag3,1.13460579541516,0.0145426249563106,1.13411140081017,0.314992688760552,0.685007311239448,0.931950664033708,0.0241172557644509,0.25513091346215,1.19868678743154,1.14594790529237,1.11160737499471,1.13289804216622,1.14822199786356,1.13435365675895,0.0064163400567927,0.0113790865378502
mnl_pw,xgb_lw2bag3,1.13461059105031,0.0145874938886705,1.134131661204,0.313383778344407,0.686616221655593,0.936512238863332,0.0222385796838335,0.255407231968593,1.19881322373544,1.14561679434888,1.11135525988505,1.13320930197663,1.14829518800496,1.13457641103602,0.00642113569193836,0.0111027680314071
lcmnl1,xgb_monobag,1.13461497440821,0.0129854717588241,1.13422275025832,0.264052855834363,0.735947144165637,0.96179961517786,0.000216953099351091,0.258566749449202,1.20375368607637,1.14460568930907,1.11570711623424,1.13047884484436,1.14872009644694,1.13356312520647,0.00642551904984323,0.0079432505507982
mnl_pw,xgb_monobag,1.13462650904057,0.0129732954216018,1.13425069361238,0.262651507753235,0.737348492246765,0.963600176940218,5.27300366747655e-06,0.258761062114408,1.20390371684298,1.14426520943995,1.11553900727313,1.13079007433019,1.14878648456619,1.13375176959339,0.00643705368219716,0.00774893788559233
nlogit,xgb_monobag,1.13463839447684,0.0129931219692171,1.13428819312161,0.261600152523531,0.738399847476469,0.963842153995533,2.72561701980128e-05,0.25832750072175,1.20398679699872,1.1444110658959,1.11552672995587,1.13075601981534,1.14873402761759,1.1337641290995,0.00644893911846856,0.0081824992782496
nlogit,xgb_lw2bag3,1.13464197684659,0.0146322664390547,1.1341747553511,0.311565873825658,0.688434126174343,0.943479319223304,0.017485750665965,0.255052186902003,1.1988705938187,1.14587228683839,1.1113673761851,1.13312046375093,1.14828984297207,1.13455991448645,0.00645252148821562,0.0114578130979969
lcmnl5,xgb_bagA,1.13465136629729,0.0137679977661355,1.13421507185021,0.43623233744024,0.56376766255976,0.961309438258895,4.52228000153122e-06,0.253640091647475,1.20643833557177,1.14408397848593,1.11443329038317,1.12738979486067,1.14841345564537,1.13893631211133,0.00646191093892168,0.0128699083525254
lcmnl5,xgb_lw,1.13476667397408,0.0128312624620549,1.13434668837843,0.483367687841539,0.516632312158461,0.979863130316209,0.00125953315465823,0.251346112804279,1.2052251867459,1.14549209495117,1.12212113977606,1.12223706114937,1.14980922547423,1.13417384851955,0.00657721861570715,0.0151638871957214
lcmnl3_bag,xgb_bagC,1.13481589861377,0.0153141963499435,1.13432661014126,0.477396307847955,0.522603692152045,0.962266129920303,0.00519640978740682,0.248530921517033,1.20254623821125,1.15083874247824,1.11632084750954,1.12271943953089,1.14869009736443,1.13551036618577,0.00662644325540129,0.0179790784829672
lcmnl2,xgb_mono2,1.13488770852413,0.0144917050964906,1.13406714352173,0.406808924930965,0.593191075069035,0.93884696921261,0.00957354566854445,0.212781395367441,1.19920683056906,1.14956763148518,1.11334562967105,1.12957553516753,1.14636701719614,1.13558272910074,0.00669825316575623,0.053728604632559
hbmnl_nod,xgb_lw2bag,1.13489637386051,0.0132083414418471,1.13471750425375,0.218870753402634,0.781129246597366,0.968998643210015,7.3492381432054e-07,0.2793651150628,1.21950117518579,1.14056777843579,1.11362765228693,1.13319482448212,1.14905929632972,1.138032317768,0.00670691850214089,0.0128551150628001
mnl_lr,xgb_lw2fr10,1.13496761153764,0.012221636249668,1.13464925340383,0.144359286098499,0.855640713901501,0.981101519651231,0.0094131466184975,0.277186047105181,1.21526659511794,1.14317880914901,1.11513438756704,1.13306907427125,1.14629329404847,1.13716249265241,0.00677815617926436,0.0106760471051813
lcmnl5,xgb_bagC,1.13497939103279,0.0142754692328491,1.13471219354864,0.440313621643304,0.559686378356697,0.969854389013629,2.68933121628526e-06,0.251669720884896,1.20860269190651,1.14631667679867,1.11685123467725,1.12354763433216,1.14962581316563,1.13855559619022,0.00678993567441388,0.0148402791151038
mnl,xgb_lw2fr10,1.1349917722073,0.0124913423643779,1.13469561390551,0.129954478458218,0.870045521541782,0.966873279875326,0.0145005110671238,0.268565033926151,1.2087667749042,1.1428693893059,1.11465528709414,1.13333356497936,1.14685184606367,1.13724877359344,0.00680231684892907,0.00205503392615097
lcmnl2,xgb_bagA,1.13499435895936,0.0129297406594334,1.13447594619818,0.423544070475226,0.576455929524774,0.922752677599898,0.0228816540633949,0.254977433656484,1.20063529699925,1.14384155298486,1.11640602767918,1.1290264803273,1.14940293841372,1.13629479539175,0.00680490360099162,0.0115325663435156
hbmnl,xgb_lw2fr10,1.13505014827611,0.0124570959678626,1.13477352451027,0.0758449217085233,0.924155078291477,1.00208005781024,1.30330394858329e-05,0.277272739305571,1.2153735067789,1.14177344111002,1.11431310722913,1.13372455566104,1.14633122683615,1.13910841054421,0.00686069291773861,0.0107627393055707
mixl2,xgb_lw2bag,1.13506203868785,0.013413715413761,1.13483364187258,0.207616356832831,0.792383643167169,0.954833456658644,3.97811301421933e-07,0.277867397256242,1.2192458187778,1.14059419977633,1.11315235290858,1.13422169139706,1.14915450302242,1.13818744633488,0.00687258332948182,0.0113573972562415
lcmnl2,xgb_lw,1.1351666762587,0.0123238235170956,1.13468541672459,0.469874914078773,0.530125085921227,0.944372252672169,0.0230040278554241,0.252857033631925,1.19917932222145,1.14538249109921,1.12435786794826,1.12406041373493,1.15087855378912,1.13115405472199,0.00697722090033359,0.0136529663680753
lcmnl1,xgb_mono,1.13518531893904,0.0125702734553913,1.13455750605698,0.337460258705307,0.662539741294693,0.962493121167044,0.0178487734914249,0.256508321109795,1.20006540493665,1.147928878924,1.12087705849934,1.13038013196011,1.14889511197098,1.12784541334077,0.00699586358066839,0.0100016788902054
mnl_pw,xgb_mono,1.13518887981391,0.0124922872737818,1.13457124073214,0.335932885258404,0.664067114741596,0.967180188626452,0.0157378428024794,0.256776990965112,1.20019910098627,1.14756147748891,1.12061952105549,1.13074638284234,1.14892738412526,1.12808963355754,0.00699942445553692,0.0097330090348885
nlogit,xgb_mono,1.13520997376975,0.0125720101996964,1.13462846874257,0.333762848834976,0.666237151165024,0.975018184934332,0.0106495059886563,0.256376412586216,1.20028157256598,1.14781838822881,1.12059475034518,1.13066783393716,1.1489144407739,1.12805445556371,0.00702051841137963,0.0101335874137836
mnl_lr,xgb_lw2fr,1.13533537161621,0.0121699134766505,1.13500449106613,0.156848464949588,0.843151535050412,0.975442808950816,0.0132228286903433,0.275998021077581,1.21504368949197,1.14371602941518,1.11536332307493,1.13427077809437,1.14625077586319,1.13707595163337,0.00714591625783911,0.0094880210775809
mnl,xgb_lw2fr,1.13538761714548,0.0124564688192161,1.13508398521234,0.139344953463308,0.860655046536692,0.961006073877737,0.0181740000376809,0.266714659294508,1.20816978190337,1.14344100262906,1.11488620408764,1.13460201605363,1.14686796279588,1.13714090016116,0.0071981617871042,0.000204659294508414
xgb_lw2fr10,xgb_monor,1.13540582125349,0.0111353432719022,1.13487815507554,0.768746000834084,0.231253999165916,1.01030780592291,9.93247900667248e-07,0.276129124116918,1.21345218317511,1.14205513921572,1.11768923258495,1.13366578392692,1.1469500606596,1.13666888988027,0.00721636589512165,0.00961912411691812
xgb_lw2fr10,xgb_mono,1.13544593481387,0.0106259821859033,1.13473743929511,0.721610280096164,0.278389719903836,1.01170504627816,4.33628938939956e-05,0.275492816545843,1.21344840769906,1.14242609028183,1.1187863574872,1.13335253455592,1.14641663085956,1.13624806088483,0.00725647945549679,0.00898281654584326
glmnet_pw,xgb_lw2fr10,1.13547505580584,0.0121945608333077,1.13520740753026,0.09498820985808,0.90501179014192,0.987138797485364,0.00503190356123803,0.276842940214947,1.21545015851857,1.14313619558895,1.11540323194846,1.13404997147421,1.14660678450567,1.13817909551191,0.00728560044746884,0.0103329402149471
hbmnl,xgb_lw2fr,1.13551913224385,0.012418762405246,1.13522404972742,0.0791547794104164,0.920845220589584,1.00297768469124,0.000136479656778343,0.275981827156066,1.21512580124294,1.14236027559391,1.11456020949328,1.13515333431497,1.1463528660124,1.13916897580469,0.00732967688547737,0.00947182715606576
lcmnl2,xgb_bagC,1.13553891754598,0.0134412247100614,1.13518103777429,0.424169215824727,0.575830784175273,0.951233335761329,0.0112015029664275,0.25321949275093,1.20266288520819,1.14644726683102,1.11911832339743,1.12534408417474,1.15069818420091,1.13608672912579,0.00734946218760579,0.01329050724907
xgb_lw2fr10,xgb_monobag,1.13554746886998,0.0117169712300499,1.13522093859455,0.724418531799669,0.275581468200331,1.00148097446997,6.86101968853783e-06,0.274829233118814,1.2146418930853,1.14231389455561,1.11657110973567,1.13395080803427,1.14721535350631,1.13768617851805,0.0073580135116107,0.00831923311881372
lcmnl1,xgb_lw2,1.13555221742716,0.0131096761664183,1.13493357155531,0.365744751412409,0.634255248587591,0.935941209265966,0.0350684760894747,0.255021904599648,1.1987647288961,1.14771952621004,1.11957223255231,1.12941501458694,1.15044899676927,1.13060531701726,0.00736276206879261,0.0114880954003523
lcmnl3_drift,xgb_de,1.13555329295497,0.0146206738006817,1.13486607325526,0.583301683594133,0.416698316405867,0.947317157563895,0.0202063480457795,0.249467872274652,1.20216121463802,1.15148955927502,1.11939521777388,1.1245975011491,1.15001648564324,1.1322677009336,0.00736383759659676,0.0170421277253477
mnl_pw,xgb_lw2,1.13555564687007,0.0130424151406294,1.13494159674659,0.364163222930872,0.635836777069128,0.940942483446204,0.0331242777055221,0.255315294978339,1.19888381746677,1.14731345894925,1.1193035659378,1.12980692155998,1.15048873872211,1.1308655491812,0.00736619151169826,0.0111947050216611
xgb_lw2fr10,xgb_mono2,1.13558275363106,0.0128837129011799,1.13499431685831,0.773469004383053,0.226530995616947,0.99429432513511,8.10263318268972e-06,0.257193302826073,1.2104257169488,1.14527025884685,1.11431181486317,1.13404111334174,1.1459629601717,1.13832762093182,0.0073932982726872,0.00931669717392719
nlogit,xgb_lw2,1.13562749387071,0.0130719309868772,1.13499543541184,0.362902007425477,0.637097992574523,0.948149329673812,0.0283634063492714,0.25482987677743,1.19892183145977,1.14756216603594,1.11942397062923,1.12970920098888,1.15050870632455,1.13093342537497,0.00743803851234226,0.0116801232225705
lcmnl1,xgb_lw3,1.13565081188035,0.0171638223112978,1.13527836016919,0.311023822079514,0.688976177920486,0.931524590089688,0.0186964878317362,0.211071183487254,1.19920517400885,1.15308111933118,1.10960374305971,1.13253599204247,1.14918487060414,1.13384833436423,0.00746135652197433,0.0554388165127464
mnl_pw,xgb_lw3,1.13566171789364,0.0171943301681573,1.13529885967529,0.30924342560716,0.69075657439284,0.936346595277755,0.0167087625861307,0.211340200716847,1.19938698020518,1.15278778851522,1.10930256792921,1.13289008028513,1.14923818649427,1.13408996624436,0.00747226253526545,0.0551697992831526
xgb_lw2fr,xgb_mono,1.13566941000183,0.0104630014615418,1.13498985759056,0.683688862986023,0.316311137013977,1.01254837069327,4.5068578563735e-06,0.274451163830568,1.21311414438731,1.14282923082965,1.11923310998368,1.13430187610803,1.14637495392862,1.13560787915918,0.00747995464346074,0.00794116383056748
mixl,xgb_lw2fr10,1.13567960805215,0.0123176162553971,1.13537497842468,0.0466061881420093,0.953393811857991,0.999595218363737,0.00179656746978732,0.277961637057455,1.21572427346144,1.14298277961217,1.11534057205244,1.13444568010582,1.14708919225024,1.13853981624005,0.00749015269377451,0.0114516370574552
xgb_lw2fr,xgb_monor,1.13568242088967,0.0109825403971604,1.13516505792879,0.732612576565257,0.267387423434743,1.01114050564777,3.49471605994677e-05,0.275102879286263,1.21309816766996,1.14243196580992,1.11812784360303,1.13471143507515,1.1469771442507,1.13616371570955,0.00749296553129741,0.00859287928626334
xgb_de,xgb_lw2fr10,1.13570718525138,0.0121675422303751,1.13547994818735,9.5107605812853e-06,0.999990489239419,1.01102426311261,0.00049678499121355,0.275813025097881,1.21448389777495,1.14278190690853,1.11560289123274,1.13468193844553,1.14710162524892,1.13836756442118,0.00751772989300892,0.00930302509788056
nlogit,xgb_lw3,1.13570991190771,0.0172647367603063,1.13536899743006,0.307015363740327,0.692984636259673,0.94321332596202,0.0118189379534745,0.211012810570496,1.19962550574491,1.15307237301458,1.10933353816291,1.13283220528557,1.14927575743928,1.1340356856362,0.00752045654933875,0.0554971894295041
xgb_bagA,xgb_lw2fr10,1.13571384147273,0.012178721875999,1.13547947466879,8.50322958916536e-06,0.999991496770411,1.0075177100579,0.00277892630243186,0.275769289459584,1.21450062543436,1.14278186112515,1.11559954806694,1.13467664471927,1.14714280348382,1.13836834996849,0.00752438611436213,0.00925928945958388
xgb_long,xgb_lw2fr10,1.13571392982531,0.012182088294529,1.13547944685365,7.2319096965276e-10,0.999999999276809,1.00740535056115,0.00291204366226506,0.275766327553809,1.21449646197234,1.14278780284343,1.11559428053194,1.13467522724689,1.14714410489218,1.13836823361211,0.00752447446693982,0.00925632755380934
xgb_2stage,xgb_lw2fr10,1.13571426978388,0.0121814647812362,1.13547946745798,8.77694872860561e-07,0.999999122305127,1.00803874065962,0.00255609507628212,0.275772780398144,1.21448900958789,1.14278469759396,1.11559292239315,1.13468250619685,1.14714122694195,1.13836999579348,0.00752481442550601,0.00926278039814354
xgb_lw2bag3,xgb_lw2fr10,1.13571432134198,0.0121812713323121,1.13547979915732,0.000196476980823572,0.999803523019176,1.01016699579543,0.00100064165462037,0.275802723204189,1.21449141396386,1.14278388929562,1.11559349109844,1.1346834866948,1.14714236976507,1.13836836985598,0.00752486598360957,0.00929272320418906
xgb_bagB,xgb_lw2fr10,1.13571466713968,0.0121772245841808,1.13547944969634,1.45715035897337e-08,0.999999985428497,1.00745474970115,0.00282038125056054,0.275768482694068,1.21450087446795,1.14278530545968,1.11560288396091,1.13467579593984,1.14713980720446,1.1383695431335,0.00752521178130783,0.00925848269406837
xgb_lw2fr10,xgb_wide,1.13571569482263,0.0121785445298563,1.13547975114796,0.99999566579712,4.33420287959674e-06,1.01025850825139,0.0011108579382824,0.275800435826936,1.21447846346051,1.14278531176351,1.11560122815076,1.13468028434819,1.14714317011928,1.13836847973139,0.00752623946425413,0.00929043582693584
xgb_bagC,xgb_lw2fr10,1.13571620668182,0.0121767169355186,1.13547951000231,3.74987742854486e-05,0.999962501225714,1.00789526775254,0.00281638022409848,0.275766609124131,1.21447676555404,1.14278363470511,1.11560565653955,1.13467934272562,1.1471441881321,1.13836821130669,0.00752675132344494,0.0092566091241309
xgb_lw2bag,xgb_lw2fr10,1.13573780691163,0.0122092862619689,1.13547946343382,4.03500664679239e-05,0.999959649933532,1.00760485236058,0.00272101589607901,0.275770265739466,1.21450023510455,1.14278104041961,1.11559408631141,1.13468141735072,1.14726402721624,1.1383684632602,0.00754835155326372,0.00926026573946637
glmnet,xgb_lw2fr10,1.13574843571718,0.0121159427966834,1.13547981329002,0.000254702957735617,0.999745297042264,1.01052621072111,0.000834430324211655,0.275808522224013,1.21448504683887,1.14280008001631,1.11575685579296,1.13467627812183,1.147140620954,1.1383683437008,0.00755898035880787,0.00929852222401295
xgb_lw2fr,xgb_lw2fr10,1.13576840426885,0.0121746331737589,1.13547945483589,0.000154398240422816,0.999845601759577,1.00717973854027,0.00301987914742497,0.27576429603012,1.21450049491767,1.14278753677559,1.11559884733082,1.13494434080078,1.14714229197058,1.13836900446649,0.00757894891048161,0.00925429603011957
xgb_lw2fr,xgb_monobag,1.13579229810747,0.0115763788559731,1.1354609784841,0.630269792454946,0.369730207545054,0.999432206836378,4.52076035878046e-06,0.273561260741817,1.21454477177692,1.14258657264977,1.11697359770417,1.13480121884716,1.14730308041825,1.13729702091801,0.0076028427491015,0.0070512607418165
xgb_lw2fr,xgb_mono2,1.13587250206381,0.0129826042912644,1.13530219966756,0.735244325787608,0.264755674212392,0.992529635964139,1.2325447605393e-05,0.253194447705869,1.20976639993907,1.14595406895436,1.11421667313878,1.13511249483322,1.14570940707017,1.13836986632251,0.00768304670543629,0.013315552294131
xgb_lw2fr10,xgb_lw3,1.13589080520838,0.0130479668522082,1.13515527190558,0.786232000764624,0.213767999235376,1.00076892284515,0.000212057646355184,0.25864553390372,1.20991384994821,1.14627824297866,1.11466461073461,1.13404131113832,1.14662987533169,1.13783998585862,0.00770134985000914,0.00786446609627989
glmnet_pw,xgb_lw2fr,1.13592149485776,0.0121355822181406,1.13563295098896,0.108714953869039,0.891285046130961,0.987856618226232,0.0036216180287557,0.275723657182341,1.21531763945016,1.14375555404813,1.11569843988292,1.13539409919768,1.14656599306687,1.1381933880932,0.00773203949938695,0.0092136571823408
xgb_lw,xgb_lw2fr10,1.13595085833615,0.0117118479074123,1.13547989695246,0.000351092884911796,0.999648907115088,1.01038966416392,0.00102259559187675,0.275802365503023,1.21447739974094,1.1427831241056,1.11675131372631,1.13467934598913,1.1471715094712,1.13836899838853,0.00776140297778349,0.0092923655030227
hbmnl_nod,xgb_monobag,1.1360706982216,0.0119212803202937,1.13586489471196,0.178033115136024,0.821966884863976,0.966733276970823,1.64708520623162e-05,0.277314244939737,1.22264298756183,1.14260245399399,1.11783951575234,1.132979691256,1.14956899059632,1.13736283950936,0.00788124286323177,0.0108042449397365
xgb_lw2,xgb_lw2fr10,1.136079594223,0.0114698449364438,1.13543637953008,0.0781619200742647,0.921838079925735,1.0080684289695,0.00277573116953706,0.275681687516939,1.21430012324421,1.14270676893078,1.11740626657456,1.13460257182547,1.14731315185031,1.13836921193387,0.00789013886462686,0.00917168751693859
xgb_lw3,xgb_mono,1.13608876206031,0.0120449569294521,1.13543194379061,0.510463630564603,0.489536369435397,0.994478377336473,6.39625133399172e-06,0.236950625616628,1.20662050700726,1.14896455766794,1.11897158087973,1.13312761754923,1.14627916016404,1.13310089404061,0.00789930670193884,0.0295593743833719
lcmnl3_both,xgb_long,1.13612593244885,0.0170317614202884,1.13558757475613,0.709375273198604,0.290624726801396,0.950452043212473,0.0236903613402802,0.239890058843182,1.19986769397376,1.15374693658361,1.11500755393906,1.12284266438213,1.15109643982969,1.13793606750977,0.00793647709048284,0.0266199411568182
hbmnl_nod,xgb_lw2bag3,1.13613781339131,0.0138974679887106,1.13591123070118,0.243340739830724,0.756659260169276,0.969401151684066,1.64862150541474e-06,0.278833251123848,1.21914700984745,1.14421477904944,1.11305280178811,1.13581627338756,1.14913185773769,1.13847335499377,0.00794835803294225,0.0123232511238482
mixl,xgb_lw2fr,1.13616458429329,0.0123461756619229,1.13584648357844,0.0580561766275269,0.941943823372473,1.00117237295341,4.48667869064827e-06,0.277146800258135,1.2157495204014,1.14365598032328,1.11550746756541,1.1359144303368,1.14716316868939,1.13858187455159,0.00797512893492325,0.0106368002581354
xgb_lw2fr,xgb_lw3,1.13616711352638,0.0132712776630642,1.13546973785288,0.733096576899237,0.266903423100763,0.997537018410502,0.00122533935406289,0.253591672423909,1.20890367753892,1.14707853822686,1.11440018415247,1.1350981869173,1.14656837214311,1.13769028619216,0.00797765816801022,0.0129183275760912
lcmnl3_tilt,xgb_long,1.13618482204582,0.016936931934103,1.13566199420913,0.705072749422084,0.294927250577916,0.95084715764468,0.0233914700786743,0.239896608601068,1.19996150464957,1.15363087116502,1.11524878830245,1.12296338029414,1.15126043504096,1.13782063542653,0.00799536668744882,0.0266133913989318
mnl_lr,xgb_lw2bag,1.13618493892751,0.0122975365474942,1.13589855536574,0.151274020137777,0.848725979862223,0.969776431294985,0.00832761845019888,0.274368919171622,1.21614090008329,1.14284842164731,1.11661301796078,1.13406834764527,1.14917923321296,1.13821567417125,0.00799548356914315,0.0078589191716224
xgb_lw2bag,xgb_mono,1.13619223300495,0.0104183179204336,1.13559358741066,0.651092612413451,0.348907387586549,1.00198468692841,3.6597127534866e-05,0.273228951944419,1.21393556793259,1.14234709836439,1.1204269033464,1.1337982726851,1.14810854943509,1.13628034119377,0.0080027776465792,0.00671895194441941
lcmnl3p,xgb_de,1.13622531910011,0.0143187783146679,1.13557806866,0.566363204078603,0.433636795921397,0.942214514988665,0.0217287542562663,0.248085888626118,1.20240966224852,1.15134607702397,1.12040818497175,1.12572229492611,1.15099736348954,1.13265267508918,0.00803586374173548,0.0184241113738822
xgb_lw2fr10,xgb_monoc,1.1362431161384,0.0107804804087096,1.13540082821832,0.895094257152821,0.104905742847179,1.00930618427436,0.000534934742346929,0.276119393551418,1.21427141824538,1.14256649028003,1.11890098064862,1.13449527270563,1.14707570229188,1.13817713476585,0.00805366078003122,0.0096093935514176
xgb_lw2bag3,xgb_lw2fr,1.1362447853506,0.0122165857742213,1.13596595728026,0.105063933517638,0.894936066482362,1.00385205108832,0.00459067860025125,0.273941569883255,1.21396962083583,1.14335176950534,1.1158341987758,1.13623838859744,1.14744404086632,1.13835552900811,0.00805532999223146,0.00743156988325461
xgb_bagB,xgb_lw2fr,1.13625214713291,0.0121421268902417,1.13600016324343,1.10804493448029e-32,1,1.00329700158528,0.00673480929481812,0.274245853011814,1.21421355419954,1.14346943233869,1.11593282846709,1.13624351151007,1.1472129424003,1.13840202094839,0.00806269177453545,0.00773585301181423
xgb_2stage,xgb_lw2fr,1.1362524812826,0.0121428176723445,1.13600015925382,6.75353885073715e-08,0.999999932464612,1.00374969203189,0.0065247130112899,0.274249496586344,1.21420504405038,1.14347330214505,1.1159308110045,1.13624703862575,1.14720983392778,1.13840142070991,0.0080630259242287,0.00773949658634426
xgb_bagA,xgb_lw2fr,1.13625312959797,0.0121434335646235,1.13600016572956,2.66914878823048e-06,0.999997330851212,1.00353073603598,0.00667463833870763,0.274246562151719,1.21420544202721,1.14347423511239,1.11593174512203,1.13624555352464,1.14721392073254,1.13840019349826,0.00806367423960031,0.00773656215171886
xgb_lw2fr,xgb_wide,1.1362533148184,0.0121425392081999,1.13600243999709,0.999982573728996,1.742627100354e-05,1.01140637667995,0.00135000148759112,0.274349904222865,1.21418761495706,1.143478321823,1.11593438304083,1.13624068013244,1.14721194407045,1.13840124502528,0.00806385946002752,0.00783990422286451
xgb_de,xgb_lw2fr,1.13625373021469,0.0121407477043761,1.13600295584264,4.23849440320716e-05,0.999957615055968,1.01205826431004,0.000743199496154741,0.274362900227471,1.21419909563697,1.14347339835211,1.11593692053466,1.13624498732471,1.14721192360872,1.13840142125327,0.00806427485632333,0.00785290022747065
xgb_long,xgb_lw2fr,1.13625431091481,0.0121414960122338,1.1360030551118,2.22789884067662e-05,0.999977721011593,1.01238191754677,0.00059095013754309,0.274365273718594,1.21419314545847,1.14347462830129,1.11593731976544,1.13624274331708,1.147215100379,1.13840176281122,0.00806485555643621,0.00785527371859413
xgb_lw2bag,xgb_monor,1.13627596059083,0.010978352299265,1.1358516535101,0.710521152512585,0.289478847487415,0.9999069216126,9.48675444500802e-07,0.27382338322381,1.21396809311841,1.14176755126762,1.11930256704457,1.13436975475059,1.14891093333807,1.13702899655327,0.00808650523245591,0.00731338322380976
mixl2,xgb_monobag,1.13628016962957,0.0119688010660229,1.13600179304983,0.163722121733274,0.836277878266726,0.955622969281877,8.04219676861044e-07,0.275946268630868,1.22214621530572,1.14267152184336,1.11770616404338,1.13389455767673,1.14970260040781,1.13742600417659,0.00809071427120345,0.00943626863086805
xgb_bagC,xgb_lw2fr,1.13629741457369,0.0120770483096478,1.13600016183141,1.10653785604104e-06,0.999998893462144,1.00335941159248,0.00671067537527226,0.274246237257384,1.21421201002706,1.14351502838256,1.11610735509844,1.13624489491616,1.14721786239131,1.13840193207998,0.00810795921532037,0.0077362372573842
glmnet,xgb_lw2fr,1.1363010483219,0.012031168848975,1.13599646863721,0.0127118680216511,0.987288131978349,1.00839107668378,0.00146721944736825,0.274482214232541,1.21433988189655,1.14350056736376,1.11619673540712,1.13624086573408,1.14719549156242,1.13837158154213,0.00811159296353248,0.0079722142325413
hbmnl,xgb_lw2bag,1.13630387335676,0.0125774903074612,1.13609146806758,0.0759191352611972,0.924080864738803,0.988163772858606,1.13344836882475e-05,0.274161579728021,1.21623466186069,1.14117990397422,1.11585397574751,1.13479393532412,1.14946047808079,1.14023107365715,0.00811441799838519,0.00765157972802139
lcmnl,xgb_de,1.1363165275623,0.0144416077002344,1.13564985409286,0.564364786841085,0.435635213158915,0.942598202266683,0.0218828784966885,0.248150039970975,1.20256125364534,1.15166542897443,1.12039704802901,1.1256550560153,1.15111065359647,1.1327544511963,0.00812707220392861,0.0183599600290247
lcmnl3,xgb_de,1.1363165275623,0.0144416077002344,1.13564985409286,0.564364786841085,0.435635213158915,0.942598202266683,0.0218828784966885,0.248150039970975,1.20256125364534,1.15166542897443,1.12039704802901,1.1256550560153,1.15111065359647,1.1327544511963,0.00812707220392861,0.0183599600290247
lcmnl3x,xgb_de,1.1363165275623,0.0144416077002344,1.13564985409286,0.564364786841085,0.435635213158915,0.942598202266683,0.0218828784966885,0.248150039970975,1.20256125364534,1.15166542897443,1.12039704802901,1.1256550560153,1.15111065359647,1.1327544511963,0.00812707220392861,0.0183599600290247
mnl,xgb_lw2bag,1.13636348831173,0.0126664203147316,1.1360894807541,0.126034898008003,0.873965101991997,0.9580938793257,0.0124890857369433,0.265897923070596,1.20967024710084,1.14259304595418,1.11621805643844,1.13445020061938,1.15011609750154,1.13844004104513,0.00817403295336261,0.000612076929404182
xgb_lw2bag,xgb_lw2fr,1.13637073960373,0.0123083390763423,1.13591568645332,0.236417468426153,0.763582531573847,1.0003530456989,0.00541189524967481,0.273843832256698,1.2142510001231,1.14329960228473,1.1159954876079,1.13599638779934,1.14813776691008,1.13842445341659,0.00818128424535725,0.00733383225669837
mixl2,xgb_lw2bag3,1.13637833714159,0.0142310591554073,1.13610906906079,0.228720979835886,0.771279020164114,0.946038203534967,0.00624192171813078,0.276970161581991,1.21882427054943,1.14445919425549,1.11246937785534,1.13695999728952,1.14932078117799,1.13868233512961,0.00818888178321764,0.0104601615819905
hbmnl_nod,xgb_lw3,1.13638126576066,0.0168470692020079,1.13610338175446,0.267641750920798,0.732358249079202,0.953574688692499,5.45208944667376e-06,0.227820845844148,1.21277717585899,1.15098134028803,1.10930796117385,1.13377514774842,1.14978113369717,1.1380607458958,0.00819181040228378,0.0386891541558525
lcmnl3_sm,xgb_long,1.13648600990593,0.0168954220241414,1.13592186718389,0.716260667601827,0.283739332398173,0.946747383691761,0.0241296235859591,0.240812496475424,1.20024550973385,1.15400701875768,1.11568186273476,1.12320143542472,1.15141435191176,1.13812538070074,0.00829655454756106,0.0256975035245764
xgb_lw2bag,xgb_monobag,1.13652035440411,0.0115894005800433,1.13624974544823,0.550801725805507,0.449198274194493,0.988808766814629,2.26177264215027e-06,0.272391305879874,1.2157076180615,1.14219950763661,1.11834447871465,1.13438816442295,1.1494514293135,1.13821819193284,0.00833089904573958,0.00588130587987434
lcmnl1,xgb_bagB,1.13652703733887,0.0140337191217655,1.13598953988015,0.324347524748208,0.675652475251793,0.919351688534921,0.0206484820561476,0.257509469504872,1.20180550256795,1.14640932511664,1.11433280805426,1.13284041260577,1.14981637724039,1.13923626367729,0.00833758198049894,0.00900053049512795
mnl_pw,xgb_bagB,1.13653551971473,0.0140501341601086,1.13601821515913,0.322598623783414,0.677401376216587,0.924157559331096,0.0185808439019616,0.257806138516861,1.201971317458,1.14600584188826,1.11412542100653,1.13321800077121,1.14988766213715,1.13944067277048,0.00834606435635465,0.00870386148313879
xgb_lw2,xgb_lw2fr,1.13654270814363,0.0112556568994212,1.13584748104524,0.143026523665725,0.856973476334275,1.00539819488488,0.00579956738568546,0.274310029426849,1.21388168288643,1.14324668674673,1.11812434405241,1.13583265561127,1.14749266286734,1.13801719144041,0.00835325278526211,0.00780002942684849
nlogit,xgb_bagB,1.13656157744414,0.0140976761553683,1.13606195664226,0.320355708625099,0.679644291374902,0.931969260534756,0.0129496003300514,0.257463563053726,1.20204911113116,1.1462579530396,1.11410014547183,1.13312571372587,1.14982934823023,1.13949472675316,0.00837212208576998,0.00904643694627422
xgb_lw3,xgb_monobag,1.13658296826887,0.0127876606687115,1.13587933313766,0.362180488207142,0.637819511792858,0.976689780723211,1.24998867949402e-05,0.245265177696823,1.20980719412256,1.14752837980609,1.11698614561693,1.13335677718446,1.14840872714933,1.13663481158755,0.00839351291050017,0.0212448223031771
xgb_lw3,xgb_monor,1.13659252938963,0.0126915300161554,1.13597593187802,0.558828593460557,0.441171406539443,0.991542757812601,2.20483251853956e-06,0.23468547616104,1.20688621637975,1.14928447176107,1.11784113896387,1.13406491247383,1.14753218867423,1.13423993507515,0.00840307403125573,0.0318245238389601
xgb_lw,xgb_lw2fr,1.13664018285742,0.0114636500351794,1.13599185947083,0.0305043927060204,0.96949560729398,1.00471514743459,0.00512652292636267,0.274343516440807,1.21420404284255,1.1434763366999,1.11767502594788,1.13623785534343,1.1474098420456,1.13840185425032,0.00845072749905351,0.00783351644080693
xgb_lw2,xgb_monobag,1.13664957101317,0.0105925849264268,1.13641126763904,0.266841044962987,0.733158955037013,0.993986977673011,4.72457042725644e-07,0.2726635575345,1.21617996913653,1.14321701454707,1.12128934528204,1.1332021416804,1.1492096851034,1.13632966845291,0.00846011565479565,0.00615355753449998
xgb_lw2fr,xgb_monoc,1.13665500649932,0.0104456120279115,1.13579088430589,0.833435676195657,0.166564323804343,1.00864012433761,0.000860709633234484,0.275081163472684,1.21392194716916,1.14291584481515,1.11975281074428,1.13565963635282,1.14710281132817,1.13784392925617,0.00846555114094905,0.00857116347268361
hbmnl_nod,xgb_mono,1.13669983960879,0.0108774741668914,1.13635395351534,0.269392992502803,0.730607007497197,0.992770019411559,4.29191299221519e-06,0.282062297695154,1.22276311448608,1.14570340968034,1.12296931606416,1.13299960518664,1.14970222594993,1.13212464116288,0.00851038425042061,0.0155522976951544
mnl_pw,xgb_monoc,1.1367019980097,0.0111610514749489,1.13597371902682,0.343510623412314,0.656489376587686,0.95382287384244,0.017597263784343,0.259029534390198,1.20080407657,1.14589857320126,1.12346492924842,1.13056814133382,1.15042330297518,1.1331550432898,0.00851254265132462,0.00748046560980248
lcmnl1,xgb_monoc,1.13670818524249,0.011235515899553,1.13596280467552,0.344931480116995,0.655068519883005,0.948723816929088,0.0197807251793167,0.258751958651665,1.20067934678188,1.14631289150989,1.12369695680451,1.13020230492134,1.15038076422902,1.13294800874767,0.00851872988411451,0.00775804134833524
mixl2,xgb_lw3,1.13671374127409,0.0172631517182378,1.1364014293735,0.250030166651885,0.749969833348115,0.937003555302283,5.57311030287575e-07,0.224152194760509,1.21283331124366,1.15159541722068,1.10865512958558,1.13513089650222,1.15008882552876,1.13809843753323,0.0085242859157213,0.0423578052394908
lcmnl1,xgb_monor,1.13671981116689,0.012782192121637,1.136025532218,0.350654382101998,0.649345617898002,0.963189845300541,0.0176385663320599,0.257317714798311,1.20055193295595,1.14857857813942,1.12149124349447,1.13212042949075,1.15138358464105,1.13002522006874,0.00853035580851458,0.0091922852016893
mnl_pw,xgb_monor,1.136725655106,0.0127129562544535,1.13605605355722,0.349025120480214,0.650974879519786,0.968507941774843,0.0155800094705207,0.25760676328592,1.20070114991352,1.14817204836968,1.12124542813712,1.13251053051137,1.1514338422378,1.13026642627405,0.00853619974763276,0.00890323671408011
nlogit,xgb_monoc,1.13673060012146,0.0112165661989326,1.13602743117768,0.340185431408738,0.659814568591262,0.971530844362004,0.00580146868918081,0.258824332876107,1.20085605368082,1.14613441792683,1.12343292019453,1.13048465341829,1.15039019709831,1.13321081196936,0.00854114476309009,0.00768566712389279
glmnet_pw,xgb_lw2bag,1.13674091400711,0.0122879554293187,1.13650723293606,0.10045912816222,0.89954087183778,0.979578862626268,0.000148779403349002,0.273965269188432,1.21635565275165,1.14271036202526,1.11694815847445,1.13507986872352,1.14967665618953,1.1392895246228,0.00855145864874229,0.00745526918843154
nlogit,xgb_monor,1.13677142746133,0.0127782762951825,1.13612095751992,0.34618672401991,0.65381327598009,0.97648484813748,0.0102466045937553,0.25721621281562,1.20082473064786,1.14843919499867,1.12121782259118,1.1324537666745,1.15142767961633,1.13031867342599,0.00858197210296163,0.00929378718437962
xgb_lw2bag,xgb_mono2,1.13678535290167,0.0131048641782401,1.13606594733548,0.717496534833097,0.282503465166903,0.980003109717867,1.90065357265244e-06,0.250623459805493,1.2104454472036,1.14570525645787,1.11533053002789,1.13502057393558,1.14850251121972,1.13936789286728,0.00859589754329893,0.0158865401945066
mnl,xgb_monobag,1.13682870609307,0.0114363476448895,1.13666326892167,0.0978877932321742,0.902112206767826,0.970964545868072,2.89822297423548e-06,0.26693865603779,1.21361591972232,1.14403513371235,1.11969261578538,1.13352737832428,1.14973521397773,1.13715318866559,0.00863925073469529,0.000428656037789743
xgb_mono,xgb_monobag,1.13683634853254,0.0100198674510897,1.13637487124747,0.313733947016987,0.686266052983013,0.995473876244196,4.00364462604572e-06,0.272569152157928,1.21681429645349,1.14376420447937,1.12251589957958,1.13363453613755,1.14854245961133,1.13572464285489,0.00864689317417056,0.00605915215792813
mnl_lr,xgb_monobag,1.13690589326272,0.0112223518048447,1.13672501809908,0.101964731264983,0.898035268735018,0.97727899869447,1.18783414143503e-06,0.273159920947933,1.2193292322165,1.14427687369569,1.12007640521811,1.1336066968063,1.14936493838323,1.13720455221025,0.00871643790434651,0.00664992094793265
hbmnl,xgb_monobag,1.13691438658458,0.0112602240259065,1.13670872718837,0.0564837996297014,0.943516200370299,0.980229349307086,4.7267056095204e-06,0.273065380455759,1.21943101495129,1.14301595521539,1.11952953899123,1.13393493136816,1.14938984238672,1.13870166496142,0.00872493122621254,0.00655538045575921
xgb_lw2bag3,xgb_monobag,1.13694666070737,0.0113951586846088,1.13660883029399,0.333519177964467,0.666480822035533,0.986612346650523,3.84313153083266e-06,0.271739794697735,1.21580631444339,1.143639854314,1.11904099216965,1.13510495220081,1.14919166360582,1.13775584124656,0.00875720534899926,0.00522979469773499
glmnet,xgb_lw2bag,1.13695631947281,0.0122723679398681,1.13681881298732,7.75425771988803e-07,0.999999224574228,0.996384626442565,4.67478908512e-05,0.272580211844854,1.21535425050166,1.14204868936098,1.1173140271978,1.135455187227,1.15044172806447,1.13952196551381,0.00876686411444005,0.00607021184485346
xgb_de,xgb_lw2bag,1.13697403238411,0.0122766599189502,1.13681881588,1.6246628174034e-06,0.999998375337183,0.996316204136909,3.92684137425237e-05,0.272580467056998,1.21535861158343,1.14204783118613,1.11724228204541,1.13568019646577,1.15037562129571,1.13952423092755,0.00878457702574287,0.00607046705699804
xgb_bagA,xgb_lw2bag,1.13697562767822,0.0122781336592049,1.13681882647692,4.57660429130293e-07,0.999999542339571,0.995869599383795,0.00025205714494773,0.272576121181396,1.21536690027111,1.14204844992884,1.11723987288002,1.13568559177769,1.15037723530153,1.13952698850304,0.00878617231985346,0.00606612118139605
xgb_long,xgb_lw2bag,1.13698721475552,0.0122960616454694,1.13681881402742,4.06400532572827e-13,0.999999999999594,0.996344368712714,7.75265436238309e-05,0.272579551412239,1.21535410301858,1.14204619893843,1.11723998751505,1.13568291307924,1.15044445209725,1.13952252214765,0.00879775939715088,0.00606955141223892
xgb_lw2bag,xgb_wide,1.13698844927257,0.0122964253677188,1.1368188276138,0.999999999999349,6.51367848547579e-13,0.996228440057372,0.000220105428422675,0.272576456652966,1.21534953158064,1.14204968125486,1.11724057879761,1.13568230767266,1.15044484556415,1.13952483307355,0.00879899391419503,0.00606645665296601
xgb_bagB,xgb_lw2bag,1.13699025110086,0.0122947378139456,1.13681880942244,1.74589720044387e-26,1,0.99630221344643,2.14817421453957e-05,0.272580862429326,1.21536074835603,1.14204842216195,1.11724485890238,1.13568700548442,1.15044582977181,1.13952513918373,0.00880079574248738,0.0060708624293257
xgb_2stage,xgb_lw2bag,1.13699040548839,0.0122957249622889,1.13681881116082,3.43540206009189e-08,0.999999965645979,0.996232255188251,2.58344604000876e-05,0.272580839466103,1.21536428139268,1.14204670782315,1.11724136452692,1.13568940705096,1.15044420482551,1.13953034321542,0.00880095013002036,0.00607083946610265
mixl,xgb_lw2bag,1.13702685406427,0.0123546498296448,1.13675147771533,0.0390166772435214,0.960983322756478,0.984620735508771,0.00320437931786311,0.274400179890672,1.21643666115782,1.14243738593106,1.11717178768474,1.13553131145345,1.15037147617188,1.13962230908021,0.0088373987058985,0.00789017989067192
hbmnl_nod,lcmnl3_both,1.13705740473883,0.0174970455406863,1.13650308399904,0.21887757043122,0.78112242956878,0.96700353205457,0.0210195660947629,0.237709954814001,1.20339130393532,1.15528443441202,1.11512154208075,1.12340510285075,1.15182442764906,1.1396515167016,0.00886794938046331,0.0288000451859992
xgb_bagC,xgb_lw2bag,1.13709372261971,0.0122825967679002,1.13681820133912,0.0116158145036384,0.988384185496362,0.996003719788731,8.98992352876041e-05,0.272595203305597,1.21540386757438,1.14243465355589,1.11737836454627,1.13568218791298,1.15044734088199,1.13952606620144,0.00890426726134175,0.00608520330559714
xgb_lw2bag,xgb_lw2bag3,1.13709788090753,0.0123217599892352,1.13681869614189,0.992454267001137,0.00754573299886341,0.996123699413049,0.00012223701286566,0.272567737165885,1.21534221008919,1.1423585131791,1.11724318229811,1.13591950262614,1.15044515568688,1.1395230507474,0.00890842554915472,0.00605773716588465
lcmnl3_bag,xgb_de,1.13709902257382,0.0150293053978659,1.13628619263619,0.583930753583884,0.416069246416116,0.921406064710805,0.0348472833269945,0.24770533636218,1.20150811190208,1.15326702835117,1.12025862906047,1.12579474440695,1.1520039089659,1.13417080208458,0.00890956721544378,0.01880466363782
xgb_lw2,xgb_lw2bag,1.13710254433478,0.0112637107125825,1.13655033848231,0.187141105700485,0.812858894299515,0.999928445290642,0.000613597387134011,0.272938240531411,1.21479707873792,1.14233972577617,1.11949965114137,1.13502589829982,1.14987311463005,1.13877433182649,0.00891308897641086,0.00642824053141056
xgb_monobag,xgb_monor,1.13712011653709,0.0104811356584832,1.13678500663359,0.797820481815856,0.202179518184145,0.991667526405807,2.13389927338491e-06,0.272793167646444,1.21753190423774,1.14342406390495,1.12166833152959,1.13416604306566,1.14945457151916,1.1368875726661,0.00893066117871966,0.00628316764644438
lcmnl3b,xgb_de,1.13712089616968,0.0146783339324543,1.13637360204044,0.552365329863663,0.447634670136337,0.946296728067752,0.021796417526583,0.251577203231723,1.20356153815121,1.1522551996992,1.1206521855901,1.12602267019372,1.15231197103208,1.13436245433331,0.00893144081131103,0.0149327967682774
xgb_lw2bag3,xgb_mono,1.13712326890233,0.0106471922862227,1.13642249911455,0.555411983920094,0.444588016079906,1.00693593883801,9.59083442753705e-07,0.272511033375258,1.21309909370062,1.1447436178754,1.12125305303838,1.13520481042344,1.14884593446556,1.13556892870888,0.00893381354395961,0.00600103337525826
hbmnl_nod,xgb_lw2,1.1371322178288,0.0116082396066784,1.13676873887145,0.302988407462456,0.697011592537544,0.990814974189816,2.54272958964994e-06,0.283672472290155,1.22199405029814,1.14519483834312,1.12147309366378,1.13205313454928,1.15130131223685,1.13563871035099,0.00894276247043235,0.0171624722901553
hbmnl_nod,lcmnl3_sm,1.13714791604843,0.0174608689788397,1.13657053304186,0.221191416667544,0.778808583332456,0.961928606090065,0.0206745554113879,0.239330867010325,1.20355275839346,1.15548296830473,1.1153666452503,1.12349175867218,1.15187136525662,1.13952684275834,0.00895846069006123,0.0271791329896754
xgb_lw2bag,xgb_lw3,1.13715345378337,0.0135313924016366,1.13623050061114,0.706697375349061,0.293302624650939,0.986973676073021,3.70135024413864e-05,0.250493388905232,1.20936606531572,1.14738597506863,1.11553303695679,1.1347513350796,1.14949800148256,1.13859892032926,0.00896399842499607,0.0160166110947678
glmnet_pw,xgb_monobag,1.13719289960857,0.011153506129133,1.137023523563,0.0521456615931198,0.94785433840688,0.977579517261198,1.87201792716711e-06,0.27260300302778,1.21915328029229,1.1439981090926,1.12027947318123,1.13419857749272,1.14967812635168,1.13781021192464,0.00900344425020183,0.00609300302778032
glmnet,xgb_monobag,1.13719610023372,0.0110837687681447,1.13709817645425,3.71115247749331e-31,1,0.985271541366395,2.16787893370328e-07,0.271914144572703,1.21845990064438,1.14355928812687,1.12040612351196,1.13437843886472,1.1498746978373,1.13776195282777,0.00900664487535186,0.00540414457270305
xgb_2stage,xgb_monobag,1.13719619428554,0.011082589270263,1.13709817917668,2.42928793053438e-15,0.999999999999998,0.985409611123158,2.72235843364646e-07,0.271914020650812,1.21845101522556,1.14355891486387,1.12040856147834,1.13437845015369,1.14987403365509,1.13776101127671,0.00900673892716797,0.0054040206508123
xgb_long,xgb_monobag,1.13719644553564,0.0110827175493336,1.13709817672051,4.97957085498681e-19,1,0.985383798524199,3.78280800654223e-08,0.271914048765884,1.21845269359935,1.14355872333835,1.12040791079604,1.13437844092965,1.14987360123289,1.13776355138125,0.0090069901772647,0.00540404876588385
xgb_bagC,xgb_monobag,1.13719650391881,0.0110832696388044,1.13709818756395,6.9328642657865e-16,1,0.985186855302592,1.68363175538889e-06,0.271914187444856,1.2184652349259,1.14355909865725,1.12040779134799,1.13437847350168,1.1498752667055,1.13776188938163,0.00900704856043855,0.00540418744485605
xgb_monobag,xgb_wide,1.13719713906625,0.0110825566222083,1.13709818845742,0.999999996323371,3.67662922329259e-09,0.985483784577738,1.05347329723145e-06,0.271913937420336,1.21844618570295,1.14355828169036,1.12040981877924,1.1343785404184,1.14987582308364,1.1377632313596,0.00900768370787852,0.00540393742033601
xgb_de,xgb_monobag,1.13719882977869,0.0110800887767749,1.1370981766047,2.40965461422449e-74,1,0.98538255061426,2.5839190617087e-08,0.271914050139052,1.21845277480177,1.14355791861855,1.12041643349766,1.13437847074352,1.14987602664932,1.13776529938439,0.00900937442031635,0.00540405013905199
hbmnl_nod,lcmnl3_tilt,1.137200770973,0.0173453292526984,1.13665885458849,0.220299565231047,0.779700434768953,0.968091482204777,0.0207970529811408,0.237507544448052,1.20354515596755,1.15525054956956,1.11541414039406,1.12382143142732,1.15198386775224,1.13953386572183,0.0090113156146332,0.0290024555519484
xgb_lw2bag,xgb_monoc,1.13721406507342,0.0104523019867249,1.13650328397931,0.796001580489446,0.203998419510554,0.996443705788062,2.50660372187462e-06,0.273779474991546,1.21488695514086,1.14160249411165,1.12123315142715,1.13485130647903,1.14964134365002,1.13874202969926,0.00902460971504704,0.00726947499154623
mixl,xgb_monobag,1.1372232696956,0.0111022810303841,1.13709818745932,7.01714366021094e-17,1,0.985166831251825,1.50661619847186e-06,0.271914209034393,1.21846653879016,1.14368840917438,1.12040744531206,1.13437845893675,1.14987573044275,1.13776630461205,0.00903381433722639,0.0054042090343927
xgb_bagA,xgb_monobag,1.13723952432024,0.0110835440573572,1.13709818084925,8.24384975827969e-09,0.99999999175615,0.985249086866845,8.90462765104568e-07,0.271914149758735,1.21846129181991,1.14355793845372,1.12041408549389,1.13437844079831,1.14987433842462,1.13797281843068,0.00905006896186999,0.00540414975873504
mixl2,xgb_mono,1.13724401707611,0.0110569005166843,1.13680875487036,0.246707716926601,0.753292283073399,0.977881433617939,1.02613918026252e-05,0.279968681020167,1.22217217193474,1.14617886666067,1.12285270303731,1.13441712075978,1.15032382824111,1.13244756668169,0.00905456171774199,0.0134586810201666
xgb_lw2bag3,xgb_lw3,1.13724429499757,0.0143815778353894,1.13680280060626,0.556965106837,0.443034893163,0.984483238877695,3.03415097222379e-05,0.239718025666543,1.20695853038022,1.14936440145922,1.11373917106405,1.13613371103629,1.14842301185855,1.13856117956977,0.00905483963920295,0.026791974333457
lcmnl3_both,xgb_2stage,1.13725181293416,0.0169746417096033,1.13668512059129,0.816633664517448,0.183366335482552,0.960870136118476,0.0322839645777483,0.231423828488948,1.20304230276696,1.15562068720582,1.11562520315509,1.12504315689169,1.15126084076481,1.1387091766534,0.00906235757579199,0.0350861715110525
xgb_lw2bag3,xgb_mono2,1.13727528237424,0.0138207755570697,1.13680491604046,0.603673546474468,0.396326453525532,0.976211490835284,3.34085889192137e-06,0.241781248723181,1.20881028218639,1.14775402156925,1.1140159627557,1.13710716692492,1.14758321861361,1.13991604200772,0.00908582701586913,0.0247287512768192
xgb_monobag,xgb_monoc,1.13734160917073,0.0099463948434344,1.13688507239796,0.821662832975143,0.178337167024857,0.987711311595738,5.65203935419156e-06,0.273033780813789,1.21760904080909,1.1430566105554,1.12303026285058,1.13386996013099,1.14943269377764,1.13731851853904,0.00915215381235712,0.00652378081378902
lcmnl3_tilt,xgb_2stage,1.13736130937762,0.0168534298232642,1.13680752606543,0.814302336254788,0.185697663745212,0.961841108601148,0.0323140768612061,0.231296985237882,1.20324047580509,1.1555465139649,1.11589281686893,1.12532932291298,1.15144183679656,1.13859605634475,0.00917185401925291,0.035213014762118
xgb_bagB,xgb_monobag,1.1373873284935,0.0110593926794014,1.13705490681751,0.100788547409017,0.899211452590983,0.982559538706295,1.76073196818892e-06,0.272317454634978,1.21810413052578,1.14344768272949,1.12041119479614,1.1344219518512,1.14976789510023,1.13888791799043,0.00919787313512499,0.00580745463497806
xgb_lw,xgb_lw2bag,1.13738742451736,0.0115779979570536,1.13679452607425,0.0526041450296887,0.947395854970311,0.99510884750603,0.000455783735293528,0.272761073678511,1.21532642151211,1.14226408082418,1.11906704677299,1.13568183272733,1.15039909503379,1.13952506722852,0.0091979691589914,0.00625107367851113
xgb_lw,xgb_monobag,1.13739210737997,0.0105849202955005,1.1370110229404,0.0954412188599939,0.904558781140006,0.985493346468344,4.0365176040123e-06,0.272322133576202,1.21794437404763,1.1436049941086,1.12177540367682,1.13419667647391,1.14986017732959,1.13752328531096,0.00920265202160331,0.00581213357620236
xgb_lw2bag3,xgb_monor,1.13739350849822,0.011337171252054,1.13683229866271,0.624078204617193,0.375921795382807,1.00412633671803,2.34758031467638e-06,0.273176063142415,1.21306539952403,1.1446259217185,1.11988619094822,1.13602136357524,1.14975928729921,1.13667477894991,0.00920405313984474,0.00666606314241502
lcmnl4,xgb_de,1.13743492182183,0.0134327866694624,1.13671709112858,0.538565770746736,0.461434229253264,0.947764066858697,0.0174670273286263,0.250889136523196,1.20610494170232,1.15142529981404,1.1217375517323,1.12663538231896,1.15019910948173,1.13717726576211,0.00924546646345625,0.0156208634768037
lcmnl3_both,xgb_wide,1.13743981651855,0.0171971775029271,1.13689959710065,0.817123596280212,0.182876403719788,0.967073344179156,0.0151336762236346,0.231827790639474,1.20255473399414,1.15606249860547,1.11657826918492,1.12369352578941,1.15192239051607,1.13894239849685,0.00925036116017575,0.0346822093605264
mnl_lr,xgb_lw2bag3,1.13751784026855,0.012921588388749,1.1371911669266,0.181396713522174,0.818603286477826,0.972717902923874,0.00646114797375795,0.273498784120101,1.21549517416129,1.14660178610018,1.11644389672461,1.13658595898482,1.14931191845156,1.13864564108157,0.00932838491017685,0.00698878412010068
lcmnl3_sm,xgb_2stage,1.13752098400053,0.0168899708388842,1.13692152591473,0.822653142240441,0.177346857759559,0.955329893795632,0.032810366029693,0.232581626127114,1.20328287429182,1.15590947136368,1.11615256200228,1.12529494105458,1.15149780720761,1.13875013837452,0.00933152864216313,0.0339283738728865
xgb_lw2,xgb_lw3,1.13753286611025,0.0128519622137879,1.13680228126354,0.432041695605034,0.567958304394966,0.9964746918143,2.18939742169482e-05,0.233512704579019,1.20701585163721,1.15043395289255,1.11859684660198,1.13389716965294,1.14852049867427,1.1362158627295,0.00934341075187661,0.0329972954209815
lcmnl3_tilt,xgb_wide,1.13753588565308,0.0170966179141033,1.13701528430588,0.813745261200795,0.186254738799205,0.967790773684348,0.014706712923631,0.231734347622174,1.2027765419531,1.15599594551425,1.11684486459106,1.12388761736723,1.15210630057395,1.13884470021894,0.00934643029471349,0.0347756523778256
glmnet_pw,lcmnl3_both,1.13756843857969,0.0171839912361296,1.13712770181101,0.184275423170139,0.815724576829861,0.941135778721865,0.0346648030467858,0.232900954997991,1.20322562835821,1.1572699004754,1.11710802728398,1.12365608757041,1.1509540949637,1.13885408260498,0.00937898322132269,0.0336090450020095
xgb_mono2,xgb_monobag,1.13759269948389,0.0116900560102693,1.13669063321637,0.234779695096102,0.765220304903898,0.975351072191653,2.23094531584844e-06,0.253539269155177,1.21402278934396,1.14655579023579,1.11942075431656,1.13458361047179,1.14881925674261,1.13858408565271,0.00940324412552074,0.012970730844823
mixl2,xgb_lw2,1.13759566400351,0.0119062388376953,1.13713900016718,0.285423370378931,0.714576629621069,0.972290388849711,6.78080535748452e-06,0.281560132320644,1.22158605213796,1.14565794027854,1.12100575107311,1.13348010420154,1.1519778311468,1.13585669331757,0.00940620864514008,0.0150501323206443
lcmnl3_both,mixl2,1.13762808621293,0.0176013878131573,1.13699374731141,0.815043636451894,0.184956363548106,0.944953401677961,0.0299427676824782,0.233453473561442,1.20417236268064,1.15618398953438,1.11523410245329,1.12454659166579,1.15237921087132,1.13979653653985,0.00943863085455576,0.033056526438558
glmnet_pw,lcmnl3_tilt,1.13768073622868,0.0170451728898313,1.13725213746066,0.188541962268537,0.811458037731463,0.940760508126713,0.0349318640492115,0.232850010649886,1.20345763755533,1.15720170165992,1.11738418351864,1.12398606279345,1.15111648062924,1.13871525254213,0.00949128087030426,0.0336599893501137
lcmnl3_sm,mixl2,1.13770608296512,0.0175724042915355,1.1370516915336,0.81173390172792,0.18826609827208,0.939163197721122,0.0298072297176103,0.235126713019895,1.20430107526048,1.1563770479673,1.11547226067833,1.12460014474713,1.15242482854608,1.13965613288675,0.00951662760674932,0.0313832869801049
glmnet_pw,lcmnl3_sm,1.13773355506421,0.0171332077932574,1.13726969857851,0.183383573271874,0.816616426728126,0.935090769194635,0.0351987062469428,0.234267205085979,1.20340077312518,1.15750653337681,1.11749024740375,1.12380084139396,1.15108246327223,1.13878768987432,0.00954409970584336,0.032242794914021
xgb_mono,xgb_mono2,1.13774965168774,0.0109441861869571,1.1366533304124,0.53628682141196,0.46371317858804,0.989914201700468,1.64787725049466e-06,0.238781181626346,1.21053208716203,1.14900621985911,1.12167082222901,1.13545869025499,1.14693273122953,1.13567979486605,0.00956019632936655,0.0277288183736536
glmnet,lcmnl3_both,1.13775415128098,0.0170055001629759,1.13725415991276,0.151070383568949,0.848929616431051,0.933034533870341,0.0397930901672403,0.230812609646431,1.20258179268005,1.1573599673887,1.11822284059341,1.12352111545876,1.15146955694385,1.1381972760202,0.00956469592261211,0.0356973903535689
mnl_lr,xgb_lw3,1.13777193898421,0.0158537473185908,1.13749744055449,0.211618681307783,0.788381318692217,0.959864792085872,0.00380075410110944,0.221017672038926,1.21103499004334,1.15421314249369,1.11339890941371,1.13441542643208,1.14916188944077,1.13767032714079,0.00958248362583691,0.0454923279610744
lcmnl3_sm,xgb_wide,1.13778768675612,0.0170828904169195,1.13721851212656,0.828046957491769,0.171953042508231,0.961813453169151,0.0168959138462725,0.2327600079885,1.202901655411,1.1564162156732,1.11725576359662,1.1240520288598,1.15223142402382,1.13898300162715,0.00959823139774696,0.0337499920115002
lcmnl3_tilt,mixl2,1.13780112124624,0.0174326298793801,1.1371746745565,0.81498369779112,0.18501630220888,0.946618007379126,0.029587314465618,0.233188030501439,1.2044153877808,1.15616311644924,1.11558914050261,1.1250115666398,1.15256455202124,1.13967723061832,0.00961166588786933,0.0333219694985609
lcmnl5,xgb_de,1.13783903619107,0.0131304607092537,1.13727814204843,0.544053296162943,0.455946703837058,0.947310995803596,0.0185753382829491,0.251970232056754,1.20881812547018,1.1479979632396,1.12213973551537,1.1273669585421,1.15299020567231,1.13870031798598,0.00964958083270151,0.0145397679432458
mnl,xgb_lw2bag3,1.13785225478857,0.0133202324106063,1.13751044858125,0.149666581721117,0.850333418278883,0.953149441296923,0.0159672685976554,0.263389670619211,1.20783663805493,1.14695065189322,1.11604506523183,1.13715908489011,1.15008013553421,1.13902633639351,0.00966279943020276,0.00312032938078932
glmnet,lcmnl3_tilt,1.1378602923455,0.0168592268371012,1.13737594262839,0.155106059101509,0.844893940898492,0.932311170551965,0.0400910212346262,0.230740792294577,1.20281054296194,1.15728606661659,1.11852339890864,1.12385460467047,1.15162530728659,1.13801208424521,0.0096708369871279,0.0357692077054229
xgb_bagB,xgb_mono,1.13787742788074,0.00970335875564264,1.13721021417271,0.465405738089079,0.534594261910921,0.995886791584325,1.38293461588902e-06,0.274971797532192,1.21570176946162,1.14455355525736,1.12356662427723,1.13470723083318,1.14870333736648,1.13785639166945,0.00968797252237064,0.00846179753219195
xgb_lw3,xgb_monoc,1.13788609727795,0.011678810675943,1.13680905775247,0.561743363120078,0.438256636879922,0.9860806819476,2.32140487589223e-06,0.234958722220377,1.20761805925842,1.14983518066462,1.12108854827403,1.13366113481259,1.14797377396003,1.13687184867848,0.00969664191957809,0.0315512777796231
hbmnl,xgb_lw2bag3,1.13790334473285,0.0133089734095158,1.13760389638079,0.0867496464014503,0.91325035359855,0.991061981956941,2.16775950187815e-05,0.272978396482075,1.21531801761131,1.14536158818286,1.11551475687698,1.13772965199568,1.14978806991487,1.14112265669385,0.00971388937447615,0.00646839648207465
lcmnl2,xgb_de,1.13804727431529,0.0124260020447085,1.13748978412919,0.527599331731451,0.472400668268549,0.901741307332625,0.0456025119927091,0.253800111366349,1.20177923400464,1.14766173769842,1.12448392627064,1.12936258046729,1.15400751291981,1.13472061422029,0.0098578189569194,0.0127098886336515
xgb_lw2,xgb_mono2,1.13805703694548,0.0117937434730591,1.13705057792,0.481158394389495,0.518841605610505,0.987313278308926,7.24373990096323e-08,0.235355412541312,1.20939052384364,1.14900201284599,1.11998600802456,1.13508202194769,1.14811498819895,1.1381001537102,0.00986758158710477,0.0311545874586885
glmnet,lcmnl3_sm,1.13810145487451,0.0169266917735987,1.13757851601231,0.13831153627166,0.86168846372834,0.930008085006366,0.0401241562003535,0.231602943748137,1.20298408329396,1.15763305008578,1.11875962316941,1.12387512030811,1.15181155083337,1.13842792997591,0.00991199951614319,0.0349070562518633
lcmnl1,xgb_mono2,1.13816708300709,0.0161100886373251,1.13745335961816,0.29825922510694,0.70174077489306,0.939521110230139,0.00690236548353172,0.209181500754867,1.20424984775083,1.15402177950228,1.11221251741339,1.13666814673786,1.14863638904002,1.13929658234189,0.0099776276487149,0.0573284992451328
lcmnl3_both,mixl,1.13817264613264,0.0175681357598517,1.13760998177752,0.881429401249015,0.118570598750985,0.972323213706388,0.0209599709046808,0.233280412269772,1.20385990007563,1.1573978102993,1.11660591465263,1.12404326699008,1.1520888472545,1.1407273914667,0.00998319077427223,0.0332295877302276
mnl_pw,xgb_mono2,1.13817715991254,0.0161471747086412,1.13749496707574,0.295453083571925,0.704546916428075,0.94555621288823,0.00374014023821354,0.209432444710004,1.2045181509435,1.15375254057413,1.11196682656325,1.13699611451168,1.14867575660843,1.13949456130521,0.00998770455416897,0.0570775552899965
mnl_pw,xgb_bagA,1.13821266861876,0.0140712283096557,1.13771627256854,0.32157045604306,0.67842954395694,0.928347288968426,0.0195644241664127,0.25876057512125,1.20483819296579,1.14748301788219,1.11545556173052,1.13632537394569,1.15166293829756,1.14013645123784,0.0100232132603864,0.00774942487875036
hbmnl_nod,xgb_monoc,1.13822018465255,0.00962639627472393,1.13783896082365,0.274338896823009,0.725661103176991,0.980760009938309,7.71674783803653e-07,0.285789368431195,1.22395291252695,1.14341655765196,1.12617029239343,1.13266727764335,1.15115664895234,1.13769014662168,0.0100307292941806,0.0192793684311954
glmnet_pw,xgb_lw2bag3,1.13822332732528,0.0129294060699969,1.13793632750028,0.139483636460162,0.860516363539838,0.971576951927166,0.00385341026373581,0.273066441015533,1.21584660655954,1.14681250627306,1.11680696697948,1.13780855812433,1.14976350065444,1.1399251045951,0.0100338719669122,0.00655644101553266
mnl,xgb_mono,1.13822378701249,0.0104654002831255,1.13784930877736,0.185703316630008,0.814296683369992,0.99658010216334,0.00199782574056214,0.264599710883759,1.20867224462666,1.14790979025873,1.12652030584195,1.13403971586587,1.15055960960276,1.13208951349314,0.0100343316541178,0.0019102891162413
nlogit,xgb_mono2,1.1382288475726,0.0162168881549549,1.13756265894133,0.292957667984308,0.707042332015692,0.950752192842765,5.00725939556453e-05,0.20909088309501,1.20481422229864,1.154048825369,1.11195115228987,1.13699405144671,1.14861816062491,1.13953204813252,0.0100393922142308,0.0574191169049905
lcmnl1,xgb_bagA,1.1382305904838,0.0140271835258554,1.13769359944264,0.323961221935317,0.676038778064683,0.922992928510676,0.021958201282161,0.258421114060159,1.20465609616644,1.14790303972297,1.11573024723028,1.13596373358474,1.15161583357741,1.13994009830358,0.0100411351254259,0.00808888593984097
hbmnl_nod,xgb_bagB,1.13824663975074,0.0133976541336013,1.13805589332753,0.245803256422133,0.754196743577867,0.949090644833752,7.64989020383556e-06,0.28281533859947,1.22420191226351,1.14399366727907,1.11625695464327,1.13580202921596,1.15081756780964,1.14436297980575,0.0100571843923654,0.0163053385994696
nlogit,xgb_bagA,1.13825425578234,0.0140983568864197,1.13775562967612,0.319087498300673,0.680912501699327,0.93594768931266,0.0141868839576903,0.258422915115977,1.20492031206617,1.14772931309351,1.11548309796514,1.13624032486963,1.15163194042583,1.14018660255758,0.0100648004239647,0.0080870848840226
lcmnl3_tilt,mixl,1.13831493499007,0.0174046585952906,1.1377593274495,0.879584423200972,0.120415576799028,0.973131828864398,0.0205478395986951,0.233153625315508,1.20412671347508,1.15733617514773,1.11688817187363,1.12449844129541,1.15226984605059,1.14058204058298,0.010125479631699,0.0333563746844925
xgb_bagA,xgb_mono,1.13832087577493,0.00979212866794373,1.13770601329881,0.41179687342609,0.58820312657391,1.00080024222523,2.84036715735286e-05,0.275384685992913,1.21692759239459,1.14517435334317,1.12439124862565,1.13582918619216,1.14983376920107,1.13637582151259,0.0101314204165575,0.0088746859929133
xgb_bagB,xgb_monor,1.1383217613335,0.0102808937256129,1.13777074821163,0.537293951115883,0.462706048884117,0.990574429814381,1.1544852647603e-06,0.276180677158079,1.21606593206182,1.14394325911904,1.12255517685085,1.13573683639354,1.14992567183253,1.13944786247154,0.0101323059751306,0.00967067715807845
mnl_lr,xgb_mono,1.13832921149453,0.010407791171277,1.13790801293409,0.202134434276458,0.797865565723542,1.00750172752765,0.00148341237930502,0.276410243276807,1.21853127823525,1.14840255866524,1.12665373341173,1.13391898768021,1.15022288225593,1.13244789545955,0.0101397561361611,0.00990024327680705
hbmnl,lcmnl3_both,1.13833149831949,0.0173673793973489,1.13774207551146,0.0687066686996042,0.931293331300396,0.971660064977897,0.0330459460472614,0.227614761791088,1.20325586152448,1.15716192850199,1.11701281926926,1.12407282712128,1.15189595637958,1.14151396032534,0.0101420429611172,0.0388952382089119
lcmnl3_drift,xgb_long,1.13836873011065,0.0162464133255651,1.13783824457308,0.650941170069407,0.349058829930593,0.951694426735462,0.019072065605779,0.245862235223937,1.20273977755395,1.15537193220233,1.11922571426111,1.12520339344406,1.15342974450707,1.13861286613868,0.0101792747522802,0.020647764776063
xgb_lw2,xgb_lw2bag3,1.1384235904591,0.0114639146488547,1.13768215275942,0.326350442919134,0.673649557080866,1.00308299382555,0.00330981071157628,0.272145920986531,1.21368147407184,1.14561968259403,1.12059573366223,1.13669257208102,1.15079584255936,1.13841412139886,0.0102341351007269,0.00563592098653099
lcmnl3_both,lcmnl5,1.13843136530264,0.0172392297571962,1.13780714373053,0.800224030273755,0.199775969726245,0.975373545827244,0.0311726207903294,0.224294558781632,1.20434156432772,1.15710469837824,1.11826460975956,1.12336661413063,1.15259855403161,1.14082235021314,0.010241909944265,0.0422154412183679
lcmnl3_both,mnl_lr,1.13843554556528,0.0172189898037523,1.13791823971672,0.891836502503833,0.108163497496167,0.961032401963379,0.0374976949998807,0.22914632585358,1.20378894193059,1.15827230678733,1.11818312003377,1.12432933039697,1.15193703037646,1.13945594023186,0.0102460902069055,0.0373636741464204
xgb_lw2bag3,xgb_monoc,1.13846782427539,0.0101621453594776,1.1375289154399,0.65526286687963,0.34473713312037,0.999511879433775,6.84356989459381e-06,0.273577653736886,1.21388735606779,1.14441589562209,1.12294488869089,1.13635127050104,1.14996646543547,1.13866060112745,0.0102783689170189,0.00706765373688567
hbmnl,lcmnl3_sm,1.13847246199863,0.017315359288777,1.13785271820603,0.0696980088837804,0.93030199111622,0.964414118939989,0.0335455360947286,0.229177436806479,1.20336189570222,1.15741600169963,1.11735998246546,1.12420694530294,1.15198787549327,1.14139150503186,0.0102830066402593,0.0373325631935211
mixl2,xgb_bagB,1.13847694399442,0.0136959516345917,1.13822425651845,0.230263128406651,0.769736871593349,0.932902416952185,1.46822940318347e-07,0.281108362783121,1.22377396027815,1.14420093774436,1.11565919612269,1.13695582596029,1.15105027271886,1.14451848742589,0.0102874886360469,0.0145983627831213
lcmnl3_sm,mixl,1.13848299664289,0.0174461297799196,1.13789028743547,0.894399026992722,0.105600973007278,0.966466004151259,0.0230235161090415,0.233740267251363,1.20411644334358,1.15773203359464,1.11728242974284,1.12433218970307,1.15234761299075,1.14072071718314,0.0102935412845173,0.0327697327486375
lcmnl3_both,mnl,1.1384883295369,0.0172750143806296,1.13791196255625,0.901675200326921,0.0983247996730791,0.948687988866537,0.0417180703058923,0.22316046690403,1.20297550993017,1.15774610796661,1.11755155794895,1.12498344032735,1.15266953769021,1.13949100375136,0.0102988741785266,0.0433495330959701
xgb_bagC,xgb_lw2bag3,1.13849638906857,0.0124720771771679,1.13809730423685,0.254207879868804,0.745792120131196,0.992029684199192,1.21068695174557e-06,0.271793701215272,1.21578573739253,1.14615827968895,1.11808500816181,1.13749313287949,1.1504376540753,1.14030787053731,0.0103069337102026,0.00528370121527177
hbmnl_nod,xgb_monor,1.13849860010778,0.0112115162014822,1.1381273798971,0.273992934406077,0.726007065593923,0.994661444934677,2.63012830320412e-06,0.283847500463219,1.22491727295296,1.14602677387496,1.1236717723917,1.13516945833575,1.15272108808879,1.13490390784766,0.0103091447494039,0.0173375004632186
hbmnl,lcmnl3_tilt,1.13851641163649,0.017164229109695,1.13792465530363,0.0682706214911211,0.931729378508879,0.972310564728819,0.0331862834036791,0.227325976479418,1.20359560166433,1.15711810597149,1.11738389953809,1.12461725583947,1.15210161240363,1.14136118442977,0.0103269562781201,0.0391840235205817
lcmnl3_both,mnl_pw,1.13854257034701,0.0173523937320019,1.13771257267036,0.843416512365785,0.156583487634215,0.952732384565532,0.0413892181386906,0.22300967928658,1.2022489169339,1.15769257748461,1.1169301345208,1.12606951081645,1.15320373155086,1.13881689736233,0.0103531149886409,0.0435003207134201
lcmnl3_sm,lcmnl5,1.13854262583542,0.0171871318302321,1.13789687284082,0.79461863521979,0.205381364780211,0.968018705595236,0.032239466813913,0.225558454176368,1.20445773007999,1.1572729706946,1.11856904342691,1.12345746265667,1.15266290318553,1.14075074921339,0.010353170477047,0.0409515458236317
lcmnl3_both,nlogit,1.13855859387765,0.0173906015132208,1.13773982676396,0.84744643639054,0.15255356360946,0.955781363899294,0.0397178913742581,0.222865525362605,1.2022928342235,1.15782265721874,1.11696923714805,1.12594792929171,1.1531665078069,1.13888663792286,0.0103691385192795,0.0436444746373952
lcmnl3_sm,mnl_lr,1.13856312616107,0.0171901701551997,1.13802616269003,0.888804134069093,0.111195865930907,0.953524301725038,0.0383844009189853,0.230745653709182,1.20391604284261,1.15854774317078,1.11852811621274,1.12444342201833,1.15203015670103,1.13926619270246,0.0103736708026962,0.0357643462908182
lcmnl3_tilt,lcmnl5,1.13856532676342,0.0170600173968731,1.13794718892448,0.79484095068722,0.20515904931278,0.974889285196259,0.031786056971782,0.224054743492318,1.20475866373433,1.15694604725939,1.11856805663968,1.12375230386348,1.15278194615633,1.14077827989824,0.0103758714050537,0.0424552565076819
lcmnl3_tilt,mnl_lr,1.13856894494861,0.0170666599795317,1.13806615529005,0.888972894612924,0.111027105387076,0.961715703582659,0.0374344490496946,0.229036550156184,1.20409291954412,1.15821816313817,1.11851796860897,1.12470269126249,1.15214069238168,1.13926520935174,0.0103794895902374,0.0374734498438158
lcmnl1,lcmnl3_both,1.13857854706424,0.0173844130058738,1.13778187875235,0.14870996767676,0.85129003232324,0.95226496505696,0.0417427969002893,0.222967045964301,1.20245187476924,1.15786901545228,1.11710570826337,1.12578408367504,1.15313149567842,1.1390024322521,0.0103890917058707,0.0435429540356995
lcmnl3_tilt,mnl,1.13864110654078,0.0171102536794546,1.13807536508972,0.899353111056799,0.100646888943201,0.948429586451844,0.041933894827923,0.222895711410003,1.2033612278785,1.15767722310503,1.11786456203271,1.12545748332086,1.15287930418304,1.13932696006226,0.0104516511824106,0.0436142885899967
mixl2,xgb_monoc,1.13864683157366,0.00968887466103289,1.13819794413723,0.255490613791339,0.744509386208661,0.956179407874049,0.0058845007302735,0.283812074048123,1.22346355172754,1.14366744117519,1.12601192297561,1.13403518953058,1.15163896168062,1.13788064250632,0.0104573762152933,0.0173020740481225
lcmnl3_sm,mnl_pw,1.13866312496972,0.0173154576807694,1.13782049481695,0.840484380588178,0.159515619411822,0.945301876397841,0.0423637071409549,0.224283758535822,1.20228079725622,1.1579394299541,1.11725972281416,1.126203102137,1.15330428788347,1.13860908205987,0.0104736696113481,0.0422262414641783
lcmnl3_sm,nlogit,1.13868936489597,0.0173502984176176,1.13785012413581,0.844344432206465,0.155655567793535,0.94790021087307,0.0411020453021472,0.224136082955015,1.20232879127684,1.15808195842565,1.1173151168154,1.12609689489644,1.15327119934067,1.1386816550017,0.010499909537601,0.0423739170449854
lcmnl3_tilt,mnl_pw,1.13869629482175,0.0172115755169894,1.13787604717761,0.842009643301828,0.157990356698172,0.952737075243064,0.0418990805533028,0.2227667574937,1.20265528771469,1.15765567729916,1.11724350094804,1.12651109374969,1.15342013966815,1.13865106244372,0.0105068394633798,0.0437432425062996
hbmnl,xgb_lw3,1.13869752516168,0.0167111790441755,1.13834539540077,0.0956953115946704,0.90430468840533,0.975309490818811,4.86867670355224e-06,0.21507449693061,1.21144298395999,1.15427035772608,1.11178223008331,1.13622785383951,1.15053415999624,1.14067302416325,0.0105080698033055,0.0514355030693899
lcmnl1,lcmnl3_sm,1.13870137564954,0.0173482386825744,1.13789255766274,0.150992792786174,0.849007207213826,0.944379072645594,0.0430186716138733,0.224253904855288,1.20249808785875,1.15811970998211,1.11743994917652,1.12591312218319,1.15323328063389,1.13880081627199,0.0105119202911659,0.0422560951447116
lcmnl3_tilt,nlogit,1.13870750886965,0.0172535427248582,1.13790224672994,0.844609473469963,0.155390526530037,0.955635890343339,0.0402986570316816,0.222612562854236,1.20268130421909,1.15777905621203,1.11726837117664,1.12638523073507,1.1533887823458,1.13871610387873,0.010518053511283,0.0438974371457638
xgb_bagA,xgb_lw2bag3,1.13870891154791,0.0129356963354659,1.13838182372475,0.187296775600253,0.812703224399747,0.992697106937404,4.06058792657786e-06,0.272144156133744,1.21517017381595,1.14611896203443,1.11712809197045,1.13870468314792,1.15070675865538,1.14088606193138,0.010519456189541,0.00563415613374374
xgb_bagB,xgb_lw2bag3,1.13871304460523,0.0127799148919596,1.1382872086516,0.255731653153807,0.744268346846194,0.99002940975505,2.76293433542106e-05,0.272234973572302,1.21492412212557,1.14578540077553,1.11732755936487,1.13826567994664,1.15038348232333,1.14180310061575,0.0105235892468538,0.00572497357230162
lcmnl3_both,lcmnl3_drift,1.13871506208559,0.0174314080313686,1.13827264685514,0.999999970434837,2.95651629844684e-08,0.975160243936211,0.036175526213462,0.223971351586129,1.20460920236752,1.1583891209849,1.11812540409184,1.12417044224447,1.15250149811575,1.14038884499098,0.010525606727217,0.0425386484138709
lcmnl,lcmnl3_both,1.13871759683351,0.0174354276074919,1.1382726676114,5.65918486461051e-05,0.999943408151354,0.975565746666857,0.0359221519977898,0.223975245896265,1.20460583196762,1.15839949960898,1.11812323216303,1.12417013592928,1.15250305842473,1.14039205804155,0.010528141475143,0.0425347541037353
lcmnl3,lcmnl3_both,1.13871759683351,0.0174354276074919,1.1382726676114,5.65918486461051e-05,0.999943408151354,0.975565746666857,0.0359221519977898,0.223975245896265,1.20460583196762,1.15839949960898,1.11812323216303,1.12417013592928,1.15250305842473,1.14039205804155,0.010528141475143,0.0425347541037353
lcmnl3_both,lcmnl3x,1.13871759683351,0.0174354276074919,1.1382726676114,0.999943408151354,5.65918486460371e-05,0.975565746666857,0.0359221519977898,0.223975245896265,1.20460583196762,1.15839949960898,1.11812323216303,1.12417013592928,1.15250305842473,1.14039205804155,0.010528141475143,0.0425347541037353
lcmnl3_both,lcmnl3_sm,1.13872503474224,0.0174554515439166,1.13827086602254,0.898284393100062,0.101715606899938,0.974849884458637,0.0357066081032091,0.224124167332358,1.20460277579088,1.15845816428814,1.11811345645635,1.1241653185332,1.15250150067468,1.14038673375882,0.0105355793838653,0.0423858326676418
lcmnl3_both,lcmnl3p,1.13872519821405,0.0174184806653212,1.13827264386922,0.999994557218279,5.44278172109891e-06,0.975219458005899,0.0359739797615995,0.223967481177889,1.20461145886196,1.15839165535085,1.11817281819511,1.12417013594507,1.15250300723849,1.14038837434074,0.0105357428556803,0.0425425188221107
lcmnl3_both,lcmnl3_tilt,1.1387268135521,0.0174262418757942,1.13827262157623,0.999598502102178,0.000401497897822067,0.975038363342473,0.0360512334193146,0.223964630159971,1.20461362178643,1.1583781956883,1.11815642241156,1.12417128126319,1.1525379453177,1.14039022307974,0.010537358193726,0.0425453698400288
lcmnl1,lcmnl3_tilt,1.13873291603864,0.01724546403561,1.13794402028424,0.15014286504881,0.84985713495119,0.952933591849237,0.0417801788983429,0.222729357606975,1.2028543445044,1.15783515895084,1.11741626162484,1.12622321041061,1.15335569536715,1.13883425383978,0.0105434606802719,0.0437806423930246
mixl,xgb_lw2bag3,1.13873450455504,0.0132767337561456,1.1383947877255,0.0597288987808989,0.940271101219101,0.985944103715289,0.00243827890659616,0.273999947971591,1.21599804806052,1.1472807148546,1.11673080866332,1.13848008891203,1.15077762436622,1.14040328597902,0.0105450491966679,0.00748994797159136
lcmnl3_both,lcmnl4,1.13874008477176,0.0173167598139168,1.13817040469479,0.89386319033532,0.10613680966468,0.973107055756181,0.0352662078687314,0.223815748221202,1.2047359212691,1.15816562227567,1.11833001063495,1.12395633080786,1.15222240713007,1.14102605301023,0.0105506294133841,0.0426942517787982
xgb_mono2,xgb_monor,1.13874372046193,0.0115608371556894,1.13760354633546,0.521175730577729,0.478824269422271,0.986412737332683,2.25658992683704e-06,0.235751013607413,1.21167605703428,1.14963801625527,1.12092225957652,1.13708790313233,1.14845490490136,1.1376155184442,0.0105542651035624,0.0307589863925868
xgb_bagC,xgb_mono,1.13876097250285,0.00996355499167398,1.13830149274208,0.371842518071116,0.628157481928884,1.01051580088521,2.61696992071313e-06,0.273919438810101,1.218684112351,1.14701433498973,1.12600913686382,1.13412428849381,1.15050970771048,1.13614739445639,0.010571517144474,0.00740943881010125
glmnet_pw,xgb_lw3,1.13877093032929,0.0159401198651964,1.13845770581053,0.177112574184452,0.822887425815548,0.956973382306836,2.89669393157067e-05,0.218878699139482,1.21230188762056,1.15482803668414,1.11375369295625,1.13591716484089,1.14990897799859,1.13944677916657,0.0105814749709188,0.0476313008605177
lcmnl3_sm,mnl,1.1387729067545,0.0172042231914895,1.13816284003337,0.918115951989073,0.0818840480109275,0.946137711159062,0.0415098073306857,0.22471559756764,1.20342866926181,1.15810034981508,1.11812149928659,1.12517414307641,1.15285394663883,1.13961459495557,0.010583451396124,0.0417944024323595
lcmnl3_both,lcmnl3b,1.13878373962521,0.01748446778589,1.13825889550539,0.954548306523437,0.0454516934765629,0.974016522286677,0.0362071213773056,0.224044943805597,1.20451702468673,1.15846601135064,1.11817188136808,1.12417013564479,1.15272919619301,1.14038147356953,0.0105942842668389,0.0424650561944033
hbmnl,xgb_mono,1.13879241223896,0.00994805276972663,1.13840519347743,0.0966646699197003,0.9033353300803,1.02390099950611,8.14196257105537e-06,0.275953453816973,1.2183319242513,1.14643730949764,1.12641570873009,1.13493564907766,1.15122522836765,1.13494816552177,0.0106029568805901,0.00944345381697342
lcmnl3_sm,lcmnl3_tilt,1.13879371540389,0.0173795977866315,1.13832063352138,0.541468858171572,0.458531141828428,0.970890914825061,0.0364195877835524,0.22466949135691,1.20475141867089,1.1585314318257,1.11837949388504,1.12431258126493,1.15258958929127,1.14015548075252,0.0106042600455178,0.0418405086430899
xgb_lw,xgb_lw3,1.13880482924802,0.0134899801489524,1.13787429398862,0.329317085786369,0.670682914213631,0.982969863566366,1.40924619429426e-06,0.2272917433252,1.2084815439049,1.15277520292329,1.11930214577256,1.13412985558458,1.15017116040606,1.13764578155364,0.0106153738896531,0.0392182566747996
lcmnl2,lcmnl3_both,1.13880484782273,0.0170662016091388,1.13804133602612,0.139785994043049,0.860214005956951,0.961213241940163,0.0407323269302629,0.224111491792562,1.2038410316804,1.15777780967638,1.11894853810529,1.12445925412782,1.15309083429949,1.13974780290467,0.0106153924643617,0.0423985082074382
lcmnl3_bag,lcmnl3_both,1.13880626943215,0.0174640340047624,1.13817447542388,0.126647244850621,0.873352755149379,0.970502822154228,0.0364244006575576,0.223702886675871,1.20403944307236,1.15840669213199,1.11836269687956,1.12402803533345,1.15283964912289,1.14039427369287,0.0106168140737815,0.0428071133241286
lcmnl1,xgb_lw,1.1388124827002,0.0123653498583967,1.13804509164623,0.385222556214833,0.614777443785167,0.932984253161898,0.0293114708357806,0.255066026946198,1.20176822060031,1.15044779332525,1.12572689737182,1.13052963519659,1.15340072357207,1.13395736403528,0.0106230273418313,0.0114439730538021
xgb_lw2bag3,xgb_wide,1.13881931782385,0.0130372855720657,1.1385615916444,0.999999999922856,7.71440689106839e-11,0.999360252047288,0.00093436869701214,0.271111379484511,1.2143095518035,1.14666341689036,1.11718843774972,1.13885079591099,1.15098153299913,1.14041240556905,0.0106298624654768,0.00460137948451111
mnl_pw,xgb_lw,1.13882585482503,0.0122417622429293,1.13806638014705,0.383582660094689,0.616417339905311,0.938625193231709,0.0270701492933409,0.255382361200889,1.20191256848491,1.1500045098738,1.12549208273183,1.13095081784432,1.1534423109569,1.13423955271828,0.0106363994666561,0.0111276387991107
xgb_2stage,xgb_lw2bag3,1.13882768318108,0.0130491442026276,1.13856159481912,3.6658966283422e-13,0.999999999999633,0.999666432477425,0.000827752589867333,0.271113667581094,1.21430128967972,1.1466654135001,1.11718528656771,1.13885114981082,1.15102563768304,1.14041092834373,0.0106382278227088,0.00460366758109348
xgb_long,xgb_lw2bag3,1.13882779795057,0.0130481155453033,1.13856159681272,4.31492434015953e-06,0.99999568507566,1.00016357503364,0.000363947152279265,0.271123586349478,1.21430923826108,1.14666109726621,1.11718823375424,1.13884985753735,1.15102929396876,1.1404105072263,0.010638342592201,0.00461358634947762
glmnet,xgb_lw2bag3,1.13884587768517,0.0129152586431042,1.13854040832005,0.0250247058799683,0.974975294120032,0.993302813929964,0.00157510986001421,0.271418071429054,1.21464176623737,1.14681400778166,1.11753211874365,1.13855397833216,1.15097368656235,1.14035559700602,0.0106564223267969,0.00490807142905436
glmnet_pw,xgb_mono,1.1388621316364,0.0100943214338298,1.13847390268788,0.181855411332339,0.818144588667661,1.00019356217904,1.62641052912325e-05,0.276385663689848,1.2192038821455,1.14814973556427,1.12708316872286,1.13480544319714,1.15064152315883,1.1336307875389,0.0106726762780307,0.0098756636898481
lcmnl3_sm,lcmnl4,1.13887052026684,0.0172633194776374,1.13827452760247,0.880939383293095,0.119060616706905,0.966186245676287,0.0357998165846131,0.225200540441167,1.20486128189166,1.15839528683646,1.11868667761168,1.12404632225394,1.15226291162376,1.14096140300834,0.0106810649084648,0.0413094595588326
nlogit,xgb_lw,1.13887061665072,0.0123012535338157,1.13811301793592,0.381422865561572,0.618577134438428,0.946868447714031,0.0215336265039858,0.254924593154882,1.20196704327807,1.15026855055798,1.12553082694281,1.13081501380189,1.15342322320476,1.13431546874614,0.0106811612923443,0.0115854068451183
lcmnl3_bag,lcmnl3_sm,1.13887463741286,0.0174365678488688,1.13828003954896,0.14178321739682,0.85821678260318,0.963602773074136,0.0370043617974148,0.225032579865034,1.20406862261846,1.15866583510687,1.11869047333152,1.12412930008841,1.15296431513405,1.13992326340346,0.0106851820544918,0.0414774201349662
lcmnl,lcmnl3_sm,1.13887594098633,0.017396394808194,1.13840636359203,3.20174891963411e-05,0.999967982510804,0.967502102773891,0.0367483944589126,0.225518183589239,1.20472477329658,1.1586897389336,1.11850555933403,1.12431329306689,1.15262558404616,1.14024552955096,0.0106864856279574,0.0409918164107609
lcmnl3,lcmnl3_sm,1.13887594098633,0.017396394808194,1.13840636359203,3.20174891963411e-05,0.999967982510804,0.967502102773891,0.0367483944589126,0.225518183589239,1.20472477329658,1.1586897389336,1.11850555933403,1.12431329306689,1.15262558404616,1.14024552955096,0.0106864856279574,0.0409918164107609
lcmnl3_sm,lcmnl3x,1.13887594098633,0.017396394808194,1.13840636359203,0.999967982510804,3.20174891962344e-05,0.967502102773891,0.0367483944589126,0.225518183589239,1.20472477329658,1.1586897389336,1.11850555933403,1.12431329306689,1.15262558404616,1.14024552955096,0.0106864856279574,0.0409918164107609
lcmnl3_drift,lcmnl3_sm,1.13888251995676,0.0174048072162113,1.13840644725038,0.00089463983437127,0.999105360165629,0.967049918300034,0.0368141183726252,0.225509312490664,1.20473204213244,1.15869987226368,1.11851013342644,1.12430596486281,1.15265271690313,1.14024391232775,0.0106930645983914,0.0410006875093364
lcmnl3_drift,lcmnl3_tilt,1.13888264443285,0.0172471129750276,1.13844278890058,3.98489430725668e-10,0.999999999601511,0.976024809803807,0.0361708731007907,0.223736042005866,1.2050323075318,1.15831037041942,1.11846736789947,1.12466454876929,1.15272531883091,1.14024561624518,0.0106931890744837,0.0427739579941336
lcmnl,lcmnl3_tilt,1.13888286171775,0.0172464493600225,1.13844280938549,5.264522177283e-05,0.999947354778227,0.976073467945915,0.0360446640969926,0.223733824959105,1.20503347812334,1.15831243245881,1.11847396358047,1.12465925615279,1.15272344589129,1.14024521050539,0.0106934063593822,0.0427761750408953
lcmnl3,lcmnl3_tilt,1.13888286171775,0.0172464493600225,1.13844280938549,5.264522177283e-05,0.999947354778227,0.976073467945915,0.0360446640969926,0.223733824959105,1.20503347812334,1.15831243245881,1.11847396358047,1.12465925615279,1.15272344589129,1.14024521050539,0.0106934063593822,0.0427761750408953
lcmnl3_tilt,lcmnl3x,1.13888286171775,0.0172464493600225,1.13844280938549,0.999947354778227,5.26452217728402e-05,0.976073467945915,0.0360446640969926,0.223733824959105,1.20503347812334,1.15831243245881,1.11847396358047,1.12465925615279,1.15272344589129,1.14024521050539,0.0106934063593822,0.0427761750408953
lcmnl3_tilt,lcmnl3p,1.13888926950431,0.0172381722687531,1.13844279541305,0.999998337471042,1.66252895772434e-06,0.975998993905089,0.0360194673502175,0.223731226312458,1.20503538206862,1.15831439542334,1.11850624240364,1.12465584485994,1.15272337992567,1.14024648490899,0.0106998141459433,0.0427787736875418
lcmnl3_bag,lcmnl3_tilt,1.13889510549919,0.0172976916519768,1.13831813350434,0.141657974559042,0.858342025440958,0.970989487433628,0.0363728120720571,0.223471529572198,1.20435670869895,1.15835767472872,1.11869032302912,1.12445461527539,1.15304506646364,1.13992784799909,0.0107056501408198,0.043038470427802
lcmnl3_tilt,lcmnl4,1.13889599813208,0.0171380556721545,1.138315065755,0.882933273795631,0.117066726204369,0.973788377760579,0.0352338026822578,0.223562930971371,1.20513892504667,1.15807446937014,1.11865242493414,1.12436657272949,1.15237379654516,1.14101272708146,0.0107065427737072,0.0429470690286286
xgb_de,xgb_lw2bag3,1.13889634944885,0.0129081095549797,1.13856159160685,3.90241620562947e-05,0.999960975837944,0.999870757000355,0.000552412450149597,0.271120060949015,1.21431089330598,1.14665799360903,1.11752788571886,1.13884786006965,1.15103374612132,1.14041426172541,0.0107068940904826,0.00461006094901467
lcmnl2,lcmnl3_sm,1.1389117526288,0.017011183106452,1.13813764289051,0.149513307438958,0.850486692561042,0.953023339833834,0.0419015472633691,0.225443507141819,1.20387892878557,1.15794649910102,1.11930365502525,1.1245680312344,1.15321574242024,1.13952483536308,0.0107222972704262,0.0410664928581808
lcmnl3_sm,lcmnl3p,1.13891555507782,0.0173914220934855,1.13840635863463,0.999967982510804,3.20174891962344e-05,0.967502102773891,0.0367483944589126,0.22551818574594,1.20472476429797,1.15868461658494,1.11859777730337,1.12430859589582,1.15273870534324,1.14024808026172,0.0107260997194449,0.0409918142540597
lcmnl3_sm,lcmnl3b,1.13893112743883,0.0174545067125979,1.13837394024587,0.933276067564498,0.0667239324355016,0.967028276021183,0.0365082053695558,0.225546147046857,1.20457773047003,1.15876553887765,1.11854608030857,1.12431149476748,1.1528756253521,1.14015689788832,0.0107416720804538,0.0409638529531434
lcmnl1,xgb_bagC,1.13894618843343,0.013963253656728,1.13847271957908,0.311654383837271,0.688345616162729,0.956811325244566,0.00530920000889407,0.257158611149693,1.20789340091737,1.15066679752588,1.11927338565782,1.1318191973903,1.15323163347985,1.13973992811331,0.01075673307506,0.00935138885030745
lcmnl2,lcmnl3_tilt,1.13895052965649,0.0168794881091118,1.13820210082613,0.144258899778233,0.855741100221767,0.961274885127096,0.0410110331458542,0.223878172823974,1.20421035359895,1.15766167535534,1.11929945985042,1.12491017785966,1.15329855160274,1.13958278361432,0.010761074298123,0.0426318271760256
mnl_pw,xgb_bagC,1.1389518591045,0.0139177634815806,1.13850373685391,0.311327756226349,0.688672243773651,0.958778561305971,0.00555794620656234,0.257318705747227,1.20801459119232,1.15025649572554,1.11906620130252,1.13221637632721,1.15327786898906,1.13994235317818,0.0107624037461314,0.00919129425277287
lcmnl3_tilt,lcmnl3b,1.1389521606291,0.0173151455893931,1.1384193770866,0.941225539207081,0.0587744607929189,0.976502616048157,0.0346159922802119,0.223839586795214,1.20491024428949,1.15841809431647,1.11851990537277,1.12465584447414,1.15298655403374,1.1401804049484,0.0107627052707313,0.0426704132047864
nlogit,xgb_bagC,1.13897364844034,0.0139773456996237,1.13854415201893,0.308418778157348,0.691581221842652,0.963745491475968,0.00204557348498535,0.256968998793536,1.20816157078273,1.15050027719775,1.11904336719476,1.13212824659391,1.15324118451548,1.13995516669979,0.010784193081967,0.00954100120646356
xgb_bagC,xgb_lw3,1.13898927026049,0.0147911029787113,1.13832746889836,0.366843684367071,0.633156315632929,0.977033554233381,2.86873028771043e-06,0.228697482161842,1.21081413141268,1.1533285380393,1.11639427007204,1.13459967190983,1.15077716695597,1.1398467043253,0.0107998149021165,0.0378125178381576
xgb_lw,xgb_lw2bag3,1.13900563705587,0.0114692933322562,1.13815401919571,0.198826962307321,0.801173037692679,0.998150777320496,6.05316846906377e-06,0.272090382420871,1.21434423452316,1.14607633906824,1.12076175000325,1.13772043346402,1.15089553117416,1.13957413156966,0.0108161816974948,0.00558038242087111
xgb_bagA,xgb_monor,1.13901078048904,0.0103297133695955,1.13847183863392,0.487808798184534,0.512191201815466,0.995731915446081,7.53614947744967e-06,0.276814997278456,1.21767784953876,1.14467736672363,1.12355183641757,1.13721212044203,1.15133743542829,1.13827514343369,0.0108213251306721,0.0103049972784559
xgb_bagC,xgb_lw2,1.13903934940583,0.0108026576321696,1.13873593195633,0.46752113610831,0.53247886389169,1.00640355131973,3.61203026056997e-05,0.274199412336114,1.21837557601186,1.14676573550997,1.12467315127754,1.13305605562808,1.15187906254938,1.13882274206417,0.0108498940474562,0.0076894123361142
mnl_lr,xgb_lw2,1.13904020547247,0.0109652235372669,1.13854269819031,0.246785018879132,0.753214981120868,0.969291424526751,0.0262124947335819,0.276920912854579,1.21770503136069,1.14841050670624,1.12563966786427,1.13305713614903,1.1520355156385,1.13605820100432,0.0108507501141022,0.0104109128545787
mixl2,xgb_monor,1.13905565010892,0.0114178851771824,1.1385985198357,0.24797636653735,0.75202363346265,0.979809925220262,6.65797041044797e-06,0.281779964743756,1.22413746557675,1.14655925466364,1.12363232285159,1.13658957564838,1.15339391331075,1.13510318407022,0.0108661947505442,0.0152699647437562
xgb_lw2,xgb_mono,1.13909315081338,0.0102519648097088,1.13867819325527,0.36972303595438,0.63027696404562,1.03468170797127,0.000132703916091667,0.274443562048446,1.21546987837495,1.1461831862847,1.12722563034805,1.13449043965983,1.15284209801418,1.13472439976013,0.010903695455005,0.00793356204844598
mnl,xgb_lw3,1.1391258047363,0.0165963905989052,1.13881104351266,0.127102918228219,0.872897081771781,0.953806953777435,0.0090272787859041,0.209731467746831,1.20842149772419,1.15542747238834,1.11312536952898,1.13669314455107,1.15153541801267,1.13884761920041,0.0109363493779238,0.0567785322531695
hbmnl_nod,xgb_mono2,1.13914350981534,0.0156594533505981,1.13860364813412,0.239866095278404,0.760133904721596,0.946162618068079,4.49886627201193e-07,0.223524924969015,1.21959288337464,1.15243005995324,1.11262881433844,1.1388371309294,1.14810472784565,1.14371681600996,0.0109540544569675,0.0429850750309855
lcmnl3p,xgb_long,1.13923672793335,0.0160095967331173,1.1387286182836,0.630344892379495,0.369655107620505,0.946282687050911,0.0204182962862811,0.244413547234291,1.20292755097033,1.15538732681771,1.12014464678005,1.12653108660862,1.1546770404577,1.13944353900268,0.0110472725749802,0.0220964527657091
xgb_mono2,xgb_monoc,1.1392620336193,0.0101794662306942,1.13782023911217,0.513164991444,0.486835008556,0.979077835705797,1.41578059833785e-06,0.23691471667913,1.21120106768703,1.14921093959651,1.12405397422526,1.1357256872311,1.14772390557361,1.13959566147004,0.0110725782609304,0.0295952833208696
lcmnl,xgb_long,1.13932692221056,0.0161562012103828,1.13880794624063,0.62783482853164,0.37216517146836,0.947120941955967,0.0199818336748601,0.244511610446073,1.20309434160351,1.15571034777108,1.12009989107214,1.12643840485333,1.1548130973589,1.13957286999732,0.0111374668521853,0.0219983895539267
lcmnl3,xgb_long,1.13932692221056,0.0161562012103828,1.13880794624063,0.62783482853164,0.37216517146836,0.947120941955967,0.0199818336748601,0.244511610446073,1.20309434160351,1.15571034777108,1.12009989107214,1.12643840485333,1.1548130973589,1.13957286999732,0.0111374668521853,0.0219983895539267
lcmnl3x,xgb_long,1.13932692221056,0.0161562012103828,1.13880794624063,0.62783482853164,0.37216517146836,0.947120941955967,0.0199818336748601,0.244511610446073,1.20309434160351,1.15571034777108,1.12009989107214,1.12643840485333,1.1548130973589,1.13957286999732,0.0111374668521853,0.0219983895539267
xgb_bagB,xgb_lw2,1.13935899987942,0.0105040976877367,1.13869096177362,0.54042718789233,0.45957281210767,0.996003339310876,7.17235637822382e-05,0.275140270620583,1.21651967856426,1.14512894423873,1.12345388232505,1.13557196513498,1.15100111236739,1.14163909533097,0.0111695445210522,0.00863027062058341
mixl2,xgb_mono2,1.13937923350923,0.0161647063554265,1.13883940564714,0.220560191623503,0.779439808376497,0.930617939153274,3.52228314074182e-06,0.219916280699065,1.219566857979,1.15312292489234,1.11182671932523,1.14001671921614,1.14820235452351,1.14372744958891,0.0111897781508543,0.0465937193009352
mnl,xgb_lw2,1.13944909115407,0.0111213687194857,1.13893337716739,0.212890288400772,0.787109711599228,0.950832184960514,0.032649049471618,0.262902721784755,1.20781037170769,1.14854205815981,1.12597862313789,1.1336449725821,1.15305704043512,1.13602276145545,0.0112596357957018,0.00360727821524526
mixl,xgb_mono,1.1394874200253,0.0103030261276037,1.13906988517617,0.0994829890443858,0.900517010955614,1.01527101103775,1.40369181721789e-06,0.27881329466855,1.21976515760454,1.14827432331495,1.12740099021045,1.13570647801423,1.15202642906047,1.1340288795264,0.0112979646669291,0.0123032946685503
xgb_lw2,xgb_monor,1.13948922265035,0.010496843651166,1.13910304191683,0.504922561465573,0.495077438534427,1.03337211203198,0.000119734458351737,0.275679899383142,1.21530963264486,1.14574068702286,1.12678442397103,1.13494769870369,1.15390778669649,1.1360655168577,0.0112997672919826,0.00916989938314144
xgb_bagB,xgb_monoc,1.1395197031059,0.00909026944114765,1.13873644200712,0.534160997011086,0.465839002988914,0.985624042826666,2.17189627929076e-06,0.276998420823981,1.21709523448396,1.14372991445273,1.1262744835621,1.1353148285501,1.15014227212038,1.14213701684417,0.0113302477475252,0.0104884208239814
mnl_lr,xgb_bagB,1.13954916784752,0.0123500497242104,1.13922511080559,0.189618007429005,0.810381992570996,0.953276268768625,0.00403926578215853,0.27753036042549,1.22020059027992,1.14693649677637,1.11954910254677,1.13627277126675,1.15053943822252,1.14444803042518,0.0113597124891465,0.0110203604254897
xgb_mono,xgb_monor,1.1396121747904,0.0101237194187471,1.13925693559253,0.730498448438822,0.269501551561178,1.03566466057704,4.2273367405259e-06,0.274760380414756,1.21674627595767,1.14684289093973,1.12800081401443,1.13591933838419,1.15304636803773,1.13425146257593,0.0114227194320304,0.00825038041475601
mixl,xgb_lw3,1.13963748875593,0.0168591850092549,1.13928562138848,0.0753515146634307,0.924648485336569,0.971425921220592,2.57558373110796e-06,0.215345355645978,1.21291154825543,1.15598446730742,1.11290916209969,1.13727430608774,1.15186232445232,1.14015718383247,0.0114480333975555,0.0511646443540219
xgb_bagA,xgb_lw2,1.1396583780403,0.0105464752607579,1.13903617828143,0.476575783849196,0.523424216150804,1.00091924079008,0.000194442639819233,0.275705113077165,1.21759144695125,1.14555007032157,1.12403273982911,1.13657394478212,1.15216555103994,1.13996958422874,0.0114689226819251,0.0091951130771652
xgb_lw,xgb_mono,1.13966947023658,0.00965733373897006,1.139210709586,0.197549233288388,0.802450766711612,1.02955974896389,1.72755644095259e-05,0.274650960716058,1.21663472724061,1.14693970006529,1.12877804146295,1.13507629976264,1.15234233559067,1.13521097430136,0.0114800148782095,0.00814096071605774
xgb_bagB,xgb_mono2,1.13969284496591,0.0139605894459764,1.13883493222395,0.523344823031035,0.476655176968965,0.960661778537092,1.61698239666538e-05,0.237993331868247,1.21222269848192,1.15125824912542,1.11635329955297,1.13808121824567,1.14849671740051,1.14427474050498,0.0115033896075381,0.0285166681317527
glmnet,xgb_mono,1.13969697009617,0.00984617105058377,1.13926685633445,0.0838812617980843,0.916118738201916,1.01796977706297,1.99959143145194e-06,0.274959801294167,1.21817025730019,1.14775445555483,1.12901596533753,1.13555405859057,1.15226510232472,1.1338952686732,0.0115075147377981,0.00844980129416739
xgb_bagA,xgb_lw3,1.1397058712442,0.0156644581566646,1.13882929868805,0.337067191287536,0.662932808712464,0.974934631126201,2.68690847111761e-06,0.2276674870179,1.21018645131918,1.1546334855897,1.11465637176133,1.13725755988605,1.15079673449365,1.14118520449028,0.0115164158858336,0.0388425129821002
xgb_lw3,xgb_mono2,1.13971434635494,0.0165789775995105,1.13903883267583,0.659817125199687,0.340182874800313,0.974198642696733,5.19187999660583e-07,0.208505583965552,1.21344949632132,1.15604956586973,1.11294108167783,1.13824770666711,1.15029222130333,1.14104115625671,0.0115248909965706,0.0580044160344484
xgb_bagC,xgb_monor,1.13981063686628,0.0104043258183669,1.13935838190513,0.461525155926343,0.538474844073657,1.00600822498787,1.54553033167337e-06,0.275068160823022,1.22034084178805,1.14709695867871,1.12572136835951,1.13526642550394,1.1524258711526,1.13854256063663,0.0116211815079068,0.00855816082302224
xgb_mono,xgb_wide,1.1398241673909,0.0100468641139608,1.13952028174107,1,0,1.03853344388308,1.21882390063551e-07,0.274127509070877,1.21704579948341,1.14736953970539,1.12852302603263,1.13593727706596,1.15299419851509,1.13429679563541,0.0116347120325246,0.00761750907087677
xgb_mono,xgb_monoc,1.13985577350873,0.00948360520036972,1.13926211396438,0.725061551598875,0.274938448401125,1.03062561610882,7.9320418338605e-07,0.27533643132473,1.21673915621976,1.14667290943455,1.12915057203115,1.13537607494306,1.15251323073019,1.1355660804047,0.0116663181503576,0.00882643132472993
glmnet,xgb_lw3,1.13985921672909,0.0162851992300545,1.13944860918872,0.0529824624394243,0.947017537560576,0.970717014730993,0.00260827353945521,0.211993741833598,1.2126014285885,1.15621769294799,1.11438318928145,1.13732132691852,1.15159615037453,1.13977772412296,0.0116697613707208,0.0545162581664025
mnl_lr,xgb_monoc,1.13986127049446,0.00886767424311672,1.13941149685757,0.208892848254188,0.791107151745812,0.990644010456128,0.0035875634143387,0.280028964329282,1.2196085596406,1.14622706424381,1.12993601803633,1.13375529323717,1.15145842988228,1.13792954707273,0.0116718151360935,0.0135189643292821
xgb_lw3,xgb_wide,1.13986809759898,0.0166843432587151,1.13955463985015,0.999996687065309,3.31293469113536e-06,0.984034655234365,9.94098796986527e-05,0.209505555016795,1.2125539005218,1.15651777718444,1.11362541046216,1.13760116778051,1.15180267923682,1.13979345333098,0.0116786422406125,0.0570044449832047
xgb_2stage,xgb_lw3,1.13987085288503,0.0166844082295384,1.13955461228456,5.19566390512608e-18,1,0.983966721882142,4.75611992071732e-05,0.209500893725303,1.21256348508817,1.1565267956144,1.11362836885533,1.13760768730522,1.1517981983331,1.13979321431711,0.0116813975266596,0.0570091062746974
xgb_2stage,xgb_mono,1.13987556289132,0.0100130739258988,1.13952028170419,1.10148306515593e-06,0.999998898516935,1.03849247349892,2.31385553222811e-11,0.274127668329017,1.21704820304186,1.14736971909142,1.12852515282323,1.13597310294808,1.15299408638017,1.13451575321369,0.0116861075329473,0.00761766832901689
xgb_de,xgb_lw3,1.13992468925759,0.0157489130731774,1.13925108923177,0.142993321077042,0.857006678922958,0.978807978580669,0.000202112165935049,0.217550282817428,1.21133866941323,1.1557302374326,1.11543524532239,1.13733488498061,1.15157442511081,1.13954865344152,0.0117352338992158,0.048959717182572
xgb_long,xgb_mono,1.1399285655915,0.010000125294892,1.13949851022657,0.0395053697580943,0.960494630241906,1.03358744230743,1.4127659598251e-05,0.274665160201402,1.21707512099112,1.14744506252113,1.1285218435189,1.13587567022358,1.15299480688948,1.13480544480441,0.0117391102331306,0.00815516020140206
glmnet_pw,xgb_lw2,1.13993720640168,0.0106915609406633,1.13945123204715,0.222254813084269,0.777745186915731,0.97800655340221,0.0126730777613962,0.27711620181323,1.21876049983658,1.14847858326205,1.12641848442683,1.13427358991051,1.15276885739236,1.13774651701665,0.0117477510433113,0.01060620181323
xgb_de,xgb_mono,1.13994265576319,0.00996741502356451,1.13950670912215,0.0363477374489153,0.963652262551085,1.03534431843769,7.58574415343823e-07,0.274572847663588,1.21717107288589,1.14734984857298,1.12849289628496,1.13591782915312,1.15299559031872,1.13495711448617,0.0117532004048178,0.00806284766358811
lcmnl3_drift,xgb_2stage,1.1399509441158,0.0161280294007937,1.13936482409399,0.772594208620072,0.227405791379928,0.96130626902755,0.0309105542477152,0.236083668282263,1.20684981544114,1.15785913296024,1.12044565473316,1.12805342219317,1.1540020332126,1.13939447747984,0.0117614887574282,0.0304263317177368
mnl,xgb_monor,1.13995457273136,0.0106248060234477,1.1395057955268,0.191322442463112,0.808677557536888,0.99671814261526,0.00250778414743308,0.266111108002325,1.20975031650244,1.14837975037173,1.12721989075013,1.13623964399699,1.15325101810389,1.13468256043406,0.0117651173729878,0.000398891997675233
xgb_lw,xgb_mono2,1.13995551262321,0.0115525605114195,1.1386238045149,0.378718248212483,0.621281751787517,0.971704405593809,5.57504691768768e-07,0.228707385002902,1.21188927512714,1.15203773341062,1.1226786931969,1.13607664366572,1.1485646251694,1.14041986767341,0.0117660572648386,0.0378026149970981
xgb_bagB,xgb_lw3,1.13998270454545,0.0153919740322033,1.13872144795302,0.405976069847272,0.594023930152728,0.973465345991777,6.01342079151416e-06,0.231601707291996,1.20965786394166,1.15458277903531,1.11546823378935,1.13656998713805,1.15071304065666,1.14257948210788,0.0117932491870816,0.034908292708004
lcmnl3_bag,xgb_long,1.14000430947588,0.0168043628364886,1.13934274019797,0.658677025995601,0.341322974004399,0.924145858031138,0.0347271330465974,0.243455562026076,1.20218347516149,1.15743089494717,1.12003177500658,1.12637336010136,1.15551938729558,1.14066613002873,0.0118148541175116,0.0230544379739245
mnl_lr,xgb_monor,1.14000920669718,0.0105670295763967,1.13953163744323,0.209910242405068,0.790089757594932,1.01063940795725,1.91072228631022e-05,0.278282240906201,1.22019172205514,1.1488249930188,1.12731900527909,1.13599045160276,1.15291647523289,1.13499510835234,0.0118197513388063,0.0117722409062013
hbmnl,xgb_lw2,1.14001728179614,0.0107778899075523,1.13953480439867,0.114350570400043,0.885649429599957,1.01683864519195,0.00681353578406272,0.276617657007459,1.21789687051186,1.1465842310343,1.12582468618119,1.13456277085842,1.15379614845952,1.13931857244726,0.0118278264377658,0.0101076570074585
hbmnl_nod,xgb_bagA,1.14002441257482,0.0133256436937211,1.13982155947294,0.232093881032689,0.767906118967311,0.956057291876598,2.77869019609955e-07,0.283487506324084,1.22717150124108,1.1455194945001,1.11771159753211,1.13924889309048,1.15248647062972,1.1451556071217,0.0118349572164516,0.0169775063240838
xgb_long,xgb_lw3,1.14002712704667,0.0166785944866068,1.13949748626846,0.0595261531388958,0.940473846861104,0.979631890042945,2.90915630488632e-05,0.21271163396068,1.2118956308591,1.15651772798913,1.11373132174162,1.1374394901333,1.15195964556862,1.1404874498007,0.0118376716883029,0.0537983660393202
xgb_bagA,xgb_monoc,1.14003736737855,0.00886485522860337,1.13924108394182,0.467708979085703,0.532291020914298,0.989823689112906,8.48206051801358e-08,0.277798799609782,1.21843758603029,1.14408766040494,1.1274410468435,1.13647595170514,1.15125305063512,1.14092912730403,0.011847912020174,0.0112887996097817
xgb_bagC,xgb_monoc,1.14004541373897,0.00930100056284697,1.13950241238212,0.445891443165943,0.554108556834057,0.997346967652865,7.07413647256318e-06,0.276263363961658,1.22006640567648,1.14593550610903,1.128383979829,1.13382367641222,1.15173076812807,1.14035313821652,0.0118559583805973,0.00975336396165771
mnl,xgb_monoc,1.14004627111485,0.00878195818888155,1.13964318435107,0.178967845704173,0.821032154295827,0.981871699579642,0.00391221945183545,0.268327683212438,1.21026657854154,1.14565892984616,1.13043622879362,1.13413369542778,1.15209258734752,1.13790991415916,0.0118568157564762,0.00181768321243769
hbmnl,xgb_bagB,1.1400599728579,0.0128470776519255,1.13985206780728,0.0828519916578436,0.917148008342156,0.965287104729033,1.66554563473566e-07,0.277181925635578,1.22043448053371,1.14535180491135,1.11885956353295,1.13754497888395,1.15110063673578,1.14744288022546,0.0118705174995251,0.0106719256355776
mnl,xgb_bagB,1.14008168145138,0.012745452759672,1.13980096489231,0.141445854923407,0.858554145076593,0.947349105914537,0.00412315490540798,0.267761691541647,1.21273536598677,1.14650924661895,1.11928810210396,1.13721373415162,1.15181072680177,1.14558659758057,0.0118922260930039,0.00125169154164684
lcmnl3b,xgb_long,1.14012612126766,0.0165873875214808,1.13956704637628,0.614387821796203,0.385612178203797,0.970695147977974,0.00546011311087991,0.248617905067637,1.20397492833611,1.15645426264006,1.12018571687994,1.12670994099434,1.15610224407003,1.14117844175394,0.0119366659092905,0.0178920949323634
mnl_lr,xgb_mono2,1.14017619777697,0.0148088078342577,1.13963699339099,0.183953638695131,0.816046361304869,0.95457102548955,6.45097377973446e-07,0.217138440015036,1.21771288878582,1.15529449501889,1.1158639087304,1.13943526579722,1.14709974149384,1.14318757784449,0.0119867424185971,0.0493715599849638
lcmnl3_drift,xgb_wide,1.14020762995605,0.0164021790852386,1.13969680838324,0.772586827131241,0.227413172868759,0.969858910543536,0.00867501107208542,0.236601940846019,1.20633690268741,1.15843005328921,1.12173927432072,1.12637712753866,1.15475028728983,1.13974140734183,0.0120181745976811,0.029908059153981
mixl2,xgb_bagA,1.14022517107261,0.0136544088891174,1.13996928174515,0.215809767407947,0.784190232592053,0.940440716445933,4.84536978743328e-06,0.281855814587628,1.22680532620109,1.14583992668505,1.11712936950643,1.14027999098816,1.15274553478497,1.14513103339844,0.0120357157142377,0.015345814587628
glmnet_pw,xgb_bagB,1.14029382745314,0.0123910925749578,1.14006974374003,0.14595985918054,0.85404014081946,0.952148782764092,3.8648986566235e-06,0.277313462798006,1.220850082336,1.14686879164432,1.11993871707785,1.13748496376766,1.15094509806029,1.1462315667156,0.012104372094772,0.0108034627980056
xgb_bagA,xgb_mono2,1.14032419942524,0.0144046795021202,1.13946863422339,0.4484574146361,0.5515425853639,0.961920906666122,1.45100338143162e-08,0.233242995430155,1.21362614847531,1.15275592916936,1.11612699143612,1.13970781693616,1.14905395061539,1.14397630896917,0.0121347440668707,0.0332670045698447
hbmnl_nod,lcmnl3_drift,1.14034616409802,0.0165670068511265,1.13971802565621,0.247897010899545,0.752102989100455,0.968941357718887,0.0203060646024497,0.242500414553861,1.2078176209468,1.15803310281813,1.12060822833056,1.1269272859193,1.15499934364962,1.1411628597725,0.0121567087396526,0.0240095854461393
hbmnl,xgb_monoc,1.14036628374409,0.00848582982962002,1.14000192510855,0.0968956419910809,0.903104358008919,1.00841920313774,2.00299830582461e-05,0.279957695744626,1.21955648808801,1.14374028155194,1.13025415124847,1.13482370725117,1.15234915844185,1.14066412022704,0.0121768283857215,0.0134476957446256
xgb_monoc,xgb_monor,1.1404075513913,0.00919731959013828,1.13991652159705,0.514770807421947,0.485229192578053,1.02458490011577,4.98769449781973e-06,0.277500987217319,1.21715519646668,1.14500100719639,1.1299053888323,1.13592839759114,1.15375472806816,1.13744823526849,0.0122180960329266,0.0109909872173189
glmnet_pw,xgb_monoc,1.14045794397155,0.00849588936638562,1.14007310943285,0.184330123216182,0.815669876783818,0.982020980674936,0.00300965782998999,0.280049083593653,1.22038232850041,1.14586762497847,1.13064801177958,1.13471211443389,1.151805340563,1.13925662810281,0.0122684886131803,0.0135390835936525
xgb_lw2,xgb_monoc,1.14053403721472,0.00944505823976841,1.13999479826329,0.496324250530028,0.503675749469972,1.02779526645292,2.90776390615544e-05,0.276581733278964,1.21652954695646,1.14548141128968,1.12995726562381,1.13483206996514,1.1540667250267,1.13833271416826,0.0123445818563457,0.0100717332789643
xgb_bagB,xgb_bagC,1.14057088951778,0.0121686315816995,1.14014082615049,0.652630092641945,0.347369907358055,0.972910096267605,6.42368826837939e-06,0.275007077103202,1.22063968849895,1.14720385413369,1.12120181178411,1.1367364532962,1.15210812764007,1.14560420073483,0.0123814341594082,0.00849707710320147
lcmnl4,xgb_long,1.14057446122353,0.0154653087224834,1.14006686305988,0.594959611896446,0.405040388103554,0.965653365593474,0.00505259415362064,0.247985382540675,1.20689590407609,1.15546218190902,1.12140560403497,1.12736332451679,1.15379775308008,1.14484344257681,0.012385005865162,0.0185246174593253
hbmnl,xgb_monor,1.14058754701318,0.0102989790571396,1.14016718154045,0.0953830798929485,0.904616920107052,1.02575582484553,2.1750644247418e-07,0.277888398220598,1.22013782652037,1.14659448326199,1.12706746767094,1.13724951178046,1.15424063686638,1.13778563548614,0.0123980916548085,0.0113783982205982
glmnet_pw,xgb_monor,1.1406446694116,0.0103288506948099,1.1401984584876,0.185022057609721,0.814977942390279,1.00162665504661,1.08261380562221e-05,0.278168095441357,1.22104727209086,1.14843958375188,1.12772340326514,1.13706433695586,1.15360901794108,1.13638700514403,0.0124552140532261,0.011658095441357
xgb_bagB,xgb_lw,1.14064782866079,0.010412428208264,1.13973974770068,0.698152733318195,0.301847266681805,0.977705619753978,1.16734425781697e-06,0.275844442508059,1.21832954863295,1.14616145758982,1.12495735505724,1.13614073490373,1.15179510081013,1.14418449494301,0.012458373302414,0.00933444250805898
xgb_lw,xgb_monor,1.14070185795855,0.00970975918265376,1.14021603765809,0.329490088801583,0.670509911198417,1.02495269748947,2.3534885726657e-05,0.276534704777654,1.21725249841202,1.1466689192023,1.12943852498406,1.13580391510525,1.15412658058368,1.13747134991746,0.0125124026001795,0.0100247047776539
hbmnl_nod,xgb_lw,1.14071784311947,0.0104227977416367,1.14032814105822,0.311508742176253,0.688491257823747,0.978771275748767,1.80154440533721e-06,0.285486571062402,1.22694911106908,1.14792177315092,1.12917658804242,1.13278622690629,1.15431112326653,1.1393935042312,0.0125283877611013,0.0189765710624024
lcmnl3_bag,lcmnl3_drift,1.14074988121348,0.0171902355673854,1.14028027365653,0.439467103044646,0.560532896955355,0.962496941619474,0.0374760296673879,0.225359538251518,1.20574962605505,1.16081938644157,1.12261158094922,1.12568514381092,1.15559440886648,1.13903888599923,0.012560425855112,0.0411504617484821
glmnet_pw,lcmnl3_drift,1.14078686105039,0.0163889512279133,1.14035139172829,0.218207438100231,0.781792561899769,0.938161925230185,0.035260484972841,0.237442465473,1.20750490788708,1.16029124781313,1.1227700376865,1.12688814975386,1.15403414610215,1.13995072389632,0.0125974056920208,0.029067534527
mixl,xgb_lw2,1.14079755110828,0.0110870930720314,1.14031230575947,0.132218679222646,0.867781320777354,1.01327151938017,2.76127506549703e-06,0.280843399392331,1.22028030271109,1.1489177284864,1.1268168721894,1.1352046092603,1.15469208114461,1.13835646446067,0.012608095749906,0.0143333993923311
hbmnl,xgb_mono2,1.14081859462875,0.0156909446293537,1.1402684782881,0.0769450648480535,0.923054935151946,0.96087645111885,4.96568433476703e-06,0.211415653002969,1.21839817087874,1.15546679196056,1.1142974808878,1.14119402564179,1.14713601150904,1.14599866314457,0.0126291392703806,0.0550943469970315
hbmnl_nod,xgb_bagC,1.14086528063392,0.0128041750633558,1.14064181832283,0.210158879577182,0.789841120422818,0.969370641869926,2.83503839539018e-07,0.279770438511308,1.23083080982631,1.14878813383985,1.12192079105934,1.13457534787155,1.154249375733,1.14479275466588,0.0126758252755519,0.0132604385113076
glmnet_pw,xgb_mono2,1.14087927031557,0.0148983223042856,1.14036904660199,0.145395172147635,0.854604827852365,0.947376723564935,8.45805048592962e-07,0.214672440956051,1.21889654624083,1.15575383759642,1.11610157386581,1.14077694734408,1.14701954430185,1.14474444846969,0.0126898149571988,0.0518375590439486
xgb_bagB,xgb_wide,1.14091681686791,0.0124889312344543,1.14075558097601,0.999999963164269,3.68357311320011e-08,0.970932084557404,4.77687164811029e-06,0.275599413774194,1.21956127597753,1.14658390533532,1.12038341033916,1.13835556029511,1.15205307442189,1.14720813394806,0.0127273615095378,0.00908941377419409
lcmnl5,xgb_long,1.14091692293515,0.0152248765548378,1.1405427584247,0.604793292667397,0.395206707332604,0.955938507061683,0.0129312808224309,0.248857443094708,1.20961359186767,1.15181413688685,1.12180955991988,1.12810855676533,1.15683005119636,1.14602230990735,0.0127274675767828,0.0176525569052919
xgb_bagA,xgb_bagB,1.14091700239881,0.0125089852272118,1.14064928455201,0.218330626316251,0.781669373683749,0.970354415868017,1.28698898489264e-05,0.275875026937787,1.21993857353034,1.14651243352897,1.12015083834462,1.13897215717924,1.15203433206201,1.1469152508792,0.0127275470404369,0.00936502693778712
xgb_bagB,xgb_long,1.14095601708367,0.0124857411872064,1.1407555733888,0.999999999999056,9.44355704746158e-13,0.971129852529717,1.76678240677459e-06,0.275598934814651,1.21955040440358,1.1465842470915,1.12038287419737,1.13852841149761,1.15207623224742,1.14720832038446,0.0127665617253023,0.00908893481465067
xgb_2stage,xgb_bagB,1.14095763326139,0.0124862915732238,1.14075557158544,3.81792334795927e-17,1,0.97112028461982,4.12355923518576e-07,0.27559899640843,1.21955104031015,1.14658996002275,1.12038230994555,1.1385316114618,1.15207482548847,1.14720945938838,0.0127681779030164,0.00908899640842992
mixl,xgb_bagB,1.14096243601471,0.0125446189173117,1.14068203781287,0.0402612143895152,0.959738785610485,0.965170178781278,1.67844602024933e-06,0.277503176882587,1.22066523438041,1.14666820942589,1.12031144263062,1.13844512271511,1.15210654089232,1.14728086440962,0.0127729806563421,0.0109931768825867
xgb_bagC,xgb_mono2,1.14099867467641,0.0135932773519363,1.13976472909965,0.422756608074536,0.577243391925464,0.968306841200837,4.19998992327938e-06,0.230502704766254,1.21588076817216,1.15366927499913,1.119079854584,1.13831438512332,1.15010596182021,1.14382389685538,0.0128092193180374,0.0360072952337458
glmnet,xgb_bagB,1.14101439154885,0.0123733653501742,1.1407512694293,0.0109289568395001,0.9890710431605,0.969414473251185,1.24281130667698e-05,0.275702699517984,1.21967140847021,1.1466099592941,1.12065866443028,1.13852657507846,1.15206727935495,1.14720947958644,0.0128249361904742,0.00919269951798357
glmnet,lcmnl3_drift,1.14102445418087,0.0162639625039551,1.14058392628994,0.174670956583412,0.825329043416588,0.931119001843933,0.0400902575767113,0.234579667494972,1.20678591101695,1.1604845024636,1.12416470173483,1.12671636907508,1.15468423471751,1.13907246291331,0.0128349988224943,0.0319303325050285
lcmnl3p,xgb_2stage,1.14107974723746,0.0159053300382283,1.14052836930735,0.759839662152422,0.240160337847578,0.956318391332047,0.0328631998832497,0.233467007443528,1.20723160744988,1.1582829661843,1.12154030599904,1.12977194304949,1.15542610176457,1.14037741918987,0.012890291879085,0.0330429925564724
lcmnl3_drift,mixl2,1.14109074571031,0.0166286530483432,1.14035393586103,0.793265595402439,0.206734404597561,0.943799179063252,0.0307112524597467,0.237603566975263,1.20876111486796,1.15919493400247,1.12110065406156,1.1282417082423,1.15570480175166,1.14121163049355,0.0129012903519365,0.0289064330247366
lcmnl3_bag,lcmnl3p,1.14111764333027,0.0171930216857973,1.14064502860521,0.522284937590125,0.477715062409875,0.954528165095074,0.0400496023295548,0.22289143136554,1.20533630732654,1.16088076121607,1.12283754035239,1.12622017838304,1.15636151841072,1.13928821828916,0.0129281879719034,0.0436185686344604
mnl_lr,xgb_bagA,1.1411259679917,0.0123486308493321,1.14082540586634,0.174801949682,0.825198050318,0.955969484550812,0.00621255181826315,0.278405792202247,1.22323562608437,1.14810591273999,1.12067427032587,1.13957824498547,1.1523623260236,1.14490908588357,0.0129365126333281,0.0118957922022472
mixl2,xgb_bagC,1.1411566322196,0.0128579569818451,1.14084216517317,0.188677908743766,0.811322091256234,0.956496566999773,4.94599904609009e-06,0.278049187733761,1.23017488311997,1.14917605669984,1.12180309011269,1.13557402021216,1.15452335940752,1.14470663466578,0.0129671768612287,0.0115391877337613
xgb_lw,xgb_monoc,1.14116912831739,0.00838870863948092,1.14082492770607,0.224902814852129,0.775097185147871,1.01579982043029,4.91795945450665e-06,0.27802409228813,1.21806116399996,1.14505223085294,1.13251720210061,1.13515395850066,1.15353313669086,1.13958911344188,0.012979672959021,0.0115140922881302
xgb_bagB,xgb_de,1.14117628356895,0.0121427397535623,1.14072332471933,0.947465256771899,0.0525347432281009,0.970478622781857,4.63121797876871e-05,0.276173489390258,1.21965153650948,1.14656912043365,1.12132522139441,1.13850577727922,1.15227134384218,1.14720995489528,0.0129868282105781,0.00966348939025791
mixl,xgb_monoc,1.14118753656675,0.00851568405043657,1.14077726673413,0.0910742882386543,0.908925711761346,1.00190415191056,7.95213247965898e-07,0.28250102156464,1.22087949210181,1.14559896586022,1.13163035736594,1.13558927125402,1.15327555529438,1.13984353305917,0.0129980812083754,0.0159910215646398
lcmnl,lcmnl3_bag,1.14119197548929,0.0173106321477588,1.14072228536145,0.470623956712013,0.529376043287987,0.954477732775761,0.040489893103509,0.222868693038611,1.20546287848359,1.16112309626021,1.12279695125583,1.12616582182325,1.15648771557438,1.13938629253276,0.0130025201309139,0.0436413069613895
lcmnl3,lcmnl3_bag,1.14119197548929,0.0173106321477588,1.14072228536145,0.470623956712013,0.529376043287987,0.954477732775761,0.040489893103509,0.222868693038611,1.20546287848359,1.16112309626021,1.12279695125583,1.12616582182325,1.15648771557438,1.13938629253276,0.0130025201309139,0.0436413069613895
lcmnl3_bag,lcmnl3x,1.14119197548929,0.0173106321477588,1.14072228536145,0.529376043287987,0.470623956712013,0.954477732775761,0.040489893103509,0.222868693038611,1.20546287848359,1.16112309626021,1.12279695125583,1.12616582182325,1.15648771557438,1.13938629253276,0.0130025201309139,0.0436413069613895
glmnet,xgb_lw2,1.14119917715337,0.0104914657163955,1.14064804279951,0.114499741282364,0.885500258717636,0.981369134533554,0.0239424378934464,0.275261725022316,1.21808617579089,1.14857082902918,1.12882984334868,1.1353421045683,1.15498489139558,1.13826821742514,0.0130097217950034,0.00875172502231553
mnl,xgb_mono2,1.14119933094308,0.0153057860551198,1.14064691803848,0.0947011579880325,0.905298842011968,0.955605242052339,1.31250969620657e-05,0.207253630060906,1.21539210607604,1.15622458286672,1.11567748739051,1.14142698439866,1.14822698275595,1.14444061730358,0.013009875584711,0.0592563699390943
lcmnl,xgb_2stage,1.1411993914407,0.0160741897692103,1.14063532071323,0.757646978107202,0.242353021892798,0.957212543024217,0.0328667423626838,0.233524944428678,1.20743440856105,1.15867155655647,1.12149271838836,1.12970280170524,1.15559639741119,1.14053348314224,0.0130099360823304,0.0329850555713223
lcmnl3,xgb_2stage,1.1411993914407,0.0160741897692103,1.14063532071323,0.757646978107202,0.242353021892798,0.957212543024217,0.0328667423626838,0.233524944428678,1.20743440856105,1.15867155655647,1.12149271838836,1.12970280170524,1.15559639741119,1.14053348314224,0.0130099360823304,0.0329850555713223
lcmnl3x,xgb_2stage,1.1411993914407,0.0160741897692103,1.14063532071323,0.757646978107202,0.242353021892798,0.957212543024217,0.0328667423626838,0.233524944428678,1.20743440856105,1.15867155655647,1.12149271838836,1.12970280170524,1.15559639741119,1.14053348314224,0.0130099360823304,0.0329850555713223
lcmnl3_bag,lcmnl3b,1.14124213211123,0.0176234488319519,1.14077096300116,0.570456607277899,0.429543392722101,0.958046944914247,0.0388366181435648,0.224900980270014,1.2054886548735,1.1613246421296,1.1225080632145,1.12570865913863,1.15688376793198,1.13978552814145,0.0130526767528594,0.041609019729986
lcmnl3p,xgb_wide,1.14124468031253,0.0161738060242294,1.14074924991693,0.754830209970383,0.245169790029617,0.963794910013595,0.0091228824753463,0.234254384029536,1.20659466345693,1.15863818096038,1.12278405470082,1.12796527231522,1.15628513376538,1.14055075982086,0.0130552249541598,0.0322556159704641
xgb_bagC,xgb_lw,1.14125587887626,0.0106795126487557,1.14078406819485,0.630485775557168,0.369514224442832,0.991312220760203,1.42279395753782e-06,0.274641127850462,1.22223349590927,1.14914898282806,1.12783019135841,1.13368042627151,1.15374116992977,1.14187862399356,0.013066423517889,0.00813112785046161
mixl,xgb_monor,1.14128413457503,0.0105794683006993,1.14079356680748,0.0991950055074422,0.900804994492558,1.01722323242232,2.93501962963806e-07,0.280800809260665,1.22145285411898,1.14861154062617,1.12801232165513,1.13804992381878,1.1549642373714,1.13678264940369,0.0130946792166624,0.0142908092606647
lcmnl3_bag,lcmnl5,1.1412950165128,0.0167386272120129,1.14065589050765,0.595388388817482,0.404611611182518,0.957014521033697,0.0358188861652748,0.22455822156676,1.20679131326973,1.15898430478876,1.12289620583646,1.12567132010314,1.15623704110463,1.14268621073102,0.0131055611544331,0.0419517784332402
mixl2,xgb_lw,1.14132714119621,0.0105623738124926,1.14079581635983,0.287351918378183,0.712648081621817,0.959985696408592,2.84734541187874e-07,0.283205844985656,1.22649787763779,1.14848135563346,1.12879780105836,1.13440117855764,1.15504275205685,1.13991261867472,0.0131376858378365,0.0166958449856556
xgb_lw,xgb_lw2,1.14133609167829,0.010222445407512,1.14076740946963,0.236481657658158,0.763518342341842,1.01828996197804,0.0107993646825044,0.274827087349975,1.21706779483221,1.1476060848112,1.12956772906474,1.13521582417474,1.15536831570758,1.13892250463319,0.0131466363199173,0.00831708734997516
glmnet,xgb_monoc,1.14134301582599,0.00818594776988943,1.14098227832553,0.0685046705214499,0.93149532947855,1.00551911343977,1.20779000506173e-06,0.278852620313932,1.21924012933772,1.1450380911146,1.13286363068984,1.13562577430384,1.15347337248216,1.13971421053949,0.0131535604676163,0.0123426203139322
mnl,xgb_bagA,1.14134319260167,0.0127886845686411,1.14108956884391,0.140483327216775,0.859516672783225,0.948691907536871,0.00634244109626539,0.268870947869572,1.21562045467575,1.14768220492904,1.12005325267201,1.1402212536901,1.15327384764108,1.14548540407611,0.0131537372432964,0.00236094786957186
lcmnl,xgb_wide,1.14137486857446,0.016351340230041,1.14086708201967,0.752998637213415,0.247001362786585,0.964802295424929,0.00897301713210943,0.234294669929321,1.20681506124835,1.15905313683789,1.12276036432741,1.12786967043528,1.156462493719,1.14072867755271,0.0131854132160865,0.0322153300706787
lcmnl3,xgb_wide,1.14137486857446,0.016351340230041,1.14086708201967,0.752998637213415,0.247001362786585,0.964802295424929,0.00897301713210943,0.234294669929321,1.20681506124835,1.15905313683789,1.12276036432741,1.12786967043528,1.156462493719,1.14072867755271,0.0131854132160865,0.0322153300706787
lcmnl3x,xgb_wide,1.14137486857446,0.016351340230041,1.14086708201967,0.752998637213415,0.247001362786585,0.964802295424929,0.00897301713210943,0.234294669929321,1.20681506124835,1.15905313683789,1.12276036432741,1.12786967043528,1.156462493719,1.14072867755271,0.0131854132160865,0.0322153300706787
lcmnl3_bag,xgb_2stage,1.14137775052435,0.0168366702487695,1.14070773181956,0.782772374396361,0.217227625603639,0.93035061845687,0.0463539829918805,0.233107429071609,1.20550090942957,1.15993828033402,1.12086351660413,1.12909476144806,1.15612345783488,1.14086873640066,0.0131882951659785,0.0334025709283907
xgb_de,xgb_monor,1.14137940880377,0.0101090001520364,1.14096131789819,0.150676490701219,0.849323509298781,1.02727354020496,7.67799661603704e-06,0.277885060950515,1.21882516080847,1.14693547636382,1.12881811513387,1.1378891877019,1.15536934898997,1.1378849158293,0.0131899534453985,0.0113750609505145
xgb_monoc,xgb_wide,1.14139517702558,0.00828689328540964,1.14114793961784,0.999999790630661,2.09369339199128e-07,1.02054005699734,5.62321587177573e-07,0.278407443206007,1.21834429446231,1.14442461627074,1.1326287605819,1.13597900412397,1.15394066642484,1.14000283772647,0.0132057216672126,0.0118974432060073
xgb_2stage,xgb_monoc,1.14141367441292,0.00828371150276284,1.14114793680285,2.74569716142092e-19,1,1.02068987171309,1.92989896124431e-07,0.278406520315765,1.21833601456453,1.14442452088365,1.13262625331391,1.13597861192264,1.15394066452368,1.14009832142074,0.0132242190545531,0.0118965203157648
xgb_de,xgb_monoc,1.14141422015892,0.0082843926361697,1.14114793690381,2.47653693591167e-14,0.999999999999975,1.02059409799241,4.54333115912355e-07,0.278407110042986,1.21834130389715,1.14446448979686,1.13263853507758,1.13598003331845,1.15393697109564,1.14005107150609,0.0132247648005521,0.0118971100429857
lcmnl2,xgb_long,1.14142979247957,0.0140952062368311,1.14094133425646,0.584572488646972,0.415427511353028,0.900912772399414,0.0460083562017587,0.250799827780622,1.20219499824995,1.15197722741869,1.12453930751641,1.13051610419282,1.15812526733545,1.14199105593447,0.0132403371211969,0.0157101722193778
xgb_long,xgb_monoc,1.14147590767167,0.00830083386924906,1.1411479367814,1.07054886870584e-16,1,1.02057140242255,2.64437246472002e-07,0.278407256919783,1.21834257640507,1.1446595150174,1.13263024215009,1.13598062379406,1.15393908782047,1.14017006957634,0.0132864523133005,0.0118972569197827
glmnet,xgb_monor,1.14149163890267,0.0101186191657669,1.1409955637033,0.0818202444760753,0.918179755523925,1.0203772371633,3.58618007792526e-06,0.276924929693758,1.21981228013101,1.14790271948117,1.12961696945757,1.13785284682952,1.15533714509602,1.13674851364907,0.0133021835443001,0.0104149296937578
xgb_mono2,xgb_wide,1.14149529470035,0.0155955248132993,1.1410290165011,1,0,0.965468911732256,2.50113354330732e-07,0.206787524180541,1.21919960348345,1.15712724962484,1.11545986521058,1.14216846051269,1.14756198286871,1.14515891528494,0.0133058393419823,0.0597224758194594
xgb_long,xgb_monor,1.14149588552247,0.0104702855799081,1.14103438121917,0.114925949071148,0.885074050928852,1.02544431658865,4.10777943476283e-05,0.277674685796889,1.21854200338479,1.14768788106888,1.12852891313689,1.13777815556195,1.15577424796661,1.137710229878,0.0133064301640953,0.0111646857968891
mnl,xgb_bagC,1.14150974000008,0.0124867370221773,1.14136963221162,0.136674787649062,0.863325212350939,0.969640101073313,1.7870886706005e-05,0.266338295273114,1.21895227919092,1.15055173030941,1.12376079501787,1.13441705716151,1.15449735525888,1.14432176225273,0.0133202846417064,0.000171704726886324
xgb_2stage,xgb_mono2,1.14153693230003,0.015608029433882,1.14102901749578,1.66506735273402e-06,0.999998334932647,0.965451152809916,1.92319551809623e-08,0.206786940016707,1.21920105015759,1.15711880749807,1.11547215402788,1.14217210249343,1.14776127318316,1.14516032429763,0.0133474769416611,0.0597230599832927
hbmnl,xgb_bagA,1.1415560388877,0.0128656055931901,1.1413141053324,0.0731098980913239,0.926890101908676,0.970542581804409,3.91894494653974e-05,0.278200432090512,1.22358757425746,1.14690435910348,1.1198404714457,1.14078054804669,1.15280945102258,1.14744536482004,0.0133665835293268,0.0116904320905121
mixl,xgb_mono2,1.14157565639025,0.0156160403795522,1.14099970971608,0.0258282020394585,0.974171797960541,0.962081663211852,6.79580545638331e-06,0.208805645679168,1.21927411667903,1.15708320849672,1.11546580262322,1.14219273634117,1.14779324041032,1.14534329407984,0.0133862010318817,0.0577043543208318
xgb_lw2,xgb_wide,1.14157837769862,0.0107383846945854,1.14112047305851,0.999994632106048,5.36789395244597e-06,1.02033916914539,0.0164562637490847,0.274240661883017,1.21702627311847,1.14796201441412,1.12866177171854,1.13602166890352,1.15627494849756,1.13897148495939,0.0133889223402524,0.00773066188301735
xgb_monor,xgb_wide,1.14157921999699,0.0103596631613712,1.14122492658207,0.999999920127049,7.98729514750463e-08,1.0396900812463,7.76354966639385e-08,0.276313746608092,1.21860444538233,1.14739054450158,1.12905920284037,1.13824138685712,1.15601419609658,1.13719076968929,0.0133897646386172,0.00980374660809241
xgb_2stage,xgb_lw2,1.14160931058341,0.0107367142066356,1.1411204649806,2.9082349959186e-10,0.999999999709176,1.01978257574,0.0165099731373357,0.27424133629489,1.21705100397913,1.1479610192431,1.12861594022096,1.13612291913083,1.15628411307577,1.1390625612464,0.0134198552250406,0.00773133629488948
lcmnl3_drift,lcmnl5,1.14161557955178,0.0163309249982271,1.14090232523307,0.684496630485545,0.315503369514455,0.975683883588982,0.0318608965524263,0.22676427451465,1.20913577701425,1.15918927389535,1.12391728668244,1.12612930469658,1.15586530631455,1.14297672616999,0.013426124193411,0.0397457254853501
xgb_de,xgb_lw2,1.14163222526009,0.0107125052940582,1.14110830854332,0.0370991372458818,0.962900862754118,1.01650868378746,0.0169574444155587,0.274662916062728,1.21719238290455,1.14792998460382,1.12863330076098,1.13614435681742,1.15627057895318,1.13918290516507,0.013442769901723,0.00815291606272789
xgb_long,xgb_lw2,1.14163898461906,0.0107713529855221,1.14111918566418,0.011671274889849,0.988328725110151,1.01826938394968,0.0167186268000238,0.274388624282886,1.21706451124997,1.14812129615591,1.12860169765303,1.13602708150957,1.15628358745014,1.13916126032665,0.0134495292606893,0.0078786242828861
mnl_lr,xgb_bagC,1.14163933165341,0.0121613110786662,1.14148944044501,0.144352707891074,0.855647292108926,0.978708600579712,3.4214163649221e-06,0.275164886520845,1.22700790600775,1.15096650155053,1.12437958107057,1.13463428102589,1.15390698629552,1.14430930832452,0.0134498762950341,0.00865488652084523
lcmnl3_drift,mixl,1.14165258576449,0.0166201057400462,1.1410266228015,0.863125340112721,0.136874659887279,0.974107299986351,0.0196851845019183,0.237895990759093,1.20844754912178,1.16051667584295,1.12269485902984,1.12751652212716,1.15542295547876,1.14211191634376,0.0134631304061217,0.0286140092409071
glmnet,xgb_mono2,1.14169467012633,0.0151975757468307,1.14102462832263,0.0111839477104382,0.988816052289562,0.963687593004822,1.07743824719337e-05,0.207329806253868,1.21921393253478,1.15713352654947,1.11642554889583,1.14216432871677,1.14758893479535,1.14516101167423,0.0135052147679582,0.0591801937461321
lcmnl3_bag,lcmnl4,1.14169890237263,0.0168939704395361,1.14104346813403,0.607991659743391,0.392008340256609,0.956715821371699,0.0378553876880281,0.223714307181159,1.20692671060291,1.16087719976483,1.1231351406042,1.12610896347305,1.15527047861721,1.14310272940386,0.0135094470142592,0.0427956928188413
xgb_2stage,xgb_monor,1.14170373041141,0.0103034448201665,1.14120024664755,0.028787277068908,0.971212722931092,1.03746032713531,1.29041499628033e-06,0.276228776911111,1.21883222311376,1.1474555621571,1.12905211298267,1.13846970238098,1.15598179575021,1.13755947878607,0.0135142750530353,0.00971877691111067
xgb_de,xgb_mono2,1.14170414694171,0.0137770058022818,1.14050374637378,0.186010289402576,0.813989710597424,0.962959064001984,8.12888561125841e-06,0.217955584344086,1.2164904703214,1.15562263196377,1.1191492142891,1.14100953253372,1.14889529616968,1.14384405975226,0.0135146915833344,0.0485544156559145
glmnet_pw,xgb_bagA,1.14173375314132,0.0124074311718676,1.14151683307397,0.127225817253081,0.872774182746919,0.958873328492284,8.17448534983677e-06,0.278235639150583,1.22380952096277,1.14801468545641,1.12092266894853,1.14067289171112,1.15273556468989,1.14632295490067,0.0135442977829507,0.0117256391505828
lcmnl3_bag,xgb_wide,1.14179752717083,0.0172143796894732,1.14115387734301,0.787316972599407,0.212683027400593,0.931527141661152,0.0302316847555644,0.233318399008001,1.2051402267396,1.16070954526396,1.12225132261317,1.12740867150772,1.15723797838728,1.14138011808204,0.0136080718124616,0.0331916009919986
lcmnl3_drift,mnl_lr,1.14180330570581,0.0164355465581598,1.14133316061066,0.859410075921707,0.140589924078293,0.961513504107026,0.0378364500292167,0.233770492430482,1.20820448774958,1.16157389609525,1.12422568455089,1.12774747166266,1.15524238426142,1.14022709195881,0.0136138503474352,0.0327395075695183
hbmnl_nod,lcmnl3p,1.14184205018361,0.016367760971145,1.14122416407491,0.25155972841604,0.74844027158396,0.966956623425515,0.0217272519804679,0.239881429508342,1.20844235123307,1.15876078436102,1.12208626806561,1.1288663002328,1.1568789304669,1.1426179677917,0.013652594825234,0.0266285704916582
xgb_bagA,xgb_lw,1.14184572442257,0.0100962025390308,1.14079838859004,0.654185822463599,0.345814177536401,0.98258089599565,7.6115043664709e-07,0.276742967748626,1.22054383819734,1.14741604934107,1.12672391728283,1.13837108401309,1.15341460370324,1.14330296777263,0.0136562690641984,0.0102329677486255
xgb_long,xgb_mono2,1.14191205888853,0.0155445811755904,1.14084925324505,0.10477955288265,0.895220447117351,0.960413817078513,5.35007655796891e-06,0.212834519466167,1.21737640898473,1.15712534755964,1.11605888180951,1.14168739828781,1.14929822866411,1.14539043812159,0.0137226035301579,0.0536754805338328
lcmnl3_drift,mnl_pw,1.14192297333531,0.0164957803950792,1.14106523425878,0.798103814101027,0.201896185898973,0.949775813278717,0.0439735822643934,0.225419878930661,1.20628966223459,1.16075565588222,1.12282996914127,1.12998810942556,1.15675063170275,1.13929050052474,0.0137335179769384,0.041090121069339
lcmnl3_drift,nlogit,1.14193509946279,0.0165419394761997,1.14109405584224,0.802800395658516,0.197199604341484,0.954055632285213,0.0414654402232718,0.225237426641825,1.20633261066245,1.16090917823658,1.12287402175105,1.1298341670607,1.1567036630346,1.13935446723102,0.0137456441044173,0.0412725733581754
hbmnl,lcmnl3_drift,1.14193917010913,0.0163485705220858,1.14129840176146,0.0736898154825405,0.92631018451746,0.97472382233578,0.0332231865686004,0.231033418029787,1.20797829719881,1.16045349884378,1.12348880713395,1.12761254112322,1.15535312421605,1.14278787922867,0.0137497147507626,0.0354765819702129
hbmnl,xgb_bagC,1.14196381602726,0.0122639941653668,1.14174555361121,0.0614956316029087,0.938504368397091,0.983854472585228,7.10806147301318e-07,0.274736342415657,1.22733531796941,1.14998043637949,1.12406892461887,1.13514637659859,1.15426628986711,1.14635705267225,0.0137743606688914,0.00822634241565695
lcmnl1,lcmnl3_drift,1.14196864318107,0.0165426638326757,1.14115210538161,0.194286777447354,0.805713222552646,0.948971846229997,0.0443835999014253,0.22539155447952,1.20652776671042,1.16098673367117,1.12305361617431,1.12964692508965,1.15670062660801,1.1394553143622,0.013779187822696,0.0411184455204799
lcmnl3_drift,mnl,1.1419754023362,0.0163586871852903,1.14140574975983,0.88157187727404,0.11842812272596,0.947573281689918,0.0429788490924884,0.226000618770543,1.20747961157815,1.16093078373726,1.12387976491092,1.12854209283573,1.15614149118096,1.14038287901614,0.013785946977829,0.0405093812294572
hbmnl_nod,lcmnl,1.14198357448645,0.0165501523955432,1.14135074542669,0.253061325485153,0.746938674514848,0.967195538333086,0.0220605487280689,0.239905946781581,1.20872014016881,1.15918575111767,1.12205446816567,1.12879974621454,1.1570858612009,1.1427920457335,0.0137941191280826,0.0266040532184186
hbmnl_nod,lcmnl3,1.14198357448645,0.0165501523955432,1.14135074542669,0.253061325485153,0.746938674514848,0.967195538333086,0.0220605487280689,0.239905946781581,1.20872014016881,1.15918575111767,1.12205446816567,1.12879974621454,1.1570858612009,1.1427920457335,0.0137941191280826,0.0266040532184186
hbmnl_nod,lcmnl3x,1.14198357448645,0.0165501523955432,1.14135074542669,0.253061325485153,0.746938674514848,0.967195538333086,0.0220605487280689,0.239905946781581,1.20872014016881,1.15918575111767,1.12205446816567,1.12879974621454,1.1570858612009,1.1427920457335,0.0137941191280826,0.0266040532184186
hbmnl_nod,lcmnl3_bag,1.14198807126806,0.0173661359472297,1.14128252268462,0.22781605693778,0.77218394306222,0.944381123044631,0.0338924566614685,0.2393705999527,1.20697880449984,1.16036873558393,1.12132707412881,1.1277204513885,1.15737269952751,1.14315139571158,0.0137986159096928,0.0271394000472996
lcmnl2,lcmnl3_drift,1.14203428150469,0.0160434299184533,1.14132379704103,0.243610745812194,0.756389254187806,0.954725748083474,0.0449653670343597,0.22693230842152,1.20797670965357,1.16019534997419,1.12506539247303,1.12800010727128,1.15659107971408,1.14031947809088,0.01384482614632,0.0395776915784805
glmnet_pw,xgb_bagC,1.14206050844072,0.0121021570856864,1.14192704344734,0.102017601280512,0.897982398719488,0.974335790857132,7.95699620673134e-07,0.274795034054162,1.22744323579269,1.15086501247707,1.12466716941637,1.13521480449287,1.15424012774599,1.14531542807128,0.0138710530823458,0.00828503405416198
lcmnl3b,xgb_2stage,1.14208488837956,0.0165290694784613,1.14145949021259,0.746939480112491,0.253060519887509,0.963880805391311,0.0316229070414179,0.237810010784843,1.20842622625506,1.15961113035746,1.12187654345075,1.12973620908349,1.15707831737505,1.14212224163107,0.013895433021192,0.0286999892151575
xgb_bagA,xgb_bagC,1.14208625798841,0.0118840245375257,1.14132872056858,0.541373880454566,0.458626119545434,0.978278644832826,2.00277526419633e-08,0.275417924873147,1.22343870439049,1.14893407333244,1.12286702738976,1.13967722627751,1.15357614712885,1.14537681581349,0.0138968026300403,0.00890792487314745
lcmnl1,xgb_de,1.14209076882431,0.0131103735274307,1.14124911150077,0.446455882388543,0.553544117611457,0.874245295335376,0.0599687644110891,0.255960763169151,1.20415005568948,1.15319710695995,1.12510312459184,1.13734483483226,1.15731911950938,1.13748965822813,0.0139013134659418,0.0105492368308487
glmnet_pw,lcmnl3_bag,1.14209110962449,0.0171174570003474,1.14153232376711,0.212120505986347,0.787879494013654,0.906969796691797,0.0508795847607548,0.234752278776043,1.20615467359095,1.16214987154444,1.12296488647661,1.12767545797199,1.15608369412741,1.14158163800202,0.0139016542661217,0.0317577212239575
mnl_pw,xgb_de,1.1421141621892,0.013017204804025,1.14128277251655,0.444967588319869,0.555032411680131,0.881085685361946,0.0571118718615368,0.256342049444116,1.20431570518459,1.15266234811133,1.12487920074915,1.13784120993679,1.15737069279162,1.13781735935713,0.0139247068308326,0.0101679505558842
lcmnl3_drift,lcmnl4,1.14215347997324,0.0163825847197023,1.14144446582529,0.752623566701731,0.247376433298269,0.97305757424791,0.0358888456356903,0.226303363127042,1.20964135131527,1.16098647027388,1.12434760789228,1.1268288028574,1.15499303706002,1.1436114817826,0.0139640246148638,0.0402066368729578
xgb_bagC,xgb_de,1.14215889647426,0.0117497965808682,1.14189647478579,0.842152168395248,0.157847831604752,0.983789669867716,9.46734802448373e-06,0.275566688862697,1.22560971928705,1.15018190665561,1.12547400437876,1.13569437754478,1.15488361585505,1.14456057793711,0.013969441115891,0.009056688862697
lcmnl3_drift,lcmnl3b,1.14217040654636,0.0168734898179042,1.14167010164552,0.782166166123196,0.217833833876804,0.975769312236096,0.0364514060718649,0.227102643602372,1.20894068855766,1.16179605242897,1.1243483247836,1.12694406819708,1.15643623759619,1.14132734972598,0.0139809511879927,0.039407356397628
xgb_bagA,xgb_wide,1.14217076639749,0.0125917310232546,1.14198693345835,0.999999998789294,1.21070642400412e-09,0.974829802113619,3.51158480766734e-06,0.276858140757475,1.22276766587591,1.1479777828267,1.12101225080224,1.14147135035765,1.15362386286517,1.14676858513571,0.0139813110391218,0.0103481407574747
xgb_2stage,xgb_bagA,1.1421712242165,0.0125935244555908,1.141986932883,8.04975123981061e-21,1,0.975050026120143,4.20801558905757e-06,0.276857250560577,1.2227548321852,1.14798440839912,1.12100949223583,1.14147019996574,1.15362307936892,1.14676894111291,0.0139817688581316,0.0103472505605767
xgb_bagA,xgb_long,1.1421772084384,0.0125933348457435,1.14198692963174,0.999999904050278,9.59497222785544e-08,0.975076622045825,1.2247433735841e-06,0.276857226443596,1.22275351864964,1.14798502714129,1.12101122067628,1.14149433475989,1.15362662843501,1.14676883117951,0.0139877530800259,0.0103472264435958
nlogit,xgb_de,1.14219760675573,0.0130342754313643,1.14136516900562,0.441112164219897,0.558887835780103,0.890601092616752,0.0509318386128483,0.255917213828645,1.20447318337346,1.15297706522964,1.12500924896427,1.13772192065759,1.15735236850188,1.13792743042527,0.0140081513973576,0.0105927861713555
mixl,xgb_bagA,1.14222115415695,0.012616076197808,1.14195136773114,0.0286947986199841,0.971305201380016,0.970869745348611,2.11950564938805e-06,0.278199016121262,1.22354191979301,1.14801078214042,1.12101452174966,1.14148798275707,1.15364802028346,1.14694446385415,0.0140316987985833,0.0116890161212614
glmnet,xgb_bagA,1.14222392107369,0.0124851531307082,1.14198686080508,0.00164014132035628,0.998359858679644,0.974769934650757,7.16799921785875e-07,0.276871120101878,1.2227726997737,1.14798058196545,1.1212694870787,1.14147170755575,1.153628337392,1.14676949137653,0.0140344657153162,0.0103611201018777
glmnet,lcmnl3_bag,1.14226481982051,0.0170770939481912,1.14170789327583,0.169084583843728,0.830915416156272,0.895433519011692,0.057869805515519,0.231787758442663,1.20519578487455,1.16232021361938,1.12404750621591,1.12742254834004,1.15675351978776,1.14078031113945,0.0140753644621354,0.0347222415573375
glmnet_pw,lcmnl3p,1.14228190620702,0.0161666301983471,1.14185283010929,0.219958244379322,0.780041755620679,0.934913317503702,0.0372870478336398,0.23453850319373,1.20799154698472,1.16107263409567,1.12428820554847,1.12881802651386,1.15593224359877,1.14129842127832,0.0140924508486471,0.0319714968062697
lcmnl3_drift,lcmnl3p,1.14229027137289,0.016552366644661,1.14182656894359,0.819140379025192,0.180859620974808,0.97447019364238,0.0375220013715201,0.226403337159536,1.20942804271248,1.16165505800836,1.12473855226545,1.12753736961019,1.15622670694474,1.14129367003569,0.014100816014514,0.0401066628404645
xgb_2stage,xgb_bagC,1.14229739147753,0.0120739273789864,1.14219599127885,1.73992836275859e-17,1,0.988125217549137,2.90237770551976e-07,0.27351627168779,1.22647562118724,1.15080057564906,1.12505190190479,1.13542878506157,1.15481346304516,1.14539223172707,0.0141079361191585,0.00700627168779
xgb_bagC,xgb_wide,1.14229773765397,0.0120751837503489,1.14219599312202,0.999999999999766,2.33701946683595e-13,0.988083252880671,3.44040291887386e-07,0.273516381648213,1.22647844931928,1.15080162554335,1.12505057465407,1.13542867180516,1.15481574688766,1.1453920693796,0.0141082822955982,0.0070063816482126
glmnet,xgb_bagC,1.14231315470397,0.0120437918415851,1.14219598899331,8.54183866681782e-30,1,0.988237724451262,5.20782343545098e-09,0.273515979996294,1.22646805559797,1.15079601699261,1.12513493014254,1.1354282949293,1.15481433685652,1.14539219459887,0.0141236993455973,0.00700597999629349
lcmnl,lcmnl3_drift,1.14233884329093,0.0165597273146535,1.14185940217312,0.134375032201719,0.865624967798281,0.976028609837039,0.0368986979114604,0.226640412700501,1.2095122515833,1.16174289327342,1.1248615474794,1.12748912095965,1.15624712010298,1.14135353463919,0.0141493879325567,0.0398695872994987
lcmnl3,lcmnl3_drift,1.14233884329093,0.0165597273146535,1.14185940217312,0.134375032201719,0.865624967798281,0.976028609837039,0.0368986979114604,0.226640412700501,1.2095122515833,1.16174289327342,1.1248615474794,1.12748912095965,1.15624712010298,1.14135353463919,0.0141493879325567,0.0398695872994987
lcmnl3_drift,lcmnl3x,1.14233884329093,0.0165597273146535,1.14185940217312,0.865624967798281,0.134375032201719,0.976028609837039,0.0368986979114604,0.226640412700501,1.2095122515833,1.16174289327342,1.1248615474794,1.12748912095965,1.15624712010298,1.14135353463919,0.0141493879325567,0.0398695872994987
xgb_bagC,xgb_long,1.14236965223221,0.0121515646909469,1.14218492774514,0.970728414758124,0.0292715852418757,0.98630533095654,1.25440263262437e-06,0.273933955988317,1.22629623052123,1.15077177266117,1.1250485407615,1.13540711373262,1.15507681684055,1.14554401716521,0.01418019687384,0.0074239559883173
mixl,xgb_bagC,1.14237389705043,0.0121004251951242,1.14218345827018,0.0177788259743227,0.982221174025677,0.985439324207563,3.84589246056969e-07,0.274362979698153,1.22693822895794,1.15087768218659,1.12504837193915,1.13550720447506,1.15485373910422,1.14558248754713,0.0141844416920576,0.00785297969815296
glmnet_pw,lcmnl,1.14240069181893,0.0163506743210085,1.14196305872832,0.223491576343619,0.776508423656381,0.935331744505843,0.0373018613962544,0.234677957577297,1.2082488485481,1.16147462691926,1.12424507954878,1.12874133561764,1.15612620573003,1.14141621127894,0.0142112364605611,0.0318320424227031
glmnet_pw,lcmnl3,1.14240069181893,0.0163506743210085,1.14196305872832,0.223491576343619,0.776508423656381,0.935331744505843,0.0373018613962544,0.234677957577297,1.2082488485481,1.16147462691926,1.12424507954878,1.12874133561764,1.15612620573003,1.14141621127894,0.0142112364605611,0.0318320424227031
glmnet_pw,lcmnl3x,1.14240069181893,0.0163506743210085,1.14196305872832,0.223491576343619,0.776508423656381,0.935331744505843,0.0373018613962544,0.234677957577297,1.2082488485481,1.16147462691926,1.12424507954878,1.12874133561764,1.15612620573003,1.14141621127894,0.0142112364605611,0.0318320424227031
lcmnl3b,xgb_wide,1.14241150669118,0.0167689357951393,1.14183494530222,0.746513061175663,0.253486938824337,0.975878403051949,0.00465168172482185,0.23843367158697,1.20800128507185,1.16020447447634,1.12319266241655,1.12830355535326,1.15789693595794,1.14245990525179,0.0142220513328046,0.02807632841303
xgb_bagA,xgb_de,1.14244148820227,0.0120881624121835,1.14191245148504,0.914731770605997,0.0852682293940026,0.974007338421305,1.67031546879732e-05,0.277717379441526,1.22271339218966,1.14787959724696,1.12235853052405,1.1412898719262,1.15391086130527,1.14676858000889,0.0142520328439035,0.0112073794415263
mnl_lr,xgb_lw,1.14246027080076,0.00991190929732899,1.14193497827138,0.259190160289096,0.740809839710904,0.967233777759025,0.0176136044991136,0.278678798530543,1.22211981206144,1.15109873226855,1.13281054085044,1.13394919676602,1.1545517761001,1.13989110801869,0.0142708154423881,0.0121687985305429
glmnet,lcmnl3p,1.1425752035247,0.0160417250524231,1.14214318760769,0.171492650186498,0.828507349813502,0.927890717274396,0.0425588480961867,0.231495111175259,1.20733932363983,1.16130537353277,1.12571973644999,1.12873574987699,1.15666046801776,1.14045468974598,0.0143857481663281,0.0350148888247406
lcmnl2,lcmnl3_bag,1.1425796749358,0.0164984661133772,1.14173393972478,0.322890145699099,0.677109854300901,0.923777778848408,0.0572433168947582,0.224436922570402,1.20532873784303,1.16051139429808,1.12505374456826,1.12851888552125,1.15860384369058,1.14021050660084,0.0143902195774301,0.0420730774295985
lcmnl3_bag,mixl2,1.14260032964568,0.0174848324136086,1.14182246177324,0.811654091945619,0.188345908054381,0.914924424689417,0.0469099741374208,0.234331150617682,1.20759262177913,1.16147546023533,1.12156644806378,1.12903639520519,1.15809714853698,1.1428261961871,0.0144108742873039,0.0321788493823181
hbmnl_nod,lcmnl3b,1.14260383115538,0.0170632149667411,1.14192852762426,0.275852665366641,0.724147334633359,0.976358032092762,0.0172792321584192,0.245232435131889,1.21003011500017,1.15986353648537,1.12214651241632,1.12848105585805,1.15829122933961,1.14423682167755,0.0144143757970092,0.0212775648681114
lcmnl3p,mixl2,1.14260717669777,0.0164490961915621,1.14188419796906,0.793214201961817,0.206785798038183,0.940717984920779,0.0328161978264116,0.23444282772718,1.20934133700261,1.15998847139251,1.12260443868444,1.13017602863187,1.15762508212528,1.14264186265472,0.0144177213393948,0.0320671722728201
glmnet,lcmnl,1.14268729773955,0.0162294342324532,1.14224286015115,0.175434704385732,0.824565295614268,0.928076722332679,0.0425576769305818,0.2316495621345,1.20754144039881,1.1617192623437,1.12569808029389,1.12861107638675,1.15683381643731,1.14057425323609,0.0144978423811775,0.0348604378655005
glmnet,lcmnl3,1.14268729773955,0.0162294342324532,1.14224286015115,0.175434704385732,0.824565295614268,0.928076722332679,0.0425576769305818,0.2316495621345,1.20754144039881,1.1617192623437,1.12569808029389,1.12861107638675,1.15683381643731,1.14057425323609,0.0144978423811775,0.0348604378655005
glmnet,lcmnl3x,1.14268729773955,0.0162294342324532,1.14224286015115,0.175434704385732,0.824565295614268,0.928076722332679,0.0425576769305818,0.2316495621345,1.20754144039881,1.1617192623437,1.12569808029389,1.12861107638675,1.15683381643731,1.14057425323609,0.0144978423811775,0.0348604378655005
lcmnl,mixl2,1.14273486524906,0.0166359814666463,1.14200156410095,0.790252898018818,0.209747101981182,0.940940629305472,0.0327051964045579,0.234564139284767,1.2095997110884,1.16039178021442,1.12254043601247,1.13011635946682,1.15784157831954,1.14278417223204,0.014545409890687,0.0319458607152333
lcmnl3,mixl2,1.14273486524906,0.0166359814666463,1.14200156410095,0.790252898018818,0.209747101981182,0.940940629305472,0.0327051964045579,0.234564139284767,1.2095997110884,1.16039178021442,1.12254043601247,1.13011635946682,1.15784157831954,1.14278417223204,0.014545409890687,0.0319458607152333
lcmnl3x,mixl2,1.14273486524906,0.0166359814666463,1.14200156410095,0.790252898018818,0.209747101981182,0.940940629305472,0.0327051964045579,0.234564139284767,1.2095997110884,1.16039178021442,1.12254043601247,1.13011635946682,1.15784157831954,1.14278417223204,0.014545409890687,0.0319458607152333
mnl,xgb_lw,1.14275807349359,0.00990641286932323,1.14224180439071,0.224017649477711,0.775982350522289,0.951552808980401,0.0207042340688647,0.263825289909576,1.21128272011621,1.15095868983469,1.13361293992768,1.13415175875325,1.15534331144644,1.13972366750591,0.0145686181352211,0.00268471009042431
lcmnl4,xgb_2stage,1.14290287405514,0.0153004429371048,1.14228207768497,0.735477873286556,0.264522126713444,0.964111671548326,0.0280954920694328,0.235921061231866,1.21191603346273,1.15856501342483,1.12318060236254,1.13081502242251,1.15455798010029,1.14739575196554,0.0147134186967701,0.0305889387681337
lcmnl4,xgb_wide,1.14302925273077,0.0155421562347818,1.14253124942851,0.730268320386874,0.269731679613126,0.967171686263367,0.00494904913318932,0.236747181139213,1.21180435384733,1.15901477936645,1.12458822679024,1.12891706815878,1.1554500110468,1.14717617829158,0.0148397973723973,0.029762818860787
lcmnl3_bag,mnl_lr,1.14309469992251,0.0172806034165682,1.14249974451617,0.871539308180431,0.128460691819569,0.923728855821092,0.0562988218225081,0.230358878963666,1.20663083121439,1.16336100618949,1.12418035479687,1.12859615792811,1.15771091837612,1.14162506232197,0.0149052445641387,0.0361511210363342
lcmnl5,xgb_2stage,1.14309887359079,0.0148049828370463,1.14258331645976,0.743465252189504,0.256534747810496,0.965295974379762,0.0271871133788667,0.237473995068587,1.21449852483178,1.15416296384847,1.12376947023726,1.13152525905378,1.15801684026935,1.14801983454508,0.0149094182324163,0.0290360049314132
lcmnl3p,lcmnl5,1.14313400253504,0.0160775656439717,1.14236922759225,0.643874480706734,0.356125519293266,0.974891968951052,0.0325758753877077,0.224557402672501,1.20988117613347,1.15980448128293,1.12543576748135,1.12798737521916,1.1576474849022,1.14479490378957,0.0149445471766705,0.0419525973274992
glmnet_pw,lcmnl3b,1.14314619816535,0.0168064328816837,1.14266104249191,0.24486412269353,0.75513587730647,0.941293438323721,0.0344103574804018,0.239645985577906,1.20929869751927,1.16228002322261,1.1243995183034,1.12873256375642,1.15744502514263,1.14287386040171,0.0149567428069826,0.0268640144220937
glmnet_pw,xgb_lw,1.14319095403456,0.00938942605991227,1.14277205243099,0.239622764738662,0.760377235261338,0.971657489275134,0.00479230923560413,0.279005874540279,1.22333490961682,1.1510394905094,1.13380733967628,1.13492001900372,1.15467067064171,1.14151725034169,0.0150014986761884,0.0124958745402788
lcmnl3_bag,mixl,1.14322852831735,0.0176884882795623,1.1425362086521,0.90016520010743,0.0998347998925704,0.93799157745556,0.0419823158398398,0.232184386063959,1.20720851804311,1.16305310594449,1.12311469897392,1.12835523327381,1.15848391871292,1.14313568468161,0.0150390729589771,0.0343256139360414
lcmnl3p,mixl,1.14323816749019,0.0163891739479079,1.14258665734273,0.867995245662774,0.132004754337226,0.969108113988758,0.0233122183163457,0.234060079160795,1.20897364887442,1.16132848093899,1.12429183435696,1.12954095340266,1.15739537775675,1.14363419099558,0.0150487121318144,0.0324499208392055
lcmnl,lcmnl5,1.14326325894628,0.0162354540532217,1.1424757028461,0.634417972034071,0.365582027965929,0.97608994731181,0.0323309928663665,0.224574093018711,1.21013695886754,1.16015795508055,1.12544050281798,1.12790586151042,1.157841077479,1.14497089784343,0.0150738035879057,0.0419359069812887
lcmnl3,lcmnl5,1.14326325894628,0.0162354540532217,1.1424757028461,0.634417972034071,0.365582027965929,0.97608994731181,0.0323309928663665,0.224574093018711,1.21013695886754,1.16015795508055,1.12544050281798,1.12790586151042,1.157841077479,1.14497089784343,0.0150738035879057,0.0419359069812887
lcmnl3x,lcmnl5,1.14326325894628,0.0162354540532217,1.1424757028461,0.634417972034071,0.365582027965929,0.97608994731181,0.0323309928663665,0.224574093018711,1.21013695886754,1.16015795508055,1.12544050281798,1.12790586151042,1.157841077479,1.14497089784343,0.0150738035879057,0.0419359069812887
lcmnl5,xgb_wide,1.1433042291692,0.0151091595805429,1.14291710261821,0.742400161268577,0.257599838731423,0.968440757363507,0.00500874812675622,0.238187989652243,1.21449722948244,1.15483227631616,1.12497587682626,1.12982892596352,1.15878939242745,1.1480946743126,0.0151147738108257,0.0283220103477566
lcmnl3p,mnl_lr,1.1433115658364,0.0162220888329339,1.14284977486516,0.861054987029634,0.138945012970366,0.957232925733088,0.0404349383857448,0.230389704371938,1.20871159082881,1.16235667698738,1.12572719079165,1.12972404983361,1.15720273240039,1.14154717916894,0.0151221104780241,0.036120295628062
hbmnl,lcmnl3_bag,1.14333291362689,0.0175436920648463,1.14256864710704,0.0609113616850805,0.939088638314919,0.937429723462016,0.0509639431083467,0.227406685164316,1.20653524375858,1.16281398532598,1.1233498480109,1.12820207546213,1.15826109724307,1.14403756209235,0.015143458268515,0.0391033148356843
lcmnl,mixl,1.14334663997726,0.0166002405459114,1.1426928442779,0.864130495118076,0.135869504881924,0.96952581356771,0.0230696184985831,0.234330055759726,1.20920458174459,1.16174787228298,1.12418027918548,1.12943753154982,1.15758257342702,1.14378494344098,0.0151571846188843,0.0321799442402743
lcmnl3,mixl,1.14334663997726,0.0166002405459114,1.1426928442779,0.864130495118076,0.135869504881924,0.96952581356771,0.0230696184985831,0.234330055759726,1.20920458174459,1.16174787228298,1.12418027918548,1.12943753154982,1.15758257342702,1.14378494344098,0.0151571846188843,0.0321799442402743
lcmnl3x,mixl,1.14334663997726,0.0166002405459114,1.1426928442779,0.864130495118076,0.135869504881924,0.96952581356771,0.0230696184985831,0.234330055759726,1.20920458174459,1.16174787228298,1.12418027918548,1.12943753154982,1.15758257342702,1.14378494344098,0.0151571846188843,0.0321799442402743
lcmnl3_bag,mnl,1.14338085683346,0.017521364076304,1.1427304647093,0.914859238576304,0.0851407614236961,0.916806819310552,0.0593690402297924,0.223131389842561,1.20629896398664,1.16331696588317,1.12373238621243,1.12918895458286,1.15888891034542,1.14177706714344,0.0151914014750916,0.043378610157439
lcmnl3p,mnl_pw,1.14340732756158,0.016289004945114,1.14257451189568,0.79459847125364,0.20540152874636,0.945967239918499,0.0464665871535631,0.222497520815169,1.20676526847592,1.16154138541372,1.12431760493707,1.13200641505216,1.15857844271126,1.14059278969366,0.0152178722032039,0.0440124791848306
lcmnl3p,nlogit,1.14342360429547,0.0163399246919363,1.14260740512892,0.799146272369418,0.200853727630582,0.950150274584973,0.0440766515469099,0.222302850308606,1.20680344003912,1.16169826079831,1.12436354066864,1.13183608935431,1.15855177537899,1.14066835527708,0.0152341489370946,0.044207149691394
hbmnl,lcmnl3p,1.14342448529674,0.0161332150640955,1.14278556106694,0.0732083744151556,0.926791625584844,0.968776201591776,0.0362926317865629,0.227405672667299,1.20843511802298,1.16116488057355,1.12491702010405,1.12963206901021,1.15732444571014,1.14408401108572,0.0152350299383646,0.0391043273327012
lcmnl3b,mixl2,1.14345007626559,0.0172096339797542,1.1426789891417,0.76922236793428,0.23077763206572,0.948519227750861,0.0286389230058423,0.239815270905304,1.21084652265584,1.161238624301,1.12250307447602,1.13005323452023,1.1592431218225,1.14421232620819,0.0152606209072172,0.0266947290946959
lcmnl,mnl_lr,1.14345195211099,0.0164126432098436,1.14297991906321,0.857794552446431,0.142205447553569,0.957697272059411,0.0405686648754221,0.230517510287213,1.20895934784287,1.16279479427212,1.12570427797737,1.12965068123351,1.15741007824234,1.14169992882959,0.015262496752614,0.0359924897127868
lcmnl3,mnl_lr,1.14345195211099,0.0164126432098436,1.14297991906321,0.857794552446431,0.142205447553569,0.957697272059411,0.0405686648754221,0.230517510287213,1.20895934784287,1.16279479427212,1.12570427797737,1.12965068123351,1.15741007824234,1.14169992882959,0.015262496752614,0.0359924897127868
lcmnl3x,mnl_lr,1.14345195211099,0.0164126432098436,1.14297991906321,0.857794552446431,0.142205447553569,0.957697272059411,0.0405686648754221,0.230517510287213,1.20895934784287,1.16279479427212,1.12570427797737,1.12965068123351,1.15741007824234,1.14169992882959,0.015262496752614,0.0359924897127868
lcmnl1,lcmnl3p,1.14345552469413,0.0163409213392717,1.14266419801769,0.196922866510594,0.803077133489406,0.944748343873598,0.0470096169276693,0.222404455526223,1.20701658045644,1.16178284950238,1.12453545607602,1.13164521330745,1.15854079208962,1.14077331249521,0.0152660693357634,0.0441055444737768
lcmnl3p,mnl,1.14348262269965,0.0161492197737216,1.14293767905184,0.887201482793085,0.112798517206915,0.943340360845152,0.0459717773052058,0.222634889847758,1.20804748246482,1.16172786731368,1.1253943039124,1.1305245538228,1.15804612228126,1.14172026616809,0.0152931673412757,0.0438751101522425
lcmnl,mnl_pw,1.143534391148,0.0164644691631013,1.14269303364704,0.789893931306634,0.210106068693366,0.945747392201558,0.0469241057980983,0.22244410882498,1.20693402871433,1.16193569237571,1.12424024633413,1.13200667232775,1.15878401917149,1.14070532553092,0.0153449357896287,0.0440658911750199
lcmnl3,mnl_pw,1.143534391148,0.0164644691631013,1.14269303364704,0.789893931306634,0.210106068693366,0.945747392201558,0.0469241057980983,0.22244410882498,1.20693402871433,1.16193569237571,1.12424024633413,1.13200667232775,1.15878401917149,1.14070532553092,0.0153449357896287,0.0440658911750199
lcmnl3x,mnl_pw,1.143534391148,0.0164644691631013,1.14269303364704,0.789893931306634,0.210106068693366,0.945747392201558,0.0469241057980983,0.22244410882498,1.20693402871433,1.16193569237571,1.12424024633413,1.13200667232775,1.15878401917149,1.14070532553092,0.0153449357896287,0.0440658911750199
lcmnl2,lcmnl3p,1.14353959353455,0.0157672576741481,1.14282196736814,0.264494131371477,0.735505868628523,0.950313738180469,0.0477557914846232,0.224133750052155,1.20852347101504,1.16095121483844,1.12675283278775,1.12996689429314,1.15842256566095,1.14160446009247,0.0153501381761778,0.0423762499478447
lcmnl,nlogit,1.14355727960426,0.0165128207561098,1.14272674929633,0.794414197011465,0.205585802988535,0.950143859426552,0.0443011829149056,0.222243293671106,1.20697217467908,1.16210021431546,1.12429962827171,1.13184828348181,1.15876136944115,1.14077690251117,0.0153678242458897,0.0442667063288939
lcmnl3,nlogit,1.14355727960426,0.0165128207561098,1.14272674929633,0.794414197011465,0.205585802988535,0.950143859426552,0.0443011829149056,0.222243293671106,1.20697217467908,1.16210021431546,1.12429962827171,1.13184828348181,1.15876136944115,1.14077690251117,0.0153678242458897,0.0442667063288939
lcmnl3x,nlogit,1.14355727960426,0.0165128207561098,1.14272674929633,0.794414197011465,0.205585802988535,0.950143859426552,0.0443011829149056,0.222243293671106,1.20697217467908,1.16210021431546,1.12429962827171,1.13184828348181,1.15876136944115,1.14077690251117,0.0153678242458897,0.0442667063288939
lcmnl3b,lcmnl5,1.14357344443431,0.0164767558624451,1.14280173947352,0.559513921334625,0.440486078665376,0.983241573870025,0.029072016724896,0.227544406219031,1.21082633817111,1.1600280727355,1.12538848261233,1.12777331387597,1.15870984571231,1.14596750723543,0.0153839890759362,0.0389655937809688
hbmnl,lcmnl,1.1435838699235,0.0163455641485861,1.14293491162287,0.0735138339076529,0.926486166092347,0.970194089179642,0.0361938755376461,0.22738653725304,1.20870760317219,1.16165526472628,1.1248951039039,1.12953681186127,1.15755016327243,1.1442820058536,0.0153944145651248,0.0391234627469598
hbmnl,lcmnl3,1.1435838699235,0.0163455641485861,1.14293491162287,0.0735138339076529,0.926486166092347,0.970194089179642,0.0361938755376461,0.22738653725304,1.20870760317219,1.16165526472628,1.1248951039039,1.12953681186127,1.15755016327243,1.1442820058536,0.0153944145651248,0.0391234627469598
hbmnl,lcmnl3x,1.1435838699235,0.0163455641485861,1.14293491162287,0.0735138339076529,0.926486166092347,0.970194089179642,0.0361938755376461,0.22738653725304,1.20870760317219,1.16165526472628,1.1248951039039,1.12953681186127,1.15755016327243,1.1442820058536,0.0153944145651248,0.0391234627469598
lcmnl3_bag,mnl_pw,1.14358687074526,0.017393522892345,1.14264333642154,0.860094779919097,0.139905220080903,0.92167321930666,0.0591039808543523,0.223040802076425,1.20575221967141,1.16321720006436,1.12338884233472,1.13071443863458,1.1592738282763,1.14134004441633,0.015397415386885,0.043469197923575
lcmnl,lcmnl1,1.14359064867883,0.0165137093338064,1.14278379557728,0.79899860811239,0.20100139188761,0.945071555487845,0.0472529569570391,0.22236109945319,1.20719021934409,1.16218081941477,1.12447903046397,1.1316498409697,1.15875836382436,1.14088518872136,0.0154011933204583,0.0441489005468095
lcmnl1,lcmnl3,1.14359064867883,0.0165137093338064,1.14278379557728,0.20100139188761,0.79899860811239,0.945071555487845,0.0472529569570391,0.22236109945319,1.20719021934409,1.16218081941477,1.12447903046397,1.1316498409697,1.15875836382436,1.14088518872136,0.0154011933204583,0.0441489005468095
lcmnl1,lcmnl3x,1.14359064867883,0.0165137093338064,1.14278379557728,0.20100139188761,0.79899860811239,0.945071555487845,0.0472529569570391,0.22236109945319,1.20719021934409,1.16218081941477,1.12447903046397,1.1316498409697,1.15875836382436,1.14088518872136,0.0154011933204583,0.0441489005468095
lcmnl3_bag,nlogit,1.1436091579232,0.0174460595476217,1.14268544994466,0.868742361715906,0.131257638284094,0.925430470348637,0.0573331061950095,0.222979404549567,1.20584831159982,1.16335635121202,1.12345932602335,1.13052129048133,1.15927639098832,1.14143243091096,0.0154197025648246,0.0435305954504327
lcmnl,mnl,1.14361112733555,0.0163344837792228,1.14304980728215,0.881841988335218,0.118158011664782,0.942879630297256,0.0462567201635495,0.222566459059199,1.20819661882418,1.16215001469321,1.12534981161453,1.13046605671499,1.15824598340961,1.14184377024541,0.01542167197718,0.0439435409408013
lcmnl3,mnl,1.14361112733555,0.0163344837792228,1.14304980728215,0.881841988335218,0.118158011664782,0.942879630297256,0.0462567201635495,0.222566459059199,1.20819661882418,1.16215001469321,1.12534981161453,1.13046605671499,1.15824598340961,1.14184377024541,0.01542167197718,0.0439435409408013
lcmnl3x,mnl,1.14361112733555,0.0163344837792228,1.14304980728215,0.881841988335218,0.118158011664782,0.942879630297256,0.0462567201635495,0.222566459059199,1.20819661882418,1.16215001469321,1.12534981161453,1.13046605671499,1.15824598340961,1.14184377024541,0.01542167197718,0.0439435409408013
lcmnl1,lcmnl3_bag,1.1436115309376,0.0174549787183105,1.14271260697929,0.127332063716387,0.872667936283613,0.922047440618913,0.0592974191463508,0.223065199483739,1.20598919602106,1.163391466518,1.12354216401617,1.13036556289464,1.15925674718541,1.14150171407376,0.015422075579224,0.0434448005162614
hbmnl,xgb_lw,1.14361503269091,0.00927694883781308,1.14318648019847,0.110194445006089,0.889805554993911,1.00878791275442,3.24996029102188e-05,0.278364670687187,1.22264230117262,1.14936221584314,1.1340956664955,1.13519953651517,1.1558533142504,1.14356443035033,0.0154255773325385,0.0118546706871866
glmnet,lcmnl3b,1.14362244279257,0.0167211798699525,1.14314911944983,0.185469218075621,0.814530781924379,0.934471217412768,0.0407981643839149,0.236186095373961,1.20868107328084,1.16271849299259,1.12602109427908,1.12869653607222,1.15842950674989,1.14224658386905,0.015432987434195,0.0303239046260388
lcmnl2,xgb_2stage,1.14367036206653,0.0136351567697279,1.14311548645844,0.721993962360673,0.278006037639327,0.907639532418482,0.0599976298287658,0.238774503393156,1.20679176903115,1.15471920760352,1.12672042011782,1.1346448263962,1.15954289965246,1.14272445656266,0.0154809067081578,0.0277354966068438
lcmnl,lcmnl2,1.1436819306688,0.0158966534363846,1.14292980689254,0.724237710925805,0.275762289074195,0.950597562840849,0.0480942911151578,0.22415412372733,1.20866390725592,1.16132341115639,1.12679951192059,1.12996033702749,1.1585976710139,1.14172872222562,0.015492475310428,0.0423558762726702
lcmnl2,lcmnl3,1.1436819306688,0.0158966534363847,1.14292980689254,0.275762289074194,0.724237710925806,0.950597562840849,0.0480942911151578,0.22415412372733,1.20866390725592,1.16132341115639,1.12679951192059,1.12996033702749,1.1585976710139,1.14172872222562,0.015492475310428,0.0423558762726702
lcmnl2,lcmnl3x,1.1436819306688,0.0158966534363847,1.14292980689254,0.275762289074194,0.724237710925806,0.950597562840849,0.0480942911151578,0.22415412372733,1.20866390725592,1.16132341115639,1.12679951192059,1.12996033702749,1.1585976710139,1.14172872222562,0.015492475310428,0.0423558762726702
lcmnl3p,lcmnl4,1.14379890331608,0.0161539431002585,1.14294566929648,0.718153443357917,0.281846556642083,0.970949957695706,0.0374598827075046,0.223534128183129,1.21031812041877,1.16173170186542,1.12587487751749,1.12879483840596,1.1569264778503,1.14566662094121,0.0156094479577049,0.0429758718168707
lcmnl,lcmnl3p,1.14381436828438,0.0163281372471725,1.14336762508635,0.00114989780616016,0.99885010219384,0.971217983229195,0.0395635006406104,0.223389533438359,1.20999498439698,1.16250614451773,1.12623524806988,1.12958496630664,1.15810332677391,1.14264215575376,0.0156249129260124,0.043120466561641
lcmnl3,lcmnl3p,1.14381436828438,0.0163281372471725,1.14336762508635,0.00114989780616016,0.99885010219384,0.971217983229195,0.0395635006406104,0.223389533438359,1.20999498439698,1.16250614451773,1.12623524806988,1.12958496630664,1.15810332677391,1.14264215575376,0.0156249129260124,0.043120466561641
lcmnl3p,lcmnl3x,1.14381436828438,0.0163281372471725,1.14336762508635,0.99885010219384,0.00114989780616015,0.971217983229194,0.0395635006406104,0.223389533438359,1.20999498439698,1.16250614451773,1.12623524806988,1.12958496630664,1.15810332677391,1.14264215575376,0.0156249129260124,0.043120466561641
lcmnl,lcmnl3b,1.14381568771159,0.0168976784343534,1.14329758105688,0.705934676446177,0.294065323553823,0.975132182639491,0.0377449716849871,0.224545431651338,1.20961357816523,1.16314529295,1.12574317447861,1.12882078991445,1.15851613447574,1.14285304673913,0.0156262323532166,0.0419645683486624
lcmnl3,lcmnl3b,1.14381568771159,0.0168976784343534,1.14329758105688,0.705934676446177,0.294065323553823,0.975132182639491,0.0377449716849871,0.224545431651338,1.20961357816523,1.16314529295,1.12574317447861,1.12882078991445,1.15851613447574,1.14285304673913,0.0156262323532166,0.0419645683486624
lcmnl3b,lcmnl3x,1.14381568771159,0.0168976784343533,1.14329758105688,0.29406532355382,0.705934676446181,0.975132182639491,0.0377449716849871,0.224545431651338,1.20961357816523,1.16314529295,1.12574317447861,1.12882078991445,1.15851613447574,1.14285304673913,0.0156262323532166,0.0419645683486625
lcmnl3b,lcmnl3p,1.14382891733619,0.0165746762935106,1.14317304231431,0.26828857109062,0.73171142890938,0.974117001593309,0.0377931687185771,0.22445658257462,1.20941265914756,1.16278502055472,1.12578755672758,1.12957846230661,1.15830891005524,1.14268463703681,0.0156394619778197,0.0420534174253801
hbmnl_nod,lcmnl4,1.14383006860688,0.0162841097740127,1.14317914868223,0.276918651096153,0.723081348903847,0.976503088834393,0.0153917436824118,0.243333179533643,1.21418186159348,1.15929648109149,1.12365506355984,1.12940825773176,1.15682115590291,1.14996938474841,0.015640613248513,0.0231768204663566
lcmnl2,lcmnl5,1.14387796385304,0.0141957468167959,1.14331532771768,0.439120054318612,0.560879945681388,0.949700516081491,0.0445595801003107,0.226953727239086,1.21059916428036,1.15550076346421,1.12831481726367,1.13006860165735,1.15909912981164,1.14640650706831,0.0156885084946661,0.0395562727609137
lcmnl,lcmnl4,1.14391271241369,0.0163189609696294,1.14305353452396,0.702667910312244,0.297332089687756,0.971900619773139,0.037442080696873,0.223530923271816,1.21055822252918,1.16209902526982,1.12586535488927,1.12867108569156,1.1570511910683,1.1458769051495,0.015723257055319,0.0429790767281842
lcmnl3,lcmnl4,1.14391271241369,0.0163189609696294,1.14305353452396,0.702667910312244,0.297332089687756,0.971900619773139,0.037442080696873,0.223530923271816,1.21055822252918,1.16209902526982,1.12586535488927,1.12867108569156,1.1570511910683,1.1458769051495,0.015723257055319,0.0429790767281842
lcmnl3x,lcmnl4,1.14391271241369,0.0163189609696294,1.14305353452396,0.702667910312244,0.297332089687756,0.971900619773139,0.037442080696873,0.223530923271816,1.21055822252918,1.16209902526982,1.12586535488927,1.12867108569156,1.1570511910683,1.1458769051495,0.015723257055319,0.0429790767281842
lcmnl2,lcmnl3b,1.14393398760195,0.0159373536623952,1.14320367291454,0.374900286034486,0.625099713965515,0.950603970288089,0.0484944943004683,0.227370568045258,1.20822736611009,1.1610017406234,1.12707920915888,1.12990125072285,1.15945184755493,1.14223588994971,0.0157445322435812,0.0391394319547418
glmnet_pw,lcmnl4,1.1439392852913,0.0155900291559821,1.14346425307653,0.262147308777171,0.737852691222829,0.937817619852989,0.0318596625978702,0.23822047227308,1.21307199865919,1.16139512472191,1.12584713395777,1.12949553632471,1.15446576546707,1.14849286598503,0.0157498299329275,0.02828952772692
lcmnl3b,lcmnl4,1.14405291198051,0.0166231139384671,1.14326651287276,0.576535516987684,0.423464483012316,0.978187087100856,0.0342365335209361,0.226409498428028,1.2109858370287,1.16235042543679,1.12565310590323,1.12830615295896,1.15738128675479,1.14657358884879,0.0158634566221396,0.0401005015719716
lcmnl2,xgb_wide,1.14407355202879,0.0138346040360021,1.14350208482356,0.721614686611158,0.278385313388842,0.910615558537873,0.0393895081260016,0.239535430369025,1.2061063707017,1.15497331406814,1.12848432910772,1.13278216927448,1.16068277264277,1.14344517505085,0.0158840966704199,0.0269745696309746
hbmnl_nod,lcmnl5,1.14408410996564,0.0154737420250029,1.1435689927939,0.263981014390174,0.736018985609826,0.981405627348414,0.0126163001405139,0.244213120869343,1.21697791489082,1.1552649360117,1.12461811149948,1.1307400894913,1.15947237707309,1.15032503575263,0.0158946546072678,0.022296879130657
glmnet_pw,lcmnl5,1.14413881907093,0.0149620815951518,1.14370859901868,0.25294304859624,0.74705695140376,0.944637160300016,0.0276933486384182,0.239772235735763,1.21565264425621,1.1569388902825,1.1263478305286,1.13025365738519,1.15827491944232,1.14887879771602,0.0159493637125563,0.0267377642642375
lcmnl3b,mnl_pw,1.14413908773659,0.0169745303057258,1.14330054266548,0.747122742784548,0.252877257215452,0.950117354084263,0.0456968074632741,0.225936934267637,1.20701589672568,1.16269236108262,1.12402322833998,1.13236997527957,1.16019343699595,1.14141643698481,0.0159496323782138,0.0405730657323632
lcmnl3b,nlogit,1.14416261328241,0.0170270793125597,1.14334123950827,0.751749528176375,0.248250471823625,0.955078630728853,0.0426635744323164,0.225693800902646,1.20706755004046,1.16288820990622,1.12409801899713,1.1321835957854,1.16015618520177,1.14148705652151,0.0159731579240345,0.0408161990973545
lcmnl3b,mixl,1.14417514064349,0.0172637348552904,1.14347464875641,0.844083784781607,0.155916215218393,0.982752131183241,0.0156211966109376,0.240322435737995,1.21047611407568,1.16284983708109,1.12415951301887,1.12948434973861,1.1592070238653,1.14517497951359,0.0159856852851199,0.0261875642620052
lcmnl1,lcmnl3b,1.14420453262668,0.0170225143635313,1.14340036869828,0.247221845556925,0.752778154443075,0.948431455993629,0.0464733981464904,0.225854453205188,1.20724709818135,1.1629630400455,1.12429367962555,1.13203004426207,1.16018781802055,1.14154808117974,0.0160150772683092,0.0406555467948122
mixl,xgb_lw,1.14426211084977,0.00959302772870853,1.14383682389957,0.134419892529403,0.865580107470597,0.994868057586834,2.16720188985763e-06,0.282740501619184,1.2250022878204,1.15142162465211,1.13500195622101,1.13569163409674,1.15669366059951,1.14250167867947,0.0160726554913972,0.016230501619184
glmnet,lcmnl4,1.14429537856555,0.0152394499740706,1.14375452364616,0.212272977746513,0.787727022253487,0.928021181772787,0.0379014856725031,0.234900820387014,1.21242175457085,1.16162677283926,1.12764619748278,1.12941802748775,1.15522076274392,1.14756513227405,0.0161059232071787,0.0316091796129859
lcmnl3b,mnl_lr,1.1443460173579,0.0168756396115599,1.14383721996907,0.836012189342627,0.163987810657373,0.964692524488921,0.0386876492114395,0.235735108088517,1.21000128535786,1.16387642230804,1.12606778654953,1.12992746728212,1.15896186043673,1.14289655021306,0.0161565619995256,0.0307748919114832
lcmnl3b,mnl,1.14445805858472,0.0168703344201479,1.14386476275616,0.857342518869817,0.142657481130183,0.947849055170207,0.0444386543754919,0.226676121778349,1.20871926640038,1.16320014305425,1.12555698541875,1.13069976630306,1.15989551017212,1.14293788797545,0.0162686032263526,0.0398338782216513
lcmnl4,mixl2,1.14447436509013,0.0161926941650392,1.14367637219463,0.760179385179284,0.239820614820716,0.948348945854642,0.0250918353838969,0.238122015136685,1.21492431527392,1.16018947290953,1.12393390472405,1.13082572579823,1.15710316802912,1.15031955398971,0.0162849097317563,0.0283879848633154
hbmnl,lcmnl3b,1.14448643028838,0.0169671470267461,1.14379617983035,0.08421561082005,0.91578438917995,0.981904154013321,0.0320308510988898,0.232523901886161,1.20959431550295,1.16281084754015,1.12523499847832,1.1293938498308,1.15916836094284,1.14582409464978,0.0162969749300057,0.0339860981138392
glmnet,lcmnl5,1.14448966791659,0.0146486283972522,1.14407646984036,0.197661732289609,0.802338267710391,0.935110738606989,0.0347000222118905,0.236545593652581,1.21532547245889,1.15664447398533,1.12787119731024,1.13019954131253,1.15907983119431,1.14865329578056,0.0163002125582234,0.0299644063474191
lcmnl5,mnl_pw,1.14458030629231,0.0152467658506654,1.14368242175288,0.701778744010116,0.298221255989884,0.946652947958095,0.0417702461063691,0.225122999425045,1.20984997539596,1.15762722515091,1.1249707724764,1.1332810357245,1.16014082576907,1.14688167234068,0.0163908509339403,0.0413870005749553
glmnet,xgb_lw,1.14460576954327,0.00895495184608167,1.14411039097592,0.125346299494468,0.874653700505532,0.97972081801114,0.0106305115097062,0.277260102301658,1.22268817759898,1.15101969048461,1.13707529462171,1.13586828603431,1.15653363003682,1.1425319465389,0.016416314184899,0.0107501023016576
lcmnl5,mixl2,1.14462674750927,0.0154522542042651,1.14394192142817,0.770640595326267,0.229359404673733,0.95439056840976,0.0215573679388582,0.239512516631978,1.21742402523918,1.15577595275899,1.12476139085342,1.13190300895801,1.16005962701941,1.15063375795652,0.0164372921508988,0.0269974833680219
lcmnl5,nlogit,1.14463552285744,0.0153236317469325,1.14374659477289,0.706583070475217,0.293416929524783,0.952156041327686,0.0385305683121183,0.22483857015773,1.20997151535621,1.15792443904711,1.1250170640073,1.13312987642736,1.16012383478326,1.14698240002216,0.0164460674990696,0.04167142984227
lcmnl4,lcmnl5,1.14468149659922,0.0156771545965131,1.14403003393147,0.500074945879262,0.499925054120738,0.975775288297383,0.0330719598070629,0.225870173414404,1.21378508434463,1.15940944438776,1.12701480137737,1.12887396667718,1.15782814023052,1.15028113032326,0.0164920412408458,0.0406398265855962
lcmnl1,lcmnl5,1.14468164370394,0.0153282120597282,1.14379274672263,0.293745399835831,0.706254600164169,0.943804853545154,0.0431127283891153,0.224978013787909,1.21011406771466,1.157937578238,1.12524410361553,1.1329262537584,1.16025398420561,1.14704629870215,0.0164921883455658,0.0415319862120915
hbmnl_nod,xgb_de,1.14480062196065,0.0107738289306156,1.14439204260263,0.363424240253201,0.636575759746799,0.963079845053653,5.40160814118298e-05,0.294492521206389,1.23487157871601,1.14980889694709,1.12947899728266,1.14134932547836,1.15867659819301,1.14468929190212,0.0166111666022768,0.0279825212063887
lcmnl2,lcmnl4,1.14486098647993,0.014643366884679,1.1439506204036,0.423425771408019,0.576574228591981,0.950645585653458,0.0465756506942787,0.225710907301185,1.21100066358435,1.15972027817879,1.1285032562959,1.13084335124382,1.15774105998809,1.14749698669303,0.0166715311215551,0.0407990926988146
xgb_de,xgb_lw,1.14497062605774,0.0089282290976813,1.14447464831143,0.159967515172867,0.840032484827134,1.00568351431139,0.00551062040048879,0.277905720440598,1.22204497961016,1.15026864725237,1.13652363255651,1.13704326169552,1.15740975985946,1.14360782892481,0.0167811706993644,0.0113957204405982
lcmnl4,mnl_pw,1.14498928584239,0.0155930254342973,1.14391267612766,0.711590590075964,0.288409409924036,0.95024710979499,0.0417540074504227,0.223380204891928,1.2096251152797,1.16162152347889,1.12506940781076,1.13335338517171,1.15756899911615,1.14733311363443,0.0167998304840158,0.0431297951080721
lcmnl4,nlogit,1.14502177310898,0.0156783530930591,1.14395994527471,0.71533508952436,0.28466491047564,0.954590749596703,0.0389559314641482,0.223068591226864,1.20971866269465,1.16188018441225,1.12512334024359,1.13314607696323,1.15752036030103,1.14743890362479,0.0168323177506076,0.043441408773136
lcmnl5,mnl,1.14505065947514,0.0148256859239823,1.14451178424237,0.819761844899646,0.180238155100354,0.936602228186251,0.0436234851412812,0.225552219408505,1.21307918814255,1.15690843447995,1.12707114225965,1.13194879718861,1.16008932567965,1.14923559776784,0.0168612041167704,0.0409577805914947
lcmnl1,lcmnl4,1.14508453439143,0.015663718731417,1.14403868701076,0.282509420167406,0.717490579832595,0.946764874373478,0.0433979157211354,0.223232111290082,1.2099091267594,1.16197197168904,1.12538896022751,1.13295760109524,1.15753787363605,1.1475662653093,0.0168950790330573,0.0432778887099185
lcmnl4,mnl_lr,1.14512534520001,0.0154293404252938,1.14450268641782,0.796150757446083,0.203849242553917,0.961388560335582,0.0352903336385337,0.235231853163997,1.21355726331948,1.16283172524124,1.12760522667684,1.1306711026589,1.15550548480958,1.14901318661352,0.0169358898416436,0.0312781468360031
xgb_lw,xgb_wide,1.14512956068183,0.00899444104684379,1.14468037079609,0.999990844682119,9.15531788092672e-06,1.01854691036607,0.0022545980573553,0.27629729250269,1.2216514699271,1.15060825440056,1.1369141997648,1.13680208401979,1.15757311334632,1.14375015187767,0.0169401053234557,0.00978729250269039
lcmnl5,mnl_lr,1.14513332348185,0.0149014123105396,1.14459159806603,0.803830663911663,0.196169336088337,0.965031503984168,0.0324481799078693,0.236909410943065,1.21617714998825,1.15807717889019,1.12779388972281,1.13107750880104,1.15946862471498,1.14924941528024,0.0169438681234795,0.0296005890569354
xgb_long,xgb_lw,1.14518848890803,0.00930782276108479,1.14451701702698,0.118160728070528,0.881839271929472,1.00509404105126,0.00389216355499085,0.277685250056096,1.22161068450745,1.15091550196524,1.13663438997335,1.1366351474126,1.15804299797968,1.14371440720929,0.0169990335496617,0.0111752500560963
glmnet_pw,lcmnl2,1.14520877051241,0.0136622846407142,1.14471463240348,0.269843527428099,0.730156472571902,0.875299281655817,0.0689484590942594,0.240994851448534,1.20798219116041,1.15824659331299,1.13006596945674,1.13396843653224,1.1600038970643,1.14375895619579,0.017019315154041,0.0255151485514658
hbmnl_nod,lcmnl2,1.14528058507634,0.0140797662347407,1.14464367615823,0.276807287147378,0.723192712852622,0.923654049355689,0.0491516253154135,0.245970524638616,1.20831950715999,1.15636694015304,1.12850358367789,1.13438586767151,1.16170813669233,1.14543839718693,0.0170911297179703,0.0205394753613837
xgb_2stage,xgb_lw,1.14534149380626,0.00887059950535538,1.14457040021832,0.061812844094573,0.938187155905427,1.01158433429485,0.0048242447095242,0.275994607350631,1.22213426109498,1.15068888769458,1.13690796422723,1.13737070725855,1.15759192996626,1.14414797988466,0.0171520384478876,0.00948460735063128
lcmnl4,mnl,1.14538572384547,0.0153714739609129,1.14471604657149,0.835819257419944,0.164180742580056,0.938786887599409,0.0453595429885828,0.223573903036892,1.21225098638541,1.1619326749497,1.12705202744774,1.1316182948544,1.15667668083542,1.1496489411401,0.0171962684870983,0.0429360969631083
lcmnl4,mixl,1.14541220670264,0.0161171032847895,1.14475313599792,0.852325635405828,0.147674364594172,0.973648142498295,0.0199963627825922,0.236991736223936,1.21493610456242,1.16215510312894,1.12637625360951,1.13017121814245,1.15645330923569,1.15190514939662,0.0172227513442698,0.0295182637760639
mixl2,xgb_de,1.14551817813279,0.0112349807306016,1.14496371110529,0.333158509170007,0.666841490829993,0.931451827486429,0.00628899603609577,0.292171132059375,1.2343041757909,1.15062871513282,1.12896519463193,1.14305634467944,1.15961367839708,1.14532695782267,0.0173287227744172,0.0256611320593748
lcmnl5,mixl,1.14562842394716,0.0153156713212293,1.14501468008694,0.866420742237048,0.133579257762952,0.978335281448099,0.0175128256024004,0.238060332398469,1.21752091110406,1.15740790486193,1.12722515245742,1.131242268913,1.16020600132479,1.15206079217864,0.0174389685887846,0.0284496676015308
hbmnl,lcmnl5,1.14564809928659,0.0150939819507333,1.1451249259928,0.0777391349830605,0.922260865016939,0.976583613589791,0.0313493786512289,0.231482349187703,1.21681507626645,1.15641909347547,1.12778159497047,1.13108235424153,1.16030762721646,1.152649826529,0.0174586439282163,0.0350276508122966
hbmnl,lcmnl4,1.14566055733598,0.0158692858856211,1.14499732171287,0.08100600539746,0.91899399460254,0.971115103093774,0.0361955209451537,0.229371484082462,1.21421252269716,1.16171671989075,1.12719125950289,1.13010315325235,1.15621405138626,1.15307760264764,0.0174711019776066,0.037138515917538
glmnet,lcmnl2,1.14574147034285,0.0136022470372803,1.14527013984915,0.205477619790161,0.794522380209839,0.860260927384162,0.0792049946809102,0.236854057793927,1.2070402085243,1.15839443648973,1.1317854898591,1.13408193913606,1.16131282267506,1.14313266355429,0.0175520149844768,0.0296559422060731
lcmnl1,xgb_long,1.14613162349754,0.0154831917941202,1.1454481775233,0.489368505941809,0.510631494058191,0.868754514558156,0.061756640029002,0.253621566150214,1.20466136999716,1.1590355887866,1.12399877755659,1.13925218167751,1.16210651628816,1.14626505317883,0.0179421681391678,0.0128884338497857
mnl_pw,xgb_long,1.14615773390017,0.0154340938730869,1.14549056398102,0.487094207539653,0.512905792460348,0.876099016555174,0.0585692899845875,0.254091894849673,1.20486600884906,1.15849639921965,1.12369134776003,1.13985023104324,1.16215419416635,1.14659649731157,0.0179682785417963,0.0124181051503269
nlogit,xgb_long,1.14626336590925,0.0154546745531199,1.14559298417455,0.482050701659473,0.517949298340528,0.88771322620701,0.0510125081281159,0.253716494132887,1.20502702940465,1.15883610042805,1.12386158297304,1.13972530659912,1.16215363771728,1.14674020182879,0.0180739105508829,0.0127935058671129
mnl_lr,xgb_de,1.14637011652405,0.0101820813912242,1.14578303081064,0.328453131057408,0.671546868942592,0.89822016311978,0.0527758654859866,0.285834218239869,1.22879747759882,1.15424525297602,1.13296949220243,1.14178212718661,1.15853015586436,1.14432355439082,0.0181806611656767,0.0193242182398687
lcmnl2,mixl2,1.14638485770161,0.0139115292382898,1.14560330503806,0.785123771489264,0.214876228510736,0.88861526506828,0.0655428503829489,0.239064173394578,1.20969162047681,1.15763867647384,1.12991426882359,1.13618345346684,1.16284794823278,1.145339941511,0.01819540234324,0.027445826605422
lcmnl2,mixl,1.14672585557219,0.0137089121984115,1.14605637648428,0.849133384422111,0.15086661557789,0.917014871951511,0.0537149070687666,0.240012791713583,1.20934507684509,1.15829581523811,1.13123272941561,1.13556678897408,1.16262084921249,1.14591309502064,0.0185364002138142,0.0264972082864167
lcmnl2,mnl_lr,1.14694054023969,0.0136206620349427,1.1464219262323,0.83641095575074,0.16358904424926,0.896055093046002,0.0757670555960918,0.235496215414107,1.20929726961017,1.15991480162478,1.13265891479201,1.13579641502476,1.16233367637615,1.14399889338077,0.0187510848813228,0.0310137845858934
hbmnl,lcmnl2,1.14716614563828,0.0133188676737405,1.14652087009136,0.0721066317854934,0.927893368214507,0.913029896394831,0.0695717202995767,0.231423565695516,1.2091749756854,1.15804982757949,1.13248253503574,1.13588431858137,1.16290753238416,1.14650651461066,0.0189766902799131,0.0350864343044844
lcmnl2,mnl,1.14723797102344,0.0135992316998571,1.14666680757105,0.881672489868074,0.118327510131926,0.88283992327578,0.0813744339149499,0.226086540622475,1.20939182882653,1.15906056598933,1.13279015321834,1.13669263584324,1.16365450953829,1.14399199052802,0.0190485156650724,0.0404234593775254
lcmnl2,mnl_pw,1.14746644251101,0.0138876774294148,1.14642783615143,0.778227463052489,0.221772536947511,0.890001982383179,0.0803446569709723,0.225471900134276,1.20850540869323,1.16007413543908,1.13210673880447,1.1381480998945,1.16391597694084,1.14308726147616,0.0192769871526395,0.0410380998657239
lcmnl1,lcmnl2,1.14750932996339,0.0139322953219859,1.14649585683218,0.213823301070788,0.786176698929212,0.889003161292696,0.0806571082948782,0.225437548660983,1.20871863361083,1.1603829789645,1.1323168916271,1.13780361889504,1.16385113141946,1.14319202891085,0.0193198746050198,0.041072451339017
lcmnl2,nlogit,1.14753537892923,0.0139029867464582,1.14648918478471,0.789933091675736,0.210066908324264,0.89455526527312,0.0779986801833934,0.225358387731584,1.20857674630997,1.16030136549549,1.13230392859425,1.13796356069181,1.16390140815722,1.1432066317074,0.0193459235708606,0.0411516122684161
glmnet_pw,xgb_de,1.14807320767482,0.00926859677446688,1.14752641342316,0.296271527986722,0.703728472013278,0.912844496276258,0.0324818351662385,0.286750980198304,1.23108790687979,1.15451523490208,1.13534580438215,1.14403731703207,1.15917473106276,1.14729295099505,0.0198837523164523,0.0202409801983044
mnl,xgb_de,1.14812318513431,0.00984053327782728,1.14751134279682,0.251196960687966,0.748803039312034,0.886475288555736,0.0556838066637623,0.268692620921835,1.21724521922385,1.15452394752206,1.13534712464219,1.14415111684812,1.16084125623866,1.1457524804205,0.0199337297759343,0.00218262092183541
lcmnl1,xgb_2stage,1.14880450548583,0.0165432327168576,1.14819135155806,0.64921028034773,0.350789719652271,0.855336837850404,0.0883963108249093,0.237170995612674,1.2087342901666,1.16358738120361,1.12408052707493,1.14566586537924,1.16455075441364,1.14613799935774,0.0206150501274613,0.0293390043873256
mnl_pw,xgb_2stage,1.14883163394332,0.0165359957405088,1.14824150726729,0.648217295335043,0.351782704664957,0.862044842991785,0.0865123868027349,0.237656617272657,1.20892302422404,1.16297190617311,1.12365571085632,1.14639075297733,1.16460361070994,1.1465361889999,0.0206421785849471,0.0288533827273434
nlogit,xgb_2stage,1.14886299983699,0.0165257886942372,1.14825573582317,0.641828270671504,0.358171729328497,0.875646275471901,0.078015860145807,0.237264042733718,1.2090157665877,1.16320303999146,1.12375193858291,1.14622101325966,1.16449335201524,1.14664565533566,0.0206735444786146,0.0292459572662816
hbmnl,xgb_de,1.14895211972767,0.0093687235564113,1.14835784695807,0.127248376674268,0.872751623325733,0.948183887514416,0.0296078843668738,0.287461404985326,1.23077218135342,1.15273616260759,1.13562675258922,1.14520174780934,1.16092749177511,1.1502684438571,0.020762664369302,0.020951404985326
hbmnl_nod,xgb_long,1.14926356092993,0.0140577644380404,1.14903043745383,0.38521217928674,0.61478782071326,0.955970493243262,1.95434782639204e-06,0.29593079195985,1.237652757696,1.15632346060632,1.12772295784979,1.14367847489697,1.1639939049897,1.15459900630685,0.0210741055715542,0.02942079195985
mixl2,xgb_long,1.14993451965037,0.0146305820065548,1.14960193394958,0.345044816176287,0.654955183823713,0.92953622345953,7.77223756622573e-06,0.293500410659928,1.23656468967765,1.15710114022541,1.12690450528935,1.14552781413811,1.16505034189089,1.15508879670809,0.0217450642919983,0.0269904106599282
lcmnl1,xgb_wide,1.14993586916919,0.0160884920327213,1.14911131673931,0.659890357772985,0.340109642227015,0.854722433165853,0.0678404881256362,0.237780776921681,1.20757402380352,1.16434993570614,1.12750025755716,1.14358535607414,1.16662529965631,1.14761849685221,0.0217464138108225,0.0287292230783194
mnl_pw,xgb_wide,1.14996002804282,0.0160290237804732,1.14914201921863,0.657325094428911,0.342674905571089,0.862968442711654,0.0645215764980456,0.238378232524747,1.20779828296414,1.16369400566421,1.12702835819857,1.1443825938539,1.16664745248143,1.14804773001599,0.0217705726844468,0.0281317674752534
mixl,xgb_de,1.15017285224596,0.00933120969620921,1.14961093683546,0.138832046175536,0.861167953824464,0.960980913551601,0.0133512385993321,0.291991379785018,1.23332686510368,1.15485354839996,1.13738891580731,1.14657341924282,1.16240837839364,1.14963999938607,0.0219833968875895,0.025481379785018
nlogit,xgb_wide,1.15018713464455,0.0160491403564157,1.14935435344695,0.651846981459137,0.348153018540863,0.879984375181695,0.0527588428970529,0.237867453162708,1.2080321443232,1.16428637183107,1.12736350310836,1.1442629612838,1.166682211295,1.14834062570455,0.0219976792861836,0.0286425468372921
xgb_de,xgb_long,1.15034275162825,0.00992875843205798,1.14965063041441,0.722304882077043,0.277695117922957,0.930571075949312,0.038615998460283,0.286591591435783,1.22870458965336,1.15465747426699,1.1370274245668,1.14583923583074,1.16368813881225,1.15050148466446,0.0221532962698763,0.0200815914357826
glmnet,xgb_de,1.15041333712978,0.00862912965787895,1.14981881125168,0.131017920320089,0.868982079679912,0.908769225219457,0.0488323323241595,0.285646490941341,1.23091700261524,1.15473673293149,1.13939980489674,1.14634958204486,1.16225250674435,1.14932805903145,0.0222238817714049,0.0191364909413406
xgb_2stage,xgb_de,1.15073105649495,0.00926106452696959,1.14989672242449,0.130660021279744,0.869339978720256,0.934589970668949,0.0440261609412711,0.2839616885827,1.23047165368165,1.15437067322638,1.13762099109633,1.1478705310157,1.1629685931507,1.15082449398566,0.0225416011365827,0.0174516885827004
mnl_lr,xgb_long,1.15084224123938,0.0131883479221223,1.15039474760563,0.351268809191601,0.648731190808399,0.896071148163715,0.0494466735159284,0.286803876868756,1.23093688130401,1.1608178144774,1.13199032176587,1.14342609984631,1.16414122338738,1.15383574671996,0.0226527858810135,0.0202938768687562
xgb_de,xgb_wide,1.15095922200944,0.00896174503675782,1.1503793998505,0.999992981258831,7.01874116881829e-06,0.93263545326574,0.0465285076402865,0.28581991816926,1.23008645786833,1.15475044076497,1.13899762325084,1.14719868232576,1.16318899470033,1.15066036900532,0.0227697666510727,0.0193099181692602
hbmnl_nod,lcmnl1,1.15162679947928,0.0164164817401759,1.15089308833388,0.3695313098317,0.6304686901683,0.88479118005896,0.0710716424426492,0.249334004433405,1.21340983127965,1.16588493058196,1.12742493736308,1.14613197166798,1.16770105873906,1.15099109904433,0.0234373441209081,0.0171759955665954
hbmnl_nod,mnl_pw,1.15189284271144,0.0163868769151671,1.15117696069765,0.365431792180967,0.634568207819033,0.891779507630507,0.0693254379392936,0.249418893972872,1.21366161302577,1.16553784656797,1.12726029128192,1.14713429304512,1.1679682274586,1.15156355520359,0.023703387353067,0.0170911060271282
glmnet_pw,mnl_pw,1.15193103289784,0.0158818582096213,1.15128607777881,0.346518582371041,0.653481417628959,0.821894138536899,0.099919431939887,0.241497353138183,1.21099104355185,1.16789498484839,1.12941084435554,1.14682019052287,1.1665037357082,1.14902540905419,0.0237415775394658,0.0250126468618166
glmnet_pw,lcmnl1,1.15194394926453,0.0159840653715142,1.1513096232324,0.343882622070821,0.656117377929179,0.818160341204876,0.0999672850121675,0.240975659126606,1.21083535326472,1.16856203108254,1.12985740687835,1.14607347001376,1.16653634135719,1.14869049699082,0.023754493906162,0.025534340873394
hbmnl_nod,nlogit,1.15204037467379,0.0164360855960972,1.1513153132998,0.373523017339128,0.626476982660872,0.908383302938743,0.0587104337257744,0.249270099076665,1.21396470850638,1.16600717112582,1.12739474185112,1.14703068843808,1.16794500791508,1.15182426403884,0.0238509193154168,0.0172399009233347
glmnet_pw,nlogit,1.15215121636081,0.015935263912811,1.15147097278676,0.353638000860429,0.646361999139571,0.833707126589603,0.0927197407878344,0.241151379103683,1.21121207748861,1.16850050784064,1.12969195598004,1.14675202430569,1.16652644551907,1.1492851481586,0.0239617610024356,0.0253586208963169
glmnet_pw,xgb_long,1.15220639271631,0.0127450838428882,1.15180634612263,0.327510447169428,0.672489552830572,0.908212947978809,0.0264542451008545,0.287894912194592,1.23296464030049,1.16109485250666,1.13348410277473,1.14543097377733,1.16477598567156,1.15624604885124,0.0240169373579342,0.021384912194592
glmnet,mnl_pw,1.15270605007595,0.0160255960567816,1.15211734613879,0.260533511046719,0.739466488953281,0.815976181161048,0.0999998040791081,0.236122451566914,1.20825501789076,1.16839207548846,1.13045065387188,1.14722448598838,1.16830399895666,1.14915903607438,0.0245165947175805,0.0303875484330859
glmnet,lcmnl1,1.15273572260487,0.016147809335088,1.15215355869803,0.258013559932413,0.741986440067587,0.811468580427446,0.0999991571091766,0.235478327470147,1.20812027157089,1.16916201903096,1.130990208206,1.146420541104,1.16837013252574,1.14873571215766,0.0245462672465011,0.0310316725298527
mnl,xgb_long,1.15293971187088,0.0134826972885881,1.15250251092197,0.247851810184429,0.752148189815572,0.886949135904868,0.0490798758589936,0.269937309029579,1.21885323421812,1.16226533732653,1.1335138065868,1.14558420276871,1.16697531868288,1.1563598939895,0.0247502565125117,0.00342730902957894
glmnet,nlogit,1.15305279120966,0.0160992183033407,1.15241478827505,0.262661566345231,0.737338433654769,0.8192914288909,0.0999940630990152,0.23519100775791,1.20850028970919,1.16919962098094,1.13088657616789,1.14723247624244,1.16847823972621,1.1494670429308,0.0248633358512873,0.0313189922420896
hbmnl,xgb_long,1.15348288877299,0.0137511782896687,1.15311737481806,0.122903328519693,0.877096671480307,0.94942067329796,0.0175743669413273,0.288958430079856,1.2320921895589,1.15999074428407,1.13295164303673,1.1466452627031,1.16766514663751,1.16016164720354,0.0252934334146182,0.0224484300798563
lcmnl1,mixl2,1.1535277194063,0.0173344849728197,1.15289919930117,0.732015378342871,0.267984621657129,0.826945767880907,0.0999987264774132,0.237578754440132,1.2140861267096,1.16872213526193,1.12791242479613,1.14972254407475,1.17062208451591,1.15065940838278,0.0253382640479287,0.0289312455598678
mixl2,mnl_pw,1.15373100425804,0.0173404768907702,1.15312982579257,0.257548737658841,0.742451262341159,0.833238993763273,0.099996585989677,0.237414342008173,1.21412751611671,1.16830683942799,1.12762674023783,1.15070532166663,1.17085222447331,1.15116389548442,0.0255415488996651,0.0290956579918275
mixl2,nlogit,1.15392886201228,0.0174138108997863,1.15325227020669,0.270160197692122,0.729839802307879,0.842729791138522,0.0940626168583938,0.237288417296396,1.21440665698026,1.16887571743702,1.12773303464808,1.15067241922426,1.17086468442209,1.15149845432996,0.0257394066539112,0.0292215827036038
lcmnl1,mixl,1.15430095513144,0.017261165471327,1.15364170676124,0.834638619215061,0.165361380784939,0.838951176475388,0.0999927429097916,0.236104189820346,1.21121585016955,1.17023836025485,1.12963182611004,1.149410674936,1.17142045335415,1.15080346100216,0.02611149977307,0.0304058101796538
mixl,mnl_pw,1.15430864595818,0.0172175838454698,1.15364211166879,0.166773985506767,0.833226014493233,0.844880869111588,0.0994786178499764,0.236744259105835,1.21139533714412,1.16948913460243,1.12899010375426,1.15033824771104,1.17133825883803,1.15138748488513,0.0261191905998059,0.0297657408941646
xgb_2stage,xgb_long,1.15450694240923,0.0137065238679635,1.15403320262063,0.186554410980175,0.813445589019825,0.934877246599134,0.0335826298759439,0.284609008702183,1.23179107229657,1.16133850663278,1.13349198173336,1.14934721153576,1.16915219857195,1.15920481357232,0.0263174870508618,0.018099008702183
hbmnl,lcmnl1,1.15457199522806,0.0170724819859388,1.15391417796029,0.0919827804827587,0.908017219517241,0.854242269336301,0.0999816285361885,0.227366546955833,1.2100067686998,1.17023930610247,1.13011119618371,1.14975566328575,1.17153250939214,1.15122130117625,0.0263825398696913,0.0391434530441666
hbmnl,mnl_pw,1.15463813618987,0.0170617778637613,1.15399101806389,0.0881761076598449,0.911823892340155,0.860247223402724,0.0999996574447181,0.227770416614161,1.21025946639635,1.16952757133395,1.12953289330459,1.15079544188682,1.1716388845138,1.15169588991018,0.0264486808314972,0.0387395833858386
mixl,nlogit,1.15469739360733,0.017292601814505,1.15393838863724,0.171313722949247,0.828686277050753,0.864124246565071,0.0879786005800366,0.236231176332503,1.21150390256736,1.1704277179369,1.12941634563566,1.15032680824692,1.17149568963074,1.15182040658643,0.026507938248957,0.0302788236674968
mnl_lr,mnl_pw,1.15478929349924,0.016452053082911,1.15405913933031,0.211987013209867,0.788012986790133,0.85384909855556,0.0999994096401653,0.234240239152225,1.21183057764259,1.17038806947307,1.13170465101357,1.1503230682131,1.17113559143274,1.15039508736371,0.0265998381408681,0.0322697608477746
mixl,xgb_long,1.15482508985702,0.0136973382490425,1.1545019883036,0.119215763815867,0.880784236184133,0.961611863604589,0.00304163392036802,0.292758992428737,1.23403170388379,1.1626157378282,1.13461413548822,1.1478172109859,1.16920039855783,1.15987796642492,0.0266356344986438,0.0262489924287372
hbmnl_nod,xgb_2stage,1.15495394865737,0.0142209381258985,1.15468049931074,0.577919137954995,0.422080862045005,0.989596100615185,0.00500766881114707,0.290764478777785,1.25196350592675,1.16173738697837,1.13082335477611,1.1555348374049,1.16779513349067,1.15887903063679,0.0267644932989968,0.0242544787777853
hbmnl_nod,xgb_wide,1.15496300863422,0.0141691208913651,1.15459072886558,0.577625866460921,0.422374133539079,0.942205822094196,6.94882860110928e-07,0.293232125574295,1.25381255392031,1.16191634234047,1.13282343244676,1.15068452066585,1.17002467676432,1.15936607095368,0.0267735532758453,0.0267221255742952
hbmnl,nlogit,1.15501475916141,0.0171435163710895,1.15428102365331,0.0900690521192506,0.909930947880749,0.864380860874699,0.0999371224707169,0.226732901474625,1.21033480392766,1.17046903512704,1.12993583452346,1.1507795813867,1.17178919833316,1.15210014643667,0.0268253038030362,0.039777098525375
mnl_lr,nlogit,1.15505626940948,0.0164962023831339,1.15429429139058,0.222672724906154,0.777327275093846,0.857139297326264,0.0999663908774763,0.233785002079381,1.21203228928005,1.17113676116334,1.13206807558225,1.15022876355105,1.17115366165185,1.1506940850989,0.0268668140511057,0.0327249979206189
lcmnl1,mnl_lr,1.15507384793903,0.0164618449281532,1.15406884333161,0.787825722017805,0.212174277982195,0.849296302519484,0.0999840737674813,0.233797372253493,1.21171612643408,1.17114366014977,1.1322133398763,1.15085858828033,1.17117856418477,1.14997508720395,0.026884392580655,0.0327126277465071
lcmnl1,mnl,1.15517976795878,0.0175264677867327,1.15483662691776,0.999999999852175,1.47824641416605e-10,0.854386366798669,0.0999986438763733,0.221944723372242,1.21155790757239,1.17188175268581,1.13137654472505,1.15085757652136,1.17312320087059,1.14865976499111,0.0269903126004105,0.0445652766277582
mnl,mnl_pw,1.15518194621539,0.0174443956151834,1.15483195180708,2.50493189201221e-13,0.99999999999975,0.860508323791624,0.0999989306923169,0.222630770873466,1.21172354156591,1.17103217368361,1.13068519077606,1.15157437946281,1.17309481257815,1.14952317457634,0.0269924908570214,0.0438792291265343
glmnet,xgb_long,1.15525201150988,0.0129849729795605,1.15471419259158,0.100601159173937,0.899398840826063,0.914746192960911,0.0369557701257422,0.287219488652237,1.23196062609288,1.16263747031955,1.13689149444511,1.14765974784675,1.16967227228143,1.15939907265659,0.0270625561515132,0.0207094886522366
xgb_long,xgb_wide,1.155308747499,0.0135317906759643,1.15497258404976,0.964354792331861,0.0356452076681392,0.935391576676689,0.0285990933660867,0.287254250495683,1.23125898654525,1.16231568545383,1.13574100857201,1.14815354560125,1.17040538189467,1.15992811597324,0.027119292140628,0.0207442504956829
mnl_lr,xgb_2stage,1.1553229714781,0.0133446752772378,1.15482180953319,0.560383933446378,0.439616066553622,0.880075596087619,0.0846777546161537,0.277102009198309,1.24048081303038,1.16746799479594,1.13457636552357,1.15223444556899,1.16648450352292,1.15585154797907,0.0271335161197266,0.0105920091983089
mnl_pw,nlogit,1.1554725813363,0.0177487862901763,1.15514181172562,2.17225544348968e-13,0.999999999999783,0.865038134898665,0.0999989603522125,0.221432227677803,1.21177075679421,1.17202922243268,1.13060326593967,1.15189863599168,1.17333338875237,1.1494983935651,0.0272831259779285,0.0450777723221972
mnl,nlogit,1.15551381674355,0.0176170850217217,1.15514182167704,6.29666751670021e-08,0.999999937033325,0.865179350356373,0.099995866143778,0.221437690112134,1.21177088092544,1.17202589314523,1.13092334646083,1.15187424288783,1.17325145712348,1.14949414410039,0.0273243613851832,0.0450723098878656
lcmnl1,mnl_pw,1.15553301833995,0.0174645671379883,1.15483195429573,1.03814484259034e-07,0.999999896185516,0.860439283497953,0.0999988697610883,0.222627970286998,1.2117234811305,1.17187350037207,1.13136970063849,1.15189851054389,1.17330997084884,1.14921340929646,0.0273435629815799,0.0438820297130019
hbmnl_nod,mnl,1.15560881336935,0.0144409342977968,1.15512099500118,0.599480893125218,0.400519106874782,0.902000875165401,0.0441811433558243,0.269692534135204,1.22993980671072,1.16481225215032,1.13284129548377,1.15135542422079,1.16972699904012,1.15930809595176,0.0274193580109783,0.00318253413520386
lcmnl1,nlogit,1.1556264606876,0.017484745785882,1.15514181332254,3.65667067966616e-09,0.999999996343329,0.865218233728198,0.099999131415422,0.221439324389148,1.21177093761261,1.17203420533226,1.13138053586911,1.15187199240034,1.1733495532329,1.14949601660337,0.0274370053292257,0.0450706756108525
mixl2,mnl,1.15654336953679,0.0158689577171742,1.1561227438366,0.531887928544386,0.468112071455614,0.780285209328861,0.0996492441698673,0.256959944300997,1.22795514725562,1.1672722112087,1.13107678873274,1.15381330926336,1.17174353777385,1.15881100070532,0.028353914178423,0.0095500556990028
mnl_lr,xgb_wide,1.15658052033862,0.0127413828416284,1.15598946131945,0.572939367364628,0.427060632635372,0.88818541176609,0.0504172282104542,0.280110051389424,1.24197352562615,1.16877895506175,1.13875894984253,1.14952610318783,1.16805915024303,1.15777944335797,0.0283910649802521,0.0136000513894239
mixl2,xgb_wide,1.15713500841129,0.0150365672274294,1.15665239370736,0.519784179168831,0.480215820831169,0.901390410800297,8.79269719240559e-07,0.288562364614968,1.25334719062013,1.16447340785189,1.13280500013304,1.15459209539722,1.1724397248984,1.1613648137759,0.0289455530529172,0.0220523646149675
glmnet_pw,hbmnl_nod,1.15739486141671,0.0129763712756107,1.15691519477974,0.480776504022057,0.519223495977943,0.895494589909562,0.0451509019755363,0.295510786079059,1.2583255955823,1.16671831301036,1.13641021928773,1.15404917647317,1.16824987546207,1.16154672285021,0.0292054060583364,0.029000786079059
mixl2,xgb_2stage,1.15765872485311,0.0154766808490692,1.15731579032985,0.513410636390449,0.486589363609551,0.908456893286539,0.0417192394738373,0.284886295891202,1.25145731094133,1.1655808128462,1.13090604575012,1.16039939814434,1.17032381716221,1.16108355036267,0.0294692694947367,0.0183762958912015
glmnet_pw,xgb_2stage,1.15781126155054,0.0126414571191587,1.15739144460301,0.572873269722568,0.427126730277432,0.881045036965618,0.0629133500690953,0.278635967691532,1.24520444279276,1.16910225996477,1.13714165083358,1.15611386943419,1.16653408895613,1.16016443856402,0.0296218061921663,0.0121259676915317
hbmnl_nod,mnl_lr,1.15787701654108,0.0130169267547567,1.15728575233242,0.528740955301915,0.471259044698085,0.923343558469411,0.0537082071367875,0.294081807711541,1.25433104482196,1.16815317629315,1.13767567405178,1.15348670726217,1.16963510816324,1.16043441693508,0.0296875611827114,0.0275718077115409
glmnet_pw,mnl,1.15816174601605,0.013064322021647,1.15780868978081,0.593686713010546,0.406313286989454,0.791899443321739,0.0994382389961973,0.256672045077716,1.22554056098633,1.17227383467984,1.13959899756416,1.15187235569138,1.16810061086662,1.15896293127826,0.0299722906576811,0.0098379549222844
mnl,xgb_2stage,1.15816660822517,0.0144232673874529,1.15769730405526,0.478306320335563,0.521693679664437,0.851958698189265,0.092463739972163,0.245617738182309,1.22306850432085,1.1687308651523,1.13493368465968,1.15633111191961,1.17142684618052,1.15941053321373,0.0299771528667974,0.0208922618176914
glmnet,hbmnl_nod,1.15856755570013,0.012257770624029,1.15803694295526,0.358341864061768,0.641658135938232,0.91009936249755,0.0331056662638399,0.298251012004748,1.26122397991362,1.16536516277067,1.13894410906356,1.15529819048708,1.17045625725299,1.16277405892636,0.0303781003417614,0.031741012004748
glmnet_pw,mixl2,1.15887900157168,0.0137780714822909,1.15831984581608,0.565859466131837,0.434140533868163,0.813296518044702,0.0791440650452714,0.290514332964453,1.25723137703379,1.16989056975363,1.13632351858244,1.15697751060898,1.16980476479052,1.16139864412284,0.030689546213311,0.0240043329644534
glmnet,mixl2,1.15893751224513,0.0130693351984338,1.15832925384268,0.447829782076076,0.552170217923924,0.803257009003539,0.0724635233462686,0.293055927244557,1.25975526828653,1.16742832167923,1.13779011614799,1.15652105098388,1.17119029593768,1.16175777647687,0.0307480568867584,0.0265459272445569
mnl,mnl_lr,1.15897911540595,0.0136134382360221,1.15865414372897,0.39131565424109,0.60868434575891,0.827842439934473,0.0999994351668872,0.257894681800768,1.22639609897874,1.17376804601792,1.1403421138762,1.15195421743917,1.17019455261376,1.15863664708271,0.0307896600475799,0.00861531819923195
glmnet_pw,xgb_wide,1.15902777476271,0.0117998295504402,1.158523950523,0.580926890122079,0.419073109877922,0.912319005725015,0.00518974117256243,0.281943575371412,1.24709619944593,1.16971093214144,1.14140963651991,1.15334442935246,1.16853879430839,1.16213508149137,0.0308383194043416,0.0154335753714117
glmnet_pw,mnl_lr,1.16008093080108,0.0127691171415502,1.1597853386642,0.484649433916023,0.515350566083977,0.833049685036684,0.0999087223946748,0.28406506313273,1.24774681699869,1.17533701182693,1.14312526083894,1.1531123843429,1.16920194600262,1.15962805099401,0.0318914754427084,0.0175550631327299
mixl2,mnl_lr,1.16113085275377,0.0137041211641067,1.16045049274113,0.403088608370223,0.596911391629777,0.833242416626553,0.0999937110871194,0.28774622393307,1.25359444132935,1.17324912724044,1.14000650525417,1.15760310584044,1.17319119841809,1.16160432701568,0.0329413973953947,0.0212362239330695
glmnet,mnl_lr,1.16141829597503,0.0125100451684183,1.16113889781936,0.325557545880441,0.674442454119559,0.829691794636801,0.0999937996455774,0.283675464481507,1.24808734179877,1.17612668354928,1.14588524902059,1.1530310494783,1.17129763487512,1.16075086295184,0.0332288406166554,0.0171654644815065
hbmnl_nod,mixl,1.16221500641957,0.014727570407131,1.16187347447608,0.767320232336874,0.232679767663126,0.987405651648404,6.05368458372449e-07,0.310806439814889,1.27109162879312,1.16896281300904,1.13706068373142,1.16195758956732,1.17429424578692,1.16879970000316,0.0340255510612015,0.0442964398148893
mixl,mnl_lr,1.16233142074332,0.0133161125437664,1.1617622005777,0.25834123239046,0.74165876760954,0.871558833863628,0.087011832803903,0.293743750465495,1.25242673705978,1.17618383235273,1.1428240780014,1.15666529494766,1.17250091462909,1.1634829837857,0.0341419653849444,0.0272337504654953
mnl,xgb_wide,1.16236316988693,0.0129874343846477,1.16155371163841,0.488078203218354,0.511921796781646,0.864337338520052,0.0546225575299357,0.246148824535258,1.22437844404529,1.1725571901329,1.14405780977436,1.15581794918514,1.17622759016632,1.16315531017595,0.0341737145285619,0.0203611754647421
glmnet,xgb_2stage,1.16247442981855,0.0121670546403733,1.16194770202446,0.438657711648153,0.561342288351847,0.862431959032773,0.084416693941603,0.276044147655979,1.24790368058797,1.17134924723602,1.14272862236603,1.16054386096532,1.17322391753411,1.16452650099126,0.0342849744601799,0.0095341476559791
glmnet_pw,mixl,1.1625849502034,0.0124475403137739,1.16210620500917,0.712839541138299,0.287160458861701,0.895149598489955,0.0292981995715291,0.298430265802226,1.25859478923906,1.1746970868356,1.14287130644129,1.15906501310062,1.1704040143175,1.16588733032198,0.0343954948450262,0.0319202658022258
mixl,xgb_2stage,1.16288222957169,0.0147783698499255,1.16257216441781,0.382760283399146,0.617239716600854,1.00236143391318,1.95961897266559e-05,0.291668571375074,1.2540963535737,1.17146074723512,1.13713178460026,1.16492127621476,1.17347065024278,1.16742668956553,0.0346927742133178,0.0251585713750739
hbmnl,mnl_lr,1.16317017918516,0.0127209011509398,1.16271129014022,0.129744633699275,0.870255366300725,0.879011924273213,0.0999967380522203,0.283705084335164,1.24908036353117,1.17682599128977,1.14524086920446,1.15625630771073,1.17256936701309,1.16495836070777,0.0349807238267907,0.0171950843351641
hbmnl_nod,mixl2,1.16329338125098,0.0147895800855167,1.16290216459691,0.734162946098475,0.265837053901525,0.955587145352166,0.02643368865194,0.303354788502997,1.2699237783281,1.16939467456584,1.13866276138807,1.16243931554774,1.17759192693296,1.16837822782029,0.0351039258926087,0.036844788502997
xgb_2stage,xgb_wide,1.16356099229383,0.0136867684418985,1.16298419524073,0.526055379017426,0.473944620982575,0.997198668058528,0.000747665773504359,0.274479395271162,1.24620175524993,1.16913083830767,1.14097545049155,1.16153907881695,1.17646189842046,1.16969769543252,0.0353715369354592,0.00796939527116147
glmnet_pw,hbmnl,1.1637921610837,0.01200191888651,1.16336396941489,0.853534063199275,0.146465936800725,0.839551892939982,0.0881370776867146,0.28553989201838,1.25495891565286,1.17631209081382,1.14546601277285,1.15887811702179,1.1701467849563,1.16815779985373,0.0356027057253276,0.0190298920183795
hbmnl,hbmnl_nod,1.16431687028026,0.0142304815631026,1.16391689656405,4.0819317917366e-05,0.999959180682083,0.966472613033506,0.0375976130365083,0.304112397731219,1.27036495953103,1.17005923897467,1.14091635668315,1.16236933630781,1.17821137054132,1.17002804889434,0.0361274149218875,0.0376023977312186
glmnet,glmnet_pw,1.16449140493332,0.0112664501230614,1.16421879588422,0.260369847672141,0.739630152327859,0.801935934378634,0.0999522323591287,0.284398534457596,1.25415351646166,1.1780588476096,1.14934572312597,1.15806430850984,1.17172781266698,1.16526033275421,0.0363019495749501,0.0178885344575955
hbmnl,xgb_2stage,1.16455052239887,0.0142344849327271,1.16415355674751,0.222839366270017,0.777160633729984,0.964392882936798,0.0631442399151428,0.275405996108064,1.24963899628416,1.17118499011335,1.13989835901335,1.16540524377238,1.17544745030092,1.17081656879435,0.0363610670404966,0.00889599610806441
hbmnl,xgb_wide,1.16701502343017,0.0131206288333817,1.16640382626186,0.235386186126501,0.764613813873499,0.967295718907667,5.4896504990164e-07,0.279000506280243,1.2529720256728,1.17237352542602,1.14660752784104,1.16166142782542,1.17903708368986,1.17539555236853,0.0388255680718017,0.0124905062802426
glmnet,xgb_wide,1.16720458950285,0.0107401667715734,1.16647190040135,0.446210706834483,0.553789293165517,0.880620118119458,0.0373989876580617,0.278374334755859,1.25192690679517,1.17581151252568,1.1527640229178,1.15997944328757,1.17827969164395,1.16918827713926,0.0390151341444827,0.0118643347558592
mixl,xgb_wide,1.1676278648542,0.013192246379788,1.16713699095434,0.373324360992616,0.626675639007384,0.939571292406931,1.21870005309219e-07,0.293341159973225,1.25899687781653,1.17631155595011,1.14729466717744,1.16276172993203,1.18074539563613,1.17102597557531,0.0394384094958333,0.0268311599732254
mixl,mixl2,1.16770801958609,0.0165546355686504,1.16736696292363,0.326583850100909,0.673416149899091,0.910405729740224,0.0207608381550201,0.308317719823143,1.27480388254687,1.17530834851905,1.13886142019836,1.1701156350641,1.18052502761868,1.17372966653025,0.0395185642277172,0.0418077198231434
hbmnl,mnl,1.16774924854093,0.0140867567203367,1.1673158179453,0.231775539683987,0.768224460316013,0.847598172838576,0.0999981893465684,0.235749540909155,1.22356597935614,1.17840805532188,1.14535251972457,1.16384228503872,1.18009262320341,1.17105075941606,0.0395597931825582,0.0307604590908447
hbmnl,mixl2,1.17055476486703,0.0164637649930518,1.1701305164198,0.126219589929434,0.873780410070566,0.831484398197221,0.0999783107218463,0.296303357136192,1.27257472768711,1.17704444429428,1.14231352131707,1.17215452161528,1.18504267279197,1.17621866431655,0.0423653095086587,0.0297933571361915
glmnet,mnl,1.17127862942279,0.0123537817065229,1.1708308516071,0.412269656192432,0.587730343807568,0.815373208540745,0.0999988529284596,0.244459011900433,1.22926127737243,1.18352171240904,1.15435757360526,1.16473747980595,1.18274171463924,1.17103466665448,0.0430891740644226,0.0220509880995666
glmnet,hbmnl,1.17169105355281,0.0103528219262947,1.17129061701893,0.764630379261728,0.235369620738272,0.82791659811616,0.0999988124834218,0.28538540451814,1.26146055533241,1.18054999185655,1.15597983066283,1.16652936024266,1.17921287986961,1.17618320513242,0.0435015981944433,0.0188754045181396
mixl,mnl,1.17205997560876,0.0140870029315161,1.17155526407188,0.312639056163822,0.687360943836179,0.844622730085692,0.0999232756891164,0.249648925966973,1.23200904355882,1.1833623205646,1.15030134359041,1.16786715825547,1.18520327725743,1.17356577837591,0.0438705202503935,0.0168610740330275
glmnet,mixl,1.1752213412267,0.0106212752548891,1.17453704857643,0.621600529545628,0.378399470454372,0.887874533631062,0.0526725951110514,0.299748607953577,1.26806475408431,1.18457171389128,1.15888451169138,1.17099453840558,1.18367314465088,1.17798279749439,0.0470318858683312,0.0332386079535767
hbmnl,mixl,1.17927965050167,0.0152827756130618,1.17895442641779,0.267380798446779,0.732619201553221,1.01428169511972,8.82780926725702e-06,0.314454966346435,1.28178557426635,1.18566161667197,1.1525394744629,1.18089499358807,1.18831229628857,1.18898987149686,0.0510901951433034,0.0479449663464346
